efua_id,source_name,intersecting_centres,centre_area_share
1,Herat,1,0.633093525
2,Namibe,1,0.596153846
3,Shkoder,1,0.209876543
4,Madinat Zayed,0,0.0
6,Gyumri,1,0.310810811
7,Mandurah,1,0.278350515
8,Innsbruck,1,0.071022727
9,Nakhchivan,1,0.392857143
10,Rugombo,0,0.0
11,Bredene,1,0.088832487
12,Cobli,0,0.0
13,Niangoloko,1,0.846153846
14,Atwari,0,0.0
15,Sofia,1,0.148668639
16,Manama,1,0.407462687
17,Nassau,1,0.526829268
18,Banja Luka,1,0.133333333
19,Hrodna,1,0.259433962
20,Belize City,1,0.677419355
22,Cruzeiro do Sul,1,0.240740741
23,Bridgetown,1,0.314285714
24,Bandar Seri Begawan,2,0.379310345
26,Maun,0,0.0
28,Victoria,1,0.212237094
29,Geneva,1,0.211428571
30,Arica,1,0.229007634
31,Kashgar,1,0.202846975
32,Danané,1,0.515151515
33,Limbé,1,0.892857143
34,Moanda,1,0.75
35,Pointe-Noire,1,0.927272727
36,San Andrés,1,0.454545455
37,Moroni,1,0.592592593
38,Mindelo,1,0.866666667
39,Barranca,1,0.1
40,Pinar del Rio,1,0.205357143
41,Willemstad,1,0.682352941
42,Limassol,1,0.361445783
43,Pilsen,1,0.049707602
44,Heerlen,1,0.112781955
45,Djibouti,1,0.905660377
46,Aalborg,1,0.050931677
48,Tinduf,0,0.0
49,Santa Elena,1,0.352941176
50,Marsa Matruh‎,1,0.6
51,Teseney,1,0.846153846
52,Dakhla,1,0.862068966
53,Los Cristianos,1,0.126436782
54,Tallinn,1,0.166666667
55,Asosa,1,0.923076923
56,Turku,1,0.031550069
57,Suva,1,0.562043796
58,Brest,1,0.038356164
59,Port-Gentil,1,0.736842105
60,Londonderry/Derry,1,0.079889807
62,Dormaa Ahenkro,1,0.592592593
64,Kamsar,1,0.537037037
65,Les Abymes,0,0.0
66,Serrekunda,1,0.816425121
67,Bissau,1,0.884615385
68,Malabo,1,0.693069307
69,Ioannina,1,0.113513514
70,Malacatán,1,0.095744681
71,Cayenne,1,0.340206186
72,Georgetown,1,0.376146789
73,Hong Kong,2,0.488304094
74,Santa Rosa,1,0.170212766
75,Rijeka,1,0.124620061
76,Jérémie,1,0.5
77,Sopron,1,0.13592233
78,Banda Aceh,1,0.272486772
79,Nakhatrana,0,0.0
80,Galway,1,0.048979592
81,Salmas,1,0.4
82,Al Baaj,1,0.857142857
83,Reykjavik,1,0.405982906
84,Ashkelon,1,0.167883212
85,Turin,1,0.12412178
86,Montego Bay,1,0.451923077
87,Saint Helier,1,0.150684932
88,Aqaba,1,0.388059701
89,Otaru,1,0.392857143
90,Oral,1,0.171929825
91,Busia,1,0.65
92,Kerben,0,0.0
93,Poipet,1,1.0
94,Seoul,10,0.361973628
96,Luang Prabang,1,0.653846154
97,Tyre,1,0.370967742
98,Monrovia,1,0.65631929
100,Jaffna,1,0.417582418
101,Maseru,1,0.647798742
102,Klaipėda,1,0.155462185
103,Luxembourg,1,0.037914692
104,Liepaja,0,0.0
105,Zhuhai,1,1.0
106,Guelmim,1,0.666666667
108,Bălți,1,0.105
109,Toliara,1,0.952380952
110,Malé,1,0.75
112,Gostivar,1,0.171428571
113,Kayes,1,0.972222222
114,Valletta,1,0.377862595
115,Kyauktaw,1,0.7
116,Podgorica,1,0.326315789
117,Ulaanbaatar,1,0.608355091
118,Maputo,2,0.823188406
119,Nouadhibou,1,0.833333333
120,Fort-de-France,1,0.298611111
121,Port Louis,1,0.256166983
123,George Town,1,0.503759398
124,Mamoudzou,1,0.444444444
125,Walvis Bay,1,0.727272727
126,Nouméa,1,0.676190476
127,Téra,1,1.0
128,Idiroko,1,0.714285714
131,Bergen,2,0.085106383
132,Nepalgunj,1,0.619047619
133,Dunedin,1,0.162264151
134,Salalah,2,0.438271605
135,Gwadar,1,0.566666667
136,David,1,0.059440559
137,Talara,1,0.158415842
138,Laoag,1,0.333333333
139,Mendi,1,1.0
140,Szczecin,1,0.111111111
141,Ponce,1,0.211538462
142,Dandong,1,0.676470588
143,Funchal,1,0.25862069
144,Concepcion,1,0.5
146,Doha,2,0.382727273
147,Le Port,1,0.545454545
148,Timișoara,1,0.097412481
149,Kaliningrad,1,0.156202144
151,Tabuk,1,0.301754386
152,Geneina,1,0.552631579
153,Dakar,1,0.711340206
154,Singapore,2,0.789638932
155,Honiara,1,0.783783784
156,Freetown,1,0.625
157,Ahuachapan,1,0.140740741
159,Subotica,1,0.16025641
160,Raja,0,0.0
161,São Tomé,1,0.833333333
162,Paramaribo,1,0.324840764
163,Bratislava,1,0.100840336
164,Ljubljana,1,0.099388379
165,Gothenburg,1,0.071993969
167,Latakia,1,0.226415094
168,Lere,1,1.0
169,Cinkassé,1,1.0
170,Chiang Mai,1,0.415896488
171,UNNAMED,1,1.0
172,Turkmenbashy,1,0.372093023
173,Dili,1,0.58974359
174,Port of Spain,1,0.376528117
175,El Kef,1,0.423076923
176,Edirne,1,0.220588235
178,Kilima Hewa,1,0.678899083
179,Kasese,1,0.75
180,Uzhhorod,1,0.138528139
181,Concordia,1,0.265060241
182,Honolulu,3,0.170212766
183,Khujayli,1,0.666666667
185,Dien Bien Phu,1,0.309090909
186,Pejë,1,0.120879121
187,Nicosia,1,0.290076336
188,Harad,1,0.625
189,Cape Town,3,0.429149798
190,Mongu,1,0.794871795
191,Bulawayo,1,0.625454545
192,Guzarah,1,0.75
193,Cabinda,1,0.535714286
194,Durrës,1,0.181818182
195,Abu Dhabi,4,0.364418938
196,San Juan,1,0.160058737
197,Vanadzor,0,0.0
198,Rockingham,1,0.202380952
199,Salzburg,1,0.086956522
200,Ganja,1,0.362637363
201,Gatumba,0,0.0
202,Bruges,1,0.041731066
203,Tanguieta,1,1.0
204,Banfora,1,0.851851852
205,Thakurgaon,1,0.307692308
206,Pleven,0,0.0
208,Brest,1,0.476190476
209,El Alto [La Paz],1,0.390604027
212,Kanye,1,0.586956522
213,Bouar,1,0.705882353
214,Nanaimo,1,0.134246575
215,Lausanne,1,0.118122977
216,Iquique,1,0.64556962
217,Artush,1,0.338709677
218,Man,1,0.382716049
219,Mamfe,1,0.454545455
220,Tshela,1,0.65
222,Tumaco,1,1.0
223,Fomboni,1,1.0
224,San José,2,0.297612438
225,Havana,4,0.363729508
226,Nicosia,1,0.269230769
227,Ústí nad Labem,1,0.031404959
229,Aarhus,1,0.052016365
230,Barahona,1,0.653846154
231,Bashar,1,0.384615385
232,Manta,1,0.246963563
233,Alexandria,2,0.454924875
234,Barentu,1,1.0
235,Boujdour,1,0.727272727
236,Puerto de la Cruz,1,0.088669951
237,Tartu,1,0.098654709
238,Beigi,0,0.0
239,Oulu,1,0.054365733
240,Lorient,1,0.03452381
241,Libreville,1,0.820276498
242,Belfast,1,0.052930728
244,Berekum,1,0.808510638
245,Boké,1,0.416666667
247,Bafatá,1,0.625
248,Bata,1,0.845238095
249,Patras,1,0.121495327
250,Coatepeque,1,0.277777778
251,Sparendaam [Paradise],1,0.567164179
252,Tung Chung,1,0.366666667
253,Barrio El Centro,1,0.24691358
254,Zadar,1,0.109090909
255,Les Cayes,1,0.592592593
256,Szombathely,1,0.054054054
257,Sigli,1,0.25
258,Mithapur,1,0.392857143
259,Cork,1,0.04286892
260,Khoy,1,0.371428571
261,Sinjar,1,0.296296296
262,Ashdod,2,0.235294118
263,Sanremo,0,0.0
264,Mandeville,1,0.413333333
265,Irbid,2,0.247368421
266,Sapporo,1,0.228626943
267,Atyrau,1,0.625
270,Sisophon,0,0.0
271,Dongducheon-si,2,0.140583554
273,Vientiane,1,0.271428571
274,Saida,1,0.213333333
275,Kakata,1,0.789473684
276,Al Zawiyah,1,0.3375
278,Šiauliai,0,0.0
279,Riga,1,0.092278719
280,Coloane,1,0.4
281,Tiznit,1,0.636363636
282,Chișinău,1,0.135935397
283,Mahajanga,1,1.0
284,Ensenada,2,0.321705426
285,Tetovo,1,0.177777778
286,Kita,1,0.652173913
287,Sittwe,1,0.689655172
288,Chibuto,1,0.666666667
289,Nouakchott,1,0.693617021
291,Alor Setar,1,0.229508197
292,Windhoek,1,0.662068966
293,Tillabéri,1,0.833333333
294,Meko,1,0.5
295,Chinandega,1,0.211267606
296,Rotterdam [The Hague],5,0.296636086
298,Stavanger,1,0.156787763
300,Christchurch,1,0.108963093
302,Chib,0,0.0
303,Colón,1,0.156739812
304,Paita,1,0.636363636
305,Vigan,1,0.577464789
306,Mount Hagen,1,0.647058824
308,Río Piedras [San Juan],1,0.265692175
309,Tǒktaedonggok,1,0.590909091
310,Lisbon,4,0.337777778
312,Gaza,3,0.628169014
313,Al Khor,1,0.152941176
314,Le Tampon,1,0.228571429
315,Arad,1,0.061643836
316,Murmansk,1,0.291079812
318,Al Qurayyat,1,0.284210526
319,For Baranga,1,1.0
320,MBour,1,0.582733813
322,Mahera,1,0.709677419
323,Sonsonate,1,0.130434783
325,Novi Sad,1,0.142168675
326,Aweil,0,0.0
327,Trnava,1,0.027932961
328,Maribor,1,0.120218579
329,Helsingborg,1,0.042937853
330,Manzini,1,0.390804598
331,Jablah,1,0.179775281
332,Bol,0,0.0
333,Dapaong,1,1.0
335,Shahrinav,1,0.636363636
336,Balkanabat,1,0.586206897
337,San Fernando,1,0.194852941
338,Jendouba,1,0.576923077
339,Çanakkale,1,0.252525253
341,Murubona,1,0.827586207
342,Fort Portal,1,0.586206897
343,Mukachevo,1,0.081395349
344,Paysandú,1,0.558139535
345,Santa Maria,1,0.041025641
346,Nukus,1,0.511111111
347,Cúcuta,2,0.303571429
348,Lào Cai,1,0.441176471
349,Gjakovë,1,0.157894737
350,Hodeidah,1,0.585858586
351,Atlantis,1,0.533333333
352,Zambezi,0,0.0
353,Gweru,2,0.37
354,Shindand,1,1.0
355,Soyo,1,1.0
356,Vlora,1,0.344262295
357,Dubai,3,0.405604042
358,Mendoza,1,0.228320527
359,Yerevan,1,0.291729323
360,Perth,2,0.276581427
361,Linz,1,0.076571429
362,Sheki,1,0.5
363,Bujumbura,1,0.638888889
365,Natitingou,1,0.764705882
366,Bobo-Dioulasso,1,0.85380117
367,Panchagarh,1,0.358974359
368,Plovdiv,1,0.187022901
370,Baranovichi,1,0.344262295
371,Caranavi,0,0.0
373,Lobatse,1,0.261904762
374,Carnot,1,1.0
375,Vancouver,3,0.453466583
376,Montreux,1,0.068783069
377,Antofagasta,1,0.701298701
378,Tacheng/Sawesek,1,0.338709677
379,Guiglo,1,0.866666667
380,Tiko,1,0.303571429
381,Lemba Village,1,1.0
382,Nkayi,0,0.0
383,Ipiales,1,0.482758621
386,Larnaca,1,0.258333333
387,Kladno,1,0.085020243
388,Mönchengladbach,1,0.091463415
389,Odense,1,0.061776062
390,San Juan de la Maguana,1,0.56
391,Maghnia,1,0.302325581
392,Portoviejo,1,0.15282392
393,Idku,1,0.323529412
394,Keren,1,1.0
395,Santa Cruz de Tenerife,1,0.153246753
396,K'Idame Gebeya,0,0.0
397,Tampere,1,0.066091954
398,Saint-Brieuc,1,0.039808917
399,Moanda,1,1.0
400,Bangor,1,0.138297872
401,Zugdidi,0,0.0
402,Wa,1,0.71875
403,Sangarédi,1,0.75
404,Brikama,1,0.805555556
405,Gabú,1,0.846153846
406,Larissa,1,0.066066066
407,San Pedro Sacatepéquez [San Marcos],1,0.235294118
409,Siguatepeque,1,0.14159292
410,Zagreb,1,0.096117123
411,Petit-Goâve,1,0.46875
412,Győr,1,0.054093567
413,Meulaboh,1,0.361111111
414,Dwarka,1,0.785714286
415,Dublin,3,0.159020045
417,Urmia,1,0.305810398
419,Tel Aviv,6,0.39292196
420,Asti,0,0.0
421,May Pen,1,0.303797468
422,Al Salt,1,0.360655738
423,Sasebo,1,0.116477273
424,Aktau,2,0.450381679
425,Bungoma,1,0.769230769
426,Kara-Balta,1,0.595744681
427,Battambang,1,0.307692308
429,Kuwait City,3,0.45771578
431,Beirut,2,0.253456221
432,Buchanan,1,0.395833333
433,Tripoli,1,0.37888707
434,Colombo,3,0.457870204
435,Kaunas,1,0.088235294
436,Daugavpils,1,0.175824176
437,Essaouira,1,0.769230769
438,Rybnitsa,1,0.09375
439,Antsirabe,1,0.761904762
440,Tijuana,3,0.52979066
441,Skopje,2,0.260047281
443,Minbya,1,0.666666667
444,Xai-Xai,1,0.602564103
446,Lilongwe,2,0.455621302
447,Bukit Mertajam,4,0.353284672
448,Niamey,1,0.891089109
450,León,1,0.207407407
452,Trondheim,1,0.063414634
454,Wellington,2,0.23956044
455,Al Ain,1,0.275862069
456,Turbat,1,0.604651163
458,Sullana,1,0.187969925
459,San Fernando,1,0.24
460,Kundiawa,1,1.0
461,Gorzów Wielkopolski,1,0.084507042
462,Caguas,1,0.142857143
463,Ryongchon,1,0.52173913
465,Asuncion,1,0.217613636
466,Tulkarm,2,0.424242424
468,Saint-Denis,1,0.54368932
469,Oradea,1,0.064695009
470,Pskov,1,0.116352201
472,Yanbu,1,0.569620253
474,Thiès,1,0.634146341
475,Waterloo,1,0.659090909
476,Chalchuapa,1,0.144444444
477,Kismayo,1,1.0
478,Valjevo,0,0.0
479,Tambura,0,0.0
480,Žilina,1,0.033707865
481,Malmö,1,0.117318436
482,Baniyas,1,0.247058824
483,N'Djamena,1,0.798449612
484,Sansanné-Mango,1,1.0
486,Proletar,1,0.454545455
487,Serdar,1,0.708333333
488,Chaguanas,1,0.409836066
489,Kasserine,1,0.483870968
490,Tekirdağ,1,0.222222222
491,Hsinchu,3,0.342960289
492,Mpanda,1,0.730769231
493,Mbarara,1,0.759259259
494,Drohobych,1,0.181818182
496,Monterey,0,0.0
497,Khiva,1,0.365517241
498,Rubio,1,0.3125
499,Sông Mã,0,0.0
500,Prizren,1,0.076045627
501,Abs,1,0.733333333
502,Somerset West,1,0.542857143
503,Mwinilunga,1,0.769230769
504,Kwekwe,1,0.636363636
505,Qala i Naw,1,1.0
506,Luanda,4,0.508500773
507,Fier,1,0.205128205
509,San Salvador de Jujuy,2,0.444444444
510,Hobart,1,0.053864169
511,Klagenfurt,1,0.054112554
512,Mingachevir,1,0.298507463
513,Bubanza,1,1.0
514,Kortrijk,2,0.049883087
515,Djougou,1,0.8125
516,Sidéradougou,0,0.0
517,Pirganj (পীরগঞ্জ),1,0.888888889
518,Ruse,1,0.15
519,Zenica,1,0.246153846
520,Maladziečna,0,0.0
521,Riberalta,1,0.689655172
522,Rio Branco,1,0.269662921
524,Bangui,2,0.819354839
525,White Rock,1,0.6875
526,Freiburg im Üechtland,1,0.057507987
527,Calama,1,0.450980392
528,Yining/Qulja,1,0.25732899
529,Duekoue,1,0.607142857
530,Muyuka,0,0.0
531,Boma,1,0.888888889
532,Sibiti,1,0.615384615
533,Pasto,1,0.637931034
534,Matanzas,1,0.231481481
535,Prague,1,0.090783569
536,Dortmund,9,0.214501031
537,Copenhagen,2,0.101291838
538,Mao,1,0.277777778
539,Tlemcen,1,0.346820809
541,Abu Huminus,1,0.240506329
542,Asmara,1,0.573333333
543,Las Palmas de Gran Canaria,2,0.168049793
544,Gambela,1,0.842105263
545,Jyväskylä,1,0.042394015
547,Greenock,0,0.0
548,Batumi,1,0.428571429
549,Bole,0,0.0
550,Conakry,1,0.42877292
551,Farafenni,0,0.0
552,Thessaloniki,1,0.105691057
553,Retalhuleu,1,0.218181818
555,San Pedro Sula,2,0.378194208
556,Split,1,0.168202765
557,Anse-à-Galets,1,1.0
558,Székesfehérvár,1,0.038291605
559,Bireuen,1,0.254716981
560,Handwara,0,0.0
562,Marand,1,0.441860465
563,Zakho,1,0.686046512
564,Haifa,5,0.242152466
565,Savona,1,0.099601594
566,Kingston,3,0.297843666
567,Amman,2,0.330413016
568,Asahikawa,1,0.2875
569,Aktobe,1,0.320557491
570,Kimilili,0,0.0
572,Siem Reap,1,0.424460432
573,Chuncheon-si,1,0.137184116
576,Nabatieh,1,0.37254902
577,Gbarnga,1,0.703703704
580,Panevėžys,1,0.14556962
581,Agadir,4,0.439534884
583,Manakara,1,1.0
586,Bamako,3,0.668571429
587,Monywa,1,0.297297297
588,Messica,0,0.0
589,Podor,0,0.0
590,Mzuzu,1,0.79245283
591,Sungai Petani,1,0.322807018
592,Baléyara,0,0.0
593,Owode,1,0.43902439
594,Managua,1,0.244620612
595,Roosendaal,2,0.117647059
596,Oslo,2,0.06156367
597,Tulsipur,1,1.0
598,Palmerston North,1,0.071428571
599,Sohar,1,0.210280374
600,Panjgur,2,0.489361702
601,Nuevo Arraiján,2,0.245202559
602,Piura,1,0.36318408
604,Dagupan,2,0.492105263
605,Goroka,1,0.764705882
607,Yomju,0,0.0
611,Saint-André,1,0.242424242
612,Satu Mare,1,0.072243346
613,Peterhof,0,0.0
614,Goma,1,0.88372093
615,Madīnat Yanbu‘ aş Şinā‘īyah,0,0.0
616,Murnei,0,0.0
617,Tivaouane,1,1.0
618,Mile 91,1,0.875
619,Santa Ana,1,0.151020408
620,Borama,1,1.0
621,Zrenjanin,1,0.191304348
622,Ezo,0,0.0
623,Banská Bystrica,1,0.052631579
624,Lund,1,0.036635007
625,Tartus,1,0.157894737
626,Pala,1,1.0
627,Kpalimé,1,0.685714286
628,Chiang Rai,1,0.223076923
629,Khujand,2,0.615384615
630,Konye-Urgench,1,0.275862069
632,Qafsa,1,0.419354839
633,Izmir,2,0.282666667
635,Sumbawanga,1,0.692307692
637,Novovolynsk,1,0.196721311
638,Rivera,1,0.5
639,Santa Barbara,1,0.206030151
640,Urgench,1,0.341968912
641,Machiques,1,0.666666667
642,Sơn La,1,0.533333333
643,Mitrovicë,1,0.113821138
644,Sa'dah,1,0.625
645,Stellenbosch,1,0.208333333
646,Kaoma,0,0.0
648,Farah,1,0.59375
649,Benguela,1,0.442307692
650,Tirana,1,0.305039788
651,Ras Al Khaimah,1,0.44214876
652,Salta,1,0.235887097
654,Graz,1,0.077709611
655,Barda,1,0.1875
656,Rumonge,1,1.0
657,Ghent,1,0.051819184
659,Solenzo,0,0.0
660,Bholarhat,1,0.923076923
661,Stara Zagora,1,0.100502513
662,Mostar,0,0.0
663,Pinsk,1,0.286821705
664,Oruro,1,0.676190476
665,Porto Velho,1,0.455958549
666,Gaborone,1,0.461832061
669,Biel/Bienne,1,0.04851752
670,Copiapó,1,0.225225225
671,Emin/Dörbiljin,1,0.257142857
672,San-Pédro,1,0.635294118
673,Kumba,1,0.555555556
674,Kinzao,1,0.916666667
676,La Hormiga,0,0.0
677,Cienfuegos,1,0.292134831
678,České Budějovice,1,0.054968288
679,Duren,0,0.0
680,Azua,1,0.239130435
681,Ain Temouchent,1,0.212765957
682,Chone,1,0.264705882
684,Adi Guadad,0,0.0
685,Arinaga,1,0.154285714
686,Dambidollo,1,0.9
687,Helsinki,1,0.124266145
689,Ayr,0,0.0
690,Kutaisi,1,0.4
691,Sunyani,1,0.688172043
692,Fria,1,0.857142857
693,Volos,1,0.09478673
695,Quetzaltenango,1,0.287625418
696,Sha Tin,4,0.34751773
697,Villanueva,1,0.151260504
699,Léogâne,1,0.794871795
700,Pécs,1,0.065602837
701,Uteun Geulinggang,0,0.0
702,Mandvi,1,0.434782609
703,Piranshahr,1,0.433333333
704,Tal Afar,1,0.315789474
705,Netanya,2,0.18245614
706,Novara,1,0.09178744
707,Jerash,1,0.208955224
708,Fukuoka,4,0.291537668
710,Zhanaozen,1,0.733333333
711,Kakamega,1,0.558139535
712,Jalalabat,2,0.609756098
713,Sihanoukville,1,0.761904762
716,Tripoli,1,0.172413793
717,Ganta,1,0.842105263
718,Qabilat alturki,1,0.251207729
719,Ambalangoda,1,0.371681416
720,Alytus,0,0.0
721,Ouled-Teima,1,0.727272727
722,Tiraspol,2,0.177993528
723,Antananarivo,2,0.799107143
724,Tecate,1,0.25
725,Bitola,1,0.241935484
727,Mohnyin,1,0.647058824
728,Sussundenga,0,0.0
729,Kaédi,1,0.857142857
730,Blantyre,1,0.60443038
732,Dosso,1,0.9
733,Ilaro,1,0.675675676
734,Jinotepe,0,0.0
737,Hamilton,1,0.102432778
738,Ibri,1,0.183908046
739,Chaman,1,1.0
740,Panama City,1,0.290966387
741,Tumbes,1,0.277777778
743,Madang,1,1.0
744,Koszalin,1,0.073313783
746,Setúbal,1,0.246153846
747,Pedro Juan Caballero,1,0.657894737
749,Drobeta-Turnu Severin,1,0.179245283
750,Saint Petersburg,3,0.217800289
751,Nyundo,1,1.0
752,Dawmat al Jandal,0,0.0
753,UNNAMED,1,1.0
754,Bambey,1,0.7
755,Makeni,1,0.524590164
757,Baidoa,1,1.0
758,Belgrade,2,0.177446103
759,Malualkon,0,0.0
760,Prešov,1,0.051764706
761,Örebro,1,0.043956044
762,Idlib,1,0.192982456
763,فيانكا Fianga,1,1.0
764,Bassar,0,0.0
765,Lampang,1,0.247126437
766,Hisor,1,0.571428571
767,Gurbansoltan Eje,1,0.564102564
768,Béja,1,0.56
769,Çorlu,1,0.169491525
770,Taichung,5,0.384098544
771,Bukoba,1,0.892857143
772,Arua,1,0.725490196
773,Lviv,1,0.097125867
775,Santa Cruz,1,0.097387173
776,Beruniy,1,0.457142857
777,San Cristóbal,1,0.130563798
778,Phù Yên,1,0.375
779,Pristina,1,0.134453782
780,Hajja,1,0.6
781,Paarl,1,0.315436242
782,Livingstone,1,0.740740741
783,Chakari,0,0.0
784,Zaranj,1,0.6875
785,Lubango,1,0.573913043
786,Elbasan,1,0.191780822
787,Al Ain,4,0.36119403
788,La Rioja,1,0.642857143
789,Adelaide,3,0.148534526
790,Vienna,1,0.104703608
791,Kurdamir,0,0.0
792,Nyanza Lac,0,0.0
795,Nouna,0,0.0
796,UNNAMED,1,0.666666667
797,Burgas,1,0.12267658
798,Sarajevo,1,0.179941003
799,Minsk,1,0.154867257
800,Cochabamba,1,0.335632184
801,Coari,1,0.344827586
802,Palapye,0,0.0
803,Bambari,1,0.722222222
805,Bern,1,0.064516129
806,La Serena,2,0.228571429
807,Shache,1,0.593220339
808,Soubré,1,1.0
809,Douala,1,0.708333333
810,Matadi,1,0.972222222
811,Brazzaville,1,0.886363636
812,El esfuerzo,1,0.807692308
813,Santa Clara,1,0.387096774
814,Liberec,1,0.050359712
815,Dusseldorf,2,0.361573374
816,Santiago de los Caballeros,1,0.245798319
817,Ain Turk,1,0.195121951
818,Guayaquil,2,0.31988189
819,Hawsh Isa,1,0.363636364
820,دقمحري Dekemhare,1,0.818181818
821,Arrecife,0,0.0
822,Mendi,1,1.0
823,Kuopio,0,0.0
824,Rennes,1,0.03533788
825,Plymouth,1,0.080629302
826,Tbilisi,1,0.46728972
827,Wenchi,1,0.352941176
828,Kindia,1,0.555555556
829,Chalkida,0,0.0
830,Mazatenango,1,0.204301075
832,Comayagua,1,0.104938272
833,Osijek,1,0.058823529
834,Jacmel,1,0.446808511
836,Lhokseumawe,1,0.365079365
837,Jaisalmer,1,0.555555556
838,Naqadeh,1,0.361111111
839,Duhok,1,0.334763948
841,Alessandria,1,0.056680162
842,Madaba,1,0.468085106
843,Kitakyushu,1,0.25276873
844,Rudny,0,0.0
845,Kisii,1,0.588888889
846,Nookat,1,0.236111111
847,Kampong Chhnang,0,0.0
849,Pakse,1,0.507936508
850,Zahlé,1,0.264150943
851,Zliten,1,0.326923077
852,Galle,1,0.550218341
853,Vilnius,1,0.104705882
854,Safi,1,0.302325581
856,Cabo San Lucas,1,0.533333333
857,Kumanovo,1,0.160714286
858,Bougouni,1,0.866666667
859,Chauk,1,0.216216216
860,Catandica,1,1.0
861,Kiffa,1,1.0
863,Taiping,1,0.335106383
864,Filingué,1,0.8
865,Lagos,6,0.633099825
866,Esteli,1,0.28358209
868,Tilottama,1,0.857142857
869,Auckland,1,0.295044002
870,Nizwa,0,0.0
875,Port Moresby,1,0.475862069
876,Jelenia Góra,0,0.0
877,Tongrim,1,0.875
878,Póvoa de Varzim,1,0.053072626
879,Coronel Oviedo,1,0.280487805
881,Baia Mare,1,0.054441261
883,Musanze,1,0.581818182
884,Sakaka,1,0.301470588
885,Saraf `Umrah,1,1.0
886,Saint-Louis,1,0.903225806
887,Bo,1,0.686567164
888,San Salvador,5,0.161177645
889,Hargeisa,1,0.967213115
890,Čačak,1,0.153846154
891,Akon,0,0.0
892,Košice,1,0.091891892
893,Linköping,1,0.043993232
894,Halfaya,1,0.340909091
895,Mao,1,1.0
896,Sotouboua,0,0.0
897,Kamphaeng Phet,1,0.203703704
899,Dashoguz,1,0.423076923
900,Sbeitla,0,0.0
901,Kapaklı,1,0.231958763
902,Miaoli,1,0.116438356
903,Katoro,1,1.0
904,Koboko,1,0.68
905,Stryi,1,0.071428571
906,Montevideo,3,0.387780549
907,Salinas,1,0.111344538
908,Xonqa,1,0.517857143
909,San Juan de Colón,0,0.0
910,Yên Bái,1,0.26984127
911,Ferizaj,1,0.086666667
912,Amran,1,0.653846154
913,Worcester,1,0.410714286
914,Kalomo,0,0.0
915,Kadoma,1,0.807692308
916,Maymana,1,0.578947368
918,Khor Fakkan,1,0.244897959
919,San Martín,1,0.14516129
920,Geelong,1,0.056155508
921,Shamakhi,1,0.294117647
922,Muramvya,0,0.0
923,Mons,1,0.033218786
924,Lokossa,1,0.875
925,Houndé,1,0.8125
926,Burimari,0,0.0
927,Varna,1,0.17232376
928,Tuzla,1,0.140350877
929,Zhodzina,1,0.28358209
930,Trinidad,1,0.461538462
931,Ariquemes,1,0.4
932,Francistown,1,0.358695652
933,Bria,1,0.888888889
934,Abbotsford,1,0.098734177
935,Basel,1,0.122743682
936,Ovalle,1,0.120879121
937,Kargilik,1,0.25974026
938,Issia,1,0.52173913
939,Kribi,1,0.692307692
940,Kimpese,1,0.9375
942,Orito,1,0.45
943,Sancti Spiritus,1,0.245901639
944,Pardubice,1,0.040852575
945,Trier,1,0.076023392
946,Baní,1,0.366197183
947,Oran,2,0.404301075
949,Daule,1,0.137931034
950,Rosetta,2,0.314814815
951,Adi Keyh,0,0.0
952,Vigo,1,0.095170455
953,Meti Chafi / Tilk u Meti,1,1.0
954,Nantes,1,0.053691275
955,Glasgow,5,0.185957447
956,Rustavi,0,0.0
957,Techiman,1,0.463157895
958,Labé,1,0.724637681
959,Athens,1,0.183437222
960,Totonicapán,1,0.487179487
962,Puerto Cortés,1,0.223140496
963,Saint-Marc,1,0.904761905
964,Budapest,3,0.10054801
965,Gunungsitoli,1,0.301886792
966,Baramulla,2,0.315789474
967,Tabriz,1,0.183856502
968,Zawa,1,0.7
971,Ar Ramtha,1,0.36
972,Ōmura,1,0.289256198
973,Kostanay,1,0.285714286
974,Kisumu,1,0.5
975,Osh,1,0.466292135
976,Phnom Penh,1,0.483333333
978,Baalbek,1,0.454545455
979,Sabha,1,0.395061728
980,Rathnapura,1,0.338461538
981,Taroudant,1,0.4375
982,Ambohidrabiby,1,1.0
983,La Paz,1,0.490196078
984,Prilep,1,0.4
985,Virage de Dioila,1,1.0
986,Pakokku,1,0.189189189
987,Chimoio,1,0.782051282
988,Zomba,1,0.75
989,Sitiawan,1,0.195945946
990,Gaya,1,0.866666667
991,Aiyetoro,1,0.7
992,Masaya,1,0.190909091
993,Alphen aan den Rijn,1,0.10625
994,Pokhara,1,0.45
996,Seeb,1,0.336683417
997,UNNAMED,0,0.0
998,Tambogrande,0,0.0
999,Baguio,1,0.375
1000,Lae,1,0.9
1001,Lubin,1,0.038363171
1002,Ji'an,1,0.555555556
1003,Porto,1,0.217215871
1004,Villarrica,1,0.35
1005,Hebron,1,0.434782609
1006,Cluj-Napoca,1,0.056220096
1008,Huye,0,0.0
1009,Medina,1,0.488764045
1010,Zalingei,1,0.909090909
1011,Fatick,1,0.846153846
1012,Kenema,1,0.5625
1013,San Juan Nonualco [Zacatecoluca],1,0.166666667
1014,Barawa,1,0.857142857
1015,Pancevo,1,0.202020202
1016,Kuajok,0,0.0
1017,Norrköping,1,0.06561086
1018,Damascus,5,0.264195584
1019,Bongor,1,1.0
1020,Blitta-Gare,1,1.0
1021,Phitsanulok,1,0.255506608
1022,Dushanbe,1,0.522857143
1023,Garadaşaýak,1,0.276595745
1024,Sidi Bouzid,1,0.565217391
1025,Manisa,1,0.435483871
1027,Geita,1,0.947368421
1028,Hoima,1,0.8
1029,Chervonohrad,1,0.065989848
1031,Oxnard,2,0.188741722
1032,Turtkul,1,0.206451613
1033,Villa del Rosario,1,0.262295082
1034,Tuyên Quang,1,0.210526316
1035,Gjilan,0,0.0
1036,Sana'a,1,0.434
1037,Upington,1,0.558139535
1038,Solwezi,1,0.631578947
1039,Chegutu,1,0.52
1040,Sheberghan,1,0.72972973
1041,Lobito,1,0.538461538
1042,Libertador Gral. San Martín,1,0.631578947
1043,Ballarat,1,0.081034483
1044,Saatli,1,0.325
1045,Kayanza,1,0.846153846
1047,Savalou,1,0.944444444
1048,Dédougou,1,0.777777778
1049,Chapainawabganj,2,0.485355649
1050,Barysaw,1,0.162011173
1051,Potosí,1,0.490196078
1052,Ji-Paraná,1,0.53164557
1053,Lethbridge,1,0.144927536
1054,Thun,1,0.089347079
1055,Viña del Mar [Valparaíso],2,0.215736041
1056,Aksu,1,0.314814815
1057,Méagui,1,0.666666667
1058,Nkongsamba,1,0.441860465
1059,Kwilu-Ngongo,1,0.625
1061,Popayán,2,0.217391304
1062,Ciego de Ávila,1,0.377358491
1063,Hradec Králové,1,0.03342246
1064,Cologne,6,0.190928593
1065,Puerto Plata,1,0.358695652
1066,Sidi Bel Abbes,1,0.244274809
1067,Machala,1,0.333333333
1068,Damanhur,1,0.333333333
1069,A Coruña,1,0.107929515
1070,Nedjo,1,0.857142857
1071,Cherbourg,1,0.041278296
1072,Swansea,1,0.046737213
1073,Takoradi [Sekondi-Takoradi],1,0.666666667
1074,Mamou,1,0.655172414
1075,Xanthi,0,0.0
1076,Huehuetenango,1,0.275862069
1078,El Progreso,1,0.265306122
1079,Port-de-Paix,1,0.933333333
1080,Szeged,1,0.050221566
1081,Langsa,1,0.309859155
1082,Poonch,1,1.0
1083,Ajab Shir,1,0.219512195
1084,Mosul,2,0.390728477
1085,Beer Sheva,1,0.155963303
1087,Al Mafraq,1,0.36
1088,Nagasaki,1,0.186915888
1089,Petropavl,1,0.281045752
1090,Kakuma,0,0.0
1091,Bishkek,1,0.501285347
1092,Kampong Cham,0,0.0
1094,Misrata,1,0.497175141
1095,Kandy,3,0.408343869
1096,Youssoufia ⵍⵉⵡⵙⵓⴼⵉⵢⴰ اليوسفية,1,0.5
1097,Andoany,1,1.0
1098,San José del Cabo,1,0.310679612
1099,Ségou,1,0.705882353
1100,Katha,1,0.9
1101,Tete,1,0.815384615
1102,Mangochi,1,0.789473684
1103,Ipoh,1,0.438223938
1104,Dogondoutchi,1,0.631578947
1105,Aiyete,1,0.413793103
1106,Tipitapa,1,0.355932203
1108,Bharatpur,1,0.875
1109,Tauranga,1,0.35472973
1110,Al Ghubra,1,0.595041322
1112,Quetta,1,0.629787234
1113,Chulucanas,0,0.0
1114,Bayambang,1,0.486486486
1115,Alotau,0,0.0
1116,Legnica,1,0.063694268
1117,Cholsan,0,0.0
1118,Coimbra,0,0.0
1119,Caaguazú,1,0.2
1121,Sibiu,1,0.096085409
1122,Veliky Novgorod,1,0.17699115
1123,Muhanga,1,0.727272727
1124,Arar,1,0.328244275
1125,Kebkabiya,1,0.933333333
1126,Ziguinchor,1,0.85
1127,Koidu Town,1,0.604651163
1128,Usulután,1,0.144230769
1129,Buurhakaba,1,1.0
1130,Novi Pazar,1,0.186915888
1131,Wau,1,0.5
1132,Västerås,1,0.073649755
1133,Aleppo,2,0.248069498
1134,Guélendeng,0,0.0
1135,Atakpamé,1,0.636363636
1136,Kanchanaburi,1,0.375
1137,Khistevarz,1,0.538461538
1138,Ashgabat,1,0.321989529
1139,Manzil Bourguiba,1,0.833333333
1140,Bandırma,1,0.176470588
1141,New Taipei [Taipei],2,0.410069022
1142,Tunduma,1,0.789473684
1143,Mubende,1,0.454545455
1144,Kovel,1,0.142857143
1145,Maldonado,1,0.442857143
1146,Watsonville,1,0.098958333
1147,Hazorasp,1,0.382022472
1148,Santa Bárbara del Zulia,1,0.342105263
1150,Ta'izz,3,0.35678392
1151,Mossel Bay,1,0.581818182
1152,Choma,1,0.88
1153,Chinhoyi,1,0.766666667
1154,Sar-e Pol,1,0.727272727
1155,Caxito,1,0.2
1156,San Pedro,1,0.387096774
1158,Sabirabad,1,0.269230769
1159,Makamba,0,0.0
1160,Antwerp,3,0.156289177
1161,Bohicon,1,0.511450382
1162,Gaoua,1,0.8
1163,Dinajpur,1,0.256544503
1164,Babruysk,1,0.428571429
1165,Sucre,1,0.641509434
1166,Boa Vista,1,0.468571429
1168,Olten,2,0.081180812
1169,San Antonio,1,0.305343511
1170,Karamay,1,0.314049587
1171,Vavoua,1,1.0
1172,Dschang,1,0.5
1173,Mbanza-Ngungu,1,1.0
1175,Puerto Asís,0,0.0
1176,Camagüey,1,0.329032258
1177,Brno,1,0.051923077
1178,Wuppertal,1,0.359060403
1179,La Vega,1,0.265957447
1180,Ain Sefra,1,0.722222222
1181,Balzar,0,0.0
1182,Mutubis,1,0.444444444
1183,Ferrol,1,0.057926829
1184,Gulisso,0,0.0
1185,Anglet,1,0.05393586
1187,Dunkwa-on-Ofin,1,0.47826087
1188,Faranah,1,0.68
1189,Chania,1,0.093596059
1190,Aguacatán,0,0.0
1192,Choluteca,1,0.135135135
1193,Gonaïves,1,0.472222222
1194,Miskolc,1,0.051532033
1195,Teluk Dalam,1,1.0
1196,Bhuj,1,0.514285714
1197,Sardasht,1,0.5
1202,Saga,1,0.10298103
1203,Ayteke Bi,1,0.777777778
1204,Kitale,1,0.58490566
1206,Cheonan-si,2,0.114285714
1207,Sirte,1,0.4
1208,Matara,1,0.329230769
1209,El Jadida,1,0.333333333
1210,Maroantsetra,0,0.0
1211,Mexicali,1,0.281961471
1212,Niono,1,0.315789474
1213,Taungup,1,1.0
1214,Moatize,1,0.882352941
1215,Teluk Intan,1,0.376811594
1216,Tahoua,1,0.958333333
1217,Abeokuta,1,0.427518428
1218,Granada,1,0.246376812
1220,Pokhariya,2,0.304878049
1221,Al Amerat,1,0.510204082
1222,Khuzdar,1,0.928571429
1224,Urdaneta,1,0.243902439
1225,Kimbe,0,0.0
1226,Piła,1,0.061688312
1227,Sonchon,1,0.538461538
1228,Braga,1,0.053824363
1229,Encarnacion,1,0.306666667
1230,Nablus,1,0.373626374
1231,Craiova,1,0.091633466
1232,Velikiye Luki,1,0.21
1233,Ruhango,0,0.0
1234,Jeddah,5,0.517468688
1235,Kas,1,1.0
1236,Bignona,1,0.6875
1237,Daru,0,0.0
1238,San Miguel,1,0.092753623
1239,Qoryooley,1,1.0
1240,Kraljevo,1,0.145833333
1241,Nzara,0,0.0
1242,Uppsala,1,0.044632087
1243,Hama,1,0.210280374
1244,UNNAMED,0,0.0
1245,Lomé,3,0.696153846
1246,Ranong,1,0.456140351
1247,Qabodiyon,1,0.68
1248,Mary,1,0.434343434
1249,Bizerte,1,0.435483871
1250,Silivri,1,0.078212291
1252,Kahama,1,0.85
1253,Masaka,1,0.695652174
1254,Lutsk,1,0.15890411
1255,San Jose,2,0.40837048
1256,Gijduvan,1,0.202185792
1257,El Vigía,1,0.25
1260,Oudtshoorn,1,0.733333333
1261,UNNAMED,0,0.0
1262,King Mine,0,0.0
1263,Lashkar Gah,1,0.967741935
1264,Porto Amboim,0,0.0
1265,San Ramón de la Nueva Orán,1,0.8
1266,Melbourne,5,0.22256828
1267,Cəlilabad,1,0.666666667
1268,Ngozi,1,0.8125
1269,Brussels,1,0.126958401
1270,Whydah,1,0.766666667
1271,Tougan,0,0.0
1273,Vitebsk,1,0.1875
1275,Cacoal,1,0.333333333
1276,Calgary,1,0.259873233
1278,La Calera,1,0.102362205
1279,Baicheng,0,0.0
1280,Daloa,1,0.577319588
1281,Wum,1,0.5
1282,Kisantu,1,0.857142857
1284,Cali,1,0.455882353
1285,Manzanillo,1,0.5
1286,Olomouc,1,0.040849673
1287,Saarbruecken,1,0.04939759
1288,Moca,1,0.226666667
1289,Arzew,1,0.289473684
1290,Vinces,1,0.583333333
1292,Ourense,1,0.068669528
1293,Tepi,1,0.9
1294,La Rochelle,1,0.077348066
1296,Kumasi,2,0.478134111
1297,Guéckédou,1,0.5
1298,Heraklion,1,0.129496403
1299,Panajachel [Sololá],1,0.34
1301,Tegucigalpa,1,0.189095128
1302,Port-au-Prince,1,0.541338583
1303,Nyíregyháza,1,0.055
1304,Karang Baru,1,0.285714286
1306,Mahabad,1,0.390625
1308,Modi'in Illit,1,0.444444444
1309,Genoa,1,0.112790698
1310,Iizuka,1,0.090686275
1311,Kokshetau,1,0.406976744
1312,Eldoret,1,0.703703704
1313,Uzgen,1,0.487179487
1314,Sokcho-si,1,0.177777778
1315,Benghazi,1,0.270072993
1317,Sidi Bennour,1,0.25
1318,San Luis Río Colorado,1,0.404411765
1319,Sikasso,1,0.790123457
1320,Shwebo,1,0.454545455
1321,Gorongosa,0,0.0
1322,Kuala Lumpur,6,0.442969221
1323,Birni N'Konni,1,0.846153846
1324,Igbo Ora,1,0.5
1325,Jinotega,1,0.219512195
1326,Alkmaar,1,0.123966942
1327,Hetauda,1,0.761904762
1328,Balad Bani Bu Ali,0,0.0
1329,Qila Saifullah,0,0.0
1330,Chiclayo,2,0.148051948
1331,Puerto Princesa,1,0.533333333
1332,Wałbrzych,0,0.0
1333,Kusong,1,1.0
1334,Ciudad del Este,2,0.450381679
1335,Jerusalem,2,0.382845188
1336,Târgu Mureș,1,0.069230769
1337,Petrozavodsk,1,0.256880734
1338,Kigali,1,0.569358178
1340,Nyala,1,1.0
1341,Diourbel,1,0.8
1342,Berbera,1,0.9
1343,Kragujevac,1,0.239520958
1344,Yambio,1,0.53125
1345,Södertälje,1,0.080597015
1346,Homs,1,0.227176221
1347,Massakory,0,0.0
1348,Sokodé,1,0.733333333
1349,Phuket,3,0.538732394
1350,Vahdat,2,0.368421053
1351,Turkmenabat,1,0.358381503
1352,Regueb,0,0.0
1353,Balıkesir,1,0.165217391
1355,Bukala,1,1.0
1357,Ivano-Frankivsk,1,0.038815117
1359,Bukhara,2,0.434782609
1360,La Concepción,1,0.25
1362,Ibb,1,0.833333333
1363,George,1,0.50617284
1364,Mumbwa,1,0.545454545
1365,Masvingo,1,0.823529412
1366,Girishk,1,0.5
1367,Sumbe,2,0.825
1368,Concepción,1,0.196969697
1369,Woden,1,0.003610108
1370,Şirvan,1,0.205607477
1371,Gitega,1,0.714285714
1372,Charleroi,3,0.056646871
1373,Tindji,1,0.888888889
1374,Ouahigouya,1,0.85
1375,Nilphamari,1,0.371428571
1376,Orsha,1,0.112840467
1377,Tarija,1,0.745454545
1378,Manacapuru,1,0.56
1380,Lucerne,1,0.053545586
1381,Quillota,1,0.134020619
1382,Aral ئارال,1,0.34375
1383,Tengréla,1,1.0
1384,Bamenda,1,0.436170213
1385,Kinshasa,1,0.769881557
1386,Owando,0,0.0
1387,Jamundí,1,0.592592593
1388,Nuevitas,1,0.351351351
1389,Ostrava,1,0.043144775
1391,Bonao,1,0.22826087
1392,Adrar,1,0.512195122
1393,Pasaje,1,0.144736842
1394,Delingat,1,0.447368421
1395,Huelva,1,0.060869565
1396,Duba,0,0.0
1397,Bordeaux,1,0.096073903
1399,Kintampo,1,0.567567568
1400,Kissidougou,1,0.595238095
1401,Santa Lucía Cotzumalguapa,1,0.211267606
1402,Danli,1,0.224137931
1403,Saint-Louis-du-Nord,1,0.78125
1404,Debrecen,1,0.049008168
1405,Pangkalan Brandan,1,0.346938776
1406,Mendhar,0,0.0
1407,Bonab,1,0.211538462
1408,Hamam al Alil,0,0.0
1409,Nazareth,1,0.109215017
1410,Vigevano,1,0.169014085
1412,Kyzylorda,1,0.646017699
1414,Gul'cha,0,0.0
1415,Wonju-si,1,0.138047138
1416,Ajdabiya,1,0.552631579
1418,Azemmour,1,0.20754717
1419,Puerto Peñasco,1,0.55
1420,Koutiala,1,0.897959184
1421,Kyaukpadaung,1,0.277777778
1422,Nhamatanda,1,0.888888889
1424,Galmi,0,0.0
1425,Ilero,1,0.5625
1426,Matagalpa,1,0.274509804
1427,Amsterdam,5,0.331530139
1429,Sur,0,0.0
1430,Sibi,1,0.423076923
1431,Trujillo,1,0.313131313
1433,Leszno,1,0.047244094
1434,Kanggye,1,0.459016393
1435,Jenin,1,0.118421053
1436,Slatina,1,0.102857143
1437,Smolensk,1,0.368421053
1440,Buram,1,1.0
1441,Louga,1,0.705882353
1442,Merca,1,0.3
1443,Kruševac,1,0.12962963
1444,Rumbek,1,0.705882353
1445,Stockholm,3,0.163643533
1446,`Uthman,1,0.4
1447,كيلو Kelo,1,0.933333333
1448,Notsé,1,0.666666667
1449,Nakhon Sawan,1,0.207317073
1450,Vakhsh,1,0.730769231
1451,El Hamma,1,0.482758621
1452,Turgutlu,1,0.142857143
1454,Vwawa,1,1.0
1456,Kolomyia,0,0.0
1458,Navoiy,1,0.467105263
1459,Maracaibo,1,0.345475911
1463,Monze,1,0.619047619
1464,Norton,1,0.568181818
1465,Mazar i sharif,1,0.625
1466,Bocoio,0,0.0
1467,San Miguel de Tucumán,1,0.146678171
1468,Belconnen,1,0.110497238
1469,Masallı,1,0.38
1470,Kayogoro,0,0.0
1472,Allada,1,0.785714286
1473,Koudougou,1,0.918367347
1474,Saidpur,1,0.205357143
1475,Mahilyow,1,0.422222222
1476,Montero,1,0.411764706
1477,Manaus,1,0.600441501
1478,Red Deer,1,0.103225806
1479,Zurich,3,0.091576507
1480,Concepción,3,0.312785388
1481,Wusu,1,0.367346939
1482,Bonon,1,0.473684211
1483,Edéa,1,0.470588235
1485,Ouésso,0,0.0
1486,Quibdó,1,1.0
1487,Las Tunas,1,0.391304348
1488,Havířov,1,0.049853372
1491,Mecheria,1,0.461538462
1492,Esmeraldas,2,0.576271186
1493,Al Zayyatin al Qibliyah,0,0.0
1494,Badajoz,1,0.136752137
1495,Gore,0,0.0
1496,Angers,1,0.035846724
1498,Nkoranza,1,0.727272727
1499,Macenta,1,0.386363636
1500,Santa Cruz del Quiché,1,0.444444444
1501,La Ceiba,1,0.356643357
1502,Gros Morne,1,0.75
1503,Sidikalang,1,0.325581395
1504,Bandipora,1,0.6
1505,Malekan,0,0.0
1506,Qaryat Arfaylah,0,0.0
1507,Jerusalem,2,0.416243655
1508,Sassari,1,0.147651007
1509,Isahaya,1,0.119148936
1510,Nur-Sultan,1,0.309297913
1512,Gunsan-si,1,0.215976331
1513,Marj,1,0.325581395
1515,Marrakesh,1,0.30617284
1516,Guaymas,1,0.307142857
1517,San,1,0.941176471
1518,Myingyan,1,0.306451613
1519,Maxixe,1,0.958333333
1521,Keïta,0,0.0
1522,Iwere,1,0.488372093
1523,Juigalpa,0,0.0
1524,Breda,1,0.093856655
1525,Kathmandu,1,0.709016393
1526,Parachinar,1,0.619047619
1527,Jaén,1,0.357142857
1528,Olongapo,2,0.449612403
1529,Poznan,1,0.066587396
1530,Kwaksan,1,1.0
1531,Pitești,1,0.080691643
1532,Severodvinsk,1,0.481481481
1534,Al-Fashir,1,0.851351351
1535,Kaolack,1,0.602941176
1536,Dara Salaam,0,0.0
1537,Niš,1,0.125730994
1538,Yei,1,0.533333333
1540,As Safirah,1,0.387096774
1541,Moundou,1,0.775
1542,Kara,1,0.875
1543,Ratchaburi,1,0.220930233
1544,Danghara,1,0.428571429
1545,Tunis,2,0.441098317
1546,Akhisar,1,0.246153846
1547,Xinying District,1,0.186666667
1548,Tabora,1,0.804347826
1549,Mityana,1,0.5
1550,Ternopil,1,0.07480315
1552,Koson,1,0.473684211
1553,San Rafael del Mojan,1,0.216666667
1554,Phúc Thọ,2,0.340807175
1555,Al Milhi,1,1.0
1557,Mazabuka,1,0.5
1558,Harare,2,0.422748192
1559,Kandahar,1,0.551515152
1560,Cubal,1,0.487179487
1561,Yacuiba,1,0.5
1562,Wollongong,1,0.189473684
1564,Kirundo,1,1.0
1565,Leuven,1,0.036507937
1566,Dassa-Zoumé,1,0.833333333
1567,Gourcy,0,0.0
1569,Homel,2,0.222222222
1570,Santa Cruz de la Sierra,2,0.384332925
1571,Vilhena,1,0.5
1572,Edmonton,2,0.167258523
1574,Coronel,1,0.389473684
1575,Altay,1,0.277777778
1576,Gagnoa,1,0.485714286
1577,Mbouda,1,0.232142857
1578,Kasongo-Lunda,1,0.714285714
1579,Dongou,1,1.0
1580,Santander de Quilichao,1,0.636363636
1581,Bayamo,1,0.256756757
1583,San Francisco de Macoris,1,0.396825397
1584,Sig,1,0.44
1585,El Empalme,0,0.0
1586,Desouk,2,0.3125
1587,Cádiz,2,0.19375
1588,Metu,1,0.866666667
1589,Pau,1,0.05238829
1591,Obuasi,1,0.589041096
1592,Banankoro,1,0.727272727
1593,Chichicastenango,0,0.0
1594,Juticalpa,1,0.216666667
1595,Dessalines,1,1.0
1596,Medan,4,0.373186303
1597,Mundra,0,0.0
1598,Maragheh,1,0.325
1599,Al Khan,1,0.523809524
1600,Milan,4,0.290008842
1602,Shieli,0,0.0
1603,Molo,0,0.0
1604,Cheongju-si,1,0.136655949
1605,Bayda,1,0.32
1607,Ben Guerir,1,0.461538462
1608,Los Mochis,1,0.126794258
1609,Mopti,1,0.5625
1610,Magway,1,0.375
1611,Dondo,1,0.538461538
1613,Madaoua,1,0.642857143
1614,Saki,1,0.842857143
1615,Siuna,0,0.0
1618,Wana,0,0.0
1619,Cutervo,0,0.0
1620,Tarlac City,1,0.190647482
1621,Świdnica,1,0.0433213
1622,Jongju,1,0.388888889
1623,Brasov,1,0.06595092
1624,Arkhangelsk,1,0.114503817
1625,Mecca,2,0.335329341
1626,Mellit,1,0.909090909
1627,Gossas,0,0.0
1628,Xawo Tako,1,1.0
1629,Leskovac,1,0.12745098
1630,Kaya,0,0.0
1631,Bza`a,1,0.205479452
1632,Laï,1,0.636363636
1633,Anié,1,0.666666667
1634,Chumphon,1,0.301886792
1635,Isfara,1,0.327272727
1636,Sidi Amor Bou Hajla,0,0.0
1637,Istanbul,1,0.498425197
1639,Mwanza,1,0.704347826
1640,Nimule,0,0.0
1641,Rivne,1,0.081585082
1642,Los Angeles,8,0.488805612
1644,Santa Rita,1,0.423728814
1645,Hòa Bình,1,0.377777778
1646,Dhamar,1,0.636363636
1647,Port Elizabeth,4,0.456112853
1650,Samangan,1,0.916666667
1651,Vila Nova do Seles,1,1.0
1652,Tartagal,1,0.384615385
1653,Campbelltown,2,0.112804878
1654,Lankaran,1,0.441558442
1655,Ruyigi,0,0.0
1656,Liège,2,0.051291513
1657,Cotonou,1,0.813819578
1658,Yako,1,1.0
1659,Bodorganj,1,0.526315789
1661,Yacuiba,1,0.555555556
1662,Itacoatiara,1,0.666666667
1663,Regina,1,0.126388889
1665,Chiguayante,1,0.260869565
1666,Kuytun,1,0.442307692
1667,Sinfra,1,0.576923077
1668,Bafoussam,1,0.545454545
1669,Kenge,1,0.666666667
1670,Impfondo,1,0.85
1671,Chigorodó,1,0.75
1672,Contramaestre,1,0.323529412
1674,Santo Domingo,2,0.324273072
1675,Mostaganem,1,0.20754717
1676,Milagro,1,0.134502924
1677,Sadat City,1,0.528301887
1679,Uallaga,0,0.0
1680,Caen,1,0.043874172
1681,Torquay,1,0.107317073
1682,Mampong,1,0.7
1683,Kankan,1,0.647887324
1684,Santa Cruz Barillas,1,0.666666667
1685,Petite-Rivière-de-l'Artibonite,1,1.0
1687,Salaya,0,0.0
1688,Miandoab,1,0.273809524
1689,Gaiyara,2,0.303797468
1690,Como,1,0.240875912
1691,Ube,1,0.209302326
1692,Temirtau,1,0.182608696
1693,Narok,0,0.0
1694,Chungju-si,1,0.113207547
1695,Derna,1,0.3125
1696,Trincomalee,2,0.567567568
1698,Heroica Caborca,1,0.396551724
1699,Socoura,1,0.75
1700,Myitkyina,2,0.328205128
1701,Inhambane,1,0.958333333
1702,Seremban,1,0.198675497
1703,Guidan Roumdji,1,0.857142857
1705,Bilwi (Puerto Cabezas),1,0.681818182
1706,Hoorn,1,0.081433225
1708,Hub,1,0.333333333
1709,Cajamarca,1,0.406779661
1711,Wroclaw,1,0.053490481
1712,Taechon,1,0.777777778
1713,Suceava,1,0.054404145
1714,Tver,1,0.187192118
1716,UNNAMED,1,0.9
1717,Darou Mousti,1,0.583333333
1718,Beledweyne,1,0.944444444
1720,Malakal,1,0.53125
1721,As Suwayda,1,0.289156627
1722,Gore,1,0.466666667
1723,Tsévié,1,0.714285714
1724,Nakhon Pathom,1,0.274336283
1725,Kulob,1,0.463414634
1726,Kairouan,1,0.65625
1728,Chiayi,1,0.187347932
1729,Nansio,1,1.0
1731,Chernivtsi,1,0.079701121
1732,Petaluma,1,0.085616438
1733,Katta-Kurgan,2,0.414364641
1734,Mérida,1,0.136
1736,Yarim,1,0.555555556
1737,Kimberley,1,0.659340659
1738,Chililabombwe,1,0.558823529
1739,Triangle,0,0.0
1740,Kunduz,1,0.448275862
1741,M'banza Congo,1,0.403225806
1742,San Fernando del Valle de Catamarca,1,0.352564103
1744,Baku,2,0.397520661
1745,Butihinda,0,0.0
1747,Banikoara,0,0.0
1748,Leo,1,1.0
1749,Rajshahi,2,0.375
1750,Parintins,1,0.933333333
1751,Saskatoon,1,0.100795756
1752,Lugano,1,0.112
1753,Melipilla,1,0.045226131
1754,Kuqa,1,0.307189542
1755,Bouaflé,1,0.62962963
1756,Ndop,1,0.6
1757,Bandundu,1,0.692307692
1758,Bétou,1,1.0
1759,Palmira,1,0.465517241
1760,Holguín,1,0.231788079
1761,Münster,1,0.081023454
1762,San Pedro de Macorís,1,0.3875
1763,Mohammadia,1,0.4
1764,Babahoyo,1,0.4375
1765,Itay el-Barud,1,0.246376812
1766,Cáceres,0,0.0
1767,Guyi,0,0.0
1768,Le Havre,1,0.076233184
1769,Bridgend,1,0.046511628
1770,Ejura,1,0.714285714
1771,Siguiri,1,0.84375
1772,Santa María Nebaj,1,0.777777778
1773,Saint Michel de l’Attalaye,1,1.0
1774,Lepar Samura,2,0.194805195
1775,Khambhaliya,1,0.842105263
1776,Baneh,1,0.535714286
1777,Hajiruk,1,0.21875
1778,Pavia,1,0.072463768
1779,Muroran,1,0.235772358
1780,Karaganda,2,0.262798635
1781,Nakuru,1,0.54494382
1782,Daejeon,1,0.203796204
1783,Tobruk,1,0.330434783
1784,Badulla,1,0.223404255
1785,Casablanca,3,0.50273224
1786,Hermosillo,1,0.576512456
1787,Timbuktu,1,0.916666667
1788,UNNAMED,0,0.0
1789,Beira,1,1.0
1790,Kota Bharu,1,0.332474227
1792,Ago Are,0,0.0
1793,Utrecht,2,0.125120308
1795,Usta Muhammad,1,0.416666667
1796,Chimbote,2,0.294444444
1797,Angeles [San Fernando],6,0.416126043
1798,Gniezno,1,0.04556962
1799,Jonchon,0,0.0
1800,Târgoviște,1,0.092391304
1801,Bryansk,4,0.143362832
1802,At Taif,1,0.217777778
1803,UNNAMED,1,1.0
1804,Guinguinéo,0,0.0
1805,Burao,1,0.884615385
1807,Bor,1,0.620689655
1808,Manbij,1,0.48
1809,Doba,1,0.80952381
1810,Tchamba,1,0.888888889
1811,Phetchaburi,1,0.209090909
1812,Khorugh,0,0.0
1813,Gabes,1,0.597938144
1814,Aydin,1,0.167630058
1815,Tainan,1,0.282517483
1816,Iwambi,1,0.542857143
1817,Gulu,1,0.857142857
1818,Kamianets-Podilskyi,1,0.065395095
1820,Qarshi,1,0.42816092
1821,Cabimas,1,0.302884615
1822,Thái Nguyên,1,0.336898396
1823,Ad Dala,1,0.777777778
1825,Chingola,1,0.533333333
1827,Puli Khumri,1,0.666666667
1828,Gabela,1,0.411764706
1829,San Rafael,1,0.305555556
1830,Sydney,2,0.365885081
1832,Muyinga,1,0.866666667
1833,Ouèssè,1,1.0
1834,Ouagadougou,1,0.536343612
1835,Joypurhat,1,0.365384615
1836,Tangará da Serra,1,0.361702128
1837,Winnipeg,1,0.102904267
1839,San Felipe,1,0.0591133
1840,Karakash,1,0.260869565
1841,Lakota,0,0.0
1842,Foumbot,1,0.631578947
1843,Mbandaka,1,0.875
1844,Buga,1,0.166666667
1845,Palma Soriano,1,0.302325581
1846,Koblenz,2,0.089324619
1847,La Romana,1,0.228395062
1848,Mascara,1,0.261904762
1849,El Carmen,1,0.1875
1850,Shubra Khit,1,0.666666667
1852,Shewa Ghimira,0,0.0
1853,Angoulême,1,0.034482759
1854,Exeter,1,0.028362306
1855,Cape Coast,2,0.402515723
1856,Nzérékoré,1,0.592105263
1857,Escuintla,1,0.085714286
1858,La Croix,1,0.666666667
1860,Ramsar,0,0.0
1861,بوکان,1,0.490196078
1862,Hīt,1,0.34375
1863,Lecco,1,0.153846154
1864,Izumo,1,0.093283582
1865,Turkestan,1,0.8375
1867,Iksan-si,1,0.112179487
1868,Valaichchenai EP,1,0.277777778
1869,Settat,1,0.377777778
1870,Ciudad Obregón,2,0.217391304
1871,Gao,1,0.814814815
1872,Mandalay,2,0.337588652
1873,Massinga,1,0.512195122
1874,Melaka City,1,0.386847195
1875,Maradi,1,0.577981651
1876,Eruwa Titun,1,0.555555556
1877,Tilburg,1,0.092261905
1879,Shahdadkot,1,0.441176471
1880,Huamachuco,0,0.0
1882,Wejherowo,1,0.031339031
1883,Unsan,1,1.0
1884,Piatra Neamț,1,0.147826087
1885,Cherepovets,1,0.34529148
1886,Hail,1,0.418918919
1887,Ad Da'ein,1,1.0
1888,Goudomp,0,0.0
1889,Mogadishu,1,0.935483871
1890,Juba,1,0.54109589
1891,Kobani,1,0.571428571
1892,Kokanti,0,0.0
1894,Bangkok,2,0.527610928
1896,Arnavutköy,1,0.272727273
1897,Kaohsiung,3,0.426470588
1898,Nzega,1,0.916666667
1899,Kampala,1,0.724233983
1900,Khmelnytskyi,1,0.198606272
1901,Santa Rosa,1,0.06042885
1903,Ciudad Ojeda,1,0.244047619
1905,Rada'a,1,0.857142857
1906,Makhanda (Grahamstown),1,0.515151515
1907,Kafue,1,0.555555556
1908,Glenclova,0,0.0
1909,Khanabad,1,0.411764706
1910,Quipungo,1,0.9
1911,San Carlos de Bariloche,1,0.298701299
1912,Newcastle,1,0.08707671
1913,Parakou,1,0.759615385
1914,Djibo,1,1.0
1915,Naogaon,1,0.212598425
1916,Cáceres,1,0.634146341
1917,Thunder Bay,0,0.0
1918,Sankt Gallen,1,0.03640257
1919,Los Andes,1,0.086956522
1920,Hotan,1,0.213333333
1921,Korhogo,1,0.52173913
1922,Kumbo,1,0.383333333
1924,Apartadó,1,0.785714286
1925,Santiago de Cuba,1,0.212871287
1926,Hamm,1,0.086956522
1927,Higüey,1,0.316455696
1928,Saida,1,0.279569892
1929,San Jacinto de Buena Fe,0,0.0
1930,Ezbet Ahmad al Ballasi,1,0.316666667
1931,Jerez,2,0.209059233
1932,Berciuma,0,0.0
1933,Le Mans,1,0.033286119
1934,Larbert,1,0.043912176
1935,Assin Fosu,1,0.576923077
1936,Sinko,1,1.0
1937,Chimaltenango,1,0.129032258
1938,Mirebalais,1,1.0
1940,Rajouri,1,0.473684211
1941,Ahar,1,0.342105263
1942,Baiji,1,0.237288136
1943,Bergamo,1,0.158176944
1944,Ōmuta,1,0.210526316
1945,Pavlodar,1,0.341040462
1946,Nyahururu,0,0.0
1947,Gangneung-si,1,0.183431953
1948,Batticaloa,1,0.472727273
1949,Berrechid,1,0.278688525
1950,Navojoa,1,0.274336283
1951,Madaya,1,0.833333333
1952,Manga,1,0.869565217
1953,Muar,1,0.213592233
1955,Ikorodu,2,0.748847926
1956,Almere,3,0.166666667
1958,Dera Murad Jamali,1,0.428571429
1959,Barranca,1,0.1875
1960,Bayombong,1,0.327586207
1961,Bydgoszcz,1,0.044035228
1962,Unjon,1,1.0
1963,Botoșani,1,0.073593074
1964,Kaluga,1,0.120567376
1965,Al Hawiyah,1,0.441666667
1966,UNNAMED,0,0.0
1967,Touba,1,0.905660377
1968,Dhuusamareeb دوسمريب,0,0.0
1969,Nimule,1,1.0
1970,Al-Tabqah,1,0.348837209
1971,بيجوندو Bedjomo,0,0.0
1973,Surat Thani,1,0.220125786
1974,Hammamet,1,0.384615385
1975,Ödemiş,1,0.294117647
1977,Mbeya,1,0.629411765
1979,Zhytomyr,1,0.088607595
1980,Concord,4,0.307621671
1981,Samarkand,2,0.417981073
1982,Arauca,1,0.428571429
1984,Al Mansurah,2,0.625
1985,Mafikeng,1,0.565217391
1986,Lusaka,2,0.507402423
1988,Chaman,1,0.423076923
1989,Ganda,1,0.8
1990,Santiago del Estero,1,0.259358289
1991,Toowoomba,1,0.090311987
1992,Porto-Novo,1,0.76744186
1993,Kongoussi,0,0.0
1995,Itaituba,1,0.642857143
1996,Detroit,1,0.098614507
1998,Shihezi,1,0.341085271
1999,Diégonéfla,1,0.888888889
2000,Nkambe,0,0.0
2001,Kikwit,1,0.612068966
2002,Tuluá,1,0.256410256
2003,Guantanamo,1,0.409836066
2004,Osnabrück,1,0.053435115
2005,Relizane,1,0.266666667
2006,Quevedo,1,0.351648352
2007,Al Balakus,1,0.470588235
2008,Seville,3,0.146079484
2009,Shehibi,1,1.0
2010,Poitiers,1,0.023846154
2011,Livingston,1,0.09623431
2012,Konongo,1,0.473684211
2013,Ciudad Vieja [Antigua Guatemala],1,0.324675325
2014,Cap-Haitien,1,0.619047619
2015,Pandan,2,0.411764706
2017,Saqqez,1,0.633333333
2018,Erbil,1,0.311724138
2019,Cagliari,1,0.166666667
2020,Tomakomai,1,0.215231788
2021,Jetisay,1,0.535714286
2022,Naivasha,1,0.575757576
2023,Jecheon-si,1,0.103658537
2025,Deroua,1,0.276595745
2026,Guasave,1,0.092592593
2028,Caia,1,0.714285714
2029,Kuala Terengganu,1,0.395918367
2030,Tchadoua,1,1.0
2031,Iseyin,1,0.882352941
2032,Hilversum,2,0.168269231
2033,Itahari,1,0.644897959
2034,Karachi,1,0.618694362
2035,Huaraz,1,0.274193548
2037,Gdansk,3,0.121355932
2039,Ploiești,1,0.05371248
2040,Obninsk,1,0.064864865
2041,Al Lith,0,0.0
2042,Umm Kadadah,1,1.0
2044,Erigavo,1,1.0
2047,Koumra,1,0.823529412
2048,Lopburi,1,0.704225352
2049,Sousse,2,0.431192661
2050,Salihli,1,0.142857143
2052,Shinyanga,1,0.595238095
2054,Berdychiv,1,0.176923077
2056,Guzar,1,0.409090909
2057,Socopó,1,0.203125
2060,Bloemfontein,1,0.543209877
2061,Kitwe,1,0.537383178
2062,Bindura,0,0.0
2064,Balombo,0,0.0
2065,San Luis,1,0.302158273
2066,Aitkenvale,1,0.187179487
2067,Kétou,1,0.6
2068,Kombissiri,0,0.0
2069,Meherpur,1,0.275862069
2070,Corumbá,1,0.705882353
2072,Santiago,4,0.286007527
2073,Changji/Sanji,2,0.265765766
2074,Oumé,1,0.642857143
2075,Foumban,1,0.631578947
2076,Makanza,1,1.0
2077,Pitalito,1,0.736842105
2078,Baracoa,1,0.56
2079,Kaiserslautern,1,0.052631579
2080,El Abiodh Sidi Cheikh,1,1.0
2081,Cantón Santo Domingo de los Tsachilas,1,0.192439863
2084,K'Umbabe,0,0.0
2085,Tours,1,0.0498132
2086,Cardiff,3,0.11581002
2087,Navrongo,0,0.0
2088,Joyabaj,0,0.0
2089,Hinche,1,0.428571429
2090,Tarutung,1,0.152542373
2091,Srinagar,2,0.437810945
2092,Shahindezh,0,0.0
2093,Ramadi,1,0.362244898
2094,Piacenza,1,0.095081967
2095,Hōfu,1,0.176470588
2096,Shymkent,3,0.537717602
2098,Jeonju,1,0.174329502
2099,Kalmunai,2,0.36
2100,El Kelaa des Sraghna,1,0.371428571
2101,Guamúchil,1,0.447368421
2102,Mogok,1,0.571428571
2103,Morrumbala,1,1.0
2104,Batu Pahat,1,0.356435644
2105,Mayahi,1,1.0
2106,Kamba,1,0.692307692
2107,'s-Hertogenbosch,2,0.072009292
2109,Khairpur Nathan Shah,1,0.323529412
2110,Huacho,1,0.257731959
2112,Ostrów Wielkopolski,1,0.064814815
2113,Chongnam,1,0.733333333
2114,Bucharest,1,0.12434242
2115,Zelenograd,1,0.081683168
2116,Qunfudhah,0,0.0
2117,UNNAMED,1,1.0
2118,Sédhiou,1,1.0
2119,Las Anod,1,0.888888889
2120,Renk,1,0.647058824
2121,Ar Raqqah,1,0.195804196
2122,مويسالا Moïssala,0,0.0
2123,Phra Nakhon Si Ayutthaya,1,0.471428571
2126,Luodong,2,0.240963855
2127,Kyela,1,1.0
2129,Vinnytsia,1,0.077878104
2131,Shahrisabz,1,0.448453608
2132,Ciudad Bolivia,0,0.0
2135,Komani (Queenstown),1,0.533333333
2136,Mufulira,1,0.527777778
2137,Marondera,1,0.739130435
2138,Taloqan,1,0.573529412
2139,Matala,1,0.666666667
2140,Villa Carlos Paz,1,0.164893617
2141,Cairns,1,0.112462006
2142,Pobè,1,0.785714286
2143,Ziniaré,0,0.0
2144,নাটোর,1,0.303921569
2145,Sorriso,1,0.452380952
2146,Sarnia,1,0.109974425
2148,Keriya,1,0.538461538
2149,Divo,1,0.622222222
2150,Ebolowa,1,0.88
2151,Idiofa,1,0.692307692
2152,La Plata,0,0.0
2153,Oldenburg,1,0.116600791
2154,Oued Rhiou,1,0.388888889
2155,City of Loja,1,0.5
2156,Qaryat Salah al Din,1,0.484848485
2157,Avilés,1,0.196078431
2158,Sigmo,1,1.0
2159,Rouen,1,0.053304904
2160,Dunfermline,1,0.042301184
2161,Atebubu,1,0.65
2162,Guatemala City,3,0.348346235
2163,Thomassique,0,0.0
2164,Pematang Siantar,1,0.286307054
2165,Porbandar,1,0.342105263
2166,Marivan,1,0.576923077
2167,Tikrit,1,0.337662338
2168,La Spezia,1,0.11440678
2169,Matsue,1,0.140625
2170,Saryagash,1,0.5
2171,Nairobi,4,0.720605355
2172,Mokpo-si,1,0.181102362
2173,Akkaraipattu,1,0.607142857
2174,Ouarzazate,1,0.448275862
2175,Culiacán,1,0.137550201
2176,Bhamo,1,0.333333333
2177,Lichinga,1,0.8
2178,Kuantan,2,0.337349398
2179,Aguié,1,0.857142857
2180,Sagamu,2,0.365079365
2181,Amersfoort,1,0.09430605
2183,Johi,1,0.434782609
2184,Moyobamba,1,0.215686275
2185,Balanga,2,0.459677419
2186,Inowrocław,1,0.030947776
2187,Huichon,2,0.619047619
2188,Ruse,0,0.0
2190,Rafha,1,0.566666667
2191,Ghubaysh,1,1.0
2192,Richard-Toll,1,0.8125
2193,Galkayo,1,0.818181818
2194,Torit,1,1.0
2196,نيتكتن Bitkine,1,0.833333333
2198,Tataouine,1,0.551724138
2199,Bursa,2,0.292525773
2200,Hualien,1,0.452991453
2201,Musoma,1,0.871794872
2202,Lira,1,0.711111111
2203,Kyiv,2,0.127621861
2204,Tijuana,6,0.30964467
2205,Gallaorol,0,0.0
2206,Valera,1,0.094555874
2207,Hanoi,14,0.406620103
2208,Al Beidha,1,0.7
2210,Kabwe,1,0.774193548
2211,Mutare,1,0.571428571
2212,Charikar,1,0.653846154
2213,Calulo,1,0.777777778
2214,Villa Mercedes,1,0.262711864
2217,Kaya,1,1.0
2218,Ulipur,1,0.35625
2219,Cuiabá,1,0.511930586
2220,London,1,0.05988024
2221,Talca,1,0.139240506
2222,Wujiaqu,1,0.263157895
2223,Yamoussoukro,1,0.32
2224,Bafia,1,0.80952381
2225,Gemena,1,0.620689655
2226,Cartago,1,0.472222222
2227,Basel,0,0.0
2228,Frenda,1,0.818181818
2229,Cuenca,1,0.223350254
2230,Geziret Nikla,1,0.785714286
2231,Oviedo,1,0.063829787
2232,UNNAMED,0,0.0
2233,Limoges,1,0.036299766
2234,Taunton,1,0.027142857
2235,Akim Oda,1,0.588235294
2237,Ouanaminthe,1,0.923076923
2238,Tebing Tinggi,1,0.312
2239,Gandhidham,2,0.440677966
2240,Sarpol-e Zahab,0,0.0
2241,Soran,1,0.475
2242,Cremona,1,0.072222222
2243,Hakodate,1,0.24024024
2245,Ongata Rongai,1,0.5
2246,Gwangju,1,0.179754021
2247,Khouribga,1,0.567567568
2248,Mazatlán,1,0.201923077
2249,Aunglan,1,0.444444444
2250,Milange,1,0.916666667
2251,Dungun,1,0.26744186
2252,Agadez,1,0.9
2253,Ishara,2,0.333333333
2254,Eindhoven,2,0.094134685
2255,Damak,0,0.0
2256,Mehar,1,0.333333333
2257,Huaral,1,0.097087379
2258,San Jose,1,0.246376812
2259,Kalisz,1,0.043189369
2260,Anju,3,0.377777778
2261,Bacău,1,0.074257426
2262,Moscow,8,0.207234898
2263,Al Makhwah,0,0.0
2264,UNNAMED,0,0.0
2265,Kaffrine,1,1.0
2266,Garoowe,1,0.833333333
2267,Deir Ez Zor,1,0.230769231
2268,Ati,1,1.0
2269,Saraburi,1,0.176829268
2270,Medenine,1,0.6
2271,Nazilli,1,0.276595745
2272,Taitung,1,0.340909091
2273,Igunga,0,0.0
2274,Lugazi,1,0.333333333
2275,Bila Tserkva,1,0.076923077
2276,Santa Clarita,0,0.0
2277,Urgut,1,0.681818182
2278,Barinas,1,0.185676393
2279,Đại Nghĩa,1,0.182539683
2280,Lawdar,1,0.857142857
2281,Botshabelo,2,0.74025974
2282,Luanshya,1,0.744186047
2283,Ghazni,1,0.866666667
2284,N'dalatando,1,0.483870968
2285,Cordoba,1,0.188457008
2286,Gold Coast,3,0.133171913
2287,Kandi,1,0.875
2288,Boulsa,0,0.0
2289,Bogura,7,0.159728945
2290,Sinop,1,0.355140187
2291,Sault Ste. Marie,1,0.486111111
2292,Curicó,1,0.06043956
2293,Ürümqi,1,0.339063992
2294,Ferkéssédougou,1,0.863636364
2295,Yaounde,1,0.547202797
2296,Basankusu,1,0.916666667
2297,Pereira,1,0.463768116
2298,Siegen,1,0.074698795
2300,Guaranda,0,0.0
2301,Al Kafr al Bahri,1,0.615384615
2302,Algeciras,2,0.185185185
2303,Chagni,1,1.0
2304,Toulouse,1,0.075880759
2305,Edinburgh,1,0.089779006
2306,Tamale,1,0.944
2307,Cubulco,0,0.0
2308,Padang Sidempuan,1,0.251572327
2309,Bhanvad,0,0.0
2310,Pars Abad,1,0.441176471
2311,Samarra,1,0.341463415
2312,Brescia,1,0.146428571
2313,Shunan,1,0.237113402
2314,Taraz,1,0.382716049
2316,Gumi-si,1,0.124767225
2317,Rabat,2,0.339622642
2318,Puerto Vallarta,2,0.238317757
2319,UNNAMED,0,0.0
2320,Nicoadala,1,0.625
2321,Chukai,1,0.204918033
2322,Gazaoua,0,0.0
2324,Veenendaal,2,0.08388521
2325,Birtamod,1,0.529411765
2326,Qambar,1,0.321428571
2327,Lima,1,0.463932107
2328,Tuguegarao,1,0.268518519
2329,Tczew,1,0.038043478
2331,Buzău,1,0.058064516
2332,Vologda,1,0.119331742
2333,Afif,0,0.0
2334,Muglad,1,0.928571429
2335,Dahra Djoloff,1,1.0
2336,Bosaso,1,1.0
2337,Al-Hasakah,1,0.451219512
2338,Sarh,1,0.771428571
2340,Sfax,1,0.512676056
2341,Gemlik,1,0.112149533
2342,Bunda,1,0.916666667
2343,Jinja,2,0.699029126
2345,Napa,1,0.186046512
2346,Jizzax,1,0.459090909
2347,Boconó,1,0.234042553
2349,Al Qatn,1,0.615384615
2350,Jouberton,1,0.6
2351,Ndola,1,0.644171779
2352,Kabul,2,0.52758133
2353,Caconda,1,0.409090909
2354,Neuquén,2,0.254612546
2355,Brisbane,5,0.280534351
2356,Nikki,1,0.785714286
2357,Pouytenga,1,0.941176471
2358,Gaibandha,1,0.402985075
2359,Santarém,1,0.243781095
2360,Kitchener,2,0.163650669
2361,San Fernando,1,0.115384615
2362,Fukang,1,0.285714286
2363,Ouangolodougou,1,0.727272727
2364,Mbalmayo,1,0.583333333
2365,Karawa,1,1.0
2366,Garzón,1,0.296296296
2368,Ash Shalif,2,0.251282051
2369,Riobamba,1,0.240601504
2370,Kafr Dinshawai,1,0.382978723
2371,Salamanca,1,0.104046243
2372,Bedele,1,1.0
2373,Chartres,1,0.04743083
2374,Liverpool,3,0.428709056
2375,Bolgatanga,1,0.641025641
2377,Kisaran,1,0.410958904
2378,Pampore,1,0.375
2379,Meshginshahr,1,0.48
2380,Kirkuk,1,0.31880109
2381,Massa,1,0.265217391
2382,Kumamoto,1,0.147818344
2383,Semey,1,0.448275862
2385,Suncheon-si,1,0.152542373
2386,Ain El Aouda,1,0.583333333
2387,Manzanillo,1,0.204545455
2388,Tan Soe တံစိုး,1,0.325
2389,Quelimane,1,0.822222222
2390,Kluang,1,0.264150943
2391,Tessaoua,1,0.555555556
2393,Leeuwarden,1,0.039408867
2394,Nasirabad,1,0.333333333
2395,Tarapoto,1,0.196428571
2397,Opole,1,0.033860045
2398,Mundok,1,1.0
2399,Iași,1,0.131868132
2400,Oryol,1,0.127819549
2401,Muhayil,0,0.0
2402,Babanusah,1,1.0
2403,Dagana,0,0.0
2404,Qardho City,1,0.833333333
2405,Qamishli,1,0.420289855
2406,Mongo,1,1.0
2407,Thung Song,0,0.0
2408,Al Munastir,1,0.416666667
2410,Tarime,1,1.0
2411,Iganga,1,0.430555556
2412,Chernihiv,1,0.125
2413,Antioch,2,0.216174184
2414,Sirdaryo,1,0.485714286
2415,Carora,1,0.294117647
2417,Seiyun,1,0.444444444
2418,Uitkomsdal,1,0.34
2419,Kapiri Mposhi,1,0.395833333
2420,Bagram,1,0.485714286
2421,Waku Kungo,1,0.416666667
2424,Malanville,1,0.909090909
2425,Tenkodogo,1,1.0
2426,Chuadanga,1,0.916666667
2427,Rondonópolis,1,0.4375
2428,Brantford,1,0.112149533
2429,Chillán,1,0.163793103
2430,Tianshan,1,0.540540541
2431,Bouaké,1,0.378571429
2432,Banyo,1,0.769230769
2433,Ilebo,1,1.0
2434,Florencia,1,0.620689655
2435,Freiburg im Breisgau,1,0.067476383
2436,Tiaret,1,0.410958904
2437,Ambato,1,0.271653543
2439,Gijón,1,0.264248705
2440,Nekemte,1,0.885714286
2441,Boulogne-sur-Mer,1,0.062972292
2443,Savelugu,1,0.588235294
2444,Playa Grande Ixcán,0,0.0
2445,Panyabungan,1,0.234042553
2446,Jamnagar,1,0.465408805
2447,Javanrud,1,0.545454545
2448,Fallujah,1,0.271428571
2449,Parma,1,0.083333333
2450,Yonago,1,0.120512821
2451,Ayagoz,0,0.0
2453,Daegu,1,0.127498889
2454,Souk Sebt Oulad Nemma,1,0.4
2455,Heroica Nogales,1,0.429824561
2456,Meiktila,1,0.217741935
2457,Cuamba,1,0.785714286
2460,Igboho,1,0.826086957
2462,Dera Allah Yaar,1,0.333333333
2463,Yurimaguas,1,0.5
2465,Toruń,1,0.048681542
2466,Kujang,0,0.0
2467,Oltenița,0,0.0
2468,Serpukhov,1,0.215686275
2469,البدائع,0,0.0
2470,En Nahud,1,0.9
2471,Kolda,1,0.896551724
2472,Al Qurayya,0,0.0
2473,Faya-Largeau,1,1.0
2474,Trang,1,0.191489362
2475,Ksar Hellal,1,0.630434783
2476,Yalova,1,0.255639098
2478,Opuyo,1,0.666666667
2479,Uman,1,0.201834862
2481,Tashkent,4,0.509928515
2482,Punto Fijo,1,0.340425532
2483,Thọ Xuân,0,0.0
2484,Tarim,1,0.555555556
2485,Kutlwanong,0,0.0
2486,Nchelenge,1,0.884615385
2488,Uíge,1,0.260869565
2489,General Roca,1,0.234693878
2491,Koupéla,1,1.0
2492,Ishurdi,2,0.28125
2493,Pedro Juan Caballero,0,0.0
2495,Rancagua,1,0.143243243
2496,Yanqi,0,0.0
2497,Dabou,1,0.75
2498,Sangmélima,1,0.916666667
2499,Tshikapa,1,0.658227848
2500,Tierralta,1,0.666666667
2501,Bremerhaven,1,0.136054422
2502,Sougueur,1,0.526315789
2503,Latacunga,1,0.132947977
2504,Kafr Al-Sheikh,1,0.37755102
2505,Ceuta,1,0.625
2506,Dembi,0,0.0
2507,Mantes-la-Jolie,1,0.027638191
2508,Weston-super-Mare,1,0.063180828
2509,Walewale,1,0.909090909
2511,Tanjung Balai,1,0.32038835
2512,Chauhatan,0,0.0
2513,Tikab,1,0.6
2514,Chamchamal,1,0.585365854
2515,Viareggio,0,0.0
2516,Kitami,1,0.252336449
2517,Oskemen,1,0.255725191
2518,Nyeri,1,0.315789474
2519,Geumseong-myeon,1,0.273809524
2520,Fkih Ben Salah,1,0.484848485
2521,Tecoman,1,0.163793103
2522,Taungdwingyi,1,0.321428571
2523,Namacurra,0,0.0
2524,Singapore,2,0.354246366
2525,Tanout,1,1.0
2526,Ibadan,1,0.484388186
2528,Dadu,1,0.271186441
2531,Gronowo Górne,1,0.144736842
2533,Focșani,1,0.083333333
2535,Bisha,1,0.241935484
2536,UNNAMED,1,1.0
2537,Podor,0,0.0
2538,Abu Kamal,1,0.444444444
2539,كيابي Kyabé,1,0.8
2540,Chonburi,1,0.338645418
2541,Mahdia,0,0.0
2542,İnegöl,1,0.278688525
2543,Makambako,1,0.431372549
2544,Busesa,0,0.0
2545,Nizhyn,0,0.0
2546,Fairfield,2,0.227564103
2548,Guanare,1,0.30952381
2550,Al Mutadarririn,2,0.529411765
2551,Bronville,1,0.6125
2552,Mansa,1,0.708333333
2553,Fayzabad,1,1.0
2554,Negage,0,0.0
2555,Río Cuarto,1,0.405660377
2557,Bitou,0,0.0
2558,Alamdanga,1,0.290322581
2559,Campo Grande,1,0.481624758
2560,Guelph,1,0.133171913
2561,Linares,1,0.131578947
2562,Qitai,1,0.565217391
2563,Agboville,1,0.619047619
2564,Ngaoundal,1,0.55
2565,Businga,1,1.0
2566,Armenia,1,0.652173913
2568,Lardjem,0,0.0
2569,Quito,2,0.300573888
2571,León,1,0.157894737
2572,Agaro,1,0.894736842
2573,Calais,1,0.055201699
2574,Blackpool,1,0.24291498
2575,Nkawkaw,1,0.567567568
2576,San Cristobal Verapaz,0,0.0
2577,Gunung Tua,1,0.333333333
2578,Pulwama,1,0.31147541
2579,Divandarreh,0,0.0
2580,Tuz Khormato,1,0.25
2581,Livorno,1,0.316546763
2582,Yatsushiro,1,0.123966942
2583,Almaty,1,0.34623431
2585,Sora-myeon,1,0.183673469
2586,Kenitra,1,0.333333333
2587,Tepic,1,0.123791103
2588,Myittha,0,0.0
2589,Mocuba,1,0.892857143
2591,Magaria,1,1.0
2592,Kishi,1,0.952380952
2593,Maastricht,2,0.157107232
2594,Jacobabad,1,0.5
2595,Huánuco,1,0.296296296
2596,Cabanatuan,1,0.27014218
2597,Rybnik,2,0.046357616
2599,Călărași,0,0.0
2601,Buraydah,1,0.269021739
2602,UNNAMED,1,1.0
2605,Umm Hajar,1,1.0
2606,Laem Chabang,1,0.316872428
2607,Ben Gardane,0,0.0
2608,İzmit,2,0.365019011
2609,Singida,1,1.0
2610,Busia,2,1.0
2611,Pervomaisk,1,0.257575758
2612,Tracy,1,0.338582677
2613,Sherobod,1,0.617021277
2614,El Tocuyo,1,0.239130435
2619,Pul-i-Alam,0,0.0
2620,Ondjiva,1,0.608695652
2621,Villa María,1,0.465517241
2622,Maroochydore,2,0.113662457
2623,Manni,0,0.0
2624,Barkhada,1,0.241758242
2625,Uruguaiana,1,0.416666667
2626,Toronto,7,0.262799465
2627,Los Ángeles,1,0.096345515
2628,Turpan,1,0.375
2629,Abidjan,1,0.462107209
2630,Garoua,1,0.714285714
2631,Boende,1,0.888888889
2632,Calarcá,0,0.0
2634,Tissemsilt,1,0.458333333
2636,Qotur,1,0.291666667
2637,Marbella,1,0.202797203
2638,Shahura (Alefa),0,0.0
2639,Orléans,1,0.061377246
2640,Southport,1,0.4
2641,Agona Swedru,1,0.604166667
2642,Salamá,0,0.0
2643,Rantau Prapat,1,0.279661017
2644,Bhachau,1,0.7
2645,Mianeh,1,0.545454545
2646,Saab Al Bour,1,0.379310345
2647,Pisa,1,0.07037037
2648,Hiroshima,2,0.256922086
2649,Taldykorgan,1,0.465116279
2650,Kitengela,1,0.5
2651,Jinju-si,1,0.118025751
2652,Oued Zem,1,0.260869565
2653,Colima,1,0.157333333
2654,Wundwin,1,0.44
2655,Gurue,1,1.0
2656,Kuching,1,0.233928571
2657,Zinder,1,0.821428571
2658,Oyo,1,0.425531915
2659,Arnhem,3,0.071002387
2660,Bannu,2,0.430594901
2661,Cerro de Pasco,1,0.254901961
2663,Katowice,4,0.078876491
2664,Kaechon,1,0.518518519
2665,Galați,1,0.231481481
2667,Unaizah,1,0.121212121
2668,Dilling,1,0.592592593
2669,Koungheul,1,1.0
2670,Am Timan,1,1.0
2671,Nakhon Si Thammarat,1,0.213017751
2673,Songea,1,0.921568627
2674,Mbale,1,0.913043478
2675,Bilhorod-Dnistrovskyi,0,0.0
2676,Bakersfield,1,0.137137598
2677,Gulistan,1,0.506849315
2678,Quíbor,1,0.108108108
2680,Al Juwaibiyat,0,0.0
2681,East London,2,0.383870968
2682,Mkushi,0,0.0
2683,Mihtarlam,1,1.0
2684,Calilongue,1,0.25
2685,Presidencia Roque Sáenz Peña,1,0.376811594
2686,Bogandé,0,0.0
2688,Dourados,1,0.289156627
2690,Temuco,1,0.22962963
2691,Hami,1,0.336206897
2692,Daoukro,1,0.5
2693,Ngaoundéré,1,0.646341463
2694,Gbadolite,1,0.857142857
2695,Santa Rosa de Cabal,1,0.473684211
2697,Ain Defla,1,0.211267606
2698,Otavalo,1,0.099009901
2699,Shamma,0,0.0
2700,Córdoba,1,0.110344828
2701,Dangla,1,1.0
2702,Paris,5,0.240483919
2704,Asamankese,1,0.684210526
2705,Cobán,2,0.293577982
2706,Padang,1,0.545918367
2707,Shupiyan,0,0.0
2708,Eslamabad-e Gharb,1,0.255319149
2709,Baghdad,6,0.337921847
2710,Reggio nell'Emilia,1,0.077844311
2712,Thika,1,0.459459459
2713,Jeju-si,1,0.18972332
2714,Beni Mellal,1,0.360655738
2715,Ciudad Guzmán,1,0.459459459
2716,Pyin Oo Lwin,1,0.210526316
2717,Maganja,1,1.0
2718,Sibu,1,0.404040404
2719,Diffa,1,1.0
2720,Ijebu-Ode,1,0.527272727
2722,Larkana,1,0.229299363
2723,Tingo María,1,0.268292683
2724,Gapan,2,0.333333333
2725,Częstochowa,1,0.030381383
2727,Brăila,1,0.142156863
2728,Kursk,2,0.203781513
2729,Abha,1,0.254385965
2730,Kaduqli,1,0.518518519
2731,Vélingara,1,1.0
2732,Abéché,1,1.0
2733,Chachoengsao,1,0.403846154
2734,Denizli,1,0.203007519
2735,Ndiuka,1,0.583333333
2736,Amagoro B Central,0,0.0
2737,Odesa,2,0.136490251
2740,Coro,1,0.225352113
2741,Phủ Lý,1,0.242424242
2742,Shihr,1,0.764705882
2743,Potchefstroom,1,0.526785714
2744,Samfya,0,0.0
2745,Jalalabad,1,0.639751553
2746,Huambo,1,0.494736842
2747,San Francisco,1,0.418604651
2748,Dori,1,0.875
2750,Altamira,1,0.5
2751,St. Catharines,2,0.130909091
2752,Valdivia,1,0.475409836
2753,Dunhuang,0,0.0
2754,Adzopé,1,0.933333333
2755,Bertoua,1,0.686567164
2756,Lwebo,1,1.0
2757,Medellín,2,0.345375723
2759,Aflou,1,0.565217391
2760,Ibarra,1,0.492753623
2761,Tala,2,0.538461538
2762,Talavera de la Reina,1,0.092592593
2763,Bitilta Zebraro,0,0.0
2764,Dunkirk,1,0.081148564
2765,Chester,1,0.033457249
2766,Yeji,1,1.0
2768,Bagan Batu,0,0.0
2769,Jam Jodhpur,0,0.0
2770,Ilam,1,0.390625
2772,Verona,1,0.079032258
2773,Beppu,1,0.295081967
2774,Machakos,1,0.456521739
2775,Pohang-si,1,0.171096346
2776,Bejaad,1,0.545454545
2777,Agua Prieta,1,0.740740741
2778,Pyay,1,0.666666667
2779,Malema,0,0.0
2780,Bintulu,1,0.40625
2781,N'Guigmi,1,1.0
2783,Apeldoorn,1,0.072859745
2784,Khar,1,0.5
2785,Chincha Alta,1,0.258064516
2787,Lodz,2,0.076653307
2788,Sukchon,1,0.7
2789,Tulcea,0,0.0
2790,Elektrostal,2,0.107142857
2791,Khamis Mushait,1,0.20464135
2792,Dongola,1,0.463414634
2793,Madina Gounass,1,0.8
2794,أدري Adré,1,0.875
2795,Pattaya,1,0.390946502
2796,Uşak,1,0.222222222
2797,Dodoma,1,0.745098039
2798,Pryluky,0,0.0
2800,Chirchiq,1,0.269230769
2801,Barquisimeto,3,0.398373984
2802,Do Luong,0,0.0
2803,Kroonstad,1,0.615384615
2804,Luwingu,0,0.0
2805,Khost,1,0.96
2806,Bailundo,1,0.533333333
2807,Santa Rosa,1,0.576271186
2808,Cinkassé,1,0.4
2810,São Félix do Xingu,0,0.0
2812,Osorno,1,0.38372093
2813,Shigatse,1,0.225352113
2814,Grand-Bassam,1,0.6
2815,Mokolo,1,1.0
2816,Lisala,1,0.952380952
2818,Bielefeld,2,0.104540655
2819,Khemis Miliana,1,0.285714286
2820,Tulcán,1,0.55
2821,Faiyum,13,0.280230326
2822,Málaga,3,0.107680127
2823,UNNAMED,0,0.0
2824,Amiens,1,0.028697572
2825,Carlisle,1,0.07106599
2826,Winneba,1,0.442622951
2827,Jalapa,1,0.222222222
2828,Bukittinggi,1,0.18877551
2829,Tral,1,0.727272727
2830,Sanandaj,1,0.38028169
2831,Karbala,1,0.316109422
2832,Modena,1,0.079545455
2833,Kure,1,0.107317073
2834,Embu,1,0.485714286
2835,Changwon,1,0.196779964
2836,Kasba Tadla,1,0.666666667
2837,Guadalajara,2,0.3125
2838,Thazi,0,0.0
2839,Alto Molócue,0,0.0
2840,Tanjung Kidurong,0,0.0
2841,Kaiama,0,0.0
2842,Zwolle,1,0.030985915
2843,Wali Khel,1,0.541666667
2844,Huancayo,1,0.310526316
2845,Quezon City [Manila],12,0.574594706
2848,Ont’an-nodongjagu,1,0.666666667
2849,Constanța,1,0.181818182
2850,Yaroslavl,1,0.141818182
2851,Sabya,1,0.11
2852,Al-Ubayyid,1,0.9
2853,Tambacounda,1,0.78125
2854,Tina,1,1.0
2855,Phanat Nikhom,0,0.0
2856,Fethiye,1,0.409090909
2857,Karatu,0,0.0
2858,Smila,1,0.189189189
2859,Palmdale,2,0.07311828
2860,Jarqurgon,1,0.422535211
2862,Hưng Yên,1,0.28358209
2863,Rustenburg,2,0.427135678
2864,Serenje,0,0.0
2865,Katchiungo,0,0.0
2866,General Pico,1,0.75
2867,Fada N'Gourma,1,0.742857143
2869,São Borja,0,0.0
2871,Puerto Montt,1,0.160337553
2872,Golmud,1,0.535714286
2873,Abengourou,1,0.525
2874,Guider,1,0.941176471
2875,Mweka,1,0.9375
2876,Montería,1,0.425531915
2877,Bremen,3,0.153069153
2878,Ksar Chellala,1,0.538461538
2879,Nueva Loja,1,0.382978723
2881,Valladolid,1,0.103448276
2882,Jinka,1,0.875
2883,Creil,1,0.034755134
2884,Dundee,1,0.055509528
2885,Salaga,1,0.818181818
2886,Jutiapa,1,0.162162162
2887,Ujung Batu,1,0.306122449
2888,Barmer,1,0.636363636
2889,Ardabil,1,0.29338843
2890,At Tarimiyah,1,0.503649635
2891,Trento,1,0.078313253
2892,Ōita,1,0.267702936
2893,Meru,1,0.416666667
2894,Gyeongju-si,1,0.168067227
2895,Tiflet,1,0.666666667
2897,Pyawbwe,0,0.0
2898,Marrupa,0,0.0
2899,Kampong Luak,1,0.317460317
2900,Epe,1,0.543478261
2901,Heerlen,1,0.227758007
2902,Moro,1,0.181818182
2903,Pucallpa,1,0.571428571
2904,Santiago,1,0.338235294
2906,Phyongwon,1,1.0
2907,Tula,1,0.164634146
2909,Barah,0,0.0
2912,Nasuhlar,1,0.315789474
2913,Babati,0,0.0
2914,Cherkasy,1,0.139013453
2915,Manteca,1,0.106666667
2916,Termez,1,0.481481481
2917,Acarigua,1,0.274131274
2918,Hải Dương,2,0.457317073
2919,Khutsong,1,0.941176471
2920,UNNAMED,0,0.0
2921,UNNAMED,0,0.0
2922,Rafaela,1,0.333333333
2923,Kompienga,0,0.0
2924,Pabna,1,0.169172932
2927,Coyhaique,1,0.5
2928,Jiayuguan,1,0.457142857
2929,Aboisso,1,0.541666667
2930,Karewa,1,0.818181818
2931,Kakenge,1,0.538461538
2932,Manizales,1,0.395683453
2935,Tanta,4,0.305429864
2936,Palencia,1,0.113207547
2937,Addis Kidan,1,1.0
2938,Melun,1,0.038406828
2939,Lancaster,1,0.072144289
2940,Accra,2,0.586866598
2941,Fray Bartolomé de las Casas,0,0.0
2942,Payakumbuh,1,0.263736264
2943,Rapar,0,0.0
2944,Kamyaran,1,0.25
2946,Pistoia,0,0.0
2947,Obihiro,1,0.186046512
2950,Sidi Yahya du Gharb,1,0.25
2952,Pathein,1,0.453333333
2953,Iapala,0,0.0
2954,Miri,3,0.682926829
2955,Bunza,1,0.777777778
2956,Deventer,1,0.049115914
2957,Dir,1,1.0
2958,Pichanaki,1,0.303030303
2959,Nasugbu,1,0.35483871
2960,Płock,1,0.032069971
2961,Musan,1,0.515151515
2962,Orekhovo-Zouïevo,1,0.090196078
2963,Damad,0,0.0
2964,Al Rahad,1,0.8
2965,Kedougou,1,1.0
2966,Prachin Buri,1,0.365853659
2967,Kütahya,1,0.214285714
2968,Ifakara,1,0.888888889
2969,Shostka,1,0.11827957
2970,Stockton,1,0.434316354
2971,Denov,1,0.305970149
2972,Yaritagua,0,0.0
2973,Thanh Hóa,2,0.274390244
2976,Kasama,1,0.777777778
2977,Chinguar,0,0.0
2978,Venado Tuerto,1,0.38
2980,Ciudad del Este,1,0.412790698
2982,Punta Arenas,1,0.547169811
2983,Nagqu,1,0.916666667
2984,Agnibilékrou,1,0.733333333
2985,Mora,1,0.916666667
2986,Dilolo,1,1.0
2987,Neiva,1,0.292682927
2988,Karlsruhe,1,0.073959938
2989,Medea,1,0.324675325
2991,Collado Villalba,2,0.087912088
2992,Katab,0,0.0
2993,Lens,2,0.055248619
2994,Shrewsbury,1,0.035294118
2995,Suhum,1,0.5
2996,Chiquimula,1,0.268292683
2997,Solok,1,0.247311828
2998,Anantnag,2,0.322766571
3000,Kermanshah,1,0.453815261
3001,Al Khalis,1,0.482758621
3002,Bolzano - Bozen,1,0.071428571
3003,Tottori,1,0.154716981
3004,Ukunda,1,0.363636364
3006,Larache,1,0.333333333
3007,Lázaro Cárdenas,1,0.251968504
3008,Nawnghkio,1,0.714285714
3009,Gilé,0,0.0
3010,Kota Kinabalu,1,0.386877828
3011,Ijebu-Igbo,2,0.535714286
3013,Naudero,1,0.473684211
3014,Ayacucho,1,0.420454545
3016,Bielsko-Biała,1,0.033884949
3017,Onchon,1,1.0
3018,Kolomna,1,0.178807947
3019,Abu Arish,1,0.097560976
3020,Umm Ruwaba,1,0.769230769
3022,Sakarya [Adapazarı],1,0.225181598
3023,Arusha,1,0.787234043
3024,Konotop,1,0.12962963
3025,Modesto,1,0.168213457
3026,Uzun,1,0.432835821
3027,Duaca,1,0.16
3028,Ninh Bình,1,0.223021583
3030,Mpulungu,1,0.777777778
3031,Malanje,1,0.624
3032,Santa Fe,2,0.334572491
3033,Sirajganj,9,0.488549618
3035,Barrie,1,0.053910402
3036,Lhasa,1,0.371727749
3037,Bouna,0,0.0
3038,Banki,0,0.0
3039,Demba,1,0.833333333
3040,Cereté,0,0.0
3041,Mannheim,2,0.080092593
3042,Blida,1,0.24251497
3044,Ciudad Real,1,0.057692308
3045,Durbete,1,1.0
3047,Hereford,1,0.025641026
3048,Karaga,0,0.0
3049,Flores,1,0.5
3050,Bagan Siapi-api,1,0.472222222
3051,Pokaran,1,0.434782609
3052,Bijar,0,0.0
3053,Baqubah,1,0.204545455
3055,Kagoshima,2,0.208151383
3056,Mombasa,1,0.570934256
3057,Busan,6,0.369418133
3058,Khemisset,1,0.6
3059,Durango,1,0.255681818
3060,Myan Aung,1,0.5
3061,Ribaue,0,0.0
3062,Tawau,1,0.515625
3063,Dakingari,1,1.0
3064,Venlo,0,0.0
3065,Munda Qala,1,0.034482759
3066,Andahuaylas,0,0.0
3067,Lemery,2,0.671232877
3068,Olsztyn,1,0.048543689
3069,Hyesan,1,0.631578947
3070,Belgorod,1,0.121019108
3071,Samitah,1,0.2
3072,Abu Jibeha,1,0.9
3074,Eskisehir,2,0.31595092
3075,Mirerani,0,0.0
3076,Kropyvnytskyi,1,0.295180723
3077,Turlock,1,0.164021164
3078,Kokand,1,0.291366906
3079,Sabana de Parra,0,0.0
3080,Lạng Sơn,1,0.515151515
3081,Vanderbijlpark,1,0.440677966
3082,UNNAMED,1,0.833333333
3083,Chitembo,0,0.0
3085,Kotchadpur,0,0.0
3086,Macapá,2,0.456221198
3088,Jiuquan,1,0.232323232
3089,Bondoukou,1,0.714285714
3090,Gamboru,1,1.0
3091,Luiza,1,0.8125
3092,Lorica,1,0.277777778
3093,Frankfurt am Main,4,0.108937707
3094,Ksar El Boukhari,1,0.764705882
3096,Torrelavega,0,0.0
3097,Aykel,1,1.0
3098,Arras,1,0.057142857
3099,Bristol,2,0.099948744
3100,New Tafo Akim,1,0.5
3101,El Estor,1,0.75
3102,Bangkinang,1,0.741935484
3105,Al Musaiyib,0,0.0
3106,Florence,1,0.162655602
3108,Garissa,1,0.9375
3110,Souk El Arba Du Gharb,1,0.454545455
3111,Apatzingán,1,0.252747253
3112,Yamethin,0,0.0
3113,Murrupula,0,0.0
3115,Igbeti,1,0.764705882
3116,Groningen,1,0.042211055
3117,Hangu,1,0.857142857
3118,Abancay,0,0.0
3119,Puray,0,0.0
3120,Tomaszów Mazowiecki,1,0.035377358
3121,Tokchon,1,0.292307692
3122,Kostroma,1,0.189368771
3123,Dawadimi,1,0.333333333
3124,Al ‘Abbāsiyya,1,1.0
3126,Afyonkarahisar,1,0.163841808
3127,Moshi,1,0.696969697
3128,Mykolaiv,1,0.178707224
3129,Temecula,1,0.157318741
3130,Yaypan,1,0.353846154
3131,San Carlos,1,0.378787879
3132,Nga Sơn,1,0.210526316
3133,Modderspruit,1,0.42
3134,Mbala,1,0.481481481
3135,Andulo,1,0.5
3136,Reconquista,1,0.340425532
3137,Benapole,1,0.52173913
3138,Barra do Garças,1,0.35
3139,Peterborough,1,0.043604651
3140,Zhangye,1,0.279761905
3141,Tcholliré,0,0.0
3142,Kananga,1,0.728
3143,Rionegro,1,0.180555556
3144,Paderborn,1,0.050259965
3145,Algiers,9,0.485571587
3147,Madrid,6,0.180796253
3148,Enjebara,1,0.9
3149,Meaux,1,0.042553191
3151,Nalerigu,0,0.0
3152,Poptún,1,0.482758621
3153,Duri,1,0.458333333
3154,Manavadar,0,0.0
3155,Songhor,0,0.0
3157,Bologna,1,0.126666667
3159,Mtwapa,1,0.777777778
3160,Geoje-si,2,0.166666667
3161,Zagora,1,0.454545455
3162,Sahuayo de Morelos,1,0.146067416
3163,Ngathaingchaung,0,0.0
3164,UNNAMED,0,0.0
3165,Sandakan,1,0.872727273
3166,Birnin Kebbi,1,0.564705882
3168,Kandiaro,1,0.421052632
3169,Cusco,1,0.102728732
3171,Krakow,1,0.066920152
3172,Sillyeonpo,1,0.408163265
3173,Livny,1,0.232876712
3174,Hafar Al-Batin,1,0.615384615
3175,Tandalti,1,1.0
3177,Burdur,1,0.209677419
3178,Morogoro,1,0.565891473
3179,Oleksandriia,1,0.148760331
3180,Hanford,1,0.083832335
3181,Chust,1,0.727272727
3182,Marín,1,0.106382979
3183,Chũ,0,0.0
3184,Sasolburg,1,0.532467532
3185,Chinsali,0,0.0
3186,Kuito,1,0.847058824
3187,Resistencia,1,0.428571429
3188,Jhenaidah,1,0.32
3189,Mineiros,1,0.68
3190,Kingston,1,0.080074488
3191,Jinchang,1,0.303921569
3192,Rey Bouba,0,0.0
3193,Yakoma,1,1.0
3194,Ibagué,1,0.537735849
3198,Jaén,1,0.078571429
3199,Yebu,0,0.0
3200,Lille,1,0.236024845
3201,Preston,1,0.171610169
3203,Morales,1,0.282051282
3204,Semurup,1,0.063492063
3205,Upleta,1,0.473684211
3206,Talesh,1,0.205882353
3207,Hindiya,2,0.412371134
3208,Grosseto,1,0.166666667
3209,Matsuyama,1,0.16969697
3210,Kilifi,0,0.0
3211,Ulsan,2,0.251196172
3212,Sidi Slimane,1,0.52173913
3213,Ocotlán,1,0.114942529
3214,Kyaukme,1,0.451612903
3215,Namuno,0,0.0
3216,Lahad Datu,1,0.352272727
3217,Iwo,1,0.447916667
3220,Sicuani,0,0.0
3221,Batangas City,2,0.35989011
3222,Warsaw,3,0.109303994
3223,UNNAMED,1,0.642857143
3224,Ivanovo,1,0.19895288
3225,Najran,1,0.265306122
3226,Khartoum,1,0.682318415
3227,Rayong,1,0.156666667
3228,Düzce,1,0.126637555
3230,Kremenchuk,2,0.171232877
3231,Merced,1,0.089156627
3232,Kosonsoy,1,0.28313253
3233,Tinaquillo,1,0.298701299
3234,Nam Định,4,0.340248963
3236,Chipata,1,0.781818182
3237,Catabola,0,0.0
3238,Paraná,1,0.190839695
3239,কালীগঞ্জ,1,0.25
3240,Toledo,1,0.679245283
3242,Minqin,1,0.473684211
3243,Maroua,1,0.695652174
3244,Bumba,1,0.828571429
3245,Planeta Rica,0,0.0
3246,Gießen,1,0.03633218
3247,Laghouat,1,0.425925926
3249,Santander,1,0.138686131
3250,Seka,1,0.875
3253,Koforidua,1,0.443548387
3254,Puerto Barrios,1,0.580645161
3255,Pekanbaru,1,0.370839937
3256,Mangrol,1,0.590909091
3257,Zanjan,1,0.285714286
3259,Vicenza,1,0.076208178
3260,Kirishima,2,0.25
3261,Wajir,1,0.80952381
3262,웅상,1,0.228070175
3263,Ksar el-Kebir,1,0.29787234
3264,Cuauhtémoc,1,0.163716814
3265,Namhkam,1,0.238095238
3266,Moma,1,0.8
3267,Semporna,1,0.461538462
3268,Ikire,1,0.380952381
3269,Enschede,3,0.093357271
3270,Peshawar,11,0.450571287
3271,Arequipa,1,0.340206186
3274,P'yŏngsŏng,1,0.50617284
3275,Vladimir,1,0.085603113
3276,Wadi Ad Dawasir,1,0.308641975
3277,Ghaliya,1,0.75
3278,Udon Thani,1,0.183333333
3279,Ereğli,1,0.297297297
3280,Dar es Salaam,2,0.830652791
3281,Kherson,1,0.211538462
3282,Davis,1,0.129032258
3283,Yangikurgan,1,0.389830508
3284,Valencia,1,0.280373832
3285,Diễn Châu,1,0.362831858
3286,Evaton,2,0.712062257
3288,Camacupa,1,0.52173913
3289,Corrientes,1,0.417177914
3290,Jamalpur,2,0.163888889
3291,Rivera,2,0.547619048
3293,Wuwei,1,0.081632653
3294,Meiganga,1,0.580645161
3295,Sandoa,1,0.916666667
3296,Montelíbano,1,0.875
3297,Darmstadt,1,0.072527473
3298,Berrouaghia,1,0.48
3300,Granada,1,0.163265306
3301,Delgi,0,0.0
3302,Perpignan,1,0.035259549
3304,Manchester,3,0.388175985
3306,Bawku,1,0.846153846
3307,Dumai,1,0.610169492
3308,Katra,0,0.0
3309,Kuhdasht,1,0.565217391
3310,Sulaymaniyah,1,0.462809917
3311,Ferrara,1,0.06768559
3312,Aomori,1,0.175953079
3313,Malindi,1,0.774193548
3315,Tangier,1,0.281045752
3316,Zihuatanejo,1,0.152380952
3317,Labutta,1,0.75
3318,Chalaua,0,0.0
3319,Bagudo,1,0.75
3320,Timergara,2,0.469230769
3321,Ilo,1,0.421052632
3323,Kielce,1,0.045696068
3324,Pyongyang,3,0.338196286
3326,Ryazan,1,0.213983051
3327,Riyadh,3,0.361840074
3329,Nakhon Ratchasima,1,0.241258741
3330,Isparta,1,0.309090909
3331,UNNAMED,1,0.72972973
3332,Kryvyi Rih,1,0.161934805
3335,Puerto Ayacucho,1,0.531914894
3336,Phat Diem,1,0.350877193
3337,Johannesburg,8,0.525955204
3339,Menongue,1,0.403846154
3340,Rosario,3,0.175207756
3341,Jessore,1,0.316091954
3342,Umuarama,1,0.346153846
3343,Ottawa,5,0.149677419
3344,Huangjiazhai,2,0.313432836
3345,Kaele,1,0.833333333
3346,Tshimbulu,1,1.0
3347,Sahagún,1,0.441176471
3349,Ain Oussara,1,0.59375
3350,6th of October,1,0.675213675
3351,Burgos,1,0.14556962
3352,Shendie Gebreal,0,0.0
3353,Clermont-Ferrand,1,0.058201058
3354,Telford,1,0.108614232
3355,Gushiegu,1,0.833333333
3356,Perawang,1,0.488372093
3357,Jammu,2,0.411594203
3358,kangavar,0,0.0
3360,Padua,1,0.098451327
3361,Fukuyama,2,0.209944751
3362,Dadaab,1,1.0
3363,Sidi Kacem,1,0.4375
3364,Tepatitlán,1,0.581395349
3365,Myaungmya,1,0.5
3366,Montepuez,1,0.846153846
3367,Ogbomosho,1,0.341365462
3368,Shikarpur,1,0.243243243
3369,Juliaca,1,0.652173913
3371,Radom,1,0.051762115
3372,Hoeryong,1,0.434782609
3373,Yelets,1,0.125603865
3375,Ed Dueim,1,0.882352941
3376,Hat Yai,1,0.253125
3377,Zonguldak,1,0.371134021
3379,Sumy,1,0.136363636
3380,Lodi,1,0.108108108
3382,Puerto Cabello,1,0.166666667
3385,Isoka,0,0.0
3386,Cafunfo,1,0.764705882
3387,Goya,1,0.708333333
3388,Magura,1,0.367346939
3389,Breves,1,0.615384615
3392,Batouri,1,0.631578947
3393,Kasaji,1,0.882352941
3394,Cartagena,1,0.397212544
3395,Flensburg,1,0.106896552
3396,El Menia,1,0.714285714
3397,Shimm al Basal al Bahari,4,0.288590604
3399,Cima,1,0.714285714
3400,Valenciennes,1,0.051980198
3401,Blackburn,3,0.180511182
3402,Garu,0,0.0
3403,Pangkalan Kerinci,1,0.288135593
3404,Baetu,0,0.0
3405,Gheydar,0,0.0
3406,Al Kifl,1,0.9375
3407,Arezzo,1,0.064377682
3408,Imabari,1,0.153846154
3409,Hagadera Refugee Camp,1,1.0
3410,Khenifra,1,0.517241379
3412,Nattalin,1,0.25
3413,Nampula,1,0.777777778
3414,Ejigbo,1,0.433962264
3415,Thul,1,0.285714286
3416,Puno,1,0.393939394
3418,Nowy Sącz,1,0.027811366
3420,Kovrov,1,0.236842105
3421,Al-Kharj,1,0.182926829
3422,Jebel Aulia,1,0.530612245
3423,Songkhla,1,0.320574163
3424,Bolu,1,0.18627451
3425,Tanga,1,0.6
3426,Poltava,1,0.143198091
3427,Madera,1,0.066985646
3428,Namangan,5,0.48048048
3429,Güigüe,0,0.0
3430,Minh Tân,1,0.380952381
3432,Tunduma,1,0.678571429
3433,Luena,1,0.806818182
3434,Formosa,1,0.307692308
3435,Tangail,5,0.301910828
3436,Cascavel,1,0.326848249
3438,Xining,1,0.25483304
3440,Kahinda,1,0.733333333
3441,Sincelejo,1,0.405797101
3442,Pforzheim,1,0.068571429
3443,Hassi Bahbah,1,0.571428571
3445,Guadalajara,1,0.056872038
3446,Jimma,1,0.945945946
3447,Béziers,1,0.044444444
3448,Crewe,1,0.032307692
3449,Kete Krachi,0,0.0
3450,Muara Bungo,1,0.247311828
3451,Keshod,1,0.44
3452,Asadabad,1,0.75
3453,Najaf,1,0.64021164
3454,Mestre,1,0.164974619
3455,Hirosaki,1,0.104790419
3456,El Wak,1,1.0
3457,Meknes,1,0.246575342
3458,Nuevo Casas Grandes,1,0.321428571
3459,Tatkon,0,0.0
3460,Nametil,0,0.0
3461,Awbere,0,0.0
3463,Puerto Maldonado,1,0.571428571
3465,Ostrowiec Świętokrzyski,0,0.0
3466,UNNAMED,0,0.0
3467,Kineshma,0,0.0
3468,Al Khafji,1,0.516129032
3470,Khon Kaen,1,0.254237288
3471,Antalya,1,0.387048193
3472,Zanzibar City,1,0.659217877
3473,Kamianske,1,0.199261993
3475,Rishtan,1,0.412371134
3476,Biruaca,2,0.145299145
3479,Lundazi,1,0.666666667
3480,Saurimo,1,0.819672131
3483,Mymensingh,3,0.239669421
3484,Jataí,1,0.595238095
3485,Montreal,4,0.226178635
3486,Manzhouli,1,0.347222222
3487,N'Djamena,1,0.75
3488,Mwene-Ditu,1,0.96875
3489,Espinal,1,0.529411765
3490,Aschaffenburg,1,0.037037037
3493,Melilla,1,0.636363636
3494,Kuch,0,0.0
3495,Reims,1,0.03968254
3497,Yendi,1,0.944444444
3498,Bengkalis,1,0.612903226
3499,Dhoraji,1,0.4
3500,Nurabad,1,0.391304348
3501,Kalar,1,0.377358491
3502,Treviso,1,0.067961165
3503,Nobeoka,1,0.18
3504,Mandera,1,0.607142857
3505,M'rirt,1,0.555555556
3506,Hidalgo del Parral,1,0.571428571
3507,Muse,1,0.53125
3508,Chiure-Sede,1,0.692307692
3509,Jega,1,0.273809524
3510,UNNAMED,1,0.8
3511,Tacna,1,0.305732484
3513,Elk,1,0.119266055
3514,Nampo,1,0.419354839
3515,Lipetsk,2,0.178217822
3516,Sharurah,1,0.484848485
3517,Giad Industrial Complex,1,0.14516129
3518,Chanthaburi,1,0.436170213
3519,Karabük,1,0.206521739
3520,Mtwara,1,0.837837838
3521,Yevpatoriya,1,0.245901639
3522,Fresno,1,0.148115299
3527,Lucapa,1,0.785714286
3528,Junín,1,0.291666667
3529,Khulna,1,0.315363881
3530,Santo Ângelo,1,0.288135593
3531,Saint-Jérôme,1,0.05399061
3532,Minhe,2,0.225
3533,Yokadouma,1,0.642857143
3534,Mbuji-Mayi,1,0.629107981
3535,Caucasia,1,0.323529412
3539,Bilbao,1,0.102691924
3540,Burie,1,0.8
3541,Montpellier,1,0.066001535
3543,Somanya,1,0.492307692
3544,Arga Makmur,1,0.625
3545,Phalodi,1,0.5
3546,Bandar-e Anzali,1,0.306666667
3547,As Suwayrah,1,0.555555556
3548,Forlì,1,0.096491228
3549,Okayama,1,0.196035242
3550,Ouazzane,1,0.388888889
3551,Zamora,2,0.236111111
3552,Hsipaw,1,0.45
3553,Namialo,1,1.0
3554,Gbongan,1,0.363636364
3555,Pir Jo Goth,1,0.785714286
3556,Ilave,0,0.0
3557,Calapan,1,0.454545455
3558,Rzeszów,1,0.04174397
3559,Taean,1,0.666666667
3560,Voronezh,1,0.140229885
3561,Al Jubayl Industrial City,2,0.182989691
3562,Kosti,1,0.952380952
3564,Manavgat,1,0.27826087
3565,Nikopol,1,0.248677249
3566,Woodland,1,0.140243902
3567,Altiarik,1,0.631578947
3568,Mariara,0,0.0
3569,Haiphong,2,0.378164557
3570,Bethlehem,1,0.666666667
3571,Dundo,1,0.7
3572,Pergamino,1,0.2625
3573,Faridpur,1,0.134615385
3574,Cianorte,1,0.487804878
3576,Hanggin Rear Banner,1,0.350877193
3577,Yagoua,1,0.777777778
3579,San Vicente del Caguán,0,0.0
3580,Stuttgart,3,0.138026864
3583,Vitoria-Gasteiz,1,0.204878049
3584,Bila,0,0.0
3585,Troyes,1,0.027826087
3586,Gloucester,2,0.051991897
3587,Wulensi,0,0.0
3588,Unit 1,0,0.0
3589,Morbi,1,0.394160584
3590,Fuman,0,0.0
3591,Al-Manathera,1,0.4375
3592,Venice,1,0.333333333
3593,Miyakonojo,1,0.151291513
3594,Tétouan,2,0.241545894
3595,Uruapan,1,0.161290323
3596,Naypyidaw,1,0.307692308
3597,Monapo,1,0.857142857
3599,Gambat,1,0.379310345
3600,Candelaria,1,0.485714286
3601,Białystok,1,0.0625
3602,Songnim,1,0.479166667
3603,Murom,1,0.218487395
3605,Rabak,1,0.578125
3607,Sincan,4,0.290650407
3608,Dnipro,1,0.219672131
3609,Visalia,1,0.060054595
3610,Yozyovon,1,0.37254902
3611,Maracay,4,0.309119011
3612,Vinh,1,0.299595142
3614,Luau,1,0.540540541
3615,Comodoro Rivadavia,1,0.230769231
3617,Paranavaí,1,0.193877551
3618,Saint-Jean-sur-Richelieu,1,0.052863436
3619,Bayannur,1,0.331210191
3621,Lukalaba,1,1.0
3622,Morroa,1,0.322580645
3624,Djelfa,1,0.408163265
3626,Almeria,2,0.270516717
3627,Chwahit,0,0.0
3628,Saint-Étienne,1,0.047526673
3631,Bengkulu,1,0.28975265
3632,Junagadh,1,0.405660377
3633,Hamedan,1,0.4
3634,Al Madhatiyah,2,0.2
3635,Ravenna,1,0.0969163
3636,Niihama,1,0.381742739
3637,Ceuta,1,0.416666667
3638,Arandas,1,0.303030303
3639,Lewe,1,0.333333333
3640,Mocímboa da Praia,1,0.882352941
3643,San Jose,1,0.475
3644,Lublin,1,0.050209205
3645,Unchon,0,0.0
3646,Michurinsk,1,0.271428571
3647,Hofuf,1,0.221393035
3648,Al Managil,1,0.545454545
3649,Pattani,1,0.269662921
3650,Ankara,3,0.368522073
3651,Sevastopol,1,0.193396226
3652,Sacramento,3,0.211234792
3654,Calabozo,1,0.66
3655,Uông Bí,1,0.257575758
3656,Klipgat,1,0.544055944
3657,Cazombo,1,0.7
3658,San Nicolás de los Arroyos,1,0.273972603
3661,Ijuí,1,0.540540541
3663,Dengkou,1,0.25
3664,Touboro,1,1.0
3665,Bondo,1,0.6
3666,Girardot,1,0.454545455
3667,Hanover,1,0.108337759
3670,Logroño,1,0.068322981
3671,Merawi,1,1.0
3672,Nimes,1,0.046136101
3675,Bangko,1,0.340909091
3676,Udhampur,1,0.460674157
3677,Rasht,1,0.176904177
3678,Al Mishkhab,1,0.34375
3679,Pordenone,1,0.078282828
3680,Miyazaki,1,0.093596059
3682,La Piedad de Cabadas,1,0.263636364
3683,UNNAMED,1,0.8
3684,UNNAMED,1,0.658823529
3685,Koko,1,0.434782609
3686,UNNAMED,0,0.0
3687,Lucena,3,0.381578947
3689,Kangdong,1,0.5
3690,Dzerzhinsk,1,0.102564103
3691,Dammam,4,0.455759599
3692,UNNAMED,1,0.470588235
3693,Yala,1,0.203539823
3695,Enerhodar,0,0.0
3696,Hemet,1,0.104545455
3697,Fergana,1,0.43442623
3699,Hà Tĩnh,1,0.314285714
3700,Pretoria,2,0.429596413
3701,Puerto Madryn,1,0.424242424
3702,Dhaka,1,0.481967213
3703,Dhaka,9,0.348583878
3705,Dhaka,5,0.607099143
3707,Dhaka,2,0.552475248
3708,Parauapebas,1,0.585714286
3709,Sherbrooke,1,0.035564854
3710,Jishishan,0,0.0
3711,Aketi,1,0.857142857
3712,Turbaco,1,0.434782609
3713,Kassel,1,0.093579978
3714,Messaad,1,0.5
3715,El Mahalla El Kubra,1,0.437908497
3716,Donostia / San Sebastián,1,0.121311475
3717,UNNAMED,0,0.0
3718,Lyon,1,0.072810011
3719,Stoke-on-Trent,1,0.136253041
3720,Bimbila,1,0.8
3721,Curup,1,0.337078652
3722,Rajkot,1,0.40247678
3723,Toyserkan,0,0.0
3724,Ash Shamiya,1,0.4
3725,Perugia,1,0.061403509
3726,Kushiro,1,0.345360825
3727,Azrou,1,0.4375
3728,San Juan de los Lagos,1,0.413793103
3729,Hinthada,1,0.333333333
3730,Nacala,1,0.644736842
3731,Argungu,1,0.350877193
3732,Khatako Shah,2,0.552380952
3733,Jolo,1,0.52173913
3735,Anak,1,0.5
3736,Nizhny Novgorod,1,0.240414508
3738,Wad Rawah,0,0.0
3740,Alanya,1,0.265957447
3741,Novomoskovsk,1,0.104651163
3742,Porterville,1,0.048689139
3743,Chimyon,1,0.489795918
3744,Los Tanques,1,0.097222222
3745,Ha Long,2,0.337552743
3747,Trelew,1,0.31884058
3749,Redenção,1,0.487179487
3750,Trois-Rivières,1,0.051258155
3751,Alxa Left Banner,1,0.368421053
3752,Ngandajika,1,1.0
3753,Arjona,1,0.692307692
3754,Heilbronn,1,0.077051926
3755,Bordj Menaiel,1,0.205882353
3757,Albacete,1,0.101604278
3758,UNNAMED,0,0.0
3759,Avignon,1,0.026223776
3760,Worcester,1,0.047095761
3761,UNNAMED,0,0.0
3762,Sarolangun,1,0.5
3763,Jetpur,1,0.281690141
3764,Nahavand,1,0.366666667
3765,Ghammas,1,0.416666667
3766,Rimini,1,0.11884058
3767,Shikoku-Chuo,1,0.319587629
3768,Chefchaouen,1,0.5
3769,Pátzcuaro,1,0.115107914
3770,Wakema,1,0.714285714
3771,New Bussa,1,0.619047619
3772,Kohat,1,0.5234375
3773,Daet,1,0.36
3774,Chełm,1,0.046920821
3775,Kyonghung,1,0.470588235
3776,Tambov,1,0.190340909
3777,Al Kamilin,0,0.0
3779,Konya,1,0.258169935
3780,Zaporizhzhia,1,0.185147508
3781,Hesperia,0,0.0
3782,Shahrixon,1,0.453608247
3786,Bahía Blanca,1,0.396624473
3788,Francisco Beltrão,1,0.161073826
3789,Quebec,1,0.086559647
3790,Hekou,1,0.100591716
3791,Kanyama,1,0.818181818
3792,El Carmen de Bolívar,0,0.0
3793,Hamburg,2,0.162195883
3794,Ghardaia,1,0.416666667
3797,Limmu,1,1.0
3798,Dijon,1,0.046398892
3799,Birmingham,3,0.411534155
3800,Dambai,1,0.666666667
3801,Selatpanjang,1,0.75
3802,Veraval,1,0.483333333
3803,Khorramdarreh,0,0.0
3804,Al ‘Azīzīyah,1,0.44
3807,Ain Taoujdate,1,0.625
3808,Chihuahua,1,0.198552223
3809,Lawksawk,1,0.346153846
3810,Ilorin,1,0.392335766
3811,Chakdara,2,0.253731343
3812,Kalibo,1,0.442857143
3813,Sinhung,1,0.666666667
3814,Yeysk,1,0.32967033
3815,Shendi,1,0.510638298
3817,Kastamonu,1,0.17
3818,Kharkiv,1,0.133256749
3819,Yuba City,1,0.064073227
3820,Poytugh,1,0.444444444
3824,Viedma,1,0.578947368
3826,Tucuruí,1,0.372093023
3827,Moncton,0,0.0
3828,Lanzhou,2,0.305396096
3829,Kabinda,1,0.722222222
3830,La Dorada,1,0.8
3832,Sidi Aissa,1,0.523809524
3835,Bako,1,0.5625
3836,Valence,1,0.024590164
3838,Ho,1,0.807692308
3839,Manna,1,0.348837209
3840,Sindari,0,0.0
3841,Abhar,1,0.25
3842,Ad Diwaniyah,1,0.33
3844,Kan'onji,0,0.0
3845,Fez,1,0.252983294
3846,Aguascalientes,1,0.195323246
3847,Aungpan,1,0.3125
3848,Osogbo,3,0.632911392
3850,Naga,1,0.377142857
3851,Sinchon,1,0.4375
3852,Novorossiysk,1,0.121259843
3853,Al Hilaliyah,0,0.0
3854,Ubon Ratchathani,2,0.596153846
3855,Çankırı,1,0.4
3856,Simferopol,1,0.112307692
3857,Indio,3,0.12374779
3858,Quva,1,0.292857143
3859,San Juan de Los Morros,1,0.238095238
3860,Hoàn Lão,0,0.0
3861,Tsakane,2,0.380566802
3862,Concordia,1,0.361702128
3863,Gopalganj,1,0.254237288
3864,Três Lagoas,1,0.5
3865,Halifax,1,0.081038552
3866,Linxia,1,0.216931217
3867,Buta,1,0.666666667
3868,Puerto Boyacá,0,0.0
3869,Reutlingen,2,0.099601594
3870,Bouira,1,0.2
3872,Pamplona,1,0.122340426
3873,Shambu,1,0.857142857
3875,Stafford,1,0.089108911
3876,Hohoe,1,0.542857143
3877,Lubuklinggau,1,0.358695652
3878,Shapar - Veraval,1,0.405405405
3879,Khorramabad,1,0.276595745
3880,Halabja,1,0.571428571
3881,Rome,5,0.204376855
3882,Akita,1,0.243835616
3883,Sefrou,1,0.285714286
3884,Fresnillo,1,0.136150235
3885,Za Lun,1,1.0
3886,Ife,1,0.764705882
3888,Iloilo City,1,0.431168831
3889,Sariwŏn,1,0.387096774
3890,Taganrog,1,0.336283186
3891,Al Uk,0,0.0
3892,Keskin,1,0.407407407
3893,Yalta,1,0.128378378
3895,Andijan,3,0.507276507
3897,Chaudok City,2,0.473684211
3899,Zárate,2,0.191176471
3900,Bagerhat,1,0.178571429
3901,Campo Mourão,1,0.56
3902,St. John's,1,0.061797753
3903,Wuhai,1,0.425287356
3904,Kamina,1,0.911764706
3905,Fusagasugá,1,0.285714286
3906,Constance,1,0.168674699
3907,Tizi Ouzou,1,0.170542636
3909,Murcia,1,0.05687545
3910,Dembea,1,0.75
3911,Marseille,2,0.142589118
3912,Bournemouth,1,0.070662461
3913,Akatsi,1,0.419354839
3914,Pagar Alam,1,0.44
3915,Wankaner,1,0.157894737
3916,Malayer,1,0.388888889
3917,Tall Mundhir,0,0.0
3918,Terni,1,0.163265306
3919,Takamatsu,2,0.275303644
3920,Midelt,1,0.428571429
3921,San Francisco del Rincón,1,0.170731707
3922,Kutkai,1,0.481481481
3923,Tambawal,1,0.538461538
3924,Sukkur,1,0.408
3925,Roxas City,1,0.6
3926,Jaeryong,1,0.5
3927,Slavyansk-na-Kubani,1,0.269662921
3929,Karaman,1,0.4
3930,Pavlohrad,1,0.108490566
3931,Chico,1,0.085454545
3934,Sông Đốc,0,0.0
3936,Olavarría,1,0.161073826
3937,Netrokona,1,0.3125
3938,Rio Verde,1,0.606557377
3939,Wuyuan,1,0.5
3940,Kolwezi,1,0.519480519
3941,Facatativá,1,0.41025641
3942,Kiel,1,0.102240896
3943,Bou Saada,1,0.423076923
3946,Cartagena,1,0.063711911
3947,Aszimew,0,0.0
3948,Aix-en-Provence,1,0.043933054
3949,Aberdeen,1,0.065708419
3950,Lomé,1,0.542857143
3951,Tembilahan,1,0.772727273
3952,Fazilka,1,0.302325581
3953,Lahijan,1,0.155339806
3954,An Numaniyah,1,0.5
3955,Udine,1,0.055900621
3956,Osaka [Kyoto],5,0.277006938
3957,Errachidia,1,0.612903226
3958,Zacatecas,1,0.102702703
3959,Pantanaw,1,0.555555556
3962,Iriga,1,0.743589744
3963,Thaethan,1,0.571428571
3964,Arzamas,1,0.294736842
3965,Al Hasahisa,1,0.321428571
3966,Kırşehir,1,0.21875
3967,Melitopol,1,0.301470588
3969,Pakhtaobod,1,0.652173913
3971,Cái Đôi Vàm,0,0.0
3972,Phuthaditjhaba,1,0.47027027
3973,Gualeguaychu,1,0.231884058
3974,Madaripur,3,0.24137931
3975,Santa Maria,1,0.13897281
3976,Baiyin,1,0.286956522
3977,Kisangani,1,0.959183673
3978,Magangué,1,0.515151515
3979,Fulda,1,0.051724138
3980,M'Sila,1,0.275
3981,Cairo,26,0.522309108
3982,Zaragoza,1,0.10966811
3983,Gonder,1,0.975
3984,Grenoble,1,0.067240031
3986,Tanjung Balai Karimun,1,0.638888889
3987,Gondal,1,0.448275862
3988,Borujerd,1,0.455882353
3989,Al-Rumaitha,1,0.366666667
3990,Pesaro,1,0.09039548
3991,Kanazawa,1,0.233287858
3992,Taza,1,0.345454545
3993,Morelia,1,0.122222222
3994,Mawlamyinegyunn,1,0.727272727
3995,Iragbiji,2,0.56
3996,Khairpur,1,0.325842697
3997,Cawit,1,0.615384615
3998,Hoechang,1,0.466666667
3999,Azov,1,0.139705882
4000,UNNAMED,0,0.0
4001,Aksaray,1,0.170940171
4002,Lozova,1,0.265306122
4003,Yuma,1,0.122754491
4004,Buloqboshi,1,0.382978723
4005,Catia La Mar,1,0.384210526
4007,KwaMhlanga,1,0.411428571
4008,Concepción del Uruguay,1,0.470588235
4009,Kishoreganj,3,0.529090909
4010,Maringá,1,0.34180791
4011,Shizuishan,1,0.28
4012,Kabongo,1,1.0
4013,Sabanalarga,1,0.533333333
4014,Hildesheim,1,0.09
4015,Guerrara,1,0.55
4016,Samalut,2,0.256281407
4017,Elda,1,0.079710145
4018,Bahir Dar,1,0.529411765
4019,Thionville,0,0.0
4020,Redditch,1,0.083076923
4021,Lahat,1,0.351851852
4022,Shergarh,0,0.0
4024,As Samawah,1,0.372881356
4025,Anzio,1,0.198979592
4026,Kōchi,1,0.160839161
4027,Al Hoceima,1,0.44
4028,Delicias,1,0.118320611
4029,Lashio,1,0.466666667
4030,Ijagbo Offa,1,0.482758621
4031,Takht-e-Bhai,2,0.5234375
4032,Isabela City,0,0.0
4033,Rason,1,0.5
4034,Rostov-on-Don,2,0.196261682
4036,Çorum,1,0.397727273
4038,Reno,1,0.088996764
4040,Caracas,2,0.402247191
4041,Rạch Giá,1,0.46875
4042,eMbalenhle,1,0.75862069
4044,Tarail,1,0.23943662
4045,Pato Branco,1,0.367647059
4046,Hezuo,1,0.464285714
4047,Kabondo-Dianda,1,0.923076923
4048,Bogota,2,0.312936125
4050,Bordj Bou Arreridjj,1,0.208333333
4052,Elx / Elche,1,0.059770115
4053,Jiga,0,0.0
4054,Besançon,1,0.029946524
4056,Kuala Tungkal,1,0.833333333
4057,UNNAMED,0,0.0
4058,Shush,1,0.782608696
4059,Kut,1,0.235059761
4061,Hachinohe,1,0.141573034
4062,Guercif,1,0.387755102
4063,Lagos de Moreno,1,0.189655172
4064,Danu Phyu,1,0.375
4065,Yelwa,1,0.372093023
4066,Thana,1,0.481481481
4067,Zamboanga City,1,0.663793103
4068,Yangdok,0,0.0
4069,Kamensk-Shakhtinsky,1,0.163636364
4070,Wad Madanī,1,0.436619718
4071,Eregli,1,0.191176471
4072,Feodosia,1,0.103773585
4073,Medford,1,0.081174439
4076,Standerton,1,0.303571429
4077,Luján,1,0.150793651
4078,Shariatpur,1,0.5
4079,Bagé,1,0.356321839
4080,Zhongwei,1,0.187969925
4081,Kabongo,1,1.0
4082,Barranquilla,1,0.360091743
4083,Göttingen,1,0.108391608
4084,Bejaia,1,0.419642857
4086,Torrevieja,1,0.061696658
4087,Tarcha,0,0.0
4088,Metz,1,0.040343348
4090,Jambi,1,0.380116959
4091,Sri Ganganagar,1,0.489361702
4092,Takestan,1,0.277777778
4093,Al Khidhr,1,0.6
4094,Latina,1,0.140186916
4096,Nador,1,0.318471338
4097,León,1,0.266139657
4098,Taunggyi,1,0.254385965
4099,Ilesa,2,0.342741935
4101,Bacolod,2,0.507462687
4102,Chŏngjin,1,0.454545455
4104,UNNAMED,0,0.0
4105,Vezirköprü,1,0.5625
4106,Pokrovsk,1,0.269230769
4107,Lake Havasu City,0,0.0
4108,Charallave,2,0.210743802
4109,Núi Sập,0,0.0
4110,Vosman,1,0.724137931
4114,Presidente Prudente,1,0.251231527
4115,Huinong,1,0.6
4116,Luena,1,1.0
4118,Göppingen,1,0.098245614
4119,Ras El Oued,1,0.5625
4121,Banha,4,0.742081448
4122,Alacant / Alicante,1,0.116903633
4123,Seyo,0,0.0
4124,Chambéry,1,0.04985755
4125,Swindon,1,0.034460338
4126,Muara Enim,1,0.274509804
4127,Tharad,0,0.0
4128,Dezful,2,0.28342246
4129,Al Hai,1,0.517241379
4130,Trapani,1,0.152671756
4131,Fukui,2,0.142857143
4132,Melilla,1,0.027027027
4133,Uriangato,1,0.103773585
4134,Nyaung Shwe,1,0.434782609
4135,Eripa,1,0.6875
4136,Ghauspur,0,0.0
4138,Unpha,0,0.0
4139,Krasnodar,1,0.15974212
4140,ad-Damer,1,0.35483871
4141,Nevşehir,1,0.178947368
4142,Sloviansk,1,0.333333333
4143,Las Vegas,2,0.540973506
4144,Ocumare del Tuy,1,0.151898734
4146,Emalahleni,1,0.46031746
4148,Brahmanbaria,4,0.627118644
4149,Chapecó,1,0.163690476
4150,Yinchuan,1,0.25
4151,Lubao,1,0.909090909
4152,Zipaquirá,1,0.254237288
4153,Würzburg,1,0.050377834
4154,Ouled Djellal,1,0.461538462
4156,Valencia,1,0.105590062
4157,Maksegnit,0,0.0
4158,Toulon,1,0.087747036
4159,Leeds,10,0.231603154
4160,Tanjung Enim,1,0.267857143
4161,Kolayat,0,0.0
4162,Susangerd,0,0.0
4163,Qalat Sukkar,1,0.4
4164,Triest,1,0.255813953
4165,Tokushima,1,0.08038808
4166,Taourirt,1,0.625
4167,Irapuato,1,0.113989637
4168,Maubin,1,0.833333333
4169,Okitipupa,1,0.793103448
4170,Nawabshah,1,0.442622951
4171,Tabaco,1,0.535211268
4172,Hamhung,2,0.396984925
4173,Shakhty,1,0.136239782
4174,Atbara,1,0.5
4175,Niğde,1,0.163636364
4176,Kramatorsk,1,0.22962963
4178,Santa Teresa del Tuy,1,0.222222222
4179,Dong Ha,1,0.265625
4180,Mokopane,1,0.584415584
4183,Maraba,1,0.505376344
4185,Kitenge,1,1.0
4186,Tiquisio,1,1.0
4187,Lüneburg,1,0.076923077
4188,Aïn Oulmane,1,0.166666667
4190,Gandia,0,0.0
4191,Digna,0,0.0
4192,Nancy,1,0.052205221
4193,Fazeley,1,0.10373444
4194,Batam City,1,0.558912387
4195,Halvad,0,0.0
4196,Qazvin,1,0.23566879
4197,Al-Rifa'i,1,0.4
4198,Ancona,1,0.162790698
4199,Naha,1,0.444283647
4200,Berkane,1,0.594594595
4201,Acapulco,2,0.188218391
4202,Taungoo,1,0.328947368
4203,Ondo,1,0.584745763
4204,Kandhkot,1,0.451612903
4205,Legazpi,1,0.463855422
4206,Hamju,1,1.0
4207,Novocherkassk,1,0.090909091
4208,Sennar,1,0.5
4209,Bafra,1,0.322580645
4210,Druzhkivka,1,0.161290323
4211,Phoenix,2,0.223653034
4212,Guarenas,1,0.375
4213,Cái Nước,0,0.0
4214,Middelburg,1,0.548672566
4215,Buenos Aires,3,0.412760417
4218,Pingluo,1,0.5
4219,Kindu,1,0.921568627
4220,Manuela,1,0.5
4221,Lübeck,1,0.083815029
4222,Setif,1,0.262032086
4224,Benidorm,1,0.065068493
4225,Adet,1,1.0
4226,Annecy,1,0.044502618
4227,Newcastle upon Tyne,3,0.149399733
4228,Baturaja,1,0.362068966
4229,Ramnagar,0,0.0
4230,Dorud,1,0.413043478
4231,Al-Shatrah,1,0.685714286
4232,Palermo,2,0.197037037
4234,Oujda,1,0.650485437
4235,Silao,1,0.085427136
4236,Hopong,1,0.666666667
4237,Ebute Irele,1,0.75
4238,Swat City,2,0.599078341
4239,Masbate City,1,0.594594595
4240,Jongphyong,1,0.6
4241,Syktyvkar,1,0.170542636
4242,UNNAMED,0,0.0
4243,Mersin,2,0.327394209
4244,Berdiansk,1,0.175757576
4245,Eugene,1,0.110373444
4246,Altagracia de Orituco,0,0.0
4247,Ca Mau,1,0.26446281
4248,Ezakheni,1,0.606060606
4249,Posadas,1,0.518518519
4250,Homna,3,0.747641509
4251,Tailândia,1,0.5
4252,Qipanjing,1,0.26
4253,Fungurume,1,0.869565217
4254,Granada,0,0.0
4255,Ulm,1,0.068027211
4256,Barika,1,0.513513514
4258,Castellón de la Plana,1,0.055299539
4259,Ejaji,0,0.0
4261,Burton-on-Trent,1,0.063324538
4262,Prabumulih,1,0.303797468
4263,Sanchore,1,0.333333333
4264,Alvand,1,0.739130435
4265,Nasiriyah,1,0.397660819
4267,Toyama,2,0.195378151
4268,Valle de Santiago,1,0.148514851
4269,Kyaiklat,1,0.666666667
4270,Ile Oluji,1,0.85
4271,Thatta,1,0.361702128
4272,Cadiz,1,0.647058824
4273,Ongjin,1,0.75
4274,Balashov,1,0.25
4275,El Suki,0,0.0
4276,Amasya,1,0.306122449
4278,Tucson,3,0.107153918
4279,Valle de la Pascua,1,0.444444444
4280,Long Xuyen,7,0.32361809
4281,Edendale,1,0.384816754
4283,Barisal,2,0.36627907
4284,Abaetetuba,1,0.384615385
4285,Pingchuan,0,0.0
4286,Kakanda,1,0.416666667
4287,Chiquinquirá,1,0.296296296
4288,Brunswick,1,0.081142857
4289,Tulqa,1,0.35483871
4290,Nazlet Abu Haseiba,1,0.261904762
4291,Lleida,1,0.085501859
4292,Omonada,0,0.0
4293,Geneva,1,0.040123457
4294,Warwick,1,0.039548023
4295,Tanjung Pinang,1,0.710526316
4296,Jalalabad,1,0.275
4298,Suq al Shyukh,1,0.571428571
4299,Pescara,1,0.121163166
4301,Salamanca,1,0.077647059
4302,Pyapon,1,0.75
4303,Ore,1,0.283185841
4305,Sorsogon City,1,0.446428571
4306,Pyoksong,1,0.461538462
4307,Saransk,1,0.172897196
4308,Singa,1,0.8
4309,Samsun,2,0.362264151
4310,Kerch,1,0.152173913
4312,Zaraza,1,0.5
4313,Giồng Riềng,0,0.0
4314,Polokwane,1,0.476744186
4315,Río Gallegos,1,0.56
4316,Comilla,15,0.687959047
4317,Carazinho,1,0.655172414
4318,Yuzhong,1,0.243243243
4319,Kikondja,1,0.75
4320,Barrancabermeja,1,0.632653061
4321,Wolfsburg,1,0.135338346
4322,Ouargla,1,0.394736842
4323,Al-Minya,8,0.314563107
4326,Botor,0,0.0
4327,Montbéliard,1,0.071611253
4328,Coventry,3,0.258992806
4329,Sidogede,1,0.279069767
4330,Balotra,1,0.541666667
4331,Abadan,2,0.417142857
4332,Amarah,1,0.356756757
4333,Naples,4,0.318809318
4334,Morioka,1,0.159090909
4335,Torreon,1,0.176783005
4336,Pyu,1,0.37037037
4337,Ila Orangun,1,0.538461538
4338,Khwazakhela,2,0.658536585
4339,Dumaguete,1,0.43220339
4340,Kumya,0,0.0
4341,Maykop,1,0.286956522
4342,Al Fao,0,0.0
4343,Tarsus,1,0.205128205
4344,Donetsk,3,0.223395613
4346,Barcelona,1,0.325
4347,Đầm Dơi,0,0.0
4348,Osizweni,1,0.608333333
4349,La Plata,1,0.35828877
4350,Sunamganj District,1,0.696969697
4351,Arapongas,1,0.276190476
4352,Yongning,1,0.184210526
4353,Kambove,1,0.324324324
4354,Villavicencio,1,0.526315789
4355,Kempten (Allgäu),1,0.06017192
4356,El Eulma,1,0.28125
4358,Tarragona,2,0.128151261
4359,Gedo,0,0.0
4360,Belfort,1,0.044887781
4362,Kalibening,0,0.0
4363,Doda,1,0.333333333
4364,Shoushtar,1,0.244680851
4365,Al Majar al Kabir,1,0.6
4367,Moriyama [Otsu],2,0.214848144
4368,Guanajuato,1,0.167664671
4369,UNNAMED,1,0.733333333
4370,Effon Alaiye,1,0.555555556
4371,Mardan,3,0.455968689
4372,Cebu City,1,0.336038961
4373,Haeju,1,0.365853659
4374,Sochi,1,0.233050847
4375,Al Quwaysi,1,0.705882353
4376,Kayseri,1,0.33974359
4377,Bakhmut,1,0.377358491
4378,Salem,1,0.064102564
4379,Anaco,1,0.597014925
4380,Cao Lanh,1,0.407894737
4382,Tandil,1,0.413333333
4384,Apucarana,1,0.265625
4386,Samba,1,1.0
4387,Ciénaga,1,0.32
4388,Erfurt,1,0.084095064
4389,Jijel,2,0.271186441
4391,Ibiza,1,0.138613861
4392,Wereta,1,0.9
4393,Mulhouse,1,0.052721088
4395,Palembang,1,0.392
4396,Amritsar,1,0.296983759
4397,Ahwaz,1,0.37585034
4398,قضاء الجبايش,1,0.529411765
4400,Niigata,1,0.154943935
4401,Cortazar,1,0.185185185
4402,Twante,1,0.75
4403,Imorun,1,1.0
4404,Pano Aqil,1,0.333333333
4405,Dipolog,1,0.403508772
4406,Kowon,1,0.583333333
4407,Penza,2,0.169440242
4408,Ad-Damazin,2,0.846153846
4410,Horlivka,1,0.158273381
4411,St. George,0,0.0
4412,Cumana,1,0.266949153
4414,Ermelo,1,0.553191489
4415,Oberá,1,0.192307692
4417,Londrina,1,0.214188267
4418,Lintao,1,0.108108108
4419,Likasi,1,0.541666667
4420,Fundación,1,0.642857143
4421,Bamberg,1,0.06443299
4422,Biskra,1,0.47
4423,Maghagheh,1,0.5
4424,Igualada,1,0.196969697
4425,Amanuel,0,0.0
4426,Nice,2,0.092460882
4427,Darlington,1,0.032051282
4428,Kotabumi,1,0.32
4429,Bhabhar,0,0.0
4430,Arak,1,0.325966851
4431,Qalat Saleh,1,0.388888889
4432,Gela,1,0.625
4433,Kinokawa [Wakayama],1,0.116129032
4434,Acámbaro,1,0.107142857
4435,Yangon,5,0.444360333
4436,Mahuta,0,0.0
4438,Pagadian,1,0.524590164
4439,Hongwon,1,0.489361702
4440,Vesyoloye,1,0.29375
4441,Er Roseires,1,1.0
4442,Günyurdu,1,0.210526316
4444,Portland,1,0.145536011
4445,Porlamar,1,0.203703704
4446,Gia Rai,0,0.0
4447,Mpumalanga,1,0.645833333
4448,Eldorado,1,0.111111111
4450,Erechim,1,0.432835821
4451,Zhongning,1,0.191489362
4452,Punia,1,0.882352941
4454,Nuremberg,2,0.112059765
4455,Aïn Touta,1,0.347826087
4457,Vilanova i la Geltrú,1,0.092391304
4458,Debark,1,1.0
4459,Colmar,1,0.022546419
4460,Sheffield,2,0.189433962
4461,Pringsewu,2,0.412844037
4462,Balesar,0,0.0
4463,Shadegan,1,0.5
4464,Al Qurna,1,0.233009709
4465,Avellino,1,0.104761905
4466,Joetsu,1,0.118110236
4468,Dedaye,1,0.777777778
4469,Salka,1,0.75
4470,Dera Ismail Khan,1,0.401273885
4471,Tagbilaran,1,0.419642857
4472,Chonnae,1,0.666666667
4473,Cheboksary,1,0.234042553
4475,Adana,1,0.341597796
4476,Mariupol,1,0.234347048
4477,Olympia,0,0.0
4478,Ciudad Bolívar,1,0.430107527
4479,Gành Hào,0,0.0
4480,Mankweng,1,0.544117647
4481,Necochea,1,0.448275862
4483,Belém,1,0.465076661
4484,Erenhot,1,0.631578947
4485,Lwambo,1,0.9
4486,Santa Marta,2,0.533333333
4488,Tadjenanet,1,0.269230769
4490,Manresa,1,0.04296875
4491,UNNAMED,0,0.0
4494,Tebing Suluh,0,0.0
4495,Radhanpur,1,0.235294118
4496,Nazarabad,1,0.363636364
4497,Basra,1,0.508108108
4498,Salerno,2,0.112941176
4499,Hikone,2,0.136597938
4500,Ciudad Hidalgo,1,0.105263158
4501,Panglong,1,0.538461538
4502,Share,1,0.692307692
4504,Calbayog,1,0.283783784
4505,UNNAMED,1,1.0
4507,El Hawata,1,1.0
4508,Çarşamba,1,0.194805195
4510,Seattle,3,0.162103746
4511,Punta de Mata,1,0.282608696
4512,Long Mỹ,0,0.0
4513,Durban,1,0.500310366
4514,Mar del Plata,1,0.220216606
4515,Lakshmipur,1,0.686708861
4516,Passo Fundo,1,0.542168675
4517,Wuzhong,2,0.183937824
4518,Lubutu,1,0.526315789
4519,Tunja,1,0.184615385
4520,Augsburg,1,0.101626016
4521,Tamanrasset,1,0.677419355
4523,Barcelona,8,0.297915608
4524,Debre Markos,1,0.740740741
4526,Harrogate,1,0.036876356
4528,Than,1,0.7
4529,Aligudarz,1,0.423076923
4530,Az Zubayr,1,0.517857143
4532,Nagoya,4,0.340272109
4533,Celaya,1,0.128654971
4534,Laukkaing,1,0.541666667
4535,Aramoko-Ekiti,1,0.416666667
4537,Ozamiz,1,0.494623656
4538,Koksan,1,0.571428571
4539,Yoshkar-Ola,1,0.163265306
4540,Al-Qadarif,1,0.575471698
4541,Erbaa,1,0.25
4542,Sievierodonetsk,2,0.148148148
4544,Maturin,2,0.17791411
4545,Can Tho,1,0.647321429
4546,Tongaat,1,0.275362319
4547,Rio Grande,1,0.514285714
4548,Bhola,1,0.822222222
4549,Gurupi,1,0.628571429
4550,Lingwu,1,0.269230769
4551,Kasongo,1,0.857142857
4552,Aguachica,1,0.413793103
4553,Magdeburg,1,0.091666667
4554,Batna,1,0.344537815
4555,Beni Mazar,1,0.260416667
4557,Yejube,0,0.0
4558,Strasbourg,1,0.084132841
4561,Abohar,1,0.243243243
4562,Hashtgerd,0,0.0
4564,Ragusa,0,0.0
4565,Nagaoka,1,0.169329073
4566,Zitácuaro,1,0.168067227
4567,Hlegu,1,0.44
4568,Igbara-Odo,1,0.5
4569,Hala,1,0.233333333
4570,Ormoc,1,0.371428571
4571,Sinpho,1,0.735294118
4572,Kirov,1,0.114919355
4573,New Halfa,1,0.846153846
4574,Tokat,1,0.285714286
4575,Yenakiieve,1,0.166666667
4576,Ciudad Juárez,3,0.262705238
4577,Carúpano,1,0.130841121
4578,Sa Dec City,2,0.264227642
4579,Stanger,1,0.535714286
4580,Ushuaia,1,0.909090909
4581,Habiganj,1,0.523809524
4582,Cachoeira do Sul,1,0.523809524
4583,Hulunbuir,1,0.317073171
4584,Malemba Nkulu,1,0.941176471
4585,Ocaña,1,0.52
4586,Rostock,1,0.145530146
4587,Tamacine,1,0.571428571
4589,Palma de Mallorca,1,0.108448928
4590,Gesuba,0,0.0
4593,Bandar Lampung,2,0.438016529
4594,Kodinar,1,0.290322581
4595,Saveh,1,0.523809524
4597,San Severo,0,0.0
4598,Nagano,1,0.161417323
4599,Dolores Hidalgo,1,0.154545455
4600,Kyauktaga,1,0.6
4601,Isarun,1,0.75
4603,Catbalogan,1,0.358490566
4604,Sinpyong,1,0.393939394
4605,Novocheboksarsk,1,0.14379085
4606,Khashm El Girba,1,0.705882353
4607,Kozan,1,0.257142857
4609,Las Cruces,1,0.061290323
4610,Ciudad Guayana,2,0.559055118
4611,Tây Ninh,1,0.50990099
4614,Guarapuava,1,0.197969543
4615,Dingxi,1,0.170940171
4616,Kingombe,1,0.818181818
4617,Bucaramanga,2,0.245614035
4618,Jena,1,0.069948187
4619,Chelghoum Laid,1,0.52173913
4620,Nazlat Dahrut,1,0.5
4621,Girona,1,0.089041096
4622,UNNAMED,0,0.0
4625,Gunung Sugih,1,0.17032967
4626,Chotila,0,0.0
4627,Masjed Soleyman,0,0.0
4628,Foggia,1,0.305084746
4630,Chilpancingo,1,0.217391304
4631,Loikaw,1,0.604651163
4632,Gummi,1,0.714285714
4634,Iligan,1,0.496732026
4635,Munchon,1,0.545454545
4636,Labinsk,1,0.303797468
4637,UNNAMED,0,0.0
4638,Ceyhan,1,0.274509804
4639,Brianka,2,0.252525253
4642,Bạc Liêu,1,0.309278351
4643,Salubindza,1,0.358490566
4644,Sylhet,2,0.318091451
4645,Araçatuba,1,0.565217391
4646,Tongxin,1,0.225806452
4647,Mukanga,1,1.0
4648,Duitama,1,0.21875
4649,Bayreuth,1,0.07073955
4650,Touggourt,1,0.397590361
4651,Ihnasya al Madinah,1,0.45
4652,Arba Minch,1,0.761904762
4653,Ajaccio,1,0.094594595
4655,Metro,1,0.179271709
4656,Firozpur,1,0.333333333
4658,Catania,2,0.267634855
4659,Yamagata,1,0.088345865
4660,San Miguel de Allende,1,0.13740458
4661,Tangyan,1,0.733333333
4662,Ijero-Ekiti,1,0.5
4663,Bindi,1,0.365384615
4664,Tacloban,1,0.3875
4665,Chongdan,1,1.0
4666,Volgodonsk,1,0.244444444
4667,Kassala,1,0.724637681
4668,Yumurtalık,1,0.625
4669,Alchevsk,1,0.152466368
4671,Upata,1,0.382978723
4672,Hue,1,0.403846154
4673,eGobhoza,1,0.625
4674,Moulvibazar,2,0.222627737
4675,Fernandópolis,1,0.53125
4676,Haiyuan,1,0.390243902
4677,Kabalo,1,1.0
4678,Piedecuesta,1,0.407407407
4679,Ingolstadt,1,0.059615385
4680,Mila,1,0.708333333
4681,Bilqas,1,0.407407407
4682,Mota,1,1.0
4685,Bikaner,1,0.482233503
4686,Tehran,6,0.364045618
4688,Matsumoto,1,0.185185185
4689,San Pedro de las Colonias,0,0.0
4690,Nansang,1,0.357142857
4691,Bodinga,1,0.391304348
4692,Hyderabad,2,0.484076433
4693,Marawi,1,0.196319018
4694,Riwon,0,0.0
4695,Armavir,1,0.25443787
4696,Sinkāt,1,1.0
4697,Ünye,1,0.245283019
4698,Luhansk,1,0.095906433
4699,Yakima,1,0.115473441
4700,Tucupita,1,0.293103448
4702,Sikhalasenkosi,1,0.308823529
4704,Tupã,1,0.341463415
4705,Hanggin,0,0.0
4706,Mulongo,1,0.9375
4707,Sogamoso,1,0.517241379
4708,Halle (Saale),1,0.10564663
4709,Constantine,4,0.4
4710,Mansoura,26,0.405405405
4711,Gouder,1,0.833333333
4713,Muntok,1,0.615384615
4714,Deoder,0,0.0
4716,Syracuse,1,0.333333333
4717,Ueda,1,0.108433735
4718,Querétaro,1,0.142016807
4720,Omu Aran,1,0.35
4722,Cotabato,1,0.342465753
4723,Phyongsan,1,0.545454545
4724,Kirovo-Chepetsk,1,0.344827586
4725,Port Sudan,1,0.696428571
4726,Kadirli,1,0.432432432
4727,Rovenky,1,0.254901961
4728,Nampa,1,0.082670906
4729,Tra On,0,0.0
4730,Naas,1,0.661016949
4731,Beanibazar,1,0.722222222
4733,Shangri-La,1,0.484848485
4734,Mukubu,1,1.0
4735,San José del Guaviare,1,0.571428571
4736,Munich,1,0.130780895
4738,Fashn,1,0.136363636
4739,Hadero,1,1.0
4740,Middlesbrough,2,0.213495575
4741,Kalianda,0,0.0
4742,Bhaderwah,1,0.625
4743,Khomein,1,0.46875
4744,Cerignola,0,0.0
4746,Iguala,1,0.100746269
4747,Bago,1,0.511904762
4748,Otun,1,0.363636364
4749,Shahdadpur,1,0.169230769
4750,Cagayan de Oro,2,0.319444444
4751,Kimch'aek,1,0.490196078
4752,Stavropol,2,0.218455744
4753,Sawakin,1,0.833333333
4754,Sivas,1,0.339449541
4755,Krasnodon,1,0.097560976
4756,Boise,1,0.163006757
4757,Cai Lậy,1,0.093333333
4758,Feni,2,0.315436242
4759,Birigui,1,0.288888889
4760,Baotou,2,0.55799373
4761,Kipushi,1,0.64
4762,Valledupar,1,0.839285714
4763,Gera,1,0.063636364
4764,Ain Mlila,1,0.404761905
4766,Debre Tabor,1,0.833333333
4767,Nottingham,4,0.139679715
4768,Mekarsari,0,0.0
4769,Tarn Taran Sahib,1,0.253521127
4770,Chalus,1,0.004739336
4771,Messina,1,0.173745174
4772,Okaya,2,0.259493671
4773,Taxco,1,0.134328358
4774,Nyaunglebin,1,0.4
4775,Ilawe-Ekiti,1,0.6875
4776,Tarakai,2,0.676923077
4777,Surigao City,1,0.666666667
4778,Tanchon,1,0.636363636
4779,Kuznetsk,1,0.18487395
4780,Fatsa,1,0.265625
4781,Kennewick,1,0.1507431
4782,Sóc Trăng,1,0.361445783
4785,Yakeshi/Yaysi,1,0.339285714
4786,Kongolo,1,0.95
4787,Pamplona,0,0.0
4788,Leipzig,1,0.157894737
4791,Ginido,0,0.0
4792,Oxford,1,0.035074627
4793,Mekarjaya,0,0.0
4794,Dhrangadhra,1,0.44
4795,Bandar-e Mahshahr,1,0.323076923
4796,Reggio Calabria,1,0.191709845
4798,Ciudad Juárez,1,0.295774648
4799,Daik-U,1,0.666666667
4801,Sowari,1,0.444444444
4802,Koronadal,1,0.355555556
4803,Rahŭng,0,0.0
4804,Nevinnomyssk,1,0.202380952
4805,Osmaniye,1,0.305263158
4806,Anchorage,1,0.352071006
4809,Goiânia,2,0.298045603
4810,Longxi,1,0.191860465
4811,UNNAMED,1,1.0
4812,Yopal,1,0.525
4813,Regensburg,1,0.060522696
4814,Skikda,1,0.329608939
4816,UNNAMED,0,0.0
4817,Rugby,1,0.055555556
4818,Mekarjaya,1,0.470588235
4819,Siwana,0,0.0
4820,Ramhormoz,1,0.260869565
4821,Barletta,1,0.736842105
4822,Sendai,2,0.222692037
4823,San Luis Potosí,1,0.145012573
4824,Thanatpin,0,0.0
4825,Idanre,1,0.447368421
4826,Tando Adam,1,0.535714286
4827,Valencia,1,0.365853659
4828,Wonsan,1,0.607142857
4829,Kazan,1,0.222821204
4830,Samandağ,1,0.31884058
4831,Bellingham,1,0.051671733
4832,Trang Bang,1,0.506024096
4833,Chattogram,6,0.44814582
4834,Santa Cruz do Sul,1,0.140495868
4835,Muse,1,0.284210526
4836,Kyolo,1,0.833333333
4837,Cúcuta,1,0.716981132
4838,Landshut,1,0.081761006
4839,Ain Fakroun,1,0.380952381
4840,Al Inab al Saghirah,1,0.481481481
4841,Ebbenat,0,0.0
4843,Cilegon,2,0.545454545
4844,Dhire Kot,1,0.425
4845,Qom,2,0.446153846
4846,Andria,1,0.6875
4847,Aizu-Wakamatsu,1,0.092198582
4848,Toluca,3,0.21577381
4849,Shwegyin,1,0.636363636
4850,Sokoto,1,0.334346505
4852,Butuan,1,0.317241379
4853,Omong-ri,1,0.6
4854,Saratov,2,0.213062099
4855,İskenderun,2,0.328703704
4856,Provo,2,0.149962321
4857,My Tho,2,0.315914489
4858,Khagrachhari,1,0.647058824
4859,Goianésia,1,0.692307692
4860,Tengchong,1,0.193877551
4861,Lubumbashi,1,0.772413793
4863,Zwickau,1,0.058823529
4864,El Oued,1,0.335526316
4865,Minshat al Maghaliqah,0,0.0
4866,Welkite,1,0.75
4867,Portsmouth,3,0.145294978
4868,Pandeglang,2,0.402684564
4869,Un,0,0.0
4871,Trani,1,0.684210526
4872,Ise,1,0.174528302
4873,San Luis de la Paz,1,0.223684211
4874,Kayan,1,0.75
4875,Akure,2,0.521994135
4876,Jand,1,0.470588235
4877,Polomolok,1,0.583333333
4878,Yonan,1,0.529411765
4879,Cherkessk,1,0.206896552
4880,Antakya,1,0.234042553
4881,Salt Lake City,1,0.302071346
4884,Votuporanga,1,0.136904762
4885,Xiji,1,0.363636364
4886,Wamaza,1,0.857142857
4887,Riohacha,1,0.533333333
4888,Rosenheim,1,0.073619632
4889,Oum El Bouaghi,1,0.571428571
4890,Atmeeda,1,0.538461538
4891,Areka,1,1.0
4892,Loughborough,1,0.071428571
4894,Jakarta,1,0.446070878
4897,Jakarta,1,0.620181406
4898,Jakarta,1,0.432267884
4899,Jakarta,2,0.346839546
4900,Jakarta,4,0.263672999
4902,Jasdan,1,0.5
4903,Izeh,1,0.740740741
4904,Bisceglie,1,0.714285714
4905,Takamori,1,0.119815668
4906,San Juan del Río,1,0.104790419
4907,Thongwa,1,0.5
4908,Ido Ekiti,1,0.473684211
4909,Swabi,1,0.305439331
4910,General Santos,1,0.420408163
4911,Paechon,1,0.625
4913,Düziçi,1,0.434782609
4914,Albuquerque,3,0.187755102
4916,Chakaria,1,0.850746269
4917,Araguaína,1,0.365671642
4918,Yanchi,1,0.188405797
4919,Mpose,0,0.0
4920,Saravena,0,0.0
4922,Khenchela,1,0.384615385
4924,Shire,1,0.785714286
4925,Leicester,2,0.154028436
4926,Rangkasbitung,1,0.359375
4927,Sri Muktsar Sahib,1,0.346153846
4928,Omidieh,0,0.0
4929,Cosenza,1,0.077192982
4930,Fukushima,1,0.141666667
4932,Kyaikto,1,0.4375
4933,Gwadabawa,0,0.0
4934,Sinijhoro,0,0.0
4935,Digos,1,0.564102564
4936,Kosan,1,0.538461538
4937,Volgograd,4,0.121927711
4938,Kırıkhan,1,0.365853659
4940,Lịch Hội Thượng,0,0.0
4941,Bandarban,0,0.0
4942,Assis,1,0.2875
4943,Dalad,1,0.328
4944,Manono,1,0.580645161
4945,Manaure,1,1.0
4946,Berlin,3,0.20968645
4947,Guelma,1,0.257731959
4949,Ambo,1,0.85
4951,Palabuhanratu,1,0.228187919
4952,Dhanera,0,0.0
4953,Qarchak,2,0.375
4954,Molfetta,1,0.32
4955,Ishinomaki,1,0.164
4957,Pauk Taw,0,0.0
4958,Ado Ekiti,1,0.542105263
4959,Totalai,1,1.0
4961,Kaesong,1,0.241935484
4962,Kamyshin,1,0.411764706
4963,Ordu,1,0.157894737
4964,Ogden,3,0.160614525
4966,রামু Ramu,1,0.601851852
4967,Castanhal,1,0.333333333
4968,Luomen,1,0.244186047
4969,UNNAMED,1,0.454545455
4970,Maicao,1,0.703703704
4971,Chemnitz,1,0.085201794
4972,Ain Beida,1,0.612903226
4974,Lumame,0,0.0
4976,Pangkalpinang,1,0.209386282
4977,Batala,1,0.274336283
4978,Pardis,1,0.257142857
4979,Altamura,1,0.290322581
4981,Cuernavaca,1,0.202061856
4982,Thaton,1,0.239130435
4983,Zuru,1,0.514285714
4984,Tando Muhammad Khan,1,0.823529412
4985,Davao City,1,0.459119497
4986,P'yŏnghwa-ri,0,0.0
4988,Kahramanmaraş,1,0.261603376
4989,Grand Junction,1,0.165680473
4991,Teknaf,1,1.0
4992,Penápolis,1,0.545454545
4993,Jingning,1,0.222222222
4994,Shabunda,1,1.0
4995,Uribia,1,0.75
4996,Dresden,1,0.101449275
4997,Sedrata,1,0.4
4999,Mekane Yesus,0,0.0
5000,Basingstoke,1,0.040145985
5002,Osiyan,0,0.0
5003,Pakdasht,1,0.173913043
5004,Bari,1,0.158110883
5005,Takasaki [Maebashi],5,0.201324991
5006,Mexico City,7,0.475470917
5008,Sar Hpo Su,0,0.0
5009,Ikerre,1,0.568627451
5010,Layyah,1,0.23364486
5011,Panabo,1,0.78125
5013,Türkoğlu,0,0.0
5015,Trà Vinh City,1,0.411111111
5016,Palmas,1,0.554347826
5017,Dingbian,1,0.170212766
5018,Kasumbalesa,1,0.684210526
5019,Arauca,1,0.625
5020,Cottbus,1,0.109243697
5021,Annaba,1,0.241691843
5023,Sodo,1,0.954545455
5024,York,1,0.038674033
5025,Toboali,1,0.260273973
5026,Kathua,1,0.5
5028,Taranto,1,0.193979933
5029,Toyohashi,2,0.268317853
5030,Tlapa de Comonfort,1,0.215686275
5031,Hpa-An,1,0.256410256
5032,Tuga Nama,1,0.6875
5033,Daharki,1,0.8
5034,Tagum,1,0.28
5035,Ulyanovsk,2,0.153935185
5036,Reyhanlı,1,0.366666667
5037,Odessa,1,0.209375
5038,Ho Chi Minh City,7,0.554347826
5039,Taquaralto,1,0.392857143
5040,Tumed Right Banner,1,0.404255319
5041,Isiro,1,0.869565217
5044,Cheria,1,0.647058824
5046,Shinshicho,1,1.0
5047,Reading,1,0.112951807
5049,Bhinmal,1,0.6875
5050,Amol,1,0.198198198
5051,Brindisi,1,0.594594595
5052,Koriyama,1,0.125498008
5053,Cuautla,1,0.102857143
5054,Mawlamyine,1,0.53164557
5055,Rijau,1,0.5
5056,Attock,1,0.609375
5058,Elbistan,1,0.404255319
5059,Nuevo Laredo,1,0.323529412
5061,Senador Canedo,1,0.361702128
5062,Guyuan,1,0.309859155
5063,Nyunzu,1,0.888888889
5064,M'Daourouch,1,0.6
5066,Gunchire,0,0.0
5067,Northampton,1,0.112456747
5069,Gurdaspur,1,0.370967742
5070,Kashan,1,0.234234234
5071,Lecce,1,0.135338346
5072,Kai [Kofu],1,0.175946548
5073,Tula de Allende,1,0.078014184
5074,Mudon,1,0.285714286
5075,Egosi,1,0.666666667
5076,Tando Allayhar,1,0.45
5077,Kislovodsk,1,0.28
5078,Giresun,1,0.166666667
5079,Midland,1,0.211038961
5080,Đà Nẵng,2,0.533492823
5081,Telêmaco Borba,1,0.575757576
5082,Gangu,1,0.214285714
5083,Walikale,1,1.0
5084,Souk Ahras,1,0.446428571
5086,Hossana,1,0.857142857
5087,Milton Keynes,1,0.1
5089,Faridkot,1,0.483333333
5090,Behbahan,1,0.479166667
5091,Hamamatsu,1,0.208367514
5093,Kengtung,1,0.307692308
5094,Wurno,1,0.428571429
5095,Kamra,1,0.258865248
5096,Yessentuki,1,0.293577982
5097,Kilis,1,0.276595745
5098,McAllen,3,0.127226463
5100,Ituiutaba,1,0.722222222
5101,Baoshan,1,0.303249097
5102,Elila,0,0.0
5103,Tebessa,1,0.254098361
5104,Zayyan,1,0.277777778
5105,Boditi,1,0.916666667
5106,Aylesbury,1,0.034205231
5107,Bandung,5,0.494377163
5108,Malout,1,0.317073171
5109,Shahr-e Kord,1,0.296703297
5112,War Kha Yu,1,0.4
5113,Lafiagi,1,1.0
5114,Sanghar,1,0.6
5115,Pyatigorsk,1,0.118644068
5118,Đồng Xoài,1,0.49122807
5119,Anápolis,1,0.185255198
5120,Dorbod,0,0.0
5121,Kilwa,1,1.0
5122,Bir El Ater,1,0.7
5123,Kafr al Hajj Shirbini,1,0.382978723
5124,UNNAMED,0,0.0
5125,Blackwater,3,0.097783572
5127,Sayla,0,0.0
5128,Babol,1,0.218009479
5129,Tokyo,9,0.458357698
5132,Rioverde,1,0.289473684
5133,Ye,1,0.5
5134,Mara-Mawa,0,0.0
5135,Wan Bhachran,0,0.0
5136,Mineralnye Vody,1,0.107758621
5137,Gaziantep,2,0.3984375
5138,Spokane,1,0.096385542
5139,Go Cong,1,0.288888889
5140,União da Vitória,1,0.289473684
5141,Dongsheng,1,0.238738739
5142,Kamituga,1,1.0
5143,Beni Suef,4,0.405750799
5144,Waliso,1,0.777777778
5146,Mandalakasih,0,0.0
5147,Amreli,1,0.411764706
5148,Dehdasht,1,0.692307692
5149,Utsunomiya,1,0.109489051
5151,Myawaddy,1,1.0
5152,Kontagora,1,0.490909091
5153,Topi,1,0.615384615
5154,Elista,1,0.244274809
5155,Malatya,1,0.19140625
5156,Idaho Falls,0,0.0
5157,Hoi An,1,0.568965517
5158,Lajeado,1,0.205479452
5159,Ordos,1,0.297520661
5160,Mutabi,1,1.0
5162,Durame,1,1.0
5165,Diu,1,0.739130435
5166,Lordegan,0,0.0
5168,Tepetlixpa,1,0.090361446
5169,Tachileik,1,0.8
5170,Ise,2,0.684210526
5171,Dera Ghazi Khan,1,0.335365854
5172,Syzran,1,0.180952381
5173,Nizip,1,0.333333333
5174,Brownsville,1,0.077502691
5175,Hiệp Phước,1,0.481751825
5176,Itumbiara,1,0.362318841
5177,Lijiang,1,0.227586207
5178,Kasenga,1,0.7
5180,Gojo Town,1,0.533333333
5182,Garut,3,0.616901408
5184,Harij,0,0.0
5185,Najafabad,1,0.26119403
5188,Payathonzu,1,0.75
5189,Dirinbaji,0,0.0
5190,Kot Chutta,0,0.0
5191,Glazov,1,0.25974026
5192,Adiyaman,1,0.296610169
5193,Lubbock,1,0.072348253
5194,Kon Tum,1,0.430555556
5195,Marília,1,0.184210526
5196,Uxin Banner,0,0.0
5197,Dungu,1,0.62962963
5199,UNNAMED,0,0.0
5201,Subang,2,0.200549451
5202,Hanumanangarh Junction,1,0.451612903
5203,Qaem Shahr,1,0.180327869
5206,Dawei,1,0.689655172
5207,Ribah,0,0.0
5208,Battagram,1,0.793103448
5209,Balakovo,1,0.173267327
5211,San Angelo,0,0.0
5212,Phú Mỹ,1,0.571428571
5213,Caçador,1,0.403846154
5214,Qin'an,1,0.1484375
5215,Misisi,1,1.0
5217,Gut'O,1,1.0
5220,Surendranagar,1,0.647058824
5221,Zarrinshahr,0,0.0
5222,Shizuoka,2,0.2375
5223,Matehuala,1,0.21875
5224,Myeik,1,0.875
5225,Koko Town,1,0.344827586
5226,Ghāzi,1,0.578947368
5227,Georgiyevsk,1,0.226415094
5228,Trabzon,2,0.377659574
5229,San Antonio,3,0.126103
5230,Gia Kiệm,1,0.442307692
5231,Lins,1,0.333333333
5232,Tumed Left Banner,1,0.212121212
5233,Pweto,1,1.0
5235,Dejen,0,0.0
5236,Corby,2,0.048387097
5238,Una,1,0.5
5239,Shahin Shahr,1,0.246575342
5240,Oyama,1,0.119496855
5242,Kawthaung,1,0.875
5244,Pindi Gheb,1,0.170731707
5245,Dimitrovgrad,1,0.147540984
5246,Kahta,1,0.28125
5247,Corpus Christi,1,0.161662818
5248,Cây Xăng,1,0.714285714
5249,São José do Rio Preto,2,0.207364341
5250,Zhuanglang,0,0.0
5251,Mululu,0,0.0
5253,Shone,1,1.0
5254,Scunthorpe,1,0.049333333
5256,Pathankot,1,0.443298969
5257,Fuladshahr,1,0.277777778
5258,Mishima,2,0.216990788
5259,Atlixco,1,0.130081301
5260,Ikole,1,0.526315789
5261,Jampur,1,0.185483871
5262,Tolyatti,3,0.24893617
5263,Suruç,1,0.615384615
5264,Pueblo,1,0.127536232
5265,Tam Kỳ,1,0.322580645
5266,Ourinhos,1,0.361445783
5267,Jiagedaqi,1,0.41509434
5268,Bukavu,1,0.780487805
5269,Mallawi,4,0.316666667
5270,Bechena,1,1.0
5272,Sumuradem,1,0.177570093
5273,Deesa,1,0.355555556
5274,Sari,2,0.166666667
5275,泉町黒須野,2,0.273381295
5277,Egbe,1,0.55
5278,Rajanpur,1,0.307692308
5279,Baksan,1,0.078431373
5280,Erzincan,1,0.339622642
5281,Amarillo,1,0.227477477
5282,Pleiku,1,0.355555556
5283,Açailândia,1,0.395348837
5284,Tianshui,2,0.208436725
5285,Rubaya,1,0.5
5287,Gezaber,0,0.0
5288,London,14,0.324299773
5290,Kotkapura,1,0.342105263
5291,Isfahan,2,0.347235694
5293,Pachuca,2,0.162379421
5294,Benin City,1,0.498704663
5295,Kot Addu,1,0.571428571
5296,Budyonnovsk,1,0.162162162
5297,Elazig,1,0.198198198
5298,Abilene,1,0.068820225
5299,Vung Tau,2,0.515873016
5300,Bento Gonçalves,1,0.127272727
5301,Xihe,0,0.0
5302,Kamanyola,1,0.714285714
5304,Mertule Mariam,1,1.0
5306,Tasikmalaya,1,0.480530973
5307,Nokha,1,0.517241379
5308,Dogonbadan,1,0.38
5309,Mito,3,0.135539795
5310,Texmelucan,1,0.122270742
5311,Owo,1,0.34751773
5312,Wah Cantonment,1,0.397727273
5313,Nalchik,1,0.174216028
5314,Şanlıurfa,1,0.243727599
5315,Colorado Springs,1,0.195059625
5317,Pelotas,1,0.27755102
5318,Longnan,1,0.081632653
5319,Butondo,1,0.642857143
5320,Al-Zaqaziq‎,4,0.465986395
5321,Ginsi,1,1.0
5322,Lincoln,1,0.028651293
5323,Tanjung Pandan,1,0.341772152
5324,Jodhpur,1,0.568627451
5325,Bandar Ganaveh,1,0.653846154
5327,Puebla,4,0.22212766
5328,Goronyo,0,0.0
5331,Akçakale,1,0.481481481
5332,Denver,2,0.178545612
5333,Long Khanh,1,0.317647059
5334,Imperatriz,1,0.228571429
5335,Hohhot,1,0.367990654
5336,Mambasa,1,0.909090909
5338,Alaba Kulito,1,1.0
5341,Jalore,1,0.533333333
5344,Saltillo,1,0.348027842
5345,Sapele,3,0.375722543
5346,Mithankot,0,0.0
5347,Prokhladny,1,0.295081967
5348,Rize,1,0.186915888
5349,Austin,2,0.107405591
5350,Đăk Mil,1,0.428571429
5351,Paragominas,1,0.320754717
5352,Pingliang,1,0.243243243
5353,Baraka,1,0.7
5355,Tulu Bolo,1,1.0
5356,Luton,1,0.144230769
5359,Neka,1,0.111111111
5360,Kamisu,1,0.144396552
5361,Huajuapan,1,0.220930233
5363,Sadiqabad,1,0.292682927
5364,Nizhnekamsk,1,0.184971098
5365,Siverek,1,0.341463415
5367,Định Quán,1,0.297297297
5368,Ponta Grossa,1,0.285714286
5370,Sake,1,1.0
5372,Nefas Meewcha,1,1.0
5373,Bedford,1,0.044207317
5375,Patan,1,0.452380952
5376,Baharestan,1,0.448275862
5377,Mobara,1,0.106796117
5379,Warri,2,0.44191344
5380,Mirpur Khas,1,0.8
5382,Ergani,1,0.333333333
5383,Longmont,1,0.098321343
5384,Ngai Giao,1,0.413793103
5385,Águas Lindas de Goiás,1,0.303797468
5386,Zhangjiachuan,0,0.0
5387,Kalemie,1,0.651515152
5389,Gorabee,1,1.0
5391,Indramayu,2,0.314578005
5392,Kundla,1,0.357142857
5393,Behshahr,1,0.276595745
5395,Omuo-Obadore,1,0.297297297
5396,Haripur,2,0.272357724
5398,Viranşehir,1,0.454545455
5399,Killeen,1,0.057748538
5400,Tan Phu,1,0.390243902
5401,Caldas Novas,1,0.476190476
5402,Dali,2,0.171511628
5403,Uvira,1,0.535714286
5405,Kokir,0,0.0
5406,Brighton,3,0.134157105
5407,Cirebon,8,0.373877551
5408,Chanasma,0,0.0
5409,Bagh-e Zahra,2,0.632183908
5410,Ramos Arizpe,1,0.777777778
5411,Igbe,3,0.364035088
5412,Fateh Jang,1,0.5625
5413,Samara,1,0.156820623
5414,Diyarbakir,1,0.221893491
5415,Loveland,1,0.153191489
5416,Chư Sê,1,0.375
5417,Santo Antônio do Descoberto,1,0.435897436
5418,Qingshui,0,0.0
5419,Goma,1,0.882352941
5421,Axum,1,0.866666667
5422,Hull,1,0.074019245
5424,Bechraji,0,0.0
5425,Shahreza,1,0.221052632
5428,Badin,1,1.0
5429,Izhevsk,1,0.185248714
5430,Bingöl,1,0.371428571
5431,Fort Collins,1,0.164146868
5432,Buôn Ma Thuột,2,0.430232558
5433,Caxias do Sul,1,0.250720461
5434,Togtoh,1,0.291666667
5435,Kirumba,1,0.9
5437,Aleltu,0,0.0
5440,Botad,1,0.271186441
5442,Tulancingo,1,0.115384615
5443,Pategi,1,0.8
5444,Kot Najib Ullah,0,0.0
5447,Greeley,1,0.077966102
5448,Quảng Ngãi,1,0.314159292
5449,Rio Grande,1,0.261083744
5450,Huating,1,0.243243243
5451,Kanyabayonga,1,1.0
5453,Yabelo,1,1.0
5454,Peterborough,1,0.042112299
5455,Kuningan,1,0.464751958
5456,Kapurthala,1,0.370967742
5457,Ab Pakhsh,0,0.0
5458,Monclova,1,0.33
5460,Rahimyar Khan,1,0.335025381
5461,Naberezhnye Chelny,1,0.116939891
5462,Erzurum,1,0.333333333
5463,Waco,1,0.025683513
5464,Quảng Phú,1,0.692307692
5465,Ceilândia,4,0.411764706
5466,Jingbian,1,0.198675497
5467,Butembo,1,0.838709677
5469,Dalocha,0,0.0
5471,Banjar,1,0.222222222
5472,Mandi Dabwali,1,0.310344828
5474,Ciudad Valles,1,0.223776224
5476,Munda,0,0.0
5477,Vladikavkaz,1,0.225589226
5478,Kızıltepe,1,0.275862069
5479,Cheyenne,0,0.0
5480,Bảo Lộc,1,0.555555556
5482,Datian,1,0.202702703
5483,Beni,1,0.825
5485,Gebre gurach,1,1.0
5486,Stevenage,1,0.080597015
5487,Ciherang,1,0.273972603
5488,Ahore,0,0.0
5489,Semnan,1,0.423076923
5490,Huamantla,1,0.063348416
5491,Isanlu Mopo,1,0.772727273
5492,Talagang,1,0.533333333
5493,Nazran,1,0.272727273
5494,Batman,1,0.209183673
5495,Wichita Falls,0,0.0
5496,La Gi,0,0.0
5497,Guaíba,1,0.287356322
5498,Yingjing,1,0.464285714
5499,Butusande,1,1.0
5501,Addis Alem,0,0.0
5504,Limbdi,1,0.4375
5505,Yasuj,1,0.513513514
5506,Huauchinango,1,0.091463415
5507,Ekinrin,0,0.0
5509,Votkinsk,1,0.185185185
5510,Muş,1,0.185185185
5511,Houston,8,0.152242954
5512,An Khê,1,0.404255319
5513,Catanduva,1,0.326086957
5514,Dujiangyan,1,0.23255814
5515,Oicha,0,0.0
5517,ቡሌ ሆራ / Bule Hora,1,1.0
5518,Grimsby,1,0.073529412
5520,Moga,1,0.302325581
5521,Bandar-e Torkaman,1,0.56
5522,Tehuacán,1,0.145552561
5523,Oburigbene,0,0.0
5524,Digri,1,0.6
5525,Sunzha,1,0.269662921
5526,Qamishli,1,0.4375
5527,College Station,1,0.12754159
5528,Ea Kar,0,0.0
5529,Novo Hamburgo,2,0.247922438
5530,Ya'an,1,0.204081633
5531,Kalimva,1,0.52173913
5533,The State Of Tigray,0,0.0
5535,Majenang,1,0.741935484
5536,Palanpur,1,0.310344828
5537,Nurabad Mamasani,0,0.0
5538,García,1,0.391304348
5539,Bena,1,0.625
5541,Almetyevsk,1,0.12254902
5542,Midyat,1,0.454545455
5543,Dallas,14,0.131695753
5544,Đinh Văn,0,0.0
5545,Gama,2,0.512195122
5546,Fengqing County,1,0.15625
5547,Nyamilima,1,1.0
5549,Gedeb,1,1.0
5550,Cambridge,1,0.023709902
5552,Viramgam,1,0.578947368
5553,Gorgan,1,0.302158273
5554,Monterrey,1,0.370470525
5555,Bida,1,0.333333333
5556,Balakot,2,0.464285714
5557,Sarapul,1,0.19379845
5558,Siirt,1,0.405405405
5559,Lawton,0,0.0
5560,Phan Thiet,1,0.4140625
5562,Binchuan,1,0.166666667
5563,Ndalama,1,1.0
5565,Butajira,1,0.916666667
5566,Royal Tunbridge Wells,1,0.027231467
5567,Tegal,10,0.419808307
5568,Bathinda,1,0.309178744
5569,Kazerun,1,0.413043478
5570,Ciudad Mante,1,0.211538462
5571,Aiyetoro,1,0.428571429
5572,Abbottabad,4,0.538653367
5573,Berezniki,1,0.097457627
5574,Kars,1,0.277777778
5576,Tam Quan,0,0.0
5578,Hengshan,1,0.433333333
5579,Makosa,0,0.0
5581,Dilla,1,0.730769231
5582,Eastbourne,1,0.081318681
5583,Cilacap,1,0.469194313
5584,Siddhapur,1,0.666666667
5585,Aghghala,0,0.0
5586,Oaxaca,1,0.185907046
5587,Ughelli,1,0.49
5588,Muzaffargarh,1,0.296650718
5589,Grozny,1,0.194945848
5590,Tatvan,1,0.288888889
5592,Phú Phong,0,0.0
5593,Porto Alegre,1,0.417334304
5594,Chengxian,0,0.0
5595,Mongbwalu,1,0.884615385
5597,Adwa,1,0.769230769
5599,Pagojengan,1,0.301204819
5600,Rajula,1,0.470588235
5601,Aliabad-e Katul,0,0.0
5602,Orizaba,1,0.13464991
5603,Mafara,1,0.423076923
5604,Havelian,1,0.775
5605,Bugulma,1,0.389830508
5606,Ağrı,1,0.256410256
5608,Dalat,1,0.523809524
5610,Dayi,1,0.132420091
5611,Bunia,1,0.825396825
5613,Damietta,1,0.701863354
5614,Ejere,0,0.0
5615,Chelmsford,1,0.049441786
5617,Jalandhar,1,0.390243902
5618,Abadeh,0,0.0
5619,Ciudad Victoria,1,0.418181818
5620,Kabba,1,0.606060606
5621,Rawalpindi [Islamabad],2,0.493923611
5622,Kultaevo,1,0.275862069
5623,Patnos,1,0.375
5624,Billings,1,0.147308782
5625,Liên Khương,1,0.456140351
5626,Bauru,1,0.302013423
5627,Jungar,1,0.153333333
5628,Iga Barriere,1,0.5
5629,Beni Adi,1,0.692307692
5630,ፊንጫዋ / Finchawa,0,0.0
5631,St Leonards,1,0.041736227
5633,Sri Dungargarh,0,0.0
5634,Gonbad-e Qabus,1,0.348314607
5635,Cadereyta Jiménez,1,0.511111111
5636,Ekpoma,1,0.559322034
5637,Alipur,1,0.204081633
5638,Neftekamsk,1,0.287128713
5639,Cizre,1,0.272727273
5641,Quy Nhơn,1,0.39673913
5643,Qionglai,1,0.18699187
5644,Ariwara,1,0.636363636
5645,An Nazlah,10,0.479289941
5646,Chucko,1,1.0
5649,Shihi Village,1,0.769230769
5650,Azadshahr,0,0.0
5651,San Luis,1,0.262295082
5652,Ekogboro,1,0.454545455
5653,Garhi Habibullah,1,0.848484848
5654,Perm,2,0.034074074
5655,Şırnak,1,0.391304348
5657,Phan Rí Cửa,0,0.0
5659,Midu,1,0.183908046
5660,Jupujuro-sii,0,0.0
5662,Holeta,1,1.0
5665,Mahesana,1,0.431578947
5666,Shiraz,1,0.276816609
5667,Teziutlán,1,0.131067961
5668,Enwan,1,0.422222222
5669,Khanpur,1,0.337349398
5671,Silopi,1,0.239130435
5672,Port Arthur,0,0.0
5673,Tuy Hòa,1,0.409638554
5674,Bragança,1,0.120967742
5675,Xiangyun,1,0.171875
5676,Aru,1,0.933333333
5678,T'Ora,0,0.0
5679,Southend-on-Sea,2,0.196969697
5680,Purwokerto,6,0.328530259
5681,Nagaur,1,0.474576271
5682,Shahrud,1,0.490566038
5683,General Zuazua,0,0.0
5684,Okene,1,0.310344828
5685,Khushab,1,1.0
5686,Astrakhan,1,0.121212121
5687,Erciş,1,0.189473684
5689,Ninh Hòa,1,0.325581395
5691,Horinger,1,0.5
5692,Mahagi,1,1.0
5694,Yirgalem,1,0.833333333
5695,Colchester,1,0.037735849
5698,Raman Mandi,1,0.347826087
5699,Gilan Tappeh,0,0.0
5700,Linares,1,0.287671233
5701,Agbor,1,0.455555556
5702,Gilgit,1,0.585365854
5703,Oktjabrski,1,0.183823529
5704,Van,1,0.407643312
5705,Oklahoma City,3,0.08590354
5706,Nha Trang,1,0.34375
5707,Luziânia,1,0.282828283
5710,Filakit Gereger,0,0.0
5711,Ashford,1,0.056053812
5713,Asop,0,0.0
5714,Kangan Seaport,0,0.0
5715,Córdoba,1,0.13172043
5716,Obinomba,1,0.666666667
5717,Multan,1,0.239285714
5718,Сылва,1,0.290322581
5719,Iğdır,1,0.357142857
5721,Vạn Giã,1,0.514285714
5723,Chengdu,9,0.295736242
5725,Enseno,0,0.0
5726,Canterbury,1,0.052447552
5728,Sirohi,1,0.733333333
5729,Marvdasht,1,0.38
5730,Poza Rica,1,0.148148148
5731,Irri,1,0.276923077
5732,Muzaffarabad,1,0.52
5733,Kizlyar,1,0.138888889
5734,Doğubayazıt,1,0.369565217
5735,Longview,0,0.0
5736,Phan Rang - Tháp Chàm,1,0.254237288
5737,Sobradinho,1,0.211956522
5738,Hangyulu,1,0.391666667
5740,Aletawendo,1,1.0
5741,Ipswich,1,0.040765391
5743,Kadi,1,0.396551724
5744,Firuzabad,1,0.274509804
5745,Coatepec,1,0.1875
5746,Agwa,1,0.391304348
5747,Shujaabad,1,0.507042254
5748,Tujmazy,1,0.171717172
5749,Hakkâri,1,0.473684211
5750,Lake Charles,0,0.0
5751,Cam Ranh,1,0.636363636
5752,Uberlândia,1,0.465034965
5755,Morocho,1,1.0
5756,Folkestone,1,0.054744526
5757,Pemangkat,1,0.5
5758,Abu Road,1,0.5
5759,Ardakan,2,0.365217391
5760,Papantla de Olarte,1,0.137931034
5761,Magagindoke,1,0.5
5763,Buzuluk,1,0.198275862
5764,Yüksekova,1,0.448275862
5765,Shreveport,0,0.0
5766,Barretos,1,0.697674419
5767,Longxian,1,0.25974026
5769,Hawassa,1,0.764705882
5770,Norwich,1,0.031179138
5771,Singkawang,1,0.476190476
5772,Pali,1,0.314516129
5773,Yazd,1,0.309711286
5774,Xalapa,1,0.162
5775,Ozoro,1,0.866666667
5776,Chakwal,1,0.458333333
5777,Khasavyurt,1,0.113259669
5779,Lages,1,0.385321101
5780,Yun,1,0.169014085
5781,Asyut,11,0.439393939
5782,Bui,0,0.0
5783,Margate,1,0.21719457
5785,Visnagar,1,0.472222222
5786,Ashkhaneh,0,0.0
5787,Túxpam,1,0.16
5788,Auchi,1,0.266233766
5789,Farzand,1,0.625
5790,Lysva,1,0.404255319
5791,Wichita,1,0.067324955
5792,Itapoã,1,0.166666667
5793,Mianzhu,1,0.260869565
5794,Al-Manzala,3,0.495412844
5795,Gundo Meskel,1,1.0
5796,Great Yarmouth,1,0.088235294
5797,Kebumen,2,0.313432836
5798,Jagraon,1,0.340425532
5799,Fasa,1,0.354166667
5800,Martínez de la Torre,1,0.24137931
5801,Brass,1,0.8125
5802,Rana Khemraj,1,0.545454545
5803,Buynaksk,1,0.223880597
5804,Tulsa,1,0.087436869
5805,Ibitinga,1,0.535714286
5806,Qingyang,1,0.252173913
5808,Fital,0,0.0
5809,Lowestoft,1,0.081570997
5810,Pekalongan,1,0.459580838
5811,Piparcity,0,0.0
5812,Jahrom,1,0.450704225
5813,Tampico,2,0.343023256
5814,Yenagoa,2,0.423868313
5815,Kahuta,1,0.739130435
5816,Makhachkala,2,0.258426966
5817,Lafayette,1,0.044082415
5818,São Sebastião,1,0.138297872
5819,蒲江县,1,0.15942029
5820,9th,2,0.474358974
5821,Addis Ababa,1,0.572839506
5823,Palitana,1,0.588235294
5824,Bojnurd,1,0.492063492
5826,Agaie,1,0.533333333
5827,Ahmadpur East,1,0.217821782
5829,Fort Smith,0,0.0
5830,Araguari,1,0.714285714
5831,Shenmu,1,0.184931507
5833,Melkane Selam,1,1.0
5834,Pontianak,1,0.351111111
5835,Sumerpur,1,0.484848485
5836,Esfarayen,1,0.305555556
5837,Tierra Blanca,1,0.137931034
5838,Uromi,1,0.478873239
5839,Sargodha,1,0.345991561
5840,Serov,1,0.212121212
5841,Houma,0,0.0
5842,Planaltina,1,0.471428571
5843,Shifang,1,0.104294479
5845,Lemen,0,0.0
5846,Purworejo,2,0.182509506
5847,Hoshiarpur,1,0.241176471
5848,Shirvan,1,0.75
5849,Tuxtepec,1,0.215517241
5850,Owerre,1,0.5
5851,Kabirwala,1,0.202702703
5853,Baton Rouge,1,0.044236358
5854,Planaltina,1,0.272727273
5855,Xilinhot,1,0.476190476
5856,Kafr al Hawi,1,0.438596491
5857,Wogdi,0,0.0
5859,Mahuva,1,0.178571429
5860,Darab,1,0.615384615
5861,Veracruz,1,0.235955056
5862,Isa,1,0.538461538
5863,Gujar Khan,1,0.533333333
5864,Ufa,2,0.143899896
5865,New Orleans,1,0.155281822
5866,Campo Largo,1,0.120930233
5867,Hongya,1,0.5625
5868,Dayr Abu Maqrufah,1,0.5
5869,Agre Salam,0,0.0
5871,Phagwara,1,0.272727273
5872,Shahr-e Babak,0,0.0
5875,Jhang,1,0.32183908
5876,Yugorsk,1,0.131578947
5877,Springdale,0,0.0
5878,Bebedouro,1,0.227272727
5879,Xinjin,1,0.063636364
5880,Abu Tig,2,0.756756757
5881,Shashamane,1,0.579710145
5882,Wates,1,0.201550388
5883,Vadnagar,0,0.0
5884,Sabzevar,1,0.558139535
5885,Santo Domingo Tehuantepec,1,0.288888889
5886,Biantubu,1,1.0
5887,Khanewal,1,0.448979592
5888,Derbent,1,0.179487179
5889,Rogers,0,0.0
5890,Catalão,1,0.468085106
5891,Xichang,1,0.172535211
5892,الغنايم,1,0.325
5893,Basha,1,1.0
5894,Temanggung,3,0.208211144
5895,Sihor,1,0.428571429
5896,Tabas,0,0.0
5897,Salina Cruz,1,0.313432836
5898,Shinkafi,1,0.833333333
5899,Bagh,0,0.0
5900,Nizhny Tagil,2,0.178294574
5901,Topeka,0,0.0
5902,Avaré,1,0.558139535
5903,Jiangyou,1,0.191489362
5905,Sululta,1,0.72
5906,Semarang,3,0.306436119
5907,Sardarshahar,1,0.714285714
5908,Quchan,1,0.5
5909,Ciudad Acuña,1,0.5
5910,Opaetensm,1,0.470588235
5911,Jahanian,1,0.264150943
5912,Sterlitamak,1,0.217573222
5913,Little Rock,1,0.032137118
5914,Lençóis Paulista,1,0.538461538
5915,Lincang,1,0.378787879
5916,Nazlet al Mughrebi,1,0.547945205
5917,Arsi Negelle,1,1.0
5918,Yogyakarta,9,0.275709632
5919,Pindwara,0,0.0
5920,Rafsanjan,1,0.34375
5921,Piedras Negras,1,0.434210526
5922,Minna,1,0.447236181
5923,Bhalwal,1,0.692307692
5924,Salavat,1,0.073643411
5925,Lawrence,1,0.050666667
5926,Curitiba,2,0.384808537
5927,Hequ,1,0.153061224
5928,Nazlet Imran Khamis,0,0.0
5929,Ziway,1,0.523809524
5930,Magelang,3,0.253164557
5931,Ambaji,1,0.75
5932,Sirjan,1,0.342105263
5933,Juchitán,1,0.416666667
5934,Ungwan Shekaro,1,0.421052632
5935,Lodhran,1,0.198347107
5936,Orenburg,1,0.170340681
5937,Lincoln,1,0.089960887
5939,Deyang,1,0.368421053
5941,Lalibela,1,1.0
5943,Kalol,1,0.571428571
5944,Bardaskan,0,0.0
5945,Nuevo Laredo,1,0.40625
5946,Kaura-Namoda,1,0.681818182
5947,Sohawa,0,0.0
5949,Biloxi,0,0.0
5950,Jaú,1,0.286956522
5952,Port Said,1,0.462184874
5953,Muketuri,0,0.0
5954,Wonosari,1,0.174242424
5955,Sirsa,1,0.266666667
5956,Dargaz,0,0.0
5957,San Andrés Tuxtla,1,0.183908046
5958,Ogwashi Uku,1,0.441860465
5959,Bahawalpur,1,0.347280335
5960,Novouralsk,1,0.228571429
5961,Kansas City,2,0.044164456
5962,Jaboticabal,1,0.418604651
5963,Mianyang,1,0.164869029
5965,Arbe Gona,0,0.0
5966,Ketapang,1,0.76744186
5967,Dharamshala,1,0.38028169
5968,Neyshabur,1,0.444444444
5969,Reynosa,1,0.568265683
5970,Tudun Wada,1,0.7
5971,Mithi,0,0.0
5972,Yekaterinburg,1,0.160589604
5973,Springfield,1,0.044221106
5974,Formosa,1,0.615384615
5975,Shangdu,1,0.3
5976,Al Ismailiya,1,0.235880399
5977,Meki,1,0.8
5978,Ngabang,1,0.423076923
5979,Kangra,0,0.0
5980,Zarand,1,0.311111111
5981,Acayucan,1,0.112582781
5982,Gusau,1,0.428571429
5983,Toba Tek Singh,1,0.340425532
5985,Omaha,2,0.057755415
5986,Fazenda Rio Grande,1,0.383333333
5988,Fazarah bil Qaryah,1,0.582089552
5989,Kefole,1,1.0
5991,Ahmedabad,4,0.392762577
5992,Chenaran,0,0.0
5993,Río Bravo,1,0.454545455
5994,Uduagba,1,0.233333333
5995,Kahror Pakka,1,0.2
5996,Zlatoust,1,0.178571429
5997,Mobile,1,0.05003427
5998,Matão,1,0.270588235
6004,Kashmar,1,0.355555556
6005,Minatitlán,1,0.163179916
6006,Akabuka,1,0.4
6008,Miass,1,0.170068027
6009,Sioux City,0,0.0
6010,Itapeva,1,0.197368421
6011,Liangcheng,1,0.255813953
6012,Sohag,8,0.487603306
6013,Girga,7,0.343126967
6014,Alem Ketema,1,1.0
6015,Pati,5,0.283098592
6016,Bhavnagar,1,0.451388889
6018,Coatzacoalcos,1,0.255102041
6020,Pir Mahal,1,0.235294118
6021,Magnitogorsk,1,0.261663286
6022,Pensacola,0,0.0
6023,Uberaba,1,0.784313725
6024,Dayangshu,1,0.785714286
6027,Kokosa Bota,0,0.0
6029,Bidasar,0,0.0
6030,Mashhad,1,0.506024096
6031,Matamoros,1,0.404081633
6032,Omoko,1,0.527777778
6033,Dina,1,0.444444444
6034,Kamensk-Uralsky,2,0.223684211
6035,Bismarck,0,0.0
6037,Baode,1,0.129166667
6038,Suez,1,0.334821429
6039,Bishoftu,1,0.75
6041,Mansa,1,0.8
6042,Kerman,1,0.387096774
6043,Tuxtla Gutiérrez,1,0.144560358
6044,Omenama,1,0.464285714
6045,Gojra,1,0.282608696
6046,Chelyabinsk,3,0.288822948
6047,Memphis,1,0.067654321
6048,Botucatu,1,0.326732673
6049,Changshun,1,0.333333333
6051,Bonsa Bota,1,1.0
6052,Purwodadi,1,0.107843137
6053,Dholka,1,0.459459459
6054,Torbate Heydariye,1,0.58
6055,Cárdenas,1,0.120171674
6056,Agenebode,1,0.380952381
6057,Mian Channu,1,0.294117647
6058,Novy Urengoy,1,0.096969697
6060,Araraquara,1,0.427631579
6061,Jiajiang,1,0.093333333
6063,Adigrat,1,0.933333333
6064,Sragen,1,0.16091954
6065,Ludhiana,2,0.374800638
6066,Bandar Abbas,1,0.245551601
6067,Tapachula,1,0.112033195
6068,Lokoja,1,0.614173228
6069,Kotli,1,0.571428571
6071,Sioux Falls,1,0.02786779
6072,Sertãozinho,1,0.348484848
6073,Pengshan,1,0.114942529
6075,Wegel Tena,0,0.0
6076,Pacitan,1,0.204545455
6077,Vijapur,1,0.333333333
6078,Qeshm,0,0.0
6079,San Cristóbal,1,0.155844156
6080,Awala,0,0.0
6081,Chiniot,2,0.386138614
6082,Orsk,2,0.171052632
6083,Navarre,1,0.056872038
6084,Tramandaí,2,0.318918919
6085,Emeishan,1,0.425531915
6087,K'Ore / Qoree,0,0.0
6088,Sanggau,1,0.458333333
6089,Barnala,1,0.257425743
6090,Qaen,0,0.0
6091,Villahermosa,1,0.105147864
6092,Idah,1,0.541666667
6093,Mirpur,1,0.625
6095,Panama City,1,0.088764045
6096,Jaraguá do Sul,1,0.115681234
6097,Panzhihua,3,0.272727273
6099,Akesta,0,0.0
6100,Alasdowo,0,0.0
6102,Roudan,1,0.428571429
6103,Comitán,1,0.229166667
6104,Okwuzu,1,0.555555556
6105,Mandi Bahauddin,1,0.263565891
6106,Tyumen,1,0.1485826
6107,Tuscaloosa,0,0.0
6108,Ribeirao Preto,1,0.230202578
6109,Ulanqab,1,0.192771084
6113,Talaja,1,0.5
6114,Birjand,1,0.634615385
6115,Ciudad del Carmen,1,0.84
6116,Onitsha,3,0.607343192
6117,Mailsi,1,0.320754717
6118,Norilsk,0,0.0
6119,Des Moines,1,0.048213082
6120,Balsas,1,0.452380952
6121,Dechang,0,0.0
6123,Kersa,1,1.0
6124,Madiun,4,0.217316017
6125,Mansa,1,0.388888889
6126,Jiroft,1,0.540983607
6127,Campeche,1,0.311377246
6128,Krakrama,1,0.553191489
6129,Jhelum,2,0.367021277
6130,Kurgan,1,0.099426386
6131,Ames,0,0.0
6132,Blumenau,1,0.121396055
6133,Meishan,1,0.32361516
6134,Abu Manna Gharb,1,0.196721311
6135,Chefedonsa,0,0.0
6137,Sojat,0,0.0
6138,Khaf,0,0.0
6139,Mérida,1,0.212121212
6141,Pir Murad,1,0.379746835
6142,Ishim,1,0.122580645
6143,Montgomery,1,0.059889677
6144,São Carlos,1,0.243902439
6145,Lueyang,1,0.1875
6147,Mojo,1,0.625
6148,Rembang,1,0.349206349
6150,Sarakhs,0,0.0
6151,Chetumal,1,0.449438202
6152,Amaigbo,3,0.671149144
6153,Faisalabad,3,0.246958637
6154,Nizhnevartovsk,1,0.289156627
6156,Unaí,1,0.220338983
6157,Pianguan,1,0.333333333
6160,Kibre Mengist,1,0.769230769
6161,Ngawi,1,0.2
6162,Palampur,0,0.0
6163,Kahnuj,1,0.485714286
6164,Valladolid,1,0.1
6165,Elele,0,0.0
6166,Kamalia,1,0.459459459
6167,Omsk,1,0.209497207
6169,Joinville,1,0.238709677
6170,Jintang,1,0.532467532
6172,Quiha,2,0.730769231
6173,Blora,1,0.130177515
6174,Ratangarh,1,0.538461538
6175,Torbat-e Jam,1,0.41025641
6176,Playa del Carmen,1,0.689655172
6179,Tomsk,2,0.148367953
6180,Birmingham,1,0.030485762
6181,Batatais,1,0.535714286
6182,Dayao,1,0.344827586
6184,Degolo,0,0.0
6185,Trenggalek,2,0.253333333
6186,Merta City,1,0.342857143
6187,Bam,1,0.352941176
6188,San Miguel de Cozumel,1,1.0
6189,Chafe,1,0.533333333
6190,Dijkot,0,0.0
6191,Novosibirsk,3,0.225264468
6192,St. Louis,2,0.075801749
6193,Criciúma,1,0.090214067
6195,Isna,1,0.258064516
6196,Adi Gudom,0,0.0
6197,Purworejo,1,0.306818182
6198,Sujangarh,2,0.430769231
6199,Taybad,0,0.0
6200,Cancún,1,0.417910448
6202,Dinga,1,0.325
6205,Paracatu,1,0.285714286
6206,Baoji,1,0.223665224
6207,Qena,1,0.464285714
6208,Wukro,1,0.875
6209,Tulungagung,1,0.437735849
6210,Khedbrahma,0,0.0
6211,Zahedan,1,0.41509434
6212,Bugama,1,0.368421053
6213,Samundri,1,0.545454545
6215,Tallahassee,1,0.032660903
6216,Paranaguá,1,0.5
6219,Asella,1,0.846153846
6221,Idar,1,0.354166667
6222,Zabol,1,0.34375
6223,Abaji,1,0.555555556
6224,Chichawatni,1,0.380952381
6226,Bradenton,3,0.143518519
6227,Franca,1,0.203309693
6228,Shawan,0,0.0
6229,Luxor,4,0.498641304
6230,Maychew,1,0.888888889
6231,Bojonegoro,1,0.26779661
6232,Prantij,0,0.0
6233,Zehak,0,0.0
6234,Omo,1,0.625
6235,Kharian,2,0.400793651
6236,Yurga,0,0.0
6237,Tampa,4,0.298704415
6238,Itapetininga,1,0.476923077
6239,Leshan,2,0.35451505
6241,Korem,1,1.0
6243,Vadali,0,0.0
6244,Iranshahr,1,0.326923077
6247,Anzhero-Sudzhensk,0,0.0
6248,Huntsville,1,0.038777908
6249,Patrocínio,1,0.607142857
6250,中江县,1,0.233766234
6252,Sagure,0,0.0
6254,Una,0,0.0
6255,Khash,1,0.464285714
6256,Port Harcourt,2,0.948453608
6257,Sangla Hill,1,0.170212766
6258,Kemerovo,1,0.130268199
6259,Cape Coral,1,0.14091858
6260,Tatuí,1,0.140127389
6261,Lancang,1,0.307692308
6262,Al Arish,1,0.509090909
6263,Shano,0,0.0
6265,Himatnagar,1,0.381578947
6266,Chabahar,1,0.541666667
6267,UNNAMED,1,0.47826087
6268,Burewala,1,0.202020202
6269,Rubtsovsk,1,0.25
6270,Naples,1,0.178571429
6271,Piracicaba,1,0.247311828
6272,Zitong,0,0.0
6273,Faris,1,0.17
6274,Adama,1,0.521367521
6276,Dahegam,0,0.0
6277,Mehrestan,0,0.0
6280,Barnaul,1,0.174679487
6281,Columbus,0,0.0
6282,Itajaí,3,0.202875399
6283,淮口镇,1,0.628571429
6284,Gaza,0,0.0
6285,Alamata,1,0.857142857
6287,Malerkotla,1,0.272727273
6288,Saravan,0,0.0
6289,Omema,1,0.4
6290,Mangowal,1,0.008695652
6291,Biysk,1,0.15542522
6292,Fargo,1,0.09587217
6293,Rio Claro,1,0.191111111
6294,Mizhi,0,0.0
6295,Ezbet al Sibil Qiblli,1,0.625
6296,Itiya,1,1.0
6297,Sintang,1,0.322580645
6298,Talod,0,0.0
6299,Gwagwalada,1,0.362745098
6300,Hasilpur,1,0.273684211
6301,Achinsk,1,0.233333333
6302,Waterloo,0,0.0
6303,Santa Inês,1,0.149425287
6304,Fengxiang,1,0.084745763
6305,Aswan,1,0.52173913
6306,Dodolla,1,1.0
6308,Hamirpur,0,0.0
6310,Hafizabad,1,0.236220472
6311,Novokuznetsk,3,0.148275862
6312,Iowa City,1,0.024414062
6314,Zichang,1,0.25
6316,Asassa,1,0.9
6318,Fatehabad,1,0.183098592
6319,Doka Ashafa,1,0.705882353
6320,Ali Pur Chatha,1,0.470588235
6322,Cedar Rapids,1,0.016856718
6323,Pirassununga,1,0.186813187
6325,Hurghada,1,0.813953488
6327,Tuban,1,0.3515625
6328,Khambhat,1,0.8125
6330,Gujrat,3,0.26984127
6331,Mezhdurechensk,1,0.171052632
6332,Spring Hill,1,0.069848661
6333,Tubarão,1,0.111111111
6334,Gongnong,1,0.469135802
6335,Haro,0,0.0
6336,Pangkalan Bun,1,0.575757576
6337,Dhuri,1,0.423076923
6339,Sahiwal,1,0.268292683
6340,Krasnoyarsk,2,0.149384886
6341,Springfield,0,0.0
6342,Araxá,1,0.609756098
6343,Renshou,1,0.12
6344,Passo Saefti,1,1.0
6345,Jombang,11,0.26734104
6346,Sangrur,1,0.350877193
6348,Jaranwala,1,0.310810811
6349,Chernogorsk,1,0.10738255
6350,Nashville,1,0.045858412
6352,龙台镇,0,0.0
6353,Bekoji,1,1.0
6354,Babat,0,0.0
6355,Churu,1,0.372093023
6356,Oyigbo,1,0.565217391
6358,Abakan,1,0.216981132
6359,Lakeland,1,0.054268293
6360,Leme,1,0.426229508
6361,五通桥区,1,0.132450331
6362,Dera,1,0.8
6363,Sungai Tendang,0,0.0
6364,Didwana,1,0.351351351
6365,Djibia,1,0.461538462
6366,Manawala,1,0.222222222
6367,Minusinsk,1,0.220930233
6368,Murfreesboro,0,0.0
6369,Florianópolis,1,0.184771574
6370,Guangyuan,1,0.470588235
6371,Weldiya,1,1.0
6372,Nanga Pinoh,1,0.5
6373,Sunam,1,0.361111111
6375,Arifwala,1,0.310344828
6376,Kansk,0,0.0
6377,Davenport,1,0.019495046
6378,Limeira,1,0.396103896
6379,Jianyang,1,0.278145695
6380,Kobo,1,0.9
6382,Nadiad,1,0.227586207
6383,Alesa,1,1.0
6385,Kyzyl,1,0.3125
6386,Evansville,1,0.026824704
6387,Araras,1,0.464285714
6388,Huili,1,0.185714286
6389,Huruta,1,1.0
6390,Mojokerto,1,0.415841584
6392,Petlad,1,0.5
6395,Bratsk,1,0.088495575
6398,Jingyan,0,0.0
6399,Arerti,0,0.0
6401,Surabaya,9,0.376110332
6402,Bhiloda,0,0.0
6403,Bonny,1,0.957446809
6405,Angarsk,1,0.147540984
6406,Peoria,0,0.0
6407,São Sebastião do Paraíso,1,0.666666667
6408,Xingxian,1,0.152380952
6409,Mersa,1,0.7
6410,Lamongan,1,0.182795699
6411,Deogarh,0,0.0
6412,Batsari,1,0.75
6413,Qila Didar Singh,1,0.5625
6415,Saint Cloud,1,0.028436019
6416,Sorocaba,1,0.141074856
6417,Kangbao,0,0.0
6418,Dessie,1,0.5
6420,Kathlal,0,0.0
6421,Ayangba,1,0.296296296
6422,Gujranwala,4,0.358910891
6423,Irkutsk,2,0.242753623
6425,Patos de Minas,1,0.532258065
6426,三台县,1,0.223214286
6427,Welenchete,1,1.0
6429,Fatehpur Shekhawati,1,0.382352941
6430,Onne,1,0.785714286
6431,Nankana Sahib,1,0.282051282
6432,Ulan-Ude,1,0.107042254
6433,Minneapolis [Saint Paul],1,0.0621377
6435,Jinggu,1,0.346153846
6436,Debre Birhan,1,0.9
6438,Anand,1,0.370558376
6441,Yakutsk,1,0.228571429
6442,Miami,3,0.446720049
6443,Cosmópolis,1,0.361111111
6444,Fengzhen,1,0.198019802
6445,Adaba,1,0.7
6446,Bangkalan,1,0.129251701
6449,Nowshera Virkan,1,0.4
6450,Chita,1,0.151006711
6451,Atlanta,7,0.050291545
6452,Salto,1,0.341463415
6453,Lucheng,1,0.188679245
6454,Kombolcha,1,0.684210526
6456,Kapadvanj,1,0.75
6457,Kuje,1,0.342857143
6458,Lahore,9,0.340519975
6459,Blagoveshchensk,1,0.235
6460,Rochester,1,0.03627451
6461,Campinas,3,0.353914704
6462,Suide,1,0.163461538
6463,Gobesa,1,1.0
6465,Bhim,0,0.0
6466,Oboama Nguru,3,0.599681021
6467,Okara,1,0.140077821
6468,Magadan,1,0.132450331
6469,Owensboro,0,0.0
6470,Itu,1,0.282828283
6471,Zalantun,1,0.27173913
6472,Deksis,0,0.0
6474,Borsad,1,0.295454545
6475,Lawmu Umunze,1,0.315789474
6476,Sialkot,5,0.254207263
6477,Birobidzhan,0,0.0
6479,Indaiatuba,1,0.239520958
6480,Zuoyun,1,0.333333333
6481,Harbu,0,0.0
6482,Lumajang,4,0.14541387
6483,Mandi Gobindgarh,2,0.358108108
6484,Funtua,1,0.284090909
6485,UNNAMED,1,0.275862069
6486,Komsomolsk-on-Amur,1,0.317073171
6487,Orlando,2,0.143554511
6488,Passos,1,0.5
6489,Yan'an,2,0.335877863
6490,Debre Sina,0,0.0
6491,Probolinggo,3,0.483660131
6492,Udaipur,1,0.407017544
6493,Wakama,1,1.0
6495,Khabarovsk,1,0.231197772
6496,Bloomington,1,0.038304808
6497,Mogi Guaçu,2,0.4
6498,Caijiapo,1,0.153846154
6499,Robe,1,1.0
6501,Nabha,1,0.388888889
6502,Abuja,5,0.523855891
6507,Mianxian,1,0.244274809
6508,Arboye,0,0.0
6509,Sampang,1,0.3
6510,Rajsamand,2,0.340277778
6512,Renala Khurd,1,0.487179487
6513,Ussurijsk,1,0.190721649
6514,Dubuque,0,0.0
6515,Bacabal,1,0.395348837
6516,Qianwei,1,0.191176471
6517,Kemse,1,0.857142857
6518,Jember,5,0.243410853
6520,Mogho,2,0.756097561
6521,Pakpattan,1,0.266055046
6522,Vladivostok,3,0.203045685
6524,São Roque,1,0.101010101
6525,Pinglu,1,0.12745098
6526,Kula,0,0.0
6527,Pamekasan,2,0.195965418
6528,Modasa,1,0.411764706
6529,Kaduna,1,0.615071283
6530,Bahawalnagar,1,0.309859155
6531,Nahodka,1,0.132653061
6532,Deltona,0,0.0
6533,São João da Boa Vista,1,0.190839695
6535,Negele,1,1.0
6536,Sampit,1,0.402597403
6537,Bayad,0,0.0
6538,Ikolo,1,0.714285714
6540,Yuzhno-Sakhalinsk,1,0.100628931
6541,Champaign,1,0.024165708
6543,Ziyang,1,0.461538462
6544,Shoa Robit,1,0.833333333
6545,Besuki,0,0.0
6546,Makrana,1,0.376623377
6548,Depalpur,1,0.305084746
6549,Petropavlovsk-Kamchatsky,1,0.293706294
6551,Itapira,1,0.333333333
6552,盐亭县,1,0.163265306
6553,Bati,1,1.0
6554,Bondowoso,1,0.175531915
6555,Beawar,1,0.330188679
6556,Aba,1,0.65503876
6558,Port St. Lucie,2,0.131040892
6560,Cangshan,0,0.0
6561,Ataye,1,1.0
6562,Situbondo,1,0.246478873
6563,Rajgarh,1,0.6
6564,Bwari,1,0.451612903
6565,Pattoki,3,0.38961039
6566,Palm Bay,1,0.076657061
6567,São Paulo,8,0.3946026
6568,Lin,1,0.141025641
6569,Abomsa,1,1.0
6570,Sumenep,2,0.171052632
6571,Laxmangarh,1,0.321428571
6572,Umu Lawlaw,1,0.26984127
6574,Jacksonville,2,0.095278246
6575,Itatiba,1,0.083018868
6576,Fufeng,1,0.172413793
6577,Sambatee,0,0.0
6578,Genteng,2,0.233128834
6579,Tohana,1,0.323529412
6580,Kura,1,0.555555556
6583,Poços de Caldas,1,0.28
6584,Wangcang,1,0.297297297
6585,Agarfa,0,0.0
6587,Umreth,1,0.75
6592,Yongshan,1,0.064516129
6593,Sinkille,0,0.0
6594,Muncar,1,0.426470588
6595,Rupnagar,1,0.301886792
6596,Kauran Yankwani,1,1.0
6597,Haveli Lakha,1,0.241935484
6598,Palm Coast,1,0.056394763
6599,Barreiras,1,0.139423077
6600,Cangxi,1,0.294117647
6601,Adele,0,0.0
6602,Asembagus,1,0.35
6603,Dakor,0,0.0
6604,Nsukka,1,0.523489933
6605,Chunian,1,0.095238095
6606,Daytona Beach,1,0.157754011
6608,Rongxian,1,0.2
6609,Meslo,1,1.0
6610,Banyuwangi,1,0.351145038
6611,Surat,2,0.463235294
6612,Bori,1,0.625
6613,Pasrur,1,0.304347826
6614,La Crosse,0,0.0
6616,Shuozhou,1,0.132013201
6617,Bale,0,0.0
6618,Negara,1,0.191780822
6619,Patran,1,0.125
6620,Ungwan Maidawa,1,0.352941176
6621,Chawinda,1,0.625
6622,Jacksonville Beach,2,0.153203343
6624,射洪县,1,0.375
6625,Goba,1,1.0
6626,Palangka Raya,1,0.428571429
6627,Mandi,0,0.0
6630,Louisville,1,0.051394364
6632,Hanzhong,2,0.19273743
6633,Robe,1,1.0
6635,Fatehgarh Sahib,0,0.0
6636,Shema,1,0.428571429
6637,Allahabad,1,0.20754717
6638,Bloomington,1,0.027932961
6639,São Luís,1,0.436036036
6640,Datong,1,0.269649335
6641,UNNAMED,0,0.0
6642,Kuala Kapuas,1,0.168674699
6643,Hisar,1,0.32735426
6644,Enugu,3,0.254189944
6645,Zafarwal,1,0.290322581
6646,Rockford,1,0.041753653
6649,Meliyu,0,0.0
6651,Vadodara,2,0.370558376
6652,Enugu-Ezike,1,0.941176471
6653,Narowal,1,0.315789474
6654,Chicago,8,0.206674251
6655,Bragança Paulista,1,0.201058201
6656,Qiaojia,1,0.155555556
6657,Gelemso,1,1.0
6658,Singaraja,2,0.354243542
6659,Nerchowk,0,0.0
6663,Atibaia,1,0.134529148
6664,Lezhi,1,0.325581395
6665,Jara,0,0.0
6666,Denpasar,4,0.473837209
6667,Samana,1,0.444444444
6668,Umuahia,3,0.617142857
6669,Kasur,2,0.176954733
6670,Kankakee,0,0.0
6671,Alfenas,1,0.486486486
6672,大英县,1,0.514285714
6673,Bosana,1,1.0
6674,Banjarmasin,2,0.236543909
6675,Kuchaman,1,0.342105263
6676,Katsina,1,0.261111111
6677,Shakar Garh,1,0.296875
6678,Madison,2,0.030366492
6680,Suijiang,1,0.322580645
6681,Ginir,1,1.0
6683,Kullu,0,0.0
6684,Awgu,1,0.407407407
6685,Knoxville,0,0.0
6688,Chiro,1,1.0
6689,Pelaihari,1,0.464285714
6690,Sundernagar,1,0.823529412
6692,Janesville,0,0.0
6694,Langzhong,1,0.258064516
6695,Mesela,0,0.0
6697,Parbatsar,0,0.0
6698,Umundi,1,0.714285714
6700,Santos,2,0.40166205
6701,Lufeng,1,0.208333333
6702,Asaita,0,0.0
6703,Marabahan,0,0.0
6704,Ajmer,1,0.37295082
6707,Codó,1,0.246376812
6708,Qianxian,1,0.192307692
6709,Karamile,1,1.0
6710,Muaratewe,1,0.733333333
6711,Mukandgarh,0,0.0
6713,Lafayette,1,0.035877863
6714,Pouso Alegre,1,0.113989637
6715,Ning'er,1,0.4
6716,Deder,1,1.0
6717,Amuntai,1,0.14084507
6718,Balasinor,1,0.5
6719,Malumfashi,1,0.470588235
6720,Indianapolis,2,0.039357641
6721,Pirapora,1,0.480769231
6722,Huairen,1,0.147465438
6723,Dire Dawa,1,0.80952381
6724,Kandangan,1,0.162162162
6725,Patiala,1,0.405286344
6726,Ishiagu,1,0.481481481
6728,Sao Jose dos Campos,1,0.15483871
6729,Shanyin,1,0.142857143
6730,Didimtu,1,0.692307692
6731,Mataram,3,0.329652997
6732,Barwala,0,0.0
6733,Amaba,1,0.65
6734,Savannah,1,0.036933408
6735,Formiga,1,0.3125
6736,Yangling,1,0.157024793
6737,Harar,1,0.866666667
6738,Barabai,1,0.150684932
6739,Sikar,1,0.361904762
6740,Umuokorola,0,0.0
6741,Waukegan,1,0.051264525
6742,Varginha,1,0.25210084
6743,Pu'er,1,0.298076923
6744,Dolo,1,0.857142857
6745,Selong,3,0.352441614
6746,Pilol,0,0.0
6747,Ikot Akpanata,1,0.7
6748,Lexington,1,0.052250551
6749,Caçapava,1,0.111111111
6750,威远县,1,0.147368421
6751,Fik',1,1.0
6753,Bharuch,1,0.325757576
6755,Duluth,0,0.0
6756,Nova Serrana,1,0.367346939
6757,Nenjiang,1,0.322580645
6758,Jijiga,1,0.966666667
6759,Batu Licin,1,0.2
6760,Jhunjhunu,1,0.441176471
6761,Ankpa,1,0.342105263
6763,Taubaté,2,0.308411215
6764,Jiulongba,1,0.23880597
6765,Hartishek,1,1.0
6766,Kotabaru,1,0.347826087
6767,Nawalgarh,1,0.571428571
6768,Zaria,1,0.3
6769,Milwaukee,1,0.086085425
6770,Itajubá,1,0.133333333
6771,Yanggao,1,0.351351351
6772,Dasgahbur,1,1.0
6773,Tana Paser,1,0.571428571
6774,Dungarpur,1,0.464285714
6775,Tamaha,1,0.592592593
6776,Racine,2,0.124269006
6777,Caxias,1,0.287234043
6778,Liulin,1,0.183333333
6779,Gode,1,1.0
6780,Sumbawa Besar,1,0.480769231
6781,Chandigarh,1,0.4473342
6782,Ikot Ekpene,1,1.0
6784,Três Corações,1,0.36
6785,Chenggu,1,0.17721519
6786,Kebri Dehar,1,0.818181818
6787,Balikpapan,1,0.527272727
6788,Karjan,0,0.0
6789,Doka,1,0.150684932
6790,Cincinnati,4,0.067218201
6792,Zigong,1,0.218421053
6793,Cabudwaaq,1,1.0
6794,Samarinda,1,0.317171717
6795,Ankleshwar,1,0.5875
6796,Abiriba,1,0.923076923
6797,Muncie,0,0.0
6798,Divinópolis,1,0.193661972
6799,Zhangbei,1,0.22826087
6800,Tanjung Redeb,1,0.481481481
6801,Kosamba,1,0.5
6802,Tukurwa,1,0.666666667
6804,Lavras,1,0.162790698
6806,Tarakan,1,0.714285714
6807,Narwana,1,0.257142857
6808,Ugbokolo,1,0.310344828
6809,Columbia,1,0.033274956
6810,Guaratinguetá,2,0.251282051
6811,Nanbu,1,0.27027027
6812,Nunukan,1,0.785714286
6813,Gangapur,0,0.0
6814,Ediene,1,0.571428571
6815,Oshkosh,0,0.0
6816,Curvelo,1,0.253968254
6817,Liquan,1,0.102189781
6818,Lok Tuan,0,0.0
6819,Nawa,0,0.0
6820,Ungwan Tamowa,1,0.375
6821,South Bend,1,0.021937843
6822,Pará de Minas,1,0.212121212
6823,Jinghong,2,0.48
6824,Bontang,1,0.547619048
6825,Pilani,1,0.454545455
6826,Mashi,1,0.205128205
6827,Appleton,1,0.031746032
6830,Sangatta,1,0.369863014
6831,Baddi,0,0.0
6832,Elu,1,0.62962963
6833,Charleston,0,0.0
6834,Itaúna,1,0.37704918
6835,Yunzhou,0,0.0
6836,Dompu,1,0.309090909
6837,Rajpura,1,0.333333333
6838,Keffi,1,0.288659794
6840,Floriano,1,0.487179487
6841,Xiaohe,1,0.181818182
6842,Bima,1,0.491525424
6843,Kishangarh,1,0.383838384
6844,Gwarzo,1,0.333333333
6845,Dayton,1,0.023445464
6846,Cruzeiro,1,0.3
6847,蓬溪县,1,0.470588235
6848,Kecamatan Sape,0,0.0
6851,Charlotte,2,0.030970004
6852,Teresina,1,0.191634241
6853,Lüliang,1,0.157258065
6854,Tambolaka,0,0.0
6855,Nasirabad,0,0.0
6856,Ikot Ide,1,1.0
6857,Fort Wayne,1,0.020971302
6858,Montes Claros,1,0.294117647
6859,Xichong,1,0.571428571
6860,Mamuju,1,0.388888889
6861,Hansi,1,0.262295082
6862,Tsanyawa,0,0.0
6863,Green Bay,1,0.07985258
6864,Sete Lagoas,1,0.259259259
6865,Suining,1,0.617391304
6866,Majene,1,0.833333333
6867,Lunavada,1,0.466666667
6868,Amakofia,1,0.846153846
6869,Holland,0,0.0
6870,Belo Horizonte,5,0.216198774
6871,Jingle,1,0.210526316
6872,Sidorejo,1,0.446808511
6873,Navsari,1,0.225806452
6874,Uyo,1,0.911458333
6875,Kalamazoo,1,0.020011772
6877,安居镇,0,0.0
6878,Makassar,1,0.361904762
6879,Bijainagar,0,0.0
6880,Kadafa,1,0.384615385
6881,Grand Rapids,1,0.067002324
6882,Icaivera,1,0.6
6883,Yangxian,1,0.212765957
6884,Labuan Bajo,1,0.5
6885,Kalol,1,0.454545455
6886,Ozizza,1,0.486486486
6887,Columbus,2,0.071367678
6889,Ying,1,0.160714286
6890,Takatidung,2,0.411764706
6892,Eket,1,0.740740741
6893,Winston-Salem,0,0.0
6894,São João del-Rei,1,0.18556701
6895,Xingping,3,0.204081633
6896,Waingapu,1,0.355932203
6897,Halol,1,0.226190476
6898,Koi,1,0.681818182
6899,Greensboro,1,0.044221944
6900,Resende,1,0.235294118
6901,Xiangjiaba,1,0.344827586
6903,Tosham,0,0.0
6904,Soba,0,0.0
6905,Lansing,1,0.022450533
6906,Janaúba,1,0.285714286
6907,Anyue,1,0.409090909
6908,Pangkajene,1,0.138613861
6909,Chirawa,1,0.7
6911,Fayetteville,0,0.0
6912,Angra dos Reis,1,0.2875
6913,Tianzhen,1,0.181818182
6914,Pasangkayu,0,0.0
6915,Vns HOSTEL,0,0.0
6916,Utunkon,0,0.0
6917,Toledo,1,0.047262702
6918,Volta Redonda,1,0.2
6919,Tongchuan,1,0.171875
6920,Pare-Pare,1,0.308411215
6921,Kaithal,1,0.273584906
6922,Idembia,0,0.0
6923,Roanoke,0,0.0
6924,Conselheiro Lafaiete,1,0.25
6925,Neijiang,1,0.145669291
6926,Pinrang,1,0.333333333
6927,Salumbar,0,0.0
6928,Ugep,1,0.846153846
6929,Ann Arbor,1,0.042272127
6930,Guanambi,1,0.215189873
6931,Ludian,1,0.12962963
6932,Bantaeng,1,0.3125
6933,Kapasan,0,0.0
6934,Abakaliki,1,0.96
6936,Barbacena,1,0.107954545
6937,Yintai,1,0.151515152
6938,Pangkajene,1,0.214285714
6939,Udaipurwati,0,0.0
6940,Otukpo,1,0.666666667
6942,Raleigh,3,0.057974684
6943,Parnaíba,1,0.144278607
6944,Zhaotong,1,0.174927114
6945,Ruteng,1,0.4
6946,Valsad,1,0.343137255
6947,Maturrumi,0,0.0
6948,Detroit,3,0.147727273
6949,Itabira,1,0.4
6950,Yibin,3,0.215686275
6951,Bulukumba,1,0.203125
6953,Bichi,1,0.333333333
6956,Jincheng,1,0.258064516
6957,Rantepao,1,0.34375
6958,Umargam road,1,0.5
6959,Ungwan Sarki,1,0.210526316
6960,Flint,0,0.0
6961,Rio de Janeiro,7,0.406892718
6962,Zhongyang,1,0.208333333
6963,Palu,1,0.450867052
6964,Bhinder,0,0.0
6965,Achara Ndiagu Omegio,0,0.0
6966,Saginaw,1,0.022246941
6967,Juiz de Fora,1,0.210762332
6968,Enyang,0,0.0
6969,Sengkang,1,0.28358209
6970,Kalka,1,0.292682927
6971,Tarzoho,1,0.636363636
6972,Lorain,0,0.0
6974,Xinping,1,0.45
6975,Balangnipa,1,0.292307692
6976,Bilimora,1,0.392857143
6977,Daura,1,0.171052632
6979,Irecê,1,0.333333333
6980,Blagoveshchensk,1,0.358490566
6981,Watampone,1,0.163934426
6982,Godhra,1,0.630434783
6983,Oron,1,0.805555556
6984,Canton,1,0.015282132
6985,Três Rios,1,0.151515152
6986,Huize,1,0.234482759
6987,Palopo,1,0.962962963
6988,Dabhoi,1,0.642857143
6989,Kafanchan,2,0.403508772
6990,Cleveland,1,0.086582809
6991,Ubá,1,0.12804878
6992,Anning,1,0.146666667
6993,Bajawa,0,0.0
6995,Kano,2,0.304223336
6996,Akron,2,0.052164262
6998,Mojiang Hani Autonomous County,1,0.304347826
6999,Parigi,0,0.0
7000,Boisar,1,0.385714286
7001,kazaure,1,0.171052632
7002,Greenville,0,0.0
7003,Viçosa,1,0.118055556
7004,渭城区,1,0.274939173
7005,Poso,1,0.551724138
7006,Renwal,0,0.0
7007,Tudun Wada,1,0.242424242
7010,Yilong,0,0.0
7011,Ende,1,0.575
7012,Bardoli,1,0.220588235
7013,Anchau,0,0.0
7014,Youngstown,0,0.0
7015,Ipatinga,2,0.372623574
7017,Tolitoli,1,0.68
7019,Doma,1,0.8125
7020,Pittsburgh,1,0.039837398
7021,Sao Goncalo,2,0.269958848
7022,Bazhong,1,0.820512821
7023,Maumere,1,0.44
7025,Calabar,1,0.547368421
7028,UNNAMED,1,0.294117647
7029,Kolaka,1,0.512820513
7030,Ambala,1,0.251968504
7031,Kura,1,0.583333333
7032,Richmond,2,0.041905444
7033,Teresópolis,1,0.123762376
7034,Fushun,1,0.107344633
7035,Buol,0,0.0
7036,Sambhar,0,0.0
7039,Cataguases,1,0.290909091
7041,Ampana,1,0.482758621
7042,Pehowa,1,0.114754098
7043,Adum East,0,0.0
7044,Erie,1,0.057929725
7045,Muriaé,1,0.246153846
7046,Dai,1,0.235294118
7047,Larantuka,1,0.35483871
7048,Khandela,0,0.0
7049,Akwanga,1,0.454545455
7050,Virginia Beach,3,0.128893391
7051,Caratinga,1,0.067901235
7052,Nanchong,2,0.352024922
7053,Baubau,1,0.655172414
7054,Bhilwara,1,0.373134328
7055,Zango,1,0.4375
7057,Governador Valadares,1,0.205020921
7058,Dongchuan,1,0.208333333
7059,Kendari,1,0.381818182
7060,Shimla,1,0.352941176
7061,Dambarta,1,0.294117647
7063,Nova Friburgo,2,0.125
7064,三原县,1,0.130718954
7065,Kupang,1,0.772413793
7066,Jind,1,0.282442748
7067,Kpam,1,0.379310345
7068,Washington D.C.,9,0.220386785
7069,Manhuaçu,1,0.25
7070,Yiliang,1,0.139534884
7071,Raha,1,0.772727273
7072,Phulera,0,0.0
7073,Lafia,1,0.378378378
7075,Sobral,1,0.285714286
7076,Kunming,2,0.301300578
7077,Luwuk,1,0.619047619
7078,Sagwara,1,0.588235294
7079,Makurdi,1,0.487922705
7081,Teófilo Otoni,1,0.329411765
7082,Linxi,0,0.0
7084,Palghar,1,0.730769231
7085,Rano,1,0.210526316
7087,Araruama,1,0.142384106
7088,Zhangjiakou,1,0.231947484
7089,Gorontalo,1,0.334532374
7090,Solan,1,0.526315789
7092,Hagerstown,0,0.0
7093,Petrolina,1,0.206140351
7094,Xi'an,4,0.386461834
7095,Kalabahi,1,0.4375
7097,Nassarawan Eggon,1,0.375
7098,Frederick,0,0.0
7099,Itaperuna,1,0.31884058
7100,Huyi,2,0.210280374
7101,Atambua,1,0.7
7102,Bhiwani,1,0.326530612
7103,Ungwan Bahagu,0,0.0
7105,Vitória da Conquista,1,0.167202572
7106,Yuanping,1,0.192
7107,Kotamobagu,1,0.252336449
7108,Silvassa,4,0.489304813
7109,Samunakar,1,0.333333333
7112,Cabo Frio,1,0.150887574
7114,Manado,1,0.414414414
7115,Singhana,0,0.0
7116,Ikom,1,0.298245614
7117,State College,0,0.0
7118,Rio das Ostras,1,0.195783133
7119,Nehe,1,0.444444444
7120,Tomohon,1,0.35
7121,Khetri,0,0.0
7122,Garko,0,0.0
7123,Baltimore,2,0.117444717
7124,Macaé,1,0.340740741
7125,Hunyuan,1,0.194029851
7126,Tondano,1,0.454545455
7127,Mandvi,0,0.0
7128,Wudil,1,0.277777778
7129,Harrisburg,1,0.012324448
7130,Itapipoca,1,0.127659574
7131,Xixiang,1,0.137931034
7132,Bitung,1,0.449438202
7133,Rajpipla,1,0.444444444
7134,Okuku Lepuole,1,0.5625
7135,York,1,0.02707137
7136,Campos dos Goytacazes,1,0.153465347
7137,Longjiang,1,0.529411765
7138,Ternate,1,0.46875
7139,Vasai-Virar,1,0.438356164
7140,Jos,1,0.311728395
7141,Buffalo,1,0.062931272
7142,Cachoeiro de Itapemirim,1,0.112781955
7143,Yangyuan,1,0.162162162
7144,Tobelo,1,0.525
7145,Sarwar,0,0.0
7146,Keana,0,0.0
7148,Jequié,1,0.62745098
7151,Shri Madhopur,0,0.0
7152,Nshebori,1,0.28
7154,Itapetinga,1,0.571428571
7156,Kel Rijali,1,0.835616438
7157,Ringas,0,0.0
7158,Barakin Gangare,1,0.476190476
7159,Lancaster,1,0.021106259
7161,筠连县,1,0.15
7163,Mumbai,3,0.421630756
7164,Yarogye,0,0.0
7165,Philadelphia,8,0.083904555
7166,Colatina,1,0.101522843
7167,Fanshi,1,0.222222222
7168,Masohi,1,0.631578947
7169,Shahabad Markanda,0,0.0
7170,Gaya,1,0.4
7171,Reading,1,0.027113238
7172,Iguatu,1,0.14893617
7174,Sorong,1,0.35483871
7175,Chittorgarh,1,0.261538462
7176,Bokkos,1,0.380952381
7177,West Chester,0,0.0
7178,Juazeiro do Norte,2,0.252336449
7179,Gongxian,1,0.131578947
7180,Fakfak,1,1.0
7181,Neem Ka Thana,1,1.0
7182,Gboko,1,0.481481481
7183,Rochester,1,0.034064081
7184,Guarapari,1,0.271317829
7185,蓬安县,1,0.276595745
7186,Tual,1,0.479166667
7187,Partapur,0,0.0
7188,Vande Ikya,1,0.283018868
7190,Vila Velha,5,0.343578485
7191,Tongnan,1,0.333333333
7192,Manokwari,1,0.517857143
7193,Bodeli,0,0.0
7194,Ringim,1,0.28
7195,Allentown,3,0.026345934
7197,Baishui,1,0.272727273
7198,Nabire,1,0.580645161
7199,Shahpura,0,0.0
7200,Mongu Arna,1,0.4
7201,Atlantic City,0,0.0
7203,Longchang,1,0.333333333
7204,Biak Kota,1,0.647058824
7205,Kurukshetra,1,0.348484848
7206,Obudu,1,0.293333333
7207,Wilkes-Barre,1,0.033033033
7208,Santo Antônio de Jesus,1,0.306122449
7209,Nanxi,1,0.163636364
7210,Serui Kota,1,0.8
7211,Bari Sadri,0,0.0
7212,Arafu,0,0.0
7214,Linhares,1,0.450980392
7215,Zhehai,0,0.0
7216,Timika,1,0.838709677
7217,Vyara,1,0.34375
7218,Adikpo,1,0.576923077
7219,Scranton,1,0.038777908
7221,新兴街道,2,0.137583893
7222,Kogimage,0,0.0
7223,Devgadh Baria,0,0.0
7224,Dutse,1,0.431818182
7226,Fortaleza,2,0.272960822
7227,Yuxi,1,0.319488818
7228,Wamena,1,1.0
7229,UNNAMED,0,0.0
7230,Katsina Ala,1,0.380952381
7231,Binghamton,0,0.0
7232,Teixeira de Freitas,1,0.408450704
7234,Merauke,1,0.725
7235,Naraingarh,0,0.0
7236,Gumel,1,0.6
7239,Eunápolis,1,0.512820513
7240,Gujiao,1,0.260869565
7241,Asikie,0,0.0
7242,Charkhi Dadri,1,0.390243902
7243,Maigatari,1,0.636363636
7244,New York,12,0.196980959
7245,São Mateus,1,0.193181818
7246,Changning,1,0.777777778
7247,Sentani,1,0.59375
7248,Kekri,1,0.5
7249,Ugba,1,0.636363636
7251,Itabuna,1,0.366666667
7253,Kotaraja,1,0.85
7254,Barara,1,0.666666667
7255,Gwolong,1,0.769230769
7256,Syracuse,1,0.020501836
7257,Feira de Santana,1,0.148975791
7258,Yingshan,1,0.833333333
7259,Jayapura,1,0.684210526
7260,UNNAMED,0,0.0
7261,Birnin Kudu,1,0.36
7263,Valença,1,0.342105263
7264,Pucheng,1,0.111764706
7265,Mahendragarh,1,0.30952381
7266,Bununu Dass,1,0.3125
7267,Utica,0,0.0
7268,Pacajus,2,0.189873418
7269,Xinzhou,1,0.180412371
7270,Bagru,0,0.0
7271,Ningi,1,0.47826087
7273,Ilhéus,1,0.085714286
7274,Tongjiang,1,0.636363636
7275,Nimbahera,1,0.4
7276,Shendam,1,0.366666667
7277,Bridgeport,2,0.067819754
7278,Porto Seguro,1,0.179104478
7279,Dazu,1,0.155737705
7280,Narnaul,1,0.267605634
7281,Tafawa-Balewa,1,0.727272727
7283,Serra Talhada,1,0.458333333
7284,Luxian,1,0.213114754
7285,Chomu,1,0.511627907
7286,Jahun,1,0.238095238
7287,Waterbury,1,0.03877367
7288,Candeias,1,0.123076923
7289,Xuanhua,1,0.201465201
7290,Malpura,1,0.6
7291,Samammiya,0,0.0
7292,Albany,3,0.050424363
7293,Paulo Afonso,1,0.238095238
7295,Songadh,0,0.0
7296,Zaki Biam,1,0.80952381
7298,Alagoinhas,1,0.140243902
7299,Taihe,0,0.0
7300,Uran,1,0.27
7301,Bauchi,1,0.465217391
7302,Hartford,2,0.04057377
7303,Salvador,2,0.545746388
7304,Rongchang,1,0.276595745
7305,Alibag,1,0.542857143
7306,Langtang,1,0.777777778
7307,Springfield,1,0.017958826
7309,Pingchang,1,0.355555556
7310,Rohtak,1,0.253164557
7311,Wukari,1,0.6
7312,Providence,2,0.058384431
7313,Dias d'Ávila,1,0.228571429
7314,Yousuo,0,0.0
7315,Jawhar,0,0.0
7316,Anguwan Ari,0,0.0
7317,Worcester,1,0.026158038
7318,Camaçari,1,0.278350515
7319,Longshui,1,0.234375
7320,Jaipur,3,0.617021277
7321,Malummaduri,1,0.4375
7323,Mossoró,1,0.140540541
7324,Dajie,1,0.158536585
7325,Gohana,1,0.270833333
7326,Jemma’are,1,0.214285714
7327,Leominster,0,0.0
7328,Patos,1,0.487804878
7329,Fenyang,1,0.132978723
7330,Banswara,1,0.363636364
7331,Hadejia,1,0.348484848
7333,Itabaiana,1,0.087248322
7334,Chengcheng,1,0.161016949
7335,Chhota Udaipur,0,0.0
7336,Dengi,1,0.555555556
7337,Framingham,0,0.0
7338,Caicó,1,0.444444444
7339,武胜县,1,0.257142857
7340,Karnal,1,0.396226415
7341,Wase,0,0.0
7342,New Bedford,1,0.066777963
7343,Arcoverde,1,0.236363636
7344,岳池县,1,0.157407407
7345,Sithana,1,0.452380952
7346,Bela,0,0.0
7347,Boston,3,0.222142857
7349,Shiping,1,0.211538462
7350,Bilaspur,0,0.0
7351,Shira,0,0.0
7352,Brockton,1,0.031862745
7353,Aracaju,2,0.324731183
7354,Guangling,1,0.428571429
7355,Shahpur,1,0.409090909
7356,Takum,1,0.785714286
7357,Nashua,0,0.0
7358,Arapiraca,1,0.093582888
7359,Taiyuan,1,0.344600939
7360,Dahod,1,0.53125
7361,Donga,0,0.0
7362,Lowell,1,0.061349693
7363,Garanhuns,1,0.161764706
7364,Weinan,1,0.128415301
7365,Yamunanagar,1,0.295081967
7366,Azare,1,0.34
7367,Manchester,1,0.018716578
7368,Belo Jardim,1,0.218181818
7369,通海县,1,0.157232704
7370,Manoharpur,0,0.0
7371,Giade,1,0.545454545
7372,Lawrence,1,0.035874439
7373,Santa Cruz do Capibaribe,1,0.307692308
7375,Panipat,1,0.320945946
7376,Soro,0,0.0
7377,Portland,1,0.033179012
7378,São Miguel dos Campos,1,0.21875
7379,Luzhou,3,0.178197065
7380,Neemuch,1,0.533333333
7381,Katagum,0,0.0
7382,Caruaru,1,0.145454545
7383,Wenshui,2,0.232514178
7385,Masuri,1,1.0
7386,Campina Grande,1,0.131416838
7387,Xiaoyi,1,0.177083333
7388,Kotputli,1,0.62962963
7389,Nguru,1,0.411764706
7390,Maceió,1,0.237536657
7391,Yiliang,1,0.15625
7392,Deoli,1,0.4
7393,Katsiro,1,0.533333333
7394,Gravatá,1,0.222222222
7396,Navapur,1,0.25
7397,Misau,1,0.666666667
7399,Tongliang,1,0.255319149
7400,Behror,1,0.631578947
7401,Gamawa,1,0.666666667
7404,Pen,1,0.368421053
7405,Dundewa,0,0.0
7406,Natal,2,0.329971182
7407,Jalaid,1,0.365853659
7409,Damban,1,0.857142857
7410,Vitória de Santo Antão,1,0.082524272
7411,Fula'erji,1,0.37962963
7413,Jakusko,0,0.0
7414,Carpina,1,0.189873418
7415,Bairin Right Banner,1,0.282608696
7416,Pratapgarh,1,0.384615385
7417,Dukku,1,0.571428571
7418,Recife,2,0.392234548
7419,Ulan Hot,1,0.310559006
7420,Ahwa,1,1.0
7421,Mutum Biyu,1,0.818181818
7422,Goiana,1,0.233333333
7423,威宁县,1,0.178082192
7424,Jhajjar,1,0.363636364
7425,Gashua,1,1.0
7426,Cabo de Santo Agostinho,1,0.125
7427,Lantian,1,0.069868996
7428,Neemrana,1,0.64
7429,Potiskum,1,0.552631579
7432,Gangoh,1,0.222222222
7433,Gombe,1,0.676190476
7434,João Pessoa,1,0.443946188
7435,Hechuan,1,0.093596059
7436,Trimbak,0,0.0
7437,Biliri,1,0.536585366
7438,Guang'an,1,0.658914729
7439,Paonta Sahib,1,0.4
7440,Damagum,1,0.857142857
7441,Qiqihar,1,0.334375
7442,Roha,1,0.6
7443,Kaltungo,1,0.535714286
7444,Xiangning,1,0.263157895
7445,Bansur,0,0.0
7446,Gembu,1,0.8
7447,Hancheng,1,0.220779221
7448,Murbad,1,0.611111111
7449,Jalingo,1,0.587628866
7450,Yuxian,1,0.285714286
7451,UNNAMED,0,0.0
7452,Bajoga,1,0.533333333
7453,Yongchuan,1,0.237037037
7454,Rewari,1,0.368421053
7455,UNNAMED,1,0.777777778
7456,Xingwen,0,0.0
7457,Bassi,0,0.0
7458,UNNAMED,0,0.0
7459,Lingqiu,1,0.273972603
7460,Chaksu,0,0.0
7461,Deba Kowa,0,0.0
7462,Dali,1,0.145631068
7463,Thandla,0,0.0
7464,UNNAMED,0,0.0
7465,Jiexiu,1,0.204301075
7466,Delhi [New Delhi],10,0.448195367
7467,Zinna,1,0.384615385
7468,Shilin,1,0.25
7469,Bawal,1,0.5
7470,Geidam,1,0.523809524
7471,Quxian,1,0.134615385
7472,Alirajpur,0,0.0
7473,Damaturu,1,0.58490566
7474,Huazhou,1,0.214285714
7475,Tonk,1,0.294871795
7476,Buni Yadi,1,0.818181818
7477,Weixin,1,0.875
7478,Kairana,1,0.818181818
7479,Shellem,1,0.666666667
7480,Xuanwei,1,0.24025974
7481,Manasa,0,0.0
7482,Numan,1,0.761904762
7483,Pingyao,1,0.245989305
7484,Thanagazi,0,0.0
7485,Maya Belwa,1,0.625
7486,Hejin,2,0.238461538
7488,Sangasumi,1,0.68
7489,Qi,1,0.181818182
7490,Saharanpur,1,0.426666667
7491,Biu,1,0.428571429
7492,Qujing,2,0.243460765
7493,Dakpathar,0,0.0
7494,Jada,0,0.0
7495,Jianshui,1,0.130177515
7496,Niwai,1,0.342857143
7497,Jimeta,1,0.640243902
7498,Huaying,0,0.0
7499,Nashik,1,0.395876289
7500,Damask,0,0.0
7501,Zhenxiong,1,0.175438596
7502,Mandsaur,1,0.359375
7505,Jhabua,0,0.0
7506,UNNAMED,1,0.666666667
7507,Hezhang,1,0.196969697
7508,Shamli,1,0.379310345
7509,Song,1,0.846153846
7510,Jinzhong,1,0.263157895
7511,Lonavala,1,0.4
7512,Gubio,1,0.5
7513,Beibei,5,0.299093656
7514,Kandhla,1,0.555555556
7515,Damboa,1,0.578947368
7517,Bhiwadi,2,0.325396825
7518,Gombi,1,0.923076923
7519,Wanyuan,1,0.18
7520,Thana Bhawan,0,0.0
7521,Goniri,0,0.0
7523,Bundi,1,0.31372549
7524,Maiduguri,1,0.626556017
7525,Huailai,1,0.153333333
7526,Dapoli,0,0.0
7527,Uba,1,0.571428571
7528,Huozhou,1,0.227272727
7529,Sela Kui,1,0.37037037
7530,Mubi,1,0.880952381
7531,Hejiang,1,0.22
7532,Khairthal,1,0.818181818
7533,Michika,1,0.625
7534,Xuyong,1,0.181818182
7536,Gulak,0,0.0
7538,Nandurbar,1,0.567567568
7539,Monguno,1,1.0
7540,Dazhou,1,0.37254902
7541,Pimpalner,0,0.0
7542,Madagali,1,0.5
7543,Chishui,1,0.260869565
7544,Baraut,1,0.489361702
7545,Jaudiri,1,0.288888889
7546,Daiwan,0,0.0
7548,Gwoza,1,0.576923077
7549,Taigu,1,0.323076923
7550,Petlawad,0,0.0
7551,Baga,1,1.0
7552,Tuquan,0,0.0
7553,Alwar,2,0.449101796
7554,Ngoshe,0,0.0
7556,Dausa,1,0.344827586
7557,Dikwa,1,1.0
7559,Nainwa,0,0.0
7560,Banki,1,0.666666667
7561,Sanchahe,2,0.268656716
7562,Chutmalpur,1,0.409090909
7563,Gamboru,1,0.9375
7564,Jishan,1,0.145454545
7566,Jiangjin,2,0.20295203
7567,Rawatbhata,1,0.6
7568,Mile,1,0.216666667
7569,Pimpalgaon Basvant,1,0.242424242
7570,Huayin,1,0.150943396
7571,Jaora,1,0.384615385
7572,Dazhu,1,0.3125
7573,Bhagwānpur,1,0.5
7574,LinShui,1,0.184782609
7575,Ratlam,1,0.387096774
7577,Budhana,1,0.9
7578,Chongqing,9,0.361270401
7579,Deoband,1,0.75
7581,Dehradun,1,0.580985915
7582,Baisha,1,0.5
7583,Shahada,1,0.588235294
7584,Yi'an,1,0.52173913
7586,Shouyang,1,0.355555556
7587,UNNAMED,0,0.0
7589,Sinnar,1,0.558823529
7590,Linfen,1,0.373809524
7591,Rajgarh,1,0.464285714
7592,Yongji,1,0.229946524
7593,Sakri,0,0.0
7594,Xuanhan,1,0.6875
7595,Satana,0,0.0
7596,Hongtong,1,0.084558824
7597,Lalsot,1,0.571428571
7599,Sohna,1,0.144444444
7600,Fengning,1,0.333333333
7601,Kota,1,0.449477352
7602,Yu,1,0.106382979
7603,Muzaffarnagar,1,0.303030303
7604,Wangjiazhai,1,0.514285714
7605,Bandikui,1,0.882352941
7606,Laiyuan,1,0.278481013
7607,Roorkee,1,0.542553191
7608,Fuyuan,1,0.11627907
7609,Ramgarh,0,0.0
7610,Kaiyuan,1,0.263157895
7611,Ratnagiri,1,0.55
7612,Linyi,1,0.129032258
7615,Junnar,0,0.0
7616,Liupanshui,1,0.355769231
7617,Pune,3,0.424903723
7618,Ankang,1,0.253012048
7619,Ferozepur Jhirka,0,0.0
7620,Gejiu,1,0.368421053
7621,Sardhana,1,0.7
7622,Yanqing,1,0.13559322
7623,Dondaicha,1,0.8
7624,Luxi,1,0.254237288
7625,Chiplun,1,0.242424242
7626,Bijie,1,0.367088608
7627,Lasalgaon,0,0.0
7628,Houma,2,0.246231156
7629,Uttarkashi,0,0.0
7630,Tailai,1,0.56
7631,Haridwar,2,0.390581717
7632,Jarud,1,0.333333333
7633,Khatauli,1,0.378378378
7634,Nanba,1,0.186046512
7635,Lachhmangarh,0,0.0
7636,Keshan,1,0.379310345
7637,Narayangaon,0,0.0
7638,Weichang,1,0.14
7639,Manchar,0,0.0
7640,Gulin,1,0.7
7641,Lakheri,0,0.0
7642,Panzhou,1,0.181818182
7643,Meerut,3,0.421143847
7644,Shangluo,1,0.106666667
7646,新宁镇,1,0.35
7647,Bamanwas,0,0.0
7648,Yangquan,2,0.205128205
7649,Sawai Madhopur,1,0.557692308
7650,Luonan,1,0.101010101
7652,Dianjiang,1,0.125
7653,Barwani,1,0.705882353
7654,Wenxi,1,0.201612903
7655,Laksar,1,0.461538462
7656,Yuncheng,1,0.25388601
7657,Govindgarh,0,0.0
7658,Quwo,1,0.291666667
7659,Nagda,1,0.65
7660,Ruicheng,1,0.214285714
7661,Sangamner,1,0.220930233
7662,Ongniud,1,0.217391304
7663,Morana,0,0.0
7664,Changshou,1,0.148387097
7665,Palwal,1,0.288888889
7666,Mengzi,1,0.256637168
7668,Bei'an,1,0.231578947
7670,Yicheng,1,0.165048544
7671,Punhana,0,0.0
7672,Qijiang,1,0.209677419
7673,Sikari,0,0.0
7674,Xishui,1,0.226415094
7675,Malegaon,1,0.396551724
7678,Shanyang,1,0.206896552
7679,Todabhim,0,0.0
7680,Xia,1,0.24137931
7681,Bhawani Mandi,1,0.5625
7682,Xunyang,1,0.132075472
7683,Manmad,1,0.666666667
7684,Liangping,1,0.276595745
7685,Bhor,0,0.0
7687,Manawar,1,0.545454545
7688,Jinping,1,0.285714286
7689,New Tehri,0,0.0
7690,Yushe,1,0.155172414
7691,Aurangabad,0,0.0
7692,Qin,1,0.181818182
7693,Suket,1,0.524590164
7694,Luoxiong,1,0.25
7695,Mahwa,1,0.296296296
7696,Dafang,1,0.188679245
7697,Miranpur,1,0.833333333
7698,Nayong,1,0.7
7699,Nagar,0,0.0
7700,Pingshan,1,0.169811321
7701,Gangapur,1,0.863636364
7703,Kherli,1,0.857142857
7704,Beijing,7,0.469111272
7705,Shirpur,1,0.416666667
7706,Baicheng,1,0.37414966
7707,Yeola,0,0.0
7708,Jingxing Mining,1,0.212121212
7710,Lingbao,1,0.144680851
7711,Dhule,1,0.333333333
7712,Zhenlai,1,0.202898551
7713,Mawana,1,0.727272727
7715,Hodal,1,0.444444444
7717,Itawa,0,0.0
7718,Lingshou,1,0.145038168
7719,Dhar,1,0.333333333
7720,Xiyang,1,0.086614173
7721,Saswad,0,0.0
7723,Sikandarabad,1,0.343283582
7724,Quyang,1,0.156862745
7725,Kaman,1,0.4
7726,Xingtang,1,0.143835616
7727,Kopargaon,1,0.382352941
7728,Sanmenxia,3,0.268199234
7729,Mehidpur,1,0.555555556
7730,Kaizhou,1,0.216981132
7731,Shirdi,1,0.351351351
7732,Wansheng,1,0.144329897
7733,Bijnor,1,0.446808511
7734,Danfeng,1,0.213114754
7735,Kiratpur,1,0.5
7736,Yi,1,0.119402985
7737,Jewar,0,0.0
7738,Yuanqu,1,0.225
7739,Nandgaon,0,0.0
7740,Tang,1,0.099264706
7741,Sendhwa,1,0.538461538
7742,Nanchuan,1,0.486842105
7743,Gulavthi,1,0.55
7744,Shijiazhuang,3,0.318539326
7745,Kosi Kalan,1,0.279069767
7746,Huairou,2,0.26984127
7747,Najibabad,1,0.36
7748,Chifeng,1,0.236842105
7749,Nadbai,0,0.0
7750,Anzhou,1,0.24137931
7751,Jhalawar,1,0.245614035
7752,Taonan,1,0.462962963
7753,Karegaon,0,0.0
7754,Liuzhi,1,0.15
7755,Satara,1,0.327731092
7756,Xinle,1,0.17791411
7757,Deeg,1,0.75
7758,Laishui,1,0.210526316
7759,Hindaun,1,0.666666667
7760,Wanzhou,2,0.200902935
7762,Baiquan,1,0.288888889
7763,Bulandshahr,1,0.303030303
7764,Mancheng,1,0.095505618
7765,Chhata,0,0.0
7766,Fengdu,1,0.205882353
7767,Singhawali,0,0.0
7768,Xingyi,1,0.14028777
7769,Karauli,1,0.7
7770,Renhuai,1,0.164948454
7771,Sheopur,1,0.785714286
7772,Zhong,1,0.134751773
7773,UNNAMED,1,0.62
7774,Miyun,1,0.222826087
7775,Shrirampur,1,0.418604651
7777,Kotdwar,1,0.777777778
7778,Jinsha,1,0.619047619
7779,Govardhan,1,0.785714286
7780,Zhijin,1,0.19047619
7781,Kumher,0,0.0
7782,Dingzhou,1,0.171875
7783,Ujjain,1,0.333333333
7784,Qianxi,1,0.106666667
7785,Amalner,1,0.666666667
7786,Xiangyuan,1,0.1
7787,Vaijapur,0,0.0
7788,Zhuozhou,2,0.250825083
7789,Baran,1,0.391304348
7790,Ranghulu,1,0.516908213
7791,Srinagar,1,0.576923077
7792,Gaobeidian,2,0.169620253
7793,Khurja,1,0.582089552
7795,UNNAMED,0,0.0
7796,Xingren,1,0.14084507
7797,Chandpur,1,0.288888889
7798,Baoding,1,0.226519337
7799,Garhmuktesar,1,0.75
7800,Tongzi,1,0.369565217
7801,Agar,1,0.538461538
7803,Nagina,1,0.21875
7804,Xushui,1,0.167785235
7805,Bayana,1,0.833333333
7806,Yunyang,1,0.208333333
7807,Supe,0,0.0
7808,Puding,1,0.243243243
7809,Pauri,0,0.0
7810,Wenshan,1,0.182926829
7811,Nahtaur,1,0.857142857
7812,Zhuxi,0,0.0
7813,Rahuri,0,0.0
7814,Shuangluan,1,0.209677419
7815,Siyana,1,0.8
7816,Zhangzi,1,0.130952381
7819,Parola,0,0.0
7820,Shizhu,1,0.15
7821,Chalisgaon,1,0.404255319
7823,Dhanaura,1,0.7
7824,Zanhuang,0,0.0
7825,UNNAMED,0,0.0
7826,Yangcheng,1,0.174418605
7827,Uchain,0,0.0
7828,Yuanshi,1,0.136
7830,明水县,1,0.625
7831,Bharatpur,1,0.455696203
7832,Daqing,2,0.381924198
7833,Gajraula,1,0.254545455
7834,Babaishang,1,0.242424242
7835,Mathura,2,0.553097345
7836,Lucheng,1,0.113122172
7837,Karad,1,0.354545455
7838,Changzhi,2,0.280973451
7839,Indore,2,0.372064277
7840,Wulong,1,0.363636364
7841,Panaji,2,0.360730594
7842,Zhenning,1,0.28125
7843,Chopda,1,0.642857143
7844,Wuji,1,0.134615385
7845,Noorpur,1,0.6
7847,Shikarpur,1,0.583333333
7849,Mant,0,0.0
7850,Licheng,1,0.212765957
7851,Ahmadnagar,1,0.356435644
7852,Yima,2,0.300884956
7853,Dhampur,1,0.423076923
7854,Anshun,1,0.240174672
7855,Jahangirabad,1,1.0
7856,Chengde,2,0.560283688
7857,Vasco da Gama,1,0.525
7858,Gaocheng,1,0.216666667
7859,Phaltan,1,0.333333333
7860,Shangnan,0,0.0
7861,Hasanpur,1,0.545454545
7862,Yunxi,1,0.077777778
7864,Gu'an,1,0.27173913
7865,Sherkot,1,0.533333333
7866,Shangdang,1,0.166666667
7867,Daund,1,0.5
7868,Yuanbaoshan,1,0.209677419
7869,Pahasu,0,0.0
7870,Pinggu,1,0.201716738
7871,Khargone,1,0.390243902
7872,Liangmatai,1,0.224358974
7873,Bhadgaon,1,0.466666667
7874,Anguo,1,0.138686131
7875,Islampur,1,0.468085106
7876,Luoning,1,0.173913043
7877,Kodoli,0,0.0
7878,Gaoyi,1,0.174157303
7879,Kannad,1,0.466666667
7880,Daozhen,1,0.222222222
7881,Kolhapur,2,0.372759857
7882,Majiadu,0,0.0
7883,Seohara,1,0.225
7884,Zunyi,2,0.272015656
7885,Dewas,1,0.403846154
7886,Gaoping,1,0.189542484
7887,Amroha,1,0.320512821
7888,Jinzhou,1,0.265432099
7889,Rupbas,0,0.0
7890,Zhao,1,0.121693122
7891,Aklera,1,0.75
7893,Baramati,1,0.425
7895,Aligarh,1,0.313609467
7896,Sanhe,1,0.424390244
7898,Maguan,1,0.216216216
7899,Iglas,1,0.714285714
7900,She,1,0.118421053
7901,Fatehpur Sikri,1,0.5
7902,Mingu,0,0.0
7903,Baseri,0,0.0
7904,Li,1,0.355932203
7905,Margao,1,0.226244344
7906,Xinghua,1,0.577777778
7907,Sahaspur,0,0.0
7908,Gaoyang,1,0.115646259
7909,Anupshahr,1,0.714285714
7910,Pingba,0,0.0
7911,Pachora,1,0.6
7912,Langfang,1,0.198074278
7914,Xiong,1,0.231578947
7915,Chhipabarod,0,0.0
7916,Suiyang,1,1.0
7917,Shajapur,1,0.366666667
7918,Jincheng,1,0.294670846
7919,Kanth,1,0.56
7920,Xin'an,1,0.130434783
7921,Dibai,1,0.580645161
7922,Yongqing,1,0.340425532
7924,Xianghe,1,0.193236715
7925,Ponda,1,0.260869565
7926,Xiuwen,1,0.082352941
7927,Sabalgarh,1,0.8
7929,Jalgaon,1,0.412587413
7930,Zhushan,1,0.113924051
7931,Kiraoli,1,0.5
7932,Pengshui,1,0.321428571
7933,Moradabad,1,0.257142857
7934,Jiyuan,1,0.232484076
7936,Chengxiang,0,0.0
7938,Ningjin,1,0.125560538
7939,Hathras,2,0.278911565
7940,Anda,1,0.19379845
7941,Bari,1,0.4
7942,Bazhou,1,0.175
7943,Bijeypur,0,0.0
7944,Chengde,1,0.230769231
7946,Jizhou,1,0.219895288
7947,Jaspur,1,0.333333333
7948,Anping,1,0.161702128
7949,Chhabra,0,0.0
7950,Xinji,1,0.23923445
7951,Vita,0,0.0
7952,Guiyang,4,0.295993459
7953,Atrauli,1,0.314285714
7954,Hailun,1,0.322033898
7955,Sadabad,1,0.5
7956,Yiyang,1,0.199004975
7957,Agra,1,0.390654206
7958,Naiman Banner,0,0.0
7959,Sarangpur,1,0.6
7960,Xingtai,1,0.201780415
7961,Aurangabad,2,0.457971014
7962,Luoyang,3,0.324663677
7963,Sambhal,1,0.393939394
7964,Shiyan,1,0.327906977
7966,Babrala,0,0.0
7967,Lichuan,1,0.310810811
7968,Jairampur,0,0.0
7969,Yunyang,1,0.157142857
7970,Kheragarh,1,0.636363636
7971,Renqiu,2,0.346625767
7972,Barwaha,1,0.310344828
7974,Ichalkaranji,1,0.585365854
7975,Luanchuan,1,0.195121951
7976,Nippani,1,0.307692308
7977,Wu'an,1,0.191304348
7978,Gadahinglaj,1,0.461538462
7979,Longyao,1,0.175675676
7980,Thakurdwara,1,0.244047619
7982,Yawal,1,1.0
7983,Baidi,1,0.255319149
7985,Kaiyang,1,0.380952381
7986,Kailaras,1,0.6
7987,Ningcheng,1,0.463414634
7988,Sanawad,1,0.571428571
7989,宝坻区,1,0.197014925
7990,UNNAMED,0,0.0
7991,Da'an,1,0.295454545
7992,Sonkach,0,0.0
7994,Rajgarh,0,0.0
7995,Pingquan,1,0.127272727
7996,Sangli,3,0.471111111
7998,Shevgaon,1,0.692307692
7999,Meitan,1,0.260869565
8000,Pathardi,0,0.0
8001,Shengzhou,1,0.24742268
8002,Tasgaon,0,0.0
8003,Yongnian,2,0.2305026
8006,UNNAMED,0,0.0
8007,Qinggang,1,0.142857143
8008,Karjat,0,0.0
8009,Qinyang,1,0.178571429
8010,Chharra,0,0.0
8011,Song,1,0.369863014
8012,Dhaulpur,1,0.293478261
8013,Shengfang,1,0.464864865
8014,Bhusawal,1,0.37755102
8015,Mengzhou,1,0.207650273
8016,UNNAMED,0,0.0
8017,Zuogezhuang,1,0.307692308
8018,Bahjoi,1,0.625
8019,Linzhou,1,0.185185185
8020,Sankeshwara,0,0.0
8021,Xixia,1,0.217391304
8022,Rāmnagar,0,0.0
8024,Kundarkhi,1,0.636363636
8025,Hejian,1,0.2125
8026,Pachore,0,0.0
8027,Fengfeng,2,0.259259259
8028,Tanda,1,0.538461538
8029,凤冈县,1,0.392857143
8030,Bilari,1,0.357142857
8031,Zunhua,1,0.214876033
8032,Jamner,1,0.473684211
8033,Yichuan,1,0.220689655
8034,Sikandra Rao,1,0.428571429
8036,Chikkodi,0,0.0
8037,Qianjiang,1,0.106796117
8038,Paithan,1,0.5
8039,Jiaozuo,2,0.295373665
8040,Joura,1,1.0
8041,Suiling,1,0.327272727
8042,UNNAMED,0,0.0
8043,Handan,3,0.367990654
8044,Jalesar,1,0.416666667
8045,Wushan,1,0.214285714
8046,Etmadpur,1,0.313131313
8047,Wangkui,1,0.371428571
8048,Sillod,1,0.5
8049,Yutian,2,0.161403509
8050,Indapur,0,0.0
8052,Belagavi,1,0.368200837
8053,Xichuan,1,0.301204819
8054,Chandausi,1,0.583333333
8055,Tianjin,5,0.366763365
8056,Shamsabad,1,0.588235294
8057,Anyang,2,0.299684543
8058,Suar,1,0.666666667
8060,Islamnagar,1,0.416666667
8062,Biaora,1,0.379310345
8063,Tongliao,1,0.205479452
8064,Akluj,1,0.272727273
8065,Enshi,1,0.519230769
8066,Bajpur,1,0.171428571
8067,Xitao,2,0.132780083
8068,Shujalpur,1,0.409090909
8069,Fangxian,1,0.112244898
8070,UNNAMED,1,0.8
8071,Dejiang,1,0.434782609
8072,Morena,1,0.317647059
8073,Wen,1,0.222929936
8074,Raver,1,0.375
8075,Hengshui,1,0.239467849
8076,Khanapur,0,0.0
8077,Ci,1,0.304568528
8078,Karmala,0,0.0
8079,Jinghai,1,0.152542373
8080,Rampur,1,0.457831325
8081,Jize,1,0.108843537
8082,Jamkhed,0,0.0
8083,Jianshi,1,1.0
8084,Rajakhera,0,0.0
8085,Gongyi,4,0.335205993
8086,Kusnal,0,0.0
8087,Lingyuan,1,0.18852459
8088,Guna,1,0.810810811
8089,Ruyang,1,0.191489362
8090,Sahaswan,1,0.636363636
8091,瓮安县,1,0.409090909
8092,Khandwa,1,0.517241379
8093,Jianping,1,0.233333333
8094,Maktainagar,0,0.0
8095,Jizhou,1,0.178378378
8096,Kasganj,1,0.541666667
8097,Xianfeng,1,0.152542373
8098,Firozabad,1,0.380597015
8099,Funing,1,0.363636364
8100,Fatehabad,1,0.375
8102,Ashta,1,0.347826087
8103,Qianxi,1,0.130841121
8104,UNNAMED,0,0.0
8106,Surajpur,1,0.34375
8107,Zhaozhou,1,0.161764706
8108,Sahabad,1,1.0
8109,Quzhou,1,0.211538462
8110,Shivpuri,1,0.757575758
8112,Bamaur,1,0.214285714
8113,Linzhang,1,0.152671756
8114,Burhanpur,1,0.659574468
8115,Shancheng,1,0.167567568
8116,Bisauli,1,0.857142857
8118,Soron,1,0.545454545
8119,Cheng'an,1,0.107692308
8120,Ambah,1,0.333333333
8122,Gokak,1,0.25
8123,Youyang,1,0.15
8124,Dandeli,0,0.0
8125,UNNAMED,0,0.0
8126,Bilaspur,1,0.3125
8127,Neixiang,1,0.213675214
8128,UNNAMED,0,0.0
8129,Zaoqiang,1,0.19047619
8130,Etah,1,0.457627119
8132,Narsinghgarh,0,0.0
8133,Fengrun,1,0.420289855
8134,UNNAMED,0,0.0
8135,Dengfeng,1,0.228813559
8136,Milak,1,0.6
8137,Qing,1,0.153061224
8138,Jalna,1,0.383838384
8139,Badong,0,0.0
8140,Sangole,0,0.0
8141,Sinan,0,0.0
8142,Almora,1,0.28125
8143,Danjiangkou,1,0.237704918
8144,Gwalior,1,0.521551724
8145,Fuquan,0,0.0
8146,Ambad,1,0.666666667
8147,Zhaodong,1,0.269736842
8148,Haldwani,1,0.504424779
8149,Tangyin,1,0.175141243
8150,Rudrapur,1,0.351145038
8152,Malkapur,1,0.206896552
8153,Ruzhou,1,0.179347826
8154,Aron,0,0.0
8155,Lanxi,1,0.2
8156,UNNAMED,0,0.0
8157,Xinxiang,5,0.21416804
8158,Paranda,0,0.0
8159,Tangshan,4,0.288782816
8160,Athani,1,0.785714286
8161,Hebi,1,0.144404332
8162,Kurduvadi,0,0.0
8164,Pandharpur,1,0.305084746
8165,Songyuan,2,0.254320988
8166,Bailahongala,1,0.9
8168,Wazirganj,0,0.0
8169,Harqin,1,0.170454545
8170,Porsa,1,1.0
8172,Georai,1,0.8
8174,Shikohabad,1,0.358208955
8176,UNNAMED,0,0.0
8177,Longshan,2,0.545454545
8178,Yellapur,0,0.0
8179,Suihua,1,0.223602484
8180,Ujhani,1,0.714285714
8181,Qixian,1,0.231707317
8182,Jasrana,0,0.0
8183,Botou,1,0.194756554
8184,Malanpur,1,0.516129032
8185,Cangzhou,1,0.187654321
8186,Buldhana,1,0.6
8187,Wei,1,0.161849711
8188,Jath,0,0.0
8189,Zhengzhou,5,0.342424242
8190,Sehore,1,0.484848485
8192,Beed,1,0.543478261
8193,Binhai,6,0.465256798
8194,Aonla,1,0.727272727
8195,Nanzhao,1,0.268656716
8196,Leteri,0,0.0
8198,Rabakavi Banahatti,1,0.434782609
8199,Xinmi,2,0.204663212
8200,Ganj Dundwara,1,0.833333333
8201,Duyun,1,0.130630631
8202,Kichha,0,0.0
8205,Chaoyang,1,0.288973384
8206,Bah,1,0.461538462
8207,中塘镇,2,0.417040359
8208,Sirsaganj,1,0.25
8209,Qinghe,1,0.197718631
8210,Baheri,1,0.186440678
8211,Jing,1,0.197368421
8212,Budaun,1,0.807692308
8213,Gucheng,1,0.218487395
8214,Gormi,0,0.0
8215,Beipiao,1,0.272727273
8216,Gohad,1,0.857142857
8218,Paul Pothen Nagar,0,0.0
8219,Gucheng,2,0.115485564
8220,Chikhli,1,0.473684211
8221,Qian'an,1,0.267045455
8222,Mangalwedha,0,0.0
8224,Bareilly,1,0.547619048
8225,Shilong,1,0.193181818
8226,Dharwad,1,0.463414634
8227,庆安县,1,0.165048544
8228,Ashoknagar,1,0.6875
8229,Zhenping,1,0.181372549
8230,Barshi,1,0.68
8232,UNNAMED,0,0.0
8233,Guantao,1,0.100558659
8234,Sirsi,1,0.535714286
8236,UNNAMED,0,0.0
8237,Yuanyang,1,0.172897196
8238,Nandura,1,0.5
8239,Xiushan,1,0.15
8240,Jalgaon Jamod,1,0.454545455
8242,Jamakhandi,1,0.428571429
8243,Lushan,1,0.150684932
8244,Karera,0,0.0
8245,Dengzhou,1,0.488673139
8246,Berasia,1,0.571428571
8248,Saundatti,1,0.857142857
8249,Dezhou,1,0.185897436
8250,Jaithra,0,0.0
8251,Daming,1,0.256
8252,Kakrala,1,1.0
8253,Linqing,1,0.151335312
8254,UNNAMED,0,0.0
8255,Huaxian,2,0.215805471
8256,Dabra,1,0.8
8257,Kaili,1,0.2
8258,Bhopal,1,0.494
8259,Jianchang,1,0.149606299
8260,Mahgawan,1,0.5
8262,Sitarganj,1,0.611111111
8263,Dushan,0,0.0
8264,Mudhol,1,0.733333333
8265,Neihuang,1,0.147959184
8266,UNNAMED,0,0.0
8267,Xinglong,1,0.344827586
8268,Sironj,1,0.333333333
8269,Yanjin,1,0.209876543
8271,Luanzhou,1,0.111111111
8273,Khamgaon,1,0.38028169
8274,Nanyang,1,0.183371298
8275,Hubballi,1,0.555555556
8276,Jia,1,0.15037594
8277,Sainthal,0,0.0
8278,Guanxian,1,0.264150943
8279,Mainpuri,1,0.568627451
8280,Yuzhou,1,0.131578947
8281,Udupi,1,0.391891892
8282,Baise,1,0.294642857
8283,Harda,1,0.47826087
8284,Tieli,1,0.306666667
8285,Nawabganj,1,0.888888889
8286,Huanghua,1,0.276422764
8287,Karhal,1,0.75
8288,夏津县,1,0.128205128
8289,Dataganj,0,0.0
8290,Xiaoxiang,2,0.301639344
8291,Aliganj,1,0.615384615
8292,Xinzheng,2,0.215384615
8293,Jaswantnagar,1,0.588235294
8294,Zhongmu,2,0.14957265
8295,Khaniadhana,0,0.0
8297,Bhind,1,0.517857143
8298,Pingdingshan,1,0.27816092
8299,Saifai,0,0.0
8300,Luannan,1,0.191860465
8301,Faridpur,1,1.0
8302,Puyang,1,0.226386807
8303,Datia,1,0.542857143
8304,Huayuan,1,0.196969697
8305,Shegaon,1,0.590909091
8306,Ningjin,1,0.187096774
8307,Majalgaon,1,0.52173913
8308,Jingxi,1,0.173913043
8309,Pithoragarh,1,0.65
8310,陵城区,1,0.177884615
8311,Etawah,1,0.172413793
8312,Fengqiu,1,0.161764706
8313,Indergarh,0,0.0
8314,Changge,1,0.516233766
8315,Hanagal,0,0.0
8316,Xinye,1,0.203007519
8317,Sagara,1,0.517241379
8318,Shuangliao,1,0.320754717
8319,Mangaluru,3,0.35078534
8320,Fuxin,2,0.227027027
8321,Pilibhit,1,0.543478261
8322,Fangcheng,1,0.079681275
8323,Bhongaon,0,0.0
8324,Baojing,1,0.888888889
8325,Mandideep,1,0.396226415
8326,Yongshun,1,0.666666667
8327,Khatīma,1,0.727272727
8328,Pingyuan,1,0.164502165
8329,Chanderi,1,0.5
8330,Kaifeng,2,0.373263889
8331,Nargund,0,0.0
8332,Harbin,2,0.309431525
8333,Shiggaon,0,0.0
8334,Fancheng,1,0.194623656
8335,Kaimganj,1,0.823529412
8336,Nanzhang,1,0.139344262
8337,Mehkar,1,0.388888889
8338,Changyuan,2,0.221183801
8339,Osmanabad,1,0.444444444
8340,Sangzhi,1,0.36
8341,Solapur,1,0.271428571
8342,高唐县,1,0.148550725
8343,Vijayapura,1,0.422222222
8344,Shenxian,1,0.148717949
8345,Rafiabad Kalan,0,0.0
8346,Ye,1,0.118518519
8347,Balapur,1,0.375
8348,Sheqi,1,0.204301075
8349,Seondha,0,0.0
8350,Changli,1,0.126353791
8351,Sailu,1,0.666666667
8353,Jhansi,1,0.466257669
8354,Tongren,1,0.2625
8355,UNNAMED,0,0.0
8356,Xuchang,1,0.263318113
8357,Shamshabad,0,0.0
8358,Liaocheng,1,0.220103986
8359,Bewar,0,0.0
8360,Yixian,1,0.232876712
8361,Basoda,1,0.5
8362,Laoting,1,0.149425287
8363,Vidisha,1,0.466666667
8364,Laoling,1,0.141732283
8366,Yichang,1,0.24256651
8367,Miranpur Katra,0,0.0
8368,Weishi,1,0.12992126
8369,Tuljapur,0,0.0
8370,Shuangcheng,1,0.296610169
8371,Bisalpur,1,0.714285714
8372,Qinhuangdao,2,0.399548533
8374,Tanghe,1,0.096256684
8375,Raisen,1,0.473684211
8376,Yanggu,1,0.215859031
8377,Bagalkot,2,0.462962963
8378,Jishou,1,0.175438596
8379,Akot,1,0.391304348
8380,Chiping,1,0.219409283
8381,Bhander,0,0.0
8382,Xinhuang,1,0.21875
8383,Bakewar,1,0.263157895
8385,Lahar,1,0.545454545
8386,Yucheng,1,0.170506912
8387,Tilhar,1,0.785714286
8388,Dongming,1,0.129251701
8389,Bharthana,1,0.142857143
8390,Tiandong County,1,0.223880597
8391,Ambajogai,1,0.677419355
8392,Nong'an,1,0.111702128
8393,Lakshmeshvara,1,0.583333333
8394,Linyi,1,0.258992806
8395,Haveri,1,0.384615385
8396,Jinzhou,2,0.264347826
8397,Indi,0,0.0
8398,Linying,1,0.123762376
8399,Akola,1,0.340425532
8400,Wuyang,1,0.153333333
8401,Neeleshwaram,2,0.184331797
8402,Yicheng,1,0.129213483
8403,Jalalabad,1,0.888888889
8404,Tongxu,1,0.118518519
8405,Bina Etawa,1,0.375
8406,Yanling,1,0.170454545
8407,Lalitpur,1,0.41509434
8408,Fuyu,1,0.263157895
8409,Tirthahalli,0,0.0
8410,Wugang,1,0.133757962
8411,Nigohi,0,0.0
8412,Taiqian,1,0.252525253
8413,Risod,1,0.777777778
8414,Lankao,1,0.204678363
8415,Jintur,1,1.0
8416,Zhangjiajie,1,0.134715026
8417,UNNAMED,0,0.0
8418,Huludao,1,0.288629738
8419,Farrukhabad,1,0.697368421
8420,Juancheng,1,0.143497758
8421,Hoshangabad,1,0.4
8422,无棣县,1,0.212962963
8423,Parli,1,0.473684211
8424,Shanghe,1,0.115942029
8425,Gadag,1,0.412698413
8426,Dong'e,1,0.09561753
8427,Chhibramau,1,0.6875
8428,Suizhong,1,0.107142857
8429,Chirgaon,0,0.0
8430,Nancha,1,0.434782609
8431,Puranpur,1,0.666666667
8432,Acheng,1,0.194968553
8433,Shahjahanpur,1,0.385321101
8434,Xingcheng,1,0.212669683
8435,Allahganj,0,0.0
8436,齐河县,1,0.163793103
8437,Rampura,0,0.0
8438,Qixian,1,0.164179104
8439,Akkalkot,1,0.411764706
8440,Yidu,1,0.081896552
8441,Itarsi,1,0.340425532
8442,Zaoyang,1,0.273381295
8443,Sarai Ajitmal,0,0.0
8444,Dangyang,1,0.152941176
8445,Madhogarh,0,0.0
8447,Moth,0,0.0
8448,Luohe,1,0.224178404
8449,Niwari,0,0.0
8450,Mayang,1,0.12345679
8451,Puttur,1,0.411764706
8452,Fugou,1,0.153846154
8453,Kamalganj,0,0.0
8454,Huji,1,0.242857143
8455,Anjangaon,1,0.454545455
8456,Heze,1,0.191489362
8457,Khurai,1,0.391304348
8458,Dehui,1,0.208333333
8459,Banda,0,0.0
8460,Biyang,1,0.132596685
8461,Parbhani,1,0.533333333
8462,Zhicheng,0,0.0
8464,Bin,0,0.0
8465,Latur,1,0.378151261
8466,Longzhou,1,0.384615385
8467,Konch,1,0.833333333
8468,Heishan,1,0.146788991
8469,Bidhuna,1,0.888888889
8470,Jīnchéngjiāng,1,0.37037037
8471,Ausa,1,0.5
8472,平阴县,1,0.161073826
8473,Ranebennur,1,0.461538462
8474,Zhijiang,1,0.181818182
8475,UNNAMED,0,0.0
8476,Jinan,1,0.29225169
8477,Pawayan,0,0.0
8478,Jiyang,1,0.153225806
8479,Daryapur,1,0.5
8481,UNNAMED,0,0.0
8482,Daxin,0,0.0
8483,Gangakhed,1,0.4
8484,Xiping,1,0.183333333
8485,UNNAMED,2,0.553191489
8486,Jingmen,2,0.155251142
8487,Shahabad,1,0.777777778
8488,Zhijiang,1,0.2
8489,Shivamogga,1,0.388429752
8490,Yuanling,1,0.262295082
8491,Gursahaiganj,1,0.384615385
8492,郓城县,1,0.161993769
8493,Sindagi,1,0.8
8494,石横镇,1,0.370967742
8495,Washim,1,0.425
8496,梁山县,2,0.235915493
8497,Kannur,4,0.274535809
8498,Minquan,1,0.254545455
8499,Gajendragad,0,0.0
8500,Cili,1,0.154545455
8501,Honnali,0,0.0
8502,Chenxi,1,0.55
8504,Lishu,1,0.369565217
8505,Jalaun,1,0.466666667
8506,Huaihua,1,0.170731707
8507,Rahatgarh,0,0.0
8508,Pingguo,1,0.207317073
8509,Achalpur,1,0.58974359
8510,Changchun,2,0.244721169
8511,Murtijapur,1,0.416666667
8512,Xinmin,1,0.265734266
8513,Muddebihala,1,0.75
8514,Suiping,1,0.175257732
8515,Begamganj,1,0.636363636
8516,Sui,1,0.099547511
8517,Khular,0,0.0
8518,Songzi,1,0.108695652
8519,Auraiya,1,0.3
8520,Ningming,1,0.434782609
8521,Mundaragi,0,0.0
8522,Shimen,1,0.196078431
8523,Tikamgarh,1,0.714285714
8524,肥城市,2,0.200743494
8525,Gursarai,1,1.0
8526,Dongping,1,0.109375
8527,Sulya,0,0.0
8528,Tongbai,1,0.242857143
8529,Mohmadi,1,0.692307692
8530,Hongjiang,1,0.333333333
8531,Harihara,1,0.323943662
8532,Yushu,1,0.254716981
8533,Tirwaganj,1,0.7
8534,魏桥镇,1,0.405405405
8535,Hingoli,1,0.65625
8536,Gongzhuling,1,0.261437908
8537,Huvina Hadagali,0,0.0
8538,Siping,1,0.25
8539,Bhadravathi,1,0.260869565
8540,Hegang,1,0.295180723
8541,Sandi,0,0.0
8542,Taikang,1,0.117948718
8543,Bareli,0,0.0
8545,Mangrul Pir,1,0.666666667
8546,Caoxian,1,0.196581197
8547,Umarga,1,0.5
8548,Zhongxiang,1,0.244604317
8550,Shangcai,1,0.146835443
8551,Alanda,1,0.571428571
8552,Zhumadian,1,0.301994302
8553,Purna,1,0.454545455
8555,Orai,1,0.4375
8556,Binzhou,2,0.335802469
8557,Mau Ranipur,1,0.47826087
8558,Juye,1,0.120535714
8559,Betul,1,0.526315789
8560,Dahua,1,0.363636364
8561,Kannauj,1,0.391304348
8562,Diaobingshan,1,0.211009174
8563,Nilanga,1,0.888888889
8564,Anyang,0,0.0
8565,Sikandra,0,0.0
8566,Zhoukou,1,0.201232033
8567,Ahmadpur,1,0.833333333
8568,Panjin,3,0.310606061
8569,Davanagere,1,0.383928571
8570,Ningling,1,0.090909091
8571,Pihani,0,0.0
8572,Wenshang,1,0.168269231
8573,Karanja,1,0.416666667
8574,Jiutai,1,0.182539683
8575,Mudigere,0,0.0
8576,Changtu,1,0.155555556
8577,Palia,1,0.5
8578,Jingzhou,1,0.213333333
8579,Jhinjhak,1,1.0
8580,Xiazhou,1,0.181818182
8581,Kushtagi,0,0.0
8582,Jingzhou,1,0.178082192
8583,Harapanahalli,1,0.538461538
8584,Mashan,1,0.459459459
8585,Chandur Bazar,1,0.8
8586,Zhangqiu,1,0.195402299
8587,Hardoi,1,0.711538462
8588,成武县,1,0.169312169
8589,Basmat,1,0.769230769
8590,Lixian,2,0.100934579
8591,Bilgram,0,0.0
8592,Xupu,1,0.262295082
8593,Koppala,1,0.459459459
8594,Huaiyang,1,0.114583333
8595,Thalassery,2,0.321311475
8596,嘉祥县,1,0.192419825
8597,Sansarpur,1,0.842105263
8599,Tarikere,0,0.0
8600,Hechi,1,0.24137931
8601,Sagar,1,0.413043478
8602,Linli,0,0.0
8603,Chikkamagaluru,1,0.328571429
8604,Tai'an,1,0.28113879
8605,Maigalganj,0,0.0
8606,Liaozhong,1,0.115789474
8607,Loha,0,0.0
8608,Runan,1,0.16875
8609,Pipariya,1,0.5625
8610,Suizhou,1,0.147505423
8611,Amravati,1,0.371287129
8613,UNNAMED,2,0.518518519
8614,Kaiyuan,1,0.165413534
8615,Udaipura,0,0.0
8616,Wuchang,1,0.18018018
8617,Amla,0,0.0
8618,宁阳县,1,0.159090909
8619,Hagaribommanahalli,1,0.428571429
8620,Shangqiu,2,0.208955224
8621,Sakleshpur,0,0.0
8622,Zhecheng,1,0.174157303
8623,Mallanwan,1,0.833333333
8624,Gong'an,1,0.162790698
8625,Bilhaur,0,0.0
8626,东营区,2,0.353025937
8627,Kalpi,1,0.5
8628,Boxing,1,0.202830189
8629,Nanded-Waghala,1,0.437869822
8630,Shenyang,2,0.375
8631,Belur,0,0.0
8633,Pukhrayan,1,0.457142857
8635,Rath,1,0.9
8636,Xinchengzi,1,0.1625
8637,Basavakalyana,1,0.888888889
8638,Tonghe,1,0.212765957
8639,Kalaburagi,1,0.352331606
8640,Minggang,1,0.14
8641,Lingasugur,1,0.5
8642,Tieling,2,0.199152542
8643,Maholi,0,0.0
8644,Jining,1,0.259047619
8645,Banda,1,0.379310345
8646,Jinxiang,1,0.240437158
8647,Udgir,1,0.75
8648,Taoyuan,1,0.189655172
8649,Biruru,0,0.0
8650,Fusui,0,0.0
8651,Morshi,1,0.6
8652,兖州区,2,0.239488117
8653,Pusad,1,0.538461538
8654,Shanxian,1,0.168478261
8655,Jevaragi,0,0.0
8656,Xiangcheng,2,0.222
8658,Changde,1,0.290322581
8659,Hosapete,1,0.434782609
8660,Anhua,1,0.169230769
8661,Kaduru,1,0.285714286
8663,Jainpur,2,0.352941176
8664,Zibo,5,0.245862069
8665,Bangarmau,1,0.857142857
8666,Rongshui,1,0.523809524
8667,Nowgaon,1,0.428571429
8668,Yitong,1,0.144444444
8669,UNNAMED,0,0.0
8670,京山市,1,0.25
8671,Darwha,1,0.636363636
8672,Dancheng,1,0.193548387
8673,Kozhikode,2,0.673716012
8674,Guruvayur,8,0.458943348
8675,Malappuram,2,0.651391162
8677,Wuming,1,0.19
8678,Multai,1,0.444444444
8680,Digras,1,0.666666667
8683,Pingyu,1,0.236842105
8684,Shorapur,1,0.555555556
8686,Lakhimpur,1,0.818181818
8687,Rongan,1,0.457142857
8688,Gangawati,1,0.457142857
8689,Jiamusi,1,0.229979466
8690,Shahabad,1,0.230769231
8691,Shanhe,1,0.310344828
8692,Kulpahar,0,0.0
8693,Zhengyang,1,0.204081633
8694,Humanabad,1,0.428571429
8696,Shahapura,1,0.32
8698,Maski,0,0.0
8699,Xinyang,1,0.184510251
8701,Fangzheng,1,0.204081633
8702,Jagaluru,0,0.0
8703,Shangzhi,1,0.167883212
8704,Kushalanagara,0,0.0
8705,Shuangyang,1,0.134328358
8706,Muskira,0,0.0
8708,Bhalki,1,0.727272727
8709,Xifeng,0,0.0
8711,Guangrao,1,0.22
8712,Sitapur,1,0.568181818
8713,Fuhe,1,0.4
8714,Gadarwara,1,0.36
8715,Yingkou,2,0.323353293
8716,Warud,1,0.545454545
8717,Nanning,5,0.343042071
8718,Wadi,1,0.268292683
8719,Laiwu,1,0.240295749
8720,Hassan,1,0.318181818
8721,Luyi,1,0.159509202
8722,Kanpur,2,0.354399009
8723,Dongkou,1,0.153846154
8724,Charkhari,0,0.0
8725,Shulan,1,0.172661871
8726,Umarkhed,1,0.538461538
8728,Hadgaon,0,0.0
8729,Zoucheng,1,0.190226876
8730,Kampli,0,0.0
8732,Kurara,0,0.0
8733,Qianjiang,1,0.168674699
8734,Rehli,0,0.0
8735,Anxiang,1,0.355932203
8736,Sandila,1,0.555555556
8738,Safipur,1,0.307692308
8739,Tianmen,1,0.229249012
8740,Chhatarpur,1,0.492307692
8741,Shishou,1,0.208053691
8742,Garhakota,0,0.0
8743,Xihe,0,0.0
8744,Chitradurga,1,0.3
8745,Liaoyuan,1,0.185507246
8746,Deori Khas,1,0.857142857
8747,Fushun,3,0.193548387
8748,Bijawar,0,0.0
8749,Guangshui,1,0.179775281
8750,Sindhanur,1,0.324324324
8753,Anshan,3,0.303030303
8754,Bhokar,1,0.5
8755,Sishui,1,0.214285714
8756,Arvi,1,0.6
8757,鱼台县,1,0.165137615
8758,Arasikere,1,0.35483871
8759,大王镇,1,0.193877551
8760,Ghatampur,1,0.6
8761,Gaosha,0,0.0
8762,Toranagallu,1,0.469387755
8763,Lijiazui,1,0.179487179
8764,Arni,0,0.0
8765,Hanshou,1,0.380952381
8766,Laharpur,1,1.0
8767,Dengta,1,0.123076923
8768,Yavatmal,1,0.448275862
8769,Liaoyang,1,0.240184758
8770,Mahoba,1,0.708333333
8772,Pandhurna,1,0.363636364
8773,Haicheng,1,0.189655172
8774,Degloor,1,0.416666667
8776,Holenarasipura,0,0.0
8777,Jilin,2,0.213960546
8778,Parasia,1,0.5
8780,Unnao,1,0.266666667
8781,Bozhou,1,0.283489097
8782,Yadgir,1,0.444444444
8783,Anlu,1,0.285714286
8784,Bharwa Sumerpur,1,0.321428571
8785,Wugang,1,0.173913043
8786,Maudaha,1,0.411764706
8787,Dashiqiao,1,0.247113164
8788,Kareli,0,0.0
8790,Siruguppa,1,0.235294118
8791,Xiayi,1,0.157068063
8792,Bidar,1,0.540540541
8793,Wushengguan,1,0.152777778
8794,Sidhauli,1,0.371428571
8795,Nanxian,1,0.224719101
8796,Pulgaon,1,0.5
8797,Xinhua,2,0.216981132
8798,Damoh,1,0.4
8799,Bayuquan,3,0.249180328
8800,Challakere,1,0.285714286
8801,Dangshan,1,0.118577075
8802,Malihabad,0,0.0
8803,Binyang,1,0.153846154
8804,Jahanbad,0,0.0
8805,钢城区,2,0.29004329
8806,Manvi,1,0.466666667
8807,Jieshou,1,0.209876543
8808,Channarayapattana,0,0.0
8809,Liuzhou,1,0.284605433
8810,Ballari,1,0.257009346
8811,Fengxian,1,0.122580645
8812,Tipaturu,1,0.371428571
8813,Xincai,1,0.119047619
8814,Hunsur,1,0.255813953
8815,Mong Cai,1,0.227272727
8816,Biswan,1,0.714285714
8817,Loushan,1,0.14159292
8818,Hiriyur,1,0.191489362
8820,Nawab Ganj,0,0.0
8821,Qingzhou,1,0.187134503
8822,Hatta,0,0.0
8823,Xintai,1,0.20383693
8824,Katol,1,0.5625
8825,Yingcheng,1,0.177777778
8826,Narsinghpur,1,0.535714286
8827,Huarong,1,0.188679245
8828,Tambaur,0,0.0
8829,Linquan,1,0.194029851
8830,Krishnarajanagara,1,0.8
8831,梅城镇,0,0.0
8833,Longhui,1,0.163120567
8835,Dawu,1,0.21875
8836,Chhindwara,1,0.438356164
8838,Khatgaon,1,0.35
8839,Shouguang,1,0.225806452
8840,Rayadurg,1,0.428571429
8841,Xi,1,0.129032258
8842,Sausar,1,0.625
8843,Yunmeng,1,0.089552239
8844,Zaheerabad,1,0.413793103
8845,大屯街道,3,0.303135889
8847,监利县,1,0.182481752
8848,Lucknow,1,0.426433915
8849,Jiangjiazui,0,0.0
8850,Chikkanayakanahalli,0,0.0
8851,Xiaochang,1,0.102040816
8853,Tengzhou,3,0.323232323
8855,Laibin,1,0.276785714
8856,Bodhan,1,0.722222222
8857,Yiyuan,1,0.173160173
8858,Krishnarajapete,0,0.0
8859,Luorong,0,0.0
8860,Kinwat,1,0.727272727
8861,Linqu,1,0.208163265
8862,Thrissur,1,0.540229885
8863,Taojiang,1,0.260869565
8864,Tanduru,1,0.4
8865,Gongchangling,1,0.8
8866,Banda,1,0.44
8868,Banswada,1,0.666666667
8869,Xiantao,1,0.144602851
8870,Narayankhed,0,0.0
8871,平邑县,1,0.165562914
8872,Mahmudabad,1,1.0
8873,Weihe,1,0.188679245
8874,Wardha,1,0.411764706
8875,Taihe,1,0.10619469
8877,Yuanjiang,1,0.298969072
8878,Bindki,1,0.666666667
8879,Xinning,1,0.134831461
8880,Raichur,1,0.514705882
8881,Luzhai,1,0.253731343
8882,Purwa,1,0.636363636
8883,Fangcheng,1,0.173913043
8889,Lianyuan,1,0.171428571
8890,Tendukheda,0,0.0
8891,Guilin,2,0.191129884
8892,Narayanapet,1,0.875
8893,Benxi,1,0.257575758
8894,Nizamabad,1,0.340136054
8895,Xiaogan,1,0.207084469
8896,Mysuru,1,0.376657825
8897,Litang,1,0.283018868
8898,Adoni,1,0.333333333
8899,Fenshui,0,0.0
8900,Kochi,3,0.650073928
8901,昌乐县,1,0.144144144
8902,Shridham,0,0.0
8903,蒙阴县,1,0.141818182
8904,Nanpara,1,0.305555556
8907,Yiyang,1,0.277258567
8908,UNNAMED,0,0.0
8909,Shaoyang,2,0.164021164
8910,Saoner,0,0.0
8911,Shaoyang,1,0.327272727
8912,Makhtal,0,0.0
8914,Sira,1,0.5
8916,Rupadiya,0,0.0
8917,Yongcheng,1,0.114624506
8918,Fatehpur,0,0.0
8919,Dongfeng,1,0.126436782
8920,Maurawan,0,0.0
8922,Kalmeshwar,0,0.0
8923,Qinzhou,1,0.137931034
8924,Chikkade,0,0.0
8925,Fujin,1,0.379310345
8926,Ajaigarh,0,0.0
8927,Hanchuan,1,0.482758621
8928,Panna,1,0.666666667
8929,Wafangdian,1,0.147619048
8930,Mannarkkad,1,0.265822785
8931,Shuangyashan,2,0.342857143
8932,Kalyandurg,0,0.0
8934,Pandharkawada,1,0.875
8935,Weifang,2,0.239837398
8936,Amethi,0,0.0
8938,Nanjanagudu,1,0.229508197
8939,Huangchuan,1,0.163716814
8941,Guangshan,1,0.141935484
8942,Bhitoni,0,0.0
8943,Huishangang,0,0.0
8944,Adilabad,1,0.263157895
8945,马口镇,1,0.388888889
8946,Nirmal,1,0.238095238
8947,Huanan,1,0.234375
8948,Alappuzha,2,0.749373434
8949,Qingyuan,1,0.263157895
8950,Fatehpur,1,0.31372549
8952,Nagpur,2,0.350898204
8953,Xing'an,1,0.175
8954,Emmiganuru,1,0.476190476
8955,Panshi,1,0.202702703
8956,Gubbi,0,0.0
8957,Louxing,1,0.268907563
8958,Butibori,1,0.475
8959,Guoyang,1,0.213836478
8960,Armoor,1,0.303030303
8961,Dengfeng,1,0.26
8962,Sadasivpet,0,0.0
8963,Fuyang,1,0.254150702
8964,Bachhrawan,0,0.0
8965,Huaibin,1,0.170588235
8966,Gundlupet,0,0.0
8967,Yueyang,1,0.247211896
8968,Atarra Buzurg,1,0.454545455
8969,Wufengpu,0,0.0
8970,Hinganghat,1,0.451612903
8971,Benxi Manchu Autonomous County,1,0.172839506
8972,Guntakal,1,0.583333333
8973,Dalian,1,0.4
8974,Pawai,0,0.0
8976,Masauli,0,0.0
8977,Pulandian,1,0.166666667
8978,Bahraich,1,0.573170732
8979,Shaodong,1,0.2
8980,Lalganj,1,0.519230769
8981,市中区,6,0.178117048
8982,Baberu,1,0.833333333
8983,Funan,1,0.142857143
8984,Mandya,1,0.636363636
8985,Wuxuan,1,0.26
8986,Udhagamandalam,1,0.342105263
8987,Honghu,1,0.277777778
8988,Tumakuru,1,0.275280899
8989,Wuhan,6,0.330350485
8990,Palakkad,1,0.257777778
8991,Meihekou,1,0.141025641
8992,UNNAMED,0,0.0
8993,Huaibei,1,0.275123558
8995,Kunigal,0,0.0
8997,Kollam,5,0.494155844
8999,Sangareddy,1,0.224137931
9000,东安县,1,0.3125
9001,UNNAMED,1,1.0
9002,Hengxian,1,0.260416667
9003,Tirumakudalu Narasipura,0,0.0
9004,Xin,1,0.166666667
9005,Kaisarganj,1,0.538461538
9006,Hong'an,1,0.148648649
9007,Jabalpur,2,0.44198895
9008,Xuzhou,2,0.178593653
9009,Pavagada,0,0.0
9010,Feixian,1,0.213872832
9011,Muvattupuzha,1,0.422222222
9012,Yueyang,1,0.270833333
9013,Ettumanoor,1,0.319027182
9014,Quanzhou,1,0.191489362
9015,Kamareddy,1,0.315789474
9016,Jiaohe,1,0.165137615
9017,Madhugiri,1,0.32
9018,Sangyuan Wangjia,1,0.287234043
9019,Kamptee,0,0.0
9020,Huangpi,1,0.112426036
9021,Medak,1,0.529411765
9023,Gadwal,1,0.8
9024,Baoshan,1,0.413793103
9025,Ramtek,1,0.526315789
9026,Ningxiang,1,0.157534247
9027,Sivani,1,0.514285714
9028,Lixin,1,0.122807018
9030,Guigang,1,0.152588556
9031,Haidargarh,0,0.0
9033,Chamarajanagara,1,0.666666667
9034,Huinan,1,0.25
9035,Mahbubnagar,1,0.4375
9036,Xiangyin,1,0.149659864
9037,Sihora,1,0.75
9038,Lingshan,1,0.264367816
9039,Rae Bareli,1,0.363636364
9040,Laizhou,1,0.196774194
9041,Warora,1,0.736842105
9042,Lipu,1,0.1625
9043,Wani,1,0.705882353
9044,兴安街道,1,0.304239401
9045,Hyderabad,2,0.486869748
9046,沂水县,1,0.209230769
9048,Xiuyan,1,0.110294118
9049,Bhinga,1,1.0
9050,沂南县,1,0.134556575
9051,Dariyabad,0,0.0
9053,Nagod,0,0.0
9054,Shuangfeng,1,0.421052632
9055,Anantapur,1,0.319727891
9056,Yongzhou,1,0.385714286
9057,UNNAMED,0,0.0
9058,Jiawang,1,0.19
9059,Colonelganj,1,0.882352941
9060,Jiayu,1,0.424242424
9061,Khaga,1,0.288888889
9062,Linyi,1,0.456198347
9063,Magadi,0,0.0
9064,Wangcheng,1,0.089820359
9065,Channapattana,1,0.28
9066,Longkou,1,0.148264984
9067,Mettupalayam,1,0.171875
9068,Liuhe,1,0.196969697
9069,Coimbatore,1,0.373605948
9070,Xinshi,1,0.331683168
9071,Chitrakoot Dham,2,0.396551724
9072,Gushi,1,0.171875
9073,Kollegal,1,0.470588235
9074,Mengcheng,1,0.215469613
9076,Penglai,1,0.327433628
9077,Katni,1,0.539325843
9079,Shadnagar,1,0.346153846
9080,Xiangxiang,1,0.297297297
9081,Umred,1,0.5
9082,Boli,1,0.2125
9083,UNNAMED,0,0.0
9084,Shangcheng,1,0.166666667
9085,Korutla,1,0.526315789
9087,Jadcherla,1,0.875
9089,Bhadravati,1,0.736842105
9090,Guanyang,0,0.0
9091,Wanaparthy,1,0.692307692
9092,Beihai,1,0.388888889
9093,Hindupur,1,0.625
9094,Huadian,1,0.316455696
9095,Ramanagara,1,0.272727273
9096,Chibi,1,0.194968553
9097,UNNAMED,1,0.490566038
9098,Qiyang,1,0.333333333
9099,Bengaluru,2,0.522395326
9100,Changsha,1,0.282754011
9101,Dhone,1,0.555555556
9102,Lingling,1,0.232758621
9103,Rudauli,1,0.184210526
9104,Zhaoyuan,1,0.215189873
9105,Unchahar,1,0.516129032
9106,兰陵县,1,0.180428135
9107,Pathanamthitta,1,0.192307692
9108,Suzhou,1,0.302839117
9109,Gowribidanur,1,0.375
9110,Macheng,1,0.214634146
9111,Pollachi,1,0.391666667
9112,Guiping,1,0.368794326
9113,Kurnool,1,0.295597484
9114,Mengshan,1,0.216216216
9116,Pubei,1,0.270833333
9117,Satna,1,0.5
9118,Xinzhou,1,0.150943396
9119,Dharmavaram,1,0.47826087
9120,Zhuanghe,1,0.335403727
9121,Jais,1,0.434782609
9122,Pingdu,1,0.210653753
9124,Qidong,1,0.117977528
9126,Xinxing,2,0.445
9127,Salon,1,0.175257732
9128,Yingshan,1,0.11827957
9129,Gonda,1,0.742424242
9130,Juxian,1,0.134328358
9131,Chimur,0,0.0
9132,Xingye,1,0.17721519
9133,UNNAMED,0,0.0
9134,Huarong,0,0.0
9135,Maihar,1,0.517241379
9136,Xiangtan,3,0.183475091
9137,Doddaballapura,1,0.260869565
9138,Tongcheng,1,0.2125
9139,Uchahera,0,0.0
9140,平南县,1,0.575
9141,Kanakapura,1,0.269230769
9143,Bhandara,1,0.636363636
9144,Xianning,1,0.266666667
9145,Shamirpet,0,0.0
9146,Chongyang,1,0.253521127
9147,Satyamangalam,0,0.0
9148,Hengyang,1,0.150442478
9149,Jagtial,1,0.333333333
9151,Chandrapur,1,0.585106383
9152,Linkou,1,0.314285714
9153,Sirsilla,1,0.551724138
9154,Zucheng,1,0.307971014
9155,Nagarkurnool,0,0.0
9156,Gaomi,1,0.343115124
9157,Thiruvananthapuram,6,0.457328386
9158,Tuanfeng,1,0.244444444
9159,Balrampur,1,0.666666667
9160,Fengcheng,1,0.385542169
9161,Gajwel,0,0.0
9162,Wulian,1,0.159509202
9163,Tadipatri,1,0.436363636
9164,Automobile City,1,0.536585366
9165,Tiruppur,2,0.374340949
9166,Zhaoping,1,0.6875
9167,Manjhanpur,0,0.0
9169,UNNAMED,0,0.0
9170,Nanjiang,0,0.0
9171,Gauriganj,1,0.545454545
9174,Pizhou,2,0.4
9175,Ballarpur,1,0.611111111
9176,Pingjiang,1,0.431818182
9177,Siddipet,1,0.357142857
9178,Huoqiu,1,0.327272727
9179,Bethamcherla,0,0.0
9180,Yeji,1,0.289473684
9181,Bagepalli,0,0.0
9182,Yulin,2,0.181818182
9183,Chikkaballapura,1,0.189655172
9184,Ezhou,1,0.21703854
9186,Zhuzhou,1,0.309021113
9187,Musarfirkhana,0,0.0
9189,Kunda,1,0.727272727
9190,Gushan,1,0.214285714
9191,Nandikotkur,1,0.666666667
9192,Hengyang,1,0.142561983
9194,Da’an,0,0.0
9195,Faizabad,1,0.197468354
9196,Bobai,1,0.106280193
9197,Udumalaippettai,1,0.228915663
9198,莒南县,1,0.160447761
9199,UNNAMED,0,0.0
9200,Qixia,1,0.194444444
9201,Kalwakurthy,0,0.0
9202,郯城县,1,0.189189189
9203,Bharwari,1,0.909090909
9204,临沭县,1,0.17254902
9205,Gobichettipalayam,1,0.458333333
9207,Mau,0,0.0
9208,Yantai,4,0.207621551
9209,Mandla,1,0.277777778
9210,Meishan,1,0.666666667
9211,Tulsipur,1,0.5
9212,Mudanjiang,1,0.234833659
9213,Amethi,1,0.8
9215,Hoskote,1,0.470588235
9218,Panji,1,0.142857143
9219,Karimnagar,1,0.330935252
9220,Jianghua,1,0.191489362
9221,Derwa,0,0.0
9222,Dongfang,1,0.251908397
9223,Balaghat,1,0.368421053
9225,Utraula,1,0.888888889
9227,Cumbum,1,0.434782609
9228,Hengshanxian,1,0.066176471
9229,Umaria,1,0.846153846
9231,Bhongir,1,0.304347826
9232,Baoqing,1,0.272727273
9233,Pudukadai,1,0.92
9234,Huanren,1,0.147368421
9235,Bodinayakkanur,1,0.5
9237,"Rewa, Madhya Pradesh",1,0.6
9238,Tonghua,3,0.280542986
9239,Sakoli,0,0.0
9240,Tongshan,1,0.110091743
9241,Mul,1,0.5
9242,Changning,1,0.328125
9243,Brahmapuri,1,0.705882353
9244,Zhongshan,1,0.217391304
9245,Perundurai,0,0.0
9246,Laiyang,2,0.139296188
9247,Kangeyam,0,0.0
9248,Lingbi,1,0.205882353
9250,Tenkasi,2,0.415384615
9252,Kaghaznagar,1,1.0
9253,Ningyuan,1,0.22972973
9254,Dharapuram,1,0.25
9256,Maluru,1,0.481481481
9257,Kuandian,1,0.4
9258,Sultanpur,1,0.689320388
9259,Xinyi,1,0.192727273
9260,Gondia,1,0.351648352
9261,Tianjia‘an,4,0.241340782
9262,Pulivendula,1,0.409090909
9263,Huangshi,1,0.149678604
9264,Kadiri,1,0.277777778
9265,Suining,1,0.165432099
9266,Erode,2,0.31433506
9267,Luotian,1,0.139240506
9268,Nandyal,1,0.305555556
9269,Changshou,0,0.0
9270,Atmakur,1,0.625
9271,Ning'an,1,0.231481481
9272,Kodaikanal,1,0.7
9273,Xintian,1,0.138613861
9274,Theni,1,0.394495413
9275,Luchuan,1,0.253731343
9276,Jammalamadugu,1,0.269230769
9278,Chintamani,1,0.290322581
9279,Liuyang,1,0.281045752
9280,Palani,1,0.615384615
9281,Rongxian,1,0.167832168
9282,Prayagraj,2,0.535816619
9283,Dongjingcheng,1,0.285714286
9284,Mancherial,1,0.423728814
9285,Hengdong,1,0.240740741
9286,Kadayanallur,1,1.0
9287,Jixi,2,0.372483221
9288,Bellampalli,1,0.615384615
9289,浠水县,1,0.25
9290,Pratapgarh,1,0.725
9291,Dunhua,1,0.414634146
9292,Mettur,1,0.395061728
9294,Peddapalli,1,0.275862069
9295,Jiangyuan,1,0.22
9296,Periyakulam,1,1.0
9297,Baishan,1,0.367346939
9298,Puliyangudi,1,1.0
9299,Rizhao,1,0.305114638
9300,Mau Aimma,0,0.0
9301,Tengxian,1,0.238095238
9302,Phaphamau,1,1.0
9303,Baimajing,0,0.0
9304,Allagadda,0,0.0
9305,Dandong,1,0.29
9307,Bengbu,2,0.225157233
9308,Ramagundam,1,0.325757576
9309,Qingdao,3,0.304091267
9310,Jangaon,1,0.391304348
9311,Anpu,1,0.171875
9312,Vikramasingapuram,1,0.588235294
9314,Edappadi,1,0.428571429
9315,Hezhou,2,0.320987654
9316,Kolar,1,0.404255319
9318,Domariaganj,1,1.0
9319,Liling,1,0.245901639
9320,Barhni,0,0.0
9321,Muling,1,0.314285714
9322,Samda,0,0.0
9323,Donghai,1,0.133144476
9324,UNNAMED,0,0.0
9325,Suqian,1,0.33220339
9327,Donggang,1,0.18115942
9328,Jakkampatty,1,0.545454545
9329,Huangdao,2,0.354581673
9331,岚山区,1,0.336683417
9332,Amgaon,1,0.47826087
9333,Lu'an,1,0.28992629
9334,Sankari,0,0.0
9335,Dayao,1,0.238461538
9336,Rajapalaiyam,2,0.330985915
9338,Nagercoil,3,0.5
9339,Sixian,1,0.190082645
9340,Gadchiroli,1,0.666666667
9341,Yingshan,1,0.206349206
9342,Sankarankovil,1,0.833333333
9343,Hengche,0,0.0
9344,Proddatur,1,0.375
9345,华亭村,0,0.0
9346,Byohari,0,0.0
9347,Ganyu,1,0.26119403
9349,Lanshanxian,1,0.169811321
9350,Palacode,0,0.0
9351,Leiyang,1,0.308243728
9354,Dharmapuri,1,0.134328358
9355,Lianjiang,1,0.125541126
9356,Kolar Gold Fields,2,0.4875
9357,Qichun,1,0.75862069
9358,Batlagundu,0,0.0
9359,Yangxin,1,0.194444444
9360,Kadipur,0,0.0
9361,Shangli,1,0.197368421
9362,Iltifatganj,2,0.483870968
9363,Jiahe,0,0.0
9364,Krishnagiri,1,0.171232877
9365,Cenxi,3,0.213793103
9367,Changfeng,1,0.084507042
9368,Salem,1,0.283783784
9369,Wuzhou,2,0.268292683
9370,Akbarpur,1,0.37254902
9371,Huoshan,1,0.178947368
9372,Usilampatti,1,0.538461538
9373,Kunshe,1,0.727272727
9374,UNNAMED,0,0.0
9375,宁州镇,1,0.461538462
9376,Warangal,1,0.260309278
9378,Nalgonda,1,0.308641975
9379,遂溪县,1,0.096045198
9380,Anichampalayam,0,0.0
9381,Pingxiang,3,0.202247191
9382,Basti,1,0.381679389
9383,Youxian,1,0.23255814
9384,Tirunelveli,2,0.503546099
9385,Leizhou,2,0.23580786
9386,Mulabagilu,1,0.2
9387,洋河镇,1,0.280991736
9388,Sivakasi,1,0.613333333
9389,东村街道办事处,1,0.116504854
9390,Bansi,1,0.904761905
9391,Ledong,1,0.230769231
9392,Mydukuru,0,0.0
9393,Lianyungang,2,0.276632302
9394,Tanda,1,0.676470588
9395,石地村,1,0.186440678
9396,Madanapalle,1,0.375
9397,Sihong,1,0.164705882
9398,Vedasandur,0,0.0
9399,Wuhe,1,0.11814346
9400,Kuppam,0,0.0
9401,Zhanjiang,2,0.248366013
9402,Karur,1,0.331168831
9403,Lingao,1,0.65
9404,Giddalur,1,0.555555556
9405,Anren,1,0.128
9406,Dindigul,1,0.418032787
9408,Shahdol,1,0.666666667
9409,Matian,1,0.204081633
9410,Rasipuram,1,0.333333333
9411,Danzhou,1,0.222929936
9412,Naugarh,1,0.775
9413,Mishan,1,0.231884058
9414,Namakkal,1,0.304347826
9415,Shuyang,1,0.194196429
9416,Kovilpatti,1,0.510638298
9418,Punganuru,1,0.666666667
9419,Meichuan,1,0.233333333
9420,Machhlishahr,1,0.4375
9421,Guiyang,1,0.435897436
9422,Sidhi,1,0.733333333
9423,Weihai,2,0.420664207
9424,Kadapa,1,0.537313433
9425,Xinyi,1,0.256097561
9426,Sattur,1,0.260869565
9427,Linjiang,1,0.464285714
9428,Rayachoti,1,0.258064516
9429,Huazhou,1,0.161111111
9430,Tirumangalam,2,0.588235294
9432,Virudhunagar,1,0.558823529
9433,Xinning,1,0.25974026
9434,Makhdumnagar,1,0.6
9435,Rushan,1,0.160377358
9436,Cumbum,0,0.0
9437,Linwu,1,0.323529412
9438,Jalalpur,1,0.777777778
9439,Wuxue,1,0.256830601
9440,Porumamilla,0,0.0
9441,Yongxing,1,0.214285714
9442,Dongargarh,1,0.642857143
9443,Ji'an,1,0.428571429
9444,Madurai,1,0.541237113
9445,Gaozhou,1,0.203883495
9446,Shahganj,1,0.88
9447,Chaling,1,0.163461538
9448,UNNAMED,1,0.833333333
9449,Yunan,1,0.37037037
9450,Khalilabad,1,0.578125
9451,Changqi,1,0.217391304
9452,Markapur,1,0.4
9453,Siyang,1,0.153203343
9454,Suryapet,1,0.369565217
9455,Lianzhou,1,0.157024793
9456,Miryalaguda,1,0.45
9457,Dingyuan,1,0.152284264
9458,Macherla,1,0.571428571
9459,Hefei,1,0.232361963
9460,Jolarpet,1,0.303370787
9461,Xuwen County,1,0.194029851
9462,Harur,0,0.0
9463,Wanzai,1,0.205479452
9464,Gopiganj,1,1.0
9466,Vaniyambadi,1,0.328125
9467,Guanyun,1,0.129963899
9468,Uthangarai,0,0.0
9469,Chenzhou,1,0.236842105
9470,Aruppukkottai,1,0.580645161
9471,Maoming,3,0.260550459
9472,Musiri,0,0.0
9473,Sanya,2,0.275568182
9474,Palamaneru,0,0.0
9475,Wendeng,1,0.16066482
9476,UNNAMED,0,0.0
9477,Shucheng,1,0.147540984
9478,Narsampet,1,0.466666667
9479,Wuchuan,2,0.353932584
9480,Jaunpur,1,0.556818182
9482,Pernampattu,1,0.714285714
9483,Jinjiang,1,0.25
9484,Nautanwa,1,0.526315789
9485,Huangmei,1,0.152380952
9486,Anand Nagar,1,1.0
9487,Yichun,1,0.269326683
9488,Mariahu,0,0.0
9489,Antu,1,0.303030303
9490,Ambur,1,0.415730337
9491,招信镇,1,0.492307692
9492,Bhadohi,1,0.415254237
9493,Ruichang,1,0.243902439
9494,Kawardha,1,0.333333333
9496,Campierganj,1,0.625
9497,Yifeng,0,0.0
9498,Thoothukudi,1,0.284023669
9499,Zixing,1,0.483333333
9500,Gorakhpur,2,0.387351779
9501,Yizhang,1,0.107843137
9502,Mirzapur,1,0.5
9503,Taihu,1,0.234567901
9504,Pileru,0,0.0
9507,Susong,1,0.268817204
9508,Attur,1,0.181818182
9509,Huaiji,1,0.0875
9510,Manapparai,1,0.458333333
9511,Haikou,2,0.312410842
9512,UNNAMED,1,1.0
9513,Luoding,1,0.201342282
9514,Tiruchchendur,0,0.0
9515,Deqing,1,0.148760331
9516,UNNAMED,1,0.916666667
9518,Pandaria,0,0.0
9519,Shayuan,1,0.219298246
9520,Rajnandgaon,1,0.366197183
9521,Guannan,1,0.160714286
9522,Gudiyatham,1,0.285714286
9523,Qianshan,1,0.116883117
9524,Rajampet,1,0.777777778
9525,Huai'an,3,0.337557604
9526,Mahabubabad,1,0.47826087
9527,Tunchang,1,0.162162162
9528,Thuraiyur,1,0.275862069
9530,Pamuru,0,0.0
9531,Jiujiang,3,0.229390681
9532,Maharajganj,1,0.757575758
9533,Xuyi,1,0.2
9534,Huzurnagar,0,0.0
9535,Shanggao,1,0.226190476
9536,Kanigiri,0,0.0
9537,Tongcheng,1,0.183673469
9538,Kadam Tola,0,0.0
9539,Fenyi,1,0.15
9540,Chittoor,1,0.137254902
9541,阳山县,1,0.282608696
9542,Ponnamaravati,0,0.0
9543,Xiangshui,1,0.236363636
9544,Tiruchirappalli,1,0.366336634
9545,Dingan,0,0.0
9546,Sivaganga,1,0.875
9547,Rongcheng,1,0.2
9548,Podili,0,0.0
9549,Lianshui,1,0.163636364
9550,Kodada,1,0.259259259
9551,De'an,1,0.237288136
9552,Bansgaon,1,1.0
9553,Huaining,1,0.152380952
9554,Vinukonda,1,0.5
9555,Bohe,1,0.304347826
9556,Darsi,0,0.0
9557,Suifenhe,1,0.357142857
9558,Manachanallur,0,0.0
9559,Fengxin,1,0.321428571
9560,Azamgarh,1,0.729508197
9562,Varanasi,3,0.289343684
9564,Durg,1,0.52265861
9565,Lujiang,1,0.130952381
9566,Partawal,0,0.0
9567,Gongqingcheng,1,0.263157895
9568,Piduguralla,1,0.212121212
9569,Diancheng,2,0.17699115
9570,Vellore,2,0.334004024
9571,Anyi,1,0.196721311
9572,Sankarapuram,0,0.0
9573,Wangqing,1,0.481481481
9574,Chinnasalem,0,0.0
9575,Yunfu,1,0.125
9576,Gola Bazar,1,0.65
9577,Anfu,1,0.130952381
9578,Khammam,1,0.425742574
9579,Lingshui,1,0.25974026
9580,Kodur,0,0.0
9581,Hukou,1,0.152941176
9582,Bemetara,1,0.5625
9583,Xinyu,1,0.3375
9584,Balod,1,0.409090909
9585,Lushan,1,0.268292683
9586,Siswa Bazar,1,1.0
9587,Guangning,1,0.188679245
9588,Perambalur,1,0.209677419
9589,Gaoan,1,0.255506608
9590,Paramakkudi,1,0.8
9591,Yongxiu,1,0.181818182
9592,Mubarakpur,1,0.944444444
9593,Yangchun,1,0.393939394
9594,Mungeli,1,0.391304348
9595,Chuzhou,1,0.24382716
9596,Kallakkurichi,1,0.211267606
9597,Lechang,1,0.666666667
9598,Tiruvannamalai,1,0.278195489
9599,Qionghai,1,0.133333333
9600,Jianpur,1,0.75
9601,Yanji,1,0.278688525
9602,Polur,1,0.25
9603,Binhai,1,0.100864553
9604,Murera,1,0.785714286
9605,Wangjiang,1,0.133858268
9606,Yellandu,1,0.75
9607,Yangxi,1,0.253164557
9608,Tirupati,1,0.333333333
9609,Chaohu,1,0.194029851
9610,Pudukkottai,1,0.489795918
9611,Wanning,1,0.217054264
9613,Helong,1,0.274193548
9614,Nibua Raiganj,3,0.166253102
9615,Jinhu,1,0.425
9616,Muhammadabad,1,0.935483871
9617,Anqing,1,0.17721519
9618,Manendragarh,1,0.5625
9619,Quanjiao,1,0.285714286
9620,Raipur,3,0.402777778
9621,Zongyang,1,0.247191011
9622,Dohrighat,1,0.555555556
9623,Wenchengzhen,1,0.164556962
9624,Chiraiyakot,0,0.0
9625,Xinxing,1,0.256410256
9627,Baoying,1,0.183098592
9628,Waidhan,1,0.521428571
9629,Nanchang,2,0.269311065
9630,Narasaraopet,1,0.441176471
9631,Zhaoqing,3,0.236625514
9632,Arni,1,0.46
9633,Funing,1,0.166007905
9634,Rudarpur,1,0.888888889
9635,Longjing,1,0.206896552
9636,Singrauli,1,0.321428571
9637,益林镇,1,0.227848101
9638,Addanki,0,0.0
9639,Hanshan,1,0.157303371
9640,Pudhuvayal,0,0.0
9642,Devakottai,1,0.416666667
9643,Yangjiang,2,0.26519337
9644,Kushinagar,3,0.100244499
9645,Wuwei,1,0.170212766
9646,UNNAMED,0,0.0
9647,Tumen,1,0.4
9648,Sattenapalle,1,0.5625
9649,Zhangshu,1,0.295238095
9650,Tirukkovilur,1,0.411764706
9651,Shaoguan,3,0.21978022
9652,Venkatagiri,1,0.8
9653,Tianchang,1,0.19047619
9657,Qingyuan,1,0.255434783
9658,Ariyalur,1,0.176470588
9660,Ghosi,1,0.620689655
9662,Kandukur,1,0.857142857
9663,Dongzhi,1,0.230769231
9664,Kilakkarai,0,0.0
9665,拖船镇,3,0.223048327
9666,Ramanathapuram,1,0.583333333
9667,Ji'an,2,0.261061947
9668,Sakhaldia,0,0.0
9669,Chizhou,1,0.234482759
9670,Anpara,1,0.558139535
9671,Xingan,1,0.127272727
9672,Ongole,1,0.356164384
9673,Jianhu,1,0.168091168
9674,Deoria,1,0.818181818
9676,Chilakaluripet,1,0.375
9678,Bagaha,1,0.6
9679,Pukou,1,0.30548926
9681,Suichuan,1,0.275
9682,Kopaganj,1,0.857142857
9684,Mau,1,0.676470588
9685,Taihe,1,0.141509434
9686,Tilda Neora,1,0.642857143
9687,Hexian,1,0.133333333
9688,Nagari,1,0.428571429
9690,Dhamtari,1,0.462962963
9691,Jishui,1,0.151515152
9692,Barhaj,1,0.5
9694,Thanjavur,1,0.412587413
9695,Enping,1,0.221311475
9696,Sri Kalahasti,1,0.261904762
9697,Tongling,1,0.135483871
9698,UNNAMED,0,0.0
9699,Yingde,1,0.170542636
9700,Kothagudem,1,0.325581395
9701,Nanjing,2,0.37122778
9702,Robertsganj,1,0.625
9703,Ma'anshan,3,0.301136364
9704,Chakia,1,0.368421053
9705,Sheyang,1,0.141732283
9706,Obra,1,0.607843137
9707,Wan'an,1,0.25
9708,Bhatpara,1,0.451612903
9710,Bilaspur,1,0.277591973
9711,Guangzhou,9,0.485837299
9715,Guangzhou,4,0.417015342
9716,Guangzhou,1,0.725403818
9718,Guangzhou,3,0.537428804
9719,Guangzhou,1,0.555314534
9721,Guangzhou,2,0.648370497
9724,Guangzhou,1,0.834008097
9725,Guangzhou,4,0.61411316
9726,Chellayapalem,0,0.0
9728,Gingee,1,0.272727273
9729,Gaoyou,1,0.279761905
9730,Chopan,0,0.0
9731,Wuhu,2,0.322535211
9732,Guntur,1,0.320833333
9734,Kavali,1,0.5625
9735,Yongfeng,1,0.175438596
9736,Tiruttani,1,0.266666667
9738,Tondi,0,0.0
9739,Qingyang,0,0.0
9740,Palwancha,1,0.338028169
9741,花都区,3,0.439114391
9742,Vriddhachalam,1,0.625
9743,Yancheng,1,0.243184297
9744,Kanker,0,0.0
9745,Dongshan,1,0.25
9746,Gudur,1,0.588235294
9747,Kaiping,3,0.196850394
9748,Tiruvethipuram,1,0.48
9749,Yizhen,1,0.21969697
9750,Lauiyah Nandangarh,3,0.238244514
9751,Shixing,1,0.413793103
9752,UNNAMED,0,0.0
9753,Fanchang,1,0.147727273
9754,Ghazipur,1,0.755813953
9755,Jinxian,1,0.144508671
9756,Nellore,1,0.471794872
9757,Poyang,1,0.356321839
9758,Arakkonam,1,0.542857143
9759,Dayu,1,0.088495575
9760,Tiruvuru,0,0.0
9762,Belthara Road,1,0.272727273
9764,Viluppuram,1,0.330357143
9765,Fogang,1,0.106060606
9766,Salempur,1,0.56097561
9767,Hunchun,1,0.307692308
9768,Renukut,1,0.484848485
9769,Yangzhou,3,0.236951983
9770,Chirala,1,0.326086957
9771,Xinghua,1,0.238754325
9772,Vandavasi,1,0.526315789
9773,Nanxiong,1,0.139344262
9774,Rajim,1,0.140350877
9775,Taishan,1,0.151020408
9776,Kumbakonam,1,0.349206349
9778,Ramnagar,1,0.476190476
9780,Kanchipuram,1,0.32173913
9781,Yugan,1,0.336633663
9782,Kuchai Kot,6,0.332928311
9784,Neyveli,2,0.223684211
9785,Chongren,1,0.265306122
9786,Panruti,1,0.431818182
9787,Conghua,2,0.124390244
9788,UNNAMED,1,0.636363636
9789,Nanling,1,0.108571429
9790,Bhadrachalam,0,0.0
9791,Le'an,1,0.315789474
9792,Madavaram,0,0.0
9793,Ganzhou,2,0.276315789
9794,Vijayawada,2,0.420382166
9795,Jingdezhen,1,0.244389027
9797,Nankang,1,0.43575419
9798,UNNAMED,1,1.0
9800,Muhammadabad,1,0.226190476
9801,Jurong,1,0.136
9802,Tindivanam,1,0.382978723
9804,Rasra,1,0.68
9805,Zhenjiang,2,0.317280453
9806,Bapatla,1,0.590909091
9807,Wuhu,1,0.23364486
9808,Sathupally,1,0.555555556
9810,Ramgarh,0,0.0
9811,Lishui,1,0.124113475
9812,Ponnur,1,0.578947368
9814,Kurinjippadi,1,0.916666667
9815,Fuzhou,1,0.273381295
9816,Mannargudi,1,0.558823529
9817,Wengyuan,1,0.125
9818,Adirampattinam,1,0.625
9820,Narkatiaganj,1,0.666666667
9821,Gaochun,1,0.26035503
9822,Lalpet,1,0.916666667
9823,Xingguo,1,0.263157895
9824,Mohania,1,0.538461538
9825,Dongxian,1,0.197183099
9826,Thiruvallur,1,0.415584416
9827,Zhongxin,1,0.161971831
9828,Tenali,1,0.375
9829,Leping,1,0.168965517
9830,Nellikkuppam,0,0.0
9831,Taizhou,2,0.211072664
9832,Mahasamund,1,0.3
9833,Dafeng,1,0.215469613
9834,Puducherry,2,0.328467153
9835,Jingxian,1,0.185714286
9836,Bhabua,1,0.46875
9837,戴南镇,1,0.227642276
9838,Sikandarpur,1,0.588235294
9839,Zhongshan,1,0.433275563
9840,Rameswaram,1,0.5
9841,Yihuang,1,0.173076923
9842,Nuzvid,1,0.666666667
9843,Xinfeng,1,0.099447514
9844,Chausa,0,0.0
9845,Danyang,1,0.139293139
9846,Mayiladuthurai,1,0.923076923
9847,Chengxiang,1,0.875
9848,Kondagaon,1,0.279069767
9849,Wannian,1,0.320754717
9850,Chennai,2,0.514009662
9852,Cuddalore,1,0.6
9853,Qianjin Committee,1,0.182926829
9854,Malapalli,0,0.0
9855,Xuancheng,1,0.201465201
9856,Chidambaram,1,0.480769231
9858,Buxar,1,0.236842105
9860,Gummidipundi,1,0.372093023
9861,Dongtai,1,0.291666667
9862,Thiruvarur,1,0.511111111
9863,Xinfeng,1,0.324324324
9864,Bettiah,2,0.339393939
9865,Yangzhong,2,0.125
9866,Mirganj,3,0.612068966
9867,尖锋村,2,0.220064725
9870,Korba,1,0.355072464
9871,Zhuhai,2,0.32392638
9872,Sirkazhi,1,0.722222222
9874,Vuyyuru,1,0.5
9875,于都县,1,0.162790698
9876,Ballia,1,0.424390244
9877,Longnan,1,0.294871795
9878,Gopalganj,1,0.533333333
9879,Xinqiao,1,0.172839506
9880,Champa,2,0.214285714
9881,Lianping,1,0.224489796
9883,Jintan,1,0.127403846
9884,Siwan,1,0.5
9885,Jinxi,1,0.333333333
9886,Repalle,1,0.846153846
9887,Longmen,1,0.181818182
9888,Bansdih,1,1.0
9889,Taixing,3,0.191452991
9890,Eluru,1,0.369369369
9891,Yingtan,2,0.216666667
9892,Gudivada,1,0.416666667
9893,Liyang,1,0.172413793
9894,Karaikal,1,0.396825397
9895,Dexing,1,0.233333333
9896,Manjha,1,0.463235294
9897,Nancheng,1,0.177083333
9898,Hasanpura,1,1.0
9900,Nagapattinam,1,0.194552529
9902,Dumraon,1,0.416666667
9904,Ambikapur,1,0.524590164
9905,Ningdu,1,0.202247191
9906,Kalpakkam,0,0.0
9907,Haian,1,0.265100671
9908,Sagauli,2,0.52173913
9910,Birgunj,1,1.0
9911,Nanfeng,1,0.172043011
9912,Madhobani,1,0.636363636
9913,Lishi,1,0.5
9914,Pithora,0,0.0
9916,Jangareddygudem,1,0.5
9917,Changzhou,2,0.439575033
9918,Sasaram,1,0.351351351
9919,Ningguo,1,0.438095238
9920,Maharajganj,1,1.0
9921,Guangchang,1,0.303030303
9922,Machilipatnam,1,0.313432836
9923,Huangshan,1,0.303030303
9925,Shexian,1,0.224489796
9926,Bikramganj,1,0.272727273
9927,Heping,1,0.2
9928,Garhwa,1,0.875
9930,Tilouthu,1,0.625
9931,Yiyang,1,0.142857143
9932,Jagdalpur,2,0.324786325
9933,Rugao,1,0.15
9934,Motihari,1,0.72
9935,Anyuan,1,0.461538462
9938,Umerkot,1,0.583333333
9939,Jiangyin,3,0.340136054
9940,Dehri,1,0.448717949
9941,Heyuan,1,0.31
9942,Piprakothi,4,0.288888889
9943,和桥镇,1,0.021505376
9944,Jagdispur,1,0.647058824
9945,Hongxingcun,1,0.347826087
9946,Baruraj,0,0.0
9947,Huizhou,3,0.242299795
9949,Guangde,1,0.164179104
9951,Hengfeng,1,0.209677419
9952,Piro,1,0.5625
9953,Yixing,2,0.260416667
9954,Ghorasahan,0,0.0
9955,会昌县,1,0.31372549
9956,Tadepallegudem,1,0.265060241
9957,Lichuan,1,0.263157895
9959,Ruijin,1,0.127358491
9960,Chhapra,2,0.573529412
9962,Bhimavaram,1,0.247706422
9963,Suzhou,14,0.428599684
9964,Daudnagar,1,0.727272727
9965,Shicheng,1,0.384615385
9966,UNNAMED,2,0.791666667
9968,Arrah,2,0.532258065
9969,Zhangjiagang,2,0.531380753
9970,Dhaka,1,1.0
9972,Obra,0,0.0
9974,Aurangabad,1,0.277777778
9975,惠阳区,1,0.262759924
9976,Nidadavolu,1,0.3125
9977,Xunwu,1,0.25
9978,Bairgania,1,0.914285714
9980,Medininagar,1,0.695652174
9981,Shangrao,1,0.216517857
9982,UNNAMED,0,0.0
9983,Longchuan,1,0.204301075
9986,Tanuku,1,0.380952381
9987,Nantong,1,0.440997977
9988,Rajamahendravaram,1,0.454545455
9989,惠东县,1,0.127027027
9990,Raigarh,2,0.253731343
9991,Changxing,1,0.196202532
9992,Narasapuram,1,0.381818182
9993,Anji,1,0.227074236
9994,Sheohar,1,0.611111111
9996,Bihta,1,0.459459459
9997,Changting,1,0.24
9998,Palakollu,1,0.408163265
9999,Yushan,1,0.166666667
10001,Ninghua,1,0.239130435
10002,UNNAMED,1,0.52
10004,Ravulapalem,1,0.25
10007,Muzaffarpur,3,0.611916264
10008,Guangfeng,1,0.155893536
10009,Rafiganj,1,0.705882353
10010,Zijin,1,0.315789474
10011,Mandapeta,1,0.204081633
10012,Rudong,1,0.261437908
10013,Sitamarhi,2,0.625730994
10014,Chun'an,1,0.141509434
10015,UNNAMED,1,1.0
10017,Patna,2,0.819620253
10018,Wuping,1,0.240740741
10019,Jeypore,1,0.27027027
10020,Changshu,2,0.3671875
10021,Yeleswaram,1,0.5625
10022,Shaowu,1,0.266666667
10023,UNNAMED,1,0.714285714
10024,Huzhou,2,0.238709677
10025,Ramachandrapuram,1,0.4375
10029,Masaurhi,1,0.9
10030,Jilong,1,0.127659574
10031,Hajipur,1,0.888888889
10033,Jehanabad,1,0.833333333
10034,平远县,1,0.125
10035,Amalapuram,1,0.307692308
10036,Huacheng,1,0.137931034
10038,分水镇,1,0.214285714
10039,Samarlakota,2,0.442622951
10041,Tengar,0,0.0
10042,Lin'an,1,0.179723502
10044,Xingning,1,0.295373665
10045,Titlagarh,1,0.470588235
10046,Huangbu,1,0.461538462
10047,Sursand,1,0.787878788
10048,Deqing,1,0.393258427
10049,Dobhi,1,0.125
10050,Jiangshan,1,0.163461538
10051,Koraput,0,0.0
10052,Quzhou,1,0.384615385
10053,Pithapuram,1,0.323529412
10055,Kakinada,1,0.4
10056,"Wuyishan, Fujian",1,0.179487179
10057,Bhogapuram,0,0.0
10058,Haimen,1,0.327044025
10059,Pupri,1,0.8
10060,Jiande,1,0.176056338
10061,Mahua,1,1.0
10062,‎Jiaolin,1,0.209090909
10063,UNNAMED,1,1.0
10064,Shanghang,1,0.153846154
10065,Gaya,1,0.611702128
10066,Wuhua,1,0.213483146
10067,Chandrapur,1,0.295081967
10068,Nanxun,1,0.185770751
10069,Yanam,1,0.523809524
10071,Fatwah,1,0.724137931
10072,Meilong Town,1,0.296296296
10073,Bhawanipatna,1,0.615384615
10074,新登镇,1,0.175438596
10076,Anliu,1,0.1375
10077,Shahpur Paton,1,0.875
10078,Hangzhou,9,0.360595598
10079,Sunabeda,1,0.866666667
10080,Meizhou,1,0.194304858
10081,Balangir,1,0.431372549
10082,海丰县,1,0.222826087
10083,Islampur,1,0.647058824
10084,Shaxi,1,0.157068063
10085,Sundargarh,1,0.387096774
10086,Tonglu,1,0.206060606
10087,Brajarajnagar,1,0.548387097
10088,Gongping,1,0.380952381
10089,Chatra,1,0.6
10090,Fuyang,1,0.24173028
10091,Narsipatnam,1,0.555555556
10092,Shanwei,1,0.25
10093,Tuni,1,0.586206897
10094,Lvsigang,1,0.177865613
10095,Jharsuguda,1,0.26984127
10097,Shanghai,10,0.57247363
10101,Darbhanga,3,0.540178571
10103,Lohardaga,1,0.542857143
10104,陆河县,1,0.338709677
10105,Gumla,1,0.362068966
10106,Jianyang,1,0.195652174
10107,Samastipur,1,0.81981982
10108,Lanxi,1,0.17114094
10109,Sambalpur,1,0.326923077
10110,Lili,1,0.45412844
10111,Keotiranway,2,0.728571429
10113,Rajgir,1,0.236842105
10115,Jaynagar,1,0.586206897
10116,Pucheng,1,0.113636364
10117,Bihar Sharif,1,0.482352941
10118,Jiaxing,5,0.308910891
10119,Madhubani,2,0.546666667
10120,揭西县,1,0.111111111
10121,Hisua,1,0.666666667
10122,Lufeng,1,0.182741117
10123,Komatlapeta,0,0.0
10125,Nawada,1,0.547169811
10126,Chongming,1,0.181818182
10127,Rayagada,1,0.583333333
10128,Yong'an,1,0.175182482
10129,Anakapalle,1,0.288135593
10130,Fengshun,1,0.208092486
10131,Jhajharr,1,0.75
10132,Qidong,1,0.154666667
10133,Bar Bigha,1,1.0
10134,Sanming,1,0.173652695
10135,Warisaliganj,1,0.625
10136,Jinhua,1,0.317907445
10137,Rusera,1,1.0
10138,UNNAMED,1,0.25
10139,Bobbili,1,0.444444444
10142,Visakhapatnam,4,0.541760722
10143,Haining,1,0.316091954
10144,UNNAMED,2,0.577777778
10145,Pujiang,2,0.148734177
10146,Parvathipuram,1,0.529411765
10147,Longyan,1,0.162921348
10148,Mokama,1,0.444444444
10149,Shaxian,1,0.206521739
10150,Bhagwanpur,1,0.03125
10151,Suichang,0,0.0
10152,Begusarai,3,0.771084337
10153,Jieyang,9,0.400033772
10154,Hazaribagh,1,0.505747126
10155,Zhuji,1,0.209345794
10156,Shaikhpura,1,0.68
10157,Diankou,1,0.37037037
10158,Jhumri Tilaiya,1,0.842105263
10159,Jieshi,1,0.196721311
10161,Jian'ou,1,0.193548387
10162,Vizianagaram,1,0.350515464
10164,Barhiya,1,0.317073171
10165,Pinghu,2,0.242424242
10166,Rourkela,1,0.3187251
10167,Dapu,1,0.196078431
10168,Ranchi,1,0.435729847
10169,Kuitan,1,0.148148148
10170,Endada,1,0.424242424
10172,UNNAMED,0,0.0
10174,Phulbani,1,0.538461538
10175,Nanping,1,0.158536585
10176,Nirmali,1,1.0
10177,Haiyan,3,0.198492462
10178,Bakhri,1,1.0
10179,Longquan,1,0.155737705
10180,Matihani,1,1.0
10181,Yiwu,6,0.254658385
10182,Lakhisarai,2,0.4
10184,Chipurupalle,0,0.0
10185,Fengqiao,1,0.274193548
10186,Gunupur,0,0.0
10187,Jiazi,1,0.375
10188,Rajam,1,0.481481481
10190,Ramgarh,1,0.61038961
10192,Supaul,1,0.632653061
10193,Zhangping,1,0.171052632
10194,UNNAMED,1,0.764705882
10195,Songyang,1,0.256410256
10196,Saharsa,1,0.676056338
10198,Khagaria,1,0.875
10200,Bagodar,0,0.0
10202,Jamui,1,1.0
10204,Ganpatganj,2,0.308943089
10205,惠来县,2,0.247491639
10207,Munger,1,0.873417722
10209,Srikakulam,1,0.362318841
10212,Raoyang,1,0.190909091
10214,Yongkang,6,0.24877451
10215,Bundu,1,0.875
10217,Madhepura,1,0.967741935
10218,Youxi,1,0.163934426
10219,Mansa Nagar,3,0.347560976
10220,Cixi,7,0.322041763
10221,Paralakhemundi,1,0.8
10223,Bhanjanagar,1,0.75
10224,华兴乡,0,0.0
10225,Barbil,1,0.352941176
10227,UNNAMED,0,0.0
10229,Chakradharpur,1,0.619047619
10231,Sultanganj,1,0.677419355
10232,Yunhe,1,0.214285714
10233,Giridih,1,0.666666667
10234,京陇村,1,0.285714286
10235,Tekkali,1,0.8
10236,Heyang,0,0.0
10237,Bokaro,1,0.4092827
10238,Nanjing,1,0.357142857
10239,Biratnagar,1,0.857142857
10240,Lishui,1,0.211956522
10241,Forbesganj,1,0.461538462
10242,Pinghe,1,0.171641791
10243,Dhanbad,2,0.369536424
10245,Angul,1,0.32
10247,Akbarnagar,0,0.0
10249,Raniganj,1,0.138888889
10250,Jinyun,1,0.25
10251,Palasa-Kasibugga,1,0.529411765
10253,Barhara Kothi,0,0.0
10254,Shengzhou,2,0.259615385
10255,Banmankhi,1,0.842105263
10256,壶镇镇,1,0.171428571
10257,Talcher,1,0.223404255
10258,Gutian,1,0.213114754
10259,Chaibasa,1,0.846153846
10261,Bhagalpur,1,0.462264151
10262,Zhangzhou,1,0.318181818
10263,UNNAMED,1,1.0
10265,Amarpur,1,0.888888889
10266,Dehua,2,0.201754386
10267,Naugachia,1,0.928571429
10268,Yunxiao,1,0.18018018
10269,Deoghar,1,0.786885246
10270,Yongchun,1,0.140776699
10271,Ichchapuram,0,0.0
10273,UNNAMED,1,0.333333333
10275,Brahmapur,1,0.339622642
10276,Taishun,1,0.243243243
10277,Araria,1,0.730769231
10278,Zhangpu,1,0.221153846
10279,Madhupur,1,0.842105263
10280,Anxi,2,0.248366013
10281,Kendujhargarh,1,0.285714286
10282,Ningbo,5,0.408953418
10283,UNNAMED,0,0.0
10284,Xikou,1,0.171428571
10285,Jamshedpur,1,0.60754717
10286,Xiamen,7,0.396592244
10287,Nayagarh,1,0.823529412
10288,XianJu,1,0.232
10289,Bhojudih,1,1.0
10290,Jiudongshan,0,0.0
10291,UNNAMED,0,0.0
10292,Jiuzhen,0,0.0
10293,Sindri,1,0.875
10294,Fenghua,1,0.181395349
10295,Santaldih,0,0.0
10296,Tiantai,1,0.211180124
10297,Puruliya,1,0.46
10298,Qingtian,2,0.13372093
10299,Jalalgarh,0,0.0
10301,Bausi,0,0.0
10302,Wencheng,1,0.242424242
10303,Purnia,1,0.746666667
10304,Fu'an,1,0.409090909
10305,Kahalgaon,1,0.882352941
10307,Chhatrapur,1,0.409090909
10309,Kasba,0,0.0
10310,Xianyou,1,0.26
10313,Asansol,5,0.394865526
10315,Bahadurganj,1,0.875
10317,Jamtara,0,0.0
10319,Godda,1,0.666666667
10320,赛岐镇,1,0.191919192
10321,Karanjia,0,0.0
10323,Pirpainti,0,0.0
10324,Ningde,1,0.210810811
10325,Pirpainti,1,0.615384615
10327,Dhenkanal,1,0.5
10328,Fuzhou,7,0.314643799
10330,Darjeeling,1,1.0
10331,Quanzhou,15,0.430006277
10332,Katihar,1,0.837209302
10333,Ninghai,1,0.17167382
10334,Adra,0,0.0
10335,Linhai,1,0.151436031
10336,Kishanganj,1,0.396551724
10337,Daishan,1,0.175572519
10338,Bhuban,0,0.0
10339,Wenzhou,4,0.396466431
10340,Gangtok,1,0.411764706
10341,Sanmen,1,0.142857143
10342,Siliguri,1,0.371257485
10343,Luoyuan,1,0.218181818
10344,Sahibganj,1,1.0
10345,Yongjia,0,0.0
10346,Dumka,1,0.6875
10347,Shuitou,1,0.269230769
10348,Jatani Town,1,0.8125
10349,Zhoushan,3,0.313993174
10350,Cuttack,2,0.371179039
10352,Islampur,1,0.461538462
10353,Putian,3,0.422264875
10354,Bhubaneshwar,1,0.514950166
10357,Fuding,1,0.147826087
10360,Bankura,1,0.336842105
10362,UNNAMED,1,0.392857143
10363,Xiapu,1,0.144444444
10364,Raiganj,1,0.518072289
10365,Lianjiang,1,0.201754386
10366,Puri,1,0.421052632
10368,Mal Bazaar,1,0.666666667
10371,龙港市,5,0.295774648
10373,Jalpaiguri,1,0.403361345
10374,Yueqing,2,0.435430464
10375,Durgapur,2,0.568421053
10377,Siuri,1,0.269230769
10379,Jajpur,1,0.736842105
10380,Xiangshan,1,0.18125
10381,Baripada,1,0.533333333
10382,Fuqing,2,0.258687259
10383,Jagatsinghpur,1,0.625
10385,Kaliyaganj,1,0.8
10387,UNNAMED,0,0.0
10388,Dajing,1,0.19047619
10389,Dhulian,2,0.738562092
10391,Jhargram,1,0.733333333
10392,Taizhou,7,0.357774968
10393,Bhadrak,1,0.350649351
10397,Malda,2,0.542372881
10398,龙田镇,2,0.295964126
10399,Sujapur,1,0.203125
10401,Bishnupur,1,0.34375
10402,Shipu,1,0.284210526
10405,Sonamukhi,0,0.0
10407,Rampur Hat,1,0.423076923
10409,Kendrapara,1,0.348837209
10411,Dhupguri,3,0.140468227
10412,Yuhuan,3,0.419475655
10413,Bolpur,1,0.396825397
10414,Dongtou,1,0.458333333
10416,松门镇,1,0.25
10418,石塘镇,1,0.75
10419,Jangipur,2,0.524590164
10420,Pingtan,1,0.069444444
10421,Chandrakona Road,1,0.333333333
10422,Balasore,1,0.558139535
10423,Kharagpur,1,0.433333333
10424,Medinipur,1,0.368421053
10425,Falakata,1,0.367346939
10426,Kandi,1,0.586206897
10428,Jaigaon,1,0.5
10429,Matabhanga,1,0.392857143
10430,Bardhaman,1,0.32173913
10432,Berhampore,3,0.423887588
10434,UNNAMED,1,1.0
10435,UNNAMED,0,0.0
10436,Balurghat,1,0.25
10437,Ghatal,1,0.484848485
10439,Katwa,1,0.43902439
10440,Cooch Behar,2,0.36744186
10441,Tamluk,4,0.72
10443,Notun Digha,1,0.201923077
10444,UNNAMED,1,0.285714286
10445,Alipurduar,1,0.366197183
10446,UNNAMED,0,0.0
10447,Dinhata,1,0.631578947
10449,UNNAMED,0,0.0
10450,Bethuadahari,1,0.45
10451,Contai,1,0.331325301
10452,Kolkata,12,0.584605321
10453,Kolkata,5,0.431643625
10454,Nabadwip,2,0.55
10456,Tufanganj,1,0.224137931
10457,Karimpur,1,0.56
10458,Kalna,1,0.453125
10459,Pandua,1,0.472222222
10461,Krishnanagar,2,0.607142857
10462,Shantipur,1,0.243243243
10463,Chapra,1,0.888888889
10465,Badkulla,1,0.619047619
10467,Gossaigaon,1,0.428571429
10468,Haldia,1,0.554455446
10469,Ranaghat,2,0.525
10472,Dhubri,1,0.386934673
10474,Kakdwip,1,0.28125
10475,Jaynagar Majilpur,2,0.455197133
10476,Habra,1,0.301886792
10478,Bilasipara,1,0.370860927
10479,Mankachar,2,0.733333333
10481,Bangaon,1,0.267857143
10484,Canning,2,0.378016086
10488,Basirhat,2,0.663793103
10489,Bongaigaon,1,0.258741259
10491,Tura,1,0.311111111
10492,UNNAMED,1,0.708333333
10493,Nalbari,1,0.411764706
10495,Nongstoin,0,0.0
10496,Guwahati,2,0.426103647
10498,Kharupetia,2,0.14354067
10499,Shillong,1,0.46728972
10500,Dhing,3,0.393835616
10501,Marigaon,1,0.3
10502,Agartala,1,0.362676056
10503,Bisalgarh,0,0.0
10505,Tezpur,1,0.225409836
10509,Jowai,1,0.571428571
10511,Udaipur,1,0.300813008
10513,Bishwanath Charaili,1,0.292307692
10514,Zakiganj,1,0.252747253
10515,Hojai,1,0.433962264
10516,Dharmanagar,1,0.285714286
10517,Badarpur,1,0.227272727
10518,Hailakandi,1,0.305555556
10519,Lumding,1,0.535714286
10520,Silchar,1,0.304147465
10521,North Lakhimpur,1,0.425925926
10522,Diphu,1,0.405405405
10523,Kolasib,1,0.416666667
10524,Golaghat,1,0.388888889
10525,Dimapur,1,0.433497537
10526,Jorhat,1,0.258706468
10527,Aizawl,1,0.490909091
10528,Dibrugarh,1,0.292682927
10529,Wokha,1,0.4
10530,Nazira,1,0.266666667
10531,Mokokchung,1,0.235294118
10532,Senapati,1,0.34375
10533,Imphal,3,0.354679803
10534,LAMKA,1,0.423728814
10535,Sonari,0,0.0
10536,Tinsukia,1,0.170886076
10538,Duliajan,1,0.25
10540,Ukhrul,1,0.5
10541,Digboi,1,0.306122449
10542,Port Blair,1,0.564356436
