table,field,unique_ids_with_nonnull_value,conflicting_id_count,rows,null_count,blank_text_count,text_count,finite_numeric_count,nonfinite_numeric_count,zero_count,negative_count,minimum,maximum
GHSL_UCDB_THEME_CLIMATE_GLOBE_R2024A,ID_UC_G0,11422,0,11422,0,0,0,11422,0,0,0,1,11686
GHSL_UCDB_THEME_CLIMATE_GLOBE_R2024A,GC_UCN_MAI_2025,11408,0,11422,14,0,11408,0,0,0,0,,
GHSL_UCDB_THEME_CLIMATE_GLOBE_R2024A,GC_CNT_GAD_2025,11422,0,11422,0,0,11422,0,0,0,0,,
GHSL_UCDB_THEME_CLIMATE_GLOBE_R2024A,GC_UCA_KM2_2025,11422,0,11422,0,0,0,11422,0,0,0,1,6611
GHSL_UCDB_THEME_CLIMATE_GLOBE_R2024A,GC_POP_TOT_2025,11422,0,11422,0,0,0,11422,0,0,0,50007.75,42987704.03
GHSL_UCDB_THEME_CLIMATE_GLOBE_R2024A,GC_DEV_WIG_2025,11413,0,11422,9,0,11413,0,0,0,0,,
GHSL_UCDB_THEME_CLIMATE_GLOBE_R2024A,GC_DEV_USR_2025,11422,0,11422,0,0,11422,0,0,0,0,,
GHSL_UCDB_THEME_CLIMATE_GLOBE_R2024A,CL_B01_CUR_1970,11422,0,11422,0,0,0,11422,0,0,46,-10.689,30.183
GHSL_UCDB_THEME_CLIMATE_GLOBE_R2024A,CL_B01_CUR_1980,11422,0,11422,0,0,0,11422,0,0,41,-9.136,29.867
GHSL_UCDB_THEME_CLIMATE_GLOBE_R2024A,CL_B01_CUR_1990,11422,0,11422,0,0,0,11422,0,0,29,-8.313,30.162
GHSL_UCDB_THEME_CLIMATE_GLOBE_R2024A,CL_B01_CUR_2000,11422,0,11422,0,0,0,11422,0,0,22,-8.195,30.686
GHSL_UCDB_THEME_CLIMATE_GLOBE_R2024A,CL_B01_CUR_2010,11422,0,11422,0,0,0,11422,0,0,24,-7.741,30.896
GHSL_UCDB_THEME_CLIMATE_GLOBE_R2024A,CL_B01_P45_2020,11422,0,11422,0,0,0,11422,0,0,11,-7.004,31.184
GHSL_UCDB_THEME_CLIMATE_GLOBE_R2024A,CL_B01_P45_2030,11422,0,11422,0,0,0,11422,0,0,10,-6.641,31.55
GHSL_UCDB_THEME_CLIMATE_GLOBE_R2024A,CL_B01_P85_2020,11422,0,11422,0,0,0,11422,0,0,11,-6.875,31.246
GHSL_UCDB_THEME_CLIMATE_GLOBE_R2024A,CL_B01_P85_2030,11422,0,11422,0,0,0,11422,0,0,10,-6.375,31.735
GHSL_UCDB_THEME_CLIMATE_GLOBE_R2024A,CL_B04_CUR_1970,11422,0,11422,0,0,0,11422,0,0,0,15.255,2020.218
GHSL_UCDB_THEME_CLIMATE_GLOBE_R2024A,CL_B04_CUR_1980,11422,0,11422,0,0,0,11422,0,0,0,22.149,2058.219
GHSL_UCDB_THEME_CLIMATE_GLOBE_R2024A,CL_B04_CUR_1990,11422,0,11422,0,0,0,11422,0,0,0,25.844,2025.158
GHSL_UCDB_THEME_CLIMATE_GLOBE_R2024A,CL_B04_CUR_2000,11422,0,11422,0,0,0,11422,0,0,0,25.546,2071.835
GHSL_UCDB_THEME_CLIMATE_GLOBE_R2024A,CL_B04_CUR_2010,11422,0,11422,0,0,0,11422,0,0,0,24.967,2067.859
GHSL_UCDB_THEME_CLIMATE_GLOBE_R2024A,CL_B04_P45_2020,11422,0,11422,0,0,0,11422,0,0,0,24.372,2013.205
GHSL_UCDB_THEME_CLIMATE_GLOBE_R2024A,CL_B04_P45_2030,11422,0,11422,0,0,0,11422,0,0,0,24.231,2005.277
GHSL_UCDB_THEME_CLIMATE_GLOBE_R2024A,CL_B04_P85_2020,11422,0,11422,0,0,0,11422,0,0,0,25.051,2015.31
GHSL_UCDB_THEME_CLIMATE_GLOBE_R2024A,CL_B04_P85_2030,11422,0,11422,0,0,0,11422,0,0,0,25.516,2001.266
GHSL_UCDB_THEME_CLIMATE_GLOBE_R2024A,CL_B07_CUR_1970,11422,0,11422,0,0,0,11422,0,0,0,1.469,36.325
GHSL_UCDB_THEME_CLIMATE_GLOBE_R2024A,CL_B07_CUR_1980,11422,0,11422,0,0,0,11422,0,0,0,1.71,38.875
GHSL_UCDB_THEME_CLIMATE_GLOBE_R2024A,CL_B07_CUR_1990,11422,0,11422,0,0,0,11422,0,0,0,1.823,37.811
GHSL_UCDB_THEME_CLIMATE_GLOBE_R2024A,CL_B07_CUR_2000,11422,0,11422,0,0,0,11422,0,0,0,1.638,37.738
GHSL_UCDB_THEME_CLIMATE_GLOBE_R2024A,CL_B07_CUR_2010,11422,0,11422,0,0,0,11422,0,0,0,1.899,38.33
GHSL_UCDB_THEME_CLIMATE_GLOBE_R2024A,CL_B07_P45_2020,11422,0,11422,0,0,0,11422,0,0,0,1.732,37.315
GHSL_UCDB_THEME_CLIMATE_GLOBE_R2024A,CL_B07_P45_2030,11422,0,11422,0,0,0,11422,0,0,0,1.731,36.996
GHSL_UCDB_THEME_CLIMATE_GLOBE_R2024A,CL_B07_P85_2020,11422,0,11422,0,0,0,11422,0,0,0,1.857,37.263
GHSL_UCDB_THEME_CLIMATE_GLOBE_R2024A,CL_B07_P85_2030,11422,0,11422,0,0,0,11422,0,0,0,1.762,37.222
GHSL_UCDB_THEME_CLIMATE_GLOBE_R2024A,CL_B12_CUR_1970,11422,0,11422,0,0,0,11422,0,0,0,1.793,22447.251
GHSL_UCDB_THEME_CLIMATE_GLOBE_R2024A,CL_B12_CUR_1980,11422,0,11422,0,0,0,11422,0,0,0,1.097,22330.957
GHSL_UCDB_THEME_CLIMATE_GLOBE_R2024A,CL_B12_CUR_1990,11422,0,11422,0,0,0,11422,0,0,0,2.388,23971.778
GHSL_UCDB_THEME_CLIMATE_GLOBE_R2024A,CL_B12_CUR_2000,11422,0,11422,0,0,0,11422,0,0,0,1.104,25834.211
GHSL_UCDB_THEME_CLIMATE_GLOBE_R2024A,CL_B12_CUR_2010,11422,0,11422,0,0,0,11422,0,0,0,0.717,23005.423
GHSL_UCDB_THEME_CLIMATE_GLOBE_R2024A,CL_B12_P45_2020,11422,0,11422,0,0,0,11422,0,0,0,2.904,23773.818
GHSL_UCDB_THEME_CLIMATE_GLOBE_R2024A,CL_B12_P45_2030,11422,0,11422,0,0,0,11422,0,0,0,5.751,23750.651
GHSL_UCDB_THEME_CLIMATE_GLOBE_R2024A,CL_B12_P85_2020,11422,0,11422,0,0,0,11422,0,0,0,4.397,23717.802
GHSL_UCDB_THEME_CLIMATE_GLOBE_R2024A,CL_B12_P85_2030,11422,0,11422,0,0,0,11422,0,0,0,3.395,23783.744
GHSL_UCDB_THEME_CLIMATE_GLOBE_R2024A,CL_B15_CUR_1970,11422,0,11422,0,0,0,11422,0,0,0,0.138,2.588
GHSL_UCDB_THEME_CLIMATE_GLOBE_R2024A,CL_B15_CUR_1980,11422,0,11422,0,0,0,11422,0,0,0,0.169,1.988
GHSL_UCDB_THEME_CLIMATE_GLOBE_R2024A,CL_B15_CUR_1990,11422,0,11422,0,0,0,11422,0,0,0,0.193,2.044
GHSL_UCDB_THEME_CLIMATE_GLOBE_R2024A,CL_B15_CUR_2000,11422,0,11422,0,0,0,11422,0,0,0,0.158,1.983
GHSL_UCDB_THEME_CLIMATE_GLOBE_R2024A,CL_B15_CUR_2010,11422,0,11422,0,0,0,11422,0,0,0,0.148,2.057
GHSL_UCDB_THEME_CLIMATE_GLOBE_R2024A,CL_B15_P45_2020,11422,0,11422,0,0,0,11422,0,0,0,0.168,1.987
GHSL_UCDB_THEME_CLIMATE_GLOBE_R2024A,CL_B15_P45_2030,11422,0,11422,0,0,0,11422,0,0,0,0.174,1.908
GHSL_UCDB_THEME_CLIMATE_GLOBE_R2024A,CL_B15_P85_2020,11422,0,11422,0,0,0,11422,0,0,0,0.183,1.923
GHSL_UCDB_THEME_CLIMATE_GLOBE_R2024A,CL_B15_P85_2030,11422,0,11422,0,0,0,11422,0,0,0,0.172,1.974
GHSL_UCDB_THEME_CLIMATE_GLOBE_R2024A,CL_KOP_CUR_2025,11419,0,11422,3,0,0,11419,0,0,0,1.0,29.0
GHSL_UCDB_THEME_CLIMATE_GLOBE_R2024A,CL_KOP_119_2040,11419,0,11422,3,0,0,11419,0,0,0,1.0,29.0
GHSL_UCDB_THEME_CLIMATE_GLOBE_R2024A,CL_KOP_126_2040,11419,0,11422,3,0,0,11419,0,0,0,1.0,29.0
GHSL_UCDB_THEME_CLIMATE_GLOBE_R2024A,CL_KOP_245_2040,11419,0,11422,3,0,0,11419,0,0,0,1.0,29.0
GHSL_UCDB_THEME_CLIMATE_GLOBE_R2024A,CL_KOP_370_2040,11419,0,11422,3,0,0,11419,0,0,0,1.0,29.0
GHSL_UCDB_THEME_CLIMATE_GLOBE_R2024A,CL_KOP_434_2040,11419,0,11422,3,0,0,11419,0,0,0,1.0,29.0
GHSL_UCDB_THEME_CLIMATE_GLOBE_R2024A,CL_KOP_460_2040,11419,0,11422,3,0,0,11419,0,0,0,1.0,29.0
GHSL_UCDB_THEME_CLIMATE_GLOBE_R2024A,CL_KOP_585_2040,11419,0,11422,3,0,0,11419,0,0,0,1.0,29.0
GHSL_UCDB_THEME_CLIMATE_GLOBE_R2024A,CL_KOP_119_2070,11419,0,11422,3,0,0,11419,0,0,0,1.0,29.0
GHSL_UCDB_THEME_CLIMATE_GLOBE_R2024A,CL_KOP_126_2070,11419,0,11422,3,0,0,11419,0,0,0,1.0,29.0
GHSL_UCDB_THEME_CLIMATE_GLOBE_R2024A,CL_KOP_245_2070,11419,0,11422,3,0,0,11419,0,0,0,1.0,29.0
GHSL_UCDB_THEME_CLIMATE_GLOBE_R2024A,CL_KOP_370_2070,11419,0,11422,3,0,0,11419,0,0,0,1.0,29.0
GHSL_UCDB_THEME_CLIMATE_GLOBE_R2024A,CL_KOP_434_2070,11419,0,11422,3,0,0,11419,0,0,0,1.0,29.0
GHSL_UCDB_THEME_CLIMATE_GLOBE_R2024A,CL_KOP_460_2070,11419,0,11422,3,0,0,11419,0,0,0,1.0,29.0
GHSL_UCDB_THEME_CLIMATE_GLOBE_R2024A,CL_KOP_585_2070,11419,0,11422,3,0,0,11419,0,0,0,1.0,29.0
GHSL_UCDB_THEME_CLIMATE_GLOBE_R2024A,CL_REN_PVO_2020,11408,0,11422,14,0,0,11408,0,4,0,0.0,6.129
GHSL_UCDB_THEME_CLIMATE_GLOBE_R2024A,CL_REN_W01_2020,11422,0,11422,0,0,0,11422,0,0,0,0.444,6.85
GHSL_UCDB_THEME_CLIMATE_GLOBE_R2024A,CL_REN_W05_2020,11422,0,11422,0,0,0,11422,0,0,0,0.737,9.006
GHSL_UCDB_THEME_CLIMATE_GLOBE_R2024A,CL_REN_W10_2020,11422,0,11422,0,0,0,11422,0,0,0,0.921,10.564
GHSL_UCDB_THEME_CLIMATE_GLOBE_R2024A,CL_REN_W15_2020,11422,0,11422,0,0,0,11422,0,0,0,0.856,12.06
GHSL_UCDB_THEME_CLIMATE_GLOBE_R2024A,CL_REN_W20_2020,11422,0,11422,0,0,0,11422,0,0,0,0.843,13.14
GHSL_UCDB_THEME_CLIMATE_GLOBE_R2024A,CL_WDS_CUR_1970,11422,0,11422,0,0,0,11422,0,0,0,5.22,17.997
GHSL_UCDB_THEME_CLIMATE_GLOBE_R2024A,CL_WDS_CUR_1980,11422,0,11422,0,0,0,11422,0,0,0,4.84,18.317
GHSL_UCDB_THEME_CLIMATE_GLOBE_R2024A,CL_WDS_CUR_1990,11422,0,11422,0,0,0,11422,0,0,0,5.185,39.38
GHSL_UCDB_THEME_CLIMATE_GLOBE_R2024A,CL_WDS_CUR_2000,11422,0,11422,0,0,0,11422,0,0,0,4.598,85.365
GHSL_UCDB_THEME_CLIMATE_GLOBE_R2024A,CL_WDS_CUR_2010,11422,0,11422,0,0,0,11422,0,0,0,3.215,91.649
GHSL_UCDB_THEME_CLIMATE_GLOBE_R2024A,CL_WDS_126_2020,11422,0,11422,0,0,0,11422,0,0,0,3.523,98.558
GHSL_UCDB_THEME_CLIMATE_GLOBE_R2024A,CL_WDS_126_2030,11422,0,11422,0,0,0,11422,0,0,0,7.121,99.11
GHSL_UCDB_THEME_CLIMATE_GLOBE_R2024A,CL_WDS_245_2020,11422,0,11422,0,0,0,11422,0,0,0,5.55,97.937
GHSL_UCDB_THEME_CLIMATE_GLOBE_R2024A,CL_WDS_245_2030,11422,0,11422,0,0,0,11422,0,0,0,3.779,99.891
GHSL_UCDB_THEME_CLIMATE_GLOBE_R2024A,CL_WDS_370_2020,11422,0,11422,0,0,0,11422,0,0,0,3.524,95.5
GHSL_UCDB_THEME_CLIMATE_GLOBE_R2024A,CL_WDS_370_2030,11422,0,11422,0,0,0,11422,0,0,0,3.999,99.178
GHSL_UCDB_THEME_CLIMATE_GLOBE_R2024A,CL_WDS_585_2020,11422,0,11422,0,0,0,11422,0,0,0,4.544,96.513
GHSL_UCDB_THEME_CLIMATE_GLOBE_R2024A,CL_WDS_585_2030,11422,0,11422,0,0,0,11422,0,0,0,5.64,98.781
GHSL_UCDB_THEME_CLIMATE_GLOBE_R2024A,CL_LCZ_A01_2025,1198,0,11422,10224,0,0,1198,0,0,0,0.001,10.511
GHSL_UCDB_THEME_CLIMATE_GLOBE_R2024A,CL_LCZ_A02_2025,4489,0,11422,6933,0,0,4489,0,0,0,0.001,35.49
GHSL_UCDB_THEME_CLIMATE_GLOBE_R2024A,CL_LCZ_A03_2025,10543,0,11422,879,0,0,10543,0,0,0,0.004,66.805
GHSL_UCDB_THEME_CLIMATE_GLOBE_R2024A,CL_LCZ_A04_2025,5001,0,11422,6421,0,0,5001,0,1,0,0.0,38.823
GHSL_UCDB_THEME_CLIMATE_GLOBE_R2024A,CL_LCZ_A05_2025,6272,0,11422,5150,0,0,6272,0,0,0,0.001,44.781
GHSL_UCDB_THEME_CLIMATE_GLOBE_R2024A,CL_LCZ_A06_2025,11185,0,11422,237,0,0,11185,0,0,0,0.007,91.285
GHSL_UCDB_THEME_CLIMATE_GLOBE_R2024A,CL_LCZ_A07_2025,1201,0,11422,10221,0,0,1201,0,3,0,0.0,37.049
GHSL_UCDB_THEME_CLIMATE_GLOBE_R2024A,CL_LCZ_A08_2025,9378,0,11422,2044,0,0,9378,0,0,0,0.001,88.465
GHSL_UCDB_THEME_CLIMATE_GLOBE_R2024A,CL_LCZ_A09_2025,11286,0,11422,136,0,0,11286,0,0,0,0.004,86.858
GHSL_UCDB_THEME_CLIMATE_GLOBE_R2024A,CL_LCZ_A10_2025,3458,0,11422,7964,0,0,3458,0,0,0,0.001,66.244
GHSL_UCDB_THEME_CLIMATE_GLOBE_R2024A,CL_LCZ_A11_2025,8147,0,11422,3275,0,0,8147,0,0,0,0.002,93.108
GHSL_UCDB_THEME_CLIMATE_GLOBE_R2024A,CL_LCZ_A12_2025,8947,0,11422,2475,0,0,8947,0,0,0,0.001,66.937
GHSL_UCDB_THEME_CLIMATE_GLOBE_R2024A,CL_LCZ_A13_2025,2994,0,11422,8428,0,0,2994,0,2,0,0.0,94.555
GHSL_UCDB_THEME_CLIMATE_GLOBE_R2024A,CL_LCZ_A14_2025,10834,0,11422,588,0,0,10834,0,0,0,0.003,95.168
GHSL_UCDB_THEME_CLIMATE_GLOBE_R2024A,CL_LCZ_A15_2025,4639,0,11422,6783,0,0,4639,0,0,0,0.001,94.523
GHSL_UCDB_THEME_CLIMATE_GLOBE_R2024A,CL_LCZ_A16_2025,6666,0,11422,4756,0,0,6666,0,0,0,0.002,81.168
GHSL_UCDB_THEME_CLIMATE_GLOBE_R2024A,CL_LCZ_A17_2025,6804,0,11422,4618,0,0,6804,0,0,0,0.001,57.089
GHSL_UCDB_THEME_CLIMATE_GLOBE_R2024A,CL_UTC_T32_1970,11422,0,11422,0,0,0,11422,0,337,0,0,364
GHSL_UCDB_THEME_CLIMATE_GLOBE_R2024A,CL_UTC_T32_1980,11422,0,11422,0,0,0,11422,0,336,0,0,365
GHSL_UCDB_THEME_CLIMATE_GLOBE_R2024A,CL_UTC_T32_1990,11422,0,11422,0,0,0,11422,0,280,0,0,365
GHSL_UCDB_THEME_CLIMATE_GLOBE_R2024A,CL_UTC_T32_2000,11422,0,11422,0,0,0,11422,0,289,0,0,365
GHSL_UCDB_THEME_CLIMATE_GLOBE_R2024A,CL_UTC_T32_2010,11422,0,11422,0,0,0,11422,0,264,0,0,365
GHSL_UCDB_THEME_CLIMATE_GLOBE_R2024A,CL_UTC_T32_2020,11422,0,11422,0,0,0,11422,0,201,0,0,359
GHSL_UCDB_THEME_EMISSIONS_GLOBE_R2024A,ID_UC_G0,11422,0,11422,0,0,0,11422,0,0,0,1,11686
GHSL_UCDB_THEME_EMISSIONS_GLOBE_R2024A,GC_UCN_MAI_2025,11408,0,11422,14,0,11408,0,0,0,0,,
GHSL_UCDB_THEME_EMISSIONS_GLOBE_R2024A,GC_CNT_GAD_2025,11422,0,11422,0,0,11422,0,0,0,0,,
GHSL_UCDB_THEME_EMISSIONS_GLOBE_R2024A,GC_UCA_KM2_2025,11422,0,11422,0,0,0,11422,0,0,0,1,6611
GHSL_UCDB_THEME_EMISSIONS_GLOBE_R2024A,GC_POP_TOT_2025,11422,0,11422,0,0,0,11422,0,0,0,50007.74637,42987704.03
GHSL_UCDB_THEME_EMISSIONS_GLOBE_R2024A,GC_DEV_WIG_2025,11413,0,11422,9,0,11413,0,0,0,0,,
GHSL_UCDB_THEME_EMISSIONS_GLOBE_R2024A,GC_DEV_USR_2025,11422,0,11422,0,0,11422,0,0,0,0,,
GHSL_UCDB_THEME_EMISSIONS_GLOBE_R2024A,EM_CO2_AGR_1975,11422,0,11422,0,0,0,11422,0,1703,0,0.0,36523.91138
GHSL_UCDB_THEME_EMISSIONS_GLOBE_R2024A,EM_CO2_AGR_1980,11422,0,11422,0,0,0,11422,0,1634,0,0.0,68729.30365
GHSL_UCDB_THEME_EMISSIONS_GLOBE_R2024A,EM_CO2_AGR_1985,11422,0,11422,0,0,0,11422,0,1618,0,0.0,52512.19926
GHSL_UCDB_THEME_EMISSIONS_GLOBE_R2024A,EM_CO2_AGR_1990,11422,0,11422,0,0,0,11422,0,1624,0,0.0,85558.86147
GHSL_UCDB_THEME_EMISSIONS_GLOBE_R2024A,EM_CO2_AGR_1995,11422,0,11422,0,0,0,11422,0,1686,0,0.0,123097.2808
GHSL_UCDB_THEME_EMISSIONS_GLOBE_R2024A,EM_CO2_AGR_2000,11422,0,11422,0,0,0,11422,0,1395,0,0.0,104928.6229
GHSL_UCDB_THEME_EMISSIONS_GLOBE_R2024A,EM_CO2_AGR_2005,11422,0,11422,0,0,0,11422,0,1415,0,0.0,105728.938
GHSL_UCDB_THEME_EMISSIONS_GLOBE_R2024A,EM_CO2_AGR_2010,11422,0,11422,0,0,0,11422,0,1439,0,0.0,112394.4025
GHSL_UCDB_THEME_EMISSIONS_GLOBE_R2024A,EM_CO2_AGR_2015,11422,0,11422,0,0,0,11422,0,1178,0,0.0,111770.7483
GHSL_UCDB_THEME_EMISSIONS_GLOBE_R2024A,EM_CO2_AGR_2020,11422,0,11422,0,0,0,11422,0,1176,0,0.0,120152.7153
GHSL_UCDB_THEME_EMISSIONS_GLOBE_R2024A,EM_CO2_AGR_2024,11422,0,11422,0,0,0,11422,0,1174,0,0.0,127453.9609
GHSL_UCDB_THEME_EMISSIONS_GLOBE_R2024A,EM_CO2_ENE_1975,11422,0,11422,0,0,0,11422,0,8944,0,0.0,77891720.26
GHSL_UCDB_THEME_EMISSIONS_GLOBE_R2024A,EM_CO2_ENE_1980,11422,0,11422,0,0,0,11422,0,8882,0,0.0,66797097.36
GHSL_UCDB_THEME_EMISSIONS_GLOBE_R2024A,EM_CO2_ENE_1985,11422,0,11422,0,0,0,11422,0,8896,0,0.0,63644829.64
GHSL_UCDB_THEME_EMISSIONS_GLOBE_R2024A,EM_CO2_ENE_1990,11422,0,11422,0,0,0,11422,0,8947,0,0.0,69113439.84
GHSL_UCDB_THEME_EMISSIONS_GLOBE_R2024A,EM_CO2_ENE_1995,11422,0,11422,0,0,0,11422,0,8856,0,0.0,61369367.97
GHSL_UCDB_THEME_EMISSIONS_GLOBE_R2024A,EM_CO2_ENE_2000,11422,0,11422,0,0,0,11422,0,8913,0,0.0,67019763.52
GHSL_UCDB_THEME_EMISSIONS_GLOBE_R2024A,EM_CO2_ENE_2005,11422,0,11422,0,0,0,11422,0,8795,0,0.0,65851467.73
GHSL_UCDB_THEME_EMISSIONS_GLOBE_R2024A,EM_CO2_ENE_2010,11422,0,11422,0,0,0,11422,0,8876,0,0.0,75020505.73
GHSL_UCDB_THEME_EMISSIONS_GLOBE_R2024A,EM_CO2_ENE_2015,11422,0,11422,0,0,0,11422,0,8908,0,0.0,84134556.5
GHSL_UCDB_THEME_EMISSIONS_GLOBE_R2024A,EM_CO2_ENE_2020,11422,0,11422,0,0,0,11422,0,8863,0,0.0,65753917.83
GHSL_UCDB_THEME_EMISSIONS_GLOBE_R2024A,EM_CO2_ENE_2024,11422,0,11422,0,0,0,11422,0,8836,0,0.0,68248559.59
GHSL_UCDB_THEME_EMISSIONS_GLOBE_R2024A,EM_CO2_IND_1975,11422,0,11422,0,0,0,11422,0,0,0,0.004494847,50297560.92
GHSL_UCDB_THEME_EMISSIONS_GLOBE_R2024A,EM_CO2_IND_1980,11422,0,11422,0,0,0,11422,0,0,0,0.011788357,46653470.28
GHSL_UCDB_THEME_EMISSIONS_GLOBE_R2024A,EM_CO2_IND_1985,11422,0,11422,0,0,0,11422,0,0,0,0.031212391,41152991.98
GHSL_UCDB_THEME_EMISSIONS_GLOBE_R2024A,EM_CO2_IND_1990,11422,0,11422,0,0,0,11422,0,0,0,0.072006921,42248769.82
GHSL_UCDB_THEME_EMISSIONS_GLOBE_R2024A,EM_CO2_IND_1995,11422,0,11422,0,0,0,11422,0,0,0,0.214822409,42452521.82
GHSL_UCDB_THEME_EMISSIONS_GLOBE_R2024A,EM_CO2_IND_2000,11422,0,11422,0,0,0,11422,0,0,0,0.842564183,40556653.2
GHSL_UCDB_THEME_EMISSIONS_GLOBE_R2024A,EM_CO2_IND_2005,11422,0,11422,0,0,0,11422,0,0,0,3.836740036,62780800.32
GHSL_UCDB_THEME_EMISSIONS_GLOBE_R2024A,EM_CO2_IND_2010,11422,0,11422,0,0,0,11422,0,0,0,4.388368197,105355525.4
GHSL_UCDB_THEME_EMISSIONS_GLOBE_R2024A,EM_CO2_IND_2015,11422,0,11422,0,0,0,11422,0,0,0,2.378454685,129338596.1
GHSL_UCDB_THEME_EMISSIONS_GLOBE_R2024A,EM_CO2_IND_2020,11422,0,11422,0,0,0,11422,0,8,0,0.0,127109413.8
GHSL_UCDB_THEME_EMISSIONS_GLOBE_R2024A,EM_CO2_IND_2024,11422,0,11422,0,0,0,11422,0,12,0,0.0,141252566.6
GHSL_UCDB_THEME_EMISSIONS_GLOBE_R2024A,EM_CO2_RES_1975,11422,0,11422,0,0,0,11422,0,37,0,0.0,46493157.0
GHSL_UCDB_THEME_EMISSIONS_GLOBE_R2024A,EM_CO2_RES_1980,11422,0,11422,0,0,0,11422,0,15,0,0.0,37408977.98
GHSL_UCDB_THEME_EMISSIONS_GLOBE_R2024A,EM_CO2_RES_1985,11422,0,11422,0,0,0,11422,0,2,0,0.0,31671607.46
GHSL_UCDB_THEME_EMISSIONS_GLOBE_R2024A,EM_CO2_RES_1990,11422,0,11422,0,0,0,11422,0,2,0,0.0,29440459.13
GHSL_UCDB_THEME_EMISSIONS_GLOBE_R2024A,EM_CO2_RES_1995,11422,0,11422,0,0,0,11422,0,2,0,0.0,32985955.86
GHSL_UCDB_THEME_EMISSIONS_GLOBE_R2024A,EM_CO2_RES_2000,11422,0,11422,0,0,0,11422,0,2,0,0.0,37614120.65
GHSL_UCDB_THEME_EMISSIONS_GLOBE_R2024A,EM_CO2_RES_2005,11422,0,11422,0,0,0,11422,0,2,0,0.0,39671381.88
GHSL_UCDB_THEME_EMISSIONS_GLOBE_R2024A,EM_CO2_RES_2010,11422,0,11422,0,0,0,11422,0,2,0,0.0,33613827.94
GHSL_UCDB_THEME_EMISSIONS_GLOBE_R2024A,EM_CO2_RES_2015,11422,0,11422,0,0,0,11422,0,2,0,0.0,31323718.69
GHSL_UCDB_THEME_EMISSIONS_GLOBE_R2024A,EM_CO2_RES_2020,11422,0,11422,0,0,0,11422,0,2,0,0.0,29999981.19
GHSL_UCDB_THEME_EMISSIONS_GLOBE_R2024A,EM_CO2_RES_2024,11422,0,11422,0,0,0,11422,0,2,0,0.0,25371866.34
GHSL_UCDB_THEME_EMISSIONS_GLOBE_R2024A,EM_CO2_TRA_1975,11422,0,11422,0,0,0,11422,0,776,0,0.0,8225013.481
GHSL_UCDB_THEME_EMISSIONS_GLOBE_R2024A,EM_CO2_TRA_1980,11422,0,11422,0,0,0,11422,0,500,0,0.0,8547800.09
GHSL_UCDB_THEME_EMISSIONS_GLOBE_R2024A,EM_CO2_TRA_1985,11422,0,11422,0,0,0,11422,0,499,0,0.0,9317108.293
GHSL_UCDB_THEME_EMISSIONS_GLOBE_R2024A,EM_CO2_TRA_1990,11422,0,11422,0,0,0,11422,0,498,0,0.0,11457041.39
GHSL_UCDB_THEME_EMISSIONS_GLOBE_R2024A,EM_CO2_TRA_1995,11422,0,11422,0,0,0,11422,0,488,0,0.0,13714056.33
GHSL_UCDB_THEME_EMISSIONS_GLOBE_R2024A,EM_CO2_TRA_2000,11422,0,11422,0,0,0,11422,0,454,0,0.0,13970784.49
GHSL_UCDB_THEME_EMISSIONS_GLOBE_R2024A,EM_CO2_TRA_2005,11422,0,11422,0,0,0,11422,0,447,0,0.0,14561837.06
GHSL_UCDB_THEME_EMISSIONS_GLOBE_R2024A,EM_CO2_TRA_2010,11422,0,11422,0,0,0,11422,0,395,0,0.0,13918179.78
GHSL_UCDB_THEME_EMISSIONS_GLOBE_R2024A,EM_CO2_TRA_2015,11422,0,11422,0,0,0,11422,0,389,0,0.0,14917119.93
GHSL_UCDB_THEME_EMISSIONS_GLOBE_R2024A,EM_CO2_TRA_2020,11422,0,11422,0,0,0,11422,0,389,0,0.0,16357338.79
GHSL_UCDB_THEME_EMISSIONS_GLOBE_R2024A,EM_CO2_TRA_2024,11422,0,11422,0,0,0,11422,0,387,0,0.0,16795204.57
GHSL_UCDB_THEME_EMISSIONS_GLOBE_R2024A,EM_CO2_WAS_1975,11422,0,11422,0,0,0,11422,0,6293,0,0.0,390774.2128
GHSL_UCDB_THEME_EMISSIONS_GLOBE_R2024A,EM_CO2_WAS_1980,11422,0,11422,0,0,0,11422,0,6228,0,0.0,417362.723
GHSL_UCDB_THEME_EMISSIONS_GLOBE_R2024A,EM_CO2_WAS_1985,11422,0,11422,0,0,0,11422,0,6208,0,0.0,440041.7001
GHSL_UCDB_THEME_EMISSIONS_GLOBE_R2024A,EM_CO2_WAS_1990,11422,0,11422,0,0,0,11422,0,6191,0,0.0,456418.1828
GHSL_UCDB_THEME_EMISSIONS_GLOBE_R2024A,EM_CO2_WAS_1995,11422,0,11422,0,0,0,11422,0,6173,0,0.0,644363.2328
GHSL_UCDB_THEME_EMISSIONS_GLOBE_R2024A,EM_CO2_WAS_2000,11422,0,11422,0,0,0,11422,0,6170,0,0.0,673261.031
GHSL_UCDB_THEME_EMISSIONS_GLOBE_R2024A,EM_CO2_WAS_2005,11422,0,11422,0,0,0,11422,0,6158,0,0.0,591332.8284
GHSL_UCDB_THEME_EMISSIONS_GLOBE_R2024A,EM_CO2_WAS_2010,11422,0,11422,0,0,0,11422,0,6242,0,0.0,517227.3764
GHSL_UCDB_THEME_EMISSIONS_GLOBE_R2024A,EM_CO2_WAS_2015,11422,0,11422,0,0,0,11422,0,6230,0,0.0,471158.8004
GHSL_UCDB_THEME_EMISSIONS_GLOBE_R2024A,EM_CO2_WAS_2020,11422,0,11422,0,0,0,11422,0,6226,0,0.0,413997.7181
GHSL_UCDB_THEME_EMISSIONS_GLOBE_R2024A,EM_CO2_WAS_2024,11422,0,11422,0,0,0,11422,0,6226,0,0.0,400117.2207
GHSL_UCDB_THEME_EMISSIONS_GLOBE_R2024A,EM_CO2_INT_1975,11422,0,11422,0,0,0,11422,0,1937,0,0.0,715883.7646
GHSL_UCDB_THEME_EMISSIONS_GLOBE_R2024A,EM_CO2_INT_1980,11422,0,11422,0,0,0,11422,0,1935,0,0.0,810540.8324
GHSL_UCDB_THEME_EMISSIONS_GLOBE_R2024A,EM_CO2_INT_1985,11422,0,11422,0,0,0,11422,0,1937,0,0.0,846307.5202
GHSL_UCDB_THEME_EMISSIONS_GLOBE_R2024A,EM_CO2_INT_1990,11422,0,11422,0,0,0,11422,0,1937,0,0.0,987278.9772
GHSL_UCDB_THEME_EMISSIONS_GLOBE_R2024A,EM_CO2_INT_1995,11422,0,11422,0,0,0,11422,0,1937,0,0.0,1113586.787
GHSL_UCDB_THEME_EMISSIONS_GLOBE_R2024A,EM_CO2_INT_2000,11422,0,11422,0,0,0,11422,0,1937,0,0.0,1344007.805
GHSL_UCDB_THEME_EMISSIONS_GLOBE_R2024A,EM_CO2_INT_2005,11422,0,11422,0,0,0,11422,0,1937,0,0.0,1589263.718
GHSL_UCDB_THEME_EMISSIONS_GLOBE_R2024A,EM_CO2_INT_2010,11422,0,11422,0,0,0,11422,0,1937,0,0.0,1774978.253
GHSL_UCDB_THEME_EMISSIONS_GLOBE_R2024A,EM_CO2_INT_2015,11422,0,11422,0,0,0,11422,0,1927,0,0.0,2699877.971
GHSL_UCDB_THEME_EMISSIONS_GLOBE_R2024A,EM_CO2_INT_2020,11422,0,11422,0,0,0,11422,0,1930,0,0.0,1366976.339
GHSL_UCDB_THEME_EMISSIONS_GLOBE_R2024A,EM_CO2_INT_2024,11422,0,11422,0,0,0,11422,0,1930,0,0.0,2349239.445
GHSL_UCDB_THEME_EMISSIONS_GLOBE_R2024A,EM_GHG_AGR_1975,11422,0,11422,0,0,0,11422,0,3,0,0.0,56160041.19
GHSL_UCDB_THEME_EMISSIONS_GLOBE_R2024A,EM_GHG_AGR_1980,11422,0,11422,0,0,0,11422,0,3,0,0.0,61054587.87
GHSL_UCDB_THEME_EMISSIONS_GLOBE_R2024A,EM_GHG_AGR_1985,11422,0,11422,0,0,0,11422,0,3,0,0.0,67390830.62
GHSL_UCDB_THEME_EMISSIONS_GLOBE_R2024A,EM_GHG_AGR_1990,11422,0,11422,0,0,0,11422,0,2,0,0.0,72958148.3
GHSL_UCDB_THEME_EMISSIONS_GLOBE_R2024A,EM_GHG_AGR_1995,11422,0,11422,0,0,0,11422,0,2,0,0.0,76457909.18
GHSL_UCDB_THEME_EMISSIONS_GLOBE_R2024A,EM_GHG_AGR_2000,11422,0,11422,0,0,0,11422,0,2,0,0.0,77302227.61
GHSL_UCDB_THEME_EMISSIONS_GLOBE_R2024A,EM_GHG_AGR_2005,11422,0,11422,0,0,0,11422,0,2,0,0.0,80941236.7
GHSL_UCDB_THEME_EMISSIONS_GLOBE_R2024A,EM_GHG_AGR_2010,11422,0,11422,0,0,0,11422,0,2,0,0.0,82139039.2
GHSL_UCDB_THEME_EMISSIONS_GLOBE_R2024A,EM_GHG_AGR_2015,11422,0,11422,0,0,0,11422,0,2,0,0.0,89531225.04
GHSL_UCDB_THEME_EMISSIONS_GLOBE_R2024A,EM_GHG_AGR_2020,11422,0,11422,0,0,0,11422,0,2,0,0.0,92562902.75
GHSL_UCDB_THEME_EMISSIONS_GLOBE_R2024A,EM_GHG_AGR_2024,11422,0,11422,0,0,0,11422,0,2,0,0.0,96618459.62
GHSL_UCDB_THEME_EMISSIONS_GLOBE_R2024A,EM_GHG_ENE_1975,11422,0,11422,0,0,0,11422,0,8941,0,0.0,78073946.29
GHSL_UCDB_THEME_EMISSIONS_GLOBE_R2024A,EM_GHG_ENE_1980,11422,0,11422,0,0,0,11422,0,8880,0,0.0,66881379.49
GHSL_UCDB_THEME_EMISSIONS_GLOBE_R2024A,EM_GHG_ENE_1985,11422,0,11422,0,0,0,11422,0,8890,0,0.0,63735697.33
GHSL_UCDB_THEME_EMISSIONS_GLOBE_R2024A,EM_GHG_ENE_1990,11422,0,11422,0,0,0,11422,0,8943,0,0.0,69222501.59
GHSL_UCDB_THEME_EMISSIONS_GLOBE_R2024A,EM_GHG_ENE_1995,11422,0,11422,0,0,0,11422,0,8849,0,0.0,61488937.24
GHSL_UCDB_THEME_EMISSIONS_GLOBE_R2024A,EM_GHG_ENE_2000,11422,0,11422,0,0,0,11422,0,8900,0,0.0,67191245.69
GHSL_UCDB_THEME_EMISSIONS_GLOBE_R2024A,EM_GHG_ENE_2005,11422,0,11422,0,0,0,11422,0,8780,0,0.0,66035332.51
GHSL_UCDB_THEME_EMISSIONS_GLOBE_R2024A,EM_GHG_ENE_2010,11422,0,11422,0,0,0,11422,0,8857,0,0.0,75260757.28
GHSL_UCDB_THEME_EMISSIONS_GLOBE_R2024A,EM_GHG_ENE_2015,11422,0,11422,0,0,0,11422,0,8876,0,0.0,84409569.14
GHSL_UCDB_THEME_EMISSIONS_GLOBE_R2024A,EM_GHG_ENE_2020,11422,0,11422,0,0,0,11422,0,8809,0,0.0,65992942.62
GHSL_UCDB_THEME_EMISSIONS_GLOBE_R2024A,EM_GHG_ENE_2024,11422,0,11422,0,0,0,11422,0,8756,0,0.0,68954987.01
GHSL_UCDB_THEME_EMISSIONS_GLOBE_R2024A,EM_GHG_IND_1975,11422,0,11422,0,0,0,11422,0,0,0,0.70636652,51600792.33
GHSL_UCDB_THEME_EMISSIONS_GLOBE_R2024A,EM_GHG_IND_1980,11422,0,11422,0,0,0,11422,0,0,0,1.084371783,50287257.66
GHSL_UCDB_THEME_EMISSIONS_GLOBE_R2024A,EM_GHG_IND_1985,11422,0,11422,0,0,0,11422,0,0,0,3.413488805,45347133.34
GHSL_UCDB_THEME_EMISSIONS_GLOBE_R2024A,EM_GHG_IND_1990,11422,0,11422,0,0,0,11422,0,0,0,4.751422375,46759685.44
GHSL_UCDB_THEME_EMISSIONS_GLOBE_R2024A,EM_GHG_IND_1995,11422,0,11422,0,0,0,11422,0,0,0,6.051713586,50842118.7
GHSL_UCDB_THEME_EMISSIONS_GLOBE_R2024A,EM_GHG_IND_2000,11422,0,11422,0,0,0,11422,0,0,0,8.760701507,46113289.13
GHSL_UCDB_THEME_EMISSIONS_GLOBE_R2024A,EM_GHG_IND_2005,11422,0,11422,0,0,0,11422,0,0,0,13.55479389,69866226.08
GHSL_UCDB_THEME_EMISSIONS_GLOBE_R2024A,EM_GHG_IND_2010,11422,0,11422,0,0,0,11422,0,0,0,19.81400761,114646213.2
GHSL_UCDB_THEME_EMISSIONS_GLOBE_R2024A,EM_GHG_IND_2015,11422,0,11422,0,0,0,11422,0,0,0,25.26020321,140667298.4
GHSL_UCDB_THEME_EMISSIONS_GLOBE_R2024A,EM_GHG_IND_2020,11422,0,11422,0,0,0,11422,0,0,0,1.621313691,139653423.7
GHSL_UCDB_THEME_EMISSIONS_GLOBE_R2024A,EM_GHG_IND_2024,11422,0,11422,0,0,0,11422,0,0,0,1.629798919,155505268.2
GHSL_UCDB_THEME_EMISSIONS_GLOBE_R2024A,EM_GHG_RES_1975,11422,0,11422,0,0,0,11422,0,15,0,0.0,47389885.88
GHSL_UCDB_THEME_EMISSIONS_GLOBE_R2024A,EM_GHG_RES_1980,11422,0,11422,0,0,0,11422,0,15,0,0.0,38326507.64
GHSL_UCDB_THEME_EMISSIONS_GLOBE_R2024A,EM_GHG_RES_1985,11422,0,11422,0,0,0,11422,0,2,0,0.0,32580443.68
GHSL_UCDB_THEME_EMISSIONS_GLOBE_R2024A,EM_GHG_RES_1990,11422,0,11422,0,0,0,11422,0,2,0,0.0,30125107.85
GHSL_UCDB_THEME_EMISSIONS_GLOBE_R2024A,EM_GHG_RES_1995,11422,0,11422,0,0,0,11422,0,2,0,0.0,33169101.7
GHSL_UCDB_THEME_EMISSIONS_GLOBE_R2024A,EM_GHG_RES_2000,11422,0,11422,0,0,0,11422,0,2,0,0.0,37860216.48
GHSL_UCDB_THEME_EMISSIONS_GLOBE_R2024A,EM_GHG_RES_2005,11422,0,11422,0,0,0,11422,0,2,0,0.0,40058774.74
GHSL_UCDB_THEME_EMISSIONS_GLOBE_R2024A,EM_GHG_RES_2010,11422,0,11422,0,0,0,11422,0,1,0,0.0,33971842.79
GHSL_UCDB_THEME_EMISSIONS_GLOBE_R2024A,EM_GHG_RES_2015,11422,0,11422,0,0,0,11422,0,2,0,0.0,31677251.83
GHSL_UCDB_THEME_EMISSIONS_GLOBE_R2024A,EM_GHG_RES_2020,11422,0,11422,0,0,0,11422,0,2,0,0.0,30336932.0
GHSL_UCDB_THEME_EMISSIONS_GLOBE_R2024A,EM_GHG_RES_2024,11422,0,11422,0,0,0,11422,0,2,0,0.0,25705182.43
GHSL_UCDB_THEME_EMISSIONS_GLOBE_R2024A,EM_GHG_TRA_1975,11422,0,11422,0,0,0,11422,0,776,0,0.0,8377758.521
GHSL_UCDB_THEME_EMISSIONS_GLOBE_R2024A,EM_GHG_TRA_1980,11422,0,11422,0,0,0,11422,0,500,0,0.0,8710500.824
GHSL_UCDB_THEME_EMISSIONS_GLOBE_R2024A,EM_GHG_TRA_1985,11422,0,11422,0,0,0,11422,0,499,0,0.0,9492250.724
GHSL_UCDB_THEME_EMISSIONS_GLOBE_R2024A,EM_GHG_TRA_1990,11422,0,11422,0,0,0,11422,0,498,0,0.0,11717069.36
GHSL_UCDB_THEME_EMISSIONS_GLOBE_R2024A,EM_GHG_TRA_1995,11422,0,11422,0,0,0,11422,0,488,0,0.0,14166866.97
GHSL_UCDB_THEME_EMISSIONS_GLOBE_R2024A,EM_GHG_TRA_2000,11422,0,11422,0,0,0,11422,0,454,0,0.0,14281645.22
GHSL_UCDB_THEME_EMISSIONS_GLOBE_R2024A,EM_GHG_TRA_2005,11422,0,11422,0,0,0,11422,0,447,0,0.0,14869072.39
GHSL_UCDB_THEME_EMISSIONS_GLOBE_R2024A,EM_GHG_TRA_2010,11422,0,11422,0,0,0,11422,0,395,0,0.0,14190630.7
GHSL_UCDB_THEME_EMISSIONS_GLOBE_R2024A,EM_GHG_TRA_2015,11422,0,11422,0,0,0,11422,0,389,0,0.0,15294813.29
GHSL_UCDB_THEME_EMISSIONS_GLOBE_R2024A,EM_GHG_TRA_2020,11422,0,11422,0,0,0,11422,0,389,0,0.0,16846990.45
GHSL_UCDB_THEME_EMISSIONS_GLOBE_R2024A,EM_GHG_TRA_2024,11422,0,11422,0,0,0,11422,0,387,0,0.0,17321478.65
GHSL_UCDB_THEME_EMISSIONS_GLOBE_R2024A,EM_GHG_WAS_1975,11422,0,11422,0,0,0,11422,0,1906,0,0.0,14336721.82
GHSL_UCDB_THEME_EMISSIONS_GLOBE_R2024A,EM_GHG_WAS_1980,11422,0,11422,0,0,0,11422,0,1712,0,0.0,14859856.36
GHSL_UCDB_THEME_EMISSIONS_GLOBE_R2024A,EM_GHG_WAS_1985,11422,0,11422,0,0,0,11422,0,1624,0,0.0,15417943.74
GHSL_UCDB_THEME_EMISSIONS_GLOBE_R2024A,EM_GHG_WAS_1990,11422,0,11422,0,0,0,11422,0,1561,0,0.0,14481318.85
GHSL_UCDB_THEME_EMISSIONS_GLOBE_R2024A,EM_GHG_WAS_1995,11422,0,11422,0,0,0,11422,0,1512,0,0.0,14037561.05
GHSL_UCDB_THEME_EMISSIONS_GLOBE_R2024A,EM_GHG_WAS_2000,11422,0,11422,0,0,0,11422,0,1492,0,0.0,12560383.1
GHSL_UCDB_THEME_EMISSIONS_GLOBE_R2024A,EM_GHG_WAS_2005,11422,0,11422,0,0,0,11422,0,1423,0,0.0,13802989.34
GHSL_UCDB_THEME_EMISSIONS_GLOBE_R2024A,EM_GHG_WAS_2010,11422,0,11422,0,0,0,11422,0,1393,0,0.0,15633102.44
GHSL_UCDB_THEME_EMISSIONS_GLOBE_R2024A,EM_GHG_WAS_2015,11422,0,11422,0,0,0,11422,0,1349,0,0.0,17453349.62
GHSL_UCDB_THEME_EMISSIONS_GLOBE_R2024A,EM_GHG_WAS_2020,11422,0,11422,0,0,0,11422,0,1330,0,0.0,19831756.39
GHSL_UCDB_THEME_EMISSIONS_GLOBE_R2024A,EM_GHG_WAS_2024,11422,0,11422,0,0,0,11422,0,1328,0,0.0,21912811.81
GHSL_UCDB_THEME_EMISSIONS_GLOBE_R2024A,EM_GHG_INT_1975,11422,0,11422,0,0,0,11422,0,1937,0,0.0,721703.5526
GHSL_UCDB_THEME_EMISSIONS_GLOBE_R2024A,EM_GHG_INT_1980,11422,0,11422,0,0,0,11422,0,1935,0,0.0,817098.8722
GHSL_UCDB_THEME_EMISSIONS_GLOBE_R2024A,EM_GHG_INT_1985,11422,0,11422,0,0,0,11422,0,1937,0,0.0,853083.9706
GHSL_UCDB_THEME_EMISSIONS_GLOBE_R2024A,EM_GHG_INT_1990,11422,0,11422,0,0,0,11422,0,1937,0,0.0,995203.89
GHSL_UCDB_THEME_EMISSIONS_GLOBE_R2024A,EM_GHG_INT_1995,11422,0,11422,0,0,0,11422,0,1937,0,0.0,1122535.6
GHSL_UCDB_THEME_EMISSIONS_GLOBE_R2024A,EM_GHG_INT_2000,11422,0,11422,0,0,0,11422,0,1937,0,0.0,1354789.922
GHSL_UCDB_THEME_EMISSIONS_GLOBE_R2024A,EM_GHG_INT_2005,11422,0,11422,0,0,0,11422,0,1937,0,0.0,1601963.821
GHSL_UCDB_THEME_EMISSIONS_GLOBE_R2024A,EM_GHG_INT_2010,11422,0,11422,0,0,0,11422,0,1937,0,0.0,1789214.84
GHSL_UCDB_THEME_EMISSIONS_GLOBE_R2024A,EM_GHG_INT_2015,11422,0,11422,0,0,0,11422,0,1927,0,0.0,2724324.543
GHSL_UCDB_THEME_EMISSIONS_GLOBE_R2024A,EM_GHG_INT_2020,11422,0,11422,0,0,0,11422,0,1930,0,0.0,1378312.068
GHSL_UCDB_THEME_EMISSIONS_GLOBE_R2024A,EM_GHG_INT_2024,11422,0,11422,0,0,0,11422,0,1930,0,0.0,2368133.65
GHSL_UCDB_THEME_EMISSIONS_GLOBE_R2024A,EM_NOX_AGR_1975,11422,0,11422,0,0,0,11422,0,13,0,0.0,2700.926419
GHSL_UCDB_THEME_EMISSIONS_GLOBE_R2024A,EM_NOX_AGR_1980,11422,0,11422,0,0,0,11422,0,16,0,0.0,2985.077648
GHSL_UCDB_THEME_EMISSIONS_GLOBE_R2024A,EM_NOX_AGR_1985,11422,0,11422,0,0,0,11422,0,14,0,0.0,3322.556607
GHSL_UCDB_THEME_EMISSIONS_GLOBE_R2024A,EM_NOX_AGR_1990,11422,0,11422,0,0,0,11422,0,13,0,0.0,3589.338168
GHSL_UCDB_THEME_EMISSIONS_GLOBE_R2024A,EM_NOX_AGR_1995,11422,0,11422,0,0,0,11422,0,13,0,0.0,3795.763376
GHSL_UCDB_THEME_EMISSIONS_GLOBE_R2024A,EM_NOX_AGR_2000,11422,0,11422,0,0,0,11422,0,12,0,0.0,3889.300987
GHSL_UCDB_THEME_EMISSIONS_GLOBE_R2024A,EM_NOX_AGR_2005,11422,0,11422,0,0,0,11422,0,12,0,0.0,4179.998861
GHSL_UCDB_THEME_EMISSIONS_GLOBE_R2024A,EM_NOX_AGR_2010,11422,0,11422,0,0,0,11422,0,12,0,0.0,4324.179503
GHSL_UCDB_THEME_EMISSIONS_GLOBE_R2024A,EM_NOX_AGR_2015,11422,0,11422,0,0,0,11422,0,12,0,0.0,4752.073795
GHSL_UCDB_THEME_EMISSIONS_GLOBE_R2024A,EM_NOX_AGR_2020,11422,0,11422,0,0,0,11422,0,12,0,0.0,4979.86863
GHSL_UCDB_THEME_EMISSIONS_GLOBE_R2024A,EM_NOX_AGR_2024,11422,0,11422,0,0,0,11422,0,12,0,0.0,5237.483768
GHSL_UCDB_THEME_EMISSIONS_GLOBE_R2024A,EM_NOX_ENE_1975,11422,0,11422,0,0,0,11422,0,8941,0,0.0,170048.3296
GHSL_UCDB_THEME_EMISSIONS_GLOBE_R2024A,EM_NOX_ENE_1980,11422,0,11422,0,0,0,11422,0,8880,0,0.0,115810.2315
GHSL_UCDB_THEME_EMISSIONS_GLOBE_R2024A,EM_NOX_ENE_1985,11422,0,11422,0,0,0,11422,0,8890,0,0.0,67993.79084
GHSL_UCDB_THEME_EMISSIONS_GLOBE_R2024A,EM_NOX_ENE_1990,11422,0,11422,0,0,0,11422,0,8943,0,0.0,110551.2318
GHSL_UCDB_THEME_EMISSIONS_GLOBE_R2024A,EM_NOX_ENE_1995,11422,0,11422,0,0,0,11422,0,8849,0,0.0,151366.8706
GHSL_UCDB_THEME_EMISSIONS_GLOBE_R2024A,EM_NOX_ENE_2000,11422,0,11422,0,0,0,11422,0,8900,0,0.0,144239.5162
GHSL_UCDB_THEME_EMISSIONS_GLOBE_R2024A,EM_NOX_ENE_2005,11422,0,11422,0,0,0,11422,0,8780,0,0.0,208862.0997
GHSL_UCDB_THEME_EMISSIONS_GLOBE_R2024A,EM_NOX_ENE_2010,11422,0,11422,0,0,0,11422,0,8857,0,0.0,172632.7519
GHSL_UCDB_THEME_EMISSIONS_GLOBE_R2024A,EM_NOX_ENE_2015,11422,0,11422,0,0,0,11422,0,8876,0,0.0,107268.3546
GHSL_UCDB_THEME_EMISSIONS_GLOBE_R2024A,EM_NOX_ENE_2020,11422,0,11422,0,0,0,11422,0,8809,0,0.0,95813.38614
GHSL_UCDB_THEME_EMISSIONS_GLOBE_R2024A,EM_NOX_ENE_2024,11422,0,11422,0,0,0,11422,0,8756,0,0.0,120708.457
GHSL_UCDB_THEME_EMISSIONS_GLOBE_R2024A,EM_NOX_IND_1975,11422,0,11422,0,0,0,11422,0,1708,0,0.0,110811.9946
GHSL_UCDB_THEME_EMISSIONS_GLOBE_R2024A,EM_NOX_IND_1980,11422,0,11422,0,0,0,11422,0,1544,0,0.0,116920.8003
GHSL_UCDB_THEME_EMISSIONS_GLOBE_R2024A,EM_NOX_IND_1985,11422,0,11422,0,0,0,11422,0,1460,0,0.0,108695.8103
GHSL_UCDB_THEME_EMISSIONS_GLOBE_R2024A,EM_NOX_IND_1990,11422,0,11422,0,0,0,11422,0,1405,0,0.0,92370.73841
GHSL_UCDB_THEME_EMISSIONS_GLOBE_R2024A,EM_NOX_IND_1995,11422,0,11422,0,0,0,11422,0,1357,0,0.0,127528.113
GHSL_UCDB_THEME_EMISSIONS_GLOBE_R2024A,EM_NOX_IND_2000,11422,0,11422,0,0,0,11422,0,1340,0,0.0,139195.8936
GHSL_UCDB_THEME_EMISSIONS_GLOBE_R2024A,EM_NOX_IND_2005,11422,0,11422,0,0,0,11422,0,1273,0,0.0,182914.3771
GHSL_UCDB_THEME_EMISSIONS_GLOBE_R2024A,EM_NOX_IND_2010,11422,0,11422,0,0,0,11422,0,1241,0,0.0,294770.938
GHSL_UCDB_THEME_EMISSIONS_GLOBE_R2024A,EM_NOX_IND_2015,11422,0,11422,0,0,0,11422,0,1210,0,0.0,264446.319
GHSL_UCDB_THEME_EMISSIONS_GLOBE_R2024A,EM_NOX_IND_2020,11422,0,11422,0,0,0,11422,0,1188,0,0.0,184722.1533
GHSL_UCDB_THEME_EMISSIONS_GLOBE_R2024A,EM_NOX_IND_2024,11422,0,11422,0,0,0,11422,0,1190,0,0.0,219950.2895
GHSL_UCDB_THEME_EMISSIONS_GLOBE_R2024A,EM_NOX_RES_1975,11422,0,11422,0,0,0,11422,0,15,0,0.0,56725.53232
GHSL_UCDB_THEME_EMISSIONS_GLOBE_R2024A,EM_NOX_RES_1980,11422,0,11422,0,0,0,11422,0,15,0,0.0,47097.48366
GHSL_UCDB_THEME_EMISSIONS_GLOBE_R2024A,EM_NOX_RES_1985,11422,0,11422,0,0,0,11422,0,2,0,0.0,41135.35328
GHSL_UCDB_THEME_EMISSIONS_GLOBE_R2024A,EM_NOX_RES_1990,11422,0,11422,0,0,0,11422,0,2,0,0.0,37789.67291
GHSL_UCDB_THEME_EMISSIONS_GLOBE_R2024A,EM_NOX_RES_1995,11422,0,11422,0,0,0,11422,0,2,0,0.0,38030.28765
GHSL_UCDB_THEME_EMISSIONS_GLOBE_R2024A,EM_NOX_RES_2000,11422,0,11422,0,0,0,11422,0,2,0,0.0,39190.44599
GHSL_UCDB_THEME_EMISSIONS_GLOBE_R2024A,EM_NOX_RES_2005,11422,0,11422,0,0,0,11422,0,2,0,0.0,41445.47214
GHSL_UCDB_THEME_EMISSIONS_GLOBE_R2024A,EM_NOX_RES_2010,11422,0,11422,0,0,0,11422,0,1,0,0.0,36459.02163
GHSL_UCDB_THEME_EMISSIONS_GLOBE_R2024A,EM_NOX_RES_2015,11422,0,11422,0,0,0,11422,0,2,0,0.0,34399.39718
GHSL_UCDB_THEME_EMISSIONS_GLOBE_R2024A,EM_NOX_RES_2020,11422,0,11422,0,0,0,11422,0,2,0,0.0,32893.6893
GHSL_UCDB_THEME_EMISSIONS_GLOBE_R2024A,EM_NOX_RES_2024,11422,0,11422,0,0,0,11422,0,2,0,0.0,30200.34202
GHSL_UCDB_THEME_EMISSIONS_GLOBE_R2024A,EM_NOX_TRA_1975,11422,0,11422,0,0,0,11422,0,776,0,0.0,85172.21821
GHSL_UCDB_THEME_EMISSIONS_GLOBE_R2024A,EM_NOX_TRA_1980,11422,0,11422,0,0,0,11422,0,500,0,0.0,96191.55828
GHSL_UCDB_THEME_EMISSIONS_GLOBE_R2024A,EM_NOX_TRA_1985,11422,0,11422,0,0,0,11422,0,499,0,0.0,97391.21056
GHSL_UCDB_THEME_EMISSIONS_GLOBE_R2024A,EM_NOX_TRA_1990,11422,0,11422,0,0,0,11422,0,498,0,0.0,128123.0904
GHSL_UCDB_THEME_EMISSIONS_GLOBE_R2024A,EM_NOX_TRA_1995,11422,0,11422,0,0,0,11422,0,488,0,0.0,119749.9857
GHSL_UCDB_THEME_EMISSIONS_GLOBE_R2024A,EM_NOX_TRA_2000,11422,0,11422,0,0,0,11422,0,454,0,0.0,105857.9736
GHSL_UCDB_THEME_EMISSIONS_GLOBE_R2024A,EM_NOX_TRA_2005,11422,0,11422,0,0,0,11422,0,447,0,0.0,81810.27422
GHSL_UCDB_THEME_EMISSIONS_GLOBE_R2024A,EM_NOX_TRA_2010,11422,0,11422,0,0,0,11422,0,395,0,0.0,80469.58076
GHSL_UCDB_THEME_EMISSIONS_GLOBE_R2024A,EM_NOX_TRA_2015,11422,0,11422,0,0,0,11422,0,389,0,0.0,84758.86951
GHSL_UCDB_THEME_EMISSIONS_GLOBE_R2024A,EM_NOX_TRA_2020,11422,0,11422,0,0,0,11422,0,389,0,0.0,79740.38064
GHSL_UCDB_THEME_EMISSIONS_GLOBE_R2024A,EM_NOX_TRA_2024,11422,0,11422,0,0,0,11422,0,387,0,0.0,81363.7587
GHSL_UCDB_THEME_EMISSIONS_GLOBE_R2024A,EM_NOX_WAS_1975,11422,0,11422,0,0,0,11422,0,6252,0,0.0,4664.330581
GHSL_UCDB_THEME_EMISSIONS_GLOBE_R2024A,EM_NOX_WAS_1980,11422,0,11422,0,0,0,11422,0,6187,0,0.0,4898.104198
GHSL_UCDB_THEME_EMISSIONS_GLOBE_R2024A,EM_NOX_WAS_1985,11422,0,11422,0,0,0,11422,0,6167,0,0.0,5080.193321
GHSL_UCDB_THEME_EMISSIONS_GLOBE_R2024A,EM_NOX_WAS_1990,11422,0,11422,0,0,0,11422,0,6150,0,0.0,5204.986912
GHSL_UCDB_THEME_EMISSIONS_GLOBE_R2024A,EM_NOX_WAS_1995,11422,0,11422,0,0,0,11422,0,5665,0,0.0,5994.575726
GHSL_UCDB_THEME_EMISSIONS_GLOBE_R2024A,EM_NOX_WAS_2000,11422,0,11422,0,0,0,11422,0,5662,0,0.0,5281.867629
GHSL_UCDB_THEME_EMISSIONS_GLOBE_R2024A,EM_NOX_WAS_2005,11422,0,11422,0,0,0,11422,0,5771,0,0.0,3932.589382
GHSL_UCDB_THEME_EMISSIONS_GLOBE_R2024A,EM_NOX_WAS_2010,11422,0,11422,0,0,0,11422,0,5474,0,0.0,3312.288782
GHSL_UCDB_THEME_EMISSIONS_GLOBE_R2024A,EM_NOX_WAS_2015,11422,0,11422,0,0,0,11422,0,5711,0,0.0,3307.24776
GHSL_UCDB_THEME_EMISSIONS_GLOBE_R2024A,EM_NOX_WAS_2020,11422,0,11422,0,0,0,11422,0,5456,0,0.0,2587.797437
GHSL_UCDB_THEME_EMISSIONS_GLOBE_R2024A,EM_NOX_WAS_2024,11422,0,11422,0,0,0,11422,0,5456,0,0.0,2621.795368
GHSL_UCDB_THEME_EMISSIONS_GLOBE_R2024A,EM_NOX_INT_1975,11422,0,11422,0,0,0,11422,0,1937,0,0.0,11441.08574
GHSL_UCDB_THEME_EMISSIONS_GLOBE_R2024A,EM_NOX_INT_1980,11422,0,11422,0,0,0,11422,0,1935,0,0.0,12067.30212
GHSL_UCDB_THEME_EMISSIONS_GLOBE_R2024A,EM_NOX_INT_1985,11422,0,11422,0,0,0,11422,0,1937,0,0.0,10624.63444
GHSL_UCDB_THEME_EMISSIONS_GLOBE_R2024A,EM_NOX_INT_1990,11422,0,11422,0,0,0,11422,0,1937,0,0.0,12797.39973
GHSL_UCDB_THEME_EMISSIONS_GLOBE_R2024A,EM_NOX_INT_1995,11422,0,11422,0,0,0,11422,0,1937,0,0.0,14712.37018
GHSL_UCDB_THEME_EMISSIONS_GLOBE_R2024A,EM_NOX_INT_2000,11422,0,11422,0,0,0,11422,0,1937,0,0.0,17291.71514
GHSL_UCDB_THEME_EMISSIONS_GLOBE_R2024A,EM_NOX_INT_2005,11422,0,11422,0,0,0,11422,0,1937,0,0.0,20408.18724
GHSL_UCDB_THEME_EMISSIONS_GLOBE_R2024A,EM_NOX_INT_2010,11422,0,11422,0,0,0,11422,0,1937,0,0.0,23209.70896
GHSL_UCDB_THEME_EMISSIONS_GLOBE_R2024A,EM_NOX_INT_2015,11422,0,11422,0,0,0,11422,0,1927,0,0.0,45905.18622
GHSL_UCDB_THEME_EMISSIONS_GLOBE_R2024A,EM_NOX_INT_2020,11422,0,11422,0,0,0,11422,0,1930,0,0.0,22497.38439
GHSL_UCDB_THEME_EMISSIONS_GLOBE_R2024A,EM_NOX_INT_2024,11422,0,11422,0,0,0,11422,0,1930,0,0.0,26159.46808
GHSL_UCDB_THEME_EMISSIONS_GLOBE_R2024A,EM_PM2_AGR_1975,11422,0,11422,0,0,0,11422,0,8,0,0.0,2818.339113
GHSL_UCDB_THEME_EMISSIONS_GLOBE_R2024A,EM_PM2_AGR_1980,11422,0,11422,0,0,0,11422,0,8,0,0.0,3340.442232
GHSL_UCDB_THEME_EMISSIONS_GLOBE_R2024A,EM_PM2_AGR_1985,11422,0,11422,0,0,0,11422,0,6,0,0.0,4053.969688
GHSL_UCDB_THEME_EMISSIONS_GLOBE_R2024A,EM_PM2_AGR_1990,11422,0,11422,0,0,0,11422,0,5,0,0.0,4559.521621
GHSL_UCDB_THEME_EMISSIONS_GLOBE_R2024A,EM_PM2_AGR_1995,11422,0,11422,0,0,0,11422,0,5,0,0.0,5040.068799
GHSL_UCDB_THEME_EMISSIONS_GLOBE_R2024A,EM_PM2_AGR_2000,11422,0,11422,0,0,0,11422,0,5,0,0.0,5186.211209
GHSL_UCDB_THEME_EMISSIONS_GLOBE_R2024A,EM_PM2_AGR_2005,11422,0,11422,0,0,0,11422,0,5,0,0.0,5383.703574
GHSL_UCDB_THEME_EMISSIONS_GLOBE_R2024A,EM_PM2_AGR_2010,11422,0,11422,0,0,0,11422,0,5,0,0.0,5715.166641
GHSL_UCDB_THEME_EMISSIONS_GLOBE_R2024A,EM_PM2_AGR_2015,11422,0,11422,0,0,0,11422,0,5,0,0.0,5826.518803
GHSL_UCDB_THEME_EMISSIONS_GLOBE_R2024A,EM_PM2_AGR_2020,11422,0,11422,0,0,0,11422,0,5,0,0.0,5533.985726
GHSL_UCDB_THEME_EMISSIONS_GLOBE_R2024A,EM_PM2_AGR_2024,11422,0,11422,0,0,0,11422,0,5,0,0.0,5518.267118
GHSL_UCDB_THEME_EMISSIONS_GLOBE_R2024A,EM_PM2_ENE_1975,11422,0,11422,0,0,0,11422,0,8941,0,0.0,45333.35938
GHSL_UCDB_THEME_EMISSIONS_GLOBE_R2024A,EM_PM2_ENE_1980,11422,0,11422,0,0,0,11422,0,8880,0,0.0,48022.72595
GHSL_UCDB_THEME_EMISSIONS_GLOBE_R2024A,EM_PM2_ENE_1985,11422,0,11422,0,0,0,11422,0,8890,0,0.0,40605.44623
GHSL_UCDB_THEME_EMISSIONS_GLOBE_R2024A,EM_PM2_ENE_1990,11422,0,11422,0,0,0,11422,0,8943,0,0.0,63249.48828
GHSL_UCDB_THEME_EMISSIONS_GLOBE_R2024A,EM_PM2_ENE_1995,11422,0,11422,0,0,0,11422,0,8849,0,0.0,54207.45286
GHSL_UCDB_THEME_EMISSIONS_GLOBE_R2024A,EM_PM2_ENE_2000,11422,0,11422,0,0,0,11422,0,8900,0,0.0,33935.94531
GHSL_UCDB_THEME_EMISSIONS_GLOBE_R2024A,EM_PM2_ENE_2005,11422,0,11422,0,0,0,11422,0,8780,0,0.0,31075.97266
GHSL_UCDB_THEME_EMISSIONS_GLOBE_R2024A,EM_PM2_ENE_2010,11422,0,11422,0,0,0,11422,0,8857,0,0.0,24465.48047
GHSL_UCDB_THEME_EMISSIONS_GLOBE_R2024A,EM_PM2_ENE_2015,11422,0,11422,0,0,0,11422,0,8876,0,0.0,24207.63477
GHSL_UCDB_THEME_EMISSIONS_GLOBE_R2024A,EM_PM2_ENE_2020,11422,0,11422,0,0,0,11422,0,8809,0,0.0,25910.80664
GHSL_UCDB_THEME_EMISSIONS_GLOBE_R2024A,EM_PM2_ENE_2024,11422,0,11422,0,0,0,11422,0,8756,0,0.0,25772.41211
GHSL_UCDB_THEME_EMISSIONS_GLOBE_R2024A,EM_PM2_IND_1975,11422,0,11422,0,0,0,11422,0,1708,0,0.0,40863.51875
GHSL_UCDB_THEME_EMISSIONS_GLOBE_R2024A,EM_PM2_IND_1980,11422,0,11422,0,0,0,11422,0,1544,0,0.0,52073.06364
GHSL_UCDB_THEME_EMISSIONS_GLOBE_R2024A,EM_PM2_IND_1985,11422,0,11422,0,0,0,11422,0,1460,0,0.0,52311.76058
GHSL_UCDB_THEME_EMISSIONS_GLOBE_R2024A,EM_PM2_IND_1990,11422,0,11422,0,0,0,11422,0,1405,0,0.0,60967.8344
GHSL_UCDB_THEME_EMISSIONS_GLOBE_R2024A,EM_PM2_IND_1995,11422,0,11422,0,0,0,11422,0,1357,0,0.0,84429.63704
GHSL_UCDB_THEME_EMISSIONS_GLOBE_R2024A,EM_PM2_IND_2000,11422,0,11422,0,0,0,11422,0,1340,0,0.0,80519.84731
GHSL_UCDB_THEME_EMISSIONS_GLOBE_R2024A,EM_PM2_IND_2005,11422,0,11422,0,0,0,11422,0,1273,0,0.0,136597.0294
GHSL_UCDB_THEME_EMISSIONS_GLOBE_R2024A,EM_PM2_IND_2010,11422,0,11422,0,0,0,11422,0,1241,0,0.0,228640.0454
GHSL_UCDB_THEME_EMISSIONS_GLOBE_R2024A,EM_PM2_IND_2015,11422,0,11422,0,0,0,11422,0,1210,0,0.0,229166.9551
GHSL_UCDB_THEME_EMISSIONS_GLOBE_R2024A,EM_PM2_IND_2020,11422,0,11422,0,0,0,11422,0,1188,0,0.0,124377.5297
GHSL_UCDB_THEME_EMISSIONS_GLOBE_R2024A,EM_PM2_IND_2024,11422,0,11422,0,0,0,11422,0,1190,0,0.0,169336.7634
GHSL_UCDB_THEME_EMISSIONS_GLOBE_R2024A,EM_PM2_RES_1975,11422,0,11422,0,0,0,11422,0,15,0,0.0,54450.43892
GHSL_UCDB_THEME_EMISSIONS_GLOBE_R2024A,EM_PM2_RES_1980,11422,0,11422,0,0,0,11422,0,15,0,0.0,60782.78771
GHSL_UCDB_THEME_EMISSIONS_GLOBE_R2024A,EM_PM2_RES_1985,11422,0,11422,0,0,0,11422,0,2,0,0.0,57790.16856
GHSL_UCDB_THEME_EMISSIONS_GLOBE_R2024A,EM_PM2_RES_1990,11422,0,11422,0,0,0,11422,0,2,0,0.0,46325.04756
GHSL_UCDB_THEME_EMISSIONS_GLOBE_R2024A,EM_PM2_RES_1995,11422,0,11422,0,0,0,11422,0,2,0,0.0,44831.88953
GHSL_UCDB_THEME_EMISSIONS_GLOBE_R2024A,EM_PM2_RES_2000,11422,0,11422,0,0,0,11422,0,2,0,0.0,69281.66824
GHSL_UCDB_THEME_EMISSIONS_GLOBE_R2024A,EM_PM2_RES_2005,11422,0,11422,0,0,0,11422,0,2,0,0.0,74234.68789
GHSL_UCDB_THEME_EMISSIONS_GLOBE_R2024A,EM_PM2_RES_2010,11422,0,11422,0,0,0,11422,0,1,0,0.0,62722.63762
GHSL_UCDB_THEME_EMISSIONS_GLOBE_R2024A,EM_PM2_RES_2015,11422,0,11422,0,0,0,11422,0,2,0,0.0,56887.27713
GHSL_UCDB_THEME_EMISSIONS_GLOBE_R2024A,EM_PM2_RES_2020,11422,0,11422,0,0,0,11422,0,2,0,0.0,40310.29195
GHSL_UCDB_THEME_EMISSIONS_GLOBE_R2024A,EM_PM2_RES_2024,11422,0,11422,0,0,0,11422,0,2,0,0.0,42267.28138
GHSL_UCDB_THEME_EMISSIONS_GLOBE_R2024A,EM_PM2_TRA_1975,11422,0,11422,0,0,0,11422,0,776,0,0.0,2598.546119
GHSL_UCDB_THEME_EMISSIONS_GLOBE_R2024A,EM_PM2_TRA_1980,11422,0,11422,0,0,0,11422,0,500,0,0.0,3405.99354
GHSL_UCDB_THEME_EMISSIONS_GLOBE_R2024A,EM_PM2_TRA_1985,11422,0,11422,0,0,0,11422,0,499,0,0.0,3832.949122
GHSL_UCDB_THEME_EMISSIONS_GLOBE_R2024A,EM_PM2_TRA_1990,11422,0,11422,0,0,0,11422,0,498,0,0.0,6249.429146
GHSL_UCDB_THEME_EMISSIONS_GLOBE_R2024A,EM_PM2_TRA_1995,11422,0,11422,0,0,0,11422,0,488,0,0.0,6728.799069
GHSL_UCDB_THEME_EMISSIONS_GLOBE_R2024A,EM_PM2_TRA_2000,11422,0,11422,0,0,0,11422,0,454,0,0.0,4336.657745
GHSL_UCDB_THEME_EMISSIONS_GLOBE_R2024A,EM_PM2_TRA_2005,11422,0,11422,0,0,0,11422,0,447,0,0.0,4159.890436
GHSL_UCDB_THEME_EMISSIONS_GLOBE_R2024A,EM_PM2_TRA_2010,11422,0,11422,0,0,0,11422,0,395,0,0.0,4363.517821
GHSL_UCDB_THEME_EMISSIONS_GLOBE_R2024A,EM_PM2_TRA_2015,11422,0,11422,0,0,0,11422,0,389,0,0.0,4618.700131
GHSL_UCDB_THEME_EMISSIONS_GLOBE_R2024A,EM_PM2_TRA_2020,11422,0,11422,0,0,0,11422,0,389,0,0.0,5007.196926
GHSL_UCDB_THEME_EMISSIONS_GLOBE_R2024A,EM_PM2_TRA_2024,11422,0,11422,0,0,0,11422,0,387,0,0.0,4930.109724
GHSL_UCDB_THEME_EMISSIONS_GLOBE_R2024A,EM_PM2_INT_1975,11422,0,11422,0,0,0,11422,0,1937,0,0.0,1122.761394
GHSL_UCDB_THEME_EMISSIONS_GLOBE_R2024A,EM_PM2_INT_1980,11422,0,11422,0,0,0,11422,0,1935,0,0.0,1176.238476
GHSL_UCDB_THEME_EMISSIONS_GLOBE_R2024A,EM_PM2_INT_1985,11422,0,11422,0,0,0,11422,0,1937,0,0.0,1013.013524
GHSL_UCDB_THEME_EMISSIONS_GLOBE_R2024A,EM_PM2_INT_1990,11422,0,11422,0,0,0,11422,0,1937,0,0.0,1229.871449
GHSL_UCDB_THEME_EMISSIONS_GLOBE_R2024A,EM_PM2_INT_1995,11422,0,11422,0,0,0,11422,0,1937,0,0.0,1422.265942
GHSL_UCDB_THEME_EMISSIONS_GLOBE_R2024A,EM_PM2_INT_2000,11422,0,11422,0,0,0,11422,0,1937,0,0.0,1665.136835
GHSL_UCDB_THEME_EMISSIONS_GLOBE_R2024A,EM_PM2_INT_2005,11422,0,11422,0,0,0,11422,0,1937,0,0.0,1969.442764
GHSL_UCDB_THEME_EMISSIONS_GLOBE_R2024A,EM_PM2_INT_2010,11422,0,11422,0,0,0,11422,0,1937,0,0.0,2244.179272
GHSL_UCDB_THEME_EMISSIONS_GLOBE_R2024A,EM_PM2_INT_2015,11422,0,11422,0,0,0,11422,0,1927,0,0.0,4991.492763
GHSL_UCDB_THEME_EMISSIONS_GLOBE_R2024A,EM_PM2_INT_2020,11422,0,11422,0,0,0,11422,0,1930,0,0.0,2261.141038
GHSL_UCDB_THEME_EMISSIONS_GLOBE_R2024A,EM_PM2_INT_2024,11422,0,11422,0,0,0,11422,0,1930,0,0.0,2490.225717
GHSL_UCDB_THEME_EMISSIONS_GLOBE_R2024A,EM_CO2_TOT_1975,11422,0,11422,0,0,0,11422,0,0,0,0.180787723,122679197.6
GHSL_UCDB_THEME_EMISSIONS_GLOBE_R2024A,EM_GHG_TOT_1975,11422,0,11422,0,0,0,11422,0,0,0,4.725652429,128348125.5
GHSL_UCDB_THEME_EMISSIONS_GLOBE_R2024A,EM_NOX_TOT_1975,11422,0,11422,0,0,0,11422,0,0,0,0.008396819,286068.9978
GHSL_UCDB_THEME_EMISSIONS_GLOBE_R2024A,EM_PM2_TOT_1975,11422,0,11422,0,0,0,11422,0,0,0,0.018479117,77468.43431
GHSL_UCDB_THEME_EMISSIONS_GLOBE_R2024A,EM_CO2_TOT_1990,11422,0,11422,0,0,0,11422,0,0,0,4.753604136,151555573.4
GHSL_UCDB_THEME_EMISSIONS_GLOBE_R2024A,EM_GHG_TOT_1990,11422,0,11422,0,0,0,11422,0,0,0,35.58478048,161878154.5
GHSL_UCDB_THEME_EMISSIONS_GLOBE_R2024A,EM_NOX_TOT_1990,11422,0,11422,0,0,0,11422,0,0,0,0.085409938,300851.1174
GHSL_UCDB_THEME_EMISSIONS_GLOBE_R2024A,EM_PM2_TOT_1990,11422,0,11422,0,0,0,11422,0,0,0,0.125687009,137212.9349
GHSL_UCDB_THEME_EMISSIONS_GLOBE_R2024A,EM_CO2_TOT_2000,11422,0,11422,0,0,0,11422,0,0,0,11.31499716,157441254.8
GHSL_UCDB_THEME_EMISSIONS_GLOBE_R2024A,EM_GHG_TOT_2000,11422,0,11422,0,0,0,11422,0,0,0,183.0565226,169581326.5
GHSL_UCDB_THEME_EMISSIONS_GLOBE_R2024A,EM_NOX_TOT_2000,11422,0,11422,0,0,0,11422,0,0,0,0.683339086,304212.591
GHSL_UCDB_THEME_EMISSIONS_GLOBE_R2024A,EM_PM2_TOT_2000,11422,0,11422,0,0,0,11422,0,0,0,0.329712898,151648.1162
GHSL_UCDB_THEME_EMISSIONS_GLOBE_R2024A,EM_CO2_TOT_2005,11422,0,11422,0,0,0,11422,0,0,0,22.35294259,156645127.4
GHSL_UCDB_THEME_EMISSIONS_GLOBE_R2024A,EM_GHG_TOT_2005,11422,0,11422,0,0,0,11422,0,0,0,463.3589061,165921810.9
GHSL_UCDB_THEME_EMISSIONS_GLOBE_R2024A,EM_NOX_TOT_2005,11422,0,11422,0,0,0,11422,0,0,0,1.157006482,463983.5581
GHSL_UCDB_THEME_EMISSIONS_GLOBE_R2024A,EM_PM2_TOT_2005,11422,0,11422,0,0,0,11422,0,0,0,0.316172538,198311.8465
GHSL_UCDB_THEME_EMISSIONS_GLOBE_R2024A,EM_CO2_TOT_2010,11422,0,11422,0,0,0,11422,0,0,0,25.64421975,190034681.0
GHSL_UCDB_THEME_EMISSIONS_GLOBE_R2024A,EM_GHG_TOT_2010,11422,0,11422,0,0,0,11422,0,0,0,965.4432978,208068287.8
GHSL_UCDB_THEME_EMISSIONS_GLOBE_R2024A,EM_NOX_TOT_2010,11422,0,11422,0,0,0,11422,0,0,0,2.022082862,537707.6021
GHSL_UCDB_THEME_EMISSIONS_GLOBE_R2024A,EM_PM2_TOT_2010,11422,0,11422,0,0,0,11422,0,0,0,0.236932591,279773.2952
GHSL_UCDB_THEME_EMISSIONS_GLOBE_R2024A,EM_CO2_TOT_2015,11422,0,11422,0,0,0,11422,0,0,0,29.15172602,213017804.0
GHSL_UCDB_THEME_EMISSIONS_GLOBE_R2024A,EM_GHG_TOT_2015,11422,0,11422,0,0,0,11422,0,0,0,1511.532556,233970750.7
GHSL_UCDB_THEME_EMISSIONS_GLOBE_R2024A,EM_NOX_TOT_2015,11422,0,11422,0,0,0,11422,0,0,0,2.912463409,447287.3405
GHSL_UCDB_THEME_EMISSIONS_GLOBE_R2024A,EM_PM2_TOT_2015,11422,0,11422,0,0,0,11422,0,0,0,0.25423083,280455.7292
GHSL_UCDB_THEME_EMISSIONS_GLOBE_R2024A,EM_CO2_TOT_2020,11422,0,11422,0,0,0,11422,0,0,0,19.28153735,212010800.5
GHSL_UCDB_THEME_EMISSIONS_GLOBE_R2024A,EM_GHG_TOT_2020,11422,0,11422,0,0,0,11422,0,0,0,2161.982128,233230499.9
GHSL_UCDB_THEME_EMISSIONS_GLOBE_R2024A,EM_NOX_TOT_2020,11422,0,11422,0,0,0,11422,0,0,0,2.650210968,307777.8788
GHSL_UCDB_THEME_EMISSIONS_GLOBE_R2024A,EM_PM2_TOT_2020,11422,0,11422,0,0,0,11422,0,0,0,0.150412956,163564.3318
GHSL_UCDB_THEME_EMISSIONS_GLOBE_R2024A,EM_CO2_TOT_2024,11422,0,11422,0,0,0,11422,0,0,0,33.13636031,234821535.2
GHSL_UCDB_THEME_EMISSIONS_GLOBE_R2024A,EM_GHG_TOT_2024,11422,0,11422,0,0,0,11422,0,0,0,2100.579423,255902220.6
GHSL_UCDB_THEME_EMISSIONS_GLOBE_R2024A,EM_NOX_TOT_2024,11422,0,11422,0,0,0,11422,0,0,0,3.653281602,366233.2825
GHSL_UCDB_THEME_EMISSIONS_GLOBE_R2024A,EM_PM2_TOT_2024,11422,0,11422,0,0,0,11422,0,0,0,0.211678727,206034.9671
GHSL_UCDB_THEME_EMISSIONS_GLOBE_R2024A,EM_CO2_PEC_1975,11422,0,11422,0,0,0,11422,0,0,0,0.001824874,129041.8956
GHSL_UCDB_THEME_EMISSIONS_GLOBE_R2024A,EM_GHG_PEC_1975,11422,0,11422,0,0,0,11422,0,0,0,0.032913475,200735.1665
GHSL_UCDB_THEME_EMISSIONS_GLOBE_R2024A,EM_NOX_PEC_1975,11422,0,11422,0,0,0,11422,0,0,0,5.98e-05,942.0196917
GHSL_UCDB_THEME_EMISSIONS_GLOBE_R2024A,EM_PM2_PEC_1975,11422,0,11422,0,0,0,11422,0,0,0,1.34e-05,28.66729529
GHSL_UCDB_THEME_EMISSIONS_GLOBE_R2024A,EM_CO2_PEC_1990,11422,0,11422,0,0,0,11422,0,0,0,0.001204007,586.8440002
GHSL_UCDB_THEME_EMISSIONS_GLOBE_R2024A,EM_GHG_PEC_1990,11422,0,11422,0,0,0,11422,0,0,0,0.039443468,2413.668022
GHSL_UCDB_THEME_EMISSIONS_GLOBE_R2024A,EM_NOX_PEC_1990,11422,0,11422,0,0,0,11422,0,0,0,6.23e-05,1.516235759
GHSL_UCDB_THEME_EMISSIONS_GLOBE_R2024A,EM_PM2_PEC_1990,11422,0,11422,0,0,0,11422,0,0,0,9.77e-06,0.959936186
GHSL_UCDB_THEME_EMISSIONS_GLOBE_R2024A,EM_CO2_PEC_2000,11422,0,11422,0,0,0,11422,0,0,0,0.000872253,263.3976385
GHSL_UCDB_THEME_EMISSIONS_GLOBE_R2024A,EM_GHG_PEC_2000,11422,0,11422,0,0,0,11422,0,0,0,0.016554465,442.3587893
GHSL_UCDB_THEME_EMISSIONS_GLOBE_R2024A,EM_NOX_PEC_2000,11422,0,11422,0,0,0,11422,0,0,0,4.69e-05,0.752186004
GHSL_UCDB_THEME_EMISSIONS_GLOBE_R2024A,EM_PM2_PEC_2000,11422,0,11422,0,0,0,11422,0,0,0,1.23e-05,0.215414649
GHSL_UCDB_THEME_EMISSIONS_GLOBE_R2024A,EM_CO2_PEC_2005,11422,0,11422,0,0,0,11422,0,0,0,0.001154302,272.5501089
GHSL_UCDB_THEME_EMISSIONS_GLOBE_R2024A,EM_GHG_PEC_2005,11422,0,11422,0,0,0,11422,0,0,0,0.014778111,406.8131348
GHSL_UCDB_THEME_EMISSIONS_GLOBE_R2024A,EM_NOX_PEC_2005,11422,0,11422,0,0,0,11422,0,0,0,4.45e-05,0.905529289
GHSL_UCDB_THEME_EMISSIONS_GLOBE_R2024A,EM_PM2_PEC_2005,11422,0,11422,0,0,0,11422,0,0,0,9.33e-06,0.2287939
GHSL_UCDB_THEME_EMISSIONS_GLOBE_R2024A,EM_CO2_PEC_2010,11422,0,11422,0,0,0,11422,0,0,0,0.000911109,308.7084861
GHSL_UCDB_THEME_EMISSIONS_GLOBE_R2024A,EM_GHG_PEC_2010,11422,0,11422,0,0,0,11422,0,0,0,0.024377204,358.3873879
GHSL_UCDB_THEME_EMISSIONS_GLOBE_R2024A,EM_NOX_PEC_2010,11422,0,11422,0,0,0,11422,0,0,0,5.28e-05,0.822199746
GHSL_UCDB_THEME_EMISSIONS_GLOBE_R2024A,EM_PM2_PEC_2010,11422,0,11422,0,0,0,11422,0,0,0,6.2e-06,0.290018099
GHSL_UCDB_THEME_EMISSIONS_GLOBE_R2024A,EM_CO2_PEC_2015,11422,0,11422,0,0,0,11422,0,0,0,0.000564909,334.6113279
GHSL_UCDB_THEME_EMISSIONS_GLOBE_R2024A,EM_GHG_PEC_2015,11422,0,11422,0,0,0,11422,0,0,0,0.031239523,397.5746066
GHSL_UCDB_THEME_EMISSIONS_GLOBE_R2024A,EM_NOX_PEC_2015,11422,0,11422,0,0,0,11422,0,0,0,6.24e-05,0.712250262
GHSL_UCDB_THEME_EMISSIONS_GLOBE_R2024A,EM_PM2_PEC_2015,11422,0,11422,0,0,0,11422,0,0,0,6.08e-06,0.416626887
GHSL_UCDB_THEME_EMISSIONS_GLOBE_R2024A,EM_CO2_PEC_2020,11422,0,11422,0,0,0,11422,0,0,0,0.00045811,435.579315
GHSL_UCDB_THEME_EMISSIONS_GLOBE_R2024A,EM_GHG_PEC_2020,11422,0,11422,0,0,0,11422,0,0,0,0.036948673,453.3509181
GHSL_UCDB_THEME_EMISSIONS_GLOBE_R2024A,EM_NOX_PEC_2020,11422,0,11422,0,0,0,11422,0,0,0,5.27e-05,0.780006528
GHSL_UCDB_THEME_EMISSIONS_GLOBE_R2024A,EM_PM2_PEC_2020,11422,0,11422,0,0,0,11422,0,0,0,2.99e-06,0.461288896
GHSL_UCDB_THEME_EMISSIONS_GLOBE_R2024A,EM_CO2_SAG_1975,11422,0,11422,0,0,0,11422,0,1703,0,0.0,27.79809865
GHSL_UCDB_THEME_EMISSIONS_GLOBE_R2024A,EM_CO2_SEN_1975,11422,0,11422,0,0,0,11422,0,8944,0,0.0,99.72171077
GHSL_UCDB_THEME_EMISSIONS_GLOBE_R2024A,EM_CO2_SIN_1975,11422,0,11422,0,0,0,11422,0,0,0,0.001710919,99.96829276
GHSL_UCDB_THEME_EMISSIONS_GLOBE_R2024A,EM_CO2_SRE_1975,11422,0,11422,0,0,0,11422,0,37,0,0.0,99.95710847
GHSL_UCDB_THEME_EMISSIONS_GLOBE_R2024A,EM_CO2_STR_1975,11422,0,11422,0,0,0,11422,0,776,0,0.0,99.94811971
GHSL_UCDB_THEME_EMISSIONS_GLOBE_R2024A,EM_CO2_SIT_1975,11422,0,11422,0,0,0,11422,0,1937,0,0.0,98.27535354
GHSL_UCDB_THEME_EMISSIONS_GLOBE_R2024A,EM_CO2_SWA_1975,11422,0,11422,0,0,0,11422,0,6293,0,0.0,7.281752788
GHSL_UCDB_THEME_EMISSIONS_GLOBE_R2024A,EM_GHG_SAG_1975,11422,0,11422,0,0,0,11422,0,3,0,0.0,99.97207229
GHSL_UCDB_THEME_EMISSIONS_GLOBE_R2024A,EM_GHG_SEN_1975,11422,0,11422,0,0,0,11422,0,8941,0,0.0,99.32335628
GHSL_UCDB_THEME_EMISSIONS_GLOBE_R2024A,EM_GHG_SIN_1975,11422,0,11422,0,0,0,11422,0,0,0,0.001985032,99.90103958
GHSL_UCDB_THEME_EMISSIONS_GLOBE_R2024A,EM_GHG_SRE_1975,11422,0,11422,0,0,0,11422,0,15,0,0.0,99.47957516
GHSL_UCDB_THEME_EMISSIONS_GLOBE_R2024A,EM_GHG_STR_1975,11422,0,11422,0,0,0,11422,0,776,0,0.0,90.91911235
GHSL_UCDB_THEME_EMISSIONS_GLOBE_R2024A,EM_GHG_SIT_1975,11422,0,11422,0,0,0,11422,0,1937,0,0.0,72.77941063
GHSL_UCDB_THEME_EMISSIONS_GLOBE_R2024A,EM_GHG_SWA_1975,11422,0,11422,0,0,0,11422,0,1906,0,0.0,87.48582057
GHSL_UCDB_THEME_EMISSIONS_GLOBE_R2024A,EM_NOX_SAG_1975,11422,0,11422,0,0,0,11422,0,13,0,0.0,97.5283078
GHSL_UCDB_THEME_EMISSIONS_GLOBE_R2024A,EM_NOX_SEN_1975,11422,0,11422,0,0,0,11422,0,8941,0,0.0,99.28598828
GHSL_UCDB_THEME_EMISSIONS_GLOBE_R2024A,EM_NOX_SIN_1975,11422,0,11422,0,0,0,11422,0,1708,0,0.0,99.91238466
GHSL_UCDB_THEME_EMISSIONS_GLOBE_R2024A,EM_NOX_SRE_1975,11422,0,11422,0,0,0,11422,0,15,0,0.0,99.9995843
GHSL_UCDB_THEME_EMISSIONS_GLOBE_R2024A,EM_NOX_STR_1975,11422,0,11422,0,0,0,11422,0,776,0,0.0,97.98898068
GHSL_UCDB_THEME_EMISSIONS_GLOBE_R2024A,EM_NOX_SIT_1975,11422,0,11422,0,0,0,11422,0,1937,0,0.0,99.7785881
GHSL_UCDB_THEME_EMISSIONS_GLOBE_R2024A,EM_NOX_SWA_1975,11422,0,11422,0,0,0,11422,0,6252,0,0.0,35.53526571
GHSL_UCDB_THEME_EMISSIONS_GLOBE_R2024A,EM_PM2_SAG_1975,11422,0,11422,0,0,0,11422,0,8,0,0.0,99.79166792
GHSL_UCDB_THEME_EMISSIONS_GLOBE_R2024A,EM_PM2_SEN_1975,11422,0,11422,0,0,0,11422,0,8941,0,0.0,98.2519338
GHSL_UCDB_THEME_EMISSIONS_GLOBE_R2024A,EM_PM2_SIN_1975,11422,0,11422,0,0,0,11422,0,1708,0,0.0,99.5121253
GHSL_UCDB_THEME_EMISSIONS_GLOBE_R2024A,EM_PM2_SRE_1975,11422,0,11422,0,0,0,11422,0,15,0,0.0,99.99992177
GHSL_UCDB_THEME_EMISSIONS_GLOBE_R2024A,EM_PM2_STR_1975,11422,0,11422,0,0,0,11422,0,776,0,0.0,97.68954999
GHSL_UCDB_THEME_EMISSIONS_GLOBE_R2024A,EM_PM2_SIT_1975,11422,0,11422,0,0,0,11422,0,1937,0,0.0,99.93776349
GHSL_UCDB_THEME_EMISSIONS_GLOBE_R2024A,EM_CO2_SAG_1990,11422,0,11422,0,0,0,11422,0,1624,0,0.0,29.4205291
GHSL_UCDB_THEME_EMISSIONS_GLOBE_R2024A,EM_CO2_SEN_1990,11422,0,11422,0,0,0,11422,0,8947,0,0.0,99.62618353
GHSL_UCDB_THEME_EMISSIONS_GLOBE_R2024A,EM_CO2_SIN_1990,11422,0,11422,0,0,0,11422,0,0,0,0.015267758,99.92311882
GHSL_UCDB_THEME_EMISSIONS_GLOBE_R2024A,EM_CO2_SRE_1990,11422,0,11422,0,0,0,11422,0,2,0,0.0,99.64631685
GHSL_UCDB_THEME_EMISSIONS_GLOBE_R2024A,EM_CO2_STR_1990,11422,0,11422,0,0,0,11422,0,498,0,0.0,99.62601533
GHSL_UCDB_THEME_EMISSIONS_GLOBE_R2024A,EM_CO2_SIT_1990,11422,0,11422,0,0,0,11422,0,1937,0,0.0,97.96478983
GHSL_UCDB_THEME_EMISSIONS_GLOBE_R2024A,EM_CO2_SWA_1990,11422,0,11422,0,0,0,11422,0,6191,0,0.0,10.732078
GHSL_UCDB_THEME_EMISSIONS_GLOBE_R2024A,EM_GHG_SAG_1990,11422,0,11422,0,0,0,11422,0,2,0,0.0,99.95844407
GHSL_UCDB_THEME_EMISSIONS_GLOBE_R2024A,EM_GHG_SEN_1990,11422,0,11422,0,0,0,11422,0,8943,0,0.0,99.42797522
GHSL_UCDB_THEME_EMISSIONS_GLOBE_R2024A,EM_GHG_SIN_1990,11422,0,11422,0,0,0,11422,0,0,0,0.004380652,99.77918254
GHSL_UCDB_THEME_EMISSIONS_GLOBE_R2024A,EM_GHG_SRE_1990,11422,0,11422,0,0,0,11422,0,2,0,0.0,98.97061163
GHSL_UCDB_THEME_EMISSIONS_GLOBE_R2024A,EM_GHG_STR_1990,11422,0,11422,0,0,0,11422,0,498,0,0.0,82.235983
GHSL_UCDB_THEME_EMISSIONS_GLOBE_R2024A,EM_GHG_SIT_1990,11422,0,11422,0,0,0,11422,0,1937,0,0.0,65.84800953
GHSL_UCDB_THEME_EMISSIONS_GLOBE_R2024A,EM_GHG_SWA_1990,11422,0,11422,0,0,0,11422,0,1561,0,0.0,84.14786444
GHSL_UCDB_THEME_EMISSIONS_GLOBE_R2024A,EM_NOX_SAG_1990,11422,0,11422,0,0,0,11422,0,13,0,0.0,96.71049374
GHSL_UCDB_THEME_EMISSIONS_GLOBE_R2024A,EM_NOX_SEN_1990,11422,0,11422,0,0,0,11422,0,8943,0,0.0,99.57793705
GHSL_UCDB_THEME_EMISSIONS_GLOBE_R2024A,EM_NOX_SIN_1990,11422,0,11422,0,0,0,11422,0,1405,0,0.0,99.81042033
GHSL_UCDB_THEME_EMISSIONS_GLOBE_R2024A,EM_NOX_SRE_1990,11422,0,11422,0,0,0,11422,0,2,0,0.0,100.0
GHSL_UCDB_THEME_EMISSIONS_GLOBE_R2024A,EM_NOX_STR_1990,11422,0,11422,0,0,0,11422,0,498,0,0.0,98.17876753
GHSL_UCDB_THEME_EMISSIONS_GLOBE_R2024A,EM_NOX_SIT_1990,11422,0,11422,0,0,0,11422,0,1937,0,0.0,99.70874631
GHSL_UCDB_THEME_EMISSIONS_GLOBE_R2024A,EM_NOX_SWA_1990,11422,0,11422,0,0,0,11422,0,6150,0,0.0,28.23580364
GHSL_UCDB_THEME_EMISSIONS_GLOBE_R2024A,EM_PM2_SAG_1990,11422,0,11422,0,0,0,11422,0,5,0,0.0,97.21955734
GHSL_UCDB_THEME_EMISSIONS_GLOBE_R2024A,EM_PM2_SEN_1990,11422,0,11422,0,0,0,11422,0,8943,0,0.0,97.61567209
GHSL_UCDB_THEME_EMISSIONS_GLOBE_R2024A,EM_PM2_SIN_1990,11422,0,11422,0,0,0,11422,0,1405,0,0.0,99.39494034
GHSL_UCDB_THEME_EMISSIONS_GLOBE_R2024A,EM_PM2_SRE_1990,11422,0,11422,0,0,0,11422,0,2,0,0.0,99.99994587
GHSL_UCDB_THEME_EMISSIONS_GLOBE_R2024A,EM_PM2_STR_1990,11422,0,11422,0,0,0,11422,0,498,0,0.0,98.02591108
GHSL_UCDB_THEME_EMISSIONS_GLOBE_R2024A,EM_PM2_SIT_1990,11422,0,11422,0,0,0,11422,0,1937,0,0.0,99.91993014
GHSL_UCDB_THEME_EMISSIONS_GLOBE_R2024A,EM_CO2_SAG_2000,11422,0,11422,0,0,0,11422,0,1395,0,0.0,30.2577842
GHSL_UCDB_THEME_EMISSIONS_GLOBE_R2024A,EM_CO2_SEN_2000,11422,0,11422,0,0,0,11422,0,8913,0,0.0,99.75474841
GHSL_UCDB_THEME_EMISSIONS_GLOBE_R2024A,EM_CO2_SIN_2000,11422,0,11422,0,0,0,11422,0,0,0,0.023733042,99.88481711
GHSL_UCDB_THEME_EMISSIONS_GLOBE_R2024A,EM_CO2_SRE_2000,11422,0,11422,0,0,0,11422,0,2,0,0.0,99.77254895
GHSL_UCDB_THEME_EMISSIONS_GLOBE_R2024A,EM_CO2_STR_2000,11422,0,11422,0,0,0,11422,0,454,0,0.0,95.34998227
GHSL_UCDB_THEME_EMISSIONS_GLOBE_R2024A,EM_CO2_SIT_2000,11422,0,11422,0,0,0,11422,0,1937,0,0.0,96.41170903
GHSL_UCDB_THEME_EMISSIONS_GLOBE_R2024A,EM_CO2_SWA_2000,11422,0,11422,0,0,0,11422,0,6170,0,0.0,12.40108935
GHSL_UCDB_THEME_EMISSIONS_GLOBE_R2024A,EM_GHG_SAG_2000,11422,0,11422,0,0,0,11422,0,2,0,0.0,99.94258494
GHSL_UCDB_THEME_EMISSIONS_GLOBE_R2024A,EM_GHG_SEN_2000,11422,0,11422,0,0,0,11422,0,8900,0,0.0,99.61276803
GHSL_UCDB_THEME_EMISSIONS_GLOBE_R2024A,EM_GHG_SIN_2000,11422,0,11422,0,0,0,11422,0,0,0,0.005117885,99.80704271
GHSL_UCDB_THEME_EMISSIONS_GLOBE_R2024A,EM_GHG_SRE_2000,11422,0,11422,0,0,0,11422,0,2,0,0.0,99.01915066
GHSL_UCDB_THEME_EMISSIONS_GLOBE_R2024A,EM_GHG_STR_2000,11422,0,11422,0,0,0,11422,0,454,0,0.0,77.93525463
GHSL_UCDB_THEME_EMISSIONS_GLOBE_R2024A,EM_GHG_SIT_2000,11422,0,11422,0,0,0,11422,0,1937,0,0.0,63.98526381
GHSL_UCDB_THEME_EMISSIONS_GLOBE_R2024A,EM_GHG_SWA_2000,11422,0,11422,0,0,0,11422,0,1492,0,0.0,84.48854544
GHSL_UCDB_THEME_EMISSIONS_GLOBE_R2024A,EM_NOX_SAG_2000,11422,0,11422,0,0,0,11422,0,12,0,0.0,95.696576
GHSL_UCDB_THEME_EMISSIONS_GLOBE_R2024A,EM_NOX_SEN_2000,11422,0,11422,0,0,0,11422,0,8900,0,0.0,99.7077764
GHSL_UCDB_THEME_EMISSIONS_GLOBE_R2024A,EM_NOX_SIN_2000,11422,0,11422,0,0,0,11422,0,1340,0,0.0,99.7282503
GHSL_UCDB_THEME_EMISSIONS_GLOBE_R2024A,EM_NOX_SRE_2000,11422,0,11422,0,0,0,11422,0,2,0,0.0,100.0
GHSL_UCDB_THEME_EMISSIONS_GLOBE_R2024A,EM_NOX_STR_2000,11422,0,11422,0,0,0,11422,0,454,0,0.0,96.26265233
GHSL_UCDB_THEME_EMISSIONS_GLOBE_R2024A,EM_NOX_SIT_2000,11422,0,11422,0,0,0,11422,0,1937,0,0.0,99.20153247
GHSL_UCDB_THEME_EMISSIONS_GLOBE_R2024A,EM_NOX_SWA_2000,11422,0,11422,0,0,0,11422,0,5662,0,0.0,27.07718737
GHSL_UCDB_THEME_EMISSIONS_GLOBE_R2024A,EM_PM2_SAG_2000,11422,0,11422,0,0,0,11422,0,5,0,0.0,90.2872692
GHSL_UCDB_THEME_EMISSIONS_GLOBE_R2024A,EM_PM2_SEN_2000,11422,0,11422,0,0,0,11422,0,8900,0,0.0,99.19525944
GHSL_UCDB_THEME_EMISSIONS_GLOBE_R2024A,EM_PM2_SIN_2000,11422,0,11422,0,0,0,11422,0,1340,0,0.0,99.10740579
GHSL_UCDB_THEME_EMISSIONS_GLOBE_R2024A,EM_PM2_SRE_2000,11422,0,11422,0,0,0,11422,0,2,0,0.0,99.99996125
GHSL_UCDB_THEME_EMISSIONS_GLOBE_R2024A,EM_PM2_STR_2000,11422,0,11422,0,0,0,11422,0,454,0,0.0,94.45571494
GHSL_UCDB_THEME_EMISSIONS_GLOBE_R2024A,EM_PM2_SIT_2000,11422,0,11422,0,0,0,11422,0,1937,0,0.0,99.79195839
GHSL_UCDB_THEME_EMISSIONS_GLOBE_R2024A,EM_CO2_SAG_2005,11422,0,11422,0,0,0,11422,0,1415,0,0.0,25.8780781
GHSL_UCDB_THEME_EMISSIONS_GLOBE_R2024A,EM_CO2_SEN_2005,11422,0,11422,0,0,0,11422,0,8795,0,0.0,99.69291416
GHSL_UCDB_THEME_EMISSIONS_GLOBE_R2024A,EM_CO2_SIN_2005,11422,0,11422,0,0,0,11422,0,0,0,0.015683738,99.87033544
GHSL_UCDB_THEME_EMISSIONS_GLOBE_R2024A,EM_CO2_SRE_2005,11422,0,11422,0,0,0,11422,0,2,0,0.0,99.8126856
GHSL_UCDB_THEME_EMISSIONS_GLOBE_R2024A,EM_CO2_STR_2005,11422,0,11422,0,0,0,11422,0,447,0,0.0,88.36542199
GHSL_UCDB_THEME_EMISSIONS_GLOBE_R2024A,EM_CO2_SIT_2005,11422,0,11422,0,0,0,11422,0,1937,0,0.0,96.55473737
GHSL_UCDB_THEME_EMISSIONS_GLOBE_R2024A,EM_CO2_SWA_2005,11422,0,11422,0,0,0,11422,0,6158,0,0.0,14.31284886
GHSL_UCDB_THEME_EMISSIONS_GLOBE_R2024A,EM_GHG_SAG_2005,11422,0,11422,0,0,0,11422,0,2,0,0.0,99.93659686
GHSL_UCDB_THEME_EMISSIONS_GLOBE_R2024A,EM_GHG_SEN_2005,11422,0,11422,0,0,0,11422,0,8780,0,0.0,99.54058899
GHSL_UCDB_THEME_EMISSIONS_GLOBE_R2024A,EM_GHG_SIN_2005,11422,0,11422,0,0,0,11422,0,0,0,0.006498208,99.71706167
GHSL_UCDB_THEME_EMISSIONS_GLOBE_R2024A,EM_GHG_SRE_2005,11422,0,11422,0,0,0,11422,0,2,0,0.0,99.19453639
GHSL_UCDB_THEME_EMISSIONS_GLOBE_R2024A,EM_GHG_STR_2005,11422,0,11422,0,0,0,11422,0,447,0,0.0,78.38420086
GHSL_UCDB_THEME_EMISSIONS_GLOBE_R2024A,EM_GHG_SIT_2005,11422,0,11422,0,0,0,11422,0,1937,0,0.0,63.11065008
GHSL_UCDB_THEME_EMISSIONS_GLOBE_R2024A,EM_GHG_SWA_2005,11422,0,11422,0,0,0,11422,0,1423,0,0.0,90.56806665
GHSL_UCDB_THEME_EMISSIONS_GLOBE_R2024A,EM_NOX_SAG_2005,11422,0,11422,0,0,0,11422,0,12,0,0.0,95.68080196
GHSL_UCDB_THEME_EMISSIONS_GLOBE_R2024A,EM_NOX_SEN_2005,11422,0,11422,0,0,0,11422,0,8780,0,0.0,99.64169022
GHSL_UCDB_THEME_EMISSIONS_GLOBE_R2024A,EM_NOX_SIN_2005,11422,0,11422,0,0,0,11422,0,1273,0,0.0,99.7730248
GHSL_UCDB_THEME_EMISSIONS_GLOBE_R2024A,EM_NOX_SRE_2005,11422,0,11422,0,0,0,11422,0,2,0,0.0,100.0
GHSL_UCDB_THEME_EMISSIONS_GLOBE_R2024A,EM_NOX_STR_2005,11422,0,11422,0,0,0,11422,0,447,0,0.0,94.87498509
GHSL_UCDB_THEME_EMISSIONS_GLOBE_R2024A,EM_NOX_SIT_2005,11422,0,11422,0,0,0,11422,0,1937,0,0.0,99.22150038
GHSL_UCDB_THEME_EMISSIONS_GLOBE_R2024A,EM_NOX_SWA_2005,11422,0,11422,0,0,0,11422,0,5771,0,0.0,22.73039661
GHSL_UCDB_THEME_EMISSIONS_GLOBE_R2024A,EM_PM2_SAG_2005,11422,0,11422,0,0,0,11422,0,5,0,0.0,93.34219367
GHSL_UCDB_THEME_EMISSIONS_GLOBE_R2024A,EM_PM2_SEN_2005,11422,0,11422,0,0,0,11422,0,8780,0,0.0,97.77697971
GHSL_UCDB_THEME_EMISSIONS_GLOBE_R2024A,EM_PM2_SIN_2005,11422,0,11422,0,0,0,11422,0,1273,0,0.0,99.34851864
GHSL_UCDB_THEME_EMISSIONS_GLOBE_R2024A,EM_PM2_SRE_2005,11422,0,11422,0,0,0,11422,0,2,0,0.0,99.99996988
GHSL_UCDB_THEME_EMISSIONS_GLOBE_R2024A,EM_PM2_STR_2005,11422,0,11422,0,0,0,11422,0,447,0,0.0,91.89567728
GHSL_UCDB_THEME_EMISSIONS_GLOBE_R2024A,EM_PM2_SIT_2005,11422,0,11422,0,0,0,11422,0,1937,0,0.0,99.80469339
GHSL_UCDB_THEME_EMISSIONS_GLOBE_R2024A,EM_CO2_SAG_2010,11422,0,11422,0,0,0,11422,0,1439,0,0.0,23.4367078
GHSL_UCDB_THEME_EMISSIONS_GLOBE_R2024A,EM_CO2_SEN_2010,11422,0,11422,0,0,0,11422,0,8876,0,0.0,99.37766048
GHSL_UCDB_THEME_EMISSIONS_GLOBE_R2024A,EM_CO2_SIN_2010,11422,0,11422,0,0,0,11422,0,0,0,0.004868198,99.90376902
GHSL_UCDB_THEME_EMISSIONS_GLOBE_R2024A,EM_CO2_SRE_2010,11422,0,11422,0,0,0,11422,0,2,0,0.0,99.80873914
GHSL_UCDB_THEME_EMISSIONS_GLOBE_R2024A,EM_CO2_STR_2010,11422,0,11422,0,0,0,11422,0,395,0,0.0,90.97123608
GHSL_UCDB_THEME_EMISSIONS_GLOBE_R2024A,EM_CO2_SIT_2010,11422,0,11422,0,0,0,11422,0,1937,0,0.0,96.89005904
GHSL_UCDB_THEME_EMISSIONS_GLOBE_R2024A,EM_CO2_SWA_2010,11422,0,11422,0,0,0,11422,0,6242,0,0.0,17.04334884
GHSL_UCDB_THEME_EMISSIONS_GLOBE_R2024A,EM_GHG_SAG_2010,11422,0,11422,0,0,0,11422,0,2,0,0.0,99.91678675
GHSL_UCDB_THEME_EMISSIONS_GLOBE_R2024A,EM_GHG_SEN_2010,11422,0,11422,0,0,0,11422,0,8857,0,0.0,99.28199902
GHSL_UCDB_THEME_EMISSIONS_GLOBE_R2024A,EM_GHG_SIN_2010,11422,0,11422,0,0,0,11422,0,0,0,0.012937455,99.72938324
GHSL_UCDB_THEME_EMISSIONS_GLOBE_R2024A,EM_GHG_SRE_2010,11422,0,11422,0,0,0,11422,0,1,0,0.0,99.28617404
GHSL_UCDB_THEME_EMISSIONS_GLOBE_R2024A,EM_GHG_STR_2010,11422,0,11422,0,0,0,11422,0,395,0,0.0,75.64869994
GHSL_UCDB_THEME_EMISSIONS_GLOBE_R2024A,EM_GHG_SIT_2010,11422,0,11422,0,0,0,11422,0,1937,0,0.0,69.05875357
GHSL_UCDB_THEME_EMISSIONS_GLOBE_R2024A,EM_GHG_SWA_2010,11422,0,11422,0,0,0,11422,0,1393,0,0.0,94.54064819
GHSL_UCDB_THEME_EMISSIONS_GLOBE_R2024A,EM_NOX_SAG_2010,11422,0,11422,0,0,0,11422,0,12,0,0.0,94.01964907
GHSL_UCDB_THEME_EMISSIONS_GLOBE_R2024A,EM_NOX_SEN_2010,11422,0,11422,0,0,0,11422,0,8857,0,0.0,99.30124404
GHSL_UCDB_THEME_EMISSIONS_GLOBE_R2024A,EM_NOX_SIN_2010,11422,0,11422,0,0,0,11422,0,1241,0,0.0,99.8537318
GHSL_UCDB_THEME_EMISSIONS_GLOBE_R2024A,EM_NOX_SRE_2010,11422,0,11422,0,0,0,11422,0,1,0,0.0,100.0
GHSL_UCDB_THEME_EMISSIONS_GLOBE_R2024A,EM_NOX_STR_2010,11422,0,11422,0,0,0,11422,0,395,0,0.0,95.40267246
GHSL_UCDB_THEME_EMISSIONS_GLOBE_R2024A,EM_NOX_SIT_2010,11422,0,11422,0,0,0,11422,0,1937,0,0.0,99.10798839
GHSL_UCDB_THEME_EMISSIONS_GLOBE_R2024A,EM_NOX_SWA_2010,11422,0,11422,0,0,0,11422,0,5474,0,0.0,34.45637901
GHSL_UCDB_THEME_EMISSIONS_GLOBE_R2024A,EM_PM2_SAG_2010,11422,0,11422,0,0,0,11422,0,5,0,0.0,95.00990128
GHSL_UCDB_THEME_EMISSIONS_GLOBE_R2024A,EM_PM2_SEN_2010,11422,0,11422,0,0,0,11422,0,8857,0,0.0,96.52378517
GHSL_UCDB_THEME_EMISSIONS_GLOBE_R2024A,EM_PM2_SIN_2010,11422,0,11422,0,0,0,11422,0,1241,0,0.0,99.29658338
GHSL_UCDB_THEME_EMISSIONS_GLOBE_R2024A,EM_PM2_SRE_2010,11422,0,11422,0,0,0,11422,0,1,0,0.0,99.99997752
GHSL_UCDB_THEME_EMISSIONS_GLOBE_R2024A,EM_PM2_STR_2010,11422,0,11422,0,0,0,11422,0,395,0,0.0,91.53400907
GHSL_UCDB_THEME_EMISSIONS_GLOBE_R2024A,EM_PM2_SIT_2010,11422,0,11422,0,0,0,11422,0,1937,0,0.0,86.29938943
GHSL_UCDB_THEME_EMISSIONS_GLOBE_R2024A,EM_CO2_SAG_2015,11422,0,11422,0,0,0,11422,0,1178,0,0.0,21.06143549
GHSL_UCDB_THEME_EMISSIONS_GLOBE_R2024A,EM_CO2_SEN_2015,11422,0,11422,0,0,0,11422,0,8908,0,0.0,99.52475779
GHSL_UCDB_THEME_EMISSIONS_GLOBE_R2024A,EM_CO2_SIN_2015,11422,0,11422,0,0,0,11422,0,0,0,0.001100399,99.9305126
GHSL_UCDB_THEME_EMISSIONS_GLOBE_R2024A,EM_CO2_SRE_2015,11422,0,11422,0,0,0,11422,0,2,0,0.0,99.8363327
GHSL_UCDB_THEME_EMISSIONS_GLOBE_R2024A,EM_CO2_STR_2015,11422,0,11422,0,0,0,11422,0,389,0,0.0,95.0678355
GHSL_UCDB_THEME_EMISSIONS_GLOBE_R2024A,EM_CO2_SIT_2015,11422,0,11422,0,0,0,11422,0,1927,0,0.0,98.033192
GHSL_UCDB_THEME_EMISSIONS_GLOBE_R2024A,EM_CO2_SWA_2015,11422,0,11422,0,0,0,11422,0,6230,0,0.0,21.94912519
GHSL_UCDB_THEME_EMISSIONS_GLOBE_R2024A,EM_GHG_SAG_2015,11422,0,11422,0,0,0,11422,0,2,0,0.0,99.91334552
GHSL_UCDB_THEME_EMISSIONS_GLOBE_R2024A,EM_GHG_SEN_2015,11422,0,11422,0,0,0,11422,0,8876,0,0.0,99.33559376
GHSL_UCDB_THEME_EMISSIONS_GLOBE_R2024A,EM_GHG_SIN_2015,11422,0,11422,0,0,0,11422,0,0,0,0.005593165,99.81237448
GHSL_UCDB_THEME_EMISSIONS_GLOBE_R2024A,EM_GHG_SRE_2015,11422,0,11422,0,0,0,11422,0,2,0,0.0,99.50530688
GHSL_UCDB_THEME_EMISSIONS_GLOBE_R2024A,EM_GHG_STR_2015,11422,0,11422,0,0,0,11422,0,389,0,0.0,86.21769264
GHSL_UCDB_THEME_EMISSIONS_GLOBE_R2024A,EM_GHG_SIT_2015,11422,0,11422,0,0,0,11422,0,1927,0,0.0,68.06932854
GHSL_UCDB_THEME_EMISSIONS_GLOBE_R2024A,EM_GHG_SWA_2015,11422,0,11422,0,0,0,11422,0,1349,0,0.0,86.54497552
GHSL_UCDB_THEME_EMISSIONS_GLOBE_R2024A,EM_NOX_SAG_2015,11422,0,11422,0,0,0,11422,0,12,0,0.0,94.23823454
GHSL_UCDB_THEME_EMISSIONS_GLOBE_R2024A,EM_NOX_SEN_2015,11422,0,11422,0,0,0,11422,0,8876,0,0.0,99.37839421
GHSL_UCDB_THEME_EMISSIONS_GLOBE_R2024A,EM_NOX_SIN_2015,11422,0,11422,0,0,0,11422,0,1210,0,0.0,99.90010602
GHSL_UCDB_THEME_EMISSIONS_GLOBE_R2024A,EM_NOX_SRE_2015,11422,0,11422,0,0,0,11422,0,2,0,0.0,100.0
GHSL_UCDB_THEME_EMISSIONS_GLOBE_R2024A,EM_NOX_STR_2015,11422,0,11422,0,0,0,11422,0,389,0,0.0,94.75967817
GHSL_UCDB_THEME_EMISSIONS_GLOBE_R2024A,EM_NOX_SIT_2015,11422,0,11422,0,0,0,11422,0,1927,0,0.0,99.82108435
GHSL_UCDB_THEME_EMISSIONS_GLOBE_R2024A,EM_NOX_SWA_2015,11422,0,11422,0,0,0,11422,0,5711,0,0.0,34.25918619
GHSL_UCDB_THEME_EMISSIONS_GLOBE_R2024A,EM_PM2_SAG_2015,11422,0,11422,0,0,0,11422,0,5,0,0.0,97.34438246
GHSL_UCDB_THEME_EMISSIONS_GLOBE_R2024A,EM_PM2_SEN_2015,11422,0,11422,0,0,0,11422,0,8876,0,0.0,98.07992937
GHSL_UCDB_THEME_EMISSIONS_GLOBE_R2024A,EM_PM2_SIN_2015,11422,0,11422,0,0,0,11422,0,1210,0,0.0,99.54251106
GHSL_UCDB_THEME_EMISSIONS_GLOBE_R2024A,EM_PM2_SRE_2015,11422,0,11422,0,0,0,11422,0,2,0,0.0,99.99998427
GHSL_UCDB_THEME_EMISSIONS_GLOBE_R2024A,EM_PM2_STR_2015,11422,0,11422,0,0,0,11422,0,389,0,0.0,90.53655827
GHSL_UCDB_THEME_EMISSIONS_GLOBE_R2024A,EM_PM2_SIT_2015,11422,0,11422,0,0,0,11422,0,1927,0,0.0,99.92818958
GHSL_UCDB_THEME_EMISSIONS_GLOBE_R2024A,EM_CO2_SAG_2020,11422,0,11422,0,0,0,11422,0,1176,0,0.0,24.98154817
GHSL_UCDB_THEME_EMISSIONS_GLOBE_R2024A,EM_CO2_SEN_2020,11422,0,11422,0,0,0,11422,0,8863,0,0.0,99.43844967
GHSL_UCDB_THEME_EMISSIONS_GLOBE_R2024A,EM_CO2_SIN_2020,11422,0,11422,0,0,0,11422,0,8,0,0.0,99.93354716
GHSL_UCDB_THEME_EMISSIONS_GLOBE_R2024A,EM_CO2_SRE_2020,11422,0,11422,0,0,0,11422,0,2,0,0.0,99.97152597
GHSL_UCDB_THEME_EMISSIONS_GLOBE_R2024A,EM_CO2_STR_2020,11422,0,11422,0,0,0,11422,0,389,0,0.0,96.300705
GHSL_UCDB_THEME_EMISSIONS_GLOBE_R2024A,EM_CO2_SIT_2020,11422,0,11422,0,0,0,11422,0,1930,0,0.0,87.7685847
GHSL_UCDB_THEME_EMISSIONS_GLOBE_R2024A,EM_CO2_SWA_2020,11422,0,11422,0,0,0,11422,0,6226,0,0.0,20.76848822
GHSL_UCDB_THEME_EMISSIONS_GLOBE_R2024A,EM_GHG_SAG_2020,11422,0,11422,0,0,0,11422,0,2,0,0.0,99.915908
GHSL_UCDB_THEME_EMISSIONS_GLOBE_R2024A,EM_GHG_SEN_2020,11422,0,11422,0,0,0,11422,0,8809,0,0.0,99.1509792
GHSL_UCDB_THEME_EMISSIONS_GLOBE_R2024A,EM_GHG_SIN_2020,11422,0,11422,0,0,0,11422,0,0,0,0.006455159,99.82527592
GHSL_UCDB_THEME_EMISSIONS_GLOBE_R2024A,EM_GHG_SRE_2020,11422,0,11422,0,0,0,11422,0,2,0,0.0,99.71726734
GHSL_UCDB_THEME_EMISSIONS_GLOBE_R2024A,EM_GHG_STR_2020,11422,0,11422,0,0,0,11422,0,389,0,0.0,84.94511327
GHSL_UCDB_THEME_EMISSIONS_GLOBE_R2024A,EM_GHG_SIT_2020,11422,0,11422,0,0,0,11422,0,1930,0,0.0,67.11789759
GHSL_UCDB_THEME_EMISSIONS_GLOBE_R2024A,EM_GHG_SWA_2020,11422,0,11422,0,0,0,11422,0,1330,0,0.0,82.4691003
GHSL_UCDB_THEME_EMISSIONS_GLOBE_R2024A,EM_NOX_SAG_2020,11422,0,11422,0,0,0,11422,0,12,0,0.0,94.80249735
GHSL_UCDB_THEME_EMISSIONS_GLOBE_R2024A,EM_NOX_SEN_2020,11422,0,11422,0,0,0,11422,0,8809,0,0.0,99.14901923
GHSL_UCDB_THEME_EMISSIONS_GLOBE_R2024A,EM_NOX_SIN_2020,11422,0,11422,0,0,0,11422,0,1188,0,0.0,99.90456376
GHSL_UCDB_THEME_EMISSIONS_GLOBE_R2024A,EM_NOX_SRE_2020,11422,0,11422,0,0,0,11422,0,2,0,0.0,100.0
GHSL_UCDB_THEME_EMISSIONS_GLOBE_R2024A,EM_NOX_STR_2020,11422,0,11422,0,0,0,11422,0,389,0,0.0,95.14283637
GHSL_UCDB_THEME_EMISSIONS_GLOBE_R2024A,EM_NOX_SIT_2020,11422,0,11422,0,0,0,11422,0,1930,0,0.0,91.25675043
GHSL_UCDB_THEME_EMISSIONS_GLOBE_R2024A,EM_NOX_SWA_2020,11422,0,11422,0,0,0,11422,0,5456,0,0.0,42.82482926
GHSL_UCDB_THEME_EMISSIONS_GLOBE_R2024A,EM_PM2_SAG_2020,11422,0,11422,0,0,0,11422,0,5,0,0.0,98.86323432
GHSL_UCDB_THEME_EMISSIONS_GLOBE_R2024A,EM_PM2_SEN_2020,11422,0,11422,0,0,0,11422,0,8809,0,0.0,96.74681641
GHSL_UCDB_THEME_EMISSIONS_GLOBE_R2024A,EM_PM2_SIN_2020,11422,0,11422,0,0,0,11422,0,1188,0,0.0,99.58432722
GHSL_UCDB_THEME_EMISSIONS_GLOBE_R2024A,EM_PM2_SRE_2020,11422,0,11422,0,0,0,11422,0,2,0,0.0,99.99998699
GHSL_UCDB_THEME_EMISSIONS_GLOBE_R2024A,EM_PM2_STR_2020,11422,0,11422,0,0,0,11422,0,389,0,0.0,91.71587635
GHSL_UCDB_THEME_EMISSIONS_GLOBE_R2024A,EM_PM2_SIT_2020,11422,0,11422,0,0,0,11422,0,1930,0,0.0,92.4686541
GHSL_UCDB_THEME_EMISSIONS_GLOBE_R2024A,EM_CO2_SAG_2024,11422,0,11422,0,0,0,11422,0,1174,0,0.0,25.37110826
GHSL_UCDB_THEME_EMISSIONS_GLOBE_R2024A,EM_CO2_SEN_2024,11422,0,11422,0,0,0,11422,0,8836,0,0.0,99.39813602
GHSL_UCDB_THEME_EMISSIONS_GLOBE_R2024A,EM_CO2_SIN_2024,11422,0,11422,0,0,0,11422,0,12,0,0.0,99.94391287
GHSL_UCDB_THEME_EMISSIONS_GLOBE_R2024A,EM_CO2_SRE_2024,11422,0,11422,0,0,0,11422,0,2,0,0.0,99.94593992
GHSL_UCDB_THEME_EMISSIONS_GLOBE_R2024A,EM_CO2_STR_2024,11422,0,11422,0,0,0,11422,0,387,0,0.0,96.38648667
GHSL_UCDB_THEME_EMISSIONS_GLOBE_R2024A,EM_CO2_SIT_2024,11422,0,11422,0,0,0,11422,0,1930,0,0.0,90.92348913
GHSL_UCDB_THEME_EMISSIONS_GLOBE_R2024A,EM_CO2_SWA_2024,11422,0,11422,0,0,0,11422,0,6226,0,0.0,22.97942993
GHSL_UCDB_THEME_EMISSIONS_GLOBE_R2024A,EM_GHG_SAG_2024,11422,0,11422,0,0,0,11422,0,2,0,0.0,99.90602472
GHSL_UCDB_THEME_EMISSIONS_GLOBE_R2024A,EM_GHG_SEN_2024,11422,0,11422,0,0,0,11422,0,8756,0,0.0,99.09529713
GHSL_UCDB_THEME_EMISSIONS_GLOBE_R2024A,EM_GHG_SIN_2024,11422,0,11422,0,0,0,11422,0,0,0,0.006267909,99.86626008
GHSL_UCDB_THEME_EMISSIONS_GLOBE_R2024A,EM_GHG_SRE_2024,11422,0,11422,0,0,0,11422,0,2,0,0.0,99.77026765
GHSL_UCDB_THEME_EMISSIONS_GLOBE_R2024A,EM_GHG_STR_2024,11422,0,11422,0,0,0,11422,0,387,0,0.0,85.83023563
GHSL_UCDB_THEME_EMISSIONS_GLOBE_R2024A,EM_GHG_SIT_2024,11422,0,11422,0,0,0,11422,0,1930,0,0.0,70.67122767
GHSL_UCDB_THEME_EMISSIONS_GLOBE_R2024A,EM_GHG_SWA_2024,11422,0,11422,0,0,0,11422,0,1328,0,0.0,83.33690634
GHSL_UCDB_THEME_EMISSIONS_GLOBE_R2024A,EM_NOX_SAG_2024,11422,0,11422,0,0,0,11422,0,12,0,0.0,94.19430998
GHSL_UCDB_THEME_EMISSIONS_GLOBE_R2024A,EM_NOX_SEN_2024,11422,0,11422,0,0,0,11422,0,8756,0,0.0,99.10283388
GHSL_UCDB_THEME_EMISSIONS_GLOBE_R2024A,EM_NOX_SIN_2024,11422,0,11422,0,0,0,11422,0,1190,0,0.0,99.92404143
GHSL_UCDB_THEME_EMISSIONS_GLOBE_R2024A,EM_NOX_SRE_2024,11422,0,11422,0,0,0,11422,0,2,0,0.0,100.0
GHSL_UCDB_THEME_EMISSIONS_GLOBE_R2024A,EM_NOX_STR_2024,11422,0,11422,0,0,0,11422,0,387,0,0.0,95.87536618
GHSL_UCDB_THEME_EMISSIONS_GLOBE_R2024A,EM_NOX_SIT_2024,11422,0,11422,0,0,0,11422,0,1930,0,0.0,93.02262766
GHSL_UCDB_THEME_EMISSIONS_GLOBE_R2024A,EM_NOX_SWA_2024,11422,0,11422,0,0,0,11422,0,5456,0,0.0,46.73778473
GHSL_UCDB_THEME_EMISSIONS_GLOBE_R2024A,EM_PM2_SAG_2024,11422,0,11422,0,0,0,11422,0,5,0,0.0,98.92072142
GHSL_UCDB_THEME_EMISSIONS_GLOBE_R2024A,EM_PM2_SEN_2024,11422,0,11422,0,0,0,11422,0,8756,0,0.0,96.85861146
GHSL_UCDB_THEME_EMISSIONS_GLOBE_R2024A,EM_PM2_SIN_2024,11422,0,11422,0,0,0,11422,0,1190,0,0.0,99.72177915
GHSL_UCDB_THEME_EMISSIONS_GLOBE_R2024A,EM_PM2_SRE_2024,11422,0,11422,0,0,0,11422,0,2,0,0.0,99.9999885
GHSL_UCDB_THEME_EMISSIONS_GLOBE_R2024A,EM_PM2_STR_2024,11422,0,11422,0,0,0,11422,0,387,0,0.0,88.22255486
GHSL_UCDB_THEME_EMISSIONS_GLOBE_R2024A,EM_PM2_SIT_2024,11422,0,11422,0,0,0,11422,0,1930,0,0.0,89.67050721
GHSL_UCDB_THEME_EMISSIONS_GLOBE_R2024A,EM_PM2_CON_2000,11422,0,11422,0,0,0,11422,0,0,0,2,112
GHSL_UCDB_THEME_EMISSIONS_GLOBE_R2024A,EM_PM2_MOR_2000,11422,0,11422,0,0,11422,0,0,0,0,,
GHSL_UCDB_THEME_EMISSIONS_GLOBE_R2024A,EM_PM2_CON_2005,11422,0,11422,0,0,0,11422,0,0,0,3,128
GHSL_UCDB_THEME_EMISSIONS_GLOBE_R2024A,EM_PM2_MOR_2005,11422,0,11422,0,0,11422,0,0,0,0,,
GHSL_UCDB_THEME_EMISSIONS_GLOBE_R2024A,EM_PM2_CON_2010,11422,0,11422,0,0,0,11422,0,0,0,3,136
GHSL_UCDB_THEME_EMISSIONS_GLOBE_R2024A,EM_PM2_MOR_2010,11422,0,11422,0,0,11422,0,0,0,0,,
GHSL_UCDB_THEME_EMISSIONS_GLOBE_R2024A,EM_PM2_CON_2015,11422,0,11422,0,0,0,11422,0,0,0,3,134
GHSL_UCDB_THEME_EMISSIONS_GLOBE_R2024A,EM_PM2_MOR_2015,11422,0,11422,0,0,11422,0,0,0,0,,
GHSL_UCDB_THEME_EMISSIONS_GLOBE_R2024A,EM_PM2_CON_2020,11422,0,11422,0,0,0,11422,0,0,0,3,130
GHSL_UCDB_THEME_EMISSIONS_GLOBE_R2024A,EM_PM2_MOR_2020,11422,0,11422,0,0,11422,0,0,0,0,,
GHSL_UCDB_THEME_EXPOSURE_GLOBE_R2024A,ID_UC_G0,11422,0,11422,0,0,0,11422,0,0,0,1,11686
GHSL_UCDB_THEME_EXPOSURE_GLOBE_R2024A,GC_UCN_MAI_2025,11408,0,11422,14,0,11408,0,0,0,0,,
GHSL_UCDB_THEME_EXPOSURE_GLOBE_R2024A,GC_CNT_GAD_2025,11422,0,11422,0,0,11422,0,0,0,0,,
GHSL_UCDB_THEME_EXPOSURE_GLOBE_R2024A,GC_UCA_KM2_2025,11422,0,11422,0,0,0,11422,0,0,0,1,6611
GHSL_UCDB_THEME_EXPOSURE_GLOBE_R2024A,GC_POP_TOT_2025,11422,0,11422,0,0,0,11422,0,0,0,50007.75,42987704.03
GHSL_UCDB_THEME_EXPOSURE_GLOBE_R2024A,GC_DEV_WIG_2025,11413,0,11422,9,0,11413,0,0,0,0,,
GHSL_UCDB_THEME_EXPOSURE_GLOBE_R2024A,GC_DEV_USR_2025,11422,0,11422,0,0,11422,0,0,0,0,,
GHSL_UCDB_THEME_EXPOSURE_GLOBE_R2024A,EX_010_POP_1975,11422,0,11422,0,0,0,11422,0,5119,0,0.0,3381632.32
GHSL_UCDB_THEME_EXPOSURE_GLOBE_R2024A,EX_010_POP_1980,11422,0,11422,0,0,0,11422,0,5062,0,0.0,3601013.09
GHSL_UCDB_THEME_EXPOSURE_GLOBE_R2024A,EX_010_POP_1985,11422,0,11422,0,0,0,11422,0,5022,0,0.0,4095204.64
GHSL_UCDB_THEME_EXPOSURE_GLOBE_R2024A,EX_010_POP_1990,11422,0,11422,0,0,0,11422,0,4994,0,0.0,5003160.39
GHSL_UCDB_THEME_EXPOSURE_GLOBE_R2024A,EX_010_POP_1995,11422,0,11422,0,0,0,11422,0,4975,0,0.0,6511894.04
GHSL_UCDB_THEME_EXPOSURE_GLOBE_R2024A,EX_010_POP_2000,11422,0,11422,0,0,0,11422,0,4968,0,0.0,8678360.32
GHSL_UCDB_THEME_EXPOSURE_GLOBE_R2024A,EX_010_POP_2005,11422,0,11422,0,0,0,11422,0,4941,0,0.0,10335284.94
GHSL_UCDB_THEME_EXPOSURE_GLOBE_R2024A,EX_010_POP_2010,11422,0,11422,0,0,0,11422,0,4927,0,0.0,12116556.87
GHSL_UCDB_THEME_EXPOSURE_GLOBE_R2024A,EX_010_POP_2015,11422,0,11422,0,0,0,11422,0,4903,0,0.0,14020923.11
GHSL_UCDB_THEME_EXPOSURE_GLOBE_R2024A,EX_010_POP_2020,11422,0,11422,0,0,0,11422,0,4884,0,0.0,16211152.59
GHSL_UCDB_THEME_EXPOSURE_GLOBE_R2024A,EX_010_POP_2025,11422,0,11422,0,0,0,11422,0,4874,0,0.0,17829917.32
GHSL_UCDB_THEME_EXPOSURE_GLOBE_R2024A,EX_010_POP_2030,11422,0,11422,0,0,0,11422,0,4859,0,0.0,18911323.27
GHSL_UCDB_THEME_EXPOSURE_GLOBE_R2024A,EX_100_POP_1975,11422,0,11422,0,0,0,11422,0,5255,0,0.0,5822969.03
GHSL_UCDB_THEME_EXPOSURE_GLOBE_R2024A,EX_100_POP_1980,11422,0,11422,0,0,0,11422,0,5209,0,0.0,6870569.24
GHSL_UCDB_THEME_EXPOSURE_GLOBE_R2024A,EX_100_POP_1985,11422,0,11422,0,0,0,11422,0,5178,0,0.0,8227270.53
GHSL_UCDB_THEME_EXPOSURE_GLOBE_R2024A,EX_100_POP_1990,11422,0,11422,0,0,0,11422,0,5156,0,0.0,9659371.75
GHSL_UCDB_THEME_EXPOSURE_GLOBE_R2024A,EX_100_POP_1995,11422,0,11422,0,0,0,11422,0,5139,0,0.0,11155397.97
GHSL_UCDB_THEME_EXPOSURE_GLOBE_R2024A,EX_100_POP_2000,11422,0,11422,0,0,0,11422,0,5132,0,0.0,12826806.66
GHSL_UCDB_THEME_EXPOSURE_GLOBE_R2024A,EX_100_POP_2005,11422,0,11422,0,0,0,11422,0,5111,0,0.0,14707403.33
GHSL_UCDB_THEME_EXPOSURE_GLOBE_R2024A,EX_100_POP_2010,11422,0,11422,0,0,0,11422,0,5098,0,0.0,17352708.75
GHSL_UCDB_THEME_EXPOSURE_GLOBE_R2024A,EX_100_POP_2015,11422,0,11422,0,0,0,11422,0,5077,0,0.0,19866699.14
GHSL_UCDB_THEME_EXPOSURE_GLOBE_R2024A,EX_100_POP_2020,11422,0,11422,0,0,0,11422,0,5066,0,0.0,22933416.38
GHSL_UCDB_THEME_EXPOSURE_GLOBE_R2024A,EX_100_POP_2025,11422,0,11422,0,0,0,11422,0,5051,0,0.0,25261369.06
GHSL_UCDB_THEME_EXPOSURE_GLOBE_R2024A,EX_100_POP_2030,11422,0,11422,0,0,0,11422,0,5044,0,0.0,26802190.15
GHSL_UCDB_THEME_EXPOSURE_GLOBE_R2024A,EX_010_SHP_1975,11422,0,11422,0,0,0,11422,0,5352,0,0.0,100.0
GHSL_UCDB_THEME_EXPOSURE_GLOBE_R2024A,EX_010_SHP_1980,11422,0,11422,0,0,0,11422,0,5271,0,0.0,100.0
GHSL_UCDB_THEME_EXPOSURE_GLOBE_R2024A,EX_010_SHP_1985,11422,0,11422,0,0,0,11422,0,5225,0,0.0,100.0
GHSL_UCDB_THEME_EXPOSURE_GLOBE_R2024A,EX_010_SHP_1990,11422,0,11422,0,0,0,11422,0,5189,0,0.0,100.0
GHSL_UCDB_THEME_EXPOSURE_GLOBE_R2024A,EX_010_SHP_1995,11422,0,11422,0,0,0,11422,0,5174,0,0.0,100.0
GHSL_UCDB_THEME_EXPOSURE_GLOBE_R2024A,EX_010_SHP_2000,11422,0,11422,0,0,0,11422,0,5167,0,0.0,100.0
GHSL_UCDB_THEME_EXPOSURE_GLOBE_R2024A,EX_010_SHP_2005,11422,0,11422,0,0,0,11422,0,5136,0,0.0,100.0
GHSL_UCDB_THEME_EXPOSURE_GLOBE_R2024A,EX_010_SHP_2010,11422,0,11422,0,0,0,11422,0,5128,0,0.0,100.0
GHSL_UCDB_THEME_EXPOSURE_GLOBE_R2024A,EX_010_SHP_2015,11422,0,11422,0,0,0,11422,0,5104,0,0.0,100.0
GHSL_UCDB_THEME_EXPOSURE_GLOBE_R2024A,EX_010_SHP_2020,11422,0,11422,0,0,0,11422,0,5082,0,0.0,100.0
GHSL_UCDB_THEME_EXPOSURE_GLOBE_R2024A,EX_010_SHP_2025,11422,0,11422,0,0,0,11422,0,5041,0,0.0,100.0
GHSL_UCDB_THEME_EXPOSURE_GLOBE_R2024A,EX_010_SHP_2030,11422,0,11422,0,0,0,11422,0,5011,0,0.0,100.0
GHSL_UCDB_THEME_EXPOSURE_GLOBE_R2024A,EX_100_SHP_1975,11422,0,11422,0,0,0,11422,0,5425,0,0.0,100.0
GHSL_UCDB_THEME_EXPOSURE_GLOBE_R2024A,EX_100_SHP_1980,11422,0,11422,0,0,0,11422,0,5356,0,0.0,100.0
GHSL_UCDB_THEME_EXPOSURE_GLOBE_R2024A,EX_100_SHP_1985,11422,0,11422,0,0,0,11422,0,5324,0,0.0,100.0
GHSL_UCDB_THEME_EXPOSURE_GLOBE_R2024A,EX_100_SHP_1990,11422,0,11422,0,0,0,11422,0,5299,0,0.0,100.0
GHSL_UCDB_THEME_EXPOSURE_GLOBE_R2024A,EX_100_SHP_1995,11422,0,11422,0,0,0,11422,0,5289,0,0.0,100.0
GHSL_UCDB_THEME_EXPOSURE_GLOBE_R2024A,EX_100_SHP_2000,11422,0,11422,0,0,0,11422,0,5284,0,0.0,100.0
GHSL_UCDB_THEME_EXPOSURE_GLOBE_R2024A,EX_100_SHP_2005,11422,0,11422,0,0,0,11422,0,5262,0,0.0,100.0
GHSL_UCDB_THEME_EXPOSURE_GLOBE_R2024A,EX_100_SHP_2010,11422,0,11422,0,0,0,11422,0,5254,0,0.0,100.0
GHSL_UCDB_THEME_EXPOSURE_GLOBE_R2024A,EX_100_SHP_2015,11422,0,11422,0,0,0,11422,0,5233,0,0.0,100.0
GHSL_UCDB_THEME_EXPOSURE_GLOBE_R2024A,EX_100_SHP_2020,11422,0,11422,0,0,0,11422,0,5215,0,0.0,100.0
GHSL_UCDB_THEME_EXPOSURE_GLOBE_R2024A,EX_100_SHP_2025,11422,0,11422,0,0,0,11422,0,5176,0,0.0,100.0
GHSL_UCDB_THEME_EXPOSURE_GLOBE_R2024A,EX_100_SHP_2030,11422,0,11422,0,0,0,11422,0,5153,0,0.0,100.0
GHSL_UCDB_THEME_EXPOSURE_GLOBE_R2024A,EX_010_BUS_1975,11422,0,11422,0,0,0,11422,0,5110,0,0,163543076
GHSL_UCDB_THEME_EXPOSURE_GLOBE_R2024A,EX_010_BUS_1980,11422,0,11422,0,0,0,11422,0,5051,0,0,165909044
GHSL_UCDB_THEME_EXPOSURE_GLOBE_R2024A,EX_010_BUS_1985,11422,0,11422,0,0,0,11422,0,5009,0,0,168290869
GHSL_UCDB_THEME_EXPOSURE_GLOBE_R2024A,EX_010_BUS_1990,11422,0,11422,0,0,0,11422,0,4985,0,0,170689327
GHSL_UCDB_THEME_EXPOSURE_GLOBE_R2024A,EX_010_BUS_1995,11422,0,11422,0,0,0,11422,0,4965,0,0,205230971
GHSL_UCDB_THEME_EXPOSURE_GLOBE_R2024A,EX_010_BUS_2000,11422,0,11422,0,0,0,11422,0,4960,0,0,353652672
GHSL_UCDB_THEME_EXPOSURE_GLOBE_R2024A,EX_010_BUS_2005,11422,0,11422,0,0,0,11422,0,4934,0,0,413257139
GHSL_UCDB_THEME_EXPOSURE_GLOBE_R2024A,EX_010_BUS_2010,11422,0,11422,0,0,0,11422,0,4919,0,0,486762053
GHSL_UCDB_THEME_EXPOSURE_GLOBE_R2024A,EX_010_BUS_2015,11422,0,11422,0,0,0,11422,0,4895,0,0,558509446
GHSL_UCDB_THEME_EXPOSURE_GLOBE_R2024A,EX_010_BUS_2020,11422,0,11422,0,0,0,11422,0,4876,0,0,583187728
GHSL_UCDB_THEME_EXPOSURE_GLOBE_R2024A,EX_010_BUS_2025,11422,0,11422,0,0,0,11422,0,4867,0,0,603141399
GHSL_UCDB_THEME_EXPOSURE_GLOBE_R2024A,EX_010_BUS_2030,11422,0,11422,0,0,0,11422,0,4852,0,0,612065612
GHSL_UCDB_THEME_EXPOSURE_GLOBE_R2024A,EX_100_BUS_1975,11422,0,11422,0,0,0,11422,0,5245,0,0,243286838
GHSL_UCDB_THEME_EXPOSURE_GLOBE_R2024A,EX_100_BUS_1980,11422,0,11422,0,0,0,11422,0,5197,0,0,246857870
GHSL_UCDB_THEME_EXPOSURE_GLOBE_R2024A,EX_100_BUS_1985,11422,0,11422,0,0,0,11422,0,5167,0,0,250449073
GHSL_UCDB_THEME_EXPOSURE_GLOBE_R2024A,EX_100_BUS_1990,11422,0,11422,0,0,0,11422,0,5148,0,0,254061615
GHSL_UCDB_THEME_EXPOSURE_GLOBE_R2024A,EX_100_BUS_1995,11422,0,11422,0,0,0,11422,0,5129,0,0,291584394
GHSL_UCDB_THEME_EXPOSURE_GLOBE_R2024A,EX_100_BUS_2000,11422,0,11422,0,0,0,11422,0,5124,0,0,475018916
GHSL_UCDB_THEME_EXPOSURE_GLOBE_R2024A,EX_100_BUS_2005,11422,0,11422,0,0,0,11422,0,5104,0,0,539480515
GHSL_UCDB_THEME_EXPOSURE_GLOBE_R2024A,EX_100_BUS_2010,11422,0,11422,0,0,0,11422,0,5090,0,0,618435317
GHSL_UCDB_THEME_EXPOSURE_GLOBE_R2024A,EX_100_BUS_2015,11422,0,11422,0,0,0,11422,0,5070,0,0,695370700
GHSL_UCDB_THEME_EXPOSURE_GLOBE_R2024A,EX_100_BUS_2020,11422,0,11422,0,0,0,11422,0,5059,0,0,722154627
GHSL_UCDB_THEME_EXPOSURE_GLOBE_R2024A,EX_100_BUS_2025,11422,0,11422,0,0,0,11422,0,5045,0,0,743504868
GHSL_UCDB_THEME_EXPOSURE_GLOBE_R2024A,EX_100_BUS_2030,11422,0,11422,0,0,0,11422,0,5037,0,0,752982402
GHSL_UCDB_THEME_EXPOSURE_GLOBE_R2024A,EX_010_SHB_1975,11422,0,11422,0,0,0,11422,0,5252,0,0.0,101.74
GHSL_UCDB_THEME_EXPOSURE_GLOBE_R2024A,EX_010_SHB_1980,11422,0,11422,0,0,0,11422,0,5174,0,0.0,103.1
GHSL_UCDB_THEME_EXPOSURE_GLOBE_R2024A,EX_010_SHB_1985,11422,0,11422,0,0,0,11422,0,5130,0,0.0,104.74
GHSL_UCDB_THEME_EXPOSURE_GLOBE_R2024A,EX_010_SHB_1990,11422,0,11422,0,0,0,11422,0,5099,0,0.0,106.11
GHSL_UCDB_THEME_EXPOSURE_GLOBE_R2024A,EX_010_SHB_1995,11422,0,11422,0,0,0,11422,0,5084,0,0.0,112.35
GHSL_UCDB_THEME_EXPOSURE_GLOBE_R2024A,EX_010_SHB_2000,11422,0,11422,0,0,0,11422,0,5077,0,0.0,116.58
GHSL_UCDB_THEME_EXPOSURE_GLOBE_R2024A,EX_010_SHB_2005,11422,0,11422,0,0,0,11422,0,5051,0,0.0,115.94
GHSL_UCDB_THEME_EXPOSURE_GLOBE_R2024A,EX_010_SHB_2010,11422,0,11422,0,0,0,11422,0,5041,0,0.0,115.39
GHSL_UCDB_THEME_EXPOSURE_GLOBE_R2024A,EX_010_SHB_2015,11422,0,11422,0,0,0,11422,0,5017,0,0.0,115.16
GHSL_UCDB_THEME_EXPOSURE_GLOBE_R2024A,EX_010_SHB_2020,11422,0,11422,0,0,0,11422,0,4997,0,0.0,115.59
GHSL_UCDB_THEME_EXPOSURE_GLOBE_R2024A,EX_010_SHB_2025,11422,0,11422,0,0,0,11422,0,4966,0,0.0,115.55
GHSL_UCDB_THEME_EXPOSURE_GLOBE_R2024A,EX_010_SHB_2030,11422,0,11422,0,0,0,11422,0,4935,0,0.0,115.5
GHSL_UCDB_THEME_EXPOSURE_GLOBE_R2024A,EX_100_SHB_1975,11422,0,11422,0,0,0,11422,0,5353,0,0.0,100.0
GHSL_UCDB_THEME_EXPOSURE_GLOBE_R2024A,EX_100_SHB_1980,11422,0,11422,0,0,0,11422,0,5293,0,0.0,100.0
GHSL_UCDB_THEME_EXPOSURE_GLOBE_R2024A,EX_100_SHB_1985,11422,0,11422,0,0,0,11422,0,5265,0,0.0,100.0
GHSL_UCDB_THEME_EXPOSURE_GLOBE_R2024A,EX_100_SHB_1990,11422,0,11422,0,0,0,11422,0,5234,0,0.0,100.0
GHSL_UCDB_THEME_EXPOSURE_GLOBE_R2024A,EX_100_SHB_1995,11422,0,11422,0,0,0,11422,0,5217,0,0.0,100.0
GHSL_UCDB_THEME_EXPOSURE_GLOBE_R2024A,EX_100_SHB_2000,11422,0,11422,0,0,0,11422,0,5209,0,0.0,100.0
GHSL_UCDB_THEME_EXPOSURE_GLOBE_R2024A,EX_100_SHB_2005,11422,0,11422,0,0,0,11422,0,5190,0,0.0,100.0
GHSL_UCDB_THEME_EXPOSURE_GLOBE_R2024A,EX_100_SHB_2010,11422,0,11422,0,0,0,11422,0,5183,0,0.0,100.0
GHSL_UCDB_THEME_EXPOSURE_GLOBE_R2024A,EX_100_SHB_2015,11422,0,11422,0,0,0,11422,0,5161,0,0.0,100.0
GHSL_UCDB_THEME_EXPOSURE_GLOBE_R2024A,EX_100_SHB_2020,11422,0,11422,0,0,0,11422,0,5144,0,0.0,100.0
GHSL_UCDB_THEME_EXPOSURE_GLOBE_R2024A,EX_100_SHB_2025,11422,0,11422,0,0,0,11422,0,5114,0,0.0,100.0
GHSL_UCDB_THEME_EXPOSURE_GLOBE_R2024A,EX_100_SHB_2030,11422,0,11422,0,0,0,11422,0,5095,0,0.0,100.0
GHSL_UCDB_THEME_EXPOSURE_GLOBE_R2024A,EX_010_NRE_1975,11422,0,11422,0,0,0,11422,0,7704,0,0,53861902
GHSL_UCDB_THEME_EXPOSURE_GLOBE_R2024A,EX_010_NRE_1980,11422,0,11422,0,0,0,11422,0,7500,0,0,54285969
GHSL_UCDB_THEME_EXPOSURE_GLOBE_R2024A,EX_010_NRE_1985,11422,0,11422,0,0,0,11422,0,7398,0,0,54711380
GHSL_UCDB_THEME_EXPOSURE_GLOBE_R2024A,EX_010_NRE_1990,11422,0,11422,0,0,0,11422,0,7302,0,0,55139332
GHSL_UCDB_THEME_EXPOSURE_GLOBE_R2024A,EX_010_NRE_1995,11422,0,11422,0,0,0,11422,0,7241,0,0,61913893
GHSL_UCDB_THEME_EXPOSURE_GLOBE_R2024A,EX_010_NRE_2000,11422,0,11422,0,0,0,11422,0,7191,0,0,123691747
GHSL_UCDB_THEME_EXPOSURE_GLOBE_R2024A,EX_010_NRE_2005,11422,0,11422,0,0,0,11422,0,7166,0,0,149549330
GHSL_UCDB_THEME_EXPOSURE_GLOBE_R2024A,EX_010_NRE_2010,11422,0,11422,0,0,0,11422,0,7139,0,0,184218844
GHSL_UCDB_THEME_EXPOSURE_GLOBE_R2024A,EX_010_NRE_2015,11422,0,11422,0,0,0,11422,0,7101,0,0,221714634
GHSL_UCDB_THEME_EXPOSURE_GLOBE_R2024A,EX_010_NRE_2020,11422,0,11422,0,0,0,11422,0,7072,0,0,239939303
GHSL_UCDB_THEME_EXPOSURE_GLOBE_R2024A,EX_010_NRE_2025,11422,0,11422,0,0,0,11422,0,7052,0,0,270835289
GHSL_UCDB_THEME_EXPOSURE_GLOBE_R2024A,EX_010_NRE_2030,11422,0,11422,0,0,0,11422,0,7031,0,0,286316155
GHSL_UCDB_THEME_EXPOSURE_GLOBE_R2024A,EX_100_NRE_1975,11422,0,11422,0,0,0,11422,0,7704,0,0,53861902
GHSL_UCDB_THEME_EXPOSURE_GLOBE_R2024A,EX_100_NRE_1980,11422,0,11422,0,0,0,11422,0,7500,0,0,54285969
GHSL_UCDB_THEME_EXPOSURE_GLOBE_R2024A,EX_100_NRE_1985,11422,0,11422,0,0,0,11422,0,7398,0,0,54711380
GHSL_UCDB_THEME_EXPOSURE_GLOBE_R2024A,EX_100_NRE_1990,11422,0,11422,0,0,0,11422,0,7302,0,0,55139332
GHSL_UCDB_THEME_EXPOSURE_GLOBE_R2024A,EX_100_NRE_1995,11422,0,11422,0,0,0,11422,0,7241,0,0,61913893
GHSL_UCDB_THEME_EXPOSURE_GLOBE_R2024A,EX_100_NRE_2000,11422,0,11422,0,0,0,11422,0,7191,0,0,123691747
GHSL_UCDB_THEME_EXPOSURE_GLOBE_R2024A,EX_100_NRE_2005,11422,0,11422,0,0,0,11422,0,7166,0,0,149549330
GHSL_UCDB_THEME_EXPOSURE_GLOBE_R2024A,EX_100_NRE_2010,11422,0,11422,0,0,0,11422,0,7139,0,0,184218844
GHSL_UCDB_THEME_EXPOSURE_GLOBE_R2024A,EX_100_NRE_2015,11422,0,11422,0,0,0,11422,0,7101,0,0,221714634
GHSL_UCDB_THEME_EXPOSURE_GLOBE_R2024A,EX_100_NRE_2020,11422,0,11422,0,0,0,11422,0,7072,0,0,239939303
GHSL_UCDB_THEME_EXPOSURE_GLOBE_R2024A,EX_100_NRE_2025,11422,0,11422,0,0,0,11422,0,7052,0,0,270835289
GHSL_UCDB_THEME_EXPOSURE_GLOBE_R2024A,EX_100_NRE_2030,11422,0,11422,0,0,0,11422,0,7031,0,0,286316155
GHSL_UCDB_THEME_EXPOSURE_GLOBE_R2024A,EX_010_SNR_1975,11422,0,11422,0,0,0,11422,0,7732,0,0.0,200.0
GHSL_UCDB_THEME_EXPOSURE_GLOBE_R2024A,EX_010_SNR_1980,11422,0,11422,0,0,0,11422,0,7520,0,0.0,200.55
GHSL_UCDB_THEME_EXPOSURE_GLOBE_R2024A,EX_010_SNR_1985,11422,0,11422,0,0,0,11422,0,7414,0,0.0,201.91
GHSL_UCDB_THEME_EXPOSURE_GLOBE_R2024A,EX_010_SNR_1990,11422,0,11422,0,0,0,11422,0,7320,0,0.0,203.33
GHSL_UCDB_THEME_EXPOSURE_GLOBE_R2024A,EX_010_SNR_1995,11422,0,11422,0,0,0,11422,0,7258,0,0.0,210.52
GHSL_UCDB_THEME_EXPOSURE_GLOBE_R2024A,EX_010_SNR_2000,11422,0,11422,0,0,0,11422,0,7206,0,0.0,215.07
GHSL_UCDB_THEME_EXPOSURE_GLOBE_R2024A,EX_010_SNR_2005,11422,0,11422,0,0,0,11422,0,7180,0,0.0,208.72
GHSL_UCDB_THEME_EXPOSURE_GLOBE_R2024A,EX_010_SNR_2010,11422,0,11422,0,0,0,11422,0,7152,0,0.0,203.51
GHSL_UCDB_THEME_EXPOSURE_GLOBE_R2024A,EX_010_SNR_2015,11422,0,11422,0,0,0,11422,0,7116,0,0.0,200.0
GHSL_UCDB_THEME_EXPOSURE_GLOBE_R2024A,EX_010_SNR_2020,11422,0,11422,0,0,0,11422,0,7084,0,0.0,200.0
GHSL_UCDB_THEME_EXPOSURE_GLOBE_R2024A,EX_010_SNR_2025,11422,0,11422,0,0,0,11422,0,7063,0,0.0,200.0
GHSL_UCDB_THEME_EXPOSURE_GLOBE_R2024A,EX_010_SNR_2030,11422,0,11422,0,0,0,11422,0,7043,0,0.0,200.0
GHSL_UCDB_THEME_EXPOSURE_GLOBE_R2024A,EX_100_SNR_1975,11422,0,11422,0,0,0,11422,0,7732,0,0.0,200.0
GHSL_UCDB_THEME_EXPOSURE_GLOBE_R2024A,EX_100_SNR_1980,11422,0,11422,0,0,0,11422,0,7520,0,0.0,200.55
GHSL_UCDB_THEME_EXPOSURE_GLOBE_R2024A,EX_100_SNR_1985,11422,0,11422,0,0,0,11422,0,7414,0,0.0,201.91
GHSL_UCDB_THEME_EXPOSURE_GLOBE_R2024A,EX_100_SNR_1990,11422,0,11422,0,0,0,11422,0,7320,0,0.0,203.33
GHSL_UCDB_THEME_EXPOSURE_GLOBE_R2024A,EX_100_SNR_1995,11422,0,11422,0,0,0,11422,0,7258,0,0.0,210.52
GHSL_UCDB_THEME_EXPOSURE_GLOBE_R2024A,EX_100_SNR_2000,11422,0,11422,0,0,0,11422,0,7206,0,0.0,215.07
GHSL_UCDB_THEME_EXPOSURE_GLOBE_R2024A,EX_100_SNR_2005,11422,0,11422,0,0,0,11422,0,7180,0,0.0,208.72
GHSL_UCDB_THEME_EXPOSURE_GLOBE_R2024A,EX_100_SNR_2010,11422,0,11422,0,0,0,11422,0,7152,0,0.0,203.51
GHSL_UCDB_THEME_EXPOSURE_GLOBE_R2024A,EX_100_SNR_2015,11422,0,11422,0,0,0,11422,0,7116,0,0.0,200.0
GHSL_UCDB_THEME_EXPOSURE_GLOBE_R2024A,EX_100_SNR_2020,11422,0,11422,0,0,0,11422,0,7084,0,0.0,200.0
GHSL_UCDB_THEME_EXPOSURE_GLOBE_R2024A,EX_100_SNR_2025,11422,0,11422,0,0,0,11422,0,7063,0,0.0,200.0
GHSL_UCDB_THEME_EXPOSURE_GLOBE_R2024A,EX_100_SNR_2030,11422,0,11422,0,0,0,11422,0,7043,0,0.0,200.0
GHSL_UCDB_THEME_EXPOSURE_GLOBE_R2024A,EX_E01_POP_1975,11422,0,11422,0,0,0,11422,0,10127,0,0.0,9045824.9
GHSL_UCDB_THEME_EXPOSURE_GLOBE_R2024A,EX_E01_POP_1980,11422,0,11422,0,0,0,11422,0,10126,0,0.0,9750162.8
GHSL_UCDB_THEME_EXPOSURE_GLOBE_R2024A,EX_E01_POP_1985,11422,0,11422,0,0,0,11422,0,10126,0,0.0,10282082.7
GHSL_UCDB_THEME_EXPOSURE_GLOBE_R2024A,EX_E01_POP_1990,11422,0,11422,0,0,0,11422,0,10126,0,0.0,10825070.88
GHSL_UCDB_THEME_EXPOSURE_GLOBE_R2024A,EX_E01_POP_1995,11422,0,11422,0,0,0,11422,0,10126,0,0.0,11400206.71
GHSL_UCDB_THEME_EXPOSURE_GLOBE_R2024A,EX_E01_POP_2000,11422,0,11422,0,0,0,11422,0,10126,0,0.0,11996257.21
GHSL_UCDB_THEME_EXPOSURE_GLOBE_R2024A,EX_E01_POP_2005,11422,0,11422,0,0,0,11422,0,10126,0,0.0,12678236.58
GHSL_UCDB_THEME_EXPOSURE_GLOBE_R2024A,EX_E01_POP_2010,11422,0,11422,0,0,0,11422,0,10126,0,0.0,13430992.43
GHSL_UCDB_THEME_EXPOSURE_GLOBE_R2024A,EX_E01_POP_2015,11422,0,11422,0,0,0,11422,0,10126,0,0.0,13755907.46
GHSL_UCDB_THEME_EXPOSURE_GLOBE_R2024A,EX_E01_POP_2020,11422,0,11422,0,0,0,11422,0,10126,0,0.0,14241892.56
GHSL_UCDB_THEME_EXPOSURE_GLOBE_R2024A,EX_E01_POP_2025,11422,0,11422,0,0,0,11422,0,10126,0,0.0,14384081.55
GHSL_UCDB_THEME_EXPOSURE_GLOBE_R2024A,EX_E01_POP_2030,11422,0,11422,0,0,0,11422,0,10126,0,0.0,16497476.29
GHSL_UCDB_THEME_EXPOSURE_GLOBE_R2024A,EX_E02_POP_1975,11422,0,11422,0,0,0,11422,0,11417,0,0.0,419514.89
GHSL_UCDB_THEME_EXPOSURE_GLOBE_R2024A,EX_E02_POP_1980,11422,0,11422,0,0,0,11422,0,11417,0,0.0,516304.55
GHSL_UCDB_THEME_EXPOSURE_GLOBE_R2024A,EX_E02_POP_1985,11422,0,11422,0,0,0,11422,0,11417,0,0.0,558639.98
GHSL_UCDB_THEME_EXPOSURE_GLOBE_R2024A,EX_E02_POP_1990,11422,0,11422,0,0,0,11422,0,11417,0,0.0,600745.94
GHSL_UCDB_THEME_EXPOSURE_GLOBE_R2024A,EX_E02_POP_1995,11422,0,11422,0,0,0,11422,0,11417,0,0.0,629016.08
GHSL_UCDB_THEME_EXPOSURE_GLOBE_R2024A,EX_E02_POP_2000,11422,0,11422,0,0,0,11422,0,11417,0,0.0,651162.06
GHSL_UCDB_THEME_EXPOSURE_GLOBE_R2024A,EX_E02_POP_2005,11422,0,11422,0,0,0,11422,0,11417,0,0.0,674436.1
GHSL_UCDB_THEME_EXPOSURE_GLOBE_R2024A,EX_E02_POP_2010,11422,0,11422,0,0,0,11422,0,11417,0,0.0,697626.17
GHSL_UCDB_THEME_EXPOSURE_GLOBE_R2024A,EX_E02_POP_2015,11422,0,11422,0,0,0,11422,0,11417,0,0.0,715199.67
GHSL_UCDB_THEME_EXPOSURE_GLOBE_R2024A,EX_E02_POP_2020,11422,0,11422,0,0,0,11422,0,11417,0,0.0,721960.67
GHSL_UCDB_THEME_EXPOSURE_GLOBE_R2024A,EX_E02_POP_2025,11422,0,11422,0,0,0,11422,0,11417,0,0.0,725274.51
GHSL_UCDB_THEME_EXPOSURE_GLOBE_R2024A,EX_E02_POP_2030,11422,0,11422,0,0,0,11422,0,11417,0,0.0,726123.53
GHSL_UCDB_THEME_EXPOSURE_GLOBE_R2024A,EX_E04_POP_1975,11422,0,11422,0,0,0,11422,0,9539,0,0.0,7544831.71
GHSL_UCDB_THEME_EXPOSURE_GLOBE_R2024A,EX_E04_POP_1980,11422,0,11422,0,0,0,11422,0,9539,0,0.0,7618069.59
GHSL_UCDB_THEME_EXPOSURE_GLOBE_R2024A,EX_E04_POP_1985,11422,0,11422,0,0,0,11422,0,9539,0,0.0,7838418.84
GHSL_UCDB_THEME_EXPOSURE_GLOBE_R2024A,EX_E04_POP_1990,11422,0,11422,0,0,0,11422,0,9539,0,0.0,8128443.4
GHSL_UCDB_THEME_EXPOSURE_GLOBE_R2024A,EX_E04_POP_1995,11422,0,11422,0,0,0,11422,0,9539,0,0.0,8252470.16
GHSL_UCDB_THEME_EXPOSURE_GLOBE_R2024A,EX_E04_POP_2000,11422,0,11422,0,0,0,11422,0,9539,0,0.0,9236928.42
GHSL_UCDB_THEME_EXPOSURE_GLOBE_R2024A,EX_E04_POP_2005,11422,0,11422,0,0,0,11422,0,9539,0,0.0,11037081.83
GHSL_UCDB_THEME_EXPOSURE_GLOBE_R2024A,EX_E04_POP_2010,11422,0,11422,0,0,0,11422,0,9539,0,0.0,13236250.16
GHSL_UCDB_THEME_EXPOSURE_GLOBE_R2024A,EX_E04_POP_2015,11422,0,11422,0,0,0,11422,0,9539,0,0.0,15105451.39
GHSL_UCDB_THEME_EXPOSURE_GLOBE_R2024A,EX_E04_POP_2020,11422,0,11422,0,0,0,11422,0,9539,0,0.0,17430925.98
GHSL_UCDB_THEME_EXPOSURE_GLOBE_R2024A,EX_E04_POP_2025,11422,0,11422,0,0,0,11422,0,9539,0,0.0,19048031.94
GHSL_UCDB_THEME_EXPOSURE_GLOBE_R2024A,EX_E04_POP_2030,11422,0,11422,0,0,0,11422,0,9539,0,0.0,20570253.05
GHSL_UCDB_THEME_EXPOSURE_GLOBE_R2024A,EX_E05_POP_1975,11422,0,11422,0,0,0,11422,0,7367,0,0.0,12061023.09
GHSL_UCDB_THEME_EXPOSURE_GLOBE_R2024A,EX_E05_POP_1980,11422,0,11422,0,0,0,11422,0,7362,0,0.0,11833382.14
GHSL_UCDB_THEME_EXPOSURE_GLOBE_R2024A,EX_E05_POP_1985,11422,0,11422,0,0,0,11422,0,7362,0,0.0,11990084.42
GHSL_UCDB_THEME_EXPOSURE_GLOBE_R2024A,EX_E05_POP_1990,11422,0,11422,0,0,0,11422,0,7361,0,0.0,12169705.06
GHSL_UCDB_THEME_EXPOSURE_GLOBE_R2024A,EX_E05_POP_1995,11422,0,11422,0,0,0,11422,0,7361,0,0.0,12798457.78
GHSL_UCDB_THEME_EXPOSURE_GLOBE_R2024A,EX_E05_POP_2000,11422,0,11422,0,0,0,11422,0,7360,0,0.0,21818405.13
GHSL_UCDB_THEME_EXPOSURE_GLOBE_R2024A,EX_E05_POP_2005,11422,0,11422,0,0,0,11422,0,7358,0,0.0,25366104.67
GHSL_UCDB_THEME_EXPOSURE_GLOBE_R2024A,EX_E05_POP_2010,11422,0,11422,0,0,0,11422,0,7358,0,0.0,27935010.98
GHSL_UCDB_THEME_EXPOSURE_GLOBE_R2024A,EX_E05_POP_2015,11422,0,11422,0,0,0,11422,0,7358,0,0.0,29953786.8
GHSL_UCDB_THEME_EXPOSURE_GLOBE_R2024A,EX_E05_POP_2020,11422,0,11422,0,0,0,11422,0,7358,0,0.0,32336738.98
GHSL_UCDB_THEME_EXPOSURE_GLOBE_R2024A,EX_E05_POP_2025,11422,0,11422,0,0,0,11422,0,7357,0,0.0,34206745.04
GHSL_UCDB_THEME_EXPOSURE_GLOBE_R2024A,EX_E05_POP_2030,11422,0,11422,0,0,0,11422,0,7357,0,0.0,35680226.48
GHSL_UCDB_THEME_EXPOSURE_GLOBE_R2024A,EX_E06_POP_1975,11422,0,11422,0,0,0,11422,0,8964,0,0.0,10864225.16
GHSL_UCDB_THEME_EXPOSURE_GLOBE_R2024A,EX_E06_POP_1980,11422,0,11422,0,0,0,11422,0,8961,0,0.0,13079242.35
GHSL_UCDB_THEME_EXPOSURE_GLOBE_R2024A,EX_E06_POP_1985,11422,0,11422,0,0,0,11422,0,8960,0,0.0,15148769.21
GHSL_UCDB_THEME_EXPOSURE_GLOBE_R2024A,EX_E06_POP_1990,11422,0,11422,0,0,0,11422,0,8960,0,0.0,17601542.05
GHSL_UCDB_THEME_EXPOSURE_GLOBE_R2024A,EX_E06_POP_1995,11422,0,11422,0,0,0,11422,0,8958,0,0.0,18464093.61
GHSL_UCDB_THEME_EXPOSURE_GLOBE_R2024A,EX_E06_POP_2000,11422,0,11422,0,0,0,11422,0,8958,0,0.0,19362714.99
GHSL_UCDB_THEME_EXPOSURE_GLOBE_R2024A,EX_E06_POP_2005,11422,0,11422,0,0,0,11422,0,8958,0,0.0,20134661.41
GHSL_UCDB_THEME_EXPOSURE_GLOBE_R2024A,EX_E06_POP_2010,11422,0,11422,0,0,0,11422,0,8958,0,0.0,20707244.75
GHSL_UCDB_THEME_EXPOSURE_GLOBE_R2024A,EX_E06_POP_2015,11422,0,11422,0,0,0,11422,0,8958,0,0.0,21637939.79
GHSL_UCDB_THEME_EXPOSURE_GLOBE_R2024A,EX_E06_POP_2020,11422,0,11422,0,0,0,11422,0,8958,0,0.0,24556711.43
GHSL_UCDB_THEME_EXPOSURE_GLOBE_R2024A,EX_E06_POP_2025,11422,0,11422,0,0,0,11422,0,8958,0,0.0,27974096.48
GHSL_UCDB_THEME_EXPOSURE_GLOBE_R2024A,EX_E06_POP_2030,11422,0,11422,0,0,0,11422,0,8958,0,0.0,31175612.41
GHSL_UCDB_THEME_EXPOSURE_GLOBE_R2024A,EX_E07_POP_1975,11422,0,11422,0,0,0,11422,0,9600,0,0.0,12942555.84
GHSL_UCDB_THEME_EXPOSURE_GLOBE_R2024A,EX_E07_POP_1980,11422,0,11422,0,0,0,11422,0,9597,0,0.0,15368347.99
GHSL_UCDB_THEME_EXPOSURE_GLOBE_R2024A,EX_E07_POP_1985,11422,0,11422,0,0,0,11422,0,9596,0,0.0,17704679.84
GHSL_UCDB_THEME_EXPOSURE_GLOBE_R2024A,EX_E07_POP_1990,11422,0,11422,0,0,0,11422,0,9596,0,0.0,20284435.86
GHSL_UCDB_THEME_EXPOSURE_GLOBE_R2024A,EX_E07_POP_1995,11422,0,11422,0,0,0,11422,0,9596,0,0.0,22559558.89
GHSL_UCDB_THEME_EXPOSURE_GLOBE_R2024A,EX_E07_POP_2000,11422,0,11422,0,0,0,11422,0,9596,0,0.0,25314931.09
GHSL_UCDB_THEME_EXPOSURE_GLOBE_R2024A,EX_E07_POP_2005,11422,0,11422,0,0,0,11422,0,9595,0,0.0,28387732.82
GHSL_UCDB_THEME_EXPOSURE_GLOBE_R2024A,EX_E07_POP_2010,11422,0,11422,0,0,0,11422,0,9595,0,0.0,31799056.83
GHSL_UCDB_THEME_EXPOSURE_GLOBE_R2024A,EX_E07_POP_2015,11422,0,11422,0,0,0,11422,0,9594,0,0.0,34952348.81
GHSL_UCDB_THEME_EXPOSURE_GLOBE_R2024A,EX_E07_POP_2020,11422,0,11422,0,0,0,11422,0,9594,0,0.0,37650999.11
GHSL_UCDB_THEME_EXPOSURE_GLOBE_R2024A,EX_E07_POP_2025,11422,0,11422,0,0,0,11422,0,9593,0,0.0,39970680.48
GHSL_UCDB_THEME_EXPOSURE_GLOBE_R2024A,EX_E07_POP_2030,11422,0,11422,0,0,0,11422,0,9593,0,0.0,42210347.8
GHSL_UCDB_THEME_EXPOSURE_GLOBE_R2024A,EX_E08_POP_1975,11422,0,11422,0,0,0,11422,0,10737,0,0.0,23307837.63
GHSL_UCDB_THEME_EXPOSURE_GLOBE_R2024A,EX_E08_POP_1980,11422,0,11422,0,0,0,11422,0,10737,0,0.0,24878066.81
GHSL_UCDB_THEME_EXPOSURE_GLOBE_R2024A,EX_E08_POP_1985,11422,0,11422,0,0,0,11422,0,10737,0,0.0,26317344.46
GHSL_UCDB_THEME_EXPOSURE_GLOBE_R2024A,EX_E08_POP_1990,11422,0,11422,0,0,0,11422,0,10737,0,0.0,27506896.8
GHSL_UCDB_THEME_EXPOSURE_GLOBE_R2024A,EX_E08_POP_1995,11422,0,11422,0,0,0,11422,0,10736,0,0.0,27864170.35
GHSL_UCDB_THEME_EXPOSURE_GLOBE_R2024A,EX_E08_POP_2000,11422,0,11422,0,0,0,11422,0,10736,0,0.0,28899861.01
GHSL_UCDB_THEME_EXPOSURE_GLOBE_R2024A,EX_E08_POP_2005,11422,0,11422,0,0,0,11422,0,10736,0,0.0,29833715.71
GHSL_UCDB_THEME_EXPOSURE_GLOBE_R2024A,EX_E08_POP_2010,11422,0,11422,0,0,0,11422,0,10736,0,0.0,30839226.82
GHSL_UCDB_THEME_EXPOSURE_GLOBE_R2024A,EX_E08_POP_2015,11422,0,11422,0,0,0,11422,0,10736,0,0.0,31384983.52
GHSL_UCDB_THEME_EXPOSURE_GLOBE_R2024A,EX_E08_POP_2020,11422,0,11422,0,0,0,11422,0,10736,0,0.0,31640402.79
GHSL_UCDB_THEME_EXPOSURE_GLOBE_R2024A,EX_E08_POP_2025,11422,0,11422,0,0,0,11422,0,10736,0,0.0,31392898.07
GHSL_UCDB_THEME_EXPOSURE_GLOBE_R2024A,EX_E08_POP_2030,11422,0,11422,0,0,0,11422,0,10736,0,0.0,31076338.17
GHSL_UCDB_THEME_EXPOSURE_GLOBE_R2024A,EX_E09_POP_1975,11422,0,11422,0,0,0,11422,0,11340,0,0.0,1808605.74
GHSL_UCDB_THEME_EXPOSURE_GLOBE_R2024A,EX_E09_POP_1980,11422,0,11422,0,0,0,11422,0,11340,0,0.0,1566889.39
GHSL_UCDB_THEME_EXPOSURE_GLOBE_R2024A,EX_E09_POP_1985,11422,0,11422,0,0,0,11422,0,11340,0,0.0,1565317.3
GHSL_UCDB_THEME_EXPOSURE_GLOBE_R2024A,EX_E09_POP_1990,11422,0,11422,0,0,0,11422,0,11340,0,0.0,1652665.17
GHSL_UCDB_THEME_EXPOSURE_GLOBE_R2024A,EX_E09_POP_1995,11422,0,11422,0,0,0,11422,0,11340,0,0.0,1679816.7
GHSL_UCDB_THEME_EXPOSURE_GLOBE_R2024A,EX_E09_POP_2000,11422,0,11422,0,0,0,11422,0,11340,0,0.0,1714264.04
GHSL_UCDB_THEME_EXPOSURE_GLOBE_R2024A,EX_E09_POP_2005,11422,0,11422,0,0,0,11422,0,11340,0,0.0,1757853.09
GHSL_UCDB_THEME_EXPOSURE_GLOBE_R2024A,EX_E09_POP_2010,11422,0,11422,0,0,0,11422,0,11340,0,0.0,1803172.89
GHSL_UCDB_THEME_EXPOSURE_GLOBE_R2024A,EX_E09_POP_2015,11422,0,11422,0,0,0,11422,0,11340,0,0.0,1810564.25
GHSL_UCDB_THEME_EXPOSURE_GLOBE_R2024A,EX_E09_POP_2020,11422,0,11422,0,0,0,11422,0,11340,0,0.0,1806945.45
GHSL_UCDB_THEME_EXPOSURE_GLOBE_R2024A,EX_E09_POP_2025,11422,0,11422,0,0,0,11422,0,11340,0,0.0,1762801.55
GHSL_UCDB_THEME_EXPOSURE_GLOBE_R2024A,EX_E09_POP_2030,11422,0,11422,0,0,0,11422,0,11340,0,0.0,1718591.8
GHSL_UCDB_THEME_EXPOSURE_GLOBE_R2024A,EX_E10_POP_1975,11422,0,11422,0,0,0,11422,0,11420,0,0.0,135762.98
GHSL_UCDB_THEME_EXPOSURE_GLOBE_R2024A,EX_E10_POP_1980,11422,0,11422,0,0,0,11422,0,11420,0,0.0,143370.34
GHSL_UCDB_THEME_EXPOSURE_GLOBE_R2024A,EX_E10_POP_1985,11422,0,11422,0,0,0,11422,0,11420,0,0.0,153686.72
GHSL_UCDB_THEME_EXPOSURE_GLOBE_R2024A,EX_E10_POP_1990,11422,0,11422,0,0,0,11422,0,11420,0,0.0,162524.77
GHSL_UCDB_THEME_EXPOSURE_GLOBE_R2024A,EX_E10_POP_1995,11422,0,11422,0,0,0,11422,0,11420,0,0.0,165513.63
GHSL_UCDB_THEME_EXPOSURE_GLOBE_R2024A,EX_E10_POP_2000,11422,0,11422,0,0,0,11422,0,11420,0,0.0,161967.86
GHSL_UCDB_THEME_EXPOSURE_GLOBE_R2024A,EX_E10_POP_2005,11422,0,11422,0,0,0,11422,0,11420,0,0.0,157067.54
GHSL_UCDB_THEME_EXPOSURE_GLOBE_R2024A,EX_E10_POP_2010,11422,0,11422,0,0,0,11422,0,11420,0,0.0,150406.05
GHSL_UCDB_THEME_EXPOSURE_GLOBE_R2024A,EX_E10_POP_2015,11422,0,11422,0,0,0,11422,0,11420,0,0.0,143056.32
GHSL_UCDB_THEME_EXPOSURE_GLOBE_R2024A,EX_E10_POP_2020,11422,0,11422,0,0,0,11422,0,11420,0,0.0,135431.9
GHSL_UCDB_THEME_EXPOSURE_GLOBE_R2024A,EX_E10_POP_2025,11422,0,11422,0,0,0,11422,0,11420,0,0.0,129607.85
GHSL_UCDB_THEME_EXPOSURE_GLOBE_R2024A,EX_E10_POP_2030,11422,0,11422,0,0,0,11422,0,11420,0,0.0,126103.19
GHSL_UCDB_THEME_EXPOSURE_GLOBE_R2024A,EX_SHA_POP_1975,11422,0,11422,0,0,0,11422,0,6857,0,0.0,100.0
GHSL_UCDB_THEME_EXPOSURE_GLOBE_R2024A,EX_SHA_POP_1980,11422,0,11422,0,0,0,11422,0,6852,0,0.0,100.0
GHSL_UCDB_THEME_EXPOSURE_GLOBE_R2024A,EX_SHA_POP_1985,11422,0,11422,0,0,0,11422,0,6852,0,0.0,100.0
GHSL_UCDB_THEME_EXPOSURE_GLOBE_R2024A,EX_SHA_POP_1990,11422,0,11422,0,0,0,11422,0,6852,0,0.0,100.0
GHSL_UCDB_THEME_EXPOSURE_GLOBE_R2024A,EX_SHA_POP_1995,11422,0,11422,0,0,0,11422,0,6851,0,0.0,100.0
GHSL_UCDB_THEME_EXPOSURE_GLOBE_R2024A,EX_SHA_POP_2000,11422,0,11422,0,0,0,11422,0,6849,0,0.0,100.0
GHSL_UCDB_THEME_EXPOSURE_GLOBE_R2024A,EX_SHA_POP_2005,11422,0,11422,0,0,0,11422,0,6849,0,0.0,100.0
GHSL_UCDB_THEME_EXPOSURE_GLOBE_R2024A,EX_SHA_POP_2010,11422,0,11422,0,0,0,11422,0,6849,0,0.0,100.0
GHSL_UCDB_THEME_EXPOSURE_GLOBE_R2024A,EX_SHA_POP_2015,11422,0,11422,0,0,0,11422,0,6849,0,0.0,100.0
GHSL_UCDB_THEME_EXPOSURE_GLOBE_R2024A,EX_SHA_POP_2020,11422,0,11422,0,0,0,11422,0,6849,0,0.0,100.0
GHSL_UCDB_THEME_EXPOSURE_GLOBE_R2024A,EX_SHA_POP_2025,11422,0,11422,0,0,0,11422,0,6849,0,0.0,100.0
GHSL_UCDB_THEME_EXPOSURE_GLOBE_R2024A,EX_SHA_POP_2030,11422,0,11422,0,0,0,11422,0,6849,0,0.0,100.0
GHSL_UCDB_THEME_EXPOSURE_GLOBE_R2024A,EX_E01_BUS_1975,11422,0,11422,0,0,0,11422,0,10127,0,0,469597991
GHSL_UCDB_THEME_EXPOSURE_GLOBE_R2024A,EX_E01_BUS_1980,11422,0,11422,0,0,0,11422,0,10126,0,0,481936426
GHSL_UCDB_THEME_EXPOSURE_GLOBE_R2024A,EX_E01_BUS_1985,11422,0,11422,0,0,0,11422,0,10126,0,0,494394170
GHSL_UCDB_THEME_EXPOSURE_GLOBE_R2024A,EX_E01_BUS_1990,11422,0,11422,0,0,0,11422,0,10126,0,0,506947808
GHSL_UCDB_THEME_EXPOSURE_GLOBE_R2024A,EX_E01_BUS_1995,11422,0,11422,0,0,0,11422,0,10126,0,0,549291218
GHSL_UCDB_THEME_EXPOSURE_GLOBE_R2024A,EX_E01_BUS_2000,11422,0,11422,0,0,0,11422,0,10126,0,0,593977131
GHSL_UCDB_THEME_EXPOSURE_GLOBE_R2024A,EX_E01_BUS_2005,11422,0,11422,0,0,0,11422,0,10126,0,0,613206694
GHSL_UCDB_THEME_EXPOSURE_GLOBE_R2024A,EX_E01_BUS_2010,11422,0,11422,0,0,0,11422,0,10126,0,0,633546736
GHSL_UCDB_THEME_EXPOSURE_GLOBE_R2024A,EX_E01_BUS_2015,11422,0,11422,0,0,0,11422,0,10126,0,0,653202710
GHSL_UCDB_THEME_EXPOSURE_GLOBE_R2024A,EX_E01_BUS_2020,11422,0,11422,0,0,0,11422,0,10126,0,0,667583471
GHSL_UCDB_THEME_EXPOSURE_GLOBE_R2024A,EX_E01_BUS_2025,11422,0,11422,0,0,0,11422,0,10126,0,0,672908097
GHSL_UCDB_THEME_EXPOSURE_GLOBE_R2024A,EX_E01_BUS_2030,11422,0,11422,0,0,0,11422,0,10126,0,0,676267266
GHSL_UCDB_THEME_EXPOSURE_GLOBE_R2024A,EX_E02_BUS_1975,11422,0,11422,0,0,0,11422,0,11417,0,0,23341041
GHSL_UCDB_THEME_EXPOSURE_GLOBE_R2024A,EX_E02_BUS_1980,11422,0,11422,0,0,0,11422,0,11417,0,0,23384697
GHSL_UCDB_THEME_EXPOSURE_GLOBE_R2024A,EX_E02_BUS_1985,11422,0,11422,0,0,0,11422,0,11417,0,0,23428434
GHSL_UCDB_THEME_EXPOSURE_GLOBE_R2024A,EX_E02_BUS_1990,11422,0,11422,0,0,0,11422,0,11417,0,0,23472346
GHSL_UCDB_THEME_EXPOSURE_GLOBE_R2024A,EX_E02_BUS_1995,11422,0,11422,0,0,0,11422,0,11417,0,0,23626258
GHSL_UCDB_THEME_EXPOSURE_GLOBE_R2024A,EX_E02_BUS_2000,11422,0,11422,0,0,0,11422,0,11417,0,0,23783760
GHSL_UCDB_THEME_EXPOSURE_GLOBE_R2024A,EX_E02_BUS_2005,11422,0,11422,0,0,0,11422,0,11417,0,0,23827872
GHSL_UCDB_THEME_EXPOSURE_GLOBE_R2024A,EX_E02_BUS_2010,11422,0,11422,0,0,0,11422,0,11417,0,0,23872059
GHSL_UCDB_THEME_EXPOSURE_GLOBE_R2024A,EX_E02_BUS_2015,11422,0,11422,0,0,0,11422,0,11417,0,0,23912549
GHSL_UCDB_THEME_EXPOSURE_GLOBE_R2024A,EX_E02_BUS_2020,11422,0,11422,0,0,0,11422,0,11417,0,0,23937839
GHSL_UCDB_THEME_EXPOSURE_GLOBE_R2024A,EX_E02_BUS_2025,11422,0,11422,0,0,0,11422,0,11417,0,0,23937839
GHSL_UCDB_THEME_EXPOSURE_GLOBE_R2024A,EX_E02_BUS_2030,11422,0,11422,0,0,0,11422,0,11417,0,0,23947035
GHSL_UCDB_THEME_EXPOSURE_GLOBE_R2024A,EX_E04_BUS_1975,11422,0,11422,0,0,0,11422,0,9539,0,0,419596412
GHSL_UCDB_THEME_EXPOSURE_GLOBE_R2024A,EX_E04_BUS_1980,11422,0,11422,0,0,0,11422,0,9539,0,0,435292707
GHSL_UCDB_THEME_EXPOSURE_GLOBE_R2024A,EX_E04_BUS_1985,11422,0,11422,0,0,0,11422,0,9539,0,0,451188752
GHSL_UCDB_THEME_EXPOSURE_GLOBE_R2024A,EX_E04_BUS_1990,11422,0,11422,0,0,0,11422,0,9539,0,0,467264459
GHSL_UCDB_THEME_EXPOSURE_GLOBE_R2024A,EX_E04_BUS_1995,11422,0,11422,0,0,0,11422,0,9539,0,0,487172645
GHSL_UCDB_THEME_EXPOSURE_GLOBE_R2024A,EX_E04_BUS_2000,11422,0,11422,0,0,0,11422,0,9539,0,0,508092777
GHSL_UCDB_THEME_EXPOSURE_GLOBE_R2024A,EX_E04_BUS_2005,11422,0,11422,0,0,0,11422,0,9539,0,0,512176468
GHSL_UCDB_THEME_EXPOSURE_GLOBE_R2024A,EX_E04_BUS_2010,11422,0,11422,0,0,0,11422,0,9539,0,0,554107458
GHSL_UCDB_THEME_EXPOSURE_GLOBE_R2024A,EX_E04_BUS_2015,11422,0,11422,0,0,0,11422,0,9539,0,0,612376295
GHSL_UCDB_THEME_EXPOSURE_GLOBE_R2024A,EX_E04_BUS_2020,11422,0,11422,0,0,0,11422,0,9539,0,0,626086688
GHSL_UCDB_THEME_EXPOSURE_GLOBE_R2024A,EX_E04_BUS_2025,11422,0,11422,0,0,0,11422,0,9539,0,0,638377411
GHSL_UCDB_THEME_EXPOSURE_GLOBE_R2024A,EX_E04_BUS_2030,11422,0,11422,0,0,0,11422,0,9539,0,0,642795413
GHSL_UCDB_THEME_EXPOSURE_GLOBE_R2024A,EX_E05_BUS_1975,11422,0,11422,0,0,0,11422,0,7367,0,0,595144240
GHSL_UCDB_THEME_EXPOSURE_GLOBE_R2024A,EX_E05_BUS_1980,11422,0,11422,0,0,0,11422,0,7362,0,0,602937479
GHSL_UCDB_THEME_EXPOSURE_GLOBE_R2024A,EX_E05_BUS_1985,11422,0,11422,0,0,0,11422,0,7362,0,0,610941444
GHSL_UCDB_THEME_EXPOSURE_GLOBE_R2024A,EX_E05_BUS_1990,11422,0,11422,0,0,0,11422,0,7361,0,0,619121643
GHSL_UCDB_THEME_EXPOSURE_GLOBE_R2024A,EX_E05_BUS_1995,11422,0,11422,0,0,0,11422,0,7361,0,0,637499252
GHSL_UCDB_THEME_EXPOSURE_GLOBE_R2024A,EX_E05_BUS_2000,11422,0,11422,0,0,0,11422,0,7360,0,0,656394624
GHSL_UCDB_THEME_EXPOSURE_GLOBE_R2024A,EX_E05_BUS_2005,11422,0,11422,0,0,0,11422,0,7358,0,0,703317124
GHSL_UCDB_THEME_EXPOSURE_GLOBE_R2024A,EX_E05_BUS_2010,11422,0,11422,0,0,0,11422,0,7358,0,0,783700325
GHSL_UCDB_THEME_EXPOSURE_GLOBE_R2024A,EX_E05_BUS_2015,11422,0,11422,0,0,0,11422,0,7358,0,0,863302875
GHSL_UCDB_THEME_EXPOSURE_GLOBE_R2024A,EX_E05_BUS_2020,11422,0,11422,0,0,0,11422,0,7358,0,0,894570475
GHSL_UCDB_THEME_EXPOSURE_GLOBE_R2024A,EX_E05_BUS_2025,11422,0,11422,0,0,0,11422,0,7357,0,0,920702568
GHSL_UCDB_THEME_EXPOSURE_GLOBE_R2024A,EX_E05_BUS_2030,11422,0,11422,0,0,0,11422,0,7357,0,0,933043719
GHSL_UCDB_THEME_EXPOSURE_GLOBE_R2024A,EX_E06_BUS_1975,11422,0,11422,0,0,0,11422,0,8964,0,0,233637705
GHSL_UCDB_THEME_EXPOSURE_GLOBE_R2024A,EX_E06_BUS_1980,11422,0,11422,0,0,0,11422,0,8961,0,0,247521289
GHSL_UCDB_THEME_EXPOSURE_GLOBE_R2024A,EX_E06_BUS_1985,11422,0,11422,0,0,0,11422,0,8960,0,0,265489999
GHSL_UCDB_THEME_EXPOSURE_GLOBE_R2024A,EX_E06_BUS_1990,11422,0,11422,0,0,0,11422,0,8960,0,0,287980349
GHSL_UCDB_THEME_EXPOSURE_GLOBE_R2024A,EX_E06_BUS_1995,11422,0,11422,0,0,0,11422,0,8958,0,0,324259969
GHSL_UCDB_THEME_EXPOSURE_GLOBE_R2024A,EX_E06_BUS_2000,11422,0,11422,0,0,0,11422,0,8958,0,0,375121025
GHSL_UCDB_THEME_EXPOSURE_GLOBE_R2024A,EX_E06_BUS_2005,11422,0,11422,0,0,0,11422,0,8958,0,0,414285384
GHSL_UCDB_THEME_EXPOSURE_GLOBE_R2024A,EX_E06_BUS_2010,11422,0,11422,0,0,0,11422,0,8958,0,0,462791286
GHSL_UCDB_THEME_EXPOSURE_GLOBE_R2024A,EX_E06_BUS_2015,11422,0,11422,0,0,0,11422,0,8958,0,0,513542464
GHSL_UCDB_THEME_EXPOSURE_GLOBE_R2024A,EX_E06_BUS_2020,11422,0,11422,0,0,0,11422,0,8958,0,0,547596152
GHSL_UCDB_THEME_EXPOSURE_GLOBE_R2024A,EX_E06_BUS_2025,11422,0,11422,0,0,0,11422,0,8958,0,0,555723609
GHSL_UCDB_THEME_EXPOSURE_GLOBE_R2024A,EX_E06_BUS_2030,11422,0,11422,0,0,0,11422,0,8958,0,0,561608145
GHSL_UCDB_THEME_EXPOSURE_GLOBE_R2024A,EX_E07_BUS_1975,11422,0,11422,0,0,0,11422,0,9600,0,0,677602686
GHSL_UCDB_THEME_EXPOSURE_GLOBE_R2024A,EX_E07_BUS_1980,11422,0,11422,0,0,0,11422,0,9597,0,0,685022996
GHSL_UCDB_THEME_EXPOSURE_GLOBE_R2024A,EX_E07_BUS_1985,11422,0,11422,0,0,0,11422,0,9596,0,0,692509106
GHSL_UCDB_THEME_EXPOSURE_GLOBE_R2024A,EX_E07_BUS_1990,11422,0,11422,0,0,0,11422,0,9596,0,0,700069458
GHSL_UCDB_THEME_EXPOSURE_GLOBE_R2024A,EX_E07_BUS_1995,11422,0,11422,0,0,0,11422,0,9596,0,0,730547342
GHSL_UCDB_THEME_EXPOSURE_GLOBE_R2024A,EX_E07_BUS_2000,11422,0,11422,0,0,0,11422,0,9596,0,0,814610434
GHSL_UCDB_THEME_EXPOSURE_GLOBE_R2024A,EX_E07_BUS_2005,11422,0,11422,0,0,0,11422,0,9595,0,0,847253549
GHSL_UCDB_THEME_EXPOSURE_GLOBE_R2024A,EX_E07_BUS_2010,11422,0,11422,0,0,0,11422,0,9595,0,0,886302026
GHSL_UCDB_THEME_EXPOSURE_GLOBE_R2024A,EX_E07_BUS_2015,11422,0,11422,0,0,0,11422,0,9594,0,0,924085357
GHSL_UCDB_THEME_EXPOSURE_GLOBE_R2024A,EX_E07_BUS_2020,11422,0,11422,0,0,0,11422,0,9594,0,0,938840023
GHSL_UCDB_THEME_EXPOSURE_GLOBE_R2024A,EX_E07_BUS_2025,11422,0,11422,0,0,0,11422,0,9593,0,0,953540173
GHSL_UCDB_THEME_EXPOSURE_GLOBE_R2024A,EX_E07_BUS_2030,11422,0,11422,0,0,0,11422,0,9593,0,0,960379278
GHSL_UCDB_THEME_EXPOSURE_GLOBE_R2024A,EX_E08_BUS_1975,11422,0,11422,0,0,0,11422,0,10737,0,0,1019208726
GHSL_UCDB_THEME_EXPOSURE_GLOBE_R2024A,EX_E08_BUS_1980,11422,0,11422,0,0,0,11422,0,10737,0,0,1040774003
GHSL_UCDB_THEME_EXPOSURE_GLOBE_R2024A,EX_E08_BUS_1985,11422,0,11422,0,0,0,11422,0,10737,0,0,1062556152
GHSL_UCDB_THEME_EXPOSURE_GLOBE_R2024A,EX_E08_BUS_1990,11422,0,11422,0,0,0,11422,0,10737,0,0,1084544615
GHSL_UCDB_THEME_EXPOSURE_GLOBE_R2024A,EX_E08_BUS_1995,11422,0,11422,0,0,0,11422,0,10736,0,0,1143120754
GHSL_UCDB_THEME_EXPOSURE_GLOBE_R2024A,EX_E08_BUS_2000,11422,0,11422,0,0,0,11422,0,10736,0,0,1203473992
GHSL_UCDB_THEME_EXPOSURE_GLOBE_R2024A,EX_E08_BUS_2005,11422,0,11422,0,0,0,11422,0,10736,0,0,1234034359
GHSL_UCDB_THEME_EXPOSURE_GLOBE_R2024A,EX_E08_BUS_2010,11422,0,11422,0,0,0,11422,0,10736,0,0,1265207658
GHSL_UCDB_THEME_EXPOSURE_GLOBE_R2024A,EX_E08_BUS_2015,11422,0,11422,0,0,0,11422,0,10736,0,0,1295405114
GHSL_UCDB_THEME_EXPOSURE_GLOBE_R2024A,EX_E08_BUS_2020,11422,0,11422,0,0,0,11422,0,10736,0,0,1320265816
GHSL_UCDB_THEME_EXPOSURE_GLOBE_R2024A,EX_E08_BUS_2025,11422,0,11422,0,0,0,11422,0,10736,0,0,1324266536
GHSL_UCDB_THEME_EXPOSURE_GLOBE_R2024A,EX_E08_BUS_2030,11422,0,11422,0,0,0,11422,0,10736,0,0,1326877824
GHSL_UCDB_THEME_EXPOSURE_GLOBE_R2024A,EX_E09_BUS_1975,11422,0,11422,0,0,0,11422,0,11340,0,0,92949886
GHSL_UCDB_THEME_EXPOSURE_GLOBE_R2024A,EX_E09_BUS_1980,11422,0,11422,0,0,0,11422,0,11340,0,0,95121061
GHSL_UCDB_THEME_EXPOSURE_GLOBE_R2024A,EX_E09_BUS_1985,11422,0,11422,0,0,0,11422,0,11340,0,0,97305319
GHSL_UCDB_THEME_EXPOSURE_GLOBE_R2024A,EX_E09_BUS_1990,11422,0,11422,0,0,0,11422,0,11340,0,0,99508880
GHSL_UCDB_THEME_EXPOSURE_GLOBE_R2024A,EX_E09_BUS_1995,11422,0,11422,0,0,0,11422,0,11340,0,0,107249546
GHSL_UCDB_THEME_EXPOSURE_GLOBE_R2024A,EX_E09_BUS_2000,11422,0,11422,0,0,0,11422,0,11340,0,0,115272330
GHSL_UCDB_THEME_EXPOSURE_GLOBE_R2024A,EX_E09_BUS_2005,11422,0,11422,0,0,0,11422,0,11340,0,0,119395802
GHSL_UCDB_THEME_EXPOSURE_GLOBE_R2024A,EX_E09_BUS_2010,11422,0,11422,0,0,0,11422,0,11340,0,0,123617571
GHSL_UCDB_THEME_EXPOSURE_GLOBE_R2024A,EX_E09_BUS_2015,11422,0,11422,0,0,0,11422,0,11340,0,0,127717436
GHSL_UCDB_THEME_EXPOSURE_GLOBE_R2024A,EX_E09_BUS_2020,11422,0,11422,0,0,0,11422,0,11340,0,0,131083652
GHSL_UCDB_THEME_EXPOSURE_GLOBE_R2024A,EX_E09_BUS_2025,11422,0,11422,0,0,0,11422,0,11340,0,0,131660834
GHSL_UCDB_THEME_EXPOSURE_GLOBE_R2024A,EX_E09_BUS_2030,11422,0,11422,0,0,0,11422,0,11340,0,0,131974632
GHSL_UCDB_THEME_EXPOSURE_GLOBE_R2024A,EX_E10_BUS_1975,11422,0,11422,0,0,0,11422,0,11420,0,0,4068815
GHSL_UCDB_THEME_EXPOSURE_GLOBE_R2024A,EX_E10_BUS_1980,11422,0,11422,0,0,0,11422,0,11420,0,0,4562471
GHSL_UCDB_THEME_EXPOSURE_GLOBE_R2024A,EX_E10_BUS_1985,11422,0,11422,0,0,0,11422,0,11420,0,0,5188963
GHSL_UCDB_THEME_EXPOSURE_GLOBE_R2024A,EX_E10_BUS_1990,11422,0,11422,0,0,0,11422,0,11420,0,0,5884113
GHSL_UCDB_THEME_EXPOSURE_GLOBE_R2024A,EX_E10_BUS_1995,11422,0,11422,0,0,0,11422,0,11420,0,0,6703953
GHSL_UCDB_THEME_EXPOSURE_GLOBE_R2024A,EX_E10_BUS_2000,11422,0,11422,0,0,0,11422,0,11420,0,0,7573457
GHSL_UCDB_THEME_EXPOSURE_GLOBE_R2024A,EX_E10_BUS_2005,11422,0,11422,0,0,0,11422,0,11420,0,0,8028962
GHSL_UCDB_THEME_EXPOSURE_GLOBE_R2024A,EX_E10_BUS_2010,11422,0,11422,0,0,0,11422,0,11420,0,0,8495637
GHSL_UCDB_THEME_EXPOSURE_GLOBE_R2024A,EX_E10_BUS_2015,11422,0,11422,0,0,0,11422,0,11420,0,0,8908380
GHSL_UCDB_THEME_EXPOSURE_GLOBE_R2024A,EX_E10_BUS_2020,11422,0,11422,0,0,0,11422,0,11420,0,0,9070581
GHSL_UCDB_THEME_EXPOSURE_GLOBE_R2024A,EX_E10_BUS_2025,11422,0,11422,0,0,0,11422,0,11420,0,0,9154022
GHSL_UCDB_THEME_EXPOSURE_GLOBE_R2024A,EX_E10_BUS_2030,11422,0,11422,0,0,0,11422,0,11420,0,0,9194973
GHSL_UCDB_THEME_EXPOSURE_GLOBE_R2024A,EX_SHA_BUS_1975,11422,0,11422,0,0,0,11422,0,6855,0,0.0,100.0
GHSL_UCDB_THEME_EXPOSURE_GLOBE_R2024A,EX_SHA_BUS_1980,11422,0,11422,0,0,0,11422,0,6852,0,0.0,100.0
GHSL_UCDB_THEME_EXPOSURE_GLOBE_R2024A,EX_SHA_BUS_1985,11422,0,11422,0,0,0,11422,0,6851,0,0.0,100.0
GHSL_UCDB_THEME_EXPOSURE_GLOBE_R2024A,EX_SHA_BUS_1990,11422,0,11422,0,0,0,11422,0,6851,0,0.0,100.0
GHSL_UCDB_THEME_EXPOSURE_GLOBE_R2024A,EX_SHA_BUS_1995,11422,0,11422,0,0,0,11422,0,6849,0,0.0,100.0
GHSL_UCDB_THEME_EXPOSURE_GLOBE_R2024A,EX_SHA_BUS_2000,11422,0,11422,0,0,0,11422,0,6849,0,0.0,100.0
GHSL_UCDB_THEME_EXPOSURE_GLOBE_R2024A,EX_SHA_BUS_2005,11422,0,11422,0,0,0,11422,0,6849,0,0.0,100.0
GHSL_UCDB_THEME_EXPOSURE_GLOBE_R2024A,EX_SHA_BUS_2010,11422,0,11422,0,0,0,11422,0,6849,0,0.0,100.0
GHSL_UCDB_THEME_EXPOSURE_GLOBE_R2024A,EX_SHA_BUS_2015,11422,0,11422,0,0,0,11422,0,6849,0,0.0,100.0
GHSL_UCDB_THEME_EXPOSURE_GLOBE_R2024A,EX_SHA_BUS_2020,11422,0,11422,0,0,0,11422,0,6849,0,0.0,100.0
GHSL_UCDB_THEME_EXPOSURE_GLOBE_R2024A,EX_SHA_BUS_2025,11422,0,11422,0,0,0,11422,0,6849,0,0.0,100.0
GHSL_UCDB_THEME_EXPOSURE_GLOBE_R2024A,EX_SHA_BUS_2030,11422,0,11422,0,0,0,11422,0,6849,0,0.0,100.0
GHSL_UCDB_THEME_EXPOSURE_GLOBE_R2024A,EX_E01_NRE_1975,11422,0,11422,0,0,0,11422,0,10438,0,0,50393248
GHSL_UCDB_THEME_EXPOSURE_GLOBE_R2024A,EX_E01_NRE_1980,11422,0,11422,0,0,0,11422,0,10418,0,0,51124907
GHSL_UCDB_THEME_EXPOSURE_GLOBE_R2024A,EX_E01_NRE_1985,11422,0,11422,0,0,0,11422,0,10411,0,0,51863017
GHSL_UCDB_THEME_EXPOSURE_GLOBE_R2024A,EX_E01_NRE_1990,11422,0,11422,0,0,0,11422,0,10403,0,0,52607471
GHSL_UCDB_THEME_EXPOSURE_GLOBE_R2024A,EX_E01_NRE_1995,11422,0,11422,0,0,0,11422,0,10387,0,0,55128964
GHSL_UCDB_THEME_EXPOSURE_GLOBE_R2024A,EX_E01_NRE_2000,11422,0,11422,0,0,0,11422,0,10384,0,0,57921888
GHSL_UCDB_THEME_EXPOSURE_GLOBE_R2024A,EX_E01_NRE_2005,11422,0,11422,0,0,0,11422,0,10379,0,0,59050921
GHSL_UCDB_THEME_EXPOSURE_GLOBE_R2024A,EX_E01_NRE_2010,11422,0,11422,0,0,0,11422,0,10376,0,0,60270369
GHSL_UCDB_THEME_EXPOSURE_GLOBE_R2024A,EX_E01_NRE_2015,11422,0,11422,0,0,0,11422,0,10372,0,0,61565638
GHSL_UCDB_THEME_EXPOSURE_GLOBE_R2024A,EX_E01_NRE_2020,11422,0,11422,0,0,0,11422,0,10371,0,0,62909937
GHSL_UCDB_THEME_EXPOSURE_GLOBE_R2024A,EX_E01_NRE_2025,11422,0,11422,0,0,0,11422,0,10371,0,0,64137702
GHSL_UCDB_THEME_EXPOSURE_GLOBE_R2024A,EX_E01_NRE_2030,11422,0,11422,0,0,0,11422,0,10371,0,0,64970104
GHSL_UCDB_THEME_EXPOSURE_GLOBE_R2024A,EX_E02_NRE_1975,11422,0,11422,0,0,0,11422,0,11419,0,0,687493
GHSL_UCDB_THEME_EXPOSURE_GLOBE_R2024A,EX_E02_NRE_1980,11422,0,11422,0,0,0,11422,0,11419,0,0,690381
GHSL_UCDB_THEME_EXPOSURE_GLOBE_R2024A,EX_E02_NRE_1985,11422,0,11422,0,0,0,11422,0,11419,0,0,693321
GHSL_UCDB_THEME_EXPOSURE_GLOBE_R2024A,EX_E02_NRE_1990,11422,0,11422,0,0,0,11422,0,11419,0,0,696235
GHSL_UCDB_THEME_EXPOSURE_GLOBE_R2024A,EX_E02_NRE_1995,11422,0,11422,0,0,0,11422,0,11419,0,0,702570
GHSL_UCDB_THEME_EXPOSURE_GLOBE_R2024A,EX_E02_NRE_2000,11422,0,11422,0,0,0,11422,0,11419,0,0,709173
GHSL_UCDB_THEME_EXPOSURE_GLOBE_R2024A,EX_E02_NRE_2005,11422,0,11422,0,0,0,11422,0,11419,0,0,711564
GHSL_UCDB_THEME_EXPOSURE_GLOBE_R2024A,EX_E02_NRE_2010,11422,0,11422,0,0,0,11422,0,11419,0,0,713948
GHSL_UCDB_THEME_EXPOSURE_GLOBE_R2024A,EX_E02_NRE_2015,11422,0,11422,0,0,0,11422,0,11419,0,0,716517
GHSL_UCDB_THEME_EXPOSURE_GLOBE_R2024A,EX_E02_NRE_2020,11422,0,11422,0,0,0,11422,0,11419,0,0,720503
GHSL_UCDB_THEME_EXPOSURE_GLOBE_R2024A,EX_E02_NRE_2025,11422,0,11422,0,0,0,11422,0,11419,0,0,720503
GHSL_UCDB_THEME_EXPOSURE_GLOBE_R2024A,EX_E02_NRE_2030,11422,0,11422,0,0,0,11422,0,11419,0,0,720503
GHSL_UCDB_THEME_EXPOSURE_GLOBE_R2024A,EX_E04_NRE_1975,11422,0,11422,0,0,0,11422,0,9897,0,0,93751639
GHSL_UCDB_THEME_EXPOSURE_GLOBE_R2024A,EX_E04_NRE_1980,11422,0,11422,0,0,0,11422,0,9877,0,0,95892395
GHSL_UCDB_THEME_EXPOSURE_GLOBE_R2024A,EX_E04_NRE_1985,11422,0,11422,0,0,0,11422,0,9861,0,0,98063295
GHSL_UCDB_THEME_EXPOSURE_GLOBE_R2024A,EX_E04_NRE_1990,11422,0,11422,0,0,0,11422,0,9850,0,0,100277277
GHSL_UCDB_THEME_EXPOSURE_GLOBE_R2024A,EX_E04_NRE_1995,11422,0,11422,0,0,0,11422,0,9845,0,0,103377132
GHSL_UCDB_THEME_EXPOSURE_GLOBE_R2024A,EX_E04_NRE_2000,11422,0,11422,0,0,0,11422,0,9844,0,0,106811350
GHSL_UCDB_THEME_EXPOSURE_GLOBE_R2024A,EX_E04_NRE_2005,11422,0,11422,0,0,0,11422,0,9837,0,0,107646981
GHSL_UCDB_THEME_EXPOSURE_GLOBE_R2024A,EX_E04_NRE_2010,11422,0,11422,0,0,0,11422,0,9832,0,0,108533614
GHSL_UCDB_THEME_EXPOSURE_GLOBE_R2024A,EX_E04_NRE_2015,11422,0,11422,0,0,0,11422,0,9826,0,0,109394080
GHSL_UCDB_THEME_EXPOSURE_GLOBE_R2024A,EX_E04_NRE_2020,11422,0,11422,0,0,0,11422,0,9825,0,0,110057748
GHSL_UCDB_THEME_EXPOSURE_GLOBE_R2024A,EX_E04_NRE_2025,11422,0,11422,0,0,0,11422,0,9825,0,0,110506869
GHSL_UCDB_THEME_EXPOSURE_GLOBE_R2024A,EX_E04_NRE_2030,11422,0,11422,0,0,0,11422,0,9825,0,0,110836441
GHSL_UCDB_THEME_EXPOSURE_GLOBE_R2024A,EX_E05_NRE_1975,11422,0,11422,0,0,0,11422,0,8301,0,0,96307762
GHSL_UCDB_THEME_EXPOSURE_GLOBE_R2024A,EX_E05_NRE_1980,11422,0,11422,0,0,0,11422,0,8197,0,0,97318560
GHSL_UCDB_THEME_EXPOSURE_GLOBE_R2024A,EX_E05_NRE_1985,11422,0,11422,0,0,0,11422,0,8153,0,0,98346534
GHSL_UCDB_THEME_EXPOSURE_GLOBE_R2024A,EX_E05_NRE_1990,11422,0,11422,0,0,0,11422,0,8123,0,0,99388609
GHSL_UCDB_THEME_EXPOSURE_GLOBE_R2024A,EX_E05_NRE_1995,11422,0,11422,0,0,0,11422,0,8104,0,0,101687128
GHSL_UCDB_THEME_EXPOSURE_GLOBE_R2024A,EX_E05_NRE_2000,11422,0,11422,0,0,0,11422,0,8090,0,0,104108853
GHSL_UCDB_THEME_EXPOSURE_GLOBE_R2024A,EX_E05_NRE_2005,11422,0,11422,0,0,0,11422,0,8076,0,0,105032160
GHSL_UCDB_THEME_EXPOSURE_GLOBE_R2024A,EX_E05_NRE_2010,11422,0,11422,0,0,0,11422,0,8065,0,0,105977849
GHSL_UCDB_THEME_EXPOSURE_GLOBE_R2024A,EX_E05_NRE_2015,11422,0,11422,0,0,0,11422,0,8050,0,0,108165120
GHSL_UCDB_THEME_EXPOSURE_GLOBE_R2024A,EX_E05_NRE_2020,11422,0,11422,0,0,0,11422,0,8043,0,0,109353796
GHSL_UCDB_THEME_EXPOSURE_GLOBE_R2024A,EX_E05_NRE_2025,11422,0,11422,0,0,0,11422,0,8042,0,0,117714373
GHSL_UCDB_THEME_EXPOSURE_GLOBE_R2024A,EX_E05_NRE_2030,11422,0,11422,0,0,0,11422,0,8040,0,0,124662660
GHSL_UCDB_THEME_EXPOSURE_GLOBE_R2024A,EX_E06_NRE_1975,11422,0,11422,0,0,0,11422,0,9717,0,0,53640275
GHSL_UCDB_THEME_EXPOSURE_GLOBE_R2024A,EX_E06_NRE_1980,11422,0,11422,0,0,0,11422,0,9671,0,0,69991719
GHSL_UCDB_THEME_EXPOSURE_GLOBE_R2024A,EX_E06_NRE_1985,11422,0,11422,0,0,0,11422,0,9648,0,0,86899026
GHSL_UCDB_THEME_EXPOSURE_GLOBE_R2024A,EX_E06_NRE_1990,11422,0,11422,0,0,0,11422,0,9622,0,0,104343337
GHSL_UCDB_THEME_EXPOSURE_GLOBE_R2024A,EX_E06_NRE_1995,11422,0,11422,0,0,0,11422,0,9605,0,0,105446290
GHSL_UCDB_THEME_EXPOSURE_GLOBE_R2024A,EX_E06_NRE_2000,11422,0,11422,0,0,0,11422,0,9597,0,0,106624978
GHSL_UCDB_THEME_EXPOSURE_GLOBE_R2024A,EX_E06_NRE_2005,11422,0,11422,0,0,0,11422,0,9582,0,0,106987958
GHSL_UCDB_THEME_EXPOSURE_GLOBE_R2024A,EX_E06_NRE_2010,11422,0,11422,0,0,0,11422,0,9577,0,0,107361855
GHSL_UCDB_THEME_EXPOSURE_GLOBE_R2024A,EX_E06_NRE_2015,11422,0,11422,0,0,0,11422,0,9567,0,0,108276087
GHSL_UCDB_THEME_EXPOSURE_GLOBE_R2024A,EX_E06_NRE_2020,11422,0,11422,0,0,0,11422,0,9561,0,0,111154886
GHSL_UCDB_THEME_EXPOSURE_GLOBE_R2024A,EX_E06_NRE_2025,11422,0,11422,0,0,0,11422,0,9561,0,0,111244757
GHSL_UCDB_THEME_EXPOSURE_GLOBE_R2024A,EX_E06_NRE_2030,11422,0,11422,0,0,0,11422,0,9559,0,0,111330930
GHSL_UCDB_THEME_EXPOSURE_GLOBE_R2024A,EX_E07_NRE_1975,11422,0,11422,0,0,0,11422,0,10022,0,0,149381927
GHSL_UCDB_THEME_EXPOSURE_GLOBE_R2024A,EX_E07_NRE_1980,11422,0,11422,0,0,0,11422,0,10003,0,0,151313977
GHSL_UCDB_THEME_EXPOSURE_GLOBE_R2024A,EX_E07_NRE_1985,11422,0,11422,0,0,0,11422,0,9987,0,0,153258931
GHSL_UCDB_THEME_EXPOSURE_GLOBE_R2024A,EX_E07_NRE_1990,11422,0,11422,0,0,0,11422,0,9978,0,0,155224103
GHSL_UCDB_THEME_EXPOSURE_GLOBE_R2024A,EX_E07_NRE_1995,11422,0,11422,0,0,0,11422,0,9975,0,0,163596048
GHSL_UCDB_THEME_EXPOSURE_GLOBE_R2024A,EX_E07_NRE_2000,11422,0,11422,0,0,0,11422,0,9968,0,0,172991446
GHSL_UCDB_THEME_EXPOSURE_GLOBE_R2024A,EX_E07_NRE_2005,11422,0,11422,0,0,0,11422,0,9960,0,0,176625591
GHSL_UCDB_THEME_EXPOSURE_GLOBE_R2024A,EX_E07_NRE_2010,11422,0,11422,0,0,0,11422,0,9953,0,0,180527222
GHSL_UCDB_THEME_EXPOSURE_GLOBE_R2024A,EX_E07_NRE_2015,11422,0,11422,0,0,0,11422,0,9953,0,0,184495233
GHSL_UCDB_THEME_EXPOSURE_GLOBE_R2024A,EX_E07_NRE_2020,11422,0,11422,0,0,0,11422,0,9950,0,0,187811358
GHSL_UCDB_THEME_EXPOSURE_GLOBE_R2024A,EX_E07_NRE_2025,11422,0,11422,0,0,0,11422,0,9950,0,0,189826774
GHSL_UCDB_THEME_EXPOSURE_GLOBE_R2024A,EX_E07_NRE_2030,11422,0,11422,0,0,0,11422,0,9950,0,0,190783303
GHSL_UCDB_THEME_EXPOSURE_GLOBE_R2024A,EX_E08_NRE_1975,11422,0,11422,0,0,0,11422,0,10851,0,0,70053422
GHSL_UCDB_THEME_EXPOSURE_GLOBE_R2024A,EX_E08_NRE_1980,11422,0,11422,0,0,0,11422,0,10844,0,0,71570120
GHSL_UCDB_THEME_EXPOSURE_GLOBE_R2024A,EX_E08_NRE_1985,11422,0,11422,0,0,0,11422,0,10837,0,0,73111271
GHSL_UCDB_THEME_EXPOSURE_GLOBE_R2024A,EX_E08_NRE_1990,11422,0,11422,0,0,0,11422,0,10835,0,0,74678637
GHSL_UCDB_THEME_EXPOSURE_GLOBE_R2024A,EX_E08_NRE_1995,11422,0,11422,0,0,0,11422,0,10834,0,0,78196526
GHSL_UCDB_THEME_EXPOSURE_GLOBE_R2024A,EX_E08_NRE_2000,11422,0,11422,0,0,0,11422,0,10832,0,0,82043142
GHSL_UCDB_THEME_EXPOSURE_GLOBE_R2024A,EX_E08_NRE_2005,11422,0,11422,0,0,0,11422,0,10832,0,0,83628501
GHSL_UCDB_THEME_EXPOSURE_GLOBE_R2024A,EX_E08_NRE_2010,11422,0,11422,0,0,0,11422,0,10831,0,0,85300919
GHSL_UCDB_THEME_EXPOSURE_GLOBE_R2024A,EX_E08_NRE_2015,11422,0,11422,0,0,0,11422,0,10831,0,0,88730252
GHSL_UCDB_THEME_EXPOSURE_GLOBE_R2024A,EX_E08_NRE_2020,11422,0,11422,0,0,0,11422,0,10831,0,0,92779200
GHSL_UCDB_THEME_EXPOSURE_GLOBE_R2024A,EX_E08_NRE_2025,11422,0,11422,0,0,0,11422,0,10831,0,0,95090650
GHSL_UCDB_THEME_EXPOSURE_GLOBE_R2024A,EX_E08_NRE_2030,11422,0,11422,0,0,0,11422,0,10831,0,0,96306467
GHSL_UCDB_THEME_EXPOSURE_GLOBE_R2024A,EX_E09_NRE_1975,11422,0,11422,0,0,0,11422,0,11346,0,0,10958545
GHSL_UCDB_THEME_EXPOSURE_GLOBE_R2024A,EX_E09_NRE_1980,11422,0,11422,0,0,0,11422,0,11346,0,0,11173063
GHSL_UCDB_THEME_EXPOSURE_GLOBE_R2024A,EX_E09_NRE_1985,11422,0,11422,0,0,0,11422,0,11345,0,0,11390103
GHSL_UCDB_THEME_EXPOSURE_GLOBE_R2024A,EX_E09_NRE_1990,11422,0,11422,0,0,0,11422,0,11345,0,0,11610295
GHSL_UCDB_THEME_EXPOSURE_GLOBE_R2024A,EX_E09_NRE_1995,11422,0,11422,0,0,0,11422,0,11345,0,0,12136378
GHSL_UCDB_THEME_EXPOSURE_GLOBE_R2024A,EX_E09_NRE_2000,11422,0,11422,0,0,0,11422,0,11345,0,0,12702442
GHSL_UCDB_THEME_EXPOSURE_GLOBE_R2024A,EX_E09_NRE_2005,11422,0,11422,0,0,0,11422,0,11345,0,0,12937472
GHSL_UCDB_THEME_EXPOSURE_GLOBE_R2024A,EX_E09_NRE_2010,11422,0,11422,0,0,0,11422,0,11345,0,0,13188797
GHSL_UCDB_THEME_EXPOSURE_GLOBE_R2024A,EX_E09_NRE_2015,11422,0,11422,0,0,0,11422,0,11345,0,0,13426718
GHSL_UCDB_THEME_EXPOSURE_GLOBE_R2024A,EX_E09_NRE_2020,11422,0,11422,0,0,0,11422,0,11345,0,0,13627098
GHSL_UCDB_THEME_EXPOSURE_GLOBE_R2024A,EX_E09_NRE_2025,11422,0,11422,0,0,0,11422,0,11345,0,0,13790437
GHSL_UCDB_THEME_EXPOSURE_GLOBE_R2024A,EX_E09_NRE_2030,11422,0,11422,0,0,0,11422,0,11345,0,0,13871592
GHSL_UCDB_THEME_EXPOSURE_GLOBE_R2024A,EX_E10_NRE_1975,11422,0,11422,0,0,0,11422,0,11420,0,0,267602
GHSL_UCDB_THEME_EXPOSURE_GLOBE_R2024A,EX_E10_NRE_1980,11422,0,11422,0,0,0,11422,0,11420,0,0,295766
GHSL_UCDB_THEME_EXPOSURE_GLOBE_R2024A,EX_E10_NRE_1985,11422,0,11422,0,0,0,11422,0,11420,0,0,326468
GHSL_UCDB_THEME_EXPOSURE_GLOBE_R2024A,EX_E10_NRE_1990,11422,0,11422,0,0,0,11422,0,11420,0,0,358897
GHSL_UCDB_THEME_EXPOSURE_GLOBE_R2024A,EX_E10_NRE_1995,11422,0,11422,0,0,0,11422,0,11420,0,0,392341
GHSL_UCDB_THEME_EXPOSURE_GLOBE_R2024A,EX_E10_NRE_2000,11422,0,11422,0,0,0,11422,0,11420,0,0,429836
GHSL_UCDB_THEME_EXPOSURE_GLOBE_R2024A,EX_E10_NRE_2005,11422,0,11422,0,0,0,11422,0,11420,0,0,438461
GHSL_UCDB_THEME_EXPOSURE_GLOBE_R2024A,EX_E10_NRE_2010,11422,0,11422,0,0,0,11422,0,11420,0,0,447066
GHSL_UCDB_THEME_EXPOSURE_GLOBE_R2024A,EX_E10_NRE_2015,11422,0,11422,0,0,0,11422,0,11420,0,0,463210
GHSL_UCDB_THEME_EXPOSURE_GLOBE_R2024A,EX_E10_NRE_2020,11422,0,11422,0,0,0,11422,0,11420,0,0,487515
GHSL_UCDB_THEME_EXPOSURE_GLOBE_R2024A,EX_E10_NRE_2025,11422,0,11422,0,0,0,11422,0,11420,0,0,487515
GHSL_UCDB_THEME_EXPOSURE_GLOBE_R2024A,EX_E10_NRE_2030,11422,0,11422,0,0,0,11422,0,11420,0,0,491158
GHSL_UCDB_THEME_EXPOSURE_GLOBE_R2024A,EX_SHA_NRE_1975,11422,0,11422,0,0,0,11422,0,7966,0,0.0,100.0
GHSL_UCDB_THEME_EXPOSURE_GLOBE_R2024A,EX_SHA_NRE_1980,11422,0,11422,0,0,0,11422,0,7897,0,0.0,100.0
GHSL_UCDB_THEME_EXPOSURE_GLOBE_R2024A,EX_SHA_NRE_1985,11422,0,11422,0,0,0,11422,0,7853,0,0.0,100.0
GHSL_UCDB_THEME_EXPOSURE_GLOBE_R2024A,EX_SHA_NRE_1990,11422,0,11422,0,0,0,11422,0,7820,0,0.0,100.0
GHSL_UCDB_THEME_EXPOSURE_GLOBE_R2024A,EX_SHA_NRE_1995,11422,0,11422,0,0,0,11422,0,7801,0,0.0,100.0
GHSL_UCDB_THEME_EXPOSURE_GLOBE_R2024A,EX_SHA_NRE_2000,11422,0,11422,0,0,0,11422,0,7787,0,0.0,100.0
GHSL_UCDB_THEME_EXPOSURE_GLOBE_R2024A,EX_SHA_NRE_2005,11422,0,11422,0,0,0,11422,0,7766,0,0.0,100.0
GHSL_UCDB_THEME_EXPOSURE_GLOBE_R2024A,EX_SHA_NRE_2010,11422,0,11422,0,0,0,11422,0,7754,0,0.0,100.0
GHSL_UCDB_THEME_EXPOSURE_GLOBE_R2024A,EX_SHA_NRE_2015,11422,0,11422,0,0,0,11422,0,7744,0,0.0,100.0
GHSL_UCDB_THEME_EXPOSURE_GLOBE_R2024A,EX_SHA_NRE_2020,11422,0,11422,0,0,0,11422,0,7736,0,0.0,100.0
GHSL_UCDB_THEME_EXPOSURE_GLOBE_R2024A,EX_SHA_NRE_2025,11422,0,11422,0,0,0,11422,0,7736,0,0.0,100.0
GHSL_UCDB_THEME_EXPOSURE_GLOBE_R2024A,EX_SHA_NRE_2030,11422,0,11422,0,0,0,11422,0,7734,0,0.0,100.0
GHSL_UCDB_THEME_EXPOSURE_GLOBE_R2024A,EX_020_S1P_1975,11422,0,11422,0,0,0,11422,0,11245,0,0.0,9582900.89
GHSL_UCDB_THEME_EXPOSURE_GLOBE_R2024A,EX_020_S1P_1980,11422,0,11422,0,0,0,11422,0,11245,0,0.0,11149553.27
GHSL_UCDB_THEME_EXPOSURE_GLOBE_R2024A,EX_020_S1P_1985,11422,0,11422,0,0,0,11422,0,11245,0,0.0,12666976.47
GHSL_UCDB_THEME_EXPOSURE_GLOBE_R2024A,EX_020_S1P_1990,11422,0,11422,0,0,0,11422,0,11245,0,0.0,14323139.89
GHSL_UCDB_THEME_EXPOSURE_GLOBE_R2024A,EX_020_S1P_1995,11422,0,11422,0,0,0,11422,0,11245,0,0.0,16534837.35
GHSL_UCDB_THEME_EXPOSURE_GLOBE_R2024A,EX_020_S1P_2000,11422,0,11422,0,0,0,11422,0,11245,0,0.0,17943903.76
GHSL_UCDB_THEME_EXPOSURE_GLOBE_R2024A,EX_020_S1P_2005,11422,0,11422,0,0,0,11422,0,11245,0,0.0,19435384.65
GHSL_UCDB_THEME_EXPOSURE_GLOBE_R2024A,EX_020_S1P_2010,11422,0,11422,0,0,0,11422,0,11245,0,0.0,21184736.4
GHSL_UCDB_THEME_EXPOSURE_GLOBE_R2024A,EX_020_S1P_2015,11422,0,11422,0,0,0,11422,0,11245,0,0.0,22586885.53
GHSL_UCDB_THEME_EXPOSURE_GLOBE_R2024A,EX_020_S1P_2020,11422,0,11422,0,0,0,11422,0,11245,0,0.0,24447602.91
GHSL_UCDB_THEME_EXPOSURE_GLOBE_R2024A,EX_020_S1P_2025,11422,0,11422,0,0,0,11422,0,11245,0,0.0,25921189.32
GHSL_UCDB_THEME_EXPOSURE_GLOBE_R2024A,EX_020_S1P_2030,11422,0,11422,0,0,0,11422,0,11245,0,0.0,27432257.9
GHSL_UCDB_THEME_EXPOSURE_GLOBE_R2024A,EX_100_S1P_1975,11422,0,11422,0,0,0,11422,0,11043,0,0.0,10864257.93
GHSL_UCDB_THEME_EXPOSURE_GLOBE_R2024A,EX_100_S1P_1980,11422,0,11422,0,0,0,11422,0,11043,0,0.0,13079270.99
GHSL_UCDB_THEME_EXPOSURE_GLOBE_R2024A,EX_100_S1P_1985,11422,0,11422,0,0,0,11422,0,11043,0,0.0,15148795.08
GHSL_UCDB_THEME_EXPOSURE_GLOBE_R2024A,EX_100_S1P_1990,11422,0,11422,0,0,0,11422,0,11043,0,0.0,17601580.1
GHSL_UCDB_THEME_EXPOSURE_GLOBE_R2024A,EX_100_S1P_1995,11422,0,11422,0,0,0,11422,0,11043,0,0.0,18464142.99
GHSL_UCDB_THEME_EXPOSURE_GLOBE_R2024A,EX_100_S1P_2000,11422,0,11422,0,0,0,11422,0,11043,0,0.0,19362805.78
GHSL_UCDB_THEME_EXPOSURE_GLOBE_R2024A,EX_100_S1P_2005,11422,0,11422,0,0,0,11422,0,11043,0,0.0,20134768.41
GHSL_UCDB_THEME_EXPOSURE_GLOBE_R2024A,EX_100_S1P_2010,11422,0,11422,0,0,0,11422,0,11043,0,0.0,21184736.4
GHSL_UCDB_THEME_EXPOSURE_GLOBE_R2024A,EX_100_S1P_2015,11422,0,11422,0,0,0,11422,0,11043,0,0.0,22586885.53
GHSL_UCDB_THEME_EXPOSURE_GLOBE_R2024A,EX_100_S1P_2020,11422,0,11422,0,0,0,11422,0,11043,0,0.0,24447602.91
GHSL_UCDB_THEME_EXPOSURE_GLOBE_R2024A,EX_100_S1P_2025,11422,0,11422,0,0,0,11422,0,11043,0,0.0,25921189.32
GHSL_UCDB_THEME_EXPOSURE_GLOBE_R2024A,EX_100_S1P_2030,11422,0,11422,0,0,0,11422,0,11043,0,0.0,27432257.9
GHSL_UCDB_THEME_EXPOSURE_GLOBE_R2024A,EX_400_S1P_1975,11422,0,11422,0,0,0,11422,0,10928,0,0.0,21728515.86
GHSL_UCDB_THEME_EXPOSURE_GLOBE_R2024A,EX_400_S1P_1980,11422,0,11422,0,0,0,11422,0,10927,0,0.0,26158541.98
GHSL_UCDB_THEME_EXPOSURE_GLOBE_R2024A,EX_400_S1P_1985,11422,0,11422,0,0,0,11422,0,10927,0,0.0,30297590.16
GHSL_UCDB_THEME_EXPOSURE_GLOBE_R2024A,EX_400_S1P_1990,11422,0,11422,0,0,0,11422,0,10927,0,0.0,35203160.19
GHSL_UCDB_THEME_EXPOSURE_GLOBE_R2024A,EX_400_S1P_1995,11422,0,11422,0,0,0,11422,0,10927,0,0.0,36928285.99
GHSL_UCDB_THEME_EXPOSURE_GLOBE_R2024A,EX_400_S1P_2000,11422,0,11422,0,0,0,11422,0,10927,0,0.0,38725611.56
GHSL_UCDB_THEME_EXPOSURE_GLOBE_R2024A,EX_400_S1P_2005,11422,0,11422,0,0,0,11422,0,10927,0,0.0,40269536.82
GHSL_UCDB_THEME_EXPOSURE_GLOBE_R2024A,EX_400_S1P_2010,11422,0,11422,0,0,0,11422,0,10927,0,0.0,41414746.42
GHSL_UCDB_THEME_EXPOSURE_GLOBE_R2024A,EX_400_S1P_2015,11422,0,11422,0,0,0,11422,0,10927,0,0.0,43094238.48
GHSL_UCDB_THEME_EXPOSURE_GLOBE_R2024A,EX_400_S1P_2020,11422,0,11422,0,0,0,11422,0,10927,0,0.0,44487837.32
GHSL_UCDB_THEME_EXPOSURE_GLOBE_R2024A,EX_400_S1P_2025,11422,0,11422,0,0,0,11422,0,10927,0,0.0,44523383.22
GHSL_UCDB_THEME_EXPOSURE_GLOBE_R2024A,EX_400_S1P_2030,11422,0,11422,0,0,0,11422,0,10927,0,0.0,47880003.77
GHSL_UCDB_THEME_EXPOSURE_GLOBE_R2024A,EX_400_S3P_1975,11422,0,11422,0,0,0,11422,0,11322,0,0.0,7377684.03
GHSL_UCDB_THEME_EXPOSURE_GLOBE_R2024A,EX_400_S3P_1980,11422,0,11422,0,0,0,11422,0,11322,0,0.0,8484936.62
GHSL_UCDB_THEME_EXPOSURE_GLOBE_R2024A,EX_400_S3P_1985,11422,0,11422,0,0,0,11422,0,11322,0,0.0,9481126.43
GHSL_UCDB_THEME_EXPOSURE_GLOBE_R2024A,EX_400_S3P_1990,11422,0,11422,0,0,0,11422,0,11322,0,0.0,10555207.01
GHSL_UCDB_THEME_EXPOSURE_GLOBE_R2024A,EX_400_S3P_1995,11422,0,11422,0,0,0,11422,0,11322,0,0.0,12016204.83
GHSL_UCDB_THEME_EXPOSURE_GLOBE_R2024A,EX_400_S3P_2000,11422,0,11422,0,0,0,11422,0,11322,0,0.0,12535382.92
GHSL_UCDB_THEME_EXPOSURE_GLOBE_R2024A,EX_400_S3P_2005,11422,0,11422,0,0,0,11422,0,11322,0,0.0,13253128.64
GHSL_UCDB_THEME_EXPOSURE_GLOBE_R2024A,EX_400_S3P_2010,11422,0,11422,0,0,0,11422,0,11322,0,0.0,14252399.55
GHSL_UCDB_THEME_EXPOSURE_GLOBE_R2024A,EX_400_S3P_2015,11422,0,11422,0,0,0,11422,0,11322,0,0.0,14940358.81
GHSL_UCDB_THEME_EXPOSURE_GLOBE_R2024A,EX_400_S3P_2020,11422,0,11422,0,0,0,11422,0,11322,0,0.0,16046587.52
GHSL_UCDB_THEME_EXPOSURE_GLOBE_R2024A,EX_400_S3P_2025,11422,0,11422,0,0,0,11422,0,11322,0,0.0,16859797.05
GHSL_UCDB_THEME_EXPOSURE_GLOBE_R2024A,EX_400_S3P_2030,11422,0,11422,0,0,0,11422,0,11322,0,0.0,17759421.03
GHSL_UCDB_THEME_EXPOSURE_GLOBE_R2024A,EX_020_S1B_1975,11422,0,11422,0,0,0,11422,0,11245,0,0,249419794
GHSL_UCDB_THEME_EXPOSURE_GLOBE_R2024A,EX_020_S1B_1980,11422,0,11422,0,0,0,11422,0,11245,0,0,266272430
GHSL_UCDB_THEME_EXPOSURE_GLOBE_R2024A,EX_020_S1B_1985,11422,0,11422,0,0,0,11422,0,11245,0,0,287249548
GHSL_UCDB_THEME_EXPOSURE_GLOBE_R2024A,EX_020_S1B_1990,11422,0,11422,0,0,0,11422,0,11245,0,0,311299513
GHSL_UCDB_THEME_EXPOSURE_GLOBE_R2024A,EX_020_S1B_1995,11422,0,11422,0,0,0,11422,0,11245,0,0,341596374
GHSL_UCDB_THEME_EXPOSURE_GLOBE_R2024A,EX_020_S1B_2000,11422,0,11422,0,0,0,11422,0,11245,0,0,374218409
GHSL_UCDB_THEME_EXPOSURE_GLOBE_R2024A,EX_020_S1B_2005,11422,0,11422,0,0,0,11422,0,11245,0,0,387066573
GHSL_UCDB_THEME_EXPOSURE_GLOBE_R2024A,EX_020_S1B_2010,11422,0,11422,0,0,0,11422,0,11245,0,0,402082293
GHSL_UCDB_THEME_EXPOSURE_GLOBE_R2024A,EX_020_S1B_2015,11422,0,11422,0,0,0,11422,0,11245,0,0,416371071
GHSL_UCDB_THEME_EXPOSURE_GLOBE_R2024A,EX_020_S1B_2020,11422,0,11422,0,0,0,11422,0,11245,0,0,422408797
GHSL_UCDB_THEME_EXPOSURE_GLOBE_R2024A,EX_020_S1B_2025,11422,0,11422,0,0,0,11422,0,11245,0,0,428382197
GHSL_UCDB_THEME_EXPOSURE_GLOBE_R2024A,EX_020_S1B_2030,11422,0,11422,0,0,0,11422,0,11245,0,0,432015494
GHSL_UCDB_THEME_EXPOSURE_GLOBE_R2024A,EX_100_S1B_1975,11422,0,11422,0,0,0,11422,0,11043,0,0,249419794
GHSL_UCDB_THEME_EXPOSURE_GLOBE_R2024A,EX_100_S1B_1980,11422,0,11422,0,0,0,11422,0,11043,0,0,266272430
GHSL_UCDB_THEME_EXPOSURE_GLOBE_R2024A,EX_100_S1B_1985,11422,0,11422,0,0,0,11422,0,11043,0,0,287249548
GHSL_UCDB_THEME_EXPOSURE_GLOBE_R2024A,EX_100_S1B_1990,11422,0,11422,0,0,0,11422,0,11043,0,0,311299513
GHSL_UCDB_THEME_EXPOSURE_GLOBE_R2024A,EX_100_S1B_1995,11422,0,11422,0,0,0,11422,0,11043,0,0,341596374
GHSL_UCDB_THEME_EXPOSURE_GLOBE_R2024A,EX_100_S1B_2000,11422,0,11422,0,0,0,11422,0,11043,0,0,374218409
GHSL_UCDB_THEME_EXPOSURE_GLOBE_R2024A,EX_100_S1B_2005,11422,0,11422,0,0,0,11422,0,11043,0,0,393397673
GHSL_UCDB_THEME_EXPOSURE_GLOBE_R2024A,EX_100_S1B_2010,11422,0,11422,0,0,0,11422,0,11043,0,0,421588501
GHSL_UCDB_THEME_EXPOSURE_GLOBE_R2024A,EX_100_S1B_2015,11422,0,11422,0,0,0,11422,0,11043,0,0,448583967
GHSL_UCDB_THEME_EXPOSURE_GLOBE_R2024A,EX_100_S1B_2020,11422,0,11422,0,0,0,11422,0,11043,0,0,461832097
GHSL_UCDB_THEME_EXPOSURE_GLOBE_R2024A,EX_100_S1B_2025,11422,0,11422,0,0,0,11422,0,11043,0,0,468286711
GHSL_UCDB_THEME_EXPOSURE_GLOBE_R2024A,EX_100_S1B_2030,11422,0,11422,0,0,0,11422,0,11043,0,0,472411414
GHSL_UCDB_THEME_EXPOSURE_GLOBE_R2024A,EX_400_S1B_1975,11422,0,11422,0,0,0,11422,0,10928,0,0,467277146
GHSL_UCDB_THEME_EXPOSURE_GLOBE_R2024A,EX_400_S1B_1980,11422,0,11422,0,0,0,11422,0,10927,0,0,495044496
GHSL_UCDB_THEME_EXPOSURE_GLOBE_R2024A,EX_400_S1B_1985,11422,0,11422,0,0,0,11422,0,10927,0,0,530982146
GHSL_UCDB_THEME_EXPOSURE_GLOBE_R2024A,EX_400_S1B_1990,11422,0,11422,0,0,0,11422,0,10927,0,0,575964842
GHSL_UCDB_THEME_EXPOSURE_GLOBE_R2024A,EX_400_S1B_1995,11422,0,11422,0,0,0,11422,0,10927,0,0,648526540
GHSL_UCDB_THEME_EXPOSURE_GLOBE_R2024A,EX_400_S1B_2000,11422,0,11422,0,0,0,11422,0,10927,0,0,737738232
GHSL_UCDB_THEME_EXPOSURE_GLOBE_R2024A,EX_400_S1B_2005,11422,0,11422,0,0,0,11422,0,10927,0,0,786795346
GHSL_UCDB_THEME_EXPOSURE_GLOBE_R2024A,EX_400_S1B_2010,11422,0,11422,0,0,0,11422,0,10927,0,0,843177002
GHSL_UCDB_THEME_EXPOSURE_GLOBE_R2024A,EX_400_S1B_2015,11422,0,11422,0,0,0,11422,0,10927,0,0,897167934
GHSL_UCDB_THEME_EXPOSURE_GLOBE_R2024A,EX_400_S1B_2020,11422,0,11422,0,0,0,11422,0,10927,0,0,923664194
GHSL_UCDB_THEME_EXPOSURE_GLOBE_R2024A,EX_400_S1B_2025,11422,0,11422,0,0,0,11422,0,10927,0,0,936573422
GHSL_UCDB_THEME_EXPOSURE_GLOBE_R2024A,EX_400_S1B_2030,11422,0,11422,0,0,0,11422,0,10927,0,0,944822828
GHSL_UCDB_THEME_EXPOSURE_GLOBE_R2024A,EX_400_S3B_1975,11422,0,11422,0,0,0,11422,0,11322,0,0,181553407
GHSL_UCDB_THEME_EXPOSURE_GLOBE_R2024A,EX_400_S3B_1980,11422,0,11422,0,0,0,11422,0,11322,0,0,189688402
GHSL_UCDB_THEME_EXPOSURE_GLOBE_R2024A,EX_400_S3B_1985,11422,0,11422,0,0,0,11422,0,11322,0,0,199706045
GHSL_UCDB_THEME_EXPOSURE_GLOBE_R2024A,EX_400_S3B_1990,11422,0,11422,0,0,0,11422,0,11322,0,0,211116396
GHSL_UCDB_THEME_EXPOSURE_GLOBE_R2024A,EX_400_S3B_1995,11422,0,11422,0,0,0,11422,0,11322,0,0,227565145
GHSL_UCDB_THEME_EXPOSURE_GLOBE_R2024A,EX_400_S3B_2000,11422,0,11422,0,0,0,11422,0,11322,0,0,245142230
GHSL_UCDB_THEME_EXPOSURE_GLOBE_R2024A,EX_400_S3B_2005,11422,0,11422,0,0,0,11422,0,11322,0,0,251510589
GHSL_UCDB_THEME_EXPOSURE_GLOBE_R2024A,EX_400_S3B_2010,11422,0,11422,0,0,0,11422,0,11322,0,0,258998485
GHSL_UCDB_THEME_EXPOSURE_GLOBE_R2024A,EX_400_S3B_2015,11422,0,11422,0,0,0,11422,0,11322,0,0,266129887
GHSL_UCDB_THEME_EXPOSURE_GLOBE_R2024A,EX_400_S3B_2020,11422,0,11422,0,0,0,11422,0,11322,0,0,269170508
GHSL_UCDB_THEME_EXPOSURE_GLOBE_R2024A,EX_400_S3B_2025,11422,0,11422,0,0,0,11422,0,11322,0,0,271990046
GHSL_UCDB_THEME_EXPOSURE_GLOBE_R2024A,EX_400_S3B_2030,11422,0,11422,0,0,0,11422,0,11322,0,0,273701806
GHSL_UCDB_THEME_EXPOSURE_GLOBE_R2024A,EX_20_S1N_1975,11422,0,11422,0,0,0,11422,0,11247,0,0,57286232
GHSL_UCDB_THEME_EXPOSURE_GLOBE_R2024A,EX_20_S1N_1980,11422,0,11422,0,0,0,11422,0,11247,0,0,61172400
GHSL_UCDB_THEME_EXPOSURE_GLOBE_R2024A,EX_20_S1N_1985,11422,0,11422,0,0,0,11422,0,11246,0,0,65991784
GHSL_UCDB_THEME_EXPOSURE_GLOBE_R2024A,EX_20_S1N_1990,11422,0,11422,0,0,0,11422,0,11246,0,0,71536602
GHSL_UCDB_THEME_EXPOSURE_GLOBE_R2024A,EX_20_S1N_1995,11422,0,11422,0,0,0,11422,0,11246,0,0,80143270
GHSL_UCDB_THEME_EXPOSURE_GLOBE_R2024A,EX_20_S1N_2000,11422,0,11422,0,0,0,11422,0,11246,0,0,89496272
GHSL_UCDB_THEME_EXPOSURE_GLOBE_R2024A,EX_20_S1N_2005,11422,0,11422,0,0,0,11422,0,11246,0,0,92936876
GHSL_UCDB_THEME_EXPOSURE_GLOBE_R2024A,EX_20_S1N_2010,11422,0,11422,0,0,0,11422,0,11246,0,0,96779076
GHSL_UCDB_THEME_EXPOSURE_GLOBE_R2024A,EX_20_S1N_2015,11422,0,11422,0,0,0,11422,0,11246,0,0,100414894
GHSL_UCDB_THEME_EXPOSURE_GLOBE_R2024A,EX_20_S1N_2020,11422,0,11422,0,0,0,11422,0,11246,0,0,102404406
GHSL_UCDB_THEME_EXPOSURE_GLOBE_R2024A,EX_20_S1N_2025,11422,0,11422,0,0,0,11422,0,11246,0,0,102429528
GHSL_UCDB_THEME_EXPOSURE_GLOBE_R2024A,EX_20_S1N_2030,11422,0,11422,0,0,0,11422,0,11246,0,0,104990286
GHSL_UCDB_THEME_EXPOSURE_GLOBE_R2024A,EX_100_S1N_1975,11422,0,11422,0,0,0,11422,0,11064,0,0,69967616
GHSL_UCDB_THEME_EXPOSURE_GLOBE_R2024A,EX_100_S1N_1980,11422,0,11422,0,0,0,11422,0,11064,0,0,73289652
GHSL_UCDB_THEME_EXPOSURE_GLOBE_R2024A,EX_100_S1N_1985,11422,0,11422,0,0,0,11422,0,11063,0,0,77365770
GHSL_UCDB_THEME_EXPOSURE_GLOBE_R2024A,EX_100_S1N_1990,11422,0,11422,0,0,0,11422,0,11062,0,0,82414538
GHSL_UCDB_THEME_EXPOSURE_GLOBE_R2024A,EX_100_S1N_1995,11422,0,11422,0,0,0,11422,0,11062,0,0,92561420
GHSL_UCDB_THEME_EXPOSURE_GLOBE_R2024A,EX_100_S1N_2000,11422,0,11422,0,0,0,11422,0,11061,0,0,105620664
GHSL_UCDB_THEME_EXPOSURE_GLOBE_R2024A,EX_100_S1N_2005,11422,0,11422,0,0,0,11422,0,11060,0,0,110507526
GHSL_UCDB_THEME_EXPOSURE_GLOBE_R2024A,EX_100_S1N_2010,11422,0,11422,0,0,0,11422,0,11060,0,0,116423146
GHSL_UCDB_THEME_EXPOSURE_GLOBE_R2024A,EX_100_S1N_2015,11422,0,11422,0,0,0,11422,0,11059,0,0,122638900
GHSL_UCDB_THEME_EXPOSURE_GLOBE_R2024A,EX_100_S1N_2020,11422,0,11422,0,0,0,11422,0,11059,0,0,126962634
GHSL_UCDB_THEME_EXPOSURE_GLOBE_R2024A,EX_100_S1N_2025,11422,0,11422,0,0,0,11422,0,11059,0,0,129212976
GHSL_UCDB_THEME_EXPOSURE_GLOBE_R2024A,EX_100_S1N_2030,11422,0,11422,0,0,0,11422,0,11059,0,0,131802458
GHSL_UCDB_THEME_EXPOSURE_GLOBE_R2024A,EX_400_S1N_1975,11422,0,11422,0,0,0,11422,0,10992,0,0,69967616
GHSL_UCDB_THEME_EXPOSURE_GLOBE_R2024A,EX_400_S1N_1980,11422,0,11422,0,0,0,11422,0,10989,0,0,73289652
GHSL_UCDB_THEME_EXPOSURE_GLOBE_R2024A,EX_400_S1N_1985,11422,0,11422,0,0,0,11422,0,10988,0,0,77365770
GHSL_UCDB_THEME_EXPOSURE_GLOBE_R2024A,EX_400_S1N_1990,11422,0,11422,0,0,0,11422,0,10986,0,0,82414538
GHSL_UCDB_THEME_EXPOSURE_GLOBE_R2024A,EX_400_S1N_1995,11422,0,11422,0,0,0,11422,0,10986,0,0,92561420
GHSL_UCDB_THEME_EXPOSURE_GLOBE_R2024A,EX_400_S1N_2000,11422,0,11422,0,0,0,11422,0,10983,0,0,105620664
GHSL_UCDB_THEME_EXPOSURE_GLOBE_R2024A,EX_400_S1N_2005,11422,0,11422,0,0,0,11422,0,10983,0,0,110507526
GHSL_UCDB_THEME_EXPOSURE_GLOBE_R2024A,EX_400_S1N_2010,11422,0,11422,0,0,0,11422,0,10981,0,0,116423146
GHSL_UCDB_THEME_EXPOSURE_GLOBE_R2024A,EX_400_S1N_2015,11422,0,11422,0,0,0,11422,0,10981,0,0,122638900
GHSL_UCDB_THEME_EXPOSURE_GLOBE_R2024A,EX_400_S1N_2020,11422,0,11422,0,0,0,11422,0,10980,0,0,126962634
GHSL_UCDB_THEME_EXPOSURE_GLOBE_R2024A,EX_400_S1N_2025,11422,0,11422,0,0,0,11422,0,10980,0,0,129212976
GHSL_UCDB_THEME_EXPOSURE_GLOBE_R2024A,EX_400_S1N_2030,11422,0,11422,0,0,0,11422,0,10980,0,0,131802458
GHSL_UCDB_THEME_EXPOSURE_GLOBE_R2024A,EX_400_S3N_1975,11422,0,11422,0,0,0,11422,0,11327,0,0,22753147
GHSL_UCDB_THEME_EXPOSURE_GLOBE_R2024A,EX_400_S3N_1980,11422,0,11422,0,0,0,11422,0,11327,0,0,23920138
GHSL_UCDB_THEME_EXPOSURE_GLOBE_R2024A,EX_400_S3N_1985,11422,0,11422,0,0,0,11422,0,11326,0,0,25377174
GHSL_UCDB_THEME_EXPOSURE_GLOBE_R2024A,EX_400_S3N_1990,11422,0,11422,0,0,0,11422,0,11326,0,0,27037238
GHSL_UCDB_THEME_EXPOSURE_GLOBE_R2024A,EX_400_S3N_1995,11422,0,11422,0,0,0,11422,0,11326,0,0,29774335
GHSL_UCDB_THEME_EXPOSURE_GLOBE_R2024A,EX_400_S3N_2000,11422,0,11422,0,0,0,11422,0,11326,0,0,32785727
GHSL_UCDB_THEME_EXPOSURE_GLOBE_R2024A,EX_400_S3N_2005,11422,0,11422,0,0,0,11422,0,11325,0,0,33723215
GHSL_UCDB_THEME_EXPOSURE_GLOBE_R2024A,EX_400_S3N_2010,11422,0,11422,0,0,0,11422,0,11325,0,0,34738461
GHSL_UCDB_THEME_EXPOSURE_GLOBE_R2024A,EX_400_S3N_2015,11422,0,11422,0,0,0,11422,0,11324,0,0,35688992
GHSL_UCDB_THEME_EXPOSURE_GLOBE_R2024A,EX_400_S3N_2020,11422,0,11422,0,0,0,11422,0,11324,0,0,36181041
GHSL_UCDB_THEME_EXPOSURE_GLOBE_R2024A,EX_400_S3N_2025,11422,0,11422,0,0,0,11422,0,11324,0,0,36181041
GHSL_UCDB_THEME_EXPOSURE_GLOBE_R2024A,EX_400_S3N_2030,11422,0,11422,0,0,0,11422,0,11324,0,0,36869689
GHSL_UCDB_THEME_EXPOSURE_GLOBE_R2024A,EX_CF2_POP_1975,11422,0,11422,0,0,0,11422,0,10093,0,0.0,2171860.39
GHSL_UCDB_THEME_EXPOSURE_GLOBE_R2024A,EX_CF2_POP_1980,11422,0,11422,0,0,0,11422,0,10068,0,0.0,2322148.37
GHSL_UCDB_THEME_EXPOSURE_GLOBE_R2024A,EX_CF2_POP_1985,11422,0,11422,0,0,0,11422,0,10061,0,0.0,2460506.85
GHSL_UCDB_THEME_EXPOSURE_GLOBE_R2024A,EX_CF2_POP_1990,11422,0,11422,0,0,0,11422,0,10049,0,0.0,2603106.78
GHSL_UCDB_THEME_EXPOSURE_GLOBE_R2024A,EX_CF2_POP_1995,11422,0,11422,0,0,0,11422,0,10041,0,0.0,2652352.72
GHSL_UCDB_THEME_EXPOSURE_GLOBE_R2024A,EX_CF2_POP_2000,11422,0,11422,0,0,0,11422,0,10038,0,0.0,2733240.8
GHSL_UCDB_THEME_EXPOSURE_GLOBE_R2024A,EX_CF2_POP_2005,11422,0,11422,0,0,0,11422,0,10029,0,0.0,3318696.2
GHSL_UCDB_THEME_EXPOSURE_GLOBE_R2024A,EX_CF2_POP_2010,11422,0,11422,0,0,0,11422,0,10027,0,0.0,4228010.26
GHSL_UCDB_THEME_EXPOSURE_GLOBE_R2024A,EX_CF2_POP_2015,11422,0,11422,0,0,0,11422,0,10024,0,0.0,5082697.17
GHSL_UCDB_THEME_EXPOSURE_GLOBE_R2024A,EX_CF2_POP_2020,11422,0,11422,0,0,0,11422,0,10016,0,0.0,5897886.77
GHSL_UCDB_THEME_EXPOSURE_GLOBE_R2024A,EX_CF2_POP_2025,11422,0,11422,0,0,0,11422,0,10015,0,0.0,6482033.68
GHSL_UCDB_THEME_EXPOSURE_GLOBE_R2024A,EX_CF2_POP_2030,11422,0,11422,0,0,0,11422,0,10013,0,0.0,6909016.42
GHSL_UCDB_THEME_EXPOSURE_GLOBE_R2024A,EX_CF1_POP_1975,11422,0,11422,0,0,0,11422,0,10005,0,0.0,5239552.53
GHSL_UCDB_THEME_EXPOSURE_GLOBE_R2024A,EX_CF1_POP_1980,11422,0,11422,0,0,0,11422,0,9982,0,0.0,5593444.33
GHSL_UCDB_THEME_EXPOSURE_GLOBE_R2024A,EX_CF1_POP_1985,11422,0,11422,0,0,0,11422,0,9972,0,0.0,5915449.65
GHSL_UCDB_THEME_EXPOSURE_GLOBE_R2024A,EX_CF1_POP_1990,11422,0,11422,0,0,0,11422,0,9962,0,0.0,6266021.66
GHSL_UCDB_THEME_EXPOSURE_GLOBE_R2024A,EX_CF1_POP_1995,11422,0,11422,0,0,0,11422,0,9959,0,0.0,7583498.22
GHSL_UCDB_THEME_EXPOSURE_GLOBE_R2024A,EX_CF1_POP_2000,11422,0,11422,0,0,0,11422,0,9954,0,0.0,9577605.6
GHSL_UCDB_THEME_EXPOSURE_GLOBE_R2024A,EX_CF1_POP_2005,11422,0,11422,0,0,0,11422,0,9948,0,0.0,11389544.05
GHSL_UCDB_THEME_EXPOSURE_GLOBE_R2024A,EX_CF1_POP_2010,11422,0,11422,0,0,0,11422,0,9946,0,0.0,13487279.73
GHSL_UCDB_THEME_EXPOSURE_GLOBE_R2024A,EX_CF1_POP_2015,11422,0,11422,0,0,0,11422,0,9943,0,0.0,15483030.93
GHSL_UCDB_THEME_EXPOSURE_GLOBE_R2024A,EX_CF1_POP_2020,11422,0,11422,0,0,0,11422,0,9935,0,0.0,17872198.07
GHSL_UCDB_THEME_EXPOSURE_GLOBE_R2024A,EX_CF1_POP_2025,11422,0,11422,0,0,0,11422,0,9931,0,0.0,19674636.12
GHSL_UCDB_THEME_EXPOSURE_GLOBE_R2024A,EX_CF1_POP_2030,11422,0,11422,0,0,0,11422,0,9930,0,0.0,20887847.22
GHSL_UCDB_THEME_EXPOSURE_GLOBE_R2024A,EX_CF2_BUS_1975,11422,0,11422,0,0,0,11422,0,10088,0,0,111680766
GHSL_UCDB_THEME_EXPOSURE_GLOBE_R2024A,EX_CF2_BUS_1980,11422,0,11422,0,0,0,11422,0,10062,0,0,113090696
GHSL_UCDB_THEME_EXPOSURE_GLOBE_R2024A,EX_CF2_BUS_1985,11422,0,11422,0,0,0,11422,0,10055,0,0,114507938
GHSL_UCDB_THEME_EXPOSURE_GLOBE_R2024A,EX_CF2_BUS_1990,11422,0,11422,0,0,0,11422,0,10043,0,0,115935844
GHSL_UCDB_THEME_EXPOSURE_GLOBE_R2024A,EX_CF2_BUS_1995,11422,0,11422,0,0,0,11422,0,10034,0,0,119949132
GHSL_UCDB_THEME_EXPOSURE_GLOBE_R2024A,EX_CF2_BUS_2000,11422,0,11422,0,0,0,11422,0,10030,0,0,124092154
GHSL_UCDB_THEME_EXPOSURE_GLOBE_R2024A,EX_CF2_BUS_2005,11422,0,11422,0,0,0,11422,0,10022,0,0,136661672
GHSL_UCDB_THEME_EXPOSURE_GLOBE_R2024A,EX_CF2_BUS_2010,11422,0,11422,0,0,0,11422,0,10020,0,0,192023220
GHSL_UCDB_THEME_EXPOSURE_GLOBE_R2024A,EX_CF2_BUS_2015,11422,0,11422,0,0,0,11422,0,10018,0,0,248680237
GHSL_UCDB_THEME_EXPOSURE_GLOBE_R2024A,EX_CF2_BUS_2020,11422,0,11422,0,0,0,11422,0,10010,0,0,269536458
GHSL_UCDB_THEME_EXPOSURE_GLOBE_R2024A,EX_CF2_BUS_2025,11422,0,11422,0,0,0,11422,0,10009,0,0,278378700
GHSL_UCDB_THEME_EXPOSURE_GLOBE_R2024A,EX_CF2_BUS_2030,11422,0,11422,0,0,0,11422,0,10007,0,0,283952421
GHSL_UCDB_THEME_EXPOSURE_GLOBE_R2024A,EX_CF1_BUS_1975,11422,0,11422,0,0,0,11422,0,9995,0,0,242664118
GHSL_UCDB_THEME_EXPOSURE_GLOBE_R2024A,EX_CF1_BUS_1980,11422,0,11422,0,0,0,11422,0,9972,0,0,246098557
GHSL_UCDB_THEME_EXPOSURE_GLOBE_R2024A,EX_CF1_BUS_1985,11422,0,11422,0,0,0,11422,0,9963,0,0,249576776
GHSL_UCDB_THEME_EXPOSURE_GLOBE_R2024A,EX_CF1_BUS_1990,11422,0,11422,0,0,0,11422,0,9953,0,0,253081455
GHSL_UCDB_THEME_EXPOSURE_GLOBE_R2024A,EX_CF1_BUS_1995,11422,0,11422,0,0,0,11422,0,9950,0,0,262055387
GHSL_UCDB_THEME_EXPOSURE_GLOBE_R2024A,EX_CF1_BUS_2000,11422,0,11422,0,0,0,11422,0,9946,0,0,320309441
GHSL_UCDB_THEME_EXPOSURE_GLOBE_R2024A,EX_CF1_BUS_2005,11422,0,11422,0,0,0,11422,0,9940,0,0,391005751
GHSL_UCDB_THEME_EXPOSURE_GLOBE_R2024A,EX_CF1_BUS_2010,11422,0,11422,0,0,0,11422,0,9938,0,0,479147563
GHSL_UCDB_THEME_EXPOSURE_GLOBE_R2024A,EX_CF1_BUS_2015,11422,0,11422,0,0,0,11422,0,9936,0,0,567560837
GHSL_UCDB_THEME_EXPOSURE_GLOBE_R2024A,EX_CF1_BUS_2020,11422,0,11422,0,0,0,11422,0,9928,0,0,600964428
GHSL_UCDB_THEME_EXPOSURE_GLOBE_R2024A,EX_CF1_BUS_2025,11422,0,11422,0,0,0,11422,0,9924,0,0,614240355
GHSL_UCDB_THEME_EXPOSURE_GLOBE_R2024A,EX_CF1_BUS_2030,11422,0,11422,0,0,0,11422,0,9923,0,0,622302613
GHSL_UCDB_THEME_EXPOSURE_GLOBE_R2024A,EX_CF2_NRE_1975,11422,0,11422,0,0,0,11422,0,10548,0,0,29395165
GHSL_UCDB_THEME_EXPOSURE_GLOBE_R2024A,EX_CF2_NRE_1980,11422,0,11422,0,0,0,11422,0,10501,0,0,31210842
GHSL_UCDB_THEME_EXPOSURE_GLOBE_R2024A,EX_CF2_NRE_1985,11422,0,11422,0,0,0,11422,0,10477,0,0,33080607
GHSL_UCDB_THEME_EXPOSURE_GLOBE_R2024A,EX_CF2_NRE_1990,11422,0,11422,0,0,0,11422,0,10460,0,0,34982136
GHSL_UCDB_THEME_EXPOSURE_GLOBE_R2024A,EX_CF2_NRE_1995,11422,0,11422,0,0,0,11422,0,10448,0,0,40515711
GHSL_UCDB_THEME_EXPOSURE_GLOBE_R2024A,EX_CF2_NRE_2000,11422,0,11422,0,0,0,11422,0,10437,0,0,46577344
GHSL_UCDB_THEME_EXPOSURE_GLOBE_R2024A,EX_CF2_NRE_2005,11422,0,11422,0,0,0,11422,0,10430,0,0,49339218
GHSL_UCDB_THEME_EXPOSURE_GLOBE_R2024A,EX_CF2_NRE_2010,11422,0,11422,0,0,0,11422,0,10425,0,0,52203887
GHSL_UCDB_THEME_EXPOSURE_GLOBE_R2024A,EX_CF2_NRE_2015,11422,0,11422,0,0,0,11422,0,10414,0,0,54767868
GHSL_UCDB_THEME_EXPOSURE_GLOBE_R2024A,EX_CF2_NRE_2020,11422,0,11422,0,0,0,11422,0,10408,0,0,55777710
GHSL_UCDB_THEME_EXPOSURE_GLOBE_R2024A,EX_CF2_NRE_2025,11422,0,11422,0,0,0,11422,0,10405,0,0,56655483
GHSL_UCDB_THEME_EXPOSURE_GLOBE_R2024A,EX_CF2_NRE_2030,11422,0,11422,0,0,0,11422,0,10401,0,0,57041532
GHSL_UCDB_THEME_EXPOSURE_GLOBE_R2024A,EX_CF1_NRE_1975,11422,0,11422,0,0,0,11422,0,10449,0,0,30067650
GHSL_UCDB_THEME_EXPOSURE_GLOBE_R2024A,EX_CF1_NRE_1980,11422,0,11422,0,0,0,11422,0,10405,0,0,31907265
GHSL_UCDB_THEME_EXPOSURE_GLOBE_R2024A,EX_CF1_NRE_1985,11422,0,11422,0,0,0,11422,0,10379,0,0,33802727
GHSL_UCDB_THEME_EXPOSURE_GLOBE_R2024A,EX_CF1_NRE_1990,11422,0,11422,0,0,0,11422,0,10361,0,0,35730316
GHSL_UCDB_THEME_EXPOSURE_GLOBE_R2024A,EX_CF1_NRE_1995,11422,0,11422,0,0,0,11422,0,10351,0,0,41306076
GHSL_UCDB_THEME_EXPOSURE_GLOBE_R2024A,EX_CF1_NRE_2000,11422,0,11422,0,0,0,11422,0,10347,0,0,47415175
GHSL_UCDB_THEME_EXPOSURE_GLOBE_R2024A,EX_CF1_NRE_2005,11422,0,11422,0,0,0,11422,0,10340,0,0,54504763
GHSL_UCDB_THEME_EXPOSURE_GLOBE_R2024A,EX_CF1_NRE_2010,11422,0,11422,0,0,0,11422,0,10335,0,0,69017725
GHSL_UCDB_THEME_EXPOSURE_GLOBE_R2024A,EX_CF1_NRE_2015,11422,0,11422,0,0,0,11422,0,10325,0,0,85350817
GHSL_UCDB_THEME_EXPOSURE_GLOBE_R2024A,EX_CF1_NRE_2020,11422,0,11422,0,0,0,11422,0,10320,0,0,94269910
GHSL_UCDB_THEME_EXPOSURE_GLOBE_R2024A,EX_CF1_NRE_2025,11422,0,11422,0,0,0,11422,0,10318,0,0,104761081
GHSL_UCDB_THEME_EXPOSURE_GLOBE_R2024A,EX_CF1_NRE_2030,11422,0,11422,0,0,0,11422,0,10313,0,0,111728505
GHSL_UCDB_THEME_EXPOSURE_GLOBE_R2024A,EX_CF2_SHP_1975,11422,0,11422,0,0,0,11422,0,10206,0,0.0,100.0
GHSL_UCDB_THEME_EXPOSURE_GLOBE_R2024A,EX_CF2_SHP_1980,11422,0,11422,0,0,0,11422,0,10169,0,0.0,100.0
GHSL_UCDB_THEME_EXPOSURE_GLOBE_R2024A,EX_CF2_SHP_1985,11422,0,11422,0,0,0,11422,0,10147,0,0.0,100.0
GHSL_UCDB_THEME_EXPOSURE_GLOBE_R2024A,EX_CF2_SHP_1990,11422,0,11422,0,0,0,11422,0,10140,0,0.0,100.0
GHSL_UCDB_THEME_EXPOSURE_GLOBE_R2024A,EX_CF2_SHP_1995,11422,0,11422,0,0,0,11422,0,10136,0,0.0,100.0
GHSL_UCDB_THEME_EXPOSURE_GLOBE_R2024A,EX_CF2_SHP_2000,11422,0,11422,0,0,0,11422,0,10134,0,0.0,100.0
GHSL_UCDB_THEME_EXPOSURE_GLOBE_R2024A,EX_CF2_SHP_2005,11422,0,11422,0,0,0,11422,0,10122,0,0.0,100.0
GHSL_UCDB_THEME_EXPOSURE_GLOBE_R2024A,EX_CF2_SHP_2010,11422,0,11422,0,0,0,11422,0,10118,0,0.0,100.0
GHSL_UCDB_THEME_EXPOSURE_GLOBE_R2024A,EX_CF2_SHP_2015,11422,0,11422,0,0,0,11422,0,10111,0,0.0,100.0
GHSL_UCDB_THEME_EXPOSURE_GLOBE_R2024A,EX_CF2_SHP_2020,11422,0,11422,0,0,0,11422,0,10099,0,0.0,100.0
GHSL_UCDB_THEME_EXPOSURE_GLOBE_R2024A,EX_CF2_SHP_2025,11422,0,11422,0,0,0,11422,0,10093,0,0.0,100.0
GHSL_UCDB_THEME_EXPOSURE_GLOBE_R2024A,EX_CF2_SHP_2030,11422,0,11422,0,0,0,11422,0,10084,0,0.0,100.0
GHSL_UCDB_THEME_EXPOSURE_GLOBE_R2024A,EX_CF1_SHP_1975,11422,0,11422,0,0,0,11422,0,10104,0,0.0,100.0
GHSL_UCDB_THEME_EXPOSURE_GLOBE_R2024A,EX_CF1_SHP_1980,11422,0,11422,0,0,0,11422,0,10072,0,0.0,100.0
GHSL_UCDB_THEME_EXPOSURE_GLOBE_R2024A,EX_CF1_SHP_1985,11422,0,11422,0,0,0,11422,0,10053,0,0.0,100.0
GHSL_UCDB_THEME_EXPOSURE_GLOBE_R2024A,EX_CF1_SHP_1990,11422,0,11422,0,0,0,11422,0,10044,0,0.0,100.0
GHSL_UCDB_THEME_EXPOSURE_GLOBE_R2024A,EX_CF1_SHP_1995,11422,0,11422,0,0,0,11422,0,10045,0,0.0,100.0
GHSL_UCDB_THEME_EXPOSURE_GLOBE_R2024A,EX_CF1_SHP_2000,11422,0,11422,0,0,0,11422,0,10041,0,0.0,100.0
GHSL_UCDB_THEME_EXPOSURE_GLOBE_R2024A,EX_CF1_SHP_2005,11422,0,11422,0,0,0,11422,0,10034,0,0.0,100.0
GHSL_UCDB_THEME_EXPOSURE_GLOBE_R2024A,EX_CF1_SHP_2010,11422,0,11422,0,0,0,11422,0,10029,0,0.0,100.0
GHSL_UCDB_THEME_EXPOSURE_GLOBE_R2024A,EX_CF1_SHP_2015,11422,0,11422,0,0,0,11422,0,10020,0,0.0,100.0
GHSL_UCDB_THEME_EXPOSURE_GLOBE_R2024A,EX_CF1_SHP_2020,11422,0,11422,0,0,0,11422,0,10009,0,0.0,100.0
GHSL_UCDB_THEME_EXPOSURE_GLOBE_R2024A,EX_CF1_SHP_2025,11422,0,11422,0,0,0,11422,0,10001,0,0.0,100.0
GHSL_UCDB_THEME_EXPOSURE_GLOBE_R2024A,EX_CF1_SHP_2030,11422,0,11422,0,0,0,11422,0,9993,0,0.0,100.0
GHSL_UCDB_THEME_EXPOSURE_GLOBE_R2024A,EX_CF2_SHB_1975,11422,0,11422,0,0,0,11422,0,10143,0,0.0,100.0
GHSL_UCDB_THEME_EXPOSURE_GLOBE_R2024A,EX_CF2_SHB_1980,11422,0,11422,0,0,0,11422,0,10107,0,0.0,100.0
GHSL_UCDB_THEME_EXPOSURE_GLOBE_R2024A,EX_CF2_SHB_1985,11422,0,11422,0,0,0,11422,0,10093,0,0.0,100.0
GHSL_UCDB_THEME_EXPOSURE_GLOBE_R2024A,EX_CF2_SHB_1990,11422,0,11422,0,0,0,11422,0,10081,0,0.0,100.0
GHSL_UCDB_THEME_EXPOSURE_GLOBE_R2024A,EX_CF2_SHB_1995,11422,0,11422,0,0,0,11422,0,10078,0,0.0,100.0
GHSL_UCDB_THEME_EXPOSURE_GLOBE_R2024A,EX_CF2_SHB_2000,11422,0,11422,0,0,0,11422,0,10070,0,0.0,100.0
GHSL_UCDB_THEME_EXPOSURE_GLOBE_R2024A,EX_CF2_SHB_2005,11422,0,11422,0,0,0,11422,0,10064,0,0.0,100.0
GHSL_UCDB_THEME_EXPOSURE_GLOBE_R2024A,EX_CF2_SHB_2010,11422,0,11422,0,0,0,11422,0,10060,0,0.0,100.0
GHSL_UCDB_THEME_EXPOSURE_GLOBE_R2024A,EX_CF2_SHB_2015,11422,0,11422,0,0,0,11422,0,10053,0,0.0,100.0
GHSL_UCDB_THEME_EXPOSURE_GLOBE_R2024A,EX_CF2_SHB_2020,11422,0,11422,0,0,0,11422,0,10052,0,0.0,100.0
GHSL_UCDB_THEME_EXPOSURE_GLOBE_R2024A,EX_CF2_SHB_2025,11422,0,11422,0,0,0,11422,0,10043,0,0.0,100.0
GHSL_UCDB_THEME_EXPOSURE_GLOBE_R2024A,EX_CF2_SHB_2030,11422,0,11422,0,0,0,11422,0,10039,0,0.0,100.0
GHSL_UCDB_THEME_EXPOSURE_GLOBE_R2024A,EX_CF1_SHB_1975,11422,0,11422,0,0,0,11422,0,10047,0,0.0,100.0
GHSL_UCDB_THEME_EXPOSURE_GLOBE_R2024A,EX_CF1_SHB_1980,11422,0,11422,0,0,0,11422,0,10019,0,0.0,100.0
GHSL_UCDB_THEME_EXPOSURE_GLOBE_R2024A,EX_CF1_SHB_1985,11422,0,11422,0,0,0,11422,0,10007,0,0.0,100.0
GHSL_UCDB_THEME_EXPOSURE_GLOBE_R2024A,EX_CF1_SHB_1990,11422,0,11422,0,0,0,11422,0,9997,0,0.0,100.0
GHSL_UCDB_THEME_EXPOSURE_GLOBE_R2024A,EX_CF1_SHB_1995,11422,0,11422,0,0,0,11422,0,9992,0,0.0,100.0
GHSL_UCDB_THEME_EXPOSURE_GLOBE_R2024A,EX_CF1_SHB_2000,11422,0,11422,0,0,0,11422,0,9990,0,0.0,100.0
GHSL_UCDB_THEME_EXPOSURE_GLOBE_R2024A,EX_CF1_SHB_2005,11422,0,11422,0,0,0,11422,0,9984,0,0.0,100.0
GHSL_UCDB_THEME_EXPOSURE_GLOBE_R2024A,EX_CF1_SHB_2010,11422,0,11422,0,0,0,11422,0,9980,0,0.0,100.0
GHSL_UCDB_THEME_EXPOSURE_GLOBE_R2024A,EX_CF1_SHB_2015,11422,0,11422,0,0,0,11422,0,9970,0,0.0,100.0
GHSL_UCDB_THEME_EXPOSURE_GLOBE_R2024A,EX_CF1_SHB_2020,11422,0,11422,0,0,0,11422,0,9967,0,0.0,100.0
GHSL_UCDB_THEME_EXPOSURE_GLOBE_R2024A,EX_CF1_SHB_2025,11422,0,11422,0,0,0,11422,0,9958,0,0.0,100.0
GHSL_UCDB_THEME_EXPOSURE_GLOBE_R2024A,EX_CF1_SHB_2030,11422,0,11422,0,0,0,11422,0,9955,0,0.0,100.0
GHSL_UCDB_THEME_EXPOSURE_GLOBE_R2024A,EX_CF2_SNR_1975,11422,0,11422,0,0,0,11422,0,10557,0,0.0,100.0
GHSL_UCDB_THEME_EXPOSURE_GLOBE_R2024A,EX_CF2_SNR_1980,11422,0,11422,0,0,0,11422,0,10507,0,0.0,100.0
GHSL_UCDB_THEME_EXPOSURE_GLOBE_R2024A,EX_CF2_SNR_1985,11422,0,11422,0,0,0,11422,0,10485,0,0.0,100.0
GHSL_UCDB_THEME_EXPOSURE_GLOBE_R2024A,EX_CF2_SNR_1990,11422,0,11422,0,0,0,11422,0,10469,0,0.0,100.0
GHSL_UCDB_THEME_EXPOSURE_GLOBE_R2024A,EX_CF2_SNR_1995,11422,0,11422,0,0,0,11422,0,10457,0,0.0,100.0
GHSL_UCDB_THEME_EXPOSURE_GLOBE_R2024A,EX_CF2_SNR_2000,11422,0,11422,0,0,0,11422,0,10450,0,0.0,100.0
GHSL_UCDB_THEME_EXPOSURE_GLOBE_R2024A,EX_CF2_SNR_2005,11422,0,11422,0,0,0,11422,0,10439,0,0.0,100.0
GHSL_UCDB_THEME_EXPOSURE_GLOBE_R2024A,EX_CF2_SNR_2010,11422,0,11422,0,0,0,11422,0,10435,0,0.0,100.0
GHSL_UCDB_THEME_EXPOSURE_GLOBE_R2024A,EX_CF2_SNR_2015,11422,0,11422,0,0,0,11422,0,10423,0,0.0,100.0
GHSL_UCDB_THEME_EXPOSURE_GLOBE_R2024A,EX_CF2_SNR_2020,11422,0,11422,0,0,0,11422,0,10416,0,0.0,100.0
GHSL_UCDB_THEME_EXPOSURE_GLOBE_R2024A,EX_CF2_SNR_2025,11422,0,11422,0,0,0,11422,0,10412,0,0.0,100.0
GHSL_UCDB_THEME_EXPOSURE_GLOBE_R2024A,EX_CF2_SNR_2030,11422,0,11422,0,0,0,11422,0,10408,0,0.0,100.0
GHSL_UCDB_THEME_EXPOSURE_GLOBE_R2024A,EX_CF1_SNR_1975,11422,0,11422,0,0,0,11422,0,10461,0,0.0,100.0
GHSL_UCDB_THEME_EXPOSURE_GLOBE_R2024A,EX_CF1_SNR_1980,11422,0,11422,0,0,0,11422,0,10411,0,0.0,100.0
GHSL_UCDB_THEME_EXPOSURE_GLOBE_R2024A,EX_CF1_SNR_1985,11422,0,11422,0,0,0,11422,0,10386,0,0.0,100.0
GHSL_UCDB_THEME_EXPOSURE_GLOBE_R2024A,EX_CF1_SNR_1990,11422,0,11422,0,0,0,11422,0,10369,0,0.0,100.0
GHSL_UCDB_THEME_EXPOSURE_GLOBE_R2024A,EX_CF1_SNR_1995,11422,0,11422,0,0,0,11422,0,10357,0,0.0,100.0
GHSL_UCDB_THEME_EXPOSURE_GLOBE_R2024A,EX_CF1_SNR_2000,11422,0,11422,0,0,0,11422,0,10354,0,0.0,100.0
GHSL_UCDB_THEME_EXPOSURE_GLOBE_R2024A,EX_CF1_SNR_2005,11422,0,11422,0,0,0,11422,0,10343,0,0.0,100.0
GHSL_UCDB_THEME_EXPOSURE_GLOBE_R2024A,EX_CF1_SNR_2010,11422,0,11422,0,0,0,11422,0,10340,0,0.0,100.0
GHSL_UCDB_THEME_EXPOSURE_GLOBE_R2024A,EX_CF1_SNR_2015,11422,0,11422,0,0,0,11422,0,10330,0,0.0,100.0
GHSL_UCDB_THEME_EXPOSURE_GLOBE_R2024A,EX_CF1_SNR_2020,11422,0,11422,0,0,0,11422,0,10325,0,0.0,100.0
GHSL_UCDB_THEME_EXPOSURE_GLOBE_R2024A,EX_CF1_SNR_2025,11422,0,11422,0,0,0,11422,0,10322,0,0.0,100.0
GHSL_UCDB_THEME_EXPOSURE_GLOBE_R2024A,EX_CF1_SNR_2030,11422,0,11422,0,0,0,11422,0,10317,0,0.0,100.0
GHSL_UCDB_THEME_EXPOSURE_GLOBE_R2024A,EX_L05_POP_1975,5163,0,11422,6259,0,0,5163,0,3169,0,0.0,2035094.9
GHSL_UCDB_THEME_EXPOSURE_GLOBE_R2024A,EX_L05_POP_1980,5163,0,11422,6259,0,0,5163,0,3153,0,0.0,2171355.29
GHSL_UCDB_THEME_EXPOSURE_GLOBE_R2024A,EX_L05_POP_1985,5163,0,11422,6259,0,0,5163,0,3150,0,0.0,2393133.1
GHSL_UCDB_THEME_EXPOSURE_GLOBE_R2024A,EX_L05_POP_1990,5163,0,11422,6259,0,0,5163,0,3149,0,0.0,2906337.44
GHSL_UCDB_THEME_EXPOSURE_GLOBE_R2024A,EX_L05_POP_1995,5163,0,11422,6259,0,0,5163,0,3147,0,0.0,3496428.57
GHSL_UCDB_THEME_EXPOSURE_GLOBE_R2024A,EX_L05_POP_2000,5163,0,11422,6259,0,0,5163,0,3146,0,0.0,4246682.66
GHSL_UCDB_THEME_EXPOSURE_GLOBE_R2024A,EX_L05_POP_2005,5163,0,11422,6259,0,0,5163,0,3145,0,0.0,5278058.34
GHSL_UCDB_THEME_EXPOSURE_GLOBE_R2024A,EX_L05_POP_2010,5163,0,11422,6259,0,0,5163,0,3144,0,0.0,6582806.99
GHSL_UCDB_THEME_EXPOSURE_GLOBE_R2024A,EX_L05_POP_2015,5163,0,11422,6259,0,0,5163,0,3143,0,0.0,7657463.33
GHSL_UCDB_THEME_EXPOSURE_GLOBE_R2024A,EX_L05_POP_2020,5163,0,11422,6259,0,0,5163,0,3143,0,0.0,8839840.34
GHSL_UCDB_THEME_EXPOSURE_GLOBE_R2024A,EX_L05_POP_2025,5163,0,11422,6259,0,0,5163,0,3141,0,0.0,9704838.87
GHSL_UCDB_THEME_EXPOSURE_GLOBE_R2024A,EX_L05_POP_2030,5163,0,11422,6259,0,0,5163,0,3140,0,0.0,10466885.15
GHSL_UCDB_THEME_EXPOSURE_GLOBE_R2024A,EX_L10_POP_1975,5163,0,11422,6259,0,0,5163,0,3045,0,0.0,9055193.1
GHSL_UCDB_THEME_EXPOSURE_GLOBE_R2024A,EX_L10_POP_1980,5163,0,11422,6259,0,0,5163,0,3037,0,0.0,10004536.03
GHSL_UCDB_THEME_EXPOSURE_GLOBE_R2024A,EX_L10_POP_1985,5163,0,11422,6259,0,0,5163,0,3036,0,0.0,10898895.86
GHSL_UCDB_THEME_EXPOSURE_GLOBE_R2024A,EX_L10_POP_1990,5163,0,11422,6259,0,0,5163,0,3036,0,0.0,11848178.04
GHSL_UCDB_THEME_EXPOSURE_GLOBE_R2024A,EX_L10_POP_1995,5163,0,11422,6259,0,0,5163,0,3035,0,0.0,12878010.76
GHSL_UCDB_THEME_EXPOSURE_GLOBE_R2024A,EX_L10_POP_2000,5163,0,11422,6259,0,0,5163,0,3033,0,0.0,14128923.99
GHSL_UCDB_THEME_EXPOSURE_GLOBE_R2024A,EX_L10_POP_2005,5163,0,11422,6259,0,0,5163,0,3032,0,0.0,16002575.62
GHSL_UCDB_THEME_EXPOSURE_GLOBE_R2024A,EX_L10_POP_2010,5163,0,11422,6259,0,0,5163,0,3032,0,0.0,17569085.87
GHSL_UCDB_THEME_EXPOSURE_GLOBE_R2024A,EX_L10_POP_2015,5163,0,11422,6259,0,0,5163,0,3032,0,0.0,19374563.44
GHSL_UCDB_THEME_EXPOSURE_GLOBE_R2024A,EX_L10_POP_2020,5163,0,11422,6259,0,0,5163,0,3032,0,0.0,21072866.58
GHSL_UCDB_THEME_EXPOSURE_GLOBE_R2024A,EX_L10_POP_2025,5163,0,11422,6259,0,0,5163,0,3031,0,0.0,22932895.25
GHSL_UCDB_THEME_EXPOSURE_GLOBE_R2024A,EX_L10_POP_2030,5163,0,11422,6259,0,0,5163,0,3029,0,0.0,24585336.36
GHSL_UCDB_THEME_EXPOSURE_GLOBE_R2024A,Unnamed: 0_x,5163,0,11422,6259,0,0,5163,0,1,0,0.0,11685.0
GHSL_UCDB_THEME_EXPOSURE_GLOBE_R2024A,EX_L05_SHP_1975,5163,0,11422,6259,0,0,5163,0,3200,0,0.0,100.0
GHSL_UCDB_THEME_EXPOSURE_GLOBE_R2024A,EX_L05_SHP_1980,5163,0,11422,6259,0,0,5163,0,3180,0,0.0,100.0
GHSL_UCDB_THEME_EXPOSURE_GLOBE_R2024A,EX_L05_SHP_1985,5163,0,11422,6259,0,0,5163,0,3174,0,0.0,100.0
GHSL_UCDB_THEME_EXPOSURE_GLOBE_R2024A,EX_L05_SHP_1990,5163,0,11422,6259,0,0,5163,0,3171,0,0.0,100.0
GHSL_UCDB_THEME_EXPOSURE_GLOBE_R2024A,EX_L05_SHP_1995,5163,0,11422,6259,0,0,5163,0,3170,0,0.0,100.0
GHSL_UCDB_THEME_EXPOSURE_GLOBE_R2024A,EX_L05_SHP_2000,5163,0,11422,6259,0,0,5163,0,3170,0,0.0,100.0
GHSL_UCDB_THEME_EXPOSURE_GLOBE_R2024A,EX_L05_SHP_2005,5163,0,11422,6259,0,0,5163,0,3168,0,0.0,100.0
GHSL_UCDB_THEME_EXPOSURE_GLOBE_R2024A,EX_L05_SHP_2010,5163,0,11422,6259,0,0,5163,0,3165,0,0.0,100.0
GHSL_UCDB_THEME_EXPOSURE_GLOBE_R2024A,EX_L05_SHP_2015,5163,0,11422,6259,0,0,5163,0,3163,0,0.0,100.0
GHSL_UCDB_THEME_EXPOSURE_GLOBE_R2024A,EX_L05_SHP_2020,5163,0,11422,6259,0,0,5163,0,3161,0,0.0,100.0
GHSL_UCDB_THEME_EXPOSURE_GLOBE_R2024A,EX_L05_SHP_2025,5163,0,11422,6259,0,0,5163,0,3157,0,0.0,100.0
GHSL_UCDB_THEME_EXPOSURE_GLOBE_R2024A,EX_L05_SHP_2030,5163,0,11422,6259,0,0,5163,0,3157,0,0.0,100.0
GHSL_UCDB_THEME_EXPOSURE_GLOBE_R2024A,Unnamed: 0_y,5163,0,11422,6259,0,0,5163,0,1,0,0.0,11685.0
GHSL_UCDB_THEME_EXPOSURE_GLOBE_R2024A,EX_L10_SHP_1975,5163,0,11422,6259,0,0,5163,0,3052,0,0.0,100.08
GHSL_UCDB_THEME_EXPOSURE_GLOBE_R2024A,EX_L10_SHP_1980,5163,0,11422,6259,0,0,5163,0,3047,0,0.0,100.05
GHSL_UCDB_THEME_EXPOSURE_GLOBE_R2024A,EX_L10_SHP_1985,5163,0,11422,6259,0,0,5163,0,3046,0,0.0,100.03
GHSL_UCDB_THEME_EXPOSURE_GLOBE_R2024A,EX_L10_SHP_1990,5163,0,11422,6259,0,0,5163,0,3044,0,0.0,100.01
GHSL_UCDB_THEME_EXPOSURE_GLOBE_R2024A,EX_L10_SHP_1995,5163,0,11422,6259,0,0,5163,0,3041,0,0.0,100.01
GHSL_UCDB_THEME_EXPOSURE_GLOBE_R2024A,EX_L10_SHP_2000,5163,0,11422,6259,0,0,5163,0,3041,0,0.0,100.01
GHSL_UCDB_THEME_EXPOSURE_GLOBE_R2024A,EX_L10_SHP_2005,5163,0,11422,6259,0,0,5163,0,3040,0,0.0,100.0
GHSL_UCDB_THEME_EXPOSURE_GLOBE_R2024A,EX_L10_SHP_2010,5163,0,11422,6259,0,0,5163,0,3040,0,0.0,100.0
GHSL_UCDB_THEME_EXPOSURE_GLOBE_R2024A,EX_L10_SHP_2015,5163,0,11422,6259,0,0,5163,0,3040,0,0.0,100.0
GHSL_UCDB_THEME_EXPOSURE_GLOBE_R2024A,EX_L10_SHP_2020,5163,0,11422,6259,0,0,5163,0,3039,0,0.0,100.0
GHSL_UCDB_THEME_EXPOSURE_GLOBE_R2024A,EX_L10_SHP_2025,5163,0,11422,6259,0,0,5163,0,3040,0,0.0,100.0
GHSL_UCDB_THEME_EXPOSURE_GLOBE_R2024A,EX_L10_SHP_2030,5163,0,11422,6259,0,0,5163,0,3039,0,0.0,100.0
GHSL_UCDB_THEME_EXPOSURE_GLOBE_R2024A,Unnamed: 0,5163,0,11422,6259,0,0,5163,0,1,0,0.0,11685.0
GHSL_UCDB_THEME_EXPOSURE_GLOBE_R2024A,EX_LEC_SHP_1975,5163,0,11422,6259,0,0,5163,0,3160,0,0.0,100.08
GHSL_UCDB_THEME_EXPOSURE_GLOBE_R2024A,EX_LEC_SHP_1980,5163,0,11422,6259,0,0,5163,0,3159,0,0.0,100.08
GHSL_UCDB_THEME_EXPOSURE_GLOBE_R2024A,EX_LEC_SHP_1985,5163,0,11422,6259,0,0,5163,0,3159,0,0.0,100.08
GHSL_UCDB_THEME_EXPOSURE_GLOBE_R2024A,EX_LEC_SHP_1990,5163,0,11422,6259,0,0,5163,0,3158,0,0.0,100.08
GHSL_UCDB_THEME_EXPOSURE_GLOBE_R2024A,EX_LEC_SHP_1995,5163,0,11422,6259,0,0,5163,0,3158,0,0.0,100.07
GHSL_UCDB_THEME_EXPOSURE_GLOBE_R2024A,EX_LEC_SHP_2000,5163,0,11422,6259,0,0,5163,0,3158,0,0.0,100.06
GHSL_UCDB_THEME_EXPOSURE_GLOBE_R2024A,EX_LEC_SHP_2005,5163,0,11422,6259,0,0,5163,0,3158,0,0.0,100.06
GHSL_UCDB_THEME_EXPOSURE_GLOBE_R2024A,EX_LEC_SHP_2010,5163,0,11422,6259,0,0,5163,0,3158,0,0.0,100.05
GHSL_UCDB_THEME_EXPOSURE_GLOBE_R2024A,EX_LEC_SHP_2015,5163,0,11422,6259,0,0,5163,0,3158,0,0.0,100.04
GHSL_UCDB_THEME_EXPOSURE_GLOBE_R2024A,EX_LEC_SHP_2020,5163,0,11422,6259,0,0,5163,0,3158,0,0.0,100.04
GHSL_UCDB_THEME_EXPOSURE_GLOBE_R2024A,EX_LEC_SHP_2025,5163,0,11422,6259,0,0,5163,0,3158,0,0.0,100.04
GHSL_UCDB_THEME_EXPOSURE_GLOBE_R2024A,EX_LEC_SHP_2030,5163,0,11422,6259,0,0,5163,0,3158,0,0.0,100.04
GHSL_UCDB_THEME_EXPOSURE_GLOBE_R2024A,EX_L05_BUS_1975,5163,0,11422,6259,0,0,5163,0,3166,0,0.0,110537152.0
GHSL_UCDB_THEME_EXPOSURE_GLOBE_R2024A,EX_L05_BUS_1980,5163,0,11422,6259,0,0,5163,0,3150,0,0.0,111923411.0
GHSL_UCDB_THEME_EXPOSURE_GLOBE_R2024A,EX_L05_BUS_1985,5163,0,11422,6259,0,0,5163,0,3148,0,0.0,113318169.0
GHSL_UCDB_THEME_EXPOSURE_GLOBE_R2024A,EX_L05_BUS_1990,5163,0,11422,6259,0,0,5163,0,3147,0,0.0,117731450.0
GHSL_UCDB_THEME_EXPOSURE_GLOBE_R2024A,EX_L05_BUS_1995,5163,0,11422,6259,0,0,5163,0,3145,0,0.0,171480553.0
GHSL_UCDB_THEME_EXPOSURE_GLOBE_R2024A,EX_L05_BUS_2000,5163,0,11422,6259,0,0,5163,0,3144,0,0.0,243667412.0
GHSL_UCDB_THEME_EXPOSURE_GLOBE_R2024A,EX_L05_BUS_2005,5163,0,11422,6259,0,0,5163,0,3143,0,0.0,287198838.0
GHSL_UCDB_THEME_EXPOSURE_GLOBE_R2024A,EX_L05_BUS_2010,5163,0,11422,6259,0,0,5163,0,3142,0,0.0,339505158.0
GHSL_UCDB_THEME_EXPOSURE_GLOBE_R2024A,EX_L05_BUS_2015,5163,0,11422,6259,0,0,5163,0,3141,0,0.0,389804614.0
GHSL_UCDB_THEME_EXPOSURE_GLOBE_R2024A,EX_L05_BUS_2020,5163,0,11422,6259,0,0,5163,0,3141,0,0.0,401932001.0
GHSL_UCDB_THEME_EXPOSURE_GLOBE_R2024A,EX_L05_BUS_2025,5163,0,11422,6259,0,0,5163,0,3139,0,0.0,413472512.0
GHSL_UCDB_THEME_EXPOSURE_GLOBE_R2024A,EX_L05_BUS_2030,5163,0,11422,6259,0,0,5163,0,3138,0,0.0,417555198.0
GHSL_UCDB_THEME_EXPOSURE_GLOBE_R2024A,EX_L10_BUS_1975,5163,0,11422,6259,0,0,5163,0,3045,0,0.0,452161003.0
GHSL_UCDB_THEME_EXPOSURE_GLOBE_R2024A,EX_L10_BUS_1980,5163,0,11422,6259,0,0,5163,0,3036,0,0.0,459222828.0
GHSL_UCDB_THEME_EXPOSURE_GLOBE_R2024A,EX_L10_BUS_1985,5163,0,11422,6259,0,0,5163,0,3035,0,0.0,466333594.0
GHSL_UCDB_THEME_EXPOSURE_GLOBE_R2024A,EX_L10_BUS_1990,5163,0,11422,6259,0,0,5163,0,3035,0,0.0,473485369.0
GHSL_UCDB_THEME_EXPOSURE_GLOBE_R2024A,EX_L10_BUS_1995,5163,0,11422,6259,0,0,5163,0,3034,0,0.0,512453218.0
GHSL_UCDB_THEME_EXPOSURE_GLOBE_R2024A,EX_L10_BUS_2000,5163,0,11422,6259,0,0,5163,0,3032,0,0.0,556023719.0
GHSL_UCDB_THEME_EXPOSURE_GLOBE_R2024A,EX_L10_BUS_2005,5163,0,11422,6259,0,0,5163,0,3031,0,0.0,569842124.0
GHSL_UCDB_THEME_EXPOSURE_GLOBE_R2024A,EX_L10_BUS_2010,5163,0,11422,6259,0,0,5163,0,3031,0,0.0,584492976.0
GHSL_UCDB_THEME_EXPOSURE_GLOBE_R2024A,EX_L10_BUS_2015,5163,0,11422,6259,0,0,5163,0,3031,0,0.0,598271551.0
GHSL_UCDB_THEME_EXPOSURE_GLOBE_R2024A,EX_L10_BUS_2020,5163,0,11422,6259,0,0,5163,0,3031,0,0.0,605687802.0
GHSL_UCDB_THEME_EXPOSURE_GLOBE_R2024A,EX_L10_BUS_2025,5163,0,11422,6259,0,0,5163,0,3030,0,0.0,609519611.0
GHSL_UCDB_THEME_EXPOSURE_GLOBE_R2024A,EX_L10_BUS_2030,5163,0,11422,6259,0,0,5163,0,3028,0,0.0,611000854.0
GHSL_UCDB_THEME_EXPOSURE_GLOBE_R2024A,EX_L05_NRE_1975,5163,0,11422,6259,0,0,5163,0,5142,0,0.0,9072702.0
GHSL_UCDB_THEME_EXPOSURE_GLOBE_R2024A,EX_L05_NRE_1980,5163,0,11422,6259,0,0,5163,0,5141,0,0.0,9552672.0
GHSL_UCDB_THEME_EXPOSURE_GLOBE_R2024A,EX_L05_NRE_1985,5163,0,11422,6259,0,0,5163,0,5140,0,0.0,10121686.0
GHSL_UCDB_THEME_EXPOSURE_GLOBE_R2024A,EX_L05_NRE_1990,5163,0,11422,6259,0,0,5163,0,5139,0,0.0,10762381.0
GHSL_UCDB_THEME_EXPOSURE_GLOBE_R2024A,EX_L05_NRE_1995,5163,0,11422,6259,0,0,5163,0,5139,0,0.0,11638487.0
GHSL_UCDB_THEME_EXPOSURE_GLOBE_R2024A,EX_L05_NRE_2000,5163,0,11422,6259,0,0,5163,0,5138,0,0.0,12710839.0
GHSL_UCDB_THEME_EXPOSURE_GLOBE_R2024A,EX_L05_NRE_2005,5163,0,11422,6259,0,0,5163,0,5138,0,0.0,13422504.0
GHSL_UCDB_THEME_EXPOSURE_GLOBE_R2024A,EX_L05_NRE_2010,5163,0,11422,6259,0,0,5163,0,5138,0,0.0,14279652.0
GHSL_UCDB_THEME_EXPOSURE_GLOBE_R2024A,EX_L05_NRE_2015,5163,0,11422,6259,0,0,5163,0,5138,0,0.0,15151546.0
GHSL_UCDB_THEME_EXPOSURE_GLOBE_R2024A,EX_L05_NRE_2020,5163,0,11422,6259,0,0,5163,0,5138,0,0.0,15528489.0
GHSL_UCDB_THEME_EXPOSURE_GLOBE_R2024A,EX_L05_NRE_2025,5163,0,11422,6259,0,0,5163,0,5138,0,0.0,15995906.0
GHSL_UCDB_THEME_EXPOSURE_GLOBE_R2024A,EX_L05_NRE_2030,5163,0,11422,6259,0,0,5163,0,5138,0,0.0,16299093.0
GHSL_UCDB_THEME_EXPOSURE_GLOBE_R2024A,EX_L10_NRE_1975,5163,0,11422,6259,0,0,5163,0,3457,0,0.0,50987787.0
GHSL_UCDB_THEME_EXPOSURE_GLOBE_R2024A,EX_L10_NRE_1980,5163,0,11422,6259,0,0,5163,0,3426,0,0.0,51897435.0
GHSL_UCDB_THEME_EXPOSURE_GLOBE_R2024A,EX_L10_NRE_1985,5163,0,11422,6259,0,0,5163,0,3407,0,0.0,52812900.0
GHSL_UCDB_THEME_EXPOSURE_GLOBE_R2024A,EX_L10_NRE_1990,5163,0,11422,6259,0,0,5163,0,3392,0,0.0,53735550.0
GHSL_UCDB_THEME_EXPOSURE_GLOBE_R2024A,EX_L10_NRE_1995,5163,0,11422,6259,0,0,5163,0,3385,0,0.0,57704250.0
GHSL_UCDB_THEME_EXPOSURE_GLOBE_R2024A,EX_L10_NRE_2000,5163,0,11422,6259,0,0,5163,0,3381,0,0.0,62288417.0
GHSL_UCDB_THEME_EXPOSURE_GLOBE_R2024A,EX_L10_NRE_2005,5163,0,11422,6259,0,0,5163,0,3376,0,0.0,63694673.0
GHSL_UCDB_THEME_EXPOSURE_GLOBE_R2024A,EX_L10_NRE_2010,5163,0,11422,6259,0,0,5163,0,3373,0,0.0,65201876.0
GHSL_UCDB_THEME_EXPOSURE_GLOBE_R2024A,EX_L10_NRE_2015,5163,0,11422,6259,0,0,5163,0,3367,0,0.0,66707639.0
GHSL_UCDB_THEME_EXPOSURE_GLOBE_R2024A,EX_L10_NRE_2020,5163,0,11422,6259,0,0,5163,0,3367,0,0.0,67826936.0
GHSL_UCDB_THEME_EXPOSURE_GLOBE_R2024A,EX_L10_NRE_2025,5163,0,11422,6259,0,0,5163,0,3365,0,0.0,69288795.0
GHSL_UCDB_THEME_EXPOSURE_GLOBE_R2024A,EX_L10_NRE_2030,5163,0,11422,6259,0,0,5163,0,3363,0,0.0,70116784.0
GHSL_UCDB_THEME_EXPOSURE_GLOBE_R2024A,EX_L05_RES_1975,5163,0,11422,6259,0,0,5163,0,3166,0,0.0,110537152.0
GHSL_UCDB_THEME_EXPOSURE_GLOBE_R2024A,EX_L05_RES_1980,5163,0,11422,6259,0,0,5163,0,3150,0,0.0,111923411.0
GHSL_UCDB_THEME_EXPOSURE_GLOBE_R2024A,EX_L05_RES_1985,5163,0,11422,6259,0,0,5163,0,3148,0,0.0,113318169.0
GHSL_UCDB_THEME_EXPOSURE_GLOBE_R2024A,EX_L05_RES_1990,5163,0,11422,6259,0,0,5163,0,3147,0,0.0,117731450.0
GHSL_UCDB_THEME_EXPOSURE_GLOBE_R2024A,EX_L05_RES_1995,5163,0,11422,6259,0,0,5163,0,3145,0,0.0,171480553.0
GHSL_UCDB_THEME_EXPOSURE_GLOBE_R2024A,EX_L05_RES_2000,5163,0,11422,6259,0,0,5163,0,3144,0,0.0,243667412.0
GHSL_UCDB_THEME_EXPOSURE_GLOBE_R2024A,EX_L05_RES_2005,5163,0,11422,6259,0,0,5163,0,3143,0,0.0,287198838.0
GHSL_UCDB_THEME_EXPOSURE_GLOBE_R2024A,EX_L05_RES_2010,5163,0,11422,6259,0,0,5163,0,3142,0,0.0,339505158.0
GHSL_UCDB_THEME_EXPOSURE_GLOBE_R2024A,EX_L05_RES_2015,5163,0,11422,6259,0,0,5163,0,3141,0,0.0,389804614.0
GHSL_UCDB_THEME_EXPOSURE_GLOBE_R2024A,EX_L05_RES_2020,5163,0,11422,6259,0,0,5163,0,3141,0,0.0,401932001.0
GHSL_UCDB_THEME_EXPOSURE_GLOBE_R2024A,EX_L05_RES_2025,5163,0,11422,6259,0,0,5163,0,3139,0,0.0,413472512.0
GHSL_UCDB_THEME_EXPOSURE_GLOBE_R2024A,EX_L05_RES_2030,5163,0,11422,6259,0,0,5163,0,3138,0,0.0,417555198.0
GHSL_UCDB_THEME_EXPOSURE_GLOBE_R2024A,EX_L10_RES_1975,5163,0,11422,6259,0,0,5163,0,3045,0,0.0,401173216.0
GHSL_UCDB_THEME_EXPOSURE_GLOBE_R2024A,EX_L10_RES_1980,5163,0,11422,6259,0,0,5163,0,3036,0,0.0,407325393.0
GHSL_UCDB_THEME_EXPOSURE_GLOBE_R2024A,EX_L10_RES_1985,5163,0,11422,6259,0,0,5163,0,3035,0,0.0,413520694.0
GHSL_UCDB_THEME_EXPOSURE_GLOBE_R2024A,EX_L10_RES_1990,5163,0,11422,6259,0,0,5163,0,3035,0,0.0,419749819.0
GHSL_UCDB_THEME_EXPOSURE_GLOBE_R2024A,EX_L10_RES_1995,5163,0,11422,6259,0,0,5163,0,3034,0,0.0,454748968.0
GHSL_UCDB_THEME_EXPOSURE_GLOBE_R2024A,EX_L10_RES_2000,5163,0,11422,6259,0,0,5163,0,3032,0,0.0,493735302.0
GHSL_UCDB_THEME_EXPOSURE_GLOBE_R2024A,EX_L10_RES_2005,5163,0,11422,6259,0,0,5163,0,3031,0,0.0,506147451.0
GHSL_UCDB_THEME_EXPOSURE_GLOBE_R2024A,EX_L10_RES_2010,5163,0,11422,6259,0,0,5163,0,3031,0,0.0,519291100.0
GHSL_UCDB_THEME_EXPOSURE_GLOBE_R2024A,EX_L10_RES_2015,5163,0,11422,6259,0,0,5163,0,3031,0,0.0,531563912.0
GHSL_UCDB_THEME_EXPOSURE_GLOBE_R2024A,EX_L10_RES_2020,5163,0,11422,6259,0,0,5163,0,3031,0,0.0,537860866.0
GHSL_UCDB_THEME_EXPOSURE_GLOBE_R2024A,EX_L10_RES_2025,5163,0,11422,6259,0,0,5163,0,3030,0,0.0,540230816.0
GHSL_UCDB_THEME_EXPOSURE_GLOBE_R2024A,EX_L10_RES_2030,5163,0,11422,6259,0,0,5163,0,3028,0,0.0,540884070.0
GHSL_UCDB_THEME_EXPOSURE_GLOBE_R2024A,EX_L05_SHB_1975,5163,0,11422,6259,0,0,5163,0,3184,0,0.0,100.0
GHSL_UCDB_THEME_EXPOSURE_GLOBE_R2024A,EX_L05_SHB_1980,5163,0,11422,6259,0,0,5163,0,3165,0,0.0,100.0
GHSL_UCDB_THEME_EXPOSURE_GLOBE_R2024A,EX_L05_SHB_1985,5163,0,11422,6259,0,0,5163,0,3159,0,0.0,100.0
GHSL_UCDB_THEME_EXPOSURE_GLOBE_R2024A,EX_L05_SHB_1990,5163,0,11422,6259,0,0,5163,0,3157,0,0.0,100.0
GHSL_UCDB_THEME_EXPOSURE_GLOBE_R2024A,EX_L05_SHB_1995,5163,0,11422,6259,0,0,5163,0,3155,0,0.0,100.0
GHSL_UCDB_THEME_EXPOSURE_GLOBE_R2024A,EX_L05_SHB_2000,5163,0,11422,6259,0,0,5163,0,3155,0,0.0,100.0
GHSL_UCDB_THEME_EXPOSURE_GLOBE_R2024A,EX_L05_SHB_2005,5163,0,11422,6259,0,0,5163,0,3155,0,0.0,100.0
GHSL_UCDB_THEME_EXPOSURE_GLOBE_R2024A,EX_L05_SHB_2010,5163,0,11422,6259,0,0,5163,0,3152,0,0.0,100.0
GHSL_UCDB_THEME_EXPOSURE_GLOBE_R2024A,EX_L05_SHB_2015,5163,0,11422,6259,0,0,5163,0,3150,0,0.0,100.0
GHSL_UCDB_THEME_EXPOSURE_GLOBE_R2024A,EX_L05_SHB_2020,5163,0,11422,6259,0,0,5163,0,3150,0,0.0,100.0
GHSL_UCDB_THEME_EXPOSURE_GLOBE_R2024A,EX_L05_SHB_2025,5163,0,11422,6259,0,0,5163,0,3147,0,0.0,100.0
GHSL_UCDB_THEME_EXPOSURE_GLOBE_R2024A,EX_L05_SHB_2030,5163,0,11422,6259,0,0,5163,0,3147,0,0.0,100.0
GHSL_UCDB_THEME_EXPOSURE_GLOBE_R2024A,EX_L10_SHB_1975,5163,0,11422,6259,0,0,5163,0,3050,0,0.0,100.11
GHSL_UCDB_THEME_EXPOSURE_GLOBE_R2024A,EX_L10_SHB_1980,5163,0,11422,6259,0,0,5163,0,3041,0,0.0,100.07
GHSL_UCDB_THEME_EXPOSURE_GLOBE_R2024A,EX_L10_SHB_1985,5163,0,11422,6259,0,0,5163,0,3041,0,0.0,100.02
GHSL_UCDB_THEME_EXPOSURE_GLOBE_R2024A,EX_L10_SHB_1990,5163,0,11422,6259,0,0,5163,0,3041,0,0.0,100.0
GHSL_UCDB_THEME_EXPOSURE_GLOBE_R2024A,EX_L10_SHB_1995,5163,0,11422,6259,0,0,5163,0,3039,0,0.0,100.0
GHSL_UCDB_THEME_EXPOSURE_GLOBE_R2024A,EX_L10_SHB_2000,5163,0,11422,6259,0,0,5163,0,3038,0,0.0,100.0
GHSL_UCDB_THEME_EXPOSURE_GLOBE_R2024A,EX_L10_SHB_2005,5163,0,11422,6259,0,0,5163,0,3037,0,0.0,100.0
GHSL_UCDB_THEME_EXPOSURE_GLOBE_R2024A,EX_L10_SHB_2010,5163,0,11422,6259,0,0,5163,0,3036,0,0.0,100.0
GHSL_UCDB_THEME_EXPOSURE_GLOBE_R2024A,EX_L10_SHB_2015,5163,0,11422,6259,0,0,5163,0,3035,0,0.0,100.0
GHSL_UCDB_THEME_EXPOSURE_GLOBE_R2024A,EX_L10_SHB_2020,5163,0,11422,6259,0,0,5163,0,3035,0,0.0,100.0
GHSL_UCDB_THEME_EXPOSURE_GLOBE_R2024A,EX_L10_SHB_2025,5163,0,11422,6259,0,0,5163,0,3036,0,0.0,100.0
GHSL_UCDB_THEME_EXPOSURE_GLOBE_R2024A,EX_L10_SHB_2030,5163,0,11422,6259,0,0,5163,0,3034,0,0.0,100.0
GHSL_UCDB_THEME_EXPOSURE_GLOBE_R2024A,EX_LEC_SHB_1975,5163,0,11422,6259,0,0,5163,0,3159,0,0.0,100.11
GHSL_UCDB_THEME_EXPOSURE_GLOBE_R2024A,EX_LEC_SHB_1980,5163,0,11422,6259,0,0,5163,0,3159,0,0.0,100.11
GHSL_UCDB_THEME_EXPOSURE_GLOBE_R2024A,EX_LEC_SHB_1985,5163,0,11422,6259,0,0,5163,0,3158,0,0.0,100.1
GHSL_UCDB_THEME_EXPOSURE_GLOBE_R2024A,EX_LEC_SHB_1990,5163,0,11422,6259,0,0,5163,0,3158,0,0.0,100.09
GHSL_UCDB_THEME_EXPOSURE_GLOBE_R2024A,EX_LEC_SHB_1995,5163,0,11422,6259,0,0,5163,0,3158,0,0.0,100.09
GHSL_UCDB_THEME_EXPOSURE_GLOBE_R2024A,EX_LEC_SHB_2000,5163,0,11422,6259,0,0,5163,0,3158,0,0.0,100.09
GHSL_UCDB_THEME_EXPOSURE_GLOBE_R2024A,EX_LEC_SHB_2005,5163,0,11422,6259,0,0,5163,0,3158,0,0.0,100.08
GHSL_UCDB_THEME_EXPOSURE_GLOBE_R2024A,EX_LEC_SHB_2010,5163,0,11422,6259,0,0,5163,0,3158,0,0.0,100.07
GHSL_UCDB_THEME_EXPOSURE_GLOBE_R2024A,EX_LEC_SHB_2015,5163,0,11422,6259,0,0,5163,0,3158,0,0.0,100.06
GHSL_UCDB_THEME_EXPOSURE_GLOBE_R2024A,EX_LEC_SHB_2020,5163,0,11422,6259,0,0,5163,0,3158,0,0.0,100.05
GHSL_UCDB_THEME_EXPOSURE_GLOBE_R2024A,EX_LEC_SHB_2025,5163,0,11422,6259,0,0,5163,0,3158,0,0.0,100.05
GHSL_UCDB_THEME_EXPOSURE_GLOBE_R2024A,EX_LEC_SHB_2030,5163,0,11422,6259,0,0,5163,0,3158,0,0.0,100.05
GHSL_UCDB_THEME_EXPOSURE_GLOBE_R2024A,EX_L05_SNR_1975,5163,0,11422,6259,0,0,5163,0,5142,0,0.0,100.0
GHSL_UCDB_THEME_EXPOSURE_GLOBE_R2024A,EX_L05_SNR_1980,5163,0,11422,6259,0,0,5163,0,5141,0,0.0,100.0
GHSL_UCDB_THEME_EXPOSURE_GLOBE_R2024A,EX_L05_SNR_1985,5163,0,11422,6259,0,0,5163,0,5140,0,0.0,100.0
GHSL_UCDB_THEME_EXPOSURE_GLOBE_R2024A,EX_L05_SNR_1990,5163,0,11422,6259,0,0,5163,0,5139,0,0.0,100.0
GHSL_UCDB_THEME_EXPOSURE_GLOBE_R2024A,EX_L05_SNR_1995,5163,0,11422,6259,0,0,5163,0,5139,0,0.0,100.0
GHSL_UCDB_THEME_EXPOSURE_GLOBE_R2024A,EX_L05_SNR_2000,5163,0,11422,6259,0,0,5163,0,5138,0,0.0,100.0
GHSL_UCDB_THEME_EXPOSURE_GLOBE_R2024A,EX_L05_SNR_2005,5163,0,11422,6259,0,0,5163,0,5138,0,0.0,100.0
GHSL_UCDB_THEME_EXPOSURE_GLOBE_R2024A,EX_L05_SNR_2010,5163,0,11422,6259,0,0,5163,0,5138,0,0.0,100.0
GHSL_UCDB_THEME_EXPOSURE_GLOBE_R2024A,EX_L05_SNR_2015,5163,0,11422,6259,0,0,5163,0,5138,0,0.0,100.0
GHSL_UCDB_THEME_EXPOSURE_GLOBE_R2024A,EX_L05_SNR_2020,5163,0,11422,6259,0,0,5163,0,5138,0,0.0,100.0
GHSL_UCDB_THEME_EXPOSURE_GLOBE_R2024A,EX_L05_SNR_2025,5163,0,11422,6259,0,0,5163,0,5138,0,0.0,100.0
GHSL_UCDB_THEME_EXPOSURE_GLOBE_R2024A,EX_L05_SNR_2030,5163,0,11422,6259,0,0,5163,0,5138,0,0.0,100.0
GHSL_UCDB_THEME_EXPOSURE_GLOBE_R2024A,EX_L10_SNR_1975,5163,0,11422,6259,0,0,5163,0,3457,0,0.0,100.0
GHSL_UCDB_THEME_EXPOSURE_GLOBE_R2024A,EX_L10_SNR_1980,5163,0,11422,6259,0,0,5163,0,3427,0,0.0,100.0
GHSL_UCDB_THEME_EXPOSURE_GLOBE_R2024A,EX_L10_SNR_1985,5163,0,11422,6259,0,0,5163,0,3408,0,0.0,100.0
GHSL_UCDB_THEME_EXPOSURE_GLOBE_R2024A,EX_L10_SNR_1990,5163,0,11422,6259,0,0,5163,0,3393,0,0.0,100.0
GHSL_UCDB_THEME_EXPOSURE_GLOBE_R2024A,EX_L10_SNR_1995,5163,0,11422,6259,0,0,5163,0,3386,0,0.0,100.23
GHSL_UCDB_THEME_EXPOSURE_GLOBE_R2024A,EX_L10_SNR_2000,5163,0,11422,6259,0,0,5163,0,3382,0,0.0,100.3
GHSL_UCDB_THEME_EXPOSURE_GLOBE_R2024A,EX_L10_SNR_2005,5163,0,11422,6259,0,0,5163,0,3377,0,0.0,100.23
GHSL_UCDB_THEME_EXPOSURE_GLOBE_R2024A,EX_L10_SNR_2010,5163,0,11422,6259,0,0,5163,0,3374,0,0.0,100.17
GHSL_UCDB_THEME_EXPOSURE_GLOBE_R2024A,EX_L10_SNR_2015,5163,0,11422,6259,0,0,5163,0,3368,0,0.0,100.13
GHSL_UCDB_THEME_EXPOSURE_GLOBE_R2024A,EX_L10_SNR_2020,5163,0,11422,6259,0,0,5163,0,3369,0,0.0,100.11
GHSL_UCDB_THEME_EXPOSURE_GLOBE_R2024A,EX_L10_SNR_2025,5163,0,11422,6259,0,0,5163,0,3366,0,0.0,100.06
GHSL_UCDB_THEME_EXPOSURE_GLOBE_R2024A,EX_L10_SNR_2030,5163,0,11422,6259,0,0,5163,0,3364,0,0.0,100.08
GHSL_UCDB_THEME_EXPOSURE_GLOBE_R2024A,EX_LEC_SNR_1975,5163,0,11422,6259,0,0,5163,0,5134,0,0.0,100.0
GHSL_UCDB_THEME_EXPOSURE_GLOBE_R2024A,EX_LEC_SNR_1980,5163,0,11422,6259,0,0,5163,0,5132,0,0.0,100.0
GHSL_UCDB_THEME_EXPOSURE_GLOBE_R2024A,EX_LEC_SNR_1985,5163,0,11422,6259,0,0,5163,0,5132,0,0.0,100.0
GHSL_UCDB_THEME_EXPOSURE_GLOBE_R2024A,EX_LEC_SNR_1990,5163,0,11422,6259,0,0,5163,0,5131,0,0.0,100.0
GHSL_UCDB_THEME_EXPOSURE_GLOBE_R2024A,EX_LEC_SNR_1995,5163,0,11422,6259,0,0,5163,0,5131,0,0.0,100.0
GHSL_UCDB_THEME_EXPOSURE_GLOBE_R2024A,EX_LEC_SNR_2000,5163,0,11422,6259,0,0,5163,0,5131,0,0.0,100.0
GHSL_UCDB_THEME_EXPOSURE_GLOBE_R2024A,EX_LEC_SNR_2005,5163,0,11422,6259,0,0,5163,0,5131,0,0.0,100.0
GHSL_UCDB_THEME_EXPOSURE_GLOBE_R2024A,EX_LEC_SNR_2010,5163,0,11422,6259,0,0,5163,0,5131,0,0.0,100.0
GHSL_UCDB_THEME_EXPOSURE_GLOBE_R2024A,EX_LEC_SNR_2015,5163,0,11422,6259,0,0,5163,0,5131,0,0.0,100.0
GHSL_UCDB_THEME_EXPOSURE_GLOBE_R2024A,EX_LEC_SNR_2020,5163,0,11422,6259,0,0,5163,0,5131,0,0.0,100.0
GHSL_UCDB_THEME_EXPOSURE_GLOBE_R2024A,EX_LEC_SNR_2025,5163,0,11422,6259,0,0,5163,0,5131,0,0.0,100.0
GHSL_UCDB_THEME_EXPOSURE_GLOBE_R2024A,EX_LEC_SNR_2030,5163,0,11422,6259,0,0,5163,0,5131,0,0.0,100.0
GHSL_UCDB_THEME_EXPOSURE_GLOBE_R2024A,EX_L05_SHR_1975,5163,0,11422,6259,0,0,5163,0,3183,0,0.0,268.83
GHSL_UCDB_THEME_EXPOSURE_GLOBE_R2024A,EX_L05_SHR_1980,5163,0,11422,6259,0,0,5163,0,3165,0,0.0,252.16
GHSL_UCDB_THEME_EXPOSURE_GLOBE_R2024A,EX_L05_SHR_1985,5163,0,11422,6259,0,0,5163,0,3159,0,0.0,238.09
GHSL_UCDB_THEME_EXPOSURE_GLOBE_R2024A,EX_L05_SHR_1990,5163,0,11422,6259,0,0,5163,0,3156,0,0.0,229.86
GHSL_UCDB_THEME_EXPOSURE_GLOBE_R2024A,EX_L05_SHR_1995,5163,0,11422,6259,0,0,5163,0,3155,0,0.0,183.42
GHSL_UCDB_THEME_EXPOSURE_GLOBE_R2024A,EX_L05_SHR_2000,5163,0,11422,6259,0,0,5163,0,3155,0,0.0,168.97
GHSL_UCDB_THEME_EXPOSURE_GLOBE_R2024A,EX_L05_SHR_2005,5163,0,11422,6259,0,0,5163,0,3154,0,0.0,161.67
GHSL_UCDB_THEME_EXPOSURE_GLOBE_R2024A,EX_L05_SHR_2010,5163,0,11422,6259,0,0,5163,0,3152,0,0.0,168.98
GHSL_UCDB_THEME_EXPOSURE_GLOBE_R2024A,EX_L05_SHR_2015,5163,0,11422,6259,0,0,5163,0,3150,0,0.0,176.32
GHSL_UCDB_THEME_EXPOSURE_GLOBE_R2024A,EX_L05_SHR_2020,5163,0,11422,6259,0,0,5163,0,3150,0,0.0,176.51
GHSL_UCDB_THEME_EXPOSURE_GLOBE_R2024A,EX_L05_SHR_2025,5163,0,11422,6259,0,0,5163,0,3147,0,0.0,188.14
GHSL_UCDB_THEME_EXPOSURE_GLOBE_R2024A,EX_L05_SHR_2030,5163,0,11422,6259,0,0,5163,0,3147,0,0.0,193.53
GHSL_UCDB_THEME_EXPOSURE_GLOBE_R2024A,EX_L10_SHR_1975,5163,0,11422,6259,0,0,5163,0,3050,0,0.0,100.12
GHSL_UCDB_THEME_EXPOSURE_GLOBE_R2024A,EX_L10_SHR_1980,5163,0,11422,6259,0,0,5163,0,3041,0,0.0,100.07
GHSL_UCDB_THEME_EXPOSURE_GLOBE_R2024A,EX_L10_SHR_1985,5163,0,11422,6259,0,0,5163,0,3041,0,0.0,100.02
GHSL_UCDB_THEME_EXPOSURE_GLOBE_R2024A,EX_L10_SHR_1990,5163,0,11422,6259,0,0,5163,0,3041,0,0.0,100.0
GHSL_UCDB_THEME_EXPOSURE_GLOBE_R2024A,EX_L10_SHR_1995,5163,0,11422,6259,0,0,5163,0,3038,0,0.0,100.0
GHSL_UCDB_THEME_EXPOSURE_GLOBE_R2024A,EX_L10_SHR_2000,5163,0,11422,6259,0,0,5163,0,3038,0,0.0,100.0
GHSL_UCDB_THEME_EXPOSURE_GLOBE_R2024A,EX_L10_SHR_2005,5163,0,11422,6259,0,0,5163,0,3037,0,0.0,100.0
GHSL_UCDB_THEME_EXPOSURE_GLOBE_R2024A,EX_L10_SHR_2010,5163,0,11422,6259,0,0,5163,0,3036,0,0.0,100.0
GHSL_UCDB_THEME_EXPOSURE_GLOBE_R2024A,EX_L10_SHR_2015,5163,0,11422,6259,0,0,5163,0,3035,0,0.0,100.0
GHSL_UCDB_THEME_EXPOSURE_GLOBE_R2024A,EX_L10_SHR_2020,5163,0,11422,6259,0,0,5163,0,3035,0,0.0,100.0
GHSL_UCDB_THEME_EXPOSURE_GLOBE_R2024A,EX_L10_SHR_2025,5163,0,11422,6259,0,0,5163,0,3036,0,0.0,100.0
GHSL_UCDB_THEME_EXPOSURE_GLOBE_R2024A,EX_L10_SHR_2030,5163,0,11422,6259,0,0,5163,0,3034,0,0.0,100.0
GHSL_UCDB_THEME_EXPOSURE_GLOBE_R2024A,EX_LEC_SHR_1975,5163,0,11422,6259,0,0,5163,0,3011,0,0.0,277.28
GHSL_UCDB_THEME_EXPOSURE_GLOBE_R2024A,EX_LEC_SHR_1980,5163,0,11422,6259,0,0,5163,0,3007,0,0.0,262.32
GHSL_UCDB_THEME_EXPOSURE_GLOBE_R2024A,EX_LEC_SHR_1985,5163,0,11422,6259,0,0,5163,0,3006,0,0.0,249.72
GHSL_UCDB_THEME_EXPOSURE_GLOBE_R2024A,EX_LEC_SHR_1990,5163,0,11422,6259,0,0,5163,0,3006,0,0.0,242.58
GHSL_UCDB_THEME_EXPOSURE_GLOBE_R2024A,EX_LEC_SHR_1995,5163,0,11422,6259,0,0,5163,0,3005,0,0.0,209.7
GHSL_UCDB_THEME_EXPOSURE_GLOBE_R2024A,EX_LEC_SHR_2000,5163,0,11422,6259,0,0,5163,0,3005,0,0.0,194.11
GHSL_UCDB_THEME_EXPOSURE_GLOBE_R2024A,EX_LEC_SHR_2005,5163,0,11422,6259,0,0,5163,0,3005,0,0.0,191.5
GHSL_UCDB_THEME_EXPOSURE_GLOBE_R2024A,EX_LEC_SHR_2010,5163,0,11422,6259,0,0,5163,0,3005,0,0.0,187.96
GHSL_UCDB_THEME_EXPOSURE_GLOBE_R2024A,EX_LEC_SHR_2015,5163,0,11422,6259,0,0,5163,0,3004,0,0.0,184.33
GHSL_UCDB_THEME_EXPOSURE_GLOBE_R2024A,EX_LEC_SHR_2020,5163,0,11422,6259,0,0,5163,0,3004,0,0.0,187.32
GHSL_UCDB_THEME_EXPOSURE_GLOBE_R2024A,EX_LEC_SHR_2025,5163,0,11422,6259,0,0,5163,0,3004,0,0.0,196.8
GHSL_UCDB_THEME_EXPOSURE_GLOBE_R2024A,EX_LEC_SHR_2030,5163,0,11422,6259,0,0,5163,0,3003,0,0.0,198.84
GHSL_UCDB_THEME_EXPOSURE_GLOBE_R2024A,EX_L05_B11_2020,5163,0,11422,6259,0,0,5163,0,3144,0,0.0,135204783.0
GHSL_UCDB_THEME_EXPOSURE_GLOBE_R2024A,EX_L05_B12_2020,5163,0,11422,6259,0,0,5163,0,3527,0,0.0,228476336.0
GHSL_UCDB_THEME_EXPOSURE_GLOBE_R2024A,EX_L05_B13_2020,5163,0,11422,6259,0,0,5163,0,4752,0,0.0,16991979.0
GHSL_UCDB_THEME_EXPOSURE_GLOBE_R2024A,EX_L05_B21_2020,5163,0,11422,6259,0,0,5163,0,3746,0,0.0,21588605.0
GHSL_UCDB_THEME_EXPOSURE_GLOBE_R2024A,EX_L05_B22_2020,5163,0,11422,6259,0,0,5163,0,4061,0,0.0,65975222.0
GHSL_UCDB_THEME_EXPOSURE_GLOBE_R2024A,EX_L05_B23_2020,5163,0,11422,6259,0,0,5163,0,4902,0,0.0,3141110.0
GHSL_UCDB_THEME_EXPOSURE_GLOBE_R2024A,EX_L10_B11_2020,5163,0,11422,6259,0,0,5163,0,3052,0,0.0,277280727.0
GHSL_UCDB_THEME_EXPOSURE_GLOBE_R2024A,EX_L10_B12_2020,5163,0,11422,6259,0,0,5163,0,3220,0,0.0,287617889.0
GHSL_UCDB_THEME_EXPOSURE_GLOBE_R2024A,EX_L10_B13_2020,5163,0,11422,6259,0,0,5163,0,4546,0,0.0,40226828.0
GHSL_UCDB_THEME_EXPOSURE_GLOBE_R2024A,EX_L10_B21_2020,5163,0,11422,6259,0,0,5163,0,3697,0,0.0,13550234.0
GHSL_UCDB_THEME_EXPOSURE_GLOBE_R2024A,EX_L10_B22_2020,5163,0,11422,6259,0,0,5163,0,3797,0,0.0,57192498.0
GHSL_UCDB_THEME_EXPOSURE_GLOBE_R2024A,EX_L10_B23_2020,5163,0,11422,6259,0,0,5163,0,4786,0,0.0,5182124.0
GHSL_UCDB_THEME_EXPOSURE_GLOBE_R2024A,EX_L05_P11_2020,5163,0,11422,6259,0,0,5163,0,3146,0,0.0,2128143.24
GHSL_UCDB_THEME_EXPOSURE_GLOBE_R2024A,EX_L05_P12_2020,5163,0,11422,6259,0,0,5163,0,3527,0,0.0,6354531.43
GHSL_UCDB_THEME_EXPOSURE_GLOBE_R2024A,EX_L05_P13_2020,5163,0,11422,6259,0,0,5163,0,4755,0,0.0,1200531.77
GHSL_UCDB_THEME_EXPOSURE_GLOBE_R2024A,EX_L05_P21_2020,5163,0,11422,6259,0,0,5163,0,3753,0,0.0,41642.94
GHSL_UCDB_THEME_EXPOSURE_GLOBE_R2024A,EX_L05_P22_2020,5163,0,11422,6259,0,0,5163,0,4069,0,0.0,423735.64
GHSL_UCDB_THEME_EXPOSURE_GLOBE_R2024A,EX_L05_P23_2020,5163,0,11422,6259,0,0,5163,0,4907,0,0.0,51578.19
GHSL_UCDB_THEME_EXPOSURE_GLOBE_R2024A,EX_L10_P11_2020,5163,0,11422,6259,0,0,5163,0,3053,0,0.0,13017208.27
GHSL_UCDB_THEME_EXPOSURE_GLOBE_R2024A,EX_L10_P12_2020,5163,0,11422,6259,0,0,5163,0,3220,0,0.0,12447410.2
GHSL_UCDB_THEME_EXPOSURE_GLOBE_R2024A,EX_L10_P13_2020,5163,0,11422,6259,0,0,5163,0,4549,0,0.0,5304698.1
GHSL_UCDB_THEME_EXPOSURE_GLOBE_R2024A,EX_L10_P21_2020,5163,0,11422,6259,0,0,5163,0,3702,0,0.0,94481.5
GHSL_UCDB_THEME_EXPOSURE_GLOBE_R2024A,EX_L10_P22_2020,5163,0,11422,6259,0,0,5163,0,3799,0,0.0,441220.95
GHSL_UCDB_THEME_EXPOSURE_GLOBE_R2024A,EX_L10_P23_2020,5163,0,11422,6259,0,0,5163,0,4794,0,0.0,160287.34
GHSL_UCDB_THEME_GENERAL_CHARACTERISTICS_GLOBE_R2024A,ID_UC_G0,11422,0,11422,0,0,0,11422,0,0,0,1,11686
GHSL_UCDB_THEME_GENERAL_CHARACTERISTICS_GLOBE_R2024A,GC_UCN_MAI_2025,11408,0,11422,14,0,11408,0,0,0,0,,
GHSL_UCDB_THEME_GENERAL_CHARACTERISTICS_GLOBE_R2024A,GC_UCN_LIS_2025,11105,0,11422,317,0,11105,0,0,0,0,,
GHSL_UCDB_THEME_GENERAL_CHARACTERISTICS_GLOBE_R2024A,GC_CNT_GAD_2025,11422,0,11422,0,0,11422,0,0,0,0,,
GHSL_UCDB_THEME_GENERAL_CHARACTERISTICS_GLOBE_R2024A,GC_CNT_UNN_2025,11422,0,11422,0,0,11422,0,0,0,0,,
GHSL_UCDB_THEME_GENERAL_CHARACTERISTICS_GLOBE_R2024A,GC_UCA_KM2_2025,11422,0,11422,0,0,0,11422,0,0,0,1,6611
GHSL_UCDB_THEME_GENERAL_CHARACTERISTICS_GLOBE_R2024A,GC_POP_TOT_2025,11422,0,11422,0,0,0,11422,0,0,0,50007.74637,42987704.03
GHSL_UCDB_THEME_GENERAL_CHARACTERISTICS_GLOBE_R2024A,GC_DEV_WIG_2025,11413,0,11422,9,0,11413,0,0,0,0,,
GHSL_UCDB_THEME_GENERAL_CHARACTERISTICS_GLOBE_R2024A,GC_DEV_USR_2025,11422,0,11422,0,0,11422,0,0,0,0,,
GHSL_UCDB_THEME_GENERAL_CHARACTERISTICS_GLOBE_R2024A,GC_PLS_SCR_2025,11422,0,11422,0,0,11422,0,0,0,0,,
GHSL_UCDB_THEME_GENERAL_CHARACTERISTICS_GLOBE_R2024A,GC_UCB_YOB_2025,11422,0,11422,0,0,0,11422,0,0,0,1975,2025
GHSL_UCDB_THEME_GENERAL_CHARACTERISTICS_GLOBE_R2024A,GC_UCB_YOD_2025,11422,0,11422,0,0,0,11422,0,0,0,2025,2030
GHSL_UCDB_THEME_GENERAL_CHARACTERISTICS_GLOBE_R2024A,GC_UCM_CAP,11422,0,11422,0,0,0,11422,0,11239,0,0,1
GHSL_UCDB_THEME_GEOGRAPHY_GLOBE_R2024A,ID_UC_G0,11422,0,11422,0,0,0,11422,0,0,0,1,11686
GHSL_UCDB_THEME_GEOGRAPHY_GLOBE_R2024A,GC_UCN_MAI_2025,11408,0,11422,14,0,11408,0,0,0,0,,
GHSL_UCDB_THEME_GEOGRAPHY_GLOBE_R2024A,GC_CNT_GAD_2025,11422,0,11422,0,0,11422,0,0,0,0,,
GHSL_UCDB_THEME_GEOGRAPHY_GLOBE_R2024A,GC_UCA_KM2_2025,11422,0,11422,0,0,0,11422,0,0,0,1,6611
GHSL_UCDB_THEME_GEOGRAPHY_GLOBE_R2024A,GC_POP_TOT_2025,11422,0,11422,0,0,0,11422,0,0,0,50007.74637,42987704.03
GHSL_UCDB_THEME_GEOGRAPHY_GLOBE_R2024A,GC_DEV_WIG_2025,11413,0,11422,9,0,11413,0,0,0,0,,
GHSL_UCDB_THEME_GEOGRAPHY_GLOBE_R2024A,GC_DEV_USR_2025,11422,0,11422,0,0,11422,0,0,0,0,,
GHSL_UCDB_THEME_GEOGRAPHY_GLOBE_R2024A,GE_BIO_A01_2025,11422,0,11422,0,0,0,11422,0,11416,0,0.0,100.0
GHSL_UCDB_THEME_GEOGRAPHY_GLOBE_R2024A,GE_BIO_A02_2025,11422,0,11422,0,0,0,11422,0,11361,0,0.0,100.0
GHSL_UCDB_THEME_GEOGRAPHY_GLOBE_R2024A,GE_BIO_A03_2025,11422,0,11422,0,0,0,11422,0,11419,0,0.0,90.33
GHSL_UCDB_THEME_GEOGRAPHY_GLOBE_R2024A,GE_BIO_A04_2025,11422,0,11422,0,0,0,11422,0,11414,0,0.0,100.0
GHSL_UCDB_THEME_GEOGRAPHY_GLOBE_R2024A,GE_BIO_A05_2025,11422,0,11422,0,0,0,11422,0,11007,0,0.0,100.0
GHSL_UCDB_THEME_GEOGRAPHY_GLOBE_R2024A,GE_BIO_A06_2025,11422,0,11422,0,0,0,11422,0,11406,0,0.0,100.0
GHSL_UCDB_THEME_GEOGRAPHY_GLOBE_R2024A,GE_BIO_A07_2025,11422,0,11422,0,0,0,11422,0,10691,0,0.0,100.0
GHSL_UCDB_THEME_GEOGRAPHY_GLOBE_R2024A,GE_BIO_A08_2025,11422,0,11422,0,0,0,11422,0,9157,0,0.0,100.0
GHSL_UCDB_THEME_GEOGRAPHY_GLOBE_R2024A,GE_BIO_A09_2025,11422,0,11422,0,0,0,11422,0,10951,0,0.0,100.0
GHSL_UCDB_THEME_GEOGRAPHY_GLOBE_R2024A,GE_BIO_A10_2025,11422,0,11422,0,0,0,11422,0,11389,0,0.0,100.0
GHSL_UCDB_THEME_GEOGRAPHY_GLOBE_R2024A,GE_BIO_A11_2025,11422,0,11422,0,0,0,11422,0,10877,0,0.0,100.0
GHSL_UCDB_THEME_GEOGRAPHY_GLOBE_R2024A,GE_BIO_A12_2025,11422,0,11422,0,0,0,11422,0,10022,0,0.0,100.0
GHSL_UCDB_THEME_GEOGRAPHY_GLOBE_R2024A,GE_BIO_A13_2025,11422,0,11422,0,0,0,11422,0,10943,0,0.0,100.0
GHSL_UCDB_THEME_GEOGRAPHY_GLOBE_R2024A,GE_BIO_A14_2025,11422,0,11422,0,0,0,11422,0,10425,0,0.0,100.0
GHSL_UCDB_THEME_GEOGRAPHY_GLOBE_R2024A,GE_BIO_A15_2025,11422,0,11422,0,0,0,11422,0,11374,0,0.0,100.0
GHSL_UCDB_THEME_GEOGRAPHY_GLOBE_R2024A,GE_BIO_A16_2025,11422,0,11422,0,0,0,11422,0,11291,0,0.0,100.0
GHSL_UCDB_THEME_GEOGRAPHY_GLOBE_R2024A,GE_BIO_A17_2025,11422,0,11422,0,0,0,11422,0,10475,0,0.0,100.0
GHSL_UCDB_THEME_GEOGRAPHY_GLOBE_R2024A,GE_BIO_A18_2025,11422,0,11422,0,0,0,11422,0,11323,0,0.0,100.0
GHSL_UCDB_THEME_GEOGRAPHY_GLOBE_R2024A,GE_BIO_A19_2025,11422,0,11422,0,0,0,11422,0,10763,0,0.0,100.0
GHSL_UCDB_THEME_GEOGRAPHY_GLOBE_R2024A,GE_BIO_A20_2025,11422,0,11422,0,0,0,11422,0,10642,0,0.0,100.0
GHSL_UCDB_THEME_GEOGRAPHY_GLOBE_R2024A,GE_BIO_A21_2025,11422,0,11422,0,0,0,11422,0,10925,0,0.0,100.0
GHSL_UCDB_THEME_GEOGRAPHY_GLOBE_R2024A,GE_BIO_A22_2025,11422,0,11422,0,0,0,11422,0,11401,0,0.0,100.0
GHSL_UCDB_THEME_GEOGRAPHY_GLOBE_R2024A,GE_BIO_A23_2025,11422,0,11422,0,0,0,11422,0,10976,0,0.0,100.0
GHSL_UCDB_THEME_GEOGRAPHY_GLOBE_R2024A,GE_BIO_A24_2025,11422,0,11422,0,0,0,11422,0,9803,0,0.0,100.0
GHSL_UCDB_THEME_GEOGRAPHY_GLOBE_R2024A,GE_ECO_CLA_2025,11416,0,11422,6,0,11416,0,0,0,0,,
GHSL_UCDB_THEME_GEOGRAPHY_GLOBE_R2024A,GE_ELV_AVG_2025,11422,0,11422,0,0,0,11422,0,0,29,-241.15,4517.78
GHSL_UCDB_THEME_GEOGRAPHY_GLOBE_R2024A,GE_MRB_MAI_2025,6847,0,11422,4575,0,6847,0,0,0,0,,
GHSL_UCDB_THEME_GEOGRAPHY_GLOBE_R2024A,GE_MRB_LIS_2025,6847,0,11422,4575,0,6847,0,0,0,0,,
GHSL_UCDB_THEME_GEOGRAPHY_GLOBE_R2024A,GE_SCL_MPC_2023,11159,0,11422,263,0,11159,0,0,0,0,,
GHSL_UCDB_THEME_GEOGRAPHY_GLOBE_R2024A,GE_SCL_LST_2023,11159,0,11422,263,0,11159,0,0,0,0,,
GHSL_UCDB_THEME_GHSL_GLOBE_R2024A,ID_UC_G0,11422,0,11422,0,0,0,11422,0,0,0,1,11686
GHSL_UCDB_THEME_GHSL_GLOBE_R2024A,GC_UCN_MAI_2025,11408,0,11422,14,0,11408,0,0,0,0,,
GHSL_UCDB_THEME_GHSL_GLOBE_R2024A,GC_CNT_GAD_2025,11422,0,11422,0,0,11422,0,0,0,0,,
GHSL_UCDB_THEME_GHSL_GLOBE_R2024A,GC_UCA_KM2_2025,11422,0,11422,0,0,0,11422,0,0,0,1,6611
GHSL_UCDB_THEME_GHSL_GLOBE_R2024A,GC_POP_TOT_2025,11422,0,11422,0,0,0,11422,0,0,0,50007.74637,42987704.03
GHSL_UCDB_THEME_GHSL_GLOBE_R2024A,GC_DEV_WIG_2025,11413,0,11422,9,0,11413,0,0,0,0,,
GHSL_UCDB_THEME_GHSL_GLOBE_R2024A,GC_DEV_USR_2025,11422,0,11422,0,0,11422,0,0,0,0,,
GHSL_UCDB_THEME_GHSL_GLOBE_R2024A,GH_BUS_TOT_1975,11422,0,11422,0,0,0,11422,0,0,0,378,1112197190
GHSL_UCDB_THEME_GHSL_GLOBE_R2024A,GH_BUS_TOT_1980,11422,0,11422,0,0,0,11422,0,0,0,433,1135935950
GHSL_UCDB_THEME_GHSL_GLOBE_R2024A,GH_BUS_TOT_1985,11422,0,11422,0,0,0,11422,0,0,0,533,1159904674
GHSL_UCDB_THEME_GHSL_GLOBE_R2024A,GH_BUS_TOT_1990,11422,0,11422,0,0,0,11422,0,0,0,638,1184099025
GHSL_UCDB_THEME_GHSL_GLOBE_R2024A,GH_BUS_TOT_1995,11422,0,11422,0,0,0,11422,0,0,0,638,1250421245
GHSL_UCDB_THEME_GHSL_GLOBE_R2024A,GH_BUS_TOT_2000,11422,0,11422,0,0,0,11422,0,0,0,766,1318805267
GHSL_UCDB_THEME_GHSL_GLOBE_R2024A,GH_BUS_TOT_2005,11422,0,11422,0,0,0,11422,0,0,0,830,1353490113
GHSL_UCDB_THEME_GHSL_GLOBE_R2024A,GH_BUS_TOT_2010,11422,0,11422,0,0,0,11422,0,0,0,1010,1388886194
GHSL_UCDB_THEME_GHSL_GLOBE_R2024A,GH_BUS_TOT_2015,11422,0,11422,0,0,0,11422,0,0,0,1351,1423184476
GHSL_UCDB_THEME_GHSL_GLOBE_R2024A,GH_BUS_TOT_2020,11422,0,11422,0,0,0,11422,0,0,0,2829,1451412280
GHSL_UCDB_THEME_GHSL_GLOBE_R2024A,GH_BUS_TOT_2025,11422,0,11422,0,0,0,11422,0,0,0,2829,1455991374
GHSL_UCDB_THEME_GHSL_GLOBE_R2024A,GH_BUS_TOT_2030,11422,0,11422,0,0,0,11422,0,0,0,3433,1458916715
GHSL_UCDB_THEME_GHSL_GLOBE_R2024A,GH_BUS_NRE_1975,11422,0,11422,0,0,0,11422,0,2564,0,0,217530023
GHSL_UCDB_THEME_GHSL_GLOBE_R2024A,GH_BUS_NRE_1980,11422,0,11422,0,0,0,11422,0,2365,0,0,220515455
GHSL_UCDB_THEME_GHSL_GLOBE_R2024A,GH_BUS_NRE_1985,11422,0,11422,0,0,0,11422,0,2261,0,0,223530536
GHSL_UCDB_THEME_GHSL_GLOBE_R2024A,GH_BUS_NRE_1990,11422,0,11422,0,0,0,11422,0,2181,0,0,226581075
GHSL_UCDB_THEME_GHSL_GLOBE_R2024A,GH_BUS_NRE_1995,11422,0,11422,0,0,0,11422,0,2128,0,0,238612878
GHSL_UCDB_THEME_GHSL_GLOBE_R2024A,GH_BUS_NRE_2000,11422,0,11422,0,0,0,11422,0,2098,0,0,252096698
GHSL_UCDB_THEME_GHSL_GLOBE_R2024A,GH_BUS_NRE_2005,11422,0,11422,0,0,0,11422,0,2054,0,0,258598334
GHSL_UCDB_THEME_GHSL_GLOBE_R2024A,GH_BUS_NRE_2010,11422,0,11422,0,0,0,11422,0,2026,0,0,265687796
GHSL_UCDB_THEME_GHSL_GLOBE_R2024A,GH_BUS_NRE_2015,11422,0,11422,0,0,0,11422,0,1991,0,0,273225485
GHSL_UCDB_THEME_GHSL_GLOBE_R2024A,GH_BUS_NRE_2020,11422,0,11422,0,0,0,11422,0,1974,0,0,280590644
GHSL_UCDB_THEME_GHSL_GLOBE_R2024A,GH_BUS_NRE_2025,11422,0,11422,0,0,0,11422,0,1973,0,0,284917510
GHSL_UCDB_THEME_GHSL_GLOBE_R2024A,GH_BUS_NRE_2030,11422,0,11422,0,0,0,11422,0,1970,0,0,287089856
GHSL_UCDB_THEME_GHSL_GLOBE_R2024A,GH_BUS_RES_1975,11422,0,11422,0,0,0,11422,0,0,0,378,1031166516
GHSL_UCDB_THEME_GHSL_GLOBE_R2024A,GH_BUS_RES_1980,11422,0,11422,0,0,0,11422,0,0,0,433,1053173660
GHSL_UCDB_THEME_GHSL_GLOBE_R2024A,GH_BUS_RES_1985,11422,0,11422,0,0,0,11422,0,0,0,533,1075383790
GHSL_UCDB_THEME_GHSL_GLOBE_R2024A,GH_BUS_RES_1990,11422,0,11422,0,0,0,11422,0,0,0,638,1097790183
GHSL_UCDB_THEME_GHSL_GLOBE_R2024A,GH_BUS_RES_1995,11422,0,11422,0,0,0,11422,0,0,0,638,1160065368
GHSL_UCDB_THEME_GHSL_GLOBE_R2024A,GH_BUS_RES_2000,11422,0,11422,0,0,0,11422,0,0,0,766,1224032155
GHSL_UCDB_THEME_GHSL_GLOBE_R2024A,GH_BUS_RES_2005,11422,0,11422,0,0,0,11422,0,0,0,830,1256896612
GHSL_UCDB_THEME_GHSL_GLOBE_R2024A,GH_BUS_RES_2010,11422,0,11422,0,0,0,11422,0,0,0,1010,1290368950
GHSL_UCDB_THEME_GHSL_GLOBE_R2024A,GH_BUS_RES_2015,11422,0,11422,0,0,0,11422,0,0,0,1351,1322733265
GHSL_UCDB_THEME_GHSL_GLOBE_R2024A,GH_BUS_RES_2020,11422,0,11422,0,0,0,11422,0,0,0,2829,1349087079
GHSL_UCDB_THEME_GHSL_GLOBE_R2024A,GH_BUS_RES_2025,11422,0,11422,0,0,0,11422,0,0,0,2829,1352372763
GHSL_UCDB_THEME_GHSL_GLOBE_R2024A,GH_BUS_RES_2030,11422,0,11422,0,0,0,11422,0,0,0,3433,1354592638
GHSL_UCDB_THEME_GHSL_GLOBE_R2024A,GH_BPC_TOT_1975,11285,0,11422,137,0,0,11285,0,0,0,1.007141118,595.6839104
GHSL_UCDB_THEME_GHSL_GLOBE_R2024A,GH_BPC_TOT_1980,11335,0,11422,87,0,0,11335,0,0,0,1.008558191,591.4901268
GHSL_UCDB_THEME_GHSL_GLOBE_R2024A,GH_BPC_TOT_1985,11364,0,11422,58,0,0,11364,0,0,0,1.020918029,599.4865366
GHSL_UCDB_THEME_GHSL_GLOBE_R2024A,GH_BPC_TOT_1990,11377,0,11422,45,0,0,11377,0,0,0,1.004930006,585.0812519
GHSL_UCDB_THEME_GHSL_GLOBE_R2024A,GH_BPC_TOT_1995,11397,0,11422,25,0,0,11397,0,0,0,1.017688536,565.9508307
GHSL_UCDB_THEME_GHSL_GLOBE_R2024A,GH_BPC_TOT_2000,11399,0,11422,23,0,0,11399,0,0,0,1.018646026,347.159202
GHSL_UCDB_THEME_GHSL_GLOBE_R2024A,GH_BPC_TOT_2005,11396,0,11422,26,0,0,11396,0,0,0,1.039646799,308.3673809
GHSL_UCDB_THEME_GHSL_GLOBE_R2024A,GH_BPC_TOT_2010,11397,0,11422,25,0,0,11397,0,0,0,1.044596772,292.3652821
GHSL_UCDB_THEME_GHSL_GLOBE_R2024A,GH_BPC_TOT_2015,11395,0,11422,27,0,0,11395,0,0,0,1.035792119,279.2290584
GHSL_UCDB_THEME_GHSL_GLOBE_R2024A,GH_BPC_TOT_2020,11397,0,11422,25,0,0,11397,0,0,0,1.00612399,263.3778328
GHSL_UCDB_THEME_GHSL_GLOBE_R2024A,GH_BPC_TOT_2025,11392,0,11422,30,0,0,11392,0,0,0,1.010487874,274.2948268
GHSL_UCDB_THEME_GHSL_GLOBE_R2024A,GH_BPC_TOT_2030,11388,0,11422,34,0,0,11388,0,0,0,1.036143658,421.5894537
GHSL_UCDB_THEME_GHSL_GLOBE_R2024A,GH_BPC_NRE_1975,11420,0,11422,2,0,0,11420,0,2564,0,0.0,525.5040525
GHSL_UCDB_THEME_GHSL_GLOBE_R2024A,GH_BPC_NRE_1980,11421,0,11422,1,0,0,11421,0,2365,0,0.0,568.320795
GHSL_UCDB_THEME_GHSL_GLOBE_R2024A,GH_BPC_NRE_1985,11421,0,11422,1,0,0,11421,0,2261,0,0.0,223.5193248
GHSL_UCDB_THEME_GHSL_GLOBE_R2024A,GH_BPC_NRE_1990,11421,0,11422,1,0,0,11421,0,2181,0,0.0,167.668922
GHSL_UCDB_THEME_GHSL_GLOBE_R2024A,GH_BPC_NRE_1995,11421,0,11422,1,0,0,11421,0,2128,0,0.0,119.6657102
GHSL_UCDB_THEME_GHSL_GLOBE_R2024A,GH_BPC_NRE_2000,11421,0,11422,1,0,0,11421,0,2098,0,0.0,111.789718
GHSL_UCDB_THEME_GHSL_GLOBE_R2024A,GH_BPC_NRE_2005,11421,0,11422,1,0,0,11421,0,2054,0,0.0,92.93333702
GHSL_UCDB_THEME_GHSL_GLOBE_R2024A,GH_BPC_NRE_2010,11422,0,11422,0,0,0,11422,0,2026,0,0.0,561.0685155
GHSL_UCDB_THEME_GHSL_GLOBE_R2024A,GH_BPC_NRE_2015,11422,0,11422,0,0,0,11422,0,1991,0,0.0,575.5619234
GHSL_UCDB_THEME_GHSL_GLOBE_R2024A,GH_BPC_NRE_2020,11421,0,11422,1,0,0,11421,0,1974,0,0.0,97.10422366
GHSL_UCDB_THEME_GHSL_GLOBE_R2024A,GH_BPC_NRE_2025,11421,0,11422,1,0,0,11421,0,1973,0,0.0,100.1314188
GHSL_UCDB_THEME_GHSL_GLOBE_R2024A,GH_BPC_NRE_2030,11421,0,11422,1,0,0,11421,0,1970,0,0.0,111.6926215
GHSL_UCDB_THEME_GHSL_GLOBE_R2024A,GH_BPC_RES_1975,11286,0,11422,136,0,0,11286,0,0,0,1.007141118,594.6501599
GHSL_UCDB_THEME_GHSL_GLOBE_R2024A,GH_BPC_RES_1980,11335,0,11422,87,0,0,11335,0,0,0,1.003988449,590.2545489
GHSL_UCDB_THEME_GHSL_GLOBE_R2024A,GH_BPC_RES_1985,11364,0,11422,58,0,0,11364,0,0,0,1.013584378,597.1727177
GHSL_UCDB_THEME_GHSL_GLOBE_R2024A,GH_BPC_RES_1990,11379,0,11422,43,0,0,11379,0,0,0,1.004381466,573.6236804
GHSL_UCDB_THEME_GHSL_GLOBE_R2024A,GH_BPC_RES_1995,11397,0,11422,25,0,0,11397,0,0,0,1.017688536,565.9508307
GHSL_UCDB_THEME_GHSL_GLOBE_R2024A,GH_BPC_RES_2000,11399,0,11422,23,0,0,11399,0,0,0,1.018646026,338.5040873
GHSL_UCDB_THEME_GHSL_GLOBE_R2024A,GH_BPC_RES_2005,11396,0,11422,26,0,0,11396,0,0,0,1.023863813,291.5843328
GHSL_UCDB_THEME_GHSL_GLOBE_R2024A,GH_BPC_RES_2010,11397,0,11422,25,0,0,11397,0,0,0,1.044596772,276.5495593
GHSL_UCDB_THEME_GHSL_GLOBE_R2024A,GH_BPC_RES_2015,11395,0,11422,27,0,0,11395,0,0,0,1.035792119,264.2238313
GHSL_UCDB_THEME_GHSL_GLOBE_R2024A,GH_BPC_RES_2020,11398,0,11422,24,0,0,11398,0,0,0,1.00612399,249.2717508
GHSL_UCDB_THEME_GHSL_GLOBE_R2024A,GH_BPC_RES_2025,11393,0,11422,29,0,0,11393,0,0,0,1.003540461,256.939221
GHSL_UCDB_THEME_GHSL_GLOBE_R2024A,GH_BPC_RES_2030,11389,0,11422,33,0,0,11389,0,0,0,1.036143658,394.7570831
GHSL_UCDB_THEME_GHSL_GLOBE_R2024A,GH_BUH_AVG_2020,11422,0,11422,0,0,0,11422,0,0,0,2.5,18.54484047
GHSL_UCDB_THEME_GHSL_GLOBE_R2024A,GH_BUH_STD_2020,11422,0,11422,0,0,0,11422,0,138,0,0.0,15.83319477
GHSL_UCDB_THEME_GHSL_GLOBE_R2024A,GH_BUH_MAX_2020,11422,0,11422,0,0,0,11422,0,0,0,2.5,114.2118683
GHSL_UCDB_THEME_GHSL_GLOBE_R2024A,GH_BUV_TOT_1975,11422,0,11422,0,0,0,11422,0,0,0,946,15819056889
GHSL_UCDB_THEME_GHSL_GLOBE_R2024A,GH_BUV_TOT_1980,11422,0,11422,0,0,0,11422,0,0,0,1084,16120030309
GHSL_UCDB_THEME_GHSL_GLOBE_R2024A,GH_BUV_TOT_1985,11422,0,11422,0,0,0,11422,0,0,0,1334,16423521795
GHSL_UCDB_THEME_GHSL_GLOBE_R2024A,GH_BUV_TOT_1990,11422,0,11422,0,0,0,11422,0,0,0,1947,16729350082
GHSL_UCDB_THEME_GHSL_GLOBE_R2024A,GH_BUV_TOT_1995,11422,0,11422,0,0,0,11422,0,0,0,2017,17564083915
GHSL_UCDB_THEME_GHSL_GLOBE_R2024A,GH_BUV_TOT_2000,11422,0,11422,0,0,0,11422,0,0,0,2052,18421336167
GHSL_UCDB_THEME_GHSL_GLOBE_R2024A,GH_BUV_TOT_2005,11422,0,11422,0,0,0,11422,0,0,0,2077,18823366983
GHSL_UCDB_THEME_GHSL_GLOBE_R2024A,GH_BUV_TOT_2010,11422,0,11422,0,0,0,11422,0,0,0,2530,19232714814
GHSL_UCDB_THEME_GHSL_GLOBE_R2024A,GH_BUV_TOT_2015,11422,0,11422,0,0,0,11422,0,0,0,3384,19628559216
GHSL_UCDB_THEME_GHSL_GLOBE_R2024A,GH_BUV_TOT_2020,11422,0,11422,0,0,0,11422,0,0,0,7081,19952618935
GHSL_UCDB_THEME_GHSL_GLOBE_R2024A,GH_BUV_TOT_2025,11422,0,11422,0,0,0,11422,0,0,0,7081,20268432931
GHSL_UCDB_THEME_GHSL_GLOBE_R2024A,GH_BUV_TOT_2030,11422,0,11422,0,0,0,11422,0,0,0,8591,20446195942
GHSL_UCDB_THEME_GHSL_GLOBE_R2024A,GH_BUV_NRE_1975,11422,0,11422,0,0,0,11422,0,2564,0,0,2422355451
GHSL_UCDB_THEME_GHSL_GLOBE_R2024A,GH_BUV_NRE_1980,11422,0,11422,0,0,0,11422,0,2365,0,0,2456164968
GHSL_UCDB_THEME_GHSL_GLOBE_R2024A,GH_BUV_NRE_1985,11422,0,11422,0,0,0,11422,0,2261,0,0,2490234148
GHSL_UCDB_THEME_GHSL_GLOBE_R2024A,GH_BUV_NRE_1990,11422,0,11422,0,0,0,11422,0,2181,0,0,2524613176
GHSL_UCDB_THEME_GHSL_GLOBE_R2024A,GH_BUV_NRE_1995,11422,0,11422,0,0,0,11422,0,2128,0,0,2659195929
GHSL_UCDB_THEME_GHSL_GLOBE_R2024A,GH_BUV_NRE_2000,11422,0,11422,0,0,0,11422,0,2098,0,0,2809815692
GHSL_UCDB_THEME_GHSL_GLOBE_R2024A,GH_BUV_NRE_2005,11422,0,11422,0,0,0,11422,0,2054,0,0,2882594464
GHSL_UCDB_THEME_GHSL_GLOBE_R2024A,GH_BUV_NRE_2010,11422,0,11422,0,0,0,11422,0,2026,0,0,2961786687
GHSL_UCDB_THEME_GHSL_GLOBE_R2024A,GH_BUV_NRE_2015,11422,0,11422,0,0,0,11422,0,1991,0,0,3043462570
GHSL_UCDB_THEME_GHSL_GLOBE_R2024A,GH_BUV_NRE_2020,11422,0,11422,0,0,0,11422,0,1974,0,0,3112470189
GHSL_UCDB_THEME_GHSL_GLOBE_R2024A,GH_BUV_NRE_2025,11422,0,11422,0,0,0,11422,0,1973,0,0,3146562817
GHSL_UCDB_THEME_GHSL_GLOBE_R2024A,GH_BUV_NRE_2030,11422,0,11422,0,0,0,11422,0,1970,0,0,3242958125
GHSL_UCDB_THEME_GHSL_GLOBE_R2024A,GH_BUV_RES_1975,11422,0,11422,0,0,0,11422,0,0,0,946,14480847084
GHSL_UCDB_THEME_GHSL_GLOBE_R2024A,GH_BUV_RES_1980,11422,0,11422,0,0,0,11422,0,0,0,1084,14755296355
GHSL_UCDB_THEME_GHSL_GLOBE_R2024A,GH_BUV_RES_1985,11422,0,11422,0,0,0,11422,0,0,0,1334,15031896084
GHSL_UCDB_THEME_GHSL_GLOBE_R2024A,GH_BUV_RES_1990,11422,0,11422,0,0,0,11422,0,0,0,1947,15310440789
GHSL_UCDB_THEME_GHSL_GLOBE_R2024A,GH_BUV_RES_1995,11422,0,11422,0,0,0,11422,0,0,0,2017,16083911246
GHSL_UCDB_THEME_GHSL_GLOBE_R2024A,GH_BUV_RES_2000,11422,0,11422,0,0,0,11422,0,0,0,2052,16874613566
GHSL_UCDB_THEME_GHSL_GLOBE_R2024A,GH_BUV_RES_2005,11422,0,11422,0,0,0,11422,0,0,0,2077,17252041464
GHSL_UCDB_THEME_GHSL_GLOBE_R2024A,GH_BUV_RES_2010,11422,0,11422,0,0,0,11422,0,0,0,2530,17635511932
GHSL_UCDB_THEME_GHSL_GLOBE_R2024A,GH_BUV_RES_2015,11422,0,11422,0,0,0,11422,0,0,0,3384,18005559195
GHSL_UCDB_THEME_GHSL_GLOBE_R2024A,GH_BUV_RES_2020,11422,0,11422,0,0,0,11422,0,0,0,7081,18305864049
GHSL_UCDB_THEME_GHSL_GLOBE_R2024A,GH_BUV_RES_2025,11422,0,11422,0,0,0,11422,0,0,0,7081,18327558726
GHSL_UCDB_THEME_GHSL_GLOBE_R2024A,GH_BUV_RES_2030,11422,0,11422,0,0,0,11422,0,0,0,8591,18343654037
GHSL_UCDB_THEME_GHSL_GLOBE_R2024A,GH_BUT_S11_2020,11422,0,11422,0,0,0,11422,0,0,0,2829,345882271
GHSL_UCDB_THEME_GHSL_GLOBE_R2024A,GH_BUT_S12_2020,11422,0,11422,0,0,0,11422,0,366,0,0,1210029429
GHSL_UCDB_THEME_GHSL_GLOBE_R2024A,GH_BUT_S13_2020,11422,0,11422,0,0,0,11422,0,7698,0,0,135503416
GHSL_UCDB_THEME_GHSL_GLOBE_R2024A,GH_BUT_S21_2020,11422,0,11422,0,0,0,11422,0,3303,0,0,76996004
GHSL_UCDB_THEME_GHSL_GLOBE_R2024A,GH_BUT_S22_2020,11422,0,11422,0,0,0,11422,0,4198,0,0,280161164
GHSL_UCDB_THEME_GHSL_GLOBE_R2024A,GH_BUT_S23_2020,11422,0,11422,0,0,0,11422,0,9415,0,0,16046076
GHSL_UCDB_THEME_GHSL_GLOBE_R2024A,GH_BUT_V11_2020,11422,0,11422,0,0,0,11422,0,0,0,7081,2025925168
GHSL_UCDB_THEME_GHSL_GLOBE_R2024A,GH_BUT_V12_2020,11422,0,11422,0,0,0,11422,0,366,0,0,16091147644
GHSL_UCDB_THEME_GHSL_GLOBE_R2024A,GH_BUT_V13_2020,11422,0,11422,0,0,0,11422,0,7698,0,0,4010733269
GHSL_UCDB_THEME_GHSL_GLOBE_R2024A,GH_BUT_V21_2020,11422,0,11422,0,0,0,11422,0,3303,0,0,531476106
GHSL_UCDB_THEME_GHSL_GLOBE_R2024A,GH_BUT_V22_2020,11422,0,11422,0,0,0,11422,0,4198,0,0,3150843552
GHSL_UCDB_THEME_GHSL_GLOBE_R2024A,GH_BUT_V23_2020,11422,0,11422,0,0,0,11422,0,9415,0,0,484189187
GHSL_UCDB_THEME_GHSL_GLOBE_R2024A,GH_BUT_P11_2020,11422,0,11422,0,0,0,11422,0,0,0,246.960968,15983692.97
GHSL_UCDB_THEME_GHSL_GLOBE_R2024A,GH_BUT_P12_2020,11422,0,11422,0,0,0,11422,0,366,0,0.0,28741566.88
GHSL_UCDB_THEME_GHSL_GLOBE_R2024A,GH_BUT_P13_2020,11422,0,11422,0,0,0,11422,0,7720,0,0.0,12164728.09
GHSL_UCDB_THEME_GHSL_GLOBE_R2024A,GH_BUT_P21_2020,11422,0,11422,0,0,0,11422,0,3309,2,-25084.60209,143399.0261
GHSL_UCDB_THEME_GHSL_GLOBE_R2024A,GH_BUT_P22_2020,11422,0,11422,0,0,0,11422,0,4200,0,0.0,1302827.852
GHSL_UCDB_THEME_GHSL_GLOBE_R2024A,GH_BUT_P23_2020,11422,0,11422,0,0,0,11422,0,9467,0,0.0,453087.7563
GHSL_UCDB_THEME_GHSL_GLOBE_R2024A,GH_AGE_S75_2025,11422,0,11422,0,0,0,11422,0,1,0,0.0,99.51651776
GHSL_UCDB_THEME_GHSL_GLOBE_R2024A,GH_AGE_S85_2025,11422,0,11422,0,0,0,11422,0,4,0,0.0,56.33880464
GHSL_UCDB_THEME_GHSL_GLOBE_R2024A,GH_AGE_S95_2025,11422,0,11422,0,0,0,11422,0,4,0,0.0,55.40076592
GHSL_UCDB_THEME_GHSL_GLOBE_R2024A,GH_AGE_S05_2025,11422,0,11422,0,0,0,11422,0,6,0,0.0,68.03899543
GHSL_UCDB_THEME_GHSL_GLOBE_R2024A,GH_AGE_S15_2025,11422,0,11422,0,0,0,11422,0,0,0,0.001382619,92.24601082
GHSL_UCDB_THEME_GHSL_GLOBE_R2024A,GH_AGE_S25_2025,11422,0,11422,0,0,0,11422,0,1,0,0.0,99.72839535
GHSL_UCDB_THEME_GHSL_GLOBE_R2024A,GH_POP_TOT_1975,11422,0,11422,0,0,0,11422,0,0,0,0.316770842,24708446.04
GHSL_UCDB_THEME_GHSL_GLOBE_R2024A,GH_POP_TOT_1980,11422,0,11422,0,0,0,11422,0,0,0,0.782935546,26366202.92
GHSL_UCDB_THEME_GHSL_GLOBE_R2024A,GH_POP_TOT_1985,11422,0,11422,0,0,0,11422,0,0,0,1.925528232,27882799.31
GHSL_UCDB_THEME_GHSL_GLOBE_R2024A,GH_POP_TOT_1990,11422,0,11422,0,0,0,11422,0,0,0,4.185378393,29159716.72
GHSL_UCDB_THEME_GHSL_GLOBE_R2024A,GH_POP_TOT_1995,11422,0,11422,0,0,0,11422,0,0,0,23.32446435,29544154.73
GHSL_UCDB_THEME_GHSL_GLOBE_R2024A,GH_POP_TOT_2000,11422,0,11422,0,0,0,11422,0,0,0,136.7029295,30614312.49
GHSL_UCDB_THEME_GHSL_GLOBE_R2024A,GH_POP_TOT_2005,11422,0,11422,0,0,0,11422,0,0,0,1017.278996,33950357.44
GHSL_UCDB_THEME_GHSL_GLOBE_R2024A,GH_POP_TOT_2010,11422,0,11422,0,0,0,11422,0,0,0,3085.647395,37312251.35
GHSL_UCDB_THEME_GHSL_GLOBE_R2024A,GH_POP_TOT_2015,11422,0,11422,0,0,0,11422,0,0,0,13928.90242,39136199.74
GHSL_UCDB_THEME_GHSL_GLOBE_R2024A,GH_POP_TOT_2020,11422,0,11422,0,0,0,11422,0,0,0,33388.77273,41337427.13
GHSL_UCDB_THEME_GHSL_GLOBE_R2024A,GH_POP_TOT_2025,11422,0,11422,0,0,0,11422,0,0,0,50007.74637,42987704.03
GHSL_UCDB_THEME_GHSL_GLOBE_R2024A,GH_POP_TOT_2030,11422,0,11422,0,0,0,11422,0,0,0,41067.72293,44274860.43
GHSL_UCDB_THEME_GHSL_GLOBE_R2024A,GH_POP_CAG_1980,11422,0,11422,0,0,0,11422,0,0,868,-7.538507346,72.84878052
GHSL_UCDB_THEME_GHSL_GLOBE_R2024A,GH_POP_CAG_1985,11422,0,11422,0,0,0,11422,0,0,891,-8.79828396,576.9729161
GHSL_UCDB_THEME_GHSL_GLOBE_R2024A,GH_POP_CAG_1990,11422,0,11422,0,0,0,11422,0,0,950,-20.11874115,36.72159721
GHSL_UCDB_THEME_GHSL_GLOBE_R2024A,GH_POP_CAG_1995,11422,0,11422,0,0,0,11422,0,0,1211,-13.34135727,69.44959346
GHSL_UCDB_THEME_GHSL_GLOBE_R2024A,GH_POP_CAG_2000,11422,0,11422,0,0,0,11422,0,0,1963,-8.183309022,42.42729576
GHSL_UCDB_THEME_GHSL_GLOBE_R2024A,GH_POP_CAG_2005,11422,0,11422,0,0,0,11422,0,0,1591,-9.327066255,135.1027262
GHSL_UCDB_THEME_GHSL_GLOBE_R2024A,GH_POP_CAG_2010,11422,0,11422,0,0,0,11422,0,0,1968,-9.10873289,41.14635936
GHSL_UCDB_THEME_GHSL_GLOBE_R2024A,GH_POP_CAG_2015,11422,0,11422,0,0,0,11422,0,0,2321,-19.96501159,89.34300194
GHSL_UCDB_THEME_GHSL_GLOBE_R2024A,GH_POP_CAG_2020,11422,0,11422,0,0,0,11422,0,0,4337,-14.57202207,34.10454511
GHSL_UCDB_THEME_GHSL_GLOBE_R2024A,GH_POP_CAG_2025,11422,0,11422,0,0,0,11422,0,0,4443,-7.397585913,21.55849425
GHSL_UCDB_THEME_GHSL_GLOBE_R2024A,GH_XST_A11_1975,11422,0,11422,0,0,0,11422,0,4363,0,0,3181
GHSL_UCDB_THEME_GHSL_GLOBE_R2024A,GH_XST_A12_1975,11422,0,11422,0,0,0,11422,0,2338,0,0,1691
GHSL_UCDB_THEME_GHSL_GLOBE_R2024A,GH_XST_A13_1975,11422,0,11422,0,0,0,11422,0,9756,0,0,197
GHSL_UCDB_THEME_GHSL_GLOBE_R2024A,GH_XST_A21_1975,11422,0,11422,0,0,0,11422,0,1199,0,0,2747
GHSL_UCDB_THEME_GHSL_GLOBE_R2024A,GH_XST_A22_1975,11422,0,11422,0,0,0,11422,0,10861,0,0,98
GHSL_UCDB_THEME_GHSL_GLOBE_R2024A,XST_A23_1975,11422,0,11422,0,0,0,11422,0,4555,0,0,389
GHSL_UCDB_THEME_GHSL_GLOBE_R2024A,XST_A30_1975,11422,0,11422,0,0,0,11422,0,6214,0,0,4569
GHSL_UCDB_THEME_GHSL_GLOBE_R2024A,GH_XST_A11_1980,11422,0,11422,0,0,0,11422,0,5706,0,0,2571
GHSL_UCDB_THEME_GHSL_GLOBE_R2024A,GH_XST_A12_1980,11422,0,11422,0,0,0,11422,0,2844,0,0,1676
GHSL_UCDB_THEME_GHSL_GLOBE_R2024A,GH_XST_A13_1980,11422,0,11422,0,0,0,11422,0,10340,0,0,192
GHSL_UCDB_THEME_GHSL_GLOBE_R2024A,GH_XST_A21_1980,11422,0,11422,0,0,0,11422,0,998,0,0,3316
GHSL_UCDB_THEME_GHSL_GLOBE_R2024A,GH_XST_A22_1980,11422,0,11422,0,0,0,11422,0,11004,0,0,109
GHSL_UCDB_THEME_GHSL_GLOBE_R2024A,XST_A23_1980,11422,0,11422,0,0,0,11422,0,4728,0,0,399
GHSL_UCDB_THEME_GHSL_GLOBE_R2024A,XST_A30_1980,11422,0,11422,0,0,0,11422,0,5735,0,0,4654
GHSL_UCDB_THEME_GHSL_GLOBE_R2024A,GH_XST_A11_1985,11422,0,11422,0,0,0,11422,0,6544,0,0,1862
GHSL_UCDB_THEME_GHSL_GLOBE_R2024A,GH_XST_A12_1985,11422,0,11422,0,0,0,11422,0,3647,0,0,1744
GHSL_UCDB_THEME_GHSL_GLOBE_R2024A,GH_XST_A13_1985,11422,0,11422,0,0,0,11422,0,10704,0,0,169
GHSL_UCDB_THEME_GHSL_GLOBE_R2024A,GH_XST_A21_1985,11422,0,11422,0,0,0,11422,0,928,0,0,3637
GHSL_UCDB_THEME_GHSL_GLOBE_R2024A,GH_XST_A22_1985,11422,0,11422,0,0,0,11422,0,11149,0,0,154
GHSL_UCDB_THEME_GHSL_GLOBE_R2024A,XST_A23_1985,11422,0,11422,0,0,0,11422,0,5081,0,0,478
GHSL_UCDB_THEME_GHSL_GLOBE_R2024A,XST_A30_1985,11422,0,11422,0,0,0,11422,0,5139,0,0,4700
GHSL_UCDB_THEME_GHSL_GLOBE_R2024A,GH_XST_A11_1990,11422,0,11422,0,0,0,11422,0,7067,0,0,1263
GHSL_UCDB_THEME_GHSL_GLOBE_R2024A,GH_XST_A12_1990,11422,0,11422,0,0,0,11422,0,4377,0,0,1384
GHSL_UCDB_THEME_GHSL_GLOBE_R2024A,GH_XST_A13_1990,11422,0,11422,0,0,0,11422,0,10913,0,0,73
GHSL_UCDB_THEME_GHSL_GLOBE_R2024A,GH_XST_A21_1990,11422,0,11422,0,0,0,11422,0,975,0,0,3591
GHSL_UCDB_THEME_GHSL_GLOBE_R2024A,GH_XST_A22_1990,11422,0,11422,0,0,0,11422,0,11253,0,0,96
GHSL_UCDB_THEME_GHSL_GLOBE_R2024A,XST_A23_1990,11422,0,11422,0,0,0,11422,0,5444,0,0,565
GHSL_UCDB_THEME_GHSL_GLOBE_R2024A,XST_A30_1990,11422,0,11422,0,0,0,11422,0,4550,0,0,4761
GHSL_UCDB_THEME_GHSL_GLOBE_R2024A,GH_XST_A11_1995,11422,0,11422,0,0,0,11422,0,7750,0,0,497
GHSL_UCDB_THEME_GHSL_GLOBE_R2024A,GH_XST_A12_1995,11422,0,11422,0,0,0,11422,0,5282,0,0,739
GHSL_UCDB_THEME_GHSL_GLOBE_R2024A,GH_XST_A13_1995,11422,0,11422,0,0,0,11422,0,11126,0,0,26
GHSL_UCDB_THEME_GHSL_GLOBE_R2024A,GH_XST_A21_1995,11422,0,11422,0,0,0,11422,0,1151,0,0,3397
GHSL_UCDB_THEME_GHSL_GLOBE_R2024A,GH_XST_A22_1995,11422,0,11422,0,0,0,11422,0,11322,0,0,86
GHSL_UCDB_THEME_GHSL_GLOBE_R2024A,XST_A23_1995,11422,0,11422,0,0,0,11422,0,6119,0,0,640
GHSL_UCDB_THEME_GHSL_GLOBE_R2024A,XST_A30_1995,11422,0,11422,0,0,0,11422,0,3758,0,0,4852
GHSL_UCDB_THEME_GHSL_GLOBE_R2024A,GH_XST_A11_2000,11422,0,11422,0,0,0,11422,0,8200,0,0,225
GHSL_UCDB_THEME_GHSL_GLOBE_R2024A,GH_XST_A12_2000,11422,0,11422,0,0,0,11422,0,5983,0,0,493
GHSL_UCDB_THEME_GHSL_GLOBE_R2024A,GH_XST_A13_2000,11422,0,11422,0,0,0,11422,0,11214,0,0,21
GHSL_UCDB_THEME_GHSL_GLOBE_R2024A,GH_XST_A21_2000,11422,0,11422,0,0,0,11422,0,1426,0,0,3102
GHSL_UCDB_THEME_GHSL_GLOBE_R2024A,GH_XST_A22_2000,11422,0,11422,0,0,0,11422,0,11385,0,0,31
GHSL_UCDB_THEME_GHSL_GLOBE_R2024A,XST_A23_2000,11422,0,11422,0,0,0,11422,0,6716,0,0,671
GHSL_UCDB_THEME_GHSL_GLOBE_R2024A,XST_A30_2000,11422,0,11422,0,0,0,11422,0,3003,0,0,4919
GHSL_UCDB_THEME_GHSL_GLOBE_R2024A,GH_XST_A11_2005,11422,0,11422,0,0,0,11422,0,9268,0,0,130
GHSL_UCDB_THEME_GHSL_GLOBE_R2024A,GH_XST_A12_2005,11422,0,11422,0,0,0,11422,0,7409,0,0,347
GHSL_UCDB_THEME_GHSL_GLOBE_R2024A,GH_XST_A13_2005,11422,0,11422,0,0,0,11422,0,11360,0,0,8
GHSL_UCDB_THEME_GHSL_GLOBE_R2024A,GH_XST_A21_2005,11422,0,11422,0,0,0,11422,0,2033,0,0,2690
GHSL_UCDB_THEME_GHSL_GLOBE_R2024A,GH_XST_A22_2005,11422,0,11422,0,0,0,11422,0,11405,0,0,25
GHSL_UCDB_THEME_GHSL_GLOBE_R2024A,XST_A23_2005,11422,0,11422,0,0,0,11422,0,7506,0,0,595
GHSL_UCDB_THEME_GHSL_GLOBE_R2024A,XST_A30_2005,11422,0,11422,0,0,0,11422,0,2330,0,0,5449
GHSL_UCDB_THEME_GHSL_GLOBE_R2024A,GH_XST_A11_2010,11422,0,11422,0,0,0,11422,0,9777,0,0,103
GHSL_UCDB_THEME_GHSL_GLOBE_R2024A,GH_XST_A12_2010,11422,0,11422,0,0,0,11422,0,8463,0,0,188
GHSL_UCDB_THEME_GHSL_GLOBE_R2024A,GH_XST_A13_2010,11422,0,11422,0,0,0,11422,0,11394,0,0,12
GHSL_UCDB_THEME_GHSL_GLOBE_R2024A,GH_XST_A21_2010,11422,0,11422,0,0,0,11422,0,3164,0,0,2359
GHSL_UCDB_THEME_GHSL_GLOBE_R2024A,GH_XST_A22_2010,11422,0,11422,0,0,0,11422,0,11419,0,0,10
GHSL_UCDB_THEME_GHSL_GLOBE_R2024A,XST_A23_2010,11422,0,11422,0,0,0,11422,0,8354,0,0,561
GHSL_UCDB_THEME_GHSL_GLOBE_R2024A,XST_A30_2010,11422,0,11422,0,0,0,11422,0,1662,0,0,5753
GHSL_UCDB_THEME_GHSL_GLOBE_R2024A,GH_XST_A11_2015,11422,0,11422,0,0,0,11422,0,10358,0,0,76
GHSL_UCDB_THEME_GHSL_GLOBE_R2024A,GH_XST_A12_2015,11422,0,11422,0,0,0,11422,0,9534,0,0,99
GHSL_UCDB_THEME_GHSL_GLOBE_R2024A,GH_XST_A13_2015,11422,0,11422,0,0,0,11422,0,11420,0,0,1
GHSL_UCDB_THEME_GHSL_GLOBE_R2024A,GH_XST_A21_2015,11422,0,11422,0,0,0,11422,0,4830,0,0,1677
GHSL_UCDB_THEME_GHSL_GLOBE_R2024A,GH_XST_A22_2015,11422,0,11422,0,0,0,11422,0,11422,0,0,0
GHSL_UCDB_THEME_GHSL_GLOBE_R2024A,XST_A23_2015,11422,0,11422,0,0,0,11422,0,9253,0,0,371
GHSL_UCDB_THEME_GHSL_GLOBE_R2024A,XST_A30_2015,11422,0,11422,0,0,0,11422,0,1025,0,0,6082
GHSL_UCDB_THEME_GHSL_GLOBE_R2024A,GH_XST_A11_2020,11422,0,11422,0,0,0,11422,0,10912,0,0,40
GHSL_UCDB_THEME_GHSL_GLOBE_R2024A,GH_XST_A12_2020,11422,0,11422,0,0,0,11422,0,10540,0,0,42
GHSL_UCDB_THEME_GHSL_GLOBE_R2024A,GH_XST_A13_2020,11422,0,11422,0,0,0,11422,0,11421,0,0,1
GHSL_UCDB_THEME_GHSL_GLOBE_R2024A,GH_XST_A21_2020,11422,0,11422,0,0,0,11422,0,7233,0,0,600
GHSL_UCDB_THEME_GHSL_GLOBE_R2024A,GH_XST_A22_2020,11422,0,11422,0,0,0,11422,0,11422,0,0,0
GHSL_UCDB_THEME_GHSL_GLOBE_R2024A,XST_A23_2020,11422,0,11422,0,0,0,11422,0,10260,0,0,154
GHSL_UCDB_THEME_GHSL_GLOBE_R2024A,XST_A30_2020,11422,0,11422,0,0,0,11422,0,487,0,0,6290
GHSL_UCDB_THEME_GHSL_GLOBE_R2024A,GH_XST_A11_2025,11422,0,11422,0,0,0,11422,0,11422,0,0,0
GHSL_UCDB_THEME_GHSL_GLOBE_R2024A,GH_XST_A12_2025,11422,0,11422,0,0,0,11422,0,11422,0,0,0
GHSL_UCDB_THEME_GHSL_GLOBE_R2024A,GH_XST_A13_2025,11422,0,11422,0,0,0,11422,0,11422,0,0,0
GHSL_UCDB_THEME_GHSL_GLOBE_R2024A,GH_XST_A21_2025,11422,0,11422,0,0,0,11422,0,11422,0,0,0
GHSL_UCDB_THEME_GHSL_GLOBE_R2024A,GH_XST_A22_2025,11422,0,11422,0,0,0,11422,0,11422,0,0,0
GHSL_UCDB_THEME_GHSL_GLOBE_R2024A,XST_A23_2025,11422,0,11422,0,0,0,11422,0,11422,0,0,0
GHSL_UCDB_THEME_GHSL_GLOBE_R2024A,XST_A30_2025,11422,0,11422,0,0,0,11422,0,0,0,1,6611
GHSL_UCDB_THEME_GHSL_GLOBE_R2024A,GH_XST_S11_1975,11422,0,11422,0,0,0,11422,0,4649,0,0,25870717
GHSL_UCDB_THEME_GHSL_GLOBE_R2024A,GH_XST_S12_1975,11422,0,11422,0,0,0,11422,0,2342,0,0,38035864
GHSL_UCDB_THEME_GHSL_GLOBE_R2024A,GH_XST_S13_1975,11422,0,11422,0,0,0,11422,0,9756,0,0,12240822
GHSL_UCDB_THEME_GHSL_GLOBE_R2024A,GH_XST_S21_1975,11422,0,11422,0,0,0,11422,0,1200,0,0,65943743
GHSL_UCDB_THEME_GHSL_GLOBE_R2024A,GH_XST_S22_1975,11422,0,11422,0,0,0,11422,0,10861,0,0,7679899
GHSL_UCDB_THEME_GHSL_GLOBE_R2024A,GH_XST_S23_1975,11422,0,11422,0,0,0,11422,0,4555,0,0,148959506
GHSL_UCDB_THEME_GHSL_GLOBE_R2024A,GH_XST_S30_1975,11422,0,11422,0,0,0,11422,0,6214,0,0,1062284686
GHSL_UCDB_THEME_GHSL_GLOBE_R2024A,GH_XST_S11_1980,11422,0,11422,0,0,0,11422,0,5926,0,0,19882449
GHSL_UCDB_THEME_GHSL_GLOBE_R2024A,GH_XST_S12_1980,11422,0,11422,0,0,0,11422,0,2846,0,0,45882148
GHSL_UCDB_THEME_GHSL_GLOBE_R2024A,GH_XST_S13_1980,11422,0,11422,0,0,0,11422,0,10340,0,0,15592830
GHSL_UCDB_THEME_GHSL_GLOBE_R2024A,GH_XST_S21_1980,11422,0,11422,0,0,0,11422,0,998,0,0,67312812
GHSL_UCDB_THEME_GHSL_GLOBE_R2024A,GH_XST_S22_1980,11422,0,11422,0,0,0,11422,0,11004,0,0,8580533
GHSL_UCDB_THEME_GHSL_GLOBE_R2024A,GH_XST_S23_1980,11422,0,11422,0,0,0,11422,0,4728,0,0,49084455
GHSL_UCDB_THEME_GHSL_GLOBE_R2024A,GH_XST_S30_1980,11422,0,11422,0,0,0,11422,0,5735,0,0,1091320051
GHSL_UCDB_THEME_GHSL_GLOBE_R2024A,GH_XST_S11_1985,11422,0,11422,0,0,0,11422,0,6773,0,0,11733501
GHSL_UCDB_THEME_GHSL_GLOBE_R2024A,GH_XST_S12_1985,11422,0,11422,0,0,0,11422,0,3647,0,0,36943658
GHSL_UCDB_THEME_GHSL_GLOBE_R2024A,GH_XST_S13_1985,11422,0,11422,0,0,0,11422,0,10704,0,0,14489188
GHSL_UCDB_THEME_GHSL_GLOBE_R2024A,GH_XST_S21_1985,11422,0,11422,0,0,0,11422,0,928,0,0,75587494
GHSL_UCDB_THEME_GHSL_GLOBE_R2024A,GH_XST_S22_1985,11422,0,11422,0,0,0,11422,0,11149,0,0,12231432
GHSL_UCDB_THEME_GHSL_GLOBE_R2024A,GH_XST_S23_1985,11422,0,11422,0,0,0,11422,0,5081,0,0,52758466
GHSL_UCDB_THEME_GHSL_GLOBE_R2024A,GH_XST_S30_1985,11422,0,11422,0,0,0,11422,0,5139,0,0,1117199766
GHSL_UCDB_THEME_GHSL_GLOBE_R2024A,GH_XST_S11_1990,11422,0,11422,0,0,0,11422,0,7283,0,0,8952104
GHSL_UCDB_THEME_GHSL_GLOBE_R2024A,GH_XST_S12_1990,11422,0,11422,0,0,0,11422,0,4377,0,0,24216192
GHSL_UCDB_THEME_GHSL_GLOBE_R2024A,GH_XST_S13_1990,11422,0,11422,0,0,0,11422,0,10913,0,0,3554897
GHSL_UCDB_THEME_GHSL_GLOBE_R2024A,GH_XST_S21_1990,11422,0,11422,0,0,0,11422,0,975,0,0,113372564
GHSL_UCDB_THEME_GHSL_GLOBE_R2024A,GH_XST_S22_1990,11422,0,11422,0,0,0,11422,0,11253,0,0,6091406
GHSL_UCDB_THEME_GHSL_GLOBE_R2024A,GH_XST_S23_1990,11422,0,11422,0,0,0,11422,0,5444,0,0,51057573
GHSL_UCDB_THEME_GHSL_GLOBE_R2024A,GH_XST_S30_1990,11422,0,11422,0,0,0,11422,0,4550,0,0,1147353826
GHSL_UCDB_THEME_GHSL_GLOBE_R2024A,GH_XST_S11_1995,11422,0,11422,0,0,0,11422,0,7925,0,0,5398243
GHSL_UCDB_THEME_GHSL_GLOBE_R2024A,GH_XST_S12_1995,11422,0,11422,0,0,0,11422,0,5282,0,0,20716607
GHSL_UCDB_THEME_GHSL_GLOBE_R2024A,GH_XST_S13_1995,11422,0,11422,0,0,0,11422,0,11126,0,0,3735775
GHSL_UCDB_THEME_GHSL_GLOBE_R2024A,GH_XST_S21_1995,11422,0,11422,0,0,0,11422,0,1151,0,0,111578999
GHSL_UCDB_THEME_GHSL_GLOBE_R2024A,GH_XST_S22_1995,11422,0,11422,0,0,0,11422,0,11322,0,0,6250632
GHSL_UCDB_THEME_GHSL_GLOBE_R2024A,GH_XST_S23_1995,11422,0,11422,0,0,0,11422,0,6119,0,0,49777937
GHSL_UCDB_THEME_GHSL_GLOBE_R2024A,GH_XST_S30_1995,11422,0,11422,0,0,0,11422,0,3758,0,0,1218803282
GHSL_UCDB_THEME_GHSL_GLOBE_R2024A,GH_XST_S11_2000,11422,0,11422,0,0,0,11422,0,8367,0,0,3468027
GHSL_UCDB_THEME_GHSL_GLOBE_R2024A,GH_XST_S12_2000,11422,0,11422,0,0,0,11422,0,5983,0,0,12794215
GHSL_UCDB_THEME_GHSL_GLOBE_R2024A,GH_XST_S13_2000,11422,0,11422,0,0,0,11422,0,11214,0,0,1526500
GHSL_UCDB_THEME_GHSL_GLOBE_R2024A,GH_XST_S21_2000,11422,0,11422,0,0,0,11422,0,1426,0,0,57046018
GHSL_UCDB_THEME_GHSL_GLOBE_R2024A,GH_XST_S22_2000,11422,0,11422,0,0,0,11422,0,11385,0,0,1875138
GHSL_UCDB_THEME_GHSL_GLOBE_R2024A,GH_XST_S23_2000,11422,0,11422,0,0,0,11422,0,6716,0,0,33303244
GHSL_UCDB_THEME_GHSL_GLOBE_R2024A,GH_XST_S30_2000,11422,0,11422,0,0,0,11422,0,3003,0,0,1288437152
GHSL_UCDB_THEME_GHSL_GLOBE_R2024A,GH_XST_S11_2005,11422,0,11422,0,0,0,11422,0,9371,0,0,3541471
GHSL_UCDB_THEME_GHSL_GLOBE_R2024A,GH_XST_S12_2005,11422,0,11422,0,0,0,11422,0,7409,0,0,6986186
GHSL_UCDB_THEME_GHSL_GLOBE_R2024A,GH_XST_S13_2005,11422,0,11422,0,0,0,11422,0,11360,0,0,486738
GHSL_UCDB_THEME_GHSL_GLOBE_R2024A,GH_XST_S21_2005,11422,0,11422,0,0,0,11422,0,2033,0,0,44154708
GHSL_UCDB_THEME_GHSL_GLOBE_R2024A,GH_XST_S22_2005,11422,0,11422,0,0,0,11422,0,11405,0,0,2755560
GHSL_UCDB_THEME_GHSL_GLOBE_R2024A,GH_XST_S23_2005,11422,0,11422,0,0,0,11422,0,7506,0,0,25077223
GHSL_UCDB_THEME_GHSL_GLOBE_R2024A,GH_XST_S30_2005,11422,0,11422,0,0,0,11422,0,2330,0,0,1336224554
GHSL_UCDB_THEME_GHSL_GLOBE_R2024A,GH_XST_S11_2010,11422,0,11422,0,0,0,11422,0,9890,0,0,2825241
GHSL_UCDB_THEME_GHSL_GLOBE_R2024A,GH_XST_S12_2010,11422,0,11422,0,0,0,11422,0,8464,0,0,6557974
GHSL_UCDB_THEME_GHSL_GLOBE_R2024A,GH_XST_S13_2010,11422,0,11422,0,0,0,11422,0,11394,0,0,1254949
GHSL_UCDB_THEME_GHSL_GLOBE_R2024A,GH_XST_S21_2010,11422,0,11422,0,0,0,11422,0,3164,0,0,36687971
GHSL_UCDB_THEME_GHSL_GLOBE_R2024A,GH_XST_S22_2010,11422,0,11422,0,0,0,11422,0,11419,0,0,324162
GHSL_UCDB_THEME_GHSL_GLOBE_R2024A,GH_XST_S23_2010,11422,0,11422,0,0,0,11422,0,8354,0,0,21431945
GHSL_UCDB_THEME_GHSL_GLOBE_R2024A,GH_XST_S30_2010,11422,0,11422,0,0,0,11422,0,1662,0,0,1381432001
GHSL_UCDB_THEME_GHSL_GLOBE_R2024A,GH_XST_S11_2015,11422,0,11422,0,0,0,11422,0,10457,0,0,1906511
GHSL_UCDB_THEME_GHSL_GLOBE_R2024A,GH_XST_S12_2015,11422,0,11422,0,0,0,11422,0,9534,0,0,3907610
GHSL_UCDB_THEME_GHSL_GLOBE_R2024A,GH_XST_S13_2015,11422,0,11422,0,0,0,11422,0,11420,0,0,20968
GHSL_UCDB_THEME_GHSL_GLOBE_R2024A,GH_XST_S21_2015,11422,0,11422,0,0,0,11422,0,4830,0,0,28540901
GHSL_UCDB_THEME_GHSL_GLOBE_R2024A,GH_XST_S22_2015,11422,0,11422,0,0,0,11422,0,11422,0,0,0
GHSL_UCDB_THEME_GHSL_GLOBE_R2024A,GH_XST_S23_2015,11422,0,11422,0,0,0,11422,0,9253,0,0,16320750
GHSL_UCDB_THEME_GHSL_GLOBE_R2024A,GH_XST_S30_2015,11422,0,11422,0,0,0,11422,0,1025,0,0,1421443661
GHSL_UCDB_THEME_GHSL_GLOBE_R2024A,GH_XST_S11_2020,11422,0,11422,0,0,0,11422,0,10989,0,0,1003729
GHSL_UCDB_THEME_GHSL_GLOBE_R2024A,GH_XST_S12_2020,11422,0,11422,0,0,0,11422,0,10540,0,0,1075864
GHSL_UCDB_THEME_GHSL_GLOBE_R2024A,GH_XST_S13_2020,11422,0,11422,0,0,0,11422,0,11421,0,0,23179
GHSL_UCDB_THEME_GHSL_GLOBE_R2024A,GH_XST_S21_2020,11422,0,11422,0,0,0,11422,0,7233,0,0,13248978
GHSL_UCDB_THEME_GHSL_GLOBE_R2024A,GH_XST_S22_2020,11422,0,11422,0,0,0,11422,0,11422,0,0,0
GHSL_UCDB_THEME_GHSL_GLOBE_R2024A,GH_XST_S23_2020,11422,0,11422,0,0,0,11422,0,10260,0,0,9793948
GHSL_UCDB_THEME_GHSL_GLOBE_R2024A,GH_XST_S30_2020,11422,0,11422,0,0,0,11422,0,487,0,0,1451412280
GHSL_UCDB_THEME_GHSL_GLOBE_R2024A,GH_XST_S11_2025,11422,0,11422,0,0,0,11422,0,11422,0,0,0
GHSL_UCDB_THEME_GHSL_GLOBE_R2024A,GH_XST_S12_2025,11422,0,11422,0,0,0,11422,0,11422,0,0,0
GHSL_UCDB_THEME_GHSL_GLOBE_R2024A,GH_XST_S13_2025,11422,0,11422,0,0,0,11422,0,11422,0,0,0
GHSL_UCDB_THEME_GHSL_GLOBE_R2024A,GH_XST_S21_2025,11422,0,11422,0,0,0,11422,0,11422,0,0,0
GHSL_UCDB_THEME_GHSL_GLOBE_R2024A,GH_XST_S22_2025,11422,0,11422,0,0,0,11422,0,11422,0,0,0
GHSL_UCDB_THEME_GHSL_GLOBE_R2024A,GH_XST_S23_2025,11422,0,11422,0,0,0,11422,0,11422,0,0,0
GHSL_UCDB_THEME_GHSL_GLOBE_R2024A,GH_XST_S30_2025,11422,0,11422,0,0,0,11422,0,0,0,2829,1455991374
GHSL_UCDB_THEME_GHSL_GLOBE_R2024A,GH_XST_V11_1975,11422,0,11422,0,0,0,11422,0,4649,0,0,165472574
GHSL_UCDB_THEME_GHSL_GLOBE_R2024A,GH_XST_V12_1975,11422,0,11422,0,0,0,11422,0,2342,0,0,641198275
GHSL_UCDB_THEME_GHSL_GLOBE_R2024A,GH_XST_V13_1975,11422,0,11422,0,0,0,11422,0,9756,0,0,167838019
GHSL_UCDB_THEME_GHSL_GLOBE_R2024A,GH_XST_V21_1975,11422,0,11422,0,0,0,11422,0,1200,0,0,536540371
GHSL_UCDB_THEME_GHSL_GLOBE_R2024A,GH_XST_V22_1975,11422,0,11422,0,0,0,11422,0,10861,0,0,123222977
GHSL_UCDB_THEME_GHSL_GLOBE_R2024A,GH_XST_V23_1975,11422,0,11422,0,0,0,11422,0,4555,0,0,1090430258
GHSL_UCDB_THEME_GHSL_GLOBE_R2024A,GH_XST_V30_1975,11422,0,11422,0,0,0,11422,0,6214,0,0,15355494182
GHSL_UCDB_THEME_GHSL_GLOBE_R2024A,GH_XST_V11_1980,11422,0,11422,0,0,0,11422,0,5926,0,0,130794441
GHSL_UCDB_THEME_GHSL_GLOBE_R2024A,GH_XST_V12_1980,11422,0,11422,0,0,0,11422,0,2846,0,0,725959586
GHSL_UCDB_THEME_GHSL_GLOBE_R2024A,GH_XST_V13_1980,11422,0,11422,0,0,0,11422,0,10340,0,0,244239223
GHSL_UCDB_THEME_GHSL_GLOBE_R2024A,GH_XST_V21_1980,11422,0,11422,0,0,0,11422,0,998,0,0,647169253
GHSL_UCDB_THEME_GHSL_GLOBE_R2024A,GH_XST_V22_1980,11422,0,11422,0,0,0,11422,0,11004,0,0,116131284
GHSL_UCDB_THEME_GHSL_GLOBE_R2024A,GH_XST_V23_1980,11422,0,11422,0,0,0,11422,0,4728,0,0,953851461
GHSL_UCDB_THEME_GHSL_GLOBE_R2024A,GH_XST_V30_1980,11422,0,11422,0,0,0,11422,0,5735,0,0,15711492192
GHSL_UCDB_THEME_GHSL_GLOBE_R2024A,GH_XST_V11_1985,11422,0,11422,0,0,0,11422,0,6773,0,0,98791935
GHSL_UCDB_THEME_GHSL_GLOBE_R2024A,GH_XST_V12_1985,11422,0,11422,0,0,0,11422,0,3647,0,0,495693113
GHSL_UCDB_THEME_GHSL_GLOBE_R2024A,GH_XST_V13_1985,11422,0,11422,0,0,0,11422,0,10704,0,0,218817808
GHSL_UCDB_THEME_GHSL_GLOBE_R2024A,GH_XST_V21_1985,11422,0,11422,0,0,0,11422,0,928,0,0,1060466507
GHSL_UCDB_THEME_GHSL_GLOBE_R2024A,GH_XST_V22_1985,11422,0,11422,0,0,0,11422,0,11149,0,0,193170739
GHSL_UCDB_THEME_GHSL_GLOBE_R2024A,GH_XST_V23_1985,11422,0,11422,0,0,0,11422,0,5081,0,0,1033119994
GHSL_UCDB_THEME_GHSL_GLOBE_R2024A,GH_XST_V30_1985,11422,0,11422,0,0,0,11422,0,5139,0,0,16030644163
GHSL_UCDB_THEME_GHSL_GLOBE_R2024A,GH_XST_V11_1990,11422,0,11422,0,0,0,11422,0,7283,0,0,98644681
GHSL_UCDB_THEME_GHSL_GLOBE_R2024A,GH_XST_V12_1990,11422,0,11422,0,0,0,11422,0,4377,0,0,215731752
GHSL_UCDB_THEME_GHSL_GLOBE_R2024A,GH_XST_V13_1990,11422,0,11422,0,0,0,11422,0,10913,0,0,39809414
GHSL_UCDB_THEME_GHSL_GLOBE_R2024A,GH_XST_V21_1990,11422,0,11422,0,0,0,11422,0,975,0,0,1494645914
GHSL_UCDB_THEME_GHSL_GLOBE_R2024A,GH_XST_V22_1990,11422,0,11422,0,0,0,11422,0,11253,0,0,46114104
GHSL_UCDB_THEME_GHSL_GLOBE_R2024A,GH_XST_V23_1990,11422,0,11422,0,0,0,11422,0,5444,0,0,797105155
GHSL_UCDB_THEME_GHSL_GLOBE_R2024A,GH_XST_V30_1990,11422,0,11422,0,0,0,11422,0,4550,0,0,16397016040
GHSL_UCDB_THEME_GHSL_GLOBE_R2024A,GH_XST_V11_1995,11422,0,11422,0,0,0,11422,0,7925,0,0,51369409
GHSL_UCDB_THEME_GHSL_GLOBE_R2024A,GH_XST_V12_1995,11422,0,11422,0,0,0,11422,0,5282,0,0,113928961
GHSL_UCDB_THEME_GHSL_GLOBE_R2024A,GH_XST_V13_1995,11422,0,11422,0,0,0,11422,0,11126,0,0,30697431
GHSL_UCDB_THEME_GHSL_GLOBE_R2024A,GH_XST_V21_1995,11422,0,11422,0,0,0,11422,0,1151,0,0,1316693787
GHSL_UCDB_THEME_GHSL_GLOBE_R2024A,GH_XST_V22_1995,11422,0,11422,0,0,0,11422,0,11322,0,0,47798607
GHSL_UCDB_THEME_GHSL_GLOBE_R2024A,GH_XST_V23_1995,11422,0,11422,0,0,0,11422,0,6119,0,0,682936595
GHSL_UCDB_THEME_GHSL_GLOBE_R2024A,GH_XST_V30_1995,11422,0,11422,0,0,0,11422,0,3758,0,0,17279187802
GHSL_UCDB_THEME_GHSL_GLOBE_R2024A,GH_XST_V11_2000,11422,0,11422,0,0,0,11422,0,8367,0,0,31312118
GHSL_UCDB_THEME_GHSL_GLOBE_R2024A,GH_XST_V12_2000,11422,0,11422,0,0,0,11422,0,5983,0,0,60910385
GHSL_UCDB_THEME_GHSL_GLOBE_R2024A,GH_XST_V13_2000,11422,0,11422,0,0,0,11422,0,11214,0,0,11986234
GHSL_UCDB_THEME_GHSL_GLOBE_R2024A,GH_XST_V21_2000,11422,0,11422,0,0,0,11422,0,1426,0,0,506483051
GHSL_UCDB_THEME_GHSL_GLOBE_R2024A,GH_XST_V22_2000,11422,0,11422,0,0,0,11422,0,11385,0,0,14715913
GHSL_UCDB_THEME_GHSL_GLOBE_R2024A,GH_XST_V23_2000,11422,0,11422,0,0,0,11422,0,6716,0,0,394907057
GHSL_UCDB_THEME_GHSL_GLOBE_R2024A,GH_XST_V30_2000,11422,0,11422,0,0,0,11422,0,3003,0,0,18147695334
GHSL_UCDB_THEME_GHSL_GLOBE_R2024A,GH_XST_V11_2005,11422,0,11422,0,0,0,11422,0,9371,0,0,32215090
GHSL_UCDB_THEME_GHSL_GLOBE_R2024A,GH_XST_V12_2005,11422,0,11422,0,0,0,11422,0,7409,0,0,47379957
GHSL_UCDB_THEME_GHSL_GLOBE_R2024A,GH_XST_V13_2005,11422,0,11422,0,0,0,11422,0,11360,0,0,6641024
GHSL_UCDB_THEME_GHSL_GLOBE_R2024A,GH_XST_V21_2005,11422,0,11422,0,0,0,11422,0,2033,0,0,401748246
GHSL_UCDB_THEME_GHSL_GLOBE_R2024A,GH_XST_V22_2005,11422,0,11422,0,0,0,11422,0,11405,0,0,21670033
GHSL_UCDB_THEME_GHSL_GLOBE_R2024A,GH_XST_V23_2005,11422,0,11422,0,0,0,11422,0,7506,0,0,273411558
GHSL_UCDB_THEME_GHSL_GLOBE_R2024A,GH_XST_V30_2005,11422,0,11422,0,0,0,11422,0,2330,0,0,18663888444
GHSL_UCDB_THEME_GHSL_GLOBE_R2024A,GH_XST_V11_2010,11422,0,11422,0,0,0,11422,0,9890,0,0,26285487
GHSL_UCDB_THEME_GHSL_GLOBE_R2024A,GH_XST_V12_2010,11422,0,11422,0,0,0,11422,0,8464,0,0,50673464
GHSL_UCDB_THEME_GHSL_GLOBE_R2024A,GH_XST_V13_2010,11422,0,11422,0,0,0,11422,0,11394,0,0,8369770
GHSL_UCDB_THEME_GHSL_GLOBE_R2024A,GH_XST_V21_2010,11422,0,11422,0,0,0,11422,0,3164,0,0,306638894
GHSL_UCDB_THEME_GHSL_GLOBE_R2024A,GH_XST_V22_2010,11422,0,11422,0,0,0,11422,0,11419,0,0,923893
GHSL_UCDB_THEME_GHSL_GLOBE_R2024A,GH_XST_V23_2010,11422,0,11422,0,0,0,11422,0,8354,0,0,161961612
GHSL_UCDB_THEME_GHSL_GLOBE_R2024A,GH_XST_V30_2010,11422,0,11422,0,0,0,11422,0,1662,0,0,19167681581
GHSL_UCDB_THEME_GHSL_GLOBE_R2024A,GH_XST_V11_2015,11422,0,11422,0,0,0,11422,0,10457,0,0,23471543
GHSL_UCDB_THEME_GHSL_GLOBE_R2024A,GH_XST_V12_2015,11422,0,11422,0,0,0,11422,0,9534,0,0,32631904
GHSL_UCDB_THEME_GHSL_GLOBE_R2024A,GH_XST_V13_2015,11422,0,11422,0,0,0,11422,0,11420,0,0,52426
GHSL_UCDB_THEME_GHSL_GLOBE_R2024A,GH_XST_V21_2015,11422,0,11422,0,0,0,11422,0,4830,0,0,157405665
GHSL_UCDB_THEME_GHSL_GLOBE_R2024A,GH_XST_V22_2015,11422,0,11422,0,0,0,11422,0,11422,0,0,0
GHSL_UCDB_THEME_GHSL_GLOBE_R2024A,GH_XST_V23_2015,11422,0,11422,0,0,0,11422,0,9253,0,0,120938552
GHSL_UCDB_THEME_GHSL_GLOBE_R2024A,GH_XST_V30_2015,11422,0,11422,0,0,0,11422,0,1025,0,0,19614592689
GHSL_UCDB_THEME_GHSL_GLOBE_R2024A,GH_XST_V11_2020,11422,0,11422,0,0,0,11422,0,10989,0,0,9431574
GHSL_UCDB_THEME_GHSL_GLOBE_R2024A,GH_XST_V12_2020,11422,0,11422,0,0,0,11422,0,10540,0,0,8688626
GHSL_UCDB_THEME_GHSL_GLOBE_R2024A,GH_XST_V13_2020,11422,0,11422,0,0,0,11422,0,11421,0,0,57954
GHSL_UCDB_THEME_GHSL_GLOBE_R2024A,GH_XST_V21_2020,11422,0,11422,0,0,0,11422,0,7233,0,0,65947232
GHSL_UCDB_THEME_GHSL_GLOBE_R2024A,GH_XST_V22_2020,11422,0,11422,0,0,0,11422,0,11422,0,0,0
GHSL_UCDB_THEME_GHSL_GLOBE_R2024A,GH_XST_V23_2020,11422,0,11422,0,0,0,11422,0,10260,0,0,73923191
GHSL_UCDB_THEME_GHSL_GLOBE_R2024A,GH_XST_V30_2020,11422,0,11422,0,0,0,11422,0,487,0,0,19952618935
GHSL_UCDB_THEME_GHSL_GLOBE_R2024A,GH_XST_V11_2025,11422,0,11422,0,0,0,11422,0,11422,0,0,0
GHSL_UCDB_THEME_GHSL_GLOBE_R2024A,GH_XST_V12_2025,11422,0,11422,0,0,0,11422,0,11422,0,0,0
GHSL_UCDB_THEME_GHSL_GLOBE_R2024A,GH_XST_V13_2025,11422,0,11422,0,0,0,11422,0,11422,0,0,0
GHSL_UCDB_THEME_GHSL_GLOBE_R2024A,GH_XST_V21_2025,11422,0,11422,0,0,0,11422,0,11422,0,0,0
GHSL_UCDB_THEME_GHSL_GLOBE_R2024A,GH_XST_V22_2025,11422,0,11422,0,0,0,11422,0,11422,0,0,0
GHSL_UCDB_THEME_GHSL_GLOBE_R2024A,GH_XST_V23_2025,11422,0,11422,0,0,0,11422,0,11422,0,0,0
GHSL_UCDB_THEME_GHSL_GLOBE_R2024A,GH_XST_V30_2025,11422,0,11422,0,0,0,11422,0,0,0,7081,20268432931
GHSL_UCDB_THEME_GHSL_GLOBE_R2024A,GH_XST_P11_1975,11422,0,11422,0,0,0,11422,0,4667,0,0.0,26265.81171
GHSL_UCDB_THEME_GHSL_GLOBE_R2024A,GH_XST_P12_1975,11422,0,11422,0,0,0,11422,0,2338,0,0.0,275092.907
GHSL_UCDB_THEME_GHSL_GLOBE_R2024A,GH_XST_P13_1975,11422,0,11422,0,0,0,11422,0,9756,0,0.0,153405.5193
GHSL_UCDB_THEME_GHSL_GLOBE_R2024A,GH_XST_P21_1975,11422,0,11422,0,0,0,11422,0,1199,0,0.0,2358589.322
GHSL_UCDB_THEME_GHSL_GLOBE_R2024A,GH_XST_P22_1975,11422,0,11422,0,0,0,11422,0,10861,0,0.0,82008.22862
GHSL_UCDB_THEME_GHSL_GLOBE_R2024A,GH_XST_P23_1975,11422,0,11422,0,0,0,11422,0,4555,0,0.0,1389985.44
GHSL_UCDB_THEME_GHSL_GLOBE_R2024A,GH_XST_P30_1975,11422,0,11422,0,0,0,11422,0,6214,0,0.0,24054983.62
GHSL_UCDB_THEME_GHSL_GLOBE_R2024A,GH_XST_P11_1980,11422,0,11422,0,0,0,11422,0,5948,0,0.0,28651.12104
GHSL_UCDB_THEME_GHSL_GLOBE_R2024A,GH_XST_P12_1980,11422,0,11422,0,0,0,11422,0,2844,0,0.0,236397.2361
GHSL_UCDB_THEME_GHSL_GLOBE_R2024A,GH_XST_P13_1980,11422,0,11422,0,0,0,11422,0,10340,0,0.0,125755.4148
GHSL_UCDB_THEME_GHSL_GLOBE_R2024A,GH_XST_P21_1980,11422,0,11422,0,0,0,11422,0,998,0,0.0,2868989.762
GHSL_UCDB_THEME_GHSL_GLOBE_R2024A,GH_XST_P22_1980,11422,0,11422,0,0,0,11422,0,11004,0,0.0,92302.5398
GHSL_UCDB_THEME_GHSL_GLOBE_R2024A,GH_XST_P23_1980,11422,0,11422,0,0,0,11422,0,4728,0,0.0,1363396.029
GHSL_UCDB_THEME_GHSL_GLOBE_R2024A,GH_XST_P30_1980,11422,0,11422,0,0,0,11422,0,5735,0,0.0,25778498.16
GHSL_UCDB_THEME_GHSL_GLOBE_R2024A,GH_XST_P11_1985,11422,0,11422,0,0,0,11422,0,6793,0,0.0,22455.26797
GHSL_UCDB_THEME_GHSL_GLOBE_R2024A,GH_XST_P12_1985,11422,0,11422,0,0,0,11422,0,3647,0,0.0,251756.8844
GHSL_UCDB_THEME_GHSL_GLOBE_R2024A,GH_XST_P13_1985,11422,0,11422,0,0,0,11422,0,10704,0,0.0,111405.4708
GHSL_UCDB_THEME_GHSL_GLOBE_R2024A,GH_XST_P21_1985,11422,0,11422,0,0,0,11422,0,928,0,0.0,3357819.283
GHSL_UCDB_THEME_GHSL_GLOBE_R2024A,GH_XST_P22_1985,11422,0,11422,0,0,0,11422,0,11149,0,0.0,112217.824
GHSL_UCDB_THEME_GHSL_GLOBE_R2024A,GH_XST_P23_1985,11422,0,11422,0,0,0,11422,0,5081,0,0.0,1463458.206
GHSL_UCDB_THEME_GHSL_GLOBE_R2024A,GH_XST_P30_1985,11422,0,11422,0,0,0,11422,0,5139,0,0.0,27306621.89
GHSL_UCDB_THEME_GHSL_GLOBE_R2024A,GH_XST_P11_1990,11422,0,11422,0,0,0,11422,0,7305,0,0.0,15660.16339
GHSL_UCDB_THEME_GHSL_GLOBE_R2024A,GH_XST_P12_1990,11422,0,11422,0,0,0,11422,0,4377,0,0.0,204431.9396
GHSL_UCDB_THEME_GHSL_GLOBE_R2024A,GH_XST_P13_1990,11422,0,11422,0,0,0,11422,0,10913,0,0.0,45670.31837
GHSL_UCDB_THEME_GHSL_GLOBE_R2024A,GH_XST_P21_1990,11422,0,11422,0,0,0,11422,0,975,0,0.0,3508551.668
GHSL_UCDB_THEME_GHSL_GLOBE_R2024A,GH_XST_P22_1990,11422,0,11422,0,0,0,11422,0,11253,0,0.0,84119.65254
GHSL_UCDB_THEME_GHSL_GLOBE_R2024A,GH_XST_P23_1990,11422,0,11422,0,0,0,11422,0,5444,0,0.0,1599824.454
GHSL_UCDB_THEME_GHSL_GLOBE_R2024A,GH_XST_P30_1990,11422,0,11422,0,0,0,11422,0,4550,0,0.0,28663534.81
GHSL_UCDB_THEME_GHSL_GLOBE_R2024A,GH_XST_P11_1995,11422,0,11422,0,0,0,11422,0,7946,0,0.0,6679.281853
GHSL_UCDB_THEME_GHSL_GLOBE_R2024A,GH_XST_P12_1995,11422,0,11422,0,0,0,11422,0,5282,0,0.0,112741.2821
GHSL_UCDB_THEME_GHSL_GLOBE_R2024A,GH_XST_P13_1995,11422,0,11422,0,0,0,11422,0,11126,0,0.0,11739.26493
GHSL_UCDB_THEME_GHSL_GLOBE_R2024A,GH_XST_P21_1995,11422,0,11422,0,0,0,11422,0,1151,0,0.0,3348593.398
GHSL_UCDB_THEME_GHSL_GLOBE_R2024A,GH_XST_P22_1995,11422,0,11422,0,0,0,11422,0,11322,0,0.0,45795.33492
GHSL_UCDB_THEME_GHSL_GLOBE_R2024A,GH_XST_P23_1995,11422,0,11422,0,0,0,11422,0,6119,0,0.0,1691507.52
GHSL_UCDB_THEME_GHSL_GLOBE_R2024A,GH_XST_P30_1995,11422,0,11422,0,0,0,11422,0,3758,0,0.0,29157383.43
GHSL_UCDB_THEME_GHSL_GLOBE_R2024A,GH_XST_P11_2000,11422,0,11422,0,0,0,11422,0,8388,0,0.0,2899.612789
GHSL_UCDB_THEME_GHSL_GLOBE_R2024A,GH_XST_P12_2000,11422,0,11422,0,0,0,11422,0,5983,0,0.0,87756.27881
GHSL_UCDB_THEME_GHSL_GLOBE_R2024A,GH_XST_P13_2000,11422,0,11422,0,0,0,11422,0,11214,0,0.0,12254.27988
GHSL_UCDB_THEME_GHSL_GLOBE_R2024A,GH_XST_P21_2000,11422,0,11422,0,0,0,11422,0,1426,0,0.0,3080852.54
GHSL_UCDB_THEME_GHSL_GLOBE_R2024A,GH_XST_P22_2000,11422,0,11422,0,0,0,11422,0,11385,0,0.0,33552.97753
GHSL_UCDB_THEME_GHSL_GLOBE_R2024A,GH_XST_P23_2000,11422,0,11422,0,0,0,11422,0,6716,0,0.0,1725063.87
GHSL_UCDB_THEME_GHSL_GLOBE_R2024A,GH_XST_P30_2000,11422,0,11422,0,0,0,11422,0,3003,0,0.0,30268461.82
GHSL_UCDB_THEME_GHSL_GLOBE_R2024A,GH_XST_P11_2005,11422,0,11422,0,0,0,11422,0,9387,0,0.0,1546.175729
GHSL_UCDB_THEME_GHSL_GLOBE_R2024A,GH_XST_P12_2005,11422,0,11422,0,0,0,11422,0,7409,0,0.0,62499.23142
GHSL_UCDB_THEME_GHSL_GLOBE_R2024A,GH_XST_P13_2005,11422,0,11422,0,0,0,11422,0,11360,0,0.0,7532.090416
GHSL_UCDB_THEME_GHSL_GLOBE_R2024A,GH_XST_P21_2005,11422,0,11422,0,0,0,11422,0,2033,0,0.0,2707023.17
GHSL_UCDB_THEME_GHSL_GLOBE_R2024A,GH_XST_P22_2005,11422,0,11422,0,0,0,11422,0,11405,0,0.0,29682.71551
GHSL_UCDB_THEME_GHSL_GLOBE_R2024A,GH_XST_P23_2005,11422,0,11422,0,0,0,11422,0,7506,0,0.0,1454858.55
GHSL_UCDB_THEME_GHSL_GLOBE_R2024A,GH_XST_P30_2005,11422,0,11422,0,0,0,11422,0,2330,0,0.0,33042125.09
GHSL_UCDB_THEME_GHSL_GLOBE_R2024A,GH_XST_P11_2010,11422,0,11422,0,0,0,11422,0,9906,0,0.0,1125.957755
GHSL_UCDB_THEME_GHSL_GLOBE_R2024A,GH_XST_P12_2010,11422,0,11422,0,0,0,11422,0,8463,0,0.0,34270.2893
GHSL_UCDB_THEME_GHSL_GLOBE_R2024A,GH_XST_P13_2010,11422,0,11422,0,0,0,11422,0,11394,0,0.0,8962.331832
GHSL_UCDB_THEME_GHSL_GLOBE_R2024A,GH_XST_P21_2010,11422,0,11422,0,0,0,11422,0,3164,0,0.0,2430219.43
GHSL_UCDB_THEME_GHSL_GLOBE_R2024A,GH_XST_P22_2010,11422,0,11422,0,0,0,11422,0,11419,0,0.0,10276.72647
GHSL_UCDB_THEME_GHSL_GLOBE_R2024A,GH_XST_P23_2010,11422,0,11422,0,0,0,11422,0,8354,0,0.0,1362269.234
GHSL_UCDB_THEME_GHSL_GLOBE_R2024A,GH_XST_P30_2010,11422,0,11422,0,0,0,11422,0,1662,0,0.0,36689531.45
GHSL_UCDB_THEME_GHSL_GLOBE_R2024A,GH_XST_P11_2015,11422,0,11422,0,0,0,11422,0,10467,0,0.0,795.8492527
GHSL_UCDB_THEME_GHSL_GLOBE_R2024A,GH_XST_P12_2015,11422,0,11422,0,0,0,11422,0,9534,0,0.0,16705.00606
GHSL_UCDB_THEME_GHSL_GLOBE_R2024A,GH_XST_P13_2015,11422,0,11422,0,0,0,11422,0,11420,0,0.0,974.7979337
GHSL_UCDB_THEME_GHSL_GLOBE_R2024A,GH_XST_P21_2015,11422,0,11422,0,0,0,11422,0,4830,0,0.0,1829314.195
GHSL_UCDB_THEME_GHSL_GLOBE_R2024A,GH_XST_P22_2015,11422,0,11422,0,0,0,11422,0,11422,0,0,0
GHSL_UCDB_THEME_GHSL_GLOBE_R2024A,GH_XST_P23_2015,11422,0,11422,0,0,0,11422,0,9253,0,0.0,856185.9626
GHSL_UCDB_THEME_GHSL_GLOBE_R2024A,GH_XST_P30_2015,11422,0,11422,0,0,0,11422,0,1025,0,0.0,38833514.1
GHSL_UCDB_THEME_GHSL_GLOBE_R2024A,GH_XST_P11_2020,11422,0,11422,0,0,0,11422,0,10994,0,0.0,284.8607142
GHSL_UCDB_THEME_GHSL_GLOBE_R2024A,GH_XST_P12_2020,11422,0,11422,0,0,0,11422,0,10540,0,0.0,6586.511823
GHSL_UCDB_THEME_GHSL_GLOBE_R2024A,GH_XST_P13_2020,11422,0,11422,0,0,0,11422,0,11421,0,0.0,793.580289
GHSL_UCDB_THEME_GHSL_GLOBE_R2024A,GH_XST_P21_2020,11422,0,11422,0,0,0,11422,0,7233,0,0.0,709284.8878
GHSL_UCDB_THEME_GHSL_GLOBE_R2024A,GH_XST_P22_2020,11422,0,11422,0,0,0,11422,0,11422,0,0,0
GHSL_UCDB_THEME_GHSL_GLOBE_R2024A,GH_XST_P23_2020,11422,0,11422,0,0,0,11422,0,10260,0,0.0,334765.3713
GHSL_UCDB_THEME_GHSL_GLOBE_R2024A,GH_XST_P30_2020,11422,0,11422,0,0,0,11422,0,487,0,0.0,41218409.04
GHSL_UCDB_THEME_GHSL_GLOBE_R2024A,GH_XST_P11_2025,11422,0,11422,0,0,0,11422,0,11422,0,0,0
GHSL_UCDB_THEME_GHSL_GLOBE_R2024A,GH_XST_P12_2025,11422,0,11422,0,0,0,11422,0,11422,0,0,0
GHSL_UCDB_THEME_GHSL_GLOBE_R2024A,GH_XST_P13_2025,11422,0,11422,0,0,0,11422,0,11422,0,0,0
GHSL_UCDB_THEME_GHSL_GLOBE_R2024A,GH_XST_P21_2025,11422,0,11422,0,0,0,11422,0,11422,0,0,0
GHSL_UCDB_THEME_GHSL_GLOBE_R2024A,GH_XST_P22_2025,11422,0,11422,0,0,0,11422,0,11422,0,0,0
GHSL_UCDB_THEME_GHSL_GLOBE_R2024A,GH_XST_P23_2025,11422,0,11422,0,0,0,11422,0,11422,0,0,0
GHSL_UCDB_THEME_GHSL_GLOBE_R2024A,GH_XST_P30_2025,11422,0,11422,0,0,0,11422,0,0,0,50007.74637,42987704.03
GHSL_UCDB_THEME_GHSL_GLOBE_R2024A,GH_XST_D11_1975,11422,0,11422,0,0,0,11422,0,4667,0,0.0,49.98178728
GHSL_UCDB_THEME_GHSL_GLOBE_R2024A,GH_XST_D12_1975,11422,0,11422,0,0,0,11422,0,2338,0,0.0,492.6034774
GHSL_UCDB_THEME_GHSL_GLOBE_R2024A,GH_XST_D13_1975,11422,0,11422,0,0,0,11422,0,9756,0,0.0,24678.98981
GHSL_UCDB_THEME_GHSL_GLOBE_R2024A,GH_XST_D21_1975,11422,0,11422,0,0,0,11422,0,1199,0,0.0,8509.153111
GHSL_UCDB_THEME_GHSL_GLOBE_R2024A,GH_XST_D22_1975,11422,0,11422,0,0,0,11422,0,10861,0,0.0,4842.557413
GHSL_UCDB_THEME_GHSL_GLOBE_R2024A,GH_XST_D23_1975,11422,0,11422,0,0,0,11422,0,4555,0,0.0,50154.45007
GHSL_UCDB_THEME_GHSL_GLOBE_R2024A,GH_XST_D30_1975,11422,0,11422,0,0,0,11422,0,6214,0,0.0,313764.7241
GHSL_UCDB_THEME_GHSL_GLOBE_R2024A,GH_XST_D11_1980,11422,0,11422,0,0,0,11422,0,5948,0,0.0,49.95005679
GHSL_UCDB_THEME_GHSL_GLOBE_R2024A,GH_XST_D12_1980,11422,0,11422,0,0,0,11422,0,2844,0,0.0,356.1390845
GHSL_UCDB_THEME_GHSL_GLOBE_R2024A,GH_XST_D13_1980,11422,0,11422,0,0,0,11422,0,10340,0,0.0,25834.58458
GHSL_UCDB_THEME_GHSL_GLOBE_R2024A,GH_XST_D21_1980,11422,0,11422,0,0,0,11422,0,998,0,0.0,4323.470689
GHSL_UCDB_THEME_GHSL_GLOBE_R2024A,GH_XST_D22_1980,11422,0,11422,0,0,0,11422,0,11004,0,0.0,3587.348372
GHSL_UCDB_THEME_GHSL_GLOBE_R2024A,GH_XST_D23_1980,11422,0,11422,0,0,0,11422,0,4728,0,0.0,47511.62332
GHSL_UCDB_THEME_GHSL_GLOBE_R2024A,GH_XST_D30_1980,11422,0,11422,0,0,0,11422,0,5735,0,0.0,127490.89
GHSL_UCDB_THEME_GHSL_GLOBE_R2024A,GH_XST_D11_1985,11422,0,11422,0,0,0,11422,0,6793,0,0.0,49.96527172
GHSL_UCDB_THEME_GHSL_GLOBE_R2024A,GH_XST_D12_1985,11422,0,11422,0,0,0,11422,0,3647,0,0.0,386.7050549
GHSL_UCDB_THEME_GHSL_GLOBE_R2024A,GH_XST_D13_1985,11422,0,11422,0,0,0,11422,0,10704,0,0.0,23746.38947
GHSL_UCDB_THEME_GHSL_GLOBE_R2024A,GH_XST_D21_1985,11422,0,11422,0,0,0,11422,0,928,0,0.0,4596.787028
GHSL_UCDB_THEME_GHSL_GLOBE_R2024A,GH_XST_D22_1985,11422,0,11422,0,0,0,11422,0,11149,0,0.0,3840.324532
GHSL_UCDB_THEME_GHSL_GLOBE_R2024A,GH_XST_D23_1985,11422,0,11422,0,0,0,11422,0,5081,0,0.0,37764.33994
GHSL_UCDB_THEME_GHSL_GLOBE_R2024A,GH_XST_D30_1985,11422,0,11422,0,0,0,11422,0,5139,0,0.0,84002.57587
GHSL_UCDB_THEME_GHSL_GLOBE_R2024A,GH_XST_D11_1990,11422,0,11422,0,0,0,11422,0,7305,0,0.0,49.87579892
GHSL_UCDB_THEME_GHSL_GLOBE_R2024A,GH_XST_D12_1990,11422,0,11422,0,0,0,11422,0,4377,0,0.0,485.8321408
GHSL_UCDB_THEME_GHSL_GLOBE_R2024A,GH_XST_D13_1990,11422,0,11422,0,0,0,11422,0,10913,0,0.0,23533.80353
GHSL_UCDB_THEME_GHSL_GLOBE_R2024A,GH_XST_D21_1990,11422,0,11422,0,0,0,11422,0,975,0,0.0,4595.382943
GHSL_UCDB_THEME_GHSL_GLOBE_R2024A,GH_XST_D22_1990,11422,0,11422,0,0,0,11422,0,11253,0,0.0,3606.898738
GHSL_UCDB_THEME_GHSL_GLOBE_R2024A,GH_XST_D23_1990,11422,0,11422,0,0,0,11422,0,5444,0,0.0,36101.23797
GHSL_UCDB_THEME_GHSL_GLOBE_R2024A,GH_XST_D30_1990,11422,0,11422,0,0,0,11422,0,4550,0,0.0,57601.32487
GHSL_UCDB_THEME_GHSL_GLOBE_R2024A,GH_XST_D11_1995,11422,0,11422,0,0,0,11422,0,7946,0,0.0,49.93064729
GHSL_UCDB_THEME_GHSL_GLOBE_R2024A,GH_XST_D12_1995,11422,0,11422,0,0,0,11422,0,5282,0,0.0,529.926963
GHSL_UCDB_THEME_GHSL_GLOBE_R2024A,GH_XST_D13_1995,11422,0,11422,0,0,0,11422,0,11126,0,0.0,21431.34059
GHSL_UCDB_THEME_GHSL_GLOBE_R2024A,GH_XST_D21_1995,11422,0,11422,0,0,0,11422,0,1151,0,0.0,3175.926933
GHSL_UCDB_THEME_GHSL_GLOBE_R2024A,GH_XST_D22_1995,11422,0,11422,0,0,0,11422,0,11322,0,0.0,1811.835461
GHSL_UCDB_THEME_GHSL_GLOBE_R2024A,GH_XST_D23_1995,11422,0,11422,0,0,0,11422,0,6119,0,0.0,33516.95007
GHSL_UCDB_THEME_GHSL_GLOBE_R2024A,GH_XST_D30_1995,11422,0,11422,0,0,0,11422,0,3758,0,0.0,49805.50195
GHSL_UCDB_THEME_GHSL_GLOBE_R2024A,GH_XST_D11_2000,11422,0,11422,0,0,0,11422,0,8388,0,0.0,49.88719217
GHSL_UCDB_THEME_GHSL_GLOBE_R2024A,GH_XST_D12_2000,11422,0,11422,0,0,0,11422,0,5983,0,0.0,427.5192232
GHSL_UCDB_THEME_GHSL_GLOBE_R2024A,GH_XST_D13_2000,11422,0,11422,0,0,0,11422,0,11214,0,0.0,18553.72158
GHSL_UCDB_THEME_GHSL_GLOBE_R2024A,GH_XST_D21_2000,11422,0,11422,0,0,0,11422,0,1426,0,0.0,2976.580611
GHSL_UCDB_THEME_GHSL_GLOBE_R2024A,GH_XST_D22_2000,11422,0,11422,0,0,0,11422,0,11385,0,0.0,1850.216384
GHSL_UCDB_THEME_GHSL_GLOBE_R2024A,GH_XST_D23_2000,11422,0,11422,0,0,0,11422,0,6716,0,0.0,43213.20603
GHSL_UCDB_THEME_GHSL_GLOBE_R2024A,GH_XST_D30_2000,11422,0,11422,0,0,0,11422,0,3003,0,0.0,48472.71154
GHSL_UCDB_THEME_GHSL_GLOBE_R2024A,GH_XST_D11_2005,11422,0,11422,0,0,0,11422,0,9387,0,0.0,49.81140055
GHSL_UCDB_THEME_GHSL_GLOBE_R2024A,GH_XST_D12_2005,11422,0,11422,0,0,0,11422,0,7409,0,0.0,372.9123468
GHSL_UCDB_THEME_GHSL_GLOBE_R2024A,GH_XST_D13_2005,11422,0,11422,0,0,0,11422,0,11360,0,0.0,18810.31732
GHSL_UCDB_THEME_GHSL_GLOBE_R2024A,GH_XST_D21_2005,11422,0,11422,0,0,0,11422,0,2033,0,0.0,3555.44842
GHSL_UCDB_THEME_GHSL_GLOBE_R2024A,GH_XST_D22_2005,11422,0,11422,0,0,0,11422,0,11405,0,0.0,3907.884726
GHSL_UCDB_THEME_GHSL_GLOBE_R2024A,GH_XST_D23_2005,11422,0,11422,0,0,0,11422,0,7506,0,0.0,40795.8121
GHSL_UCDB_THEME_GHSL_GLOBE_R2024A,GH_XST_D30_2005,11422,0,11422,0,0,0,11422,0,2330,0,0.0,56352.69589
GHSL_UCDB_THEME_GHSL_GLOBE_R2024A,GH_XST_D11_2010,11422,0,11422,0,0,0,11422,0,9906,0,0.0,49.98624241
GHSL_UCDB_THEME_GHSL_GLOBE_R2024A,GH_XST_D12_2010,11422,0,11422,0,0,0,11422,0,8463,0,0.0,324.9686709
GHSL_UCDB_THEME_GHSL_GLOBE_R2024A,GH_XST_D13_2010,11422,0,11422,0,0,0,11422,0,11394,0,0.0,24436.28777
GHSL_UCDB_THEME_GHSL_GLOBE_R2024A,GH_XST_D21_2010,11422,0,11422,0,0,0,11422,0,3164,0,0.0,3776.172435
GHSL_UCDB_THEME_GHSL_GLOBE_R2024A,GH_XST_D22_2010,11422,0,11422,0,0,0,11422,0,11419,0,0.0,2020.033527
GHSL_UCDB_THEME_GHSL_GLOBE_R2024A,GH_XST_D23_2010,11422,0,11422,0,0,0,11422,0,8354,0,0.0,30935.92705
GHSL_UCDB_THEME_GHSL_GLOBE_R2024A,GH_XST_D30_2010,11422,0,11422,0,0,0,11422,0,1662,0,0.0,52814.0416
GHSL_UCDB_THEME_GHSL_GLOBE_R2024A,GH_XST_D11_2015,11422,0,11422,0,0,0,11422,0,10467,0,0.0,49.76849584
GHSL_UCDB_THEME_GHSL_GLOBE_R2024A,GH_XST_D12_2015,11422,0,11422,0,0,0,11422,0,9534,0,0.0,438.8868642
GHSL_UCDB_THEME_GHSL_GLOBE_R2024A,GH_XST_D13_2015,11422,0,11422,0,0,0,11422,0,11420,0,0.0,2014.132247
GHSL_UCDB_THEME_GHSL_GLOBE_R2024A,GH_XST_D21_2015,11422,0,11422,0,0,0,11422,0,4830,0,0.0,3004.208875
GHSL_UCDB_THEME_GHSL_GLOBE_R2024A,GH_XST_D22_2015,11422,0,11422,0,0,0,11422,0,11422,0,0,0
GHSL_UCDB_THEME_GHSL_GLOBE_R2024A,GH_XST_D23_2015,11422,0,11422,0,0,0,11422,0,9253,0,0.0,42082.43122
GHSL_UCDB_THEME_GHSL_GLOBE_R2024A,GH_XST_D30_2015,11422,0,11422,0,0,0,11422,0,1025,0,0.0,60521.89545
GHSL_UCDB_THEME_GHSL_GLOBE_R2024A,GH_XST_D11_2020,11422,0,11422,0,0,0,11422,0,10994,0,0.0,49.55243645
GHSL_UCDB_THEME_GHSL_GLOBE_R2024A,GH_XST_D12_2020,11422,0,11422,0,0,0,11422,0,10540,0,0.0,299.9666297
GHSL_UCDB_THEME_GHSL_GLOBE_R2024A,GH_XST_D13_2020,11422,0,11422,0,0,0,11422,0,11421,0,0.0,1919.84703
GHSL_UCDB_THEME_GHSL_GLOBE_R2024A,GH_XST_D21_2020,11422,0,11422,0,0,0,11422,0,7233,0,0.0,3758.366236
GHSL_UCDB_THEME_GHSL_GLOBE_R2024A,GH_XST_D22_2020,11422,0,11422,0,0,0,11422,0,11422,0,0,0
GHSL_UCDB_THEME_GHSL_GLOBE_R2024A,GH_XST_D23_2020,11422,0,11422,0,0,0,11422,0,10260,0,0.0,13854.40471
GHSL_UCDB_THEME_GHSL_GLOBE_R2024A,GH_XST_D30_2020,11422,0,11422,0,0,0,11422,0,487,0,0.0,61003.1696
GHSL_UCDB_THEME_GHSL_GLOBE_R2024A,GH_XST_D11_2025,11422,0,11422,0,0,0,11422,0,11422,0,0,0
GHSL_UCDB_THEME_GHSL_GLOBE_R2024A,GH_XST_D12_2025,11422,0,11422,0,0,0,11422,0,11422,0,0,0
GHSL_UCDB_THEME_GHSL_GLOBE_R2024A,GH_XST_D13_2025,11422,0,11422,0,0,0,11422,0,11422,0,0,0
GHSL_UCDB_THEME_GHSL_GLOBE_R2024A,GH_XST_D21_2025,11422,0,11422,0,0,0,11422,0,11422,0,0,0
GHSL_UCDB_THEME_GHSL_GLOBE_R2024A,GH_XST_D22_2025,11422,0,11422,0,0,0,11422,0,11422,0,0,0
GHSL_UCDB_THEME_GHSL_GLOBE_R2024A,GH_XST_D23_2025,11422,0,11422,0,0,0,11422,0,11422,0,0,0
GHSL_UCDB_THEME_GHSL_GLOBE_R2024A,GH_XST_D30_2025,11422,0,11422,0,0,0,11422,0,0,0,582.6995278,74866.11962
GHSL_UCDB_THEME_GHSL_GLOBE_R2024A,GH_L30_2025,11422,0,11422,0,0,0,11422,0,0,0,1.0,3145.353015
GHSL_UCDB_THEME_GHSL_GLOBE_R2024A,GH_W30_2025,11422,0,11422,0,0,0,11422,0,1372,0,0.0,4772.22734
GHSL_UCDB_THEME_GREENNESS_GLOBE_R2024A,ID_UC_G0,11422,0,11422,0,0,0,11422,0,0,0,1,11686
GHSL_UCDB_THEME_GREENNESS_GLOBE_R2024A,GC_UCN_MAI_2025,11408,0,11422,14,0,11408,0,0,0,0,,
GHSL_UCDB_THEME_GREENNESS_GLOBE_R2024A,GC_CNT_GAD_2025,11422,0,11422,0,0,11422,0,0,0,0,,
GHSL_UCDB_THEME_GREENNESS_GLOBE_R2024A,GC_UCA_KM2_2025,11422,0,11422,0,0,0,11422,0,0,0,1,6611
GHSL_UCDB_THEME_GREENNESS_GLOBE_R2024A,GC_POP_TOT_2025,11422,0,11422,0,0,0,11422,0,0,0,50007.74637,42987704.03
GHSL_UCDB_THEME_GREENNESS_GLOBE_R2024A,GC_DEV_WIG_2025,11413,0,11422,9,0,11413,0,0,0,0,,
GHSL_UCDB_THEME_GREENNESS_GLOBE_R2024A,GC_DEV_USR_2025,11422,0,11422,0,0,11422,0,0,0,0,,
GHSL_UCDB_THEME_GREENNESS_GLOBE_R2024A,GR_CTH_AVG_2020,11421,0,11422,1,0,0,11421,0,33,0,0.0,25.54687896
GHSL_UCDB_THEME_GREENNESS_GLOBE_R2024A,GR_CTH_STD_2020,11421,0,11422,1,0,0,11421,0,9,0,0.0,14.89955557
GHSL_UCDB_THEME_GREENNESS_GLOBE_R2024A,GR_AVG_GRN_1985,7950,0,11422,3472,0,0,7950,0,0,2,-0.003827397,0.811551724
GHSL_UCDB_THEME_GREENNESS_GLOBE_R2024A,GR_AVG_GRN_1990,11152,0,11422,270,0,0,11152,0,0,1,-0.004937082,0.826469006
GHSL_UCDB_THEME_GREENNESS_GLOBE_R2024A,GR_AVG_GRN_1995,10753,0,11422,669,0,0,10753,0,0,5,-0.028925863,0.814946254
GHSL_UCDB_THEME_GREENNESS_GLOBE_R2024A,GR_AVG_GRN_2000,11379,0,11422,43,0,0,11379,0,0,4,-0.039824112,0.811751601
GHSL_UCDB_THEME_GREENNESS_GLOBE_R2024A,GR_AVG_GRN_2005,11399,0,11422,23,0,0,11399,0,0,3,-0.032875012,0.829425575
GHSL_UCDB_THEME_GREENNESS_GLOBE_R2024A,GR_AVG_GRN_2010,11381,0,11422,41,0,0,11381,0,0,2,-0.018317069,0.782754456
GHSL_UCDB_THEME_GREENNESS_GLOBE_R2024A,GR_AVG_GRN_2015,11420,0,11422,2,0,0,11420,0,0,1,-0.011574583,0.779604684
GHSL_UCDB_THEME_GREENNESS_GLOBE_R2024A,GR_AVG_GRN_2020,11420,0,11422,2,0,0,11420,0,0,2,-0.082750454,0.779631403
GHSL_UCDB_THEME_GREENNESS_GLOBE_R2024A,GR_AVG_GRN_2025,11420,0,11422,2,0,0,11420,0,0,1,-0.040726489,0.793168601
GHSL_UCDB_THEME_GREENNESS_GLOBE_R2024A,GR_SQM_LGR_1985,11420,0,11422,2,0,0,11420,0,3483,0,0.0,469026.0
GHSL_UCDB_THEME_GREENNESS_GLOBE_R2024A,GR_SQM_LGR_1990,11420,0,11422,2,0,0,11420,0,289,0,0.0,484998.0
GHSL_UCDB_THEME_GREENNESS_GLOBE_R2024A,GR_SQM_LGR_1995,11420,0,11422,2,0,0,11420,0,678,0,0.0,538881.0
GHSL_UCDB_THEME_GREENNESS_GLOBE_R2024A,GR_SQM_LGR_2000,11420,0,11422,2,0,0,11420,0,55,0,0.0,535797.0
GHSL_UCDB_THEME_GREENNESS_GLOBE_R2024A,GR_SQM_LGR_2005,11420,0,11422,2,0,0,11420,0,26,0,0.0,573005.0
GHSL_UCDB_THEME_GREENNESS_GLOBE_R2024A,GR_SQM_LGR_2010,11420,0,11422,2,0,0,11420,0,46,0,0.0,570214.0
GHSL_UCDB_THEME_GREENNESS_GLOBE_R2024A,GR_SQM_LGR_2015,11420,0,11422,2,0,0,11420,0,2,0,0.0,540219.0
GHSL_UCDB_THEME_GREENNESS_GLOBE_R2024A,GR_SQM_LGR_2020,11420,0,11422,2,0,0,11420,0,3,0,0.0,546954.0
GHSL_UCDB_THEME_GREENNESS_GLOBE_R2024A,GR_SQM_LGR_2025,11420,0,11422,2,0,0,11420,0,2,0,0.0,517444.0
GHSL_UCDB_THEME_GREENNESS_GLOBE_R2024A,GR_SQM_HGR_1985,11420,0,11422,2,0,0,11420,0,5018,0,0.0,131964.0
GHSL_UCDB_THEME_GREENNESS_GLOBE_R2024A,GR_SQM_HGR_1990,11420,0,11422,2,0,0,11420,0,2440,0,0.0,235780.0
GHSL_UCDB_THEME_GREENNESS_GLOBE_R2024A,GR_SQM_HGR_1995,11420,0,11422,2,0,0,11420,0,2360,0,0.0,199102.0
GHSL_UCDB_THEME_GREENNESS_GLOBE_R2024A,GR_SQM_HGR_2000,11420,0,11422,2,0,0,11420,0,1987,0,0.0,182417.0
GHSL_UCDB_THEME_GREENNESS_GLOBE_R2024A,GR_SQM_HGR_2005,11420,0,11422,2,0,0,11420,0,2071,0,0.0,285378.0
GHSL_UCDB_THEME_GREENNESS_GLOBE_R2024A,GR_SQM_HGR_2010,11420,0,11422,2,0,0,11420,0,2066,0,0.0,171626.0
GHSL_UCDB_THEME_GREENNESS_GLOBE_R2024A,GR_SQM_HGR_2015,11420,0,11422,2,0,0,11420,0,1457,0,0.0,425663.0
GHSL_UCDB_THEME_GREENNESS_GLOBE_R2024A,GR_SQM_HGR_2020,11420,0,11422,2,0,0,11420,0,506,0,0.0,426907.0
GHSL_UCDB_THEME_GREENNESS_GLOBE_R2024A,GR_SQM_HGR_2025,11420,0,11422,2,0,0,11420,0,423,0,0.0,450361.0
GHSL_UCDB_THEME_GREENNESS_GLOBE_R2024A,GR_SQM_GRN_1985,11420,0,11422,2,0,0,11420,0,3470,0,0.0,495402.0
GHSL_UCDB_THEME_GREENNESS_GLOBE_R2024A,GR_SQM_GRN_1990,11420,0,11422,2,0,0,11420,0,268,0,0.0,495934.0
GHSL_UCDB_THEME_GREENNESS_GLOBE_R2024A,GR_SQM_GRN_1995,11420,0,11422,2,0,0,11420,0,667,0,0.0,551589.0
GHSL_UCDB_THEME_GREENNESS_GLOBE_R2024A,GR_SQM_GRN_2000,11420,0,11422,2,0,0,11420,0,41,0,0.0,570994.0
GHSL_UCDB_THEME_GREENNESS_GLOBE_R2024A,GR_SQM_GRN_2005,11420,0,11422,2,0,0,11420,0,21,0,0.0,590973.0
GHSL_UCDB_THEME_GREENNESS_GLOBE_R2024A,GR_SQM_GRN_2010,11420,0,11422,2,0,0,11420,0,39,0,0.0,597637.0
GHSL_UCDB_THEME_GREENNESS_GLOBE_R2024A,GR_SQM_GRN_2015,11420,0,11422,2,0,0,11420,0,0,0,44.0,604268.0
GHSL_UCDB_THEME_GREENNESS_GLOBE_R2024A,GR_SQM_GRN_2020,11420,0,11422,2,0,0,11420,0,0,0,44.0,607510.0
GHSL_UCDB_THEME_GREENNESS_GLOBE_R2024A,GR_SQM_GRN_2025,11420,0,11422,2,0,0,11420,0,0,0,6.0,609992.0
GHSL_UCDB_THEME_GREENNESS_GLOBE_R2024A,GR_SHB_HGR_1985,11420,0,11422,2,0,0,11420,0,5018,0,0.0,6.791907514
GHSL_UCDB_THEME_GREENNESS_GLOBE_R2024A,GR_SHB_HGR_1990,11420,0,11422,2,0,0,11420,0,2440,0,0.0,6.426735219
GHSL_UCDB_THEME_GREENNESS_GLOBE_R2024A,GR_SHB_HGR_1995,11420,0,11422,2,0,0,11420,0,2360,0,0.0,3.908794788
GHSL_UCDB_THEME_GREENNESS_GLOBE_R2024A,GR_SHB_HGR_2000,11420,0,11422,2,0,0,11420,0,1987,0,0.0,2.462751972
GHSL_UCDB_THEME_GREENNESS_GLOBE_R2024A,GR_SHB_HGR_2005,11420,0,11422,2,0,0,11420,0,2071,0,0.0,2.39186765
GHSL_UCDB_THEME_GREENNESS_GLOBE_R2024A,GR_SHB_HGR_2010,11420,0,11422,2,0,0,11420,0,2066,0,0.0,2.2278202
GHSL_UCDB_THEME_GREENNESS_GLOBE_R2024A,GR_SHB_HGR_2015,11420,0,11422,2,0,0,11420,0,1457,0,0.0,1.537268176
GHSL_UCDB_THEME_GREENNESS_GLOBE_R2024A,GR_SHB_HGR_2020,11420,0,11422,2,0,0,11420,0,506,0,0.0,1.31319623
GHSL_UCDB_THEME_GREENNESS_GLOBE_R2024A,GR_SHB_HGR_2025,11420,0,11422,2,0,0,11420,0,423,0,0.0,1.30891174
GHSL_UCDB_THEME_GREENNESS_GLOBE_R2024A,GR_SHB_GRN_1985,11420,0,11422,2,0,0,11420,0,3470,0,0.0,7.607192254
GHSL_UCDB_THEME_GREENNESS_GLOBE_R2024A,GR_SHB_GRN_1990,11420,0,11422,2,0,0,11420,0,268,0,0.0,6.944444444
GHSL_UCDB_THEME_GREENNESS_GLOBE_R2024A,GR_SHB_GRN_1995,11420,0,11422,2,0,0,11420,0,667,0,0.0,6.82382134
GHSL_UCDB_THEME_GREENNESS_GLOBE_R2024A,GR_SHB_GRN_2000,11420,0,11422,2,0,0,11420,0,41,0,0.0,6.707317073
GHSL_UCDB_THEME_GREENNESS_GLOBE_R2024A,GR_SHB_GRN_2005,11420,0,11422,2,0,0,11420,0,21,0,0.0,8.43373494
GHSL_UCDB_THEME_GREENNESS_GLOBE_R2024A,GR_SHB_GRN_2010,11420,0,11422,2,0,0,11420,0,39,0,0.0,7.326732673
GHSL_UCDB_THEME_GREENNESS_GLOBE_R2024A,GR_SHB_GRN_2015,11420,0,11422,2,0,0,11420,0,0,0,0.004934227,5.9215396
GHSL_UCDB_THEME_GREENNESS_GLOBE_R2024A,GR_SHB_GRN_2020,11420,0,11422,2,0,0,11420,0,0,0,0.003788898,3.004595263
GHSL_UCDB_THEME_GREENNESS_GLOBE_R2024A,GR_SHB_GRN_2025,11420,0,11422,2,0,0,11420,0,0,0,0.000204899,3.004595263
GHSL_UCDB_THEME_HAZARD_RISK_GLOBE_R2024A,ID_UC_G0,11422,0,11422,0,0,0,11422,0,0,0,1,11686
GHSL_UCDB_THEME_HAZARD_RISK_GLOBE_R2024A,GC_UCN_MAI_2025,11408,0,11422,14,0,11408,0,0,0,0,,
GHSL_UCDB_THEME_HAZARD_RISK_GLOBE_R2024A,GC_CNT_GAD_2025,11422,0,11422,0,0,11422,0,0,0,0,,
GHSL_UCDB_THEME_HAZARD_RISK_GLOBE_R2024A,GC_UCA_KM2_2025,11422,0,11422,0,0,0,11422,0,0,0,1,6611
GHSL_UCDB_THEME_HAZARD_RISK_GLOBE_R2024A,GC_POP_TOT_2025,11422,0,11422,0,0,0,11422,0,0,0,50007.75,42987704.03
GHSL_UCDB_THEME_HAZARD_RISK_GLOBE_R2024A,GC_DEV_WIG_2025,11413,0,11422,9,0,11413,0,0,0,0,,
GHSL_UCDB_THEME_HAZARD_RISK_GLOBE_R2024A,GC_DEV_USR_2025,11422,0,11422,0,0,11422,0,0,0,0,,
GHSL_UCDB_THEME_HAZARD_RISK_GLOBE_R2024A,HZ_WLF_BHA_2015,11422,0,11422,0,0,0,11422,0,11355,0,0,1157
GHSL_UCDB_THEME_HAZARD_RISK_GLOBE_R2024A,HZ_WLF_BHA_2020,11422,0,11422,0,0,0,11422,0,11319,0,0,1626
GHSL_UCDB_THEME_HAZARD_RISK_GLOBE_R2024A,HZ_WLF_BHA_2024,11422,0,11422,0,0,0,11422,0,11343,0,0,3147
GHSL_UCDB_THEME_HAZARD_RISK_GLOBE_R2024A,HZ_WLF_NUM_2015,11422,0,11422,0,0,0,11422,0,11355,0,0,5
GHSL_UCDB_THEME_HAZARD_RISK_GLOBE_R2024A,HZ_WLF_NUM_2020,11422,0,11422,0,0,0,11422,0,11319,0,0,8
GHSL_UCDB_THEME_HAZARD_RISK_GLOBE_R2024A,HZ_WLF_NUM_2024,11422,0,11422,0,0,0,11422,0,11343,0,0,16
GHSL_UCDB_THEME_HAZARD_RISK_GLOBE_R2024A,HZ_CON_VAC_2000,11422,0,11422,0,0,0,11422,0,11152,0,0,122
GHSL_UCDB_THEME_HAZARD_RISK_GLOBE_R2024A,HZ_CON_VAC_2005,11422,0,11422,0,0,0,11422,0,11153,0,0,339
GHSL_UCDB_THEME_HAZARD_RISK_GLOBE_R2024A,HZ_CON_VAC_2010,11422,0,11422,0,0,0,11422,0,10828,0,0,274
GHSL_UCDB_THEME_HAZARD_RISK_GLOBE_R2024A,HZ_CON_VAC_2015,11422,0,11422,0,0,0,11422,0,10191,0,0,1162
GHSL_UCDB_THEME_HAZARD_RISK_GLOBE_R2024A,HZ_CON_VAC_2020,11422,0,11422,0,0,0,11422,0,8009,0,0,1001
GHSL_UCDB_THEME_HAZARD_RISK_GLOBE_R2024A,HZ_CON_BAT_2000,11422,0,11422,0,0,0,11422,0,11113,0,0,284
GHSL_UCDB_THEME_HAZARD_RISK_GLOBE_R2024A,HZ_CON_BAT_2005,11422,0,11422,0,0,0,11422,0,11160,0,0,130
GHSL_UCDB_THEME_HAZARD_RISK_GLOBE_R2024A,HZ_CON_BAT_2010,11422,0,11422,0,0,0,11422,0,10905,0,0,733
GHSL_UCDB_THEME_HAZARD_RISK_GLOBE_R2024A,HZ_CON_BAT_2015,11422,0,11422,0,0,0,11422,0,10403,0,0,843
GHSL_UCDB_THEME_HAZARD_RISK_GLOBE_R2024A,HZ_CON_BAT_2020,11422,0,11422,0,0,0,11422,0,9437,0,0,4013
GHSL_UCDB_THEME_HAZARD_RISK_GLOBE_R2024A,HZ_CON_SDV_2000,11422,0,11422,0,0,0,11422,0,11303,0,0,31
GHSL_UCDB_THEME_HAZARD_RISK_GLOBE_R2024A,HZ_CON_SDV_2005,11422,0,11422,0,0,0,11422,0,11338,0,0,12
GHSL_UCDB_THEME_HAZARD_RISK_GLOBE_R2024A,HZ_CON_SDV_2010,11422,0,11422,0,0,0,11422,0,11168,0,0,88
GHSL_UCDB_THEME_HAZARD_RISK_GLOBE_R2024A,HZ_CON_SDV_2015,11422,0,11422,0,0,0,11422,0,10764,0,0,165
GHSL_UCDB_THEME_HAZARD_RISK_GLOBE_R2024A,HZ_CON_SDV_2020,11422,0,11422,0,0,0,11422,0,8751,0,0,496
GHSL_UCDB_THEME_HAZARD_RISK_GLOBE_R2024A,HZ_CON_RIO_2000,11422,0,11422,0,0,0,11422,0,11276,0,0,58
GHSL_UCDB_THEME_HAZARD_RISK_GLOBE_R2024A,HZ_CON_RIO_2005,11422,0,11422,0,0,0,11422,0,11235,0,0,23
GHSL_UCDB_THEME_HAZARD_RISK_GLOBE_R2024A,HZ_CON_RIO_2010,11422,0,11422,0,0,0,11422,0,10857,0,0,540
GHSL_UCDB_THEME_HAZARD_RISK_GLOBE_R2024A,HZ_CON_RIO_2015,11422,0,11422,0,0,0,11422,0,9994,0,0,1046
GHSL_UCDB_THEME_HAZARD_RISK_GLOBE_R2024A,HZ_CON_RIO_2020,11422,0,11422,0,0,0,11422,0,7682,0,0,1429
GHSL_UCDB_THEME_HAZARD_RISK_GLOBE_R2024A,HZ_CON_PRO_2000,11422,0,11422,0,0,0,11422,0,11299,0,0,41
GHSL_UCDB_THEME_HAZARD_RISK_GLOBE_R2024A,HZ_CON_PRO_2005,11422,0,11422,0,0,0,11422,0,11210,0,0,43
GHSL_UCDB_THEME_HAZARD_RISK_GLOBE_R2024A,HZ_CON_PRO_2010,11422,0,11422,0,0,0,11422,0,10760,0,0,710
GHSL_UCDB_THEME_HAZARD_RISK_GLOBE_R2024A,HZ_CON_PRO_2015,11422,0,11422,0,0,0,11422,0,9264,0,0,1808
GHSL_UCDB_THEME_HAZARD_RISK_GLOBE_R2024A,HZ_CON_PRO_2020,11422,0,11422,0,0,0,11422,0,4810,0,0,7623
GHSL_UCDB_THEME_HAZARD_RISK_GLOBE_R2024A,HZ_CON_ERV_2000,11422,0,11422,0,0,0,11422,0,11342,0,0,21
GHSL_UCDB_THEME_HAZARD_RISK_GLOBE_R2024A,HZ_CON_ERV_2005,11422,0,11422,0,0,0,11422,0,11350,0,0,69
GHSL_UCDB_THEME_HAZARD_RISK_GLOBE_R2024A,HZ_CON_ERV_2010,11422,0,11422,0,0,0,11422,0,11171,0,0,385
GHSL_UCDB_THEME_HAZARD_RISK_GLOBE_R2024A,HZ_CON_ERV_2015,11422,0,11422,0,0,0,11422,0,10852,0,0,948
GHSL_UCDB_THEME_HAZARD_RISK_GLOBE_R2024A,HZ_CON_ERV_2020,11422,0,11422,0,0,0,11422,0,10533,0,0,1108
GHSL_UCDB_THEME_HAZARD_RISK_GLOBE_R2024A,HZ_CON_TOT_2000,11422,0,11422,0,0,0,11422,0,10924,0,0,293
GHSL_UCDB_THEME_HAZARD_RISK_GLOBE_R2024A,HZ_CON_TOT_2005,11422,0,11422,0,0,0,11422,0,10893,0,0,399
GHSL_UCDB_THEME_HAZARD_RISK_GLOBE_R2024A,HZ_CON_TOT_2010,11422,0,11422,0,0,0,11422,0,10260,0,0,1383
GHSL_UCDB_THEME_HAZARD_RISK_GLOBE_R2024A,HZ_CON_TOT_2015,11422,0,11422,0,0,0,11422,0,8385,0,0,2875
GHSL_UCDB_THEME_HAZARD_RISK_GLOBE_R2024A,HZ_CON_TOT_2020,11422,0,11422,0,0,0,11422,0,3662,0,0,7719
GHSL_UCDB_THEME_HAZARD_RISK_GLOBE_R2024A,HZ_CON_SBC_1990,11422,0,11422,0,0,0,11422,0,11092,0,0,125
GHSL_UCDB_THEME_HAZARD_RISK_GLOBE_R2024A,HZ_CON_SBC_1995,11422,0,11422,0,0,0,11422,0,11085,0,0,343
GHSL_UCDB_THEME_HAZARD_RISK_GLOBE_R2024A,HZ_CON_SBC_2000,11422,0,11422,0,0,0,11422,0,11053,0,0,84
GHSL_UCDB_THEME_HAZARD_RISK_GLOBE_R2024A,HZ_CON_SBC_2005,11422,0,11422,0,0,0,11422,0,11081,0,0,239
GHSL_UCDB_THEME_HAZARD_RISK_GLOBE_R2024A,HZ_CON_SBC_2010,11422,0,11422,0,0,0,11422,0,11033,0,0,475
GHSL_UCDB_THEME_HAZARD_RISK_GLOBE_R2024A,HZ_CON_SBC_2015,11422,0,11422,0,0,0,11422,0,10957,0,0,4118
GHSL_UCDB_THEME_HAZARD_RISK_GLOBE_R2024A,HZ_CON_SBC_2020,11422,0,11422,0,0,0,11422,0,10969,0,0,215
GHSL_UCDB_THEME_HAZARD_RISK_GLOBE_R2024A,HZ_CON_NSC_1990,11422,0,11422,0,0,0,11422,0,11341,0,0,162
GHSL_UCDB_THEME_HAZARD_RISK_GLOBE_R2024A,HZ_CON_NSC_1995,11422,0,11422,0,0,0,11422,0,11344,0,0,61
GHSL_UCDB_THEME_HAZARD_RISK_GLOBE_R2024A,HZ_CON_NSC_2000,11422,0,11422,0,0,0,11422,0,11321,0,0,43
GHSL_UCDB_THEME_HAZARD_RISK_GLOBE_R2024A,HZ_CON_NSC_2005,11422,0,11422,0,0,0,11422,0,11318,0,0,49
GHSL_UCDB_THEME_HAZARD_RISK_GLOBE_R2024A,HZ_CON_NSC_2010,11422,0,11422,0,0,0,11422,0,11289,0,0,465
GHSL_UCDB_THEME_HAZARD_RISK_GLOBE_R2024A,HZ_CON_NSC_2015,11422,0,11422,0,0,0,11422,0,11229,0,0,296
GHSL_UCDB_THEME_HAZARD_RISK_GLOBE_R2024A,HZ_CON_NSC_2020,11422,0,11422,0,0,0,11422,0,11133,0,0,1222
GHSL_UCDB_THEME_HAZARD_RISK_GLOBE_R2024A,HZ_CON_OSV_1990,11422,0,11422,0,0,0,11422,0,11176,0,0,84
GHSL_UCDB_THEME_HAZARD_RISK_GLOBE_R2024A,HZ_CON_OSV_1995,11422,0,11422,0,0,0,11422,0,11197,0,0,92
GHSL_UCDB_THEME_HAZARD_RISK_GLOBE_R2024A,HZ_CON_OSV_2000,11422,0,11422,0,0,0,11422,0,11175,0,0,47
GHSL_UCDB_THEME_HAZARD_RISK_GLOBE_R2024A,HZ_CON_OSV_2005,11422,0,11422,0,0,0,11422,0,11154,0,0,74
GHSL_UCDB_THEME_HAZARD_RISK_GLOBE_R2024A,HZ_CON_OSV_2010,11422,0,11422,0,0,0,11422,0,11151,0,0,196
GHSL_UCDB_THEME_HAZARD_RISK_GLOBE_R2024A,HZ_CON_OSV_2015,11422,0,11422,0,0,0,11422,0,11081,0,0,187
GHSL_UCDB_THEME_HAZARD_RISK_GLOBE_R2024A,HZ_CON_OSV_2020,11422,0,11422,0,0,0,11422,0,11001,0,0,59
GHSL_UCDB_THEME_HAZARD_RISK_GLOBE_R2024A,HZ_CON_FAT_1990,11422,0,11422,0,0,0,11422,0,10960,0,0,16060
GHSL_UCDB_THEME_HAZARD_RISK_GLOBE_R2024A,HZ_CON_FAT_1995,11422,0,11422,0,0,0,11422,0,10963,0,0,50571
GHSL_UCDB_THEME_HAZARD_RISK_GLOBE_R2024A,HZ_CON_FAT_2000,11422,0,11422,0,0,0,11422,0,10901,0,0,2847
GHSL_UCDB_THEME_HAZARD_RISK_GLOBE_R2024A,HZ_CON_FAT_2005,11422,0,11422,0,0,0,11422,0,10908,0,0,2075
GHSL_UCDB_THEME_HAZARD_RISK_GLOBE_R2024A,HZ_CON_FAT_2010,11422,0,11422,0,0,0,11422,0,10837,0,0,6510
GHSL_UCDB_THEME_HAZARD_RISK_GLOBE_R2024A,HZ_CON_FAT_2015,11422,0,11422,0,0,0,11422,0,10742,0,0,17246
GHSL_UCDB_THEME_HAZARD_RISK_GLOBE_R2024A,HZ_CON_FAT_2020,11422,0,11422,0,0,0,11422,0,10570,0,0,3152
GHSL_UCDB_THEME_HAZARD_RISK_GLOBE_R2024A,HZ_CEV_TEV_2005,11286,0,11422,136,0,0,11286,0,0,0,1.0,3951.0
GHSL_UCDB_THEME_HAZARD_RISK_GLOBE_R2024A,HZ_CEV_TEV_2010,11332,0,11422,90,0,0,11332,0,0,0,1.0,4018.0
GHSL_UCDB_THEME_HAZARD_RISK_GLOBE_R2024A,HZ_CEV_TEV_2015,11362,0,11422,60,0,0,11362,0,0,0,1.0,3297.0
GHSL_UCDB_THEME_HAZARD_RISK_GLOBE_R2024A,HZ_CEV_THZ_2005,11286,0,11422,136,0,0,11286,0,0,0,1.0,30.0
GHSL_UCDB_THEME_HAZARD_RISK_GLOBE_R2024A,HZ_CEV_THZ_2010,11332,0,11422,90,0,0,11332,0,0,0,1.0,44.0
GHSL_UCDB_THEME_HAZARD_RISK_GLOBE_R2024A,HZ_CEV_THZ_2015,11362,0,11422,60,0,0,11362,0,0,0,1.0,30.0
GHSL_UCDB_THEME_HAZARD_RISK_GLOBE_R2024A,HZ_CEV_MHZ_2005,11286,0,11422,136,0,0,11286,0,0,0,1.0,8.0
GHSL_UCDB_THEME_HAZARD_RISK_GLOBE_R2024A,HZ_CEV_MHZ_2010,11332,0,11422,90,0,0,11332,0,0,0,1.0,9.0
GHSL_UCDB_THEME_HAZARD_RISK_GLOBE_R2024A,HZ_CEV_MHZ_2015,11362,0,11422,60,0,0,11362,0,0,0,1.0,6.0
GHSL_UCDB_THEME_HAZARD_RISK_GLOBE_R2024A,HZ_CEV_EWI_2005,8998,0,11422,2424,0,0,8998,0,0,0,1.0,9.0
GHSL_UCDB_THEME_HAZARD_RISK_GLOBE_R2024A,HZ_CEV_HEW_2005,8247,0,11422,3175,0,0,8247,0,0,0,1.0,15.0
GHSL_UCDB_THEME_HAZARD_RISK_GLOBE_R2024A,HZ_CEV_DRO_2005,7771,0,11422,3651,0,0,7771,0,0,0,1.0,5.0
GHSL_UCDB_THEME_HAZARD_RISK_GLOBE_R2024A,HZ_CEV_COW_2005,3460,0,11422,7962,0,0,3460,0,0,0,1.0,6.0
GHSL_UCDB_THEME_HAZARD_RISK_GLOBE_R2024A,HZ_CEV_FLO_2005,3247,0,11422,8175,0,0,3247,0,0,0,1.0,17.0
GHSL_UCDB_THEME_HAZARD_RISK_GLOBE_R2024A,HZ_CEV_TSU_2005,1027,0,11422,10395,0,0,1027,0,0,0,1.0,5.0
GHSL_UCDB_THEME_HAZARD_RISK_GLOBE_R2024A,HZ_CEV_TCY_2005,1888,0,11422,9534,0,0,1888,0,0,0,1.0,12.0
GHSL_UCDB_THEME_HAZARD_RISK_GLOBE_R2024A,HZ_CEV_WLF_2005,152,0,11422,11270,0,0,152,0,0,0,1.0,4.0
GHSL_UCDB_THEME_HAZARD_RISK_GLOBE_R2024A,HZ_CEV_LAN_2005,236,0,11422,11186,0,0,236,0,0,0,1.0,11.0
GHSL_UCDB_THEME_HAZARD_RISK_GLOBE_R2024A,HZ_CEV_EAR_2005,257,0,11422,11165,0,0,257,0,0,0,1.0,9.0
GHSL_UCDB_THEME_HAZARD_RISK_GLOBE_R2024A,HZ_CEV_VOL_2005,13,0,11422,11409,0,0,13,0,0,0,1.0,2.0
GHSL_UCDB_THEME_HAZARD_RISK_GLOBE_R2024A,HZ_CEV_EWI_2010,9321,0,11422,2101,0,0,9321,0,0,0,1.0,10.0
GHSL_UCDB_THEME_HAZARD_RISK_GLOBE_R2024A,HZ_CEV_HEW_2010,9569,0,11422,1853,0,0,9569,0,0,0,1.0,11.0
GHSL_UCDB_THEME_HAZARD_RISK_GLOBE_R2024A,HZ_CEV_DRO_2010,8829,0,11422,2593,0,0,8829,0,0,0,1.0,5.0
GHSL_UCDB_THEME_HAZARD_RISK_GLOBE_R2024A,HZ_CEV_COW_2010,3916,0,11422,7506,0,0,3916,0,0,0,1.0,5.0
GHSL_UCDB_THEME_HAZARD_RISK_GLOBE_R2024A,HZ_CEV_FLO_2010,2398,0,11422,9024,0,0,2398,0,0,0,1.0,9.0
GHSL_UCDB_THEME_HAZARD_RISK_GLOBE_R2024A,HZ_CEV_TSU_2010,557,0,11422,10865,0,0,557,0,0,0,1.0,10.0
GHSL_UCDB_THEME_HAZARD_RISK_GLOBE_R2024A,HZ_CEV_TCY_2010,2825,0,11422,8597,0,0,2825,0,0,0,1.0,14.0
GHSL_UCDB_THEME_HAZARD_RISK_GLOBE_R2024A,HZ_CEV_WLF_2010,87,0,11422,11335,0,0,87,0,0,0,1.0,3.0
GHSL_UCDB_THEME_HAZARD_RISK_GLOBE_R2024A,HZ_CEV_LAN_2010,212,0,11422,11210,0,0,212,0,0,0,1.0,28.0
GHSL_UCDB_THEME_HAZARD_RISK_GLOBE_R2024A,HZ_CEV_EAR_2010,200,0,11422,11222,0,0,200,0,0,0,1.0,8.0
GHSL_UCDB_THEME_HAZARD_RISK_GLOBE_R2024A,HZ_CEV_VOL_2010,33,0,11422,11389,0,0,33,0,0,0,1.0,3.0
GHSL_UCDB_THEME_HAZARD_RISK_GLOBE_R2024A,HZ_CEV_EWI_2015,8848,0,11422,2574,0,0,8848,0,0,0,1.0,11.0
GHSL_UCDB_THEME_HAZARD_RISK_GLOBE_R2024A,HZ_CEV_HEW_2015,10771,0,11422,651,0,0,10771,0,0,0,1.0,17.0
GHSL_UCDB_THEME_HAZARD_RISK_GLOBE_R2024A,HZ_CEV_DRO_2015,6953,0,11422,4469,0,0,6953,0,0,0,1.0,7.0
GHSL_UCDB_THEME_HAZARD_RISK_GLOBE_R2024A,HZ_CEV_COW_2015,2425,0,11422,8997,0,0,2425,0,0,0,1.0,5.0
GHSL_UCDB_THEME_HAZARD_RISK_GLOBE_R2024A,HZ_CEV_FLO_2015,1801,0,11422,9621,0,0,1801,0,0,0,1.0,9.0
GHSL_UCDB_THEME_HAZARD_RISK_GLOBE_R2024A,HZ_CEV_TSU_2015,280,0,11422,11142,0,0,280,0,0,0,1.0,7.0
GHSL_UCDB_THEME_HAZARD_RISK_GLOBE_R2024A,HZ_CEV_TCY_2015,2555,0,11422,8867,0,0,2555,0,0,0,1.0,14.0
GHSL_UCDB_THEME_HAZARD_RISK_GLOBE_R2024A,HZ_CEV_WLF_2015,119,0,11422,11303,0,0,119,0,0,0,1.0,6.0
GHSL_UCDB_THEME_HAZARD_RISK_GLOBE_R2024A,HZ_CEV_LAN_2015,178,0,11422,11244,0,0,178,0,0,0,1.0,7.0
GHSL_UCDB_THEME_HAZARD_RISK_GLOBE_R2024A,HZ_CEV_EAR_2015,390,0,11422,11032,0,0,390,0,0,0,1.0,5.0
GHSL_UCDB_THEME_HAZARD_RISK_GLOBE_R2024A,HZ_CEV_VOL_2015,7,0,11422,11415,0,0,7,0,0,0,1.0,2.0
GHSL_UCDB_THEME_HEALTH_GLOBE_R2024A,ID_UC_G0,11422,0,11422,0,0,0,11422,0,0,0,1,11686
GHSL_UCDB_THEME_HEALTH_GLOBE_R2024A,GC_UCN_MAI_2025,11408,0,11422,14,0,11408,0,0,0,0,,
GHSL_UCDB_THEME_HEALTH_GLOBE_R2024A,GC_CNT_GAD_2025,11422,0,11422,0,0,11422,0,0,0,0,,
GHSL_UCDB_THEME_HEALTH_GLOBE_R2024A,GC_UCA_KM2_2025,11422,0,11422,0,0,0,11422,0,0,0,1,6611
GHSL_UCDB_THEME_HEALTH_GLOBE_R2024A,GC_POP_TOT_2025,11422,0,11422,0,0,0,11422,0,0,0,50007.74637,42987704.03
GHSL_UCDB_THEME_HEALTH_GLOBE_R2024A,GC_DEV_WIG_2025,11413,0,11422,9,0,11413,0,0,0,0,,
GHSL_UCDB_THEME_HEALTH_GLOBE_R2024A,GC_DEV_USR_2025,11422,0,11422,0,0,11422,0,0,0,0,,
GHSL_UCDB_THEME_HEALTH_GLOBE_R2024A,HL_FCL_HOS_2024,6237,0,11422,5185,0,0,6237,0,0,0,2.0,1016.0
GHSL_UCDB_THEME_HEALTH_GLOBE_R2024A,HL_FCL_PHA_2024,2396,0,11422,9026,0,0,2396,0,0,0,2.0,1096.0
GHSL_UCDB_THEME_HEALTH_GLOBE_R2024A,HL_FDE_HOS_2024,6237,0,11422,5185,0,0,6237,0,0,0,0.000631712,3.666666667
GHSL_UCDB_THEME_HEALTH_GLOBE_R2024A,HL_FDE_PHA_2024,2396,0,11422,9026,0,0,2396,0,0,0,0.000309885,6.444444444
GHSL_UCDB_THEME_HEALTH_GLOBE_R2024A,HL_FPC_HOS_2025,6237,0,11422,5185,0,0,6237,0,0,0,2.05e-07,0.000700784
GHSL_UCDB_THEME_HEALTH_GLOBE_R2024A,HL_FPC_PHA_2025,2396,0,11422,9026,0,0,2396,0,0,0,4.65e-08,0.001444742
GHSL_UCDB_THEME_HEALTH_GLOBE_R2024A,HL_POP_HOS_2025,6434,0,11422,4988,0,0,6434,0,0,0,0.137336268,16529327.31
GHSL_UCDB_THEME_HEALTH_GLOBE_R2024A,HL_POP_PHA_2025,2470,0,11422,8952,0,0,2470,0,0,0,5.659846518,10076199.93
GHSL_UCDB_THEME_HEALTH_GLOBE_R2024A,HL_SHP_HOS_2025,6434,0,11422,4988,0,0,6434,0,0,0,0.000141765,100.0
GHSL_UCDB_THEME_HEALTH_GLOBE_R2024A,HL_SHP_PHA_2025,2470,0,11422,8952,0,0,2470,0,0,0,0.003760651,98.87450975
GHSL_UCDB_THEME_INFRASTRUCTURES_GLOBE_R2024A,ID_UC_G0,11422,0,11422,0,0,0,11422,0,0,0,1,11686
GHSL_UCDB_THEME_INFRASTRUCTURES_GLOBE_R2024A,GC_UCN_MAI_2025,11408,0,11422,14,0,11408,0,0,0,0,,
GHSL_UCDB_THEME_INFRASTRUCTURES_GLOBE_R2024A,GC_CNT_GAD_2025,11422,0,11422,0,0,11422,0,0,0,0,,
GHSL_UCDB_THEME_INFRASTRUCTURES_GLOBE_R2024A,GC_UCA_KM2_2025,11422,0,11422,0,0,0,11422,0,0,0,1,6611
GHSL_UCDB_THEME_INFRASTRUCTURES_GLOBE_R2024A,GC_POP_TOT_2025,11422,0,11422,0,0,0,11422,0,0,0,50007.74637,42987704.03
GHSL_UCDB_THEME_INFRASTRUCTURES_GLOBE_R2024A,GC_DEV_WIG_2025,11413,0,11422,9,0,11413,0,0,0,0,,
GHSL_UCDB_THEME_INFRASTRUCTURES_GLOBE_R2024A,GC_DEV_USR_2025,11422,0,11422,0,0,11422,0,0,0,0,,
GHSL_UCDB_THEME_INFRASTRUCTURES_GLOBE_R2024A,IN_CIS_ENE_2020,11422,0,11422,0,0,0,11422,0,1330,0,0.0,0.228656379
GHSL_UCDB_THEME_INFRASTRUCTURES_GLOBE_R2024A,IN_CIS_TRA_2020,11422,0,11422,0,0,0,11422,0,19,0,0.0,0.210805083
GHSL_UCDB_THEME_INFRASTRUCTURES_GLOBE_R2024A,IN_CIS_WAT_2020,11422,0,11422,0,0,0,11422,0,5639,0,0.0,0.179623744
GHSL_UCDB_THEME_INFRASTRUCTURES_GLOBE_R2024A,IN_CIS_WAS_2020,11422,0,11422,0,0,0,11422,0,7958,0,0.0,0.29926617
GHSL_UCDB_THEME_INFRASTRUCTURES_GLOBE_R2024A,IN_CIS_TEL_2020,11422,0,11422,0,0,0,11422,0,5533,0,0.0,0.283108132
GHSL_UCDB_THEME_INFRASTRUCTURES_GLOBE_R2024A,IN_CIS_HEA_2020,11422,0,11422,0,0,0,11422,0,1936,0,0.0,0.209706722
GHSL_UCDB_THEME_INFRASTRUCTURES_GLOBE_R2024A,IN_CIS_EDU_2020,11422,0,11422,0,0,0,11422,0,2662,0,0.0,0.271613793
GHSL_UCDB_THEME_INFRASTRUCTURES_GLOBE_R2024A,IN_CIS_ALL_2020,11422,0,11422,0,0,0,11422,0,19,0,0.0,1.0
GHSL_UCDB_THEME_INFRASTRUCTURES_GLOBE_R2024A,IN_ROA_LEN_2024,11410,0,11422,12,0,0,11410,0,0,0,122.3391951,129795090.4
GHSL_UCDB_THEME_INFRASTRUCTURES_GLOBE_R2024A,IN_ROA_DEN_2024,11410,0,11422,12,0,0,11410,0,0,0,4.21e-06,0.058291655
GHSL_UCDB_THEME_LULC_GLOBE_R2024A,ID_UC_G0,11422,0,11422,0,0,0,11422,0,0,0,1,11686
GHSL_UCDB_THEME_LULC_GLOBE_R2024A,GC_UCN_MAI_2025,11408,0,11422,14,0,11408,0,0,0,0,,
GHSL_UCDB_THEME_LULC_GLOBE_R2024A,GC_CNT_GAD_2025,11422,0,11422,0,0,11422,0,0,0,0,,
GHSL_UCDB_THEME_LULC_GLOBE_R2024A,GC_UCA_KM2_2025,11422,0,11422,0,0,0,11422,0,0,0,1,6611
GHSL_UCDB_THEME_LULC_GLOBE_R2024A,GC_POP_TOT_2025,11422,0,11422,0,0,0,11422,0,0,0,50007.74637,42987704.03
GHSL_UCDB_THEME_LULC_GLOBE_R2024A,GC_DEV_WIG_2025,11413,0,11422,9,0,11413,0,0,0,0,,
GHSL_UCDB_THEME_LULC_GLOBE_R2024A,GC_DEV_USR_2025,11422,0,11422,0,0,11422,0,0,0,0,,
GHSL_UCDB_THEME_LULC_GLOBE_R2024A,LU_HEC_020_2015,11422,0,11422,0,0,0,11422,0,10634,0,0.0,22919.46187
GHSL_UCDB_THEME_LULC_GLOBE_R2024A,LU_HEC_030_2015,11422,0,11422,0,0,0,11422,0,9448,0,0.0,52701.87181
GHSL_UCDB_THEME_LULC_GLOBE_R2024A,LU_HEC_040_2015,11422,0,11422,0,0,0,11422,0,3457,0,0.0,377355.9844
GHSL_UCDB_THEME_LULC_GLOBE_R2024A,LU_HEC_050_2015,11422,0,11422,0,0,0,11422,0,5332,0,0.0,523112.7038
GHSL_UCDB_THEME_LULC_GLOBE_R2024A,LU_HEC_060_2015,11422,0,11422,0,0,0,11422,0,10820,0,0.0,50684.68992
GHSL_UCDB_THEME_LULC_GLOBE_R2024A,LU_HEC_070_2015,11422,0,11422,0,0,0,11422,0,11422,0,0,0
GHSL_UCDB_THEME_LULC_GLOBE_R2024A,LU_HEC_080_2015,11422,0,11422,0,0,0,11422,0,10673,0,0.0,40566.16919
GHSL_UCDB_THEME_LULC_GLOBE_R2024A,LU_HEC_090_2015,11422,0,11422,0,0,0,11422,0,11207,0,0.0,10997.80116
GHSL_UCDB_THEME_LULC_GLOBE_R2024A,LU_HEC_100_2015,11422,0,11422,0,0,0,11422,0,11422,0,0,0
GHSL_UCDB_THEME_LULC_GLOBE_R2024A,LU_HEC_111_2015,11422,0,11422,0,0,0,11422,0,10988,0,0.0,21026.03576
GHSL_UCDB_THEME_LULC_GLOBE_R2024A,LU_HEC_112_2015,11422,0,11422,0,0,0,11422,0,9686,0,0.0,174782.5473
GHSL_UCDB_THEME_LULC_GLOBE_R2024A,LU_HEC_113_2015,11422,0,11422,0,0,0,11422,0,11412,0,0.0,1533.477026
GHSL_UCDB_THEME_LULC_GLOBE_R2024A,LU_HEC_114_2015,11422,0,11422,0,0,0,11422,0,10762,0,0.0,14423.51037
GHSL_UCDB_THEME_LULC_GLOBE_R2024A,LU_HEC_115_2015,11422,0,11422,0,0,0,11422,0,11209,0,0.0,6702.144971
GHSL_UCDB_THEME_LULC_GLOBE_R2024A,LU_HEC_116_2015,11422,0,11422,0,0,0,11422,0,11066,0,0.0,8416.51236
GHSL_UCDB_THEME_LULC_GLOBE_R2024A,LU_HEC_121_2015,11422,0,11422,0,0,0,11422,0,11410,0,0.0,1817.381562
GHSL_UCDB_THEME_LULC_GLOBE_R2024A,LU_HEC_122_2015,11422,0,11422,0,0,0,11422,0,11223,0,0.0,5086.023146
GHSL_UCDB_THEME_LULC_GLOBE_R2024A,LU_HEC_123_2015,11422,0,11422,0,0,0,11422,0,11422,0,0,0
GHSL_UCDB_THEME_LULC_GLOBE_R2024A,LU_HEC_124_2015,11422,0,11422,0,0,0,11422,0,11370,0,0.0,2884.849751
GHSL_UCDB_THEME_LULC_GLOBE_R2024A,LU_HEC_125_2015,11422,0,11422,0,0,0,11422,0,11381,0,0.0,2709.18189
GHSL_UCDB_THEME_LULC_GLOBE_R2024A,LU_HEC_126_2015,11422,0,11422,0,0,0,11422,0,9251,0,0.0,43919.99946
GHSL_UCDB_THEME_LULC_GLOBE_R2024A,LU_HEC_020_2019,11422,0,11422,0,0,0,11422,0,10654,0,0.0,25143.14601
GHSL_UCDB_THEME_LULC_GLOBE_R2024A,LU_HEC_030_2019,11422,0,11422,0,0,0,11422,0,9487,0,0.0,50931.18482
GHSL_UCDB_THEME_LULC_GLOBE_R2024A,LU_HEC_040_2019,11422,0,11422,0,0,0,11422,0,3464,0,0.0,378932.9195
GHSL_UCDB_THEME_LULC_GLOBE_R2024A,LU_HEC_050_2019,11422,0,11422,0,0,0,11422,0,5293,0,0.0,522048.0761
GHSL_UCDB_THEME_LULC_GLOBE_R2024A,LU_HEC_060_2019,11422,0,11422,0,0,0,11422,0,10872,0,0.0,47143.31593
GHSL_UCDB_THEME_LULC_GLOBE_R2024A,LU_HEC_070_2019,11422,0,11422,0,0,0,11422,0,11422,0,0,0
GHSL_UCDB_THEME_LULC_GLOBE_R2024A,LU_HEC_080_2019,11422,0,11422,0,0,0,11422,0,10657,0,0.0,28699.61124
GHSL_UCDB_THEME_LULC_GLOBE_R2024A,LU_HEC_090_2019,11422,0,11422,0,0,0,11422,0,11053,0,0.0,21803.8421
GHSL_UCDB_THEME_LULC_GLOBE_R2024A,LU_HEC_100_2019,11422,0,11422,0,0,0,11422,0,11422,0,0,0
GHSL_UCDB_THEME_LULC_GLOBE_R2024A,LU_HEC_111_2019,11422,0,11422,0,0,0,11422,0,10989,0,0.0,21026.03576
GHSL_UCDB_THEME_LULC_GLOBE_R2024A,LU_HEC_112_2019,11422,0,11422,0,0,0,11422,0,9688,0,0.0,174782.5473
GHSL_UCDB_THEME_LULC_GLOBE_R2024A,LU_HEC_113_2019,11422,0,11422,0,0,0,11422,0,11412,0,0.0,1719.045781
GHSL_UCDB_THEME_LULC_GLOBE_R2024A,LU_HEC_114_2019,11422,0,11422,0,0,0,11422,0,10760,0,0.0,14423.51037
GHSL_UCDB_THEME_LULC_GLOBE_R2024A,LU_HEC_115_2019,11422,0,11422,0,0,0,11422,0,11210,0,0.0,6702.144971
GHSL_UCDB_THEME_LULC_GLOBE_R2024A,LU_HEC_116_2019,11422,0,11422,0,0,0,11422,0,11061,0,0.0,9123.266548
GHSL_UCDB_THEME_LULC_GLOBE_R2024A,LU_HEC_121_2019,11422,0,11422,0,0,0,11422,0,11409,0,0.0,1817.381562
GHSL_UCDB_THEME_LULC_GLOBE_R2024A,LU_HEC_122_2019,11422,0,11422,0,0,0,11422,0,11227,0,0.0,5086.023146
GHSL_UCDB_THEME_LULC_GLOBE_R2024A,LU_HEC_123_2019,11422,0,11422,0,0,0,11422,0,11422,0,0,0
GHSL_UCDB_THEME_LULC_GLOBE_R2024A,LU_HEC_124_2019,11422,0,11422,0,0,0,11422,0,11370,0,0.0,2884.849751
GHSL_UCDB_THEME_LULC_GLOBE_R2024A,LU_HEC_125_2019,11422,0,11422,0,0,0,11422,0,11383,0,0.0,2709.18189
GHSL_UCDB_THEME_LULC_GLOBE_R2024A,LU_HEC_126_2019,11422,0,11422,0,0,0,11422,0,9287,0,0.0,42917.30816
GHSL_UCDB_THEME_NATURAL_SYSTEMS_GLOBE_R2024A,ID_UC_G0,11422,0,11433,0,0,0,11433,0,0,0,1,11686
GHSL_UCDB_THEME_NATURAL_SYSTEMS_GLOBE_R2024A,GC_UCN_MAI_2025,11408,0,11433,14,0,11419,0,0,0,0,,
GHSL_UCDB_THEME_NATURAL_SYSTEMS_GLOBE_R2024A,GC_CNT_GAD_2025,11422,0,11433,0,0,11433,0,0,0,0,,
GHSL_UCDB_THEME_NATURAL_SYSTEMS_GLOBE_R2024A,GC_UCA_KM2_2025,11422,0,11433,0,0,0,11433,0,0,0,1,6611
GHSL_UCDB_THEME_NATURAL_SYSTEMS_GLOBE_R2024A,GC_POP_TOT_2025,11422,0,11433,0,0,0,11433,0,0,0,50007.74637,42987704.03
GHSL_UCDB_THEME_NATURAL_SYSTEMS_GLOBE_R2024A,GC_DEV_WIG_2025,11413,0,11433,9,0,11424,0,0,0,0,,
GHSL_UCDB_THEME_NATURAL_SYSTEMS_GLOBE_R2024A,GC_DEV_USR_2025,11422,0,11433,0,0,11433,0,0,0,0,,
GHSL_UCDB_THEME_NATURAL_SYSTEMS_GLOBE_R2024A,NS_ESB_BIO_2025,11422,0,11433,0,0,0,11433,0,6058,0,0,1
GHSL_UCDB_THEME_NATURAL_SYSTEMS_GLOBE_R2024A,NS_ESB_GWA_2025,11422,0,11433,0,0,0,11433,0,5611,0,0,1
GHSL_UCDB_THEME_NATURAL_SYSTEMS_GLOBE_R2024A,NS_ESB_NIT_2025,11422,0,11433,0,0,0,11433,0,8259,0,0,1
GHSL_UCDB_THEME_NATURAL_SYSTEMS_GLOBE_R2024A,NS_ESB_PHO_2025,11422,0,11433,0,0,0,11433,0,3830,0,0,1
GHSL_UCDB_THEME_NATURAL_SYSTEMS_GLOBE_R2024A,NS_ESB_P25_2025,11422,0,11433,0,0,0,11433,0,1735,0,0,1
GHSL_UCDB_THEME_NATURAL_SYSTEMS_GLOBE_R2024A,NS_ESB_SLR_2025,11422,0,11433,0,0,0,11433,0,9782,0,0,1
GHSL_UCDB_THEME_NATURAL_SYSTEMS_GLOBE_R2024A,NS_ESB_SWA_2025,11422,0,11433,0,0,0,11433,0,7257,0,0,1
GHSL_UCDB_THEME_NATURAL_SYSTEMS_GLOBE_R2024A,NS_ESB_WET_2025,11422,0,11433,0,0,0,11433,0,11305,0,0,1
GHSL_UCDB_THEME_NATURAL_SYSTEMS_GLOBE_R2024A,NS_ESB_MIN_2025,11422,0,11433,0,0,0,11433,0,344,0,0,6
GHSL_UCDB_THEME_NATURAL_SYSTEMS_GLOBE_R2024A,NS_ESB_MAX_2025,11422,0,11433,0,0,0,11433,0,64,0,0,7
GHSL_UCDB_THEME_NATURAL_SYSTEMS_GLOBE_R2024A,NS_MPA_NAM_2025,499,0,11433,10934,0,499,0,0,0,0,,
GHSL_UCDB_THEME_NATURAL_SYSTEMS_GLOBE_R2024A,NS_MPA_DES_2025,499,0,11433,10934,0,499,0,0,0,0,,
GHSL_UCDB_THEME_NATURAL_SYSTEMS_GLOBE_R2024A,NS_MPA_PER_2025,499,0,11433,10934,0,0,499,0,0,0,0.000145115,100.0
GHSL_UCDB_THEME_NATURAL_SYSTEMS_GLOBE_R2024A,NS_TPA_NAM_2025,2107,0,11433,9315,0,2118,0,0,0,0,,
GHSL_UCDB_THEME_NATURAL_SYSTEMS_GLOBE_R2024A,NS_TPA_DES_202,2107,0,11433,9315,0,2118,0,0,0,0,,
GHSL_UCDB_THEME_NATURAL_SYSTEMS_GLOBE_R2024A,NS_TPA_PER_2025,2107,11,11433,9315,0,0,2118,0,0,0,7.16e-07,100.0
GHSL_UCDB_THEME_SDG_GLOBE_R2024A,ID_UC_G0,11422,0,11422,0,0,0,11422,0,0,0,1,11686
GHSL_UCDB_THEME_SDG_GLOBE_R2024A,GC_UCN_MAI_2025,11408,0,11422,14,0,11408,0,0,0,0,,
GHSL_UCDB_THEME_SDG_GLOBE_R2024A,GC_CNT_GAD_2025,11422,0,11422,0,0,11422,0,0,0,0,,
GHSL_UCDB_THEME_SDG_GLOBE_R2024A,GC_UCA_KM2_2025,11422,0,11422,0,0,0,11422,0,0,0,1,6611
GHSL_UCDB_THEME_SDG_GLOBE_R2024A,GC_POP_TOT_2025,11422,0,11422,0,0,0,11422,0,0,0,50007.74637,42987704.03
GHSL_UCDB_THEME_SDG_GLOBE_R2024A,GC_DEV_WIG_2025,11413,0,11422,9,0,11413,0,0,0,0,,
GHSL_UCDB_THEME_SDG_GLOBE_R2024A,GC_DEV_USR_2025,11422,0,11422,0,0,11422,0,0,0,0,,
GHSL_UCDB_THEME_SDG_GLOBE_R2024A,SD_LUE_LCR_1975_1980,11422,0,11422,0,0,0,11422,0,1,0,0.0,1.116944594
GHSL_UCDB_THEME_SDG_GLOBE_R2024A,SD_LUE_LCR_1980_1990,11422,0,11422,0,0,0,11422,0,1,0,0.0,0.367486186
GHSL_UCDB_THEME_SDG_GLOBE_R2024A,SD_LUE_LCR_2000_1990,11422,0,11422,0,0,0,11422,0,2,0,0.0,10.26304611
GHSL_UCDB_THEME_SDG_GLOBE_R2024A,SD_LUE_LCR_2000_2010,11422,0,11422,0,0,0,11422,0,0,0,0.000203675,27.47258486
GHSL_UCDB_THEME_SDG_GLOBE_R2024A,SD_LUE_LCR_2010_2020,11422,0,11422,0,0,0,11422,0,0,0,0.000133101,38.27321105
GHSL_UCDB_THEME_SDG_GLOBE_R2024A,SD_LUE_LCR_2020_2030,11422,0,11422,0,0,0,11422,0,21,0,0.0,0.055819719
GHSL_UCDB_THEME_SDG_GLOBE_R2024A,SD_LUE_LCR_1975_2020,11422,0,11422,0,0,11422,0,0,0,0,,
GHSL_UCDB_THEME_SDG_GLOBE_R2024A,SD_LUE_LCR_1990_2020,11422,0,11422,0,0,11422,0,0,0,0,,
GHSL_UCDB_THEME_SDG_GLOBE_R2024A,SD_LUE_LCR_2000_2020,11422,0,11422,0,0,11422,0,0,0,0,,
GHSL_UCDB_THEME_SDG_GLOBE_R2024A,SD_LUE_PGR_1975_1980,11422,0,11422,0,0,0,11422,0,0,868,-0.078377924,0.547246925
GHSL_UCDB_THEME_SDG_GLOBE_R2024A,SD_LUE_PGR_1980_1990,11422,0,11422,0,0,0,11422,0,0,901,-0.097058027,1.011229841
GHSL_UCDB_THEME_SDG_GLOBE_R2024A,SD_LUE_PGR_2000_1990,11422,0,11422,0,0,0,11422,0,0,1631,-0.078829391,0.383599466
GHSL_UCDB_THEME_SDG_GLOBE_R2024A,SD_LUE_PGR_2000_2010,11422,0,11422,0,0,0,11422,0,0,1724,-0.09021329,0.500659161
GHSL_UCDB_THEME_SDG_GLOBE_R2024A,SD_LUE_PGR_2010_2020,11422,0,11422,0,0,0,11422,0,0,3282,-0.106834748,0.335921293
GHSL_UCDB_THEME_SDG_GLOBE_R2024A,SD_LUE_PGR_2020_2030,11422,0,11422,0,0,0,11422,0,0,4272,-0.081388029,0.190560251
GHSL_UCDB_THEME_SDG_GLOBE_R2024A,SD_LUE_PGR_1975_2020,11422,0,11422,0,0,0,11422,0,0,1130,-0.075998033,0.270773231
GHSL_UCDB_THEME_SDG_GLOBE_R2024A,SD_LUE_PGR_1990_2020,11422,0,11422,0,0,0,11422,0,0,1641,-0.091959143,0.310569487
GHSL_UCDB_THEME_SDG_GLOBE_R2024A,SD_LUE_PGR_2000_2020,11422,0,11422,0,0,0,11422,0,0,2169,-0.098524019,0.291543573
GHSL_UCDB_THEME_SDG_GLOBE_R2024A,SD_LUE_LPR_1975_1980,11422,0,11422,0,0,11422,0,0,0,0,,
GHSL_UCDB_THEME_SDG_GLOBE_R2024A,SD_LUE_LPR_1980_1990,11422,0,11422,0,0,11422,0,0,0,0,,
GHSL_UCDB_THEME_SDG_GLOBE_R2024A,SD_LUE_LPR_1990_2000,11422,0,11422,0,0,11422,0,0,0,0,,
GHSL_UCDB_THEME_SDG_GLOBE_R2024A,SD_LUE_LPR_2000_2010,11422,0,11422,0,0,11422,0,0,0,0,,
GHSL_UCDB_THEME_SDG_GLOBE_R2024A,SD_LUE_LPR_2010_2020,11422,0,11422,0,0,11422,0,0,0,0,,
GHSL_UCDB_THEME_SDG_GLOBE_R2024A,SD_LUE_LPR_2020_2030,11422,0,11422,0,0,11422,0,0,0,0,,
GHSL_UCDB_THEME_SDG_GLOBE_R2024A,SD_LUE_LPR_1975_2020,11422,0,11422,0,0,11422,0,0,0,0,,
GHSL_UCDB_THEME_SDG_GLOBE_R2024A,SD_LUE_LPR_1990_2020,11422,0,11422,0,0,11422,0,0,0,0,,
GHSL_UCDB_THEME_SDG_GLOBE_R2024A,SD_LUE_LPR_2000_2020,11422,0,11422,0,0,11422,0,0,0,0,,
GHSL_UCDB_THEME_SDG_GLOBE_R2024A,SD_POP_HGR_1985,11420,0,11422,2,0,0,11420,0,5376,0,0.0,100.0
GHSL_UCDB_THEME_SDG_GLOBE_R2024A,SD_POP_HGR_1990,11420,0,11422,2,0,0,11420,0,2999,0,0.0,100.0
GHSL_UCDB_THEME_SDG_GLOBE_R2024A,SD_POP_HGR_1995,11420,0,11422,2,0,0,11420,0,2724,0,0.0,100.0
GHSL_UCDB_THEME_SDG_GLOBE_R2024A,SD_POP_HGR_2000,11420,0,11422,2,0,0,11420,0,2425,0,0.0,100.0
GHSL_UCDB_THEME_SDG_GLOBE_R2024A,SD_POP_HGR_2005,11420,0,11422,2,0,0,11420,0,2455,0,0.0,100.0
GHSL_UCDB_THEME_SDG_GLOBE_R2024A,SD_POP_HGR_2010,11420,0,11422,2,0,0,11420,0,2435,0,0.0,100.0
GHSL_UCDB_THEME_SDG_GLOBE_R2024A,SD_POP_HGR_2015,11420,0,11422,2,0,0,11420,0,1801,0,0.0,100.0
GHSL_UCDB_THEME_SDG_GLOBE_R2024A,SD_POP_HGR_2020,11420,0,11422,2,0,0,11420,0,661,0,0.0,100.0
GHSL_UCDB_THEME_SDG_GLOBE_R2024A,SD_POP_HGR_2025,11420,0,11422,2,0,0,11420,0,525,0,0.0,100.0
GHSL_UCDB_THEME_SOCIOECONOMIC_GLOBE_R2024A,ID_UC_G0,11422,0,11422,0,0,0,11422,0,0,0,1,11686
GHSL_UCDB_THEME_SOCIOECONOMIC_GLOBE_R2024A,GC_UCN_MAI_2025,11408,0,11422,14,0,11408,0,0,0,0,,
GHSL_UCDB_THEME_SOCIOECONOMIC_GLOBE_R2024A,GC_CNT_GAD_2025,11422,0,11422,0,0,11422,0,0,0,0,,
GHSL_UCDB_THEME_SOCIOECONOMIC_GLOBE_R2024A,GC_UCA_KM2_2025,11422,0,11422,0,0,0,11422,0,0,0,1,6611
GHSL_UCDB_THEME_SOCIOECONOMIC_GLOBE_R2024A,GC_POP_TOT_2025,11422,0,11422,0,0,0,11422,0,0,0,50007.74637,42987704.03
GHSL_UCDB_THEME_SOCIOECONOMIC_GLOBE_R2024A,GC_DEV_WIG_2025,11413,0,11422,9,0,11413,0,0,0,0,,
GHSL_UCDB_THEME_SOCIOECONOMIC_GLOBE_R2024A,GC_DEV_USR_2025,11422,0,11422,0,0,11422,0,0,0,0,,
GHSL_UCDB_THEME_SOCIOECONOMIC_GLOBE_R2024A,SC_GDP_AVG_1990,11422,0,11422,0,0,0,11422,0,0,0,758.6666667,653052814.2
GHSL_UCDB_THEME_SOCIOECONOMIC_GLOBE_R2024A,SC_GDP_AVG_1995,11422,0,11422,0,0,0,11422,0,0,0,3580.2,586608160.8
GHSL_UCDB_THEME_SOCIOECONOMIC_GLOBE_R2024A,SC_GDP_AVG_2000,11422,0,11422,0,0,0,11422,0,0,0,18794.89286,670007296.0
GHSL_UCDB_THEME_SOCIOECONOMIC_GLOBE_R2024A,SC_GDP_AVG_2005,11422,0,11422,0,0,0,11422,0,0,0,82326.46667,819437969.9
GHSL_UCDB_THEME_SOCIOECONOMIC_GLOBE_R2024A,SC_GDP_AVG_2010,11422,0,11422,0,0,0,11422,0,0,0,342052.2667,1030322493.0
GHSL_UCDB_THEME_SOCIOECONOMIC_GLOBE_R2024A,SC_GDP_AVG_2015,11422,0,11422,0,0,0,11422,0,0,0,679858.4583,1195271807.0
GHSL_UCDB_THEME_SOCIOECONOMIC_GLOBE_R2024A,SC_GDP_AVG_2020,11422,0,11422,0,0,0,11422,0,0,0,575327.5833,1182678547.0
GHSL_UCDB_THEME_SOCIOECONOMIC_GLOBE_R2024A,SC_GDP_SUM_1990,11422,0,11422,0,0,0,11422,0,0,0,9769,1210000000000
GHSL_UCDB_THEME_SOCIOECONOMIC_GLOBE_R2024A,SC_GDP_SUM_1995,11422,0,11422,0,0,0,11422,0,0,0,40429,1230000000000
GHSL_UCDB_THEME_SOCIOECONOMIC_GLOBE_R2024A,SC_GDP_SUM_2000,11422,0,11422,0,0,0,11422,0,0,0,206827,1300000000000
GHSL_UCDB_THEME_SOCIOECONOMIC_GLOBE_R2024A,SC_GDP_SUM_2005,11422,0,11422,0,0,0,11422,0,0,0,1338114,1430000000000
GHSL_UCDB_THEME_SOCIOECONOMIC_GLOBE_R2024A,SC_GDP_SUM_2010,11422,0,11422,0,0,0,11422,0,0,0,3832323,1510000000000
GHSL_UCDB_THEME_SOCIOECONOMIC_GLOBE_R2024A,SC_GDP_SUM_2015,11422,0,11422,0,0,0,11422,0,0,0,3207476,1570000000000
GHSL_UCDB_THEME_SOCIOECONOMIC_GLOBE_R2024A,SC_GDP_SUM_2020,11422,0,11422,0,0,0,11422,0,0,0,5090140,1560000000000
GHSL_UCDB_THEME_SOCIOECONOMIC_GLOBE_R2024A,SC_SEC_HDI_1990,10271,0,11422,1151,0,0,10271,0,0,0,0.172,0.912
GHSL_UCDB_THEME_SOCIOECONOMIC_GLOBE_R2024A,SC_SEC_HDI_1995,10328,0,11422,1094,0,0,10328,0,0,0,0.189,0.92
GHSL_UCDB_THEME_SOCIOECONOMIC_GLOBE_R2024A,SC_SEC_HDI_2000,10745,0,11422,677,0,0,10745,0,0,0,0.183,0.931
GHSL_UCDB_THEME_SOCIOECONOMIC_GLOBE_R2024A,SC_SEC_HDI_2005,11194,0,11422,228,0,0,11194,0,0,0,0.212,0.954
GHSL_UCDB_THEME_SOCIOECONOMIC_GLOBE_R2024A,SC_SEC_HDI_2010,11267,0,11422,155,0,0,11267,0,0,0,0.214,0.963
GHSL_UCDB_THEME_SOCIOECONOMIC_GLOBE_R2024A,SC_SEC_HDI_2015,11267,0,11422,155,0,0,11267,0,0,0,0.217,0.978
GHSL_UCDB_THEME_SOCIOECONOMIC_GLOBE_R2024A,SC_SEC_HDI_2020,11267,0,11422,155,0,0,11267,0,0,0,0.232,0.984
GHSL_UCDB_THEME_SOCIOECONOMIC_GLOBE_R2024A,SC_SEC_GDI_1990,0,0,11422,11422,0,0,0,0,0,0,,
GHSL_UCDB_THEME_SOCIOECONOMIC_GLOBE_R2024A,SC_SEC_GDI_1995,0,0,11422,11422,0,0,0,0,0,0,,
GHSL_UCDB_THEME_SOCIOECONOMIC_GLOBE_R2024A,SC_SEC_GDI_2000,9444,0,11422,1978,0,0,9444,0,0,0,0.401,1.0
GHSL_UCDB_THEME_SOCIOECONOMIC_GLOBE_R2024A,SC_SEC_GDI_2005,10889,0,11422,533,0,0,10889,0,0,0,0.426,1.0
GHSL_UCDB_THEME_SOCIOECONOMIC_GLOBE_R2024A,SC_SEC_GDI_2010,11008,0,11422,414,0,0,11008,0,0,0,0.494,1.0
GHSL_UCDB_THEME_SOCIOECONOMIC_GLOBE_R2024A,SC_SEC_GDI_2015,11081,0,11422,341,0,0,11081,0,0,0,0.464,1.0
GHSL_UCDB_THEME_SOCIOECONOMIC_GLOBE_R2024A,SC_SEC_GDI_2020,11204,0,11422,218,0,0,11204,0,0,0,0.391,1.0
GHSL_UCDB_THEME_SOCIOECONOMIC_GLOBE_R2024A,SC_SEC_GDF_1990,0,0,11422,11422,0,0,0,0,0,0,,
GHSL_UCDB_THEME_SOCIOECONOMIC_GLOBE_R2024A,SC_SEC_GDF_1995,0,0,11422,11422,0,0,0,0,0,0,,
GHSL_UCDB_THEME_SOCIOECONOMIC_GLOBE_R2024A,SC_SEC_GDF_2000,9444,0,11422,1978,0,0,9444,0,0,0,0.128,0.922
GHSL_UCDB_THEME_SOCIOECONOMIC_GLOBE_R2024A,SC_SEC_GDF_2005,10890,0,11422,532,0,0,10890,0,0,0,0.163,0.938
GHSL_UCDB_THEME_SOCIOECONOMIC_GLOBE_R2024A,SC_SEC_GDF_2010,11008,0,11422,414,0,0,11008,0,0,0,0.204,0.952
GHSL_UCDB_THEME_SOCIOECONOMIC_GLOBE_R2024A,SC_SEC_GDF_2015,11081,0,11422,341,0,0,11081,0,0,0,0.226,0.966
GHSL_UCDB_THEME_SOCIOECONOMIC_GLOBE_R2024A,SC_SEC_GDF_2020,11204,0,11422,218,0,0,11204,0,0,0,0.187,0.972
GHSL_UCDB_THEME_SOCIOECONOMIC_GLOBE_R2024A,SC_SEC_GDM_1990,0,0,11422,11422,0,0,0,0,0,0,,
GHSL_UCDB_THEME_SOCIOECONOMIC_GLOBE_R2024A,SC_SEC_GDM_1995,0,0,11422,11422,0,0,0,0,0,0,,
GHSL_UCDB_THEME_SOCIOECONOMIC_GLOBE_R2024A,SC_SEC_GDM_2000,9444,0,11422,1978,0,0,9444,0,0,0,0.245,0.938
GHSL_UCDB_THEME_SOCIOECONOMIC_GLOBE_R2024A,SC_SEC_GDM_2005,10889,0,11422,533,0,0,10889,0,0,0,0.236,0.955
GHSL_UCDB_THEME_SOCIOECONOMIC_GLOBE_R2024A,SC_SEC_GDM_2010,11008,0,11422,414,0,0,11008,0,0,0,0.252,0.973
GHSL_UCDB_THEME_SOCIOECONOMIC_GLOBE_R2024A,SC_SEC_GDM_2015,11081,0,11422,341,0,0,11081,0,0,0,0.277,0.986
GHSL_UCDB_THEME_SOCIOECONOMIC_GLOBE_R2024A,SC_SEC_GDM_2020,11204,0,11422,218,0,0,11204,0,0,0,0.293,0.991
GHSL_UCDB_THEME_SOCIOECONOMIC_GLOBE_R2024A,SC_SEC_LET_1990,10292,0,11422,1130,0,0,10292,0,0,0,41.199,81.963
GHSL_UCDB_THEME_SOCIOECONOMIC_GLOBE_R2024A,SC_SEC_LET_1995,10328,0,11422,1094,0,0,10328,0,0,0,38.165,81.861
GHSL_UCDB_THEME_SOCIOECONOMIC_GLOBE_R2024A,SC_SEC_LET_2000,10745,0,11422,677,0,0,10745,0,0,0,41.29,81.75334969
GHSL_UCDB_THEME_SOCIOECONOMIC_GLOBE_R2024A,SC_SEC_LET_2005,11194,0,11422,228,0,0,11194,0,0,0,41.526,82.712
GHSL_UCDB_THEME_SOCIOECONOMIC_GLOBE_R2024A,SC_SEC_LET_2010,11267,0,11422,155,0,0,11267,0,0,0,44.169,83.729
GHSL_UCDB_THEME_SOCIOECONOMIC_GLOBE_R2024A,SC_SEC_LET_2015,11267,0,11422,155,0,0,11267,0,0,0,46.922,84.298
GHSL_UCDB_THEME_SOCIOECONOMIC_GLOBE_R2024A,SC_SEC_LET_2020,11267,0,11422,155,0,0,11267,0,0,0,46.162,85.402
GHSL_UCDB_THEME_SOCIOECONOMIC_GLOBE_R2024A,SC_SEC_LEF_1990,0,0,11422,11422,0,0,0,0,0,0,,
GHSL_UCDB_THEME_SOCIOECONOMIC_GLOBE_R2024A,SC_SEC_LEF_1995,0,0,11422,11422,0,0,0,0,0,0,,
GHSL_UCDB_THEME_SOCIOECONOMIC_GLOBE_R2024A,SC_SEC_LEF_2000,9903,0,11422,1519,0,0,9903,0,0,0,41.161,85.169
GHSL_UCDB_THEME_SOCIOECONOMIC_GLOBE_R2024A,SC_SEC_LEF_2005,10928,0,11422,494,0,0,10928,0,0,0,41.917,86.214
GHSL_UCDB_THEME_SOCIOECONOMIC_GLOBE_R2024A,SC_SEC_LEF_2010,11064,0,11422,358,0,0,11064,0,0,0,43.899,86.783
GHSL_UCDB_THEME_SOCIOECONOMIC_GLOBE_R2024A,SC_SEC_LEF_2015,11123,0,11422,299,0,0,11123,0,0,0,44.971,87.522
GHSL_UCDB_THEME_SOCIOECONOMIC_GLOBE_R2024A,SC_SEC_LEF_2020,11261,0,11422,161,0,0,11261,0,0,0,42.985,88.283
GHSL_UCDB_THEME_SOCIOECONOMIC_GLOBE_R2024A,SC_SEC_LEM_1990,0,0,11422,11422,0,0,0,0,0,0,,
GHSL_UCDB_THEME_SOCIOECONOMIC_GLOBE_R2024A,SC_SEC_LEM_1995,0,0,11422,11422,0,0,0,0,0,0,,
GHSL_UCDB_THEME_SOCIOECONOMIC_GLOBE_R2024A,SC_SEC_LEM_2000,9903,0,11422,1519,0,0,9903,0,0,0,39.481,79.62986607
GHSL_UCDB_THEME_SOCIOECONOMIC_GLOBE_R2024A,SC_SEC_LEM_2005,10928,0,11422,494,0,0,10928,0,0,0,40.21,79.984
GHSL_UCDB_THEME_SOCIOECONOMIC_GLOBE_R2024A,SC_SEC_LEM_2010,11064,0,11422,358,0,0,11064,0,0,0,42.942,81.147
GHSL_UCDB_THEME_SOCIOECONOMIC_GLOBE_R2024A,SC_SEC_LEM_2015,11123,0,11422,299,0,0,11123,0,0,0,44.599,81.94
GHSL_UCDB_THEME_SOCIOECONOMIC_GLOBE_R2024A,SC_SEC_LEM_2020,11261,0,11422,161,0,0,11261,0,0,0,42.97,84.238
GHSL_UCDB_THEME_SOCIOECONOMIC_GLOBE_R2024A,SC_SEC_SET_1990,10292,0,11422,1130,0,0,10292,0,0,0,0.981,18.0
GHSL_UCDB_THEME_SOCIOECONOMIC_GLOBE_R2024A,SC_SEC_SET_1995,10328,0,11422,1094,0,0,10328,0,0,0,1.323,18.0
GHSL_UCDB_THEME_SOCIOECONOMIC_GLOBE_R2024A,SC_SEC_SET_2000,10745,0,11422,677,0,0,10745,0,0,0,1.089,18.0
GHSL_UCDB_THEME_SOCIOECONOMIC_GLOBE_R2024A,SC_SEC_SET_2005,11194,0,11422,228,0,0,11194,0,0,0,1.581,18.0
GHSL_UCDB_THEME_SOCIOECONOMIC_GLOBE_R2024A,SC_SEC_SET_2010,11267,0,11422,155,0,0,11267,0,0,0,0.719,18.0
GHSL_UCDB_THEME_SOCIOECONOMIC_GLOBE_R2024A,SC_SEC_SET_2015,11267,0,11422,155,0,0,11267,0,0,0,0.354,18.0
GHSL_UCDB_THEME_SOCIOECONOMIC_GLOBE_R2024A,SC_SEC_SET_2020,11267,0,11422,155,0,0,11267,0,0,0,0.369,18.0
GHSL_UCDB_THEME_SOCIOECONOMIC_GLOBE_R2024A,SC_SEC_SEF_1990,0,0,11422,11422,0,0,0,0,0,0,,
GHSL_UCDB_THEME_SOCIOECONOMIC_GLOBE_R2024A,SC_SEC_SEF_1995,0,0,11422,11422,0,0,0,0,0,0,,
GHSL_UCDB_THEME_SOCIOECONOMIC_GLOBE_R2024A,SC_SEC_SEF_2000,9450,0,11422,1972,0,0,9450,0,0,0,0.867,18.0
GHSL_UCDB_THEME_SOCIOECONOMIC_GLOBE_R2024A,SC_SEC_SEF_2005,10894,0,11422,528,0,0,10894,0,0,0,1.087,18.0
GHSL_UCDB_THEME_SOCIOECONOMIC_GLOBE_R2024A,SC_SEC_SEF_2010,11012,0,11422,410,0,0,11012,0,0,0,1.613,18.0
GHSL_UCDB_THEME_SOCIOECONOMIC_GLOBE_R2024A,SC_SEC_SEF_2015,11081,0,11422,341,0,0,11081,0,0,0,2.165,18.0
GHSL_UCDB_THEME_SOCIOECONOMIC_GLOBE_R2024A,SC_SEC_SEF_2020,11217,0,11422,205,0,0,11217,0,0,0,2.087,18.0
GHSL_UCDB_THEME_SOCIOECONOMIC_GLOBE_R2024A,SC_SEC_SEM_1990,0,0,11422,11422,0,0,0,0,0,0,,
GHSL_UCDB_THEME_SOCIOECONOMIC_GLOBE_R2024A,SC_SEC_SEM_1995,0,0,11422,11422,0,0,0,0,0,0,,
GHSL_UCDB_THEME_SOCIOECONOMIC_GLOBE_R2024A,SC_SEC_SEM_2000,9450,0,11422,1972,0,0,9450,0,0,0,2.042,18.0
GHSL_UCDB_THEME_SOCIOECONOMIC_GLOBE_R2024A,SC_SEC_SEM_2005,10894,0,11422,528,0,0,10894,0,0,0,2.09,18.0
GHSL_UCDB_THEME_SOCIOECONOMIC_GLOBE_R2024A,SC_SEC_SEM_2010,11012,0,11422,410,0,0,11012,0,0,0,2.938,18.0
GHSL_UCDB_THEME_SOCIOECONOMIC_GLOBE_R2024A,SC_SEC_SEM_2015,11081,0,11422,341,0,0,11081,0,0,0,3.398,18.0
GHSL_UCDB_THEME_SOCIOECONOMIC_GLOBE_R2024A,SC_SEC_SEM_2020,11217,0,11422,205,0,0,11217,0,0,0,3.332,18.0
GHSL_UCDB_THEME_SOCIOECONOMIC_GLOBE_R2024A,SC_SEC_SYT_1990,10292,0,11422,1130,0,0,10292,0,0,0,0.168,15.0
GHSL_UCDB_THEME_SOCIOECONOMIC_GLOBE_R2024A,SC_SEC_SYT_1995,10328,0,11422,1094,0,0,10328,0,0,0,0.373,15.0
GHSL_UCDB_THEME_SOCIOECONOMIC_GLOBE_R2024A,SC_SEC_SYT_2000,10745,0,11422,677,0,0,10745,0,0,0,0.28,15.0
GHSL_UCDB_THEME_SOCIOECONOMIC_GLOBE_R2024A,SC_SEC_SYT_2005,11194,0,11422,228,0,0,11194,0,0,0,0.347,14.634
GHSL_UCDB_THEME_SOCIOECONOMIC_GLOBE_R2024A,SC_SEC_SYT_2010,11267,0,11422,155,0,0,11267,0,0,0,0.192,14.529
GHSL_UCDB_THEME_SOCIOECONOMIC_GLOBE_R2024A,SC_SEC_SYT_2015,11267,0,11422,155,0,0,11267,0,0,0,0.319,14.653
GHSL_UCDB_THEME_SOCIOECONOMIC_GLOBE_R2024A,SC_SEC_SYT_2020,11267,0,11422,155,0,0,11267,0,0,0,0.33,15.0
GHSL_UCDB_THEME_SOCIOECONOMIC_GLOBE_R2024A,SC_SEC_SYF_1990,0,0,11422,11422,0,0,0,0,0,0,,
GHSL_UCDB_THEME_SOCIOECONOMIC_GLOBE_R2024A,SC_SEC_SYF_1995,0,0,11422,11422,0,0,0,0,0,0,,
GHSL_UCDB_THEME_SOCIOECONOMIC_GLOBE_R2024A,SC_SEC_SYF_2000,10155,0,11422,1267,0,0,10155,0,0,0,0.133,13.558
GHSL_UCDB_THEME_SOCIOECONOMIC_GLOBE_R2024A,SC_SEC_SYF_2005,10930,0,11422,492,0,0,10930,0,0,0,0.118,14.566
GHSL_UCDB_THEME_SOCIOECONOMIC_GLOBE_R2024A,SC_SEC_SYF_2010,11027,0,11422,395,0,0,11027,0,0,0,0.113,14.648
GHSL_UCDB_THEME_SOCIOECONOMIC_GLOBE_R2024A,SC_SEC_SYF_2015,11082,0,11422,340,0,0,11082,0,0,0,0.132,14.775
GHSL_UCDB_THEME_SOCIOECONOMIC_GLOBE_R2024A,SC_SEC_SYF_2020,11207,0,11422,215,0,0,11207,0,0,0,0.136,14.92637043
GHSL_UCDB_THEME_SOCIOECONOMIC_GLOBE_R2024A,SC_SEC_SYM_1990,0,0,11422,11422,0,0,0,0,0,0,,
GHSL_UCDB_THEME_SOCIOECONOMIC_GLOBE_R2024A,SC_SEC_SYM_1995,0,0,11422,11422,0,0,0,0,0,0,,
GHSL_UCDB_THEME_SOCIOECONOMIC_GLOBE_R2024A,SC_SEC_SYM_2000,10155,0,11422,1267,0,0,10155,0,0,0,0.521,14.25
GHSL_UCDB_THEME_SOCIOECONOMIC_GLOBE_R2024A,SC_SEC_SYM_2005,10929,0,11422,493,0,0,10929,0,0,0,0.482,14.724
GHSL_UCDB_THEME_SOCIOECONOMIC_GLOBE_R2024A,SC_SEC_SYM_2010,11027,0,11422,395,0,0,11027,0,0,0,0.273,14.668
GHSL_UCDB_THEME_SOCIOECONOMIC_GLOBE_R2024A,SC_SEC_SYM_2015,11082,0,11422,340,0,0,11082,0,0,0,0.424,14.815
GHSL_UCDB_THEME_SOCIOECONOMIC_GLOBE_R2024A,SC_SEC_SYM_2020,11207,0,11422,215,0,0,11207,0,0,0,0.524,14.79938329
GHSL_UCDB_THEME_SOCIOECONOMIC_GLOBE_R2024A,SC_SEC_GIF_1990,0,0,11422,11422,0,0,0,0,0,0,,
GHSL_UCDB_THEME_SOCIOECONOMIC_GLOBE_R2024A,SC_SEC_GIF_1995,0,0,11422,11422,0,0,0,0,0,0,,
GHSL_UCDB_THEME_SOCIOECONOMIC_GLOBE_R2024A,SC_SEC_GIF_2000,10159,0,11422,1263,0,0,10159,0,0,0,5.339,10.988
GHSL_UCDB_THEME_SOCIOECONOMIC_GLOBE_R2024A,SC_SEC_GIF_2005,10932,0,11422,490,0,0,10932,0,0,0,5.749,11.089
GHSL_UCDB_THEME_SOCIOECONOMIC_GLOBE_R2024A,SC_SEC_GIF_2010,11068,0,11422,354,0,0,11068,0,0,0,5.873,11.126
GHSL_UCDB_THEME_SOCIOECONOMIC_GLOBE_R2024A,SC_SEC_GIF_2015,11123,0,11422,299,0,0,11123,0,0,0,5.165,11.189
GHSL_UCDB_THEME_SOCIOECONOMIC_GLOBE_R2024A,SC_SEC_GIF_2020,11261,0,11422,161,0,0,11261,0,0,0,4.907,11.39
GHSL_UCDB_THEME_SOCIOECONOMIC_GLOBE_R2024A,SC_SEC_GIM_1990,0,0,11422,11422,0,0,0,0,0,0,,
GHSL_UCDB_THEME_SOCIOECONOMIC_GLOBE_R2024A,SC_SEC_GIM_1995,0,0,11422,11422,0,0,0,0,0,0,,
GHSL_UCDB_THEME_SOCIOECONOMIC_GLOBE_R2024A,SC_SEC_GIM_2000,10159,0,11422,1263,0,0,10159,0,0,0,6.302,11.841
GHSL_UCDB_THEME_SOCIOECONOMIC_GLOBE_R2024A,SC_SEC_GIM_2005,10932,0,11422,490,0,0,10932,0,0,0,6.469,11.706
GHSL_UCDB_THEME_SOCIOECONOMIC_GLOBE_R2024A,SC_SEC_GIM_2010,11068,0,11422,354,0,0,11068,0,0,0,6.568,11.598
GHSL_UCDB_THEME_SOCIOECONOMIC_GLOBE_R2024A,SC_SEC_GIM_2015,11123,0,11422,299,0,0,11123,0,0,0,6.658,11.622
GHSL_UCDB_THEME_SOCIOECONOMIC_GLOBE_R2024A,SC_SEC_GIM_2020,11261,0,11422,161,0,0,11261,0,0,0,6.536,11.82
GHSL_UCDB_THEME_SOCIOECONOMIC_GLOBE_R2024A,SC_SEC_PCF_2000,11419,0,11422,3,0,0,11419,0,0,0,27.7984819,56.65997182
GHSL_UCDB_THEME_SOCIOECONOMIC_GLOBE_R2024A,SC_SEC_PCF_2005,11419,0,11422,3,0,0,11419,0,0,0,22.41560838,56.83193149
GHSL_UCDB_THEME_SOCIOECONOMIC_GLOBE_R2024A,SC_SEC_PCF_2010,11419,0,11422,3,0,0,11419,0,0,0,23.02942723,57.90523026
GHSL_UCDB_THEME_SOCIOECONOMIC_GLOBE_R2024A,SC_SEC_PCF_2015,11419,0,11422,3,0,0,11419,0,0,0,24.59650056,58.03521127
GHSL_UCDB_THEME_SOCIOECONOMIC_GLOBE_R2024A,SC_SEC_PCF_2020,11419,0,11422,3,0,0,11419,0,0,0,25.43445089,58.18622385
GHSL_UCDB_THEME_SOCIOECONOMIC_GLOBE_R2024A,SC_SEC_PCM_2000,11419,0,11422,3,0,0,11419,0,0,0,43.34002818,72.2015181
GHSL_UCDB_THEME_SOCIOECONOMIC_GLOBE_R2024A,SC_SEC_PCM_2005,11419,0,11422,3,0,0,11419,0,0,0,43.16806851,77.58439162
GHSL_UCDB_THEME_SOCIOECONOMIC_GLOBE_R2024A,SC_SEC_PCM_2010,11419,0,11422,3,0,0,11419,0,0,0,42.09476974,76.97057277
GHSL_UCDB_THEME_SOCIOECONOMIC_GLOBE_R2024A,SC_SEC_PCM_2015,11419,0,11422,3,0,0,11419,0,0,0,41.96478873,75.40349944
GHSL_UCDB_THEME_SOCIOECONOMIC_GLOBE_R2024A,SC_SEC_PCM_2020,11419,0,11422,3,0,0,11419,0,0,0,41.81377615,74.56554911
GHSL_UCDB_THEME_SOCIOECONOMIC_GLOBE_R2024A,SC_SEC_PCY_2000,11419,0,11422,3,0,0,11419,0,0,0,10.41229045,60.19226447
GHSL_UCDB_THEME_SOCIOECONOMIC_GLOBE_R2024A,SC_SEC_PCY_2005,11419,0,11422,3,0,0,11419,0,0,0,8.492441751,59.02409631
GHSL_UCDB_THEME_SOCIOECONOMIC_GLOBE_R2024A,SC_SEC_PCY_2010,11419,0,11422,3,0,0,11419,0,0,0,7.259703259,58.86351584
GHSL_UCDB_THEME_SOCIOECONOMIC_GLOBE_R2024A,SC_SEC_PCY_2015,11419,0,11422,3,0,0,11419,0,0,0,6.833468124,55.54585555
GHSL_UCDB_THEME_SOCIOECONOMIC_GLOBE_R2024A,SC_SEC_PCY_2020,11419,0,11422,3,0,0,11419,0,0,0,6.573462428,54.20512788
GHSL_UCDB_THEME_SOCIOECONOMIC_GLOBE_R2024A,SC_SEC_PCA_2000,11419,0,11422,3,0,0,11419,0,0,0,39.48791589,86.47120475
GHSL_UCDB_THEME_SOCIOECONOMIC_GLOBE_R2024A,SC_SEC_PCA_2005,11419,0,11422,3,0,0,11419,0,0,0,40.66464448,88.34615035
GHSL_UCDB_THEME_SOCIOECONOMIC_GLOBE_R2024A,SC_SEC_PCA_2010,11419,0,11422,3,0,0,11419,0,0,0,40.80705396,88.90935028
GHSL_UCDB_THEME_SOCIOECONOMIC_GLOBE_R2024A,SC_SEC_PCA_2015,11419,0,11422,3,0,0,11419,0,0,0,42.06104334,88.16742214
GHSL_UCDB_THEME_SOCIOECONOMIC_GLOBE_R2024A,SC_SEC_PCA_2020,11419,0,11422,3,0,0,11419,0,0,0,43.21300649,86.8571373
GHSL_UCDB_THEME_SOCIOECONOMIC_GLOBE_R2024A,SC_SEC_PCO_2000,11419,0,11422,3,0,0,11419,0,0,0,0.319819631,30.6064751
GHSL_UCDB_THEME_SOCIOECONOMIC_GLOBE_R2024A,SC_SEC_PCO_2005,11419,0,11422,3,0,0,11419,0,0,0,0.311259201,30.18347695
GHSL_UCDB_THEME_SOCIOECONOMIC_GLOBE_R2024A,SC_SEC_PCO_2010,11419,0,11422,3,0,0,11419,0,0,0,0.329430202,31.12134675
GHSL_UCDB_THEME_SOCIOECONOMIC_GLOBE_R2024A,SC_SEC_PCO_2015,11419,0,11422,3,0,0,11419,0,0,0,0.367623961,33.80573642
GHSL_UCDB_THEME_SOCIOECONOMIC_GLOBE_R2024A,SC_SEC_PCO_2020,11419,0,11422,3,0,0,11419,0,0,0,0.40338163,37.1822854
GHSL_UCDB_THEME_SOCIOECONOMIC_GLOBE_R2024A,SC_CON_DSF_2020,10187,0,11422,1235,0,0,10187,0,409,0,0.0,290.95
GHSL_UCDB_THEME_SOCIOECONOMIC_GLOBE_R2024A,SC_CON_DSF_2021,10187,0,11422,1235,0,0,10187,0,339,0,0.0,474.07
GHSL_UCDB_THEME_SOCIOECONOMIC_GLOBE_R2024A,SC_CON_DSF_2022,10187,0,11422,1235,0,0,10187,0,288,0,0.0,616.9
GHSL_UCDB_THEME_SOCIOECONOMIC_GLOBE_R2024A,SC_CON_DSF_2023,10187,0,11422,1235,0,0,10187,0,208,0,0.0,863.6
GHSL_UCDB_THEME_SOCIOECONOMIC_GLOBE_R2024A,SC_CON_DSM_2020,10187,0,11422,1235,0,0,10187,0,136,0,0.0,951.78
GHSL_UCDB_THEME_SOCIOECONOMIC_GLOBE_R2024A,SC_CON_DSM_2021,10187,0,11422,1235,0,0,10187,0,83,0,0.0,1023.19
GHSL_UCDB_THEME_SOCIOECONOMIC_GLOBE_R2024A,SC_CON_DSM_2022,10187,0,11422,1235,0,0,10187,0,113,0,0.0,998.57
GHSL_UCDB_THEME_SOCIOECONOMIC_GLOBE_R2024A,SC_CON_DSM_2023,10187,0,11422,1235,0,0,10187,0,92,0,0.0,898.32
GHSL_UCDB_THEME_SOCIOECONOMIC_GLOBE_R2024A,SC_CON_USF_2020,10187,0,11422,1235,0,0,10187,0,409,0,0.0,281.96
GHSL_UCDB_THEME_SOCIOECONOMIC_GLOBE_R2024A,SC_CON_USF_2021,10187,0,11422,1235,0,0,10187,0,339,0,0.0,245.21
GHSL_UCDB_THEME_SOCIOECONOMIC_GLOBE_R2024A,SC_CON_USF_2022,10187,0,11422,1235,0,0,10187,0,288,0,0.0,264.17
GHSL_UCDB_THEME_SOCIOECONOMIC_GLOBE_R2024A,SC_CON_USF_2023,10187,0,11422,1235,0,0,10187,0,208,0,0.0,334.24
GHSL_UCDB_THEME_SOCIOECONOMIC_GLOBE_R2024A,SC_CON_USM_2020,10187,0,11422,1235,0,0,10187,0,137,0,0.0,135.39
GHSL_UCDB_THEME_SOCIOECONOMIC_GLOBE_R2024A,SC_CON_USM_2021,10187,0,11422,1235,0,0,10187,0,83,0,0.0,185.62
GHSL_UCDB_THEME_SOCIOECONOMIC_GLOBE_R2024A,SC_CON_USM_2022,10187,0,11422,1235,0,0,10187,0,113,0,0.0,157.28
GHSL_UCDB_THEME_SOCIOECONOMIC_GLOBE_R2024A,SC_CON_USM_2023,10187,0,11422,1235,0,0,10187,0,92,0,0.0,155.0
GHSL_UCDB_THEME_SOCIOECONOMIC_GLOBE_R2024A,SC_CON_ALF_2020,10187,0,11422,1235,0,0,10187,0,409,0,0.0,789.0
GHSL_UCDB_THEME_SOCIOECONOMIC_GLOBE_R2024A,SC_CON_ALF_2021,10187,0,11422,1235,0,0,10187,0,339,0,0.0,1000.46
GHSL_UCDB_THEME_SOCIOECONOMIC_GLOBE_R2024A,SC_CON_ALF_2022,10187,0,11422,1235,0,0,10187,0,288,0,0.0,902.0
GHSL_UCDB_THEME_SOCIOECONOMIC_GLOBE_R2024A,SC_CON_ALF_2023,10187,0,11422,1235,0,0,10187,0,208,0,0.0,947.0
GHSL_UCDB_THEME_SOCIOECONOMIC_GLOBE_R2024A,SC_CON_ALM_2020,10187,0,11422,1235,0,0,10187,0,136,0,0.0,818.0
GHSL_UCDB_THEME_SOCIOECONOMIC_GLOBE_R2024A,SC_CON_ALM_2021,10187,0,11422,1235,0,0,10187,0,83,0,0.0,1459.0
GHSL_UCDB_THEME_SOCIOECONOMIC_GLOBE_R2024A,SC_CON_ALM_2022,10187,0,11422,1235,0,0,10187,0,114,0,0.0,1160.0
GHSL_UCDB_THEME_SOCIOECONOMIC_GLOBE_R2024A,SC_CON_ALM_2023,10187,0,11422,1235,0,0,10187,0,92,0,0.0,1629.0
GHSL_UCDB_THEME_SOCIOECONOMIC_GLOBE_R2024A,SC_CON_NDF_2020,10187,0,11422,1235,0,0,10187,0,409,0,0.0,765637.0
GHSL_UCDB_THEME_SOCIOECONOMIC_GLOBE_R2024A,SC_CON_NDF_2021,10187,0,11422,1235,0,0,10187,0,339,0,0.0,751187.0
GHSL_UCDB_THEME_SOCIOECONOMIC_GLOBE_R2024A,SC_CON_NDF_2022,10187,0,11422,1235,0,0,10187,0,288,0,0.0,577825.0
GHSL_UCDB_THEME_SOCIOECONOMIC_GLOBE_R2024A,SC_CON_NDF_2023,10187,0,11422,1235,0,0,10187,0,208,0,0.0,517846.0
GHSL_UCDB_THEME_SOCIOECONOMIC_GLOBE_R2024A,SC_CON_NDM_2020,10187,0,11422,1235,0,0,10187,0,136,0,0.0,213999.0
GHSL_UCDB_THEME_SOCIOECONOMIC_GLOBE_R2024A,SC_CON_NDM_2021,10187,0,11422,1235,0,0,10187,0,83,0,0.0,209120.0
GHSL_UCDB_THEME_SOCIOECONOMIC_GLOBE_R2024A,SC_CON_NDM_2022,10187,0,11422,1235,0,0,10187,0,113,0,0.0,208541.0
GHSL_UCDB_THEME_SOCIOECONOMIC_GLOBE_R2024A,SC_CON_NDM_2023,10187,0,11422,1235,0,0,10187,0,92,0,0.0,173155.0
GHSL_UCDB_THEME_WATER_GLOBE_R2024A,ID_UC_G0,11422,0,11422,0,0,0,11422,0,0,0,1,11686
GHSL_UCDB_THEME_WATER_GLOBE_R2024A,GC_UCN_MAI_2025,11408,0,11422,14,0,11408,0,0,0,0,,
GHSL_UCDB_THEME_WATER_GLOBE_R2024A,GC_CNT_GAD_2025,11422,0,11422,0,0,11422,0,0,0,0,,
GHSL_UCDB_THEME_WATER_GLOBE_R2024A,GC_UCA_KM2_2025,11422,0,11422,0,0,0,11422,0,0,0,1,6611
GHSL_UCDB_THEME_WATER_GLOBE_R2024A,GC_POP_TOT_2025,11422,0,11422,0,0,0,11422,0,0,0,50007.75,42987704.03
GHSL_UCDB_THEME_WATER_GLOBE_R2024A,GC_DEV_WIG_2025,11413,0,11422,9,0,11413,0,0,0,0,,
GHSL_UCDB_THEME_WATER_GLOBE_R2024A,GC_DEV_USR_2025,11422,0,11422,0,0,11422,0,0,0,0,,
GHSL_UCDB_THEME_WATER_GLOBE_R2024A,WA_MAR_SHT_2023,1334,0,11422,10088,0,0,1334,0,19,21,-56.286,7.483
GHSL_UCDB_THEME_WATER_GLOBE_R2024A,WA_MAR_STT_2021,1334,0,11422,10088,0,0,1334,0,28,83,-0.03,0.069
GHSL_UCDB_THEME_WATER_GLOBE_R2024A,WA_MAR_SST_2021,1334,0,11422,10088,0,0,1334,0,66,0,0.0,32.329
GHSL_UCDB_THEME_WATER_GLOBE_R2024A,WA_MAR_SST_2022,1334,0,11422,10088,0,0,1334,0,66,0,0.0,31.462
GHSL_UCDB_THEME_WATER_GLOBE_R2024A,WA_MAR_SST_2023,1334,0,11422,10088,0,0,1334,0,66,0,0.0,31.77
GHSL_UCDB_THEME_WATER_GLOBE_R2024A,WA_MAR_SST_2024,1334,0,11422,10088,0,0,1334,0,66,2,-0.626,32.247
GHSL_UCDB_THEME_WATER_GLOBE_R2024A,WA_MAR_W01_2019,1334,0,11422,10088,0,0,1334,0,38,0,0.0,2.41
GHSL_UCDB_THEME_WATER_GLOBE_R2024A,WA_MAR_W02_2019,1334,0,11422,10088,0,0,1334,0,38,0,0.0,2.253
GHSL_UCDB_THEME_WATER_GLOBE_R2024A,WA_MAR_W03_2019,1334,0,11422,10088,0,0,1334,0,38,0,0.0,2.25
GHSL_UCDB_THEME_WATER_GLOBE_R2024A,WA_MAR_W04_2019,1334,0,11422,10088,0,0,1334,0,38,0,0.0,2.355
GHSL_UCDB_THEME_WATER_GLOBE_R2024A,WA_MAR_W05_2019,1334,0,11422,10088,0,0,1334,0,38,0,0.0,2.415
GHSL_UCDB_THEME_WATER_GLOBE_R2024A,WA_MAR_W06_2019,1334,0,11422,10088,0,0,1334,0,38,0,0.0,2.574
GHSL_UCDB_THEME_WATER_GLOBE_R2024A,WA_MAR_W07_2019,1334,0,11422,10088,0,0,1334,0,38,0,0.0,3.03
GHSL_UCDB_THEME_WATER_GLOBE_R2024A,WA_MAR_W08_2019,1334,0,11422,10088,0,0,1334,0,38,0,0.0,2.62
GHSL_UCDB_THEME_WATER_GLOBE_R2024A,WA_MAR_W09_2019,1334,0,11422,10088,0,0,1334,0,38,0,0.0,2.57
GHSL_UCDB_THEME_WATER_GLOBE_R2024A,WA_MAR_W10_2019,1334,0,11422,10088,0,0,1334,0,38,0,0.0,2.435
GHSL_UCDB_THEME_WATER_GLOBE_R2024A,WA_MAR_W11_2019,1334,0,11422,10088,0,0,1334,0,38,0,0.0,2.31
GHSL_UCDB_THEME_WATER_GLOBE_R2024A,WA_MAR_W12_2019,1334,0,11422,10088,0,0,1334,0,38,0,0.0,2.27
GHSL_UCDB_THEME_WATER_GLOBE_R2024A,WA_GWR_GWB_2025,11274,0,11422,148,0,11274,0,0,0,0,,
GHSL_UCDB_THEME_WATER_GLOBE_R2024A,WA_GWR_MMA_2025,11274,0,11422,148,0,11274,0,0,0,0,,
GHSL_UCDB_THEME_WATER_GLOBE_R2024A,WA_GWS_SAL_2025,11422,0,11422,0,0,0,11422,0,11142,0,0,1
UC_centroids,ID_UC_G0,11422,0,11422,0,0,0,11422,0,0,0,1,11686
UC_centroids,GC_UCC_LON_2025,11422,0,11422,0,0,0,11422,0,0,2003,-16907128.97,17335001.66
UC_centroids,GC_UCC_LAT_2025,11422,0,11422,0,0,0,11422,0,0,1459,-6367511.624,7745961.16
