institution_id,source_name,parent_in_directory,parent_efua_ids,descendant_records,hierarchy_directory_fua_count,hierarchy_directory_fua_ids,known_members_without_unique_fua,members_missing_from_directory
https://openalex.org/I100066346,University of Stuttgart,True,3580,1,1,3580,0,0
https://openalex.org/I100135526,BGI Group (China),True,9725,6,4,3956;8989;9473;9725,0,0
https://openalex.org/I100162341,Luminex (United States),True,5349,1,2,2626;5349,0,0
https://openalex.org/I100296615,École Nationale de l’Aviation Civile,True,2304,2,1,2304,0,0
https://openalex.org/I100445878,École Centrale de Nantes,True,954,11,5,1294;2702;58;824;954,0,0
https://openalex.org/I10052268,New Mexico State University,True,4609,8,1,4609,4,0
https://openalex.org/I100532134,Lyon 1 Université,True,3718,88,4,3353;3628;3718;4822,1,0
https://openalex.org/I100625452,ON Semiconductor (United States),True,4211,9,8,1141;2626;4211;5129;5288;657;7704;94,2,0
https://openalex.org/I100930933,University College Dublin,True,415,4,1,415,0,0
https://openalex.org/I10108838,National University of Salta,True,652,1,1,652,0,0
https://openalex.org/I101479585,South China Agricultural University,True,9711,1,2,8717;9711,0,0
https://openalex.org/I101527212,Statens Serum Institut,True,537,1,2,537;67,0,0
https://openalex.org/I101890099,Northside Hospital,True,6451,1,1,6451,0,0
https://openalex.org/I102134673,Linköping University,True,893,2,2,1445;893,0,0
https://openalex.org/I102179633,New School,True,7244,1,1,7244,0,0
https://openalex.org/I102190016,University of New Caledonia,True,126,7,3,126;3541;468,0,0
https://openalex.org/I102197404,Université Paris-Sud,True,2702,8,1,2702,0,0
https://openalex.org/I102252114,New Jersey Department of Environmental Protection,True,7165,1,1,7165,0,0
https://openalex.org/I102272798,INSEAD,True,2938,2,3,154;195;2938,0,0
https://openalex.org/I102298084,Andrews University,True,6821,1,1,6821,0,0
https://openalex.org/I102322052,The Wistar Institute,True,7165,1,1,7165,0,0
https://openalex.org/I102322142,"Rutgers, The State University of New Jersey",True,7244,6,1,7244,1,0
https://openalex.org/I102335020,Karlsruhe Institute of Technology,True,2988,3,2,2988;4255,0,0
https://openalex.org/I102398690,National Natural Science Foundation of China,True,7704,1,1,7704,0,0
https://openalex.org/I102401767,University of Arkansas at Little Rock,True,5913,1,1,5913,0,0
https://openalex.org/I10245363,Rajamangala University of Technology,True,1894,7,5,170;1894;2123;2540;3423,0,0
https://openalex.org/I102502594,Northern Illinois University,True,,1,0,,2,0
https://openalex.org/I102516824,Université de Technologie de Compiègne,True,,9,1,5006,9,0
https://openalex.org/I102669525,Pelita Harapan University,True,4897,1,1,4897,0,0
https://openalex.org/I102808428,Tbilisi State University,True,826,1,1,826,0,0
https://openalex.org/I102834121,Purbanchal University,True,2033,1,2,1525;2033,0,0
https://openalex.org/I102962589,Atomic Energy Organization of Iran,True,4686,1,1,4686,0,0
https://openalex.org/I103017756,Pall Corporation (United States),True,7244,2,3,3093;4867;7244,0,0
https://openalex.org/I103031861,Plekhanov Russian University of Economics,True,2262,1,1,2262,0,0
https://openalex.org/I103043317,Wisconsin Department of Health Services,True,6678,2,1,6678,0,0
https://openalex.org/I103084370,Total (France),True,2702,10,10,1269;1276;146;1589;2304;2702;3881;4946;5288;535,1,0
https://openalex.org/I103163165,Florida State University,True,6215,4,2,6215;740,1,0
https://openalex.org/I103187081,Smithsonian Institution,True,7068,40,6,136;6558;7068;7244;7347;740,7,0
https://openalex.org/I103562704,ESI Group (France),True,2702,6,7,1445;1846;215;2702;3799;43;6948,0,0
https://openalex.org/I103703290,Sakarya University,True,3022,1,1,3022,0,0
https://openalex.org/I103911934,University of the Philippines System,True,2845,10,5,2845;4372;4664;4985;999,1,0
https://openalex.org/I104338594,Inje University,True,3057,5,2,3057;94,0,0
https://openalex.org/I104362916,Gabriel René Moreno Autonomous University,True,1570,1,1,1570,0,0
https://openalex.org/I104482861,Ecopetrol (Colombia),True,4048,1,1,4048,1,0
https://openalex.org/I104778310,Interior Health,True,,5,0,,6,0
https://openalex.org/I105036370,AstraZeneca (United Kingdom),True,5550,21,20,1345;1445;1479;154;1600;1830;2626;2702;296;310;3147;3222;3793;3956;5550;6567;687;7165;9099;94,0,0
https://openalex.org/I105140100,Madrid Institute for Advanced Studies,True,3147,7,1,3147,0,0
https://openalex.org/I105237324,Joshibi University of Art and Design,True,5129,1,1,5129,0,0
https://openalex.org/I105292261,Ministry of Health,True,1322,2,1,1322,0,0
https://openalex.org/I106107269,Claremont McKenna College,True,1642,1,1,1642,0,0
https://openalex.org/I106118109,Eötvös Loránd University,True,964,4,2,700;964,0,0
https://openalex.org/I106157433,University of Kassel,True,3713,1,1,3713,0,0
https://openalex.org/I106165777,University of Central Florida,True,6487,1,1,6487,0,0
https://openalex.org/I10627620,Kogi State University,True,,1,0,,2,0
https://openalex.org/I106542073,University of Calcutta,True,10452,2,1,10452,0,0
https://openalex.org/I106718257,BHP (Australia),True,1266,1,2,1266;1751,0,0
https://openalex.org/I106745318,NOAA National Marine Fisheries Service,True,7068,19,7,182;2204;4510;6237;6442;7068;7347,2,0
https://openalex.org/I106785703,Institut polytechnique de Grenoble,True,3984,44,3,3836;3984;5006,0,0
https://openalex.org/I106791491,AspenTech (United States),True,7347,1,2,5047;7347,0,0
https://openalex.org/I106938459,University of New Brunswick,True,,20,0,,21,0
https://openalex.org/I106965489,United States Army Medical Command,True,5229,15,9,1894;2079;2171;4510;5229;7068;7098;7337;826,3,0
https://openalex.org/I106994412,Sinopec (China),True,7704,5,3,7704;8747;9701,0,0
https://openalex.org/I107077323,Worcester Polytechnic Institute,True,7317,1,1,7317,0,0
https://openalex.org/I107145371,United Nations Development Programme,True,7244,3,3,29;7244;906,0,0
https://openalex.org/I107428990,Instituto Tecnológico de Aeronáutica,True,6728,1,2,6728;7226,0,0
https://openalex.org/I107606265,Broad Institute,True,7347,2,1,7347,0,0
https://openalex.org/I107639228,University of Notre Dame,True,6821,2,2,1642;6821,0,0
https://openalex.org/I107656453,South Australia Pathology,True,789,1,1,789,0,0
https://openalex.org/I107672454,Dartmouth College,True,,6,1,7357,5,0
https://openalex.org/I107766831,NSF National Center for Atmospheric Research,True,5332,7,1,5332,0,0
https://openalex.org/I107851509,Chinese Academy of Tropical Agricultural Sciences,True,9511,15,5,9401;9411;9511;9623;9711,2,0
https://openalex.org/I107920810,National Health Laboratory Service,True,3337,1,1,3337,0,0
https://openalex.org/I107949126,University of Lethbridge,True,1053,1,2,1053;1276,0,0
https://openalex.org/I108103353,Universidad de Valladolid,True,2881,2,2,2371;2881,0,0
https://openalex.org/I108192572,HEC Montréal,True,3485,1,1,3485,0,0
https://openalex.org/I108326093,Ithaka Harbors,True,7244,1,1,7244,0,0
https://openalex.org/I108468826,Stevens Institute of Technology,True,7244,1,1,7244,0,0
https://openalex.org/I108511484,Bial (Portugal),True,1003,1,2,1003;3147,0,0
https://openalex.org/I108714496,Tunis University,True,1545,2,1,1545,0,0
https://openalex.org/I108785884,Intermountain Healthcare,True,4881,11,4,4411;4856;4881;4964,1,0
https://openalex.org/I108806672,Baden-Wuerttemberg Cooperative State University,True,3580,1,2,3041;3580,0,0
https://openalex.org/I109010114,SunEdison (United States),True,1255,2,3,1255;154;706,0,0
https://openalex.org/I10902133,Universitat Jaume I,True,4258,1,2,3147;4258,0,0
https://openalex.org/I109144446,Bavarian Academy of Sciences and Humanities,True,4736,4,1,4736,0,0
https://openalex.org/I109147379,NXP (Netherlands),True,2254,7,7,1565;2011;2254;2304;3793;4736;5349,1,0
https://openalex.org/I109556086,Autoliv (Sweden),True,1445,4,4,1445;3719;3793;5129,1,0
https://openalex.org/I109570744,Sigmund Freud Privatuniversität Wien,True,790,5,6,1600;164;2702;361;4946;790,0,0
https://openalex.org/I110017253,Université de Tours,True,2085,43,5,2010;2085;2639;2702;954,0,0
https://openalex.org/I110026055,Iscte – Instituto Universitário de Lisboa,True,310,14,1,310,0,0
https://openalex.org/I110120368,"National Agency for New Technologies, Energy and Sustainable Economic Development",True,3881,10,5,2168;3157;3881;4333;5051,3,0
https://openalex.org/I110166357,University of Delhi,True,7466,7,1,7466,0,0
https://openalex.org/I110525433,"Islamic Azad University, Tehran",True,4686,117,70,1306;1407;1861;1941;2017;260;2770;2830;2889;3000;3257;3546;357;3633;3677;3803;3879;3916;3953;3988;4092;4128;417;4196;4331;4364;4397;4430;4686;4770;4795;4845;4903;4928;4978;5070;5109;5185;5203;5274;5291;5425;5505;5553;5569;562;5634;5650;5666;5682;5744;5759;5773;5799;5812;5824;5848;5872;5884;5932;5968;6004;6030;6042;6066;6114;6126;6211;6244;967,28,0
https://openalex.org/I110535807,Winnipeg Regional Health Authority,True,1837,4,1,1837,0,0
https://openalex.org/I110675161,Infosys (India),True,9099,1,2,2702;9099,0,0
https://openalex.org/I110736937,Délégation Paris 5,True,2702,4,1,2702,0,0
https://openalex.org/I111088046,Boston University,True,7347,2,2,7337;7347,0,0
https://openalex.org/I111236770,University of Vermont,True,,2,0,,3,0
https://openalex.org/I111262870,Universitat de Miguel Hernández d'Elx,True,4052,2,2,4052;4122,0,0
https://openalex.org/I111277659,Chonnam National University,True,2246,5,1,2246,0,0
https://openalex.org/I111406484,Ministry of Health,True,2940,1,1,2940,0,0
https://openalex.org/I111467783,Pontifical Gregorian University,True,3881,1,2,1674;3881,0,0
https://openalex.org/I111575329,Bharathiar University,True,9069,1,1,9069,0,0
https://openalex.org/I111599522,Jiangnan University,True,9963,1,1,9963,0,0
https://openalex.org/I111753288,Fujian Normal University,True,10328,1,1,10328,0,0
https://openalex.org/I1118541,University of East Anglia,True,5770,1,2,3304;5770,0,0
https://openalex.org/I111878022,Linde (United States),True,7244,1,1,7244,1,0
https://openalex.org/I111950717,Macau University of Science and Technology,True,105,2,2,105;9716,0,0
https://openalex.org/I111979921,Northwestern University,True,6654,3,1,6654,0,0
https://openalex.org/I112090838,Academy of Sciences of Moldova,True,282,6,1,282,0,0
https://openalex.org/I112281704,Research Council of Finland,True,687,1,1,687,0,0
https://openalex.org/I112289208,United Nations Children's Fund,True,7244,8,9,1986;2295;2569;2626;29;448;7244;7466;779,0,0
https://openalex.org/I112643650,SKF (Sweden),True,165,5,5,1600;165;1793;2702;5356,1,0
https://openalex.org/I11265461,Korea Development Institute,True,94,1,2,1604;94,0,0
https://openalex.org/I112700253,Ranchi University,True,10168,1,1,10168,0,0
https://openalex.org/I112713213,Université Gaston Berger,True,886,1,2,153;886,0,0
https://openalex.org/I112936343,École Centrale de Lyon,True,3718,21,6,1294;2702;3628;3709;3718;4822,0,0
https://openalex.org/I112991645,Airbus (France),True,2304,1,1,2304,0,0
https://openalex.org/I113358080,Champalimaud Foundation,True,310,1,1,310,0,0
https://openalex.org/I113428412,École Normale Supérieure de Lyon,True,3718,54,5,2702;3353;3628;3718;3759,1,0
https://openalex.org/I11385950,Conselho Nacional de Desenvolvimento Científico e Tecnológico,True,5465,26,14,1477;5449;5465;5593;6060;6144;6369;6567;6870;6961;7003;7021;7303;7328,0,0
https://openalex.org/I114027177,University of North Carolina at Chapel Hill,True,6942,5,1,6942,0,0
https://openalex.org/I114030911,Otsuka (Japan),True,5129,8,8,1980;2702;4736;4897;5129;5288;7165;94,0,0
https://openalex.org/I114073160,Sutter Health,True,3652,13,6,1255;1901;1980;3025;3282;3652,0,0
https://openalex.org/I114090438,Goethe University Frankfurt,True,3093,2,2,3093;3246,0,0
https://openalex.org/I114112103,Leibniz University Hannover,True,3667,3,1,3667,0,0
https://openalex.org/I114129787,NCR (United States),True,6451,1,2,5288;6451,0,0
https://openalex.org/I114132059,Tokyo Electron (Japan),True,5129,1,2,415;5129,0,0
https://openalex.org/I114176345,University of Calicut,True,8675,1,1,8675,1,0
https://openalex.org/I114203471,University of Gloucestershire,True,3586,1,2,3586;4925,0,0
https://openalex.org/I114218197,Chinese Academy of Social Sciences,True,7704,18,2,7704;8476,0,0
https://openalex.org/I114395901,University of Nebraska–Lincoln,True,5937,2,1,5937,0,0
https://openalex.org/I114457229,University of Geneva,True,29,5,2,215;29,1,0
https://openalex.org/I114662689,Leidos (United States),True,7068,1,2,7068;7098,0,0
https://openalex.org/I114832834,Tulane University,True,5865,1,1,5865,0,0
https://openalex.org/I114972647,University of Jordan,True,567,2,1,567,0,0
https://openalex.org/I115020962,New England Biolabs (United States),True,7347,2,3,5486;7347;7704,0,0
https://openalex.org/I115053289,Oxford Instruments (United Kingdom),True,4792,3,4,2626;4792;5349;536,0,0
https://openalex.org/I115182109,Gazprom (Russia),True,2262,1,2,2262;4946,0,0
https://openalex.org/I115209984,Albemarle (United States),True,5853,3,4,1064;1269;1427;5853,0,0
https://openalex.org/I115228651,"Agency for Science, Technology and Research",True,154,26,1,154,1,0
https://openalex.org/I11559806,École Normale Supérieure Paris-Saclay,True,2702,20,1,2702,0,0
https://openalex.org/I115891769,Universidade dos Açores,True,,7,0,,8,0
https://openalex.org/I116005404,Ashiya University,True,3956,1,1,3956,0,0
https://openalex.org/I116130893,Veer Kunwar Singh University,True,9968,1,2,9858;9968,0,0
https://openalex.org/I116265982,Qinghai University,True,3438,1,1,3438,0,0
https://openalex.org/I116431938,Cochlear (Australia),True,1830,3,3,1830;5332;935,1,0
https://openalex.org/I116530498,Inova Health System,True,7068,4,1,7068,0,0
https://openalex.org/I116953780,Tongji University,True,10097,5,2,10097;9701,0,0
https://openalex.org/I117197279,Japan Atomic Energy Agency,True,5309,3,2,5309;790,0,0
https://openalex.org/I117397414,Aurora Health Care,True,6769,7,2,6769;6815,3,0
https://openalex.org/I1174212,University of Southern California,True,1642,4,1,1642,0,0
https://openalex.org/I117841876,Université Paris-Panthéon-Assas,True,2702,28,2,2702;3200,0,0
https://openalex.org/I117965899,University of Hawaiʻi at Mānoa,True,182,5,1,182,0,0
https://openalex.org/I118019719,Roche (Switzerland),True,935,37,34,1255;1269;1445;1545;1600;1637;1793;2072;2114;2227;2569;2626;2702;310;3147;419;431;5129;5288;535;537;54;594;596;664;687;7163;7347;790;798;935;94;959;964,2,0
https://openalex.org/I118086122,Ministry of Health and Social Welfare,True,3280,1,2,1977;3280,0,0
https://openalex.org/I118136607,General Motors (United States),True,6948,4,5,2626;2663;3093;6897;6948,0,0
https://openalex.org/I118185606,Aga Khan University,True,2034,8,6,2034;2171;3056;3280;5288;974,0,0
https://openalex.org/I118298837,Sankara Nethralaya,True,9850,1,1,9850,0,0
https://openalex.org/I118347220,NEC (Japan),True,5129,5,6,3041;5129;5288;5543;7244;7704,0,0
https://openalex.org/I118347636,Australian National University,True,1468,8,4,1468;1830;360;510,1,0
https://openalex.org/I11838497,Aviation Industry Corporation of China (China),True,7704,2,1,7704,0,0
https://openalex.org/I118406505,Ministry of Food and Drug Safety,True,1604,1,1,1604,0,0
https://openalex.org/I118564535,University of Bern,True,805,1,1,805,0,0
https://openalex.org/I118636833,Rockefeller Foundation,True,7244,1,2,5543;7244,0,0
https://openalex.org/I11892038,University of Nigeria,True,6604,1,1,6604,0,0
https://openalex.org/I11912373,Micron (United States),True,4756,4,5,154;1600;4756;491;5129,0,0
https://openalex.org/I11923345,Wrocław University of Science and Technology,True,1711,1,1,1711,0,0
https://openalex.org/I11935315,École Nationale Supérieure de Chimie de Montpellier,True,3541,5,1,3541,1,0
https://openalex.org/I119454577,Nanjing Agricultural University,True,9701,1,1,9701,0,0
https://openalex.org/I11947397,Tata Institute of Fundamental Research,True,7163,6,4,7163;7617;9045;9099,0,0
https://openalex.org/I119474363,Canterbury Christ Church University,True,5726,1,1,5726,0,0
https://openalex.org/I119530710,TEPCO (Japan),True,5129,1,1,5129,0,0
https://openalex.org/I119561980,Umicore (Belgium),True,1269,2,3,1269;3093;6948,0,0
https://openalex.org/I119664326,University of Wolverhampton,True,3799,1,1,3799,0,0
https://openalex.org/I11983389,Manchester Metropolitan University,True,3304,1,1,3304,0,0
https://openalex.org/I120230055,Poznan University of Medical Sciences,True,1529,1,1,1529,0,0
https://openalex.org/I12097938,West Virginia University,True,,2,1,7068,2,0
https://openalex.org/I12150220,University of Mosul,True,1084,1,1,1084,1,0
https://openalex.org/I121708413,Chukwuemeka Odumegwu Ojukwu University,True,6152,1,1,6152,1,0
https://openalex.org/I121748325,Universidad Complutense de Madrid,True,3147,1,1,3147,0,0
https://openalex.org/I121797337,Leiden University,True,296,2,2,1427;296,0,0
https://openalex.org/I121800195,Manitoba Health,True,1837,1,1,1837,0,0
https://openalex.org/I121820613,Louisiana State University,True,5853,2,1,5853,0,0
https://openalex.org/I121847817,"The Graduate Center, CUNY",True,7244,1,1,7244,0,0
https://openalex.org/I121934306,Tufts University,True,7347,1,1,7347,0,0
https://openalex.org/I121980950,Utah State University,True,,2,0,,3,0
https://openalex.org/I122140584,Universidade Federal do Rio de Janeiro,True,6961,3,2,6918;6961,0,0
https://openalex.org/I122266389,University of Nebraska at Omaha,True,5985,2,1,5985,1,0
https://openalex.org/I122411786,California Institute of Technology,True,1642,9,2,1642;639,1,0
https://openalex.org/I122754148,SAS Institute (United States),True,6942,3,4,415;5288;596;6942,0,0
https://openalex.org/I122991210,"Istituto di Scienza e Tecnologie dell'Informazione ""Alessandro Faedo""",True,2647,1,1,2647,0,0
https://openalex.org/I123044942,Universitat Autònoma de Barcelona,True,4523,2,1,4523,0,0
https://openalex.org/I123127086,North Carolina Central University,True,6942,2,1,6942,0,0
https://openalex.org/I12315562,Texas Tech University,True,5193,1,2,1642;5193,0,0
https://openalex.org/I12323705,The Abdus Salam International Centre for Theoretical Physics (ICTP),True,4164,2,2,1338;4164,0,0
https://openalex.org/I123269071,Cegep de Sainte Foy,True,3789,1,1,3789,0,0
https://openalex.org/I123387679,Uppsala University,True,1242,2,1,1242,1,0
https://openalex.org/I123443094,Universidade Estadual de Maringá,True,4010,1,1,4010,0,0
https://openalex.org/I123565023,Vietnam National University Ho Chi Minh City,True,5038,9,2,4280;5038,0,0
https://openalex.org/I12356871,Télécom Paris,True,2702,6,1,2702,0,0
https://openalex.org/I123754550,Moog (United States),True,7141,3,4,296;3580;3586;7141,0,0
https://openalex.org/I123791789,Saint-Gobain (France),True,2702,9,10,2626;2702;3099;3759;44;5129;535;596;6451;7165,0,0
https://openalex.org/I123900574,Pohang University of Science and Technology,True,2775,1,1,2775,0,0
https://openalex.org/I124055696,University of Copenhagen,True,537,6,2,1064;537,0,0
https://openalex.org/I124158823,Conservatoire National des Arts et Métiers,True,2702,26,4,1933;2702;398;954,0,0
https://openalex.org/I124261006,École Supérieure des Sciences Économiques et Commerciales,True,2702,3,2,2702;3984,0,0
https://openalex.org/I124357947,University of London,True,5288,64,8,146;156;1899;2702;3541;4159;5288;66,0,0
https://openalex.org/I12449238,Université d'Orléans,True,2639,32,4,2085;2639;2702;4360,1,0
https://openalex.org/I124574311,Cambridge Health Alliance,True,7347,3,1,7347,0,0
https://openalex.org/I125068653,IE University,True,,1,1,3147,1,0
https://openalex.org/I125523173,Institute of Molecular Biotechnology,True,790,2,1,790,0,0
https://openalex.org/I125749732,Western University,True,2220,7,1,2220,0,0
https://openalex.org/I125924841,Mercy University,True,7244,1,1,7244,0,0
https://openalex.org/I125932930,Parks Canada,True,3343,47,2,28;3343,46,0
https://openalex.org/I126231945,Queen's University Belfast,True,242,1,1,242,0,0
https://openalex.org/I126307644,University of Iowa,True,6312,6,1,6312,0,0
https://openalex.org/I126520041,University of Science and Technology of China,True,9459,7,4,10286;7704;9459;9701,0,0
https://openalex.org/I126595936,Azerbaijan National Academy of Sciences,True,1744,13,3,1744;200;362,1,0
https://openalex.org/I126596746,Jagiellonian University,True,3171,1,1,3171,0,0
https://openalex.org/I126744593,"University of Maryland, Baltimore",True,7123,2,2,7068;7123,0,0
https://openalex.org/I126859394,Alberta Health Services,True,1572,21,4,1053;1276;1478;1572,3,0
https://openalex.org/I127019355,National University of Tucumán,True,1467,2,1,1467,0,0
https://openalex.org/I127073530,OhioHealth,True,6887,3,1,6887,1,0
https://openalex.org/I127251866,Alfred-Wegener-Institut Helmholtz-Zentrum für Polar- und Meeresforschung,True,2501,1,2,2153;2501,0,0
https://openalex.org/I127255534,Open Text (Canada),True,2360,1,2,2360;5288,0,0
https://openalex.org/I127317711,Tokyo University of Agriculture,True,5129,1,1,5129,0,0
https://openalex.org/I127558574,DSM (Netherlands),True,2901,7,8,2360;2702;2901;329;361;7163;7244;935,0,0
https://openalex.org/I1279684262,Island Health,True,28,2,1,28,0,0
https://openalex.org/I1279686153,Fluor (United States),True,5543,1,2,5543;7068,0,0
https://openalex.org/I1279955124,Natural History Museum Vienna,True,790,1,1,790,0,0
https://openalex.org/I1280207039,HealthEast Care System,True,6433,2,1,6433,0,0
https://openalex.org/I1280293394,Ministry of Education,True,154,1,1,154,0,0
https://openalex.org/I1280414376,United States Air Force Research Laboratory,True,6845,18,7,4914;5229;6083;6845;6990;7068;7267,0,0
https://openalex.org/I1280536761,Ames Research Center,True,1255,3,2,1255;3781,0,0
https://openalex.org/I1280568170,Department of the Treasury,True,1369,5,3,1369;1468;360,0,0
https://openalex.org/I1280600231,General Services Administration,True,7068,1,2,5332;7068,0,0
https://openalex.org/I1281029379,International Atomic Energy Agency,True,790,2,1,790,0,0
https://openalex.org/I1281378812,Oak Ridge Associated Universities,True,,1,0,,2,0
https://openalex.org/I1281704429,Christiana Care Health System,True,7165,1,1,7165,0,0
https://openalex.org/I1281735042,Natural Resources Canada,True,3343,3,1,3343,0,0
https://openalex.org/I1281833243,American Heart Association,True,5543,1,1,5543,0,0
https://openalex.org/I1281948896,Ohio Department of Natural Resources,True,6887,1,1,6887,0,0
https://openalex.org/I1282070171,Office of Education,True,7068,1,2,7068;7244,0,0
https://openalex.org/I1282105669,Argonne National Laboratory,True,6654,5,1,6654,0,0
https://openalex.org/I1282113950,United States Department of Homeland Security,True,7068,5,2,7068;7244,0,0
https://openalex.org/I128212801,Smithsonian Tropical Research Institute,True,740,8,2,136;740,6,0
https://openalex.org/I1282311441,Lawrence Livermore National Laboratory,True,1980,2,1,1980,0,0
https://openalex.org/I1282462722,United States Department of Transportation,True,7068,17,3,5705;7068;7347,0,0
https://openalex.org/I1282516798,Atrium Health Wake Forest Baptist,True,6893,2,1,6893,0,0
https://openalex.org/I1282770075,Tektronix (United States),True,4444,4,4,2626;4444;4946;5129,1,0
https://openalex.org/I1282927834,Cedars-Sinai Medical Center,True,1642,2,1,1642,0,0
https://openalex.org/I1283026217,Home Office,True,5288,1,1,5288,0,0
https://openalex.org/I1283055418,Indiana University Health,True,6720,5,2,6720;6797,1,0
https://openalex.org/I1283103587,AT&T (United States),True,7244,5,5,296;4020;419;6451;7244,0,0
https://openalex.org/I1283111495,Ministry of Economy,True,441,1,1,441,0,0
https://openalex.org/I1283155146,Panasonic (Japan),True,3956,6,7,1798;3793;3956;43;5125;7244;7704,0,0
https://openalex.org/I12832649,Gachon University,True,94,5,1,94,0,0
https://openalex.org/I1283280774,Brigham and Women's Hospital,True,7347,4,1,7347,0,0
https://openalex.org/I12834331,University of Wyoming,True,,1,0,,2,0
https://openalex.org/I1283473643,Honda (Japan),True,5129,2,3,1642;3093;5129,0,0
https://openalex.org/I1283582996,Novartis (Switzerland),True,935,36,32,1266;1269;1445;1479;154;1600;163;164;1934;2204;259;2626;2659;2702;419;4454;4523;4792;5006;5125;5129;537;596;7244;7347;7466;7704;790;9045;935;94;964,1,0
https://openalex.org/I1283621791,New York City Health and Hospitals Corporation,True,7244,7,1,7244,0,0
https://openalex.org/I1283654650,Prisma Health,True,,2,0,,3,0
https://openalex.org/I1283990227,"Ministry of Agriculture, Food and Rural Affairs",True,2560,1,1,2560,0,0
https://openalex.org/I1284112523,Ministry of Transport and Communications,True,687,4,1,687,0,0
https://openalex.org/I1284510009,Norwegian Academy of Science and Letters,True,596,1,1,596,0,0
https://openalex.org/I1284541357,Gundersen Health System,True,6614,1,1,6614,0,0
https://openalex.org/I1284637955,"Kerala State Council for Science, Technology and Environment",True,9157,4,3,8862;9013;9157,0,0
https://openalex.org/I1284886586,Institut Mérieux (France),True,3718,8,6,3718;5000;6567;6654;6942;7466,0,0
https://openalex.org/I1285210727,University of Kentucky HealthCare,True,6748,2,1,6748,0,0
https://openalex.org/I1285301757,Rush University Medical Center,True,6654,1,1,6654,0,0
https://openalex.org/I1285399213,Oxfam,True,4792,2,3,4523;4792;5006,0,0
https://openalex.org/I1285714368,Oxleas NHS Foundation Trust,True,5288,1,1,5288,0,0
https://openalex.org/I1285764155,"Merck & Co., Inc., Rahway, NJ, USA (United States)",True,7244,29,30,1269;1380;1427;1445;154;1637;1830;1894;2327;2702;279;310;3147;3485;3881;4736;5006;5129;5288;535;596;687;7163;7244;758;790;853;94;959;964,0,0
https://openalex.org/I1285782058,Rajamangala University of Technology Isan,True,3329,3,2,3329;3470,2,0
https://openalex.org/I12859529,University of Nairobi,True,2171,2,2,1312;2171,0,0
https://openalex.org/I1286329397,United States Geological Survey,True,7068,82,41,1255;182;3652;4278;4444;4510;4756;4806;4881;4914;5332;5349;5431;5624;5705;5817;5853;5925;5937;6071;6192;6237;6350;6433;6442;6451;6614;6678;6720;6905;6929;6942;7032;7068;7123;7129;7165;7292;7307;7317;775,15,0
https://openalex.org/I1286353243,Autodesk (United States),True,1255,3,4,1255;154;3485;4460,0,0
https://openalex.org/I1286406326,Bureau of Meteorology,True,1266,1,1,1266,0,0
https://openalex.org/I1286561144,American Philosophical Society,True,7165,1,2,7020;7165,0,0
https://openalex.org/I1286583668,CGIAR,True,3541,32,25,123;1284;1657;1899;2171;2207;2295;2327;2526;2629;2845;3280;3541;363;3700;3705;3881;431;434;5006;5543;5821;586;7068;7466,1,0
https://openalex.org/I1286751378,Betsi Cadwaladr University Health Board,True,,4,1,2765,3,0
https://openalex.org/I1286922834,Indian Council of Forestry Research and Education,True,7581,8,7,10168;10526;5324;7581;9045;9069;9099,1,0
https://openalex.org/I1286959531,United Nations,True,7244,112,65,1064;11;1296;1322;1338;1385;170;1846;1894;1986;2072;2171;2203;2207;224;2262;2295;2352;2569;2583;2626;2702;2713;2884;29;310;3226;359;3793;3881;3981;4164;431;433;4426;448;4523;46;4686;4792;4897;5006;5129;5291;537;552;5550;567;5773;5821;6529;6604;7244;7466;750;758;7704;779;790;805;83;85;8891;906;94,7,0
https://openalex.org/I1286960001,Parkland Health & Hospital System,True,5543,1,1,5543,0,0
https://openalex.org/I12870472,Birmingham City University,True,3799,2,1,3799,0,0
https://openalex.org/I1287193074,Université catholique de lyon,True,3718,1,1,3718,0,0
https://openalex.org/I1287223417,"Ministry of Economy, Trade and Industry",True,5129,3,1,5129,0,0
https://openalex.org/I1287339526,Reserve Bank of India,True,7163,3,1,7163,0,0
https://openalex.org/I1287366011,Dubai Health Authority,True,357,3,1,357,0,0
https://openalex.org/I1287435762,WellStar Health System,True,6451,2,1,6451,0,0
https://openalex.org/I1287521167,Lockheed Martin (United States),True,7068,6,6,1255;1369;1642;3343;5125;7068,0,0
https://openalex.org/I1288051870,Organisation de Coopération et de Développement Economiques,True,2702,3,2,2702;790,0,0
https://openalex.org/I1288214837,United States Naval Research Laboratory,True,7068,17,2,496;7068,1,0
https://openalex.org/I1288283403,Georgia Tech-Europe,True,4088,1,1,4088,0,0
https://openalex.org/I1288380561,Animal and Plant Health Inspection Service,True,7068,1,2,5431;7068,0,0
https://openalex.org/I1288761627,Embraer (Brazil),True,6728,1,1,6728,1,0
https://openalex.org/I1288880153,Hôpital Necker-Enfants Malades,True,2702,1,1,2702,0,0
https://openalex.org/I1288882113,Boston Children's Hospital,True,7347,2,1,7347,0,0
https://openalex.org/I1288894424,Health Canada,True,3343,2,2,2626;3343,0,0
https://openalex.org/I1289024836,"Ministry of Agriculture, Forestry and Fisheries",True,5129,2,1,5129,1,0
https://openalex.org/I1289110261,Belfast Health and Social Care Trust,True,242,7,1,242,0,0
https://openalex.org/I1289243028,Oak Ridge National Laboratory,True,,6,1,6685,6,0
https://openalex.org/I1289422878,Dartmouth–Hitchcock Medical Center,True,,1,0,,2,0
https://openalex.org/I1289431368,Marine Scotland,True,3949,1,1,3949,0,0
https://openalex.org/I1289461252,Indian Space Research Organisation,True,9099,5,3,7581;9045;9099,1,0
https://openalex.org/I1289490764,Centers for Disease Control and Prevention,True,6451,25,3,308;6451;7068,0,0
https://openalex.org/I1289550199,Dorset HealthCare University NHS Foundation Trust,True,3912,11,1,3912,3,0
https://openalex.org/I1289784979,University College Hospital,True,5288,1,1,5288,0,0
https://openalex.org/I1289910757,NEOMA Business School,True,2159,2,2,2159;3495,0,0
https://openalex.org/I128993996,University of South Wales,True,2086,2,1,2086,0,0
https://openalex.org/I1289992829,NC Department of Health and Human Services,True,6942,1,1,6942,1,0
https://openalex.org/I1290055561,St. Luke's University Health Network,True,7195,1,1,7195,0,0
https://openalex.org/I1290206253,Microsoft (United States),True,4510,25,24,1255;1427;1479;154;2626;2702;2891;310;3485;415;419;4510;4736;5047;537;5550;596;6567;687;7244;7347;7704;9045;9099,0,0
https://openalex.org/I1290491151,Ministry of Health and Welfare,True,94,7,3,1415;1604;94,0,0
https://openalex.org/I1290523313,Magyar Agrár- és Élettudományi Egyetem,True,964,1,1,964,1,0
https://openalex.org/I1290683524,Kraft Heinz (United States),True,6654,3,4,2626;5288;6654;7163,0,0
https://openalex.org/I1290900354,Tufts Medical Center,True,7347,1,1,7347,0,0
https://openalex.org/I1291012402,"Ministry of Environment, Forests and Climate Change",True,7466,3,4,7466;7581;8142;9850,0,0
https://openalex.org/I1291072267,Dallas County Community College District,True,5543,6,1,5543,0,0
https://openalex.org/I12912129,Northeastern University,True,7347,4,4,1255;5288;5511;7347,0,0
https://openalex.org/I1291357265,Ministry of Health,True,154,3,1,154,0,0
https://openalex.org/I1291425158,Google (United States),True,1255,7,8,1255;1479;154;1830;2360;415;5288;564,0,0
https://openalex.org/I1291450037,Medanta The Medicity,True,7466,1,2,7466;7839,0,0
https://openalex.org/I129162050,TBS Education,True,2304,1,1,2304,0,0
https://openalex.org/I1291836623,Mount Sinai Hospital,True,2626,1,1,2626,0,0
https://openalex.org/I1291847170,California Health and Human Services Agency,True,3652,2,1,3652,0,0
https://openalex.org/I1292524976,Carter Center,True,6451,1,2,5821;6451,0,0
https://openalex.org/I1292669757,Toshiba (Japan),True,5129,8,8,1479;2702;5129;5288;7244;790;815;94,0,0
https://openalex.org/I1292859797,Montreal Neurological Institute and Hospital,True,3485,1,1,3485,0,0
https://openalex.org/I1292875679,Commonwealth Scientific and Industrial Research Organisation,True,1468,38,8,1266;1468;1830;2355;360;510;789;920,0,0
https://openalex.org/I1292974536,Ford Motor Company (United States),True,6948,4,5,1397;2626;5288;535;6948,0,0
https://openalex.org/I129302853,Roche (United States),True,1255,2,1,1255,0,0
https://openalex.org/I1293052470,"Barking, Havering And Redbridge University Hospitals NHS Trust",True,5288,3,1,5288,0,0
https://openalex.org/I1293129422,Lancashire Teaching Hospitals NHS Foundation Trust,True,3201,3,2,2574;3201,0,0
https://openalex.org/I1293226324,UNESCO,True,2702,67,47,1064;11;1296;1322;1338;1385;170;1846;2203;2207;2262;2295;2352;2583;2702;2713;2884;29;310;3226;359;3793;3981;4164;433;4426;4523;46;4686;4792;4897;5006;5129;5291;552;5773;5821;6529;6604;750;758;7704;805;83;8891;906;94,6,0
https://openalex.org/I1293302089,Swedish Meteorological and Hydrological Institute,True,1017,1,2,1017;1445,0,0
https://openalex.org/I1293406163,Wheaton Franciscan Healthcare,True,6769,5,2,6769;6776,0,0
https://openalex.org/I1293487690,Ministry of Education,True,5465,13,9,4483;5300;5465;6023;665;6870;6961;7303;7418,0,0
https://openalex.org/I1293631320,American Institutes for Research,True,7068,1,1,7068,0,0
https://openalex.org/I1293719834,Ministry of Natural Resources and Environment,True,2262,4,1,2262,3,0
https://openalex.org/I1294053255,American Chemistry Council,True,7068,1,1,7068,0,0
https://openalex.org/I1294504835,Marshall Space Flight Center,True,6248,1,2,5865;6248,0,0
https://openalex.org/I1294586568,Hospital Authority,True,73,26,2,696;73,0,0
https://openalex.org/I1294639003,Summa Health System,True,6996,3,1,6996,0,0
https://openalex.org/I1294671590,Centre National de la Recherche Scientifique,True,2702,1513,103,10097;1091;1185;120;1255;1266;1294;1363;1397;1468;1496;1507;153;154;1545;1589;1637;1680;1768;1894;1933;2010;2072;2085;2159;2204;2207;2233;2262;2304;2317;233;240;2441;2583;2639;2702;2764;2824;2993;300;3200;3302;3353;3400;3485;3495;3541;3585;3628;3709;3718;3759;3789;3793;3798;3881;3911;3948;3984;4054;4088;4124;4192;4199;4215;4226;4278;429;431;4333;4360;4393;4426;4532;4558;468;4792;4822;4946;5006;5129;5288;535;58;5821;6108;639;6567;6654;6905;6961;7068;708;71;789;790;824;906;9099;94;954;9834,41,0
https://openalex.org/I1294711689,Swansea Bay University Health Board,True,1072,6,2,1072;1769,0,0
https://openalex.org/I1294991024,Air University,True,6143,1,2,6143;6845,0,0
https://openalex.org/I1295297804,Ciena (United States),True,7123,2,2,5288;7123,1,0
https://openalex.org/I1295339012,Boeing (United States),True,6654,7,7,1266;1837;2355;3147;4946;6192;6654,1,0
https://openalex.org/I1295346377,Monsanto (United States),True,6192,4,5,1837;5550;6192;6567;7163,0,0
https://openalex.org/I1295499534,Seattle Children's Hospital,True,4510,1,1,4510,0,0
https://openalex.org/I1295929820,Yamaha (Japan),True,5091,2,3,1427;1642;5091,0,0
https://openalex.org/I129604602,The University of Sydney,True,1830,3,1,1830,0,0
https://openalex.org/I1296541250,Rosatom (Russia),True,2262,2,1,2262,0,0
https://openalex.org/I1296703163,Office of the Secretary of Defense,True,7068,11,2,7068;7123,0,0
https://openalex.org/I1296725772,University of Engineering & Management,True,10452,1,2,10452;7320,0,0
https://openalex.org/I1296747019,United Parcel Service (United States),True,6451,1,2,5288;6451,0,0
https://openalex.org/I1297333082,Altarum Institute,True,6929,1,2,6929;7068,0,0
https://openalex.org/I1297540436,Biogen (United States),True,7347,8,9,1269;1427;1479;1600;310;4736;5288;7347;7466,0,0
https://openalex.org/I129774422,University of Vienna,True,790,6,1,790,0,0
https://openalex.org/I1297969416,Conemaugh Health System,True,,1,0,,2,0
https://openalex.org/I1297991670,Southwest University of Science and Technology,True,5963,1,1,5963,0,0
https://openalex.org/I129801699,University of Tasmania,True,510,21,2,2355;510,2,0
https://openalex.org/I1298060332,New York State Department of Health,True,7292,2,1,7292,0,0
https://openalex.org/I1298580462,Institut de Veille Sanitaire,True,2702,1,2,2702;3718,0,0
https://openalex.org/I129858807,Universidad de Guanajuato,True,4368,1,2,4368;4533,0,0
https://openalex.org/I129871486,Oregon Institute of Technology,True,,1,0,,2,0
https://openalex.org/I129877168,Carl von Ossietzky Universität Oldenburg,True,2153,4,1,2153,0,0
https://openalex.org/I1298853749,University Hospital of North Norway,True,,1,0,,2,0
https://openalex.org/I1298883833,Pew Charitable Trusts,True,7165,1,2,7068;7165,0,0
https://openalex.org/I1298973761,Drugs for Neglected Diseases Initiative,True,29,1,2,29;7466,0,0
https://openalex.org/I1299022934,United States Department of Health and Human Services,True,7068,109,15,308;3282;4211;4510;5229;5853;6192;6451;6942;7068;7098;7123;7337;7347;9850,2,0
https://openalex.org/I129902397,Dalhousie University,True,3865,27,1,3865,1,0
https://openalex.org/I1299209451,Cardiff and Vale University Health Board,True,2086,6,1,2086,0,0
https://openalex.org/I1299218025,MetroHealth,True,6990,1,1,6990,0,0
https://openalex.org/I129923673,JEOL (Japan),True,5129,3,4,5129;5486;7347;7704,0,0
https://openalex.org/I1299303238,National Institutes of Health,True,7068,50,11,3282;4510;5229;6192;6942;7068;7098;7123;7337;7347;9850,0,0
https://openalex.org/I1299528221,Engineering and Physical Sciences Research Council,True,4125,2,2,4125;5288,0,0
https://openalex.org/I1299725459,Barnes-Jewish Hospital,True,6192,1,1,6192,0,0
https://openalex.org/I129975664,Albert Einstein College of Medicine,True,7244,1,1,7244,0,0
https://openalex.org/I1299864998,North Tees and Hartlepool NHS Foundation Trust,True,4740,3,1,4740,0,0
https://openalex.org/I1299951241,Caterpillar (United States),True,6406,4,5,29;4736;4925;5129;6406,0,0
https://openalex.org/I1300504238,Piaggio (Italy),True,,1,1,4523,1,0
https://openalex.org/I1300891529,United States Department of the Treasury,True,7068,3,1,7068,0,0
https://openalex.org/I1301041018,Rakuten (Japan),True,5129,1,2,2204;5129,0,0
https://openalex.org/I1301076528,City Of Hope National Medical Center,True,1642,2,2,1642;2859,0,0
https://openalex.org/I1301102746,Renault (France),True,2702,1,2,2262;2702,0,0
https://openalex.org/I1301114164,Providence Health Care,True,375,2,1,375,0,0
https://openalex.org/I1301507905,Tata Motors (India),True,7163,1,2,4328;7163,0,0
https://openalex.org/I1301669915,Croatian Academy of Sciences and Arts,True,410,2,1,410,0,0
https://openalex.org/I1301864278,Arkansas Children's Hospital,True,5913,1,1,5913,0,0
https://openalex.org/I130194489,University of Alicante,True,4122,2,2,3147;4122,0,0
https://openalex.org/I130217899,Åbo Akademi University,True,56,2,1,56,0,0
https://openalex.org/I1302207122,Carl Zeiss (Germany),True,,5,4,10097;1830;4817;7347,2,0
https://openalex.org/I1302211766,Queensland Health,True,2355,29,6,1991;2066;2141;2286;2355;2622,3,0
https://openalex.org/I1302269238,Academy of Sciences Republic of Uzbekistan,True,2481,12,1,2481,0,0
https://openalex.org/I1302275403,Administration for Children and Families,True,7068,1,1,7068,0,0
https://openalex.org/I130238516,University of Minnesota,True,6433,10,1,6433,1,0
https://openalex.org/I1302404375,CAB International,True,5047,2,2,2171;5047,1,0
https://openalex.org/I1302444339,Northwell Health,True,7244,24,3,6442;7244;7256,4,0
https://openalex.org/I1302611135,Ministry of Public Security of the People's Republic of China,True,7704,7,6,10097;5723;7704;8055;8630;9963,0,0
https://openalex.org/I1302736544,Secretariat of Public Education,True,5006,63,31,2026;2715;3007;3846;3993;4028;4167;4335;440;4566;4746;4823;4848;5006;5053;5259;5293;5310;5474;5506;5522;5570;5667;5813;5849;5861;6091;6151;6164;6200;983,26,0
https://openalex.org/I1303077703,Ministry of Health,True,3650,6,3,1637;3074;3650,1,0
https://openalex.org/I1303243448,UMass Memorial Health Care,True,7317,1,1,7317,0,0
https://openalex.org/I1303391909,Institute of Education Sciences,True,7068,1,1,7068,0,0
https://openalex.org/I130343225,Universiti Putra Malaysia,True,1322,1,1,1322,0,0
https://openalex.org/I1303662053,Alabama Department of Public Health,True,6143,1,1,6143,1,0
https://openalex.org/I130375150,Sandvik (Sweden),True,1445,8,9,1380;1445;3337;3799;397;596;7244;790;815,0,0
https://openalex.org/I1303976077,Employment and Social Development Canada,True,3827,1,2,3343;3827,0,0
https://openalex.org/I1304082316,United States Department of the Army,True,7068,65,22,1894;2079;2171;4510;5229;5349;5559;5961;6248;6281;639;6851;6942;6948;7032;7050;7068;7098;7129;7244;7337;826,25,0
https://openalex.org/I1304161147,Mission Health,True,,1,0,,2,0
https://openalex.org/I1304269903,Trinity Health,True,6948,8,4,6654;6929;6948;7307,0,0
https://openalex.org/I130438778,Memorial University of Newfoundland,True,3902,1,1,3902,0,0
https://openalex.org/I130442723,Universidade Federal do Rio Grande do Sul,True,5593,2,1,5593,0,0
https://openalex.org/I1304508199,Carnegie Endowment for International Peace,True,7068,1,2,2262;7068,0,0
https://openalex.org/I1304598786,Program for Appropriate Technology in Health,True,4510,1,2,4510;7466,0,0
https://openalex.org/I1304808963,National Park Service,True,7068,28,4,4806;5463;6654;7068,25,0
https://openalex.org/I1305429183,Schneider Electric (France),True,2702,7,7,1830;2626;2702;4523;5288;537;7372,1,0
https://openalex.org/I1305840828,Sanford Health,True,6071,7,3,6035;6071;6292,0,0
https://openalex.org/I1305996414,Helmholtz Association of German Research Centres,True,4946,65,24,1064;1287;1572;1761;2153;2501;2988;3041;3093;3297;3667;3793;3942;4153;4255;4288;44;4454;4618;4736;4788;4946;4996;815,4,0
https://openalex.org/I1306264927,Institut de Recherche pour le Développement,True,1657,3,2,1657;2304,0,0
https://openalex.org/I1306266525,Goddard Space Flight Center,True,7068,8,1,7068,1,0
https://openalex.org/I1306287861,Mitsubishi Group (Japan),True,5129,29,13,1427;1600;1642;3956;4736;5129;5288;596;7244;7347;7704;815;824,0,0
https://openalex.org/I1306339040,Ericsson (Sweden),True,1445,16,17,1445;1877;2626;3147;3881;410;415;4328;5288;537;5543;596;687;758;815;959;964,0,0
https://openalex.org/I1306490931,United States Army Corps of Engineers,True,7068,5,1,7068,5,0
https://openalex.org/I1306686416,RTX (United States),True,7068,22,20,1276;1468;154;1793;2304;2702;3485;3558;3799;3881;3942;4946;5047;5288;6322;6851;687;7068;7302;7347,0,0
https://openalex.org/I1306862143,Memorial Hermann,True,5511,4,1,5511,0,0
https://openalex.org/I1306956679,Ministry of Defence,True,5288,4,3,3099;4125;5288,1,0
https://openalex.org/I130701444,Georgia Institute of Technology,True,6451,5,2,4088;6451,0,0
https://openalex.org/I1307034911,North Bristol NHS Trust,True,3099,1,1,3099,0,0
https://openalex.org/I1307091933,Western Cape Department of Health,True,189,7,1,189,0,0
https://openalex.org/I1307112335,Global Affairs Canada,True,3343,1,2,3343;7068,0,0
https://openalex.org/I1307117695,Nebraska Medical Center,True,5985,1,1,5985,0,0
https://openalex.org/I1307613440,Canadian Food Inspection Agency,True,3343,1,2,1837;3343,0,0
https://openalex.org/I130769515,Pennsylvania State University,True,7117,5,4,6942;7020;7044;7117,0,0
https://openalex.org/I1307946715,NHS Blood and Transplant,True,5288,1,2,3099;5288,0,0
https://openalex.org/I1308126019,National Oceanic and Atmospheric Administration,True,7068,153,29,1642;182;2204;4510;4806;4881;5332;5431;5527;5543;5705;5853;5949;5961;6237;6442;6541;6678;6755;6833;6887;6929;7044;7050;7068;7165;7244;7312;7347,20,0
https://openalex.org/I130828816,University of Leeds,True,4159,2,1,4159,0,0
https://openalex.org/I1308614123,Ministry of Industry and Trade,True,535,1,1,535,1,0
https://openalex.org/I1308683654,Executive Office of the President,True,7068,4,1,7068,0,0
https://openalex.org/I1308729876,Ministry of Health,True,28,9,3,1663;28;375,0,0
https://openalex.org/I1308906816,NortonLifeLock (United States),True,1255,1,2,1255;415,0,0
https://openalex.org/I1308923049,University Hospitals Birmingham NHS Foundation Trust,True,3799,3,1,3799,0,0
https://openalex.org/I1308952385,"Ministry of Land, Infrastructure, Transport and Tourism",True,5129,4,2,2833;5129,1,0
https://openalex.org/I1309104334,Fairview Health Services,True,6433,6,1,6433,0,0
https://openalex.org/I1309287000,Humane World for Animals,True,7068,1,1,7068,0,0
https://openalex.org/I1309849503,RAND Corporation,True,1642,1,2,1642;5550,0,0
https://openalex.org/I1310019138,Michigan Department of Health and Human Services,True,6905,1,2,6875;6905,0,0
https://openalex.org/I1310421338,Allegheny Health Network,True,7020,5,1,7020,0,0
https://openalex.org/I131077856,Centre de Coopération Internationale en Recherche Agronomique pour le Développement,True,2702,38,2,2702;3541,2,0
https://openalex.org/I1310815967,Central European Institute of Technology,True,1177,1,1,1177,0,0
https://openalex.org/I1311060795,U.S. National Science Foundation,True,7068,104,17,1642;2204;4278;4510;5332;5349;6215;6541;6685;6713;6887;6905;6942;7068;7123;7244;806,2,0
https://openalex.org/I1311074006,Department of Health and Social Care,True,5288,9,3,4159;4792;5288,0,0
https://openalex.org/I1311289386,United States Department of Education,True,7068,3,1,7068,0,0
https://openalex.org/I1311436738,New South Wales Department of Health,True,1830,10,2,1562;1830,2,0
https://openalex.org/I1311643757,Commercial Aircraft Corporation of China (China),True,10097,1,1,10097,0,0
https://openalex.org/I1311688040,Amazon (United States),True,4510,2,3,4510;4946;5288,0,0
https://openalex.org/I1311914864,Scripps Health,True,2204,6,1,2204,0,0
https://openalex.org/I1312123381,Universalmuseum Joanneum,True,654,1,1,654,0,0
https://openalex.org/I1312222531,Agricultural Research Service,True,7068,75,26,1255;1642;3282;3522;4211;4278;4756;5193;5431;5511;5527;5853;5865;5913;6131;6292;6406;6433;6442;6558;6678;6713;6833;7068;7165;7347,38,0
https://openalex.org/I1312264882,United States Department of Labor,True,7068,2,1,7068,0,0
https://openalex.org/I1312422046,Washington Department of Natural Resources,True,4477,1,1,4477,0,0
https://openalex.org/I131249849,Oregon State University,True,,3,0,,4,0
https://openalex.org/I1312537475,Naval Medical Research Command,True,7068,7,7,2204;2327;3981;5229;6845;7068;976,1,0
https://openalex.org/I1312545330,Historical Society of Pennsylvania,True,7165,1,1,7165,0,0
https://openalex.org/I1313014049,Springer Nature (Germany),True,4946,10,11,10097;1479;154;296;4946;5288;7244;7617;7704;869;9701,0,0
https://openalex.org/I131328143,Union Bank of Switzerland,True,1479,1,1,1479,0,0
https://openalex.org/I1313298211,St. Jude Children's Research Hospital,True,6047,1,1,6047,0,0
https://openalex.org/I1313323035,Russian Academy of Sciences,True,2262,422,48,1337;1624;2040;2262;2332;2400;316;3224;3326;3651;3736;4034;4139;4207;4241;4829;4854;4937;5154;5313;5413;5429;5477;5654;5816;5864;5936;5972;6008;6046;6106;6167;6179;6191;6258;6340;6423;6432;6441;6450;6459;6468;6477;6495;6522;6540;6549;750,30,0
https://openalex.org/I1313334418,Cone Health,True,6899,3,1,6899,0,0
https://openalex.org/I13134134,Universidad de Cantabria,True,3249,4,1,3249,0,0
https://openalex.org/I1313416372,US Forest Service,True,7068,12,7,1255;308;4444;4756;5431;6678;7068,3,0
https://openalex.org/I1313504624,Main Line Health,True,7165,6,2,7165;7177,0,0
https://openalex.org/I1313861171,South Carolina Department of Natural Resources,True,6809,1,1,6809,0,0
https://openalex.org/I1313867356,Association of Universities for Research in Astronomy,True,7068,11,6,4278;5332;5349;7068;7123;806,2,0
https://openalex.org/I1314135232,Nationwide Children's Hospital,True,6887,1,1,6887,0,0
https://openalex.org/I1314143314,Capital District Health Authority,True,,3,1,3865,1,0
https://openalex.org/I1314179348,Mercy Health System,True,6692,2,3,6646;6692;7165,0,0
https://openalex.org/I1314251682,Institut National de la Recherche Agronomique,True,2317,2,3,1496;2317;4054,0,0
https://openalex.org/I1314466530,Tokai University,True,5129,1,2,2382;5129,0,0
https://openalex.org/I1314586196,United States Department of Justice,True,7068,8,1,7068,0,0
https://openalex.org/I1314696892,Fermi National Accelerator Laboratory,True,6654,1,1,6654,0,0
https://openalex.org/I1314811817,Ministry of Finance,True,296,1,2,2901;296,0,0
https://openalex.org/I1314849024,Ministry of Culture,True,7466,1,2,10452;7466,0,0
https://openalex.org/I1315109972,Federal Ministry of Defence,True,1064,3,3,1064;1846;4736,1,0
https://openalex.org/I1315184752,Government of Maharashtra,True,7163,2,2,7163;8952,0,0
https://openalex.org/I1315288073,Cliniques Universitaires Saint-Luc,True,1269,1,1,1269,0,0
https://openalex.org/I1315289610,American Library Association,True,6654,1,1,6654,0,0
https://openalex.org/I1315723689,Missouri Department of Natural Resources,True,,1,0,,2,0
https://openalex.org/I1315810332,Altair Engineering (United States),True,6948,2,3,2702;4294;6948,0,0
https://openalex.org/I1315836254,Ministry of Public Health,True,1894,4,1,1894,0,0
https://openalex.org/I1315852903,Japan Agency for Marine-Earth Science and Technology,True,5129,1,1,5129,0,0
https://openalex.org/I1315885867,American Society of Clinical Oncology,True,7068,1,1,7068,0,0
https://openalex.org/I1315905442,Milacron (United States),True,6790,1,2,2626;6790,0,0
https://openalex.org/I1316052090,Mater Health Services,True,2355,5,2,2066;2355,0,0
https://openalex.org/I1316184350,Ministry of Education and Science,True,2203,8,5,1731;2203;2737;3128;3818,0,0
https://openalex.org/I1316535847,Beth Israel Deaconess Medical Center,True,7347,2,1,7347,0,0
https://openalex.org/I1316690553,NOAA National Ocean Service,True,7068,11,1,7068,1,0
https://openalex.org/I1316901054,Conservation International,True,7068,1,2,4897;7068,0,0
https://openalex.org/I1316902750,Cleveland Clinic,True,6990,2,2,6442;6990,0,0
https://openalex.org/I1316910977,DuPont (United States),True,7165,14,12,2157;2626;296;3093;4192;537;5486;596;6567;687;7165;73,1,0
https://openalex.org/I131705669,Southport and Ormskirk Hospital NHS Trust,True,2640,2,2,2374;2640,0,0
https://openalex.org/I1317171322,National Archives and Records Administration,True,7068,1,2,5961;7068,0,0
https://openalex.org/I1317239608,Federal Reserve,True,7068,13,13,1255;5543;5961;6192;6433;6451;6654;6990;7032;7068;7165;7244;7347,0,0
https://openalex.org/I131736796,Lithuanian University of Health Sciences,True,435,1,1,435,0,0
https://openalex.org/I1317921629,Ministry of the Environment,True,5129,1,1,5129,0,0
https://openalex.org/I1318003438,RELX Group (Netherlands),True,1427,1,1,1427,0,0
https://openalex.org/I1318163915,"Michigan Department of Environment, Great Lakes, and Energy",True,6905,1,2,6875;6905,0,0
https://openalex.org/I131827901,STMicroelectronics (Switzerland),True,29,14,15,10097;114;1269;154;1600;2254;2626;2702;29;3099;4736;5288;535;5543;7466,0,0
https://openalex.org/I1318325419,International Science and Technology Center,True,1510,6,4,1510;2262;6191;799,0,0
https://openalex.org/I1318687432,National Academy of Sciences,True,7068,1,1,7068,0,0
https://openalex.org/I1319063186,Langley Research Center,True,7050,2,1,7050,0,0
https://openalex.org/I1319181961,Saint Thomas Health,True,6350,4,2,6350;6368,1,0
https://openalex.org/I1319360392,Eurac Research,True,3002,3,1,3002,0,0
https://openalex.org/I1319473763,Volkswagen Group (Germany),True,4321,6,5,2772;4321;5087;7068;7617,2,0
https://openalex.org/I1319490839,"Ministry of Education, Culture, Sports, Science and Technology",True,5129,39,6,3956;4532;5129;5258;5309;843,4,0
https://openalex.org/I1319689352,Fisheries and Oceans Canada,True,3343,3,2,28;3343,0,0
https://openalex.org/I1319760190,National Health Service Scotland,True,2305,4,2,2305;955,0,0
https://openalex.org/I1320288732,Plant & Food Research,True,869,1,2,598;869,0,0
https://openalex.org/I1320320070,United States Food and Drug Administration,True,7068,7,1,7068,1,0
https://openalex.org/I1320343167,Ascension,True,6192,26,13,4278;5349;5791;5997;6022;6192;6350;6368;6654;6720;6948;7068;7277,2,0
https://openalex.org/I1320354487,Target (United States),True,6433,1,2,4736;6433,0,0
https://openalex.org/I1320473756,The Royal Melbourne Hospital,True,1266,1,1,1266,0,0
https://openalex.org/I1320481043,European Union,True,1269,83,37,103;1064;1091;1160;1269;1298;1326;1427;1445;1565;1793;2008;2647;2659;2702;296;2988;3041;3093;310;3147;3157;3539;3718;3793;3869;415;4523;4558;537;550;552;687;790;85;952;964,2,0
https://openalex.org/I132053463,Université Libre de Bruxelles,True,1269,2,1,1269,0,0
https://openalex.org/I1320553840,Amgen (United States),True,1642,9,10,10097;1269;1479;1524;1642;1830;2626;4736;5550;7163,0,0
https://openalex.org/I1320697193,Canon (Japan),True,5129,8,9,1427;1830;2305;2626;5129;5288;536;7244;824,0,0
https://openalex.org/I1320721754,Ministry of Natural Resources and Forestry,True,3139,1,2,2291;3139,0,0
https://openalex.org/I1320745970,Food and Agriculture Organization of the United Nations,True,3881,4,3,2171;3881;790,1,0
https://openalex.org/I1320796813,Mount Sinai Health System,True,7244,7,2,6990;7244,0,0
https://openalex.org/I1320999837,State Space Agency of Ukraine,True,2203,1,1,2203,1,0
https://openalex.org/I132118926,AIT Austrian Institute of Technology GmbH,True,790,7,1,790,3,0
https://openalex.org/I1321296531,National Institute of Standards and Technology,True,7068,13,4,5332;6654;7068;7165,0,0
https://openalex.org/I1321404777,Presbyterian Healthcare Services,True,4914,3,1,4914,0,0
https://openalex.org/I132157203,Barwon Health,True,920,1,1,920,0,0
https://openalex.org/I1321649718,Royal Children's Hospital,True,1266,1,1,1266,0,0
https://openalex.org/I1321686444,Westchester Medical Center,True,7244,2,1,7244,1,0
https://openalex.org/I1322124587,Booz Allen Hamilton (United States),True,7068,1,1,7068,0,0
https://openalex.org/I1322298273,"Innovation, Science and Economic Development Canada",True,3343,1,1,3343,0,0
https://openalex.org/I1322597698,Royal Netherlands Academy of Arts and Sciences,True,1427,13,4,1427;1793;2324;296,0,0
https://openalex.org/I1322608751,Institut de France,True,2702,1,1,2702,0,0
https://openalex.org/I1322910049,Federal Highway Administration,True,7068,2,1,7068,0,0
https://openalex.org/I1322918889,United States Department of Veterans Affairs,True,7068,225,92,1255;1642;182;1980;2204;308;3522;3652;4038;4211;4278;4444;4510;4576;4756;4881;4914;5138;5229;5281;5332;5463;5479;5511;5543;5705;5765;5791;5829;5865;5901;5913;5949;5961;5985;6047;6071;6107;6119;6143;6180;6192;6237;6292;6312;6350;6368;6415;6433;6442;6451;6487;6630;6654;6678;6685;6720;6741;6748;6769;6790;6809;6833;6845;6857;6875;6911;6923;6929;6942;6948;6966;6990;7020;7032;7044;7050;7068;7123;7141;7165;7177;7183;7207;7244;7256;7277;7292;7307;7312;7347;7367,47,0
https://openalex.org/I132359460,University of Burdwan,True,10430,2,2,10430;10452,0,0
https://openalex.org/I1323638106,National Agriculture and Food Research Organization,True,5129,21,5,2382;266;3361;4334;5129,0,0
https://openalex.org/I132369690,Tianjin University of Science and Technology,True,8055,1,1,8055,0,0
https://openalex.org/I1323778983,Yale New Haven Hospital,True,7277,1,1,7277,0,0
https://openalex.org/I1323843004,Sunnybrook Health Science Centre,True,2626,4,1,2626,0,0
https://openalex.org/I1324021844,St. Louis Children's Hospital,True,6192,1,1,6192,0,0
https://openalex.org/I1324252669,NHS Lothian,True,2305,8,2,2011;2305,0,0
https://openalex.org/I1324363362,National Development and Reform Commission,True,7704,2,1,7704,0,0
https://openalex.org/I1324520350,Hackensack University Medical Center,True,7244,2,1,7244,0,0
https://openalex.org/I1324540951,RealNetworks (United States),True,4510,1,2,28;4510,0,0
https://openalex.org/I1324840837,Hewlett-Packard (United States),True,1255,13,14,1255;1427;1468;1600;1837;2702;3580;419;4510;5047;5129;5288;790;9099,0,0
https://openalex.org/I1324877311,Pakistan Atomic Energy Commission,True,5621,3,4,2034;3270;5621;6458,0,0
https://openalex.org/I1325072066,WiLAN (Canada),True,3343,1,2,2204;3343,0,0
https://openalex.org/I1325159990,Ministry of Defence,True,154,1,1,154,0,0
https://openalex.org/I1325388108,Institut national d'études démographiques,True,2702,2,1,2702,0,0
https://openalex.org/I1325481341,St. Joseph's Hospital and Medical Center,True,4211,1,1,4211,0,0
https://openalex.org/I1325611130,Kaleida Health,True,7141,2,1,7141,0,0
https://openalex.org/I1325675289,Moorfields Eye Hospital NHS Foundation Trust,True,5288,3,1,5288,0,0
https://openalex.org/I1325736334,Battelle,True,6887,9,4,4781;5156;6887;7068,2,0
https://openalex.org/I1325808316,MultiCare Health System,True,4510,5,1,4510,0,0
https://openalex.org/I1325846038,Royal Marsden NHS Foundation Trust,True,5288,2,1,5288,0,0
https://openalex.org/I1325886976,Siemens (Germany),True,4736,29,29,1266;1269;146;1479;154;1600;163;1637;2114;2626;2702;296;310;3147;419;4444;4736;5047;5125;535;537;596;6191;6567;7165;7704;790;959;964,1,0
https://openalex.org/I1325899441,University Health Network,True,2626,16,1,2626,0,0
https://openalex.org/I1326498283,Institut national de recherche en sciences et technologies du numérique,True,2702,304,16,1397;1589;2702;3157;3200;3541;3628;3718;3759;3984;4192;4426;4558;5129;824;954,1,0
https://openalex.org/I1326803253,Department for Environment Food and Rural Affairs,True,5288,9,7,3099;4328;4460;5024;5047;5288;5809,0,0
https://openalex.org/I1326929380,Allina Health,True,6433,5,1,6433,1,0
https://openalex.org/I1327237609,Ministry of Education of the People's Republic of China,True,7704,8,3,10282;3828;7704,0,0
https://openalex.org/I1327359573,Bio-Rad (United States),True,1255,5,6,1255;2626;2702;419;4736;5288,0,0
https://openalex.org/I1327533815,Ministry of Economic Affairs,True,1141,4,1,1141,0,0
https://openalex.org/I1327553481,Institut national de l’information géographique et forestière,True,2702,1,2,2702;3541,0,0
https://openalex.org/I1327677335,Paccar (United States),True,4510,2,3,2254;3201;4510,0,0
https://openalex.org/I1327768469,Department of Foreign Affairs and Trade,True,1468,2,2,1468;789,0,0
https://openalex.org/I1327899338,Defense Acquisition Program Administration,True,94,2,3,1782;2651;94,0,0
https://openalex.org/I1328219102,Red Hat (United States),True,6942,4,5,259;2626;419;5125;6942,0,0
https://openalex.org/I1328359107,Los Angeles County Department of Health Services,True,1642,5,1,1642,0,0
https://openalex.org/I1328445063,Alkermes (Ireland),True,415,1,2,415;7347,0,0
https://openalex.org/I1328499231,BJC HealthCare,True,6192,6,1,6192,1,0
https://openalex.org/I1328540965,Australian Institute of Marine Science,True,2066,1,1,2066,0,0
https://openalex.org/I1328594524,Children's Mercy Hospital,True,5961,1,1,5961,0,0
https://openalex.org/I1328723229,Planned Parenthood,True,7244,3,2,7068;7244,1,0
https://openalex.org/I1328728281,MACOM (United States),True,7362,2,3,242;5129;7362,0,0
https://openalex.org/I1328969757,Naval Sea Systems Command,True,7068,13,7,1031;1642;4510;6095;7068;7165;7312,2,0
https://openalex.org/I132943300,Emory Healthcare,True,6451,8,1,6451,0,0
https://openalex.org/I1329588177,Florida Department of Environmental Protection,True,6215,1,1,6215,0,0
https://openalex.org/I1329621470,Bhabha Atomic Research Centre,True,7163,1,2,7163;9045,0,0
https://openalex.org/I1329765538,Universities Space Research Association,True,7068,2,3,1255;5511;7068,0,0
https://openalex.org/I1329868518,NSW Department of Education,True,1830,1,1,1830,0,0
https://openalex.org/I1330063522,Johnson & Johnson (United States),True,7244,29,22,1160;1445;1479;1600;1642;1830;2181;2305;2626;2702;296;3881;415;419;5288;564;6567;7163;7165;7244;815;964,1,0
https://openalex.org/I1330342723,Mayo Clinic,True,6460,7,3,4211;6460;6574,1,0
https://openalex.org/I1330347796,United States Department of Defense,True,7068,279,62,1031;16;1642;182;1894;2079;2171;2204;2327;2546;3580;3981;4199;4333;4510;4914;496;5229;5315;5332;5349;5559;5705;5765;5961;5985;6022;6047;6083;6095;6143;6192;6237;6248;6281;639;6487;6566;6574;6622;6741;6833;6845;6851;6911;6942;6948;6990;7032;7050;7068;7098;7123;7129;7165;7244;7267;7312;7337;7347;826;976,48,0
https://openalex.org/I1330502262,Ministry for Foreign Affairs,True,1445,1,1,1445,0,0
https://openalex.org/I1330589705,National Center for Health Statistics,True,7068,1,1,7068,0,0
https://openalex.org/I1330693074,Walmart (United States),True,5889,2,2,4159;5889,0,0
https://openalex.org/I1330876588,Australian Antarctic Division,True,510,1,1,510,0,0
https://openalex.org/I1330989302,United States Department of Energy,True,7068,193,21,1255;1642;1980;2204;4444;4781;4914;5156;5332;5961;6131;6215;6654;6678;6685;6905;7020;7050;7068;7165;7244,16,0
https://openalex.org/I1330995197,Boehringer Ingelheim (Germany),True,3093,28,27,10097;1141;1269;1326;1445;1600;1830;2626;2702;279;2837;2845;3093;310;3981;4215;4523;5125;5129;537;596;6567;687;7163;790;935;94,1,0
https://openalex.org/I1331084196,National Forensic Sciences University,True,5991,1,2,5991;8226,0,0
https://openalex.org/I1331871522,Defense Threat Reduction Agency,True,7068,1,2,7068;7123,0,0
https://openalex.org/I1331897569,Agriculture and Agri-Food Canada,True,3343,21,12,1053;1478;1751;1996;2220;2560;3343;3485;3618;3709;3789;3902,8,0
https://openalex.org/I1332092204,National Science and Technology Development Agency,True,1894,6,1,1894,0,0
https://openalex.org/I1332139074,Ministry of Communications,True,5465,1,1,5465,0,0
https://openalex.org/I1332353952,NSW Department of Planning and Environment,True,1830,2,1,1830,0,0
https://openalex.org/I1332460256,Wildlife Conservation Society,True,7244,11,12,1385;1899;2207;2626;273;4215;4897;5550;57;7244;811;9099,0,0
https://openalex.org/I1332474105,Mercedes-Benz (Germany),True,3580,3,3,3580;4510;5129,0,0
https://openalex.org/I1332737386,General Electric (United States),True,7347,22,19,1242;1427;146;2626;3093;3106;3147;3222;419;4215;5129;5288;535;596;687;7347;790;869;9099,3,0
https://openalex.org/I1332878012,BT Group (United Kingdom),True,5288,2,2,5288;5741,0,0
https://openalex.org/I1333353642,Norwegian Institute of Public Health,True,596,1,1,596,0,0
https://openalex.org/I1333370159,Motorola (United States),True,6654,6,7,1600;2626;2702;4946;5000;6654;94,0,0
https://openalex.org/I1333535994,University of North Carolina Health Care,True,6942,2,1,6942,1,0
https://openalex.org/I1333577951,California Department of Fish and Wildlife,True,3652,1,2,2204;3652,0,0
https://openalex.org/I1333985979,Ministry of Health Labour and Welfare,True,5129,3,1,5129,0,0
https://openalex.org/I1334060403,Technology Service Corporation (United States),True,7068,1,1,7068,0,0
https://openalex.org/I1334069289,Carolinas Healthcare System,True,6851,3,1,6851,0,0
https://openalex.org/I1334095494,New York City Department of Health and Mental Hygiene,True,7244,3,2,7244;7292,0,0
https://openalex.org/I1334287468,Nottingham University Hospitals NHS Trust,True,4767,5,1,4767,0,0
https://openalex.org/I1334329717,World Bank,True,7068,1,2,29;7068,0,0
https://openalex.org/I133437993,Korea Institute of Ocean Science and Technology,True,3057,1,2,3057;94,0,0
https://openalex.org/I1334415907,University Medical Center Groningen,True,3116,2,1,3116,0,0
https://openalex.org/I1334627681,Jet Propulsion Laboratory,True,1642,1,1,1642,0,0
https://openalex.org/I1334819555,Memorial Sloan Kettering Cancer Center,True,7244,1,1,7244,0,0
https://openalex.org/I1334950195,Australian Nuclear Science and Technology Organisation,True,1830,4,2,1266;1830,0,0
https://openalex.org/I1335043937,UF Health Shands Hospital,True,,1,0,,2,0
https://openalex.org/I1335113835,Karolinska University Hospital,True,1445,1,1,1445,0,0
https://openalex.org/I1335289525,Montefiore Medical Center,True,7244,2,1,7244,0,0
https://openalex.org/I1335321130,Children's Hospital of Philadelphia,True,7165,1,1,7165,0,0
https://openalex.org/I1335415512,Korea Meteorological Administration,True,94,1,1,94,1,0
https://openalex.org/I1335690228,World Meteorological Organization,True,29,3,3,29;3793;4792,0,0
https://openalex.org/I1335695989,University of Alabama at Birmingham Hospital,True,6180,1,1,6180,0,0
https://openalex.org/I1335927249,United States Department of the Interior,True,7068,117,43,1255;182;3652;4278;4444;4510;4756;4806;4881;4914;5332;5349;5431;5463;5624;5705;5817;5853;5925;5937;6071;6192;6237;6350;6433;6442;6451;6614;6654;6678;6720;6905;6929;6942;7032;7068;7123;7129;7165;7292;7307;7317;775,40,0
https://openalex.org/I133593841,Lundbeck (Denmark),True,537,6,7,310;3360;3793;4523;537;6654;94,0,0
https://openalex.org/I1336053918,Ochsner Health System,True,5865,3,2,5841;5865,0,0
https://openalex.org/I1336096307,United States Department of Agriculture,True,7068,108,29,1255;1642;308;3282;3522;4211;4278;4444;4756;5193;5431;5511;5527;5853;5865;5913;6131;6143;6292;6406;6433;6442;6558;6678;6713;6833;7068;7165;7347,41,0
https://openalex.org/I1336338359,Department of National Defence,True,3343,1,1,3343,0,0
https://openalex.org/I1336379959,Mahindra Group (India),True,7163,2,2,7163;9850,0,0
https://openalex.org/I1336742384,Children's National,True,7068,1,1,7068,0,0
https://openalex.org/I133731052,University of Helsinki,True,687,7,1,687,0,0
https://openalex.org/I1337315214,Dr. Ram Manohar Lohia Avadh University,True,9195,1,2,8848;9195,0,0
https://openalex.org/I1337397194,Emerald Group Publishing (United Kingdom),True,4159,2,2,4159;7347,0,0
https://openalex.org/I133771110,University of Cape Coast,True,1855,1,1,1855,0,0
https://openalex.org/I1337719021,Australian Research Council,True,1468,28,11,1266;1468;1562;1830;1912;2066;2141;2355;360;510;789,0,0
https://openalex.org/I1338503839,Corning (United States),True,,3,3,2938;419;94,1,0
https://openalex.org/I1338511612,Serbian Academy of Sciences and Arts,True,758,8,1,758,0,0
https://openalex.org/I1338678786,"Center for Disease Dynamics, Economics & Policy",True,7068,1,2,7068;7466,0,0
https://openalex.org/I1338719491,Connecticut Department of Energy and Environmental Protection,True,7302,1,1,7302,0,0
https://openalex.org/I1338920048,Marine Biological Laboratory,True,,1,0,,2,0
https://openalex.org/I1338984714,ADVA Optical Networking (Germany),True,4736,1,2,2037;4736,0,0
https://openalex.org/I1339091601,Saint Luke's Health System,True,5961,4,2,4756;5961,0,0
https://openalex.org/I1339145263,Juniper Networks (United States),True,1255,1,2,1255;415,0,0
https://openalex.org/I1339224429,Naval Information Warfare Center Pacific,True,2204,2,1,2204,0,0
https://openalex.org/I1339509835,Endeavor Health,True,6654,3,1,6654,0,0
https://openalex.org/I1339876250,Institut National de la Statistique et des Etudes Economiques,True,2702,1,1,2702,0,0
https://openalex.org/I1339947260,Steno Diabetes Centers,True,537,2,2,46;537,0,0
https://openalex.org/I1340179700,NewYork–Presbyterian Hospital,True,7244,3,1,7244,0,0
https://openalex.org/I1340206300,Defence Research and Development Organisation,True,7466,56,19,10142;10505;5324;6781;7163;7466;7499;7581;7617;7851;7957;8144;8148;8722;8896;8900;9045;9099;9850,4,0
https://openalex.org/I1340210623,Volvo (Sweden),True,165,4,3,165;6899;7244,2,0
https://openalex.org/I13402291,Joanneum Research,True,654,2,1,654,0,0
https://openalex.org/I1340584023,North Carolina Department of Environmental Quality,True,6942,1,1,6942,0,0
https://openalex.org/I1340685415,United States Department of State,True,7068,5,2,7068;7466,0,0
https://openalex.org/I1340727229,John Muir Health,True,1980,1,1,1980,0,0
https://openalex.org/I1340755506,3M (United States),True,6433,11,10,1793;2702;3093;310;419;5125;5229;5288;6433;815,2,0
https://openalex.org/I1340918713,University College London Hospitals NHS Foundation Trust,True,5288,10,1,5288,0,0
https://openalex.org/I1341015664,Ministry of Education and Training,True,2207,3,1,2207,1,0
https://openalex.org/I134113660,"University of Nevada, Reno",True,4038,1,1,4038,0,0
https://openalex.org/I1341284090,Royal Swedish Academy of Sciences,True,1445,2,1,1445,1,0
https://openalex.org/I134138859,"Ministry of Science, Technology and Innovation",True,1322,2,1,1322,0,0
https://openalex.org/I1341412227,IBM (United States),True,7244,29,27,1255;1266;1269;1427;1479;1600;163;2626;2702;310;3147;3337;3580;3981;415;419;4867;5129;5349;535;537;6567;6961;7244;7466;7704;9099,1,0
https://openalex.org/I1341618623,National Museum of Natural History,True,7068,2,1,7068,0,0
https://openalex.org/I1342131907,Unilever (United Kingdom),True,5288,13,14,10097;1830;2324;2626;2702;2845;296;310;3793;4897;5129;5288;7163;7244,0,0
https://openalex.org/I1342214328,Institute of International Education,True,7244,1,2,7068;7244,0,0
https://openalex.org/I1342360035,Uppsala University Hospital,True,1242,1,1,1242,0,0
https://openalex.org/I1342364093,Ministry of Justice,True,5288,2,1,5288,0,0
https://openalex.org/I1342547582,Environment and Climate Change Canada,True,3343,2,2,1837;3343,0,0
https://openalex.org/I134282035,Hiroshima Shudo University,True,2648,1,1,2648,0,0
https://openalex.org/I1342895125,Federal Aviation Administration,True,7068,2,2,5705;7068,0,0
https://openalex.org/I1342904200,Oregon Health Authority,True,4378,1,1,4378,0,0
https://openalex.org/I1342911587,Oracle (United States),True,5349,8,7,1269;310;3147;419;4736;5047;5349,2,0
https://openalex.org/I1343035065,United States Department of Commerce,True,7068,178,30,1642;182;2204;4510;4806;4881;5332;5431;5527;5543;5705;5853;5949;5961;6237;6442;6541;6654;6678;6755;6833;6887;6929;7044;7050;7068;7165;7244;7312;7347,20,0
https://openalex.org/I1343052199,Kaiser Permanente,True,1255,48,14,1255;1642;182;1901;1980;2204;2546;2970;3025;3652;4444;5332;7068;7123,0,0
https://openalex.org/I1343180700,Intel (United States),True,1255,10,10,1141;1255;1322;2037;357;4125;415;4736;6567;9099,1,0
https://openalex.org/I1343312335,Council of State Governments,True,6748,1,2,6654;6748,0,0
https://openalex.org/I134353371,SK Group (South Korea),True,94,3,4,1255;5129;7244;94,0,0
https://openalex.org/I1343573832,Mount Carmel Health,True,6887,2,1,6887,0,0
https://openalex.org/I1343871089,Los Alamos National Laboratory,True,,2,2,4914;6215,1,0
https://openalex.org/I1343953105,General Dynamics (United States),True,7068,2,3,2086;3343;7068,0,0
https://openalex.org/I1344042128,Ministry of National Defense,True,94,5,3,1782;2651;94,0,0
https://openalex.org/I1344073410,Howard Hughes Medical Institute,True,7068,1,1,7068,0,0
https://openalex.org/I134560555,Université Toulouse III - Paul Sabatier,True,2304,10,1,2304,0,0
https://openalex.org/I134687103,Nanjing Tech University,True,9701,2,1,9701,0,0
https://openalex.org/I13469542,Vrije Universiteit Brussel,True,1269,3,1,1269,0,0
https://openalex.org/I134820265,Consejo Superior de Investigaciones Científicas,True,3147,151,30,1069;1587;2008;2231;2371;2439;2700;2822;2881;3044;3147;3249;3300;3539;3626;3670;3716;3872;3881;3909;395;3982;4086;4122;4156;4258;4358;4523;4589;952,9,0
https://openalex.org/I134987099,Mongolian Academy of Sciences,True,117,3,1,117,0,0
https://openalex.org/I135117807,Université de Sherbrooke,True,3709,6,2,3485;3709,0,0
https://openalex.org/I135140700,University of Bonn,True,1064,6,1,1064,0,0
https://openalex.org/I135310074,University of Wisconsin–Madison,True,6678,5,1,6678,0,0
https://openalex.org/I135388327,University of Kashmir,True,2091,1,1,2091,0,0
https://openalex.org/I135428043,Cisco Systems (United States),True,1255,8,9,1255;1427;1572;2702;5288;535;596;705;73,0,0
https://openalex.org/I135598925,Kyushu University,True,708,4,2,2773;708,0,0
https://openalex.org/I135705104,Nippon Steel (Japan),True,5129,1,2,5129;815,0,0
https://openalex.org/I135915864,City Colleges of Chicago,True,6654,7,1,6654,0,0
https://openalex.org/I136150977,TE Connectivity (Switzerland),True,,12,12,10097;1565;2107;2304;4125;5129;536;537;6655;7165;790;94,1,0
https://openalex.org/I136199984,Harvard University,True,7347,20,2,4914;7347,1,0
https://openalex.org/I136486123,Suncor Energy (Canada),True,1276,1,1,1276,0,0
https://openalex.org/I137251492,Leibniz Institute of Virology (LIV),True,3793,1,1,3793,0,0
https://openalex.org/I137459256,Hyogo Medical University,True,3956,1,1,3956,0,0
https://openalex.org/I137543953,Telecom Italia (Italy),True,3881,1,2,3881;85,0,0
https://openalex.org/I137594350,Infineon Technologies (Germany),True,4736,6,5,154;3099;3343;4736;7244,2,0
https://openalex.org/I137614889,École Nationale Supérieure de Chimie de Lille,True,3200,3,1,3200,0,0
https://openalex.org/I137696358,Gregor Mendel Institute of Molecular Plant Biology,True,790,2,1,790,0,0
https://openalex.org/I137724175,University of Antananarivo,True,723,2,1,723,0,0
https://openalex.org/I137799390,University of the West Indies System,True,566,4,4,17;174;23;566,0,0
https://openalex.org/I137844521,Hatch (Canada),True,2626,1,2,2355;2626,0,0
https://openalex.org/I137902535,North Carolina State University,True,6942,16,2,1642;6942,4,0
https://openalex.org/I138006243,University of Arizona,True,4278,5,2,4211;4278,0,0
https://openalex.org/I138211613,Austrian Academy of Sciences,True,790,32,4,361;654;790;8,1,0
https://openalex.org/I138272832,Devi Ahilya Vishwavidyalaya,True,7839,1,1,7839,0,0
https://openalex.org/I138285227,Agilent Technologies (United States),True,1255,14,15,1255;1266;1269;1445;1600;2204;259;3093;3304;5129;537;6567;7466;790;935,0,0
https://openalex.org/I13850615,Kunming Institute of Botany,True,7076,1,1,7076,0,0
https://openalex.org/I138549579,Scuola Internazionale Superiore di Studi Avanzati,True,4164,1,1,4164,0,0
https://openalex.org/I138690464,University of Ghana,True,2940,1,1,2940,0,0
https://openalex.org/I138728355,High Energy Accelerator Research Organization,True,5129,7,2,5129;5309,4,0
https://openalex.org/I138801177,University of Ulster,True,,1,0,,2,0
https://openalex.org/I138816502,Université de Corse Pascal Paoli,True,,4,0,,5,0
https://openalex.org/I138826464,Daegu Haany University,True,2453,3,2,2453;2775,0,0
https://openalex.org/I138841263,E.ON (Germany),True,536,3,3,2702;4328;536,0,0
https://openalex.org/I138847295,Universitat Oberta de Catalunya,True,4523,1,1,4523,0,0
https://openalex.org/I138898306,Reichman University,True,419,20,1,419,0,0
https://openalex.org/I138925566,Ewha Womans University,True,94,9,1,94,0,0
https://openalex.org/I13897259,Universidad Andrés Bello,True,2072,2,1,2072,0,0
https://openalex.org/I139185249,African Union Commission,True,5821,5,5,2171;2295;2526;539;5821,0,0
https://openalex.org/I139235422,Sumitomo Chemical (Japan),True,5129,2,3,5129;5288;7244,0,0
https://openalex.org/I139264467,Seoul National University,True,94,10,1,94,0,0
https://openalex.org/I139290212,Hofstra University,True,7244,1,1,7244,0,0
https://openalex.org/I139290333,British Geological Survey,True,4767,1,2,4159;4767,0,0
https://openalex.org/I139347817,United States Postal Service,True,7068,1,1,7068,0,0
https://openalex.org/I139506611,Sciences Po Bordeaux,True,1397,4,1,1397,0,0
https://openalex.org/I139660479,Central South University,True,9100,2,1,9100,0,0
https://openalex.org/I139759216,Beijing University of Posts and Telecommunications,True,7704,2,1,7704,0,0
https://openalex.org/I140172145,University of Connecticut,True,,1,0,,2,0
https://openalex.org/I140494188,Université de Technologie de Troyes,True,3585,3,1,3585,0,0
https://openalex.org/I140518562,DIC (Japan),True,5129,1,2,2086;5129,0,0
https://openalex.org/I140717209,Indian Institute of Astrophysics,True,9099,1,2,9099;9215,0,0
https://openalex.org/I140744787,University of Pardubice,True,944,1,1,944,0,0
https://openalex.org/I140887281,Goa University,True,7841,1,1,7841,0,0
https://openalex.org/I141074466,Vancouver Coastal Health,True,375,7,1,375,0,0
https://openalex.org/I141301092,China Meteorological Administration,True,7704,7,6,4150;7704;8055;8476;8510;9511,1,0
https://openalex.org/I141461282,Dana (United States),True,6917,3,4,2626;3799;4255;6917,0,0
https://openalex.org/I141472210,University of Alaska Fairbanks,True,,8,0,,9,0
https://openalex.org/I141568987,Hong Kong Baptist University,True,73,1,1,73,0,0
https://openalex.org/I141576021,Université Le Havre Normandie,True,1768,13,3,1680;1768;2159,0,0
https://openalex.org/I141596103,University of Lisbon,True,310,96,4,1003;1118;143;310,8,0
https://openalex.org/I141597827,Fonterra (New Zealand),True,869,2,3,1266;6654;869,0,0
https://openalex.org/I141649380,Western Michigan University,True,6875,2,1,6875,0,0
https://openalex.org/I141649914,Nanchang University,True,9629,1,2,9629;9963,0,0
https://openalex.org/I141778976,Pitzer College,True,1642,1,1,1642,0,0
https://openalex.org/I14181584,Cameco (Canada),True,1751,1,2,1751;3093,0,0
https://openalex.org/I141816643,Natural Environment Research Council,True,4125,8,8,2374;2939;4125;4159;4460;4767;4925;5550,0,0
https://openalex.org/I141883831,Instituto Nacional de Matemática Pura e Aplicada,True,6961,1,1,6961,0,0
https://openalex.org/I141945490,University of British Columbia,True,375,12,2,28;375,3,0
https://openalex.org/I142078773,Shenyang Institute of Automation,True,8630,1,1,8630,1,0
https://openalex.org/I142108993,Southwest University,True,7578,1,1,7578,0,0
https://openalex.org/I142208455,VSB - Technical University of Ostrava,True,1389,3,2,1389;535,0,0
https://openalex.org/I142262071,Johnson Controls (United States),True,6769,8,9,1479;2355;2626;5129;535;536;5679;6769;954,0,0
https://openalex.org/I142263535,University of Nottingham,True,4767,4,4,10282;1322;4767;5288,0,0
https://openalex.org/I142395110,Astellas Pharma (Japan),True,5129,9,10,2626;296;310;4736;5129;5288;6654;7163;7704;94,0,0
https://openalex.org/I14245010,University of Kragujevac,True,1343,1,1,1343,0,0
https://openalex.org/I142476485,École Polytechnique,True,2702,38,1,2702,0,0
https://openalex.org/I142606810,Pacific Northwest National Laboratory,True,4781,5,2,4781;7068,2,0
https://openalex.org/I142631665,École nationale des ponts et chaussées,True,2702,15,1,2702,0,0
https://openalex.org/I142637625,Okinawa Institute of Science and Technology Graduate University,True,4199,1,1,4199,0,0
https://openalex.org/I142740786,University of Louisville,True,6630,1,1,6630,0,0
https://openalex.org/I142762351,Royal College of Surgeons in Ireland,True,415,2,2,16;415,0,0
https://openalex.org/I14285509,University of Maryland Medical System,True,7123,9,2,7068;7123,0,0
https://openalex.org/I14285755,L'Oréal (France),True,2702,2,3,2702;7163;7244,0,0
https://openalex.org/I142899784,University of Sfax,True,2340,4,1,2340,0,0
https://openalex.org/I142947616,Institute of Cancer Research,True,5288,1,1,5288,0,0
https://openalex.org/I143002897,Université de Toulon,True,4158,19,6,1589;2702;3911;3948;4158;4426,0,0
https://openalex.org/I143247161,Babasaheb Bhimrao Ambedkar University,True,8848,1,1,8848,0,0
https://openalex.org/I143302722,University of Kentucky,True,6748,2,1,6748,0,0
https://openalex.org/I143414431,Essentia Health,True,6755,2,1,6755,0,0
https://openalex.org/I143593769,East China University of Science and Technology,True,10097,1,1,10097,0,0
https://openalex.org/I143601524,Public Authority for Applied Education and Training,True,429,1,1,429,0,0
https://openalex.org/I143804889,Loughborough University,True,4892,1,2,4892;4925,0,0
https://openalex.org/I144280042,Czech Agrifood Research Center,True,535,3,1,535,0,0
https://openalex.org/I144851764,Taisei (Japan),True,5129,1,1,5129,0,0
https://openalex.org/I144889574,Université de Pau et des Pays de l'Adour,True,1589,25,5,1185;1397;1589;2702;3948,2,0
https://openalex.org/I144926016,Polytechnic Institute of Castelo Branco,True,,1,0,,2,0
https://openalex.org/I145153352,Malaria Consortium,True,5288,2,3,1899;5288;6942,0,0
https://openalex.org/I145236414,Alliance Bioversity International - CIAT,True,3881,2,3,1284;3881;5543,0,0
https://openalex.org/I145286018,SRM Institute of Science and Technology,True,9850,2,2,7466;9850,0,0
https://openalex.org/I145311948,Johns Hopkins University,True,7123,13,4,3157;7068;7123;9701,0,0
https://openalex.org/I145325580,Deloitte (United States),True,7244,1,2,7068;7244,0,0
https://openalex.org/I145608581,University of Miami,True,6442,5,1,6442,0,0
https://openalex.org/I145673806,Fujita Health University,True,4532,1,2,4532;5129,0,0
https://openalex.org/I145847075,TU Wien,True,790,2,1,790,0,0
https://openalex.org/I145872427,Radboud University Nijmegen,True,2659,7,1,2659,0,0
https://openalex.org/I145876445,"University of Education, Winneba",True,2826,2,2,2826;2940,0,0
https://openalex.org/I146399215,University of Tsukuba,True,5129,2,1,5129,1,0
https://openalex.org/I146416000,University of Kansas,True,5925,3,2,5925;7372,0,0
https://openalex.org/I146461966,Becton Dickinson (United States),True,7244,13,12,1255;1427;2626;2702;2988;3041;3984;415;4792;5288;7244;7466,0,0
https://openalex.org/I146655781,University of Liverpool,True,2374,4,3,2374;4159;4460,0,0
https://openalex.org/I147009085,Technical University of Liberec,True,814,2,2,535;814,0,0
https://openalex.org/I14716724,Azim Premji University,True,9099,1,2,8258;9099,0,0
https://openalex.org/I147230869,China Shipbuilding Industry Corporation (China),True,7704,1,2,7704;8189,0,0
https://openalex.org/I14746517,Royal College of Surgeons of England,True,5288,2,1,5288,0,0
https://openalex.org/I147869694,Continental (Germany),True,3667,6,6,2304;2626;3667;5288;6851;6948,1,0
https://openalex.org/I147878501,Orlando Health,True,6487,3,1,6487,0,0
https://openalex.org/I148261361,Institut de physique du globe de Paris,True,2702,1,2,1294;2702,0,0
https://openalex.org/I148283060,Lawrence Berkeley National Laboratory,True,1255,8,2,1255;1642,0,0
https://openalex.org/I148297040,Netherlands Organisation for Applied Scientific Research,True,296,2,2,1793;296,0,0
https://openalex.org/I148314036,Uniformed Services University of the Health Sciences,True,7068,1,1,7068,0,0
https://openalex.org/I148366613,National Yang Ming Chiao Tung University,True,491,2,2,1141;491,0,0
https://openalex.org/I148776243,Government of Tamil Nadu,True,9850,1,1,9850,0,0
https://openalex.org/I149213910,University of Antwerp,True,1160,2,1,1160,0,0
https://openalex.org/I149290949,Arthur D. Little (United States),True,7347,1,2,535;7347,0,0
https://openalex.org/I149594827,Xidian University,True,7094,1,1,7094,0,0
https://openalex.org/I149737975,Santen (Japan),True,3956,4,5,1255;2702;3956;397;5288,0,0
https://openalex.org/I149758196,Chimie ParisTech,True,2702,7,1,2702,0,0
https://openalex.org/I149766970,Maharashtra University of Health Sciences,True,7499,1,2,7499;7996,0,0
https://openalex.org/I149768937,University of Namur,True,,11,0,,12,0
https://openalex.org/I149851306,National Academy of Sciences of Ukraine,True,2203,121,14,1357;1731;180;2203;2479;2737;2914;3128;3379;3608;3651;3818;4344;773,1,0
https://openalex.org/I149899117,Max Planck Society,True,4736,122,32,103;1064;1287;1761;2435;2659;2877;3041;3093;3099;3106;3246;3269;3343;3580;3793;3869;3881;3942;4083;4454;4553;4586;4618;4708;4736;4788;4946;4996;536;6442;815,5,0
https://openalex.org/I150209017,Scripps Institution of Oceanography,True,2204,2,1,2204,0,0
https://openalex.org/I150229711,University of Electronic Science and Technology of China,True,5723,1,1,5723,0,0
https://openalex.org/I150264550,Eni (Italy),True,3881,4,5,1269;1510;3718;3881;5288,0,0
https://openalex.org/I150468666,Emory University,True,6451,7,1,6451,0,0
https://openalex.org/I150510651,Callaghan Innovation,True,454,1,1,454,0,0
https://openalex.org/I150517883,Maidstone and Tunbridge Wells NHS Trust,True,5566,3,2,5288;5566,0,0
https://openalex.org/I150545927,MODUL University Vienna,True,790,1,2,357;790,0,0
https://openalex.org/I15057530,Université de Bordeaux,True,1397,86,2,1397;2702,0,0
https://openalex.org/I150807315,Guangxi University,True,8717,1,1,8717,0,0
https://openalex.org/I15089104,China Aerospace Science and Industry Corporation (China),True,7704,1,1,7704,0,0
https://openalex.org/I150993360,Hamamatsu Photonics (Japan),True,5091,1,2,5091;5288,0,0
https://openalex.org/I151075929,Army Medical University,True,7578,1,1,7578,0,0
https://openalex.org/I151201029,Consejo Nacional de Investigaciones Científicas y Técnicas,True,4215,111,23,1467;1911;196;2065;2285;2489;2555;3032;3187;3238;3289;3340;358;3701;3747;3786;4215;4349;4382;4514;4580;509;652,8,0
https://openalex.org/I151295451,Université de Perpignan,True,3302,13,4,2304;2702;3302;3541,1,0
https://openalex.org/I151746483,University of Waterloo,True,2360,1,1,2360,0,0
https://openalex.org/I151809719,Arkema (France),True,2702,3,2,2702;7165,2,0
https://openalex.org/I151823869,National Academy of Sciences of Belarus,True,799,38,5,1273;1475;1569;19;799,0,0
https://openalex.org/I151934421,University of Northern British Columbia,True,,1,1,28,1,0
https://openalex.org/I15196421,University of Applied Sciences and Arts of Southern Switzerland,True,1752,1,1,1752,0,0
https://openalex.org/I152031979,Nanjing Normal University,True,9701,2,2,9701;9831,0,0
https://openalex.org/I152238500,Chosun University,True,2246,2,1,2246,0,0
https://openalex.org/I152304114,Lamont-Doherty Earth Observatory,True,7244,1,1,7244,0,0
https://openalex.org/I153156064,KBR (United States),True,5511,2,3,1642;5288;5511,0,0
https://openalex.org/I153355300,Imperial College Healthcare NHS Trust,True,5288,5,1,5288,0,0
https://openalex.org/I153473198,North China Electric Power University,True,7704,2,2,7704;9963,0,0
https://openalex.org/I153551853,UniCredit (Italy),True,,1,1,7244,1,0
https://openalex.org/I153648349,University of Leicester,True,4925,2,1,4925,0,0
https://openalex.org/I15366983,Universidad Nacional de Río Cuarto,True,2555,8,1,2555,0,0
https://openalex.org/I153718931,University of Ottawa,True,3343,32,1,3343,0,0
https://openalex.org/I154057602,Henry Ford Health,True,6948,2,2,6905;6948,0,0
https://openalex.org/I154099455,Shandong University,True,8476,2,1,8476,0,0
https://openalex.org/I154130895,University of Auckland,True,869,5,3,133;598;869,0,0
https://openalex.org/I154202486,Ifremer,True,58,16,8,3302;3541;398;468;58;71;824;954,2,0
https://openalex.org/I154338468,University of Fribourg,True,526,1,1,526,0,0
https://openalex.org/I154347574,University of Rijeka,True,75,1,1,75,0,0
https://openalex.org/I154425047,University of Alberta,True,1572,7,2,1276;1572,1,0
https://openalex.org/I154481106,AMS (Austria),True,654,5,6,154;164;4736;5550;654;687,0,0
https://openalex.org/I154526488,Inserm,True,2702,451,30,1062;1397;1496;1680;2010;2085;2159;2233;2304;2702;2824;3200;3353;3495;3541;3628;3672;3718;3798;3911;3984;4054;4192;4426;4558;468;58;71;824;954,1,0
https://openalex.org/I154570441,"University of California, Santa Barbara",True,639,9,2,1642;639,2,0
https://openalex.org/I154903789,Agfa-Gevaert (Belgium),True,1160,3,3,1064;1160;2626,1,0
https://openalex.org/I155028946,Tribhuvan University,True,1525,11,1,1525,1,0
https://openalex.org/I155093810,University of Idaho,True,,1,0,,2,0
https://openalex.org/I155381812,University of Trás-os-Montes and Alto Douro,True,,3,0,,4,0
https://openalex.org/I155417937,Hochschule Bonn-Rhein-Sieg,True,1064,1,1,1064,0,0
https://openalex.org/I155623535,Volgograd State Medical University,True,4937,1,2,4937;5115,0,0
https://openalex.org/I155660961,University of Turku,True,56,3,1,56,0,0
https://openalex.org/I156317336,FMC (United States),True,7165,1,2,596;7165,0,0
https://openalex.org/I156628971,Canadian Cancer Society,True,2626,1,1,2626,0,0
https://openalex.org/I156965999,Provincial Health Services Authority,True,375,2,1,375,0,0
https://openalex.org/I156983542,Jordan University of Science and Technology,True,265,1,2,265;971,0,0
https://openalex.org/I15704514,Greater Manchester Mental Health NHS Foundation Trust,True,3304,2,1,3304,0,0
https://openalex.org/I157066012,Gleason (United States),True,7183,2,3,1600;3580;7183,0,0
https://openalex.org/I157071867,Fernando Pessoa University,True,1003,5,1,1003,0,0
https://openalex.org/I157075465,Bristol-Myers Squibb (Germany),True,4736,1,1,4736,0,0
https://openalex.org/I157085157,Nippon Sheet Glass (Japan),True,3956,3,3,1934;3956;6917,1,0
https://openalex.org/I157210198,Scuola Normale Superiore,True,2647,1,1,2647,0,0
https://openalex.org/I157273133,University of Botswana,True,666,1,2,26;666,0,0
https://openalex.org/I157286207,"National University of Ireland, Maynooth",True,415,1,1,415,0,0
https://openalex.org/I157288922,Itron (United States),True,5138,1,2,2702;5138,0,0
https://openalex.org/I157338126,Moscow State Pedagogical University,True,2262,1,1,2262,0,0
https://openalex.org/I157349981,SUNY College of Environmental Science and Forestry,True,7256,2,1,7256,1,0
https://openalex.org/I157394403,Baylor University,True,5463,1,1,5463,0,0
https://openalex.org/I157485424,Korea Advanced Institute of Science and Technology,True,1782,2,1,1782,0,0
https://openalex.org/I157536573,Institut Pasteur,True,2702,25,1,2702,0,0
https://openalex.org/I157543744,Royal College of Surgeons of Edinburgh,True,2305,1,2,2305;5288,0,0
https://openalex.org/I157582758,SingHealth,True,154,1,1,154,0,0
https://openalex.org/I157591606,University of Malawi,True,988,1,2,730;988,0,0
https://openalex.org/I157614274,University of Cape Town,True,189,4,1,189,0,0
https://openalex.org/I15766117,University of Graz,True,654,3,2,654;790,0,0
https://openalex.org/I157674565,University of Liège,True,1656,2,3,1372;1656;3200,0,0
https://openalex.org/I157725225,University of Illinois Urbana-Champaign,True,6541,9,4,2204;6541;6654;7068,0,0
https://openalex.org/I157771985,China National Nuclear Corporation,True,7704,1,2,7704;8989,0,0
https://openalex.org/I157773358,Sun Yat-sen University,True,9711,6,1,9711,0,0
https://openalex.org/I157850169,Indian Health Service,True,7068,2,2,4211;7068,1,0
https://openalex.org/I157913058,Generalitat de Catalunya,True,4523,29,4,4291;4358;4523;4621,1,0
https://openalex.org/I158139479,Horiba (Japan),True,,3,3,2702;3297;5067,1,0
https://openalex.org/I158193983,Deutsche Bank (Germany),True,3093,1,2,3093;5288,0,0
https://openalex.org/I158283456,Andalusian Health Service,True,2008,14,8,1395;1587;1931;2008;2700;2822;3198;3626,4,0
https://openalex.org/I158438070,Universidad de La Laguna,True,395,2,1,395,1,0
https://openalex.org/I158447531,Altran (France),True,2702,4,5,2702;3881;4767;5550;654,0,0
https://openalex.org/I158716096,University of Peloponnese,True,,1,0,,2,0
https://openalex.org/I15881080,Universidad Nacional de Cuyo,True,358,4,1,358,1,0
https://openalex.org/I158842170,Chongqing University,True,7578,3,1,7578,0,0
https://openalex.org/I158990150,St. Augustine University of Tanzania,True,1639,1,2,1639;3178,0,0
https://openalex.org/I159082835,Agence internationale de l'énergie,True,2702,1,2,2702;3586,0,0
https://openalex.org/I159129438,Université du Québec à Montréal,True,3485,1,1,3485,0,0
https://openalex.org/I159176309,Universität Hamburg,True,3793,9,1,3793,0,0
https://openalex.org/I159299179,Dongshin University,True,2246,4,3,2172;2246;94,0,0
https://openalex.org/I159385669,Chiba University,True,5129,1,1,5129,0,0
https://openalex.org/I15949855,National Council Of Educational Research And Training,True,7466,1,2,10354;7466,0,0
https://openalex.org/I159885104,École Pratique des Hautes Études,True,2702,29,7,1680;2304;2702;3541;3718;3798;4192,1,0
https://openalex.org/I159948400,Jinan University,True,9711,2,2,9711;9716,0,0
https://openalex.org/I160013858,Istituto Nazionale di Fisica Nucleare,True,3881,40,24,1309;1600;1778;2019;2449;2647;2891;3106;3157;3311;3360;3725;3793;3881;3955;4164;4333;4498;4658;4929;5004;5071;841;85,4,0
https://openalex.org/I160014373,Analogic (United States),True,7347,1,2,375;7347,0,0
https://openalex.org/I16038530,Aberystwyth University,True,,1,0,,2,0
https://openalex.org/I160648776,Avon and Wiltshire Mental Health Partnership NHS Trust,True,,5,1,3099,3,0
https://openalex.org/I160713005,Bon Secours Health System,True,7068,10,6,259;7032;7050;7068;7123;7244,0,0
https://openalex.org/I16097986,Universitat de València,True,4156,3,1,4156,0,0
https://openalex.org/I160993911,Queensland University of Technology,True,2355,2,1,2355,0,0
https://openalex.org/I161057412,University of New Hampshire,True,,3,1,6678,3,0
https://openalex.org/I161106909,Iran University of Medical Sciences,True,4686,2,1,4686,0,0
https://openalex.org/I161127581,Universidade Federal Fluminense,True,7021,1,2,6961;7021,0,0
https://openalex.org/I161318765,"University of California, Los Angeles",True,1642,4,2,1642;5349,0,0
https://openalex.org/I161321875,University of Beira Interior,True,,8,0,,9,0
https://openalex.org/I161593684,Stockholm University,True,1445,5,1,1445,0,0
https://openalex.org/I161675122,Cooperative Institute for Research in Environmental Sciences,True,5332,1,1,5332,0,0
https://openalex.org/I161716053,China Pharmaceutical University,True,9701,1,1,9701,0,0
https://openalex.org/I162096671,Universidad de Los Andes,True,4048,1,1,4048,0,0
https://openalex.org/I162148367,Pontificia Universidad Católica de Chile,True,2072,4,1,2072,1,0
https://openalex.org/I162281398,University of Hartford,True,7302,1,1,7302,0,0
https://openalex.org/I162289562,All India Council for Technical Education,True,7466,2,3,7466;8900;9850,0,0
https://openalex.org/I162290304,Scuola Superiore Sant'Anna,True,2647,1,1,2647,0,0
https://openalex.org/I162346809,Institut National des Langues et Civilisations Orientales,True,2702,11,1,2702,0,0
https://openalex.org/I162524378,Science and Technology Facilities Council,True,4125,6,3,2305;4125;4792,2,0
https://openalex.org/I162608824,University of Sussex,True,5406,1,1,5406,0,0
https://openalex.org/I162714631,George Mason University,True,7068,2,1,7068,0,0
https://openalex.org/I162827531,Indian Institute of Technology Bombay,True,7163,2,1,7163,0,0
https://openalex.org/I162868743,Tianjin University,True,8055,4,1,8055,0,0
https://openalex.org/I163086451,Ponce Health Sciences University,True,141,1,2,141;6192,0,0
https://openalex.org/I163205636,Tabriz University of Medical Sciences,True,967,1,1,967,0,0
https://openalex.org/I163340411,Hohai University,True,9701,1,1,9701,0,0
https://openalex.org/I163361683,Cognizant (United States),True,7244,2,3,5288;7163;7244,0,0
https://openalex.org/I163753206,Chungbuk National University,True,1604,1,1,1604,0,0
https://openalex.org/I163879017,Legacy Health,True,4444,6,1,4444,0,0
https://openalex.org/I16465266,Austral University of Chile,True,2752,3,3,2072;2752;2982,1,0
https://openalex.org/I1648549,Universidad del Zulia,True,1459,1,1,1459,0,0
https://openalex.org/I164861460,Manipal Academy of Higher Education,True,8281,7,4,10285;357;8281;8319,1,0
https://openalex.org/I164915025,Mexican Social Security Institute,True,5006,4,2,5006;5619,0,0
https://openalex.org/I164928964,"Merck KGaA, Darmstadt (Germany)",True,3297,13,12,1427;215;2626;3147;3297;3718;3881;5129;5288;6192;7163;7347,0,0
https://openalex.org/I165139151,University of North Texas Health Science Center,True,5543,1,1,5543,0,0
https://openalex.org/I165143802,The University of Queensland,True,2355,8,2,1830;2355,0,0
https://openalex.org/I16528096,Aichi Medical University,True,4532,2,1,4532,0,0
https://openalex.org/I165283593,École des Hautes Études en Santé Publique,True,824,3,1,824,0,0
https://openalex.org/I165304983,Universidad Nacional de Lanús,True,4215,1,1,4215,0,0
https://openalex.org/I165339363,Universidad de Oviedo,True,2231,2,2,2231;3147,1,0
https://openalex.org/I165453862,New Jersey Department of Education,True,7244,1,1,7244,0,0
https://openalex.org/I165468398,Devon Energy (United States),True,5705,1,2,1572;5705,0,0
https://openalex.org/I165476936,Vale (Brazil),True,6949,2,3,2626;5288;6949,0,0
https://openalex.org/I165560825,Mashhad University of Medical Sciences,True,6030,1,1,6030,0,0
https://openalex.org/I165638839,Huntsman (United States),True,5511,5,6,1269;3200;5511;5550;815;935,0,0
https://openalex.org/I165690674,Oregon Health & Science University,True,4444,2,1,4444,0,0
https://openalex.org/I165733156,University of Georgia,True,,3,1,6734,3,0
https://openalex.org/I165779595,The University of Melbourne,True,1266,11,1,1266,0,0
https://openalex.org/I165817395,Massachusetts College of Pharmacy and Health Sciences,True,7347,1,1,7347,0,0
https://openalex.org/I165932596,National University of Singapore,True,154,8,1,154,0,0
https://openalex.org/I165951966,The University of Texas at San Antonio Health Science Center,True,5229,1,1,5229,0,0
https://openalex.org/I16609230,Hunan University,True,9100,3,1,9100,0,0
https://openalex.org/I166097846,Maxwell Technologies (United States),True,2204,1,2,2204;526,0,0
https://openalex.org/I1662191,University of Puerto Rico at Río Piedras,True,308,1,1,308,0,0
https://openalex.org/I166337079,Queen Mary University of London,True,5288,3,1,5288,0,0
https://openalex.org/I166401450,Universidad Nacional de Córdoba,True,2285,11,1,2285,0,0
https://openalex.org/I166416128,DEVCOM Army Research Laboratory,True,7068,3,2,6942;7068,1,0
https://openalex.org/I166722992,University of Massachusetts Chan Medical School,True,7317,1,1,7317,0,0
https://openalex.org/I166825849,Tampere University,True,397,2,1,397,0,0
https://openalex.org/I166928557,University of Monastir,True,2408,3,2,2408;2541,0,0
https://openalex.org/I167573124,Barnet Enfield and Haringey Mental Health Trust,True,5288,2,1,5288,0,0
https://openalex.org/I167576493,Colorado School of Mines,True,5332,1,1,5332,0,0
https://openalex.org/I168192097,Mitsubishi Chemical (Japan),True,,1,1,3956,1,0
https://openalex.org/I168537998,Eli Lilly (United States),True,6720,13,14,154;1793;259;2626;310;3106;3147;3246;3956;5000;6720;7165;7466;805,0,0
https://openalex.org/I168635309,University of Calgary,True,1276,4,1,1276,1,0
https://openalex.org/I168719708,City University of Hong Kong,True,73,2,1,73,0,0
https://openalex.org/I168864056,Bilkent University,True,3650,1,1,3650,0,0
https://openalex.org/I168974976,Universidad de La Rioja,True,3670,1,1,3670,0,0
https://openalex.org/I169046204,Universidad Autónoma de Nuevo León,True,5554,1,1,5554,0,0
https://openalex.org/I169108374,University of the Basque Country,True,3539,4,3,3147;3539;3716,1,0
https://openalex.org/I169173203,Délégation Paris 7,True,2702,5,1,2702,0,0
https://openalex.org/I169248724,Royal Free London NHS Foundation Trust,True,5288,6,1,5288,0,0
https://openalex.org/I169251466,Xavier University of Louisiana,True,5865,1,1,5865,0,0
https://openalex.org/I169381384,University of Groningen,True,3116,1,2,296;3116,0,0
https://openalex.org/I169427155,Instituto Politécnico de Leiria,True,,8,2,1118;143,7,0
https://openalex.org/I16944753,Clarkson University,True,,1,1,7292,1,0
https://openalex.org/I169521973,University of New Mexico,True,4914,4,1,4914,1,0
https://openalex.org/I169541294,Flinders University,True,789,4,1,789,0,0
https://openalex.org/I169556180,GSI Helmholtz Centre for Heavy Ion Research,True,3297,5,3,3093;3297;4618,1,0
https://openalex.org/I16970960,Scripps College,True,1642,1,1,1642,0,0
https://openalex.org/I169781563,Naval Facilities Engineering Systems Command,True,7068,2,2,1031;7068,0,0
https://openalex.org/I169877490,University of Mumbai,True,7163,1,1,7163,0,0
https://openalex.org/I169912796,Grace (United States),True,7068,1,2,2626;7068,0,0
https://openalex.org/I170053871,TeliaSonera (Sweden),True,1445,1,2,1445;545,0,0
https://openalex.org/I170138621,Atos (France),True,2702,9,10,1427;1600;163;1637;2702;3147;4736;5288;535;7244,0,0
https://openalex.org/I1701708,British American Tobacco (United Kingdom),True,5288,3,4,3485;3793;5129;5288,0,0
https://openalex.org/I170201317,University of Pittsburgh,True,7020,7,1,7020,3,0
https://openalex.org/I170215575,National University of Defense Technology,True,9100,3,2,9100;9459,1,0
https://openalex.org/I170230895,Warsaw University of Life Sciences,True,3222,1,1,3222,0,0
https://openalex.org/I170486558,Universitat Pompeu Fabra,True,4523,8,1,4523,0,0
https://openalex.org/I170558118,Sri Venkateswara University,True,9608,1,2,9113;9608,0,0
https://openalex.org/I170726198,University of Novi Sad,True,325,1,1,325,0,0
https://openalex.org/I170897317,Duke University,True,6942,10,4,154;1642;6942;9963,1,0
https://openalex.org/I171246369,École Nationale Supérieure de Mécanique et d'Aérotechnique,True,2010,2,1,2010,0,0
https://openalex.org/I17145004,Northwestern Polytechnical University,True,7094,1,1,7094,0,0
https://openalex.org/I171589843,Blue Yonder (United States),True,4211,1,2,2626;4211,0,0
https://openalex.org/I17170469,Solvay (Belgium),True,1269,12,10,10097;1269;1397;1427;1600;2702;3304;3667;5511;6567,2,0
https://openalex.org/I171818078,Nitto (Japan),True,5129,1,2,5129;7244,0,0
https://openalex.org/I171892758,Forschungszentrum Jülich,True,44,7,4,1761;44;4454;815,1,0
https://openalex.org/I1723204,Expro (United Kingdom),True,5047,2,3,298;5047;5511,0,0
https://openalex.org/I172363630,College of Europe,True,202,1,2,202;3222,0,0
https://openalex.org/I172622728,University Hospitals of Morecambe Bay NHS Foundation Trust,True,,4,1,2939,3,0
https://openalex.org/I172633693,Thomas Edison State University,True,7165,1,1,7165,0,0
https://openalex.org/I172656520,Estonian Academy of Sciences,True,54,3,2,237;54,0,0
https://openalex.org/I172675005,Nanyang Technological University,True,154,2,1,154,0,0
https://openalex.org/I172787465,University of Concepción,True,1480,2,2,1480;2072,0,0
https://openalex.org/I172790451,Oil and Natural Gas Corporation (India),True,7581,1,1,7581,0,0
https://openalex.org/I172993857,Teledyne FLIR (United States),True,4444,1,2,1160;4444,0,0
https://openalex.org/I17301866,University of Alabama,True,6107,1,1,6107,0,0
https://openalex.org/I173304897,Universidad de Granada,True,3300,2,1,3300,0,0
https://openalex.org/I173439891,HES-SO University of Applied Sciences and Arts Western Switzerland,True,,18,3,215;29;526,8,0
https://openalex.org/I173709673,Indian Oil Corporation (India),True,7466,1,1,7466,0,0
https://openalex.org/I173755004,Universidad Michoacana de San Nicolás de Hidalgo,True,3993,1,1,3993,0,0
https://openalex.org/I173869447,Qinetiq (United Kingdom),True,5125,1,2,5125;7347,0,0
https://openalex.org/I173888879,SINTEF,True,452,6,1,452,1,0
https://openalex.org/I173899330,Henan University,True,8330,1,1,8330,0,0
https://openalex.org/I173911158,Iowa State University,True,6131,3,1,6131,0,0
https://openalex.org/I173953196,Local Government Association,True,5288,1,1,5288,0,0
https://openalex.org/I174354714,Trinity Health Michigan,True,6929,4,2,6929;6948,0,0
https://openalex.org/I17442442,State Grid Corporation of China (China),True,7704,3,2,1255;7704,0,0
https://openalex.org/I174574984,Crozer-Keystone Health System,True,7165,1,1,7165,0,0
https://openalex.org/I174947986,Flex (United States),True,1255,4,4,121;1255;2626;3580,1,0
https://openalex.org/I175003984,Office of Naval Research,True,7068,19,2,496;7068,1,0
https://openalex.org/I175051016,Universidad Pública de Navarra (UPNA),True,3872,6,1,3872,0,0
https://openalex.org/I175682507,Armstrong Flight Research Center,True,,1,0,,2,0
https://openalex.org/I175691731,Pondicherry University,True,9834,1,2,8595;9834,0,0
https://openalex.org/I176037994,Erzincan Binali Yıldırım University,True,5280,1,1,5280,0,0
https://openalex.org/I17606148,École Nationale Vétérinaire d'Alfort,True,2702,7,1,2702,0,0
https://openalex.org/I176063091,École Nationale Vétérinaire de Toulouse,True,2304,6,1,2304,0,0
https://openalex.org/I17626003,University of Rhode Island,True,7312,5,1,7312,0,0
https://openalex.org/I176337269,Canadian Institutes of Health Research,True,3343,14,7,1276;1572;2626;3343;3485;375;3789,0,0
https://openalex.org/I176446549,Golder Associates (Canada),True,2626,4,5,2626;3337;5288;5511;73,0,0
https://openalex.org/I176453806,University of Potsdam,True,4946,4,1,4946,0,0
https://openalex.org/I176611909,California Lutheran University,True,1642,1,2,1255;1642,0,0
https://openalex.org/I176790666,Funai Electric (Japan),True,3956,1,1,3956,0,0
https://openalex.org/I176790772,Murdoch University,True,360,2,1,360,0,0
https://openalex.org/I176902721,Carthage College,True,6776,1,1,6776,0,0
https://openalex.org/I177064439,Université de Bourgogne,True,3798,3,2,3718;3798,0,0
https://openalex.org/I177156846,South Dakota State University,True,,1,0,,2,0
https://openalex.org/I17721919,Shanxi Medical University,True,7359,2,2,7359;7656,0,0
https://openalex.org/I177233841,"Vietnam National University, Hanoi",True,2207,14,1,2207,0,0
https://openalex.org/I177235860,Public Health Agency of Canada,True,3343,1,2,2626;3343,0,0
https://openalex.org/I177483745,Université Joseph Fourier,True,3984,3,1,3984,0,0
https://openalex.org/I177639307,University of Dundee,True,2884,2,1,2884,0,0
https://openalex.org/I177725633,Chinese University of Hong Kong,True,73,3,3,696;73;9725,0,0
https://openalex.org/I177739611,Yangtze University,True,8578,1,2,8578;8989,0,0
https://openalex.org/I177802217,University of Mannheim,True,3041,4,1,3041,0,0
https://openalex.org/I177823932,Technical University of Moldova,True,282,1,1,282,0,0
https://openalex.org/I177877127,The University of Western Australia,True,360,3,1,360,0,0
https://openalex.org/I177933477,Second Military Medical University,True,10097,1,1,10097,0,0
https://openalex.org/I177969490,University of Southern Denmark,True,389,2,2,389;537,0,0
https://openalex.org/I178098764,Brother Industries (Japan),True,4532,1,1,4532,0,0
https://openalex.org/I178133122,Fraser Health,True,375,1,1,375,0,0
https://openalex.org/I178535277,University of the West of England,True,3099,1,2,3099;3586,0,0
https://openalex.org/I178644074,Kanazawa Seiryo University,True,3991,1,1,3991,0,0
https://openalex.org/I178645029,Illumina (United States),True,2204,2,3,2204;5550;6942,0,0
https://openalex.org/I17937529,German Cancer Research Center,True,3041,6,3,3041;3093;4996,0,0
https://openalex.org/I179420787,Indian Council of Agricultural Research,True,7466,92,45,10168;10350;10452;10525;10542;2091;3632;4685;5324;6065;6438;6643;6704;6781;7060;7163;7340;7466;7581;7617;7643;7675;7831;7839;7841;8142;8224;8258;8275;8353;8399;8401;8451;8673;8848;8900;8952;9007;9045;9069;9099;9157;9850;9890;9988,15,0
https://openalex.org/I179638627,Cancer Treatment Centers of America,True,6442,3,4,4211;6442;6741;7165,0,0
https://openalex.org/I17974374,Universidade de São Paulo,True,6567,8,3,6108;6144;6567,0,0
https://openalex.org/I179863766,Western Norway University of Applied Sciences,True,131,3,1,131,2,0
https://openalex.org/I17994240,National University of Misiones,True,4249,1,1,4249,1,0
https://openalex.org/I18014758,Simon Fraser University,True,375,5,2,28;375,1,0
https://openalex.org/I180291457,Mehran University of Engineering and Technology,True,,1,1,3996,1,0
https://openalex.org/I180297670,RTI International,True,6942,2,1,6942,1,0
https://openalex.org/I180375564,École nationale d'ingénieurs de Brest,True,58,2,2,240;58,0,0
https://openalex.org/I180437899,University of Bremen,True,2877,3,1,2877,0,0
https://openalex.org/I180507712,Hult International Business School,True,5288,1,1,5288,0,0
https://openalex.org/I180585399,Dalian Institute of Chemical Physics,True,8973,3,1,8973,0,0
https://openalex.org/I180606324,Ministry of Water Resources and Irrigation,True,3981,1,1,3981,0,0
https://openalex.org/I180662265,China Mobile (China),True,7704,1,1,7704,0,0
https://openalex.org/I180670191,"University of California, San Francisco",True,1255,5,1,1255,0,0
https://openalex.org/I180680657,Iwate Medical University,True,4334,1,1,4334,0,0
https://openalex.org/I180726961,Shenzhen University,True,9725,2,1,9725,0,0
https://openalex.org/I180857899,Pfizer (United States),True,7244,19,20,1269;1445;1479;1830;259;2702;296;310;3147;3485;3881;4946;5129;5288;7163;7165;7244;7704;790;94,0,0
https://openalex.org/I180910786,Universidad de la República de Uruguay,True,906,2,1,906,0,0
https://openalex.org/I180923762,University of Cologne,True,1064,4,2,1064;815,0,0
https://openalex.org/I180980256,Waters (United States),True,7312,2,3,10097;5288;7312,0,0
https://openalex.org/I181326427,Donghua University,True,10097,1,1,10097,0,0
https://openalex.org/I181343428,University of Zagreb,True,410,10,1,410,0,0
https://openalex.org/I181369854,Friedrich-Alexander-Universität Erlangen-Nürnberg,True,4454,2,2,4454;4649,0,0
https://openalex.org/I181401687,American University,True,7068,2,2,29;7068,0,0
https://openalex.org/I181418319,SKEMA Business School,True,3200,1,1,3200,0,0
https://openalex.org/I181547552,Baylor College of Medicine,True,5511,2,1,5511,0,0
https://openalex.org/I181565077,Georgia State University,True,6451,1,1,6451,0,0
https://openalex.org/I181631907,University of Ibadan,True,2526,3,1,2526,0,0
https://openalex.org/I181647926,University of Strathclyde,True,955,1,1,955,0,0
https://openalex.org/I181653535,San Diego Supercomputer Center,True,2204,1,1,2204,0,0
https://openalex.org/I181679074,TDK (Japan),True,5129,4,4,154;5129;696;7244,1,0
https://openalex.org/I181827316,Université Catholique de Lille,True,3200,2,1,3200,0,0
https://openalex.org/I181840440,Odesa I. I. Mechnikov National University,True,2737,1,1,2737,0,0
https://openalex.org/I181877577,Shanxi University,True,7359,1,1,7359,0,0
https://openalex.org/I182003036,IDEO (United States),True,1255,1,2,1255;6654,0,0
https://openalex.org/I182083151,Universidad Rey Juan Carlos,True,3147,1,1,3147,0,0
https://openalex.org/I182247830,European Forest Institute,True,,2,2,1064;4523,1,0
https://openalex.org/I182377803,University of Sierra Leone,True,156,2,2,156;887,0,0
https://openalex.org/I182451676,Université du Québec à Rimouski,True,,1,0,,2,0
https://openalex.org/I182534213,Universidade do Porto,True,1003,41,4,1003;1228;310;878,1,0
https://openalex.org/I182627622,Université Sorbonne Nouvelle,True,2702,31,1,2702,0,0
https://openalex.org/I183053808,Ministry of Health,True,976,1,1,976,0,0
https://openalex.org/I183067930,Shanghai Jiao Tong University,True,10097,8,2,10097;9701,0,0
https://openalex.org/I183158303,École Navale,True,58,1,1,58,0,0
https://openalex.org/I183367347,Ipsen (France),True,2702,7,8,1427;1600;2702;2988;415;4523;5288;6646,0,0
https://openalex.org/I183452621,Viasat (United States),True,2204,1,2,215;2204,0,0
https://openalex.org/I183697816,Bangladesh University of Engineering and Technology,True,3705,1,1,3705,0,0
https://openalex.org/I18372998,Owens Corning (United States),True,6917,3,3,6567;687;6917,1,0
https://openalex.org/I183898223,International Hellenic University,True,552,1,1,552,1,0
https://openalex.org/I183918463,Illinois Tool Works (United States),True,6654,5,5,1266;2702;5288;6567;6654,1,0
https://openalex.org/I183934855,Genentech,True,1255,1,1,1255,0,0
https://openalex.org/I183935753,King's College London,True,5288,4,2,3541;5288,0,0
https://openalex.org/I184139950,Moscow State Institute of International Relations,True,2262,1,1,2262,0,0
https://openalex.org/I184490438,Chinese Center For Disease Control and Prevention,True,7704,10,2,10097;7704,0,0
https://openalex.org/I184531372,OsloMet – Oslo Metropolitan University,True,596,1,1,596,0,0
https://openalex.org/I184558857,Royal Holloway University of London,True,5288,1,1,5288,0,0
https://openalex.org/I184565670,Georgetown University,True,7068,3,2,146;7068,0,0
https://openalex.org/I184597095,National Institute of Informatics,True,5129,1,1,5129,0,0
https://openalex.org/I184647316,South Dakota School of Mines and Technology,True,,1,0,,2,0
https://openalex.org/I184746854,Lincoln University,True,300,1,1,300,0,0
https://openalex.org/I184770606,Ministry of Agriculture Forestry and Fisheries,True,976,1,1,976,0,0
https://openalex.org/I184840846,Virginia Commonwealth University,True,7032,3,2,146;7032,1,0
https://openalex.org/I18489884,Kunming Institute of Zoology,True,7076,1,1,7076,0,0
https://openalex.org/I184942183,University of Oslo,True,596,2,1,596,0,0
https://openalex.org/I184999862,Universidad de Salamanca,True,2371,9,2,2371;3147,0,0
https://openalex.org/I1850255,University of Basel,True,935,2,1,935,0,0
https://openalex.org/I185103710,"University of California, Santa Cruz",True,775,1,2,1255;775,0,0
https://openalex.org/I185127551,Czech Hydrometeorological Institute,True,535,1,1,535,0,0
https://openalex.org/I185261750,University of Toronto,True,2626,6,1,2626,0,0
https://openalex.org/I185443292,Wayne State University,True,6948,1,2,6929;6948,0,0
https://openalex.org/I185492890,University of Canterbury,True,300,1,2,133;300,0,0
https://openalex.org/I185571130,Al-Farabi Kazakh National University,True,2583,1,1,2583,0,0
https://openalex.org/I185652977,University of Tarapacá,True,30,1,2,2072;30,0,0
https://openalex.org/I185808892,Polytechnic Institute of Cávado and Ave,True,,3,0,,4,0
https://openalex.org/I185852735,University of Lancashire,True,3201,1,2,3201;386,0,0
https://openalex.org/I186272606,Guangdong University of Foreign Studies,True,9711,1,1,9711,0,0
https://openalex.org/I186903577,University of Luxembourg,True,103,6,1,103,0,0
https://openalex.org/I187531555,Lund University,True,624,1,1,624,0,0
https://openalex.org/I187986737,Collège de France,True,2702,19,2,2702;3948,0,0
https://openalex.org/I188127544,Amnesty International,True,5288,3,4,415;5288;6961;7244,0,0
https://openalex.org/I188538660,University of Colorado Boulder,True,5332,12,4,2204;5332;6541;7068,2,0
https://openalex.org/I188626449,Université Lumière Lyon 2,True,3718,44,5,2702;3628;3718;3759;3948,0,0
https://openalex.org/I188703460,DNV (Norway),True,596,3,4,296;3793;596;955,0,0
https://openalex.org/I188730046,Vytautas Magnus University,True,435,2,2,435;853,0,0
https://openalex.org/I188760350,Ollscoil na Gaillimhe – University of Galway,True,80,1,2,415;80,0,0
https://openalex.org/I188891513,Sanford Burnham Prebys Medical Discovery Institute,True,2204,1,2,2204;6487,0,0
https://openalex.org/I188950975,GlaxoSmithKline (United Kingdom),True,5288,23,24,1266;1269;1445;154;1793;259;2626;2702;2772;310;3147;3222;3793;410;434;4510;5129;5288;687;6961;7163;7165;7704;805,0,0
https://openalex.org/I188973947,Novosibirsk State University,True,6191,1,1,6191,0,0
https://openalex.org/I189065380,Celanese (United States),True,5543,1,2,3093;5543,0,0
https://openalex.org/I189075073,National University of Mar del Plata,True,4514,4,1,4514,0,0
https://openalex.org/I189090001,Novo Nordisk (Denmark),True,537,9,10,1479;3093;310;3881;4510;5006;5288;537;687;9099,0,0
https://openalex.org/I189158943,University of Milan,True,1600,2,1,1600,0,0
https://openalex.org/I189210763,Yunnan University,True,7076,1,1,7076,0,0
https://openalex.org/I189442560,Gyeongsang National University,True,2651,3,2,2651;2835,0,0
https://openalex.org/I189590672,Kansas State University,True,,3,0,,4,0
https://openalex.org/I189731429,Wellesley College,True,7347,1,1,7347,0,0
https://openalex.org/I189966903,Northern Health,True,1266,1,2,1266;1830,0,0
https://openalex.org/I190082696,Durham University,True,4227,1,2,4159;4227,0,0
https://openalex.org/I190249584,Universität Innsbruck,True,8,3,2,654;8,0,0
https://openalex.org/I190752583,ParisTech,True,2702,65,11,1294;1397;1496;2702;2938;3200;3798;3948;4088;4426;58,1,0
https://openalex.org/I190861549,Arts et Métiers,True,2702,16,8,1397;1496;2702;3200;3798;3948;4088;58,1,0
https://openalex.org/I190930483,Kyorin University,True,5129,1,1,5129,0,0
https://openalex.org/I191208505,Xiamen University,True,10286,3,1,10286,1,0
https://openalex.org/I19149307,Chennai Mathematical Institute,True,9850,1,2,2702;9850,0,0
https://openalex.org/I191879574,Inha University,True,94,1,1,94,0,0
https://openalex.org/I191972202,Amity University,True,7466,7,7,357;7163;7320;7466;8144;9099;9620,0,0
https://openalex.org/I192341844,Polytechnic Institute of Viana do Castelo,True,,2,0,,3,0
https://openalex.org/I19250435,Trinity International University,True,6654,1,1,6654,0,0
https://openalex.org/I192513696,National University of San Marcos,True,2327,1,1,2327,0,0
https://openalex.org/I192545095,United States Military Academy,True,7244,1,1,7244,0,0
https://openalex.org/I192619145,University of the Witwatersrand,True,3337,2,1,3337,0,0
https://openalex.org/I193033237,Institut Supérieur de l'Aéronautique et de l'Espace (ISAE-SUPAERO),True,2304,5,1,2304,0,0
https://openalex.org/I193054373,University of Redlands,True,1642,1,2,1255;1642,0,0
https://openalex.org/I193170854,Bruker (United States),True,7347,8,8,1479;2626;2988;419;4328;7347;7704;790,1,0
https://openalex.org/I193181351,Universidad de Guadalajara,True,2837,1,1,2837,0,0
https://openalex.org/I193223587,University of Trento,True,2891,2,1,2891,0,0
https://openalex.org/I193427800,Applied Materials (United States),True,1255,4,4,1255;154;4996;5322,1,0
https://openalex.org/I193484058,Laureate Education,True,6442,1,2,5006;6442,0,0
https://openalex.org/I193531525,George Washington University,True,7068,2,1,7068,0,0
https://openalex.org/I193615760,Dokuz Eylül University,True,633,1,1,633,0,0
https://openalex.org/I193662353,Utrecht University,True,1793,2,2,1427;1793,0,0
https://openalex.org/I19370010,Orange (France),True,2702,2,3,1269;2702;3222,0,0
https://openalex.org/I193775966,Yonsei University,True,94,11,3,1415;2246;94,0,0
https://openalex.org/I194210350,École Nationale Supérieure d'Ingénieurs de Caen,True,1680,8,1,1680,0,0
https://openalex.org/I194343955,Pertamina (Indonesia),True,4897,1,1,4897,0,0
https://openalex.org/I194450716,Jilin University,True,8510,6,3,7704;8510;8777,0,0
https://openalex.org/I194604659,Shiraz University of Medical Sciences,True,5666,1,2,4686;5666,0,0
https://openalex.org/I194716290,China Academy of Space Technology,True,7704,1,1,7704,0,0
https://openalex.org/I195729267,Njala University,True,887,1,2,156;887,0,0
https://openalex.org/I195731000,Université de Versailles Saint-Quentin-en-Yvelines,True,2702,44,2,2702;3718,0,0
https://openalex.org/I196345858,Chungnam National University,True,1782,2,2,1604;1782,0,0
https://openalex.org/I196349391,Universität Ulm,True,4255,2,2,3580;4255,0,0
https://openalex.org/I196375840,Universidad Autónoma de Sinaloa,True,2175,1,1,2175,0,0
https://openalex.org/I196454796,Institut National des Sciences Appliquées de Toulouse,True,2304,15,2,2304;3984,0,0
https://openalex.org/I196539022,Mid Cheshire Hospitals NHS Foundation Trust,True,3448,1,1,3448,0,0
https://openalex.org/I196699116,Wuhan University of Technology,True,8989,2,1,8989,0,0
https://openalex.org/I196817621,Carnegie Institution for Science,True,7068,6,4,1255;1642;7068;7123,0,0
https://openalex.org/I196829312,La Trobe University,True,1266,2,1,1266,0,0
https://openalex.org/I19700959,Florida International University,True,6442,1,1,6442,0,0
https://openalex.org/I197097402,Universidad Peruana Cayetano Heredia,True,2327,1,1,2327,0,0
https://openalex.org/I197251160,Hebrew University of Jerusalem,True,1507,1,1,1507,0,0
https://openalex.org/I197312522,Hyundai Motor Group (South Korea),True,94,8,4,1642;3093;7068;94,0,0
https://openalex.org/I197323543,Johannes Gutenberg University Mainz,True,3093,1,1,3093,0,0
https://openalex.org/I197347611,Korea University,True,94,4,1,94,0,0
https://openalex.org/I197604219,"National Academies of Sciences, Engineering, and Medicine",True,7068,6,1,7068,0,0
https://openalex.org/I197681013,Université Paris-Est Créteil,True,2702,41,1,2702,0,0
https://openalex.org/I197773855,Weatherford (Switzerland),True,1479,3,4,1479;298;5288;5511,0,0
https://openalex.org/I197809005,"University of Campania ""Luigi Vanvitelli""",True,4333,1,1,4333,0,0
https://openalex.org/I197940685,National Oceanography Centre,True,4867,1,2,2374;4867,0,0
https://openalex.org/I198068145,Türkiye Bilimsel ve Teknolojik Araştırma Kurumu,True,3650,3,2,1637;3650,0,0
https://openalex.org/I198091727,Tiangong University,True,8055,1,1,8055,0,0
https://openalex.org/I198105771,Kasetsart University,True,1894,1,1,1894,0,0
https://openalex.org/I19820366,Chinese Academy of Sciences,True,7704,244,36,10078;10097;10282;10286;10328;2293;3438;3828;5723;696;7076;7094;7359;7578;7704;7744;7952;8055;8332;8510;8630;8973;8989;9100;9208;9309;9459;9473;9631;9701;9711;9718;9725;9747;9871;9963,6,0
https://openalex.org/I198244214,Université Clermont Auvergne,True,3353,46,2,3353;3718,1,0
https://openalex.org/I198415970,Université d'Avignon et des Pays de Vaucluse,True,3759,17,5,2702;3541;3718;3759;3911,0,0
https://openalex.org/I198811213,National Nuclear Security Administration,True,7068,16,4,1980;4914;6215;7068,1,0
https://openalex.org/I19894307,Université de Montpellier,True,3541,95,4,1294;3302;3541;3672,2,0
https://openalex.org/I198945027,Central European University,True,790,1,2,790;964,0,0
https://openalex.org/I198972184,Korea Electric Power Corporation (South Korea),True,2246,1,2,1782;2246,0,0
https://openalex.org/I199157343,Danaher (United States),True,7068,15,15,10097;1266;1479;154;1642;165;1793;2220;3246;3911;415;5288;535;657;7068,1,0
https://openalex.org/I199525922,National Institutes of Natural Sciences,True,5129,8,2,4532;5129,0,0
https://openalex.org/I199691007,Brazilian Agricultural Research Corporation,True,5465,1,2,4809;5465,0,0
https://openalex.org/I200166805,Guy's and St Thomas' NHS Foundation Trust,True,5288,4,1,5288,0,0
https://openalex.org/I200207707,Homi Bhabha National Institute,True,7163,1,2,10354;7163,0,0
https://openalex.org/I200252411,Europa-Universität Flensburg,True,3395,1,1,3395,1,0
https://openalex.org/I200284239,Universidade de Santiago de Compostela,True,,3,1,3147,3,0
https://openalex.org/I200296433,Chinese Academy of Medical Sciences & Peking Union Medical College,True,7704,5,2,7704;8055,0,0
https://openalex.org/I200323923,South London and Maudsley NHS Foundation Trust,True,5288,5,1,5288,0,0
https://openalex.org/I200332995,TU Dortmund University,True,536,2,2,1064;536,0,0
https://openalex.org/I200399037,University of Puerto Rico System,True,308,14,2,141;308,7,0
https://openalex.org/I200439574,Evonik (Germany),True,536,5,5,1479;154;2626;5087;536,1,0
https://openalex.org/I200705115,Academy of Sciences of the Republic of Tajikistan,True,1022,3,1,1022,0,0
https://openalex.org/I200719446,Vanderbilt University,True,6350,1,1,6350,0,0
https://openalex.org/I200763008,Justus-Liebig-Universität Gießen,True,3246,1,1,3246,0,0
https://openalex.org/I200769079,Hong Kong University of Science and Technology,True,73,5,5,73;9100;9716;9719;9724,0,0
https://openalex.org/I200777214,National and Kapodistrian University of Athens,True,959,1,1,959,0,0
https://openalex.org/I200870766,Brookhaven National Laboratory,True,7244,6,1,7244,0,0
https://openalex.org/I20089843,Princeton University,True,7165,3,2,7165;7244,0,0
https://openalex.org/I201025148,Universidade Aberta,True,310,4,1,310,0,0
https://openalex.org/I201181511,École Nationale Supérieure de Techniques Avancées,True,2702,15,3,240;2702;58,0,0
https://openalex.org/I201324441,University of Ferrara,True,3311,1,2,3106;3311,0,0
https://openalex.org/I201448701,University of Washington,True,4510,14,3,1255;2204;4510,0,0
https://openalex.org/I201537933,Tohoku University,True,4822,3,2,4822;5129,0,0
https://openalex.org/I201654770,PPG Industries (United States),True,7020,1,2,3799;7020,0,0
https://openalex.org/I201799495,Middle East Technical University,True,3650,1,1,3650,0,0
https://openalex.org/I201841394,Université Côte d'Azur,True,4426,94,7,154;2702;3157;3541;3759;4426;9099,1,0
https://openalex.org/I201933988,Kagawa University,True,3919,1,1,3919,0,0
https://openalex.org/I201952051,International Institute for Environment and Development,True,5288,1,2,3705;5288,0,0
https://openalex.org/I202180297,Russian State Vocational Pedagogical University,True,5972,1,2,5900;5972,0,0
https://openalex.org/I202262619,United Nations Environment Programme,True,2171,1,2,2171;5550,0,0
https://openalex.org/I20231570,Peking University,True,7704,15,3,10097;7704;9724,0,0
https://openalex.org/I202391551,Czech Academy of Sciences,True,535,95,5,1177;1286;1389;535;678,3,0
https://openalex.org/I202479867,Toi Ohomai Institute of Technology,True,1109,1,1,1109,1,0
https://openalex.org/I202697423,University of Zurich,True,1479,5,1,1479,0,0
https://openalex.org/I202709704,Norton Healthcare,True,6630,3,1,6630,0,0
https://openalex.org/I20303223,BP (United Kingdom),True,5288,7,8,1276;2702;3147;4125;5288;536;6654;7165,0,0
https://openalex.org/I203172682,Northern Arizona University,True,,1,0,,2,0
https://openalex.org/I203257799,Thomas More University,True,6790,1,1,6790,1,0
https://openalex.org/I203339264,Université de Lyon,True,3718,175,9,1294;2702;3353;3628;3709;3718;3759;3948;4822,3,0
https://openalex.org/I203474044,"National Centre of Scientific Research ""Demokritos""",True,959,5,1,959,4,0
https://openalex.org/I203847022,Instituto Politécnico de Lisboa,True,310,4,1,310,0,0
https://openalex.org/I203899302,Universiti Teknologi Petronas,True,1103,1,1,1103,1,0
https://openalex.org/I203951103,Keio University,True,5129,2,1,5129,0,0
https://openalex.org/I204086833,Cirrus Logic (United States),True,5349,1,2,2305;5349,0,0
https://openalex.org/I204250578,"University of California, Irvine",True,1642,2,1,1642,0,0
https://openalex.org/I204275683,Satbayev University,True,2583,1,1,2583,0,0
https://openalex.org/I204308271,Medical College of Wisconsin,True,6769,1,1,6769,0,0
https://openalex.org/I204337017,Aarhus University,True,229,4,2,229;537,0,0
https://openalex.org/I204465549,Washington University in St. Louis,True,6192,3,1,6192,0,0
https://openalex.org/I204512498,University of Macau,True,105,1,2,105;9871,0,0
https://openalex.org/I204553293,"China University of Petroleum, Beijing",True,7704,2,1,7704,0,0
https://openalex.org/I204593131,College of Charleston,True,6833,1,1,6833,0,0
https://openalex.org/I204710742,Ministry of Ecology and Environment,True,7704,8,2,7704;9701,0,0
https://openalex.org/I204722609,Queen's University,True,3190,1,2,3190;5582,0,0
https://openalex.org/I204730241,Université Paris Cité,True,2702,235,2,1294;2702,0,0
https://openalex.org/I204800183,International Union of Geodesy and Geophysics,True,4946,3,3,4558;4946;596,0,0
https://openalex.org/I204823248,Huazhong Agricultural University,True,8989,2,1,8989,0,0
https://openalex.org/I204824540,University of Wollongong,True,1562,2,2,1562;357,0,0
https://openalex.org/I204866599,VA Palo Alto Health Care System,True,1255,1,1,1255,0,0
https://openalex.org/I204983213,Harbin Institute of Technology,True,8332,3,1,8332,0,0
https://openalex.org/I205092303,Institut d'Etudes Politiques de Paris,True,2702,9,1,2702,0,0
https://openalex.org/I205143321,Osaka Medical and Pharmaceutical University,True,3956,1,1,3956,0,0
https://openalex.org/I205156485,Rohde & Schwarz (Germany),True,4736,1,2,4736;5125,0,0
https://openalex.org/I205237279,Nankai University,True,8055,3,1,8055,0,0
https://openalex.org/I205274468,Trinity College Dublin,True,415,1,1,415,0,0
https://openalex.org/I205401836,National Institute for Materials Science,True,,2,1,5129,1,0
https://openalex.org/I205490536,Dongguk University,True,94,7,2,2894;94,0,0
https://openalex.org/I205640436,Curtin University,True,360,2,1,360,0,0
https://openalex.org/I205703379,Institut Mines-Télécom,True,2702,71,13,2304;2702;2993;3200;3353;3541;3628;3718;4426;58;789;824;954,6,0
https://openalex.org/I205747304,Institut National Polytechnique de Toulouse,True,2304,33,1,2304,0,0
https://openalex.org/I205783295,Cornell University,True,,14,2,7123;7244,10,0
https://openalex.org/I20581793,University of Kent,True,5726,1,1,5726,0,0
https://openalex.org/I205823427,Kyowa Kirin (Japan),True,5129,4,4,154;2702;5129;7165,1,0
https://openalex.org/I205984670,Czech University of Life Sciences Prague,True,535,1,1,535,0,0
https://openalex.org/I206945453,Paderborn University,True,3144,1,1,3144,1,0
https://openalex.org/I207123951,New Mexico Institute of Mining and Technology,True,,1,0,,2,0
https://openalex.org/I207623266,Kao Corporation (Japan),True,5129,3,4,3297;4523;5129;6790,0,0
https://openalex.org/I207624831,Slovak Academy of Sciences,True,163,68,2,163;892,4,0
https://openalex.org/I207766952,CACI International (United States),True,7068,1,2,5288;7068,0,0
https://openalex.org/I208215962,Université Paul-Valéry Montpellier,True,3541,1,1,3541,0,0
https://openalex.org/I208333798,University of Missouri–St. Louis,True,6192,1,1,6192,0,0
https://openalex.org/I208446575,ICLEI - Local Governments for Sustainability,True,1064,4,5,1064;189;2435;2626;5332,0,0
https://openalex.org/I21028721,Eulji University,True,1782,5,2,1782;94,0,0
https://openalex.org/I210300861,Newman University,True,3799,1,2,3799;4925,0,0
https://openalex.org/I21067949,Adolfo Ibáñez University,True,2072,1,1,2072,0,0
https://openalex.org/I211433327,Ministry of Natural Resources,True,7704,8,5,10286;7704;8055;9092;9309,0,0
https://openalex.org/I21160419,Ansys (United States),True,7020,4,5,2360;2702;4460;4736;7020,0,0
https://openalex.org/I21193070,Beijing Jiaotong University,True,7704,1,1,7704,0,0
https://openalex.org/I212119943,University of Victoria,True,28,5,1,28,1,0
https://openalex.org/I21250087,Charles University,True,535,19,3,1177;1286;535,0,0
https://openalex.org/I21256249,Tashkent University of Information Technology,True,2481,1,2,1981;2481,0,0
https://openalex.org/I21449261,Masaryk University,True,1177,15,3,1177;1286;535,0,0
https://openalex.org/I21491767,Aix-Marseille Université,True,3911,138,10,1507;1589;2702;3340;3718;3759;3911;3948;4158;4426,1,0
https://openalex.org/I215048945,Norfolk and Suffolk NHS Foundation Trust,True,5770,6,4,5695;5741;5770;5796,0,0
https://openalex.org/I21740220,Centro Internacional de Mejoramiento de Maíz Y Trigo,True,5006,4,5,2171;3705;5006;5821;7466,0,0
https://openalex.org/I21803372,University of Évora,True,,13,2,1118;143,12,0
https://openalex.org/I21862455,Central and North West London NHS Foundation Trust,True,5288,4,2,5087;5288,0,0
https://openalex.org/I219193219,Purdue University West Lafayette,True,6713,3,3,6541;6713;6720,0,0
https://openalex.org/I219826191,Universidade do Estado de Minas Gerais,True,6870,1,1,6870,0,0
https://openalex.org/I220619192,Valeo (France),True,2702,7,4,2702;3093;5129;6567,4,0
https://openalex.org/I22138158,Ferring Pharmaceuticals (Switzerland),True,215,8,9,1427;215;2702;3942;5288;535;537;6442;687,0,0
https://openalex.org/I22248866,AgroParisTech,True,2702,27,6,2702;3353;3495;3541;4192;4558,1,0
https://openalex.org/I22299242,Kyoto University,True,3956,18,3,3956;4367;4532,1,0
https://openalex.org/I223532165,University of Utah,True,4881,3,3,1642;4881;5349,1,0
https://openalex.org/I223822909,Heidelberg University,True,3041,4,1,3041,0,0
https://openalex.org/I22465464,University of Münster,True,1761,1,1,1761,0,0
https://openalex.org/I2250650973,Samsung (South Korea),True,94,24,17,10097;1255;1479;1769;2835;2988;3093;3222;419;5129;5288;5349;6567;7244;9099;94;9963,0,0
https://openalex.org/I2250955327,Huawei Technologies (China),True,9725,9,9,1445;2626;2702;3222;4736;5000;5543;815;9725,0,0
https://openalex.org/I2251713219,NTT (Japan),True,5129,4,4,1255;1600;4736;5129,0,0
https://openalex.org/I2252096349,Fujitsu (Japan),True,5129,4,5,1255;1445;4736;5129;5288,0,0
https://openalex.org/I225661044,Barts Health NHS Trust,True,5288,7,1,5288,0,0
https://openalex.org/I226431899,West Bengal University of Health Sciences,True,10452,7,2,10360;10452,0,0
https://openalex.org/I227486990,University of Szeged,True,1080,1,1,1080,0,0
https://openalex.org/I2277624104,Fondazione Bruno Kessler,True,2891,10,1,2891,0,0
https://openalex.org/I2279609970,Université de Lille,True,3200,85,4,1294;2441;2702;3200,0,0
https://openalex.org/I228664971,National University of General San Martín,True,4215,3,1,4215,2,0
https://openalex.org/I230495080,University of Limerick,True,,1,1,415,1,0
https://openalex.org/I230744626,Adventist HealthCare,True,7068,6,2,2345;7068,0,0
https://openalex.org/I233171062,Federal Ministry of Health,True,6502,2,1,6502,0,0
https://openalex.org/I233209018,University of Abou Bekr Belkaïd,True,539,1,1,539,0,0
https://openalex.org/I23625684,Saskatchewan Health Authority,True,1751,4,1,1751,1,0
https://openalex.org/I23732399,Montana State University,True,,2,0,,3,0
https://openalex.org/I23821868,American Public University System,True,,1,0,,2,0
https://openalex.org/I23874457,Health Resources and Services Administration,True,7068,1,2,5853;7068,0,0
https://openalex.org/I23923803,University of Exeter,True,1854,2,1,1854,0,0
https://openalex.org/I240042149,Abdelmalek Essaâdi University,True,3594,1,2,3315;3594,0,0
https://openalex.org/I240202130,Cumbria Northumberland Tyne and Wear NHS Foundation Trust,True,4227,7,2,4227;5796,0,0
https://openalex.org/I24062138,Konkuk University,True,94,2,2,1694;94,0,0
https://openalex.org/I24101674,ConocoPhillips (United States),True,5511,4,5,1276;146;3949;433;5511,0,0
https://openalex.org/I241749,University of Cambridge,True,5550,22,4,154;4159;5550;7347,0,0
https://openalex.org/I24185976,Sichuan University,True,5723,5,1,5723,0,0
https://openalex.org/I24193003,Ricoh (Japan),True,5129,1,2,5129;7177,0,0
https://openalex.org/I242486142,Windesheim University of Applied Sciences,True,2842,2,3,1956;2842;3269,0,0
https://openalex.org/I242743682,Florey Institute of Neuroscience and Mental Health,True,1266,1,1,1266,0,0
https://openalex.org/I24354313,Universidad de Buenos Aires,True,4215,39,1,4215,1,0
https://openalex.org/I243754102,Universidade Federal do Ceará,True,7226,1,1,7226,0,0
https://openalex.org/I24541011,Soonchunhyang University,True,94,4,3,1206;2316;94,0,0
https://openalex.org/I245417339,Vodafone (Germany),True,815,1,2,536;815,0,0
https://openalex.org/I24542750,Khyber Medical University,True,3270,1,1,3270,0,0
https://openalex.org/I24571045,University of North Dakota,True,,2,0,,3,0
https://openalex.org/I24603500,University of Massachusetts Amherst,True,7307,2,1,7307,0,0
https://openalex.org/I24715933,University of Reunion Island,True,468,9,3,2702;3541;468,1,0
https://openalex.org/I24768866,Bulgarian Academy of Sciences,True,15,43,3,15;368;927,0,0
https://openalex.org/I248621492,Ministry of Livestock and Fisheries,True,3280,1,1,3280,0,0
https://openalex.org/I24906876,Institut Agro Montpellier,True,3541,19,1,3541,0,0
https://openalex.org/I24943067,Fudan University,True,10097,9,4,10097;9701;9711;9871,0,0
https://openalex.org/I249726346,Royal Australasian College of Physicians,True,1830,1,1,1830,0,0
https://openalex.org/I250383648,Izmir Kâtip Çelebi University,True,633,1,1,633,0,0
https://openalex.org/I251424209,Universitat de Girona,True,4621,1,1,4621,0,0
https://openalex.org/I25169866,Universidade Católica Portuguesa,True,310,20,3,1003;1228;310,1,0
https://openalex.org/I25254941,Beijing Normal University,True,7704,2,1,7704,0,0
https://openalex.org/I2534966,Patna University,True,10017,1,1,10017,0,0
https://openalex.org/I25399158,Mahidol University,True,1894,6,4,1894;273;4435;572,0,0
https://openalex.org/I254029264,European University Viadrina,True,,1,0,,2,0
https://openalex.org/I2540865,Institut Français,True,2702,1,2,2702;4946,0,0
https://openalex.org/I254181534,ZF Friedrichshafen (Germany),True,,2,2,1269;5129,1,0
https://openalex.org/I25485817,University of Applied Sciences St Pölten,True,,1,0,,2,0
https://openalex.org/I255234318,Universidad de Zaragoza,True,3982,10,2,3147;3982,0,0
https://openalex.org/I257179599,Baker Hughes (United States),True,5511,4,4,1276;298;5288;5511,1,0
https://openalex.org/I25757504,China University of Mining and Technology,True,9008,2,2,7704;9008,0,0
https://openalex.org/I25974101,University of Würzburg,True,4153,3,2,4153;4649,0,0
https://openalex.org/I260719752,Scotland's Rural College,True,2305,4,3,2011;2305;2884,2,0
https://openalex.org/I26092322,Stellenbosch University,True,645,2,2,189;645,0,0
https://openalex.org/I2609998029,National Radio Astronomy Observatory,True,,1,1,5349,1,0
https://openalex.org/I2610724,Chemnitz University of Technology,True,4971,1,1,4971,0,0
https://openalex.org/I263303288,Basildon and Thurrock University Hospitals NHS Foundation Trust,True,5679,3,2,5288;5679,0,0
https://openalex.org/I263417816,The Russian Presidential Academy of National Economy and Public Administration,True,2262,1,2,2262;750,0,0
https://openalex.org/I26359584,Council of Agriculture,True,1141,5,3,1141;1815;1897,0,0
https://openalex.org/I265217849,IFP Énergies nouvelles,True,2702,1,1,2702,0,0
https://openalex.org/I268975460,Universitätsklinikum Gießen und Marburg,True,3246,2,1,3246,0,0
https://openalex.org/I271893122,National Health and Family Planning Commission,True,7704,4,2,7704;8989,0,0
https://openalex.org/I27357992,Dalian University of Technology,True,8973,5,1,8973,1,0
https://openalex.org/I273727760,Heart and Stroke Foundation,True,2626,1,2,2626;3485,0,0
https://openalex.org/I2738502077,Nokia (Finland),True,687,21,20,10097;1160;1427;1600;1830;2626;2702;310;3147;3343;3580;415;4736;5288;5543;596;687;7244;7704;790,0,0
https://openalex.org/I2738703131,Commissariat à l'Énergie Atomique et aux Énergies Alternatives,True,2702,132,13,1397;1680;2304;2507;2639;2702;3793;3948;3984;4054;4124;4360;4426,9,0
https://openalex.org/I2746051580,Université Paris Sciences et Lettres,True,2702,144,12,1294;1680;2304;2702;2938;3541;3718;3798;3948;4192;4278;4426,3,0
https://openalex.org/I27494661,National Research Foundation of Korea,True,1782,5,4,1287;1782;9099;94,0,0
https://openalex.org/I2750212522,Cold Spring Harbor Laboratory,True,7244,1,1,7244,0,0
https://openalex.org/I275542036,Metallurgical Corporation of China (China),True,7704,5,5,5723;7094;7578;7704;8989,0,0
https://openalex.org/I27577105,University College Cork,True,259,3,2,259;415,0,0
https://openalex.org/I276601970,Zoetis (United States),True,7244,3,4,1269;3485;4867;7244,0,0
https://openalex.org/I277688954,Université Paris-Saclay,True,2702,265,11,1397;2702;3353;3485;3495;3541;3628;3718;4088;4192;4558,1,0
https://openalex.org/I277853755,Sumitomo Precision Products (Japan),True,3956,1,2,2626;3956,0,0
https://openalex.org/I27804330,Brown University,True,7312,1,1,7312,0,0
https://openalex.org/I27826396,Vattenfall (Sweden),True,1445,3,4,1445;4946;5288;537,0,0
https://openalex.org/I27837315,University of Michigan,True,6929,9,1,6929,1,0
https://openalex.org/I2799272705,Aintree University Hospitals NHS Foundation Trust,True,2374,1,1,2374,0,0
https://openalex.org/I2799279586,Velindre NHS Trust,True,2086,1,1,2086,0,0
https://openalex.org/I2799321762,WuXi AppTec (China),True,10097,1,2,10097;7165,0,0
https://openalex.org/I2799323385,Board of the Swiss Federal Institutes of Technology,True,1479,115,6,1479;154;1752;215;29;3754,1,0
https://openalex.org/I2799334681,Ludwig Boltzmann Gesellschaft,True,790,26,3,199;654;790,0,0
https://openalex.org/I2799334686,Australian and New Zealand College of Anaesthetists,True,1266,1,1,1266,0,0
https://openalex.org/I2799337515,Toronto Western Hospital,True,2626,3,1,2626,0,0
https://openalex.org/I2799340341,National Museum,True,535,1,1,535,0,0
https://openalex.org/I2799342587,Erlanger Health System,True,,1,0,,2,0
https://openalex.org/I2799343972,University Hospitals of Cleveland,True,6990,10,2,6990;6996,0,0
https://openalex.org/I2799351866,Government of India,True,7466,185,42,10142;10243;10285;10354;10375;10452;10496;10499;10505;10526;10533;3357;5324;5991;6016;6162;6781;6825;7163;7466;7499;7581;7607;7617;7631;7839;7841;7851;7957;8144;8148;8258;8722;8848;8896;8900;8952;9045;9099;9157;9850;9906,7,0
https://openalex.org/I2799356940,University Corporation for Atmospheric Research,True,5332,10,1,5332,0,0
https://openalex.org/I2799360765,Thomas Jefferson University Hospital,True,7165,2,1,7165,0,0
https://openalex.org/I2799379113,Royal Commission for Jubail and Yanbu,True,472,1,1,472,0,0
https://openalex.org/I2799390153,Leeds Teaching Hospitals NHS Trust,True,4159,7,1,4159,0,0
https://openalex.org/I2799391451,University Hospital Bonn,True,1064,2,1,1064,0,0
https://openalex.org/I2799450551,Flathead Valley Community College,True,,1,0,,2,0
https://openalex.org/I2799471739,Naval Undersea Warfare Center,True,7312,2,2,4510;7312,0,0
https://openalex.org/I2799475292,Vancouver Hospital and Health Sciences Centre,True,375,2,1,375,0,0
https://openalex.org/I2799477489,Royal Cornwall Hospital Trust,True,,4,0,,5,0
https://openalex.org/I2799486974,China Geological Survey,True,7704,2,3,7704;9309;9711,0,0
https://openalex.org/I2799497666,NHS Ayrshire and Arran,True,689,4,1,689,0,0
https://openalex.org/I2799506148,Government of Western Australia,True,360,53,5,1468;198;360;7;789,1,0
https://openalex.org/I2799517759,"Japanese Red Cross Society, Japan",True,5129,32,20,2648;3882;3919;3956;3991;4165;4199;4367;4433;4532;4565;4598;4772;4822;4872;5005;5129;5309;568;708,2,0
https://openalex.org/I2799533583,Biochemical Society,True,5288,1,1,5288,0,0
https://openalex.org/I2799535048,Centre National d'Études Spatiales,True,2702,18,8,2304;2639;2702;3200;3541;3718;3911;954,1,0
https://openalex.org/I2799540639,Canadian Mental Health Association,True,3343,1,2,2220;3343,0,0
https://openalex.org/I2799542006,North East London NHS Foundation Trust,True,5288,4,1,5288,0,0
https://openalex.org/I2799567181,Princeton Plasma Physics Laboratory,True,7165,1,1,7165,0,0
https://openalex.org/I2799567697,Vidant Health,True,7002,3,1,7002,2,0
https://openalex.org/I2799572201,Avera Health,True,6071,2,1,6071,0,0
https://openalex.org/I2799582683,Sussex Partnership NHS Foundation Trust,True,5406,4,3,5288;5406;5582,0,0
https://openalex.org/I2799614505,University of Perpetual Help System DALTA,True,2845,1,1,2845,0,0
https://openalex.org/I2799614521,"Royal Botanic Gardens, Kew",True,5288,1,1,5288,0,0
https://openalex.org/I2799628689,University of Louisiana System,True,5853,8,4,5750;5817;5841;5853,5,0
https://openalex.org/I2799630439,Sandwell & West Birmingham Hospitals NHS Trust,True,3799,4,1,3799,0,0
https://openalex.org/I2799648416,AdventHealth Orlando,True,6487,1,1,6487,0,0
https://openalex.org/I2799662587,Gendarmerie Nationale,True,2702,2,2,2702;2938,0,0
https://openalex.org/I2799668677,Region Zealand,True,537,9,1,537,6,0
https://openalex.org/I2799681489,Ministère des Armées,True,2702,11,4,2304;2702;2938;3718,0,0
https://openalex.org/I2799693246,Biotechnology and Biological Sciences Research Council,True,4125,10,6,2305;4125;5288;5356;5550;5770,1,0
https://openalex.org/I2799712144,Fairbanks North Star Borough School District,True,,1,0,,2,0
https://openalex.org/I2799716896,Sydney College of Divinity,True,1830,1,1,1830,0,0
https://openalex.org/I2799730521,Greater London Authority,True,5288,3,1,5288,0,0
https://openalex.org/I2799732068,Royal Prince Alfred Hospital,True,1830,1,1,1830,0,0
https://openalex.org/I2799732796,Government of Romania,True,2114,5,1,2114,0,0
https://openalex.org/I2799740997,Royal Perth Hospital,True,360,1,1,360,0,0
https://openalex.org/I2799746221,University of Divinity,True,1266,1,2,1266;1830,0,0
https://openalex.org/I2799747612,Xunta de Galicia,True,,2,1,1069,2,0
https://openalex.org/I2799765794,University of Virginia Health System,True,,3,0,,4,0
https://openalex.org/I2799779261,Kent County Council,True,5288,1,2,5288;5711,0,0
https://openalex.org/I2799781006,Government of Northern Ireland,True,242,1,1,242,0,0
https://openalex.org/I2799784675,University Hospitals of the Ruhr-University of Bochum,True,536,13,3,1926;2818;536,5,0
https://openalex.org/I2799786008,Glenn Research Center,True,6990,5,1,6990,0,0
https://openalex.org/I2799786270,Hillingdon Hospitals NHS Foundation Trust,True,5288,2,1,5288,0,0
https://openalex.org/I2799797123,Canadian Armed Forces,True,3343,3,1,3343,0,0
https://openalex.org/I2799798094,UCLA Health,True,1642,4,1,1642,0,0
https://openalex.org/I2799803557,Barcelona Supercomputing Center,True,4523,1,1,4523,0,0
https://openalex.org/I2799808293,Academy of Science of Turkmenistan,True,1138,10,3,1138;1248;1351,0,0
https://openalex.org/I2799829267,Simula Research Laboratory,True,596,4,2,131;596,0,0
https://openalex.org/I2799838188,Toronto Rehabilitation Institute,True,2626,2,1,2626,0,0
https://openalex.org/I2799838410,Palácio Nacional da Ajuda,True,310,1,1,310,1,0
https://openalex.org/I2799843588,Inter-American Institute,True,906,1,2,740;906,0,0
https://openalex.org/I2799845751,Government of Ghana,True,2940,1,1,2940,0,0
https://openalex.org/I2799850029,Dongguan University of Technology,True,9718,1,1,9718,0,0
https://openalex.org/I2799853436,Johns Hopkins Medicine,True,7123,12,4,3691;6237;7068;7123,1,0
https://openalex.org/I2799853801,Sussex Community NHS Foundation Trust,True,5406,8,4,5125;5288;5406;5566,0,0
https://openalex.org/I2799859618,Association of African Universities,True,2940,1,1,2940,1,0
https://openalex.org/I2799865230,Green Cross (South Korea),True,94,1,2,5059;94,0,0
https://openalex.org/I2799869770,Chelsea and Westminster Hospital NHS Foundation Trust,True,5288,2,1,5288,0,0
https://openalex.org/I2799884508,Kantonsspital St. Gallen,True,1918,1,1,1918,0,0
https://openalex.org/I2799886695,Veterans Health Administration,True,7068,218,91,1255;1642;182;1980;2204;308;3522;3652;4038;4211;4278;4444;4510;4576;4756;4881;4914;5138;5229;5281;5332;5463;5479;5511;5543;5705;5765;5791;5829;5865;5901;5913;5949;5961;5985;6047;6071;6107;6119;6143;6180;6192;6237;6292;6312;6350;6368;6415;6433;6442;6451;6487;6630;6654;6678;6720;6741;6748;6769;6790;6809;6833;6845;6857;6875;6911;6923;6929;6942;6948;6966;6990;7020;7032;7044;7050;7068;7123;7141;7165;7177;7183;7207;7244;7256;7277;7292;7307;7312;7347;7367,46,0
https://openalex.org/I2799890334,Transport for London,True,5288,1,1,5288,0,0
https://openalex.org/I2799894082,Franciscan Health,True,6821,3,3,6654;6720;6821,0,0
https://openalex.org/I2799903593,Georgetown University Medical Center,True,7068,1,1,7068,0,0
https://openalex.org/I2799905417,UW Health University Hospital,True,6678,1,1,6678,0,0
https://openalex.org/I2799922383,Geophysical Survey,True,2040,1,1,2040,0,0
https://openalex.org/I2799928679,North Carolina Department of Natural and Cultural Resources,True,6942,2,1,6942,0,0
https://openalex.org/I2799929512,Princess Royal University Hospital,True,5288,1,1,5288,0,0
https://openalex.org/I2799945731,West Suffolk NHS Foundation Trust,True,,1,0,,2,0
https://openalex.org/I2799969541,The Art Institutes,True,7020,12,12,4143;4444;4510;5332;5511;6433;6451;6654;7020;7135;7244;7347,0,0
https://openalex.org/I2799970807,Severance Hospital,True,94,2,2,2246;94,0,0
https://openalex.org/I2799976261,Aalborg University Hospital,True,46,1,2,229;46,0,0
https://openalex.org/I2799978770,X-Fab (Germany),True,4388,1,2,4388;5193,0,0
https://openalex.org/I2799980853,Korea University Medical Center,True,94,3,1,94,0,0
https://openalex.org/I2800004676,Observatoire de Paris,True,2702,14,1,2702,1,0
https://openalex.org/I2800006345,Leiden University Medical Center,True,296,2,1,296,0,0
https://openalex.org/I2800016486,North Carolina Community College System,True,6942,10,3,6851;6893;6942,7,0
https://openalex.org/I2800027884,Israel Atomic Energy Commission,True,419,3,3,1507;262;419,1,0
https://openalex.org/I2800036501,Royal Brompton & Harefield NHS Foundation Trust,True,5288,4,1,5288,0,0
https://openalex.org/I2800043709,Hull and East Yorkshire Hospitals NHS Trust,True,5422,2,1,5422,0,0
https://openalex.org/I2800057246,Hellenic Ministry of Rural Development and Food,True,959,1,1,959,0,0
https://openalex.org/I2800087592,Liverpool Heart and Chest Hospital NHS Trust,True,2374,1,1,2374,0,0
https://openalex.org/I2800093905,"Bundesministerium für Forschung, Technologie und Raumfahrt",True,1064,2,3,1064;2940;7466,0,0
https://openalex.org/I2800098698,Tata Memorial Hospital,True,7163,2,2,7163;9562,0,0
https://openalex.org/I2800102766,Idaho National Laboratory,True,5156,2,2,5156;7068,0,0
https://openalex.org/I2800115762,University Hospitals of North Midlands NHS Trust,True,3719,2,2,3719;3875,0,0
https://openalex.org/I2800129641,Great Ormond Street Hospital,True,5288,1,1,5288,0,0
https://openalex.org/I2800136903,County Durham and Darlington NHS Foundation Trust,True,4427,8,3,4227;4427;4740,1,0
https://openalex.org/I2800139495,Science for Life Laboratory,True,1445,1,2,1445;893,0,0
https://openalex.org/I2800147912,Nuclear Energy Agency,True,2702,2,2,2702;790,0,0
https://openalex.org/I2800154431,Keck Hospital of USC,True,1642,1,1,1642,0,0
https://openalex.org/I2800157170,Sherwood Forest Hospitals NHS Foundation Trust,True,4767,4,2,4767;5322,0,0
https://openalex.org/I2800182745,Government of Ethiopia,True,5821,1,1,5821,0,0
https://openalex.org/I2800195862,Bangladesh Centre for Advanced Studies,True,3705,1,1,3705,0,0
https://openalex.org/I2800201399,NHS Greater Glasgow and Clyde,True,955,12,2,547;955,0,0
https://openalex.org/I2800212897,Gobierno del Principado de Asturias,True,2231,2,1,2231,2,0
https://openalex.org/I2800235667,Kurchatov Institute,True,2262,2,2,2262;3793,1,0
https://openalex.org/I2800250139,Defense Health Agency,True,7068,15,11,182;2204;2546;4199;4510;5229;6022;6574;6911;7050;7068,1,0
https://openalex.org/I2800262456,"Swiss Federal Institute for Forest, Snow and Landscape Research",True,1479,2,1,1479,1,0
https://openalex.org/I2800263200,Government of Ireland,True,415,40,3,259;415;80,25,0
https://openalex.org/I2800277939,Government of South Australia,True,789,12,1,789,1,0
https://openalex.org/I2800285241,Institut Agro Rennes-Angers,True,824,10,3,1496;398;824,0,0
https://openalex.org/I2800288755,Southend University Hospital NHS Foundation Trust,True,5679,2,2,5288;5679,0,0
https://openalex.org/I2800305746,Cabell Huntington Hospital,True,,1,0,,2,0
https://openalex.org/I2800326109,Detroit Medical Center,True,6948,5,1,6948,0,0
https://openalex.org/I2800326226,Givaudan (Switzerland),True,29,3,4,2702;29;296;624,0,0
https://openalex.org/I2800327333,Government of Malaysia,True,1322,3,1,1322,0,0
https://openalex.org/I2800333337,San Francisco Fire Department,True,1255,1,1,1255,1,0
https://openalex.org/I2800348288,San Diego Community College District,True,2204,3,1,2204,0,0
https://openalex.org/I2800349819,Great Ormond Street Hospital for Children NHS Foundation Trust,True,5288,3,2,5288;6790,0,0
https://openalex.org/I2800351701,HUN-REN Szegedi Biológiai Kutatóközpont,True,1080,4,1,1080,0,0
https://openalex.org/I2800365227,Paris-Est Sup,True,2702,2,1,2702,0,0
https://openalex.org/I2800369878,LIGO Scientific Collaboration,True,1642,1,1,1642,0,0
https://openalex.org/I2800371493,Norfolk and Norwich University Hospitals NHS Foundation Trust,True,5770,2,1,5770,1,0
https://openalex.org/I2800372957,China Electronics Technology Group Corporation,True,7704,2,2,10078;7704,0,0
https://openalex.org/I2800374234,Basque Government,True,3583,7,2,3539;3583,0,0
https://openalex.org/I2800375139,Luton and Dunstable University Hospital NHS Foundation Trust,True,5356,1,1,5356,0,0
https://openalex.org/I2800386880,Military Health System,True,7068,17,11,182;2204;2546;4199;4510;5229;6022;6574;6911;7050;7068,1,0
https://openalex.org/I2800387288,European Commission,True,1269,56,21,103;1160;1269;1326;1427;1793;2008;2647;2659;2702;296;2988;3041;3093;3147;3157;3718;3793;3869;4558;790,2,0
https://openalex.org/I2800394112,Helsinki University Hospital,True,687,8,1,687,0,0
https://openalex.org/I2800400464,Universidad Autónoma de Nayarit,True,2587,1,1,2587,1,0
https://openalex.org/I2800401362,Government of Andhra Pradesh,True,,1,1,9608,1,0
https://openalex.org/I2800409699,California Department of Conservation,True,3652,1,1,3652,0,0
https://openalex.org/I2800419965,Center for the Advancement of Science in Space,True,6566,1,2,6541;6566,0,0
https://openalex.org/I2800438416,Baptist Health System,True,5229,1,1,5229,0,0
https://openalex.org/I2800443534,Rural Development Administration,True,2098,2,1,2098,0,0
https://openalex.org/I2800446032,Rhode Island Hospital,True,7312,1,1,7312,0,0
https://openalex.org/I2800447973,University of French Guiana,True,71,3,2,3541;71,1,0
https://openalex.org/I2800464100,Birmingham Community Healthcare NHS Trust,True,3799,3,1,3799,0,0
https://openalex.org/I2800466749,Electricity Supply Board (Ireland),True,415,1,2,415;5288,0,0
https://openalex.org/I2800481633,Vestre Viken Hospital Trust,True,596,4,1,596,1,0
https://openalex.org/I2800484787,London North West Healthcare NHS Trust,True,5288,5,1,5288,0,0
https://openalex.org/I2800486126,Central Norway Regional Health Authority,True,452,1,1,452,1,0
https://openalex.org/I2800498218,Astro Space Center,True,2262,1,1,2262,0,0
https://openalex.org/I2800501823,Food and Health Bureau,True,73,1,1,73,0,0
https://openalex.org/I2800509769,Scottish Government Health and Social Care Directorates,True,2305,1,1,2305,0,0
https://openalex.org/I2800512976,"Czech Academy of Sciences, Astronomical Institute",True,535,3,1,535,2,0
https://openalex.org/I2800524328,Viavi Solutions (United States),True,1255,5,5,1255;3343;5047;805;9725,0,0
https://openalex.org/I2800538200,Flemish Government,True,1269,6,1,1269,0,0
https://openalex.org/I2800548410,United States National Library of Medicine,True,7068,1,1,7068,0,0
https://openalex.org/I2800550174,Government of Hong Kong,True,73,2,1,73,0,0
https://openalex.org/I2800555055,Centre Hospitalier Universitaire de Grenoble,True,3984,4,1,3984,0,0
https://openalex.org/I2800555584,Peter MacCallum Cancer Centre,True,1266,2,1,1266,0,0
https://openalex.org/I2800560132,Long Island Jewish Medical Center,True,7244,2,1,7244,0,0
https://openalex.org/I2800562746,Hospital Universitario La Paz,True,3147,1,1,3147,0,0
https://openalex.org/I2800573802,Presidential Executive Office,True,2262,2,1,2262,0,0
https://openalex.org/I2800578655,Osaka Gas (Japan),True,3956,1,2,3956;7244,0,0
https://openalex.org/I2800590384,McLaren Health Care,True,6960,5,3,6905;6948;6960,1,0
https://openalex.org/I2800602287,Solent NHS Trust,True,4867,2,2,3304;4867,0,0
https://openalex.org/I2800616092,White Rose University Consortium,True,5024,1,1,5024,0,0
https://openalex.org/I2800621266,West Hertfordshire Hospitals NHS Trust,True,5288,3,1,5288,0,0
https://openalex.org/I2800638415,University of Applied Sciences Potsdam,True,4946,1,1,4946,0,0
https://openalex.org/I2800643378,Biwako Gakuin University,True,4367,1,2,4367;4499,0,0
https://openalex.org/I2800649613,University of Missouri Health System,True,,2,0,,3,0
https://openalex.org/I2800655693,Lyceum of the Philippines University,True,2845,2,2,2845;3221,0,0
https://openalex.org/I2800656170,Healthcare Improvement Scotland,True,2305,1,1,2305,0,0
https://openalex.org/I2800657366,Princess Alexandra Hospital NHS Trust,True,5288,3,1,5288,0,0
https://openalex.org/I2800664555,RISE Research Institutes of Sweden,True,165,6,2,1445;165,2,0
https://openalex.org/I2800665060,Covenant Health,True,1572,4,1,1572,2,0
https://openalex.org/I2800666866,Government of Pakistan,True,5621,4,2,2034;5621,0,0
https://openalex.org/I2800670452,Bureau of Educational and Cultural Affairs,True,7068,1,1,7068,0,0
https://openalex.org/I2800683076,Government of South Africa,True,3700,17,2,3337;3700,0,0
https://openalex.org/I2800695023,St Helens and Knowsley Teaching Hospitals NHS Trust,True,2374,2,1,2374,0,0
https://openalex.org/I2800696839,Antarctica New Zealand,True,300,1,1,300,0,0
https://openalex.org/I2800697506,European Institute of Innovation and Technology,True,964,1,2,1565;964,0,0
https://openalex.org/I2800703586,Prussian Cultural Heritage Foundation,True,4946,3,1,4946,0,0
https://openalex.org/I2800717037,University of Florida Health,True,,4,0,,5,0
https://openalex.org/I2800722420,Ottawa Hospital,True,3343,2,1,3343,0,0
https://openalex.org/I2800730371,Government of Nepal,True,1525,1,1,1525,0,0
https://openalex.org/I2800731441,Government of Kerala,True,9157,1,1,9157,0,0
https://openalex.org/I2800735659,Naval Meteorology and Oceanography Command,True,,4,1,182,4,0
https://openalex.org/I2800745255,Université de Haute-Alsace,True,4393,8,3,3798;4393;4558,0,0
https://openalex.org/I2800769186,Alameda Health System,True,1255,2,1,1255,0,0
https://openalex.org/I2800775973,Dorset County Hospital NHS Foundation Trust,True,,2,0,,3,0
https://openalex.org/I2800800851,Alaska Department of Natural Resources,True,4806,1,1,4806,1,0
https://openalex.org/I2800804238,Fraunhofer Institute for Open Communication Systems,True,4946,1,1,4946,0,0
https://openalex.org/I2800817755,UPMC Central Pa,True,7129,1,1,7129,0,0
https://openalex.org/I2800821610,Government of Spain,True,3147,5,1,3147,0,0
https://openalex.org/I2800832783,Osaka Prefectural Board of Education,True,3956,11,1,3956,0,0
https://openalex.org/I2800842121,Office of Critical Minerals and Energy Innovation,True,7068,26,2,5332;7068,0,0
https://openalex.org/I2800860831,NHS Tayside,True,2884,5,1,2884,2,0
https://openalex.org/I2800861319,Texas Health Dallas,True,5543,1,1,5543,0,0
https://openalex.org/I2800863004,Culham Centre for Fusion Energy,True,4792,1,1,4792,0,0
https://openalex.org/I2800865746,Japan Aerospace Exploration Agency,True,5129,1,1,5129,0,0
https://openalex.org/I2800872281,Mulago Hospital,True,1899,2,1,1899,0,0
https://openalex.org/I2800875313,Mental Health Services,True,537,1,1,537,0,0
https://openalex.org/I2800882159,Government of Western Australia Department of Health,True,360,25,3,198;360;7,1,0
https://openalex.org/I2800888199,Bundesministerium für Verkehr,True,4946,28,13,1064;1846;2877;2988;3490;3580;3667;3942;4221;4553;4946;4996;536,10,0
https://openalex.org/I2800893096,Global University Systems,True,5288,2,2,4328;5288,0,0
https://openalex.org/I2800909037,Nevada Department of Health and Human Services,True,,1,0,,2,0
https://openalex.org/I2800921988,Institut Pasteur de Lille,True,3200,13,1,3200,0,0
https://openalex.org/I2800925808,London Health Sciences Centre,True,2220,5,1,2220,0,0
https://openalex.org/I2800933101,South Essex Partnership University Foundation NHS Trust,True,5356,1,2,5356;5679,0,0
https://openalex.org/I2800935791,UC San Diego Health System,True,2204,2,1,2204,0,0
https://openalex.org/I2800951516,Worcestershire Acute Hospitals NHS Trust,True,4020,3,3,3760;3799;4020,0,0
https://openalex.org/I2800952698,Saudi Aramco Medical Services Organization,True,3691,1,1,3691,0,0
https://openalex.org/I2800957949,United States Congress,True,7068,1,1,7068,0,0
https://openalex.org/I2800991832,Dutch Research Council,True,296,18,5,1427;1793;2254;2659;296,2,0
https://openalex.org/I2801009177,Northumbria Healthcare NHS Foundation Trust,True,4227,8,1,4227,2,0
https://openalex.org/I2801020569,Homes England,True,5288,1,2,3912;5288,0,0
https://openalex.org/I2801024494,HCA Healthcare,True,6350,3,4,6350;6442;6574;6630,0,0
https://openalex.org/I2801035235,Southern New Hampshire Medical Center,True,7357,1,1,7357,0,0
https://openalex.org/I2801037857,Government of Victoria,True,1266,18,1,1266,2,0
https://openalex.org/I2801041560,Manchester City Council,True,3304,1,1,3304,0,0
https://openalex.org/I2801043613,Firmenich (Switzerland),True,29,2,2,29;7165,1,0
https://openalex.org/I2801047287,Indian Council of Social Science Research,True,7466,6,5,7466;9045;9099;9157;9850,0,0
https://openalex.org/I2801049993,Norwegian Cancer Society,True,596,1,1,596,0,0
https://openalex.org/I2801056593,Naval Air Systems Command,True,,5,2,6487;7165,4,0
https://openalex.org/I2801080794,Government of Thailand,True,1894,8,1,1894,0,0
https://openalex.org/I2801103358,Birmingham City Council,True,3799,1,1,3799,0,0
https://openalex.org/I2801112126,University Hospital of Bern,True,805,2,1,805,0,0
https://openalex.org/I2801112325,Sahlgrenska University Hospital,True,165,1,1,165,0,0
https://openalex.org/I2801120396,Boeing (Australia),True,2355,1,2,1266;2355,0,0
https://openalex.org/I2801134892,Novo Nordisk Foundation,True,537,19,14,1479;3093;310;3343;3881;4510;4767;5006;5129;5288;537;687;6942;9099,0,0
https://openalex.org/I2801148111,McLean Hospital,True,7347,1,1,7347,0,0
https://openalex.org/I2801153603,East London NHS Foundation Trust,True,5288,1,2,5288;5373,0,0
https://openalex.org/I2801155571,Bishop Grosseteste University,True,5322,1,2,5288;5322,0,0
https://openalex.org/I2801196673,St George’s University Hospitals NHS Foundation Trust,True,5288,2,1,5288,0,0
https://openalex.org/I2801200668,Federal Government of Brazil,True,5465,40,11,4483;5300;5465;6023;6323;6567;665;6870;6961;7303;7418,2,0
https://openalex.org/I2801205178,Pennsylvania Department of Conservation and Natural Resources,True,7129,1,2,7129;7302,0,0
https://openalex.org/I2801210312,Pennsylvania Department of Human Services,True,7129,1,1,7129,1,0
https://openalex.org/I2801227970,Buckinghamshire Healthcare NHS Trust,True,5288,8,3,5087;5106;5288,0,0
https://openalex.org/I2801240073,University Medical Center Freiburg,True,2435,3,1,2435,0,0
https://openalex.org/I2801244131,Queensland Government,True,2355,44,7,1266;1991;2066;2141;2286;2355;2622,3,0
https://openalex.org/I2801247003,United Nations Economic and Social Council,True,7244,82,53,1064;11;1296;1322;1338;1385;170;1846;1894;2072;2203;2207;2262;2295;2352;2583;2702;2713;2884;29;310;3226;359;3793;3981;4164;431;433;4426;4523;46;4686;4792;4897;5006;5129;5291;552;5773;5821;6529;6604;7244;750;758;7704;790;805;83;85;8891;906;94,6,0
https://openalex.org/I2801247514,European Association for the Study of Diabetes,True,815,1,1,815,0,0
https://openalex.org/I2801249761,Fortum (Finland),True,687,1,1,687,1,0
https://openalex.org/I2801260548,Finnish Defence Forces,True,687,1,1,687,1,0
https://openalex.org/I2801269068,Scottish Government,True,2305,6,3,2011;2305;955,0,0
https://openalex.org/I2801270593,Cleveland Metroparks Zoo,True,6990,1,1,6990,0,0
https://openalex.org/I2801278523,Resources For The Future,True,7068,1,2,1600;7068,0,0
https://openalex.org/I2801287017,Aixtron (Germany),True,44,1,2,44;5550,0,0
https://openalex.org/I2801313885,Ministero della Salute,True,3881,2,1,3881,0,0
https://openalex.org/I2801316944,Cancer Research UK,True,5288,10,7,2305;3304;3799;4792;5288;5550;955,0,0
https://openalex.org/I2801317318,Hospital for Sick Children,True,2626,1,1,2626,0,0
https://openalex.org/I2801318690,Fundación Universitaria San Pablo CEU,True,3147,4,4,2008;3147;4156;4523,0,0
https://openalex.org/I2801323708,Ljubljana University Medical Centre,True,164,1,1,164,0,0
https://openalex.org/I2801338522,Financial Services Commission,True,94,1,2,3057;94,0,0
https://openalex.org/I2801339556,Government of the Republic of Korea,True,94,112,15,1206;1287;1415;1604;1782;1867;2098;2246;2453;2651;2775;2835;3057;9099;94,8,0
https://openalex.org/I2801342202,Hertfordshire Partnership University NHS Foundation Trust,True,5288,1,2,5288;5770,0,0
https://openalex.org/I2801345734,China Academy of Engineering Physics,True,5963,4,2,5963;7704,0,0
https://openalex.org/I2801351115,Government of New South Wales,True,1830,32,3,1562;1830;2286,6,0
https://openalex.org/I2801357902,Instituto de Salud Carlos III,True,3147,23,2,3147;4523,0,0
https://openalex.org/I2801380234,University of South-Eastern Norway,True,,2,0,,3,0
https://openalex.org/I2801380292,"Deutsches Archäologisches Institut, Zentrale",True,4946,10,9,1064;1637;3093;3147;3881;3981;4736;4946;959,0,0
https://openalex.org/I2801396971,Ministry of SMEs and Startups,True,1604,3,3,1604;1782;2651,0,0
https://openalex.org/I2801398864,Saxion,True,3269,1,1,3269,0,0
https://openalex.org/I2801402630,Seoul Metropolitan Government,True,94,2,1,94,0,0
https://openalex.org/I2801420703,Holland Bloorview Kids Rehabilitation Hospital,True,2626,1,1,2626,0,0
https://openalex.org/I2801424531,Government of West Bengal,True,10452,1,1,10452,0,0
https://openalex.org/I2801431299,Russian Federal Space Agency,True,2262,2,1,2262,0,0
https://openalex.org/I2801443577,NHS Lanarkshire,True,955,3,1,955,0,0
https://openalex.org/I2801444876,Royal Berkshire NHS Foundation Trust,True,5047,4,1,5047,0,0
https://openalex.org/I2801453606,Australian Government,True,1468,147,13,1266;1369;1468;1562;1830;1912;2066;2141;2355;360;510;789;920,2,0
https://openalex.org/I2801459352,Center for Jewish History,True,7244,1,1,7244,0,0
https://openalex.org/I2801460408,Brooklyn Public Library,True,7244,1,1,7244,0,0
https://openalex.org/I2801466683,Shaikh Khalifa Medical City,True,195,1,1,195,0,0
https://openalex.org/I2801477186,Federal Government of Nigeria,True,6502,10,6,3810;6502;6529;6768;7301;865,0,0
https://openalex.org/I2801479539,California Natural Resources Agency,True,3652,8,2,2204;3652,0,0
https://openalex.org/I2801496451,German Primate Center,True,4083,1,1,4083,0,0
https://openalex.org/I2801498763,Odense University Hospital,True,389,2,1,389,2,0
https://openalex.org/I2801502357,Southern Illinois University System,True,,3,2,6192;6341,2,0
https://openalex.org/I2801509770,Institut National des Sciences Appliquées de Strasbourg,True,4558,1,1,4558,0,0
https://openalex.org/I2801523276,Belgian Federal Science Policy Office,True,1269,1,1,1269,0,0
https://openalex.org/I2801533059,German Center for Neurodegenerative Diseases,True,1064,1,2,1064;4996,0,0
https://openalex.org/I2801537753,Eppendorf (Germany),True,1064,1,2,1064;1565,0,0
https://openalex.org/I2801539370,Harris Health System,True,5511,5,1,5511,0,0
https://openalex.org/I2801551368,Movember Foundation,True,1266,1,2,1266;1642,0,0
https://openalex.org/I2801559191,New South Wales Department of Primary Industries,True,,2,1,1830,2,0
https://openalex.org/I2801564582,European External Action Service,True,1269,2,3,1091;1269;550,0,0
https://openalex.org/I2801565596,Berkshire Healthcare NHS Foundation Trust,True,5125,3,3,5047;5125;5288,0,0
https://openalex.org/I2801580383,SSM Health Care,True,6192,3,1,6192,0,0
https://openalex.org/I2801582665,United States Agency for International Development,True,7068,1,1,7068,0,0
https://openalex.org/I2801607017,North Staffordshire Combined Healthcare NHS Trust,True,3719,1,1,3719,0,0
https://openalex.org/I2801612157,Hennepin County Library,True,6433,1,1,6433,0,0
https://openalex.org/I2801626668,AREA Science Park,True,4164,3,1,4164,1,0
https://openalex.org/I2801633153,Isle of Wight NHS Trust,True,,1,0,,2,0
https://openalex.org/I2801636071,Kingston Hospital NHS Trust,True,5288,2,1,5288,0,0
https://openalex.org/I2801658355,Office National d'Études et de Recherches Aérospatiales,True,2702,11,3,2304;2702;3200,0,0
https://openalex.org/I2801659999,Nuclear Threat Initiative,True,7068,1,2,5621;7068,0,0
https://openalex.org/I2801663869,Newcastle upon Tyne Hospitals NHS Foundation Trust,True,4227,6,1,4227,0,0
https://openalex.org/I2801668426,Ospedale di Circolo e Fondazione Macchi,True,1600,1,1,1600,0,0
https://openalex.org/I2801673036,Chambre de Commerce et d'industrie de Paris,True,2702,3,1,2702,0,0
https://openalex.org/I2801673063,Kyungpook National University Hospital,True,2453,2,1,2453,0,0
https://openalex.org/I2801702882,WZB Berlin Social Science Center,True,4946,1,1,4946,0,0
https://openalex.org/I2801702922,Oslo Stock Exchange,True,596,1,2,131;596,0,0
https://openalex.org/I2801711128,Swedish Museum of Natural History,True,1445,2,1,1445,0,0
https://openalex.org/I2801752549,Biomedical Research Council,True,154,10,1,154,0,0
https://openalex.org/I2801758885,Federal Department of Home Affairs,True,805,2,2,805;935,0,0
https://openalex.org/I2801762138,Straumann (Switzerland),True,935,1,2,165;935,0,0
https://openalex.org/I2801766832,McGill University Health Centre,True,3485,4,1,3485,0,0
https://openalex.org/I2801798921,Helmholtz-Zentrum Dresden-Rossendorf,True,4996,3,1,4996,2,0
https://openalex.org/I2801802255,Administration for Community Living,True,7068,1,1,7068,0,0
https://openalex.org/I2801810276,Tanzania Commission for Science and Technology,True,3280,5,2,2968;3280,0,0
https://openalex.org/I2801818860,Office of Nuclear Energy,True,7068,18,2,5156;7068,0,0
https://openalex.org/I2801824472,Jewish General Hospital,True,3485,1,1,3485,0,0
https://openalex.org/I2801825082,Centre Hospitalier Universitaire de Sherbrooke,True,3709,2,1,3709,0,0
https://openalex.org/I2801836817,Portuguese Military Academy,True,310,1,1,310,0,0
https://openalex.org/I2801841909,Portuguese Army,True,310,2,1,310,0,0
https://openalex.org/I2801843802,Institut Gustave Roussy,True,2702,12,1,2702,0,0
https://openalex.org/I2801845744,Toronto General Hospital,True,2626,1,1,2626,0,0
https://openalex.org/I2801870732,Government of the Czech Republic,True,535,1,2,1389;535,0,0
https://openalex.org/I2801872989,"Federal Department of Defence, Civil Protection and Sports",True,805,1,1,805,0,0
https://openalex.org/I2801875454,Husqvarna (Sweden),True,1445,2,2,1445;4427,1,0
https://openalex.org/I2801876189,Deutsches Elektronen-Synchrotron DESY,True,3793,5,1,3793,2,0
https://openalex.org/I2801884048,Government of Extremadura,True,1494,1,1,1494,1,0
https://openalex.org/I2801887405,Community Colleges of Spokane,True,5138,1,1,5138,0,0
https://openalex.org/I2801901939,Birmingham and Solihull Mental Health NHS Foundation Trust,True,3799,1,1,3799,0,0
https://openalex.org/I2801902503,Gouvernement du Québec,True,,23,3,3485;3709;3789,2,0
https://openalex.org/I2801923502,Government of Hungary,True,964,9,1,964,0,0
https://openalex.org/I2801935854,SLAC National Accelerator Laboratory,True,1255,5,1,1255,1,0
https://openalex.org/I2801939835,Region Stockholm,True,1445,2,1,1445,0,0
https://openalex.org/I2801952686,Erasmus MC,True,296,8,1,296,0,0
https://openalex.org/I2801954517,Dudley Group NHS Foundation Trust,True,3799,3,1,3799,0,0
https://openalex.org/I2801959050,Indian Air Force,True,7466,1,2,7466;9099,0,0
https://openalex.org/I2801963157,"Bundesministerium für Landwirtschaft, Ernährung und Heimat",True,1064,10,5,1064;2988;3667;4288;4946,3,0
https://openalex.org/I2801970007,Turku University Hospital,True,56,1,1,56,0,0
https://openalex.org/I2801979204,Geological Survey of Denmark and Greenland,True,537,1,1,537,0,0
https://openalex.org/I2801987317,VA Office of Research and Development,True,7068,2,1,7068,1,0
https://openalex.org/I2801994115,European Space Agency,True,2702,7,7,1064;2702;296;3147;3297;3881;4792,1,0
https://openalex.org/I2801997990,Japan Meteorological Agency,True,5129,2,2,4598;5129,1,0
https://openalex.org/I2802002022,Paralyzed Veterans of America,True,7068,2,3,2204;6990;7068,0,0
https://openalex.org/I2802014819,Government of Gujarat,True,5991,2,1,5991,0,0
https://openalex.org/I2802017950,Vlaams Instituut voor Biotechnologie,True,657,13,4,1160;1269;1565;657,0,0
https://openalex.org/I2802050225,Bellvitge University Hospital,True,4523,1,1,4523,0,0
https://openalex.org/I2802071077,Multiple Sclerosis International Federation,True,5288,1,1,5288,0,0
https://openalex.org/I2802073232,Southern Health NHS Foundation Trust,True,4867,12,4,3912;4867;5000;5125,0,0
https://openalex.org/I2802073567,Government of New Zealand,True,454,1,1,454,0,0
https://openalex.org/I2802080466,South Carolina Technical College System,True,6809,14,3,6809;6833;6851,11,0
https://openalex.org/I2802101015,Robert Bosch Stiftung,True,3580,3,1,3580,0,0
https://openalex.org/I2802109268,Aneurin Bevan University Health Board,True,2086,9,1,2086,1,0
https://openalex.org/I2802113776,Hellenic Air Force,True,959,1,1,959,0,0
https://openalex.org/I2802115235,Vermont Agency of Human Services,True,,1,0,,2,0
https://openalex.org/I2802148964,Istituto Nazionale di Alta Matematica Francesco Severi,True,3881,5,1,3881,0,0
https://openalex.org/I2802152183,Novant Health,True,6893,5,3,6047;6851;6893,0,0
https://openalex.org/I2802160682,Welsh Government,True,2086,1,1,2086,1,0
https://openalex.org/I2802164966,University Hospital Heidelberg,True,3041,10,1,3041,0,0
https://openalex.org/I2802166871,Universidad Católica del Norte,True,377,1,2,377;806,0,0
https://openalex.org/I2802170299,Carlsberg Foundation,True,537,2,1,537,0,0
https://openalex.org/I2802171185,Oxford Health NHS Foundation Trust,True,4792,8,2,4792;5047,1,0
https://openalex.org/I2802194831,Samsung Medical Center,True,94,4,2,2835;94,0,0
https://openalex.org/I2802200126,Ocean Networks Canada Society,True,28,1,1,28,0,0
https://openalex.org/I2802204017,Université de Bretagne Sud,True,240,44,4,1496;240;58;824,3,0
https://openalex.org/I2802207099,European Incoherent Scatter Scientific Association,True,,1,0,,2,0
https://openalex.org/I2802209371,Zimbabwe Ezekiel Guti University,True,2062,1,1,2062,0,0
https://openalex.org/I2802216821,Atomic Energy Council,True,1141,1,1,1141,0,0
https://openalex.org/I2802223155,Naval Information Warfare Systems Command,True,2204,5,3,2204;6833;7068,0,0
https://openalex.org/I2802229882,Centre Hospitalier Universitaire Vaudois,True,215,9,1,215,0,0
https://openalex.org/I2802229908,Paul Scherrer Institute,True,1479,2,1,1479,0,0
https://openalex.org/I2802232723,Colorado Community College System,True,5332,13,3,5264;5315;5332,6,0
https://openalex.org/I2802239252,Sinovac Biotech,True,7704,1,1,7704,0,0
https://openalex.org/I2802258051,Miami Valley Hospital,True,6845,1,1,6845,0,0
https://openalex.org/I2802266942,Gloucestershire Hospitals NHS Foundation Trust,True,3586,4,1,3586,0,0
https://openalex.org/I2802286613,Government of Canada,True,3343,51,16,1053;1478;1751;1837;1996;2220;2560;28;3343;3485;3618;3709;375;3789;3902;7068,9,0
https://openalex.org/I2802287952,Naval Surface Warfare Center,True,7068,8,5,1031;1642;6095;7068;7165,2,0
https://openalex.org/I2802300007,United Food and Commercial Workers,True,7068,1,2,6996;7068,0,0
https://openalex.org/I2802307166,Horizon Health Network,True,,3,1,3827,3,0
https://openalex.org/I2802328216,Vienna General Hospital,True,790,1,1,790,0,0
https://openalex.org/I2802335433,Aarhus University Hospital,True,229,2,1,229,0,0
https://openalex.org/I2802336062,Harborview Medical Center,True,4510,1,1,4510,0,0
https://openalex.org/I2802342089,"Royal University of Agriculture, Cambodia",True,976,1,1,976,0,0
https://openalex.org/I2802349782,Office of the Assistant Secretary for Health,True,7068,1,1,7068,0,0
https://openalex.org/I2802351361,Centre Hospitalier Universitaire Sainte-Justine,True,3485,1,1,3485,0,0
https://openalex.org/I2802362820,Air Education and Training Command,True,5229,4,3,5229;6143;6845,0,0
https://openalex.org/I2802373619,Government of the United Kingdom,True,5288,62,18,1072;242;3099;3304;3586;3912;4125;4159;4328;4460;4767;4792;4867;5024;5047;5087;5288;5809,1,0
https://openalex.org/I2802381302,Nottinghamshire Healthcare NHS Foundation Trust,True,4767,4,3,4159;4767;5322,0,0
https://openalex.org/I2802388300,Burton Hospitals NHS Foundation Trust,True,4193,1,2,4193;4261,0,0
https://openalex.org/I2802394193,Nova Scotia Health Authority,True,3865,7,1,3865,2,0
https://openalex.org/I2802397601,University of Maine System,True,,11,1,7377,10,0
https://openalex.org/I2802404790,Barnsley Hospital NHS Foundation Trust,True,4159,1,1,4159,0,0
https://openalex.org/I2802406416,Military Sealift Command,True,7068,2,2,6192;7068,0,0
https://openalex.org/I2802412784,Banner Health,True,4211,17,3,4211;5415;5447,3,0
https://openalex.org/I2802417501,Renown Health,True,4038,3,1,4038,0,0
https://openalex.org/I2802421775,John F. Kennedy Center for the Performing Arts,True,7068,1,1,7068,0,0
https://openalex.org/I2802429745,NGK Insulators (Japan),True,4532,2,3,3093;3304;4532,0,0
https://openalex.org/I2802436875,Station Biologique de Roscoff,True,,2,0,,3,0
https://openalex.org/I2802437833,Baycrest Hospital,True,2626,1,1,2626,0,0
https://openalex.org/I2802439933,Eastern Iowa Community College,True,6377,2,1,6377,1,0
https://openalex.org/I2802445252,University Hospitals of Leicester NHS Trust,True,4925,10,4,4328;4817;4925;5236,0,0
https://openalex.org/I2802464121,IQE (United Kingdom),True,2086,1,2,2086;7195,0,0
https://openalex.org/I2802466933,Cambridge University Hospitals NHS Foundation Trust,True,5550,8,1,5550,1,0
https://openalex.org/I2802487185,Université du littoral côte d'opale,True,2764,8,4,2441;2573;2764;3200,0,0
https://openalex.org/I2802488147,School of Advanced Study,True,5288,11,1,5288,0,0
https://openalex.org/I2802499594,Swedish Research Council,True,1445,2,2,1445;3793,1,0
https://openalex.org/I2802505300,École Supérieure d'Ingénieurs en Génie Électrique,True,2159,1,1,2159,0,0
https://openalex.org/I2802505932,China Aerodynamics Research and Development Center,True,5963,1,1,5963,0,0
https://openalex.org/I2802512917,Credit Valley Hospital,True,2626,1,1,2626,0,0
https://openalex.org/I2802515739,Studsvik (Sweden),True,,1,1,3793,1,0
https://openalex.org/I2802518537,Epsom and St Helier University Hospitals NHS Trust,True,5288,4,1,5288,0,0
https://openalex.org/I2802519937,Institut de Recherche en Informatique et Systèmes Aléatoires,True,824,28,1,824,1,0
https://openalex.org/I2802531770,Government of Japan,True,5129,1,1,5129,0,0
https://openalex.org/I2802531901,Millennium Science Initiative,True,2072,3,2,1480;2072,0,0
https://openalex.org/I2802534935,Merseburg University of Applied Sciences,True,4708,1,1,4708,0,0
https://openalex.org/I2802541053,Academy of Military Medical Sciences,True,7704,4,1,7704,0,0
https://openalex.org/I2802549117,TD Bank Group,True,2626,1,1,2626,0,0
https://openalex.org/I2802567020,Copenhagen University Hospital,True,537,18,2,46;537,3,0
https://openalex.org/I2802581893,United States Army Medical Research and Development Command,True,7098,10,8,1894;2171;4510;5229;7068;7098;7337;826,0,0
https://openalex.org/I2802592688,Kirin (Japan),True,5129,1,2,1642;5129,0,0
https://openalex.org/I2802598605,Harrogate and District NHS Foundation Trust,True,4526,2,1,4526,0,0
https://openalex.org/I2802600346,Hudson Institute of Medical Research,True,1266,1,1,1266,0,0
https://openalex.org/I2802615301,China Aerospace Science and Technology Corporation,True,7704,3,2,10097;7704,0,0
https://openalex.org/I2802624667,Hefei Institutes of Physical Science,True,9459,8,2,9459;9701,0,0
https://openalex.org/I2802626578,Oxford University Press (United Kingdom),True,4792,1,2,4792;935,0,0
https://openalex.org/I2802635041,Technische Informationsbibliothek (TIB),True,3667,1,1,3667,0,0
https://openalex.org/I2802635630,University Hospital Galway,True,80,1,1,80,0,0
https://openalex.org/I2802641067,Leverhulme Trust,True,5288,1,2,4460;5288,0,0
https://openalex.org/I2802647933,"Ministério do Desenvolvimento, Indústria e Comércio Exterior",True,5465,2,2,5465;6961,0,0
https://openalex.org/I2802660513,Brain Tumour Charity,True,5125,1,1,5125,0,0
https://openalex.org/I2802661869,UnityPoint Health,True,6119,9,6,6119;6302;6322;6377;6406;6678,0,0
https://openalex.org/I2802662748,JPS Health Network,True,5543,1,1,5543,0,0
https://openalex.org/I2802663916,Maharashtra Institute of Medical Science and Research,True,8465,1,1,8465,0,0
https://openalex.org/I2802665030,CHI Health,True,5985,14,2,5937;5985,5,0
https://openalex.org/I2802685132,Government of Newfoundland and Labrador,True,3902,3,1,3902,0,0
https://openalex.org/I2802688450,Silent Spring Institute,True,7347,1,2,7312;7347,0,0
https://openalex.org/I2802697327,Senckenberg - Leibniz Institution for Biodiversity and Earth System Research,True,3093,8,4,3093;3869;4618;4996,3,0
https://openalex.org/I2802705189,University Hospitals Coventry and Warwickshire NHS Trust,True,4328,2,2,4328;4817,0,0
https://openalex.org/I2802705668,United States Army Combat Capabilities Development Command,True,,10,6,6248;6942;6948;7068;7244;7337,4,0
https://openalex.org/I2802709434,Rigshospitalet,True,537,2,1,537,0,0
https://openalex.org/I2802722262,Bibliotheca Alexandrina,True,233,1,2,233;3981,0,0
https://openalex.org/I2802726858,East Kent Hospitals University NHS Foundation Trust,True,5726,5,4,5711;5726;5756;5783,0,0
https://openalex.org/I2802729160,Royal Liverpool and Broadgreen University Hospital NHS Trust,True,2374,4,1,2374,0,0
https://openalex.org/I2802749333,Naval Air Warfare Center Weapons Division,True,,1,0,,2,0
https://openalex.org/I2802755631,Morgan Stanley (United States),True,7244,1,2,5288;7244,0,0
https://openalex.org/I2802789157,Saint Vincent Health System,True,7044,1,1,7044,0,0
https://openalex.org/I2802797007,Catholic Health Initiatives,True,5332,36,6,4510;4699;5332;5937;5985;7123,6,0
https://openalex.org/I2802798279,Leonardo (Italy),True,3881,7,7,1600;3353;3644;3881;4426;5288;7068,0,0
https://openalex.org/I2802814961,Royal Swedish Academy of Agriculture and Forestry,True,1445,1,1,1445,0,0
https://openalex.org/I2802818602,Gouvernement de la République française,True,2702,187,45,1091;126;1294;1397;1507;153;1545;1657;1834;1853;2085;209;2233;2304;2431;2702;2938;3200;3353;3541;3718;3759;3798;3911;3948;3981;3984;4054;4088;4124;4215;429;431;4360;4426;4558;468;4792;5006;58;5821;811;824;954;9834,5,0
https://openalex.org/I2802827176,Dignity Health,True,1255,17,7,1255;1642;345;3652;4143;4211;775,0,0
https://openalex.org/I2802828525,Generalitat Valenciana,True,4156,6,2,4122;4156,0,0
https://openalex.org/I2802828768,Frimley Health NHS Foundation Trust,True,5125,3,2,5125;5288,0,0
https://openalex.org/I2802835388,Seoul National University Hospital,True,94,6,1,94,0,0
https://openalex.org/I2802841409,Norwegian Armed Forces,True,131,1,2,131;596,0,0
https://openalex.org/I2802841970,The Ohio State University Wexner Medical Center,True,6887,1,1,6887,0,0
https://openalex.org/I2802851750,Health Sciences North,True,,2,0,,3,0
https://openalex.org/I2802853861,Norfolk County Council,True,5770,1,1,5770,0,0
https://openalex.org/I2802870671,Energias de Portugal (Portugal),True,310,1,1,310,0,0
https://openalex.org/I2802882910,West Virginia University Hospitals,True,,1,1,7068,1,0
https://openalex.org/I2802886945,Ministero dell'Economia e delle Finanze,True,3881,2,1,3881,0,0
https://openalex.org/I2802934949,Radboud University Medical Center,True,2659,1,1,2659,0,0
https://openalex.org/I2802939634,Chinese PLA General Hospital,True,7704,1,1,7704,0,0
https://openalex.org/I2802964274,Interface (United States),True,,1,1,4159,1,0
https://openalex.org/I2802965805,University Hospital Southampton NHS Foundation Trust,True,4867,10,1,4867,0,0
https://openalex.org/I2802977208,Royal Hobart Hospital,True,510,1,1,510,0,0
https://openalex.org/I2802982682,Sandip Foundation,True,7499,2,1,7499,0,0
https://openalex.org/I2802992173,NOAA Oceanic and Atmospheric Research,True,7068,59,23,1642;182;2204;4510;5332;5527;5705;5853;5949;6442;6541;6678;6755;6833;6887;6929;7044;7050;7068;7165;7244;7312;7347,13,0
https://openalex.org/I2802998804,Los Angeles Community College District,True,1642,7,1,1642,0,0
https://openalex.org/I2803006953,Los Rios Community College District,True,3652,2,1,3652,0,0
https://openalex.org/I2803014381,Calderdale and Huddersfield NHS Foundation Trust,True,4159,3,1,4159,0,0
https://openalex.org/I2803037235,NHS Fife,True,2160,5,2,2160;2884,0,0
https://openalex.org/I2803039483,North Shore Medical Center,True,7347,1,2,4378;7347,0,0
https://openalex.org/I2803040662,United Lincolnshire Hospitals NHS Trust,True,5322,4,2,5322;5518,2,0
https://openalex.org/I2803041249,Yosemite Community College District,True,3025,2,1,3025,1,0
https://openalex.org/I2803059816,Alzheimer Society of Canada,True,2626,2,3,2626;3343;375,0,0
https://openalex.org/I2803060773,Pakistan Science Foundation,True,5621,2,1,5621,1,0
https://openalex.org/I2803066834,Fondazione IRCCS Ca' Granda Ospedale Maggiore Policlinico,True,1600,1,1,1600,0,0
https://openalex.org/I2803075746,Chesterfield Royal Hospital NHS Foundation Trust,True,4460,1,1,4460,0,0
https://openalex.org/I2803096283,University of Health Sciences Lahore,True,6458,1,2,6422;6458,0,0
https://openalex.org/I2803097592,Hospital of Southern Norway,True,,2,0,,3,0
https://openalex.org/I2803097894,Christus Health,True,5543,10,5,5229;5247;5543;5750;5765,4,0
https://openalex.org/I280385510,Leeds and York Partnership NHS Foundation Trust,True,4159,2,1,4159,0,0
https://openalex.org/I28046988,Kwame Nkrumah University of Science and Technology,True,1296,3,3,1296;2940;3253,0,0
https://openalex.org/I2808169635,Gedeon Richter (Hungary),True,964,1,2,310;964,0,0
https://openalex.org/I28166907,Karolinska Institutet,True,1445,3,2,1445;73,0,0
https://openalex.org/I28185974,Maccabi Healthcare Services,True,419,1,1,419,0,0
https://openalex.org/I28221208,Institut National des Sciences Appliquées de Rennes,True,824,34,1,824,2,0
https://openalex.org/I28304128,Alcoa (United States),True,7244,5,6,3485;360;3799;596;7244;815,0,0
https://openalex.org/I28334184,The University of Arizona Global Campus,True,2204,1,2,2204;5332,0,0
https://openalex.org/I28407311,University of Manchester,True,3304,6,2,3304;5550,0,0
https://openalex.org/I286135121,Rajiv Gandhi University of Health Sciences,True,9099,6,3,8527;8984;9099,0,0
https://openalex.org/I2867226977,New Jersey Economic Development Authority,True,7165,1,1,7165,0,0
https://openalex.org/I286970279,South Tees Hospitals NHS Foundation Trust,True,4740,8,2,4427;4740,2,0
https://openalex.org/I28710699,Hellenic Mediterranean University,True,1298,2,1,1298,1,0
https://openalex.org/I28721439,U.S. Energy Information Administration,True,7068,2,1,7068,0,0
https://openalex.org/I28792581,University of Rochester Medicine,True,7183,3,1,7183,0,0
https://openalex.org/I28806726,Acorda Therapeutics (United States),True,7244,2,3,1479;56;7244,0,0
https://openalex.org/I288496929,Narayana Health,True,9099,4,3,10452;7163;9099,0,0
https://openalex.org/I2891076039,Federal Government of Mexico,True,5006,1,1,5006,0,0
https://openalex.org/I2898336195,The Netherlands Cancer Institute,True,1427,1,1,1427,0,0
https://openalex.org/I2898391981,Deutsches Zentrum für Luft- und Raumfahrt e. V. (DLR),True,1064,1,2,1064;4996,0,0
https://openalex.org/I2905213637,TomTom (Netherlands),True,1427,2,3,1427;4014;657,0,0
https://openalex.org/I29078338,Istituto Nazionale di Geofisica e Vulcanologia,True,3881,12,7,1600;2647;3157;3881;4232;4333;4658,1,0
https://openalex.org/I2912593390,HCA Midwest Division,True,5961,1,1,5961,0,0
https://openalex.org/I291384039,Open International University of Human Development Ukraine,True,2203,1,2,2129;2203,0,0
https://openalex.org/I291386647,Belarusian State University,True,799,2,2,799;8973,0,0
https://openalex.org/I293158433,Airedale NHS Foundation Trust,True,4159,2,1,4159,1,0
https://openalex.org/I2935922141,Universal Technical Institute,True,4211,2,3,4211;5543;6654,0,0
https://openalex.org/I2948394018,Northrop Grumman (United States),True,7068,8,6,131;1642;2435;2702;5288;7068,0,0
https://openalex.org/I2948482138,Fujifilm (Japan),True,5129,5,6,296;5129;5373;7244;815;94,0,0
https://openalex.org/I2948539688,AbbVie (United States),True,6741,10,10,17;1830;2842;3093;310;3147;415;5129;5288;6741,1,0
https://openalex.org/I2948663404,Boston Scientific (United States),True,7337,4,5,1269;1793;23;7337;815,0,0
https://openalex.org/I2948728702,Allergan (Ireland),True,,11,11,1141;1269;215;2254;2626;2702;3093;5288;687;7244;9099,1,0
https://openalex.org/I29607241,École Normale Supérieure - PSL,True,2702,41,4,1294;2702;3541;4278,1,0
https://openalex.org/I2972652528,FHNW University of Applied Sciences and Arts Northwestern Switzerland,True,1479,1,1,1479,0,0
https://openalex.org/I2977569788,EURAMET - European Association of National Metrology Institutes,True,4288,1,1,4288,0,0
https://openalex.org/I29801172,Thomas Jefferson National Accelerator Facility,True,7050,1,1,7050,0,0
https://openalex.org/I298625061,Swedish University of Agricultural Sciences,True,1242,3,2,1242;481,1,0
https://openalex.org/I29894533,Charles Darwin University,True,,1,0,,2,0
https://openalex.org/I29920723,Moldova State University,True,282,1,1,282,0,0
https://openalex.org/I299730958,Ricardo (United Kingdom),True,5406,3,4,4736;5288;5406;955,0,0
https://openalex.org/I29989002,Mitel (Canada),True,3343,2,3,3343;415;5288,0,0
https://openalex.org/I300131239,Antioch University,True,6845,1,1,6845,1,0
https://openalex.org/I3005474124,San Mateo County Community College District,True,1255,1,1,1255,0,0
https://openalex.org/I3017690349,National University of the Northeast,True,3289,2,2,3187;3289,0,0
https://openalex.org/I3017910207,Natural Resources Institute Finland,True,687,1,1,687,1,0
https://openalex.org/I3017942884,Institut de Mathématiques de Jussieu-Paris Rive Gauche,True,2702,1,1,2702,0,0
https://openalex.org/I3018075036,Sanofi (France),True,2702,25,25,10097;1255;1269;1600;1637;1830;2702;29;296;3093;310;3485;4215;4523;5006;5129;5288;535;6567;687;7163;7244;790;94;964,0,0
https://openalex.org/I3018134672,Helmholtz Munich,True,4736,8,2,4736;4996,0,0
https://openalex.org/I3018323443,Centre Hospitalier Universitaire de Bordeaux,True,1397,8,1,1397,0,0
https://openalex.org/I3018370718,Quadram Institute,True,5770,1,1,5770,0,0
https://openalex.org/I3018483916,University Medical Center Utrecht,True,1793,1,1,1793,0,0
https://openalex.org/I3018690959,Guangzhou Institute of Geochemistry,True,9711,3,2,9100;9711,0,0
https://openalex.org/I3018718406,Centre Hospitalier Universitaire de Lille,True,3200,22,1,3200,0,0
https://openalex.org/I3018771216,LMU Klinikum,True,4736,19,1,4736,0,0
https://openalex.org/I3018988418,Centre Hospitalier Universitaire de Nice,True,4426,3,1,4426,0,0
https://openalex.org/I3019120426,China Iron and Steel Research Institute Group,True,7704,1,1,7704,0,0
https://openalex.org/I3019204325,Centre Hospitalier Universitaire de Nantes,True,954,9,1,954,0,0
https://openalex.org/I3019271933,Nicolaus Copernicus University,True,2465,2,2,1961;2465,0,0
https://openalex.org/I3019448017,Centre Hospitalier Universitaire de Toulouse,True,2304,7,1,2304,0,0
https://openalex.org/I3019593918,Maryland Department of Health,True,7123,1,2,7068;7123,0,0
https://openalex.org/I3019848993,Mines Saint-Étienne,True,3628,3,3,3353;3628;3718,0,0
https://openalex.org/I3020098449,CEA Grenoble,True,3984,2,1,3984,0,0
https://openalex.org/I3020100970,Chang Gung Memorial Hospital,True,1141,1,1,1141,0,0
https://openalex.org/I3020162681,Knorr-Bremse (Germany),True,4736,5,5,3099;3495;4736;790;814,1,0
https://openalex.org/I3020210244,Sanquin,True,1427,1,2,1427;296,0,0
https://openalex.org/I3020783763,Asus (Taiwan),True,1141,1,2,1141;7704,0,0
https://openalex.org/I302099661,University of the Arts Helsinki,True,687,3,1,687,0,0
https://openalex.org/I3045169105,Southern University of Science and Technology,True,9725,1,1,9725,0,0
https://openalex.org/I307255591,Max Healthcare,True,7466,1,1,7466,0,0
https://openalex.org/I30771326,Italian Institute of Technology,True,1309,15,10,1309;1600;2647;3106;3311;3454;3881;4333;7347;85,3,0
https://openalex.org/I3083075713,Vesuvius (United Kingdom),True,5288,3,3,5288;6541;923,1,0
https://openalex.org/I3094067312,Rusal (Russia),True,2262,1,1,2262,1,0
https://openalex.org/I3098246872,Moravian Library in Brno,True,1177,1,2,1177;535,0,0
https://openalex.org/I3121987637,Universidad Nacional del Litoral,True,3032,6,1,3032,0,0
https://openalex.org/I3122934890,Jan Evangelista Purkyně University in Ústí nad Labem,True,227,3,2,227;535,0,0
https://openalex.org/I3124059619,China University of Geosciences,True,8989,2,1,8989,0,0
https://openalex.org/I3124161356,University of South Bohemia in České Budějovice,True,678,1,2,535;678,0,0
https://openalex.org/I3124489027,Samara National Research University,True,5413,1,1,5413,0,0
https://openalex.org/I3124938446,Université Rennes 2,True,824,26,2,2010;824,0,0
https://openalex.org/I3125032317,"Universitatea de Medicină, Farmacie, Științe și Tehnologie „George Emil Palade” din Târgu Mureș",True,1336,1,1,1336,0,0
https://openalex.org/I312843336,Hampshire Hospitals NHS Foundation Trust,True,5000,3,2,4867;5000,1,0
https://openalex.org/I3129270235,Mount Stromlo Observatory,True,,1,1,1830,1,0
https://openalex.org/I3129367976,APJ Abdul Kalam Technological University,True,9157,1,2,8900;9157,0,0
https://openalex.org/I3129555431,University Hospital Regensburg,True,4813,3,1,4813,0,0
https://openalex.org/I3129709771,National University of Patagonia San Juan Bosco,True,3747,2,2,3615;3747,0,0
https://openalex.org/I3129846546,Nürtingen-Geislingen University of Applied Science,True,3580,1,1,3580,1,0
https://openalex.org/I3129902936,National University of Tierra del Fuego,True,4580,2,1,4580,0,0
https://openalex.org/I3130082100,IFMR Graduate School of Business,True,,1,0,,2,0
https://openalex.org/I313030,National University of Jujuy,True,509,1,1,509,0,0
https://openalex.org/I3130357712,Lalit Narayan Mithila University,True,10101,1,1,10101,0,0
https://openalex.org/I3130493017,Leeds City College,True,4159,1,1,4159,0,0
https://openalex.org/I3130687028,United States Department of the Navy,True,7068,92,26,1031;16;1642;182;2204;2327;3981;4333;4510;496;5229;6022;6047;6095;6192;6487;6622;6833;6845;7050;7068;7123;7129;7165;7312;976,13,0
https://openalex.org/I3130805194,Universidad Nacional del Centro de la Provincia de Buenos Aires,True,4382,2,1,4382,0,0
https://openalex.org/I3130920692,South Westphalia University of Applied Sciences,True,536,2,1,536,0,0
https://openalex.org/I3130945570,Université Bordeaux Montaigne,True,1397,13,5,1185;1397;2304;2702;4360,0,0
https://openalex.org/I3131038610,Cary Institute of Ecosystem Studies,True,,1,0,,2,0
https://openalex.org/I3131119317,Okayama Gakuin University,True,3549,1,1,3549,0,0
https://openalex.org/I3131129740,Bikaner Technical University,True,4685,1,1,4685,0,0
https://openalex.org/I3131263933,São Paulo State Technological College,True,6567,4,3,5950;6567;6728,2,0
https://openalex.org/I3131365647,Alice-Salomon-Hochschule Berlin,True,4946,1,1,4946,0,0
https://openalex.org/I3131541922,Yamazaki University of Animal Health Technology,True,5129,1,2,4532;5129,0,0
https://openalex.org/I3131897482,National University of Río Negro,True,3824,2,2,1911;3824,0,0
https://openalex.org/I3132096951,Hautes Études d'Ingénieur,True,3200,1,1,3200,0,0
https://openalex.org/I3132158377,Escola Superior de Saúde Egas Moniz,True,310,1,1,310,0,0
https://openalex.org/I3132238960,Institute of Electrical and Electronics Engineers,True,7244,7,2,7068;7244,0,0
https://openalex.org/I3132279224,Institut Supérieur de l'Électronique et du Numérique,True,3200,1,1,3200,0,0
https://openalex.org/I3132693232,Cegep regional de Lanaudiere,True,3789,1,1,3789,1,0
https://openalex.org/I3132864700,Osaka College of Music,True,3956,1,1,3956,0,0
https://openalex.org/I3133115042,TecMilenio University,True,6067,1,1,6067,1,0
https://openalex.org/I3133160195,Instituto Superior de Gestão,True,310,1,1,310,0,0
https://openalex.org/I3139952251,Department of Defence,True,1266,3,3,1266;1468;2355,0,0
https://openalex.org/I3141573830,Department of Biotechnology,True,7466,5,5,10142;10452;10533;7466;9099,0,0
https://openalex.org/I3141673221,Ministerul Sanatatii,True,2114,1,1,2114,0,0
https://openalex.org/I31419693,Kyungpook National University,True,2453,4,1,2453,0,0
https://openalex.org/I3142235180,Department of Agriculture and Rural Development,True,242,1,1,242,0,0
https://openalex.org/I3143240863,Department of Environment and Natural Resources,True,4802,1,2,2845;4802,0,0
https://openalex.org/I3144123604,Department for Transport,True,5288,3,4,1072;3099;4867;5288,0,0
https://openalex.org/I3145373656,"Department of Science,Technology and Innovation",True,3700,1,1,3700,0,0
https://openalex.org/I3146092004,Department of the Prime Minister and Cabinet,True,1468,2,1,1468,1,0
https://openalex.org/I3148377317,Department of Space,True,9099,6,3,7581;9045;9099,1,0
https://openalex.org/I3149292468,Department of Atomic Energy,True,7163,17,8,10452;5991;7163;7617;7839;9045;9099;9906,0,0
https://openalex.org/I3149551504,Department of Health and Aged Care,True,1468,10,3,1266;1468;1830,0,0
https://openalex.org/I31512782,Technische Universität Darmstadt,True,3297,3,1,3297,0,0
https://openalex.org/I315174041,Ricardo AEA (United Kingdom),True,5288,2,3,4736;5288;955,0,0
https://openalex.org/I315704651,Leibniz Association,True,4946,112,29,1064;1287;2435;2501;2877;2988;3041;3093;3667;3793;3869;3942;4083;4288;44;4421;4454;4553;4586;4618;4708;4736;4788;4813;4946;4996;536;815;945,12,0
https://openalex.org/I31591830,Sumitomo Dainippon Pharma (Japan),True,3956,1,2,3956;7337,0,0
https://openalex.org/I31595395,Chengdu University of Technology,True,5723,1,1,5723,0,0
https://openalex.org/I31669788,"Independent University, Bangladesh",True,3705,1,1,3705,0,0
https://openalex.org/I31746571,UNSW Sydney,True,1830,10,3,1468;1830;510,0,0
https://openalex.org/I31944674,Universidad de Costa Rica,True,224,2,1,224,0,0
https://openalex.org/I31959934,Nasarawa State University,True,6838,1,1,6838,1,0
https://openalex.org/I32021983,Christian-Albrechts-Universität zu Kiel,True,3942,3,1,3942,0,0
https://openalex.org/I3203470602,Service de Santé des Armées,True,4088,1,2,3911;4088,0,0
https://openalex.org/I3206020590,ProQuest (United States),True,6929,1,2,5550;6929,0,0
https://openalex.org/I32062511,Heriot-Watt University,True,2305,2,1,2305,0,0
https://openalex.org/I320755355,Children's of Alabama,True,6180,2,1,6180,0,0
https://openalex.org/I32366509,Silesian University in Opava,True,,1,1,535,1,0
https://openalex.org/I32375777,Northern Health and Social Care Trust,True,242,1,1,242,0,0
https://openalex.org/I32597200,Ghent University,True,657,7,3,1269;657;94,0,0
https://openalex.org/I32625721,University of Saskatchewan,True,1751,3,1,1751,0,0
https://openalex.org/I32881790,Université de Poitiers,True,2010,39,4,2010;2233;2702;824,0,0
https://openalex.org/I32923980,Xilinx (United States),True,1255,2,3,1255;3485;415,0,0
https://openalex.org/I32956416,Université catholique de l'ouest,True,1496,3,4,1496;1933;2010;824,0,0
https://openalex.org/I32971472,Yale University,True,7277,5,4,5288;6654;7244;7277,0,0
https://openalex.org/I331567899,Ministry of Infrastructure and Water Management,True,296,4,2,1793;296,0,0
https://openalex.org/I33213144,University of Florida,True,,6,2,6215;6442,5,0
https://openalex.org/I33585257,"Anna University, Chennai",True,9850,3,4,9069;9165;9544;9850,0,0
https://openalex.org/I336106212,College of Family Physicians of Canada,True,2626,1,2,1572;2626,0,0
https://openalex.org/I33849332,University of Malaya,True,1322,1,1,1322,0,0
https://openalex.org/I34276124,Outokumpu (Finland),True,687,2,2,4460;687,1,0
https://openalex.org/I34352273,Maastricht University,True,2593,3,1,2593,0,0
https://openalex.org/I34770199,Bureau Veritas (France),True,2702,2,3,1266;1600;2702,0,0
https://openalex.org/I34771391,University of Cyprus,True,187,2,1,187,0,0
https://openalex.org/I34809795,Medizinische Hochschule Hannover,True,3667,3,2,3667;3793,0,0
https://openalex.org/I348769827,Public Health England,True,5288,2,2,4792;5288,0,0
https://openalex.org/I34931013,National Institute for Health and Care Research,True,5288,52,14,1854;2374;3099;3304;3719;3799;4159;4227;4767;4792;4867;4925;5288;5550,0,0
https://openalex.org/I34942010,University of Kinshasa,True,1385,1,1,1385,0,0
https://openalex.org/I35345632,Institut de Recherche et Coordination Acoustique Musique,True,2702,1,1,2702,0,0
https://openalex.org/I354071399,Mindanao State University,True,4693,3,1,4693,3,0
https://openalex.org/I354108,Minjiang University,True,10328,1,1,10328,0,0
https://openalex.org/I35440088,ETH Zurich,True,1479,105,5,1479;154;1752;29;3754,0,0
https://openalex.org/I35570632,Ørsted (Denmark),True,,1,1,298,1,0
https://openalex.org/I35662394,GlobalFoundries (United States),True,1255,4,4,1255;154;4996;5288,1,0
https://openalex.org/I35777872,North Carolina Agricultural and Technical State University,True,6899,1,2,6899;6942,0,0
https://openalex.org/I35845393,University of Gafsa,True,632,2,1,632,1,0
https://openalex.org/I35928602,Kyung Hee University,True,94,6,1,94,0,0
https://openalex.org/I35953669,National University of General Sarmiento,True,4215,2,1,4215,0,0
https://openalex.org/I36053171,"California State University, Chico",True,3931,1,1,3931,1,0
https://openalex.org/I36169673,Alstom (France),True,2702,9,10,1269;1445;1479;2702;3147;3222;3343;3580;5288;7302,0,0
https://openalex.org/I36234482,University of Bristol,True,3099,5,2,3099;4159,0,0
https://openalex.org/I36243813,Universidad Nacional de Colombia,True,4048,1,1,4048,0,0
https://openalex.org/I36258959,University of California San Diego,True,2204,11,1,2204,0,0
https://openalex.org/I36344538,Albany Molecular Research (United States),True,7292,2,2,154;7292,1,0
https://openalex.org/I36399199,Nanjing University of Science and Technology,True,9701,1,1,9701,0,0
https://openalex.org/I36522303,Universität Greifswald,True,,1,1,4946,1,0
https://openalex.org/I36788626,California University of Pennsylvania,True,7020,2,2,7020;7044,1,0
https://openalex.org/I36940870,Olympus (Japan),True,5129,6,6,1830;296;3793;5129;5679;7195,0,0
https://openalex.org/I36943572,Middlebury Institute of International Studies at Monterey,True,496,1,1,496,0,0
https://openalex.org/I37048141,Indian Council of Medical Research,True,7466,26,18,10017;10354;10452;10528;10542;5324;5991;7163;7466;7617;7957;8052;8952;9007;9045;9099;9834;9850,0,0
https://openalex.org/I37076085,Health Service Executive,True,415,33,3,259;415;80,25,0
https://openalex.org/I37446213,Indra (Spain),True,3147,1,1,3147,0,0
https://openalex.org/I37461747,Wuhan University,True,8989,4,3,8486;8989;9963,0,0
https://openalex.org/I37553959,Université de technologie de belfort-montbéliard,True,4360,7,4,2702;3798;4054;4360,0,0
https://openalex.org/I37622773,Ghana Atomic Energy Commission,True,2940,2,1,2940,0,0
https://openalex.org/I37796252,Beijing University of Technology,True,7704,2,1,7704,0,0
https://openalex.org/I37802460,Northwest University,True,7094,2,1,7094,0,0
https://openalex.org/I37891753,Integrated Device Technology (United States),True,1255,2,2,1255;94,0,0
https://openalex.org/I39063666,University of Catania,True,4658,1,1,4658,0,0
https://openalex.org/I3923682,Soochow University,True,9963,2,2,9963;9987,0,0
https://openalex.org/I39333907,Yanshan University,True,8372,1,1,8372,0,0
https://openalex.org/I39343248,Humboldt-Universität zu Berlin,True,4946,2,1,4946,0,0
https://openalex.org/I39422238,University of Illinois Chicago,True,6654,4,4,6406;6541;6646;6654,0,0
https://openalex.org/I39481719,Institut National de la Recherche Scientifique,True,3789,1,2,3485;3789,0,0
https://openalex.org/I39565521,Office of Science,True,7068,62,12,1255;1642;2204;4781;6131;6654;6685;6905;7050;7068;7165;7244,10,0
https://openalex.org/I39586589,Swansea University,True,1072,1,1,1072,0,0
https://openalex.org/I39587148,Wichita State University,True,5791,1,1,5791,0,0
https://openalex.org/I39705031,Daegu Catholic University,True,2453,2,1,2453,0,0
https://openalex.org/I39804081,Sorbonne Université,True,2702,255,7,1294;154;2702;3541;4426;5129;94,9,0
https://openalex.org/I40034438,Universidade do Estado do Rio de Janeiro,True,6961,2,2,6961;7063,0,0
https://openalex.org/I40120149,University of Oxford,True,4792,26,12,1525;1894;273;4159;4435;4792;4897;5038;5288;572;6790;935,0,0
https://openalex.org/I402481858,Massachusetts Executive Office of Health and Human Services,True,7347,3,1,7347,0,0
https://openalex.org/I40347166,University of Chicago,True,6654,10,1,6654,0,0
https://openalex.org/I40434647,Université Paris Nanterre,True,2702,48,1,2702,0,0
https://openalex.org/I4068193,University of Belgrade,True,758,43,1,758,1,0
https://openalex.org/I4092182,Graz University of Technology,True,654,2,1,654,0,0
https://openalex.org/I41125697,AgResearch,True,300,1,2,300;598,0,0
https://openalex.org/I41154525,PTC (United States),True,7347,3,4,2360;3948;5125;7347,0,0
https://openalex.org/I41156924,Victoria University of Wellington,True,454,3,2,133;454,0,0
https://openalex.org/I41198531,Nanjing University of Posts and Telecommunications,True,9701,1,1,9701,0,0
https://openalex.org/I41343362,University of Bamako,True,586,1,2,153;586,0,0
https://openalex.org/I4141589,National University of Rosario,True,3340,7,1,3340,0,0
https://openalex.org/I41639379,Association of Research Libraries,True,7068,1,1,7068,0,0
https://openalex.org/I42066560,Barco (Belgium),True,514,4,4,2254;514;5288;596,1,0
https://openalex.org/I4210085889,Centre Hospitalier Chrétien,True,1656,2,1,1656,0,0
https://openalex.org/I4210085896,Parnassia Groep,True,296,1,1,296,0,0
https://openalex.org/I4210085902,Globeride (Japan),True,5129,1,1,5129,0,0
https://openalex.org/I4210085954,Délégation Paris-Villejuif-03,True,2702,1,1,2702,0,0
https://openalex.org/I4210086125,Dynacast (United States),True,6851,1,2,3485;6851,0,0
https://openalex.org/I4210086147,EcoSynthetix (Canada),True,2626,1,2,2626;6905,0,0
https://openalex.org/I4210086175,Ministry of Health of the Republic of Uzbekistan,True,2481,1,1,2481,0,0
https://openalex.org/I4210086186,Jiangsu Provincial Academy of Building Research (China),True,9701,1,1,9701,0,0
https://openalex.org/I4210086189,Mirion Technologies (United States),True,1980,1,1,1980,1,0
https://openalex.org/I4210086203,Upsher-Smith Laboratories (United States),True,6433,1,2,5550;6433,0,0
https://openalex.org/I4210086213,Department of Home Affairs,True,1468,1,2,1369;1468,0,0
https://openalex.org/I4210086429,Liminal BioSciences (Canada),True,3485,1,2,3485;5550,0,0
https://openalex.org/I4210086486,Zhaotong University,True,6944,2,1,6944,0,0
https://openalex.org/I4210086497,Zynga (United States),True,1255,1,2,1255;5125,0,0
https://openalex.org/I4210086519,Tata Sons (India),True,7163,13,8,1427;146;154;4328;5288;7163;7617;9099,0,0
https://openalex.org/I4210086565,North Cumbria Integrated Care NHS Foundation Trust,True,,9,1,2825,9,0
https://openalex.org/I4210086577,Sequans Communications (France),True,2702,1,2,2702;5047,0,0
https://openalex.org/I4210086670,Latécoère (France),True,2304,1,2,2304;535,0,0
https://openalex.org/I4210086682,National University System,True,2204,5,3,1980;2204;4510,1,0
https://openalex.org/I4210086713,EnerSys (United States),True,7171,2,3,1479;3304;7171,0,0
https://openalex.org/I4210086742,Takeda (Switzerland),True,1479,1,1,1479,0,0
https://openalex.org/I4210086748,Karl Storz (Germany),True,,1,0,,2,0
https://openalex.org/I4210086780,Japan Science and Technology Agency,True,5129,1,1,5129,0,0
https://openalex.org/I4210086791,Australian General Practice Accreditation Limited,True,2355,1,1,2355,1,0
https://openalex.org/I4210086828,Directorate for Biological Sciences,True,7068,5,1,7068,0,0
https://openalex.org/I4210086850,Health Research Board,True,415,1,2,415;80,0,0
https://openalex.org/I4210086903,Azienda Ospedaliera Citta' della Salute e della Scienza di Torino,True,85,1,1,85,0,0
https://openalex.org/I4210086920,"Ministry of Science, Research and Technology",True,4686,3,1,4686,0,0
https://openalex.org/I4210086933,NYU Langone Health,True,7244,6,1,7244,0,0
https://openalex.org/I4210086978,Community Mercy Health Partners,True,6845,1,2,6845;6917,0,0
https://openalex.org/I4210087018,Vectura (United Kingdom),True,5288,1,2,4736;5288,0,0
https://openalex.org/I4210087026,Executive Office of Education,True,7347,3,1,7347,0,0
https://openalex.org/I4210087072,National Academy of Agrarian Sciences of Ukraine,True,2203,20,7,1979;2203;2737;3426;3608;3780;3818,3,0
https://openalex.org/I4210087105,UK Research and Innovation,True,4125,81,22,1854;1899;2305;2374;2884;2939;3099;3793;4125;4159;4460;4767;4792;4867;4925;5288;5356;5550;5770;66;6790;955,4,0
https://openalex.org/I4210087107,Jiangsu Academy of Agricultural Sciences,True,9701,1,2,9701;9963,0,0
https://openalex.org/I4210087131,Laboratoire d'Économie Mathématique et de Microéconomie Appliquée,True,2702,1,2,2702;3200,0,0
https://openalex.org/I4210087153,Fuwai Yunnan Cardiovascular Hospital,True,7076,1,2,7076;7704,0,0
https://openalex.org/I4210087191,Klarman Family Foundation,True,7347,1,1,7347,0,0
https://openalex.org/I4210087284,St Vincent's Hospital Sydney,True,1830,1,1,1830,0,0
https://openalex.org/I4210087377,Gemalto (Netherlands),True,1427,5,6,1427;2329;2702;3580;419;4867,0,0
https://openalex.org/I4210087413,University of Colorado Health,True,5332,4,3,5315;5332;5431,1,0
https://openalex.org/I4210087445,Wienerberger (Austria),True,790,2,3,596;678;790,0,0
https://openalex.org/I4210087480,First Sensor (Germany),True,4946,1,2,3485;4946,0,0
https://openalex.org/I4210087486,Tula Foundation,True,375,1,1,375,1,0
https://openalex.org/I4210087487,Assistance Publique Hôpitaux de Marseille,True,3911,5,1,3911,0,0
https://openalex.org/I4210087540,Faurecia (France),True,2702,3,3,2702;3754;6948,1,0
https://openalex.org/I4210087556,Ente Nazionale Assistenza al Volo (Italy),True,3881,1,2,3881;4333,0,0
https://openalex.org/I4210087596,Qualcomm (United States),True,2204,2,3,2204;2626;5125,0,0
https://openalex.org/I4210087654,Ypsomed (Switzerland),True,805,1,2,2227;805,0,0
https://openalex.org/I4210087655,Octapharma (Switzerland),True,1479,4,5,1479;3304;4558;7244;790,0,0
https://openalex.org/I4210087675,State-owned Assets Supervision and Administration Commission of the State Council,True,7704,2,1,7704,0,0
https://openalex.org/I4210087680,Iberdrola (Spain),True,3539,1,2,3539;4444,0,0
https://openalex.org/I4210087687,VA New Jersey Health Care System,True,7244,1,1,7244,0,0
https://openalex.org/I4210087694,Centro Científico Tecnológico - Santa Fe,True,3032,6,1,3032,1,0
https://openalex.org/I4210087707,Government of Jiangsu Province,True,9701,5,2,9701;9963,0,0
https://openalex.org/I4210087815,Istituto Nanoscienze,True,2647,1,1,2647,0,0
https://openalex.org/I4210087817,Software (Germany),True,3297,1,2,3147;3297,0,0
https://openalex.org/I4210087821,Swiss Academy of Humanities and Social Sciences,True,805,1,2,1479;805,0,0
https://openalex.org/I4210087826,Ballard Power Systems (Canada),True,375,2,3,1064;375;7362,0,0
https://openalex.org/I4210087849,University of Rwanda,True,,1,1,1338,1,0
https://openalex.org/I4210087865,University of Chicago Medical Center,True,6654,1,1,6654,0,0
https://openalex.org/I4210087867,Tawam Hospital,True,787,1,2,195;787,0,0
https://openalex.org/I4210087895,Mondelēz International (United States),True,6654,5,6,154;2626;2877;5288;6654;7163,0,0
https://openalex.org/I4210087898,South African National Biodiversity Institute,True,3700,1,1,3700,0,0
https://openalex.org/I4210087915,Massachusetts General Hospital,True,7347,7,1,7347,0,0
https://openalex.org/I4210087919,Kuang-Chi (China),True,9725,1,1,9725,0,0
https://openalex.org/I4210087957,FORCE Technology (Denmark),True,537,2,2,452;537,0,0
https://openalex.org/I4210087977,Ministry of Environment of the Republic of Lithuania,True,853,1,1,853,0,0
https://openalex.org/I4210087978,Centre Hospitalier Universitaire de Besançon,True,4054,2,1,4054,0,0
https://openalex.org/I4210088041,Services déconcentrés d'appui à la recherche Bourgogne-Franche-Comté,True,3798,1,1,3798,0,0
https://openalex.org/I4210088051,Cupron (United States),True,7032,1,2,419;7032,0,0
https://openalex.org/I4210088061,Taro Pharmaceuticals (Israel),True,564,2,3,2626;564;7244,0,0
https://openalex.org/I4210088125,Metso (Finland),True,687,4,4,165;2072;687;7347,1,0
https://openalex.org/I4210088164,"Changchun Institute of Optics, Fine Mechanics and Physics",True,8510,3,1,8510,1,0
https://openalex.org/I4210088187,Royal BAM Group (Netherlands),True,1793,1,2,1793;5288,0,0
https://openalex.org/I4210088192,Philip Morris International (United States),True,7244,2,3,215;4736;7244,0,0
https://openalex.org/I4210088209,Schön Klinik Roseneck,True,4888,8,4,3793;4454;4736;4888,3,0
https://openalex.org/I4210088234,Servicio Navarro de Salud,True,3872,4,1,3872,0,0
https://openalex.org/I4210088332,University College Copenhagen,True,537,2,1,537,0,0
https://openalex.org/I4210088365,Max Planck Institute for Solid State Research,True,3580,2,1,3580,0,0
https://openalex.org/I4210088414,CancerCare Manitoba,True,1837,1,1,1837,0,0
https://openalex.org/I4210088426,Gachon University Gil Medical Center,True,94,1,1,94,0,0
https://openalex.org/I4210088440,Utah College of Applied Technology,True,4856,1,1,4856,1,0
https://openalex.org/I4210088488,Advocate Health Care,True,6654,11,1,6654,0,0
https://openalex.org/I4210088492,YIT (Finland),True,687,1,2,4736;687,0,0
https://openalex.org/I4210088503,Gascontrol (Czechia),True,1488,1,2,1488;387,0,0
https://openalex.org/I4210088511,Inner Mongolia Electric Power (China),True,5335,1,1,5335,0,0
https://openalex.org/I4210088513,GEA Group (Germany),True,815,1,2,537;815,0,0
https://openalex.org/I4210088550,Universitätsklinik Marien Hospital Herne,True,536,1,1,536,0,0
https://openalex.org/I4210088555,Abbott (United States),True,6654,23,23,10097;1255;1269;1427;1445;154;2072;2702;3093;310;3147;3485;415;5129;5288;6433;6567;6654;6887;7163;790;935;94,0,0
https://openalex.org/I4210088576,École Nationale Supérieure d'Architecture de Normandie,True,2159,1,1,2159,0,0
https://openalex.org/I4210088623,Office of the General Counsel,True,7068,2,1,7068,0,0
https://openalex.org/I4210088637,Soka University,True,5129,1,1,5129,0,0
https://openalex.org/I4210088668,"Institut National de Recherche pour l'Agriculture, l'Alimentation et l'Environnement",True,2702,389,33,1185;1294;1397;1496;1680;2085;2159;2304;2639;2702;3098;3200;3302;3353;3495;3541;3718;3759;3798;3836;3911;3948;398;3984;4124;4192;4426;4459;4558;58;65;824;954,36,0
https://openalex.org/I4210088676,Concern Worldwide,True,415,2,3,415;5288;7244,0,0
https://openalex.org/I4210088690,Mellanox Technologies (United States),True,1642,1,2,1642;564,0,0
https://openalex.org/I4210088719,Takeda (Ireland),True,415,1,1,415,0,0
https://openalex.org/I4210088742,Kowa (Japan),True,5129,2,3,5125;5129;6942,0,0
https://openalex.org/I4210088792,United States Army,True,7068,3,3,7068;7129;7244,0,0
https://openalex.org/I4210088813,Oiles (Japan),True,5129,1,1,5129,0,0
https://openalex.org/I4210088850,NumFOCUS,True,5349,1,1,5349,0,0
https://openalex.org/I4210088893,Geneeskundige en Gezondheidsdienst,True,1793,6,6,1427;1524;1793;2107;2254;296,0,0
https://openalex.org/I4210088906,MicroPort (China),True,10097,1,2,10097;1427,0,0
https://openalex.org/I4210088951,Synopsys (United States),True,1255,3,4,1255;1479;1565;4736,0,0
https://openalex.org/I4210088969,Pearson (United Kingdom),True,5288,1,2,5288;7244,0,0
https://openalex.org/I4210088980,Michelin (France),True,3353,5,5,3353;3485;3719;5129;526,1,0
https://openalex.org/I4210088993,École Nationale Supérieure d'Architecture Montpellier,True,3541,1,1,3541,0,0
https://openalex.org/I4210089004,Guthrie Robert Packer Hospital,True,,1,0,,2,0
https://openalex.org/I4210089040,Beijing Institute of Optoelectronic Technology,True,7704,1,2,5723;7704,0,0
https://openalex.org/I4210089050,NOAA National Environmental Satellite Data and Information Service,True,7068,18,3,5431;6678;7068,1,0
https://openalex.org/I4210089061,Polícia Judiciária,True,310,1,1,310,0,0
https://openalex.org/I4210089154,Ecole d'Ingénieurs de PURPAN,True,2304,5,1,2304,0,0
https://openalex.org/I4210089160,Behörde für Schule und Berufsbildung,True,3793,1,1,3793,0,0
https://openalex.org/I4210089187,Furukawa Electric (United States),True,6948,2,3,537;6451;6948,0,0
https://openalex.org/I4210089242,Düsseldorf University Hospital,True,815,1,1,815,0,0
https://openalex.org/I4210089256,Ministry of Justice,True,7704,1,2,10097;7704,0,0
https://openalex.org/I4210089297,Lanzhou Institute of Chemical Physics,True,3828,3,2,3828;9309,0,0
https://openalex.org/I4210089339,The Velux Foundations,True,,2,0,,3,0
https://openalex.org/I4210089393,World Health Organization Regional Office for the Americas,True,7068,2,3,225;5465;7068,0,0
https://openalex.org/I4210089394,Délégation Ile-de-France Villejuif,True,2702,12,2,2702;3200,1,0
https://openalex.org/I4210089395,"Ministry of Trade, Industry and Energy",True,1604,10,6,1604;1782;2098;2453;2651;94,1,0
https://openalex.org/I4210089433,Government of Alberta,True,1572,3,2,1276;1572,0,0
https://openalex.org/I4210089445,Italian Publishers Association,True,1600,1,1,1600,0,0
https://openalex.org/I4210089449,Biologie du Fruit et Pathologie,True,1397,1,1,1397,0,0
https://openalex.org/I4210089485,University of Haiti,True,1302,1,1,1302,1,0
https://openalex.org/I4210089486,Fred Hutch Cancer Center,True,4510,1,2,189;4510,0,0
https://openalex.org/I4210089489,Health Services Research & Development,True,7068,1,1,7068,0,0
https://openalex.org/I4210089493,Ministry of Economic Affairs and Employment,True,687,5,1,687,0,0
https://openalex.org/I4210089564,Gujarat Cancer Society,True,5991,1,1,5991,0,0
https://openalex.org/I4210089582,Zoomlion (China),True,9100,1,1,9100,0,0
https://openalex.org/I4210089584,Institute of Hydrobiology,True,8989,1,1,8989,0,0
https://openalex.org/I4210089612,United States Air Force,True,7068,15,11,2546;4914;5229;5315;5705;6083;6143;6566;6845;7068;7347,3,0
https://openalex.org/I4210089698,Countess of Chester Hospital NHS Foundation Trust,True,2765,2,2,2374;2765,0,0
https://openalex.org/I4210089705,Smiths Group (United Kingdom),True,5288,5,6,2626;2702;3093;5288;7123;7177,0,0
https://openalex.org/I4210089726,Metro South Health,True,2355,8,1,2355,0,0
https://openalex.org/I4210089745,Easterseals,True,6654,1,2,1642;6654,0,0
https://openalex.org/I4210089758,Anhalt University of Applied Sciences,True,,1,0,,2,0
https://openalex.org/I4210089774,Nokia (Canada),True,2626,1,2,2626;3343,0,0
https://openalex.org/I4210089864,VA Salt Lake City Healthcare System,True,4881,1,1,4881,0,0
https://openalex.org/I4210089893,Directorate for Engineering,True,7068,6,1,7068,0,0
https://openalex.org/I4210089901,Délégation Rhône Auvergne,True,3718,6,3,3628;3718;4124,0,0
https://openalex.org/I4210089954,Jackson Health System,True,6442,2,1,6442,0,0
https://openalex.org/I4210089955,Bharat Forge (India),True,7617,1,2,1178;7617,0,0
https://openalex.org/I4210089965,Cancer Consortium,True,4510,1,1,4510,0,0
https://openalex.org/I4210089966,London School of Hygiene & Tropical Medicine,True,5288,2,3,1899;5288;66,0,0
https://openalex.org/I4210089999,Eramet (France),True,2702,1,1,2702,1,0
https://openalex.org/I4210090003,Portsmouth Hospitals NHS Trust,True,4867,4,1,4867,0,0
https://openalex.org/I4210090012,American Farm Bureau Federation,True,7068,2,2,6496;7068,1,0
https://openalex.org/I4210090030,Visuray (Malta),True,114,1,2,114;298,0,0
https://openalex.org/I4210090046,Logit Systems (Norway),True,,1,0,,2,0
https://openalex.org/I4210090124,Tecnológico Nacional de México,True,5006,61,30,2026;2715;3007;3846;3993;4028;4167;4335;4566;4746;4823;4848;5006;5053;5259;5293;5310;5474;5506;5522;5570;5667;5813;5849;5861;6091;6151;6164;6200;983,26,0
https://openalex.org/I4210090127,Ministère de l'Europe et des Affaires étrangères,True,2702,116,30,1091;126;1507;153;1545;1657;1834;209;2233;2304;2431;2702;3353;3541;3759;3911;3948;3984;4124;4215;429;431;4426;468;4792;5006;58;5821;811;9834,5,0
https://openalex.org/I4210090176,Institute of Computing Technology,True,7704,1,1,7704,0,0
https://openalex.org/I4210090187,Gentherm (United States),True,6948,1,2,4736;6948,0,0
https://openalex.org/I4210090210,SURF,True,1793,1,2,1427;1793,0,0
https://openalex.org/I4210090277,Hexagon (Sweden),True,1445,7,7,1269;1445;3246;419;5288;535;6248,1,0
https://openalex.org/I4210090302,Novartis (India),True,9045,1,2,7466;9045,0,0
https://openalex.org/I4210090331,Ottobock (Germany),True,,2,2,5349;790,1,0
https://openalex.org/I4210090468,RHI Magnesita (Austria),True,790,2,3,1479;1572;790,0,0
https://openalex.org/I4210090535,Renewable Energy Systems (United Kingdom),True,5288,1,2,5288;7347,0,0
https://openalex.org/I4210090588,Ministry of Economic Affairs and Climate Policy,True,296,3,2,296;3116,0,0
https://openalex.org/I4210090596,"Bundesministerium für Land- und Forstwirtschaft, Umwelt und Wasserwirtschaft",True,790,1,1,790,0,0
https://openalex.org/I4210090636,Wipro (India),True,9099,2,3,1003;154;9099,0,0
https://openalex.org/I4210090742,RENA Technologies (Germany),True,,1,0,,2,0
https://openalex.org/I4210090789,"Ministry of Economy, Development and Tourism",True,2072,1,1,2072,0,0
https://openalex.org/I4210090791,Benteler (Austria),True,199,3,3,199;3144;814,1,0
https://openalex.org/I4210090814,Ministry of Oceans and Fisheries,True,1782,2,2,1782;3057,0,0
https://openalex.org/I4210090853,"Ministry of Agriculture, Food and Rural Affairs",True,1604,8,4,1604;1867;2098;3057,2,0
https://openalex.org/I4210090857,Schlumberger (United States),True,5511,1,2,3691;5511,0,0
https://openalex.org/I4210090873,Danone (France),True,2702,7,8,10097;1785;1793;2702;3099;3485;4888;535,0,0
https://openalex.org/I4210090886,Sarasota Memorial Health Care System,True,6226,1,1,6226,0,0
https://openalex.org/I4210090896,Paion (Germany),True,44,2,3,44;5550;7244,0,0
https://openalex.org/I4210090898,Ministry of Natural Resources and Tourism,True,3280,2,2,3023;3280,0,0
https://openalex.org/I4210090981,Lanzhou Veterinary Research Institute,True,3828,1,1,3828,0,0
https://openalex.org/I4210091014,Department of Health and Human Services,True,1266,2,1,1266,0,0
https://openalex.org/I4210091058,Northampton General Hospital NHS Trust,True,5067,1,1,5067,0,0
https://openalex.org/I4210091104,Saaten Union (Germany),True,3667,1,2,3667;5454,0,0
https://openalex.org/I4210091133,Daegu Catholic University Medical Center,True,2453,1,1,2453,0,0
https://openalex.org/I4210091148,Gyeongsang National University Hospital,True,2651,2,2,2651;2835,0,0
https://openalex.org/I4210091158,École Nationale Supérieure des Sciences Agronomiques de Bordeaux-Aquitaine,True,1397,6,1,1397,0,0
https://openalex.org/I4210091177,The Salvation Army,True,5288,3,3,5288;7068;73,1,0
https://openalex.org/I4210091197,Koch Industries (United States),True,5791,4,5,2702;29;5288;5791;6451,0,0
https://openalex.org/I4210091241,Hirslanden Klinik Im Park,True,1479,1,1,1479,0,0
https://openalex.org/I4210091249,Unidade Local de Saúde de Entre Douro e Vouga,True,,1,0,,2,0
https://openalex.org/I4210091279,Université Sorbonne Paris Nord,True,2702,23,1,2702,0,0
https://openalex.org/I4210091292,Istituto di Biologia e Biotecnologia Agraria,True,1600,1,1,1600,0,0
https://openalex.org/I4210091409,Institut de Recherche Interdisciplinaire de Grenoble,True,3984,11,2,3948;3984,0,0
https://openalex.org/I4210091437,Sorbonne Paris Cité,True,2702,1,1,2702,0,0
https://openalex.org/I4210091446,MelroseWakefield Healthcare,True,7347,1,1,7347,0,0
https://openalex.org/I4210091519,Rockwool Foundation,True,537,1,2,4946;537,0,0
https://openalex.org/I4210091532,Al Ain Hospital,True,787,1,2,195;787,0,0
https://openalex.org/I4210091544,Isuzu Motors (Japan),True,5129,1,2,1642;5129,0,0
https://openalex.org/I4210091584,Institut de Recherche pour le Développement,True,811,2,2,2304;811,0,0
https://openalex.org/I4210091594,Institut Rayonnement-Matière de Saclay,True,2702,3,1,2702,0,0
https://openalex.org/I4210091621,ARMINES,True,2702,7,3,2702;2938;4426,0,0
https://openalex.org/I4210091716,Roper Technologies (United States),True,6226,1,2,3799;6226,0,0
https://openalex.org/I4210091746,Institut d’Optique Graduate School,True,2702,3,3,1397;2702;3628,0,0
https://openalex.org/I4210091780,Institut National de la Transfusion Sanguine,True,2702,1,1,2702,0,0
https://openalex.org/I4210091794,Office of the Director,True,7068,9,1,7068,0,0
https://openalex.org/I4210091799,Art Research Centre of the Slovak Academy of Sciences,True,163,2,1,163,0,0
https://openalex.org/I4210091806,Ormazabal (Germany),True,536,1,2,1479;536,0,0
https://openalex.org/I4210091810,Medtronic (United States),True,6433,15,15,103;154;2626;2702;2901;3881;415;419;4523;5129;5288;536;6433;805;94,0,0
https://openalex.org/I4210091812,Bristol-Myers Squibb (United States),True,7244,19,16,1255;1269;1445;1479;1793;2702;310;3485;3881;415;4736;5129;5288;7244;9099;94,0,0
https://openalex.org/I4210091817,Takasago (Japan),True,5129,1,2,5129;7244,0,0
https://openalex.org/I4210091833,United States Department of Agriculture Climate Hubs,True,7068,1,2,3282;7068,0,0
https://openalex.org/I4210091838,Government of Ukraine,True,2203,1,1,2203,0,0
https://openalex.org/I4210091865,Sheppard Pratt Health System,True,7123,1,1,7123,0,0
https://openalex.org/I4210091876,IMT Mines Albi,True,,3,1,2304,3,0
https://openalex.org/I4210091948,SRH Hochschule Heidelberg,True,3041,1,2,3041;4996,0,0
https://openalex.org/I4210092032,China Institute of Water Resources and Hydropower Research,True,7704,1,1,7704,0,0
https://openalex.org/I4210092076,Paracelsus-Kliniken,True,2004,3,3,2004;3713;815,1,0
https://openalex.org/I4210092080,Columbia VA Health Care System,True,6809,1,1,6809,0,0
https://openalex.org/I4210092131,Gooch & Housego (United Kingdom),True,2234,2,3,2234;6990;959,0,0
https://openalex.org/I4210092150,Chonnam National University Hospital,True,2246,4,1,2246,0,0
https://openalex.org/I4210092178,Fon (Spain),True,3147,1,2,3147;5288,0,0
https://openalex.org/I4210092180,Ministry of Health,True,24,1,1,24,0,0
https://openalex.org/I4210092184,Schlumberger (France),True,2702,8,8,1276;2702;296;298;3691;415;5288;5511,1,0
https://openalex.org/I4210092206,Mondragon Corporation (Spain),True,,2,2,4288;454,1,0
https://openalex.org/I4210092216,Paras Hospitals,True,7466,1,2,10017;7466,0,0
https://openalex.org/I4210092262,Ministry of Education,True,2114,2,1,2114,0,0
https://openalex.org/I4210092289,Techtronic Industries (China),True,73,2,3,5288;7123;73,0,0
https://openalex.org/I4210092303,Polytechnic Institute of Bragança,True,,2,0,,3,0
https://openalex.org/I4210092322,Centre de Recherche des Cordeliers,True,2702,1,1,2702,0,0
https://openalex.org/I4210092350,Shanghai Research Institute of Chemical Industry,True,10097,1,1,10097,0,0
https://openalex.org/I4210092381,Vietnam Institute for Advanced Study in Mathematics,True,2207,1,1,2207,0,0
https://openalex.org/I4210092408,Toulouse School of Economics,True,2304,3,1,2304,0,0
https://openalex.org/I4210092429,South West London and St George's Mental Health NHS Trust,True,5288,6,1,5288,0,0
https://openalex.org/I4210092501,Gamal Abdel Nasser University of Conakry,True,550,1,1,550,0,0
https://openalex.org/I4210092504,ASM International (Netherlands),True,1956,5,6,1427;1565;1956;2254;4211;687,0,0
https://openalex.org/I4210092532,National Bernstein Network Computational Neuroscience,True,2435,6,6,2435;3041;3869;4083;4736;4946,0,0
https://openalex.org/I4210092601,Dornier (Germany),True,,1,1,6851,1,0
https://openalex.org/I4210092679,Marvell (Bermuda),True,,3,3,1255;4156;419,1,0
https://openalex.org/I4210092752,Lung Cancer Research Foundation,True,7244,1,1,7244,0,0
https://openalex.org/I4210092805,MKS Instruments (United States),True,7372,3,4,4444;4736;5129;7372,0,0
https://openalex.org/I4210092825,École Française d'Extrême-Orient,True,2702,1,1,2702,0,0
https://openalex.org/I4210092829,Stihl (Germany),True,3580,1,2,3580;5149,0,0
https://openalex.org/I4210092852,Manchester University NHS Foundation Trust,True,3304,10,1,3304,0,0
https://openalex.org/I4210092882,Grady Health System,True,6451,1,1,6451,0,0
https://openalex.org/I4210092888,Changchun Institute of Applied Chemistry,True,8510,3,2,7704;8510,0,0
https://openalex.org/I4210092895,Ministry of Health,True,1899,3,2,1899;2202,0,0
https://openalex.org/I4210092905,Regionalverbund kirchlicher Krankenhäuser,True,2435,1,1,2435,0,0
https://openalex.org/I4210092945,Ministère de la Transition écologique et de la Cohésion des territoires,True,2702,10,4,1294;2702;3718;954,0,0
https://openalex.org/I4210092978,Laboratory of Excellence GR-Ex,True,2702,1,1,2702,0,0
https://openalex.org/I4210093025,Institut Pytheas,True,3948,4,3,3759;3911;3948,0,0
https://openalex.org/I4210093042,Kazan Scientific Center,True,4829,1,1,4829,0,0
https://openalex.org/I4210093160,Délégation Régionale Nord Ouest,True,3200,5,3,1680;2824;3200,0,0
https://openalex.org/I4210093228,Microchip Technology (United States),True,4211,1,2,2988;4211,0,0
https://openalex.org/I4210093239,Łukasiewicz Research Network - Industrial Chemistry Institute,True,3222,1,1,3222,0,0
https://openalex.org/I4210093269,Górnośląska Wyższa Szkoła Handlowa im. Wojciecha Korfantego,True,2663,1,1,2663,0,0
https://openalex.org/I4210093272,Nuvo Pharmaceuticals (Canada),True,2626,1,2,2626;4788,0,0
https://openalex.org/I4210093292,Centre Hospitalier Universitaire de Montpellier,True,3541,3,1,3541,0,0
https://openalex.org/I4210093322,NHS Grampian,True,3949,21,1,3949,13,0
https://openalex.org/I4210093367,Deutsche Telekom (Germany),True,1064,9,10,1064;154;3222;3337;4523;535;5486;790;892;964,0,0
https://openalex.org/I4210093398,Institute for Security Studies,True,3700,1,2,2171;3700,0,0
https://openalex.org/I4210093416,Ministry of Agriculture,True,54,2,1,54,1,0
https://openalex.org/I4210093497,Amdocs (United States),True,6192,6,7,2702;2845;419;42;5288;6192;815,0,0
https://openalex.org/I4210093539,Morgan Advanced Materials (United Kingdom),True,5288,1,2,1064;5288,0,0
https://openalex.org/I4210093665,Toyota Motor North America (United States),True,1642,2,3,1642;5543;6929,0,0
https://openalex.org/I4210093694,Guizhou Provincial Science and Technology Department,True,7952,1,1,7952,0,0
https://openalex.org/I4210093701,Office of Environmental Management,True,7068,6,1,7068,1,0
https://openalex.org/I4210093737,Constellation Software (Canada),True,2626,2,3,2626;4294;6322,0,0
https://openalex.org/I4210093751,Sika (Switzerland),True,1479,1,2,1479;3485,0,0
https://openalex.org/I4210093799,NOAA National Centers for Environmental Prediction,True,7068,13,5,5332;5705;5961;6442;7068,0,0
https://openalex.org/I4210093804,Accenture (Ireland),True,415,8,9,103;1479;3147;3881;415;5288;596;7244;815,0,0
https://openalex.org/I4210093831,The Ministry of Education and Science of the Russian Federation,True,2262,1,1,2262,0,0
https://openalex.org/I4210093867,World Vision International,True,5288,1,2,4510;5288,0,0
https://openalex.org/I4210093925,"Département sciences pour l'ingénierie des aliments, des produits biosourcés et des résidus de l'activité humaine",True,954,1,2,2702;954,0,0
https://openalex.org/I4210093932,Arab Open University,True,429,6,6,1110;16;3327;429;431;567,0,0
https://openalex.org/I4210093996,Dolby (United States),True,1255,3,4,1255;1427;1445;375,0,0
https://openalex.org/I4210094012,National Center for Global Health and Medicine,True,5129,1,1,5129,0,0
https://openalex.org/I4210094042,Lanxess (Germany),True,1064,2,3,1064;2146;7020,0,0
https://openalex.org/I4210094062,University Medical Center of the Johannes Gutenberg University Mainz,True,3093,2,1,3093,0,0
https://openalex.org/I4210094083,CeramTec (Germany),True,3580,1,2,3580;4867,0,0
https://openalex.org/I4210094116,TGS (Norway),True,596,1,2,5288;596,0,0
https://openalex.org/I4210094118,Universitätsklinikum Tübingen,True,3869,3,1,3869,0,0
https://openalex.org/I4210094122,World Wide Fund for Nature,True,1479,16,17,1284;1445;1479;153;215;2295;2626;3280;3881;4897;4946;5129;5288;537;6458;7068;964,0,0
https://openalex.org/I4210094135,B.I. Stepanov Institute of Physics,True,799,1,1,799,0,0
https://openalex.org/I4210094138,University of West Attica,True,959,2,1,959,0,0
https://openalex.org/I4210094151,Verband der Privaten Krankenversicherung,True,4946,1,1,4946,0,0
https://openalex.org/I4210094153,Bay Pines VA Healthcare System,True,6237,1,1,6237,0,0
https://openalex.org/I4210094226,Mi̇lli̇ Eği̇ti̇m Bakanliği,True,3650,1,2,3650;3817,0,0
https://openalex.org/I4210094241,Burelle (France),True,2702,2,2,1269;2702,0,0
https://openalex.org/I4210094263,Ministry of Higher Education and Scientific Research,True,3981,2,1,3981,0,0
https://openalex.org/I4210094311,Advantech (Taiwan),True,1141,1,2,1141;7020,0,0
https://openalex.org/I4210094335,Ministry of Defence,True,296,2,3,1793;2107;296,0,0
https://openalex.org/I4210094355,Western Health and Social Care Trust,True,60,2,1,60,1,0
https://openalex.org/I4210094360,Lehigh Valley Health Network,True,7195,3,1,7195,0,0
https://openalex.org/I4210094401,Aptar (United States),True,6654,2,2,2702;6654,1,0
https://openalex.org/I4210094408,Swedish Agency for Marine and Water Management,True,165,1,1,165,0,0
https://openalex.org/I4210094482,Verband der Chemischen Industrie,True,3093,1,1,3093,0,0
https://openalex.org/I4210094550,Horizon Therapeutics (United States),True,6741,1,2,415;6741,0,0
https://openalex.org/I4210094618,CT Group Of Institutions,True,5617,1,2,5617;6065,0,0
https://openalex.org/I4210094640,Meritor (United States),True,6948,4,5,2086;2373;3906;6567;6948,0,0
https://openalex.org/I4210094656,Alder Hey Children's NHS Foundation Trust,True,2374,1,1,2374,0,0
https://openalex.org/I4210094678,Universitätsklinikum des Saarlandes,True,,1,0,,2,0
https://openalex.org/I4210094725,Rheinische Hochschule Köln,True,1064,1,2,1064;815,0,0
https://openalex.org/I4210094794,Melexis (Belgium),True,,1,1,4388,1,0
https://openalex.org/I4210094826,OmniVision Technologies (United States),True,1255,3,4,10097;1255;4736;596,0,0
https://openalex.org/I4210094876,Ministry of Education,True,3327,1,2,3327;7068,0,0
https://openalex.org/I4210094877,Atkins (United Kingdom),True,5288,2,3,5288;596;6237,0,0
https://openalex.org/I4210094878,National Gallery in Prague,True,535,1,1,535,0,0
https://openalex.org/I4210094889,Agricultural Research Service - Pacific West Area,True,1255,18,7,1255;1642;3282;3522;4211;4278;4756,7,0
https://openalex.org/I4210094897,Ministry of Health,True,,1,0,,2,0
https://openalex.org/I4210094901,New York/New Jersey VA Health Care Network,True,7244,15,5,7141;7183;7244;7256;7292,1,0
https://openalex.org/I4210094905,Research Institute for Labour and Social Affairs,True,535,1,1,535,0,0
https://openalex.org/I4210094922,MultiMedica,True,1600,1,1,1600,0,0
https://openalex.org/I4210095005,Ministry of Defence,True,535,1,2,1177;535,0,0
https://openalex.org/I4210095035,Deutsche Gesellschaft für Internationale Zusammenarbeit,True,1064,1,2,1064;2845,0,0
https://openalex.org/I4210095065,Aker (Norway),True,596,5,3,3949;5288;596,1,0
https://openalex.org/I4210095087,Ministry of Transport,True,535,1,1,535,0,0
https://openalex.org/I4210095088,Azienda Universitaria Ospedaliera Consorziale - Policlinico Bari,True,5004,1,1,5004,0,0
https://openalex.org/I4210095091,Ion Beam Applications (Belgium),True,1269,2,3,1269;1680;6047,0,0
https://openalex.org/I4210095101,Hue University,True,4672,1,1,4672,0,0
https://openalex.org/I4210095113,SCREEN (Japan),True,3956,1,2,2702;3956,0,0
https://openalex.org/I4210095126,Horizon Discovery (United Kingdom),True,5550,1,2,5332;5550,0,0
https://openalex.org/I4210095157,Unidade Local de Saúde de São José,True,310,5,1,310,0,0
https://openalex.org/I4210095161,Japan Industrial Safety and Health Association,True,5129,1,2,3956;5129,0,0
https://openalex.org/I4210095212,Ente Ospedaliero Cantonale,True,,6,1,1752,4,0
https://openalex.org/I4210095330,Conselleria de Sanitat Universal i Salut Pública,True,4156,1,2,4122;4156,0,0
https://openalex.org/I4210095341,Stiftung Mercator,True,536,1,2,4946;536,0,0
https://openalex.org/I4210095346,OSF HealthCare,True,6406,4,3,6406;6496;6646,1,0
https://openalex.org/I4210095389,VA Western New York Healthcare System,True,7141,1,1,7141,0,0
https://openalex.org/I4210095425,Graz University Hospital,True,654,1,1,654,0,0
https://openalex.org/I4210095477,Centre Hospitalier Universitaire de Tours,True,2085,1,1,2085,0,0
https://openalex.org/I4210095685,Secretaria de Salud,True,5006,10,4,2837;4848;4981;5006,0,0
https://openalex.org/I4210095705,Region Västra Götaland,True,,1,1,165,1,0
https://openalex.org/I4210095722,Rambus (United States),True,1255,1,2,1255;955,0,0
https://openalex.org/I4210095724,Nintendo (Japan),True,3956,2,3,2702;3956;4510,0,0
https://openalex.org/I4210095732,Visteon (United States),True,6948,2,3,1206;5129;6948,0,0
https://openalex.org/I4210095739,Atlas Elektronik (Germany),True,2877,1,2,2877;3912,0,0
https://openalex.org/I4210095782,Prysmian Group (Italy),True,1600,4,5,1427;1600;4867;4946;6809,0,0
https://openalex.org/I4210095786,Ministry of Health and Population,True,1525,1,1,1525,0,0
https://openalex.org/I4210095787,NOAA National Weather Service,True,7068,28,10,182;4806;4881;5332;5543;5705;5961;6442;7068;7244,1,0
https://openalex.org/I4210095825,Centro Científico Tecnológico - San Juan,True,196,1,1,196,0,0
https://openalex.org/I4210095849,CNRS Ingénierie,True,2702,88,27,1294;1397;2010;2159;2233;2304;240;2639;2702;3200;3302;3353;3541;3628;3718;3911;3984;4054;4088;4124;4192;4360;4426;4558;5129;824;954,6,0
https://openalex.org/I4210095851,VA New England Healthcare System,True,7347,8,5,7277;7307;7312;7347;7367,2,0
https://openalex.org/I4210095879,Federal Government of Belgium,True,1269,2,1,1269,0,0
https://openalex.org/I4210095934,Hessian Ministry for Science and the Arts,True,3093,1,1,3093,1,0
https://openalex.org/I4210095951,Ministry of Interior,True,964,1,1,964,0,0
https://openalex.org/I4210096033,Kanion Pharmaceutical (China),True,9393,1,1,9393,0,0
https://openalex.org/I4210096113,TÜV Nord (Germany),True,3667,2,3,3667;4378;535,0,0
https://openalex.org/I4210096232,Vygon (France),True,2702,1,2,2702;44,0,0
https://openalex.org/I4210096253,Agência Paulista de Tecnologia dos Agronegócios,True,6567,1,2,6461;6567,0,0
https://openalex.org/I4210096255,Hospital Universitario Dexeus,True,4523,1,1,4523,0,0
https://openalex.org/I4210096333,Physical Sciences Division,True,2262,36,11,2262;316;3736;4829;5429;5972;6179;6191;6340;6432;750,6,0
https://openalex.org/I4210096350,Spanish Agency for International Development Cooperation,True,3147,1,2,3147;68,0,0
https://openalex.org/I4210096413,China Railway Signal & Communication (China),True,7704,1,1,7704,0,0
https://openalex.org/I4210096427,Institut des Sciences Biologiques,True,2702,140,20,1397;1680;2010;2085;2233;2304;2639;2702;3200;3302;3353;3541;3718;3798;3911;3984;4426;4558;824;954,2,0
https://openalex.org/I4210096435,Gesellschaft für Klinische Forschung,True,4946,1,1,4946,0,0
https://openalex.org/I4210096441,Croydon Health Services NHS Trust,True,5288,2,1,5288,0,0
https://openalex.org/I4210096525,Department of Education Shandong Province,True,8476,1,2,8476;8626,0,0
https://openalex.org/I4210096564,Escola Universitária Vasco da Gama,True,1118,1,1,1118,0,0
https://openalex.org/I4210096589,Rancho Santiago Community College District,True,1642,2,1,1642,0,0
https://openalex.org/I4210096617,Fujian Provincial Department of Science and Technology,True,10328,1,1,10328,0,0
https://openalex.org/I4210096649,Innovation Fund Denmark,True,537,1,1,537,0,0
https://openalex.org/I4210096656,Hospital de Viladecans,True,4523,1,1,4523,0,0
https://openalex.org/I4210096726,Findus (Sweden),True,329,1,2,329;596,0,0
https://openalex.org/I4210096736,Landesamt für Kultur und Denkmalpflege Mecklenburg-Vorpommern,True,,1,0,,2,0
https://openalex.org/I4210096859,Services déconcentrés d'appui à la recherche Nouvelle-Aquitaine-Bordeaux,True,1397,8,2,1185;1397,0,0
https://openalex.org/I4210096876,Institut de Radioastronomie Millimétrique,True,3984,1,2,3300;3984,0,0
https://openalex.org/I4210096927,Ramboll (Denmark),True,537,4,5,3713;5288;537;596;687,0,0
https://openalex.org/I4210096930,Cooperativa de Ensino Superior Politécnico e Universitário,True,1003,2,1,1003,0,0
https://openalex.org/I4210096936,École nationale d'administration,True,4558,2,3,241;4558;723,0,0
https://openalex.org/I4210096940,KCI (United States),True,5229,4,4,1793;3093;5229;5288,1,0
https://openalex.org/I4210096947,Element Materials Technology (United Kingdom),True,5288,1,1,5288,0,0
https://openalex.org/I4210096961,Conseil international des monuments et des sites,True,2702,1,2,2702;7068,0,0
https://openalex.org/I4210096981,John Deere (United States),True,6377,2,2,454;6377,1,0
https://openalex.org/I4210097036,International Islamic Academy of Uzbekistan,True,2481,1,1,2481,0,0
https://openalex.org/I4210097049,Shanghai Ship and Shipping Research Institute,True,10097,1,1,10097,0,0
https://openalex.org/I4210097072,Oerlikon (Switzerland),True,1479,4,4,1479;4736;5087;6237,1,0
https://openalex.org/I4210097084,Luye Pharma (Germany),True,,2,2,10097;935,1,0
https://openalex.org/I4210097150,National Centre for Nuclear Research,True,3222,2,2,3222;3793,1,0
https://openalex.org/I4210097159,Assistance Publique – Hôpitaux de Paris,True,2702,68,3,2702;2883;4158,3,0
https://openalex.org/I4210097172,Colegio de Postgraduados,True,5006,1,2,5006;5715,0,0
https://openalex.org/I4210097190,Telefónica (Spain),True,3147,3,3,3147;4736;5288,0,0
https://openalex.org/I4210097244,Netzsch (Germany),True,,2,2,3799;7177,1,0
https://openalex.org/I4210097272,Vicon (United Kingdom),True,4792,1,2,1642;4792,0,0
https://openalex.org/I4210097352,Apotex (Canada),True,2626,2,3,2626;6442;9099,0,0
https://openalex.org/I4210097355,HeidelbergCement (Germany),True,3041,6,7,1445;1943;3041;3343;5288;596;7020,0,0
https://openalex.org/I4210097372,École Nationale Supérieure d’Informatique pour l’Industrie et l’Entreprise,True,2702,1,1,2702,0,0
https://openalex.org/I4210097415,ICAR-National Bureau Of Plant Genetic Resources,True,7466,1,2,7466;8399,0,0
https://openalex.org/I4210097520,Haier (United States),True,7244,1,2,7244;869,0,0
https://openalex.org/I4210097527,Synthomer (United Kingdom),True,5288,1,1,5288,1,0
https://openalex.org/I4210097564,JTEKT (Japan),True,3956,2,2,3718;3956,1,0
https://openalex.org/I4210097592,British Columbia Centre of Excellence for Women's Health,True,375,1,2,1837;375,0,0
https://openalex.org/I4210097709,National Laboratory of Energy and Geology,True,310,4,1,310,0,0
https://openalex.org/I4210097724,Masco (United States),True,6948,1,2,3041;6948,0,0
https://openalex.org/I4210097731,Instituto Superior de Entre Douro e Vouga,True,1003,1,1,1003,0,0
https://openalex.org/I4210097777,China General Nuclear Power Corporation (China),True,9725,1,1,9725,0,0
https://openalex.org/I4210097782,Mental Health Research Canada,True,2626,1,1,2626,0,0
https://openalex.org/I4210097785,Baptist Health South Florida,True,6442,1,1,6442,0,0
https://openalex.org/I4210097870,Ajuntament de Barcelona,True,4523,1,1,4523,0,0
https://openalex.org/I4210097912,Scottish Refugee Council,True,955,1,2,2086;955,0,0
https://openalex.org/I4210097923,Government of British Columbia,True,28,1,1,28,0,0
https://openalex.org/I4210097929,Berufsgenossenschaft Rohstoffe und chemische Industrie,True,3041,1,2,3041;536,0,0
https://openalex.org/I4210097958,National Research Council for Economics Humanities and Social Science,True,1604,25,5,1604;1782;2246;3211;94,1,0
https://openalex.org/I4210097978,Institute of Plant Protection,True,7704,1,1,7704,0,0
https://openalex.org/I4210097993,Northern Ireland Assembly,True,242,1,1,242,0,0
https://openalex.org/I4210098000,Délégation Paris 12,True,2702,3,1,2702,0,0
https://openalex.org/I4210098029,CoorsTek (United States),True,5332,4,5,3448;5129;5332;596;814,0,0
https://openalex.org/I4210098062,Fraunhofer Institute for Material Flow and Logistics,True,536,1,2,1064;536,0,0
https://openalex.org/I4210098082,Warrington and Halton Teaching Hospitals NHS Foundation Trust,True,3304,4,1,3304,0,0
https://openalex.org/I4210098107,Dienstleistungszentrum Ländlicher Raum,True,,6,2,1846;2079,5,0
https://openalex.org/I4210098141,Nokia (United Kingdom),True,5288,1,1,5288,0,0
https://openalex.org/I4210098163,Liebherr (Switzerland),True,,3,1,2304,3,0
https://openalex.org/I4210098176,Intergovernmental Oceanographic Commission of UNESCO,True,2702,4,5,11;2702;29;3793;4792,0,0
https://openalex.org/I4210098196,KentuckyOne Health,True,6630,4,2,6630;6748,0,0
https://openalex.org/I4210098230,Fujikura (Japan),True,5129,1,1,5129,1,0
https://openalex.org/I4210098242,Daikin (Japan),True,3956,1,2,3956;7244,0,0
https://openalex.org/I4210098271,Aisin (Japan),True,4532,3,3,4426;4532;6929,1,0
https://openalex.org/I4210098300,Alberta Innovates,True,1572,1,1,1572,0,0
https://openalex.org/I4210098306,EMBL Australia,True,1266,1,1,1266,0,0
https://openalex.org/I4210098336,Consorci Sanitari de Terrassa,True,4523,1,1,4523,0,0
https://openalex.org/I4210098377,Rehau (Germany),True,,1,0,,2,0
https://openalex.org/I4210098389,Ministry of Civil Affairs,True,7704,1,1,7704,0,0
https://openalex.org/I4210098440,Ministry of Health,True,3147,6,1,3147,0,0
https://openalex.org/I4210098582,ZTE (China),True,9725,2,3,5543;9701;9725,0,0
https://openalex.org/I4210098589,Shibata Gakuen University,True,3455,1,1,3455,0,0
https://openalex.org/I4210098619,Atotech (Germany),True,4946,2,2,4946;6851,1,0
https://openalex.org/I4210098638,Ministry of Culture,True,535,1,2,535;814,0,0
https://openalex.org/I4210098738,Klinik Hirslanden,True,1479,1,1,1479,0,0
https://openalex.org/I4210098748,Department of Science and Technology,True,7466,12,6,10496;7466;7581;8848;9045;9099,2,0
https://openalex.org/I4210098783,Ministry of Health,True,535,2,1,535,0,0
https://openalex.org/I4210098799,PIH Health,True,1642,1,1,1642,0,0
https://openalex.org/I4210098812,PhaseSpace (United States),True,1255,1,2,1255;5288,0,0
https://openalex.org/I4210098814,UPMC Health System,True,7020,14,3,7020;7044;7129,2,0
https://openalex.org/I4210098830,Ministerio de Educación y Cultura,True,906,4,1,906,0,0
https://openalex.org/I4210098836,Institut de Physique,True,2702,44,16,1397;1680;2159;2304;2639;2702;3200;3495;3541;3718;3911;3984;4192;4426;4558;824,0,0
https://openalex.org/I4210098850,St Vincent's Health,True,1266,1,1,1266,0,0
https://openalex.org/I4210098918,Tokyo Metropolitan Institute of Medical Science,True,5129,1,1,5129,0,0
https://openalex.org/I4210098920,Eastern Health,True,1266,1,1,1266,0,0
https://openalex.org/I4210098925,Valley Health System,True,7244,1,1,7244,0,0
https://openalex.org/I4210098963,Department of Agrarian Sciences,True,799,1,1,799,0,0
https://openalex.org/I4210098976,Weichai Power (China),True,8935,1,1,8935,0,0
https://openalex.org/I4210098989,Exactech (United States),True,,2,2,4558;94,1,0
https://openalex.org/I4210099004,Guangdong Academy of Agricultural Sciences,True,,4,1,9711,1,0
https://openalex.org/I4210099008,World Health Organization Regional Office for Europe,True,537,5,5,163;2262;3718;3881;537,0,0
https://openalex.org/I4210099013,Central Arkansas Veterans Healthcare System,True,5913,1,1,5913,0,0
https://openalex.org/I4210099034,Complejo Hospitalario de Salamanca,True,2371,1,1,2371,0,0
https://openalex.org/I4210099042,Johnson Matthey (United Kingdom),True,5288,4,4,2702;5087;5288;7165,1,0
https://openalex.org/I4210099069,Institute of Acoustics,True,7704,1,1,7704,0,0
https://openalex.org/I4210099078,Wikov (Czechia),True,535,1,2,4294;535,0,0
https://openalex.org/I4210099114,"Czech Academy of Sciences, Institute of Biotechnology",True,535,2,2,1177;535,0,0
https://openalex.org/I4210099156,Excellence Cluster Origins,True,4736,1,1,4736,0,0
https://openalex.org/I4210099157,Ministry of Culture,True,596,1,1,596,0,0
https://openalex.org/I4210099184,NetDragon (China),True,10328,1,2,10328;1642,0,0
https://openalex.org/I4210099203,Institut de Cancérologie de Lorraine,True,4192,1,1,4192,0,0
https://openalex.org/I4210099267,Shared Health,True,1837,1,1,1837,0,0
https://openalex.org/I4210099272,SRH Fernhochschule – The Mobile University,True,,1,0,,2,0
https://openalex.org/I4210099275,TIE Kinetix (Netherlands),True,1793,1,2,1793;4736,0,0
https://openalex.org/I4210099365,Governo do Estado do Rio Grande do Sul,True,5593,2,1,5593,0,0
https://openalex.org/I4210099368,Puglia Salute,True,5004,11,5,4628;4846;5004;5051;5071,2,0
https://openalex.org/I4210099431,Maitama Sule University Kano,True,6995,1,1,6995,0,0
https://openalex.org/I4210099460,Services déconcentrés d'appui à la recherche Ile-de-France-Jouy-en-Josas-Antony,True,2702,2,1,2702,0,0
https://openalex.org/I4210099473,Délégation Paris Michel-Ange,True,2702,1,1,2702,0,0
https://openalex.org/I4210099492,Department of Behavioral Health,True,7068,1,1,7068,0,0
https://openalex.org/I4210099552,Northern Devon Healthcare NHS Trust,True,,5,0,,6,0
https://openalex.org/I4210099570,NHS Highland,True,,4,1,547,4,0
https://openalex.org/I4210099590,Ministry of Agrarian Policy and Food,True,2203,1,1,2203,0,0
https://openalex.org/I4210099626,Ministry of Foreign Affairs,True,4897,1,2,310;4897,0,0
https://openalex.org/I4210099636,National Science Foundation of Sri Lanka,True,434,1,1,434,0,0
https://openalex.org/I4210099657,Plasan (Israel),True,,1,0,,2,0
https://openalex.org/I4210099692,Government of the Northern Territory,True,,10,0,,11,0
https://openalex.org/I4210099848,Arthrex (United States),True,6270,1,2,4736;6270,0,0
https://openalex.org/I4210099850,"Istituto Nazionale di Fisica Nucleare, Sezione di Torino",True,85,1,2,841;85,0,0
https://openalex.org/I4210099901,Ministry of Housing and Urban-Rural Development,True,7704,1,2,10286;7704,0,0
https://openalex.org/I4210099903,Nokia (China),True,7704,1,2,10097;7704,0,0
https://openalex.org/I4210099968,National Institute for Research and Development in Environmental Protection,True,2114,2,3,2114;2789;2849,0,0
https://openalex.org/I4210099984,Organisation of Islamic Cooperation,True,1234,1,2,1234;2317,0,0
https://openalex.org/I4210100060,Sweco (Sweden),True,1445,3,4,1445;3171;535;596,0,0
https://openalex.org/I4210100078,Conseil Régional des Hauts-de-France,True,3200,1,1,3200,0,0
https://openalex.org/I4210100128,Die Johanniter,True,4946,2,3,1064;388;4946,0,0
https://openalex.org/I4210100132,Northwest Institute of Rare Metal Materials,True,4115,1,1,4115,0,0
https://openalex.org/I4210100195,Cameca (France),True,2702,1,2,2702;6678,0,0
https://openalex.org/I4210100211,E Ink (United States),True,7347,2,3,491;7347;94,0,0
https://openalex.org/I4210100260,Centre Hospitalier Régional et Universitaire de Nancy,True,4192,5,1,4192,1,0
https://openalex.org/I4210100280,Clinical Trial and Consulting,True,6790,1,2,310;6790,0,0
https://openalex.org/I4210100296,LafargeHolcim (Switzerland),True,1479,4,5,1479;2626;2702;4892;959,0,0
https://openalex.org/I4210100331,Q2 Solutions (United States),True,6942,1,2,2011;6942,0,0
https://openalex.org/I4210100335,Becton Dickinson (France),True,3984,1,2,2702;3984,0,0
https://openalex.org/I4210100352,Federal Ministry of Health,True,5821,4,2,5769;5821,1,0
https://openalex.org/I4210100354,Grieg Seafood (Norway),True,131,1,1,131,1,0
https://openalex.org/I4210100445,Hywel Dda University Health Board,True,,4,1,1072,4,0
https://openalex.org/I4210100454,Cleveland Metroparks,True,6990,2,1,6990,0,0
https://openalex.org/I4210100468,University Hospital Zurich,True,1479,1,1,1479,0,0
https://openalex.org/I4210100473,Norfolk Community Health and Care NHS Trust,True,5770,6,1,5770,2,0
https://openalex.org/I4210100528,ENN (China),True,7912,2,2,10097;7912,0,0
https://openalex.org/I4210100529,"Czech Academy of Sciences, Institute of Sociology",True,535,1,1,535,0,0
https://openalex.org/I4210100552,"Ministry of Transport, Communications and Works",True,187,1,1,187,0,0
https://openalex.org/I4210100579,AXA (France),True,2702,2,3,2702;310;5288,0,0
https://openalex.org/I4210100596,Hospices Civils de Lyon,True,3718,14,2,3718;4158,0,0
https://openalex.org/I4210100638,Prothena (Ireland),True,415,1,2,1255;415,0,0
https://openalex.org/I4210100648,National Medical Research Center for Hematology,True,2262,1,1,2262,0,0
https://openalex.org/I4210100731,Fraunhofer Institute for Interfacial Engineering and Biotechnology,True,3580,1,2,3580;4708,0,0
https://openalex.org/I4210100774,Novavax (United States),True,7068,1,2,1242;7068,0,0
https://openalex.org/I4210100831,Gemini North Observatory,True,,1,1,806,1,0
https://openalex.org/I4210100891,Memscap (France),True,3984,1,1,3984,1,0
https://openalex.org/I4210100892,Association Francaise contre les Myopathies,True,2702,4,2,2702;954,0,0
https://openalex.org/I4210100913,Institute of Agrifood Research and Technology,True,4523,3,1,4523,0,0
https://openalex.org/I4210100914,Ministry of Earth Sciences,True,7466,8,6,7466;7617;7857;9045;9157;9850,0,0
https://openalex.org/I4210100922,Federal Ministry for the Interior,True,790,1,2,1064;790,0,0
https://openalex.org/I4210100923,Munster Technological University,True,259,2,1,259,1,0
https://openalex.org/I4210100956,Ostalb-Klinikum Aalen,True,,1,0,,2,0
https://openalex.org/I4210100959,Vitec (France),True,2702,1,2,2702;4736,0,0
https://openalex.org/I4210100975,Health Resources in Action,True,7347,1,1,7347,0,0
https://openalex.org/I4210101020,École Nationale Supérieure de Céramique Industrielle,True,2233,1,1,2233,0,0
https://openalex.org/I4210101025,The Rotherham NHS Foundation Trust,True,4460,2,1,4460,0,0
https://openalex.org/I4210101031,Directorate for STEM Education (EDU),True,7068,5,1,7068,0,0
https://openalex.org/I4210101045,Government of Ontario,True,2626,3,1,2626,0,0
https://openalex.org/I4210101081,Centre Européen de Sociologie et de Science Politique,True,2702,1,1,2702,0,0
https://openalex.org/I4210101086,Antea Group (Belgium),True,1160,1,2,1160;2639,0,0
https://openalex.org/I4210101134,Swedish Society of Medicine,True,1445,1,1,1445,0,0
https://openalex.org/I4210101141,Luxembourg Institute of Health,True,103,2,1,103,0,0
https://openalex.org/I4210101217,Mersen (France),True,3718,1,2,3718;7372,0,0
https://openalex.org/I4210101228,IHI Corporation (Japan),True,5129,4,5,1389;3041;4227;5129;7244,0,0
https://openalex.org/I4210101239,East Suffolk and North Essex NHS Foundation Trust,True,5695,7,2,5695;5741,1,0
https://openalex.org/I4210101244,Methodist Healthcare,True,5229,1,1,5229,0,0
https://openalex.org/I4210101301,Northeast Institute of Geography and Agroecology,True,8510,1,2,8332;8510,0,0
https://openalex.org/I4210101330,Hendrix Genetics (Netherlands),True,,2,2,2360;398,1,0
https://openalex.org/I4210101343,Publicis Groupe (France),True,2702,3,4,1479;2702;3793;7244,0,0
https://openalex.org/I4210101348,Centre Inria de l'Université Grenoble Alpes,True,3984,24,2,3718;3984,0,0
https://openalex.org/I4210101380,Mitsubishi Corporation (Japan),True,5129,4,5,5129;5288;596;7244;815,0,0
https://openalex.org/I4210101455,CEA DAM Île-de-France,True,2702,4,3,1397;2085;2702,2,0
https://openalex.org/I4210101458,Finnish National Agency for Education,True,687,1,1,687,0,0
https://openalex.org/I4210101676,Campden BRI (United Kingdom),True,,1,1,964,1,0
https://openalex.org/I4210101701,CTI BioPharma (United States),True,4510,2,3,1600;4510;5288,0,0
https://openalex.org/I4210101760,Instituto de Investigacións Mariñas,True,952,1,1,952,0,0
https://openalex.org/I4210101771,Ministry of the Interior and Kingdom Relations,True,296,1,2,1793;296,0,0
https://openalex.org/I4210101778,Samsung (United States),True,7244,4,4,1769;2988;7244;9963,0,0
https://openalex.org/I4210101790,VA Tennessee Valley Healthcare System,True,6350,2,2,6350;6368,0,0
https://openalex.org/I4210101919,Centre of Biosciences of the Slovak Academy of Sciences,True,163,3,2,163;892,0,0
https://openalex.org/I4210101920,Faculty of 1000 (United Kingdom),True,5288,1,2,5288;7244,0,0
https://openalex.org/I4210101935,University of Miami Health System,True,6442,3,1,6442,0,0
https://openalex.org/I4210101953,Office of Biological and Environmental Research,True,7068,2,2,1255;7068,0,0
https://openalex.org/I4210101964,"Czech Academy of Sciences, Institute of Macromolecular Chemistry",True,535,1,2,1286;535,0,0
https://openalex.org/I4210101986,Servicio Aragonés de Salud,True,3982,1,1,3982,1,0
https://openalex.org/I4210102001,CNH Industrial (Netherlands),True,2659,9,7,1752;202;2626;2659;4946;5679;85,3,0
https://openalex.org/I4210102016,Hillrom (United States),True,,2,2,154;1830,1,0
https://openalex.org/I4210102018,Dell Children's Medical Center of Central Texas,True,5349,1,1,5349,0,0
https://openalex.org/I4210102025,Humber Teaching NHS Foundation Trust,True,5422,2,1,5422,1,0
https://openalex.org/I4210102026,Université du Sine Saloum El-Hâdj Ibrahima NIASS,True,153,1,1,153,0,0
https://openalex.org/I4210102032,Altran (United Kingdom),True,4767,1,2,4767;5550,0,0
https://openalex.org/I4210102083,Vifor Pharma (Switzerland),True,1479,3,4,1479;4736;5125;7244,0,0
https://openalex.org/I4210102094,Penn Highlands Healthcare,True,,1,0,,2,0
https://openalex.org/I4210102099,VA Ann Arbor Healthcare System,True,6929,2,1,6929,0,0
https://openalex.org/I4210102105,United States Department of the Air Force,True,7068,71,20,1642;182;2079;2546;4914;5229;5315;5332;5705;5765;6083;6143;6192;6566;6845;6990;7050;7068;7267;7347,8,0
https://openalex.org/I4210102110,Altana (Germany),True,536,1,2,2956;536,0,0
https://openalex.org/I4210102116,ISPA - Instituto Universitário,True,310,4,3,1118;143;310,0,0
https://openalex.org/I4210102159,Wockhardt (India),True,7961,3,4,1479;2702;7244;7961,0,0
https://openalex.org/I4210102167,Raytheon Technologies (United Kingdom),True,5288,1,1,5288,0,0
https://openalex.org/I4210102181,Mallinckrodt (United States),True,6192,3,4,415;5129;6192;7068,0,0
https://openalex.org/I4210102255,Svenska Cellulosa (Sweden),True,1445,1,2,1445;5373,0,0
https://openalex.org/I4210102265,New York State Office of Mental Health,True,7292,2,2,7244;7292,0,0
https://openalex.org/I4210102267,Changsha Mining and Metallurgy Research Institute (China),True,9100,2,1,9100,0,0
https://openalex.org/I4210102279,Knauf (Germany),True,3093,1,2,3093;535,0,0
https://openalex.org/I4210102302,University Hospital Brno,True,1177,1,2,1177;535,0,0
https://openalex.org/I4210102325,Hôpital Européen Georges-Pompidou,True,2702,1,1,2702,0,0
https://openalex.org/I4210102350,Jyoban Hospital of Tokiwa Foundation,True,,1,0,,2,0
https://openalex.org/I4210102407,Vall d'Hebron Institut de Recerca,True,4523,1,1,4523,0,0
https://openalex.org/I4210102431,POET Technologies (United States),True,,1,1,154,1,0
https://openalex.org/I4210102465,Antenne Services déconcentrés d'appui à la recherche Grand Est-Nancy/Colmar,True,4459,6,2,4192;4459,0,0
https://openalex.org/I4210102573,Earth Science Institute of the Slovak Academy of Sciences,True,163,1,1,163,0,0
https://openalex.org/I4210102577,CGI (Canada),True,3485,4,5,1427;3147;3485;535;7068,0,0
https://openalex.org/I4210102581,"Danish Ministry of Climate, Energy and Utilities",True,537,5,1,537,0,0
https://openalex.org/I4210102629,Gobierno de Canarias,True,395,2,2,395;543,0,0
https://openalex.org/I4210102652,Ministry of Labour and Social Affairs,True,535,1,2,1389;535,0,0
https://openalex.org/I4210102653,Universidade Politécnica de Setúbal,True,746,2,1,746,0,0
https://openalex.org/I4210102665,Institut des Sciences du Vivant Frédéric Joliot,True,2702,3,1,2702,0,0
https://openalex.org/I4210102700,Ministère de la Culture,True,2702,41,18,1397;1853;2085;2304;2702;3200;3541;3798;3911;3948;3984;4054;4088;4360;4426;4558;824;954,0,0
https://openalex.org/I4210102705,MaineHealth,True,7377,3,1,7377,0,0
https://openalex.org/I4210102753,Cook Children's Health Care System,True,5543,1,1,5543,0,0
https://openalex.org/I4210102801,Max Planck Institute for Heart and Lung Research,True,3093,1,2,3093;3246,0,0
https://openalex.org/I4210102861,Anatrace,True,6917,1,2,4460;6917,0,0
https://openalex.org/I4210102885,Azienda Sanitaria di Firenze,True,3106,1,1,3106,0,0
https://openalex.org/I4210102902,Sheffield Teaching Hospitals NHS Foundation Trust,True,4460,5,1,4460,0,0
https://openalex.org/I4210102907,Asahi Kasei (Japan),True,5129,3,4,5129;7244;7362;815,0,0
https://openalex.org/I4210102910,"Czech Academy of Sciences, Czech Language Institute",True,535,1,1,535,0,0
https://openalex.org/I4210102965,Korea Workers' Compensation and Welfare Service,True,3211,1,2,3211;94,0,0
https://openalex.org/I4210102981,Zumtobel Group (Austria),True,,2,1,5288,2,0
https://openalex.org/I4210102994,SOLIDpower (Italy),True,2891,1,1,2891,1,0
https://openalex.org/I4210103037,Recipharm (Sweden),True,1445,1,2,1445;2085,0,0
https://openalex.org/I4210103048,Miba (Austria),True,,1,1,3760,1,0
https://openalex.org/I4210103107,Celerion (United States),True,5937,2,3,242;3485;5937,0,0
https://openalex.org/I4210103111,École Nationale Supérieure d'Architecture de Toulouse,True,2304,1,1,2304,0,0
https://openalex.org/I4210103115,Xinjiang Institute of Ecology and Geography,True,2293,2,1,2293,1,0
https://openalex.org/I4210103149,ViiV Healthcare (United Kingdom),True,5288,2,3,310;3147;5288,0,0
https://openalex.org/I4210103164,Medacta International (Switzerland),True,,1,1,6654,1,0
https://openalex.org/I4210103180,Instituto Português de Oncologia Francisco Gentil,True,310,1,2,1003;310,0,0
https://openalex.org/I4210103194,"Dr. D.Y. Patil Vidyapeeth, Pune",True,7617,1,1,7617,0,0
https://openalex.org/I4210103243,Sana Kliniken AG,True,4736,3,2,4736;4996,2,0
https://openalex.org/I4210103373,Instytut Metalurgii Żelaza im. Stanisława Staszica,True,2663,1,1,2663,0,0
https://openalex.org/I4210103430,Meggitt (United Kingdom),True,3912,4,5,1853;3912;526;537;6972,0,0
https://openalex.org/I4210103438,Azienda Unità Sanitaria Locale Piacenza,True,2094,1,1,2094,1,0
https://openalex.org/I4210103439,East Cheshire NHS Trust,True,3304,3,2,3304;3719,0,0
https://openalex.org/I4210103473,Reaction Biology Corporation (United States),True,7177,1,2,2435;7177,0,0
https://openalex.org/I4210103524,Guangdong Academy of Sciences,True,9711,2,1,9711,0,0
https://openalex.org/I4210103541,Institute of Soil and Water Conservation,True,6736,1,1,6736,0,0
https://openalex.org/I4210103566,Deutsche Gesetzliche Unfallversicherung,True,1064,2,2,1064;536,1,0
https://openalex.org/I4210103607,École Nationale de la Météorologie,True,2304,1,1,2304,0,0
https://openalex.org/I4210103610,MBDA (France),True,2702,2,2,2702;5486,1,0
https://openalex.org/I4210103613,OSRAM (Germany),True,4736,3,4,2374;4736;4813;7347,0,0
https://openalex.org/I4210103682,VID Specialized University,True,596,5,3,131;298;596,0,0
https://openalex.org/I4210103685,South China Sea Institute Of Oceanology,True,9711,1,1,9711,0,0
https://openalex.org/I4210103744,Croda (United Kingdom),True,4159,1,2,2702;4159,0,0
https://openalex.org/I4210103779,National Center of Neurology and Psychiatry,True,5129,1,1,5129,0,0
https://openalex.org/I4210103792,Centre Max Weber,True,3718,1,1,3718,0,0
https://openalex.org/I4210103797,Nanjing Institute of Geology and Paleontology,True,9701,1,1,9701,0,0
https://openalex.org/I4210103839,Besins Healthcare (Thailand),True,1894,2,3,1269;1894;2702,0,0
https://openalex.org/I4210103856,Gateshead Health NHS Foundation Trust,True,4227,3,1,4227,0,0
https://openalex.org/I4210103901,Advantest (Japan),True,5129,1,2,154;5129,0,0
https://openalex.org/I4210103961,ÅF (Sweden),True,1445,2,3,1445;1479;535,0,0
https://openalex.org/I4210103972,Synthon (Netherlands),True,2659,1,2,1177;2659,0,0
https://openalex.org/I4210104019,Pioneer (Japan),True,5129,2,2,1642;5129,0,0
https://openalex.org/I4210104024,Immunocore (United Kingdom),True,4792,1,2,4792;7165,0,0
https://openalex.org/I4210104049,Genkyotex (France),True,4293,1,2,29;4293,0,0
https://openalex.org/I4210104076,North West Boroughs Healthcare NHS Foundation Trust,True,3304,2,2,2374;3304,0,0
https://openalex.org/I4210104089,Southern Maine Health Care,True,,1,0,,2,0
https://openalex.org/I4210104126,Banco Santander (Spain),True,3249,1,2,310;3249,0,0
https://openalex.org/I4210104138,VA North Texas Health Care System,True,5543,3,1,5543,1,0
https://openalex.org/I4210104139,Fondation Hopale,True,,1,0,,2,0
https://openalex.org/I4210104149,National Academy of Arts,True,15,1,2,15;2203,0,0
https://openalex.org/I4210104159,Bavarian State Ministry for Science and Art,True,4736,2,2,4649;4736,0,0
https://openalex.org/I4210104168,Medway NHS Foundation Trust,True,5288,1,1,5288,0,0
https://openalex.org/I4210104184,BMI Healthcare,True,5288,24,14,3304;3401;3448;3760;3799;3949;4125;4328;4427;4460;4526;5288;5406;5582,0,0
https://openalex.org/I4210104196,Centro Científico Tecnológico - Nordeste,True,3289,1,1,3289,1,0
https://openalex.org/I4210104203,Institute of Geography,True,1744,1,1,1744,0,0
https://openalex.org/I4210104272,Dagestan Scientific Center of the Russian Academy of Sciences,True,5816,1,1,5816,0,0
https://openalex.org/I4210104314,New York Institute of Technology,True,7244,1,2,375;7244,0,0
https://openalex.org/I4210104316,ProAmpac (United States),True,6827,1,2,3485;6827,0,0
https://openalex.org/I4210104339,Acta les instituts techniques agricoles,True,2702,1,1,2702,0,0
https://openalex.org/I4210104384,Hertfordshire Community NHS Trust,True,5486,2,2,5288;5486,0,0
https://openalex.org/I4210104430,Laboratoire d'Informatique de Grenoble,True,3984,9,1,3984,0,0
https://openalex.org/I4210104449,Dynavax Technologies (United States),True,1255,1,2,1255;815,0,0
https://openalex.org/I4210104478,Rheinmetall (Germany),True,815,2,3,1479;227;815,0,0
https://openalex.org/I4210104502,United Nations University,True,5129,16,11,105;1064;1322;202;2593;2626;2940;4523;4996;5129;687,2,0
https://openalex.org/I4210104593,Governo Italiano,True,3881,23,6,3106;3157;3881;4164;4333;85,0,0
https://openalex.org/I4210104594,AIR Worldwide (United States),True,7347,1,2,5288;7347,0,0
https://openalex.org/I4210104607,Centre Hospitalier Universitaire de Nîmes,True,3672,1,2,3541;3672,0,0
https://openalex.org/I4210104626,Daiichi-Sankyo (Japan),True,5129,7,8,1255;310;4736;5129;5288;7244;7466;94,0,0
https://openalex.org/I4210104674,Dekonta (Czechia),True,535,1,2,163;535,0,0
https://openalex.org/I4210104684,VetAgro Sup,True,3718,10,3,3353;3718;3984,1,0
https://openalex.org/I4210104735,Sandia National Laboratories,True,4914,2,2,1980;4914,0,0
https://openalex.org/I4210104748,OSI Systems (United States),True,1642,4,4,1266;1642;4454;5288,0,0
https://openalex.org/I4210104756,Avid (United States),True,7347,2,3,2079;419;7347,0,0
https://openalex.org/I4210104770,CTS Corporation (United States),True,6821,1,2,1389;6821,0,0
https://openalex.org/I4210104814,BayCare Health System,True,6237,9,2,6237;6359,0,0
https://openalex.org/I4210104857,Orica (Australia),True,1266,1,2,1266;154,0,0
https://openalex.org/I4210104974,Papworth Hospital NHS Foundation Trust,True,5550,1,1,5550,0,0
https://openalex.org/I4210104975,LAB University of Applied Sciences,True,,1,0,,2,0
https://openalex.org/I4210105070,Hôpital Charles-Le Moyne,True,3485,1,1,3485,0,0
https://openalex.org/I4210105139,Tianjin Institute of Pharmaceutical Research (China),True,8055,1,1,8055,0,0
https://openalex.org/I4210105165,ResMed (United States),True,2204,3,4,1427;1830;2204;4736,0,0
https://openalex.org/I4210105176,TuTech Innovation (Germany),True,3793,1,2,3793;4788,0,0
https://openalex.org/I4210105183,Regen Network (United States),True,,1,0,,2,0
https://openalex.org/I4210105197,Ministry of Agriculture & Farmers Welfare,True,7466,3,2,7466;9045,0,0
https://openalex.org/I4210105244,Joyson Safety Systems (United States),True,6948,2,2,5129;6948,1,0
https://openalex.org/I4210105245,Russian Customs Academy,True,2262,1,2,2262;6522,0,0
https://openalex.org/I4210105320,Fondazione Salvatore Maugeri,True,1778,1,1,1778,0,0
https://openalex.org/I4210105339,Instituto Nacional de Investigação Agrária e Veterinária,True,310,1,1,310,1,0
https://openalex.org/I4210105373,Scholarly Publishing and Academic Resources Coalition,True,7068,1,1,7068,0,0
https://openalex.org/I4210105379,Atlas Copco (Sweden),True,1445,6,7,1160;1445;5288;536;5543;669;790,0,0
https://openalex.org/I4210105394,Konyang University Hospital,True,1782,1,1,1782,1,0
https://openalex.org/I4210105427,Tarımsal Araştırmalar ve Politikalar Genel Müdürlüğü,True,3650,4,4,1140;3650;4243;4988,0,0
https://openalex.org/I4210105462,Lusíada University of Lisbon,True,310,5,1,310,0,0
https://openalex.org/I4210105514,Capital Institute of Pediatrics,True,7704,1,1,7704,0,0
https://openalex.org/I4210105538,Maryland Department of Natural Resources,True,7123,1,1,7123,0,0
https://openalex.org/I4210105583,Royal Observatory,True,2305,1,1,2305,0,0
https://openalex.org/I4210105614,Federal Food Safety and Veterinary Office,True,805,1,1,805,0,0
https://openalex.org/I4210105627,"Instituto de Artes Visuais, Design e Marketing",True,310,1,1,310,0,0
https://openalex.org/I4210105645,Kompetenznetz Darmerkrankungen,True,3942,1,1,3942,0,0
https://openalex.org/I4210105654,World Health Organization,True,29,32,22,1468;1558;156;163;1899;225;2262;2845;29;3705;3718;3881;3981;446;537;5465;5621;567;6502;7068;7466;811,0,0
https://openalex.org/I4210105688,Covestro (Germany),True,1064,2,3,1064;3956;7020,0,0
https://openalex.org/I4210105701,"Alliance of Crop, Soil, and Environmental Science Societies",True,6678,3,1,6678,0,0
https://openalex.org/I4210105704,Institute of Chemical and Engineering Sciences,True,,1,1,154,1,0
https://openalex.org/I4210105726,World Health Organization Regional Office for the Eastern Mediterranean,True,3981,7,4,1899;3981;5621;567,0,0
https://openalex.org/I4210105738,Centre Léon Bérard,True,3718,3,1,3718,0,0
https://openalex.org/I4210105746,Regional Health,True,,1,0,,2,0
https://openalex.org/I4210105774,Délégation Régionale Grand Ouest,True,954,10,4,1496;58;824;954,0,0
https://openalex.org/I4210105802,Instituto de Historia,True,3147,1,2,2008;3147,0,0
https://openalex.org/I4210105838,Adidas (Germany),True,4454,4,5,1427;2204;375;4454;5288,0,0
https://openalex.org/I4210105915,Solvay (France),True,2702,1,2,1397;2702,0,0
https://openalex.org/I4210105918,Normandie Université,True,1680,103,8,1071;1680;1768;2159;2702;3495;3718;824,1,0
https://openalex.org/I4210105921,Department of Primary Industries and Regional Development,True,360,1,1,360,0,0
https://openalex.org/I4210105924,Kellogg's (United States),True,,3,3,1269;2626;3304,1,0
https://openalex.org/I4210105940,Japan Aviation Electronics Industry (Japan),True,5129,1,2,1141;5129,0,0
https://openalex.org/I4210106073,Vaillant (Germany),True,1064,1,2,1064;2204,0,0
https://openalex.org/I4210106090,Institut de Cancérologie de l'Ouest,True,1496,1,2,1496;954,0,0
https://openalex.org/I4210106239,Sulzer (Switzerland),True,1479,4,4,1479;2988;5288;5804,1,0
https://openalex.org/I4210106256,University Hospital of Geneva,True,29,2,2,215;29,0,0
https://openalex.org/I4210106279,Ministry of Communications and Information,True,154,4,1,154,0,0
https://openalex.org/I4210106307,"Czech Academy of Sciences, Institute of Inorganic Chemistry",True,535,1,1,535,0,0
https://openalex.org/I4210106361,Gretsch-Unitas (Germany),True,3580,1,1,3580,1,0
https://openalex.org/I4210106399,Guangzhou Research Institute of Non-ferrous Metals,True,9711,1,1,9711,0,0
https://openalex.org/I4210106411,Koenig & Bauer (Germany),True,4153,2,2,215;4153,1,0
https://openalex.org/I4210106422,Brazilian Synchrotron Light Laboratory,True,6461,1,1,6461,0,0
https://openalex.org/I4210106446,Wuhan Research Institute of Materials Protection,True,8989,1,1,8989,0,0
https://openalex.org/I4210106474,Instituto Nacional de Investigación y Tecnología Agraria y Alimentaria,True,3147,3,1,3147,0,0
https://openalex.org/I4210106477,Shanghai Institutes for Biological Sciences,True,10097,4,1,10097,0,0
https://openalex.org/I4210106489,"National Heart, Lung, and Blood Institute",True,7068,2,2,7068;7337,0,0
https://openalex.org/I4210106508,Borys Grinchenko Kyiv Metropolitan University,True,2203,1,1,2203,0,0
https://openalex.org/I4210106543,Ajuntament de L’Hospitalet,True,4523,1,1,4523,0,0
https://openalex.org/I4210106545,Centre Inria d'Université Côte d'Azur,True,4426,40,4,2702;3157;3541;4426,0,0
https://openalex.org/I4210106569,Hutchison/MRC Research Centre,True,5550,1,1,5550,0,0
https://openalex.org/I4210106587,Nikon (Japan),True,5129,3,3,5129;5288;7244,1,0
https://openalex.org/I4210106617,Institut de Biologie Intégrative de la Cellule,True,2702,1,1,2702,0,0
https://openalex.org/I4210106623,OptiNose (United States),True,7165,1,2,596;7165,0,0
https://openalex.org/I4210106630,Bavarian Nordic (Denmark),True,537,2,3,1255;4736;537,0,0
https://openalex.org/I4210106678,Mölnlycke Health Care (Sweden),True,165,2,3,165;5356;6451,0,0
https://openalex.org/I4210106680,Tyrolit (Austria),True,,1,1,535,1,0
https://openalex.org/I4210106701,Ciência Viva,True,310,7,2,310;878,6,0
https://openalex.org/I4210106756,Conversant (Canada),True,3343,1,2,103;3343,0,0
https://openalex.org/I4210106793,Cotton Research Institute,True,7704,1,2,7704;8330,0,0
https://openalex.org/I4210106814,Bühler (Switzerland),True,1918,4,4,1918;199;5288;9893,1,0
https://openalex.org/I4210106879,Ohio University,True,,5,1,6887,5,0
https://openalex.org/I4210106882,Wuhan Institute of Virology,True,8989,1,1,8989,0,0
https://openalex.org/I4210106916,EagleBurgmann (Germany),True,4736,1,2,4736;5129,0,0
https://openalex.org/I4210106946,Centre Européen de Recherche et de Formation Avancée en Calcul Scientifique,True,2304,1,1,2304,0,0
https://openalex.org/I4210106970,Sigma Group (Czechia),True,1286,1,1,1286,0,0
https://openalex.org/I4210107004,Essity (Sweden),True,1445,1,2,1445;4736,0,0
https://openalex.org/I4210107056,Alfa Laval (Sweden),True,624,2,3,3718;596;624,0,0
https://openalex.org/I4210107062,Sinto (Japan),True,4532,1,2,4532;5129,0,0
https://openalex.org/I4210107087,BASF (Germany),True,3041,9,9,10097;1793;2626;2702;3041;596;7244;935;944,1,0
https://openalex.org/I4210107112,Biotest (Germany),True,3093,2,3,3093;6442;790,0,0
https://openalex.org/I4210107145,Department of Primary Industries and Regions South Australia,True,789,1,1,789,0,0
https://openalex.org/I4210107147,Institut Català d'Oncologia,True,4523,1,1,4523,0,0
https://openalex.org/I4210107152,Aptiv (Ireland),True,415,6,7,103;1178;2702;415;4328;6948;85,0,0
https://openalex.org/I4210107169,Ducks Unlimited,True,6047,1,2,1837;6047,0,0
https://openalex.org/I4210107171,Federal Chancellery Republic of Austria,True,790,1,1,790,0,0
https://openalex.org/I4210107193,GVS (Italy),True,3157,1,1,3157,1,0
https://openalex.org/I4210107248,Merchants Chongqing Communications Research and Design Institute,True,7578,1,1,7578,0,0
https://openalex.org/I4210107254,Services déconcentrés d'appui à la recherche Bretagne-Normandie,True,824,2,3,2702;398;824,0,0
https://openalex.org/I4210107338,Simons Foundation,True,7244,2,1,7244,0,0
https://openalex.org/I4210107353,NEC (United States),True,5543,1,2,5543;7244,0,0
https://openalex.org/I4210107363,"Department for Levelling Up, Housing & Communities",True,5288,2,2,3912;5288,0,0
https://openalex.org/I4210107429,Pasqual Maragall Foundation,True,4523,1,1,4523,0,0
https://openalex.org/I4210107434,Repubblica e Cantone Ticino,True,,3,1,1752,3,0
https://openalex.org/I4210107485,Tidewater (United States),True,5865,1,1,5865,1,0
https://openalex.org/I4210107532,Arjowiggins (United Kingdom),True,5288,1,1,5288,1,0
https://openalex.org/I4210107539,VA Finger Lakes Healthcare System,True,7183,2,1,7183,1,0
https://openalex.org/I4210107542,Azienda Unità Sanitaria Locale Della Romagna,True,3548,2,2,3548;3635,1,0
https://openalex.org/I4210107574,School of Business and Management,True,2085,1,2,2085;410,0,0
https://openalex.org/I4210107580,Northern Lincolnshire and Goole Hospitals NHS Foundation Trust,True,5254,3,3,4159;5254;5518,0,0
https://openalex.org/I4210107625,CNRS Écologie & Environnement,True,2702,52,19,1397;2010;2304;2702;2824;3200;3353;3541;3718;3798;3911;3948;3984;4054;4192;4426;4558;468;824,9,0
https://openalex.org/I4210107631,Ministère de la Santé,True,3145,1,1,3145,0,0
https://openalex.org/I4210107641,Centre de Mathématiques Appliquées de l'École polytechnique,True,2702,5,1,2702,0,0
https://openalex.org/I4210107682,Laboratoire National de Métrologie et d'Essais,True,2702,5,1,2702,0,0
https://openalex.org/I4210107693,École Nationale Supérieure d'Architecture de Nantes,True,954,1,1,954,0,0
https://openalex.org/I4210107711,Queen Elizabeth Hospital King's Lynn NHS Foundation Trust,True,,1,0,,2,0
https://openalex.org/I4210107720,CentraleSupélec,True,2702,28,4,2702;3485;4088;4192,0,0
https://openalex.org/I4210107722,Lundin Mining (Canada),True,2626,2,2,2626;415,1,0
https://openalex.org/I4210107738,CCTEG Shenyang Research Institute,True,7704,1,2,7704;8630,0,0
https://openalex.org/I4210107757,Centro Científico Tecnólogico - Rosario,True,3340,5,1,3340,0,0
https://openalex.org/I4210107804,Nexans (France),True,2702,4,4,2702;3667;5087;596,1,0
https://openalex.org/I4210107805,Flow International Corporation (United States),True,4510,1,1,4510,1,0
https://openalex.org/I4210107808,NORCE Research AS,True,131,1,1,131,0,0
https://openalex.org/I4210107880,Austrian Society for Cybernetic Studies,True,790,1,1,790,0,0
https://openalex.org/I4210107929,Ministère de la Santé,True,2317,3,2,1785;2317,0,0
https://openalex.org/I4210107955,"Czech Academy of Sciences, Institute of Philosophy",True,535,1,1,535,0,0
https://openalex.org/I4210108016,Prediction Sciences (United States),True,2204,1,2,2204;3718,0,0
https://openalex.org/I4210108025,Doosan (South Korea),True,94,3,4,43;6451;94;955,0,0
https://openalex.org/I4210108033,The Enteric Nervous System in Gut and Brain Disorders,True,954,1,2,1062;954,0,0
https://openalex.org/I4210108049,Nemours Children's Health System,True,6574,4,4,6022;6487;6574;7165,0,0
https://openalex.org/I4210108068,Bausch Health (Canada),True,3485,5,6,3041;3485;3541;415;5631;7244,0,0
https://openalex.org/I4210108070,Aga Khan University Nairobi,True,2171,4,4,2171;3056;3280;974,0,0
https://openalex.org/I4210108136,Petroleum Geo-Services (Norway),True,596,1,2,5288;596,0,0
https://openalex.org/I4210108150,Crown Holdings (United States),True,7165,1,2,2825;7165,0,0
https://openalex.org/I4210108191,Novasep (Belgium),True,1372,1,2,1064;1372,0,0
https://openalex.org/I4210108212,Fatebenefratelli Hospital,True,3881,1,2,3592;3881,0,0
https://openalex.org/I4210108256,State of Maine Department of Health and Human Services,True,,1,0,,2,0
https://openalex.org/I4210108268,Northwest Institute For Non-Ferrous Metal Research,True,7094,1,1,7094,0,0
https://openalex.org/I4210108384,Nifco (Japan),True,5129,1,2,5129;7704,0,0
https://openalex.org/I4210108471,Le Mans Université,True,1933,19,5,1496;1933;3718;824;954,0,0
https://openalex.org/I4210108488,Groupe des Écoles Nationales d'Économie et Statistique,True,2702,4,2,2702;824,0,0
https://openalex.org/I4210108497,SKA Observatory,True,3304,2,2,3304;3337,1,0
https://openalex.org/I4210108499,Menarini Group (Italy),True,3106,3,4,103;3106;4946;7244,0,0
https://openalex.org/I4210108530,Tameside and Glossop Integrated Care NHS Foundation Trust,True,3304,1,1,3304,0,0
https://openalex.org/I4210108540,HEICO (United States),True,6442,1,2,2702;6442,0,0
https://openalex.org/I4210108543,National Academy of Sciences of the Republic of Kyrgyzstan,True,1091,1,1,1091,0,0
https://openalex.org/I4210108560,"Istituto Nazionale di Fisica Nucleare, Sezione di Napoli",True,4333,1,2,4333;4498,0,0
https://openalex.org/I4210108563,Osaka Police Hospital,True,3956,1,1,3956,0,0
https://openalex.org/I4210108571,Sumitomo Mitsui Trust Holdings (Japan),True,5129,2,2,154;5129,0,0
https://openalex.org/I4210108577,Centro de Astrofísica da Universidade do Porto,True,1003,1,1,1003,0,0
https://openalex.org/I4210108598,Japan Tobacco (Japan),True,5129,2,3,29;5129;7244,0,0
https://openalex.org/I4210108711,University Medical Center Hamburg-Eppendorf,True,3793,4,1,3793,0,0
https://openalex.org/I4210108720,Services déconcentrés d'appui à la recherche Pays de la Loire,True,954,4,2,1496;954,0,0
https://openalex.org/I4210108721,Ernst & Young (United Kingdom),True,5288,2,3,419;5288;7244,0,0
https://openalex.org/I4210108778,Fresenius (Germany),True,3093,9,8,1793;3093;535;6654;7347;7466;7704;94,0,0
https://openalex.org/I4210108797,Coventry and Warwickshire Partnership NHS Trust,True,4328,1,2,3799;4328,0,0
https://openalex.org/I4210108799,Office of Information and Resource Management,True,7068,2,1,7068,0,0
https://openalex.org/I4210108813,Azienda Ospedaliero-Universitaria delle Marche,True,4198,2,1,4198,0,0
https://openalex.org/I4210108817,Legrand (France),True,2233,4,5,1830;2233;3799;536;7302,0,0
https://openalex.org/I4210108861,Mechanical Design (Czechia),True,535,1,2,480;535,0,0
https://openalex.org/I4210108870,Beijing General Research Institute of Mining and Metallurgy,True,7704,2,1,7704,0,0
https://openalex.org/I4210108880,Stada Arzneimittel (Germany),True,3093,1,2,3093;5288,0,0
https://openalex.org/I4210108919,Foxconn (Taiwan),True,,5,4,1255;5129;955;9725,2,0
https://openalex.org/I4210108991,IQVIA (United States),True,6942,4,5,2702;310;5288;5991;6942,0,0
https://openalex.org/I4210108999,Refugee Council,True,5288,1,2,2086;5288,0,0
https://openalex.org/I4210109132,Ministry of Health,True,2203,3,2,2203;2737,0,0
https://openalex.org/I4210109164,Teleflex (United States),True,7165,4,3,1266;2626;7165,2,0
https://openalex.org/I4210109172,Nuffield Health,True,5288,9,8,1854;3099;3799;4227;4294;4792;5288;5406,0,0
https://openalex.org/I4210109205,ImageCat (United States),True,1642,1,2,1642;5288,0,0
https://openalex.org/I4210109228,Jain Irrigation Systems (India),True,7929,1,2,419;7929,0,0
https://openalex.org/I4210109244,Ministry of Health,True,2072,3,1,2072,0,0
https://openalex.org/I4210109417,Ministry of Education and Research,True,1445,2,1,1445,1,0
https://openalex.org/I4210109544,Second Institute of Oceanography,True,10078,1,1,10078,0,0
https://openalex.org/I4210109549,National Institute of Public Health,True,67,1,1,67,0,0
https://openalex.org/I4210109567,Office of Infectious Diseases,True,6451,4,1,6451,0,0
https://openalex.org/I4210109581,"Wolfspeed, Inc. (United States)",True,6942,2,3,5877;6942;9725,0,0
https://openalex.org/I4210109671,"Office of Budget, Finance and Award Management",True,7068,3,1,7068,0,0
https://openalex.org/I4210109720,Teva Pharmaceuticals (Israel),True,419,12,11,1427;1479;1830;2626;2702;3147;4159;419;535;7177;964,2,0
https://openalex.org/I4210109794,Ministère des Solidarités et de la Santé,True,2702,1,1,2702,0,0
https://openalex.org/I4210109803,Vivendi (France),True,2702,1,2,2702;7244,0,0
https://openalex.org/I4210109872,Nielsen (United States),True,7244,1,2,3093;7244,0,0
https://openalex.org/I4210109911,Woodruff Health Sciences Center,True,6451,1,1,6451,0,0
https://openalex.org/I4210109925,Cargill (United States),True,6433,5,6,1269;1427;1837;3200;5288;6433,0,0
https://openalex.org/I4210109991,Kanazawa Municipal Hospital,True,3991,1,1,3991,0,0
https://openalex.org/I4210110008,"Department of the Environment, Climate and Communications",True,415,1,1,415,0,0
https://openalex.org/I4210110099,St. Louis County Missouri,True,6192,2,1,6192,0,0
https://openalex.org/I4210110118,Hansoh Pharma (China),True,9393,1,2,7068;9393,0,0
https://openalex.org/I4210110145,Beijing Municipal Government,True,7704,4,1,7704,0,0
https://openalex.org/I4210110172,Ateknea Solutions (Spain),True,4523,3,3,114;4523;964,0,0
https://openalex.org/I4210110181,Ministry of Defence,True,5465,5,3,5465;6323;6961,0,0
https://openalex.org/I4210110187,Microsemi (United States),True,1642,3,4,1642;2086;375;419,0,0
https://openalex.org/I4210110195,China Energy Engineering Corporation (China),True,7704,1,2,7704;9711,0,0
https://openalex.org/I4210110247,Fraunhofer Institute for Photonic Microsystems,True,4996,1,1,4996,0,0
https://openalex.org/I4210110309,The George Institute for Global Health,True,1830,3,4,1830;5288;7466;7704,0,0
https://openalex.org/I4210110334,Hirslanden Private Hospital Group,True,1479,19,8,1380;1479;1918;215;29;669;805;935,1,0
https://openalex.org/I4210110338,Mario Negri Sud Foundation,True,,1,1,1600,1,0
https://openalex.org/I4210110360,Department of Health,True,3583,1,2,3539;3583,0,0
https://openalex.org/I4210110369,HBLFA Raumberg-Gumpenstein,True,,1,0,,2,0
https://openalex.org/I4210110375,Gold Peak Industries (United Kingdom),True,5288,1,2,5288;73,0,0
https://openalex.org/I4210110394,Toppan (Japan),True,5129,2,2,5129;5288,1,0
https://openalex.org/I4210110412,Délégation Centre-Est,True,4192,9,5,3585;3798;4054;4088;4192,0,0
https://openalex.org/I4210110458,Institute of Electronics,True,7704,1,2,10097;7704,0,0
https://openalex.org/I4210110509,Division of Chemistry,True,7068,2,2,4510;7068,0,0
https://openalex.org/I4210110524,Nissan (Japan),True,5129,3,4,215;4227;5129;6948,0,0
https://openalex.org/I4210110568,Elkem (Norway),True,596,1,1,596,1,0
https://openalex.org/I4210110574,Ministry of Health and Medical Education,True,4686,3,3,3677;4196;4686,1,0
https://openalex.org/I4210110577,New Mexico Economic Development Department,True,,1,1,4914,1,0
https://openalex.org/I4210110594,MRC Weatherall Institute of Molecular Medicine,True,4792,2,1,4792,0,0
https://openalex.org/I4210110609,Chongqing University of Arts and Sciences,True,7578,1,1,7578,0,0
https://openalex.org/I4210110641,CEA Cadarache,True,,1,1,4426,1,0
https://openalex.org/I4210110652,RIKEN,True,5129,15,3,3956;5129;7244,0,0
https://openalex.org/I4210110660,Universidade Estadual da Região Tocantina do Maranhão,True,5334,1,1,5334,0,0
https://openalex.org/I4210110664,University of California San Francisco Medical Center,True,1255,1,1,1255,0,0
https://openalex.org/I4210110674,Stora Enso (Finland),True,687,2,3,1445;2988;687,0,0
https://openalex.org/I4210110703,Fundación para el Fomento de la Innovación Industrial,True,3147,1,1,3147,0,0
https://openalex.org/I4210110723,Hunan Academy of Agricultural Sciences,True,9100,1,1,9100,1,0
https://openalex.org/I4210110767,National Institute of Neurological Disorders and Stroke,True,7068,1,2,3282;7068,0,0
https://openalex.org/I4210110810,Ecolab (United States),True,6433,3,4,1064;2702;3304;6433,0,0
https://openalex.org/I4210110833,Aurobindo Pharma (India),True,9045,1,2,7244;9045,0,0
https://openalex.org/I4210110846,Doncaster and Bassetlaw Teaching Hospitals NHS Foundation Trust,True,4159,4,2,4159;4460,0,0
https://openalex.org/I4210110861,"Department for Business, Energy and Industrial Strategy",True,5288,2,3,3304;4767;5288,0,0
https://openalex.org/I4210110862,Department of Medical Sciences,True,2262,35,7,2262;6179;6191;6258;6423;6459;750,0,0
https://openalex.org/I4210110881,Centre Eugène Marquis,True,824,2,1,824,0,0
https://openalex.org/I4210110900,Department for the Economy,True,242,1,1,242,0,0
https://openalex.org/I4210110923,Cheshire Archives and Local Studies,True,2765,1,1,2765,0,0
https://openalex.org/I4210111000,Japan Synchrotron Radiation Research Institute,True,3956,1,1,3956,0,0
https://openalex.org/I4210111018,Hunan Haili Chemical Industry (China),True,9100,1,1,9100,0,0
https://openalex.org/I4210111021,Össur (Iceland),True,83,1,2,1064;83,0,0
https://openalex.org/I4210111092,European Molecular Biology Laboratory,True,3984,1,1,3984,0,0
https://openalex.org/I4210111106,Q Free (Norway),True,452,1,1,452,1,0
https://openalex.org/I4210111135,King's College Hospital NHS Foundation Trust,True,5288,6,1,5288,0,0
https://openalex.org/I4210111137,German Centre for Higher Education Research and Science Studies,True,3667,1,2,3667;4946,0,0
https://openalex.org/I4210111146,WellSpan Health,True,7135,2,2,7135;7159,0,0
https://openalex.org/I4210111170,Dow Chemical (United Kingdom),True,3304,1,2,3304;5550,0,0
https://openalex.org/I4210111188,Universidade Paulista,True,6567,1,2,6461;6567,0,0
https://openalex.org/I4210111248,Ministry of Transport,True,596,3,2,131;596,0,0
https://openalex.org/I4210111344,Goethe Institut,True,4736,2,3,154;310;4736,0,0
https://openalex.org/I4210111466,Midlands Partnership NHS Foundation Trust,True,3875,7,2,3719;3875,1,0
https://openalex.org/I4210111523,Klöckner (Germany),True,536,1,2,4159;536,0,0
https://openalex.org/I4210111540,Stanley Black & Decker (United States),True,7302,5,6,1141;1479;419;4460;4558;7302,0,0
https://openalex.org/I4210111566,RUAG (Switzerland),True,805,2,3,165;4736;805,0,0
https://openalex.org/I4210111569,VA Capitol Health Care Network,True,7123,8,3,7068;7123;7165,3,0
https://openalex.org/I4210111578,Délégation Régionale Provence-Alpes-Côte d’Azur et Corse,True,3911,4,1,3911,0,0
https://openalex.org/I4210111591,Millar (United States),True,5511,1,2,5511;869,0,0
https://openalex.org/I4210111614,"EMD Serono, Inc. (United States)",True,7347,1,2,6192;7347,0,0
https://openalex.org/I4210111617,Osaka Prefectural Education Center,True,3956,10,1,3956,0,0
https://openalex.org/I4210111649,Subsea 7 (United Kingdom),True,5288,1,2,2702;5288,0,0
https://openalex.org/I4210111653,Department of Global Issues and International Relations,True,2262,3,1,2262,0,0
https://openalex.org/I4210111736,"Czech Academy of Sciences, Institute of Plasma Physics",True,535,2,1,535,0,0
https://openalex.org/I4210111795,Hisense (China),True,9309,2,2,6451;9309,0,0
https://openalex.org/I4210111804,Sanofi (United States),True,7244,2,2,1255;7244,0,0
https://openalex.org/I4210111827,CMCC Foundation - Euro-Mediterranean Center on Climate Change,True,5071,1,2,1600;5071,0,0
https://openalex.org/I4210111852,China National Hybrid Rice R&D Central Hunan Hybrid Rice Reserch Center,True,9100,1,1,9100,0,0
https://openalex.org/I4210111865,St. Patrick Roman Catholic Church,True,7244,2,3,6948;7177;7244,0,0
https://openalex.org/I4210111874,Observatoire de Physique du Globe de Clermont-Ferrand,True,3353,2,1,3353,0,0
https://openalex.org/I4210111875,Max Planck Institute for the Physics of Complex Systems,True,4996,1,1,4996,0,0
https://openalex.org/I4210111876,Einstein Healthcare Network,True,7165,3,1,7165,0,0
https://openalex.org/I4210111895,Novocure (Jersey),True,87,1,1,87,1,0
https://openalex.org/I4210111901,CMPC (United States),True,6237,1,2,2072;6237,0,0
https://openalex.org/I4210111918,African Union,True,5821,1,1,5821,0,0
https://openalex.org/I4210111986,Nanjing Hydraulic Research Institute,True,9701,1,1,9701,0,0
https://openalex.org/I4210111996,École Supérieure des Professions Immobilières,True,2702,7,7,1397;2702;3200;3541;3718;3911;954,0,0
https://openalex.org/I4210112000,Faraday Technology (Taiwan),True,491,1,2,491;6845,0,0
https://openalex.org/I4210112037,Region Jönköpings län,True,,1,0,,2,0
https://openalex.org/I4210112062,World Health Organization Regional Office for South-East Asia,True,7466,2,2,3705;7466,0,0
https://openalex.org/I4210112105,Insmed (United States),True,7244,1,2,5288;7244,0,0
https://openalex.org/I4210112114,Royal HaskoningDHV (Netherlands),True,2181,2,3,2181;535;5454,0,0
https://openalex.org/I4210112137,Escola Superior Artística do Porto,True,1003,1,1,1003,0,0
https://openalex.org/I4210112150,Institute of Automation,True,7704,2,1,7704,0,0
https://openalex.org/I4210112155,Ono Pharmaceutical (Japan),True,3956,2,3,3956;5288;7165,0,0
https://openalex.org/I4210112187,Homerton University Hospital NHS Foundation Trust,True,5288,1,1,5288,0,0
https://openalex.org/I4210112228,Alere (United States),True,7347,5,6,1479;2355;242;4618;596;7347,0,0
https://openalex.org/I4210112251,Getinge (Sweden),True,165,2,3,165;2988;7244,0,0
https://openalex.org/I4210112291,De Beers (United Kingdom),True,5288,2,3,2626;3337;5288,0,0
https://openalex.org/I4210112306,Boliden (Sweden),True,1445,1,1,1445,1,0
https://openalex.org/I4210112323,Ministry of Health and Sports,True,3596,1,1,3596,0,0
https://openalex.org/I4210112371,Montefiore Health System,True,7244,6,1,7244,0,0
https://openalex.org/I4210112383,Nestlé (Switzerland),True,376,15,16,1269;1427;154;1642;2626;2702;310;329;3337;376;4788;5024;6567;7244;7466;7704,0,0
https://openalex.org/I4210112425,Sciences Po Toulouse,True,2304,4,1,2304,0,0
https://openalex.org/I4210112432,Anglo American (United Kingdom),True,5288,2,3,3337;375;5288,0,0
https://openalex.org/I4210112479,"Ministry of Micro, Small and Medium Enterprises",True,7466,1,2,7466;8561,0,0
https://openalex.org/I4210112491,Park Nicollet Health Services,True,6433,2,1,6433,0,0
https://openalex.org/I4210112497,"Czech Academy of Sciences, Global Change Research Institute",True,1177,2,2,1177;535,0,0
https://openalex.org/I4210112503,Kyung Hee University Medical Center,True,94,3,1,94,0,0
https://openalex.org/I4210112513,National Agricultural Research and Innovation Centre,True,964,4,1,964,1,0
https://openalex.org/I4210112540,Institute of Biophysics,True,7704,3,1,7704,0,0
https://openalex.org/I4210112577,Directorate for Mathematical & Physical Sciences,True,7068,8,2,4510;7068,0,0
https://openalex.org/I4210112595,Research Institute of Petroleum Exploration and Development,True,7704,1,1,7704,0,0
https://openalex.org/I4210112608,Hovione (Portugal),True,310,1,2,310;73,0,0
https://openalex.org/I4210112672,VA MidSouth Healthcare Network,True,6350,8,5,6047;6350;6368;6630;6748,2,0
https://openalex.org/I4210112690,Boskalis (Netherlands),True,296,1,2,296;4867,0,0
https://openalex.org/I4210112706,Institut Catholique d'Arts et Métiers,True,2702,2,3,2304;2702;3200,0,0
https://openalex.org/I4210112713,University Hospital Schleswig-Holstein,True,3942,2,2,3942;4221,0,0
https://openalex.org/I4210112722,Ahold Delhaize (Netherlands),True,1427,1,2,1427;7129,0,0
https://openalex.org/I4210112771,Geostock (France),True,2702,1,2,2702;5511,0,0
https://openalex.org/I4210112820,Shanghai Institute of Materia Medica,True,10097,1,1,10097,0,0
https://openalex.org/I4210112888,Holtzbrinck Publishing Group (Germany),True,3580,5,6,3580;4946;5288;7244;7347;935,0,0
https://openalex.org/I4210112906,Bridgepoint (United Kingdom),True,5288,2,3,3093;5288;7244,0,0
https://openalex.org/I4210112910,Centre Hospitalier Universitaire d'Angers,True,1496,1,2,1496;954,0,0
https://openalex.org/I4210112917,Ningbo Municipal People's Government,True,10282,2,1,10282,0,0
https://openalex.org/I4210112940,"Ministry of Science, Industry and Technology",True,3650,1,1,3650,0,0
https://openalex.org/I4210112946,Shanghai Institute of Organic Chemistry,True,10097,4,3,10097;696;9718,0,0
https://openalex.org/I4210112995,Bionorica (Germany),True,,1,1,8,1,0
https://openalex.org/I4210112997,State Power Investment Corporation (China),True,7704,1,2,10097;7704,0,0
https://openalex.org/I4210113000,Takara (Japan),True,3956,3,4,1255;165;2702;3956,0,0
https://openalex.org/I4210113028,Air Products (United States),True,7195,3,4,4523;5288;536;7195,0,0
https://openalex.org/I4210113035,Kalispell Regional Healthcare,True,,1,0,,2,0
https://openalex.org/I4210113036,"Ministry of Agricultural, Food and Forestry Policies",True,3881,1,1,3881,0,0
https://openalex.org/I4210113060,Sisters of Mercy Health System,True,6192,8,3,5705;5973;6192,3,0
https://openalex.org/I4210113155,Unilever (Netherlands),True,296,1,2,2324;296,0,0
https://openalex.org/I4210113157,Phoenix VA Health Care System,True,4211,1,1,4211,0,0
https://openalex.org/I4210113225,École Nationale Supérieure d'Architecture de Grenoble,True,3984,3,2,3984;954,0,0
https://openalex.org/I4210113233,Baptist Health Care,True,6022,1,1,6022,0,0
https://openalex.org/I4210113251,Electronic Arts (United States),True,1255,2,3,1255;375;5288,0,0
https://openalex.org/I4210113261,Jiangxi Transportation Research Institute,True,9629,1,2,9629;9701,0,0
https://openalex.org/I4210113263,Escola Superior de Enfermagem da Universidade de Lisboa,True,310,1,1,310,0,0
https://openalex.org/I4210113269,Hochschule Niederrhein,True,536,1,1,536,0,0
https://openalex.org/I4210113301,Janssen (Switzerland),True,1479,1,1,1479,1,0
https://openalex.org/I4210113334,Délégation Centre Limousin Poitou-Charentes,True,2639,2,1,2639,0,0
https://openalex.org/I4210113402,China National Chemical Corporation (China),True,7704,2,2,3667;7704,1,0
https://openalex.org/I4210113494,Merz (Germany),True,3093,1,2,3093;6942,0,0
https://openalex.org/I4210113499,Directorate for Computer & Information Science & Engineering,True,7068,5,2,1642;7068,0,0
https://openalex.org/I4210113515,HCG Cancer Hospital,True,9099,2,3,7163;8952;9099,0,0
https://openalex.org/I4210113540,VA Rocky Mountain Network,True,5332,11,4,4881;5332;5479;5705,4,0
https://openalex.org/I4210113573,Lhoist (Belgium),True,1269,2,2,1178;1269,1,0
https://openalex.org/I4210113585,Amarin (Ireland),True,415,2,3,415;5288;7244,0,0
https://openalex.org/I4210113586,Ministry of Economy,True,1507,2,1,1507,0,0
https://openalex.org/I4210113598,Escola Superior de Actividades Imobiliárias,True,310,1,1,310,0,0
https://openalex.org/I4210113620,Hottinger Baldwin Messtechnik (Germany),True,3297,3,4,1003;3297;5373;7317,0,0
https://openalex.org/I4210113662,Agricultural Research Institute Kromeriz,True,,1,0,,2,0
https://openalex.org/I4210113668,Direction de la Recherche Fondamentale,True,2702,52,4,1680;2702;3948;3984,3,0
https://openalex.org/I4210113688,Ministry of Ecology and Natural Resources of Ukraine,True,2203,1,2,2203;3967,0,0
https://openalex.org/I4210113705,Lee Memorial Health System,True,6259,1,1,6259,0,0
https://openalex.org/I4210113715,Department of Physical and Technical Sciences,True,799,8,4,1273;1475;1569;799,0,0
https://openalex.org/I4210113723,Ministry of Agriculture and Food,True,596,1,1,596,0,0
https://openalex.org/I4210113730,Météo-France,True,2304,18,5,2304;3541;3984;4124;468,3,0
https://openalex.org/I4210113816,Cosmo Pharmaceuticals (Ireland),True,415,1,2,1600;415,0,0
https://openalex.org/I4210113834,Methodist Le Bonheur Healthcare,True,6047,1,1,6047,0,0
https://openalex.org/I4210113867,Institut de Soudure,True,2702,1,2,2702;4019,0,0
https://openalex.org/I4210113900,York Teaching Hospital NHS Foundation Trust,True,5024,8,2,4159;5024,3,0
https://openalex.org/I4210113926,China National Biotechnology (China),True,7704,2,3,3828;5723;7704,0,0
https://openalex.org/I4210113937,Mid Essex Hospital Services NHS Trust,True,5615,4,1,5615,0,0
https://openalex.org/I4210113966,Tetra Pak (Sweden),True,624,1,2,310;624,0,0
https://openalex.org/I4210113968,Mars (United States),True,7068,5,6,2702;4444;4925;5288;6654;7068,0,0
https://openalex.org/I4210114023,Kameda Medical Center,True,,1,1,5129,1,0
https://openalex.org/I4210114062,Garmin (Switzerland),True,,3,3,4736;4867;535,1,0
https://openalex.org/I4210114068,Centre Hospitalier Universitaire de Caen Normandie,True,1680,1,1,1680,0,0
https://openalex.org/I4210114093,Ministère de la Justice,True,2702,2,1,2702,0,0
https://openalex.org/I4210114099,Shropshire Community Health NHS Trust,True,2994,4,3,2994;3354;3448,2,0
https://openalex.org/I4210114103,IFOM,True,1600,1,1,1600,0,0
https://openalex.org/I4210114115,IBM Research - Thomas J. Watson Research Center,True,7244,12,12,1255;1266;1479;3337;415;419;5129;5349;6961;7244;7466;7704,1,0
https://openalex.org/I4210114143,GlaxoSmithKline (United States),True,7165,1,2,4510;7165,0,0
https://openalex.org/I4210114179,Sonova (Switzerland),True,1479,1,2,1479;2276,0,0
https://openalex.org/I4210114193,Cybernet Systems Corporation (United States),True,6929,1,2,2360;6929,0,0
https://openalex.org/I4210114217,National Institutes for Quantum Science and Technology,True,5129,3,3,3956;5005;5129,0,0
https://openalex.org/I4210114233,Stockport NHS Foundation Trust,True,3304,1,1,3304,0,0
https://openalex.org/I4210114274,Laboratoire d’Informatique et Systèmes,True,3911,1,1,3911,0,0
https://openalex.org/I4210114279,WestRock (United States),True,7032,1,2,7032;945,0,0
https://openalex.org/I4210114283,Kyocera (Japan),True,5129,3,4,3580;5125;5129;7244,0,0
https://openalex.org/I4210114304,KraussMaffei (Germany),True,3667,1,1,3667,1,0
https://openalex.org/I4210114307,World Cancer Research Fund International,True,5288,2,2,1427;5288,0,0
https://openalex.org/I4210114321,Ministry of Defence,True,3881,1,1,3881,0,0
https://openalex.org/I4210114415,"Czech Academy of Sciences, Institute of Archaeology, Prague",True,535,1,2,1177;535,0,0
https://openalex.org/I4210114444,Meta (United States),True,1255,2,3,1255;419;5288,0,0
https://openalex.org/I4210114445,Michigan Medicine,True,6929,5,1,6929,0,0
https://openalex.org/I4210114475,Baader Food Processing Machinery (Germany),True,4221,1,1,4221,1,0
https://openalex.org/I4210114501,Wollo University,True,6418,1,2,6418;6454,0,0
https://openalex.org/I4210114506,Ministry of Education,True,1604,3,3,1604;2453;94,0,0
https://openalex.org/I4210114507,AXON Neuroscience (Cyprus),True,386,1,2,163;386,0,0
https://openalex.org/I4210114539,Tata Technologies (India),True,7617,1,2,154;7617,0,0
https://openalex.org/I4210114548,Tianjin People's Government,True,8055,1,1,8055,0,0
https://openalex.org/I4210114570,ITPEnergised Group (United Kingdom),True,2305,1,2,2305;9834,0,0
https://openalex.org/I4210114575,Jefferson University Hospitals,True,7165,3,1,7165,0,0
https://openalex.org/I4210114607,IVL Swedish Environmental Research Institute,True,1445,1,2,1445;7704,0,0
https://openalex.org/I4210114608,Songshan Lake Materials Laboratory,True,9718,1,1,9718,0,0
https://openalex.org/I4210114638,Max Weber Stiftung - Deutsche Geisteswissenschaftliche Institute im Ausland,True,1064,12,11,1064;1637;2262;2702;3222;3881;431;5129;5288;7068;7466,0,0
https://openalex.org/I4210114748,Délégation Ile-de-France Sud,True,2702,9,1,2702,0,0
https://openalex.org/I4210114796,Chemo (Spain),True,3147,1,2,2702;3147,0,0
https://openalex.org/I4210114807,Stirling Dynamics (United Kingdom),True,3099,1,2,3099;4510,0,0
https://openalex.org/I4210114810,Ministry of Higher Education and Scientific Research,True,3145,4,1,3145,1,0
https://openalex.org/I4210114836,Fermi Research Alliance,True,6654,2,1,6654,0,0
https://openalex.org/I4210114920,Siemens (United Kingdom),True,5125,1,2,5047;5125,0,0
https://openalex.org/I4210114929,Aga Khan Development Network,True,29,14,10,1091;2034;2171;29;3056;3280;5288;6458;7068;974,1,0
https://openalex.org/I4210114974,IMEC,True,1565,1,2,1565;657,0,0
https://openalex.org/I4210115054,International Water Association,True,5288,1,1,5288,0,0
https://openalex.org/I4210115082,Centro de Investigación Biomédica en Red,True,3147,3,1,3147,0,0
https://openalex.org/I4210115097,Hospital Clínic de Barcelona,True,4523,5,1,4523,0,0
https://openalex.org/I4210115115,Ministry of Science and Education Republic of Azerbaijan,True,1744,7,1,1744,0,0
https://openalex.org/I4210115145,"University of Minnesota, Duluth",True,6755,1,1,6755,0,0
https://openalex.org/I4210115231,Dartford And Gravesham NHS Trust,True,5288,2,1,5288,0,0
https://openalex.org/I4210115235,Malawi Government,True,446,1,1,446,0,0
https://openalex.org/I4210115238,Zimmer Biomet (United States),True,,8,7,1479;1769;296;310;4327;4946;7466,1,0
https://openalex.org/I4210115256,Jackson Laboratory,True,,2,1,7302,2,0
https://openalex.org/I4210115279,Department of Physiological Sciences,True,2262,9,3,2262;5972;750,0,0
https://openalex.org/I4210115301,Santa Clara Valley Health and Hospital System,True,1255,2,1,1255,0,0
https://openalex.org/I4210115303,Moscow University «Synergy»,True,2262,1,2,2262;357,0,0
https://openalex.org/I4210115317,"Toray Industries, Inc. (Japan)",True,5129,2,3,1894;5129;7312,0,0
https://openalex.org/I4210115420,Patrys (Australia),True,1266,1,2,1266;4153,0,0
https://openalex.org/I4210115440,Ferd (Norway),True,596,2,2,1479;596,0,0
https://openalex.org/I4210115515,Nanyang Institute of Technology,True,8274,1,2,154;8274,0,0
https://openalex.org/I4210115557,"Bayerisches Staatsministerium für Ernährung, Landwirtschaft und Forsten",True,4736,1,1,4736,0,0
https://openalex.org/I4210115570,National Space Science Center,True,7704,2,1,7704,0,0
https://openalex.org/I4210115576,OPKO Health (United States),True,6442,3,3,2626;564;6442,1,0
https://openalex.org/I4210115659,Roivant Sciences (Switzerland),True,935,2,2,7244;935,1,0
https://openalex.org/I4210115680,Automation Research and Design Institute of Metallurgical Industry (China),True,7704,1,1,7704,0,0
https://openalex.org/I4210115737,Wellcome Collection,True,5288,1,1,5288,0,0
https://openalex.org/I4210115771,Heilongjiang Academy of Forestry,True,8332,1,1,8332,0,0
https://openalex.org/I4210115779,Services déconcentrés d'appui à la recherche Ile-de-France-Versailles-Saclay,True,2702,2,1,2702,0,0
https://openalex.org/I4210115805,Keysight Technologies (United States),True,1901,3,4,154;1901;2160;790,0,0
https://openalex.org/I4210115810,Infineum (United Kingdom),True,4792,1,2,4792;7244,0,0
https://openalex.org/I4210115825,Reckitt Benckiser (United Kingdom),True,5288,3,4,1427;3041;5288;7244,0,0
https://openalex.org/I4210115835,École Nationale Supérieure de Chimie de Rennes,True,824,1,1,824,0,0
https://openalex.org/I4210115874,Ab Medica (France),True,,1,1,1600,1,0
https://openalex.org/I4210115883,Biolitec (Germany),True,4618,1,2,1322;4618,0,0
https://openalex.org/I4210115909,Mutuelle Générale de l'Éducation Nationale,True,2702,1,1,2702,0,0
https://openalex.org/I4210115938,BorgWarner (United States),True,6948,4,4,329;4159;6461;6948,1,0
https://openalex.org/I4210115964,TÜV SÜD (Germany),True,4736,3,4,154;4736;4867;535,0,0
https://openalex.org/I4210115976,VA Great Lakes Health Care System,True,6654,8,4,6654;6678;6741;6769,3,0
https://openalex.org/I4210115982,Ministry of Justice and Public Security,True,5465,2,1,5465,0,0
https://openalex.org/I4210116045,Sohn Conference Foundation,True,7244,1,1,7244,0,0
https://openalex.org/I4210116091,"Department of Physics, Mathematics and Informatics",True,799,4,1,799,0,0
https://openalex.org/I4210116108,West Texas VA Health Care System,True,,1,0,,2,0
https://openalex.org/I4210116175,Utah Department of Natural Resources,True,4881,1,1,4881,0,0
https://openalex.org/I4210116177,AIR Water Inc. (Japan),True,3956,1,1,3956,0,0
https://openalex.org/I4210116194,NHS Forth Valley,True,1934,1,1,1934,0,0
https://openalex.org/I4210116221,Natus (United States),True,1255,1,2,1255;869,0,0
https://openalex.org/I4210116240,CHU Dijon Bourgogne,True,3798,1,1,3798,0,0
https://openalex.org/I4210116270,Ministry of Science and Technology,True,2207,1,1,2207,0,0
https://openalex.org/I4210116296,Agence Nationale de Recherches sur le Sida et les Hépatites Virales,True,2702,2,2,2629;2702,0,0
https://openalex.org/I4210116330,JUNIA,True,3200,1,1,3200,0,0
https://openalex.org/I4210116357,Catholic University of Santa María,True,3271,1,1,3271,0,0
https://openalex.org/I4210116418,"Ministry of Trade, Industry and Fisheries",True,596,7,2,131;596,2,0
https://openalex.org/I4210116486,Western Health,True,1266,3,1,1266,0,0
https://openalex.org/I4210116532,Excelitas Technologies (United States),True,7347,3,3,154;3093;7347,1,0
https://openalex.org/I4210116536,Centre National de la Recherche Scientifique et Technologique,True,1834,2,1,1834,0,0
https://openalex.org/I4210116553,Koning Boudewijnstichting,True,1269,1,2,1269;7244,0,0
https://openalex.org/I4210116560,Dekra (Germany),True,3580,2,3,2822;3580;535,0,0
https://openalex.org/I4210116704,Department of State Development,True,789,1,1,789,0,0
https://openalex.org/I4210116730,Universitätsmedizin Göttingen,True,4083,2,1,4083,0,0
https://openalex.org/I4210116752,"Czech Academy of Sciences, Institute of Archaeology, Brno",True,1177,1,1,1177,0,0
https://openalex.org/I4210116793,Kudelski (Switzerland),True,215,1,2,1255;215,0,0
https://openalex.org/I4210116885,People's Government of Guangzhou Municipality,True,9711,2,1,9711,0,0
https://openalex.org/I4210116927,Central Texas Veterans Health Care System,True,,2,1,5463,2,0
https://openalex.org/I4210116967,Sri Manakula Vinayagar Educational Trust,True,,1,0,,2,0
https://openalex.org/I4210117005,Laboratoire des Sciences du Numérique de Nantes,True,954,3,2,824;954,0,0
https://openalex.org/I4210117042,Ministry of Health of the Russian Federation,True,2262,26,7,2262;3224;3736;5686;6130;6191;750,0,0
https://openalex.org/I4210117048,Harbin Electric Corporation (China),True,8332,1,1,8332,0,0
https://openalex.org/I4210117053,Regione Puglia,True,5004,13,5,4628;4846;5004;5051;5071,2,0
https://openalex.org/I4210117054,Danfoss (Denmark),True,,3,1,8055,3,0
https://openalex.org/I4210117059,Escola Superior de Educação de Paula Frassinetti,True,1003,1,1,1003,0,0
https://openalex.org/I4210117091,Ministère de l'Agriculture et de la Souveraineté alimentaire,True,2702,61,7,1496;2304;2702;3541;3798;398;824,0,0
https://openalex.org/I4210117133,Centre de recherche et de restauration des musées de France,True,2702,1,1,2702,0,0
https://openalex.org/I4210117134,Wiener Krankenanstaltenverbund,True,790,6,1,790,0,0
https://openalex.org/I4210117143,DMG Mori (Japan),True,3956,3,3,2818;3956;4328,1,0
https://openalex.org/I4210117177,Agaplesion Frankfurter Diakonie Kliniken,True,3093,2,2,3041;3093,0,0
https://openalex.org/I4210117246,Minneapolis VA Health Care System,True,6433,1,1,6433,0,0
https://openalex.org/I4210117272,Fraunhofer Institute for Solar Energy Systems,True,2435,2,2,2435;4708,1,0
https://openalex.org/I4210117279,Instituto Nacional de Técnica Aeroespacial,True,3147,2,1,3147,0,0
https://openalex.org/I4210117289,Sartorius (Germany),True,4083,2,3,4083;5288;5332,0,0
https://openalex.org/I4210117354,Governo do Distrito Federal,True,5465,1,1,5465,0,0
https://openalex.org/I4210117365,Association for Decentralised Energy,True,5288,1,1,5288,0,0
https://openalex.org/I4210117367,Vimicro (China),True,7704,1,1,7704,0,0
https://openalex.org/I4210117370,Ministry of Health,True,2171,1,1,2171,0,0
https://openalex.org/I4210117411,Lite-On Technology Corporation (Taiwan),True,1141,2,3,1141;154;9917,0,0
https://openalex.org/I4210117448,Arthritis UK,True,5288,2,3,3304;4460;5288,0,0
https://openalex.org/I4210117453,Dana-Farber Cancer Institute,True,7347,4,1,7347,0,0
https://openalex.org/I4210117458,Government of Portugal,True,310,24,1,310,2,0
https://openalex.org/I4210117482,Sunstar (Japan),True,3956,2,2,215;3956,1,0
https://openalex.org/I4210117495,Dr. Reddy's Laboratories (India),True,9045,6,7,296;4520;4523;5422;7244;9045;935,0,0
https://openalex.org/I4210117499,Yale New Haven Health System,True,7277,6,2,7244;7277,0,0
https://openalex.org/I4210117513,10X Genomics (United States),True,1980,1,2,1445;1980,0,0
https://openalex.org/I4210117550,Government of the Philippines,True,2845,3,1,2845,0,0
https://openalex.org/I4210117619,Novartis (United States),True,7244,4,4,1934;2204;7244;7347,0,0
https://openalex.org/I4210117634,Colombian Air Force,True,4048,1,2,1284;4048,0,0
https://openalex.org/I4210117642,Ministry of the Environment and Protection of Land and Sea,True,3881,1,1,3881,0,0
https://openalex.org/I4210117656,École Supérieure de Chimie Organique et Minérale,True,,1,0,,2,0
https://openalex.org/I4210117703,VA Eastern Kansas Health Care System,True,5961,2,2,5901;5961,0,0
https://openalex.org/I4210117794,Ministry of Antiquities,True,3981,1,2,2702;3981,0,0
https://openalex.org/I4210117803,"United Nations Educational, Scientific and Cultural Organization Switzerland",True,805,1,2,2702;805,0,0
https://openalex.org/I4210117805,Ministry of Internal Affairs,True,2114,1,1,2114,0,0
https://openalex.org/I4210117808,Sasol (South Africa),True,3337,2,3,3337;3793;5288,0,0
https://openalex.org/I4210117810,Emerson (United States),True,6192,10,9,10097;3442;415;5047;5129;5288;5349;535;6192,2,0
https://openalex.org/I4210117815,Mitsubishi Heavy Industries (Japan),True,5129,2,3,1600;4736;5129,0,0
https://openalex.org/I4210117829,École Nationale Supérieure d'Architecture de Strasbourg,True,4558,1,1,4558,0,0
https://openalex.org/I4210117886,Public Health Scotland,True,2305,1,2,2305;955,0,0
https://openalex.org/I4210117898,Mundipharma (United Kingdom),True,5550,4,4,165;2181;5550;94,1,0
https://openalex.org/I4210117915,Ligand Pharmaceuticals (United States),True,2204,1,2,2204;5288,0,0
https://openalex.org/I4210117924,VA Midwest Health Care Network,True,6433,9,6,5985;6071;6119;6292;6415;6433,1,0
https://openalex.org/I4210117936,Centre Hospitalier de Mulhouse,True,4393,1,1,4393,0,0
https://openalex.org/I4210117952,Hologic (United States),True,7337,2,3,3093;5288;7337,0,0
https://openalex.org/I4210117983,Kromek (United Kingdom),True,4740,1,2,1642;4740,0,0
https://openalex.org/I4210117989,Direction de la Recherche Technologique,True,3984,2,2,2702;3984,0,0
https://openalex.org/I4210118009,Coalition for Epidemic Preparedness Innovations,True,596,1,2,596;7068,0,0
https://openalex.org/I4210118014,Chevron (United States),True,1980,6,7,1276;1980;296;360;3949;5511;73,0,0
https://openalex.org/I4210118023,Emergent BioSolutions (United States),True,7068,2,3,1837;5288;7068,0,0
https://openalex.org/I4210118069,"Federal Ministry of Science, Research and Economics",True,790,1,1,790,0,0
https://openalex.org/I4210118089,Mitsui (Japan),True,5129,6,3,415;5129;815,1,0
https://openalex.org/I4210118130,Virgo,True,,1,1,1642,1,0
https://openalex.org/I4210118136,Aecom (United States),True,1642,3,4,1276;1642;535;5373,0,0
https://openalex.org/I4210118237,Orion Corporation (Finland),True,687,1,2,5047;687,0,0
https://openalex.org/I4210118249,Ministry of Public Health and Social Assistance,True,2162,1,1,2162,0,0
https://openalex.org/I4210118288,"Ministry of Innovation, Science and Technology",True,1507,1,1,1507,0,0
https://openalex.org/I4210118352,Fayette County Public Schools,True,6748,1,1,6748,0,0
https://openalex.org/I4210118410,"Institut thématique Génétique, génomique et bioinformatique",True,2702,1,1,2702,0,0
https://openalex.org/I4210118434,Virginia Mason Franciscan Health,True,4510,17,2,4510;4699,0,0
https://openalex.org/I4210118469,Centre Hospitalier Universitaire de Limoges,True,2233,5,1,2233,0,0
https://openalex.org/I4210118477,Shionogi (Japan),True,3956,1,2,3956;7244,0,0
https://openalex.org/I4210118499,Tomsk National Research Medical Center,True,6179,1,1,6179,0,0
https://openalex.org/I4210118524,Université Bourgogne Franche-Comté,True,4054,4,2,3798;4054,0,0
https://openalex.org/I4210118621,Hubbell (United States),True,7277,1,2,5288;7277,0,0
https://openalex.org/I4210118662,Bentley Systems (United States),True,7177,1,2,5288;7177,0,0
https://openalex.org/I4210118734,Royal National Orthopaedic Hospital NHS Trust,True,5288,1,1,5288,0,0
https://openalex.org/I4210118777,North Florida/South Georgia Veterans Health System,True,,2,0,,3,0
https://openalex.org/I4210118830,Digital Science (United Kingdom),True,5288,1,2,5288;7347,0,0
https://openalex.org/I4210118834,Senate of Serampore College,True,10452,1,1,10452,0,0
https://openalex.org/I4210118844,Primetals Technologies (United Kingdom),True,5288,1,2,361;5288,0,0
https://openalex.org/I4210118846,Juki (Japan),True,5129,1,2,5129;6442,0,0
https://openalex.org/I4210118882,Vossloh (Germany),True,,2,1,2702,2,0
https://openalex.org/I4210118893,Ministry of Climate and Environment,True,596,2,2,452;596,0,0
https://openalex.org/I4210118914,"Czech Academy of Sciences, Library",True,535,1,1,535,0,0
https://openalex.org/I4210118944,"Czech Academy of Sciences, Institute of Chemical Process Fundamentals",True,535,1,1,535,0,0
https://openalex.org/I4210119004,VA Sunshine Healthcare Network,True,6237,11,4,308;6237;6442;6487,4,0
https://openalex.org/I4210119030,"Mental Illness Research, Education and Clinical Centers",True,7068,1,1,7068,1,0
https://openalex.org/I4210119050,Výskumný Ústav Pôdoznalectva a Ochrany Pôdy,True,163,1,1,163,1,0
https://openalex.org/I4210119063,Autonomous University of Lisbon,True,310,6,1,310,0,0
https://openalex.org/I4210119088,Laboratoire de Réactivité et Chimie des Solides,True,2824,1,1,2824,0,0
https://openalex.org/I4210119098,Fujian Institute of Research on the Structure of Matter,True,10328,1,1,10328,0,0
https://openalex.org/I4210119102,Hefei General Machinery Research Institute (China),True,9459,1,1,9459,0,0
https://openalex.org/I4210119109,Indiana University Bloomington,True,6638,1,1,6638,0,0
https://openalex.org/I4210119117,Azienda USL di Bologna,True,3157,3,1,3157,0,0
https://openalex.org/I4210119124,Terumo (Japan),True,5129,4,5,1565;3093;5129;7244;955,0,0
https://openalex.org/I4210119186,Skanska (Sweden),True,1445,3,4,1445;5288;535;596,0,0
https://openalex.org/I4210119264,Fuchs (Germany),True,3041,1,2,3041;3719,0,0
https://openalex.org/I4210119284,Iida Junior College,True,4905,1,1,4905,0,0
https://openalex.org/I4210119303,Spiber (Japan),True,,1,0,,2,0
https://openalex.org/I4210119345,59th Medical Wing,True,5229,1,1,5229,0,0
https://openalex.org/I4210119352,Nippon Paint (Japan),True,3956,1,2,3956;5129,0,0
https://openalex.org/I4210119369,Ural Branch of the Russian Academy of Sciences,True,5972,27,6,4241;5429;5654;5936;5972;6046,1,0
https://openalex.org/I4210119488,Life Sciences International Postgraduate Educational Center,True,359,1,1,359,0,0
https://openalex.org/I4210119517,Piolax (Japan),True,5129,1,2,1310;5129,0,0
https://openalex.org/I4210119564,"Ministério do Ambiente, Ordenamento do Território e Energia",True,310,1,1,310,0,0
https://openalex.org/I4210119581,Kent Community Health NHS Foundation Trust,True,5711,10,5,5288;5566;5631;5711;5726,0,0
https://openalex.org/I4210119589,Durham VA Health Care System,True,6942,1,1,6942,0,0
https://openalex.org/I4210119653,Institute of Urban Environment,True,10286,1,1,10286,0,0
https://openalex.org/I4210119679,Office of Fusion Energy Sciences,True,7068,1,2,2204;7068,0,0
https://openalex.org/I4210119715,Koppert (Netherlands),True,296,1,2,296;6271,0,0
https://openalex.org/I4210119736,Dow Chemical (Canada),True,2146,1,2,1276;2146,0,0
https://openalex.org/I4210119759,Essen University Hospital,True,536,1,1,536,0,0
https://openalex.org/I4210119771,Becton Dickinson (Ireland),True,415,1,1,415,0,0
https://openalex.org/I4210119812,Spectrum Brands (United States),True,6678,2,3,3093;3304;6678,0,0
https://openalex.org/I4210119819,Université Mohammed VI des Sciences et de la Santé,True,1785,1,1,1785,0,0
https://openalex.org/I4210119858,National Center for Theoretical Sciences,True,1141,2,1,1141,0,0
https://openalex.org/I4210119878,Prognos (Switzerland),True,935,1,2,4946;935,0,0
https://openalex.org/I4210119890,Harvard Bioscience (United States),True,7337,1,2,3869;7337,0,0
https://openalex.org/I4210119932,Inno (Germany),True,2988,1,2,2988;4426,0,0
https://openalex.org/I4210119981,Centre of Social and Psychological Sciences of the Slovak Academy of Sciences,True,163,3,2,163;892,0,0
https://openalex.org/I4210120005,Federal Ministry of Defence,True,790,1,1,790,0,0
https://openalex.org/I4210120019,"Department of Housing, Local Government and Heritage",True,415,1,1,415,0,0
https://openalex.org/I4210120050,Triad National Security (United States),True,,3,2,4914;6215,2,0
https://openalex.org/I4210120052,National Cancer Center,True,94,1,1,94,0,0
https://openalex.org/I4210120069,Ministry of Science and Technology of the People's Republic of China,True,7704,8,3,7094;7704;9701,0,0
https://openalex.org/I4210120095,Ministry of Environment and Water,True,15,1,1,15,0,0
https://openalex.org/I4210120099,Kapsch (Austria),True,790,1,2,535;790,0,0
https://openalex.org/I4210120141,Bucher Emhart Glass (United States),True,7302,1,2,1479;7302,0,0
https://openalex.org/I4210120147,Shenyang Research Institute of Foundry,True,8630,1,1,8630,1,0
https://openalex.org/I4210120151,Merit Medical (United States),True,4881,1,2,2702;4881,0,0
https://openalex.org/I4210120159,SoftBank Group (Japan),True,5129,1,2,2702;5129,0,0
https://openalex.org/I4210120169,First Affiliated Hospital of Kunming Medical University,True,7076,1,1,7076,0,0
https://openalex.org/I4210120201,Taft University System,True,5332,1,2,1642;5332,0,0
https://openalex.org/I4210120228,Department of Social Sciences,True,2262,12,5,2262;2332;4854;5972;750,0,0
https://openalex.org/I4210120235,Hôpitaux Universitaires Paris-Ouest,True,2702,6,1,2702,0,0
https://openalex.org/I4210120278,SA Health,True,789,2,1,789,1,0
https://openalex.org/I4210120288,Office of the Director of National Intelligence,True,7068,1,1,7068,0,0
https://openalex.org/I4210120293,Max Planck Institute of Quantum Optics,True,4736,1,2,3106;4736,0,0
https://openalex.org/I4210120296,"Czech Academy of Sciences, Institute of Czech Literature",True,535,1,1,535,0,0
https://openalex.org/I4210120310,Servicio Canario de la Salud,True,395,1,2,395;543,0,0
https://openalex.org/I4210120351,Abzena (United Kingdom),True,5550,1,2,2204;5550,0,0
https://openalex.org/I4210120357,IMPETUS Afea (Norway),True,,1,1,1445,1,0
https://openalex.org/I4210120395,Max Planck Institute for Demographic Research,True,4586,1,1,4586,0,0
https://openalex.org/I4210120438,HealthONE,True,5332,1,1,5332,0,0
https://openalex.org/I4210120485,Academy of Mathematics and Systems Science,True,7704,1,1,7704,0,0
https://openalex.org/I4210120493,Laboratoire de Neurosciences Cognitives,True,2702,1,2,2702;3911,0,0
https://openalex.org/I4210120496,National Institute of Optics,True,3106,1,1,3106,0,0
https://openalex.org/I4210120506,Sarossa (Jersey),True,87,1,1,87,1,0
https://openalex.org/I4210120512,Hochschule für Technik und Wirtschaft des Saarlandes,True,1287,1,1,1287,0,0
https://openalex.org/I4210120523,Adena Health System,True,,1,0,,2,0
https://openalex.org/I4210120539,Federal Office of Justice,True,805,1,1,805,0,0
https://openalex.org/I4210120563,Mowi (Norway),True,131,2,2,131;2160,1,0
https://openalex.org/I4210120565,Fraunhofer UK Research,True,955,1,1,955,0,0
https://openalex.org/I4210120624,Peninsula Health,True,1266,1,1,1266,0,0
https://openalex.org/I4210120632,Gilson (United States),True,6192,2,3,2702;5356;6192,0,0
https://openalex.org/I4210120689,Universitätsklinikum Aachen,True,44,1,1,44,0,0
https://openalex.org/I4210120696,South China Botanical Garden,True,9711,1,2,9631;9711,0,0
https://openalex.org/I4210120727,Ecole Nationale du Génie de l'Eau et de l'Environnement de Strasbourg (ENGEES),True,4558,3,1,4558,0,0
https://openalex.org/I4210120751,Imerys (France),True,2702,6,4,2702;3912;536;959,2,0
https://openalex.org/I4210120755,Cell Medica (United Kingdom),True,5288,1,2,1479;5288,0,0
https://openalex.org/I4210120770,Administracion de los Servicios de Salud del Estado,True,906,1,1,906,0,0
https://openalex.org/I4210120788,ILS – Research Institute for Regional and Urban Development,True,536,1,1,536,0,0
https://openalex.org/I4210120810,National Institute of Technology,True,5129,37,27,1691;1944;2020;2169;2243;2313;2382;2450;2833;3260;3593;3636;3726;3882;3919;3956;4026;423;4267;4532;4872;5005;5129;5240;5258;568;708,8,0
https://openalex.org/I4210120860,Becton Dickinson (Germany),True,3041,1,2,2988;3041,0,0
https://openalex.org/I4210120917,Taiwan Semiconductor Manufacturing Company (Taiwan),True,491,2,3,10097;1255;491,0,0
https://openalex.org/I4210120939,Hôpital Marie Lannelongue,True,2702,1,1,2702,0,0
https://openalex.org/I4210120960,Division of Historical and Philological Sciences,True,2262,22,8,2262;5154;5429;5972;6191;6432;6441;750,0,0
https://openalex.org/I4210120985,Institut d'Histoire des Représentations et des Idées dans les Modernités,True,3718,1,1,3718,0,0
https://openalex.org/I4210120988,Oxurion (Belgium),True,1565,1,2,1565;415,0,0
https://openalex.org/I4210121048,Athenex (United States),True,7141,1,2,696;7141,0,0
https://openalex.org/I4210121065,Services déconcentrés d'appui à la recherche Occitanie-Toulouse,True,2304,1,1,2304,0,0
https://openalex.org/I4210121067,Monash Health,True,1266,7,1,1266,0,0
https://openalex.org/I4210121101,München Klinik,True,4736,4,1,4736,0,0
https://openalex.org/I4210121186,Royal Marsden Hospital,True,5288,1,1,5288,0,0
https://openalex.org/I4210121241,Tobii (Sweden),True,1445,1,2,1445;5047,0,0
https://openalex.org/I4210121259,"Czech Academy of Sciences, Economics Institute",True,535,1,1,535,0,0
https://openalex.org/I4210121264,Office National des Forêts,True,2702,1,2,2639;2702,0,0
https://openalex.org/I4210121266,Technicolor (France),True,2702,2,3,2702;3093;6720,0,0
https://openalex.org/I4210121323,Derbyshire Community Health Services NHS Foundation Trust,True,4460,11,3,3304;4460;4767,0,0
https://openalex.org/I4210121331,MatTek Corporation (United States),True,7337,1,2,163;7337,0,0
https://openalex.org/I4210121343,North Caucasian State Academy,True,4879,1,1,4879,0,0
https://openalex.org/I4210121352,Western Digital (United States),True,1255,4,5,10097;1255;1427;419;5129,0,0
https://openalex.org/I4210121364,International Data Group (United States),True,7337,1,2,1445;7337,0,0
https://openalex.org/I4210121397,StaGen (Japan),True,5129,1,1,5129,0,0
https://openalex.org/I4210121439,National Center for Emerging and Zoonotic Infectious Diseases,True,6451,1,1,6451,0,0
https://openalex.org/I4210121446,Corniche Hospital,True,195,1,1,195,0,0
https://openalex.org/I4210121451,Facultad Latinoamericana de Ciencias Ecuador,True,2569,5,6,1674;2072;224;2569;5006;888,0,0
https://openalex.org/I4210121459,Pôle Léonard de Vinci,True,2702,2,1,2702,0,0
https://openalex.org/I4210121472,Sheffield Children's NHS Foundation Trust,True,4460,1,1,4460,0,0
https://openalex.org/I4210121491,BMT Group (United Kingdom),True,5288,4,5,1427;2204;4586;5288;6728,0,0
https://openalex.org/I4210121532,Ministry of Health and Welfare,True,1141,2,1,1141,0,0
https://openalex.org/I4210121601,Amita Health,True,6654,7,2,6654;6670,0,0
https://openalex.org/I4210121728,Care International,True,29,3,4,2207;29;3343;6451,0,0
https://openalex.org/I4210121739,Ministério da Saúde,True,5465,2,2,5465;6961,0,0
https://openalex.org/I4210121746,Ministry of Electronics and Information Technology,True,7466,2,2,7466;7617,0,0
https://openalex.org/I4210121748,Airbus (Netherlands),True,296,12,10,154;2304;2832;296;3099;3147;3793;4736;7068;9099,2,0
https://openalex.org/I4210121800,Chan Zuckerberg Initiative (United States),True,1255,3,3,1255;6654;7244,0,0
https://openalex.org/I4210121819,Vyne Therapeutics (United States),True,1255,1,2,1255;419,0,0
https://openalex.org/I4210121838,Laboratoire Lorrain de Recherche en Informatique et ses Applications,True,4192,14,1,4192,0,0
https://openalex.org/I4210121936,Kent and Medway NHS and Social Care Partnership Trust,True,5288,1,2,5288;5726,0,0
https://openalex.org/I4210121945,Haemonetics (United States),True,7347,1,2,1524;7347,0,0
https://openalex.org/I4210122008,Almirall (Spain),True,4523,1,2,3793;4523,0,0
https://openalex.org/I4210122019,Swarco (Austria),True,8,2,3,3580;8;85,0,0
https://openalex.org/I4210122020,Sunovion (United States),True,7317,1,2,5288;7317,0,0
https://openalex.org/I4210122070,Ministerio de Salud Pública,True,2569,2,1,2569,0,0
https://openalex.org/I4210122102,Ministry of Finance of the People's Republic of China,True,7704,3,1,7704,0,0
https://openalex.org/I4210122143,Qiagen (Germany),True,1178,9,10,1178;1266;1479;2276;3064;3304;3911;4523;537;7466,0,0
https://openalex.org/I4210122147,Istituto Nazionale di Documentazione Innovazione e Ricerca Educativa,True,3106,1,2,3106;85,0,0
https://openalex.org/I4210122156,EFD Induction (Norway),True,,1,1,2435,1,0
https://openalex.org/I4210122162,Opera Software (Norway),True,596,1,2,415;596,0,0
https://openalex.org/I4210122223,NCC (Sweden),True,1445,2,3,1445;537;596,0,0
https://openalex.org/I4210122262,Institut des Sciences Cognitives Marc Jeannerod,True,3718,1,1,3718,0,0
https://openalex.org/I4210122275,TransCure BioServices (France),True,4293,1,1,4293,0,0
https://openalex.org/I4210122281,Regional Government of Castile-La Mancha,True,3445,2,2,3044;3445,1,0
https://openalex.org/I4210122290,Ministry of Agriculture,True,4897,1,1,4897,0,0
https://openalex.org/I4210122314,Ministerio de Salud Pública,True,225,5,2,2003;225,0,0
https://openalex.org/I4210122338,HM Hospitales,True,3147,2,1,3147,0,0
https://openalex.org/I4210122457,Aptevo Therapeutics (United states),True,4510,1,2,4510;5288,0,0
https://openalex.org/I4210122520,Mental Health America,True,7068,1,2,4444;7068,0,0
https://openalex.org/I4210122528,Ministry of Employment and Labor,True,1782,2,3,1782;3211;94,0,0
https://openalex.org/I4210122644,FZU ‒ Institute of Physics of the Academy of Sciences of the Czech Republic,True,535,7,2,1177;535,0,0
https://openalex.org/I4210122682,Ribbon Communications (United States),True,5543,1,2,419;5543,0,0
https://openalex.org/I4210122704,Agricultural Research Service - Southeast Area,True,,18,6,5853;5865;5913;6442;6558;6833,13,0
https://openalex.org/I4210122718,East and North Hertfordshire NHS Trust,True,5486,4,2,5288;5486,0,0
https://openalex.org/I4210122724,Gobierno de Chile,True,2072,4,1,2072,0,0
https://openalex.org/I4210122807,PureCircle (Malaysia),True,1322,1,2,1322;6654,0,0
https://openalex.org/I4210122847,"Czech Academy of Sciences, Institute of Microbiology",True,535,2,2,1286;535,0,0
https://openalex.org/I4210122849,Philips (Netherlands),True,1427,13,14,10097;1269;1427;1445;1600;2702;3147;3485;3793;5125;687;705;7372;7466,0,0
https://openalex.org/I4210122850,"Federal Ministry of Innovation, Science and Technology",True,6502,3,3,6502;6529;865,0,0
https://openalex.org/I4210122924,Temple University Health System,True,7165,2,1,7165,0,0
https://openalex.org/I4210122930,Gestamp (Spain),True,3147,2,1,3147,2,0
https://openalex.org/I4210122937,FuelCell Energy (United States),True,7277,1,2,1276;7277,0,0
https://openalex.org/I4210122952,Maison des Sciences sociales et des Humanités Ange Guépin,True,954,1,2,3718;954,0,0
https://openalex.org/I4210122970,Comisión de Investigaciones Científicas,True,4349,2,1,4349,0,0
https://openalex.org/I4210122994,Akka Technologies (France),True,2702,1,2,2702;85,0,0
https://openalex.org/I4210123054,Pittsburgh Foundation,True,7020,1,1,7020,0,0
https://openalex.org/I4210123116,National Radiation Protection Institute,True,535,1,1,535,0,0
https://openalex.org/I4210123122,Stachema (Czechia),True,,1,1,43,1,0
https://openalex.org/I4210123161,"Ministerio de Ciencia, Tecnología y Medio Ambiente",True,225,1,1,225,1,0
https://openalex.org/I4210123217,Ocean Power Technologies (United States),True,7165,1,2,4294;7165,0,0
https://openalex.org/I4210123221,Sigma Clermont,True,3353,2,1,3353,0,0
https://openalex.org/I4210123226,International Flavors & Fragrances (United States),True,7244,1,2,2304;7244,0,0
https://openalex.org/I4210123263,Novanta (United States),True,7347,1,2,2234;7347,0,0
https://openalex.org/I4210123265,National Institute of Clean and Low-Carbon Energy,True,7704,1,2,1255;7704,0,0
https://openalex.org/I4210123277,RayBiotech (United States),True,6451,1,2,6451;9711,0,0
https://openalex.org/I4210123307,BSH Hausgeräte (Germany),True,4736,2,3,1642;2231;4736,0,0
https://openalex.org/I4210123315,Ministero della cultura,True,3881,2,2,3881;4333,0,0
https://openalex.org/I4210123595,Muséum national d'Histoire naturelle,True,2702,26,2,2085;2702,1,0
https://openalex.org/I4210123620,Junta de Castilla y León,True,2571,2,1,2571,1,0
https://openalex.org/I4210123630,Regionshospitalet Herning,True,,1,1,229,1,0
https://openalex.org/I4210123660,Renishaw (United Kingdom),True,3099,2,3,2262;3099;415,0,0
https://openalex.org/I4210123708,Semikron (Germany),True,4454,2,2,4454;5288,1,0
https://openalex.org/I4210123720,NATO Science and Technology Organization,True,1269,1,2,1269;2168,0,0
https://openalex.org/I4210123735,Sciences Po Lyon,True,3718,4,1,3718,0,0
https://openalex.org/I4210123736,"Ministerio de Ciencia, Tecnología e Innovación",True,4215,113,23,1467;1911;196;2065;2285;2489;2555;3032;3187;3238;3289;3340;358;3701;3747;3786;4215;4349;4382;4514;4580;509;652,8,0
https://openalex.org/I4210123750,Elekta (Sweden),True,1445,3,4,1445;1479;5288;6451,0,0
https://openalex.org/I4210123761,American College Testing,True,6312,1,1,6312,0,0
https://openalex.org/I4210123774,Maine Medical Center,True,7377,2,1,7377,0,0
https://openalex.org/I4210123782,Humanitas Gavazzeni,True,1943,1,1,1943,0,0
https://openalex.org/I4210123791,Centro Hospitalar do Tâmega e Sousa,True,1003,1,1,1003,0,0
https://openalex.org/I4210123827,Vinci (France),True,2702,3,4,1177;2702;5288;892,0,0
https://openalex.org/I4210123841,University of North Carolina Hospitals,True,6942,1,1,6942,1,0
https://openalex.org/I4210123848,Rofin (Germany),True,3793,2,3,3793;5422;669,0,0
https://openalex.org/I4210123858,Illinois Eastern Community Colleges,True,,1,0,,2,0
https://openalex.org/I4210123885,Shanghai Institute of Applied Physics,True,10097,1,1,10097,0,0
https://openalex.org/I4210123910,Amphenol (United States),True,7277,3,3,3754;5726;7277,1,0
https://openalex.org/I4210123940,Ministry of Education,True,310,1,1,310,0,0
https://openalex.org/I4210123942,Rohto Pharmaceutical (Japan),True,3956,1,2,3956;955,0,0
https://openalex.org/I4210123945,Fiat Chrysler Automobiles (United Kingdom),True,5288,6,6,2702;3093;5129;5288;6948;85,0,0
https://openalex.org/I4210123958,Assa Abloy (Sweden),True,1445,5,5,1266;1445;3586;7277;869,1,0
https://openalex.org/I4210123961,Belgian Ceramic Research Centre,True,923,1,1,923,0,0
https://openalex.org/I4210123974,Nordic Optical Telescope Scientific Association,True,,1,0,,2,0
https://openalex.org/I4210123979,Southern and Eastern Norway Regional Health Authority,True,,3,0,,4,0
https://openalex.org/I4210123996,Biomedical Research Center of the Slovak Academy of Sciences,True,163,3,2,163;892,0,0
https://openalex.org/I4210124172,Solid (South Korea),True,94,1,2,1255;94,0,0
https://openalex.org/I4210124173,"Federal Ministry of Social Affairs, Health, Care and Consumer Protection",True,790,2,1,790,0,0
https://openalex.org/I4210124175,Center for Astrophysics Harvard & Smithsonian,True,7347,2,1,7347,0,0
https://openalex.org/I4210124185,Purdue Pharma (United States),True,7244,1,2,2626;7244,0,0
https://openalex.org/I4210124215,Délégation Bretagne et Pays de la Loire,True,824,5,2,824;954,1,0
https://openalex.org/I4210124263,Anheuser-Busch InBev (Belgium),True,1565,1,2,1565;7244,0,0
https://openalex.org/I4210124274,Fraunhofer Institute for Integrated Circuits,True,4454,3,2,4454;4996,0,0
https://openalex.org/I4210124307,Ministry of Higher and Tertiary Education,True,1558,1,1,1558,0,0
https://openalex.org/I4210124313,EsSALUD,True,2327,1,1,2327,0,0
https://openalex.org/I4210124347,Cook Medical (United States),True,6638,4,4,2355;537;6638;9850,1,0
https://openalex.org/I4210124355,Marel (Iceland),True,,2,2,3799;5961,1,0
https://openalex.org/I4210124409,International Union Against Tuberculosis and Lung Disease,True,2702,1,2,2702;7244,0,0
https://openalex.org/I4210124413,Fondation Asile des Aveugles,True,215,1,1,215,0,0
https://openalex.org/I4210124420,Collurania Teramo Observatory,True,,1,0,,2,0
https://openalex.org/I4210124449,Dantec Dynamics (Denmark),True,537,2,3,3099;4255;537,0,0
https://openalex.org/I4210124464,"Groupe Hospitalier Cochin - Port-Royal, Hôtel-Dieu, Broca - La Collégiale",True,2702,3,1,2702,0,0
https://openalex.org/I4210124465,Novartis (Singapore),True,154,1,1,154,0,0
https://openalex.org/I4210124468,PAREXEL International (United States),True,7347,4,5,2702;3799;7347;9099;94,0,0
https://openalex.org/I4210124503,Fraunhofer Institute for Machine Tools and Forming Technology,True,4971,1,2,4971;4996,0,0
https://openalex.org/I4210124512,"Czech Academy of Sciences, Institute of Scientific Instruments",True,1177,1,2,1177;535,0,0
https://openalex.org/I4210124557,Pacific Northwest Research Station,True,4444,1,1,4444,0,0
https://openalex.org/I4210124562,Danish Agency for Science and Higher Education,True,537,2,2,3793;537,1,0
https://openalex.org/I4210124595,Howden (United Kingdom),True,955,1,2,535;955,0,0
https://openalex.org/I4210124601,Department of Mathematical Sciences,True,2262,13,6,2262;5864;5972;6191;6522;750,1,0
https://openalex.org/I4210124605,Essilor (France),True,2702,2,2,2702;3485,1,0
https://openalex.org/I4210124606,Institute of Genetics and Developmental Biology,True,7704,3,2,7704;7744,0,0
https://openalex.org/I4210124634,Oleksandr Dovzhenko Hlukhiv National Pedagogical University,True,,1,0,,2,0
https://openalex.org/I4210124654,Université Paris Lumières,True,2702,1,1,2702,0,0
https://openalex.org/I4210124689,West Pharmaceutical Services (United States),True,7177,1,1,7177,1,0
https://openalex.org/I4210124690,Oxonica (United Kingdom),True,5106,1,2,1255;5106,0,0
https://openalex.org/I4210124692,Gibraltar Health Authority,True,,1,0,,2,0
https://openalex.org/I4210124730,Uttarakhand Government,True,7581,1,1,7581,0,0
https://openalex.org/I4210124737,George Eliot Hospital NHS Trust,True,4328,1,1,4328,0,0
https://openalex.org/I4210124763,National Instruments (United States),True,5349,3,4,415;5047;5129;5349,0,0
https://openalex.org/I4210124777,Univar (United States),True,6654,1,2,2086;6654,0,0
https://openalex.org/I4210124779,National Aeronautics and Space Administration,True,7068,98,41,1255;1642;182;2204;308;3781;4143;4278;4510;4609;5332;5349;5511;5705;5791;5853;5865;5913;5985;6131;6248;6350;6451;6487;6541;6713;6748;6776;6833;6929;6942;6990;7050;7068;7117;7123;7165;7244;7302;7312;7347,21,0
https://openalex.org/I4210124822,State Development & Investment Corporation (China),True,7704,1,1,7704,0,0
https://openalex.org/I4210124897,Engie (France),True,2702,7,6,1269;1830;2702;4159;535;5511,1,0
https://openalex.org/I4210124915,"Department for Digital, Culture, Media & Sport",True,5288,2,1,5288,0,0
https://openalex.org/I4210124929,Helmholtz Centre for Infection Research,True,4288,5,5,1287;3667;3793;4153;4288,0,0
https://openalex.org/I4210124977,Quadient (France),True,2702,2,2,2702;5288,1,0
https://openalex.org/I4210124980,LEO Foundation,True,537,6,5,2355;3093;415;537;7244,1,0
https://openalex.org/I4210125015,Hexagon Lincoln (United States),True,5937,1,1,5937,1,0
https://openalex.org/I4210125099,Mayo Clinic in Arizona,True,4211,2,1,4211,0,0
https://openalex.org/I4210125105,Consiglio per la ricerca in agricoltura e l’analisi dell’economia agraria,True,3881,14,10,1600;2891;3106;3157;3407;3881;4299;4498;4628;5004,0,0
https://openalex.org/I4210125218,Lourdes Health System,True,7165,1,1,7165,0,0
https://openalex.org/I4210125226,Servizio sanitario dell'Emilia-Romagna,True,3157,1,1,3157,1,0
https://openalex.org/I4210125236,Nova Measuring Instruments (Israel),True,419,1,2,1255;419,0,0
https://openalex.org/I4210125252,Ministry of Education Culture and Science,True,296,2,3,1793;296;3116,0,0
https://openalex.org/I4210125304,CDM Smith (United States),True,7347,1,2,2355;7347,0,0
https://openalex.org/I4210125314,Volkswagen Group (Czechia),True,,1,0,,2,0
https://openalex.org/I4210125320,Gobierno de Navarra,True,3872,2,1,3872,0,0
https://openalex.org/I4210125342,Wirral Community Health and Care NHS Foundations Trust,True,2374,1,1,2374,0,0
https://openalex.org/I4210125361,De Gruyter Brill (Germany),True,4946,1,2,4946;5288,0,0
https://openalex.org/I4210125364,Osakidetza,True,3583,7,3,3539;3583;3716,1,0
https://openalex.org/I4210125374,MemorialCare Health System,True,1642,7,2,1642;7244,0,0
https://openalex.org/I4210125388,American Superconductor (United States),True,7327,1,2,511;7327,0,0
https://openalex.org/I4210125395,Pfeiffer Vacuum (Germany),True,3246,1,2,3246;4226,0,0
https://openalex.org/I4210125406,FEV (Germany),True,44,1,2,2702;44,0,0
https://openalex.org/I4210125423,École supérieure des agricultures,True,1496,2,2,1496;824,0,0
https://openalex.org/I4210125431,Western Regional Hospital,True,994,1,1,994,0,0
https://openalex.org/I4210125445,Intelligent Mechatronic Systems (Canada),True,2360,1,2,2360;6654,0,0
https://openalex.org/I4210125472,Toyota Group (Japan),True,4532,13,10,1064;1168;1255;1269;1642;2626;4532;5129;5543;6929,0,0
https://openalex.org/I4210125474,VA Sierra Pacific Network,True,1980,13,6,1255;182;1980;3522;3652;4038,1,0
https://openalex.org/I4210125489,Synaptics (United States),True,1255,2,3,1255;1642;5550,0,0
https://openalex.org/I4210125492,Alexion Pharmaceuticals (United States),True,7347,1,2,2702;7347,0,0
https://openalex.org/I4210125514,Université Djilali de Sidi Bel Abbès,True,1066,2,1,1066,0,0
https://openalex.org/I4210125535,Observatoire Midi-Pyrénées,True,2304,1,1,2304,1,0
https://openalex.org/I4210125541,"Ishifuku Metal Industry Co., Ltd. (Japan)",True,5129,1,1,5129,0,0
https://openalex.org/I4210125572,Element Six (United Kingdom),True,4792,5,4,103;3861;4792;5511,2,0
https://openalex.org/I4210125590,Institute for Systems Engineering and Computers,True,310,4,2,1003;310,0,0
https://openalex.org/I4210125604,Ametek (United States),True,7165,2,3,4925;536;7165,0,0
https://openalex.org/I4210125787,Nuance Communications (United States),True,7347,5,6,1600;3485;5288;657;7347;790,0,0
https://openalex.org/I4210125789,Centro Científico Tecnológico - Bahía Blanca,True,3786,4,1,3786,1,0
https://openalex.org/I4210125823,KLE Academy of Higher Education and Research,True,8052,2,1,8052,0,0
https://openalex.org/I4210125843,University Hospital Leipzig,True,4788,4,1,4788,0,0
https://openalex.org/I4210125905,Research Institute for Fodder Crops (Czechia),True,1177,1,1,1177,0,0
https://openalex.org/I4210125924,Fresenius Medical Care (United States),True,7347,1,1,7347,0,0
https://openalex.org/I4210126005,Ministry of Strategy and Finance,True,1604,6,4,1604;1782;3057;94,0,0
https://openalex.org/I4210126032,Montana State University System,True,,5,1,5624,5,0
https://openalex.org/I4210126056,Institut National Universitaire Jean-François Champollion,True,,6,1,2304,4,0
https://openalex.org/I4210126061,Institute of Geology and Geophysics,True,7704,1,1,7704,0,0
https://openalex.org/I4210126109,Conseil Régional de Nouvelle-Aquitaine,True,2010,1,2,1397;2010,0,0
https://openalex.org/I4210126185,Department of the Premier and Cabinet,True,789,1,1,789,0,0
https://openalex.org/I4210126225,HUN-REN Wigner Research Centre for Physics,True,964,2,1,964,0,0
https://openalex.org/I4210126245,Wikimedia Foundation,True,1255,1,2,1255;454,0,0
https://openalex.org/I4210126257,CRRC (China),True,7704,3,3,7704;9186;9309,0,0
https://openalex.org/I4210126295,Charles River Laboratories (United States),True,7347,3,3,2305;296;7347,1,0
https://openalex.org/I4210126298,Duke Medical Center,True,6942,2,1,6942,0,0
https://openalex.org/I4210126300,Worcestershire Health and Care NHS Trust,True,3760,5,2,3760;3799,2,0
https://openalex.org/I4210126301,Taiyuan Iron and Steel Group (China),True,7359,1,1,7359,0,0
https://openalex.org/I4210126304,Institute of Metal Research,True,8630,1,1,8630,1,0
https://openalex.org/I4210126310,Universitätsklinikum Würzburg,True,4153,3,1,4153,0,0
https://openalex.org/I4210126318,Tampere University Hospital,True,397,1,1,397,0,0
https://openalex.org/I4210126319,Duke-NUS Medical School,True,154,1,1,154,0,0
https://openalex.org/I4210126329,"Ministry of Business, Innovation and Employment",True,454,2,1,454,0,0
https://openalex.org/I4210126360,Centre Inria de Saclay,True,2702,42,1,2702,0,0
https://openalex.org/I4210126406,Xuzhou Construction Machinery Group (China),True,9008,1,1,9008,0,0
https://openalex.org/I4210126446,Nordson (United States),True,6990,2,3,1178;3304;6990,0,0
https://openalex.org/I4210126453,LivaNova (United Kingdom),True,5288,5,6,1269;1600;2702;310;5288;5511,0,0
https://openalex.org/I4210126496,Division of Program Coordination Planning and Strategic Initiatives,True,7068,2,1,7068,0,0
https://openalex.org/I4210126500,AGCO (United States),True,6451,4,3,3064;4294;6451,2,0
https://openalex.org/I4210126515,"Ministry of Culture, Sports and Tourism",True,94,2,1,94,1,0
https://openalex.org/I4210126520,Kalyani Group (India),True,7617,2,2,1178;7617,0,0
https://openalex.org/I4210126590,General Research Institute for Nonferrous Metals (China),True,7704,2,1,7704,0,0
https://openalex.org/I4210126604,Mahidol Oxford Tropical Medicine Research Unit,True,1894,4,4,1894;273;4435;572,0,0
https://openalex.org/I4210126619,Instituto Politécnico de Tomar,True,,1,0,,2,0
https://openalex.org/I4210126671,Kliniken der Stadt Köln,True,1064,1,1,1064,0,0
https://openalex.org/I4210126673,Berry (United States),True,6386,2,3,6386;6746;935,0,0
https://openalex.org/I4210126674,Sega (Japan),True,5129,1,1,5129,0,0
https://openalex.org/I4210126685,Asics (Japan),True,3956,1,1,3956,0,0
https://openalex.org/I4210126698,"Ministerio de Industria, Energía y Minería",True,906,1,1,906,0,0
https://openalex.org/I4210126718,Escola Superior de Educação de João de Deus,True,310,1,1,310,0,0
https://openalex.org/I4210126725,Grifols (Spain),True,4523,2,3,1642;3093;4523,0,0
https://openalex.org/I4210126776,"Ministry of Economic Development, Job Creation and Trade",True,2626,1,1,2626,0,0
https://openalex.org/I4210126779,Observatoire de la Côte d’Azur,True,4426,3,1,4426,0,0
https://openalex.org/I4210126780,University of Saint Francis Xavier,True,1165,1,1,1165,0,0
https://openalex.org/I4210126793,Parkinson's Research and Education Foundation,True,6442,1,1,6442,0,0
https://openalex.org/I4210126839,Mastercard (United States),True,7244,2,3,1269;5288;7244,0,0
https://openalex.org/I4210126864,TechnipFMC (France),True,2702,5,6,1642;2702;3093;3881;3949;596,0,0
https://openalex.org/I4210126894,Bunge (United States),True,6192,1,2,3485;6192,0,0
https://openalex.org/I4210126915,Semtech (United States),True,1642,2,3,1642;2626;3099,0,0
https://openalex.org/I4210126919,Immunomedics (United States),True,7244,1,2,3093;7244,0,0
https://openalex.org/I4210126946,Qorvo (United States),True,6899,1,2,5047;6899,0,0
https://openalex.org/I4210127009,Ballad Health,True,,4,0,,5,0
https://openalex.org/I4210127022,Varsinais-Suomen Sairaanhoitopiiri,True,56,2,1,56,0,0
https://openalex.org/I4210127100,Cape Fear Valley Health System,True,6911,1,1,6911,0,0
https://openalex.org/I4210127108,Orthopaedic Research and Education Foundation,True,6654,1,1,6654,0,0
https://openalex.org/I4210127133,Blackpool Teaching Hospitals NHS Foundation Trust,True,2574,5,1,2574,0,0
https://openalex.org/I4210127135,Assystem (France),True,2702,3,4,2702;3315;3793;4227,0,0
https://openalex.org/I4210127141,Institut national de l'environnement industriel et des risques,True,2883,3,4,1294;1768;2824;2883,0,0
https://openalex.org/I4210127145,Northamptonshire Healthcare NHS Foundation Trust,True,5236,7,4,4792;4817;5067;5236,0,0
https://openalex.org/I4210127166,Centre Inria de l'Université de Lorraine,True,4192,20,2,4192;4558,0,0
https://openalex.org/I4210127167,Genethon (France),True,2702,1,1,2702,0,0
https://openalex.org/I4210127177,Elcom (Slovakia),True,760,1,2,535;760,0,0
https://openalex.org/I4210127216,Ministry of Transport,True,7704,3,2,7704;8193,0,0
https://openalex.org/I4210127221,Department for Education,True,5288,2,3,242;3099;5288,0,0
https://openalex.org/I4210127243,Mountain Home VA Healthcare System,True,,1,0,,2,0
https://openalex.org/I4210127281,Cypress Semiconductor Corporation (United States),True,1255,3,4,1160;1255;5129;705,0,0
https://openalex.org/I4210127296,Governo do Estado de São Paulo,True,6567,1,1,6567,0,0
https://openalex.org/I4210127299,Springfield Museums,True,7307,1,1,7307,0,0
https://openalex.org/I4210127325,Broadcom (United States),True,1255,7,8,1255;154;375;415;419;4523;5550;7244,0,0
https://openalex.org/I4210127334,PV Crystalox Solar (United Kingdom),True,4792,1,2,4388;4792,0,0
https://openalex.org/I4210127367,Plastal (Sweden),True,,2,0,,3,0
https://openalex.org/I4210127375,Dentaid (Spain),True,4523,1,2,1793;4523,0,0
https://openalex.org/I4210127378,Universidad Indoamérica,True,2437,2,3,2437;2503;2569,0,0
https://openalex.org/I4210127379,Asahi Glass (Japan),True,5129,1,2,1269;5129,0,0
https://openalex.org/I4210127387,Siberian Branch of the Russian Academy of Sciences,True,6191,34,8,6167;6179;6191;6258;6340;6423;6441;6450,1,0
https://openalex.org/I4210127390,State Council of the People's Republic of China,True,7704,129,33,10078;10097;10282;10286;3828;5335;5723;7094;7578;7704;8055;8157;8189;8290;8330;8332;8434;8510;8578;8717;8989;9008;9092;9100;9309;9401;9411;9511;9623;9701;9711;9769;9963,5,0
https://openalex.org/I4210127414,Flanders Innovation and Entrepreneurship,True,1269,1,1,1269,0,0
https://openalex.org/I4210127442,Hegau-Bodensee-Klinikum Singen,True,,1,0,,2,0
https://openalex.org/I4210127448,Délégation Ile-de-France Ouest et Nord,True,2702,3,1,2702,0,0
https://openalex.org/I4210127493,Xperi (United States),True,1255,1,2,1255;80,0,0
https://openalex.org/I4210127555,China Guodian Corporation (China),True,7704,2,2,7704;9701,0,0
https://openalex.org/I4210127568,Max Planck Institute for Dynamics of Complex Technical Systems,True,4553,1,1,4553,0,0
https://openalex.org/I4210127572,IMT Atlantique,True,954,45,5,2702;58;789;824;954,2,0
https://openalex.org/I4210127574,Synexus (United Kingdom),True,3201,2,3,3201;4788;5543,0,0
https://openalex.org/I4210127588,"Ministry of Culture, Community and Youth",True,154,2,1,154,0,0
https://openalex.org/I4210127592,Blueenergy,True,1255,1,2,1255;594,0,0
https://openalex.org/I4210127612,"VA Healthcare System Serving Ohio, Indiana and Michigan",True,6929,12,9,6720;6790;6845;6857;6875;6929;6948;6966;6990,1,0
https://openalex.org/I4210127641,Vall d'Hebron Hospital Universitari,True,4523,1,1,4523,0,0
https://openalex.org/I4210127662,"Czech Academy of Sciences, Institute of History",True,535,1,1,535,0,0
https://openalex.org/I4210127675,Institutos Nacionais de Ciência e Tecnologia,True,5465,25,14,1477;5449;5465;5593;6060;6144;6369;6567;6870;6961;7003;7021;7303;7328,0,0
https://openalex.org/I4210127686,Verbund Katholischer Kliniken Düsseldorf,True,815,1,2,536;815,0,0
https://openalex.org/I4210127702,Teledyne Technologies (Canada),True,2360,1,1,2360,0,0
https://openalex.org/I4210127723,Direction des Energies,True,2702,3,2,2702;3984,1,0
https://openalex.org/I4210127725,SYSTRA (France),True,2702,1,2,2702;5288,0,0
https://openalex.org/I4210127738,IMT Mines Alès,True,,1,1,3541,1,0
https://openalex.org/I4210127754,Ministry of Health,True,3327,7,3,1234;3327;3691,0,0
https://openalex.org/I4210127756,"Department of Agriculture, Water and the Environment",True,1468,2,1,1468,0,0
https://openalex.org/I4210127769,Başkent University Hospital,True,3650,2,3,3650;3740;4475,0,0
https://openalex.org/I4210127808,ALK-Abelló (Denmark),True,537,4,5,1600;1956;3147;3793;537,0,0
https://openalex.org/I4210127853,"Federal Ministry of Education, Science and Research",True,790,1,2,199;790,0,0
https://openalex.org/I4210127875,Nvidia (United States),True,1255,2,3,1255;1600;5047,0,0
https://openalex.org/I4210127885,Plansee (Austria),True,,1,0,,2,0
https://openalex.org/I4210127886,NOAA National Data Buoy Center,True,,1,1,7068,1,0
https://openalex.org/I4210127897,"Czech Academy of Sciences, Heyrovsky Institute",True,535,1,1,535,0,0
https://openalex.org/I4210127908,Virginia Department for Aging and Rehabilitative Services,True,7032,1,1,7032,1,0
https://openalex.org/I4210127910,Lubrizol Life Science Health (United States),True,6990,1,2,4523;6990,0,0
https://openalex.org/I4210128037,Sharp HealthCare Foundation,True,2204,2,1,2204,0,0
https://openalex.org/I4210128058,Birmingham Museums Trust,True,3799,2,1,3799,0,0
https://openalex.org/I4210128065,International Science Council,True,2702,6,4,2702;29;3793;4792,0,0
https://openalex.org/I4210128080,Keimyung University Dongsan Medical Center,True,2453,3,2,2453;2894,0,0
https://openalex.org/I4210128097,Research Center Borstel - Leibniz Lung Center,True,,2,2,3793;3942,1,0
https://openalex.org/I4210128103,Korea Institute for Health and Social Affairs,True,1604,1,2,1604;94,0,0
https://openalex.org/I4210128167,National Science and Technology Council,True,1141,5,2,1141;491,0,0
https://openalex.org/I4210128169,Australian Research Data Commons,True,1266,1,1,1266,0,0
https://openalex.org/I4210128193,École Nationale Supérieure de Formation de l’Enseignement Agricole,True,2304,4,1,2304,0,0
https://openalex.org/I4210128214,Bellus Health (Canada),True,3485,1,2,215;3485,0,0
https://openalex.org/I4210128224,Médecins Sans Frontières,True,29,11,11,103;1269;1427;1899;265;2702;29;3337;4523;5288;7244,0,0
https://openalex.org/I4210128300,Institut de Chimie,True,2702,110,27,1397;1496;1589;1680;1933;2010;2159;2233;2304;2639;2702;2824;3200;3353;3495;3541;3718;3759;3911;3984;4192;4393;4426;4558;58;824;954,1,0
https://openalex.org/I4210128306,Saolta University Health Care Group,True,80,8,1,80,6,0
https://openalex.org/I4210128307,Centro Científico Tecnológico - Tucumán,True,1467,3,1,1467,1,0
https://openalex.org/I4210128490,AstraZeneca (Japan),True,3956,1,1,3956,0,0
https://openalex.org/I4210128557,Ministry of Higher Education and Scientific Research,True,2709,1,1,2709,0,0
https://openalex.org/I4210128558,Coloplast (Denmark),True,537,3,4,3793;537;5454;6433,0,0
https://openalex.org/I4210128565,CEA Paris-Saclay,True,2702,4,1,2702,0,0
https://openalex.org/I4210128591,National Research Council,True,2114,2,1,2114,0,0
https://openalex.org/I4210128615,Chinese Academy of Forestry,True,7704,23,13,10078;10090;3663;5258;7076;7704;8189;8193;8332;9401;9539;9701;9711,1,0
https://openalex.org/I4210128646,Kohler (United States),True,,3,3,10097;3586;869,1,0
https://openalex.org/I4210128654,Ventura County Medical Center,True,1031,2,1,1031,0,0
https://openalex.org/I4210128682,HUN-REN Research Centre for Astronomy and Earth Sciences,True,964,3,1,964,0,0
https://openalex.org/I4210128723,Instituto Nacional de Salud Pública,True,4981,1,2,4981;5006,0,0
https://openalex.org/I4210128764,Sisters of Providence Health System,True,7307,1,1,7307,0,0
https://openalex.org/I4210128793,Memorial Health System,True,,1,0,,2,0
https://openalex.org/I4210128818,Institute of Software,True,7704,1,1,7704,0,0
https://openalex.org/I4210128838,Gebro Pharma (Austria),True,,1,1,4523,1,0
https://openalex.org/I4210128842,Busara Center for Behavioral Economics,True,2171,1,2,2171;7165,0,0
https://openalex.org/I4210128852,Dezful University of Medical Sciences,True,4128,1,2,4128;4686,0,0
https://openalex.org/I4210128870,Centre Hospitalier Universitaire de Clermont-Ferrand,True,3353,1,1,3353,0,0
https://openalex.org/I4210128919,Établissement Français du Sang,True,2702,7,7,2304;2702;3984;4054;4558;58;824,0,0
https://openalex.org/I4210128922,Department of Arts and Culture,True,3700,1,1,3700,0,0
https://openalex.org/I4210128926,Genopole (France),True,2702,1,1,2702,0,0
https://openalex.org/I4210128947,Kirchhoff (Germany),True,536,1,1,536,1,0
https://openalex.org/I4210128955,Kazan State Power Engineering University,True,4829,1,1,4829,0,0
https://openalex.org/I4210128969,Alphabet (United States),True,1255,9,8,1255;1479;154;1830;2360;415;5288;564,0,0
https://openalex.org/I4210129032,Adventist HealthCare,True,1830,1,1,1830,0,0
https://openalex.org/I4210129124,El Paso VA Health Care System,True,4576,1,1,4576,0,0
https://openalex.org/I4210129130,Asian Development Bank,True,2845,1,2,2845;5129,0,0
https://openalex.org/I4210129144,FormFactor (United States),True,1980,1,1,1980,1,0
https://openalex.org/I4210129152,HiFiBiO Therapeutics (France),True,2702,1,2,2702;7347,0,0
https://openalex.org/I4210129154,Services déconcentrés d'appui à la recherche Val de Loire,True,2085,1,2,2085;2639,0,0
https://openalex.org/I4210129170,Ministère des Affaires municipales et de l'Habitation,True,3789,2,2,3709;3789,0,0
https://openalex.org/I4210129205,Exide Technologies (United States),True,6451,4,4,3200;3304;4523;6451,1,0
https://openalex.org/I4210129227,Chinese Academy of Agricultural Mechanization Sciences,True,7704,1,1,7704,0,0
https://openalex.org/I4210129238,EnginSoft (Italy),True,2891,1,2,2891;4328,0,0
https://openalex.org/I4210129253,Instituts Français de Recherche à L'Étranger,True,2702,3,4,2317;2702;4946;5821,0,0
https://openalex.org/I4210129261,St. John's National Academy of Health Sciences,True,9099,1,1,9099,0,0
https://openalex.org/I4210129264,Inventec (Taiwan),True,1141,1,2,1141;9701,0,0
https://openalex.org/I4210129267,HES-SO Valais-Wallis,True,,2,0,,3,0
https://openalex.org/I4210129295,Amrith Educational and Cultural Society,True,9099,1,1,9099,0,0
https://openalex.org/I4210129299,Ohio Aerospace Institute,True,6990,1,1,6990,0,0
https://openalex.org/I4210129336,Łukasiewicz Research Network,True,3222,13,3,2663;3171;3222,0,0
https://openalex.org/I4210129342,Kimberly-Clark (United States),True,5543,1,2,2626;5543,0,0
https://openalex.org/I4210129353,Huawei Technologies (Germany),True,815,1,2,4736;815,0,0
https://openalex.org/I4210129357,Hospital Universitario Fundación Jiménez Díaz,True,3147,1,1,3147,0,0
https://openalex.org/I4210129380,Sidel (Italy),True,2449,1,2,1768;2449,0,0
https://openalex.org/I4210129390,OST - Ostschweizer Fachhochschule,True,1479,3,2,1479;1918,0,0
https://openalex.org/I4210129462,Southwest Healthcare System,True,3129,1,2,3129;4143,0,0
https://openalex.org/I4210129503,William Osler Health System,True,2626,2,1,2626,0,0
https://openalex.org/I4210129631,Aker Arctic (Finland),True,687,1,2,28;687,0,0
https://openalex.org/I4210129632,Texas State Technical College Waco,True,5463,1,1,5463,0,0
https://openalex.org/I4210129647,Novartis (United Kingdom),True,5125,1,2,4792;5125,0,0
https://openalex.org/I4210129656,Centre for Research on Ecology and Forestry Applications,True,4523,1,1,4523,0,0
https://openalex.org/I4210129657,Delta Electronics (Taiwan),True,1141,1,2,10097;1141,0,0
https://openalex.org/I4210129690,Department of Biological Sciences,True,2262,45,13,1337;2262;316;4829;4854;5654;5864;6191;6340;6423;6432;6522;750,8,0
https://openalex.org/I4210129714,Smith & Nephew (United Kingdom),True,5288,3,4,1479;3793;5288;6047,0,0
https://openalex.org/I4210129722,Ministry of Patriots and Veterans Affairs,True,1604,1,2,1604;94,0,0
https://openalex.org/I4210129773,Institute of Engineering,True,1525,2,1,1525,0,0
https://openalex.org/I4210129833,Pitney Bowes (United States),True,7244,3,4,2702;3297;5288;7244,0,0
https://openalex.org/I4210129850,Délégation Paris 6,True,2702,4,1,2702,0,0
https://openalex.org/I4210129854,SBH Behavioral Health,True,7244,1,1,7244,0,0
https://openalex.org/I4210129893,Ministry of Environmental Protection and Regional Development,True,279,1,1,279,0,0
https://openalex.org/I4210129898,Whittington Health NHS Trust,True,5288,1,1,5288,0,0
https://openalex.org/I4210129917,Aga Khan University,True,3280,2,2,3280;5288,0,0
https://openalex.org/I4210129973,Hôpital d'Instruction des Armées Bégin,True,2702,2,1,2702,0,0
https://openalex.org/I4210129999,KUKA (Germany),True,4520,2,3,3799;4520;6948,0,0
https://openalex.org/I4210130036,Wolters Kluwer (Netherlands),True,993,3,4,7163;7165;869;993,0,0
https://openalex.org/I4210130100,EVRAZ (United Kingdom),True,5288,3,4,1663;2262;5288;6654,0,0
https://openalex.org/I4210130102,Mútua Terrassa,True,4523,1,1,4523,0,0
https://openalex.org/I4210130112,China Academy of Information and Communications Technology,True,7704,1,2,7704;9701,0,0
https://openalex.org/I4210130141,Evolving Nano Process Infrastructure Development Center (Japan),True,4955,1,2,4955;5129,0,0
https://openalex.org/I4210130152,Institut de Psychiatrie et Neurosciences de Paris,True,2702,2,1,2702,0,0
https://openalex.org/I4210130195,VA Western Colorado Health Care System,True,4989,1,1,4989,0,0
https://openalex.org/I4210130251,R-Biopharm (Germany),True,3297,1,2,3297;955,0,0
https://openalex.org/I4210130303,HM Prison and Probation Service,True,5288,1,1,5288,0,0
https://openalex.org/I4210130325,Hôpitaux Universitaires Henri-Mondor,True,2702,3,1,2702,0,0
https://openalex.org/I4210130353,Eskenazi Health Foundation,True,6720,2,1,6720,0,0
https://openalex.org/I4210130370,Department of Land and Natural Resources,True,182,1,1,182,0,0
https://openalex.org/I4210130418,Aga Khan Foundation,True,29,2,2,29;7068,1,0
https://openalex.org/I4210130424,Deutschen Institute für Textil und Faserforschung,True,3580,1,1,3580,0,0
https://openalex.org/I4210130470,Esaote (Italy),True,1309,1,2,1309;2593,0,0
https://openalex.org/I4210130528,LFB (France),True,3200,1,2,3200;7337,0,0
https://openalex.org/I4210130559,Maison des Sciences de l’Homme et de la Société de Toulouse,True,2304,1,1,2304,0,0
https://openalex.org/I4210130576,Department of Education and Skills,True,415,1,1,415,0,0
https://openalex.org/I4210130581,Ministry of Education and Science,True,359,1,1,359,0,0
https://openalex.org/I4210130626,Centro Científico Tecnológico - Córdoba,True,2285,5,1,2285,0,0
https://openalex.org/I4210130668,Royal Botanic Garden Sydney,True,1830,1,1,1830,0,0
https://openalex.org/I4210130707,Ministry of Health,True,1110,2,2,1110;738,0,0
https://openalex.org/I4210130719,Administração Regional De Saude Do Centro,True,1118,1,2,1118;878,0,0
https://openalex.org/I4210130725,Bronovo Hospital,True,296,1,1,296,0,0
https://openalex.org/I4210130738,Grossmont Cuyamaca Community College District,True,2204,1,1,2204,0,0
https://openalex.org/I4210130740,Department of Chemistry and Earth Sciences,True,799,3,1,799,0,0
https://openalex.org/I4210130748,Ministry of Interior and Administration,True,3222,2,1,3222,0,0
https://openalex.org/I4210130751,Landschaftsverband Westfalen-Lippe,True,1761,3,3,1761;1926;536,0,0
https://openalex.org/I4210130773,St. Joseph Health System,True,1642,4,2,1642;2345,0,0
https://openalex.org/I4210130807,Instituto de Astrofísica de Canarias,True,395,1,1,395,1,0
https://openalex.org/I4210130816,Evotec (Germany),True,3793,3,4,1255;3793;4792;7163,0,0
https://openalex.org/I4210130822,Alpha and Omega Semiconductor (Bermuda),True,,1,1,1255,1,0
https://openalex.org/I4210130831,Ventura County Community College District,True,1031,2,1,1031,0,0
https://openalex.org/I4210130843,Sinai Health System,True,2626,3,1,2626,0,0
https://openalex.org/I4210130969,North Memorial Health Care,True,6433,1,1,6433,0,0
https://openalex.org/I4210130986,Mersey Care NHS Trust,True,2374,5,2,2374;3401,0,0
https://openalex.org/I4210131007,John Wiley & Sons (United States),True,7244,4,5,1255;3041;5288;5406;7244,0,0
https://openalex.org/I4210131031,Gorilla Doctors,True,3282,1,2,3282;883,0,0
https://openalex.org/I4210131075,VA Southeast Network,True,6451,9,6,6107;6143;6180;6451;6809;6833,2,0
https://openalex.org/I4210131117,Human Immunome Project,True,,1,1,1427,1,0
https://openalex.org/I4210131144,Pera (United Kingdom),True,4925,1,2,4925;537,0,0
https://openalex.org/I4210131146,Schauenburg (Germany),True,536,1,2,5254;536,0,0
https://openalex.org/I4210131228,Adventist Health Glendale,True,1642,1,2,1642;3180,0,0
https://openalex.org/I4210131266,ELTE Research Centre for the Humanities,True,964,7,1,964,0,0
https://openalex.org/I4210131281,Harman (United States),True,7244,3,4,1769;2988;7244;9963,0,0
https://openalex.org/I4210131320,LG (South Korea),True,94,4,3,7244;7704;94,0,0
https://openalex.org/I4210131322,Providence Montana Health Foundation,True,,2,0,,3,0
https://openalex.org/I4210131345,Sappi (South Africa),True,3337,1,2,2593;3337,0,0
https://openalex.org/I4210131356,Centre Oscar Lambret,True,3200,1,1,3200,0,0
https://openalex.org/I4210131391,Evangelical Church of Westphalia,True,2818,1,1,2818,0,0
https://openalex.org/I4210131410,Ministry of Health,True,164,1,1,164,0,0
https://openalex.org/I4210131428,Source BioScience (United Kingdom),True,4767,1,2,4767;4946,0,0
https://openalex.org/I4210131437,Somfy (France),True,,2,0,,3,0
https://openalex.org/I4210131451,Délégation Alsace,True,4558,3,1,4558,0,0
https://openalex.org/I4210131465,Scientific Games (United States),True,4143,3,4,1266;4143;5288;790,0,0
https://openalex.org/I4210131494,"Ministère de l'Enseignement Supérieur, de la Recherche et de l'Espace",True,2702,110,23,126;153;1545;1657;1834;209;2233;2304;2431;2702;3200;3353;3541;3759;3911;3948;3984;4124;4215;4426;468;58;811,5,0
https://openalex.org/I4210131512,Centre Inria de l'université de Bordeaux,True,1397,21,2,1397;1589,0,0
https://openalex.org/I4210131532,Glenmark Pharmaceuticals (India),True,7163,1,1,7163,1,0
https://openalex.org/I4210131556,Ministry of Education and Research,True,596,3,1,596,0,0
https://openalex.org/I4210131637,Kaneka (Japan),True,3956,2,3,3093;3956;5511,0,0
https://openalex.org/I4210131825,MinebeaMitsumi (Japan),True,,1,1,3093,1,0
https://openalex.org/I4210131832,ID Quantique (Switzerland),True,29,1,2,29;3099,0,0
https://openalex.org/I4210131840,Sphaera Pharma (India),True,7466,1,2,154;7466,0,0
https://openalex.org/I4210131845,Kontron (Germany),True,4520,2,3,4158;43;4520,0,0
https://openalex.org/I4210131871,Shanxi Jincheng Anthracite Mining Group (China),True,7918,1,1,7918,0,0
https://openalex.org/I4210131881,Research Centre Rez,True,535,1,1,535,0,0
https://openalex.org/I4210131908,Jeonbuk National University Hospital,True,2098,1,1,2098,0,0
https://openalex.org/I4210131934,Lukasiewicz Research Network - Krakow Institute of Technology,True,3171,1,1,3171,0,0
https://openalex.org/I4210132005,Anderson Orthopaedic Clinic,True,7068,2,1,7068,0,0
https://openalex.org/I4210132020,South West Yorkshire Partnership NHS Foundation Trust,True,4159,3,1,4159,0,0
https://openalex.org/I4210132057,Instituto Superior de Ciências Empresariais e do Turismo,True,1003,1,1,1003,0,0
https://openalex.org/I4210132111,Maire Tecnimont (Italy),True,1600,1,2,1600;2593,0,0
https://openalex.org/I4210132203,Ewha Womans University Medical Center,True,94,8,1,94,0,0
https://openalex.org/I4210132216,"National Research, Development and Innovation Office",True,964,3,2,3793;964,1,0
https://openalex.org/I4210132302,"Ministry of Infrastructure, Transport and Networks",True,959,1,1,959,0,0
https://openalex.org/I4210132317,UGC DAE Consortium for Scientific Research,True,7839,1,2,7163;7839,0,0
https://openalex.org/I4210132346,Voith (Germany),True,,2,2,5288;6827,1,0
https://openalex.org/I4210132349,Department of Employment and Workplace Relations,True,1468,31,11,1266;1468;1562;1830;1912;2066;2141;2355;360;510;789,0,0
https://openalex.org/I4210132369,Department of Humanities and Arts,True,799,2,1,799,0,0
https://openalex.org/I4210132373,Ball (United States),True,5332,4,5,2764;481;5332;5356;536,0,0
https://openalex.org/I4210132412,P-D Refractories (Czechia),True,,1,1,536,1,0
https://openalex.org/I4210132430,Office of the Governor State of California,True,3652,1,1,3652,0,0
https://openalex.org/I4210132437,Children's Minnesota,True,6433,1,1,6433,0,0
https://openalex.org/I4210132438,Diageo (United Kingdom),True,5288,1,2,415;5288,0,0
https://openalex.org/I4210132444,"Systems, Applications & Products in Data Processing (Germany)",True,3041,6,7,1830;2262;2626;3041;5288;669;7165,0,0
https://openalex.org/I4210132460,Comprehensive Research Organization for Science and Society,True,,1,1,5309,1,0
https://openalex.org/I4210132482,Altimmune (United States),True,7068,1,2,5288;7068,0,0
https://openalex.org/I4210132491,International Institute of Tropical Forestry,True,308,1,1,308,0,0
https://openalex.org/I4210132500,Queensland Department of Education,True,2355,1,2,1266;2355,0,0
https://openalex.org/I4210132540,Japan Community Healthcare Organization,True,5129,12,7,266;3956;3991;4532;5005;5129;843,1,0
https://openalex.org/I4210132578,University Hospital Frankfurt,True,3093,2,1,3093,0,0
https://openalex.org/I4210132582,VA Sierra Nevada Health Care System,True,4038,1,1,4038,0,0
https://openalex.org/I4210132590,Shri Vile Parle Kelavani Mandal,True,7163,1,1,7163,0,0
https://openalex.org/I4210132596,University of Wisconsin Health,True,6678,2,1,6678,0,0
https://openalex.org/I4210132604,Centre Hospitalier Régional Universitaire de Brest,True,58,1,1,58,0,0
https://openalex.org/I4210132647,Iowa City VA Health Care System,True,6312,1,1,6312,0,0
https://openalex.org/I4210132650,Denso (Japan),True,4532,2,2,4532;6948,1,0
https://openalex.org/I4210132663,Zydus Lifesciences Limited (India),True,5991,1,1,5991,0,0
https://openalex.org/I4210132715,EvergreenHealth,True,4510,1,1,4510,0,0
https://openalex.org/I4210132719,National Archives,True,535,1,1,535,0,0
https://openalex.org/I4210132746,Connecticut State Colleges and Universities,True,7302,10,5,7244;7277;7287;7302;7312,3,0
https://openalex.org/I4210132748,Norsk Hydro (Norway),True,596,4,3,1003;388;596,2,0
https://openalex.org/I4210132761,Bracco (Italy),True,1600,4,5,1427;1600;1752;3906;7165,0,0
https://openalex.org/I4210132838,Clinipace (United States),True,6942,3,3,1600;6942;94,1,0
https://openalex.org/I4210132870,Xerox (United States),True,7244,4,5,1255;2626;2702;5288;7244,0,0
https://openalex.org/I4210132884,Barcelona Institute of Science and Technology,True,4523,8,2,4358;4523,0,0
https://openalex.org/I4210132895,Devan Chemicals (Belgium),True,,1,1,1003,1,0
https://openalex.org/I4210132901,Wyss Foundation,True,7068,1,2,7068;805,0,0
https://openalex.org/I4210133019,NOAA Center for Satellite Applications and Research,True,7068,1,1,7068,0,0
https://openalex.org/I4210133042,Hainan 301 Hospital,True,7704,1,1,7704,1,0
https://openalex.org/I4210133089,Hydrogenics (Canada),True,2626,1,2,1160;2626,0,0
https://openalex.org/I4210133092,"Czech Academy of Sciences, Institute of Experimental Medicine",True,535,2,2,1286;535,0,0
https://openalex.org/I4210133106,Parc de Salut,True,4523,2,1,4523,0,0
https://openalex.org/I4210133125,Mitsubishi Electric (Japan),True,5129,5,6,1427;1642;5129;7704;815;824,0,0
https://openalex.org/I4210133131,Chinese Academy of Meteorological Sciences,True,7704,1,1,7704,0,0
https://openalex.org/I4210133143,Dow Chemical (United States),True,,14,11,10097;1269;1276;2146;2702;3304;5129;5550;6567;6720;7163,4,0
https://openalex.org/I4210133199,J.M. Kaplan Fund,True,7244,1,1,7244,1,0
https://openalex.org/I4210133214,IRCCS Ospedale San Raffaele,True,1600,1,1,1600,0,0
https://openalex.org/I4210133215,Secretaria do Meio Ambiente,True,6567,1,1,6567,0,0
https://openalex.org/I4210133227,Danish Ministry of Environment,True,537,1,1,537,1,0
https://openalex.org/I4210133271,Imagination Technologies (United Kingdom),True,5288,1,2,1255;5288,0,0
https://openalex.org/I4210133295,"Istituto Nazionale di Fisica Nucleare, Sezione di Firenze",True,3106,2,1,3106,1,0
https://openalex.org/I4210133301,Cipla (India),True,7163,3,4,1160;1255;6442;7163,0,0
https://openalex.org/I4210133325,Institute of Process Engineering,True,7704,1,1,7704,0,0
https://openalex.org/I4210133330,Instituto de Soldadura e Qualidade,True,310,1,1,310,1,0
https://openalex.org/I4210133336,Oklahoma City VA Health Care System,True,5705,1,1,5705,0,0
https://openalex.org/I4210133341,Gloucestershire Health and Care NHS Foundation Trust,True,3586,9,3,3099;3586;4125,2,0
https://openalex.org/I4210133362,Institut National de Physique Nucléaire et de Physique des Particules,True,2702,23,11,1397;1680;2304;2702;3541;3718;3911;3984;4226;4558;954,0,0
https://openalex.org/I4210133414,Cascade Technologies (United States),True,1255,1,2,1255;1934,0,0
https://openalex.org/I4210133497,Raytheon Technologies (Canada),True,1276,1,2,1276;3485,0,0
https://openalex.org/I4210133530,Fujirebio (Japan),True,5129,3,3,1177;5129;657,0,0
https://openalex.org/I4210133559,Zuyderland Medisch Centrum,True,2593,1,2,2593;2901,0,0
https://openalex.org/I4210133600,Bedford Hospital NHS Trust,True,5373,1,1,5373,0,0
https://openalex.org/I4210133642,IMT Nord Europe,True,2993,2,2,2993;3200,0,0
https://openalex.org/I4210133643,Délégation Midi Pyrénées,True,2304,4,1,2304,0,0
https://openalex.org/I4210133657,North Metropolitan Health Service,True,360,4,1,360,0,0
https://openalex.org/I4210133729,Institut national d'histoire de l'art,True,2702,1,1,2702,0,0
https://openalex.org/I4210133778,Centre Inria de l'Université de Rennes,True,824,36,1,824,1,0
https://openalex.org/I4210133790,PricewaterhouseCoopers (United Kingdom),True,5288,8,8,1427;2626;2824;310;5288;596;7244;94,1,0
https://openalex.org/I4210133886,Curtiss-Wright (United States),True,6851,2,2,3912;6851,1,0
https://openalex.org/I4210133905,VA Pittsburgh Healthcare System,True,7020,1,1,7020,0,0
https://openalex.org/I4210133928,Behörde für Gesundheit und Verbraucherschutz,True,3793,1,1,3793,0,0
https://openalex.org/I4210133972,Ministry of National Defense of the People's Republic of China,True,7704,2,2,7704;7912,0,0
https://openalex.org/I4210133986,Spartanburg Regional Healthcare System,True,,2,0,,3,0
https://openalex.org/I4210133995,The Christie NHS Foundation Trust,True,3304,2,1,3304,0,0
https://openalex.org/I4210134076,BRCR Global (United States),True,6442,1,2,2327;6442,0,0
https://openalex.org/I4210134090,Pharmerit (United States),True,7068,1,2,296;7068,0,0
https://openalex.org/I4210134091,Yahoo (United States),True,1255,2,3,1255;3147;5288,0,0
https://openalex.org/I4210134100,IDEXX Laboratories (United States),True,7377,2,3,2702;3580;7377,0,0
https://openalex.org/I4210134135,HUN-REN Centre for Ecological Research,True,964,3,1,964,0,0
https://openalex.org/I4210134154,Connecticut Health Foundation,True,7302,1,1,7302,0,0
https://openalex.org/I4210134168,Katholieke Hogeschool Vives,True,514,1,2,202;514,0,0
https://openalex.org/I4210134216,Unité mixte de recherche Œnologie,True,1397,2,1,1397,0,0
https://openalex.org/I4210134287,Parliament of United Kingdom,True,5288,1,1,5288,0,0
https://openalex.org/I4210134317,"Secretaría Nacional de Ciencia, Tecnología e Innovación",True,740,1,1,740,0,0
https://openalex.org/I4210134327,"Directorate for Social, Behavioral & Economic Sciences",True,7068,5,1,7068,0,0
https://openalex.org/I4210134345,EchoStar (United States),True,5332,2,3,5087;5332;9099,0,0
https://openalex.org/I4210134376,CHA University Bundang Medical Center,True,94,4,1,94,0,0
https://openalex.org/I4210134389,Takeda (Sweden),True,1445,1,1,1445,0,0
https://openalex.org/I4210134409,Institut Bergonié,True,1397,1,1,1397,0,0
https://openalex.org/I4210134421,INTRASOFT International (Luxembourg),True,103,2,3,103;1269;959,0,0
https://openalex.org/I4210134425,Fraunhofer Institute for Reliability and Microintegration,True,4946,1,2,4946;4996,0,0
https://openalex.org/I4210134439,Amicus Therapeutics (United States),True,7244,1,2,5288;7244,0,0
https://openalex.org/I4210134456,Deutscher Verein des Gas und Wasserfaches,True,1064,3,4,1064;2988;3793;4996,0,0
https://openalex.org/I4210134482,Nanjing Institute of Geography and Limnology,True,9701,1,1,9701,0,0
https://openalex.org/I4210134517,Recordati (Italy),True,1600,3,4,1600;259;2702;3147,0,0
https://openalex.org/I4210134521,UniDistance Suisse,True,,1,0,,2,0
https://openalex.org/I4210134523,State Forestry and Grassland Administration,True,7704,24,13,10078;10090;3663;5258;7076;7704;8189;8193;8332;9401;9539;9701;9711,1,0
https://openalex.org/I4210134534,National Institute of Allergy and Infectious Diseases,True,7068,2,3,4510;7068;9850,0,0
https://openalex.org/I4210134562,HESAM Université,True,2702,46,11,1397;1496;1933;2702;3200;3798;3948;398;4088;58;954,1,0
https://openalex.org/I4210134580,Fraunhofer Institute for Manufacturing Technology and Advanced Materials,True,2877,1,2,2877;4996,0,0
https://openalex.org/I4210134592,Observatoire Aquitain des Sciences de l'Univers,True,1397,2,1,1397,0,0
https://openalex.org/I4210134641,"Czech Academy of Sciences, Masaryk Institute and Archives",True,535,1,1,535,0,0
https://openalex.org/I4210134646,Silence Therapeutics (United Kingdom),True,5288,2,3,1255;4946;5288,0,0
https://openalex.org/I4210134676,Virgin Care,True,,5,3,3099;5125;5288,1,0
https://openalex.org/I4210134722,Ministry for Health,True,114,1,1,114,0,0
https://openalex.org/I4210134736,Veolia (France),True,2702,9,9,1445;1600;1830;2702;5288;535;537;7347;7466,1,0
https://openalex.org/I4210134769,University of Pittsburgh Medical Center,True,7020,13,3,7020;7044;7129,2,0
https://openalex.org/I4210134778,BioNTech (Germany),True,3093,1,2,3093;7347,0,0
https://openalex.org/I4210134792,Mane (France),True,4426,1,2,4426;7163,0,0
https://openalex.org/I4210134808,Ministry of Science and Technology,True,7466,73,27,10142;10243;10285;10354;10375;10452;10496;10526;10533;3357;6016;6162;6781;6825;7466;7581;7607;7617;7841;8258;8848;8896;8952;9045;9099;9157;9850,3,0
https://openalex.org/I4210134832,Laboratoire de Physique des 2 Infinis Irène Joliot-Curie,True,2702,5,1,2702,0,0
https://openalex.org/I4210134834,Krankenhaus Nordwest,True,3093,1,1,3093,0,0
https://openalex.org/I4210134849,Azienda Ospedaliera Universitaria Senese,True,,1,0,,2,0
https://openalex.org/I4210134883,Hirslanden Klinik St. Anna,True,1380,1,1,1380,0,0
https://openalex.org/I4210134900,Jena University Hospital,True,4618,1,1,4618,0,0
https://openalex.org/I4210134982,Institute of Microbiology,True,7704,2,1,7704,0,0
https://openalex.org/I4210134983,Metabiota (United States),True,1255,1,2,1255;2295,0,0
https://openalex.org/I4210135004,Colgate-Palmolive (United States),True,7244,2,3,7163;7244;935,0,0
https://openalex.org/I4210135008,FLSmidth (Denmark),True,537,1,2,1177;537,0,0
https://openalex.org/I4210135009,IHS Markit (United Kingdom),True,5288,4,5,1276;2355;4736;5288;5332,0,0
https://openalex.org/I4210135014,Kauno kolegija Higher Education Institution,True,435,1,2,435;720,0,0
https://openalex.org/I4210135108,Beijing Municipal Health Commission,True,7704,2,1,7704,0,0
https://openalex.org/I4210135114,BioMar (Norway),True,,2,1,1934,2,0
https://openalex.org/I4210135123,National Library of the Czech Republic,True,535,1,1,535,0,0
https://openalex.org/I4210135167,South Tyneside and Sunderland NHS Foundation Trust,True,4227,7,1,4227,0,0
https://openalex.org/I4210135299,Hunter Douglas (Netherlands),True,296,1,2,296;7244,0,0
https://openalex.org/I4210135308,Servier (France),True,2702,6,7,2702;3147;3485;3981;4736;5288;8193,0,0
https://openalex.org/I4210135319,Galorath (United States),True,1642,1,1,1642,1,0
https://openalex.org/I4210135322,KME (Germany),True,2004,1,2,2004;7050,0,0
https://openalex.org/I4210135349,Shanghai Institute of Optics and Fine Mechanics,True,10097,1,1,10097,0,0
https://openalex.org/I4210135388,Actigen (United Kingdom),True,5550,2,3,537;5550;596,0,0
https://openalex.org/I4210135437,Johnson & Johnson (Israel),True,419,1,2,419;564,0,0
https://openalex.org/I4210135459,United Imaging Healthcare (China),True,10097,1,1,10097,0,0
https://openalex.org/I4210135508,STMicroelectronics (United Kingdom),True,5288,1,2,3099;5288,0,0
https://openalex.org/I4210135521,Max Planck Institute for Intelligent Systems,True,3580,2,2,3580;3869,0,0
https://openalex.org/I4210135589,Kementerian Kesehatan Republik Indonesia,True,4897,2,1,4897,0,0
https://openalex.org/I4210135606,National Research Center for Applied Cybersecurity ATHENE,True,3297,2,1,3297,0,0
https://openalex.org/I4210135627,Michigan Healthcare Professionals,True,6948,1,2,6259;6948,0,0
https://openalex.org/I4210135723,Shanghai Institute of Technical Physics,True,10097,1,1,10097,0,0
https://openalex.org/I4210135735,Institute of Geochemistry,True,7952,3,2,7094;7952,0,0
https://openalex.org/I4210135740,Haier Group (China),True,9309,1,1,9309,0,0
https://openalex.org/I4210135762,Câmara Municipal de Lisboa,True,310,1,1,310,0,0
https://openalex.org/I4210135775,Regione del Veneto,True,3592,1,1,3592,1,0
https://openalex.org/I4210135812,Sinochem Group (China),True,7704,1,2,7704;8630,0,0
https://openalex.org/I4210135825,KPMG (Netherlands),True,1427,4,5,1427;154;1830;5288;7244,0,0
https://openalex.org/I4210135837,National Center for Supercomputing Applications,True,6541,1,1,6541,0,0
https://openalex.org/I4210135848,M.S. Poliakov Institute of Geotechnical Mechanics of the National Academy of Sciences of Ukraine,True,3608,1,1,3608,0,0
https://openalex.org/I4210135854,Bobst (Switzerland),True,215,1,2,215;4020,0,0
https://openalex.org/I4210135868,"Institut de Chimie et Procédés pour l'Energie, l'Environnement et la Santé",True,4558,1,1,4558,0,0
https://openalex.org/I4210135877,3i (United Kingdom),True,5288,1,2,5288;6433,0,0
https://openalex.org/I4210135900,Hochschule Fresenius,True,3093,1,2,3041;3093,0,0
https://openalex.org/I4210135926,James Paget University Hospitals NHS Foundation Trust,True,5796,2,2,5796;5809,0,0
https://openalex.org/I4210135952,"Ministerium für Arbeit, Gesundheit und Soziales des Landes Nordrhein-Westfalen",True,815,1,2,536;815,0,0
https://openalex.org/I4210135979,Yangtze River Pharmaceutical Group (China),True,9831,1,1,9831,0,0
https://openalex.org/I4210135984,Saudi Arabia Basic Industries (Saudi Arabia),True,3327,2,3,2593;3327;6948,0,0
https://openalex.org/I4210135994,China Railway Group (China),True,7704,1,2,5723;7704,0,0
https://openalex.org/I4210135996,Institut Agro Dijon,True,3798,7,2,2702;3798,0,0
https://openalex.org/I4210136014,Benemerita Escuela Normal Urbana Federal Fronteriza,True,1211,1,2,1211;440,0,0
https://openalex.org/I4210136063,Thomas Jefferson Foundation,True,,1,0,,2,0
https://openalex.org/I4210136064,Reliance Industries (India),True,7163,1,2,5447;7163,0,0
https://openalex.org/I4210136066,Skyhaven Systems (United States),True,,1,1,7362,1,0
https://openalex.org/I4210136104,Kentucky Cabinet For Health and Family Services,True,6748,1,1,6748,1,0
https://openalex.org/I4210136121,Suez (France),True,2702,3,3,1830;2702;535,1,0
https://openalex.org/I4210136150,L3S Research Center,True,3667,1,1,3667,0,0
https://openalex.org/I4210136218,Shanghai Electric Cable Research Institute,True,10097,1,1,10097,0,0
https://openalex.org/I4210136261,Roper St. Francis Healthcare,True,6833,1,1,6833,0,0
https://openalex.org/I4210136275,Secretaria da Saúde,True,6567,2,2,6567;6961,0,0
https://openalex.org/I4210136310,Hôpital d'instruction des Armées Percy,True,2702,2,1,2702,0,0
https://openalex.org/I4210136388,Carnot Institute Qualiment,True,2702,1,1,2702,0,0
https://openalex.org/I4210136395,Ospedaliera di Piacenza,True,2094,1,1,2094,0,0
https://openalex.org/I4210136438,Ministry of the Environment,True,687,1,1,687,0,0
https://openalex.org/I4210136517,Department of Health,True,415,34,3,259;415;80,25,0
https://openalex.org/I4210136600,Diebold Nixdorf (United States),True,6984,1,2,3144;6984,0,0
https://openalex.org/I4210136616,Great Ormond Street Hospital Children's Charity,True,5288,1,1,5288,0,0
https://openalex.org/I4210136623,Bundesministerium für Wirtschaft und Energie,True,4946,1,2,4288;4946,0,0
https://openalex.org/I4210136628,Norgine (Netherlands),True,1427,2,2,1427;5288,1,0
https://openalex.org/I4210136690,Institut National de Police Scientifique,True,3718,1,2,2702;3718,0,0
https://openalex.org/I4210136714,AB Vista (United Kingdom),True,4125,1,1,4125,1,0
https://openalex.org/I4210136756,Internationale Akademie Berlin,True,4946,2,1,4946,0,0
https://openalex.org/I4210136757,East Sussex Healthcare NHS Trust,True,5631,5,3,5406;5582;5631,0,0
https://openalex.org/I4210136766,"Nanosciences et Innovation pour les Matériaux, la Biomédecine et l'Énergie",True,2702,2,1,2702,0,0
https://openalex.org/I4210136778,Evangelische Hochschule Hessen,True,3297,1,2,3297;3713,0,0
https://openalex.org/I4210136779,"Istituto Nazionale di Fisica Nucleare, Sezione di Milano",True,1600,1,1,1600,0,0
https://openalex.org/I4210136791,Services déconcentrés d'appui à la recherche Provence-Alpes-Côte d'Azur,True,3759,2,2,3759;3911,0,0
https://openalex.org/I4210136798,Capgemini (France),True,2702,6,7,1269;1793;2702;3881;5288;596;7244,0,0
https://openalex.org/I4210136890,Alten (France),True,2702,2,3,165;2312;2702,0,0
https://openalex.org/I4210136897,National Institute on Aging,True,7123,1,2,7123;7347,0,0
https://openalex.org/I4210136903,Airbus (Germany),True,3793,2,2,3793;4736,1,0
https://openalex.org/I4210136915,Idorsia (Switzerland),True,935,1,1,935,0,0
https://openalex.org/I4210136935,United Therapeutics (United States),True,7068,1,2,5288;7068,0,0
https://openalex.org/I4210136960,Boehringer Ingelheim (Portugal),True,310,1,1,310,0,0
https://openalex.org/I4210136987,St. Anne's University Hospital Brno,True,1177,4,3,1177;1286;535,0,0
https://openalex.org/I4210136988,Délégation Provence et Corse,True,3911,1,1,3911,0,0
https://openalex.org/I4210137004,OFS (United States),True,6451,1,2,537;6451,0,0
https://openalex.org/I4210137065,Ministry of Health,True,187,3,3,187;226;42,0,0
https://openalex.org/I4210137075,Centre de Recherche en Nutrition Humaine d'Auvergne,True,3353,1,1,3353,0,0
https://openalex.org/I4210137101,"Délégation Nord, Pas-de-Calais et Picardie",True,3200,3,2,2764;3200,0,0
https://openalex.org/I4210137110,Yazaki (Japan),True,5129,3,4,1266;5129;5288;6948,0,0
https://openalex.org/I4210137126,Council for Scientific and Industrial Research,True,2940,2,1,2940,0,0
https://openalex.org/I4210137180,Institute of High Energy Physics,True,7704,6,4,10097;7704;9718;9747,0,0
https://openalex.org/I4210137209,Gobierno de Aragón,True,3982,1,1,3982,0,0
https://openalex.org/I4210137236,Kennametal (United States),True,,2,2,3799;4454,1,0
https://openalex.org/I4210137294,OCP Group (Morocco),True,1785,1,1,1785,0,0
https://openalex.org/I4210137298,Avaya (United States),True,1255,4,4,1255;3093;419;5288,1,0
https://openalex.org/I4210137306,Stanford Medicine,True,1255,5,1,1255,0,0
https://openalex.org/I4210137343,Rieter (Switzerland),True,1479,2,2,1479;4679,1,0
https://openalex.org/I4210137371,Délégation Languedoc Roussillon,True,3541,4,1,3541,0,0
https://openalex.org/I4210137378,Saint Francis Health System,True,5804,4,1,5804,0,0
https://openalex.org/I4210137385,Capita (United Kingdom),True,5288,1,2,5024;5288,0,0
https://openalex.org/I4210137396,Centre de Recherche en Économie et Statistique,True,2702,1,1,2702,0,0
https://openalex.org/I4210137409,National Hospital Organization,True,5129,64,27,2243;2382;2648;266;2773;2833;2892;2947;3055;3209;3455;3549;3919;3956;3991;4165;4400;4466;4532;4822;5005;5129;5149;5258;5309;708;972,5,0
https://openalex.org/I4210137433,Cambia Health Solutions (United States),True,4444,1,1,4444,0,0
https://openalex.org/I4210137449,Office of the Director,True,7068,2,1,7068,0,0
https://openalex.org/I4210137451,B. Braun (Germany),True,,6,6,1380;2107;2702;4523;535;7195,1,0
https://openalex.org/I4210137471,Istituti Fisioterapici Ospitalieri,True,3881,1,1,3881,0,0
https://openalex.org/I4210137495,Arcadis (Netherlands),True,1427,5,6,1427;1479;375;5288;5332;535,0,0
https://openalex.org/I4210137549,Halliburton (United States),True,5511,1,2,2884;5511,0,0
https://openalex.org/I4210137611,Centre for Social Sciences,True,964,4,1,964,0,0
https://openalex.org/I4210137624,Swedish Orphan Biovitrum (Sweden),True,1445,2,3,1445;1479;7347,0,0
https://openalex.org/I4210137674,Hospital General Universitario de Alicante Doctor Balmis,True,4122,1,1,4122,0,0
https://openalex.org/I4210137693,Siemens (United States),True,7165,1,2,4444;7165,0,0
https://openalex.org/I4210137734,NeoChemir (Japan),True,3956,1,1,3956,0,0
https://openalex.org/I4210137750,UC Irvine Health,True,1642,1,1,1642,0,0
https://openalex.org/I4210137792,Takeda (Germany),True,3906,1,2,3906;4946,0,0
https://openalex.org/I4210137815,Naval Group (France),True,2702,2,3,2702;415;789,0,0
https://openalex.org/I4210137830,Garden Club of America,True,7244,1,2,182;7244,0,0
https://openalex.org/I4210137853,Toyota Motor Corporation (Japan),True,4532,8,9,1064;1168;1269;1642;2626;4532;5129;5543;6929,0,0
https://openalex.org/I4210137910,Iowa Valley Community College District,True,,2,0,,3,0
https://openalex.org/I4210137977,Advanced Micro Devices (United States),True,1255,3,4,1255;154;2626;5087,0,0
https://openalex.org/I4210137987,Fundación Miguel Lillo,True,1467,1,1,1467,0,0
https://openalex.org/I4210138024,VA Northwest Network,True,4444,4,4,4444;4510;4756;5138,1,0
https://openalex.org/I4210138094,Agricultural Research Service - Northeast Area,True,7068,11,3,7068;7165;7347,6,0
https://openalex.org/I4210138103,"Czech Academy of Sciences, Institute of Molecular Genetics",True,535,4,1,535,1,0
https://openalex.org/I4210138120,"Agence Nationale de Sécurité Sanitaire de l’Alimentation, de l’Environnement et du Travail",True,2702,4,4,2702;3495;3718;4192,0,0
https://openalex.org/I4210138160,Centro Científico Tecnológico - La Plata,True,4349,12,2,4215;4349,0,0
https://openalex.org/I4210138169,Osaka Research Institute of Industrial Science and Technology,True,3956,1,1,3956,0,0
https://openalex.org/I4210138177,Queen Victoria Hospital NHS Foundation Trust,True,5288,1,1,5288,0,0
https://openalex.org/I4210138253,Valmet (Finland),True,687,2,1,687,2,0
https://openalex.org/I4210138311,Lawrence Livermore National Security,True,1980,3,1,1980,0,0
https://openalex.org/I4210138334,General Organization For Teaching Hospitals and Institutes,True,3981,2,1,3981,0,0
https://openalex.org/I4210138362,Health and Care Research Wales,True,2086,1,1,2086,0,0
https://openalex.org/I4210138396,Cook Group (United States),True,6638,8,5,2355;537;6638;6713;9850,1,0
https://openalex.org/I4210138412,Centre Inria de l'Université de Lille,True,3200,18,2,2702;3200,0,0
https://openalex.org/I4210138422,Ministerio de Salud Pública y Bienestar Social,True,465,2,1,465,0,0
https://openalex.org/I4210138446,Kion Group (Germany),True,3093,1,2,3093;6833,0,0
https://openalex.org/I4210138501,Chinese Academy of Agricultural Sciences,True,7704,44,21,10078;10097;3828;5335;5723;7578;7704;8055;8157;8189;8290;8330;8332;8434;8510;8717;8989;9008;9100;9309;9769,2,0
https://openalex.org/I4210138519,DIPF | Leibniz Institute for Research and Information in Education,True,3093,1,2,3093;4946,0,0
https://openalex.org/I4210138520,"Ministère de l'Économie, de l'Innovation et de l'Énergie",True,3485,1,2,3485;3789,0,0
https://openalex.org/I4210138551,University Hospital Magdeburg,True,4553,7,1,4553,0,0
https://openalex.org/I4210138560,European Molecular Biology Laboratory,True,3041,7,6,3041;3793;3881;3984;4523;5550,0,0
https://openalex.org/I4210138586,"Frontier Science & Technology Research Foundation, Inc.",True,7347,1,2,1752;7347,0,0
https://openalex.org/I4210138594,Rede de Química e Tecnologia,True,1003,1,2,1003;310,0,0
https://openalex.org/I4210138636,South Central VA Health Care Network,True,,9,6,5511;5765;5829;5865;5913;5949,3,0
https://openalex.org/I4210138644,Sonoco (United States),True,,1,1,4460,1,0
https://openalex.org/I4210138662,Mahle (Germany),True,3580,5,3,3580;4817;6497,3,0
https://openalex.org/I4210138663,VA Desert Pacific Healthcare Network,True,1642,15,5,1642;2204;4211;4278;4914,1,0
https://openalex.org/I4210138683,Arquimea (Spain),True,3147,2,1,3147,0,0
https://openalex.org/I4210138696,Danish Ministry of Employment,True,537,1,1,537,0,0
https://openalex.org/I4210138703,Surgical Specialties (United States),True,7171,1,2,375;7171,0,0
https://openalex.org/I4210138754,Tetra Laval (Switzerland),True,215,2,3,1768;215;2449,0,0
https://openalex.org/I4210138788,Sensient Technologies (United States),True,6769,1,2,3793;6769,0,0
https://openalex.org/I4210138871,Steris (United States),True,6990,2,3,1397;4925;6990,0,0
https://openalex.org/I4210138940,Helios Kliniken,True,4946,21,8,1064;3093;3793;4388;4736;4788;4946;536,7,0
https://openalex.org/I4210138966,Belden (United States),True,6192,2,3,3580;5047;6192,0,0
https://openalex.org/I4210139008,Colt International (United States),True,5511,1,1,5511,1,0
https://openalex.org/I4210139015,Ministère de la Santé et des Services Sociaux (Québec),True,3789,7,2,3485;3789,1,0
https://openalex.org/I4210139033,Centre de recherche Translationnelle en Médecine moléculaire,True,3798,1,1,3798,0,0
https://openalex.org/I4210139047,bioMérieux (France),True,3718,5,5,3718;5000;6567;6942;7466,0,0
https://openalex.org/I4210139068,Deloitte (United Kingdom),True,5288,3,4,43;5288;7068;7244,0,0
https://openalex.org/I4210139090,Lam Research (United States),True,1255,1,1,1255,1,0
https://openalex.org/I4210139215,People's Government of Shaanxi Province,True,7094,3,1,7094,0,0
https://openalex.org/I4210139232,Maine Department of Agriculture Conservation and Forestry,True,,1,0,,2,0
https://openalex.org/I4210139239,Helmholtz-Zentrum Hereon,True,3793,1,1,3793,0,0
https://openalex.org/I4210139293,Comunidad de Madrid,True,3147,32,2,2991;3147,1,0
https://openalex.org/I4210139326,International Game Technology (United Kingdom),True,5288,3,3,3827;4143;5288,1,0
https://openalex.org/I4210139330,Freehold Regional High School District,True,7244,1,1,7244,0,0
https://openalex.org/I4210139337,Cape Cod Healthcare,True,,2,0,,3,0
https://openalex.org/I4210139383,Topcon (Japan),True,5129,2,3,296;5047;5129,0,0
https://openalex.org/I4210139392,Infor (United States),True,7244,2,3,296;596;7244,0,0
https://openalex.org/I4210139413,Ministry of Urban Development,True,7466,1,1,7466,0,0
https://openalex.org/I4210139419,WPP (United Kingdom),True,5288,2,3,1269;5288;7244,0,0
https://openalex.org/I4210139555,"UMR BIOdiversity, GEnes & Communities",True,1397,1,1,1397,0,0
https://openalex.org/I4210139566,TRUMPF (Germany),True,3580,3,4,3222;3580;361;5356,0,0
https://openalex.org/I4210139592,EyePoint Pharmaceuticals (United States),True,7347,1,2,3760;7347,0,0
https://openalex.org/I4210139632,Cipla (United States),True,6442,1,2,1255;6442,0,0
https://openalex.org/I4210139634,Ministry of Culture and National Heritage,True,3222,1,2,2397;3222,0,0
https://openalex.org/I4210139652,YKK (Japan),True,5129,1,2,5129;5288,0,0
https://openalex.org/I4210139705,Ingegneria dei Sistemi (Italy),True,2647,1,2,2647;4867,0,0
https://openalex.org/I4210139712,American Samoa Government,True,,2,0,,3,0
https://openalex.org/I4210139716,Max Planck Institute for Plasma Physics,True,4736,2,1,4736,1,0
https://openalex.org/I4210139736,AFRY (Sweden),True,1445,5,6,1389;1445;5288;596;687;790,0,0
https://openalex.org/I4210139738,Center for Excellence in Molecular Plant Sciences,True,10097,1,1,10097,0,0
https://openalex.org/I4210139786,Direção Geral do Território,True,310,1,1,310,0,0
https://openalex.org/I4210139793,Platinum Equity (United States),True,1642,1,2,1642;5288,0,0
https://openalex.org/I4210139795,Ministerio de Salud,True,888,1,1,888,0,0
https://openalex.org/I4210139802,Délégation Normandie,True,1680,5,3,1680;1768;2159,0,0
https://openalex.org/I4210139826,Blackberry (Canada),True,2626,2,3,1980;2626;5288,0,0
https://openalex.org/I4210139831,Government of Estonia,True,54,1,1,54,0,0
https://openalex.org/I4210139897,Therabel (Netherlands),True,1524,2,3,1269;1524;2702,0,0
https://openalex.org/I4210139938,Novartis (Italy),True,1600,1,1,1600,1,0
https://openalex.org/I4210139942,Eaton (Ireland),True,415,8,9,1141;2107;215;3799;415;4736;6567;6990;790,0,0
https://openalex.org/I4210139943,World Health Organization Regional Office for Africa,True,811,4,4,1558;446;6502;811,0,0
https://openalex.org/I4210139971,Direction Générale Déléguée aux Ressources,True,2702,105,25,1397;1680;1768;2159;2304;2639;2702;2764;3200;3541;3585;3628;3718;3798;3911;3984;4054;4088;4124;4192;4426;4558;58;824;954,2,0
https://openalex.org/I4210139985,Medicover,True,4946,1,2,4946;9045,0,0
https://openalex.org/I4210140025,Mitsubishi Chemical Holdings (Japan),True,5129,2,2,3956;5129,0,0
https://openalex.org/I4210140053,Direction Générale Déléguée à la Science,True,2702,1,2,2702;4192,0,0
https://openalex.org/I4210140065,"Ministry of Education, Science, Research and Sport of the Slovak Republic",True,163,2,2,163;3793,1,0
https://openalex.org/I4210140124,W. L. Gore & Associates (United States),True,7165,3,4,2011;4736;5129;7165,0,0
https://openalex.org/I4210140176,Takeda (United States),True,6654,2,2,6654;7347,0,0
https://openalex.org/I4210140224,Intertek (United Kingdom),True,5288,4,5,1445;1479;2626;5288;5511,0,0
https://openalex.org/I4210140320,Clinuvel Pharmaceuticals (Australia),True,1266,1,2,1266;1479,0,0
https://openalex.org/I4210140341,Allen Institute,True,4510,4,1,4510,0,0
https://openalex.org/I4210140379,Institute of Rock and Soil Mechanics,True,8989,1,1,8989,0,0
https://openalex.org/I4210140425,Orthofix (United States),True,5543,1,2,2772;5543,0,0
https://openalex.org/I4210140564,"Istituto Nazionale di Fisica Nucleare, Sezione di Milano Bicocca",True,1600,1,2,1600;2449,0,0
https://openalex.org/I4210140618,Agrarian State University of Northern Zauralye,True,6106,1,2,2262;6106,0,0
https://openalex.org/I4210140804,Glencore (Switzerland),True,1479,2,2,1479;2626,1,0
https://openalex.org/I4210140816,Gilead Sciences (United States),True,1255,8,9,1255;1266;1572;1600;2702;310;3147;4736;5550,0,0
https://openalex.org/I4210140876,Government of Netherlands,True,296,25,5,1793;2107;2901;296;3116,0,0
https://openalex.org/I4210140884,National Cancer Institute,True,7068,4,3,5229;7068;7098,0,0
https://openalex.org/I4210140905,Central Coast Local Health District,True,1830,1,1,1830,0,0
https://openalex.org/I4210140930,Thales (France),True,2702,23,20,1427;154;1656;1830;2329;2702;310;3106;3147;3269;3343;3580;419;4426;4867;596;7347;7373;790;955,0,0
https://openalex.org/I4210141030,SickKids Foundation,True,2626,1,1,2626,0,0
https://openalex.org/I4210141039,Mississippi Institutions of Higher Learning,True,,10,0,,11,0
https://openalex.org/I4210141069,Bochum University of Applied Sciences,True,536,2,1,536,0,0
https://openalex.org/I4210141076,Ministere de l'Education Nationale,True,2702,2,3,2702;3911;3981,0,0
https://openalex.org/I4210141130,New Mexico Cancer Center,True,4914,1,1,4914,0,0
https://openalex.org/I4210141144,Tronox (United States),True,,2,1,296,2,0
https://openalex.org/I4210141158,Servicio de Salud de Castilla La Mancha,True,,14,4,2762;3044;3445;3757,10,0
https://openalex.org/I4210141165,Ministry of Education,True,1141,3,3,1141;1897;770,0,0
https://openalex.org/I4210141183,European Severe Storms Laboratory,True,4736,1,1,4736,1,0
https://openalex.org/I4210141194,Meyer Burger Technology (Switzerland),True,1054,1,2,1054;4971,0,0
https://openalex.org/I4210141305,SGL Carbon (Germany),True,3093,1,2,3093;3418,0,0
https://openalex.org/I4210141322,Azienda Sanitaria Locale CN2,True,,1,0,,2,0
https://openalex.org/I4210141330,Toyoda Gosei (Japan),True,4532,1,1,4532,1,0
https://openalex.org/I4210141337,Division of Atmospheric and Geospace Sciences,True,7068,8,2,5332;7068,0,0
https://openalex.org/I4210141380,Kongsberg Gruppen (Norway),True,,1,0,,2,0
https://openalex.org/I4210141458,Cancer Hospital of Chinese Academy of Medical Sciences,True,7704,1,1,7704,0,0
https://openalex.org/I4210141466,Cummins (United States),True,6720,1,2,4159;6720,0,0
https://openalex.org/I4210141474,Schenck Process (Germany),True,3297,1,2,298;3297,0,0
https://openalex.org/I4210141476,Institute of Tibetan Plateau Research,True,7704,1,1,7704,0,0
https://openalex.org/I4210141521,Groene Hart Ziekenhuis,True,296,1,1,296,0,0
https://openalex.org/I4210141545,University of California Division of Agriculture and Natural Resources,True,1255,1,2,1255;3522,0,0
https://openalex.org/I4210141570,VA Loma Linda Healthcare System,True,1642,1,1,1642,0,0
https://openalex.org/I4210141577,NSF NOIRLab,True,4278,8,3,4278;5349;806,2,0
https://openalex.org/I4210141639,Max Planck Institute for Plant Breeding Research,True,1064,1,2,1064;815,0,0
https://openalex.org/I4210141683,China Academy of Chinese Medical Sciences,True,7704,5,3,7704;8476;9963,0,0
https://openalex.org/I4210141747,Institut d'Urbanisme et d'Aménagement Régional,True,3948,1,1,3948,0,0
https://openalex.org/I4210141751,The Independent Institute of Education,True,3337,1,1,3337,0,0
https://openalex.org/I4210141789,Ministry of National Defence,True,2114,1,1,2114,0,0
https://openalex.org/I4210141866,Salzburger Landeskliniken,True,199,1,1,199,0,0
https://openalex.org/I4210141916,Raytheon Technologies (France),True,2702,2,2,2304;2702,0,0
https://openalex.org/I4210141925,UniCancer Group,True,2702,8,6,1680;2159;2702;3200;3541;3798,0,0
https://openalex.org/I4210141950,Institut National des Sciences Mathématiques et de leurs Interactions,True,2702,37,20,1397;1496;1589;2085;2159;2304;2639;2702;2824;3200;3353;3541;3911;3984;4192;4426;4558;58;824;954,0,0
https://openalex.org/I4210141964,Institut Cochin,True,2702,1,1,2702,0,0
https://openalex.org/I4210141966,China Academy of Railway Sciences,True,7704,2,1,7704,0,0
https://openalex.org/I4210141980,Délégation Régionale Est,True,4558,5,3,3495;4192;4558,0,0
https://openalex.org/I4210142044,VinUniversity,True,2207,2,1,2207,0,0
https://openalex.org/I4210142071,Danish Ministry of Higher Education and Science,True,537,5,2,3793;537,1,0
https://openalex.org/I4210142084,Governo do Estado do Rio de Janeiro,True,6961,4,1,6961,0,0
https://openalex.org/I4210142103,Agence Nationale pour la Gestion des Déchets Radioactifs,True,2702,1,2,1294;2702,0,0
https://openalex.org/I4210142118,Scottish Confederation of University and Research Libraries,True,2305,1,2,2305;955,0,0
https://openalex.org/I4210142140,Walt Disney (United States),True,1642,2,2,1479;1642,0,0
https://openalex.org/I4210142150,Ethypharm (France),True,2702,1,2,2702;5288,0,0
https://openalex.org/I4210142164,Thorlabs (United States),True,,1,1,4736,1,0
https://openalex.org/I4210142184,Lillebaelt Hospital,True,,2,0,,3,0
https://openalex.org/I4210142238,Tellabs (United States),True,6654,1,2,2626;6654,0,0
https://openalex.org/I4210142249,Stratec (Germany),True,3442,2,2,1269;3442,1,0
https://openalex.org/I4210142306,Raytheon Technologies (Germany),True,3942,1,2,3942;4946,0,0
https://openalex.org/I4210142324,CY Cergy Paris Université,True,2702,32,1,2702,0,0
https://openalex.org/I4210142426,Le réseau des Carnot,True,2702,2,1,2702,0,0
https://openalex.org/I4210142427,Institut Cardiovasculaire Paris Sud,True,2702,1,1,2702,0,0
https://openalex.org/I4210142450,Peralta Community College District,True,1255,4,1,1255,0,0
https://openalex.org/I4210142475,Fluidda (Belgium),True,1160,1,2,1160;7244,0,0
https://openalex.org/I4210142480,Thermo Fisher Scientific (United States),True,7347,15,16,10097;1177;1242;1255;2254;3093;3343;419;5129;5288;537;596;687;7347;853;935,0,0
https://openalex.org/I4210142504,Semiconductor Manufacturing International (China),True,10097,1,2,10097;1600,0,0
https://openalex.org/I4210142507,Eastern Oklahoma VA Health Care System,True,,1,0,,2,0
https://openalex.org/I4210142638,Educause,True,5332,1,2,5332;7068,0,0
https://openalex.org/I4210142660,"Istituto Nazionale di Fisica Nucleare, Laboratori Nazionali di Frascati",True,3881,1,2,3881;4929,0,0
https://openalex.org/I4210142672,Brookhaven Science Associates,True,7244,7,1,7244,0,0
https://openalex.org/I4210142680,Bionor (Norway),True,596,1,2,537;596,0,0
https://openalex.org/I4210142683,Instituto Nacional de Câncer - INCA,True,6961,1,1,6961,0,0
https://openalex.org/I4210142724,Centrale Méditerranée,True,3911,8,1,3911,0,0
https://openalex.org/I4210142730,Centre Hospitalier de l’Université de Montréal,True,3485,3,1,3485,0,0
https://openalex.org/I4210142748,Shandong Academy of Sciences,True,8476,5,2,8476;8644,0,0
https://openalex.org/I4210142782,University of Iowa Health Care,True,6312,2,1,6312,0,0
https://openalex.org/I4210142819,Linde (Germany),True,4736,5,5,1600;2626;4736;5000;7244,1,0
https://openalex.org/I4210142845,Hanyang University Seoul Hospital,True,94,1,1,94,0,0
https://openalex.org/I4210142891,Herman Miller (United States),True,6869,1,2,5288;6869,0,0
https://openalex.org/I4210142901,Vienna Biocenter,True,790,3,1,790,0,0
https://openalex.org/I4210142902,Centralne Laboratorium Kryminalistyczne Policji,True,3222,1,1,3222,0,0
https://openalex.org/I4210142904,United Nations University,True,,1,0,,2,0
https://openalex.org/I4210142916,South African Sugar Association,True,4513,1,1,4513,0,0
https://openalex.org/I4210142983,GKN (United Kingdom),True,4020,6,3,1064;4020;4158,4,0
https://openalex.org/I4210143017,Sequenom (United States),True,2204,1,2,2204;5288,0,0
https://openalex.org/I4210143045,Research Institute for Cattle Breeding (Czechia),True,,1,0,,2,0
https://openalex.org/I4210143064,NordForsk,True,596,1,1,596,0,0
https://openalex.org/I4210143116,Électricité de France (France),True,2702,13,6,1294;2159;2204;2304;2702;2988,0,0
https://openalex.org/I4210143126,Acer (Taiwan),True,1141,1,2,1141;1255,0,0
https://openalex.org/I4210143131,Hochtief (Germany),True,536,2,3,146;535;536,0,0
https://openalex.org/I4210143161,IDEX Corporation (United States),True,6741,1,2,4454;6741,0,0
https://openalex.org/I4210143201,Centre International deHautes Etudes Agronomiques Méditerranéennes,True,2702,4,2,2702;3541,0,0
https://openalex.org/I4210143247,Onxeo (France),True,2702,1,2,2702;537,0,0
https://openalex.org/I4210143271,Goodyear (United States),True,6996,2,3,103;3799;6996,0,0
https://openalex.org/I4210143327,Biocon (India),True,9099,2,2,7244;9099,1,0
https://openalex.org/I4210143365,Government of Saskatchewan,True,1663,3,1,1663,0,0
https://openalex.org/I4210143367,Mistras Group (United States),True,7165,1,2,7165;7195,0,0
https://openalex.org/I4210143381,San Francisco VA Health Care System,True,1255,1,1,1255,0,0
https://openalex.org/I4210143392,University of Pennsylvania Health System,True,7165,6,1,7165,0,0
https://openalex.org/I4210143394,Pierre Fabre (France),True,2702,6,5,2435;2702;310;4293;4867,0,0
https://openalex.org/I4210143417,Public Works Research Institute,True,5129,1,1,5129,0,0
https://openalex.org/I4210143435,Ministry of Education Youth and Sports,True,535,1,2,163;535,0,0
https://openalex.org/I4210143440,Centre of Experimental Medicine of the Slovak Academy of Sciences,True,163,2,1,163,0,0
https://openalex.org/I4210143444,Department of Health Services,True,1525,1,1,1525,0,0
https://openalex.org/I4210143465,Air Liquide (France),True,2702,4,4,2702;3485;3799;815,1,0
https://openalex.org/I4210143559,MediWound (Israel),True,419,1,2,3093;419,0,0
https://openalex.org/I4210143573,Europa Donna,True,1600,1,2,1600;826,0,0
https://openalex.org/I4210143584,NMS Berne,True,805,1,1,805,0,0
https://openalex.org/I4210143602,Chungnam National University Hospital,True,1782,1,2,1604;1782,0,0
https://openalex.org/I4210143637,Dräger (Germany),True,4221,4,5,296;4221;4227;5543;596,0,0
https://openalex.org/I4210143674,Bioef - Fundación Vasca de Innovación e Investigación Sanitarias,True,3539,1,1,3539,0,0
https://openalex.org/I4210143695,Institute for Research and Innovation in Biomedicine,True,2159,1,1,2159,0,0
https://openalex.org/I4210143697,Center for High Pressure Science & Technology Advanced Research,True,7704,2,3,10097;7704;8510,0,0
https://openalex.org/I4210143714,NTT (Germany),True,4736,1,1,4736,0,0
https://openalex.org/I4210143731,BAE Systems (United Kingdom),True,5288,4,4,5125;5288;5615;7068,1,0
https://openalex.org/I4210143795,AstraZeneca (Sweden),True,1345,1,2,1345;1445,0,0
https://openalex.org/I4210143797,Sony (Japan),True,5129,11,9,1141;1255;2702;3147;3304;4946;5129;5288;624,1,0
https://openalex.org/I4210143826,Institut National des Sciences Appliquées Centre Val de Loire,True,,4,2,2085;2639,1,0
https://openalex.org/I4210143835,Babcock & Wilcox (United States),True,6996,2,2,3539;6996,1,0
https://openalex.org/I4210143837,Wye Valley NHS Trust,True,3047,4,1,3047,2,0
https://openalex.org/I4210143841,Saudi Aramco (Saudi Arabia),True,3691,3,2,3691;5511,0,0
https://openalex.org/I4210143884,Aegon (Netherlands),True,296,1,2,296;6322,0,0
https://openalex.org/I4210143891,Sinomach (China),True,7704,1,2,7704;8189,0,0
https://openalex.org/I4210143912,Hoerbiger (Austria),True,790,2,1,790,2,0
https://openalex.org/I4210143926,Balfour Beatty (United Kingdom),True,5288,1,2,4736;5288,0,0
https://openalex.org/I4210143929,IMRIS (United States),True,6433,1,2,1837;6433,0,0
https://openalex.org/I4210144023,VA Heart of Texas Health Care Network,True,5543,15,5,4576;5229;5281;5463;5543,6,0
https://openalex.org/I4210144047,Fraunhofer Institute for Chemical Technology,True,2988,1,2,2220;2988,0,0
https://openalex.org/I4210144076,Volition (United States),True,5349,3,4,1372;154;5288;5349,0,0
https://openalex.org/I4210144081,South Texas Veterans Health Care System,True,5229,2,1,5229,1,0
https://openalex.org/I4210144117,Meiko (Germany),True,,1,1,5288,1,0
https://openalex.org/I4210144152,Salzgitter Group (Germany),True,4288,1,2,154;4288,0,0
https://openalex.org/I4210144162,Ministerio del Interior,True,3147,1,1,3147,0,0
https://openalex.org/I4210144183,Prostate Cancer UK,True,5288,1,1,5288,0,0
https://openalex.org/I4210144205,IPCOS (Belgium),True,1565,1,2,1565;2107,0,0
https://openalex.org/I4210144256,Blue Marble Space,True,4510,1,1,4510,0,0
https://openalex.org/I4210144264,École Nationale Supérieure d'Architecture de Paris-La Villette,True,2702,4,1,2702,0,0
https://openalex.org/I4210144267,Shriners Hospitals for Children,True,6237,22,20,1642;182;3485;3652;4444;4881;5006;5138;5511;5765;6192;6237;6433;6654;6748;6790;7044;7165;7307;7347,1,0
https://openalex.org/I4210144285,Guangdong Provincial Academy of Environmental Science,True,9711,1,2,9711;9716,0,0
https://openalex.org/I4210144289,Research Center for Eco-Environmental Sciences,True,7704,2,1,7704,0,0
https://openalex.org/I4210144345,Osaka Tokiwakai Gakuen University,True,3956,1,1,3956,0,0
https://openalex.org/I4210144354,Trimble (United States),True,1255,1,2,1255;4618,0,0
https://openalex.org/I4210144431,Shijiazhuang Yiling Pharmaceutical (China),True,7744,1,1,7744,0,0
https://openalex.org/I4210144437,"Rhode Island Department of Behavioral Healthcare, Developmental Disabilities and Hospitals",True,7312,1,1,7312,0,0
https://openalex.org/I4210144468,Cambridgeshire and Peterborough NHS Foundation Trust,True,5550,4,2,5454;5550,1,0
https://openalex.org/I4210144479,Ministry of Agriculture,True,535,9,2,1177;535,4,0
https://openalex.org/I4210144481,Landstinget Dalarna,True,,1,0,,2,0
https://openalex.org/I4210144559,Kulicke & Soffa (Singapore),True,7068,1,2,7068;7165,0,0
https://openalex.org/I4210144574,Amer Sports (Finland),True,687,3,4,199;3718;4964;687,0,0
https://openalex.org/I4210144576,Fraunhofer Institute for Intelligent Analysis and Information Systems,True,1064,1,1,1064,0,0
https://openalex.org/I4210144611,École Française de Rome,True,3881,1,2,3881;4333,0,0
https://openalex.org/I4210144625,National Health Service Wales,True,2086,30,3,1072;2086;2765,8,0
https://openalex.org/I4210144652,Centre hospitalier universitaire d'Orléans,True,2639,1,1,2639,0,0
https://openalex.org/I4210144662,Xi'an Institute of Optics and Precision Mechanics,True,7094,1,1,7094,0,0
https://openalex.org/I4210144680,UL Research Institutes,True,6654,4,4,5511;6451;6654;7068,0,0
https://openalex.org/I4210144707,Observatoire Océanologique de Banyuls-sur-Mer,True,,2,0,,3,0
https://openalex.org/I4210144712,Community Medical Centers,True,3522,1,1,3522,0,0
https://openalex.org/I4210144725,Ministry of Culture,True,,1,1,6961,1,0
https://openalex.org/I4210144745,VA Portland Health Care System,True,4444,1,1,4444,0,0
https://openalex.org/I4210144782,National Academy of Medical Sciences of Ukraine,True,2203,21,5,2203;2737;3608;3818;773,0,0
https://openalex.org/I4210144798,Institut Supérieur de Mécanique de Paris,True,2702,1,1,2702,0,0
https://openalex.org/I4210144824,Fundación Josep Carreras Contra la Leucemia,True,4523,1,1,4523,0,0
https://openalex.org/I4210144876,Duke University Health System,True,6942,5,1,6942,0,0
https://openalex.org/I4210144908,National Research Council of Science and Technology,True,1604,25,9,1206;1287;1604;1782;2098;2246;2835;9099;94,0,0
https://openalex.org/I4210144925,Technological University Dublin,True,415,3,1,415,0,0
https://openalex.org/I4210145072,Milton Keynes Hospital NHS Foundation Trust,True,5087,1,1,5087,0,0
https://openalex.org/I4210145089,Cambridgeshire Community Services NHS Trust,True,5550,1,1,5550,0,0
https://openalex.org/I4210145102,Institut Polytechnique de Paris,True,2702,72,3,240;2702;58,0,0
https://openalex.org/I4210145161,"Sächsisches Staatsministerium für Energie, Klimaschutz, Umwelt und Landwirtschaft",True,4996,1,1,4996,0,0
https://openalex.org/I4210145235,Parkview Health,True,6857,1,1,6857,0,0
https://openalex.org/I4210145268,Hospital das Clínicas da Faculdade de Medicina da Universidade de São Paulo,True,6567,1,1,6567,0,0
https://openalex.org/I4210145274,Agricultural Research Service - Plains Area,True,5431,15,5,5193;5431;5511;5527;6292,10,0
https://openalex.org/I4210145300,Cryptomathic (Denmark),True,229,1,2,229;5550,0,0
https://openalex.org/I4210145315,Toyota Industries (Japan),True,4532,1,2,4532;5543,0,0
https://openalex.org/I4210145324,Hôpitaux Universitaires de Strasbourg,True,4558,2,1,4558,0,0
https://openalex.org/I4210145344,Paul Gerhardt Diakonie,True,4946,2,1,4946,0,0
https://openalex.org/I4210145347,Federal Service for Surveillance on Consumer Rights Protection and Human Wellbeing,True,2262,1,2,2262;750,0,0
https://openalex.org/I4210145371,Lallemand (Canada),True,3485,2,3,2304;3485;3760,0,0
https://openalex.org/I4210145375,Ministry of Health,True,799,2,1,799,0,0
https://openalex.org/I4210145385,Capital Region of Denmark,True,537,9,2,46;537,0,0
https://openalex.org/I4210145403,Covenant Health System,True,5193,2,2,5193;7357,0,0
https://openalex.org/I4210145407,Vuje (Slovakia),True,327,1,1,327,1,0
https://openalex.org/I4210145409,Integra LifeSciences (United States),True,7165,4,3,3718;415;7165,2,0
https://openalex.org/I4210145466,Universidad Nacional Abierta y a Distancia,True,4048,1,2,4048;6442,0,0
https://openalex.org/I4210145473,Ministry of Water and Irrigation,True,3280,1,1,3280,0,0
https://openalex.org/I4210145492,Lenzing (Austria),True,,1,1,5518,1,0
https://openalex.org/I4210145551,Department of Chemistry and Material Sciences,True,2262,39,15,2262;3224;3736;4241;4829;5654;5864;5972;6179;6191;6258;6340;6423;6522;750,3,0
https://openalex.org/I4210145557,CD-adapco (United States),True,7244,2,3,4454;5288;7244,0,0
https://openalex.org/I4210145564,Ministry of Internal Affairs of the Russian Federation,True,2262,3,4,2262;3560;5972;6106,0,0
https://openalex.org/I4210145570,Bruyère,True,3343,4,1,3343,0,0
https://openalex.org/I4210145573,Vermont Humanities,True,,1,0,,2,0
https://openalex.org/I4210145632,The Forestry Commission of Ghana,True,2940,1,1,2940,0,0
https://openalex.org/I4210145633,CINAR (United Kingdom),True,5288,1,2,5288;959,0,0
https://openalex.org/I4210145639,BirdLife international,True,5550,1,2,2171;5550,0,0
https://openalex.org/I4210145655,Mayer Brown (United States),True,6654,1,2,5288;6654,0,0
https://openalex.org/I4210145672,Cemex (Mexico),True,5554,3,3,4817;5554;669,1,0
https://openalex.org/I4210145697,Macopharma (France),True,3200,1,2,3093;3200,0,0
https://openalex.org/I4210145710,Terezín Initiative Institute,True,535,1,1,535,0,0
https://openalex.org/I4210145734,Délégation Régionale Occitanie Pyrénées,True,2304,3,2,2233;2304,0,0
https://openalex.org/I4210145737,University of Music Detmold,True,,1,0,,2,0
https://openalex.org/I4210145758,Lancashire Care NHS Foundation Trust,True,3201,1,1,3201,0,0
https://openalex.org/I4210145759,Great Western Hospitals NHS Foundation Trust,True,4125,4,2,3099;4125,0,0
https://openalex.org/I4210145761,Shenzhen Institutes of Advanced Technology,True,9725,2,2,9725;9871,0,0
https://openalex.org/I4210145781,Takeda (Australia),True,1830,1,1,1830,0,0
https://openalex.org/I4210145792,IIJ Research Laboratory,True,5129,1,1,5129,0,0
https://openalex.org/I4210145810,Nutreco (Netherlands),True,2181,2,3,2181;2560;535,0,0
https://openalex.org/I4210145847,Hôpital Universitaire International Cheikh Khalifa,True,1785,1,1,1785,0,0
https://openalex.org/I4210145889,"Czech Academy of Sciences, Institute of Organic Chemistry and Biochemistry",True,535,2,2,1286;535,0,0
https://openalex.org/I4210145896,Ministry of Security and Justice,True,296,1,1,296,0,0
https://openalex.org/I4210145904,Terezín Memorial,True,,1,1,535,1,0
https://openalex.org/I4210146044,École Normale Supérieure de Rennes,True,824,3,1,824,0,0
https://openalex.org/I4210146098,OmniActive Health Technologies (India),True,7163,2,2,7163;7244,1,0
https://openalex.org/I4210146132,"Instituto Tecnológico Metalmecánico, Mueble, Madera, Embalaje y Afines",True,4156,1,1,4156,0,0
https://openalex.org/I4210146161,Indivior (United States),True,7032,1,2,3099;7032,0,0
https://openalex.org/I4210146305,School Center Novo mesto,True,,1,0,,2,0
https://openalex.org/I4210146362,Shrewsbury and Telford Hospital NHS Trust,True,2994,1,1,2994,0,0
https://openalex.org/I4210146380,United States Naval Observatory,True,,1,0,,2,0
https://openalex.org/I4210146411,DJO Global (United States),True,5543,1,2,2435;5543,0,0
https://openalex.org/I4210146438,Andritz (Austria),True,654,6,7,1380;2428;536;5422;6451;654;687,0,0
https://openalex.org/I4210146442,Agendia (Netherlands),True,1427,1,2,1427;1642,0,0
https://openalex.org/I4210146451,École Nationale Supérieure d'Architecture Paris-Val de Seine,True,2702,1,1,2702,0,0
https://openalex.org/I4210146520,Directorate General for Scientific Research and Technological Development,True,3145,1,2,3145;4084,0,0
https://openalex.org/I4210146563,Centre intégré de santé et de services sociaux de Chaudière-Appalaches,True,3789,2,1,3789,0,0
https://openalex.org/I4210146582,Royal Surrey NHS Foundation Trust,True,5288,3,1,5288,0,0
https://openalex.org/I4210146618,QPS (United States),True,5973,3,4,3116;5973;654;9045,0,0
https://openalex.org/I4210146667,Ajinomoto (Japan),True,5129,4,4,2204;2262;5129;6654,0,0
https://openalex.org/I4210146668,Naturéum,True,215,2,1,215,0,0
https://openalex.org/I4210146676,Ministry of Science Technology and Higher Education,True,310,4,1,310,0,0
https://openalex.org/I4210146689,Nexteer Automotive (United States),True,6948,1,2,2663;6948,0,0
https://openalex.org/I4210146692,Sony (United Kingdom),True,5288,1,2,3304;5288,0,0
https://openalex.org/I4210146710,Mayo Clinic in Florida,True,6574,1,1,6574,0,0
https://openalex.org/I4210146738,Tecomet (United States),True,7347,1,2,4460;7347,0,0
https://openalex.org/I4210146756,Brandenburg University of Applied Sciences,True,,1,0,,2,0
https://openalex.org/I4210146763,Southern Illinois Healthcare,True,,2,0,,3,0
https://openalex.org/I4210146771,Massachusetts Energy and Environmental Affairs,True,7347,5,1,7347,0,0
https://openalex.org/I4210146780,Bundesamt für Bauwesen und Raumordnung,True,4946,1,2,1064;4946,0,0
https://openalex.org/I4210146785,Centre of Hydrometeorological Service,True,2481,1,1,2481,0,0
https://openalex.org/I4210146923,Tilde (Latvia),True,279,1,2,279;54,0,0
https://openalex.org/I4210146975,Zambon (Italy),True,1600,5,6,1269;1600;1752;2181;4523;4946,0,0
https://openalex.org/I4210146978,Department of Water and Environmental Regulation,True,360,1,1,360,0,0
https://openalex.org/I4210146983,Children's Healthcare of Atlanta,True,6451,2,1,6451,0,0
https://openalex.org/I4210147114,Hebei Academy of Sciences,True,7744,1,2,7744;7798,0,0
https://openalex.org/I4210147289,Hôpital NOVO,True,2702,2,2,2507;2702,0,0
https://openalex.org/I4210147317,Science History Institute,True,7165,1,1,7165,0,0
https://openalex.org/I4210147322,Shanghai Institute of Microsystem and Information Technology,True,10097,2,1,10097,0,0
https://openalex.org/I4210147340,VA Healthcare-VISN 4,True,7020,10,5,7020;7044;7165;7177;7207,3,0
https://openalex.org/I4210147348,Northwestern Medicine,True,6654,6,2,6654;6741,0,0
https://openalex.org/I4210147367,Services déconcentrés d'appui à la recherche Occitanie-Montpellier,True,3541,5,1,3541,0,0
https://openalex.org/I4210147376,Universidad Interamericana de Panamá,True,740,1,1,740,0,0
https://openalex.org/I4210147381,Oxford University Hospitals NHS Trust,True,4792,8,2,4125;4792,1,0
https://openalex.org/I4210147382,South Eastern Sydney Local Health District,True,1830,2,1,1830,0,0
https://openalex.org/I4210147398,Institut Supérieur d'Agriculture Rhône-Alpes,True,3718,2,1,3718,1,0
https://openalex.org/I4210147408,Ashford and St Peter's Hospitals NHS Foundation Trust,True,5288,2,1,5288,0,0
https://openalex.org/I4210147429,Fractal Systems (Canada),True,3709,1,2,3709;6237,0,0
https://openalex.org/I4210147479,Cyclacel Pharmaceuticals (United Kingdom),True,2884,1,2,2884;7244,0,0
https://openalex.org/I4210147493,Newell Brands (United States),True,6451,2,2,4946;6451,1,0
https://openalex.org/I4210147510,China Textile Academy,True,7704,1,1,7704,0,0
https://openalex.org/I4210147560,ConocoPhillips (Qatar),True,146,1,2,146;433,0,0
https://openalex.org/I4210147568,Subang Jaya Medical Centre,True,1322,1,1,1322,0,0
https://openalex.org/I4210147578,Takeda (United Kingdom),True,5550,2,3,5000;5288;5550,0,0
https://openalex.org/I4210147580,Seco Warwick (Poland),True,,1,0,,2,0
https://openalex.org/I4210147609,Walsall Healthcare NHS Trust,True,3799,1,1,3799,0,0
https://openalex.org/I4210147615,Univerzitetno Središče Novo mesto,True,,1,0,,2,0
https://openalex.org/I4210147660,Bibliothèque Nationale de France,True,2702,1,1,2702,0,0
https://openalex.org/I4210147682,Services déconcentrés d'appui à la recherche Clermont-Auvergne-Rhône-Alpes,True,3353,1,1,3353,0,0
https://openalex.org/I4210147690,Smiths Group (United States),True,7177,1,2,7123;7177,0,0
https://openalex.org/I4210147811,Shenzhen Municipal People's Government,True,9725,3,2,9724;9725,0,0
https://openalex.org/I4210147814,3D Systems (United States),True,6851,3,3,1565;5288;6851,1,0
https://openalex.org/I4210147827,Saratov State Agrarian University named after N.I .Vavilov,True,4854,1,1,4854,0,0
https://openalex.org/I4210147842,Centre de Théorie et Analyse du Droit,True,2702,1,1,2702,0,0
https://openalex.org/I4210147863,"Czech Academy of Sciences, Institute of Atmospheric Physics",True,535,1,1,535,0,0
https://openalex.org/I4210147916,Institute of Medical Biology,True,154,1,1,154,0,0
https://openalex.org/I4210147934,Centro Nacional de Microelectrónica,True,4523,3,3,2008;3147;4523,0,0
https://openalex.org/I4210147937,Zogenix (United States),True,1255,1,2,1255;5288,0,0
https://openalex.org/I4210147977,VA Central California Health Care System,True,3522,1,1,3522,0,0
https://openalex.org/I4210148025,Institut National des Sciences de l'Univers,True,2702,79,24,1294;1397;2304;2441;2639;2702;3200;3302;3353;3541;3718;3759;3911;3948;3984;4054;4124;4192;4426;4558;468;58;824;954,3,0
https://openalex.org/I4210148038,South Warwickshire NHS Foundation Trust,True,4294,4,1,4294,1,0
https://openalex.org/I4210148062,Cox Enterprises (United States),True,6451,1,1,6451,0,0
https://openalex.org/I4210148130,Cobham (United Kingdom),True,3912,2,3,3912;7068;7244,0,0
https://openalex.org/I4210148168,N-Gene (United States),True,7244,1,2,7244;964,0,0
https://openalex.org/I4210148177,Megger (United Kingdom),True,5756,1,2,3093;5756,0,0
https://openalex.org/I4210148202,Ukrainian Academy of Agrarian Sciences,True,2203,1,1,2203,0,0
https://openalex.org/I4210148238,Institut National du Cancer,True,2702,2,3,1397;2702;4558,0,0
https://openalex.org/I4210148268,University of Utah Health Care,True,4881,2,1,4881,0,0
https://openalex.org/I4210148356,GGD Amsterdam,True,1427,1,1,1427,0,0
https://openalex.org/I4210148386,Collegium Medicum in Bydgoszcz,True,1961,1,1,1961,0,0
https://openalex.org/I4210148403,VA Eastern Colorado Health Care System,True,5332,1,1,5332,0,0
https://openalex.org/I4210148430,Unité d'Appui et de Recherche OSUPS,True,2702,1,1,2702,0,0
https://openalex.org/I4210148445,Institute of Geological Sciences,True,2203,1,1,2203,0,0
https://openalex.org/I4210148469,Visa (United States),True,1255,1,2,1255;5288,0,0
https://openalex.org/I4210148470,Far Eastern Branch of the Russian Academy of Sciences,True,6522,18,6,6459;6468;6495;6522;6540;6549,1,0
https://openalex.org/I4210148515,Mava Foundation,True,215,1,1,215,0,0
https://openalex.org/I4210148542,Arup Group (United Kingdom),True,5288,2,3,2626;5288;7347,0,0
https://openalex.org/I4210148549,Electrolux (Sweden),True,1445,6,6,1269;1445;3679;4454;5356;789,1,0
https://openalex.org/I4210148559,École nationale supérieure de techniques avancées Bretagne,True,58,3,3,240;2702;58,0,0
https://openalex.org/I4210148589,Hackensack Meridian Health,True,7244,3,1,7244,0,0
https://openalex.org/I4210148621,Luxembourg Institute of Socio-Economic Research,True,103,1,1,103,0,0
https://openalex.org/I4210148627,National Institutes for the Humanities,True,5129,6,2,3956;5129,0,0
https://openalex.org/I4210148677,Ministry of Health and Family Welfare,True,7466,11,4,10499;5324;7466;9850,0,0
https://openalex.org/I4210148684,Fraunhofer Institute for Integrated Systems and Device Technology,True,4454,1,1,4454,1,0
https://openalex.org/I4210148716,Chart Industries (United States),True,6990,1,2,3760;6990,0,0
https://openalex.org/I4210148737,CHA University,True,94,8,2,2316;94,0,0
https://openalex.org/I4210148850,National Science Library,True,7704,2,3,5723;7704;8989,0,0
https://openalex.org/I4210148960,Avient Corporation (United States),True,6990,1,2,154;6990,0,0
https://openalex.org/I4210148970,Virtua Health,True,7165,2,1,7165,0,0
https://openalex.org/I4210148979,MediaTek (Taiwan),True,491,2,3,154;491;7704,0,0
https://openalex.org/I4210148993,Lincolnshire Community Health Services NHS Trust,True,5322,4,3,5254;5322;5454,2,0
https://openalex.org/I4210149013,Sydney Children’s Hospitals Network,True,1830,1,1,1830,0,0
https://openalex.org/I4210149022,Father Muller Charitable Institutions,True,8319,3,1,8319,0,0
https://openalex.org/I4210149092,Laboratoire Jean Kuntzmann,True,3984,9,1,3984,0,0
https://openalex.org/I4210149111,Pusan National University Yangsan Hospital,True,3057,2,1,3057,0,0
https://openalex.org/I4210149126,"Ministère de l'Agriculture, des Pêcheries et de l'Alimentation",True,3789,1,2,3485;3789,0,0
https://openalex.org/I4210149166,ConMed (United States),True,7267,1,2,687;7267,0,0
https://openalex.org/I4210149196,Jordan Valley Semiconductors (Israel),True,1409,1,2,10097;1409,0,0
https://openalex.org/I4210149202,Italfarmaco (Italy),True,1600,1,1,1600,0,0
https://openalex.org/I4210149211,Institute of Semiconductors,True,7704,2,1,7704,0,0
https://openalex.org/I4210149289,Atlanta VA Health Care System,True,6451,1,1,6451,0,0
https://openalex.org/I4210149327,"Czech Academy of Sciences, Nuclear Physics Institute",True,535,6,2,1286;535,0,0
https://openalex.org/I4210149340,"Centre universitaire de médecine générale et santé publique, Lausanne",True,215,3,1,215,0,0
https://openalex.org/I4210149358,Nokia (France),True,2702,1,1,2702,0,0
https://openalex.org/I4210149359,Azienda Sanitaria Locale N. 2 Savonese,True,565,1,1,565,1,0
https://openalex.org/I4210149382,Johnson Space Center,True,5511,1,2,4609;5511,0,0
https://openalex.org/I4210149435,DELL (United States),True,5349,2,3,259;5349;7337,0,0
https://openalex.org/I4210149476,Ministry of Health,True,,1,0,,2,0
https://openalex.org/I4210149494,Institute of Animal Sciences,True,7704,1,1,7704,0,0
https://openalex.org/I4210149555,Ministry of Health,True,2327,6,1,2327,0,0
https://openalex.org/I4210149577,ESCP Business School,True,2702,3,4,2702;3147;4946;5288,0,0
https://openalex.org/I4210149647,Yunnan Metallurgical Group (China),True,7076,1,1,7076,0,0
https://openalex.org/I4210149656,Yeungnam University Medical Center,True,2453,1,1,2453,1,0
https://openalex.org/I4210149659,École Supérieure d'Électronique de l'Ouest,True,1496,1,2,1496;1933,0,0
https://openalex.org/I4210149671,Ministry of the Environment of the Slovak Republic,True,163,2,2,163;623,0,0
https://openalex.org/I4210149727,Universidad La Salle,True,5006,2,3,1870;5006;5586,0,0
https://openalex.org/I4210149743,Sinai Health System,True,6654,2,1,6654,0,0
https://openalex.org/I4210149784,Max Planck Institute for the Structure and Dynamics of Matter,True,3793,1,1,3793,0,0
https://openalex.org/I4210149801,Government of Norway,True,596,34,3,131;452;596,2,0
https://openalex.org/I4210149821,University Hospitals of Derby and Burton NHS Foundation Trust,True,4767,6,3,3799;4193;4767,0,0
https://openalex.org/I4210149897,Citrix (United States),True,1255,2,2,1255;5550,1,0
https://openalex.org/I4210149908,Erasmus MC Cancer Institute,True,296,1,1,296,0,0
https://openalex.org/I4210149963,Délégation Régionale Nouvelle-Aquitaine,True,1397,2,1,1397,0,0
https://openalex.org/I4210149995,Ministry of the Environment of the Czech Republic,True,535,1,1,535,0,0
https://openalex.org/I4210150021,Centre d'Investigation Clinique - Innovation Technologique,True,3984,1,2,2702;3984,0,0
https://openalex.org/I4210150047,Centre Intégré Universitaire de Santé et de Services Sociaux du Centre-Sud-de-l'Île-de-Montréal,True,3485,2,1,3485,0,0
https://openalex.org/I4210150083,Regional Hospital West Jutland,True,229,3,1,229,2,0
https://openalex.org/I4210150086,Eurofins (Luxembourg),True,103,11,10,103;229;2305;2324;3793;415;535;7068;7418;954,2,0
https://openalex.org/I4210150094,Ludwig Cancer Research,True,7244,5,6,1242;1266;1269;1479;4792;7244,0,0
https://openalex.org/I4210150114,Oxford University Clinical Research Unit,True,5038,2,3,1525;4897;5038,0,0
https://openalex.org/I4210150129,International Centre for Advanced Mediterranean Agronomic Studies,True,5004,1,1,5004,0,0
https://openalex.org/I4210150138,Institut Carnot ARTS,True,2702,1,1,2702,1,0
https://openalex.org/I4210150176,Dover (United States),True,6654,4,4,1572;2702;4946;6654,1,0
https://openalex.org/I4210150191,TriHealth,True,6790,2,1,6790,0,0
https://openalex.org/I4210150192,Ministry of Transport and Communications,True,146,1,1,146,0,0
https://openalex.org/I4210150261,National University Health System,True,154,1,1,154,0,0
https://openalex.org/I4210150286,North Middlesex University Hospital NHS Trust,True,5288,1,1,5288,0,0
https://openalex.org/I4210150290,Murdoch Children's Research Institute,True,1266,1,1,1266,0,0
https://openalex.org/I4210150304,Takeda (Belgium),True,1269,1,1,1269,0,0
https://openalex.org/I4210150315,Ministry of Defence of the Russian Federation,True,2262,16,7,1714;2262;2468;4139;4407;613;750,0,0
https://openalex.org/I4210150323,Cardinal Health (United States),True,6887,3,4,1266;215;415;6887,0,0
https://openalex.org/I4210150335,Norddeutsche Pflanzenzucht Hans-Georg Lembke (Germany),True,,1,1,5550,1,0
https://openalex.org/I4210150337,Ministry of the Interior of the Republic of Lithuania,True,853,1,1,853,0,0
https://openalex.org/I4210150339,Kuraray (Japan),True,5129,3,4,2626;3093;5129;7020,0,0
https://openalex.org/I4210150365,Institut Paoli-Calmettes,True,3911,3,1,3911,0,0
https://openalex.org/I4210150386,Centro Mediterráneo de Investigaciones Marinas y Ambientale,True,4523,2,1,4523,0,0
https://openalex.org/I4210150408,Catalent (United States),True,7244,2,3,1269;4125;7244,0,0
https://openalex.org/I4210150475,World Health Organization Regional Office for the Western Pacific,True,2845,2,2,1468;2845,0,0
https://openalex.org/I4210150506,Department of Children and Youth Affairs,True,415,1,1,415,0,0
https://openalex.org/I4210150518,Strix (Isle of Man),True,,1,1,2765,1,0
https://openalex.org/I4210150564,Centre for Psychiatry and Neuroscience,True,2702,1,1,2702,0,0
https://openalex.org/I4210150581,Atmel (United States),True,1255,2,3,1255;2702;452,0,0
https://openalex.org/I4210150591,Ministry of Defence,True,7466,57,19,10142;10505;5324;6781;7163;7466;7499;7581;7617;7851;7957;8144;8148;8722;8896;8900;9045;9099;9850,4,0
https://openalex.org/I4210150601,Nammo (Norway),True,,1,1,4211,1,0
https://openalex.org/I4210150706,École Nationale d'Ingénieurs de Metz,True,4088,2,1,4088,0,0
https://openalex.org/I4210150719,eBay (United States),True,1255,2,3,1255;415;94,0,0
https://openalex.org/I4210150758,Arris (United States),True,6451,1,2,4159;6451,0,0
https://openalex.org/I4210150832,Oriental Yuhong (China),True,7704,1,1,7704,0,0
https://openalex.org/I4210150841,Orkla (Norway),True,596,1,2,596;624,0,0
https://openalex.org/I4210150854,Institut des Sciences Humaines et Sociales,True,2702,135,21,1185;1397;1680;2010;2085;2159;2304;2702;3200;3541;3718;3798;3911;3948;4054;4192;4360;4426;4558;824;954,0,0
https://openalex.org/I4210150855,Berlitz (United States),True,7165,1,2,3093;7165,0,0
https://openalex.org/I4210150872,Délégation Alpes,True,3984,7,1,3984,0,0
https://openalex.org/I4210150881,VA St. Louis Health Care System,True,6192,2,1,6192,0,0
https://openalex.org/I4210150888,Directorate for Geosciences,True,7068,19,2,5332;7068,0,0
https://openalex.org/I4210150894,Jacobs (United States),True,5543,5,6,1468;2626;3147;5288;5332;5543,0,0
https://openalex.org/I4210150968,Cornwall Partnership NHS Foundation Trust,True,,10,1,825,9,0
https://openalex.org/I4210151023,Quanzhou Institute of Equipment Manufacturing Haixi Institute,True,10331,1,2,10286;10331,0,0
https://openalex.org/I4210151045,Ministry of Agriculture and Rural Development,True,2207,3,2,2207;5038,0,0
https://openalex.org/I4210151096,Abcam (United Kingdom),True,5550,1,2,5550;7327,0,0
https://openalex.org/I4210151107,Osaka International Cancer Institute,True,3956,1,1,3956,0,0
https://openalex.org/I4210151177,Government of Sweden,True,1445,11,1,1445,1,0
https://openalex.org/I4210151263,Envigo (United States),True,6720,2,3,3297;4767;6720,0,0
https://openalex.org/I4210151332,University Hospitals Sussex NHS Foundation Trust,True,5406,9,2,5288;5406,0,0
https://openalex.org/I4210151340,Valneva (Austria),True,790,2,2,7068;790,0,0
https://openalex.org/I4210151346,Ushio (Japan),True,5129,1,1,5129,1,0
https://openalex.org/I4210151394,PROTO Manufacturing (United States),True,6948,1,2,1996;6948,0,0
https://openalex.org/I4210151419,"Department of Infrastructure, Transport, Regional Development, Communications and the Arts",True,1468,11,3,1266;1468;1830,0,0
https://openalex.org/I4210151455,"Ministry of Science, Technology and Innovation",True,5465,48,18,1477;5449;5465;5593;6060;6144;6369;6461;6567;6728;6770;6870;6961;7003;7021;7303;7328;7418,0,0
https://openalex.org/I4210151469,The US Oncology Network,True,5511,1,2,5511;6566,0,0
https://openalex.org/I4210151488,Clovis Oncology (United States),True,5332,1,2,5332;5550,0,0
https://openalex.org/I4210151503,Spital Thurgau (Switzerland),True,1479,2,1,1479,1,0
https://openalex.org/I4210151505,Agricultural Research Council of South Africa,True,3700,4,2,3700;645,0,0
https://openalex.org/I4210151549,Konica Minolta (Japan),True,5240,1,2,1255;5240,0,0
https://openalex.org/I4210151594,Ministry of Climate and Enterprise,True,1445,2,1,1445,0,0
https://openalex.org/I4210151629,Eastern Maine Healthcare Systems,True,,2,1,7377,2,0
https://openalex.org/I4210151658,St Joseph's Health Care,True,2220,2,1,2220,0,0
https://openalex.org/I4210151693,Tecan (Switzerland),True,1479,2,3,1479;5047;6942,0,0
https://openalex.org/I4210151703,China Coal Technology and Engineering Group Corp (China),True,7704,1,2,7578;7704,0,0
https://openalex.org/I4210151708,Leicestershire Partnership NHS Trust,True,4925,4,3,4328;4892;4925,0,0
https://openalex.org/I4210151747,Lifespan,True,7312,4,1,7312,0,0
https://openalex.org/I4210151833,Amsterdam University Medical Centers,True,1427,2,1,1427,0,0
https://openalex.org/I4210151839,Promotion and Mutual Aid Corporation for Private Schools of Japan,True,5129,1,1,5129,0,0
https://openalex.org/I4210151851,"Istituto Nazionale di Fisica Nucleare, Sezione di Trieste",True,4164,1,2,3955;4164,0,0
https://openalex.org/I4210151975,Northwest Institute of Nuclear Technology,True,7094,1,1,7094,1,0
https://openalex.org/I4210151987,Ministry of Agriculture and Rural Affairs,True,7704,84,29,10078;10097;3828;5335;5723;7578;7704;8055;8157;8189;8290;8330;8332;8434;8510;8578;8717;8989;9008;9100;9309;9401;9411;9511;9623;9701;9711;9769;9963,5,0
https://openalex.org/I4210152067,Académie de Grenoble,True,3984,1,1,3984,0,0
https://openalex.org/I4210152247,Karelian Research Centre,True,1337,1,1,1337,0,0
https://openalex.org/I4210152248,Mitsui Chemicals (Japan),True,,1,1,815,1,0
https://openalex.org/I4210152300,Jazz Pharmaceuticals (Ireland),True,415,3,4,1255;1690;3718;415,0,0
https://openalex.org/I4210152303,Centro Científico Tecnológico - Mendoza,True,358,2,1,358,0,0
https://openalex.org/I4210152329,Applus+ IDIADA (Spain),True,,2,2,1063;4328,1,0
https://openalex.org/I4210152351,Max Planck Institute for Evolutionary Biology,True,,1,1,3942,1,0
https://openalex.org/I4210152412,Institut de Radiobiologie Cellulaire et Moléculaire,True,2702,4,1,2702,0,0
https://openalex.org/I4210152413,FTL Systems (United States),True,6460,1,2,5125;6460,0,0
https://openalex.org/I4210152414,"Institute of Bioorganic Chemistry, Polish Academy of Sciences",True,1529,1,1,1529,0,0
https://openalex.org/I4210152422,Université Toulouse - Jean Jaurès,True,2304,27,2,2304;2702,0,0
https://openalex.org/I4210152461,Valleywise Health,True,4211,1,1,4211,0,0
https://openalex.org/I4210152466,Hanyang University Medical Center,True,94,4,1,94,0,0
https://openalex.org/I4210152474,China National Building Materials Group (China),True,7704,3,1,7704,0,0
https://openalex.org/I4210152505,Pershing Square Foundation,True,7244,1,1,7244,0,0
https://openalex.org/I4210152526,Guangdong Provincial Center for Disease Control and Prevention,True,9711,1,1,9711,0,0
https://openalex.org/I4210152602,Ministry of Health,True,2207,2,1,2207,0,0
https://openalex.org/I4210152613,Maxim Integrated (United States),True,1255,2,3,1255;3099;4736,0,0
https://openalex.org/I4210152642,Abiomed (United States),True,7347,1,2,44;7347,0,0
https://openalex.org/I4210152696,Brazilian Center for Research in Energy and Materials,True,6461,4,1,6461,0,0
https://openalex.org/I4210152728,Fraunhofer Institute for Microstructure of Materials and Systems,True,4708,1,1,4708,0,0
https://openalex.org/I4210152752,Ministry of Human Resource Development,True,7466,10,5,10017;10452;2091;3341;7466,1,0
https://openalex.org/I4210152758,Institute of Atmospheric Physics,True,7704,2,1,7704,0,0
https://openalex.org/I4210152766,Marine Technology Unit,True,4523,1,1,4523,0,0
https://openalex.org/I4210152862,"Ministry of Land, Infrastructure and Transport",True,1604,8,4,1604;1782;2098;94,2,0
https://openalex.org/I4210152878,GFZ Helmholtz Centre for Geosciences,True,4946,1,1,4946,0,0
https://openalex.org/I4210152917,Michell Instruments (United Kingdom),True,5550,1,2,3718;5550,0,0
https://openalex.org/I4210152919,Ministry of Health,True,959,1,1,959,0,0
https://openalex.org/I4210152975,Consejería de Salud y Consumo,True,2008,6,5,1931;2008;2637;2822;3300,0,0
https://openalex.org/I4210153005,École Nationale Supérieure d'Architecture de Clermont-Ferrand,True,3353,1,1,3353,0,0
https://openalex.org/I4210153013,Lusíada University of Porto,True,1003,1,1,1003,0,0
https://openalex.org/I4210153126,Istituti di Ricovero e Cura a Carattere Scientifico,True,3881,54,17,1309;1600;1778;1863;2312;2581;3157;3360;3548;3592;3881;4164;4198;4333;4771;5004;85,6,0
https://openalex.org/I4210153157,Sacred Heart Health System,True,6022,1,1,6022,0,0
https://openalex.org/I4210153160,HUN-REN Centre for Agricultural Research,True,964,3,1,964,0,0
https://openalex.org/I4210153176,Renesas Electronics (Japan),True,5129,6,4,1255;5129;5288;94,0,0
https://openalex.org/I4210153194,University of Defence,True,758,1,1,758,0,0
https://openalex.org/I4210153200,BC Children's Hospital,True,375,1,1,375,0,0
https://openalex.org/I4210153204,Universidade Portucalense,True,1003,4,1,1003,0,0
https://openalex.org/I4210153221,InnoLux (Taiwan),True,491,1,2,10282;491,0,0
https://openalex.org/I4210153223,Mine Safety Appliances (United States),True,7020,1,2,1479;7020,0,0
https://openalex.org/I4210153228,Kistler (Switzerland),True,1479,1,2,1479;5125,0,0
https://openalex.org/I4210153292,Institut Català de la Salut,True,4523,10,4,4291;4358;4523;4621,1,0
https://openalex.org/I4210153322,Trend Micro (Japan),True,5129,2,2,3343;5129,0,0
https://openalex.org/I4210153393,Geely (China),True,10078,1,2,10078;165,0,0
https://openalex.org/I4210153400,King's College Hospital,True,5288,1,1,5288,0,0
https://openalex.org/I4210153402,CSL (Australia),True,1266,6,7,1266;2262;3093;5129;5288;7165;805,0,0
https://openalex.org/I4210153458,Vitalité Health Network,True,,1,1,3827,1,0
https://openalex.org/I4210153464,Ministry of Agriculture and Forestry,True,687,2,1,687,1,0
https://openalex.org/I4210153514,BP (United States),True,6654,1,2,6654;7165,0,0
https://openalex.org/I4210153543,European Molecular Biology Laboratory,True,3793,1,1,3793,0,0
https://openalex.org/I4210153564,Katholisches Klinikum Bochum,True,536,4,1,536,0,0
https://openalex.org/I4210153567,Institute for Applied Manual Therapy,True,4321,1,1,4321,0,0
https://openalex.org/I4210153572,Saab (Sweden),True,1445,2,3,1054;1445;7068,0,0
https://openalex.org/I4210153718,Ministère de la Culture,True,2317,2,1,2317,0,0
https://openalex.org/I4210153745,Rio Tinto (United Kingdom),True,5288,5,5,1266;2702;3485;5288;5332,1,0
https://openalex.org/I4210153755,University Hospital Cologne,True,1064,8,1,1064,0,0
https://openalex.org/I4210153769,Fiat Chrysler Automobiles (Japan),True,5129,1,1,5129,0,0
https://openalex.org/I4210153776,Apple (United States),True,1255,2,3,1255;419;4736,0,0
https://openalex.org/I4210153787,Łukasiewicz Research Network – Warsaw Institute of Technology,True,3222,1,1,3222,0,0
https://openalex.org/I4210153806,Innovation and Technology Commission,True,73,1,1,73,0,0
https://openalex.org/I4210153821,Kyoto Prefectural Board of Education,True,3956,1,1,3956,0,0
https://openalex.org/I4210153833,Torbay and South Devon NHS Foundation Trust,True,1681,8,1,1681,0,0
https://openalex.org/I4210153867,Conseil régional de Bretagne,True,824,1,1,824,0,0
https://openalex.org/I4210153896,Zhengzhou Institute of Machinery,True,8189,1,1,8189,0,0
https://openalex.org/I4210153948,National Agricultural Technology Institute,True,4215,1,1,4215,0,0
https://openalex.org/I4210153954,Piedmont HealthCare,True,,3,1,6451,2,0
https://openalex.org/I4210153961,Instituto Superior Miguel Torga,True,1118,2,1,1118,0,0
https://openalex.org/I4210153994,Ahlstrom-Munksjö (Finland),True,687,2,2,3718;687,1,0
https://openalex.org/I4210154067,INFICON (Switzerland),True,,2,2,1064;7256,1,0
https://openalex.org/I4210154111,Université Gustave Eiffel,True,2702,27,6,2702;3200;3718;3984;4360;954,0,0
https://openalex.org/I4210154122,Electrovaya (Canada),True,2626,1,1,2626,1,0
https://openalex.org/I4210154149,Ministry of Education and Religious Affairs,True,959,3,2,249;959,0,0
https://openalex.org/I4210154156,"Ministarstvo znanosti, obrazovanja i mladih",True,410,3,2,410;556,0,0
https://openalex.org/I4210154237,Scientific and Industrial Research and Development Centre,True,1558,1,1,1558,0,0
https://openalex.org/I4210154307,Institut Français du Cheval et de l'Équitation,True,,1,1,2085,1,0
https://openalex.org/I4210154310,The Royal Wolverhampton NHS Trust,True,3799,2,1,3799,0,0
https://openalex.org/I4210154351,Marvell (United States),True,1255,2,3,1255;4156;419,0,0
https://openalex.org/I4210154366,Fondazione Telethon,True,3881,3,3,1600;3881;4333,0,0
https://openalex.org/I4210154378,Informa (United Kingdom),True,5288,4,4,3881;4792;5288;624,0,0
https://openalex.org/I4210154396,Instituto de Investigaciones Químicas,True,2008,1,2,2008;3147,0,0
https://openalex.org/I4210154410,Higher Council for Science and Technology,True,567,1,1,567,0,0
https://openalex.org/I4210154430,VA Long Beach Healthcare System,True,1642,1,1,1642,0,0
https://openalex.org/I4210154437,United States Army Futures Command,True,5349,11,7,5349;6248;6942;6948;7068;7244;7337,4,0
https://openalex.org/I4210154486,Institute for the Science and Technology of Plasmas,True,1600,2,2,1600;3360,0,0
https://openalex.org/I4210154492,Arotech (United States),True,6929,1,2,419;6929,0,0
https://openalex.org/I4210154497,Takeda (France),True,2702,1,1,2702,0,0
https://openalex.org/I4210154521,Ministry of Environment,True,94,6,3,1604;1782;94,2,0
https://openalex.org/I4210154536,Instituto Superior de Saúde do Alto Ave,True,,1,0,,2,0
https://openalex.org/I4210154618,Government of Uganda,True,1899,3,1,1899,0,0
https://openalex.org/I4210154623,Centre Hospitalier Universitaire de Rouen,True,2159,1,1,2159,0,0
https://openalex.org/I4210154632,Agricultural Research Service - Midwest Area,True,6406,8,5,6131;6406;6433;6678;6713,2,0
https://openalex.org/I4210154657,Fondation pour l’innovation en Cadiométabolisme et Nutrition,True,2702,2,1,2702,0,0
https://openalex.org/I4210154690,Schmidt Family Foundation,True,1255,1,2,1255;7244,0,0
https://openalex.org/I4210154713,Fundación Bancaria Caixa d’Estalvis i Pensions de Barcelona,True,4523,1,1,4523,0,0
https://openalex.org/I4210154741,New Mexico VA Health Care System,True,4914,1,1,4914,0,0
https://openalex.org/I4210154744,Division of Advanced Cyberinfrastructure,True,7068,1,2,1642;7068,0,0
https://openalex.org/I4210154757,Texas Center for Infectious Disease,True,5229,1,1,5229,0,0
https://openalex.org/I4210154782,Favaloro Foundation,True,4215,1,1,4215,0,0
https://openalex.org/I4210154784,Showa University of Music,True,5129,1,1,5129,0,0
https://openalex.org/I4210154796,Jawzjan University,True,1040,1,1,1040,0,0
https://openalex.org/I4210154818,Delaware Department of Health and Social Services,True,7165,1,1,7165,1,0
https://openalex.org/I4210154827,SMA Solar Technology (Germany),True,3713,1,2,3713;5087,0,0
https://openalex.org/I4210154840,Centro Hospitalar do Porto,True,1003,2,1,1003,0,0
https://openalex.org/I4210154877,Stockholm Environment Institute,True,1445,7,8,1445;1894;2171;4048;4792;5024;54;7347,0,0
https://openalex.org/I4210154888,Hunter New England Local Health District,True,1912,5,1,1912,1,0
https://openalex.org/I4210154943,Ministry of National Development,True,154,2,1,154,0,0
https://openalex.org/I4210155050,CoxHealth,True,5973,1,1,5973,0,0
https://openalex.org/I4210155051,Qisda (Taiwan),True,1141,1,2,1141;9963,0,0
https://openalex.org/I4210155074,Instituto de Investigacao das Pescas e do Mar,True,310,1,1,310,1,0
https://openalex.org/I4210155077,"Ministry of Agriculture, Natural Resources and Environment",True,187,3,2,187;226,0,0
https://openalex.org/I4210155088,Institute of Chemistry,True,7704,2,1,7704,0,0
https://openalex.org/I4210155092,"Czech Academy of Sciences, Institute of Computer Science",True,535,1,1,535,0,0
https://openalex.org/I4210155114,Complejo Hospitalario Universitario de Albacete,True,3757,1,1,3757,0,0
https://openalex.org/I4210155116,Institut National de Recherches Archéologiques Préventives,True,4088,11,10,1397;2085;2304;2702;3200;4054;4088;4360;4426;824,0,0
https://openalex.org/I4210155143,Orano (France),True,2702,1,2,2702;7068,0,0
https://openalex.org/I4210155144,University Hospital Ulm,True,4255,1,1,4255,0,0
https://openalex.org/I4210155225,Birmingham Women’s and Children’s NHS Foundation Trust,True,3799,2,1,3799,0,0
https://openalex.org/I4210155232,Fiberhome Technology Group (China),True,8989,2,2,10097;8989,0,0
https://openalex.org/I4210155236,National Research Council,True,3881,125,26,1309;1600;1778;2019;2449;2647;2891;3106;3157;3311;3360;3454;3539;3592;3725;3793;3881;4164;4232;4333;4465;4658;4771;4929;5004;85,13,0
https://openalex.org/I4210155252,Instituto Nacional de Capacitación Profesional,True,2072,1,1,2072,0,0
https://openalex.org/I4210155258,Alcon (Switzerland),True,,10,10,1600;259;2626;2702;5125;5129;5543;7704;9099;94,1,0
https://openalex.org/I4210155272,Arkansas Children’s Foundation,True,5877,1,2,5877;5913,0,0
https://openalex.org/I4210155299,LINKS Foundation,True,85,2,1,85,0,0
https://openalex.org/I4210155314,Seiko (United States),True,7244,1,2,1642;7244,0,0
https://openalex.org/I4210155317,Tianjin Academy of Agricultural Sciences,True,8055,1,1,8055,0,0
https://openalex.org/I4210155320,ELTE Centre for Economic and Regional Studies,True,964,3,2,700;964,0,0
https://openalex.org/I4210155324,Kyoto University of Foreign Studies,True,3956,1,1,3956,0,0
https://openalex.org/I4210155348,Phoenix Contact (Germany),True,,2,2,1711;7129,1,0
https://openalex.org/I4210155362,Centre d'Etudes Superieures Industrielles,True,2702,1,2,1933;2702,0,0
https://openalex.org/I4210155386,Scienion (Germany),True,4946,1,2,4211;4946,0,0
https://openalex.org/I4210155413,Bassett Healthcare Network,True,,1,0,,2,0
https://openalex.org/I4210155474,AstenJohnson (United States),True,6833,1,1,6833,1,0
https://openalex.org/I4210155503,Konami (Japan),True,3956,1,2,3956;4143,0,0
https://openalex.org/I4210155509,Délégation Régionale Auvergne-Rhône-Alpes,True,3718,10,5,2702;3353;3718;3984;4054,0,0
https://openalex.org/I4210155533,Edwards Lifesciences (United States),True,1642,2,3,1642;29;5047,0,0
https://openalex.org/I4210155611,Ministry of Water Resources of the People's Republic of China,True,7704,7,5,6736;7704;8189;8989;9459,0,0
https://openalex.org/I4210155646,Bluebird Bio (United States),True,7347,1,2,2702;7347,0,0
https://openalex.org/I4210155663,Ministry of Foreign Affairs,True,5465,1,1,5465,0,0
https://openalex.org/I4210155686,Heraeus (Germany),True,3093,4,4,2374;2626;3093;7068,0,0
https://openalex.org/I4210155724,Centre Hospitalier Universitaire de Rennes,True,824,3,1,824,0,0
https://openalex.org/I4210155739,Robert Jones and Agnes Hunt Orthopaedic Hospital NHS Trust,True,,1,0,,2,0
https://openalex.org/I4210155787,CTA Observatory,True,3157,1,2,3041;3157,0,0
https://openalex.org/I4210155862,OHB (Germany),True,2877,1,2,1600;2877,0,0
https://openalex.org/I4210155874,VA Nebraska Western Iowa Health Care System,True,5985,1,1,5985,0,0
https://openalex.org/I4210155918,Udupi Shri Admar Mutt Education Council,True,9099,1,1,9099,1,0
https://openalex.org/I4210155979,National Grid (United Kingdom),True,5288,1,2,5288;7244,0,0
https://openalex.org/I4210155998,AES (United States),True,7068,2,3,242;6567;7068,0,0
https://openalex.org/I4210156003,Biota Pharmaceuticals (United States),True,6451,1,2,6451;7068,0,0
https://openalex.org/I4210156018,ProHealth Care,True,6769,2,1,6769,0,0
https://openalex.org/I4210156025,"Czech Academy of Sciences, Institute of Experimental Botany",True,535,1,1,535,0,0
https://openalex.org/I4210156039,Hamilton Multicultural Services Trust,True,737,1,1,737,0,0
https://openalex.org/I4210156085,Ministry of the Environment and Spatial Planning,True,164,1,1,164,0,0
https://openalex.org/I4210156165,Lenovo (China),True,7704,2,3,154;5129;7704,0,0
https://openalex.org/I4210156195,Auris Medical (Switzerland),True,935,1,2,6654;935,0,0
https://openalex.org/I4210156325,Hewlett-Packard (United Kingdom),True,5288,1,2,5047;5288,0,0
https://openalex.org/I4210156332,Chinese Research Academy of Environmental Sciences,True,7704,1,1,7704,0,0
https://openalex.org/I4210156352,Division of Earth Sciences,True,7068,3,2,5332;7068,0,0
https://openalex.org/I4210156388,EDF Energy North America,True,2204,1,1,2204,0,0
https://openalex.org/I4210156393,Saurer (Switzerland),True,1918,2,2,1918;3754,1,0
https://openalex.org/I4210156404,Institute of Information Engineering,True,7704,2,1,7704,0,0
https://openalex.org/I4210156450,University Medical Centre Mannheim,True,3041,1,1,3041,0,0
https://openalex.org/I4210156467,Department for Environment and Water,True,789,1,1,789,0,0
https://openalex.org/I4210156491,VA Northern California Health Care System,True,3652,2,2,1980;3652,0,0
https://openalex.org/I4210156494,Ospedale di Prato Santo Stefano,True,3106,1,1,3106,0,0
https://openalex.org/I4210156525,Spring-8 (Japan),True,,1,1,3956,1,0
https://openalex.org/I4210156527,Dynea (Norway),True,596,1,1,596,1,0
https://openalex.org/I4210156537,Clinics Hospital of Ribeirão Preto,True,6108,1,1,6108,0,0
https://openalex.org/I4210156572,West London Mental Health NHS Trust,True,5288,2,2,5125;5288,0,0
https://openalex.org/I4210156604,Azienda Usl Toscana Centro,True,2946,2,2,2946;3106,0,0
https://openalex.org/I4210156612,Baotou Research Institute of Rare Earths,True,4760,1,1,4760,1,0
https://openalex.org/I4210156709,ASST Fatebenefratelli Sacco,True,1600,3,1,1600,0,0
https://openalex.org/I4210156727,Devon Partnership NHS Trust,True,1854,2,1,1854,0,0
https://openalex.org/I4210156748,National Organization for Rare Disorders,True,,1,1,3799,1,0
https://openalex.org/I4210156758,Institut de Génomique Fonctionnelle,True,3541,1,1,3541,0,0
https://openalex.org/I4210156768,BMW Group (Germany),True,4736,1,1,4736,0,0
https://openalex.org/I4210156818,Bridgewater Community Healthcare NHS Foundation Trust,True,2374,1,1,2374,0,0
https://openalex.org/I4210156858,Deutsches Stiftungszentrum,True,536,1,1,536,0,0
https://openalex.org/I4210156865,Dentsply Sirona (United States),True,7135,2,2,165;7135,1,0
https://openalex.org/I4210156868,UniLaSalle,True,824,6,4,2159;2702;2824;824,1,0
https://openalex.org/I4210156876,VA Greater Los Angeles Healthcare System,True,1642,3,1,1642,0,0
https://openalex.org/I4210156914,"Ministry of Health, Nutrition and Indigenous Medicine",True,434,1,1,434,0,0
https://openalex.org/I4210156960,Louvre,True,2702,1,2,2702;2993,0,0
https://openalex.org/I4210157062,Stockholm University of the Arts,True,1445,1,1,1445,0,0
https://openalex.org/I4210157085,Cooper University Health Care,True,7165,2,1,7165,0,0
https://openalex.org/I4210157108,Institut Universitaire Européen de la Mer,True,58,1,1,58,0,0
https://openalex.org/I4210157170,Magna International (Canada),True,2626,3,4,2626;654;6948;815,0,0
https://openalex.org/I4210157192,Fugro (Netherlands),True,296,3,4,296;452;4792;5511,0,0
https://openalex.org/I4210157255,Maruho (Japan),True,3956,2,3,3956;5288;7244,0,0
https://openalex.org/I4210157296,Anton Paar (Austria),True,654,3,3,5288;654;7032,1,0
https://openalex.org/I4210157335,Furukawa Electric (Japan),True,5129,6,6,1178;5129;5288;537;6451;6948,0,0
https://openalex.org/I4210157354,Canadian Honey Council,True,1572,1,2,1572;375,0,0
https://openalex.org/I4210157424,NOAA National Centers for Coastal Ocean Science,True,7068,1,1,7068,0,0
https://openalex.org/I4210157453,NSK (Japan),True,5129,2,3,5129;5288;6929,0,0
https://openalex.org/I4210157468,Oniris,True,954,7,1,954,1,0
https://openalex.org/I4210157653,Institute of Mechanics,True,7704,2,1,7704,0,0
https://openalex.org/I4210157668,Liverpool Womens NHS Foundation Trust,True,2374,1,1,2374,0,0
https://openalex.org/I4210157743,Universidad Privada del Este,True,1334,1,1,1334,0,0
https://openalex.org/I4210157759,Virginia Department of Behavioral Health and Developmental Services,True,7032,1,2,7032;7068,0,0
https://openalex.org/I4210157762,Tenaris (Luxembourg),True,103,3,4,103;4040;4215;5511,0,0
https://openalex.org/I4210157775,Kumamoto Chuo Hospital,True,2382,1,1,2382,0,0
https://openalex.org/I4210157777,Vitalant,True,4211,2,3,1255;4211;5332,0,0
https://openalex.org/I4210157822,Azienda Sanitaria Locale Roma 3,True,3881,1,1,3881,1,0
https://openalex.org/I4210157830,Tokyo Shinagawa Hospital,True,5129,1,1,5129,0,0
https://openalex.org/I4210157859,Ministry of Health,True,310,2,1,310,0,0
https://openalex.org/I4210157942,Surrey and Sussex Healthcare NHS Trust,True,5288,3,1,5288,0,0
https://openalex.org/I4210157944,Xinjiang Uygur Autonomous Region Education Department,True,,1,1,2293,1,0
https://openalex.org/I4210157972,Chongqing Municipal Government,True,7578,2,1,7578,0,0
https://openalex.org/I4210158062,Targovax (Norway),True,596,1,2,596;687,0,0
https://openalex.org/I4210158065,Office of Polar Programs,True,7068,2,1,7068,0,0
https://openalex.org/I4210158066,SGS (Switzerland),True,29,8,8,2593;2626;2702;29;310;3793;535;73,0,0
https://openalex.org/I4210158086,Institut de Biologie Moléculaire et Cellulaire,True,4558,1,1,4558,0,0
https://openalex.org/I4210158088,Fraunhofer Institute for Silicate Research,True,4153,1,2,3093;4153,0,0
https://openalex.org/I4210158089,National Academy of Educational Sciences of Ukraine,True,2203,10,1,2203,0,0
https://openalex.org/I4210158097,Institute of Botany,True,7704,2,1,7704,0,0
https://openalex.org/I4210158107,Hospital Universitario Río Hortega,True,2881,1,1,2881,0,0
https://openalex.org/I4210158129,Kone (Finland),True,687,1,2,1479;687,0,0
https://openalex.org/I4210158168,Melbourne Health,True,1266,2,1,1266,0,0
https://openalex.org/I4210158352,Servicio Gallego de Salud,True,,3,3,1183;1292;952,1,0
https://openalex.org/I4210158403,Grantham Foundation,True,7347,1,2,4460;7347,0,0
https://openalex.org/I4210158413,Council of Christian Hospitals,True,10055,1,2,10055;9874,0,0
https://openalex.org/I4210158463,Kaiam Corporation (United States),True,1255,1,2,1255;2011,0,0
https://openalex.org/I4210158470,Peterborough and Stamford Hospitals NHS Foundation Trust,True,5454,1,1,5454,0,0
https://openalex.org/I4210158486,ITT (United States),True,7244,2,3,3580;5000;7244,0,0
https://openalex.org/I4210158500,National Institute of Mental Health,True,7068,1,2,6192;7068,0,0
https://openalex.org/I4210158502,Queen Elizabeth University Hospital,True,955,1,1,955,0,0
https://openalex.org/I4210158581,People's Government of Guangdong Province,True,9711,2,1,9711,0,0
https://openalex.org/I4210158636,NSW Department of Communities and Justice,True,1830,1,1,1830,0,0
https://openalex.org/I4210158638,Department of Biological Sciences,True,799,2,1,799,0,0
https://openalex.org/I4210158657,Seoul National University Dental Hospital,True,94,1,1,94,0,0
https://openalex.org/I4210158695,Oclaro (United States),True,1255,2,2,1255;5067,1,0
https://openalex.org/I4210158714,Teradata (United States),True,6845,1,2,5288;6845,0,0
https://openalex.org/I4210158770,Shiga Medical Center,True,4367,1,1,4367,0,0
https://openalex.org/I4210158787,"Tees, Esk and Wear Valleys NHS Foundation Trust",True,4740,6,4,4159;4227;4427;4740,1,0
https://openalex.org/I4210158799,Olivia Newton-John Cancer Wellness & Research Centre,True,1266,2,1,1266,0,0
https://openalex.org/I4210158807,New Hampshire Department of Environmental Services,True,7367,1,1,7367,0,0
https://openalex.org/I4210158813,St.Gallen University of Teacher Education,True,1918,17,1,1918,0,0
https://openalex.org/I4210158834,Délégation Aquitaine,True,1397,6,3,1397;3718;58,0,0
https://openalex.org/I4210158867,Fondation Maison des Sciences de l'Homme,True,2702,1,1,2702,1,0
https://openalex.org/I4210158879,Genetec (Canada),True,3485,1,2,3485;6942,0,0
https://openalex.org/I4210158893,Bureau de Recherches Géologiques et Minières,True,2639,22,22,120;124;1397;2010;2159;2304;2639;2702;3200;3353;3495;3541;3718;3798;3911;4192;4558;468;65;71;824;954,1,0
https://openalex.org/I4210158922,Integris Health,True,5705,2,1,5705,0,0
https://openalex.org/I4210158924,France Universités,True,2702,1,1,2702,0,0
https://openalex.org/I4210158932,Capital Health,True,7165,1,1,7165,0,0
https://openalex.org/I4210158934,Research Organization of Information and Systems,True,5129,6,2,5129;5258,0,0
https://openalex.org/I4210158936,Brembo (Italy),True,1943,1,2,1943;4328,0,0
https://openalex.org/I4210158941,Miami International University of Art & Design,True,6442,1,1,6442,0,0
https://openalex.org/I4210159075,Active Space Technologies (Portugal),True,,1,1,4946,1,0
https://openalex.org/I4210159136,China National Electric Apparatus Research Institute (China),True,9711,1,1,9711,0,0
https://openalex.org/I4210159204,Medizinisches Zentrum für Seelische Gesundheit,True,,2,0,,3,0
https://openalex.org/I4210159208,Réseau Technoscience,True,3485,1,1,3485,1,0
https://openalex.org/I4210159245,Institut des Sciences de l'Information et de leurs Interactions,True,2702,87,17,1397;1680;2304;2702;3353;3400;3541;3718;3798;3911;3984;4192;4426;4558;58;824;954,2,0
https://openalex.org/I4210159250,Ministry of New and Renewable Energy,True,7466,3,2,7163;7466,0,0
https://openalex.org/I4210159259,Organix (United States),True,7347,1,1,7347,1,0
https://openalex.org/I4210159288,Mylan (United States),True,7020,8,9,1266;1445;1479;1600;3297;3337;5288;7020;9045,0,0
https://openalex.org/I4210159294,UT-Battelle,True,,7,1,6685,7,0
https://openalex.org/I4210159308,Norman Regional Health System,True,5705,1,1,5705,0,0
https://openalex.org/I4210159382,"CItés, Territoires, Environnement et Sociétés",True,2085,1,1,2085,0,0
https://openalex.org/I4210159436,Domtar (United States),True,,1,1,3485,1,0
https://openalex.org/I4210159451,Kodak (United States),True,7183,6,6,2702;3580;419;5129;5288;7183,1,0
https://openalex.org/I4210159457,Nokia (Germany),True,4736,1,2,3580;4736,0,0
https://openalex.org/I4210159495,Ministry of Agriculture and Rural Development,True,419,1,1,419,0,0
https://openalex.org/I4210159571,BIC (France),True,2702,1,2,2702;7277,0,0
https://openalex.org/I4210159574,PNO Consultants (Netherlands),True,296,2,3,296;3304;3881,0,0
https://openalex.org/I4210159588,Ministry of Justice,True,94,2,1,94,1,0
https://openalex.org/I4210159665,Ministry of Social Affairs and Health,True,687,2,1,687,1,0
https://openalex.org/I4210159720,VA Mid-Atlantic Health Care Network,True,6942,10,6,6312;6911;6923;6942;7032;7050,3,0
https://openalex.org/I4210159750,Beijing Automotive Group (China),True,7704,1,1,7704,0,0
https://openalex.org/I4210159778,National Research Council Canada,True,3343,11,7,1572;1751;1837;28;3343;3485;3865,0,0
https://openalex.org/I4210159810,HOBAS (Germany),True,,2,1,2663,2,0
https://openalex.org/I4210159854,Max Planck Institute of Molecular Cell Biology and Genetics,True,4996,1,1,4996,0,0
https://openalex.org/I4210159876,Institute of Physics,True,7704,4,2,7704;9718,0,0
https://openalex.org/I4210159881,Keyence (Japan),True,3956,1,1,3956,0,0
https://openalex.org/I4210159903,Institute of Coal Chemistry,True,7359,1,1,7359,0,0
https://openalex.org/I4210159910,Outotec (Finland),True,687,1,2,2626;687,0,0
https://openalex.org/I4210159918,Ana G. Mendez University System,True,308,2,1,308,0,0
https://openalex.org/I4210159963,Novo Holdings (Denmark),True,537,17,14,1479;3093;310;3343;3881;4510;4767;5006;5129;5288;537;687;6942;9099,0,0
https://openalex.org/I4210159977,CentraCare Health System,True,6415,2,1,6415,0,0
https://openalex.org/I4210160045,Frequentis (Austria),True,790,1,2,3093;790,0,0
https://openalex.org/I4210160067,Mid Yorkshire Hospitals NHS Trust,True,4159,2,1,4159,0,0
https://openalex.org/I4210160089,Ventura County Health Care Agency,True,1031,1,1,1031,0,0
https://openalex.org/I4210160113,Government of Northwest Territories,True,,3,1,3485,3,0
https://openalex.org/I4210160189,Institut Polytechnique de Bordeaux,True,1397,15,1,1397,0,0
https://openalex.org/I4210160192,Consorci Institut D'Investigacions Biomediques August Pi I Sunyer,True,4523,1,1,4523,0,0
https://openalex.org/I4210160262,Sophia Genetics (Switzerland),True,215,1,2,1185;215,0,0
https://openalex.org/I4210160303,Nference (United States),True,7347,1,2,7347;9099,0,0
https://openalex.org/I4210160331,Neoleukin Therapeutics (United States),True,1255,2,3,1255;375;5288,0,0
https://openalex.org/I4210160353,"Ministry of Education, Sports and Youth",True,650,1,1,650,0,0
https://openalex.org/I4210160366,Regional Research Centres,True,2262,8,5,1337;2262;4034;4829;5413,2,0
https://openalex.org/I4210160388,Ministry of Food Processing Industries,True,7466,2,2,7466;9694,0,0
https://openalex.org/I4210160418,Baylor Scott & White Health,True,5543,6,2,5399;5543,0,0
https://openalex.org/I4210160436,Old Dartmouth Historical Society,True,7342,1,1,7342,0,0
https://openalex.org/I4210160466,Providence Health & Services Oregon and Southwest Washington,True,4444,6,2,4073;4444,0,0
https://openalex.org/I4210160489,Institut Franco-Allemand de Recherches de Saint-Louis,True,4393,1,1,4393,0,0
https://openalex.org/I4210160522,China National Rice Research Institute,True,10078,1,1,10078,0,0
https://openalex.org/I4210160531,Chinese People's Liberation Army,True,7704,6,6,7094;7704;8973;9309;9629;9701,0,0
https://openalex.org/I4210160565,"Centre d'Études et d'Expertise sur les Risques, l'Environnement, la Mobilité et l'Aménagement",True,3718,2,3,2702;3718;954,0,0
https://openalex.org/I4210160603,RELX Group (United Kingdom),True,5288,4,4,1427;3485;5288;7244,0,0
https://openalex.org/I4210160619,"Bundesministerium für Bildung, Familie, Senioren, Frauen und Jugend",True,1064,1,2,1064;4946,0,0
https://openalex.org/I4210160637,Gree (China),True,9871,1,1,9871,0,0
https://openalex.org/I4210160640,Koito Manufacturing (Japan),True,5129,1,1,5129,0,0
https://openalex.org/I4210160641,Alamo Colleges,True,5229,4,1,5229,0,0
https://openalex.org/I4210160667,Ministry of Health and Population,True,3981,2,1,3981,0,0
https://openalex.org/I4210160693,NOAA Office for Coastal Management,True,7068,1,1,7068,0,0
https://openalex.org/I4210160698,Kementerian Pendidikan Malaysia,True,1322,1,1,1322,1,0
https://openalex.org/I4210160774,Délégation Paris 11,True,2702,7,1,2702,0,0
https://openalex.org/I4210160791,Yonsei University Health System,True,94,6,2,2246;94,0,0
https://openalex.org/I4210160793,Institute of Geographic Sciences and Natural Resources Research,True,7704,1,1,7704,0,0
https://openalex.org/I4210160802,Ministry of Agriculture,True,1545,2,1,1545,1,0
https://openalex.org/I4210160822,Takeda (Canada),True,2626,1,2,2626;3485,0,0
https://openalex.org/I4210160856,UC Davis Health,True,3652,3,1,3652,0,0
https://openalex.org/I4210160910,Kongsberg Automotive (Norway),True,,1,1,3222,1,0
https://openalex.org/I4210160916,Foerster (Germany),True,3869,1,2,3869;7020,0,0
https://openalex.org/I4210160985,Argentine Naval Hydrographic Service,True,4215,1,1,4215,0,0
https://openalex.org/I4210161012,Nidec (Japan),True,3956,4,5,3580;3628;3956;4526;6654,0,0
https://openalex.org/I4210161027,SAGE Publishing (United States),True,1642,1,2,1642;7244,0,0
https://openalex.org/I4210161065,Laboratoire de Traitement de l'Information Médicale,True,58,2,1,58,0,0
https://openalex.org/I4210161107,El Corte Inglés (Spain),True,3147,1,2,310;3147,0,0
https://openalex.org/I4210161121,Mississippi Department of Environmental Quality,True,,1,0,,2,0
https://openalex.org/I4210161167,Biotronik (Germany),True,4946,4,5,1479;154;310;4946;7466,0,0
https://openalex.org/I4210161186,Hinchingbrooke Health Care NHS Trust,True,5454,1,1,5454,0,0
https://openalex.org/I4210161214,École Nationale Supérieure d'Architecture de Lyon,True,3718,1,1,3718,0,0
https://openalex.org/I4210161223,Ministry of Culture,True,4048,1,1,4048,0,0
https://openalex.org/I4210161248,Hirosaki University of Health and Welfare,True,3455,1,1,3455,0,0
https://openalex.org/I4210161336,LRGHealthcare,True,,1,0,,2,0
https://openalex.org/I4210161386,Borgess Health,True,6875,1,1,6875,0,0
https://openalex.org/I4210161429,Intellectual Ventures (United States),True,4510,1,2,154;4510,0,0
https://openalex.org/I4210161447,Intuitive Surgical (United States),True,1255,1,2,1255;215,0,0
https://openalex.org/I4210161448,Itasca Consultants (United States),True,6433,2,3,3718;536;6433,0,0
https://openalex.org/I4210161485,Klinikum Stuttgart,True,3580,2,1,3580,0,0
https://openalex.org/I4210161504,International Union for Conservation of Nature,True,215,12,6,215;2702;3705;5550;67;7068,0,0
https://openalex.org/I4210161506,Délégation Paris B,True,2702,6,1,2702,0,0
https://openalex.org/I4210161553,Cottage Health,True,639,2,1,639,1,0
https://openalex.org/I4210161555,United Microelectronics (Taiwan),True,491,1,2,1255;491,0,0
https://openalex.org/I4210161623,Fraunhofer USA,True,6948,5,4,6948;7068;7165;7347,0,0
https://openalex.org/I4210161667,Continental (United States),True,6948,1,2,6851;6948,0,0
https://openalex.org/I4210161669,ID Pharma (Japan),True,,1,1,5129,1,0
https://openalex.org/I4210161689,Werfen (Spain),True,4523,2,2,4523;7347,0,0
https://openalex.org/I4210161702,Directorate-General Joint Research Centre,True,1269,5,4,1269;1326;2008;2988,2,0
https://openalex.org/I4210161724,Centre for Family Medicine,True,2360,1,1,2360,0,0
https://openalex.org/I4210161729,HRA Pharma (France),True,2702,1,2,2702;5288,0,0
https://openalex.org/I4210161735,Broward Health,True,6442,1,1,6442,0,0
https://openalex.org/I4210161798,Light Prescriptions Innovators (United States),True,1642,1,2,1642;3147,0,0
https://openalex.org/I4210161845,Mitsui & Co (Japan),True,5129,1,2,415;5129,0,0
https://openalex.org/I4210161860,National Film Archive,True,535,1,1,535,0,0
https://openalex.org/I4210161895,Royal United Hospital Bath NHS Trust,True,3099,3,1,3099,0,0
https://openalex.org/I4210161903,China Minmetals (China),True,7704,3,2,7704;9100,0,0
https://openalex.org/I4210161906,Centre International de Recherche en Infectiologie,True,3718,1,1,3718,0,0
https://openalex.org/I4210161984,Ministry of Culture,True,853,1,1,853,0,0
https://openalex.org/I4210161994,Dana-Farber Brigham Cancer Center,True,7347,1,1,7347,0,0
https://openalex.org/I4210162032,GS1 Belgium & Luxembourg,True,1269,1,2,1064;1269,0,0
https://openalex.org/I4210162051,University Hospital Carl Gustav Carus,True,4996,12,1,4996,0,0
https://openalex.org/I4210162077,Leibniz-Institut für Naturstoff-Forschung und Infektionsbiologie e. V. - Hans-Knöll-Institut (HKI),True,4618,1,1,4618,0,0
https://openalex.org/I4210162122,Gobierno de La Rioja,True,3670,1,1,3670,0,0
https://openalex.org/I4210162150,Universidad Cuauhtémoc,True,5327,2,3,2837;4823;5327,0,0
https://openalex.org/I4210162197,Vanderbilt Health,True,6350,4,1,6350,0,0
https://openalex.org/I4210162207,Montana Department of Agriculture,True,,1,0,,2,0
https://openalex.org/I4210162304,The People of the United Methodist Church,True,5543,1,1,5543,1,0
https://openalex.org/I4210162307,HUN-REN Centre for Energy Research,True,964,3,1,964,0,0
https://openalex.org/I4210162315,Lovelace Health System,True,4914,1,1,4914,0,0
https://openalex.org/I4210162334,Hebei Provincial Department of Science and Technology,True,7744,1,1,7744,0,0
https://openalex.org/I4210162384,Aptose Biosciences (United States),True,2204,1,2,2204;2626,0,0
https://openalex.org/I4210162473,United States Marine Corps,True,7068,1,1,7068,0,0
https://openalex.org/I4210162527,Bodycote (United Kingdom),True,3304,2,3,2626;3304;535,0,0
https://openalex.org/I4210162562,Borealis (Austria),True,790,1,2,687;790,0,0
https://openalex.org/I4210162587,Regional Hospital Central Jutland,True,,3,0,,4,0
https://openalex.org/I4210162623,Datang Telecom Group (China),True,7704,1,1,7704,0,0
https://openalex.org/I4210162703,North Atlantic Treaty Organization,True,1269,3,3,1269;2168;54,0,0
https://openalex.org/I4210162783,Research Institute of Complex Problems of Cardiovascular Disease Russian Academy of Medical Sciences,True,6258,1,1,6258,0,0
https://openalex.org/I4210162855,Deutsche Knochenmarkspenderdatei,True,3869,1,2,3869;5288,0,0
https://openalex.org/I4210162908,Ministerio de Defensa,True,3147,3,1,3147,0,0
https://openalex.org/I4210162942,Bicêtre Hospital,True,2702,1,1,2702,0,0
https://openalex.org/I4210162965,KRONOS (United States),True,5543,2,2,1064;5543,1,0
https://openalex.org/I4210163017,Texas Health Resources Foundation,True,5543,4,1,5543,0,0
https://openalex.org/I4210163040,Wirral University Teaching Hospital NHS Foundation Trust,True,2374,4,1,2374,0,0
https://openalex.org/I4210163045,Attorney-General's Department Australia,True,1468,5,3,1369;1468;1830,0,0
https://openalex.org/I4210163047,IRCCS Humanitas Research Hospital,True,1600,1,1,1600,0,0
https://openalex.org/I4210163106,Genus (United Kingdom),True,5000,1,2,5000;6678,0,0
https://openalex.org/I4210163111,"Secretaría de Ciencia, Humanidades, Tecnología e Innovación",True,5006,9,8,2837;3846;4097;440;4718;5006;6127;6139,0,0
https://openalex.org/I4210163114,Tuality Healthcare,True,4444,2,1,4444,0,0
https://openalex.org/I4210163125,VA Maryland Health Care System,True,7123,3,2,7123;7165,0,0
https://openalex.org/I4210163131,Max Planck Institute for Meteorology,True,3793,1,1,3793,0,0
https://openalex.org/I4210163156,Complejo Hospitalario Universitario de Toledo,True,,3,0,,4,0
https://openalex.org/I4210163178,Alfred Health,True,1266,4,1,1266,0,0
https://openalex.org/I4210163207,Ecorys (United Kingdom),True,3799,1,2,296;3799,0,0
https://openalex.org/I4210163214,German Association of Joint Industrial Applied Research Institutes,True,1064,1,2,1064;4946,0,0
https://openalex.org/I4210163236,École Nationale Supérieure de Création Industrielle,True,2702,1,1,2702,0,0
https://openalex.org/I4210163255,Ministry of Health,True,16,1,1,16,0,0
https://openalex.org/I4210163256,Genmab (Denmark),True,537,2,3,1793;537;7165,0,0
https://openalex.org/I4210163267,Centro Científico Tecnológico Mar del Plata,True,4514,3,1,4514,0,0
https://openalex.org/I4210163339,Institut de Génétique Humaine,True,3541,1,1,3541,0,0
https://openalex.org/I4210163343,Gospodarska zbornica Slovenije,True,164,1,1,164,1,0
https://openalex.org/I4210163352,Stratasys (United States),True,6433,1,2,419;6433,0,0
https://openalex.org/I4210163359,Ministry of Health and Care Services,True,596,4,1,596,0,0
https://openalex.org/I4210163370,Contra Costa Health Services,True,1980,1,1,1980,0,0
https://openalex.org/I4210163436,Agricultural Academy,True,15,5,2,15;368,0,0
https://openalex.org/I4210163439,Tieto (Finland),True,687,2,3,1389;596;687,0,0
https://openalex.org/I4210163442,"Institut thématique Neurosciences, sciences cognitives, neurologie, psychiatrie",True,2702,3,1,2702,0,0
https://openalex.org/I4210163497,Austin Health,True,1266,2,1,1266,0,0
https://openalex.org/I4210163503,Ministry of Science and Higher Education,True,3222,1,1,3222,0,0
https://openalex.org/I4210163509,Riverside Community College District,True,1642,3,1,1642,0,0
https://openalex.org/I4210163530,Mauna Kea Technologies (France),True,2702,1,2,2702;7347,0,0
https://openalex.org/I4210163537,L3Harris (United States),True,6566,7,7,298;3343;3586;3652;6566;6996;7244,0,0
https://openalex.org/I4210163549,Act Health,True,1468,1,2,1369;1468,0,0
https://openalex.org/I4210163551,South Western Sydney Local Health District,True,1830,2,1,1830,0,0
https://openalex.org/I4210163709,Pharmaxis (Australia),True,1830,2,3,1830;3485;5288,0,0
https://openalex.org/I4210163714,Department of Earth Sciences,True,2262,48,19,1337;1624;2040;2262;3651;5864;5936;5972;6008;6106;6191;6258;6423;6432;6441;6495;6522;6549;750,3,0
https://openalex.org/I4210163718,École Nationale Supérieure d'Architecture et de Paysage de Bordeaux,True,1397,2,1,1397,0,0
https://openalex.org/I4210163735,Wärtsilä (Finland),True,687,5,5,1479;2842;3793;4867;687,1,0
https://openalex.org/I4210163738,China Astronaut Research and Training Center,True,7704,1,1,7704,0,0
https://openalex.org/I4210163788,"Consejería de Educación, Universidades, Ciencia y Portavocía",True,3147,1,1,3147,0,0
https://openalex.org/I4210163806,Galderma (Switzerland),True,215,3,4,1003;215;2702;5543,0,0
https://openalex.org/I4210163811,Acıbadem Adana Hospital,True,4475,1,2,1637;4475,0,0
https://openalex.org/I4210163832,Helse Møre og Romsdal HF,True,,2,0,,3,0
https://openalex.org/I4210163844,Berkshire Health Systems,True,,1,0,,2,0
https://openalex.org/I4210163874,Shanghai Institute of Ceramics,True,10097,1,1,10097,0,0
https://openalex.org/I4210163886,Sonaca (Belgium),True,1372,1,2,1372;3485,0,0
https://openalex.org/I4210163936,New York City Department of Records and Information Services,True,7244,1,1,7244,0,0
https://openalex.org/I4210163957,Ministry of Health,True,566,1,1,566,0,0
https://openalex.org/I4210163987,Department of Social Services,True,1468,4,3,1266;1468;1830,0,0
https://openalex.org/I4210163995,Lego (Denmark),True,,1,0,,2,0
https://openalex.org/I4210164053,LifeBridge Health,True,7123,2,1,7123,0,0
https://openalex.org/I4210164084,Duoc UC,True,2072,1,1,2072,0,0
https://openalex.org/I4210164121,Shield Therapeutics (United Kingdom),True,5288,1,2,1479;5288,0,0
https://openalex.org/I4210164151,Prince William Sound Science Center,True,,1,0,,2,0
https://openalex.org/I4210164187,Observatoire des Sciences de l'Univers de la Réunion,True,468,1,1,468,0,0
https://openalex.org/I4210164195,Shanghai Institute of Pharmaceutical Industry,True,10097,1,1,10097,0,0
https://openalex.org/I4210164415,MAN (Germany),True,4736,1,2,4736;537,0,0
https://openalex.org/I4210164486,Royal Museums Greenwich,True,5288,2,1,5288,0,0
https://openalex.org/I4210164500,Magellium (France),True,2304,1,2,2304;4792,0,0
https://openalex.org/I4210164537,"Department of Energy, Engineering, Mechanics and Control Processes",True,2262,21,10,2262;4829;4854;5654;5864;5972;6179;6191;6423;750,0,0
https://openalex.org/I4210164554,Miami VA Healthcare System,True,6442,1,1,6442,0,0
https://openalex.org/I4210164580,National Astronomical Observatories,True,7704,4,5,2293;7076;7704;8510;9701,0,0
https://openalex.org/I4210164613,National Assembly,True,94,1,1,94,0,0
https://openalex.org/I4210164643,Becton Dickinson (United Kingdom),True,4792,1,2,4792;5288,0,0
https://openalex.org/I4210164740,"Czech Academy of Sciences, Biology Centre",True,678,7,2,535;678,0,0
https://openalex.org/I4210164742,Newron Pharmaceuticals (Italy),True,1600,2,3,1445;1600;7244,0,0
https://openalex.org/I4210164766,Department of Science and Technology,True,2845,7,1,2845,0,0
https://openalex.org/I4210164769,Lewisham and Greenwich NHS Trust,True,5288,2,1,5288,0,0
https://openalex.org/I4210164774,DXC Technology (United States),True,7068,4,4,1479;4736;537;7068,0,0
https://openalex.org/I4210164788,Evolva (Switzerland),True,935,2,3,537;935;9850,0,0
https://openalex.org/I4210164791,Nortek (United States),True,7312,2,2,3799;7312,1,0
https://openalex.org/I4210164802,Mila - Quebec Artificial Intelligence Institute,True,3485,1,1,3485,0,0
https://openalex.org/I4210164847,Hôpital Paul-Brousse,True,2702,2,1,2702,0,0
https://openalex.org/I4210164885,École nationale supérieure des sciences de l'information et des bibliothèques,True,3718,3,1,3718,0,0
https://openalex.org/I4210164890,Eulji Medical Center,True,94,4,2,1782;94,0,0
https://openalex.org/I4210164926,Sekisui Chemical (Japan),True,3956,2,2,3956;5129,0,0
https://openalex.org/I4210164930,Race Forward,True,7244,1,1,7244,0,0
https://openalex.org/I4210164937,Microsoft Research (United Kingdom),True,5550,1,2,2891;5550,0,0
https://openalex.org/I4210164973,Government Communications Headquarters,True,3586,1,2,3586;5087,0,0
https://openalex.org/I4210164998,Danish Ministry of Health,True,537,1,1,537,0,0
https://openalex.org/I4210165014,Polytechnic Institute of Portalegre,True,,3,0,,4,0
https://openalex.org/I4210165018,Direção Geral do Património Cultural,True,310,1,1,310,1,0
https://openalex.org/I4210165021,Shofu (Japan),True,3956,1,2,3956;5129,0,0
https://openalex.org/I4210165038,University of Chinese Academy of Sciences,True,7704,3,2,10282;7704,0,0
https://openalex.org/I4210165043,ABB (Norway),True,596,1,2,298;596,0,0
https://openalex.org/I4210165108,Ministry of the Environment and Water Resources,True,154,2,1,154,0,0
https://openalex.org/I4210165112,Leo Pharma (Denmark),True,537,5,5,2355;3093;415;537;7244,1,0
https://openalex.org/I4210165170,Ministry of Health,True,1338,2,1,1338,0,0
https://openalex.org/I4210165176,Tantalus Systems (Canada),True,,1,1,6942,1,0
https://openalex.org/I4210165192,Smilow Cancer Hospital,True,7277,1,1,7277,0,0
https://openalex.org/I4210165232,Institut de Recherche sur les Lois Fondamentales de l'Univers,True,2702,6,1,2702,0,0
https://openalex.org/I4210165236,VA Heartland Network,True,5961,8,3,5791;5961;6192,3,0
https://openalex.org/I4210165260,Mercy Health,True,7014,11,6,6630;6790;6845;6917;6972;7014,2,0
https://openalex.org/I4210165261,Hospital Dr. Nélio Mendonça,True,143,1,1,143,0,0
https://openalex.org/I4210165303,Safran (France),True,2702,12,12,1397;154;1656;2304;2702;3300;3558;3586;3718;3793;6567;7068,0,0
https://openalex.org/I4210165305,ATS Automation Tooling Systems (Canada),True,2360,1,2,2360;6851,0,0
https://openalex.org/I4210165328,Parkinson's Foundation,True,7244,1,2,6442;7244,0,0
https://openalex.org/I4210165356,AstraZeneca (Portugal),True,310,1,1,310,0,0
https://openalex.org/I4210165381,Manz (Germany),True,3869,1,2,3157;3869,0,0
https://openalex.org/I4210165384,Vaisala (Finland),True,687,1,2,5332;687,0,0
https://openalex.org/I4210165410,Azienda Ospedaliera Universitaria Pisana,True,2647,1,1,2647,0,0
https://openalex.org/I4210165429,Komet Group (Germany),True,3580,1,2,3580;8,0,0
https://openalex.org/I4210165442,Sirtex (Australia),True,1830,1,2,1064;1830,0,0
https://openalex.org/I4210165448,Agricultural Research Center,True,3981,1,1,3981,0,0
https://openalex.org/I4210165456,Shanghai Municipal People's Government,True,10097,8,1,10097,0,0
https://openalex.org/I4210165463,Aena,True,3147,1,1,3147,0,0
https://openalex.org/I4210165484,CHA University Gangnam Medical Center,True,94,1,1,94,0,0
https://openalex.org/I4210165492,Samaritan Health Services,True,,5,0,,6,0
https://openalex.org/I4210165559,Institute of Soil Science,True,9701,1,1,9701,0,0
https://openalex.org/I4210165628,Ultra Electronics (United Kingdom),True,5288,2,3,3865;5288;7068,0,0
https://openalex.org/I4210165638,SUSS MicroTec (Germany),True,4736,1,1,4736,1,0
https://openalex.org/I4210165649,China Coal Research Institute (China),True,7704,1,1,7704,0,0
https://openalex.org/I4210165650,Medac (Germany),True,3793,1,2,310;3793,0,0
https://openalex.org/I4210165651,Evestra (United States),True,5229,1,2,4946;5229,0,0
https://openalex.org/I4210165673,Cook County Health and Hospitals System,True,6654,1,1,6654,0,0
https://openalex.org/I4210165725,Serviço Nacional de Aprendizagem Comercial,True,6567,1,2,5593;6567,0,0
https://openalex.org/I4210165730,Bavarian Natural History Collections,True,4736,2,1,4736,0,0
https://openalex.org/I4210165741,"Çevre, Şehircilik ve İklim Değişikliği Bakanlığı",True,3650,1,1,3650,0,0
https://openalex.org/I4210165805,Plastic Omnium (France),True,2702,1,2,1269;2702,0,0
https://openalex.org/I4210165836,Brooks Automation (United States),True,7362,1,2,4618;7362,0,0
https://openalex.org/I4210165917,Universidad de Sotavento,True,6091,1,2,6018;6091,0,0
https://openalex.org/I4210166035,Department of Primary Industry and Resources,True,,1,0,,2,0
https://openalex.org/I4210166036,Instituto de Investigación Sanitaria La Fe,True,4156,1,1,4156,0,0
https://openalex.org/I4210166069,Federal Ministry of Health,True,1064,1,1,1064,0,0
https://openalex.org/I4210166072,South Eastern Health and Social Care Trust,True,242,1,1,242,0,0
https://openalex.org/I4210166088,San Mateo County Health System,True,1255,1,1,1255,0,0
https://openalex.org/I4210166163,Maaslandziekenhuis,True,2593,2,2,2593;2901,0,0
https://openalex.org/I4210166218,Danish Ministry of Environment and Food,True,537,1,1,537,0,0
https://openalex.org/I4210166221,Myriad Genetics,True,4881,1,2,4736;4881,0,0
https://openalex.org/I4210166252,Chemistry Industry Association of Canada,True,3343,1,2,2626;3343,0,0
https://openalex.org/I4210166358,Ministry of Higher Education and Scientific Research,True,1545,7,2,1545;2408,3,0
https://openalex.org/I4210166371,"Czech Academy of Sciences, Institute of Physiology",True,535,1,1,535,0,0
https://openalex.org/I4210166394,"Consejo Nacional de Ciencia, Tecnología e Innovación Tecnológica",True,2327,1,1,2327,0,0
https://openalex.org/I4210166400,Bayer (France),True,3718,1,1,3718,0,0
https://openalex.org/I4210166408,Mann+Hummel (Germany),True,3580,1,2,3580;6875,0,0
https://openalex.org/I4210166427,Hospital District of Helsinki and Uusimaa,True,687,9,1,687,0,0
https://openalex.org/I4210166444,Institut de Recherche pour le Développement,True,3911,105,22,126;153;1545;1657;1834;209;2233;2304;2431;2702;3353;3541;3759;3911;3948;3984;4124;4215;4426;468;58;811,5,0
https://openalex.org/I4210166450,Alcen (France),True,2702,1,2,2702;3541,0,0
https://openalex.org/I4210166494,Baudirektion Kanton Zürich,True,1479,1,1,1479,0,0
https://openalex.org/I4210166512,Central Research Institute for Machine Building,True,2262,1,1,2262,0,0
https://openalex.org/I4210166566,Preferred Networks (Japan),True,5129,1,1,5129,0,0
https://openalex.org/I4210166572,Isra Vision (Germany),True,536,1,2,44;536,0,0
https://openalex.org/I4210166592,Postnova Analytics (Germany),True,,1,1,4881,1,0
https://openalex.org/I4210166609,National University of Avellaneda,True,3136,1,1,3136,0,0
https://openalex.org/I4210166635,Daughters of Charity Health System,True,1255,2,2,1255;1642,0,0
https://openalex.org/I4210166697,United States Army Combined Arms Center,True,5961,1,2,5229;5961,0,0
https://openalex.org/I4210166702,Chiba Prefectural Government,True,5129,1,1,5129,0,0
https://openalex.org/I4210166733,New Hampshire Department of Health and Human Services,True,7367,1,1,7367,0,0
https://openalex.org/I4210166741,University of Klagenfurt,True,511,1,2,511;790,0,0
https://openalex.org/I4210166758,Bradford Teaching Hospitals NHS Foundation Trust,True,4159,4,1,4159,0,0
https://openalex.org/I4210166761,National Diet Library,True,5129,1,1,5129,0,0
https://openalex.org/I4210166818,University Hospitals Plymouth NHS Trust,True,825,4,2,3304;825,1,0
https://openalex.org/I4210166867,National Institutes of Applied Research,True,1141,2,2,1141;491,0,0
https://openalex.org/I4210166913,Ineos (United Kingdom),True,5288,5,5,1160;215;5288;536;6790,1,0
https://openalex.org/I4210166914,École Nationale des Travaux Publics de l'État,True,3718,6,1,3718,0,0
https://openalex.org/I4210166979,Ministério da Defesa Nacional,True,310,1,1,310,0,0
https://openalex.org/I4210167048,Hallym University Medical Center,True,94,4,2,573;94,0,0
https://openalex.org/I4210167058,Children's Health Queensland Hospital and Health Service,True,2355,2,1,2355,1,0
https://openalex.org/I4210167080,International House,True,310,5,4,1003;1118;1228;310,2,0
https://openalex.org/I4210167100,Fondazione Piemontese per la Ricerca sul Cancro Onlus,True,85,1,1,85,0,0
https://openalex.org/I4210167103,National Telecommunications Regulatory Agency,True,2317,1,1,2317,0,0
https://openalex.org/I4210167107,European Genomic Institute for Diabetes,True,3200,2,1,3200,0,0
https://openalex.org/I4210167111,GfK (Germany),True,4454,2,3,1255;4454;535,0,0
https://openalex.org/I4210167168,Department of Agricultural Sciences,True,2262,30,12,2040;2262;2400;3326;4139;4207;4937;6167;6441;6459;6468;750,4,0
https://openalex.org/I4210167175,Kettering General Hospital NHS Trust,True,5236,1,1,5236,0,0
https://openalex.org/I4210167194,Asan Foundation,True,94,8,2,1947;94,5,0
https://openalex.org/I4210167273,Infrared Processing and Analysis Center,True,1642,1,1,1642,0,0
https://openalex.org/I4210167287,Actuant (United States),True,6769,1,2,1242;6769,0,0
https://openalex.org/I4210167300,Centre des Sciences du Goût et de l'Alimentation,True,3798,1,1,3798,0,0
https://openalex.org/I4210167311,Institute of Zoology,True,7704,4,1,7704,0,0
https://openalex.org/I4210167360,Tsubakimoto Chain (Japan),True,3956,1,1,3956,0,0
https://openalex.org/I42131985,National Health and Medical Research Council,True,1468,1,2,1468;1830,0,0
https://openalex.org/I42405503,Gifu University,True,4532,1,1,4532,0,0
https://openalex.org/I42934936,Dublin City University,True,415,2,1,415,0,0
https://openalex.org/I43275575,Vestas (Denmark),True,229,2,2,229;2659,1,0
https://openalex.org/I43406934,Université Laval,True,3789,10,1,3789,1,0
https://openalex.org/I43439940,University of Southampton,True,4867,4,2,2524;4867,0,0
https://openalex.org/I43591049,PerkinElmer (United States),True,7347,13,13,154;3116;3672;415;44;4736;4792;5288;5332;5550;56;7347;7372,0,0
https://openalex.org/I43695068,Kemira (Finland),True,687,2,3,375;536;687,0,0
https://openalex.org/I4387152098,Ministry of Science and ICT,True,1604,42,11,1206;1287;1604;1782;2098;2246;2453;2775;2835;9099;94,1,0
https://openalex.org/I4387152116,GÉANT,True,1427,2,2,1427;5550,0,0
https://openalex.org/I4387152129,Universidad Autónoma de Encarnación,True,1229,1,1,1229,0,0
https://openalex.org/I4387152178,Federal Ministry of Petroleum Resources,True,6502,1,1,6502,0,0
https://openalex.org/I4387152222,Tennessee Department of Environment and Conservation,True,6350,1,2,6350;6685,0,0
https://openalex.org/I4387152226,Hungarian Research Network,True,964,28,2,1404;964,1,0
https://openalex.org/I4387152232,Passages,True,1397,1,1,1397,0,0
https://openalex.org/I4387152252,Xiamen Medical College,True,10286,1,1,10286,0,0
https://openalex.org/I4387152332,National Academy of Legal Sciences of Ukraine,True,3818,4,2,2203;3818,0,0
https://openalex.org/I4387152376,Max Planck Institute for Neurobiology of Behavior – caesar,True,1064,1,1,1064,0,0
https://openalex.org/I4387152418,"Saudi Standards, Metrology and Quality Organization",True,3327,1,1,3327,0,0
https://openalex.org/I4387152425,"Hospitaller Order of St. John of God, Austrian Province",True,790,2,2,361;790,0,0
https://openalex.org/I4387152452,Empenn,True,824,1,1,824,1,0
https://openalex.org/I4387152468,Infocomm Media Development Authority,True,154,2,1,154,0,0
https://openalex.org/I4387152517,Instituto Superior Técnico,True,310,2,1,310,0,0
https://openalex.org/I4387152528,Clermont School of Business,True,3353,1,1,3353,0,0
https://openalex.org/I4387152581,"Ministry of Science, Technology, Knowledge and Innovation",True,2072,2,1,2072,0,0
https://openalex.org/I4387152652,Institut Terre & Environnement de Strasbourg,True,4558,1,1,4558,0,0
https://openalex.org/I4387152658,Molecular Devices,True,1255,1,2,1255;5125,0,0
https://openalex.org/I4387152675,Rheinland-Pfälzische Technische Universität Kaiserslautern-Landau,True,,3,1,2079,2,0
https://openalex.org/I4387152681,Osservatorio di Astrofisica e Scienza dello Spazio,True,3157,2,1,3157,0,0
https://openalex.org/I4387152698,Atlantic Technological University,True,,3,1,80,3,0
https://openalex.org/I4387152728,Institut national supérieur de formation et de recherche pour l'éducation inclusive,True,2702,1,1,2702,1,0
https://openalex.org/I4387152804,Technological University of the Shannon: Midlands Midwest,True,,2,0,,3,0
https://openalex.org/I4387152812,Advanced Cyberinfrastructure Coordination Ecosystem: Services & Support,True,7068,2,3,2204;6541;7068,0,0
https://openalex.org/I4387152856,Laboratoire Interdisciplinaire des Sciences du Numérique,True,2702,4,1,2702,0,0
https://openalex.org/I4387152867,EarthScope Consortium,True,7068,6,3,2204;5332;7068,0,0
https://openalex.org/I4387152882,Te Pūkenga,True,737,16,7,1109;133;300;454;598;737;869,6,0
https://openalex.org/I4387152914,"Ministerio de Ciencia, Innovación y Universidades",True,3147,27,3,3147;3793;4523,1,0
https://openalex.org/I4387152954,Ministry of Culture and Tourism,True,3650,1,1,3650,0,0
https://openalex.org/I4387152969,Bundeswehr,True,4946,14,6,1064;1761;1846;3793;4736;4946,2,0
https://openalex.org/I4387152983,Osaka Metropolitan University,True,3956,3,1,3956,0,0
https://openalex.org/I4387153009,Nationale Forschungsdateninfrastruktur,True,2988,2,2,2988;4946,0,0
https://openalex.org/I4387153010,Télécom SudParis,True,2702,1,1,2702,0,0
https://openalex.org/I4387153040,CERCA Institution,True,4523,50,4,4291;4358;4523;4621,1,0
https://openalex.org/I4387153071,"Bayerisches Staatsministerium für Familie, Arbeit und Soziales",True,4736,1,2,4421;4736,0,0
https://openalex.org/I4387153165,"University of Science and Technology, Sana’a",True,1036,1,2,1036;350,0,0
https://openalex.org/I4387153212,Sikt – Norwegian Agency for Shared Services in Education and Research,True,452,2,2,131;452,0,0
https://openalex.org/I4387153239,"Centre de Recherche en Informatique, Signal et Automatique de Lille",True,3200,2,1,3200,0,0
https://openalex.org/I4387153264,Société Mathématique de France,True,2702,1,2,2702;3911,0,0
https://openalex.org/I4387153267,Instituto Nacional de Innovación Agraria,True,2327,1,2,2327;2903,0,0
https://openalex.org/I4387153288,Dulaty University,True,2314,2,1,2314,0,0
https://openalex.org/I4387153312,INGV Sezione di Roma 1,True,3881,1,1,3881,0,0
https://openalex.org/I4387153326,Institut Mines-Télécom Business School,True,2702,1,1,2702,0,0
https://openalex.org/I4387153410,Sciences Po Rennes,True,824,1,1,824,0,0
https://openalex.org/I4387153455,Kanton Aargau,True,,1,1,935,1,0
https://openalex.org/I4387153459,Viatris,True,7020,9,9,1266;1445;1479;1600;3297;3337;5288;7020;9045,0,0
https://openalex.org/I4387153462,Observatoire des Sciences de l'Univers Nantes Atlantique,True,954,1,1,954,0,0
https://openalex.org/I4387153463,École nationale supérieure d'architecture de Marseille,True,3911,1,1,3911,0,0
https://openalex.org/I4387153466,Weill Cornell Medicine,True,7244,1,1,7244,0,0
https://openalex.org/I4387153491,Établissement public Campus Condorcet,True,2702,1,1,2702,0,0
https://openalex.org/I4387153570,Common Language Resources and Technology Infrastructure,True,1793,1,2,164;1793,0,0
https://openalex.org/I4387153602,Ara Parseghian Medical Research Fund,True,6821,1,2,4278;6821,0,0
https://openalex.org/I4387153642,Max Planck Institute for Biological Intelligence,True,4736,2,1,4736,1,0
https://openalex.org/I4387153646,BGI Research,True,9725,2,3,8989;9473;9725,0,0
https://openalex.org/I4387153659,Droit International Comparé et Européen,True,3948,1,2,1589;3948,0,0
https://openalex.org/I4387153691,Black Country Healthcare NHS Foundation Trust,True,3799,2,1,3799,0,0
https://openalex.org/I4387153737,Minerals Research Institute of Western Australia,True,360,1,1,360,0,0
https://openalex.org/I4387153808,Lueji A'Nkonde University,True,3571,1,2,3480;3571,0,0
https://openalex.org/I4387153861,NOAA Office of Science Support,True,7068,1,1,7068,0,0
https://openalex.org/I4387153917,Recherches en Psychopathologie et Psychanalyse,True,824,1,2,2010;824,0,0
https://openalex.org/I4387153947,MARE - Centro de Ciências do Mar e do Ambiente,True,1118,1,2,1118;143,0,0
https://openalex.org/I4387153960,ELIXIR,True,5550,2,3,1242;2818;5550,0,0
https://openalex.org/I4387154042,European Mathematical Society,True,687,1,2,4946;687,0,0
https://openalex.org/I4387154046,Institut supérieur de l'automobile et des transports,True,,1,0,,2,0
https://openalex.org/I4387154049,Phenomics Australia,True,1468,2,2,1266;1468,0,0
https://openalex.org/I4387154063,Niedersächsische Staats-und Universitätsbibliothek Göttingen,True,4083,1,1,4083,0,0
https://openalex.org/I4387154096,Instituto Marangoni,True,1600,1,2,1600;5288,0,0
https://openalex.org/I4387154098,INSA Hauts-de-France,True,3400,2,2,3200;3400,0,0
https://openalex.org/I4387154109,Hawaii Pacific Health,True,182,1,1,182,0,0
https://openalex.org/I4387154144,National Research and Innovation Agency,True,4897,20,3,4897;5918;6401,0,0
https://openalex.org/I4387154156,NHL Stenden University of Applied Sciences,True,2393,2,1,2393,0,0
https://openalex.org/I4387154178,Acides nucléiques: Régulations naturelles et artificielles,True,1397,1,1,1397,0,0
https://openalex.org/I4387154180,Levvel,True,1427,1,1,1427,0,0
https://openalex.org/I4387154200,Sankalchand Patel University,True,5785,1,1,5785,0,0
https://openalex.org/I4387154222,Vysočina Region,True,,1,0,,2,0
https://openalex.org/I4387154249,Clermont Auvergne INP,True,3353,3,1,3353,0,0
https://openalex.org/I4387154308,Centre de Recherche Épidémiologie et Statistique,True,2702,1,1,2702,0,0
https://openalex.org/I4387154326,Vingroup (Vietnam),True,2207,11,7,2207;3569;3745;4545;5038;5080;5706,1,0
https://openalex.org/I4387154366,Université Paris Diderot,True,2702,3,1,2702,0,0
https://openalex.org/I4387154388,Institut Regional du Cancer de Montpellier,True,3541,1,1,3541,0,0
https://openalex.org/I4387154391,Observatoire des Sciences de l'Univers de Grenoble,True,3984,9,2,3984;4124,2,0
https://openalex.org/I4387154394,National Kaohsiung University of Science and Technology,True,1897,3,1,1897,0,0
https://openalex.org/I4387154400,Theologische Fakultät Trier,True,945,1,1,945,0,0
https://openalex.org/I4387154425,GeoSphere Austria,True,790,2,1,790,0,0
https://openalex.org/I4387154437,"HIPI -  Immunologie humaine, physiopathologie et immunithérapie",True,2702,1,1,2702,0,0
https://openalex.org/I4387154456,Office Français de la Biodiversité,True,2702,1,1,2702,0,0
https://openalex.org/I4387154457,"Department of Tourism, Culture, Arts and Recreation",True,3902,1,1,3902,0,0
https://openalex.org/I4387154470,Kashim Ibrahim University,True,7524,1,1,7524,0,0
https://openalex.org/I4387154499,Pan-African University,True,2295,3,3,2295;2526;539,0,0
https://openalex.org/I4387154533,"Instituto Portugues do Sangue e da Transplantacao, IP",True,310,1,1,310,0,0
https://openalex.org/I4387154537,"Department of Agriculture, Fisheries and Forestry",True,1468,1,2,1468;510,0,0
https://openalex.org/I4387154574,Research Centre of the Slovenian Academy of Sciences and Arts,True,164,18,1,164,1,0
https://openalex.org/I4387154586,Ukrainian State University of Science and Technologies,True,3608,5,1,3608,0,0
https://openalex.org/I4387154595,University of California Office of the President,True,1255,2,2,1255;3282,0,0
https://openalex.org/I4387154617,École & Observatoire des Sciences de la Terre,True,4558,2,1,4558,0,0
https://openalex.org/I4387154668,Zlín Region,True,,1,0,,2,0
https://openalex.org/I4387154672,Laboratoire Méthodes Formelles,True,2702,3,1,2702,0,0
https://openalex.org/I4387154714,Max Planck Institute for Multidisciplinary Sciences,True,4083,2,1,4083,0,0
https://openalex.org/I4387154748,Vienna BioCenter Core Facilities,True,790,1,1,790,0,0
https://openalex.org/I4387154750,Centre de RMN à Très Hauts Champs de Lyon,True,3718,1,1,3718,0,0
https://openalex.org/I4387154752,ESIEE Paris,True,2702,1,1,2702,0,0
https://openalex.org/I4387154902,Generaldirektion Wasserstraßen und Schifffahrt,True,1064,25,13,1064;1846;2877;2988;3490;3580;3667;3942;4221;4553;4946;4996;536,10,0
https://openalex.org/I4387154912,United Technologies (United States),True,7302,3,4,3485;4946;5288;7302,0,0
https://openalex.org/I4387154949,Government of Yukon,True,,1,0,,2,0
https://openalex.org/I4387154972,Philippine Science High School System,True,2845,1,2,2845;4802,0,0
https://openalex.org/I4387155012,Guilin Municipal People's Government,True,8891,1,1,8891,0,0
https://openalex.org/I4387155041,University Hospitals Dorset NHS Foundation Trust,True,3912,5,1,3912,0,0
https://openalex.org/I4387155102,Earth and Planets Laboratory,True,7068,2,1,7068,0,0
https://openalex.org/I4387155153,"Department of Environment, Parks and Water Security",True,,1,0,,2,0
https://openalex.org/I4387155157,Al Rayyan International University College,True,146,1,1,146,0,0
https://openalex.org/I4387155162,Ufa University of Science and Technology,True,5864,2,1,5864,0,0
https://openalex.org/I4387155174,Japan Coast Guard,True,5129,1,2,2833;5129,0,0
https://openalex.org/I4387155179,Government of Shandong Province,True,8476,2,2,8476;8626,0,0
https://openalex.org/I4387155194,Soutenabilité et Résilence,True,2702,1,1,2702,0,0
https://openalex.org/I4387155200,Usti Region,True,227,1,1,227,0,0
https://openalex.org/I4387155203,Poltava State Medical University,True,3426,1,1,3426,0,0
https://openalex.org/I4387155216,National Telecommunications and Information Administration,True,7068,1,2,5332;7068,0,0
https://openalex.org/I4387155299,Institute for Cosmic Ray Research,True,5129,3,2,1642;5129,2,0
https://openalex.org/I4387155301,National Standardization Agency of Indonesia,True,4897,1,1,4897,1,0
https://openalex.org/I4387155306,"Laboratoire de Probabilités, Statistique et Modélisation",True,2702,2,1,2702,0,0
https://openalex.org/I4387155345,Pardubice Region,True,944,1,1,944,0,0
https://openalex.org/I4387155369,"Institutul National de Cercetari Economice ""Costin C. Kiritescu""",True,2114,1,1,2114,0,0
https://openalex.org/I4387155385,Inland Fisheries Ireland,True,415,1,1,415,0,0
https://openalex.org/I4387155409,Thailand Science Research and Innovation,True,1894,1,1,1894,0,0
https://openalex.org/I4387155440,Perth Children's Hospital,True,360,1,1,360,0,0
https://openalex.org/I4387155454,Astex Pharmaceuticals,True,1980,1,1,1980,0,0
https://openalex.org/I4387155458,Centre de Génétique Médicale de Marseille,True,3911,1,1,3911,0,0
https://openalex.org/I4387155475,Colorado Department of Natural Resources,True,5332,1,1,5332,0,0
https://openalex.org/I4387155481,Danmarks Frie Forskningsfond,True,389,1,1,389,0,0
https://openalex.org/I4387155495,KAGRA,True,,1,1,1642,1,0
https://openalex.org/I4387155512,Institut de Physique des 2 Infinis de Lyon,True,3718,2,1,3718,0,0
https://openalex.org/I4387155555,Istituto di Informatica Giuridica e Sistemi Giudiziari,True,3106,2,2,3106;3157,0,0
https://openalex.org/I4387155560,Centro Nacional de Información de Ciencias Médicas,True,225,3,1,225,0,0
https://openalex.org/I4387155567,State Grid Hunan Electric Power Company Limited,True,9100,1,1,9100,0,0
https://openalex.org/I4387155568,Argentine-German Geodetic Observatory,True,4349,113,24,1467;1911;196;2065;2285;2489;2555;3032;3093;3187;3238;3289;3340;358;3701;3747;3786;4215;4349;4382;4514;4580;509;652,8,0
https://openalex.org/I4387155625,Liberec Region,True,814,1,1,814,0,0
https://openalex.org/I4387155629,Sciences Po Aix,True,3948,2,1,3948,0,0
https://openalex.org/I4387155652,ERN Board of Member States,True,1269,24,16,1269;1427;1793;2647;2659;2702;296;3041;3093;3147;3157;3718;3793;3869;4558;790,0,0
https://openalex.org/I4387155694,Fonds de recherche du Québec,True,3789,3,2,3485;3789,0,0
https://openalex.org/I4387155711,Sciences Po Grenoble,True,3984,2,1,3984,0,0
https://openalex.org/I4387155831,Levinsky-Wingate Academic College,True,419,2,2,419;705,0,0
https://openalex.org/I4387155832,Business Finland,True,687,1,1,687,0,0
https://openalex.org/I4387155898,Polar Knowledge Canada,True,3343,1,1,3343,0,0
https://openalex.org/I4387155962,Türkiye Enerji Nükleer ve Maden Araştırma Kurumu,True,3650,1,1,3650,0,0
https://openalex.org/I4387155966,"Department of Climate Change, Energy, the Environment and Water",True,1468,3,2,1468;2066,0,0
https://openalex.org/I4387155975,Ministerio de Asuntos Económicos y Transformación Digital,True,3147,1,1,3147,0,0
https://openalex.org/I4387156032,Royal Thai Army,True,1894,1,1,1894,0,0
https://openalex.org/I4387156036,Desktop Metal (United States),True,,1,0,,2,0
https://openalex.org/I4387156038,University College Prague,True,535,2,1,535,0,0
https://openalex.org/I4387156076,Mandai Wildlife Group,True,154,1,1,154,0,0
https://openalex.org/I4387156119,"Department of Industry, Science and Resources",True,1468,49,8,1266;1468;1830;2355;360;510;789;920,0,0
https://openalex.org/I4387156182,Observatoire Terre et environnement de Lorraine,True,4192,3,1,4192,0,0
https://openalex.org/I4387156201,Long Term Ecological Research Network,True,639,27,9,2204;308;4211;4609;639;6433;6442;6678;6875,17,0
https://openalex.org/I4387156223,GW4,True,3099,1,1,3099,0,0
https://openalex.org/I4387156255,Immunologie - Immunopathologie - Immunothérapie,True,2702,1,1,2702,0,0
https://openalex.org/I4387156273,"Department of Mines, Industry Regulation and Safety",True,360,2,1,360,0,0
https://openalex.org/I4387156274,PetroChina Southwest Oil and Gas Field Company (China),True,5723,1,1,5723,0,0
https://openalex.org/I4387156282,aixACCT Systems (Germany),True,44,1,2,44;6433,0,0
https://openalex.org/I4387156285,Institut Denis Poisson,True,2639,2,2,2085;2639,0,0
https://openalex.org/I4387156335,Global Health and Education Projects,True,7123,1,2,7068;7123,0,0
https://openalex.org/I4387156359,South East Technological University,True,,3,0,,4,0
https://openalex.org/I4387156395,Observatoire des Sciences de l'Environnement de Rennes,True,824,3,1,824,0,0
https://openalex.org/I4387156434,European Multidisciplinary Seafloor and water column Observatory,True,3881,1,2,3881;58,0,0
https://openalex.org/I4387930199,NOAA Office of Chief Operating Officer,True,7068,6,7,182;4806;4881;5332;5543;7068;7244,0,0
https://openalex.org/I4387930201,UT Health Austin,True,5349,2,1,5349,0,0
https://openalex.org/I4387930216,NOAA National Marine Fisheries Service Office of Science and Technology,True,7068,1,1,7068,0,0
https://openalex.org/I4387930226,NOAA Integrated Ocean Observing System,True,7068,1,1,7068,1,0
https://openalex.org/I4387930232,Health & Hospital Corporation of Marion County,True,6720,3,1,6720,0,0
https://openalex.org/I4387930248,Environmental Science Services Administration,True,7068,1,1,7068,0,0
https://openalex.org/I4387930253,"Catalyse, Polymérisation, Procédés et Matériaux",True,3718,2,1,3718,0,0
https://openalex.org/I4387930265,NOAA Tropical Analysis and Forecast Branch,True,6442,1,1,6442,0,0
https://openalex.org/I4387930268,CESAME-EXADEBIT (France),True,2010,1,2,2010;2702,0,0
https://openalex.org/I4387930283,Eskenazi Health,True,6720,1,1,6720,0,0
https://openalex.org/I4387930289,NOAA Ocean Prediction Center,True,7068,1,1,7068,0,0
https://openalex.org/I4387930291,Mukhametzhan Tynyshbayev ALT University,True,2583,1,1,2583,0,0
https://openalex.org/I4387930296,Instituto Europeu de Estudos Superiores,True,,1,1,1228,1,0
https://openalex.org/I4387930297,Indonesian Agency for Agricultural Instruments Standardization,True,4897,1,1,4897,0,0
https://openalex.org/I4388446356,Aeres University of Applied Sciences,True,2324,2,1,2324,1,0
https://openalex.org/I4388446357,KITE Research Institute,True,2626,1,1,2626,0,0
https://openalex.org/I4388446364,East Metropolitan Health Service,True,360,7,1,360,0,0
https://openalex.org/I4388446366,Indiana University Indianapolis,True,6720,8,2,6720;6797,1,0
https://openalex.org/I4388446375,South Metropolitan Health Service,True,360,9,3,198;360;7,1,0
https://openalex.org/I4388446384,4TU,True,296,1,1,296,0,0
https://openalex.org/I4388446386,Krembil Research Institute,True,2626,2,1,2626,0,0
https://openalex.org/I4388446397,Centre d'études sud-asiatiques et himalayennes,True,2702,1,1,2702,0,0
https://openalex.org/I4388446407,Grampians Health,True,1043,1,1,1043,0,0
https://openalex.org/I4388446414,Fédération de recherche Matière et Interactions,True,2304,1,1,2304,0,0
https://openalex.org/I4388482654,United States Army Test and Evaluation Command,True,,9,1,6248,9,0
https://openalex.org/I4388482668,Naval Facilities Engineering and Expeditionary Warfare Center,True,1031,1,1,1031,0,0
https://openalex.org/I4388482672,United States Space Force,True,7068,13,4,1642;5315;5332;7068,3,0
https://openalex.org/I4388482678,"State Secretariat for Education, Research and Innovation",True,805,2,2,3793;805,1,0
https://openalex.org/I4388482691,Loral Space & Communications (United States),True,7244,2,2,6948;7244,0,0
https://openalex.org/I4388482699,Rockingham Peel Group,True,198,3,2,198;7,0,0
https://openalex.org/I4388482702,Secretaría de la Defensa Nacional,True,5006,1,2,2837;5006,0,0
https://openalex.org/I4388482742,Fiona Stanley Fremantle Hospitals Group,True,360,3,1,360,1,0
https://openalex.org/I4388891786,Resonac (Japan),True,5129,2,1,5129,0,0
https://openalex.org/I4388891808,"Ministerio de Ciencia, Tecnología e Innovación",True,4048,1,1,4048,0,0
https://openalex.org/I4388891860,World Climate Research Programme,True,29,2,3,29;3793;4792,0,0
https://openalex.org/I4388891895,Department of Education,True,1468,1,2,1468;1830,0,0
https://openalex.org/I4389425228,Akhmet Baitursynuly Kostanay Regional University,True,973,2,1,973,0,0
https://openalex.org/I4389425234,Institut de la Mer de Villefranche,True,4426,2,1,4426,0,0
https://openalex.org/I4389425235,"Office of Environment, Health, Safety and Security",True,7068,5,1,7068,0,0
https://openalex.org/I4389425258,"Rome et ses renaissances : arts, archéologie, littérature et philosophie",True,2702,1,1,2702,0,0
https://openalex.org/I4389425260,Spent Fuel and Waste Disposition,True,7068,2,1,7068,0,0
https://openalex.org/I4389425267,Office of Security,True,7068,1,1,7068,0,0
https://openalex.org/I4389425278,Office of Defense Nuclear Nonproliferation,True,7068,1,1,7068,0,0
https://openalex.org/I4389425283,State of California,True,3652,15,2,2204;3652,0,0
https://openalex.org/I4389425307,"Laboratoire Instrumentation, Simulation et Informatique Scientifique",True,2702,1,2,2702;3200,0,0
https://openalex.org/I4389425333,Advanced Materials and Manufacturing Technologies Office,True,7068,1,1,7068,0,0
https://openalex.org/I4389425334,Taylor and Francis (United Kingdom),True,4792,1,1,4792,0,0
https://openalex.org/I4389425340,UL Solutions (United States),True,6654,1,2,3093;6654,0,0
https://openalex.org/I4389425355,"Sciences, Normes, Démocratie",True,2702,1,1,2702,0,0
https://openalex.org/I4389425360,Office of Renewable Energy,True,7068,2,1,7068,0,0
https://openalex.org/I4389425361,Centre d'Acquisition et de Traitement des Images,True,2702,1,1,2702,0,0
https://openalex.org/I4389425403,Production et analyse de données en sciences de la vie et en santé,True,2702,2,1,2702,0,0
https://openalex.org/I4389425415,Office of Fossil Energy and Carbon Management,True,7068,2,1,7068,0,0
https://openalex.org/I4389425425,U.S. Air Force Materiel Command,True,6845,28,9,4914;5229;5705;6083;6845;6990;7068;7267;7347,1,0
https://openalex.org/I4389425427,U.S. Army Training and Doctrine Command,True,7050,12,6,5229;5559;5961;6281;7032;7050,3,0
https://openalex.org/I4389425451,Naval Air Warfare Center Aircraft Division,True,,1,1,7165,1,0
https://openalex.org/I4389425455,"Office of Cybersecurity, Energy Security, and Emergency Response",True,7068,3,1,7068,0,0
https://openalex.org/I4389425498,Office of Electricity,True,7068,2,1,7068,0,0
https://openalex.org/I4389425507,ZERO Prostate Cancer,True,7068,1,2,6654;7068,0,0
https://openalex.org/I4389425512,Office of Carbon Management,True,7068,1,1,7068,0,0
https://openalex.org/I4390039241,The Ritsumeikan Trust,True,3956,2,2,2773;3956,0,0
https://openalex.org/I4390039250,UAB Medicine,True,6180,1,1,6180,0,0
https://openalex.org/I4390039271,OU Health,True,5705,1,1,5705,0,0
https://openalex.org/I4390039302,Rutgers Health,True,7244,2,1,7244,0,0
https://openalex.org/I4390039337,Dartmouth Health,True,,5,1,7357,4,0
https://openalex.org/I4390039338,Johns Hopkins University School of Advanced International Studies,True,7068,2,3,3157;7068;9701,0,0
https://openalex.org/I4391012549,St. Michael Medical Center in Silverdale,True,4510,1,1,4510,0,0
https://openalex.org/I4391012570,Bureau of Transportation Statistics,True,7068,1,1,7068,0,0
https://openalex.org/I4391012575,Office of the Assistant Secretary for Research and Technology,True,7068,2,1,7068,0,0
https://openalex.org/I4391012591,Labvantage - Biomax GmbH (Germany),True,4736,1,1,4736,0,0
https://openalex.org/I4391012598,Undersea Warfighting Development Center,True,,1,1,2204,1,0
https://openalex.org/I4391012617,United States Fleet Forces Command,True,7050,2,1,7050,0,0
https://openalex.org/I4391012624,All World Certificación,True,4156,1,1,4156,0,0
https://openalex.org/I4391767653,Institute of Basic Medical Sciences of the Chinese Academy of Medical Sciences,True,7704,1,1,7704,0,0
https://openalex.org/I4391767654,State of Illinois,True,6341,3,1,6341,0,0
https://openalex.org/I4391767675,Climate Adaptation Science Centers,True,7068,10,9,182;4278;4510;5332;5705;6433;6942;7068;7307,1,0
https://openalex.org/I4391767782,"China Energy Science and Technology Research Institute Co., Ltd. (China)",True,9701,1,1,9701,0,0
https://openalex.org/I4391767850,"Samarkand State University of Veterinary Medicine, Livestock and Biotechnologies",True,1981,1,1,1981,0,0
https://openalex.org/I4391767868,Immuneering (United States),True,7347,1,2,1255;7347,0,0
https://openalex.org/I4391767879,Children’s Hospital Foundation of Manitoba,True,1837,1,1,1837,0,0
https://openalex.org/I4391767947,Macau University of Science and Technology Foundation,True,280,3,3,105;280;9716,0,0
https://openalex.org/I4391767950,Heliophysics Science Division,True,7068,4,1,7068,0,0
https://openalex.org/I4391767959,State of New Jersey,True,7165,1,1,7165,0,0
https://openalex.org/I4391767962,Deutsches Konsortium für Translationale Krebsforschung,True,3041,1,2,3041;4996,0,0
https://openalex.org/I4391767990,CELPHEDIA,True,4558,1,2,2702;4558,0,0
https://openalex.org/I4391768014,NIHR Maudsley Biomedical Research Centre,True,5288,1,1,5288,0,0
https://openalex.org/I4391768021,"Institute of Geology, China Earthquake Administration",True,7704,1,1,7704,0,0
https://openalex.org/I4391768141,Bureau of Medicine and Surgery,True,7068,9,8,2204;2327;3981;5229;6845;7050;7068;976,1,0
https://openalex.org/I4391768156,Beijing Building Materials Academy of Sciences and Research,True,7704,1,1,7704,0,0
https://openalex.org/I4391768165,Commonwealth of Massachusetts,True,7347,1,1,7347,0,0
https://openalex.org/I4391768212,Ontario Veterinary College,True,2560,1,1,2560,0,0
https://openalex.org/I4391768221,Bloomsbury Publishing (United Kingdom),True,5288,1,2,5288;7244,0,0
https://openalex.org/I4391768280,Central Plains Water Science Center,True,5925,1,2,5925;5937,0,0
https://openalex.org/I4391768287,China Railway First Survey and Design Institute Group Co. Ltd.,True,7094,1,1,7094,0,0
https://openalex.org/I4392021128,Fujian Provincial Department of Ecology and Environment,True,10328,2,1,10328,0,0
https://openalex.org/I4392021150,"Sinoma Science & Technology Co., Ltd. (China)",True,7704,1,1,7704,0,0
https://openalex.org/I4392021198,Center for Research in Transplantation and Translational Immunology,True,954,1,1,954,0,0
https://openalex.org/I4392021204,"NSW Department of Climate Change, Energy, the Environment and Water",True,1830,1,1,1830,0,0
https://openalex.org/I4392021207,Independent Authority for Public Revenue,True,959,1,1,959,0,0
https://openalex.org/I4392021227,Ministero dell'Istruzione e del Merito,True,3881,4,5,3106;3157;3881;4164;85,0,0
https://openalex.org/I4392021242,Volcano Science Center,True,4806,1,1,4806,1,0
https://openalex.org/I4392738059,Central Adelaide Local Health Network,True,789,2,1,789,0,0
https://openalex.org/I4392738062,Zentrum für Klinische Tiermedizin,True,4736,1,1,4736,0,0
https://openalex.org/I4392738121,"Ministerium für Klimaschutz, Landwirtschaft, ländliche Räume und Umwelt des Landes Mecklenburg-Vorpommern",True,,1,0,,2,0
https://openalex.org/I4392738143,Centre intégré universitaire de santé et de services sociaux de l'Est-de-l'Île-de-Montréal,True,3485,1,1,3485,0,0
https://openalex.org/I4392738148,University Hospitals Bristol and Weston NHS Foundation Trust,True,3099,2,2,2508;3099,0,0
https://openalex.org/I4392738160,Ministry of Science and Technology,True,5621,2,2,2034;5621,0,0
https://openalex.org/I4392738192,Hospital Universitario de Toledo,True,,1,0,,2,0
https://openalex.org/I4392738194,Wales Centre for Public Policy,True,2086,1,1,2086,0,0
https://openalex.org/I4392738223,Ministerio para la Transformación Digital y de la Función Pública,True,3147,2,1,3147,0,0
https://openalex.org/I4392738237,Cegid (France),True,3718,1,2,3147;3718,0,0
https://openalex.org/I4392738238,Commonwealth of Virginia,True,7032,2,2,7032;7068,0,0
https://openalex.org/I4392738255,DRACE GEOCISA S.A. (Spain),True,3147,1,1,3147,0,0
https://openalex.org/I4392738268,Centre intégré universitaire de santé et de services sociaux de la Capitale-Nationale,True,3789,2,1,3789,0,0
https://openalex.org/I4392738273,Corewell Health,True,6881,13,3,6869;6881;6948,2,0
https://openalex.org/I4392738275,Sistema Nacional de Salud,True,3147,1,1,3147,0,0
https://openalex.org/I4392738307,Cesefor,True,,1,1,2571,1,0
https://openalex.org/I4392738324,Centre intégré de santé et de services sociaux de la Montérégie-Centre,True,3485,1,1,3485,0,0
https://openalex.org/I4392738325,Grundfos Fond,True,,1,0,,2,0
https://openalex.org/I4394709087,People for the Ethical Treatment of Animals,True,7050,1,2,3580;7050,0,0
https://openalex.org/I4394709116,UNSW Canberra,True,1468,1,1,1468,0,0
https://openalex.org/I4394709170,Centre Inria de Lyon,True,3718,20,3,3628;3718;3984,0,0
https://openalex.org/I4394709176,Swiss Academies of Arts and Sciences,True,805,6,2,1479;805,0,0
https://openalex.org/I4394709185,Neuroscience et Psychiatrie Translationnelle de Strasbourg,True,4558,2,1,4558,0,0
https://openalex.org/I4394709220,Governo de Santa Catarina,True,6369,1,1,6369,1,0
https://openalex.org/I4394709246,Government of Punjab,True,6458,1,2,6153;6458,0,0
https://openalex.org/I4396570463,Aziende Socio Sanitarie Territoriale Nord Milano,True,1600,1,1,1600,0,0
https://openalex.org/I4396570559,Quantinuum (United Kingdom),True,5550,1,1,5550,0,0
https://openalex.org/I4396570600,New Zealand Defence Force,True,454,1,2,454;869,0,0
https://openalex.org/I4396570617,Chinese People's Armed Police Force,True,7704,1,2,7704;7912,0,0
https://openalex.org/I4396570618,NGIS (Australia),True,360,1,2,360;73,0,0
https://openalex.org/I4396570646,Sir Charles Gairdner Osborne Park Health Care Group,True,360,2,1,360,0,0
https://openalex.org/I4396570664,Landesregierung von Baden-Württemberg,True,3580,10,3,2435;2988;3580,1,0
https://openalex.org/I43980791,Clausthal University of Technology,True,,1,0,,2,0
https://openalex.org/I4399598358,United States Navy,True,7068,3,2,6022;7068,0,0
https://openalex.org/I4399598363,Ankara Bilkent City Hospital,True,3650,1,1,3650,0,0
https://openalex.org/I4399598373,Siemens Gamesa Renewable Energy (Spain),True,3539,1,1,3539,0,0
https://openalex.org/I4399598379,Plant Health Institute de Montpellier,True,3541,1,1,3541,0,0
https://openalex.org/I4399598394,Ministerio del Comercio Interior,True,225,1,1,225,0,0
https://openalex.org/I4399598408,ABSys,True,3541,1,1,3541,0,0
https://openalex.org/I4399598428,União das Faculdades Católicas de Mato Grosso,True,2219,3,1,2219,0,0
https://openalex.org/I4399598443,Institute of Intelligent Industrial Systems and Technologies for Advanced Manufacturing,True,1600,1,2,1600;5004,0,0
https://openalex.org/I4399598460,Unity Health Toronto,True,2626,2,1,2626,0,0
https://openalex.org/I4399598486,Ministry of Economy and Sustainable Development,True,410,1,1,410,0,0
https://openalex.org/I4399598490,Språkbanken,True,1242,3,3,1242;1445;165,0,0
https://openalex.org/I4399657933,L'Institut Agro,True,2702,50,6,1496;2702;3541;3798;398;824,0,0
https://openalex.org/I4399657934,Government of Seattle,True,4510,1,1,4510,0,0
https://openalex.org/I4399657971,"University of Media, Arts and Communication",True,2940,1,1,2940,0,0
https://openalex.org/I4399657972,Ministry of the Interior and Safety,True,1604,1,2,1415;1604,0,0
https://openalex.org/I4399657979,College of Regional Development and Banking Institute - AMBIS,True,535,3,1,535,0,0
https://openalex.org/I4400008936,Framatome (France),True,2702,1,2,2702;4454,0,0
https://openalex.org/I4400008965,Defense Center for Public Health - Aberdeen,True,,1,0,,2,0
https://openalex.org/I4400008981,Saudi Health Council,True,3327,1,1,3327,0,0
https://openalex.org/I4400009011,Paris-Saclay Applied Economics,True,2702,1,1,2702,0,0
https://openalex.org/I4400009020,Institute of Science Tokyo,True,5129,4,1,5129,0,0
https://openalex.org/I4400009038,NHS England,True,5288,1,2,4159;5288,0,0
https://openalex.org/I4400009051,Centre d'Anthropobiologie et de Génomique de Toulouse,True,2304,1,1,2304,0,0
https://openalex.org/I4400573232,"Foreign, Commonwealth & Development Office",True,5288,2,1,5288,0,0
https://openalex.org/I4400573291,Dayananda Sagar University,True,9099,2,1,9099,0,0
https://openalex.org/I4400600908,Rakon (New Zealand),True,869,1,2,2702;869,0,0
https://openalex.org/I4400600925,National Fire Agency,True,1604,2,3,1206;1604;94,0,0
https://openalex.org/I4400600934,ICN Business School,True,4192,1,2,4192;4946,0,0
https://openalex.org/I4401041612,Vermont State University,True,,3,0,,4,0
https://openalex.org/I4401041623,Tehran Heart Center,True,4686,1,1,4686,0,0
https://openalex.org/I4401200244,Fundação Minerva - Cultura - Ensino e Investigação Científica,True,310,9,2,1003;310,1,0
https://openalex.org/I4401200253,Instituto de Assistência Médica ao Servidor Público Estadual,True,6567,1,1,6567,0,0
https://openalex.org/I4401200292,Ministry of Science and Higher Education of the Republic of Kazakhstan,True,1510,7,2,1510;2583,0,0
https://openalex.org/I4401200307,Centre de Recherche sur la Biodiversité et l'Environnement,True,2304,2,1,2304,0,0
https://openalex.org/I4401200315,Fonna Hospital Trust,True,,1,0,,2,0
https://openalex.org/I4401200386,Cruz Vermelha Portuguesa,True,310,1,1,310,1,0
https://openalex.org/I4401200394,HEMU - Haute École de Musique,True,,1,1,215,1,0
https://openalex.org/I4401726752,Somerset NHS Foundation Trust,True,,3,1,2234,2,0
https://openalex.org/I4401726757,T. Rowe Price Group (United States),True,7123,1,1,7123,0,0
https://openalex.org/I4401726776,Universitas Muhammadiyah Kuningan,True,5455,2,1,5455,0,0
https://openalex.org/I4401726869,"City St George's, University of London",True,5288,2,1,5288,0,0
https://openalex.org/I4401726912,General Hospital of Central Theater Command,True,8989,1,1,8989,0,0
https://openalex.org/I4401726944,Mercedes-Benz (Japan),True,5129,1,1,5129,0,0
https://openalex.org/I4401726953,Daimler Truck (Germany),True,3580,2,3,3580;4444;5129,0,0
https://openalex.org/I4402554004,People's Liberation Army Air Force,True,7704,2,3,7094;7704;8973,0,0
https://openalex.org/I4402554016,Ministry of Industry and Trade,True,2207,1,1,2207,0,0
https://openalex.org/I4402554018,Hellenic Survey of Geology and Mineral Exploration,True,959,1,1,959,0,0
https://openalex.org/I4402554021,Instituto Pedro Nunes,True,1118,2,1,1118,0,0
https://openalex.org/I4402554024,BioIVT (United States),True,7244,1,2,5961;7244,0,0
https://openalex.org/I4402554064,Instituto de España,True,3147,1,1,3147,0,0
https://openalex.org/I4402554097,Regional Government of Madeira,True,143,1,1,143,0,0
https://openalex.org/I4402554107,Telefónica Innovación Digital (Spain),True,3147,1,1,3147,0,0
https://openalex.org/I4402554111,Ministry of Home Affairs,True,4897,1,1,4897,0,0
https://openalex.org/I4402554125,U.S. Air Force Life Cycle Management Center,True,6845,3,3,6083;6845;7347,0,0
https://openalex.org/I4402554131,"Ministry of Trade, Co-operatives, Small and Medium Enterprises",True,57,1,1,57,0,0
https://openalex.org/I4402554213,Canadian Scientific Submersible Facility,True,28,1,1,28,0,0
https://openalex.org/I4403386467,Hanwha Group (South Korea),True,94,2,1,94,0,0
https://openalex.org/I4403386485,Estado-Maior-General das Forças Armadas,True,310,6,1,310,0,0
https://openalex.org/I4403386491,IFOAM – Organics International,True,1064,1,2,1064;1269,0,0
https://openalex.org/I4403386497,Defensoria Pública do Rio de Janeiro,True,6961,1,1,6961,0,0
https://openalex.org/I4403386513,Federação Portuguesa de Futebol,True,310,1,1,310,0,0
https://openalex.org/I4403386548,"Laboratoire Mémoire, Cerveau et Cognition",True,2702,1,1,2702,0,0
https://openalex.org/I4403386570,Marinha Portuguesa,True,310,1,1,310,0,0
https://openalex.org/I4403386575,Instituto Universitário Militar,True,310,5,1,310,0,0
https://openalex.org/I4403386590,Força Aérea Portuguesa,True,310,3,1,310,0,0
https://openalex.org/I4403386614,Australia and New Zealand Sarcoma Association,True,1266,1,1,1266,0,0
https://openalex.org/I4403386619,Grupo Lusófona (Portugal),True,310,5,3,1003;310;67,2,0
https://openalex.org/I4403386631,Sri Siddhartha Academy of Higher Education,True,,1,1,8988,1,0
https://openalex.org/I4403386636,National Fertilizer Corporation (Pakistan),True,6458,1,2,5717;6458,0,0
https://openalex.org/I4403386644,"FORWIT (Austrian Council for Sciences, Technology, and Innovation)",True,790,1,1,790,0,0
https://openalex.org/I4403386655,Bosch Health Campus,True,3580,2,1,3580,0,0
https://openalex.org/I4403386687,Museu Nacional de História Natural e da Ciência,True,310,1,1,310,0,0
https://openalex.org/I4403386696,ISEG - Instituto Superior de Economia e Gestão,True,310,1,1,310,0,0
https://openalex.org/I4403386716,Melbourne Polytechnic,True,1266,1,2,10328;1266,0,0
https://openalex.org/I4403386768,Centre Borelli,True,2702,1,1,2702,0,0
https://openalex.org/I4403386771,Santa Marcelina Educação,True,6567,3,1,6567,1,0
https://openalex.org/I4403386805,Marketing Aplicado Lda (Portugal),True,310,1,1,310,0,0
https://openalex.org/I4403928185,Endocrinology and Metabolism Clinical Sciences Institute,True,4686,6,1,4686,0,0
https://openalex.org/I4403928192,Endocrinology and Metabolism Population Sciences Institute,True,4686,2,1,4686,0,0
https://openalex.org/I4403928241,City of Portsmouth College,True,4867,2,1,4867,0,0
https://openalex.org/I4403928258,"Instituto para os Comportamentos Aditivos e as Dependências, I.P.",True,310,1,1,310,0,0
https://openalex.org/I4403928275,Fundació Salut Empordà,True,,2,0,,3,0
https://openalex.org/I4403928277,Bentham Science Publishers (United Arab Emirates),True,357,1,2,357;7704,0,0
https://openalex.org/I4403928279,Fundació de Recerca Clínic Barcelona-Institut d’Investigacions Biomèdiques August Pi i Sunyer,True,4523,3,1,4523,0,0
https://openalex.org/I4403928305,Aga Khan University Institute for Study of Muslim Civilisations,True,5288,1,1,5288,0,0
https://openalex.org/I4403928319,Fundação de Ensino e Pesquisa em Ciências da Saúde Secretaria de Estado de Saúde,True,5465,1,1,5465,0,0
https://openalex.org/I4403928352,Institute for Environmental Research,True,4686,3,1,4686,0,0
https://openalex.org/I4403928353,"Presidency of the Republic of Türkiye, Directorate of State Archives",True,3650,1,2,1637;3650,0,0
https://openalex.org/I4403928377,Endocrine & Metabolism Research Institute,True,4686,15,1,4686,0,0
https://openalex.org/I4403928378,Associação Nacional dos Procuradores e Advogados Públicos Federais,True,,1,0,,2,0
https://openalex.org/I4403928403,Pharmaceutical Sciences Research Center,True,4686,2,1,4686,0,0
https://openalex.org/I4403928419,Endocrinology and Metabolism Molecular-Cellular Sciences Institute,True,4686,4,1,4686,0,0
https://openalex.org/I4403928420,Atmo France,True,2702,4,5,2159;2702;3200;3911;71,0,0
https://openalex.org/I4404532876,Força Aérea Brasileira,True,5465,2,3,5465;6323;6961,0,0
https://openalex.org/I4404532877,Taighde Éireann - Research Ireland,True,415,2,1,415,0,0
https://openalex.org/I4404532894,Albukhary Foundation,True,1322,1,2,1322;291,0,0
https://openalex.org/I4404532923,Mahkamah Agung Republik Indonesia,True,4897,1,2,4897;5107,0,0
https://openalex.org/I4405252469,The Bedford College Group,True,5373,1,1,5373,0,0
https://openalex.org/I4405252474,Serviço Nacional de Saúde,True,310,1,1,310,1,0
https://openalex.org/I4405252475,Robarts Research Institute,True,2220,1,1,2220,0,0
https://openalex.org/I4405252480,Fundacao de Computacao Cientifica Nacional,True,310,1,1,310,0,0
https://openalex.org/I4405252492,Computing Technology Industry Association,True,6654,1,2,4444;6654,0,0
https://openalex.org/I4405252554,Mt. Cuba Astronomical Observatory,True,,1,0,,2,0
https://openalex.org/I4405252557,Nuvance Health,True,,4,1,7244,4,0
https://openalex.org/I4405252639,Gulbenkian Institute for Molecular Medicine,True,310,2,1,310,0,0
https://openalex.org/I4405252647,Serviço de Saúde da Região Autónoma da Madeira,True,143,3,1,143,0,0
https://openalex.org/I4405252669,Fujairah University,True,,1,0,,2,0
https://openalex.org/I4405252686,National Commission for Museums and Monuments,True,6502,1,2,6502;865,0,0
https://openalex.org/I4405252687,National Protective Security Authority,True,5288,1,2,242;5288,0,0
https://openalex.org/I4405252787,Governo dos Açores,True,,8,0,,9,0
https://openalex.org/I4405252811,Griffith College,True,415,2,2,259;415,1,0
https://openalex.org/I4405252842,Terres Inovia,True,2702,2,1,2702,0,0
https://openalex.org/I4405252944,National Medical Institute of the Ministry of Interior and Administration,True,3222,1,1,3222,0,0
https://openalex.org/I4405253065,Instituto de Plasmas e Fusão Nuclear,True,310,1,1,310,0,0
https://openalex.org/I4405253076,Institut Teknologi dan Bisnis Asia Malang,True,6401,1,1,6401,0,0
https://openalex.org/I4405253190,Heliophysics Digital Resource Library,True,7068,3,1,7068,0,0
https://openalex.org/I4405253220,Santa Casa da Misericórdia de Lisboa,True,310,1,1,310,0,0
https://openalex.org/I4405253261,Wikimedia Brasil,True,6567,1,1,6567,0,0
https://openalex.org/I4405253280,Université Bourgogne Europe,True,3798,37,3,3718;3798;4054,1,0
https://openalex.org/I4405253344,Bochum University of Applied Sciences Health Campus,True,536,1,1,536,0,0
https://openalex.org/I4405253356,National Oil Corporation (Libya),True,433,1,1,433,0,0
https://openalex.org/I4405253504,National University of Science and Technology,True,1110,3,3,1110;599;996,0,0
https://openalex.org/I4405253515,Ministry of Labour and Employment,True,10243,1,1,10243,0,0
https://openalex.org/I4405253559,United States Air Combat Command,True,7050,1,2,6192;7050,0,0
https://openalex.org/I4405253653,Unidade Local de Saúde do Alto Minho,True,,1,1,5465,1,0
https://openalex.org/I4405253732,Hessische Hochschule für öffentliches Management und Sicherheit,True,3093,1,1,3093,0,0
https://openalex.org/I4405253735,Manav Rachna University,True,7466,1,1,7466,0,0
https://openalex.org/I4405253748,U.S. Army Materiel Command,True,6248,8,3,6248;6377;6948,4,0
https://openalex.org/I4405253751,Stellantis (Netherlands),True,1427,6,4,1427;1996;6948;85,0,0
https://openalex.org/I4405253758,United States Space Command,True,5315,2,2,5315;6248,0,0
https://openalex.org/I4405253812,Space Operations Command,True,5315,7,2,5315;5332,3,0
https://openalex.org/I4405253929,Santa Casa da Misericórdia de Fafe,True,,1,0,,2,0
https://openalex.org/I4405253946,LIRA - Laboratoire d'instrumentation et de recherche en astrophysique,True,2702,1,1,2702,0,0
https://openalex.org/I4405254316,Andijon davlat texnika insituti,True,3895,1,1,3895,0,0
https://openalex.org/I4405254397,Army University,True,5961,1,1,5961,0,0
https://openalex.org/I4405254530,Armada de Colombia,True,4048,1,2,3394;4048,0,0
https://openalex.org/I4405254576,The People's Government of Liaoning Province,True,8630,2,1,8630,0,0
https://openalex.org/I4405254657,United States Northern Command,True,5315,3,2,5315;7050,0,0
https://openalex.org/I4405254681,EURECAT Centre Tecnològic de Catalunya,True,4523,1,2,4490;4523,0,0
https://openalex.org/I4405254745,Centre Inria de l'Institut Polytechnique de Paris,True,2702,17,1,2702,0,0
https://openalex.org/I4405254750,Stichting Aeres Groep,True,2324,3,1,2324,1,0
https://openalex.org/I4405254770,Grupo Lusíadas Saúde (Portugal),True,310,1,2,1003;310,0,0
https://openalex.org/I4405254861,Montepio Geral-Associação Mutualista (Portugal),True,310,1,1,310,0,0
https://openalex.org/I4405254895,A*STAR Research Entities,True,154,1,1,154,0,0
https://openalex.org/I4405254906,U.S. Army Communications-Electronics Command,True,,3,0,,4,0
https://openalex.org/I4405254907,Biliran Province State University,True,,1,0,,2,0
https://openalex.org/I4405254910,Centro de Investigação em Biociências e Tecnologias da Saúde,True,310,2,1,310,0,0
https://openalex.org/I4405254929,NERSANT - Associação Empresarial da Região de Santarém,True,,1,0,,2,0
https://openalex.org/I4405254961,Malla Reddy University,True,9045,1,1,9045,0,0
https://openalex.org/I4405255119,Technologie et Ethnologie des Mondes PréhistoriqueS,True,2702,1,1,2702,0,0
https://openalex.org/I4405255129,Ministry of Agriculture and Rural Development of the Slovak Republic,True,163,1,1,163,1,0
https://openalex.org/I4405255150,Institut national du service public (INSP),True,4558,3,3,241;4558;723,0,0
https://openalex.org/I4405255169,Neuro-SU,True,2702,2,1,2702,0,0
https://openalex.org/I4405255244,Revvity (United States),True,7347,6,7,3672;4736;4792;5332;5550;7347;7372,0,0
https://openalex.org/I4405255303,Bayworld,True,1647,1,2,1647;189,0,0
https://openalex.org/I4405255310,Indiana University Columbus,True,,1,0,,2,0
https://openalex.org/I4405255330,Pluto Educational Trust,True,5288,1,1,5288,0,0
https://openalex.org/I4405255346,Office of the Chief of Naval Operations,True,7068,1,2,6022;7068,0,0
https://openalex.org/I4405255347,Luxoft (Switzerland),True,1479,1,2,1479;4736,0,0
https://openalex.org/I4405255374,ANJE - Associação Nacional de Jovens Empresários,True,1003,1,1,1003,0,0
https://openalex.org/I4405255387,United States Southern Command,True,6442,1,2,6442;6622,0,0
https://openalex.org/I4405255475,Unidade Local de Saúde Santa Maria,True,310,1,1,310,0,0
https://openalex.org/I4405255574,Observatoire des sciences de l'univers de l'Université Versailles Saint-Quentin,True,2702,1,1,2702,0,0
https://openalex.org/I4405255589,Færder Kommune,True,,1,0,,2,0
https://openalex.org/I4405255669,Sevinç-Erdal İnönü Foundation,True,1637,1,1,1637,0,0
https://openalex.org/I4405255678,Hogrefe Verlag GmbH & Co. KG (Germany),True,4083,2,2,4083;805,0,0
https://openalex.org/I4405255721,Sistema Nazionale per la Protezione dell'Ambiente,True,3881,21,16,1309;1600;2019;2832;2891;3002;3106;3360;3725;3881;4198;4232;4299;4333;5004;85,6,0
https://openalex.org/I4405255748,Centre Inria de Sorbonne Université,True,2702,7,1,2702,0,0
https://openalex.org/I4405255810,Institut Des Humanités Numériques,True,2702,2,1,2702,0,0
https://openalex.org/I4405255852,Lubrizol (United States),True,6990,2,2,4523;6990,0,0
https://openalex.org/I4405255887,Laboratoire Temps Espace,True,2702,2,1,2702,0,0
https://openalex.org/I4405255895,Centre d'études des politiques économiques,True,2702,1,1,2702,0,0
https://openalex.org/I4405255903,Institute of Physics,True,1427,3,1,1427,0,0
https://openalex.org/I4405255975,United States Transportation Command,True,6192,1,1,6192,0,0
https://openalex.org/I4405256027,Développement Adaptation et Vieillissement,True,2702,2,1,2702,0,0
https://openalex.org/I4405256057,CIUSSS du Centre-Ouest-de-l'Île-de-Montréal,True,3485,2,1,3485,0,0
https://openalex.org/I4405256115,United States Special Operations Command,True,6237,2,2,2204;6237,0,0
https://openalex.org/I4405256264,Mental Health Authority,True,2940,1,2,1855;2940,0,0
https://openalex.org/I4405256294,Centre Inria de l'Université Paris-Saclay,True,2702,16,1,2702,0,0
https://openalex.org/I4405256301,Stellantis North America (United States),True,6948,3,2,1996;6948,0,0
https://openalex.org/I4405256304,International Association of Advanced Materials,True,,1,0,,2,0
https://openalex.org/I4405256427,Deutsche Zentren der Gesundheitsforschung,True,4946,9,7,1064;3041;3246;4288;4736;4946;4996,0,0
https://openalex.org/I4405256466,Institute of Gifted Child of National Academy of Educational Sciences of Ukraine,True,2203,11,1,2203,0,0
https://openalex.org/I4405256519,Armata Pharmaceuticals (United States),True,1642,2,2,1642;2204,0,0
https://openalex.org/I4405256530,Cygnet Healthcare Ltd,True,5288,1,1,5288,0,0
https://openalex.org/I4405256532,Stadtspital Zürich,True,1479,2,1,1479,0,0
https://openalex.org/I4405256571,Department of Finance of Jiangsu Province,True,9701,1,2,9701;9963,0,0
https://openalex.org/I4405256580,Université Marie et Louis Pasteur,True,4054,26,5,2702;3798;4054;4088;4360,0,0
https://openalex.org/I4405256634,Institut des Matériaux,True,2702,4,1,2702,0,0
https://openalex.org/I4405256652,Autorité de sûreté nucléaire et de radioprotection,True,2702,2,1,2702,0,0
https://openalex.org/I4405256676,Ministry of Mines,True,7466,1,2,7466;9099,0,0
https://openalex.org/I4405256739,United States European Command,True,3580,1,2,3580;4333,0,0
https://openalex.org/I4405256753,U.S. Virgin Islands Department of Planning and Natural Resources,True,,1,0,,2,0
https://openalex.org/I4405256861,TÜV-Verband,True,4946,1,1,4946,0,0
https://openalex.org/I4405256865,London Health Sciences Centre Research Institute,True,2220,1,1,2220,0,0
https://openalex.org/I4405256969,United States Space Force Space Systems Command,True,1642,1,1,1642,0,0
https://openalex.org/I4405256979,United States Central Command,True,6237,1,2,16;6237,0,0
https://openalex.org/I4405257011,GeoBioTec - Geobiociências Geotecnologias e Geo-engenharias,True,310,1,1,310,0,0
https://openalex.org/I4405257077,LEA ARTIBAI Ikastetxea,True,,1,0,,2,0
https://openalex.org/I4405257088,Research Institute for Road and Street,True,5129,1,1,5129,0,0
https://openalex.org/I4405257109,United Lutheran Seminary,True,7165,2,1,7165,1,0
https://openalex.org/I4405257228,"ACTRIS ERIC - Aerosol, Cloud and Trace Gases Research Infrastructure",True,687,3,2,535;687,2,0
https://openalex.org/I4405257238,Ministry of Labor,True,1141,1,1,1141,0,0
https://openalex.org/I4405257299,BG Kliniken,True,4946,2,3,3041;3793;4946,0,0
https://openalex.org/I4405257336,The University of Nagano,True,4598,1,1,4598,0,0
https://openalex.org/I4405257360,United States Strategic Command,True,5985,1,2,5985;7068,0,0
https://openalex.org/I4405257372,Stellantis Canada (Canada),True,1996,1,1,1996,0,0
https://openalex.org/I4405257382,United States Indo-Pacific Command,True,182,1,1,182,0,0
https://openalex.org/I4405257448,Laboratoire de bioimagerie et pathologies,True,4558,1,1,4558,0,0
https://openalex.org/I4405257498,Faculdades Nova Esperança,True,7434,1,1,7434,0,0
https://openalex.org/I4405257511,CSIRO Environment,True,1468,2,1,1468,0,0
https://openalex.org/I4405257516,Instituto Superior Técnico Instituto de Engenharia Mecânica,True,310,1,1,310,0,0
https://openalex.org/I4405257521,Danish Cardiovascular Academy,True,229,1,2,229;537,0,0
https://openalex.org/I4405257575,Royal Perth Bentley Group,True,360,4,1,360,0,0
https://openalex.org/I4405257583,Royal Devon University Healthcare NHS Foundation Trust,True,1854,2,1,1854,1,0
https://openalex.org/I4405257589,Chimie Physique et Chimie du Vivant,True,2702,2,1,2702,0,0
https://openalex.org/I4405257605,Centre Inria de Paris,True,2702,36,1,2702,0,0
https://openalex.org/I4405257646,Ontario Ministry of Health,True,2626,1,1,2626,0,0
https://openalex.org/I4405257650,Rede CUF,True,310,1,1,310,0,0
https://openalex.org/I4405257660,International Association of Computer Science in Sport,True,790,1,2,2262;790,0,0
https://openalex.org/I4405257736,U.S. Army Combined Arms Support Command,True,7032,2,1,7032,0,0
https://openalex.org/I4405257749,"Federal Budgetary Institution ""Research Center for Applied Metrology - Rostest""",True,2262,1,1,2262,0,0
https://openalex.org/I4405257837,CHU de Québec-Université Laval,True,3789,8,1,3789,0,0
https://openalex.org/I4405257903,Government of the Republic of China,True,1141,18,3,1141;1897;770,0,0
https://openalex.org/I4405257904,JFE Engineering Corporation (Japan),True,5129,1,2,154;5129,0,0
https://openalex.org/I4405257978,Region Jämtland Härjedalen,True,,1,0,,2,0
https://openalex.org/I4405258028,United States Africa Command,True,3580,1,2,3580;4333,0,0
https://openalex.org/I4405258047,Ronin Institute for Independent Scholarship 2.0,True,3652,1,2,3652;7244,0,0
https://openalex.org/I4405258058,Baycrest Academy for Research and Education,True,2626,1,1,2626,0,0
https://openalex.org/I4405258125,Buxoro davlat texnika universiteti,True,1359,2,1,1359,0,0
https://openalex.org/I4405258151,Federal Research Center “Computer Science and Control” of the Russian Academy of Sciences,True,2262,3,1,2262,0,0
https://openalex.org/I4405258220,State Administration for Market Regulation,True,7704,2,1,7704,0,0
https://openalex.org/I4405258261,LUNEX,True,103,1,1,103,0,0
https://openalex.org/I4405258332,Department of Transport and Planning,True,1266,1,1,1266,0,0
https://openalex.org/I4405258385,Kyung Hee University Healthcare System,True,94,5,1,94,0,0
https://openalex.org/I4405258401,Chongqing Polytechnic University of Electronic Technology,True,7578,1,1,7578,0,0
https://openalex.org/I4405258403,Servicio de Salud del Principado de Asturias,True,2231,6,3,2157;2231;2439,2,0
https://openalex.org/I4405258428,Heka : Méthodes basées sur les données et modèles en santé pour l'acquisition de connaissances,True,2702,1,1,2702,0,0
https://openalex.org/I4405258429,Institut Interdisciplinaire de l'Innovation,True,2702,4,1,2702,0,0
https://openalex.org/I4405258443,Association of British Dispensing Opticians,True,,1,0,,2,0
https://openalex.org/I4405258479,"Institute of Languages, Cultures and Societies",True,5288,1,1,5288,0,0
https://openalex.org/I4405258492,Samsung Seoul Hospital,True,94,1,1,94,0,0
https://openalex.org/I4405258515,Kyung Hee University Medical Hospital at Gangdong,True,94,2,1,94,0,0
https://openalex.org/I4405258520,Erhvervsakademi København,True,537,2,1,537,0,0
https://openalex.org/I4405258543,Kementerian Energi dan Sumber Daya Mineral,True,4897,2,2,4897;5107,0,0
https://openalex.org/I4405258547,Gülhane Eğitim ve Araştırma Hastanesi,True,3650,1,1,3650,0,0
https://openalex.org/I4405258564,Instituto Nacional de Investigação em Saúde,True,506,1,2,1155;506,0,0
https://openalex.org/I4405258616,Virginia Energy,True,7032,2,1,7032,2,0
https://openalex.org/I4405258625,École Nationale Supérieure de Techniques Avancées Paris,True,2702,4,1,2702,0,0
https://openalex.org/I4405258660,People's Government of Zhejiang Province,True,10078,1,1,10078,0,0
https://openalex.org/I4405258672,Tecnológico de Estudios Superiores de San Felipe del Progreso,True,,62,30,2026;2715;3007;3846;3993;4028;4167;4335;4566;4746;4823;4848;5006;5053;5259;5293;5310;5474;5506;5522;5570;5667;5813;5849;5861;6091;6151;6164;6200;983,27,0
https://openalex.org/I4405258685,People's Government of Inner Mongolia Autonomous Region,True,5335,1,1,5335,0,0
https://openalex.org/I4405258692,De La Salle Medical and Health Sciences Institute,True,2845,2,1,2845,0,0
https://openalex.org/I4405258737,Fonds de Dotation Clinatec,True,3984,2,1,3984,0,0
https://openalex.org/I4405258751,Inje University Paik Hospital,True,3057,4,2,3057;94,0,0
https://openalex.org/I4405258755,University of Technology and Applied Sciences,True,1110,6,5,1110;134;599;738;870,1,0
https://openalex.org/I4405258765,Academia Romana Filiala Cluj-Napoca,True,1006,1,1,1006,0,0
https://openalex.org/I4405258769,Yonsei University Mirae Campus,True,1415,1,1,1415,0,0
https://openalex.org/I4405258809,NOAA Office of Low Earth Orbit Observations,True,7068,2,1,7068,0,0
https://openalex.org/I4405258830,Gen Digital Inc. (United States),True,4211,2,3,1255;415;4211,0,0
https://openalex.org/I4405258862,Université de Toulouse,True,2304,80,3,2304;3541;3984,2,0
https://openalex.org/I4405258874,ADSTEC (Japan),True,5129,1,2,5129;5985,0,0
https://openalex.org/I4405258881,Soonchunhyang University Medical Center,True,94,3,3,1206;2316;94,0,0
https://openalex.org/I4405258916,Wirtschaftsakademie Schleswig-Holstein,True,3942,1,1,3942,0,0
https://openalex.org/I4405258921,Institute for Social Research,True,6929,1,1,6929,0,0
https://openalex.org/I4405258927,Tæknisetur IceTec,True,83,1,1,83,0,0
https://openalex.org/I4405258985,CHA Health Systems,True,94,9,2,2316;94,0,0
https://openalex.org/I4405259010,Community Health Systems Professional Services Corporation (DBA Community Health Systems),True,6350,67,16,4278;4609;5059;5543;5735;5877;5889;6022;6180;6248;6270;6350;6654;6685;6857;7219,38,0
https://openalex.org/I4405259012,Frisius MC,True,2393,2,1,2393,1,0
https://openalex.org/I4405259026,Health New Zealand,True,454,16,5,133;300;454;737;869,2,0
https://openalex.org/I4405259061,Northern Care Alliance NHS Foundation Trust,True,3304,6,1,3304,0,0
https://openalex.org/I4405259085,New Zealand Clinical Research,True,869,1,2,300;869,0,0
https://openalex.org/I4405259097,Área de Gestión Sanitaria Este de Málaga-Axarquía,True,2822,1,1,2822,1,0
https://openalex.org/I4405259118,Hôpitaux universitaires Paris Sud,True,2702,5,1,2702,0,0
https://openalex.org/I4405259120,Institut de biologie François Jacob,True,2702,3,1,2702,0,0
https://openalex.org/I4405259123,Department for Energy Security and Net Zero,True,5288,3,2,4792;5288,0,0
https://openalex.org/I4405259128,Exail (France),True,2702,1,1,2702,0,0
https://openalex.org/I4405259170,German Network for Bioinformatics Infrastructure – de.NBI,True,2818,1,1,2818,0,0
https://openalex.org/I4405259172,Western Sydney Local Health District,True,1830,4,1,1830,0,0
https://openalex.org/I4405259174,Marriott International (United States),True,7068,1,2,1572;7068,0,0
https://openalex.org/I4405259184,Mackay Hospital and Health Service,True,,1,0,,2,0
https://openalex.org/I4405259200,"Europe Etats-Unis Empires-Post-Empires, Cultures, Histoire, Littératures, Longue durée et Sciences Sociales",True,2702,1,1,2702,0,0
https://openalex.org/I4405259241,NOAA Office of Geostationary Earth Orbit Observations,True,7068,3,1,7068,0,0
https://openalex.org/I4405259272,UNITE HERE,True,7244,1,1,7244,0,0
https://openalex.org/I4405259277,Samsung Electronics (South Korea),True,94,2,3,1255;5349;94,0,0
https://openalex.org/I4405259329,Gyeonggi Provincal Medical Center,True,94,6,1,94,1,0
https://openalex.org/I4405259330,Engineers Europe,True,1269,1,2,1269;415,0,0
https://openalex.org/I4405259397,Gachon University Medical Center,True,94,2,1,94,0,0
https://openalex.org/I4405259404,South Valley University,True,,1,1,3337,1,0
https://openalex.org/I4405259414,Université Toulouse Capitole,True,2304,14,1,2304,1,0
https://openalex.org/I4405259444,Adelaide University,True,789,6,1,789,0,0
https://openalex.org/I4405259456,"Department for Science, Innovation and Technology",True,5288,1,2,4125;5288,0,0
https://openalex.org/I4405259458,Sony Interactive Entertainment (United States),True,1255,1,2,1255;5129,0,0
https://openalex.org/I4405259464,Daegu Haany University Medical Center,True,2453,2,2,2453;2775,0,0
https://openalex.org/I4405259492,Nonghyup (South Korea),True,94,2,1,94,0,0
https://openalex.org/I4405259590,Unilabs (Switzerland),True,29,2,3,29;4523;596,0,0
https://openalex.org/I4405259620,Egyptian Drug Authority,True,3981,1,1,3981,0,0
https://openalex.org/I4405259702,Rungta College,True,9564,1,1,9564,0,0
https://openalex.org/I4405259708,Kakao Corporation (South Korea),True,2713,3,2,2713;94,0,0
https://openalex.org/I4405259726,Albany Med Health System,True,7292,2,1,7292,0,0
https://openalex.org/I4405259767,Łukasiewicz Research Network - Institute of Microelectronics and Photonics,True,3222,2,1,3222,0,0
https://openalex.org/I4405259800,King Ceasor University,True,1899,1,1,1899,0,0
https://openalex.org/I4405259804,BlueHalo (United States),True,7068,1,2,6845;7068,0,0
https://openalex.org/I4405259806,Hanmaeum Medical Center,True,2835,1,1,2835,0,0
https://openalex.org/I4405259811,LifeLong Medical Care,True,1255,1,1,1255,0,0
https://openalex.org/I4405259860,Dongguk University Medical Center,True,94,5,2,2894;94,0,0
https://openalex.org/I4405259865,Sanitas (Spain),True,3147,40,11,1069;2008;2285;2822;3147;3284;3539;3909;3982;4358;4523,1,0
https://openalex.org/I4405259867,Logan & Beaudesert Health Service,True,2355,1,1,2355,0,0
https://openalex.org/I4405259964,Earth Sciences New Zealand,True,454,2,2,454;869,0,0
https://openalex.org/I4405259966,International Association of Seismology and Physics of the Earth's Interior,True,596,1,1,596,0,0
https://openalex.org/I4405259976,Université Jean Monnet,True,3628,42,4,2702;3353;3628;3718,1,0
https://openalex.org/I4405259977,Department for Business and Trade,True,5288,2,1,5288,0,0
https://openalex.org/I4405260032,"Mouvement, Equilibre, Performance, Santé",True,,1,0,,2,0
https://openalex.org/I4405260085,Université de Bretagne Occidentale,True,58,27,5,2010;240;58;824;954,1,0
https://openalex.org/I4405260087,SVKM's Narsee Monjee College of Commerce and Economics,True,7163,2,1,7163,0,0
https://openalex.org/I4405260107,Institute of Medicine,True,1525,1,1,1525,0,0
https://openalex.org/I4405260124,École d'innovation sociale Élisabeth-Bruyère,True,3343,1,1,3343,0,0
https://openalex.org/I4405260172,OQEI - Observatoires de la qualité des environnements intérieurs,True,2702,5,4,2702;3495;3718;4192,0,0
https://openalex.org/I4405260188,"Ministry of Higher Education, Science, Research and Innovation",True,1894,3,1,1894,0,0
https://openalex.org/I4405260201,"Spinghar Institute of Higher Education, Nangarhar",True,2745,1,2,2352;2745,0,0
https://openalex.org/I4405260219,"Shanghai Biozeron Biotechnology Co., Ltd (China)",True,10097,1,2,10097;9725,0,0
https://openalex.org/I4405260286,"Departement Werk, Economie, Wetenschap, Innovatie en Sociale Economie",True,1269,2,1,1269,0,0
https://openalex.org/I4405260297,Bioeconomy Science Institute,True,869,6,3,300;598;869,1,0
https://openalex.org/I4405260308,Namangan davlat texnika universiteti,True,3428,1,1,3428,0,0
https://openalex.org/I4405260336,Korea AeroSpace Administration,True,,2,1,1782,1,0
https://openalex.org/I4405260414,The Catholic University of Korea Catholic Medical Center,True,94,8,2,1782;94,0,0
https://openalex.org/I4405260416,Graphwise (Bulgaria),True,15,2,2,15;790,0,0
https://openalex.org/I4405260423,Sociedad Española de Cirugía Plástica Reparadora y Estética,True,3147,1,1,3147,0,0
https://openalex.org/I4405260504,Ministry of Science and Technology,True,3596,1,2,2388;3596,0,0
https://openalex.org/I4405260506,International Organization of Legal Metrology,True,2702,1,1,2702,0,0
https://openalex.org/I4405260714,PoultryHub Australia,True,,1,0,,2,0
https://openalex.org/I4405260730,Unité de Mathématiques Appliquées,True,2702,1,1,2702,0,0
https://openalex.org/I4405260803,Université de Technologie Tarbes Occitanie Pyrénées,True,,3,1,2304,3,0
https://openalex.org/I4405260858,Luxembourg Centre for European Law,True,103,1,1,103,0,0
https://openalex.org/I4405260880,Rathinam Group of Institutions,True,9069,3,1,9069,0,0
https://openalex.org/I4405260895,Office of the Under Secretary of War for Acquisition & Sustainment,True,7068,1,1,7068,0,0
https://openalex.org/I4405260962,Samsung Semiconductor (United States),True,1255,1,2,1255;5349,0,0
https://openalex.org/I4405260992,"Federal Ministry of Transportation, Nigeria",True,6502,1,2,6502;6768,0,0
https://openalex.org/I4405261033,Hainan Provincial Health Commission,True,9511,1,1,9511,0,0
https://openalex.org/I4405261060,Instituto de Seguridad Social del Estado de México y Municipios,True,4848,1,1,4848,0,0
https://openalex.org/I4405261063,ESIEE-IT,True,2702,1,1,2702,0,0
https://openalex.org/I4405261087,Instituto de Educação da Universidade de Lisboa,True,310,1,1,310,0,0
https://openalex.org/I4405261140,Fergana State Technical University,True,3697,1,1,3697,0,0
https://openalex.org/I4405261191,Dongguan Guangdong Hong Kong And Macao Stem Cell Biotechnology,True,9718,1,1,9718,0,0
https://openalex.org/I4405261193,Dankook University Dental Hospital,True,1206,2,3,1206;1604;94,0,0
https://openalex.org/I4405261207,Institut des Sciences Appliquées et de la Simulation pour les énergies bas carbone,True,2702,8,1,2702,0,0
https://openalex.org/I4405261215,Communications Workers of America,True,7068,1,1,7068,0,0
https://openalex.org/I4405261247,Ziekenhuis aan de Stroom,True,1160,2,1,1160,0,0
https://openalex.org/I4405261276,Lifespan Research Institute,True,1255,2,2,1255;7244,0,0
https://openalex.org/I4405261313,"Donders Institute for Brain, Cognition and Behaviour",True,2659,5,1,2659,0,0
https://openalex.org/I4405261322,Institute of Marine and Environmental Technology,True,7123,1,1,7123,0,0
https://openalex.org/I4405261410,International Gemini Observatory,True,4278,2,2,4278;806,1,0
https://openalex.org/I4405261420,Sonangol,True,506,1,1,506,0,0
https://openalex.org/I4405261486,"Silvaco Group, Inc. (United States)",True,1255,2,3,1255;5332;5550,0,0
https://openalex.org/I4405261496,Chung-Ang University Healthcare System,True,94,2,1,94,0,0
https://openalex.org/I4405261497,"Innovation Academy for Precision Measurement Science and Technology, CAS",True,8989,4,1,8989,0,0
https://openalex.org/I4405261523,State Emergency Service of Ukraine,True,2203,1,1,2203,0,0
https://openalex.org/I4405261541,Chittagong Independent University,True,4833,2,2,3705;4833,0,0
https://openalex.org/I4405261603,Nîmes Université,True,3672,1,1,3672,0,0
https://openalex.org/I4405261681,Université de Montpellier Paul-Valéry,True,3541,27,2,2304;3541,0,0
https://openalex.org/I4405261726,Neuroelectrics Barcelona SLU (Spain),True,4523,1,1,4523,0,0
https://openalex.org/I4405261762,Dong-Eui Medical Center,True,3057,2,1,3057,0,0
https://openalex.org/I4405261780,Metropolitan Council,True,6433,1,1,6433,0,0
https://openalex.org/I4405261809,Istituto per la BioEconomia,True,3106,2,2,2891;3106,0,0
https://openalex.org/I4405261821,Stellantis Europe (Italy),True,85,1,1,85,0,0
https://openalex.org/I4405261824,Museum Nord,True,,2,0,,3,0
https://openalex.org/I4405261832,Ajou University Medical Center,True,94,3,1,94,0,0
https://openalex.org/I4405261895,Dongwon Industries (South Korea),True,94,1,1,94,0,0
https://openalex.org/I4405262357,Japan International Science and Technology Exchange Center,True,5129,1,1,5129,0,0
https://openalex.org/I4405262393,Somaiya Vidyavihar University,True,7163,2,1,7163,0,0
https://openalex.org/I4405262415,Arma dei Carabinieri,True,3881,1,1,3881,0,0
https://openalex.org/I4405262684,Wasaaradda Caafimaadka,True,1889,1,1,1889,0,0
https://openalex.org/I4405262724,Shanghai Development Center of Computer Software Technology,True,10097,1,1,10097,0,0
https://openalex.org/I4405262729,Secretaria de Estado de Saúde do Rio de Janeiro,True,6961,3,1,6961,0,0
https://openalex.org/I4405262866,Escola Superior de Tecnologia e Gestão,True,,1,0,,2,0
https://openalex.org/I4405262867,Ontario Health,True,2626,1,1,2626,0,0
https://openalex.org/I4405262920,LÖSEV – The Foundation for Children with Leukemia,True,3650,1,1,3650,0,0
https://openalex.org/I4405262973,Ministry of Agriculture and Forestry,True,3650,9,7,1140;1637;2476;3650;4243;4988;633,0,0
https://openalex.org/I4405262988,NWO-I,True,1793,9,4,1427;1793;2254;2659,2,0
https://openalex.org/I4405263023,Siemens Energy,True,4736,2,2,3539;4736,0,0
https://openalex.org/I4405263039,Office of Justice Programs,True,7068,3,1,7068,0,0
https://openalex.org/I4405263077,Federal Circuit and Family Court of Australia,True,1830,1,1,1830,0,0
https://openalex.org/I4405263115,Centro Superior de Estudios de la Defensa Nacional,True,3147,1,1,3147,0,0
https://openalex.org/I4405263126,Sidama Regional Health Bureau,True,5769,1,1,5769,0,0
https://openalex.org/I4405263129,ALS (Australia),True,2355,1,2,2355;535,0,0
https://openalex.org/I4405263153,Canadian Integrated Ocean Observing System,True,3865,1,1,3865,0,0
https://openalex.org/I4405263158,Federal Scientific and Clinical Center of Medical Rehabilitation and Balneology of the Federal Medical and Biological Agency of Russia,True,2262,2,3,2262;5115;6179,0,0
https://openalex.org/I4405263190,Fundación MenteClara,True,4215,1,1,4215,0,0
https://openalex.org/I4405263263,"Sankara Eye Hospital, Coimbatore",True,9069,5,6,8489;8722;9069;9099;9562;9732,0,0
https://openalex.org/I4405263344,State of Nevada,True,,2,0,,3,0
https://openalex.org/I4405263365,"Kerala University of Digital Sciences, Innovation and Technology",True,9157,1,1,9157,0,0
https://openalex.org/I4405263395,Max Planck Information and Technology,True,4736,1,1,4736,0,0
https://openalex.org/I4405263430,Sichuan Bureau of Geology & Mineral Resources,True,5723,1,1,5723,1,0
https://openalex.org/I4405263523,Global Water Futures Observatories,True,1751,1,1,1751,0,0
https://openalex.org/I4405263548,Universidad del Río,True,818,1,1,818,0,0
https://openalex.org/I4405263582,Chamber of Deputies - Brazil,True,5465,1,1,5465,0,0
https://openalex.org/I4405263585,Research and Education Promotion Association (REPA) (United States),True,3652,1,1,3652,0,0
https://openalex.org/I4405263589,Stephens Group of Institutions,True,3357,1,1,3357,0,0
https://openalex.org/I4405263700,International Association of Fire Fighters,True,7068,1,1,7068,0,0
https://openalex.org/I4405263940,Fédération de recherche André-Marie Ampère,True,3718,8,2,3628;3718,0,0
https://openalex.org/I4405263956,Central Asian University of Environmental and Climate Change Studies (Green University),True,2481,3,1,2481,0,0
https://openalex.org/I4405264088,Unité de recherches Transitions Organisations Politiques Inégalités,True,2304,1,1,2304,0,0
https://openalex.org/I4405264156,Candel Therapeutics (United States),True,7347,1,1,7347,0,0
https://openalex.org/I4405264281,State Forest Resources Agency of Ukraine,True,2203,1,2,2203;3818,0,0
https://openalex.org/I4405264447,Université Pierre-et-Marie-Curie,True,2702,31,1,2702,0,0
https://openalex.org/I4405264730,IRCCS Azienda Ospedaliera Metropolitana,True,1309,3,1,1309,0,0
https://openalex.org/I4405265087,Národní pedagogický institut České republiky,True,535,1,1,535,0,0
https://openalex.org/I4405265615,Centre d'Epidémiologie et de Recherche en santé des POPulations de Toulouse,True,2304,1,1,2304,0,0
https://openalex.org/I4405265706,École nationale supérieure des Mines de Nantes,True,954,1,1,954,0,0
https://openalex.org/I4405265871,Olivia Newton-John Cancer Research Institute,True,1266,1,1,1266,0,0
https://openalex.org/I4405265935,Federacja Naukowa WSB-DSW Merito,True,2037,6,5,1529;1711;2037;2465;3222,0,0
https://openalex.org/I4405266050,Holland & Knight (United States),True,6237,1,2,195;6237,0,0
https://openalex.org/I4405266180,"REcherche, HAndicap, Dysfonction, Adaptations, Participation et Technologie",True,2702,1,1,2702,0,0
https://openalex.org/I4405266242,Centre de Biologie Intégrative de Toulouse,True,2304,1,1,2304,0,0
https://openalex.org/I4405266393,Centro de Neurociencias Cajal,True,3147,1,1,3147,0,0
https://openalex.org/I4405266558,Global Water Partnership,True,1445,2,3,1445;1834;959,0,0
https://openalex.org/I4405266701,University of the Federal District,True,5465,1,1,5465,0,0
https://openalex.org/I4405266742,"Ministry of Consumer Affairs, Food and Public Distribution",True,7466,1,1,7466,0,0
https://openalex.org/I4405266802,Asiera (Ireland),True,415,1,1,415,0,0
https://openalex.org/I4405266844,Abu Rayhon Beruniy nomidagi Sharqshunoslik instituti,True,2481,13,1,2481,0,0
https://openalex.org/I4405266878,Junshi Biosciences (China),True,10097,1,2,10097;6415,0,0
https://openalex.org/I4405266943,Ministry of the Solicitor General,True,2626,1,1,2626,0,0
https://openalex.org/I4405266957,Emob-Lab,True,3718,1,1,3718,0,0
https://openalex.org/I4405267028,National Museum of Asian Art,True,7068,2,1,7068,0,0
https://openalex.org/I4405267139,DSM-Firmenich AG (Switzerland),True,935,3,3,29;7165;935,1,0
https://openalex.org/I4405267351,National Blood Service Agency (NBSA),True,6502,1,1,6502,0,0
https://openalex.org/I4405267534,Tashkent State Medical University,True,2481,2,1,2481,0,0
https://openalex.org/I4405267818,Réseau hospitalier neuchâtelois,True,,1,0,,2,0
https://openalex.org/I4405267827,Gerencia Regional de Salud de Castilla y León (Sacyl),True,2881,4,2,2571;2881,0,0
https://openalex.org/I4405268227,French Academy of Agriculture,True,2702,1,1,2702,0,0
https://openalex.org/I4405268256,Österreichische Forschungsgemeinschaft,True,790,1,1,790,0,0
https://openalex.org/I4405268292,Office of Headquarters Security Operations,True,7068,1,1,7068,0,0
https://openalex.org/I4405268297,Stuttgart Center for Simulation Science,True,3580,1,1,3580,0,0
https://openalex.org/I4405268303,Health Research Charities Ireland,True,415,1,1,415,0,0
https://openalex.org/I4405268308,Conseil Régional de Guadeloupe,True,,1,0,,2,0
https://openalex.org/I4405268467,Ny Carlsbergfondet,True,537,1,1,537,0,0
https://openalex.org/I4405268541,Alternative Fuels and Feedstocks Office,True,7068,2,1,7068,0,0
https://openalex.org/I4405268665,NOAA Office of Modeling and Development,True,7068,3,1,7068,0,0
https://openalex.org/I4405268704,Office of Subsurface Energy,True,7068,2,1,7068,0,0
https://openalex.org/I4405268728,Pennsylvania Western University,True,7020,3,2,7020;7044,1,0
https://openalex.org/I4405268865,MSDAVENIR,True,2702,1,1,2702,0,0
https://openalex.org/I4405268886,Swiss Re Foundation,True,1479,1,1,1479,0,0
https://openalex.org/I4405269007,The Danish Industry Foundation,True,537,1,1,537,0,0
https://openalex.org/I4405269046,Fakultní nemocnice Motol a Homolka,True,535,2,1,535,0,0
https://openalex.org/I4405269051,"Office of Critical Minerals, Materials, and Manufacturing",True,7068,5,1,7068,0,0
https://openalex.org/I4405269067,Energy Commission of Nigeria,True,6502,1,2,6502;7301,0,0
https://openalex.org/I4405269074,The Rita and Alex Hillman Foundation,True,7244,1,1,7244,0,0
https://openalex.org/I4405269078,"Ministrstvo za visoko šolstvo, znanost in inovacije",True,164,1,1,164,0,0
https://openalex.org/I4405269082,Fondation Merac,True,1479,1,1,1479,0,0
https://openalex.org/I4405269134,Cooperative Institute for Marine and Atmospheric Research,True,182,1,1,182,0,0
https://openalex.org/I4405269179,Instituto Nacional das Infra-Estruturas de Qualidade,True,506,1,1,506,0,0
https://openalex.org/I4405269201,Centre de recherches mathématiques,True,3485,1,1,3485,0,0
https://openalex.org/I4405269259,"Ministrstvo za izobraževanje, znanost in mladino",True,164,2,1,164,0,0
https://openalex.org/I4405269311,Jeddah First Health Cluster,True,1234,4,1,1234,0,0
https://openalex.org/I4405269375,"Office of Innovation, Affordability, and Consumer Choice",True,7068,3,1,7068,0,0
https://openalex.org/I4405269408,Office of Energy Technology,True,7068,6,1,7068,0,0
https://openalex.org/I4405269412,Transportation Technologies Office,True,7068,1,1,7068,0,0
https://openalex.org/I4405269549,Risk Management Tools and Technologies,True,7068,1,1,7068,0,0
https://openalex.org/I4405269557,Laboratoire Paléontologie Évolution Paléoécosystèmes Paléoprimatologie,True,2010,1,1,2010,0,0
https://openalex.org/I4405269788,Office of Oil and Gas,True,7068,1,1,7068,0,0
https://openalex.org/I4405269795,Beneficentia Stiftung,True,,1,0,,2,0
https://openalex.org/I4405269913,National Sea Grant College Program,True,7068,33,19,1642;182;2204;4510;5527;5853;5949;6541;6678;6755;6833;6887;6929;7044;7050;7068;7244;7312;7347,13,0
https://openalex.org/I4405269987,Percy Falk Foundation,True,1445,1,1,1445,0,0
https://openalex.org/I4405269998,Hydrocarbons and Geothermal Office,True,7068,10,2,7020;7068,0,0
https://openalex.org/I4405270177,LOOP,True,3200,1,1,3200,0,0
https://openalex.org/I4405270221,Ministry of Transport,True,1894,1,1,1894,0,0
https://openalex.org/I4405270486,Lupus Canada,True,2626,1,1,2626,0,0
https://openalex.org/I4405270596,Canadian Society for Molecular Biosciences,True,1837,1,1,1837,0,0
https://openalex.org/I4405270650,Israel Innovation Authority,True,1507,1,1,1507,0,0
https://openalex.org/I4405271145,CapitalCare,True,1572,1,1,1572,0,0
https://openalex.org/I4405271692,Novonesis (Denmark),True,537,6,5,3343;4767;5129;537;6942,0,0
https://openalex.org/I4405271887,Uzbekistan State Institute of Arts and Culture,True,2481,1,2,2481;346,0,0
https://openalex.org/I4405272122,Harmony Biosciences (United States),True,7165,1,1,7165,0,0
https://openalex.org/I4405272187,Saudi Food and Drug Authority,True,3327,1,1,3327,0,0
https://openalex.org/I4405272388,Clinifutur,True,468,1,2,147;468,0,0
https://openalex.org/I4405272622,Utah Department of Health and Human Services,True,4881,2,1,4881,0,0
https://openalex.org/I4405272788,DNA Genotek (Canada),True,3343,1,1,3343,0,0
https://openalex.org/I4405273152,Haleon (United Kingdom),True,5288,1,2,5288;7244,0,0
https://openalex.org/I4405273223,State Key Laboratory of Advanced Separation Membrane Materials,True,8055,1,1,8055,0,0
https://openalex.org/I4405273474,Institut du cancer de Montréal,True,3485,1,1,3485,0,0
https://openalex.org/I4405273535,"Centre Méditerranéen de Sociologie, de Science Politique et d'Histoire",True,3948,1,1,3948,0,0
https://openalex.org/I4405273668,NOAA Meteorological Development Laboratory,True,7068,1,1,7068,0,0
https://openalex.org/I4405273882,AMBiS Corp. (Japan),True,4199,1,2,4199;4267,0,0
https://openalex.org/I4405274474,IHI Agri-Tech Corporation (Japan),True,,1,0,,2,0
https://openalex.org/I4405275207,"Sumitomo Heavy Industries Gearbox Co., Ltd. (Japan)",True,3956,1,2,3956;4532,0,0
https://openalex.org/I4405276282,Bristol NHS Foundation Trust,True,3099,16,2,2508;3099,0,0
https://openalex.org/I4405276376,Centre de Recherche en CardioVasculaire et Nutrition,True,3911,2,1,3911,0,0
https://openalex.org/I4405276391,Centre de Recherche en Psychologie et Neurosciences,True,3911,3,2,2702;3911,0,0
https://openalex.org/I4405276428,Dynamique et durabilité des écosystèmes : de la source à l'océan,True,824,1,2,398;824,0,0
https://openalex.org/I4405276818,Anusandhan National Research Foundation,True,7466,1,1,7466,0,0
https://openalex.org/I4405276989,Vinmec Healthcare System,True,2207,10,7,2207;3569;3745;4545;5038;5080;5706,1,0
https://openalex.org/I4405277300,“Tribhuvan” Sahkari University,True,6438,1,1,6438,0,0
https://openalex.org/I4405277369,Complejo Asistencial Universitario de León,True,2571,3,1,2571,0,0
https://openalex.org/I4405277512,"State Institution ""Ukrainian Center of Maternity and Childhood of the National Academy of Medical Sciences of Ukraine""",True,2203,2,1,2203,0,0
https://openalex.org/I4405277693,Institut Strauss,True,4558,1,1,4558,0,0
https://openalex.org/I4405277968,FBK Center for Information and Communication Technology,True,2891,1,1,2891,0,0
https://openalex.org/I4405278216,Agencia Nacional de Investigación y Desarrollo,True,2072,1,1,2072,0,0
https://openalex.org/I4405278324,Instituto de Tecnologia Química e Biológica António Xavier,True,310,1,1,310,0,0
https://openalex.org/I4405392,Boğaziçi University,True,1637,1,1,1637,0,0
https://openalex.org/I44202434,Fundação Getulio Vargas,True,6961,5,2,6567;6961,0,0
https://openalex.org/I44260953,Heinrich Heine University Düsseldorf,True,815,3,2,1064;815,0,0
https://openalex.org/I44265643,Rowan University,True,7165,1,1,7165,0,0
https://openalex.org/I4432739,University of Bergen,True,131,2,1,131,0,0
https://openalex.org/I44445938,Shandong Jianzhu University,True,8476,1,1,8476,0,0
https://openalex.org/I44461941,University of Houston,True,5511,1,1,5511,0,0
https://openalex.org/I44504214,Czech Technical University in Prague,True,535,7,1,535,0,0
https://openalex.org/I44563897,Université d'Artois,True,3098,7,3,2993;3098;3200,0,0
https://openalex.org/I44619346,Textron (United States),True,7312,3,4,1064;5741;7244;7312,0,0
https://openalex.org/I44666525,University of the South Pacific,True,57,3,2,155;57,2,0
https://openalex.org/I44892455,Takeda (Japan),True,3956,29,23,1269;1427;1445;1479;154;1830;2626;2702;310;3485;3881;3906;3956;415;4946;5000;5288;537;5550;596;6654;7347;790,0,0
https://openalex.org/I45029084,City University of Seattle,True,4510,1,1,4510,1,0
https://openalex.org/I45084792,University of Florence,True,3106,4,1,3106,0,0
https://openalex.org/I45129253,University College London,True,5288,16,4,146;156;4159;5288,0,0
https://openalex.org/I4517696,National Guard Health Affairs,True,3327,1,2,3327;3691,0,0
https://openalex.org/I45292742,International Association for Dental Research,True,7068,1,1,7068,0,0
https://openalex.org/I4537092,Addis Ababa University,True,5821,2,1,5821,0,0
https://openalex.org/I45438204,The University of Texas at San Antonio,True,5229,2,1,5229,0,0
https://openalex.org/I45643870,Pontifícia Universidade Católica do Rio Grande do Sul,True,5593,1,1,5593,0,0
https://openalex.org/I45683168,Polytechnique Montréal,True,3485,1,1,3485,0,0
https://openalex.org/I4575257,Hanyang University,True,94,5,1,94,0,0
https://openalex.org/I4577782,Technische Universität Berlin,True,4946,3,1,4946,0,0
https://openalex.org/I4588055,Tottori University,True,3003,1,1,3003,0,0
https://openalex.org/I45928872,Alibaba Group (China),True,10078,2,2,10078;1255,1,0
https://openalex.org/I46043019,Berlin University of the Arts,True,4946,3,1,4946,0,0
https://openalex.org/I46247651,University of Manitoba,True,1837,4,1,1837,0,0
https://openalex.org/I4626487,King Faisal University,True,3647,1,2,3647;483,0,0
https://openalex.org/I4647051,Université de Picardie Jules Verne,True,2824,40,3,1294;2824;3200,1,0
https://openalex.org/I46529539,Chinese Academy of Fishery Sciences,True,7704,5,5,10097;7704;8578;9711;9963,1,0
https://openalex.org/I46603895,Varian Medical Systems (United States),True,1255,4,4,1064;1255;1837;5288,1,0
https://openalex.org/I4665924,University of Rostock,True,4586,2,1,4586,1,0
https://openalex.org/I4693666,GGG (France),True,2702,1,2,2702;596,0,0
https://openalex.org/I47251452,Wake Forest University,True,6893,5,1,6893,1,0
https://openalex.org/I47367911,United Kingdom Atomic Energy Authority,True,4792,2,1,4792,0,0
https://openalex.org/I47431100,Dassault Systèmes (France),True,2702,7,7,2204;2702;3304;3485;4736;5129;7244,0,0
https://openalex.org/I47508984,Imperial College London,True,5288,8,3,187;5288;6790,0,0
https://openalex.org/I47689461,Northeast Forestry University,True,8332,1,2,7704;8332,0,0
https://openalex.org/I47720641,Huazhong University of Science and Technology,True,8989,7,2,8486;8989,0,0
https://openalex.org/I47834966,Framingham State University,True,7337,1,1,7337,0,0
https://openalex.org/I4800084,Southwest Jiaotong University,True,5723,2,1,5723,0,0
https://openalex.org/I48018076,Christ University,True,9099,1,2,7466;9099,0,0
https://openalex.org/I48071105,Anstalt für Verbrennungskraftmaschinen List (Austria),True,654,1,1,654,0,0
https://openalex.org/I48076826,Chiang Mai University,True,170,1,2,170;1894,0,0
https://openalex.org/I48430043,Institut National des Sciences Appliquées de Lyon,True,3718,29,5,2702;3628;3709;3718;4822,0,0
https://openalex.org/I48447730,NOAA Great Lakes Environmental Research Laboratory,True,6929,1,1,6929,0,0
https://openalex.org/I48633490,Mass General Brigham,True,7347,14,1,7347,1,0
https://openalex.org/I48825208,Université Paris 8,True,2702,17,2,2702;468,0,0
https://openalex.org/I48890080,Brandon University,True,,1,1,1837,1,0
https://openalex.org/I4921948,Pusan National University,True,3057,3,1,3057,0,0
https://openalex.org/I4923324,Fraunhofer-Gesellschaft,True,4736,109,44,1003;1064;1287;154;165;1761;2072;2079;2220;2435;2501;2877;2988;3002;3093;3144;3297;3580;3667;3713;3793;4153;4221;4288;4321;44;4454;4520;4553;4586;4618;4708;4736;4788;4946;4971;4996;536;6948;7068;7165;7347;790;955,4,0
https://openalex.org/I49324905,Equinor (Norway),True,298,2,3,1276;298;5288,0,0
https://openalex.org/I49451733,Université d'Angers,True,1496,20,5,1496;1933;3718;824;954,1,0
https://openalex.org/I49502546,Alfred University,True,,1,0,,2,0
https://openalex.org/I49595703,Ethiopian Institute of Agricultural Research,True,5821,1,2,5662;5821,0,0
https://openalex.org/I49663120,Université du Québec,True,3789,34,4,3343;3485;3750;3789,4,0
https://openalex.org/I49828101,Hamad Medical Corporation,True,146,1,1,146,0,0
https://openalex.org/I49946491,Hyundai Motors (South Korea),True,94,2,3,1642;3093;94,0,0
https://openalex.org/I5023651,McGill University,True,3485,6,1,3485,0,0
https://openalex.org/I50357001,Universidad Carlos III de Madrid,True,3147,2,1,3147,0,0
https://openalex.org/I50441567,Universitat de les Illes Balears,True,4589,3,1,4589,1,0
https://openalex.org/I50754188,ArcelorMittal (Luxembourg),True,103,9,7,103;1389;2157;2663;2883;657;6654,2,0
https://openalex.org/I507952983,Dr. NTR University of Health Sciences,True,9794,1,2,10055;9794,0,0
https://openalex.org/I51101395,Université Paris 1 Panthéon-Sorbonne,True,2702,35,2,2702;3718,0,0
https://openalex.org/I51158804,Massey University,True,598,3,2,133;598,0,0
https://openalex.org/I51195161,École de management de Lyon,True,3718,2,1,3718,0,0
https://openalex.org/I51205905,Kedge Business School,True,1397,2,2,1397;3911,0,0
https://openalex.org/I51216347,Anglia Ruskin University,True,5550,1,2,5550;5615,0,0
https://openalex.org/I51226738,Dong-A University,True,3057,1,1,3057,0,0
https://openalex.org/I5124864,École Polytechnique Fédérale de Lausanne,True,215,2,3,1479;215;29,0,0
https://openalex.org/I51314090,University of Osijek,True,833,3,2,410;833,1,0
https://openalex.org/I51556381,University of Virginia,True,,2,1,5349,2,0
https://openalex.org/I51579864,Stryker (United States),True,6875,9,8,1427;259;2626;3718;5047;5129;536;6875,2,0
https://openalex.org/I51826884,Kocaeli Üniversitesi,True,2608,1,1,2608,0,0
https://openalex.org/I52099693,University of York,True,5024,3,2,3147;5024,0,0
https://openalex.org/I52158045,China Agricultural University,True,7704,3,1,7704,0,0
https://openalex.org/I52179390,University of Waikato,True,737,1,2,133;737,0,0
https://openalex.org/I52325,Fundação Oswaldo Cruz,True,6961,1,1,6961,0,0
https://openalex.org/I52357470,The Ohio State University,True,6887,8,1,6887,3,0
https://openalex.org/I52435824,"Institut National du Sport, de l'Expertise et de la Performance",True,2702,1,1,2702,0,0
https://openalex.org/I52585520,Université des Antilles,True,65,12,5,120;2702;3541;65;71,1,0
https://openalex.org/I53262699,École Nationale Supérieure de Mécanique et des Microtechniques,True,4054,3,3,2702;4054;4360,0,0
https://openalex.org/I5332623,ManTech International (United States),True,7068,1,1,7068,0,0
https://openalex.org/I53486688,Skyworks Solutions (United States),True,7347,2,3,5129;5288;7347,0,0
https://openalex.org/I5388228,University of Rochester,True,7183,5,1,7183,0,0
https://openalex.org/I53964585,Weizmann Institute of Science,True,419,2,2,1064;419,0,0
https://openalex.org/I54009628,University of Bayreuth,True,4649,1,1,4649,0,0
https://openalex.org/I54324688,Stantec (Canada),True,1572,1,2,1572;7244,0,0
https://openalex.org/I54388099,Shijonawate Gakuen University,True,3956,1,1,3956,0,0
https://openalex.org/I54459138,University of Salford,True,3304,1,1,3304,0,0
https://openalex.org/I5447759,Pemex (Mexico),True,5006,2,1,5006,0,0
https://openalex.org/I5459901,Universidad Internacional SEK,True,2569,1,2,2072;2569,0,0
https://openalex.org/I54634078,"CESNET, zájmové sdružení právnických osob",True,535,2,1,535,0,0
https://openalex.org/I54713919,Geisinger Health System,True,,6,1,7219,6,0
https://openalex.org/I5476602,Ministry of Health and Family Welfare,True,3705,2,1,3705,0,0
https://openalex.org/I55143463,University of Turin,True,85,1,1,85,0,0
https://openalex.org/I55240360,Yeungnam University,True,2453,2,1,2453,1,0
https://openalex.org/I55271957,Surrey and Borders Partnership NHS Foundation Trust,True,5288,2,2,5125;5288,0,0
https://openalex.org/I55633929,World Bank Group,True,7068,2,2,29;7068,0,0
https://openalex.org/I55712492,Zhejiang University of Technology,True,10078,2,2,10078;10181,0,0
https://openalex.org/I55732556,Arizona State University,True,4211,3,2,2204;4211,0,0
https://openalex.org/I55741626,Technical University of Crete,True,1189,1,2,1189;1298,0,0
https://openalex.org/I55881946,Eisai (Japan),True,5129,7,7,1141;1600;3093;5129;5288;7244;94,0,0
https://openalex.org/I5593406,Universitat Ramon Llull,True,4523,4,2,4358;4523,0,0
https://openalex.org/I55952717,Universitat Rovira i Virgili,True,4358,1,1,4358,0,0
https://openalex.org/I56067802,Université de Rennes,True,824,67,3,5129;824;954,2,0
https://openalex.org/I56085075,University of Tartu,True,237,3,1,237,0,0
https://openalex.org/I56125125,Polytechnic Institute of Viseu,True,,1,0,,2,0
https://openalex.org/I56435720,Université Paris Dauphine-PSL,True,2702,9,1,2702,0,0
https://openalex.org/I56590836,Monash University,True,1266,11,6,1266;1322;2355;3106;4897;7163,0,0
https://openalex.org/I56858762,Universidad Nacional del Sur,True,3786,7,1,3786,1,0
https://openalex.org/I57053284,Rockwell Automation (United States),True,6769,5,5,154;2360;5087;6769;815,1,0
https://openalex.org/I57093077,Swinburne University of Technology,True,1266,1,2,1266;2656,0,0
https://openalex.org/I5716644,Carilion Clinic,True,6923,2,1,6923,0,0
https://openalex.org/I57201433,Università della Svizzera italiana,True,1752,4,1,1752,2,0
https://openalex.org/I57206974,New York University,True,7244,7,5,10097;195;2702;3106;7244,0,0
https://openalex.org/I57328836,North Dakota State University,True,6292,2,1,6292,0,0
https://openalex.org/I57664883,Ajou University,True,94,5,1,94,0,0
https://openalex.org/I57825437,University of Neuchâtel,True,,1,0,,2,0
https://openalex.org/I57904185,National Dairy Development Board,True,6438,1,2,6438;9045,0,0
https://openalex.org/I58028834,Universidade da Madeira,True,143,8,1,143,0,0
https://openalex.org/I58077936,Romanian Academy,True,2114,10,3,1006;2114;2399,0,0
https://openalex.org/I5857645,University of the Highlands and Islands,True,,1,0,,2,0
https://openalex.org/I58716616,Korea Institute of Science and Technology,True,94,3,3,1287;9099;94,0,0
https://openalex.org/I58956616,Case Western Reserve University,True,6990,2,1,6990,0,0
https://openalex.org/I59130452,University of Nebraska Medical Center,True,5985,1,1,5985,0,0
https://openalex.org/I592451,Indiana University,True,6638,23,8,1642;6630;6638;6654;6720;6797;6821;6857,5,0
https://openalex.org/I59293822,St. Joseph’s Healthcare Hamilton,True,2626,1,1,2626,0,0
https://openalex.org/I59361560,Instituto Politécnico Nacional,True,5006,2,2,5006;5813,0,0
https://openalex.org/I59411706,Adam Mickiewicz University in Poznań,True,1529,1,1,1529,1,0
https://openalex.org/I59553526,Stony Brook University,True,7244,1,1,7244,0,0
https://openalex.org/I59611059,Institute of Mathematical Sciences,True,9850,1,2,2702;9850,0,0
https://openalex.org/I59692284,École d'Ingénieurs en Chimie et Sciences du Numérique,True,3718,8,3,3628;3709;3718,0,0
https://openalex.org/I59897056,"California State University, Long Beach",True,1642,1,1,1642,0,0
https://openalex.org/I60053951,Universitat Politècnica de València,True,4156,6,1,4156,1,0
https://openalex.org/I60134161,Nagoya University,True,4532,1,1,4532,0,0
https://openalex.org/I60158472,Concordia University,True,3485,1,1,3485,0,0
https://openalex.org/I60262850,Phillips University,True,,1,1,3956,1,0
https://openalex.org/I60325297,International Water Management Institute (IWMI),True,434,2,3,3700;434;5821,0,0
https://openalex.org/I60388903,University of Puerto Rico-Mayaguez,True,,2,1,308,2,0
https://openalex.org/I60488453,Middlesex University London,True,5288,2,2,357;5288,1,0
https://openalex.org/I60587646,Brno University of Technology,True,1177,2,2,1177;535,0,0
https://openalex.org/I60638368,Covance (United States),True,7165,4,5,1761;1830;4526;7163;7165,0,0
https://openalex.org/I60858718,University of Aveiro,True,,20,1,310,18,0
https://openalex.org/I60922564,Naver (South Korea),True,94,2,2,5129;94,0,0
https://openalex.org/I61515104,University of Florida Health Science Center,True,6574,3,1,6574,3,0
https://openalex.org/I61702852,Royal University of Bhutan,True,,1,0,,2,0
https://openalex.org/I61822063,ICF International (United States),True,7068,1,2,5288;7068,0,0
https://openalex.org/I61970326,Vertex Pharmaceuticals (United States),True,7347,2,3,3485;4792;7347,0,0
https://openalex.org/I62318514,University of Duisburg-Essen,True,536,5,1,536,0,0
https://openalex.org/I62318804,Universidad Nacional de Entre Ríos,True,4008,3,2,3238;4008,1,0
https://openalex.org/I62396329,Université de Rouen Normandie,True,2159,42,4,1680;2159;2702;3495,1,0
https://openalex.org/I6289922,Universidade de Vigo,True,952,1,1,952,1,0
https://openalex.org/I62916508,Technical University of Munich,True,4736,8,1,4736,0,0
https://openalex.org/I63135867,University of Cincinnati,True,6790,1,1,6790,0,0
https://openalex.org/I63190737,"University at Buffalo, State University of New York",True,7141,3,4,2204;6541;7068;7141,0,0
https://openalex.org/I63471342,Universidad de Magallanes,True,2982,1,2,2072;2982,0,0
https://openalex.org/I63475719,SUNY Plattsburgh,True,,1,0,,2,0
https://openalex.org/I63525965,Western Sydney University,True,1830,1,2,1830;2355,0,0
https://openalex.org/I63533367,General Atomics (United States),True,2204,1,1,2204,0,0
https://openalex.org/I63548447,Lappeenranta-Lahti University of Technology,True,,1,1,687,1,0
https://openalex.org/I63596082,Tunis El Manar University,True,1545,2,1,1545,0,0
https://openalex.org/I63601056,Menoufia University,True,4710,1,1,4710,0,0
https://openalex.org/I63634437,Universidad Autónoma de Madrid,True,3147,6,1,3147,0,0
https://openalex.org/I63664421,Swiss Federal Institute of Aquatic Science and Technology,True,1479,1,1,1479,0,0
https://openalex.org/I63739035,All India Institute of Medical Sciences,True,7466,1,1,7466,0,0
https://openalex.org/I63772739,Florida Atlantic University,True,6442,1,2,6442;6558,0,0
https://openalex.org/I63797719,Universidad Centroamericana José Simeón Cañas,True,888,1,1,888,0,0
https://openalex.org/I63903255,Northern Norway Regional Health Authority,True,,3,0,,4,0
https://openalex.org/I63966007,Massachusetts Institute of Technology,True,7347,15,2,639;7347,0,0
https://openalex.org/I64180646,International Institute of Tropical Agriculture,True,2526,5,6,1657;1899;2295;2526;3280;363,0,0
https://openalex.org/I64264942,Federal Medical-Biological Agency,True,2262,10,6,1064;2262;4572;5115;6179;750,1,0
https://openalex.org/I64492213,International Center for Tropical Agriculture,True,1284,2,3,1284;2171;2207,0,0
https://openalex.org/I64767286,Clalit Health Services,True,419,8,2,1085;419,1,0
https://openalex.org/I65143321,Hitachi (Japan),True,5129,11,9,1132;1255;1427;1751;2702;4159;4736;5129;94,1,0
https://openalex.org/I65674248,Visvesvaraya Technological University,True,8052,1,2,8052;8569,0,0
https://openalex.org/I65806277,Université de Limoges,True,2233,24,3,2010;2233;3353,0,0
https://openalex.org/I66217453,Cadence Design Systems (United States),True,1255,3,4,1255;4736;5125;7466,0,0
https://openalex.org/I66752286,University of Milano-Bicocca,True,1600,1,1,1600,0,0
https://openalex.org/I66760702,Council of Scientific and Industrial Research,True,7466,42,24,10243;10285;10354;10375;10452;10526;3357;6016;6162;6781;6825;7466;7581;7607;7617;7841;8258;8848;8896;8952;9045;9099;9157;9850,1,0
https://openalex.org/I66862912,Chalmers University of Technology,True,165,1,2,1445;165,0,0
https://openalex.org/I66867065,East China Normal University,True,10097,2,1,10097,0,0
https://openalex.org/I66943878,De Montfort University,True,4925,1,2,2583;4925,0,0
https://openalex.org/I66946132,"University of Maryland, College Park",True,7068,9,1,7068,1,0
https://openalex.org/I66947310,National Laboratory for Civil Engineering,True,310,1,1,310,0,0
https://openalex.org/I66958751,Woods Hole Oceanographic Institution,True,,2,0,,3,0
https://openalex.org/I67031392,Carleton University,True,3343,1,1,3343,0,0
https://openalex.org/I67120841,Voestalpine (Austria),True,361,3,4,1445;3246;361;6567,0,0
https://openalex.org/I67171562,Yara (Norway),True,596,2,2,5024;596,1,0
https://openalex.org/I67218396,East Lancashire Hospitals NHS Trust,True,3401,5,1,3401,0,0
https://openalex.org/I67311998,European Organization for Nuclear Research,True,29,1,1,29,0,0
https://openalex.org/I67339987,Atlantic Health System,True,7244,3,1,7244,0,0
https://openalex.org/I67348948,Bayer (Germany),True,1064,22,21,10097;1064;1269;1427;1600;1830;2626;310;3718;5006;5047;5129;535;596;687;7163;7244;869;935;94;959,0,0
https://openalex.org/I67415387,Lancaster University,True,2939,1,1,2939,0,0
https://openalex.org/I6750721,University of Montana,True,,1,0,,2,0
https://openalex.org/I67900169,Chung-Ang University,True,94,3,1,94,0,0
https://openalex.org/I68109076,Tenneco (United States),True,6741,2,1,6741,2,0
https://openalex.org/I68384125,Thomson Reuters (United States),True,7244,3,4,29;5288;6461;7244,0,0
https://openalex.org/I68887363,Amkor Technology (United States),True,4211,1,2,4211;878,0,0
https://openalex.org/I68916915,University of Gabès,True,1813,1,1,1813,0,0
https://openalex.org/I68947357,Université de Strasbourg,True,4558,84,5,2702;4192;4393;4459;4558,0,0
https://openalex.org/I68956291,Martin Luther University Halle-Wittenberg,True,4708,3,1,4708,2,0
https://openalex.org/I69048370,Renaissance Computing Institute,True,6942,1,2,1642;6942,0,0
https://openalex.org/I69181431,Universidad de las Américas Puebla,True,5327,1,2,5006;5327,0,0
https://openalex.org/I69552723,University of Pretoria,True,3700,2,2,189;3700,0,0
https://openalex.org/I69737025,University of Chile,True,2072,5,1,2072,0,0
https://openalex.org/I70055295,Latvian Academy of Sciences,True,279,5,1,279,0,0
https://openalex.org/I70348806,Université Polytechnique Hauts-de-France,True,3400,5,2,3200;3400,0,0
https://openalex.org/I70349855,Vietnam Academy of Science and Technology,True,2207,11,3,2207;5038;5706,0,0
https://openalex.org/I70640408,Tehran University of Medical Sciences,True,4686,43,1,4686,0,0
https://openalex.org/I70703428,Palacký University Olomouc,True,1286,10,2,1286;535,0,0
https://openalex.org/I70745867,KLA (United States),True,1255,4,4,1255;1409;2086;415,0,0
https://openalex.org/I70768539,École Nationale Supérieure des Mines de Paris,True,2702,22,3,2702;2938;4426,0,0
https://openalex.org/I70900168,Université Savoie Mont Blanc,True,4124,17,5,3353;3718;3984;4124;4226,1,0
https://openalex.org/I70931966,Université de Montréal,True,3485,8,1,3485,0,0
https://openalex.org/I70983195,Syracuse University,True,7256,1,1,7256,0,0
https://openalex.org/I71001175,National Oilwell Varco (United States),True,,2,1,3304,2,0
https://openalex.org/I71052956,University of Reading,True,5047,1,2,4159;5047,0,0
https://openalex.org/I71187865,Henkel (Germany),True,815,5,6,1269;1793;415;5288;7302;815,0,0
https://openalex.org/I71267560,University of Naples Federico II,True,4333,2,1,4333,0,0
https://openalex.org/I71353707,Enel (Italy),True,3881,1,2,2663;3881,0,0
https://openalex.org/I71422933,Sheffield Hallam University,True,4460,1,1,4460,0,0
https://openalex.org/I71503853,University of Algarve,True,,4,0,,5,0
https://openalex.org/I71637028,University of Brighton,True,5406,1,1,5406,0,0
https://openalex.org/I71799228,KDDI (Japan),True,5129,1,1,5129,0,0
https://openalex.org/I71824836,Swiss Federal Laboratories for Materials Science and Technology,True,1479,1,1,1479,0,0
https://openalex.org/I71830129,ThyssenKrupp (Germany),True,536,8,8,163;2877;3881;3912;4767;536;6567;7704,1,0
https://openalex.org/I71999127,Universitat de Barcelona,True,4523,8,1,4523,0,0
https://openalex.org/I72054575,Cochrane,True,4792,2,3,1276;4792;6567,0,0
https://openalex.org/I72090969,Nokia (United States),True,5543,1,2,5543;7244,0,0
https://openalex.org/I72139825,École Nationale Supérieure des Arts et Industries Textiles,True,3200,1,1,3200,0,0
https://openalex.org/I72140183,Cowi (Denmark),True,537,1,2,537;596,0,0
https://openalex.org/I72212903,Harbin Veterinary Research Institute,True,8332,1,1,8332,0,0
https://openalex.org/I72227227,Makerere University,True,1899,1,1,1899,0,0
https://openalex.org/I72427458,JDSU (United States),True,1255,3,4,1255;3343;805;9725,0,0
https://openalex.org/I72816309,Drexel University,True,7165,1,1,7165,0,0
https://openalex.org/I7287704,Jewish Hospital,True,6790,1,2,6630;6790,0,0
https://openalex.org/I72951846,Washington State University,True,,6,3,4444;4781;5138,3,0
https://openalex.org/I73305655,AkzoNobel (Netherlands),True,1427,6,6,1427;165;3485;3793;5288;6654,1,0
https://openalex.org/I73613424,National Institute of Advanced Industrial Science and Technology,True,5129,3,1,5129,0,0
https://openalex.org/I73616290,Korea Research Institute of Bioscience and Biotechnology,True,1782,1,1,1782,0,0
https://openalex.org/I74316835,Vodafone (United Kingdom),True,5047,8,7,146;310;3147;5047;536;815;959,1,0
https://openalex.org/I74413500,University of Windsor,True,1996,5,1,1996,0,0
https://openalex.org/I74485261,Shandong Agricultural University,True,8604,1,1,8604,0,0
https://openalex.org/I7454413,École Centrale de Lille,True,3200,11,1,3200,0,0
https://openalex.org/I74623043,Deutsche Bundesbank,True,3093,1,1,3093,1,0
https://openalex.org/I74656192,University of Göttingen,True,4083,8,1,4083,0,0
https://openalex.org/I74680897,Procter & Gamble (United States),True,6790,10,10,1269;1894;2702;29;296;3093;3881;5288;6790;7163,1,0
https://openalex.org/I74760111,Texas Instruments (United States),True,5543,10,11,1479;154;1793;2702;415;4736;5067;5129;5543;596;9099,0,0
https://openalex.org/I74775410,Rice University,True,5511,2,1,5511,0,0
https://openalex.org/I74788687,Comenius University Bratislava,True,163,1,1,163,1,0
https://openalex.org/I74796645,"Birla Institute of Technology and Science, Pilani",True,6825,3,3,357;6825;7857,1,0
https://openalex.org/I74801974,The University of Tokyo,True,5129,10,2,1642;5129,2,0
https://openalex.org/I74920221,University of La Serena,True,806,1,2,2072;806,0,0
https://openalex.org/I74973139,Carnegie Mellon University,True,7020,9,7,1338;146;2204;310;6541;7020;7068,0,0
https://openalex.org/I75027704,University of Tennessee at Knoxville,True,6685,1,1,6685,0,0
https://openalex.org/I75171615,Deutsche Post (Germany),True,1064,3,4,1064;3147;6442;935,0,0
https://openalex.org/I75380228,McKinsey & Company (United States),True,7244,3,4,310;5288;7244;815,0,0
https://openalex.org/I75390827,Beijing University of Chemical Technology,True,7704,1,1,7704,0,0
https://openalex.org/I75420490,Louisiana State University Health Sciences Center New Orleans,True,5865,1,1,5865,0,0
https://openalex.org/I75655653,Finnish Transport Infrastructure Agency,True,687,1,1,687,0,0
https://openalex.org/I75689368,Communication University of China,True,7704,1,1,7704,0,0
https://openalex.org/I75717288,Rogers (United States),True,,1,0,,2,0
https://openalex.org/I75778554,Federico Santa María Technical University,True,1055,2,2,1055;2072,0,0
https://openalex.org/I75909800,Southern Oregon University,True,4073,1,1,4073,1,0
https://openalex.org/I75951250,Freie Universität Berlin,True,4946,5,2,1064;4946,0,0
https://openalex.org/I7597260,Hungarian Academy of Sciences,True,964,22,2,1080;964,0,0
https://openalex.org/I76130692,Zhejiang University,True,10078,15,6,10024;10078;10143;10335;7704;9701,1,0
https://openalex.org/I7618884,Borregaard (Norway),True,,1,1,3304,1,0
https://openalex.org/I76198965,Friedrich Schiller University Jena,True,4618,1,1,4618,0,0
https://openalex.org/I76214153,Lanzhou University,True,3828,2,1,3828,1,0
https://openalex.org/I76245029,Ss. Cyril and Methodius University in Skopje,True,441,1,1,441,0,0
https://openalex.org/I76248293,National Nuclear Energy Commission,True,6961,5,4,6567;6870;6961;7418,0,0
https://openalex.org/I76414455,"Kasturba Medical College, Manipal",True,8281,1,1,8281,0,0
https://openalex.org/I76442945,Hamilton Health Sciences,True,2626,7,1,2626,0,0
https://openalex.org/I76569877,Southeast University,True,9701,3,1,9701,0,0
https://openalex.org/I76903346,University of Coimbra,True,1118,48,4,1003;1118;143;310,1,0
https://openalex.org/I77079311,Wonkwang University,True,1867,8,5,1782;1867;2098;2246;94,0,0
https://openalex.org/I77134640,Federal Mogul (United States),True,6948,5,4,165;2374;2639;6948,2,0
https://openalex.org/I78037679,UiT The Arctic University of Norway,True,,1,0,,2,0
https://openalex.org/I78577930,Columbia University,True,7244,5,1,7244,0,0
https://openalex.org/I78650965,Technische Universität Dresden,True,4996,29,2,4153;4996,1,0
https://openalex.org/I78744979,La Rochelle Université,True,1294,16,3,1294;1397;954,1,0
https://openalex.org/I78757542,University of Newcastle Australia,True,1912,2,1,1912,0,0
https://openalex.org/I7877124,Charité - Universitätsmedizin Berlin,True,4946,6,2,2702;4946,0,0
https://openalex.org/I7882870,University of Glasgow,True,955,7,1,955,1,0
https://openalex.org/I7883018,Fundação para a Ciência e Tecnologia,True,310,2,1,310,0,0
https://openalex.org/I79189158,University of Castilla-La Mancha,True,3044,2,2,3044;3147,0,0
https://openalex.org/I79209787,Salisbury NHS Foundation Trust,True,,5,1,3099,5,0
https://openalex.org/I7923278,Shell (Netherlands),True,296,10,11,1276;2702;296;3010;3793;5129;5288;5511;596;6961;7466,0,0
https://openalex.org/I79238269,Universidad de Sevilla,True,2008,9,2,2008;3147,0,0
https://openalex.org/I7947594,University of Maine,True,,2,0,,3,0
https://openalex.org/I79510175,Cardiff University,True,2086,2,2,2086;6790,0,0
https://openalex.org/I79576946,University of Pennsylvania,True,7165,1,1,7165,0,0
https://openalex.org/I79619799,University of Birmingham,True,3799,3,1,3799,0,0
https://openalex.org/I79741316,University of Pecs,True,700,1,1,700,1,0
https://openalex.org/I79746392,IRYO Sosei University,True,,1,0,,2,0
https://openalex.org/I79817857,University of Guelph,True,2560,3,1,2560,0,0
https://openalex.org/I80043,Institut Curie,True,2702,19,2,2702;3541,0,0
https://openalex.org/I80232743,Jisc,True,3099,1,2,3099;3304,0,0
https://openalex.org/I80251312,HUN-REN Research Centre for Natural Sciences,True,964,4,1,964,0,0
https://openalex.org/I80276326,University of Guam,True,,1,0,,2,0
https://openalex.org/I80281795,University of Otago,True,133,2,2,133;598,0,0
https://openalex.org/I80605987,NOAA Earth System Research Laboratory,True,5332,4,1,5332,0,0
https://openalex.org/I80611190,Jeonbuk National University,True,2098,2,1,2098,0,0
https://openalex.org/I80693520,American University in Cairo,True,3981,1,2,3981;7244,0,0
https://openalex.org/I8087733,University of Tübingen,True,3869,5,1,3869,0,0
https://openalex.org/I81365321,Old Dominion University,True,7050,1,1,7050,0,0
https://openalex.org/I81831788,Health and Safety Executive,True,2374,1,2,2374;3304,0,0
https://openalex.org/I82002896,Central University of Venezuela,True,4040,1,1,4040,0,0
https://openalex.org/I8204097,Ludwig-Maximilians-Universität München,True,4736,48,1,4736,0,0
https://openalex.org/I8248082,Florida Agricultural and Mechanical University,True,6215,1,1,6215,0,0
https://openalex.org/I82495205,University of Alabama in Huntsville,True,6248,3,1,6248,0,0
https://openalex.org/I82514191,Honeywell (United States),True,6851,11,11,1427;1830;2114;215;2626;2702;3304;535;6851;7244;9099,1,0
https://openalex.org/I825935405,Oceaneering International (United States),True,,1,1,3949,1,0
https://openalex.org/I82700718,Lear (United States),True,6948,2,2,4156;6948,1,0
https://openalex.org/I82724352,Universiti Teknologi MARA,True,1322,1,1,1322,0,0
https://openalex.org/I82767444,Universidad de Málaga,True,2822,1,1,2822,0,0
https://openalex.org/I82880672,Beihang University,True,7704,3,2,10078;7704,0,0
https://openalex.org/I82951845,RMIT University,True,1266,3,3,1266;4523;5038,0,0
https://openalex.org/I82994568,Agency for Healthcare Research and Quality,True,7068,1,1,7068,0,0
https://openalex.org/I83202590,Jeju National University,True,2713,1,1,2713,0,0
https://openalex.org/I83240208,British Medical Association,True,5288,2,1,5288,0,0
https://openalex.org/I83399316,Rockefeller University,True,7244,2,1,7244,0,0
https://openalex.org/I83519826,Nanjing Medical University,True,9701,1,1,9701,0,0
https://openalex.org/I83558840,Universidade Nova de Lisboa,True,310,54,3,1118;143;310,0,0
https://openalex.org/I83648350,Universidade Federal do Estado do Rio de Janeiro,True,6961,1,1,6961,0,0
https://openalex.org/I83790135,Whirlpool (United States),True,,5,5,1524;1600;3580;6567;7466,1,0
https://openalex.org/I83816512,University of Genoa,True,1309,1,1,1309,0,0
https://openalex.org/I83860666,HEC Paris,True,2702,4,2,146;2702,0,0
https://openalex.org/I83863532,Polytechnic Institute of Porto,True,1003,23,3,1003;310;878,2,0
https://openalex.org/I83909951,Morgan State University,True,7123,1,1,7123,0,0
https://openalex.org/I839966561,Lone Star College,True,5511,3,1,5511,0,0
https://openalex.org/I84009706,ENSAE Paris,True,2702,2,1,2702,0,0
https://openalex.org/I84218800,"University of California, Davis",True,3282,2,2,3282;4038,0,0
https://openalex.org/I84381889,Alps Electric (Japan),True,5129,1,2,5087;5129,0,0
https://openalex.org/I84392919,Temple University,True,7165,1,1,7165,0,0
https://openalex.org/I84475105,Embry–Riddle Aeronautical University,True,6606,1,1,6606,0,0
https://openalex.org/I84524832,Alexandria University,True,233,1,1,233,0,0
https://openalex.org/I84653119,Academia Sinica,True,1141,32,1,1141,0,0
https://openalex.org/I84776176,Shimadzu (Japan),True,3956,3,4,163;3304;3956;7704,0,0
https://openalex.org/I84884186,Newcastle University,True,4227,5,3,4159;4227;6790,0,0
https://openalex.org/I84909340,Institut des Hautes Études Scientifiques,True,2702,2,1,2702,0,0
https://openalex.org/I85156444,National Astronomical Research Institute of Thailand,True,170,1,1,170,0,0
https://openalex.org/I85324120,Tohoku Medical and Pharmaceutical University,True,4822,2,1,4822,0,0
https://openalex.org/I85459889,Galapagos (Belgium),True,1160,3,4,1160;2702;296;410,0,0
https://openalex.org/I8546481,International Space Science Institute,True,805,1,2,7704;805,0,0
https://openalex.org/I85722119,UCB Pharma (Belgium),True,1269,8,9,1064;1269;1524;2702;310;3147;5129;5288;6451,0,0
https://openalex.org/I85744235,Instituto Piaget,True,,6,2,310;746,4,0
https://openalex.org/I859038795,Virginia Tech,True,,7,1,6923,5,0
https://openalex.org/I860314941,JGC (Japan),True,5129,1,1,5129,0,0
https://openalex.org/I86100027,Intracom Telecom (Greece),True,959,3,3,103;1269;959,0,0
https://openalex.org/I86175216,École Nationale Supérieure de l'Électronique et de ses Applications,True,2702,3,2,2702;4192,0,0
https://openalex.org/I862801819,U.S. Army Space and Missile Defense Command,True,6248,1,1,6248,0,0
https://openalex.org/I862893732,Telkom University,True,5107,2,2,5107;5680,0,0
https://openalex.org/I863118367,GMV Innovating Solutions (Spain),True,3147,2,3,310;3147;3222,0,0
https://openalex.org/I863488634,Coherent (United States),True,1255,2,2,1255;5550,1,0
https://openalex.org/I8636806,University of Sousse,True,2049,1,1,2049,0,0
https://openalex.org/I864088423,Veeco (United States),True,7244,1,1,7244,1,0
https://openalex.org/I86467917,James Cook University,True,2066,2,2,2066;2141,0,0
https://openalex.org/I86501945,University of Delaware,True,7165,6,2,7068;7165,2,0
https://openalex.org/I86519309,The University of Texas at Austin,True,5349,9,1,5349,1,0
https://openalex.org/I865788938,Trelleborg (Sweden),True,481,3,3,4460;481;596,1,0
https://openalex.org/I865915315,Vrije Universiteit Amsterdam,True,1427,1,1,1427,0,0
https://openalex.org/I866009140,Rolls-Royce (United Kingdom),True,5288,4,4,1445;3485;4946;5288,1,0
https://openalex.org/I86613570,Universidad Panamericana,True,5006,3,3,2837;3846;5006,0,0
https://openalex.org/I866586157,Hisamitsu Pharmaceutical (Japan),True,708,2,2,708;7244,0,0
https://openalex.org/I866804994,National Research Foundation,True,3700,5,3,189;1906;3700,0,0
https://openalex.org/I86695891,Australian Catholic University,True,1830,1,1,1830,0,0
https://openalex.org/I867280407,The University of Texas Southwestern Medical Center,True,5543,3,1,5543,0,0
https://openalex.org/I867387847,"Associated Universities, Inc.",True,7068,2,2,5349;7068,1,0
https://openalex.org/I86755215,MedStar Health,True,7068,6,2,7068;7123,0,0
https://openalex.org/I86767153,Université Jean Monnet,True,3628,2,2,3628;3718,0,0
https://openalex.org/I86908984,University of French Polynesia,True,,6,0,,7,0
https://openalex.org/I8692664,University of Oklahoma,True,5705,4,2,5705;5804,0,0
https://openalex.org/I869318450,Ingredion (United States),True,6654,2,2,2626;6654,1,0
https://openalex.org/I869375964,Woodward (United States),True,5431,2,3,1479;536;5431,0,0
https://openalex.org/I869660684,University of the Western Cape,True,189,2,1,189,0,0
https://openalex.org/I86987016,KTH Royal Institute of Technology,True,1445,3,1,1445,0,0
https://openalex.org/I87048295,Wellcome Trust,True,5288,29,21,1525;1854;189;1894;2171;2305;2374;273;2884;3304;4227;4435;4513;4792;4897;5038;5288;5550;572;730;955,0,0
https://openalex.org/I87101506,Swiss National Science Foundation,True,805,7,4,1479;215;29;805,2,0
https://openalex.org/I87111246,Catholic University of Korea,True,94,9,2,1782;94,0,0
https://openalex.org/I87216513,Michigan State University,True,6905,7,4,6875;6905;6929;6960,0,0
https://openalex.org/I872945872,The University of Winnipeg,True,1837,1,1,1837,0,0
https://openalex.org/I87303767,U.S. Army Engineer Research and Development Center,True,,4,0,,5,0
https://openalex.org/I874386039,Universidad Nacional de La Plata,True,4349,18,2,4215;4349,0,0
https://openalex.org/I87445476,Xi'an Jiaotong University,True,7094,5,1,7094,0,0
https://openalex.org/I874609350,Université Jean Moulin Lyon III,True,3718,24,2,2702;3718,0,0
https://openalex.org/I874769580,Tenaga Nasional Berhad (Malaysia),True,1322,1,1,1322,1,0
https://openalex.org/I87531838,Teikyo University,True,5129,1,1,5129,0,0
https://openalex.org/I875728190,Veer Bahadur Singh Purvanchal University,True,9480,2,1,9480,0,0
https://openalex.org/I875825670,National Institute for Astrophysics,True,3881,20,11,1600;2019;3106;3157;3360;3881;4164;4232;4333;4658;85,3,0
https://openalex.org/I876513972,Sage Colleges,True,7292,2,1,7292,0,0
https://openalex.org/I8765205,V. N. Karazin Kharkiv National University,True,3818,1,1,3818,0,0
https://openalex.org/I87653560,VTT Technical Research Centre of Finland,True,687,1,1,687,0,0
https://openalex.org/I878022262,Korea Institute of Science & Technology Information,True,1782,1,1,1782,0,0
https://openalex.org/I87816474,Tata Steel (India),True,7163,2,3,1427;5288;7163,0,0
https://openalex.org/I879563668,Universidade Estadual Paulista (Unesp),True,6567,3,3,5195;5249;6567,0,0
https://openalex.org/I88060688,Universidad Politécnica de Madrid,True,3147,4,1,3147,0,0
https://openalex.org/I880619579,Teledyne Technologies (United States),True,1642,8,8,1160;1642;2355;2360;3984;4444;537;5615,0,0
https://openalex.org/I880747138,Science Applications International Corporation (United States),True,7068,1,1,7068,0,0
https://openalex.org/I88101031,Immersion (United States),True,1255,1,2,1255;3485,0,0
https://openalex.org/I88155538,Universidad de Navarra,True,3872,4,2,3872;4523,0,0
https://openalex.org/I881766915,Nanjing University,True,9701,9,1,9701,0,0
https://openalex.org/I88273585,Universidade Federal de São Paulo,True,6567,1,1,6567,0,0
https://openalex.org/I8833935,Universidad de León,True,2571,2,1,2571,1,0
https://openalex.org/I884043246,Hamburg University of Technology,True,3793,1,1,3793,0,0
https://openalex.org/I88467170,Université d'Évry Val-d'Essonne,True,2702,19,1,2702,0,0
https://openalex.org/I885143765,ABB (Switzerland),True,1479,13,14,1132;1479;1600;298;3041;3171;3304;3485;5129;535;596;687;6942;9099,0,0
https://openalex.org/I88596544,Universidade Lusófona,True,310,16,2,1003;310,0,0
https://openalex.org/I88694374,Marshall University,True,,1,0,,2,0
https://openalex.org/I887054487,MathWorks (United States),True,7337,1,2,5550;7337,0,0
https://openalex.org/I887064364,University of Amsterdam,True,1427,9,1,1427,0,0
https://openalex.org/I887702905,TRW Automotive (United States),True,4211,3,3,2702;3799;4211,1,0
https://openalex.org/I887846188,National Research Nuclear University MEPhI,True,2262,3,3,2040;2262;6179,1,0
https://openalex.org/I887968799,RWTH Aachen University,True,44,1,2,44;4996,0,0
https://openalex.org/I887998513,Bharati Vidyapeeth (Deemed to be University),True,7617,1,2,7617;7881,0,0
https://openalex.org/I88814501,Institut National des Sciences Appliquées Rouen Normandie,True,2159,8,1,2159,0,0
https://openalex.org/I889458895,University of Hong Kong,True,73,2,2,696;73,0,0
https://openalex.org/I889804353,Robert Bosch (Germany),True,3580,15,16,10078;1141;1266;1524;164;1642;2231;3580;3718;4736;5087;5129;6461;6948;9099;964,0,0
https://openalex.org/I8901234,Foundation for Research and Technology Hellas,True,1298,8,1,1298,2,0
https://openalex.org/I89015989,Dankook University,True,94,4,3,1206;1604;94,0,0
https://openalex.org/I890469752,Ministry of Industry and Information Technology,True,7704,8,2,7704;9701,0,0
https://openalex.org/I89079967,Catholic Kwandong University,True,1947,1,2,1947;94,0,0
https://openalex.org/I891191580,Aalborg University,True,46,1,1,46,0,0
https://openalex.org/I891521709,Daimler (Germany),True,3580,3,4,3580;5106;5129;6451,0,0
https://openalex.org/I89199228,Syngenta (Switzerland),True,935,8,8,1558;2304;2560;5550;657;6899;7704;935,1,0
https://openalex.org/I894649795,Ceragon (Israel),True,419,1,2,131;419,0,0
https://openalex.org/I89506807,University of Western Macedonia,True,,1,0,,2,0
https://openalex.org/I8961855,Universidad Nacional Autónoma de México,True,5006,33,5,3993;4718;5006;6079;6139,0,0
https://openalex.org/I8975392,Osmania University,True,9045,1,1,9045,0,0
https://openalex.org/I898379201,Freudenberg (Germany),True,3041,1,2,3041;6948,0,0
https://openalex.org/I89847497,Innospec (United States),True,5332,1,2,2374;5332,0,0
https://openalex.org/I89864525,Universität Trier,True,945,2,1,945,0,0
https://openalex.org/I899635006,Université Grenoble Alpes,True,3984,123,11,1294;2702;3353;3709;3718;3836;3984;4124;5006;5129;954,3,0
https://openalex.org/I899992584,Piramal (India),True,7163,4,5,2626;4867;4946;6748;7163,0,0
https://openalex.org/I900200035,Sun Chemical (United States),True,7244,1,2,5288;7244,0,0
https://openalex.org/I901242617,Zimmer Biomet (Switzerland),True,1479,1,1,1479,0,0
https://openalex.org/I90149893,China Earthquake Administration,True,7704,10,7,4150;7088;7704;7744;7896;8332;8747,0,0
https://openalex.org/I901610228,Lonza (Switzerland),True,935,4,5,1064;2626;5288;7098;935,0,0
https://openalex.org/I90183372,Université de Lorraine,True,4192,91,5,2702;3718;4088;4192;4558,1,0
https://openalex.org/I901861585,Vanderbilt University Medical Center,True,6350,3,1,6350,0,0
https://openalex.org/I901980530,RWE (Germany),True,536,1,2,4125;536,0,0
https://openalex.org/I902626582,Limagrain (France),True,3353,3,3,1496;3353;5518,1,0
https://openalex.org/I90267481,Umeå University,True,,3,0,,4,0
https://openalex.org/I90281761,"National University ""Kyiv Aviation Institute""",True,2203,1,1,2203,0,0
https://openalex.org/I90344618,Medical Research Council,True,5288,43,13,1854;1899;2305;2884;3099;4767;4792;4867;5288;5550;66;6790;955,0,0
https://openalex.org/I903614036,Ministry of Higher Education and Scientific Research,True,195,1,2,195;357,0,0
https://openalex.org/I903889665,Perrigo (United States),True,,8,8,1177;1445;2702;3580;415;419;5288;657,1,0
https://openalex.org/I904013037,Universidad Europea de Madrid,True,3147,1,2,3147;4156,0,0
https://openalex.org/I90425591,Universidad Libre de Colombia,True,4048,1,2,4048;4082,0,0
https://openalex.org/I904495901,Ruhr University Bochum,True,536,3,1,536,0,0
https://openalex.org/I90469020,Teijin (Japan),True,5129,1,2,2659;5129,0,0
https://openalex.org/I90589149,Fresenius Medical Care (Germany),True,3093,1,2,3093;7347,0,0
https://openalex.org/I90610280,South China University of Technology,True,9711,4,2,9711;9718,0,0
https://openalex.org/I90669466,École des hautes études en sciences sociales,True,2702,40,5,2304;2702;3718;3759;3911,0,0
https://openalex.org/I90678064,University of Colombo,True,434,2,1,434,0,0
https://openalex.org/I9073902,"University of Chemistry and Technology, Prague",True,535,4,2,1286;535,0,0
https://openalex.org/I90745801,University of New England,True,,3,0,,4,0
https://openalex.org/I908609501,Finisar (United States),True,1255,3,4,1255;1445;419;4946,0,0
https://openalex.org/I909854389,London School of Economics and Political Science,True,5288,3,2,4159;5288,0,0
https://openalex.org/I91045830,Texas A&M University,True,5527,4,3,146;5527;5543,0,0
https://openalex.org/I910623958,Bombardier (Canada),True,3485,5,6,1132;242;310;3485;3881;4946,0,0
https://openalex.org/I91080651,International Centre for Genetic Engineering and Biotechnology,True,4164,2,2,4164;7466,0,0
https://openalex.org/I910829146,European X-Ray Free-Electron Laser,True,,1,1,3793,1,0
https://openalex.org/I91083438,Fort Hays State University,True,,2,0,,3,0
https://openalex.org/I91123046,University of Latvia,True,279,4,1,279,0,0
https://openalex.org/I91136226,University of Sheffield,True,4460,3,1,4460,0,0
https://openalex.org/I91203450,University of Haifa,True,564,1,1,564,0,0
https://openalex.org/I91221267,Minnesota State Colleges and Universities System,True,6433,36,5,6292;6415;6433;6460;6755,20,0
https://openalex.org/I912315918,CryoLife (United States),True,6451,1,2,5288;6451,0,0
https://openalex.org/I91275662,Science and Engineering Research Council,True,154,8,1,154,1,0
https://openalex.org/I913481162,Wageningen University & Research,True,2324,2,2,1427;2324,0,0
https://openalex.org/I91357014,Banaras Hindu University,True,9562,2,1,9562,0,0
https://openalex.org/I91443412,Bridgestone (Japan),True,708,2,3,4294;6350;708,0,0
https://openalex.org/I914576007,Heidenhain (Germany),True,,2,1,5406,2,0
https://openalex.org/I91492222,University of Maine at Augusta,True,,1,0,,2,0
https://openalex.org/I915464482,Fafo Foundation,True,596,1,1,596,0,0
https://openalex.org/I91633459,Middle East University,True,567,1,1,567,0,0
https://openalex.org/I91712215,Saarland University,True,1287,2,1,1287,0,0
https://openalex.org/I917168660,Montana Technological University,True,,1,0,,2,0
https://openalex.org/I91786662,BioMarin (United States),True,1255,3,4,1255;259;296;5288,0,0
https://openalex.org/I918117844,Organisation Mondiale de la Santé Animale,True,2702,1,2,2702;7244,0,0
https://openalex.org/I918821925,Junta de Andalucía,True,2008,20,6,1931;2008;2637;2700;2822;3300,0,0
https://openalex.org/I91950636,Unisys (United States),True,7165,1,2,1269;7165,0,0
https://openalex.org/I919803642,American Axle & Manufacturing (United States),True,6948,1,1,6948,1,0
https://openalex.org/I9217761,Westinghouse Electric (United States),True,7020,3,4,1132;3041;5129;7020,0,0
https://openalex.org/I921990950,University of Colorado Denver,True,5332,1,1,5332,0,0
https://openalex.org/I922094183,Fluidigm (United States),True,1255,1,2,1255;2626,0,0
https://openalex.org/I9224756,Northeastern University,True,8630,2,1,8630,0,0
https://openalex.org/I92251255,University of Split,True,556,1,1,556,0,0
https://openalex.org/I923382979,ExxonMobil (United States),True,5543,6,7,1276;146;2702;298;3667;5288;5543,0,0
https://openalex.org/I92403157,University of Science and Technology Beijing,True,7704,2,1,7704,0,0
https://openalex.org/I924388194,Murata (Japan),True,3956,3,4,1680;3956;6451;687,0,0
https://openalex.org/I92446798,Colorado State University,True,5431,6,2,5332;5431,0,0
https://openalex.org/I92528248,Qatar Foundation,True,146,5,1,146,0,0
https://openalex.org/I926333354,Tetra Tech (United States),True,1642,2,3,1642;2626;6567,0,0
https://openalex.org/I926567449,LyondellBasell (United States),True,5511,2,3,3093;3311;5511,0,0
https://openalex.org/I926574661,Leipzig University,True,4788,2,2,4788;4996,0,0
https://openalex.org/I92664306,Walter Reed Army Institute of Research,True,7068,4,5,1894;2171;4510;7068;826,0,0
https://openalex.org/I92715842,University of West Bohemia in Pilsen,True,43,3,2,43;535,0,0
https://openalex.org/I927257375,ASML (Netherlands),True,2254,2,3,1427;2254;4211,0,0
https://openalex.org/I92777862,Center for International Forestry Research,True,4897,2,3,2295;2327;4897,0,0
https://openalex.org/I92869138,BOKU University,True,790,2,3,6091;654;790,0,0
https://openalex.org/I928991512,Hexcel (United States),True,5229,1,2,5229;5550,0,0
https://openalex.org/I929267784,WSP (Canada),True,3485,2,3,3485;454;687,0,0
https://openalex.org/I93085520,Silicon Labs (United States),True,5349,1,2,5349;596,0,0
https://openalex.org/I931681460,Universiti Tunku Abdul Rahman,True,,1,1,1322,1,0
https://openalex.org/I9340077,Comisión Nacional de Energía Atómica,True,4215,4,2,1911;4215,0,0
https://openalex.org/I9341345,University of Lübeck,True,4221,1,2,3942;4221,0,0
https://openalex.org/I94396219,Providence Health & Services,True,4510,20,7,1642;4073;4444;4477;4510;4806;5138,1,0
https://openalex.org/I94402716,Bernhard Nocht Institute for Tropical Medicine,True,3793,1,1,3793,0,0
https://openalex.org/I94509681,Technische Universität Braunschweig,True,4288,3,2,3667;4288,0,0
https://openalex.org/I94624287,University of Twente,True,3269,2,1,3269,0,0
https://openalex.org/I94626330,University of Bamberg,True,4421,2,1,4421,0,0
https://openalex.org/I94722563,University of Jyväskylä,True,545,1,2,545;687,0,0
https://openalex.org/I95013407,Universidad Pablo de Olavide,True,2008,1,1,2008,0,0
https://openalex.org/I95056601,Actelion (Switzerland),True,4393,4,5,1255;1793;2435;4393;94,0,0
https://openalex.org/I951315,Graduate Institute of International and Development Studies,True,29,14,1,29,0,0
https://openalex.org/I95457486,"University of California, Berkeley",True,1255,12,4,1255;1642;2204;9725,1,0
https://openalex.org/I95549939,BNP Paribas (France),True,2702,2,3,2702;5288;73,0,0
https://openalex.org/I95583923,Direction Générale de l'Armement,True,2702,1,2,2304;2702,0,0
https://openalex.org/I95630760,Camden and Islington NHS Foundation Trust,True,5288,1,1,5288,0,0
https://openalex.org/I95674353,UCLouvain,True,1269,2,2,1269;3718,0,0
https://openalex.org/I95793202,Otto-von-Guericke-Universität Magdeburg,True,4553,3,1,4553,0,0
https://openalex.org/I9617848,Universitat Politècnica de Catalunya,True,4523,4,1,4523,0,0
https://openalex.org/I96211989,HCL Technologies (India),True,7466,1,2,1642;7466,0,0
https://openalex.org/I96226040,Université de Reims Champagne-Ardenne,True,3495,31,2,1768;3495,0,0
https://openalex.org/I96315871,Kurita Water Industries (Japan),True,5129,1,2,5129;5149,0,0
https://openalex.org/I96580804,Universidad Pontificia Comillas,True,3147,1,1,3147,0,0
https://openalex.org/I96673099,Technical University of Denmark,True,537,2,1,537,0,0
https://openalex.org/I96749437,Texas A&M University – Corpus Christi,True,5247,1,1,5247,0,0
https://openalex.org/I9679517,Materialise (Belgium),True,1565,3,4,1565;227;4460;4736,0,0
https://openalex.org/I96840727,Cheikh Anta Diop University,True,153,1,1,153,0,0
https://openalex.org/I97018004,Stanford University,True,1255,20,5,1255;1287;3427;496;7244,1,0
https://openalex.org/I97188460,Nantes Université,True,954,66,7,1062;1294;2702;3718;58;824;954,3,0
https://openalex.org/I9732596,Grünenthal Group (Germany),True,44,1,2,310;44,0,0
https://openalex.org/I9736820,École de Technologie Supérieure,True,3485,21,1,3485,0,0
https://openalex.org/I97553796,University of Craiova,True,1231,1,1,1231,1,0
https://openalex.org/I97565354,University of Lausanne,True,215,3,1,215,1,0
https://openalex.org/I98227222,China National Petroleum Corporation (China),True,7704,7,5,5723;7094;7704;7832;7912,0,0
https://openalex.org/I98251732,McMaster University,True,2626,2,1,2626,0,0
https://openalex.org/I98259816,"Birkbeck, University of London",True,5288,1,1,5288,0,0
https://openalex.org/I98285908,The University of Osaka,True,3956,2,2,3956;5129,0,0
https://openalex.org/I98358874,Delft University of Technology,True,296,2,1,296,0,0
https://openalex.org/I9842412,Nanjing University of Aeronautics and Astronautics,True,9701,1,1,9701,0,0
https://openalex.org/I98555331,Parker Hannifin (United States),True,6990,4,4,2702;4294;6990;815,1,0
https://openalex.org/I98635879,American University of Beirut,True,431,2,2,431;7244,1,0
https://openalex.org/I98647062,Clariant (Switzerland),True,935,3,4,3093;4159;7317;935,0,0
https://openalex.org/I98677209,University of Edinburgh,True,2305,19,3,10143;2305;955,0,0
https://openalex.org/I98702875,Université de Caen Normandie,True,1680,49,6,1071;1680;2159;2702;3718;824,1,0
https://openalex.org/I98704320,Icahn School of Medicine at Mount Sinai,True,7244,1,1,7244,0,0
https://openalex.org/I98910050,ESPCI Paris,True,2702,17,2,1294;2702,0,0
https://openalex.org/I99043593,Macquarie University,True,1830,5,1,1830,0,0
https://openalex.org/I99064381,National Academy of Sciences of Armenia,True,359,16,1,359,3,0
https://openalex.org/I99065089,Tsinghua University,True,7704,17,4,7704;8055;9701;9725,1,0
https://openalex.org/I9916479,Air Force Medical University,True,7094,1,1,7094,0,0
https://openalex.org/I9927081,Aalto University,True,687,2,1,687,0,0
https://openalex.org/I99319750,Seagen (United States),True,4510,1,2,1572;4510,0,0
https://openalex.org/I99464096,KU Leuven,True,1565,5,1,1565,0,0
https://openalex.org/I99484792,Baxter (United States),True,6654,11,10,1284;1445;1479;1600;1793;3718;4736;6654;790;94,2,0
https://openalex.org/I99507834,SPX Corporation (United States),True,6851,1,2,3099;6851,0,0
https://openalex.org/I99542240,Polish Academy of Sciences,True,3222,73,10,1529;1711;2037;2663;2702;2787;3068;3171;3222;3644,1,0
https://openalex.org/I99682543,University of Minho,True,1228,26,3,1118;1228;310,6,0
https://openalex.org/I99712911,Nelson Mandela University,True,1647,1,2,1363;1647,0,0
https://openalex.org/I99977706,FH Aachen,True,44,1,1,44,0,0
