efua_id,source_name,directory_point_institutions,status
1,Herat,5,directory_points_only
2,Namibe,0,no_directory_point_not_zero_output
3,Shkoder,1,directory_points_only
4,Madinat Zayed,0,no_directory_point_not_zero_output
6,Gyumri,1,directory_points_only
7,Mandurah,3,directory_points_only
8,Innsbruck,50,directory_points_only
9,Nakhchivan,3,directory_points_only
10,Rugombo,0,no_directory_point_not_zero_output
11,Bredene,5,directory_points_only
12,Cobli,0,no_directory_point_not_zero_output
13,Niangoloko,0,no_directory_point_not_zero_output
14,Atwari,0,no_directory_point_not_zero_output
15,Sofia,189,directory_points_only
16,Manama,20,directory_points_only
17,Nassau,8,directory_points_only
18,Banja Luka,11,directory_points_only
19,Hrodna,4,directory_points_only
20,Belize City,1,directory_points_only
22,Cruzeiro do Sul,0,no_directory_point_not_zero_output
23,Bridgetown,12,directory_points_only
24,Bandar Seri Begawan,35,directory_points_only
26,Maun,4,directory_points_only
28,Victoria,81,directory_points_only
29,Geneva,249,directory_points_only
30,Arica,2,directory_points_only
31,Kashgar,1,directory_points_only
32,Danané,0,no_directory_point_not_zero_output
33,Limbé,3,directory_points_only
34,Moanda,0,no_directory_point_not_zero_output
35,Pointe-Noire,1,directory_points_only
36,San Andrés,1,directory_points_only
37,Moroni,1,directory_points_only
38,Mindelo,3,directory_points_only
39,Barranca,0,no_directory_point_not_zero_output
40,Pinar del Rio,4,directory_points_only
41,Willemstad,6,directory_points_only
42,Limassol,21,directory_points_only
43,Pilsen,74,directory_points_only
44,Heerlen,79,directory_points_only
45,Djibouti,8,directory_points_only
46,Aalborg,25,directory_points_only
48,Tinduf,0,no_directory_point_not_zero_output
49,Santa Elena,2,directory_points_only
50,Marsa Matruh‎,1,directory_points_only
51,Teseney,0,no_directory_point_not_zero_output
52,Dakhla,0,no_directory_point_not_zero_output
53,Los Cristianos,1,directory_points_only
54,Tallinn,90,directory_points_only
55,Asosa,1,directory_points_only
56,Turku,57,directory_points_only
57,Suva,12,directory_points_only
58,Brest,49,directory_points_only
59,Port-Gentil,0,no_directory_point_not_zero_output
60,Londonderry/Derry,8,directory_points_only
62,Dormaa Ahenkro,0,no_directory_point_not_zero_output
64,Kamsar,0,no_directory_point_not_zero_output
65,Les Abymes,13,directory_points_only
66,Serrekunda,11,directory_points_only
67,Bissau,7,directory_points_only
68,Malabo,2,directory_points_only
69,Ioannina,4,directory_points_only
70,Malacatán,0,no_directory_point_not_zero_output
71,Cayenne,8,directory_points_only
72,Georgetown,6,directory_points_only
73,Hong Kong,384,directory_points_only
74,Santa Rosa,1,directory_points_only
75,Rijeka,10,directory_points_only
76,Jérémie,0,no_directory_point_not_zero_output
77,Sopron,3,directory_points_only
78,Banda Aceh,19,directory_points_only
79,Nakhatrana,0,no_directory_point_not_zero_output
80,Galway,33,directory_points_only
81,Salmas,0,no_directory_point_not_zero_output
82,Al Baaj,0,no_directory_point_not_zero_output
83,Reykjavik,51,directory_points_only
84,Ashkelon,2,directory_points_only
85,Turin,128,directory_points_only
86,Montego Bay,1,directory_points_only
87,Saint Helier,7,directory_points_only
88,Aqaba,1,directory_points_only
89,Otaru,3,directory_points_only
90,Oral,3,directory_points_only
91,Busia,2,directory_points_only
92,Kerben,0,no_directory_point_not_zero_output
93,Poipet,0,no_directory_point_not_zero_output
94,Seoul,1248,directory_points_only
96,Luang Prabang,0,no_directory_point_not_zero_output
97,Tyre,0,no_directory_point_not_zero_output
98,Monrovia,12,directory_points_only
100,Jaffna,2,directory_points_only
101,Maseru,5,directory_points_only
102,Klaipėda,10,directory_points_only
103,Luxembourg,106,directory_points_only
104,Liepaja,2,directory_points_only
105,Zhuhai,15,directory_points_only
106,Guelmim,0,no_directory_point_not_zero_output
108,Bălți,2,directory_points_only
109,Toliara,0,no_directory_point_not_zero_output
110,Malé,12,directory_points_only
112,Gostivar,1,directory_points_only
113,Kayes,0,no_directory_point_not_zero_output
114,Valletta,44,directory_points_only
115,Kyauktaw,0,no_directory_point_not_zero_output
116,Podgorica,18,directory_points_only
117,Ulaanbaatar,50,directory_points_only
118,Maputo,33,directory_points_only
119,Nouadhibou,0,no_directory_point_not_zero_output
120,Fort-de-France,6,directory_points_only
121,Port Louis,21,directory_points_only
123,George Town,32,directory_points_only
124,Mamoudzou,1,directory_points_only
125,Walvis Bay,1,directory_points_only
126,Nouméa,10,directory_points_only
127,Téra,0,no_directory_point_not_zero_output
128,Idiroko,0,no_directory_point_not_zero_output
131,Bergen,146,directory_points_only
132,Nepalgunj,1,directory_points_only
133,Dunedin,20,directory_points_only
134,Salalah,3,directory_points_only
135,Gwadar,0,no_directory_point_not_zero_output
136,David,4,directory_points_only
137,Talara,0,no_directory_point_not_zero_output
138,Laoag,1,directory_points_only
139,Mendi,0,no_directory_point_not_zero_output
140,Szczecin,20,directory_points_only
141,Ponce,7,directory_points_only
142,Dandong,0,no_directory_point_not_zero_output
143,Funchal,38,directory_points_only
144,Concepcion,1,directory_points_only
146,Doha,119,directory_points_only
147,Le Port,3,directory_points_only
148,Timișoara,16,directory_points_only
149,Kaliningrad,7,directory_points_only
151,Tabuk,2,directory_points_only
152,Geneina,0,no_directory_point_not_zero_output
153,Dakar,66,directory_points_only
154,Singapore,517,directory_points_only
155,Honiara,2,directory_points_only
156,Freetown,11,directory_points_only
157,Ahuachapan,0,no_directory_point_not_zero_output
159,Subotica,0,no_directory_point_not_zero_output
160,Raja,0,no_directory_point_not_zero_output
161,São Tomé,3,directory_points_only
162,Paramaribo,8,directory_points_only
163,Bratislava,237,directory_points_only
164,Ljubljana,238,directory_points_only
165,Gothenburg,225,directory_points_only
167,Latakia,2,directory_points_only
168,Lere,0,no_directory_point_not_zero_output
169,Cinkassé,0,no_directory_point_not_zero_output
170,Chiang Mai,22,directory_points_only
171,UNNAMED,0,no_directory_point_not_zero_output
172,Turkmenbashy,0,no_directory_point_not_zero_output
173,Dili,15,directory_points_only
174,Port of Spain,13,directory_points_only
175,El Kef,0,no_directory_point_not_zero_output
176,Edirne,2,directory_points_only
178,Kilima Hewa,0,no_directory_point_not_zero_output
179,Kasese,0,no_directory_point_not_zero_output
180,Uzhhorod,3,directory_points_only
181,Concordia,1,directory_points_only
182,Honolulu,136,directory_points_only
183,Khujayli,0,no_directory_point_not_zero_output
185,Dien Bien Phu,0,no_directory_point_not_zero_output
186,Pejë,1,directory_points_only
187,Nicosia,48,directory_points_only
188,Harad,0,no_directory_point_not_zero_output
189,Cape Town,111,directory_points_only
190,Mongu,0,no_directory_point_not_zero_output
191,Bulawayo,6,directory_points_only
192,Guzarah,0,no_directory_point_not_zero_output
193,Cabinda,0,no_directory_point_not_zero_output
194,Durrës,1,directory_points_only
195,Abu Dhabi,58,directory_points_only
196,San Juan,5,directory_points_only
197,Vanadzor,1,directory_points_only
198,Rockingham,3,directory_points_only
199,Salzburg,36,directory_points_only
200,Ganja,5,directory_points_only
201,Gatumba,0,no_directory_point_not_zero_output
202,Bruges,9,directory_points_only
203,Tanguieta,0,no_directory_point_not_zero_output
204,Banfora,0,no_directory_point_not_zero_output
205,Thakurgaon,0,no_directory_point_not_zero_output
206,Pleven,3,directory_points_only
208,Brest,2,directory_points_only
209,El Alto [La Paz],40,directory_points_only
212,Kanye,1,directory_points_only
213,Bouar,0,no_directory_point_not_zero_output
214,Nanaimo,4,directory_points_only
215,Lausanne,184,directory_points_only
216,Iquique,4,directory_points_only
217,Artush,0,no_directory_point_not_zero_output
218,Man,0,no_directory_point_not_zero_output
219,Mamfe,0,no_directory_point_not_zero_output
220,Tshela,0,no_directory_point_not_zero_output
222,Tumaco,0,no_directory_point_not_zero_output
223,Fomboni,0,no_directory_point_not_zero_output
224,San José,80,directory_points_only
225,Havana,62,directory_points_only
226,Nicosia,34,directory_points_only
227,Ústí nad Labem,37,directory_points_only
229,Aarhus,60,directory_points_only
230,Barahona,1,directory_points_only
231,Bashar,1,directory_points_only
232,Manta,0,no_directory_point_not_zero_output
233,Alexandria,20,directory_points_only
234,Barentu,0,no_directory_point_not_zero_output
235,Boujdour,0,no_directory_point_not_zero_output
236,Puerto de la Cruz,1,directory_points_only
237,Tartu,35,directory_points_only
238,Beigi,0,no_directory_point_not_zero_output
239,Oulu,21,directory_points_only
240,Lorient,6,directory_points_only
241,Libreville,7,directory_points_only
242,Belfast,126,directory_points_only
244,Berekum,2,directory_points_only
245,Boké,0,no_directory_point_not_zero_output
247,Bafatá,0,no_directory_point_not_zero_output
248,Bata,0,no_directory_point_not_zero_output
249,Patras,17,directory_points_only
250,Coatepeque,0,no_directory_point_not_zero_output
251,Sparendaam [Paradise],0,no_directory_point_not_zero_output
252,Tung Chung,0,no_directory_point_not_zero_output
253,Barrio El Centro,0,no_directory_point_not_zero_output
254,Zadar,4,directory_points_only
255,Les Cayes,1,directory_points_only
256,Szombathely,2,directory_points_only
257,Sigli,1,directory_points_only
258,Mithapur,0,no_directory_point_not_zero_output
259,Cork,62,directory_points_only
260,Khoy,1,directory_points_only
261,Sinjar,0,no_directory_point_not_zero_output
262,Ashdod,3,directory_points_only
263,Sanremo,2,directory_points_only
264,Mandeville,2,directory_points_only
265,Irbid,4,directory_points_only
266,Sapporo,153,directory_points_only
267,Atyrau,2,directory_points_only
270,Sisophon,1,directory_points_only
271,Dongducheon-si,4,directory_points_only
273,Vientiane,20,directory_points_only
274,Saida,1,directory_points_only
275,Kakata,1,directory_points_only
276,Al Zawiyah,6,directory_points_only
278,Šiauliai,4,directory_points_only
279,Riga,93,directory_points_only
280,Coloane,5,directory_points_only
281,Tiznit,0,no_directory_point_not_zero_output
282,Chișinău,45,directory_points_only
283,Mahajanga,0,no_directory_point_not_zero_output
284,Ensenada,5,directory_points_only
285,Tetovo,2,directory_points_only
286,Kita,0,no_directory_point_not_zero_output
287,Sittwe,3,directory_points_only
288,Chibuto,0,no_directory_point_not_zero_output
289,Nouakchott,8,directory_points_only
291,Alor Setar,7,directory_points_only
292,Windhoek,30,directory_points_only
293,Tillabéri,0,no_directory_point_not_zero_output
294,Meko,0,no_directory_point_not_zero_output
295,Chinandega,2,directory_points_only
296,Rotterdam [The Hague],485,directory_points_only
298,Stavanger,143,directory_points_only
300,Christchurch,33,directory_points_only
302,Chib,0,no_directory_point_not_zero_output
303,Colón,0,no_directory_point_not_zero_output
304,Paita,0,no_directory_point_not_zero_output
305,Vigan,1,directory_points_only
306,Mount Hagen,1,directory_points_only
308,Río Piedras [San Juan],40,directory_points_only
309,Tǒktaedonggok,0,no_directory_point_not_zero_output
310,Lisbon,1183,directory_points_only
312,Gaza,10,directory_points_only
313,Al Khor,1,directory_points_only
314,Le Tampon,0,no_directory_point_not_zero_output
315,Arad,3,directory_points_only
316,Murmansk,9,directory_points_only
318,Al Qurayyat,0,no_directory_point_not_zero_output
319,For Baranga,0,no_directory_point_not_zero_output
320,MBour,1,directory_points_only
322,Mahera,0,no_directory_point_not_zero_output
323,Sonsonate,1,directory_points_only
325,Novi Sad,23,directory_points_only
326,Aweil,0,no_directory_point_not_zero_output
327,Trnava,15,directory_points_only
328,Maribor,26,directory_points_only
329,Helsingborg,29,directory_points_only
330,Manzini,2,directory_points_only
331,Jablah,0,no_directory_point_not_zero_output
332,Bol,0,no_directory_point_not_zero_output
333,Dapaong,0,no_directory_point_not_zero_output
335,Shahrinav,0,no_directory_point_not_zero_output
336,Balkanabat,0,no_directory_point_not_zero_output
337,San Fernando,2,directory_points_only
338,Jendouba,1,directory_points_only
339,Çanakkale,4,directory_points_only
341,Murubona,0,no_directory_point_not_zero_output
342,Fort Portal,4,directory_points_only
343,Mukachevo,1,directory_points_only
344,Paysandú,0,no_directory_point_not_zero_output
345,Santa Maria,9,directory_points_only
346,Nukus,6,directory_points_only
347,Cúcuta,0,no_directory_point_not_zero_output
348,Lào Cai,0,no_directory_point_not_zero_output
349,Gjakovë,1,directory_points_only
350,Hodeidah,2,directory_points_only
351,Atlantis,0,no_directory_point_not_zero_output
352,Zambezi,0,no_directory_point_not_zero_output
353,Gweru,3,directory_points_only
354,Shindand,0,no_directory_point_not_zero_output
355,Soyo,0,no_directory_point_not_zero_output
356,Vlora,3,directory_points_only
357,Dubai,67,directory_points_only
358,Mendoza,14,directory_points_only
359,Yerevan,65,directory_points_only
360,Perth,147,directory_points_only
361,Linz,46,directory_points_only
362,Sheki,1,directory_points_only
363,Bujumbura,20,directory_points_only
365,Natitingou,0,no_directory_point_not_zero_output
366,Bobo-Dioulasso,9,directory_points_only
367,Panchagarh,0,no_directory_point_not_zero_output
368,Plovdiv,22,directory_points_only
370,Baranovichi,1,directory_points_only
371,Caranavi,0,no_directory_point_not_zero_output
373,Lobatse,0,no_directory_point_not_zero_output
374,Carnot,0,no_directory_point_not_zero_output
375,Vancouver,392,directory_points_only
376,Montreux,18,directory_points_only
377,Antofagasta,3,directory_points_only
378,Tacheng/Sawesek,0,no_directory_point_not_zero_output
379,Guiglo,0,no_directory_point_not_zero_output
380,Tiko,0,no_directory_point_not_zero_output
381,Lemba Village,0,no_directory_point_not_zero_output
382,Nkayi,0,no_directory_point_not_zero_output
383,Ipiales,0,no_directory_point_not_zero_output
386,Larnaca,8,directory_points_only
387,Kladno,25,directory_points_only
388,Mönchengladbach,13,directory_points_only
389,Odense,25,directory_points_only
390,San Juan de la Maguana,0,no_directory_point_not_zero_output
391,Maghnia,1,directory_points_only
392,Portoviejo,6,directory_points_only
393,Idku,0,no_directory_point_not_zero_output
394,Keren,0,no_directory_point_not_zero_output
395,Santa Cruz de Tenerife,28,directory_points_only
396,K'Idame Gebeya,0,no_directory_point_not_zero_output
397,Tampere,48,directory_points_only
398,Saint-Brieuc,5,directory_points_only
399,Moanda,0,no_directory_point_not_zero_output
400,Bangor,4,directory_points_only
401,Zugdidi,2,directory_points_only
402,Wa,3,directory_points_only
403,Sangarédi,0,no_directory_point_not_zero_output
404,Brikama,1,directory_points_only
405,Gabú,0,no_directory_point_not_zero_output
406,Larissa,9,directory_points_only
407,San Pedro Sacatepéquez [San Marcos],0,no_directory_point_not_zero_output
409,Siguatepeque,1,directory_points_only
410,Zagreb,146,directory_points_only
411,Petit-Goâve,0,no_directory_point_not_zero_output
412,Győr,2,directory_points_only
413,Meulaboh,3,directory_points_only
414,Dwarka,1,directory_points_only
415,Dublin,468,directory_points_only
417,Urmia,6,directory_points_only
419,Tel Aviv,240,directory_points_only
420,Asti,2,directory_points_only
421,May Pen,0,no_directory_point_not_zero_output
422,Al Salt,1,directory_points_only
423,Sasebo,12,directory_points_only
424,Aktau,1,directory_points_only
425,Bungoma,3,directory_points_only
426,Kara-Balta,0,no_directory_point_not_zero_output
427,Battambang,4,directory_points_only
429,Kuwait City,46,directory_points_only
431,Beirut,69,directory_points_only
432,Buchanan,0,no_directory_point_not_zero_output
433,Tripoli,24,directory_points_only
434,Colombo,102,directory_points_only
435,Kaunas,22,directory_points_only
436,Daugavpils,2,directory_points_only
437,Essaouira,0,no_directory_point_not_zero_output
438,Rybnitsa,0,no_directory_point_not_zero_output
439,Antsirabe,0,no_directory_point_not_zero_output
440,Tijuana,12,directory_points_only
441,Skopje,37,directory_points_only
443,Minbya,0,no_directory_point_not_zero_output
444,Xai-Xai,1,directory_points_only
446,Lilongwe,31,directory_points_only
447,Bukit Mertajam,21,directory_points_only
448,Niamey,14,directory_points_only
450,León,2,directory_points_only
452,Trondheim,143,directory_points_only
454,Wellington,123,directory_points_only
455,Al Ain,1,directory_points_only
456,Turbat,0,no_directory_point_not_zero_output
458,Sullana,1,directory_points_only
459,San Fernando,3,directory_points_only
460,Kundiawa,0,no_directory_point_not_zero_output
461,Gorzów Wielkopolski,6,directory_points_only
462,Caguas,3,directory_points_only
463,Ryongchon,0,no_directory_point_not_zero_output
465,Asuncion,45,directory_points_only
466,Tulkarm,1,directory_points_only
468,Saint-Denis,13,directory_points_only
469,Oradea,4,directory_points_only
470,Pskov,4,directory_points_only
472,Yanbu,2,directory_points_only
474,Thiès,4,directory_points_only
475,Waterloo,0,no_directory_point_not_zero_output
476,Chalchuapa,0,no_directory_point_not_zero_output
477,Kismayo,1,directory_points_only
478,Valjevo,1,directory_points_only
479,Tambura,0,no_directory_point_not_zero_output
480,Žilina,22,directory_points_only
481,Malmö,66,directory_points_only
482,Baniyas,0,no_directory_point_not_zero_output
483,N'Djamena,11,directory_points_only
484,Sansanné-Mango,0,no_directory_point_not_zero_output
486,Proletar,0,no_directory_point_not_zero_output
487,Serdar,0,no_directory_point_not_zero_output
488,Chaguanas,0,no_directory_point_not_zero_output
489,Kasserine,0,no_directory_point_not_zero_output
490,Tekirdağ,1,directory_points_only
491,Hsinchu,54,directory_points_only
492,Mpanda,0,no_directory_point_not_zero_output
493,Mbarara,5,directory_points_only
494,Drohobych,2,directory_points_only
496,Monterey,25,directory_points_only
497,Khiva,1,directory_points_only
498,Rubio,0,no_directory_point_not_zero_output
499,Sông Mã,0,no_directory_point_not_zero_output
500,Prizren,1,directory_points_only
501,Abs,0,no_directory_point_not_zero_output
502,Somerset West,1,directory_points_only
503,Mwinilunga,0,no_directory_point_not_zero_output
504,Kwekwe,1,directory_points_only
505,Qala i Naw,0,no_directory_point_not_zero_output
506,Luanda,32,directory_points_only
507,Fier,2,directory_points_only
509,San Salvador de Jujuy,2,directory_points_only
510,Hobart,58,directory_points_only
511,Klagenfurt,15,directory_points_only
512,Mingachevir,1,directory_points_only
513,Bubanza,0,no_directory_point_not_zero_output
514,Kortrijk,18,directory_points_only
515,Djougou,0,no_directory_point_not_zero_output
516,Sidéradougou,0,no_directory_point_not_zero_output
517,Pirganj (পীরগঞ্জ),0,no_directory_point_not_zero_output
518,Ruse,4,directory_points_only
519,Zenica,1,directory_points_only
520,Maladziečna,0,no_directory_point_not_zero_output
521,Riberalta,0,no_directory_point_not_zero_output
522,Rio Branco,4,directory_points_only
524,Bangui,4,directory_points_only
525,White Rock,2,directory_points_only
526,Freiburg im Üechtland,34,directory_points_only
527,Calama,1,directory_points_only
528,Yining/Qulja,2,directory_points_only
529,Duekoue,0,no_directory_point_not_zero_output
530,Muyuka,0,no_directory_point_not_zero_output
531,Boma,1,directory_points_only
532,Sibiti,0,no_directory_point_not_zero_output
533,Pasto,5,directory_points_only
534,Matanzas,3,directory_points_only
535,Prague,1122,directory_points_only
536,Dortmund,309,directory_points_only
537,Copenhagen,507,directory_points_only
538,Mao,0,no_directory_point_not_zero_output
539,Tlemcen,5,directory_points_only
541,Abu Huminus,0,no_directory_point_not_zero_output
542,Asmara,1,directory_points_only
543,Las Palmas de Gran Canaria,16,directory_points_only
544,Gambela,0,no_directory_point_not_zero_output
545,Jyväskylä,25,directory_points_only
547,Greenock,4,directory_points_only
548,Batumi,6,directory_points_only
549,Bole,0,no_directory_point_not_zero_output
550,Conakry,14,directory_points_only
551,Farafenni,0,no_directory_point_not_zero_output
552,Thessaloniki,67,directory_points_only
553,Retalhuleu,1,directory_points_only
555,San Pedro Sula,3,directory_points_only
556,Split,11,directory_points_only
557,Anse-à-Galets,0,no_directory_point_not_zero_output
558,Székesfehérvár,2,directory_points_only
559,Bireuen,0,no_directory_point_not_zero_output
560,Handwara,0,no_directory_point_not_zero_output
562,Marand,1,directory_points_only
563,Zakho,1,directory_points_only
564,Haifa,52,directory_points_only
565,Savona,4,directory_points_only
566,Kingston,15,directory_points_only
567,Amman,58,directory_points_only
568,Asahikawa,12,directory_points_only
569,Aktobe,3,directory_points_only
570,Kimilili,0,no_directory_point_not_zero_output
572,Siem Reap,5,directory_points_only
573,Chuncheon-si,21,directory_points_only
576,Nabatieh,2,directory_points_only
577,Gbarnga,1,directory_points_only
580,Panevėžys,1,directory_points_only
581,Agadir,5,directory_points_only
583,Manakara,0,no_directory_point_not_zero_output
586,Bamako,28,directory_points_only
587,Monywa,3,directory_points_only
588,Messica,0,no_directory_point_not_zero_output
589,Podor,0,no_directory_point_not_zero_output
590,Mzuzu,2,directory_points_only
591,Sungai Petani,7,directory_points_only
592,Baléyara,0,no_directory_point_not_zero_output
593,Owode,0,no_directory_point_not_zero_output
594,Managua,38,directory_points_only
595,Roosendaal,5,directory_points_only
596,Oslo,860,directory_points_only
597,Tulsipur,0,no_directory_point_not_zero_output
598,Palmerston North,16,directory_points_only
599,Sohar,4,directory_points_only
600,Panjgur,0,no_directory_point_not_zero_output
601,Nuevo Arraiján,1,directory_points_only
602,Piura,2,directory_points_only
604,Dagupan,5,directory_points_only
605,Goroka,2,directory_points_only
607,Yomju,0,no_directory_point_not_zero_output
611,Saint-André,0,no_directory_point_not_zero_output
612,Satu Mare,1,directory_points_only
613,Peterhof,2,directory_points_only
614,Goma,0,no_directory_point_not_zero_output
615,Madīnat Yanbu‘ aş Şinā‘īyah,3,directory_points_only
616,Murnei,0,no_directory_point_not_zero_output
617,Tivaouane,0,no_directory_point_not_zero_output
618,Mile 91,0,no_directory_point_not_zero_output
619,Santa Ana,1,directory_points_only
620,Borama,0,no_directory_point_not_zero_output
621,Zrenjanin,1,directory_points_only
622,Ezo,0,no_directory_point_not_zero_output
623,Banská Bystrica,15,directory_points_only
624,Lund,104,directory_points_only
625,Tartus,1,directory_points_only
626,Pala,0,no_directory_point_not_zero_output
627,Kpalimé,0,no_directory_point_not_zero_output
628,Chiang Rai,6,directory_points_only
629,Khujand,4,directory_points_only
630,Konye-Urgench,0,no_directory_point_not_zero_output
632,Qafsa,4,directory_points_only
633,Izmir,32,directory_points_only
635,Sumbawanga,0,no_directory_point_not_zero_output
637,Novovolynsk,0,no_directory_point_not_zero_output
638,Rivera,0,no_directory_point_not_zero_output
639,Santa Barbara,92,directory_points_only
640,Urgench,6,directory_points_only
641,Machiques,0,no_directory_point_not_zero_output
642,Sơn La,1,directory_points_only
643,Mitrovicë,1,directory_points_only
644,Sa'dah,1,directory_points_only
645,Stellenbosch,18,directory_points_only
646,Kaoma,0,no_directory_point_not_zero_output
648,Farah,1,directory_points_only
649,Benguela,2,directory_points_only
650,Tirana,44,directory_points_only
651,Ras Al Khaimah,4,directory_points_only
652,Salta,5,directory_points_only
654,Graz,65,directory_points_only
655,Barda,0,no_directory_point_not_zero_output
656,Rumonge,0,no_directory_point_not_zero_output
657,Ghent,75,directory_points_only
659,Solenzo,0,no_directory_point_not_zero_output
660,Bholarhat,0,no_directory_point_not_zero_output
661,Stara Zagora,1,directory_points_only
662,Mostar,7,directory_points_only
663,Pinsk,1,directory_points_only
664,Oruro,3,directory_points_only
665,Porto Velho,7,directory_points_only
666,Gaborone,39,directory_points_only
669,Biel/Bienne,22,directory_points_only
670,Copiapó,1,directory_points_only
671,Emin/Dörbiljin,0,no_directory_point_not_zero_output
672,San-Pédro,0,no_directory_point_not_zero_output
673,Kumba,0,no_directory_point_not_zero_output
674,Kinzao,0,no_directory_point_not_zero_output
676,La Hormiga,0,no_directory_point_not_zero_output
677,Cienfuegos,2,directory_points_only
678,České Budějovice,46,directory_points_only
679,Duren,3,directory_points_only
680,Azua,1,directory_points_only
681,Ain Temouchent,1,directory_points_only
682,Chone,0,no_directory_point_not_zero_output
684,Adi Guadad,0,no_directory_point_not_zero_output
685,Arinaga,0,no_directory_point_not_zero_output
686,Dambidollo,1,directory_points_only
687,Helsinki,614,directory_points_only
689,Ayr,12,directory_points_only
690,Kutaisi,5,directory_points_only
691,Sunyani,2,directory_points_only
692,Fria,0,no_directory_point_not_zero_output
693,Volos,3,directory_points_only
695,Quetzaltenango,0,no_directory_point_not_zero_output
696,Sha Tin,99,directory_points_only
697,Villanueva,0,no_directory_point_not_zero_output
699,Léogâne,1,directory_points_only
700,Pécs,6,directory_points_only
701,Uteun Geulinggang,0,no_directory_point_not_zero_output
702,Mandvi,0,no_directory_point_not_zero_output
703,Piranshahr,0,no_directory_point_not_zero_output
704,Tal Afar,0,no_directory_point_not_zero_output
705,Netanya,19,directory_points_only
706,Novara,10,directory_points_only
707,Jerash,1,directory_points_only
708,Fukuoka,173,directory_points_only
710,Zhanaozen,0,no_directory_point_not_zero_output
711,Kakamega,1,directory_points_only
712,Jalalabat,2,directory_points_only
713,Sihanoukville,1,directory_points_only
716,Tripoli,9,directory_points_only
717,Ganta,1,directory_points_only
718,Qabilat alturki,1,directory_points_only
719,Ambalangoda,1,directory_points_only
720,Alytus,2,directory_points_only
721,Ouled-Teima,0,no_directory_point_not_zero_output
722,Tiraspol,1,directory_points_only
723,Antananarivo,25,directory_points_only
724,Tecate,1,directory_points_only
725,Bitola,3,directory_points_only
727,Mohnyin,0,no_directory_point_not_zero_output
728,Sussundenga,0,no_directory_point_not_zero_output
729,Kaédi,0,no_directory_point_not_zero_output
730,Blantyre,9,directory_points_only
732,Dosso,0,no_directory_point_not_zero_output
733,Ilaro,1,directory_points_only
734,Jinotepe,1,directory_points_only
737,Hamilton,22,directory_points_only
738,Ibri,2,directory_points_only
739,Chaman,0,no_directory_point_not_zero_output
740,Panama City,60,directory_points_only
741,Tumbes,1,directory_points_only
743,Madang,2,directory_points_only
744,Koszalin,2,directory_points_only
746,Setúbal,15,directory_points_only
747,Pedro Juan Caballero,1,directory_points_only
749,Drobeta-Turnu Severin,1,directory_points_only
750,Saint Petersburg,218,directory_points_only
751,Nyundo,0,no_directory_point_not_zero_output
752,Dawmat al Jandal,0,no_directory_point_not_zero_output
753,UNNAMED,0,no_directory_point_not_zero_output
754,Bambey,0,no_directory_point_not_zero_output
755,Makeni,1,directory_points_only
757,Baidoa,0,no_directory_point_not_zero_output
758,Belgrade,174,directory_points_only
759,Malualkon,0,no_directory_point_not_zero_output
760,Prešov,13,directory_points_only
761,Örebro,11,directory_points_only
762,Idlib,3,directory_points_only
763,فيانكا Fianga,0,no_directory_point_not_zero_output
764,Bassar,0,no_directory_point_not_zero_output
765,Lampang,7,directory_points_only
766,Hisor,0,no_directory_point_not_zero_output
767,Gurbansoltan Eje,0,no_directory_point_not_zero_output
768,Béja,0,no_directory_point_not_zero_output
769,Çorlu,1,directory_points_only
770,Taichung,54,directory_points_only
771,Bukoba,0,no_directory_point_not_zero_output
772,Arua,2,directory_points_only
773,Lviv,46,directory_points_only
775,Santa Cruz,43,directory_points_only
776,Beruniy,0,no_directory_point_not_zero_output
777,San Cristóbal,2,directory_points_only
778,Phù Yên,0,no_directory_point_not_zero_output
779,Pristina,21,directory_points_only
780,Hajja,1,directory_points_only
781,Paarl,1,directory_points_only
782,Livingstone,1,directory_points_only
783,Chakari,0,no_directory_point_not_zero_output
784,Zaranj,0,no_directory_point_not_zero_output
785,Lubango,3,directory_points_only
786,Elbasan,1,directory_points_only
787,Al Ain,5,directory_points_only
788,La Rioja,1,directory_points_only
789,Adelaide,126,directory_points_only
790,Vienna,524,directory_points_only
791,Kurdamir,0,no_directory_point_not_zero_output
792,Nyanza Lac,0,no_directory_point_not_zero_output
795,Nouna,1,directory_points_only
796,UNNAMED,0,no_directory_point_not_zero_output
797,Burgas,3,directory_points_only
798,Sarajevo,26,directory_points_only
799,Minsk,91,directory_points_only
800,Cochabamba,13,directory_points_only
801,Coari,0,no_directory_point_not_zero_output
802,Palapye,1,directory_points_only
803,Bambari,0,no_directory_point_not_zero_output
805,Bern,219,directory_points_only
806,La Serena,8,directory_points_only
807,Shache,0,no_directory_point_not_zero_output
808,Soubré,0,no_directory_point_not_zero_output
809,Douala,11,directory_points_only
810,Matadi,0,no_directory_point_not_zero_output
811,Brazzaville,9,directory_points_only
812,El esfuerzo,1,directory_points_only
813,Santa Clara,4,directory_points_only
814,Liberec,65,directory_points_only
815,Dusseldorf,123,directory_points_only
816,Santiago de los Caballeros,5,directory_points_only
817,Ain Turk,0,no_directory_point_not_zero_output
818,Guayaquil,39,directory_points_only
819,Hawsh Isa,0,no_directory_point_not_zero_output
820,دقمحري Dekemhare,0,no_directory_point_not_zero_output
821,Arrecife,1,directory_points_only
822,Mendi,0,no_directory_point_not_zero_output
823,Kuopio,16,directory_points_only
824,Rennes,155,directory_points_only
825,Plymouth,21,directory_points_only
826,Tbilisi,82,directory_points_only
827,Wenchi,2,directory_points_only
828,Kindia,1,directory_points_only
829,Chalkida,6,directory_points_only
830,Mazatenango,0,no_directory_point_not_zero_output
832,Comayagua,0,no_directory_point_not_zero_output
833,Osijek,7,directory_points_only
834,Jacmel,1,directory_points_only
836,Lhokseumawe,7,directory_points_only
837,Jaisalmer,0,no_directory_point_not_zero_output
838,Naqadeh,0,no_directory_point_not_zero_output
839,Duhok,5,directory_points_only
841,Alessandria,8,directory_points_only
842,Madaba,0,no_directory_point_not_zero_output
843,Kitakyushu,69,directory_points_only
844,Rudny,1,directory_points_only
845,Kisii,1,directory_points_only
846,Nookat,0,no_directory_point_not_zero_output
847,Kampong Chhnang,0,no_directory_point_not_zero_output
849,Pakse,2,directory_points_only
850,Zahlé,1,directory_points_only
851,Zliten,2,directory_points_only
852,Galle,1,directory_points_only
853,Vilnius,76,directory_points_only
854,Safi,1,directory_points_only
856,Cabo San Lucas,0,no_directory_point_not_zero_output
857,Kumanovo,0,no_directory_point_not_zero_output
858,Bougouni,0,no_directory_point_not_zero_output
859,Chauk,0,no_directory_point_not_zero_output
860,Catandica,0,no_directory_point_not_zero_output
861,Kiffa,0,no_directory_point_not_zero_output
863,Taiping,4,directory_points_only
864,Filingué,0,no_directory_point_not_zero_output
865,Lagos,71,directory_points_only
866,Esteli,1,directory_points_only
868,Tilottama,0,no_directory_point_not_zero_output
869,Auckland,115,directory_points_only
870,Nizwa,2,directory_points_only
875,Port Moresby,7,directory_points_only
876,Jelenia Góra,3,directory_points_only
877,Tongrim,0,no_directory_point_not_zero_output
878,Póvoa de Varzim,18,directory_points_only
879,Coronel Oviedo,0,no_directory_point_not_zero_output
881,Baia Mare,1,directory_points_only
883,Musanze,3,directory_points_only
884,Sakaka,1,directory_points_only
885,Saraf `Umrah,0,no_directory_point_not_zero_output
886,Saint-Louis,2,directory_points_only
887,Bo,1,directory_points_only
888,San Salvador,38,directory_points_only
889,Hargeisa,11,directory_points_only
890,Čačak,1,directory_points_only
891,Akon,0,no_directory_point_not_zero_output
892,Košice,35,directory_points_only
893,Linköping,45,directory_points_only
894,Halfaya,0,no_directory_point_not_zero_output
895,Mao,0,no_directory_point_not_zero_output
896,Sotouboua,0,no_directory_point_not_zero_output
897,Kamphaeng Phet,2,directory_points_only
899,Dashoguz,0,no_directory_point_not_zero_output
900,Sbeitla,0,no_directory_point_not_zero_output
901,Kapaklı,1,directory_points_only
902,Miaoli,2,directory_points_only
903,Katoro,0,no_directory_point_not_zero_output
904,Koboko,0,no_directory_point_not_zero_output
905,Stryi,0,no_directory_point_not_zero_output
906,Montevideo,65,directory_points_only
907,Salinas,15,directory_points_only
908,Xonqa,0,no_directory_point_not_zero_output
909,San Juan de Colón,0,no_directory_point_not_zero_output
910,Yên Bái,0,no_directory_point_not_zero_output
911,Ferizaj,0,no_directory_point_not_zero_output
912,Amran,1,directory_points_only
913,Worcester,1,directory_points_only
914,Kalomo,0,no_directory_point_not_zero_output
915,Kadoma,0,no_directory_point_not_zero_output
916,Maymana,1,directory_points_only
918,Khor Fakkan,1,directory_points_only
919,San Martín,0,no_directory_point_not_zero_output
920,Geelong,17,directory_points_only
921,Shamakhi,0,no_directory_point_not_zero_output
922,Muramvya,0,no_directory_point_not_zero_output
923,Mons,12,directory_points_only
924,Lokossa,0,no_directory_point_not_zero_output
925,Houndé,0,no_directory_point_not_zero_output
926,Burimari,0,no_directory_point_not_zero_output
927,Varna,13,directory_points_only
928,Tuzla,5,directory_points_only
929,Zhodzina,1,directory_points_only
930,Trinidad,1,directory_points_only
931,Ariquemes,0,no_directory_point_not_zero_output
932,Francistown,1,directory_points_only
933,Bria,0,no_directory_point_not_zero_output
934,Abbotsford,13,directory_points_only
935,Basel,175,directory_points_only
936,Ovalle,1,directory_points_only
937,Kargilik,0,no_directory_point_not_zero_output
938,Issia,0,no_directory_point_not_zero_output
939,Kribi,0,no_directory_point_not_zero_output
940,Kimpese,0,no_directory_point_not_zero_output
942,Orito,0,no_directory_point_not_zero_output
943,Sancti Spiritus,2,directory_points_only
944,Pardubice,59,directory_points_only
945,Trier,15,directory_points_only
946,Baní,0,no_directory_point_not_zero_output
947,Oran,14,directory_points_only
949,Daule,1,directory_points_only
950,Rosetta,0,no_directory_point_not_zero_output
951,Adi Keyh,0,no_directory_point_not_zero_output
952,Vigo,20,directory_points_only
953,Meti Chafi / Tilk u Meti,0,no_directory_point_not_zero_output
954,Nantes,114,directory_points_only
955,Glasgow,180,directory_points_only
956,Rustavi,0,no_directory_point_not_zero_output
957,Techiman,0,no_directory_point_not_zero_output
958,Labé,1,directory_points_only
959,Athens,372,directory_points_only
960,Totonicapán,0,no_directory_point_not_zero_output
962,Puerto Cortés,0,no_directory_point_not_zero_output
963,Saint-Marc,0,no_directory_point_not_zero_output
964,Budapest,362,directory_points_only
965,Gunungsitoli,2,directory_points_only
966,Baramulla,0,no_directory_point_not_zero_output
967,Tabriz,11,directory_points_only
968,Zawa,0,no_directory_point_not_zero_output
971,Ar Ramtha,2,directory_points_only
972,Ōmura,2,directory_points_only
973,Kostanay,4,directory_points_only
974,Kisumu,9,directory_points_only
975,Osh,4,directory_points_only
976,Phnom Penh,79,directory_points_only
978,Baalbek,0,no_directory_point_not_zero_output
979,Sabha,1,directory_points_only
980,Rathnapura,1,directory_points_only
981,Taroudant,1,directory_points_only
982,Ambohidrabiby,0,no_directory_point_not_zero_output
983,La Paz,8,directory_points_only
984,Prilep,1,directory_points_only
985,Virage de Dioila,0,no_directory_point_not_zero_output
986,Pakokku,2,directory_points_only
987,Chimoio,2,directory_points_only
988,Zomba,2,directory_points_only
989,Sitiawan,2,directory_points_only
990,Gaya,0,no_directory_point_not_zero_output
991,Aiyetoro,0,no_directory_point_not_zero_output
992,Masaya,0,no_directory_point_not_zero_output
993,Alphen aan den Rijn,4,directory_points_only
994,Pokhara,10,directory_points_only
996,Seeb,3,directory_points_only
997,UNNAMED,0,no_directory_point_not_zero_output
998,Tambogrande,0,no_directory_point_not_zero_output
999,Baguio,6,directory_points_only
1000,Lae,1,directory_points_only
1001,Lubin,3,directory_points_only
1002,Ji'an,0,no_directory_point_not_zero_output
1003,Porto,388,directory_points_only
1004,Villarrica,0,no_directory_point_not_zero_output
1005,Hebron,5,directory_points_only
1006,Cluj-Napoca,33,directory_points_only
1008,Huye,0,no_directory_point_not_zero_output
1009,Medina,2,directory_points_only
1010,Zalingei,0,no_directory_point_not_zero_output
1011,Fatick,0,no_directory_point_not_zero_output
1012,Kenema,1,directory_points_only
1013,San Juan Nonualco [Zacatecoluca],0,no_directory_point_not_zero_output
1014,Barawa,0,no_directory_point_not_zero_output
1015,Pancevo,1,directory_points_only
1016,Kuajok,0,no_directory_point_not_zero_output
1017,Norrköping,14,directory_points_only
1018,Damascus,18,directory_points_only
1019,Bongor,0,no_directory_point_not_zero_output
1020,Blitta-Gare,0,no_directory_point_not_zero_output
1021,Phitsanulok,8,directory_points_only
1022,Dushanbe,23,directory_points_only
1023,Garadaşaýak,0,no_directory_point_not_zero_output
1024,Sidi Bouzid,0,no_directory_point_not_zero_output
1025,Manisa,3,directory_points_only
1027,Geita,0,no_directory_point_not_zero_output
1028,Hoima,1,directory_points_only
1029,Chervonohrad,0,no_directory_point_not_zero_output
1031,Oxnard,35,directory_points_only
1032,Turtkul,0,no_directory_point_not_zero_output
1033,Villa del Rosario,0,no_directory_point_not_zero_output
1034,Tuyên Quang,1,directory_points_only
1035,Gjilan,1,directory_points_only
1036,Sana'a,27,directory_points_only
1037,Upington,0,no_directory_point_not_zero_output
1038,Solwezi,0,no_directory_point_not_zero_output
1039,Chegutu,0,no_directory_point_not_zero_output
1040,Sheberghan,3,directory_points_only
1041,Lobito,0,no_directory_point_not_zero_output
1042,Libertador Gral. San Martín,0,no_directory_point_not_zero_output
1043,Ballarat,4,directory_points_only
1044,Saatli,0,no_directory_point_not_zero_output
1045,Kayanza,0,no_directory_point_not_zero_output
1047,Savalou,0,no_directory_point_not_zero_output
1048,Dédougou,1,directory_points_only
1049,Chapainawabganj,0,no_directory_point_not_zero_output
1050,Barysaw,0,no_directory_point_not_zero_output
1051,Potosí,1,directory_points_only
1052,Ji-Paraná,0,no_directory_point_not_zero_output
1053,Lethbridge,8,directory_points_only
1054,Thun,6,directory_points_only
1055,Viña del Mar [Valparaíso],18,directory_points_only
1056,Aksu,1,directory_points_only
1057,Méagui,0,no_directory_point_not_zero_output
1058,Nkongsamba,0,no_directory_point_not_zero_output
1059,Kwilu-Ngongo,0,no_directory_point_not_zero_output
1061,Popayán,5,directory_points_only
1062,Ciego de Ávila,2,directory_points_only
1063,Hradec Králové,52,directory_points_only
1064,Cologne,338,directory_points_only
1065,Puerto Plata,0,no_directory_point_not_zero_output
1066,Sidi Bel Abbes,4,directory_points_only
1067,Machala,1,directory_points_only
1068,Damanhur,1,directory_points_only
1069,A Coruña,15,directory_points_only
1070,Nedjo,0,no_directory_point_not_zero_output
1071,Cherbourg,4,directory_points_only
1072,Swansea,26,directory_points_only
1073,Takoradi [Sekondi-Takoradi],2,directory_points_only
1074,Mamou,0,no_directory_point_not_zero_output
1075,Xanthi,0,no_directory_point_not_zero_output
1076,Huehuetenango,0,no_directory_point_not_zero_output
1078,El Progreso,0,no_directory_point_not_zero_output
1079,Port-de-Paix,0,no_directory_point_not_zero_output
1080,Szeged,16,directory_points_only
1081,Langsa,4,directory_points_only
1082,Poonch,0,no_directory_point_not_zero_output
1083,Ajab Shir,0,no_directory_point_not_zero_output
1084,Mosul,5,directory_points_only
1085,Beer Sheva,9,directory_points_only
1087,Al Mafraq,1,directory_points_only
1088,Nagasaki,29,directory_points_only
1089,Petropavl,2,directory_points_only
1090,Kakuma,0,no_directory_point_not_zero_output
1091,Bishkek,42,directory_points_only
1092,Kampong Cham,0,no_directory_point_not_zero_output
1094,Misrata,2,directory_points_only
1095,Kandy,6,directory_points_only
1096,Youssoufia ⵍⵉⵡⵙⵓⴼⵉⵢⴰ اليوسفية,0,no_directory_point_not_zero_output
1097,Andoany,0,no_directory_point_not_zero_output
1098,San José del Cabo,0,no_directory_point_not_zero_output
1099,Ségou,0,no_directory_point_not_zero_output
1100,Katha,0,no_directory_point_not_zero_output
1101,Tete,1,directory_points_only
1102,Mangochi,1,directory_points_only
1103,Ipoh,19,directory_points_only
1104,Dogondoutchi,0,no_directory_point_not_zero_output
1105,Aiyete,0,no_directory_point_not_zero_output
1106,Tipitapa,0,no_directory_point_not_zero_output
1108,Bharatpur,8,directory_points_only
1109,Tauranga,6,directory_points_only
1110,Al Ghubra,29,directory_points_only
1112,Quetta,7,directory_points_only
1113,Chulucanas,0,no_directory_point_not_zero_output
1114,Bayambang,0,no_directory_point_not_zero_output
1115,Alotau,0,no_directory_point_not_zero_output
1116,Legnica,3,directory_points_only
1117,Cholsan,0,no_directory_point_not_zero_output
1118,Coimbra,143,directory_points_only
1119,Caaguazú,0,no_directory_point_not_zero_output
1121,Sibiu,8,directory_points_only
1122,Veliky Novgorod,2,directory_points_only
1123,Muhanga,1,directory_points_only
1124,Arar,2,directory_points_only
1125,Kebkabiya,0,no_directory_point_not_zero_output
1126,Ziguinchor,1,directory_points_only
1127,Koidu Town,0,no_directory_point_not_zero_output
1128,Usulután,0,no_directory_point_not_zero_output
1129,Buurhakaba,0,no_directory_point_not_zero_output
1130,Novi Pazar,2,directory_points_only
1131,Wau,2,directory_points_only
1132,Västerås,24,directory_points_only
1133,Aleppo,5,directory_points_only
1134,Guélendeng,0,no_directory_point_not_zero_output
1135,Atakpamé,0,no_directory_point_not_zero_output
1136,Kanchanaburi,1,directory_points_only
1137,Khistevarz,0,no_directory_point_not_zero_output
1138,Ashgabat,20,directory_points_only
1139,Manzil Bourguiba,1,directory_points_only
1140,Bandırma,2,directory_points_only
1141,New Taipei [Taipei],290,directory_points_only
1142,Tunduma,0,no_directory_point_not_zero_output
1143,Mubende,1,directory_points_only
1144,Kovel,0,no_directory_point_not_zero_output
1145,Maldonado,1,directory_points_only
1146,Watsonville,4,directory_points_only
1147,Hazorasp,0,no_directory_point_not_zero_output
1148,Santa Bárbara del Zulia,1,directory_points_only
1150,Ta'izz,6,directory_points_only
1151,Mossel Bay,0,no_directory_point_not_zero_output
1152,Choma,0,no_directory_point_not_zero_output
1153,Chinhoyi,1,directory_points_only
1154,Sar-e Pol,0,no_directory_point_not_zero_output
1155,Caxito,2,directory_points_only
1156,San Pedro,0,no_directory_point_not_zero_output
1158,Sabirabad,0,no_directory_point_not_zero_output
1159,Makamba,0,no_directory_point_not_zero_output
1160,Antwerp,82,directory_points_only
1161,Bohicon,0,no_directory_point_not_zero_output
1162,Gaoua,0,no_directory_point_not_zero_output
1163,Dinajpur,1,directory_points_only
1164,Babruysk,0,no_directory_point_not_zero_output
1165,Sucre,6,directory_points_only
1166,Boa Vista,3,directory_points_only
1168,Olten,13,directory_points_only
1169,San Antonio,0,no_directory_point_not_zero_output
1170,Karamay,3,directory_points_only
1171,Vavoua,0,no_directory_point_not_zero_output
1172,Dschang,1,directory_points_only
1173,Mbanza-Ngungu,1,directory_points_only
1175,Puerto Asís,0,no_directory_point_not_zero_output
1176,Camagüey,2,directory_points_only
1177,Brno,378,directory_points_only
1178,Wuppertal,41,directory_points_only
1179,La Vega,1,directory_points_only
1180,Ain Sefra,0,no_directory_point_not_zero_output
1181,Balzar,0,no_directory_point_not_zero_output
1182,Mutubis,0,no_directory_point_not_zero_output
1183,Ferrol,1,directory_points_only
1184,Gulisso,0,no_directory_point_not_zero_output
1185,Anglet,16,directory_points_only
1187,Dunkwa-on-Ofin,0,no_directory_point_not_zero_output
1188,Faranah,1,directory_points_only
1189,Chania,4,directory_points_only
1190,Aguacatán,0,no_directory_point_not_zero_output
1192,Choluteca,0,no_directory_point_not_zero_output
1193,Gonaïves,0,no_directory_point_not_zero_output
1194,Miskolc,4,directory_points_only
1195,Teluk Dalam,0,no_directory_point_not_zero_output
1196,Bhuj,4,directory_points_only
1197,Sardasht,0,no_directory_point_not_zero_output
1202,Saga,27,directory_points_only
1203,Ayteke Bi,0,no_directory_point_not_zero_output
1204,Kitale,1,directory_points_only
1206,Cheonan-si,28,directory_points_only
1207,Sirte,2,directory_points_only
1208,Matara,0,no_directory_point_not_zero_output
1209,El Jadida,2,directory_points_only
1210,Maroantsetra,0,no_directory_point_not_zero_output
1211,Mexicali,8,directory_points_only
1212,Niono,0,no_directory_point_not_zero_output
1213,Taungup,0,no_directory_point_not_zero_output
1214,Moatize,0,no_directory_point_not_zero_output
1215,Teluk Intan,2,directory_points_only
1216,Tahoua,1,directory_points_only
1217,Abeokuta,8,directory_points_only
1218,Granada,1,directory_points_only
1220,Pokhariya,0,no_directory_point_not_zero_output
1221,Al Amerat,0,no_directory_point_not_zero_output
1222,Khuzdar,0,no_directory_point_not_zero_output
1224,Urdaneta,1,directory_points_only
1225,Kimbe,2,directory_points_only
1226,Piła,2,directory_points_only
1227,Sonchon,0,no_directory_point_not_zero_output
1228,Braga,68,directory_points_only
1229,Encarnacion,2,directory_points_only
1230,Nablus,3,directory_points_only
1231,Craiova,6,directory_points_only
1232,Velikiye Luki,1,directory_points_only
1233,Ruhango,0,no_directory_point_not_zero_output
1234,Jeddah,29,directory_points_only
1235,Kas,0,no_directory_point_not_zero_output
1236,Bignona,0,no_directory_point_not_zero_output
1237,Daru,0,no_directory_point_not_zero_output
1238,San Miguel,2,directory_points_only
1239,Qoryooley,0,no_directory_point_not_zero_output
1240,Kraljevo,0,no_directory_point_not_zero_output
1241,Nzara,0,no_directory_point_not_zero_output
1242,Uppsala,99,directory_points_only
1243,Hama,3,directory_points_only
1244,UNNAMED,0,no_directory_point_not_zero_output
1245,Lomé,13,directory_points_only
1246,Ranong,1,directory_points_only
1247,Qabodiyon,0,no_directory_point_not_zero_output
1248,Mary,1,directory_points_only
1249,Bizerte,0,no_directory_point_not_zero_output
1250,Silivri,0,no_directory_point_not_zero_output
1252,Kahama,0,no_directory_point_not_zero_output
1253,Masaka,4,directory_points_only
1254,Lutsk,3,directory_points_only
1255,San Jose,1933,directory_points_only
1256,Gijduvan,0,no_directory_point_not_zero_output
1257,El Vigía,0,no_directory_point_not_zero_output
1260,Oudtshoorn,0,no_directory_point_not_zero_output
1261,UNNAMED,0,no_directory_point_not_zero_output
1262,King Mine,0,no_directory_point_not_zero_output
1263,Lashkar Gah,1,directory_points_only
1264,Porto Amboim,0,no_directory_point_not_zero_output
1265,San Ramón de la Nueva Orán,0,no_directory_point_not_zero_output
1266,Melbourne,477,directory_points_only
1267,Cəlilabad,0,no_directory_point_not_zero_output
1268,Ngozi,1,directory_points_only
1269,Brussels,640,directory_points_only
1270,Whydah,1,directory_points_only
1271,Tougan,0,no_directory_point_not_zero_output
1273,Vitebsk,5,directory_points_only
1275,Cacoal,1,directory_points_only
1276,Calgary,170,directory_points_only
1278,La Calera,0,no_directory_point_not_zero_output
1279,Baicheng,0,no_directory_point_not_zero_output
1280,Daloa,1,directory_points_only
1281,Wum,0,no_directory_point_not_zero_output
1282,Kisantu,0,no_directory_point_not_zero_output
1284,Cali,34,directory_points_only
1285,Manzanillo,0,no_directory_point_not_zero_output
1286,Olomouc,71,directory_points_only
1287,Saarbruecken,56,directory_points_only
1288,Moca,0,no_directory_point_not_zero_output
1289,Arzew,0,no_directory_point_not_zero_output
1290,Vinces,0,no_directory_point_not_zero_output
1292,Ourense,1,directory_points_only
1293,Tepi,1,directory_points_only
1294,La Rochelle,19,directory_points_only
1296,Kumasi,17,directory_points_only
1297,Guéckédou,0,no_directory_point_not_zero_output
1298,Heraklion,19,directory_points_only
1299,Panajachel [Sololá],0,no_directory_point_not_zero_output
1301,Tegucigalpa,12,directory_points_only
1302,Port-au-Prince,17,directory_points_only
1303,Nyíregyháza,4,directory_points_only
1304,Karang Baru,0,no_directory_point_not_zero_output
1306,Mahabad,1,directory_points_only
1308,Modi'in Illit,2,directory_points_only
1309,Genoa,57,directory_points_only
1310,Iizuka,13,directory_points_only
1311,Kokshetau,1,directory_points_only
1312,Eldoret,8,directory_points_only
1313,Uzgen,0,no_directory_point_not_zero_output
1314,Sokcho-si,2,directory_points_only
1315,Benghazi,9,directory_points_only
1317,Sidi Bennour,0,no_directory_point_not_zero_output
1318,San Luis Río Colorado,1,directory_points_only
1319,Sikasso,0,no_directory_point_not_zero_output
1320,Shwebo,1,directory_points_only
1321,Gorongosa,0,no_directory_point_not_zero_output
1322,Kuala Lumpur,364,directory_points_only
1323,Birni N'Konni,0,no_directory_point_not_zero_output
1324,Igbo Ora,0,no_directory_point_not_zero_output
1325,Jinotega,1,directory_points_only
1326,Alkmaar,13,directory_points_only
1327,Hetauda,1,directory_points_only
1328,Balad Bani Bu Ali,0,no_directory_point_not_zero_output
1329,Qila Saifullah,0,no_directory_point_not_zero_output
1330,Chiclayo,8,directory_points_only
1331,Puerto Princesa,2,directory_points_only
1332,Wałbrzych,3,directory_points_only
1333,Kusong,0,no_directory_point_not_zero_output
1334,Ciudad del Este,3,directory_points_only
1335,Jerusalem,30,directory_points_only
1336,Târgu Mureș,10,directory_points_only
1337,Petrozavodsk,8,directory_points_only
1338,Kigali,45,directory_points_only
1340,Nyala,1,directory_points_only
1341,Diourbel,1,directory_points_only
1342,Berbera,0,no_directory_point_not_zero_output
1343,Kragujevac,3,directory_points_only
1344,Yambio,0,no_directory_point_not_zero_output
1345,Södertälje,9,directory_points_only
1346,Homs,2,directory_points_only
1347,Massakory,0,no_directory_point_not_zero_output
1348,Sokodé,0,no_directory_point_not_zero_output
1349,Phuket,3,directory_points_only
1350,Vahdat,0,no_directory_point_not_zero_output
1351,Turkmenabat,1,directory_points_only
1352,Regueb,0,no_directory_point_not_zero_output
1353,Balıkesir,2,directory_points_only
1355,Bukala,0,no_directory_point_not_zero_output
1357,Ivano-Frankivsk,6,directory_points_only
1359,Bukhara,10,directory_points_only
1360,La Concepción,0,no_directory_point_not_zero_output
1362,Ibb,4,directory_points_only
1363,George,1,directory_points_only
1364,Mumbwa,0,no_directory_point_not_zero_output
1365,Masvingo,2,directory_points_only
1366,Girishk,0,no_directory_point_not_zero_output
1367,Sumbe,0,no_directory_point_not_zero_output
1368,Concepción,0,no_directory_point_not_zero_output
1369,Woden,31,directory_points_only
1370,Şirvan,0,no_directory_point_not_zero_output
1371,Gitega,3,directory_points_only
1372,Charleroi,35,directory_points_only
1373,Tindji,0,no_directory_point_not_zero_output
1374,Ouahigouya,1,directory_points_only
1375,Nilphamari,0,no_directory_point_not_zero_output
1376,Orsha,0,no_directory_point_not_zero_output
1377,Tarija,4,directory_points_only
1378,Manacapuru,0,no_directory_point_not_zero_output
1380,Lucerne,46,directory_points_only
1381,Quillota,0,no_directory_point_not_zero_output
1382,Aral ئارال,1,directory_points_only
1383,Tengréla,0,no_directory_point_not_zero_output
1384,Bamenda,6,directory_points_only
1385,Kinshasa,39,directory_points_only
1386,Owando,0,no_directory_point_not_zero_output
1387,Jamundí,0,no_directory_point_not_zero_output
1388,Nuevitas,0,no_directory_point_not_zero_output
1389,Ostrava,149,directory_points_only
1391,Bonao,1,directory_points_only
1392,Adrar,2,directory_points_only
1393,Pasaje,0,no_directory_point_not_zero_output
1394,Delingat,0,no_directory_point_not_zero_output
1395,Huelva,5,directory_points_only
1396,Duba,0,no_directory_point_not_zero_output
1397,Bordeaux,191,directory_points_only
1399,Kintampo,1,directory_points_only
1400,Kissidougou,0,no_directory_point_not_zero_output
1401,Santa Lucía Cotzumalguapa,0,no_directory_point_not_zero_output
1402,Danli,0,no_directory_point_not_zero_output
1403,Saint-Louis-du-Nord,0,no_directory_point_not_zero_output
1404,Debrecen,7,directory_points_only
1405,Pangkalan Brandan,0,no_directory_point_not_zero_output
1406,Mendhar,0,no_directory_point_not_zero_output
1407,Bonab,2,directory_points_only
1408,Hamam al Alil,0,no_directory_point_not_zero_output
1409,Nazareth,6,directory_points_only
1410,Vigevano,3,directory_points_only
1412,Kyzylorda,2,directory_points_only
1414,Gul'cha,0,no_directory_point_not_zero_output
1415,Wonju-si,9,directory_points_only
1416,Ajdabiya,1,directory_points_only
1418,Azemmour,0,no_directory_point_not_zero_output
1419,Puerto Peñasco,0,no_directory_point_not_zero_output
1420,Koutiala,0,no_directory_point_not_zero_output
1421,Kyaukpadaung,0,no_directory_point_not_zero_output
1422,Nhamatanda,0,no_directory_point_not_zero_output
1424,Galmi,0,no_directory_point_not_zero_output
1425,Ilero,0,no_directory_point_not_zero_output
1426,Matagalpa,1,directory_points_only
1427,Amsterdam,343,directory_points_only
1429,Sur,1,directory_points_only
1430,Sibi,1,directory_points_only
1431,Trujillo,6,directory_points_only
1433,Leszno,2,directory_points_only
1434,Kanggye,0,no_directory_point_not_zero_output
1435,Jenin,1,directory_points_only
1436,Slatina,0,no_directory_point_not_zero_output
1437,Smolensk,11,directory_points_only
1440,Buram,0,no_directory_point_not_zero_output
1441,Louga,0,no_directory_point_not_zero_output
1442,Merca,1,directory_points_only
1443,Kruševac,1,directory_points_only
1444,Rumbek,1,directory_points_only
1445,Stockholm,754,directory_points_only
1446,`Uthman,1,directory_points_only
1447,كيلو Kelo,0,no_directory_point_not_zero_output
1448,Notsé,0,no_directory_point_not_zero_output
1449,Nakhon Sawan,6,directory_points_only
1450,Vakhsh,0,no_directory_point_not_zero_output
1451,El Hamma,0,no_directory_point_not_zero_output
1452,Turgutlu,0,no_directory_point_not_zero_output
1454,Vwawa,0,no_directory_point_not_zero_output
1456,Kolomyia,0,no_directory_point_not_zero_output
1458,Navoiy,3,directory_points_only
1459,Maracaibo,7,directory_points_only
1463,Monze,0,no_directory_point_not_zero_output
1464,Norton,0,no_directory_point_not_zero_output
1465,Mazar i sharif,1,directory_points_only
1466,Bocoio,0,no_directory_point_not_zero_output
1467,San Miguel de Tucumán,11,directory_points_only
1468,Belconnen,148,directory_points_only
1469,Masallı,0,no_directory_point_not_zero_output
1470,Kayogoro,0,no_directory_point_not_zero_output
1472,Allada,0,no_directory_point_not_zero_output
1473,Koudougou,1,directory_points_only
1474,Saidpur,1,directory_points_only
1475,Mahilyow,4,directory_points_only
1476,Montero,0,no_directory_point_not_zero_output
1477,Manaus,14,directory_points_only
1478,Red Deer,6,directory_points_only
1479,Zurich,648,directory_points_only
1480,Concepción,16,directory_points_only
1481,Wusu,0,no_directory_point_not_zero_output
1482,Bonon,0,no_directory_point_not_zero_output
1483,Edéa,0,no_directory_point_not_zero_output
1485,Ouésso,0,no_directory_point_not_zero_output
1486,Quibdó,2,directory_points_only
1487,Las Tunas,1,directory_points_only
1488,Havířov,13,directory_points_only
1491,Mecheria,0,no_directory_point_not_zero_output
1492,Esmeraldas,1,directory_points_only
1493,Al Zayyatin al Qibliyah,0,no_directory_point_not_zero_output
1494,Badajoz,6,directory_points_only
1495,Gore,0,no_directory_point_not_zero_output
1496,Angers,31,directory_points_only
1498,Nkoranza,1,directory_points_only
1499,Macenta,0,no_directory_point_not_zero_output
1500,Santa Cruz del Quiché,0,no_directory_point_not_zero_output
1501,La Ceiba,1,directory_points_only
1502,Gros Morne,0,no_directory_point_not_zero_output
1503,Sidikalang,0,no_directory_point_not_zero_output
1504,Bandipora,0,no_directory_point_not_zero_output
1505,Malekan,0,no_directory_point_not_zero_output
1506,Qaryat Arfaylah,0,no_directory_point_not_zero_output
1507,Jerusalem,78,directory_points_only
1508,Sassari,7,directory_points_only
1509,Isahaya,4,directory_points_only
1510,Nur-Sultan,41,directory_points_only
1512,Gunsan-si,5,directory_points_only
1513,Marj,0,no_directory_point_not_zero_output
1515,Marrakesh,13,directory_points_only
1516,Guaymas,0,no_directory_point_not_zero_output
1517,San,0,no_directory_point_not_zero_output
1518,Myingyan,1,directory_points_only
1519,Maxixe,1,directory_points_only
1521,Keïta,0,no_directory_point_not_zero_output
1522,Iwere,0,no_directory_point_not_zero_output
1523,Juigalpa,0,no_directory_point_not_zero_output
1524,Breda,29,directory_points_only
1525,Kathmandu,147,directory_points_only
1526,Parachinar,0,no_directory_point_not_zero_output
1527,Jaén,1,directory_points_only
1528,Olongapo,1,directory_points_only
1529,Poznan,81,directory_points_only
1530,Kwaksan,0,no_directory_point_not_zero_output
1531,Pitești,2,directory_points_only
1532,Severodvinsk,0,no_directory_point_not_zero_output
1534,Al-Fashir,1,directory_points_only
1535,Kaolack,0,no_directory_point_not_zero_output
1536,Dara Salaam,0,no_directory_point_not_zero_output
1537,Niš,6,directory_points_only
1538,Yei,0,no_directory_point_not_zero_output
1540,As Safirah,0,no_directory_point_not_zero_output
1541,Moundou,0,no_directory_point_not_zero_output
1542,Kara,1,directory_points_only
1543,Ratchaburi,3,directory_points_only
1544,Danghara,0,no_directory_point_not_zero_output
1545,Tunis,111,directory_points_only
1546,Akhisar,0,no_directory_point_not_zero_output
1547,Xinying District,1,directory_points_only
1548,Tabora,0,no_directory_point_not_zero_output
1549,Mityana,0,no_directory_point_not_zero_output
1550,Ternopil,7,directory_points_only
1552,Koson,0,no_directory_point_not_zero_output
1553,San Rafael del Mojan,0,no_directory_point_not_zero_output
1554,Phúc Thọ,0,no_directory_point_not_zero_output
1555,Al Milhi,0,no_directory_point_not_zero_output
1557,Mazabuka,0,no_directory_point_not_zero_output
1558,Harare,61,directory_points_only
1559,Kandahar,2,directory_points_only
1560,Cubal,0,no_directory_point_not_zero_output
1561,Yacuiba,0,no_directory_point_not_zero_output
1562,Wollongong,14,directory_points_only
1564,Kirundo,0,no_directory_point_not_zero_output
1565,Leuven,67,directory_points_only
1566,Dassa-Zoumé,0,no_directory_point_not_zero_output
1567,Gourcy,0,no_directory_point_not_zero_output
1569,Homel,11,directory_points_only
1570,Santa Cruz de la Sierra,18,directory_points_only
1571,Vilhena,0,no_directory_point_not_zero_output
1572,Edmonton,167,directory_points_only
1574,Coronel,0,no_directory_point_not_zero_output
1575,Altay,0,no_directory_point_not_zero_output
1576,Gagnoa,0,no_directory_point_not_zero_output
1577,Mbouda,0,no_directory_point_not_zero_output
1578,Kasongo-Lunda,0,no_directory_point_not_zero_output
1579,Dongou,0,no_directory_point_not_zero_output
1580,Santander de Quilichao,0,no_directory_point_not_zero_output
1581,Bayamo,1,directory_points_only
1583,San Francisco de Macoris,0,no_directory_point_not_zero_output
1584,Sig,0,no_directory_point_not_zero_output
1585,El Empalme,0,no_directory_point_not_zero_output
1586,Desouk,0,no_directory_point_not_zero_output
1587,Cádiz,10,directory_points_only
1588,Metu,1,directory_points_only
1589,Pau,22,directory_points_only
1591,Obuasi,0,no_directory_point_not_zero_output
1592,Banankoro,0,no_directory_point_not_zero_output
1593,Chichicastenango,0,no_directory_point_not_zero_output
1594,Juticalpa,0,no_directory_point_not_zero_output
1595,Dessalines,0,no_directory_point_not_zero_output
1596,Medan,91,directory_points_only
1597,Mundra,0,no_directory_point_not_zero_output
1598,Maragheh,2,directory_points_only
1599,Al Khan,0,no_directory_point_not_zero_output
1600,Milan,388,directory_points_only
1602,Shieli,0,no_directory_point_not_zero_output
1603,Molo,1,directory_points_only
1604,Cheongju-si,68,directory_points_only
1605,Bayda,1,directory_points_only
1607,Ben Guerir,1,directory_points_only
1608,Los Mochis,2,directory_points_only
1609,Mopti,0,no_directory_point_not_zero_output
1610,Magway,1,directory_points_only
1611,Dondo,0,no_directory_point_not_zero_output
1613,Madaoua,0,no_directory_point_not_zero_output
1614,Saki,0,no_directory_point_not_zero_output
1615,Siuna,0,no_directory_point_not_zero_output
1618,Wana,0,no_directory_point_not_zero_output
1619,Cutervo,0,no_directory_point_not_zero_output
1620,Tarlac City,1,directory_points_only
1621,Świdnica,2,directory_points_only
1622,Jongju,0,no_directory_point_not_zero_output
1623,Brasov,3,directory_points_only
1624,Arkhangelsk,9,directory_points_only
1625,Mecca,5,directory_points_only
1626,Mellit,0,no_directory_point_not_zero_output
1627,Gossas,0,no_directory_point_not_zero_output
1628,Xawo Tako,0,no_directory_point_not_zero_output
1629,Leskovac,1,directory_points_only
1630,Kaya,0,no_directory_point_not_zero_output
1631,Bza`a,0,no_directory_point_not_zero_output
1632,Laï,0,no_directory_point_not_zero_output
1633,Anié,0,no_directory_point_not_zero_output
1634,Chumphon,1,directory_points_only
1635,Isfara,0,no_directory_point_not_zero_output
1636,Sidi Amor Bou Hajla,0,no_directory_point_not_zero_output
1637,Istanbul,199,directory_points_only
1639,Mwanza,7,directory_points_only
1640,Nimule,0,no_directory_point_not_zero_output
1641,Rivne,4,directory_points_only
1642,Los Angeles,1483,directory_points_only
1644,Santa Rita,0,no_directory_point_not_zero_output
1645,Hòa Bình,0,no_directory_point_not_zero_output
1646,Dhamar,3,directory_points_only
1647,Port Elizabeth,11,directory_points_only
1650,Samangan,1,directory_points_only
1651,Vila Nova do Seles,0,no_directory_point_not_zero_output
1652,Tartagal,1,directory_points_only
1653,Campbelltown,2,directory_points_only
1654,Lankaran,1,directory_points_only
1655,Ruyigi,0,no_directory_point_not_zero_output
1656,Liège,46,directory_points_only
1657,Cotonou,29,directory_points_only
1658,Yako,0,no_directory_point_not_zero_output
1659,Bodorganj,0,no_directory_point_not_zero_output
1661,Yacuiba,0,no_directory_point_not_zero_output
1662,Itacoatiara,0,no_directory_point_not_zero_output
1663,Regina,35,directory_points_only
1665,Chiguayante,0,no_directory_point_not_zero_output
1666,Kuytun,0,no_directory_point_not_zero_output
1667,Sinfra,0,no_directory_point_not_zero_output
1668,Bafoussam,1,directory_points_only
1669,Kenge,0,no_directory_point_not_zero_output
1670,Impfondo,0,no_directory_point_not_zero_output
1671,Chigorodó,0,no_directory_point_not_zero_output
1672,Contramaestre,0,no_directory_point_not_zero_output
1674,Santo Domingo,41,directory_points_only
1675,Mostaganem,3,directory_points_only
1676,Milagro,0,no_directory_point_not_zero_output
1677,Sadat City,1,directory_points_only
1679,Uallaga,0,no_directory_point_not_zero_output
1680,Caen,65,directory_points_only
1681,Torquay,30,directory_points_only
1682,Mampong,3,directory_points_only
1683,Kankan,1,directory_points_only
1684,Santa Cruz Barillas,0,no_directory_point_not_zero_output
1685,Petite-Rivière-de-l'Artibonite,0,no_directory_point_not_zero_output
1687,Salaya,0,no_directory_point_not_zero_output
1688,Miandoab,0,no_directory_point_not_zero_output
1689,Gaiyara,0,no_directory_point_not_zero_output
1690,Como,8,directory_points_only
1691,Ube,20,directory_points_only
1692,Temirtau,2,directory_points_only
1693,Narok,1,directory_points_only
1694,Chungju-si,4,directory_points_only
1695,Derna,3,directory_points_only
1696,Trincomalee,1,directory_points_only
1698,Heroica Caborca,0,no_directory_point_not_zero_output
1699,Socoura,0,no_directory_point_not_zero_output
1700,Myitkyina,2,directory_points_only
1701,Inhambane,0,no_directory_point_not_zero_output
1702,Seremban,19,directory_points_only
1703,Guidan Roumdji,0,no_directory_point_not_zero_output
1705,Bilwi (Puerto Cabezas),1,directory_points_only
1706,Hoorn,5,directory_points_only
1708,Hub,0,no_directory_point_not_zero_output
1709,Cajamarca,3,directory_points_only
1711,Wroclaw,76,directory_points_only
1712,Taechon,0,no_directory_point_not_zero_output
1713,Suceava,3,directory_points_only
1714,Tver,13,directory_points_only
1716,UNNAMED,0,no_directory_point_not_zero_output
1717,Darou Mousti,0,no_directory_point_not_zero_output
1718,Beledweyne,0,no_directory_point_not_zero_output
1720,Malakal,1,directory_points_only
1721,As Suwayda,0,no_directory_point_not_zero_output
1722,Gore,0,no_directory_point_not_zero_output
1723,Tsévié,0,no_directory_point_not_zero_output
1724,Nakhon Pathom,5,directory_points_only
1725,Kulob,1,directory_points_only
1726,Kairouan,0,no_directory_point_not_zero_output
1728,Chiayi,7,directory_points_only
1729,Nansio,0,no_directory_point_not_zero_output
1731,Chernivtsi,5,directory_points_only
1732,Petaluma,17,directory_points_only
1733,Katta-Kurgan,1,directory_points_only
1734,Mérida,2,directory_points_only
1736,Yarim,0,no_directory_point_not_zero_output
1737,Kimberley,3,directory_points_only
1738,Chililabombwe,0,no_directory_point_not_zero_output
1739,Triangle,0,no_directory_point_not_zero_output
1740,Kunduz,1,directory_points_only
1741,M'banza Congo,0,no_directory_point_not_zero_output
1742,San Fernando del Valle de Catamarca,1,directory_points_only
1744,Baku,90,directory_points_only
1745,Butihinda,0,no_directory_point_not_zero_output
1747,Banikoara,0,no_directory_point_not_zero_output
1748,Leo,0,no_directory_point_not_zero_output
1749,Rajshahi,9,directory_points_only
1750,Parintins,0,no_directory_point_not_zero_output
1751,Saskatoon,60,directory_points_only
1752,Lugano,46,directory_points_only
1753,Melipilla,1,directory_points_only
1754,Kuqa,0,no_directory_point_not_zero_output
1755,Bouaflé,0,no_directory_point_not_zero_output
1756,Ndop,0,no_directory_point_not_zero_output
1757,Bandundu,1,directory_points_only
1758,Bétou,0,no_directory_point_not_zero_output
1759,Palmira,0,no_directory_point_not_zero_output
1760,Holguín,2,directory_points_only
1761,Münster,50,directory_points_only
1762,San Pedro de Macorís,1,directory_points_only
1763,Mohammadia,0,no_directory_point_not_zero_output
1764,Babahoyo,1,directory_points_only
1765,Itay el-Barud,0,no_directory_point_not_zero_output
1766,Cáceres,7,directory_points_only
1767,Guyi,0,no_directory_point_not_zero_output
1768,Le Havre,15,directory_points_only
1769,Bridgend,18,directory_points_only
1770,Ejura,0,no_directory_point_not_zero_output
1771,Siguiri,0,no_directory_point_not_zero_output
1772,Santa María Nebaj,0,no_directory_point_not_zero_output
1773,Saint Michel de l’Attalaye,0,no_directory_point_not_zero_output
1774,Lepar Samura,1,directory_points_only
1775,Khambhaliya,0,no_directory_point_not_zero_output
1776,Baneh,0,no_directory_point_not_zero_output
1777,Hajiruk,0,no_directory_point_not_zero_output
1778,Pavia,21,directory_points_only
1779,Muroran,8,directory_points_only
1780,Karaganda,5,directory_points_only
1781,Nakuru,5,directory_points_only
1782,Daejeon,135,directory_points_only
1783,Tobruk,1,directory_points_only
1784,Badulla,1,directory_points_only
1785,Casablanca,64,directory_points_only
1786,Hermosillo,10,directory_points_only
1787,Timbuktu,1,directory_points_only
1788,UNNAMED,0,no_directory_point_not_zero_output
1789,Beira,4,directory_points_only
1790,Kota Bharu,12,directory_points_only
1792,Ago Are,0,no_directory_point_not_zero_output
1793,Utrecht,266,directory_points_only
1795,Usta Muhammad,0,no_directory_point_not_zero_output
1796,Chimbote,3,directory_points_only
1797,Angeles [San Fernando],10,directory_points_only
1798,Gniezno,3,directory_points_only
1799,Jonchon,0,no_directory_point_not_zero_output
1800,Târgoviște,1,directory_points_only
1801,Bryansk,7,directory_points_only
1802,At Taif,2,directory_points_only
1803,UNNAMED,0,no_directory_point_not_zero_output
1804,Guinguinéo,0,no_directory_point_not_zero_output
1805,Burao,1,directory_points_only
1807,Bor,1,directory_points_only
1808,Manbij,0,no_directory_point_not_zero_output
1809,Doba,0,no_directory_point_not_zero_output
1810,Tchamba,0,no_directory_point_not_zero_output
1811,Phetchaburi,4,directory_points_only
1812,Khorugh,2,directory_points_only
1813,Gabes,3,directory_points_only
1814,Aydin,4,directory_points_only
1815,Tainan,36,directory_points_only
1816,Iwambi,0,no_directory_point_not_zero_output
1817,Gulu,6,directory_points_only
1818,Kamianets-Podilskyi,3,directory_points_only
1820,Qarshi,4,directory_points_only
1821,Cabimas,0,no_directory_point_not_zero_output
1822,Thái Nguyên,10,directory_points_only
1823,Ad Dala,0,no_directory_point_not_zero_output
1825,Chingola,0,no_directory_point_not_zero_output
1827,Puli Khumri,1,directory_points_only
1828,Gabela,0,no_directory_point_not_zero_output
1829,San Rafael,0,no_directory_point_not_zero_output
1830,Sydney,474,directory_points_only
1832,Muyinga,0,no_directory_point_not_zero_output
1833,Ouèssè,0,no_directory_point_not_zero_output
1834,Ouagadougou,37,directory_points_only
1835,Joypurhat,0,no_directory_point_not_zero_output
1836,Tangará da Serra,0,no_directory_point_not_zero_output
1837,Winnipeg,120,directory_points_only
1839,San Felipe,0,no_directory_point_not_zero_output
1840,Karakash,0,no_directory_point_not_zero_output
1841,Lakota,0,no_directory_point_not_zero_output
1842,Foumbot,0,no_directory_point_not_zero_output
1843,Mbandaka,1,directory_points_only
1844,Buga,2,directory_points_only
1845,Palma Soriano,0,no_directory_point_not_zero_output
1846,Koblenz,36,directory_points_only
1847,La Romana,1,directory_points_only
1848,Mascara,1,directory_points_only
1849,El Carmen,0,no_directory_point_not_zero_output
1850,Shubra Khit,0,no_directory_point_not_zero_output
1852,Shewa Ghimira,0,no_directory_point_not_zero_output
1853,Angoulême,3,directory_points_only
1854,Exeter,52,directory_points_only
1855,Cape Coast,6,directory_points_only
1856,Nzérékoré,0,no_directory_point_not_zero_output
1857,Escuintla,0,no_directory_point_not_zero_output
1858,La Croix,0,no_directory_point_not_zero_output
1860,Ramsar,0,no_directory_point_not_zero_output
1861,بوکان,1,directory_points_only
1862,Hīt,0,no_directory_point_not_zero_output
1863,Lecco,4,directory_points_only
1864,Izumo,7,directory_points_only
1865,Turkestan,2,directory_points_only
1867,Iksan-si,13,directory_points_only
1868,Valaichchenai EP,0,no_directory_point_not_zero_output
1869,Settat,2,directory_points_only
1870,Ciudad Obregón,2,directory_points_only
1871,Gao,0,no_directory_point_not_zero_output
1872,Mandalay,14,directory_points_only
1873,Massinga,0,no_directory_point_not_zero_output
1874,Melaka City,24,directory_points_only
1875,Maradi,2,directory_points_only
1876,Eruwa Titun,0,no_directory_point_not_zero_output
1877,Tilburg,21,directory_points_only
1879,Shahdadkot,0,no_directory_point_not_zero_output
1880,Huamachuco,0,no_directory_point_not_zero_output
1882,Wejherowo,2,directory_points_only
1883,Unsan,0,no_directory_point_not_zero_output
1884,Piatra Neamț,0,no_directory_point_not_zero_output
1885,Cherepovets,2,directory_points_only
1886,Hail,1,directory_points_only
1887,Ad Da'ein,0,no_directory_point_not_zero_output
1888,Goudomp,0,no_directory_point_not_zero_output
1889,Mogadishu,40,directory_points_only
1890,Juba,7,directory_points_only
1891,Kobani,0,no_directory_point_not_zero_output
1892,Kokanti,0,no_directory_point_not_zero_output
1894,Bangkok,282,directory_points_only
1896,Arnavutköy,0,no_directory_point_not_zero_output
1897,Kaohsiung,51,directory_points_only
1898,Nzega,0,no_directory_point_not_zero_output
1899,Kampala,154,directory_points_only
1900,Khmelnytskyi,4,directory_points_only
1901,Santa Rosa,32,directory_points_only
1903,Ciudad Ojeda,0,no_directory_point_not_zero_output
1905,Rada'a,0,no_directory_point_not_zero_output
1906,Makhanda (Grahamstown),5,directory_points_only
1907,Kafue,0,no_directory_point_not_zero_output
1908,Glenclova,0,no_directory_point_not_zero_output
1909,Khanabad,0,no_directory_point_not_zero_output
1910,Quipungo,0,no_directory_point_not_zero_output
1911,San Carlos de Bariloche,6,directory_points_only
1912,Newcastle,26,directory_points_only
1913,Parakou,3,directory_points_only
1914,Djibo,0,no_directory_point_not_zero_output
1915,Naogaon,0,no_directory_point_not_zero_output
1916,Cáceres,1,directory_points_only
1917,Thunder Bay,13,directory_points_only
1918,Sankt Gallen,55,directory_points_only
1919,Los Andes,1,directory_points_only
1920,Hotan,0,no_directory_point_not_zero_output
1921,Korhogo,1,directory_points_only
1922,Kumbo,0,no_directory_point_not_zero_output
1924,Apartadó,2,directory_points_only
1925,Santiago de Cuba,4,directory_points_only
1926,Hamm,9,directory_points_only
1927,Higüey,1,directory_points_only
1928,Saida,2,directory_points_only
1929,San Jacinto de Buena Fe,0,no_directory_point_not_zero_output
1930,Ezbet Ahmad al Ballasi,0,no_directory_point_not_zero_output
1931,Jerez,4,directory_points_only
1932,Berciuma,0,no_directory_point_not_zero_output
1933,Le Mans,18,directory_points_only
1934,Larbert,23,directory_points_only
1935,Assin Fosu,1,directory_points_only
1936,Sinko,0,no_directory_point_not_zero_output
1937,Chimaltenango,0,no_directory_point_not_zero_output
1938,Mirebalais,0,no_directory_point_not_zero_output
1940,Rajouri,0,no_directory_point_not_zero_output
1941,Ahar,1,directory_points_only
1942,Baiji,0,no_directory_point_not_zero_output
1943,Bergamo,28,directory_points_only
1944,Ōmuta,8,directory_points_only
1945,Pavlodar,3,directory_points_only
1946,Nyahururu,1,directory_points_only
1947,Gangneung-si,8,directory_points_only
1948,Batticaloa,2,directory_points_only
1949,Berrechid,0,no_directory_point_not_zero_output
1950,Navojoa,0,no_directory_point_not_zero_output
1951,Madaya,0,no_directory_point_not_zero_output
1952,Manga,0,no_directory_point_not_zero_output
1953,Muar,4,directory_points_only
1955,Ikorodu,1,directory_points_only
1956,Almere,20,directory_points_only
1958,Dera Murad Jamali,0,no_directory_point_not_zero_output
1959,Barranca,0,no_directory_point_not_zero_output
1960,Bayombong,3,directory_points_only
1961,Bydgoszcz,17,directory_points_only
1962,Unjon,0,no_directory_point_not_zero_output
1963,Botoșani,0,no_directory_point_not_zero_output
1964,Kaluga,2,directory_points_only
1965,Al Hawiyah,0,no_directory_point_not_zero_output
1966,UNNAMED,0,no_directory_point_not_zero_output
1967,Touba,0,no_directory_point_not_zero_output
1968,Dhuusamareeb دوسمريب,0,no_directory_point_not_zero_output
1969,Nimule,0,no_directory_point_not_zero_output
1970,Al-Tabqah,0,no_directory_point_not_zero_output
1971,بيجوندو Bedjomo,0,no_directory_point_not_zero_output
1973,Surat Thani,4,directory_points_only
1974,Hammamet,3,directory_points_only
1975,Ödemiş,0,no_directory_point_not_zero_output
1977,Mbeya,3,directory_points_only
1979,Zhytomyr,5,directory_points_only
1980,Concord,103,directory_points_only
1981,Samarkand,11,directory_points_only
1982,Arauca,0,no_directory_point_not_zero_output
1984,Al Mansurah,3,directory_points_only
1985,Mafikeng,1,directory_points_only
1986,Lusaka,57,directory_points_only
1988,Chaman,0,no_directory_point_not_zero_output
1989,Ganda,0,no_directory_point_not_zero_output
1990,Santiago del Estero,2,directory_points_only
1991,Toowoomba,3,directory_points_only
1992,Porto-Novo,5,directory_points_only
1993,Kongoussi,0,no_directory_point_not_zero_output
1995,Itaituba,1,directory_points_only
1996,Detroit,21,directory_points_only
1998,Shihezi,3,directory_points_only
1999,Diégonéfla,0,no_directory_point_not_zero_output
2000,Nkambe,0,no_directory_point_not_zero_output
2001,Kikwit,1,directory_points_only
2002,Tuluá,1,directory_points_only
2003,Guantanamo,2,directory_points_only
2004,Osnabrück,15,directory_points_only
2005,Relizane,1,directory_points_only
2006,Quevedo,2,directory_points_only
2007,Al Balakus,0,no_directory_point_not_zero_output
2008,Seville,83,directory_points_only
2009,Shehibi,0,no_directory_point_not_zero_output
2010,Poitiers,49,directory_points_only
2011,Livingston,24,directory_points_only
2012,Konongo,0,no_directory_point_not_zero_output
2013,Ciudad Vieja [Antigua Guatemala],2,directory_points_only
2014,Cap-Haitien,2,directory_points_only
2015,Pandan,1,directory_points_only
2017,Saqqez,1,directory_points_only
2018,Erbil,16,directory_points_only
2019,Cagliari,14,directory_points_only
2020,Tomakomai,7,directory_points_only
2021,Jetisay,0,no_directory_point_not_zero_output
2022,Naivasha,1,directory_points_only
2023,Jecheon-si,2,directory_points_only
2025,Deroua,1,directory_points_only
2026,Guasave,1,directory_points_only
2028,Caia,0,no_directory_point_not_zero_output
2029,Kuala Terengganu,10,directory_points_only
2030,Tchadoua,0,no_directory_point_not_zero_output
2031,Iseyin,0,no_directory_point_not_zero_output
2032,Hilversum,26,directory_points_only
2033,Itahari,2,directory_points_only
2034,Karachi,91,directory_points_only
2035,Huaraz,5,directory_points_only
2037,Gdansk,72,directory_points_only
2039,Ploiești,2,directory_points_only
2040,Obninsk,9,directory_points_only
2041,Al Lith,0,no_directory_point_not_zero_output
2042,Umm Kadadah,0,no_directory_point_not_zero_output
2044,Erigavo,1,directory_points_only
2047,Koumra,0,no_directory_point_not_zero_output
2048,Lopburi,4,directory_points_only
2049,Sousse,8,directory_points_only
2050,Salihli,0,no_directory_point_not_zero_output
2052,Shinyanga,0,no_directory_point_not_zero_output
2054,Berdychiv,0,no_directory_point_not_zero_output
2056,Guzar,0,no_directory_point_not_zero_output
2057,Socopó,0,no_directory_point_not_zero_output
2060,Bloemfontein,6,directory_points_only
2061,Kitwe,3,directory_points_only
2062,Bindura,3,directory_points_only
2064,Balombo,0,no_directory_point_not_zero_output
2065,San Luis,2,directory_points_only
2066,Aitkenvale,15,directory_points_only
2067,Kétou,1,directory_points_only
2068,Kombissiri,0,no_directory_point_not_zero_output
2069,Meherpur,0,no_directory_point_not_zero_output
2070,Corumbá,0,no_directory_point_not_zero_output
2072,Santiago,210,directory_points_only
2073,Changji/Sanji,2,directory_points_only
2074,Oumé,0,no_directory_point_not_zero_output
2075,Foumban,0,no_directory_point_not_zero_output
2076,Makanza,0,no_directory_point_not_zero_output
2077,Pitalito,0,no_directory_point_not_zero_output
2078,Baracoa,0,no_directory_point_not_zero_output
2079,Kaiserslautern,24,directory_points_only
2080,El Abiodh Sidi Cheikh,0,no_directory_point_not_zero_output
2081,Cantón Santo Domingo de los Tsachilas,2,directory_points_only
2084,K'Umbabe,0,no_directory_point_not_zero_output
2085,Tours,53,directory_points_only
2086,Cardiff,127,directory_points_only
2087,Navrongo,3,directory_points_only
2088,Joyabaj,0,no_directory_point_not_zero_output
2089,Hinche,1,directory_points_only
2090,Tarutung,1,directory_points_only
2091,Srinagar,14,directory_points_only
2092,Shahindezh,0,no_directory_point_not_zero_output
2093,Ramadi,5,directory_points_only
2094,Piacenza,11,directory_points_only
2095,Hōfu,5,directory_points_only
2096,Shymkent,4,directory_points_only
2098,Jeonju,32,directory_points_only
2099,Kalmunai,2,directory_points_only
2100,El Kelaa des Sraghna,0,no_directory_point_not_zero_output
2101,Guamúchil,0,no_directory_point_not_zero_output
2102,Mogok,0,no_directory_point_not_zero_output
2103,Morrumbala,0,no_directory_point_not_zero_output
2104,Batu Pahat,8,directory_points_only
2105,Mayahi,0,no_directory_point_not_zero_output
2106,Kamba,0,no_directory_point_not_zero_output
2107,'s-Hertogenbosch,34,directory_points_only
2109,Khairpur Nathan Shah,0,no_directory_point_not_zero_output
2110,Huacho,1,directory_points_only
2112,Ostrów Wielkopolski,1,directory_points_only
2113,Chongnam,0,no_directory_point_not_zero_output
2114,Bucharest,187,directory_points_only
2115,Zelenograd,11,directory_points_only
2116,Qunfudhah,0,no_directory_point_not_zero_output
2117,UNNAMED,0,no_directory_point_not_zero_output
2118,Sédhiou,0,no_directory_point_not_zero_output
2119,Las Anod,1,directory_points_only
2120,Renk,0,no_directory_point_not_zero_output
2121,Ar Raqqah,1,directory_points_only
2122,مويسالا Moïssala,0,no_directory_point_not_zero_output
2123,Phra Nakhon Si Ayutthaya,4,directory_points_only
2126,Luodong,4,directory_points_only
2127,Kyela,0,no_directory_point_not_zero_output
2129,Vinnytsia,8,directory_points_only
2131,Shahrisabz,1,directory_points_only
2132,Ciudad Bolivia,0,no_directory_point_not_zero_output
2135,Komani (Queenstown),1,directory_points_only
2136,Mufulira,0,no_directory_point_not_zero_output
2137,Marondera,1,directory_points_only
2138,Taloqan,1,directory_points_only
2139,Matala,0,no_directory_point_not_zero_output
2140,Villa Carlos Paz,0,no_directory_point_not_zero_output
2141,Cairns,9,directory_points_only
2142,Pobè,0,no_directory_point_not_zero_output
2143,Ziniaré,0,no_directory_point_not_zero_output
2144,নাটোর,0,no_directory_point_not_zero_output
2145,Sorriso,0,no_directory_point_not_zero_output
2146,Sarnia,10,directory_points_only
2148,Keriya,0,no_directory_point_not_zero_output
2149,Divo,0,no_directory_point_not_zero_output
2150,Ebolowa,1,directory_points_only
2151,Idiofa,0,no_directory_point_not_zero_output
2152,La Plata,0,no_directory_point_not_zero_output
2153,Oldenburg,31,directory_points_only
2154,Oued Rhiou,0,no_directory_point_not_zero_output
2155,City of Loja,6,directory_points_only
2156,Qaryat Salah al Din,0,no_directory_point_not_zero_output
2157,Avilés,3,directory_points_only
2158,Sigmo,0,no_directory_point_not_zero_output
2159,Rouen,60,directory_points_only
2160,Dunfermline,17,directory_points_only
2161,Atebubu,1,directory_points_only
2162,Guatemala City,27,directory_points_only
2163,Thomassique,0,no_directory_point_not_zero_output
2164,Pematang Siantar,8,directory_points_only
2165,Porbandar,1,directory_points_only
2166,Marivan,0,no_directory_point_not_zero_output
2167,Tikrit,1,directory_points_only
2168,La Spezia,3,directory_points_only
2169,Matsue,16,directory_points_only
2170,Saryagash,0,no_directory_point_not_zero_output
2171,Nairobi,221,directory_points_only
2172,Mokpo-si,8,directory_points_only
2173,Akkaraipattu,0,no_directory_point_not_zero_output
2174,Ouarzazate,1,directory_points_only
2175,Culiacán,11,directory_points_only
2176,Bhamo,2,directory_points_only
2177,Lichinga,0,no_directory_point_not_zero_output
2178,Kuantan,15,directory_points_only
2179,Aguié,0,no_directory_point_not_zero_output
2180,Sagamu,2,directory_points_only
2181,Amersfoort,55,directory_points_only
2183,Johi,0,no_directory_point_not_zero_output
2184,Moyobamba,1,directory_points_only
2185,Balanga,1,directory_points_only
2186,Inowrocław,4,directory_points_only
2187,Huichon,0,no_directory_point_not_zero_output
2188,Ruse,1,directory_points_only
2190,Rafha,0,no_directory_point_not_zero_output
2191,Ghubaysh,0,no_directory_point_not_zero_output
2192,Richard-Toll,0,no_directory_point_not_zero_output
2193,Galkayo,0,no_directory_point_not_zero_output
2194,Torit,0,no_directory_point_not_zero_output
2196,نيتكتن Bitkine,0,no_directory_point_not_zero_output
2198,Tataouine,0,no_directory_point_not_zero_output
2199,Bursa,10,directory_points_only
2200,Hualien,9,directory_points_only
2201,Musoma,0,no_directory_point_not_zero_output
2202,Lira,5,directory_points_only
2203,Kyiv,303,directory_points_only
2204,Tijuana,717,directory_points_only
2205,Gallaorol,0,no_directory_point_not_zero_output
2206,Valera,1,directory_points_only
2207,Hanoi,283,directory_points_only
2208,Al Beidha,1,directory_points_only
2210,Kabwe,2,directory_points_only
2211,Mutare,5,directory_points_only
2212,Charikar,1,directory_points_only
2213,Calulo,0,no_directory_point_not_zero_output
2214,Villa Mercedes,1,directory_points_only
2217,Kaya,0,no_directory_point_not_zero_output
2218,Ulipur,0,no_directory_point_not_zero_output
2219,Cuiabá,17,directory_points_only
2220,London,59,directory_points_only
2221,Talca,3,directory_points_only
2222,Wujiaqu,0,no_directory_point_not_zero_output
2223,Yamoussoukro,1,directory_points_only
2224,Bafia,0,no_directory_point_not_zero_output
2225,Gemena,0,no_directory_point_not_zero_output
2226,Cartago,0,no_directory_point_not_zero_output
2227,Basel,7,directory_points_only
2228,Frenda,0,no_directory_point_not_zero_output
2229,Cuenca,10,directory_points_only
2230,Geziret Nikla,0,no_directory_point_not_zero_output
2231,Oviedo,27,directory_points_only
2232,UNNAMED,0,no_directory_point_not_zero_output
2233,Limoges,34,directory_points_only
2234,Taunton,17,directory_points_only
2235,Akim Oda,1,directory_points_only
2237,Ouanaminthe,0,no_directory_point_not_zero_output
2238,Tebing Tinggi,0,no_directory_point_not_zero_output
2239,Gandhidham,1,directory_points_only
2240,Sarpol-e Zahab,0,no_directory_point_not_zero_output
2241,Soran,1,directory_points_only
2242,Cremona,4,directory_points_only
2243,Hakodate,20,directory_points_only
2245,Ongata Rongai,2,directory_points_only
2246,Gwangju,45,directory_points_only
2247,Khouribga,0,no_directory_point_not_zero_output
2248,Mazatlán,4,directory_points_only
2249,Aunglan,0,no_directory_point_not_zero_output
2250,Milange,0,no_directory_point_not_zero_output
2251,Dungun,2,directory_points_only
2252,Agadez,0,no_directory_point_not_zero_output
2253,Ishara,1,directory_points_only
2254,Eindhoven,79,directory_points_only
2255,Damak,0,no_directory_point_not_zero_output
2256,Mehar,0,no_directory_point_not_zero_output
2257,Huaral,0,no_directory_point_not_zero_output
2258,San Jose,0,no_directory_point_not_zero_output
2259,Kalisz,3,directory_points_only
2260,Anju,0,no_directory_point_not_zero_output
2261,Bacău,2,directory_points_only
2262,Moscow,773,directory_points_only
2263,Al Makhwah,0,no_directory_point_not_zero_output
2264,UNNAMED,0,no_directory_point_not_zero_output
2265,Kaffrine,0,no_directory_point_not_zero_output
2266,Garoowe,3,directory_points_only
2267,Deir Ez Zor,2,directory_points_only
2268,Ati,1,directory_points_only
2269,Saraburi,2,directory_points_only
2270,Medenine,1,directory_points_only
2271,Nazilli,0,no_directory_point_not_zero_output
2272,Taitung,1,directory_points_only
2273,Igunga,0,no_directory_point_not_zero_output
2274,Lugazi,1,directory_points_only
2275,Bila Tserkva,2,directory_points_only
2276,Santa Clarita,17,directory_points_only
2277,Urgut,0,no_directory_point_not_zero_output
2278,Barinas,1,directory_points_only
2279,Đại Nghĩa,0,no_directory_point_not_zero_output
2280,Lawdar,0,no_directory_point_not_zero_output
2281,Botshabelo,0,no_directory_point_not_zero_output
2282,Luanshya,0,no_directory_point_not_zero_output
2283,Ghazni,1,directory_points_only
2284,N'dalatando,1,directory_points_only
2285,Cordoba,37,directory_points_only
2286,Gold Coast,17,directory_points_only
2287,Kandi,0,no_directory_point_not_zero_output
2288,Boulsa,0,no_directory_point_not_zero_output
2289,Bogura,1,directory_points_only
2290,Sinop,0,no_directory_point_not_zero_output
2291,Sault Ste. Marie,9,directory_points_only
2292,Curicó,0,no_directory_point_not_zero_output
2293,Ürümqi,44,directory_points_only
2294,Ferkéssédougou,0,no_directory_point_not_zero_output
2295,Yaounde,64,directory_points_only
2296,Basankusu,0,no_directory_point_not_zero_output
2297,Pereira,3,directory_points_only
2298,Siegen,4,directory_points_only
2300,Guaranda,1,directory_points_only
2301,Al Kafr al Bahri,0,no_directory_point_not_zero_output
2302,Algeciras,0,no_directory_point_not_zero_output
2303,Chagni,0,no_directory_point_not_zero_output
2304,Toulouse,260,directory_points_only
2305,Edinburgh,215,directory_points_only
2306,Tamale,7,directory_points_only
2307,Cubulco,0,no_directory_point_not_zero_output
2308,Padang Sidempuan,6,directory_points_only
2309,Bhanvad,0,no_directory_point_not_zero_output
2310,Pars Abad,0,no_directory_point_not_zero_output
2311,Samarra,1,directory_points_only
2312,Brescia,18,directory_points_only
2313,Shunan,4,directory_points_only
2314,Taraz,6,directory_points_only
2316,Gumi-si,9,directory_points_only
2317,Rabat,74,directory_points_only
2318,Puerto Vallarta,1,directory_points_only
2319,UNNAMED,0,no_directory_point_not_zero_output
2320,Nicoadala,0,no_directory_point_not_zero_output
2321,Chukai,3,directory_points_only
2322,Gazaoua,0,no_directory_point_not_zero_output
2324,Veenendaal,56,directory_points_only
2325,Birtamod,1,directory_points_only
2326,Qambar,0,no_directory_point_not_zero_output
2327,Lima,131,directory_points_only
2328,Tuguegarao,4,directory_points_only
2329,Tczew,1,directory_points_only
2331,Buzău,3,directory_points_only
2332,Vologda,4,directory_points_only
2333,Afif,0,no_directory_point_not_zero_output
2334,Muglad,0,no_directory_point_not_zero_output
2335,Dahra Djoloff,0,no_directory_point_not_zero_output
2336,Bosaso,2,directory_points_only
2337,Al-Hasakah,0,no_directory_point_not_zero_output
2338,Sarh,1,directory_points_only
2340,Sfax,16,directory_points_only
2341,Gemlik,0,no_directory_point_not_zero_output
2342,Bunda,0,no_directory_point_not_zero_output
2343,Jinja,6,directory_points_only
2345,Napa,13,directory_points_only
2346,Jizzax,3,directory_points_only
2347,Boconó,0,no_directory_point_not_zero_output
2349,Al Qatn,0,no_directory_point_not_zero_output
2350,Jouberton,0,no_directory_point_not_zero_output
2351,Ndola,4,directory_points_only
2352,Kabul,27,directory_points_only
2353,Caconda,0,no_directory_point_not_zero_output
2354,Neuquén,1,directory_points_only
2355,Brisbane,175,directory_points_only
2356,Nikki,0,no_directory_point_not_zero_output
2357,Pouytenga,0,no_directory_point_not_zero_output
2358,Gaibandha,0,no_directory_point_not_zero_output
2359,Santarém,2,directory_points_only
2360,Kitchener,87,directory_points_only
2361,San Fernando,0,no_directory_point_not_zero_output
2362,Fukang,0,no_directory_point_not_zero_output
2363,Ouangolodougou,0,no_directory_point_not_zero_output
2364,Mbalmayo,0,no_directory_point_not_zero_output
2365,Karawa,0,no_directory_point_not_zero_output
2366,Garzón,0,no_directory_point_not_zero_output
2368,Ash Shalif,1,directory_points_only
2369,Riobamba,4,directory_points_only
2370,Kafr Dinshawai,0,no_directory_point_not_zero_output
2371,Salamanca,17,directory_points_only
2372,Bedele,0,no_directory_point_not_zero_output
2373,Chartres,3,directory_points_only
2374,Liverpool,134,directory_points_only
2375,Bolgatanga,2,directory_points_only
2377,Kisaran,2,directory_points_only
2378,Pampore,0,no_directory_point_not_zero_output
2379,Meshginshahr,0,no_directory_point_not_zero_output
2380,Kirkuk,3,directory_points_only
2381,Massa,4,directory_points_only
2382,Kumamoto,72,directory_points_only
2383,Semey,3,directory_points_only
2385,Suncheon-si,7,directory_points_only
2386,Ain El Aouda,0,no_directory_point_not_zero_output
2387,Manzanillo,1,directory_points_only
2388,Tan Soe တံစိုး,2,directory_points_only
2389,Quelimane,0,no_directory_point_not_zero_output
2390,Kluang,2,directory_points_only
2391,Tessaoua,0,no_directory_point_not_zero_output
2393,Leeuwarden,20,directory_points_only
2394,Nasirabad,0,no_directory_point_not_zero_output
2395,Tarapoto,1,directory_points_only
2397,Opole,7,directory_points_only
2398,Mundok,0,no_directory_point_not_zero_output
2399,Iași,21,directory_points_only
2400,Oryol,12,directory_points_only
2401,Muhayil,0,no_directory_point_not_zero_output
2402,Babanusah,0,no_directory_point_not_zero_output
2403,Dagana,0,no_directory_point_not_zero_output
2404,Qardho City,1,directory_points_only
2405,Qamishli,0,no_directory_point_not_zero_output
2406,Mongo,1,directory_points_only
2407,Thung Song,1,directory_points_only
2408,Al Munastir,5,directory_points_only
2410,Tarime,0,no_directory_point_not_zero_output
2411,Iganga,1,directory_points_only
2412,Chernihiv,5,directory_points_only
2413,Antioch,2,directory_points_only
2414,Sirdaryo,0,no_directory_point_not_zero_output
2415,Carora,0,no_directory_point_not_zero_output
2417,Seiyun,2,directory_points_only
2418,Uitkomsdal,0,no_directory_point_not_zero_output
2419,Kapiri Mposhi,0,no_directory_point_not_zero_output
2420,Bagram,0,no_directory_point_not_zero_output
2421,Waku Kungo,0,no_directory_point_not_zero_output
2424,Malanville,0,no_directory_point_not_zero_output
2425,Tenkodogo,0,no_directory_point_not_zero_output
2426,Chuadanga,2,directory_points_only
2427,Rondonópolis,1,directory_points_only
2428,Brantford,10,directory_points_only
2429,Chillán,2,directory_points_only
2430,Tianshan,1,directory_points_only
2431,Bouaké,2,directory_points_only
2432,Banyo,0,no_directory_point_not_zero_output
2433,Ilebo,0,no_directory_point_not_zero_output
2434,Florencia,1,directory_points_only
2435,Freiburg im Breisgau,75,directory_points_only
2436,Tiaret,1,directory_points_only
2437,Ambato,5,directory_points_only
2439,Gijón,12,directory_points_only
2440,Nekemte,1,directory_points_only
2441,Boulogne-sur-Mer,3,directory_points_only
2443,Savelugu,0,no_directory_point_not_zero_output
2444,Playa Grande Ixcán,0,no_directory_point_not_zero_output
2445,Panyabungan,1,directory_points_only
2446,Jamnagar,2,directory_points_only
2447,Javanrud,0,no_directory_point_not_zero_output
2448,Fallujah,0,no_directory_point_not_zero_output
2449,Parma,20,directory_points_only
2450,Yonago,6,directory_points_only
2451,Ayagoz,0,no_directory_point_not_zero_output
2453,Daegu,81,directory_points_only
2454,Souk Sebt Oulad Nemma,0,no_directory_point_not_zero_output
2455,Heroica Nogales,2,directory_points_only
2456,Meiktila,4,directory_points_only
2457,Cuamba,0,no_directory_point_not_zero_output
2460,Igboho,0,no_directory_point_not_zero_output
2462,Dera Allah Yaar,0,no_directory_point_not_zero_output
2463,Yurimaguas,0,no_directory_point_not_zero_output
2465,Toruń,13,directory_points_only
2466,Kujang,0,no_directory_point_not_zero_output
2467,Oltenița,0,no_directory_point_not_zero_output
2468,Serpukhov,3,directory_points_only
2469,البدائع,0,no_directory_point_not_zero_output
2470,En Nahud,1,directory_points_only
2471,Kolda,0,no_directory_point_not_zero_output
2472,Al Qurayya,0,no_directory_point_not_zero_output
2473,Faya-Largeau,0,no_directory_point_not_zero_output
2474,Trang,4,directory_points_only
2475,Ksar Hellal,0,no_directory_point_not_zero_output
2476,Yalova,1,directory_points_only
2478,Opuyo,2,directory_points_only
2479,Uman,3,directory_points_only
2481,Tashkent,101,directory_points_only
2482,Punto Fijo,0,no_directory_point_not_zero_output
2483,Thọ Xuân,0,no_directory_point_not_zero_output
2484,Tarim,0,no_directory_point_not_zero_output
2485,Kutlwanong,0,no_directory_point_not_zero_output
2486,Nchelenge,0,no_directory_point_not_zero_output
2488,Uíge,0,no_directory_point_not_zero_output
2489,General Roca,1,directory_points_only
2491,Koupéla,0,no_directory_point_not_zero_output
2492,Ishurdi,0,no_directory_point_not_zero_output
2493,Pedro Juan Caballero,0,no_directory_point_not_zero_output
2495,Rancagua,3,directory_points_only
2496,Yanqi,0,no_directory_point_not_zero_output
2497,Dabou,0,no_directory_point_not_zero_output
2498,Sangmélima,0,no_directory_point_not_zero_output
2499,Tshikapa,0,no_directory_point_not_zero_output
2500,Tierralta,0,no_directory_point_not_zero_output
2501,Bremerhaven,13,directory_points_only
2502,Sougueur,0,no_directory_point_not_zero_output
2503,Latacunga,3,directory_points_only
2504,Kafr Al-Sheikh,1,directory_points_only
2505,Ceuta,0,no_directory_point_not_zero_output
2506,Dembi,0,no_directory_point_not_zero_output
2507,Mantes-la-Jolie,3,directory_points_only
2508,Weston-super-Mare,10,directory_points_only
2509,Walewale,0,no_directory_point_not_zero_output
2511,Tanjung Balai,0,no_directory_point_not_zero_output
2512,Chauhatan,0,no_directory_point_not_zero_output
2513,Tikab,0,no_directory_point_not_zero_output
2514,Chamchamal,0,no_directory_point_not_zero_output
2515,Viareggio,3,directory_points_only
2516,Kitami,8,directory_points_only
2517,Oskemen,5,directory_points_only
2518,Nyeri,2,directory_points_only
2519,Geumseong-myeon,0,no_directory_point_not_zero_output
2520,Fkih Ben Salah,0,no_directory_point_not_zero_output
2521,Tecoman,1,directory_points_only
2522,Taungdwingyi,0,no_directory_point_not_zero_output
2523,Namacurra,0,no_directory_point_not_zero_output
2524,Singapore,33,directory_points_only
2525,Tanout,0,no_directory_point_not_zero_output
2526,Ibadan,29,directory_points_only
2528,Dadu,0,no_directory_point_not_zero_output
2531,Gronowo Górne,3,directory_points_only
2533,Focșani,0,no_directory_point_not_zero_output
2535,Bisha,1,directory_points_only
2536,UNNAMED,0,no_directory_point_not_zero_output
2537,Podor,0,no_directory_point_not_zero_output
2538,Abu Kamal,0,no_directory_point_not_zero_output
2539,كيابي Kyabé,0,no_directory_point_not_zero_output
2540,Chonburi,9,directory_points_only
2541,Mahdia,1,directory_points_only
2542,İnegöl,0,no_directory_point_not_zero_output
2543,Makambako,0,no_directory_point_not_zero_output
2544,Busesa,0,no_directory_point_not_zero_output
2545,Nizhyn,1,directory_points_only
2546,Fairfield,11,directory_points_only
2548,Guanare,0,no_directory_point_not_zero_output
2550,Al Mutadarririn,3,directory_points_only
2551,Bronville,0,no_directory_point_not_zero_output
2552,Mansa,0,no_directory_point_not_zero_output
2553,Fayzabad,0,no_directory_point_not_zero_output
2554,Negage,0,no_directory_point_not_zero_output
2555,Río Cuarto,10,directory_points_only
2557,Bitou,0,no_directory_point_not_zero_output
2558,Alamdanga,0,no_directory_point_not_zero_output
2559,Campo Grande,9,directory_points_only
2560,Guelph,39,directory_points_only
2561,Linares,0,no_directory_point_not_zero_output
2562,Qitai,0,no_directory_point_not_zero_output
2563,Agboville,0,no_directory_point_not_zero_output
2564,Ngaoundal,0,no_directory_point_not_zero_output
2565,Businga,0,no_directory_point_not_zero_output
2566,Armenia,4,directory_points_only
2568,Lardjem,0,no_directory_point_not_zero_output
2569,Quito,72,directory_points_only
2571,León,11,directory_points_only
2572,Agaro,0,no_directory_point_not_zero_output
2573,Calais,1,directory_points_only
2574,Blackpool,17,directory_points_only
2575,Nkawkaw,0,no_directory_point_not_zero_output
2576,San Cristobal Verapaz,0,no_directory_point_not_zero_output
2577,Gunung Tua,1,directory_points_only
2578,Pulwama,0,no_directory_point_not_zero_output
2579,Divandarreh,0,no_directory_point_not_zero_output
2580,Tuz Khormato,0,no_directory_point_not_zero_output
2581,Livorno,11,directory_points_only
2582,Yatsushiro,1,directory_points_only
2583,Almaty,81,directory_points_only
2585,Sora-myeon,1,directory_points_only
2586,Kenitra,1,directory_points_only
2587,Tepic,7,directory_points_only
2588,Myittha,0,no_directory_point_not_zero_output
2589,Mocuba,0,no_directory_point_not_zero_output
2591,Magaria,0,no_directory_point_not_zero_output
2592,Kishi,0,no_directory_point_not_zero_output
2593,Maastricht,57,directory_points_only
2594,Jacobabad,0,no_directory_point_not_zero_output
2595,Huánuco,3,directory_points_only
2596,Cabanatuan,3,directory_points_only
2597,Rybnik,9,directory_points_only
2599,Călărași,0,no_directory_point_not_zero_output
2601,Buraydah,3,directory_points_only
2602,UNNAMED,0,no_directory_point_not_zero_output
2605,Umm Hajar,0,no_directory_point_not_zero_output
2606,Laem Chabang,1,directory_points_only
2607,Ben Gardane,0,no_directory_point_not_zero_output
2608,İzmit,4,directory_points_only
2609,Singida,0,no_directory_point_not_zero_output
2610,Busia,0,no_directory_point_not_zero_output
2611,Pervomaisk,0,no_directory_point_not_zero_output
2612,Tracy,0,no_directory_point_not_zero_output
2613,Sherobod,0,no_directory_point_not_zero_output
2614,El Tocuyo,0,no_directory_point_not_zero_output
2619,Pul-i-Alam,1,directory_points_only
2620,Ondjiva,0,no_directory_point_not_zero_output
2621,Villa María,1,directory_points_only
2622,Maroochydore,8,directory_points_only
2623,Manni,0,no_directory_point_not_zero_output
2624,Barkhada,3,directory_points_only
2625,Uruguaiana,0,no_directory_point_not_zero_output
2626,Toronto,883,directory_points_only
2627,Los Ángeles,1,directory_points_only
2628,Turpan,0,no_directory_point_not_zero_output
2629,Abidjan,41,directory_points_only
2630,Garoua,1,directory_points_only
2631,Boende,0,no_directory_point_not_zero_output
2632,Calarcá,0,no_directory_point_not_zero_output
2634,Tissemsilt,1,directory_points_only
2636,Qotur,0,no_directory_point_not_zero_output
2637,Marbella,3,directory_points_only
2638,Shahura (Alefa),0,no_directory_point_not_zero_output
2639,Orléans,47,directory_points_only
2640,Southport,4,directory_points_only
2641,Agona Swedru,0,no_directory_point_not_zero_output
2642,Salamá,0,no_directory_point_not_zero_output
2643,Rantau Prapat,5,directory_points_only
2644,Bhachau,0,no_directory_point_not_zero_output
2645,Mianeh,0,no_directory_point_not_zero_output
2646,Saab Al Bour,0,no_directory_point_not_zero_output
2647,Pisa,42,directory_points_only
2648,Hiroshima,97,directory_points_only
2649,Taldykorgan,1,directory_points_only
2650,Kitengela,1,directory_points_only
2651,Jinju-si,20,directory_points_only
2652,Oued Zem,0,no_directory_point_not_zero_output
2653,Colima,1,directory_points_only
2654,Wundwin,0,no_directory_point_not_zero_output
2655,Gurue,0,no_directory_point_not_zero_output
2656,Kuching,34,directory_points_only
2657,Zinder,1,directory_points_only
2658,Oyo,6,directory_points_only
2659,Arnhem,122,directory_points_only
2660,Bannu,2,directory_points_only
2661,Cerro de Pasco,1,directory_points_only
2663,Katowice,124,directory_points_only
2664,Kaechon,0,no_directory_point_not_zero_output
2665,Galați,3,directory_points_only
2667,Unaizah,1,directory_points_only
2668,Dilling,1,directory_points_only
2669,Koungheul,0,no_directory_point_not_zero_output
2670,Am Timan,0,no_directory_point_not_zero_output
2671,Nakhon Si Thammarat,4,directory_points_only
2673,Songea,0,no_directory_point_not_zero_output
2674,Mbale,5,directory_points_only
2675,Bilhorod-Dnistrovskyi,0,no_directory_point_not_zero_output
2676,Bakersfield,12,directory_points_only
2677,Gulistan,1,directory_points_only
2678,Quíbor,0,no_directory_point_not_zero_output
2680,Al Juwaibiyat,0,no_directory_point_not_zero_output
2681,East London,9,directory_points_only
2682,Mkushi,0,no_directory_point_not_zero_output
2683,Mihtarlam,1,directory_points_only
2684,Calilongue,0,no_directory_point_not_zero_output
2685,Presidencia Roque Sáenz Peña,1,directory_points_only
2686,Bogandé,0,no_directory_point_not_zero_output
2688,Dourados,3,directory_points_only
2690,Temuco,6,directory_points_only
2691,Hami,0,no_directory_point_not_zero_output
2692,Daoukro,0,no_directory_point_not_zero_output
2693,Ngaoundéré,0,no_directory_point_not_zero_output
2694,Gbadolite,0,no_directory_point_not_zero_output
2695,Santa Rosa de Cabal,1,directory_points_only
2697,Ain Defla,0,no_directory_point_not_zero_output
2698,Otavalo,2,directory_points_only
2699,Shamma,0,no_directory_point_not_zero_output
2700,Córdoba,11,directory_points_only
2701,Dangla,0,no_directory_point_not_zero_output
2702,Paris,2724,directory_points_only
2704,Asamankese,0,no_directory_point_not_zero_output
2705,Cobán,0,no_directory_point_not_zero_output
2706,Padang,39,directory_points_only
2707,Shupiyan,0,no_directory_point_not_zero_output
2708,Eslamabad-e Gharb,0,no_directory_point_not_zero_output
2709,Baghdad,52,directory_points_only
2710,Reggio nell'Emilia,9,directory_points_only
2712,Thika,3,directory_points_only
2713,Jeju-si,14,directory_points_only
2714,Beni Mellal,1,directory_points_only
2715,Ciudad Guzmán,2,directory_points_only
2716,Pyin Oo Lwin,1,directory_points_only
2717,Maganja,0,no_directory_point_not_zero_output
2718,Sibu,7,directory_points_only
2719,Diffa,0,no_directory_point_not_zero_output
2720,Ijebu-Ode,1,directory_points_only
2722,Larkana,2,directory_points_only
2723,Tingo María,1,directory_points_only
2724,Gapan,1,directory_points_only
2725,Częstochowa,8,directory_points_only
2727,Brăila,1,directory_points_only
2728,Kursk,11,directory_points_only
2729,Abha,2,directory_points_only
2730,Kaduqli,0,no_directory_point_not_zero_output
2731,Vélingara,0,no_directory_point_not_zero_output
2732,Abéché,2,directory_points_only
2733,Chachoengsao,3,directory_points_only
2734,Denizli,5,directory_points_only
2735,Ndiuka,4,directory_points_only
2736,Amagoro B Central,0,no_directory_point_not_zero_output
2737,Odesa,30,directory_points_only
2740,Coro,1,directory_points_only
2741,Phủ Lý,0,no_directory_point_not_zero_output
2742,Shihr,0,no_directory_point_not_zero_output
2743,Potchefstroom,1,directory_points_only
2744,Samfya,0,no_directory_point_not_zero_output
2745,Jalalabad,6,directory_points_only
2746,Huambo,3,directory_points_only
2747,San Francisco,0,no_directory_point_not_zero_output
2748,Dori,0,no_directory_point_not_zero_output
2750,Altamira,0,no_directory_point_not_zero_output
2751,St. Catharines,21,directory_points_only
2752,Valdivia,4,directory_points_only
2753,Dunhuang,0,no_directory_point_not_zero_output
2754,Adzopé,0,no_directory_point_not_zero_output
2755,Bertoua,1,directory_points_only
2756,Lwebo,0,no_directory_point_not_zero_output
2757,Medellín,52,directory_points_only
2759,Aflou,1,directory_points_only
2760,Ibarra,4,directory_points_only
2761,Tala,0,no_directory_point_not_zero_output
2762,Talavera de la Reina,1,directory_points_only
2763,Bitilta Zebraro,0,no_directory_point_not_zero_output
2764,Dunkirk,5,directory_points_only
2765,Chester,30,directory_points_only
2766,Yeji,0,no_directory_point_not_zero_output
2768,Bagan Batu,0,no_directory_point_not_zero_output
2769,Jam Jodhpur,0,no_directory_point_not_zero_output
2770,Ilam,3,directory_points_only
2772,Verona,24,directory_points_only
2773,Beppu,9,directory_points_only
2774,Machakos,3,directory_points_only
2775,Pohang-si,18,directory_points_only
2776,Bejaad,0,no_directory_point_not_zero_output
2777,Agua Prieta,0,no_directory_point_not_zero_output
2778,Pyay,2,directory_points_only
2779,Malema,0,no_directory_point_not_zero_output
2780,Bintulu,3,directory_points_only
2781,N'Guigmi,0,no_directory_point_not_zero_output
2783,Apeldoorn,14,directory_points_only
2784,Khar,0,no_directory_point_not_zero_output
2785,Chincha Alta,2,directory_points_only
2787,Lodz,51,directory_points_only
2788,Sukchon,0,no_directory_point_not_zero_output
2789,Tulcea,1,directory_points_only
2790,Elektrostal,0,no_directory_point_not_zero_output
2791,Khamis Mushait,1,directory_points_only
2792,Dongola,1,directory_points_only
2793,Madina Gounass,0,no_directory_point_not_zero_output
2794,أدري Adré,0,no_directory_point_not_zero_output
2795,Pattaya,1,directory_points_only
2796,Uşak,1,directory_points_only
2797,Dodoma,8,directory_points_only
2798,Pryluky,0,no_directory_point_not_zero_output
2800,Chirchiq,3,directory_points_only
2801,Barquisimeto,6,directory_points_only
2802,Do Luong,0,no_directory_point_not_zero_output
2803,Kroonstad,0,no_directory_point_not_zero_output
2804,Luwingu,0,no_directory_point_not_zero_output
2805,Khost,2,directory_points_only
2806,Bailundo,0,no_directory_point_not_zero_output
2807,Santa Rosa,1,directory_points_only
2808,Cinkassé,0,no_directory_point_not_zero_output
2810,São Félix do Xingu,0,no_directory_point_not_zero_output
2812,Osorno,3,directory_points_only
2813,Shigatse,0,no_directory_point_not_zero_output
2814,Grand-Bassam,1,directory_points_only
2815,Mokolo,0,no_directory_point_not_zero_output
2816,Lisala,0,no_directory_point_not_zero_output
2818,Bielefeld,35,directory_points_only
2819,Khemis Miliana,1,directory_points_only
2820,Tulcán,1,directory_points_only
2821,Faiyum,1,directory_points_only
2822,Málaga,25,directory_points_only
2823,UNNAMED,0,no_directory_point_not_zero_output
2824,Amiens,46,directory_points_only
2825,Carlisle,12,directory_points_only
2826,Winneba,1,directory_points_only
2827,Jalapa,0,no_directory_point_not_zero_output
2828,Bukittinggi,8,directory_points_only
2829,Tral,0,no_directory_point_not_zero_output
2830,Sanandaj,3,directory_points_only
2831,Karbala,8,directory_points_only
2832,Modena,16,directory_points_only
2833,Kure,11,directory_points_only
2834,Embu,1,directory_points_only
2835,Changwon,26,directory_points_only
2836,Kasba Tadla,0,no_directory_point_not_zero_output
2837,Guadalajara,36,directory_points_only
2838,Thazi,0,no_directory_point_not_zero_output
2839,Alto Molócue,0,no_directory_point_not_zero_output
2840,Tanjung Kidurong,0,no_directory_point_not_zero_output
2841,Kaiama,0,no_directory_point_not_zero_output
2842,Zwolle,16,directory_points_only
2843,Wali Khel,0,no_directory_point_not_zero_output
2844,Huancayo,2,directory_points_only
2845,Quezon City [Manila],178,directory_points_only
2848,Ont’an-nodongjagu,0,no_directory_point_not_zero_output
2849,Constanța,8,directory_points_only
2850,Yaroslavl,11,directory_points_only
2851,Sabya,0,no_directory_point_not_zero_output
2852,Al-Ubayyid,1,directory_points_only
2853,Tambacounda,0,no_directory_point_not_zero_output
2854,Tina,0,no_directory_point_not_zero_output
2855,Phanat Nikhom,0,no_directory_point_not_zero_output
2856,Fethiye,0,no_directory_point_not_zero_output
2857,Karatu,0,no_directory_point_not_zero_output
2858,Smila,0,no_directory_point_not_zero_output
2859,Palmdale,5,directory_points_only
2860,Jarqurgon,0,no_directory_point_not_zero_output
2862,Hưng Yên,0,no_directory_point_not_zero_output
2863,Rustenburg,0,no_directory_point_not_zero_output
2864,Serenje,0,no_directory_point_not_zero_output
2865,Katchiungo,0,no_directory_point_not_zero_output
2866,General Pico,0,no_directory_point_not_zero_output
2867,Fada N'Gourma,2,directory_points_only
2869,São Borja,0,no_directory_point_not_zero_output
2871,Puerto Montt,1,directory_points_only
2872,Golmud,1,directory_points_only
2873,Abengourou,0,no_directory_point_not_zero_output
2874,Guider,0,no_directory_point_not_zero_output
2875,Mweka,0,no_directory_point_not_zero_output
2876,Montería,3,directory_points_only
2877,Bremen,85,directory_points_only
2878,Ksar Chellala,0,no_directory_point_not_zero_output
2879,Nueva Loja,0,no_directory_point_not_zero_output
2881,Valladolid,23,directory_points_only
2882,Jinka,0,no_directory_point_not_zero_output
2883,Creil,10,directory_points_only
2884,Dundee,43,directory_points_only
2885,Salaga,0,no_directory_point_not_zero_output
2886,Jutiapa,0,no_directory_point_not_zero_output
2887,Ujung Batu,0,no_directory_point_not_zero_output
2888,Barmer,0,no_directory_point_not_zero_output
2889,Ardabil,3,directory_points_only
2890,At Tarimiyah,0,no_directory_point_not_zero_output
2891,Trento,43,directory_points_only
2892,Ōita,29,directory_points_only
2893,Meru,0,no_directory_point_not_zero_output
2894,Gyeongju-si,10,directory_points_only
2895,Tiflet,0,no_directory_point_not_zero_output
2897,Pyawbwe,0,no_directory_point_not_zero_output
2898,Marrupa,0,no_directory_point_not_zero_output
2899,Kampong Luak,0,no_directory_point_not_zero_output
2900,Epe,0,no_directory_point_not_zero_output
2901,Heerlen,17,directory_points_only
2902,Moro,0,no_directory_point_not_zero_output
2903,Pucallpa,4,directory_points_only
2904,Santiago,3,directory_points_only
2906,Phyongwon,0,no_directory_point_not_zero_output
2907,Tula,8,directory_points_only
2909,Barah,0,no_directory_point_not_zero_output
2912,Nasuhlar,0,no_directory_point_not_zero_output
2913,Babati,0,no_directory_point_not_zero_output
2914,Cherkasy,7,directory_points_only
2915,Manteca,2,directory_points_only
2916,Termez,5,directory_points_only
2917,Acarigua,0,no_directory_point_not_zero_output
2918,Hải Dương,3,directory_points_only
2919,Khutsong,0,no_directory_point_not_zero_output
2920,UNNAMED,0,no_directory_point_not_zero_output
2921,UNNAMED,0,no_directory_point_not_zero_output
2922,Rafaela,1,directory_points_only
2923,Kompienga,0,no_directory_point_not_zero_output
2924,Pabna,2,directory_points_only
2927,Coyhaique,3,directory_points_only
2928,Jiayuguan,2,directory_points_only
2929,Aboisso,0,no_directory_point_not_zero_output
2930,Karewa,0,no_directory_point_not_zero_output
2931,Kakenge,0,no_directory_point_not_zero_output
2932,Manizales,6,directory_points_only
2935,Tanta,3,directory_points_only
2936,Palencia,1,directory_points_only
2937,Addis Kidan,0,no_directory_point_not_zero_output
2938,Melun,13,directory_points_only
2939,Lancaster,19,directory_points_only
2940,Accra,125,directory_points_only
2941,Fray Bartolomé de las Casas,0,no_directory_point_not_zero_output
2942,Payakumbuh,1,directory_points_only
2943,Rapar,0,no_directory_point_not_zero_output
2944,Kamyaran,0,no_directory_point_not_zero_output
2946,Pistoia,3,directory_points_only
2947,Obihiro,10,directory_points_only
2950,Sidi Yahya du Gharb,0,no_directory_point_not_zero_output
2952,Pathein,3,directory_points_only
2953,Iapala,0,no_directory_point_not_zero_output
2954,Miri,9,directory_points_only
2955,Bunza,0,no_directory_point_not_zero_output
2956,Deventer,14,directory_points_only
2957,Dir,0,no_directory_point_not_zero_output
2958,Pichanaki,0,no_directory_point_not_zero_output
2959,Nasugbu,0,no_directory_point_not_zero_output
2960,Płock,4,directory_points_only
2961,Musan,0,no_directory_point_not_zero_output
2962,Orekhovo-Zouïevo,1,directory_points_only
2963,Damad,0,no_directory_point_not_zero_output
2964,Al Rahad,0,no_directory_point_not_zero_output
2965,Kedougou,0,no_directory_point_not_zero_output
2966,Prachin Buri,2,directory_points_only
2967,Kütahya,2,directory_points_only
2968,Ifakara,3,directory_points_only
2969,Shostka,0,no_directory_point_not_zero_output
2970,Stockton,7,directory_points_only
2971,Denov,1,directory_points_only
2972,Yaritagua,1,directory_points_only
2973,Thanh Hóa,3,directory_points_only
2976,Kasama,1,directory_points_only
2977,Chinguar,0,no_directory_point_not_zero_output
2978,Venado Tuerto,0,no_directory_point_not_zero_output
2980,Ciudad del Este,6,directory_points_only
2982,Punta Arenas,3,directory_points_only
2983,Nagqu,0,no_directory_point_not_zero_output
2984,Agnibilékrou,0,no_directory_point_not_zero_output
2985,Mora,0,no_directory_point_not_zero_output
2986,Dilolo,0,no_directory_point_not_zero_output
2987,Neiva,3,directory_points_only
2988,Karlsruhe,84,directory_points_only
2989,Medea,1,directory_points_only
2991,Collado Villalba,4,directory_points_only
2992,Katab,0,no_directory_point_not_zero_output
2993,Lens,14,directory_points_only
2994,Shrewsbury,11,directory_points_only
2995,Suhum,0,no_directory_point_not_zero_output
2996,Chiquimula,0,no_directory_point_not_zero_output
2997,Solok,2,directory_points_only
2998,Anantnag,1,directory_points_only
3000,Kermanshah,4,directory_points_only
3001,Al Khalis,0,no_directory_point_not_zero_output
3002,Bolzano - Bozen,21,directory_points_only
3003,Tottori,13,directory_points_only
3004,Ukunda,0,no_directory_point_not_zero_output
3006,Larache,0,no_directory_point_not_zero_output
3007,Lázaro Cárdenas,1,directory_points_only
3008,Nawnghkio,0,no_directory_point_not_zero_output
3009,Gilé,0,no_directory_point_not_zero_output
3010,Kota Kinabalu,38,directory_points_only
3011,Ijebu-Igbo,1,directory_points_only
3013,Naudero,0,no_directory_point_not_zero_output
3014,Ayacucho,1,directory_points_only
3016,Bielsko-Biała,11,directory_points_only
3017,Onchon,0,no_directory_point_not_zero_output
3018,Kolomna,2,directory_points_only
3019,Abu Arish,0,no_directory_point_not_zero_output
3020,Umm Ruwaba,0,no_directory_point_not_zero_output
3022,Sakarya [Adapazarı],4,directory_points_only
3023,Arusha,18,directory_points_only
3024,Konotop,0,no_directory_point_not_zero_output
3025,Modesto,10,directory_points_only
3026,Uzun,0,no_directory_point_not_zero_output
3027,Duaca,0,no_directory_point_not_zero_output
3028,Ninh Bình,1,directory_points_only
3030,Mpulungu,0,no_directory_point_not_zero_output
3031,Malanje,0,no_directory_point_not_zero_output
3032,Santa Fe,11,directory_points_only
3033,Sirajganj,4,directory_points_only
3035,Barrie,3,directory_points_only
3036,Lhasa,7,directory_points_only
3037,Bouna,0,no_directory_point_not_zero_output
3038,Banki,0,no_directory_point_not_zero_output
3039,Demba,0,no_directory_point_not_zero_output
3040,Cereté,0,no_directory_point_not_zero_output
3041,Mannheim,178,directory_points_only
3042,Blida,3,directory_points_only
3044,Ciudad Real,4,directory_points_only
3045,Durbete,0,no_directory_point_not_zero_output
3047,Hereford,12,directory_points_only
3048,Karaga,0,no_directory_point_not_zero_output
3049,Flores,1,directory_points_only
3050,Bagan Siapi-api,0,no_directory_point_not_zero_output
3051,Pokaran,0,no_directory_point_not_zero_output
3052,Bijar,0,no_directory_point_not_zero_output
3053,Baqubah,4,directory_points_only
3055,Kagoshima,31,directory_points_only
3056,Mombasa,8,directory_points_only
3057,Busan,88,directory_points_only
3058,Khemisset,0,no_directory_point_not_zero_output
3059,Durango,9,directory_points_only
3060,Myan Aung,0,no_directory_point_not_zero_output
3061,Ribaue,0,no_directory_point_not_zero_output
3062,Tawau,5,directory_points_only
3063,Dakingari,0,no_directory_point_not_zero_output
3064,Venlo,9,directory_points_only
3065,Munda Qala,0,no_directory_point_not_zero_output
3066,Andahuaylas,1,directory_points_only
3067,Lemery,1,directory_points_only
3068,Olsztyn,11,directory_points_only
3069,Hyesan,0,no_directory_point_not_zero_output
3070,Belgorod,8,directory_points_only
3071,Samitah,0,no_directory_point_not_zero_output
3072,Abu Jibeha,0,no_directory_point_not_zero_output
3074,Eskisehir,7,directory_points_only
3075,Mirerani,0,no_directory_point_not_zero_output
3076,Kropyvnytskyi,4,directory_points_only
3077,Turlock,1,directory_points_only
3078,Kokand,4,directory_points_only
3079,Sabana de Parra,0,no_directory_point_not_zero_output
3080,Lạng Sơn,0,no_directory_point_not_zero_output
3081,Vanderbijlpark,2,directory_points_only
3082,UNNAMED,0,no_directory_point_not_zero_output
3083,Chitembo,0,no_directory_point_not_zero_output
3085,Kotchadpur,0,no_directory_point_not_zero_output
3086,Macapá,5,directory_points_only
3088,Jiuquan,0,no_directory_point_not_zero_output
3089,Bondoukou,1,directory_points_only
3090,Gamboru,0,no_directory_point_not_zero_output
3091,Luiza,0,no_directory_point_not_zero_output
3092,Lorica,0,no_directory_point_not_zero_output
3093,Frankfurt am Main,396,directory_points_only
3094,Ksar El Boukhari,0,no_directory_point_not_zero_output
3096,Torrelavega,1,directory_points_only
3097,Aykel,0,no_directory_point_not_zero_output
3098,Arras,6,directory_points_only
3099,Bristol,230,directory_points_only
3100,New Tafo Akim,0,no_directory_point_not_zero_output
3101,El Estor,0,no_directory_point_not_zero_output
3102,Bangkinang,1,directory_points_only
3105,Al Musaiyib,0,no_directory_point_not_zero_output
3106,Florence,98,directory_points_only
3108,Garissa,0,no_directory_point_not_zero_output
3110,Souk El Arba Du Gharb,0,no_directory_point_not_zero_output
3111,Apatzingán,0,no_directory_point_not_zero_output
3112,Yamethin,0,no_directory_point_not_zero_output
3113,Murrupula,0,no_directory_point_not_zero_output
3115,Igbeti,0,no_directory_point_not_zero_output
3116,Groningen,49,directory_points_only
3117,Hangu,0,no_directory_point_not_zero_output
3118,Abancay,2,directory_points_only
3119,Puray,0,no_directory_point_not_zero_output
3120,Tomaszów Mazowiecki,0,no_directory_point_not_zero_output
3121,Tokchon,0,no_directory_point_not_zero_output
3122,Kostroma,4,directory_points_only
3123,Dawadimi,0,no_directory_point_not_zero_output
3124,Al ‘Abbāsiyya,0,no_directory_point_not_zero_output
3126,Afyonkarahisar,2,directory_points_only
3127,Moshi,10,directory_points_only
3128,Mykolaiv,8,directory_points_only
3129,Temecula,11,directory_points_only
3130,Yaypan,0,no_directory_point_not_zero_output
3131,San Carlos,0,no_directory_point_not_zero_output
3132,Nga Sơn,0,no_directory_point_not_zero_output
3133,Modderspruit,0,no_directory_point_not_zero_output
3134,Mbala,0,no_directory_point_not_zero_output
3135,Andulo,0,no_directory_point_not_zero_output
3136,Reconquista,2,directory_points_only
3137,Benapole,0,no_directory_point_not_zero_output
3138,Barra do Garças,0,no_directory_point_not_zero_output
3139,Peterborough,11,directory_points_only
3140,Zhangye,2,directory_points_only
3141,Tcholliré,0,no_directory_point_not_zero_output
3142,Kananga,2,directory_points_only
3143,Rionegro,3,directory_points_only
3144,Paderborn,12,directory_points_only
3145,Algiers,73,directory_points_only
3147,Madrid,717,directory_points_only
3148,Enjebara,0,no_directory_point_not_zero_output
3149,Meaux,0,no_directory_point_not_zero_output
3151,Nalerigu,0,no_directory_point_not_zero_output
3152,Poptún,0,no_directory_point_not_zero_output
3153,Duri,1,directory_points_only
3154,Manavadar,0,no_directory_point_not_zero_output
3155,Songhor,0,no_directory_point_not_zero_output
3157,Bologna,95,directory_points_only
3159,Mtwapa,0,no_directory_point_not_zero_output
3160,Geoje-si,0,no_directory_point_not_zero_output
3161,Zagora,0,no_directory_point_not_zero_output
3162,Sahuayo de Morelos,1,directory_points_only
3163,Ngathaingchaung,0,no_directory_point_not_zero_output
3164,UNNAMED,0,no_directory_point_not_zero_output
3165,Sandakan,5,directory_points_only
3166,Birnin Kebbi,2,directory_points_only
3168,Kandiaro,0,no_directory_point_not_zero_output
3169,Cusco,3,directory_points_only
3171,Krakow,105,directory_points_only
3172,Sillyeonpo,0,no_directory_point_not_zero_output
3173,Livny,0,no_directory_point_not_zero_output
3174,Hafar Al-Batin,1,directory_points_only
3175,Tandalti,0,no_directory_point_not_zero_output
3177,Burdur,1,directory_points_only
3178,Morogoro,9,directory_points_only
3179,Oleksandriia,0,no_directory_point_not_zero_output
3180,Hanford,1,directory_points_only
3181,Chust,0,no_directory_point_not_zero_output
3182,Marín,1,directory_points_only
3183,Chũ,0,no_directory_point_not_zero_output
3184,Sasolburg,0,no_directory_point_not_zero_output
3185,Chinsali,0,no_directory_point_not_zero_output
3186,Kuito,0,no_directory_point_not_zero_output
3187,Resistencia,3,directory_points_only
3188,Jhenaidah,0,no_directory_point_not_zero_output
3189,Mineiros,1,directory_points_only
3190,Kingston,31,directory_points_only
3191,Jinchang,0,no_directory_point_not_zero_output
3192,Rey Bouba,0,no_directory_point_not_zero_output
3193,Yakoma,0,no_directory_point_not_zero_output
3194,Ibagué,3,directory_points_only
3198,Jaén,3,directory_points_only
3199,Yebu,0,no_directory_point_not_zero_output
3200,Lille,176,directory_points_only
3201,Preston,26,directory_points_only
3203,Morales,0,no_directory_point_not_zero_output
3204,Semurup,3,directory_points_only
3205,Upleta,0,no_directory_point_not_zero_output
3206,Talesh,0,no_directory_point_not_zero_output
3207,Hindiya,4,directory_points_only
3208,Grosseto,2,directory_points_only
3209,Matsuyama,29,directory_points_only
3210,Kilifi,3,directory_points_only
3211,Ulsan,16,directory_points_only
3212,Sidi Slimane,0,no_directory_point_not_zero_output
3213,Ocotlán,1,directory_points_only
3214,Kyaukme,0,no_directory_point_not_zero_output
3215,Namuno,0,no_directory_point_not_zero_output
3216,Lahad Datu,0,no_directory_point_not_zero_output
3217,Iwo,2,directory_points_only
3220,Sicuani,0,no_directory_point_not_zero_output
3221,Batangas City,4,directory_points_only
3222,Warsaw,423,directory_points_only
3223,UNNAMED,0,no_directory_point_not_zero_output
3224,Ivanovo,8,directory_points_only
3225,Najran,2,directory_points_only
3226,Khartoum,54,directory_points_only
3227,Rayong,3,directory_points_only
3228,Düzce,2,directory_points_only
3230,Kremenchuk,3,directory_points_only
3231,Merced,5,directory_points_only
3232,Kosonsoy,0,no_directory_point_not_zero_output
3233,Tinaquillo,0,no_directory_point_not_zero_output
3234,Nam Định,4,directory_points_only
3236,Chipata,0,no_directory_point_not_zero_output
3237,Catabola,0,no_directory_point_not_zero_output
3238,Paraná,3,directory_points_only
3239,কালীগঞ্জ,0,no_directory_point_not_zero_output
3240,Toledo,1,directory_points_only
3242,Minqin,0,no_directory_point_not_zero_output
3243,Maroua,0,no_directory_point_not_zero_output
3244,Bumba,0,no_directory_point_not_zero_output
3245,Planeta Rica,0,no_directory_point_not_zero_output
3246,Gießen,32,directory_points_only
3247,Laghouat,3,directory_points_only
3249,Santander,30,directory_points_only
3250,Seka,0,no_directory_point_not_zero_output
3253,Koforidua,3,directory_points_only
3254,Puerto Barrios,0,no_directory_point_not_zero_output
3255,Pekanbaru,31,directory_points_only
3256,Mangrol,0,no_directory_point_not_zero_output
3257,Zanjan,5,directory_points_only
3259,Vicenza,12,directory_points_only
3260,Kirishima,3,directory_points_only
3261,Wajir,1,directory_points_only
3262,웅상,2,directory_points_only
3263,Ksar el-Kebir,0,no_directory_point_not_zero_output
3264,Cuauhtémoc,1,directory_points_only
3265,Namhkam,0,no_directory_point_not_zero_output
3266,Moma,0,no_directory_point_not_zero_output
3267,Semporna,1,directory_points_only
3268,Ikire,0,no_directory_point_not_zero_output
3269,Enschede,57,directory_points_only
3270,Peshawar,29,directory_points_only
3271,Arequipa,9,directory_points_only
3274,P'yŏngsŏng,0,no_directory_point_not_zero_output
3275,Vladimir,7,directory_points_only
3276,Wadi Ad Dawasir,0,no_directory_point_not_zero_output
3277,Ghaliya,0,no_directory_point_not_zero_output
3278,Udon Thani,6,directory_points_only
3279,Ereğli,0,no_directory_point_not_zero_output
3280,Dar es Salaam,84,directory_points_only
3281,Kherson,6,directory_points_only
3282,Davis,35,directory_points_only
3283,Yangikurgan,0,no_directory_point_not_zero_output
3284,Valencia,5,directory_points_only
3285,Diễn Châu,0,no_directory_point_not_zero_output
3286,Evaton,0,no_directory_point_not_zero_output
3288,Camacupa,0,no_directory_point_not_zero_output
3289,Corrientes,3,directory_points_only
3290,Jamalpur,0,no_directory_point_not_zero_output
3291,Rivera,0,no_directory_point_not_zero_output
3293,Wuwei,0,no_directory_point_not_zero_output
3294,Meiganga,0,no_directory_point_not_zero_output
3295,Sandoa,0,no_directory_point_not_zero_output
3296,Montelíbano,0,no_directory_point_not_zero_output
3297,Darmstadt,62,directory_points_only
3298,Berrouaghia,0,no_directory_point_not_zero_output
3300,Granada,39,directory_points_only
3301,Delgi,0,no_directory_point_not_zero_output
3302,Perpignan,9,directory_points_only
3304,Manchester,308,directory_points_only
3306,Bawku,0,no_directory_point_not_zero_output
3307,Dumai,4,directory_points_only
3308,Katra,0,no_directory_point_not_zero_output
3309,Kuhdasht,0,no_directory_point_not_zero_output
3310,Sulaymaniyah,12,directory_points_only
3311,Ferrara,10,directory_points_only
3312,Aomori,18,directory_points_only
3313,Malindi,0,no_directory_point_not_zero_output
3315,Tangier,6,directory_points_only
3316,Zihuatanejo,0,no_directory_point_not_zero_output
3317,Labutta,0,no_directory_point_not_zero_output
3318,Chalaua,0,no_directory_point_not_zero_output
3319,Bagudo,0,no_directory_point_not_zero_output
3320,Timergara,0,no_directory_point_not_zero_output
3321,Ilo,0,no_directory_point_not_zero_output
3323,Kielce,14,directory_points_only
3324,Pyongyang,9,directory_points_only
3326,Ryazan,10,directory_points_only
3327,Riyadh,86,directory_points_only
3329,Nakhon Ratchasima,15,directory_points_only
3330,Isparta,3,directory_points_only
3331,UNNAMED,0,no_directory_point_not_zero_output
3332,Kryvyi Rih,5,directory_points_only
3335,Puerto Ayacucho,0,no_directory_point_not_zero_output
3336,Phat Diem,0,no_directory_point_not_zero_output
3337,Johannesburg,171,directory_points_only
3339,Menongue,1,directory_points_only
3340,Rosario,23,directory_points_only
3341,Jessore,2,directory_points_only
3342,Umuarama,1,directory_points_only
3343,Ottawa,483,directory_points_only
3344,Huangjiazhai,0,no_directory_point_not_zero_output
3345,Kaele,0,no_directory_point_not_zero_output
3346,Tshimbulu,0,no_directory_point_not_zero_output
3347,Sahagún,0,no_directory_point_not_zero_output
3349,Ain Oussara,0,no_directory_point_not_zero_output
3350,6th of October,8,directory_points_only
3351,Burgos,12,directory_points_only
3352,Shendie Gebreal,0,no_directory_point_not_zero_output
3353,Clermont-Ferrand,83,directory_points_only
3354,Telford,9,directory_points_only
3355,Gushiegu,0,no_directory_point_not_zero_output
3356,Perawang,0,no_directory_point_not_zero_output
3357,Jammu,14,directory_points_only
3358,kangavar,0,no_directory_point_not_zero_output
3360,Padua,42,directory_points_only
3361,Fukuyama,33,directory_points_only
3362,Dadaab,0,no_directory_point_not_zero_output
3363,Sidi Kacem,0,no_directory_point_not_zero_output
3364,Tepatitlán,0,no_directory_point_not_zero_output
3365,Myaungmya,1,directory_points_only
3366,Montepuez,0,no_directory_point_not_zero_output
3367,Ogbomosho,4,directory_points_only
3368,Shikarpur,0,no_directory_point_not_zero_output
3369,Juliaca,2,directory_points_only
3371,Radom,8,directory_points_only
3372,Hoeryong,0,no_directory_point_not_zero_output
3373,Yelets,1,directory_points_only
3375,Ed Dueim,1,directory_points_only
3376,Hat Yai,5,directory_points_only
3377,Zonguldak,1,directory_points_only
3379,Sumy,7,directory_points_only
3380,Lodi,0,no_directory_point_not_zero_output
3382,Puerto Cabello,0,no_directory_point_not_zero_output
3385,Isoka,0,no_directory_point_not_zero_output
3386,Cafunfo,0,no_directory_point_not_zero_output
3387,Goya,0,no_directory_point_not_zero_output
3388,Magura,0,no_directory_point_not_zero_output
3389,Breves,0,no_directory_point_not_zero_output
3392,Batouri,0,no_directory_point_not_zero_output
3393,Kasaji,0,no_directory_point_not_zero_output
3394,Cartagena,15,directory_points_only
3395,Flensburg,8,directory_points_only
3396,El Menia,0,no_directory_point_not_zero_output
3397,Shimm al Basal al Bahari,0,no_directory_point_not_zero_output
3399,Cima,0,no_directory_point_not_zero_output
3400,Valenciennes,8,directory_points_only
3401,Blackburn,20,directory_points_only
3402,Garu,0,no_directory_point_not_zero_output
3403,Pangkalan Kerinci,1,directory_points_only
3404,Baetu,0,no_directory_point_not_zero_output
3405,Gheydar,0,no_directory_point_not_zero_output
3406,Al Kifl,0,no_directory_point_not_zero_output
3407,Arezzo,5,directory_points_only
3408,Imabari,4,directory_points_only
3409,Hagadera Refugee Camp,0,no_directory_point_not_zero_output
3410,Khenifra,0,no_directory_point_not_zero_output
3412,Nattalin,0,no_directory_point_not_zero_output
3413,Nampula,1,directory_points_only
3414,Ejigbo,0,no_directory_point_not_zero_output
3415,Thul,0,no_directory_point_not_zero_output
3416,Puno,4,directory_points_only
3418,Nowy Sącz,3,directory_points_only
3420,Kovrov,2,directory_points_only
3421,Al-Kharj,1,directory_points_only
3422,Jebel Aulia,0,no_directory_point_not_zero_output
3423,Songkhla,8,directory_points_only
3424,Bolu,1,directory_points_only
3425,Tanga,2,directory_points_only
3426,Poltava,10,directory_points_only
3427,Madera,1,directory_points_only
3428,Namangan,9,directory_points_only
3429,Güigüe,0,no_directory_point_not_zero_output
3430,Minh Tân,0,no_directory_point_not_zero_output
3432,Tunduma,0,no_directory_point_not_zero_output
3433,Luena,0,no_directory_point_not_zero_output
3434,Formosa,1,directory_points_only
3435,Tangail,1,directory_points_only
3436,Cascavel,2,directory_points_only
3438,Xining,16,directory_points_only
3440,Kahinda,0,no_directory_point_not_zero_output
3441,Sincelejo,6,directory_points_only
3442,Pforzheim,16,directory_points_only
3443,Hassi Bahbah,0,no_directory_point_not_zero_output
3445,Guadalajara,4,directory_points_only
3446,Jimma,2,directory_points_only
3447,Béziers,2,directory_points_only
3448,Crewe,13,directory_points_only
3449,Kete Krachi,0,no_directory_point_not_zero_output
3450,Muara Bungo,4,directory_points_only
3451,Keshod,0,no_directory_point_not_zero_output
3452,Asadabad,0,no_directory_point_not_zero_output
3453,Najaf,5,directory_points_only
3454,Mestre,8,directory_points_only
3455,Hirosaki,18,directory_points_only
3456,El Wak,0,no_directory_point_not_zero_output
3457,Meknes,4,directory_points_only
3458,Nuevo Casas Grandes,0,no_directory_point_not_zero_output
3459,Tatkon,0,no_directory_point_not_zero_output
3460,Nametil,0,no_directory_point_not_zero_output
3461,Awbere,0,no_directory_point_not_zero_output
3463,Puerto Maldonado,1,directory_points_only
3465,Ostrowiec Świętokrzyski,2,directory_points_only
3466,UNNAMED,0,no_directory_point_not_zero_output
3467,Kineshma,0,no_directory_point_not_zero_output
3468,Al Khafji,0,no_directory_point_not_zero_output
3470,Khon Kaen,13,directory_points_only
3471,Antalya,11,directory_points_only
3472,Zanzibar City,9,directory_points_only
3473,Kamianske,1,directory_points_only
3475,Rishtan,0,no_directory_point_not_zero_output
3476,Biruaca,0,no_directory_point_not_zero_output
3479,Lundazi,0,no_directory_point_not_zero_output
3480,Saurimo,1,directory_points_only
3483,Mymensingh,6,directory_points_only
3484,Jataí,1,directory_points_only
3485,Montreal,605,directory_points_only
3486,Manzhouli,0,no_directory_point_not_zero_output
3487,N'Djamena,0,no_directory_point_not_zero_output
3488,Mwene-Ditu,0,no_directory_point_not_zero_output
3489,Espinal,2,directory_points_only
3490,Aschaffenburg,11,directory_points_only
3493,Melilla,1,directory_points_only
3494,Kuch,0,no_directory_point_not_zero_output
3495,Reims,46,directory_points_only
3497,Yendi,1,directory_points_only
3498,Bengkalis,4,directory_points_only
3499,Dhoraji,0,no_directory_point_not_zero_output
3500,Nurabad,0,no_directory_point_not_zero_output
3501,Kalar,0,no_directory_point_not_zero_output
3502,Treviso,7,directory_points_only
3503,Nobeoka,4,directory_points_only
3504,Mandera,0,no_directory_point_not_zero_output
3505,M'rirt,0,no_directory_point_not_zero_output
3506,Hidalgo del Parral,0,no_directory_point_not_zero_output
3507,Muse,0,no_directory_point_not_zero_output
3508,Chiure-Sede,0,no_directory_point_not_zero_output
3509,Jega,0,no_directory_point_not_zero_output
3510,UNNAMED,0,no_directory_point_not_zero_output
3511,Tacna,4,directory_points_only
3513,Elk,0,no_directory_point_not_zero_output
3514,Nampo,0,no_directory_point_not_zero_output
3515,Lipetsk,4,directory_points_only
3516,Sharurah,0,no_directory_point_not_zero_output
3517,Giad Industrial Complex,0,no_directory_point_not_zero_output
3518,Chanthaburi,4,directory_points_only
3519,Karabük,1,directory_points_only
3520,Mtwara,0,no_directory_point_not_zero_output
3521,Yevpatoriya,0,no_directory_point_not_zero_output
3522,Fresno,44,directory_points_only
3527,Lucapa,0,no_directory_point_not_zero_output
3528,Junín,1,directory_points_only
3529,Khulna,7,directory_points_only
3530,Santo Ângelo,1,directory_points_only
3531,Saint-Jérôme,3,directory_points_only
3532,Minhe,0,no_directory_point_not_zero_output
3533,Yokadouma,0,no_directory_point_not_zero_output
3534,Mbuji-Mayi,1,directory_points_only
3535,Caucasia,0,no_directory_point_not_zero_output
3539,Bilbao,74,directory_points_only
3540,Burie,0,no_directory_point_not_zero_output
3541,Montpellier,199,directory_points_only
3543,Somanya,2,directory_points_only
3544,Arga Makmur,1,directory_points_only
3545,Phalodi,0,no_directory_point_not_zero_output
3546,Bandar-e Anzali,1,directory_points_only
3547,As Suwayrah,0,no_directory_point_not_zero_output
3548,Forlì,6,directory_points_only
3549,Okayama,103,directory_points_only
3550,Ouazzane,0,no_directory_point_not_zero_output
3551,Zamora,2,directory_points_only
3552,Hsipaw,0,no_directory_point_not_zero_output
3553,Namialo,0,no_directory_point_not_zero_output
3554,Gbongan,0,no_directory_point_not_zero_output
3555,Pir Jo Goth,0,no_directory_point_not_zero_output
3556,Ilave,0,no_directory_point_not_zero_output
3557,Calapan,0,no_directory_point_not_zero_output
3558,Rzeszów,21,directory_points_only
3559,Taean,0,no_directory_point_not_zero_output
3560,Voronezh,23,directory_points_only
3561,Al Jubayl Industrial City,2,directory_points_only
3562,Kosti,1,directory_points_only
3564,Manavgat,0,no_directory_point_not_zero_output
3565,Nikopol,0,no_directory_point_not_zero_output
3566,Woodland,1,directory_points_only
3567,Altiarik,0,no_directory_point_not_zero_output
3568,Mariara,0,no_directory_point_not_zero_output
3569,Haiphong,6,directory_points_only
3570,Bethlehem,0,no_directory_point_not_zero_output
3571,Dundo,1,directory_points_only
3572,Pergamino,0,no_directory_point_not_zero_output
3573,Faridpur,3,directory_points_only
3574,Cianorte,0,no_directory_point_not_zero_output
3576,Hanggin Rear Banner,0,no_directory_point_not_zero_output
3577,Yagoua,0,no_directory_point_not_zero_output
3579,San Vicente del Caguán,0,no_directory_point_not_zero_output
3580,Stuttgart,219,directory_points_only
3583,Vitoria-Gasteiz,25,directory_points_only
3584,Bila,0,no_directory_point_not_zero_output
3585,Troyes,9,directory_points_only
3586,Gloucester,56,directory_points_only
3587,Wulensi,0,no_directory_point_not_zero_output
3588,Unit 1,0,no_directory_point_not_zero_output
3589,Morbi,0,no_directory_point_not_zero_output
3590,Fuman,0,no_directory_point_not_zero_output
3591,Al-Manathera,0,no_directory_point_not_zero_output
3592,Venice,30,directory_points_only
3593,Miyakonojo,5,directory_points_only
3594,Tétouan,3,directory_points_only
3595,Uruapan,1,directory_points_only
3596,Naypyidaw,9,directory_points_only
3597,Monapo,0,no_directory_point_not_zero_output
3599,Gambat,0,no_directory_point_not_zero_output
3600,Candelaria,0,no_directory_point_not_zero_output
3601,Białystok,15,directory_points_only
3602,Songnim,0,no_directory_point_not_zero_output
3603,Murom,0,no_directory_point_not_zero_output
3605,Rabak,0,no_directory_point_not_zero_output
3607,Sincan,4,directory_points_only
3608,Dnipro,26,directory_points_only
3609,Visalia,4,directory_points_only
3610,Yozyovon,0,no_directory_point_not_zero_output
3611,Maracay,6,directory_points_only
3612,Vinh,4,directory_points_only
3614,Luau,0,no_directory_point_not_zero_output
3615,Comodoro Rivadavia,1,directory_points_only
3617,Paranavaí,1,directory_points_only
3618,Saint-Jean-sur-Richelieu,9,directory_points_only
3619,Bayannur,1,directory_points_only
3621,Lukalaba,0,no_directory_point_not_zero_output
3622,Morroa,0,no_directory_point_not_zero_output
3624,Djelfa,2,directory_points_only
3626,Almeria,7,directory_points_only
3627,Chwahit,0,no_directory_point_not_zero_output
3628,Saint-Étienne,33,directory_points_only
3631,Bengkulu,16,directory_points_only
3632,Junagadh,2,directory_points_only
3633,Hamedan,4,directory_points_only
3634,Al Madhatiyah,0,no_directory_point_not_zero_output
3635,Ravenna,1,directory_points_only
3636,Niihama,8,directory_points_only
3637,Ceuta,0,no_directory_point_not_zero_output
3638,Arandas,0,no_directory_point_not_zero_output
3639,Lewe,0,no_directory_point_not_zero_output
3640,Mocímboa da Praia,0,no_directory_point_not_zero_output
3643,San Jose,1,directory_points_only
3644,Lublin,25,directory_points_only
3645,Unchon,0,no_directory_point_not_zero_output
3646,Michurinsk,2,directory_points_only
3647,Hofuf,2,directory_points_only
3648,Al Managil,0,no_directory_point_not_zero_output
3649,Pattani,2,directory_points_only
3650,Ankara,173,directory_points_only
3651,Sevastopol,7,directory_points_only
3652,Sacramento,173,directory_points_only
3654,Calabozo,0,no_directory_point_not_zero_output
3655,Uông Bí,1,directory_points_only
3656,Klipgat,2,directory_points_only
3657,Cazombo,0,no_directory_point_not_zero_output
3658,San Nicolás de los Arroyos,0,no_directory_point_not_zero_output
3661,Ijuí,1,directory_points_only
3663,Dengkou,1,directory_points_only
3664,Touboro,0,no_directory_point_not_zero_output
3665,Bondo,0,no_directory_point_not_zero_output
3666,Girardot,0,no_directory_point_not_zero_output
3667,Hanover,118,directory_points_only
3670,Logroño,17,directory_points_only
3671,Merawi,0,no_directory_point_not_zero_output
3672,Nimes,7,directory_points_only
3675,Bangko,2,directory_points_only
3676,Udhampur,0,no_directory_point_not_zero_output
3677,Rasht,4,directory_points_only
3678,Al Mishkhab,0,no_directory_point_not_zero_output
3679,Pordenone,3,directory_points_only
3680,Miyazaki,31,directory_points_only
3682,La Piedad de Cabadas,0,no_directory_point_not_zero_output
3683,UNNAMED,0,no_directory_point_not_zero_output
3684,UNNAMED,1,directory_points_only
3685,Koko,0,no_directory_point_not_zero_output
3686,UNNAMED,0,no_directory_point_not_zero_output
3687,Lucena,3,directory_points_only
3689,Kangdong,0,no_directory_point_not_zero_output
3690,Dzerzhinsk,3,directory_points_only
3691,Dammam,20,directory_points_only
3692,UNNAMED,0,no_directory_point_not_zero_output
3693,Yala,4,directory_points_only
3695,Enerhodar,0,no_directory_point_not_zero_output
3696,Hemet,2,directory_points_only
3697,Fergana,5,directory_points_only
3699,Hà Tĩnh,1,directory_points_only
3700,Pretoria,91,directory_points_only
3701,Puerto Madryn,3,directory_points_only
3702,Dhaka,4,directory_points_only
3703,Dhaka,1,directory_points_only
3705,Dhaka,217,directory_points_only
3707,Dhaka,0,no_directory_point_not_zero_output
3708,Parauapebas,1,directory_points_only
3709,Sherbrooke,34,directory_points_only
3710,Jishishan,0,no_directory_point_not_zero_output
3711,Aketi,0,no_directory_point_not_zero_output
3712,Turbaco,0,no_directory_point_not_zero_output
3713,Kassel,34,directory_points_only
3714,Messaad,0,no_directory_point_not_zero_output
3715,El Mahalla El Kubra,0,no_directory_point_not_zero_output
3716,Donostia / San Sebastián,31,directory_points_only
3717,UNNAMED,0,no_directory_point_not_zero_output
3718,Lyon,358,directory_points_only
3719,Stoke-on-Trent,42,directory_points_only
3720,Bimbila,1,directory_points_only
3721,Curup,3,directory_points_only
3722,Rajkot,9,directory_points_only
3723,Toyserkan,0,no_directory_point_not_zero_output
3724,Ash Shamiya,0,no_directory_point_not_zero_output
3725,Perugia,14,directory_points_only
3726,Kushiro,11,directory_points_only
3727,Azrou,0,no_directory_point_not_zero_output
3728,San Juan de los Lagos,0,no_directory_point_not_zero_output
3729,Hinthada,3,directory_points_only
3730,Nacala,0,no_directory_point_not_zero_output
3731,Argungu,0,no_directory_point_not_zero_output
3732,Khatako Shah,0,no_directory_point_not_zero_output
3733,Jolo,1,directory_points_only
3735,Anak,0,no_directory_point_not_zero_output
3736,Nizhny Novgorod,29,directory_points_only
3738,Wad Rawah,0,no_directory_point_not_zero_output
3740,Alanya,3,directory_points_only
3741,Novomoskovsk,0,no_directory_point_not_zero_output
3742,Porterville,3,directory_points_only
3743,Chimyon,0,no_directory_point_not_zero_output
3744,Los Tanques,0,no_directory_point_not_zero_output
3745,Ha Long,1,directory_points_only
3747,Trelew,3,directory_points_only
3749,Redenção,1,directory_points_only
3750,Trois-Rivières,13,directory_points_only
3751,Alxa Left Banner,0,no_directory_point_not_zero_output
3752,Ngandajika,0,no_directory_point_not_zero_output
3753,Arjona,0,no_directory_point_not_zero_output
3754,Heilbronn,21,directory_points_only
3755,Bordj Menaiel,0,no_directory_point_not_zero_output
3757,Albacete,4,directory_points_only
3758,UNNAMED,0,no_directory_point_not_zero_output
3759,Avignon,35,directory_points_only
3760,Worcester,25,directory_points_only
3761,UNNAMED,0,no_directory_point_not_zero_output
3762,Sarolangun,0,no_directory_point_not_zero_output
3763,Jetpur,0,no_directory_point_not_zero_output
3764,Nahavand,0,no_directory_point_not_zero_output
3765,Ghammas,0,no_directory_point_not_zero_output
3766,Rimini,8,directory_points_only
3767,Shikoku-Chuo,7,directory_points_only
3768,Chefchaouen,0,no_directory_point_not_zero_output
3769,Pátzcuaro,1,directory_points_only
3770,Wakema,0,no_directory_point_not_zero_output
3771,New Bussa,2,directory_points_only
3772,Kohat,3,directory_points_only
3773,Daet,0,no_directory_point_not_zero_output
3774,Chełm,1,directory_points_only
3775,Kyonghung,0,no_directory_point_not_zero_output
3776,Tambov,6,directory_points_only
3777,Al Kamilin,0,no_directory_point_not_zero_output
3779,Konya,15,directory_points_only
3780,Zaporizhzhia,12,directory_points_only
3781,Hesperia,6,directory_points_only
3782,Shahrixon,0,no_directory_point_not_zero_output
3786,Bahía Blanca,8,directory_points_only
3788,Francisco Beltrão,0,no_directory_point_not_zero_output
3789,Quebec,175,directory_points_only
3790,Hekou,0,no_directory_point_not_zero_output
3791,Kanyama,0,no_directory_point_not_zero_output
3792,El Carmen de Bolívar,0,no_directory_point_not_zero_output
3793,Hamburg,284,directory_points_only
3794,Ghardaia,1,directory_points_only
3797,Limmu,0,no_directory_point_not_zero_output
3798,Dijon,61,directory_points_only
3799,Birmingham,218,directory_points_only
3800,Dambai,1,directory_points_only
3801,Selatpanjang,0,no_directory_point_not_zero_output
3802,Veraval,1,directory_points_only
3803,Khorramdarreh,1,directory_points_only
3804,Al ‘Azīzīyah,0,no_directory_point_not_zero_output
3807,Ain Taoujdate,0,no_directory_point_not_zero_output
3808,Chihuahua,6,directory_points_only
3809,Lawksawk,0,no_directory_point_not_zero_output
3810,Ilorin,8,directory_points_only
3811,Chakdara,0,no_directory_point_not_zero_output
3812,Kalibo,1,directory_points_only
3813,Sinhung,0,no_directory_point_not_zero_output
3814,Yeysk,0,no_directory_point_not_zero_output
3815,Shendi,1,directory_points_only
3817,Kastamonu,2,directory_points_only
3818,Kharkiv,79,directory_points_only
3819,Yuba City,5,directory_points_only
3820,Poytugh,0,no_directory_point_not_zero_output
3824,Viedma,3,directory_points_only
3826,Tucuruí,0,no_directory_point_not_zero_output
3827,Moncton,12,directory_points_only
3828,Lanzhou,53,directory_points_only
3829,Kabinda,0,no_directory_point_not_zero_output
3830,La Dorada,0,no_directory_point_not_zero_output
3832,Sidi Aissa,0,no_directory_point_not_zero_output
3835,Bako,0,no_directory_point_not_zero_output
3836,Valence,9,directory_points_only
3838,Ho,4,directory_points_only
3839,Manna,1,directory_points_only
3840,Sindari,0,no_directory_point_not_zero_output
3841,Abhar,0,no_directory_point_not_zero_output
3842,Ad Diwaniyah,2,directory_points_only
3844,Kan'onji,0,no_directory_point_not_zero_output
3845,Fez,11,directory_points_only
3846,Aguascalientes,16,directory_points_only
3847,Aungpan,0,no_directory_point_not_zero_output
3848,Osogbo,7,directory_points_only
3850,Naga,6,directory_points_only
3851,Sinchon,0,no_directory_point_not_zero_output
3852,Novorossiysk,2,directory_points_only
3853,Al Hilaliyah,0,no_directory_point_not_zero_output
3854,Ubon Ratchathani,10,directory_points_only
3855,Çankırı,1,directory_points_only
3856,Simferopol,6,directory_points_only
3857,Indio,19,directory_points_only
3858,Quva,0,no_directory_point_not_zero_output
3859,San Juan de Los Morros,1,directory_points_only
3860,Hoàn Lão,0,no_directory_point_not_zero_output
3861,Tsakane,1,directory_points_only
3862,Concordia,0,no_directory_point_not_zero_output
3863,Gopalganj,0,no_directory_point_not_zero_output
3864,Três Lagoas,0,no_directory_point_not_zero_output
3865,Halifax,104,directory_points_only
3866,Linxia,1,directory_points_only
3867,Buta,0,no_directory_point_not_zero_output
3868,Puerto Boyacá,0,no_directory_point_not_zero_output
3869,Reutlingen,57,directory_points_only
3870,Bouira,1,directory_points_only
3872,Pamplona,34,directory_points_only
3873,Shambu,0,no_directory_point_not_zero_output
3875,Stafford,6,directory_points_only
3876,Hohoe,2,directory_points_only
3877,Lubuklinggau,6,directory_points_only
3878,Shapar - Veraval,0,no_directory_point_not_zero_output
3879,Khorramabad,3,directory_points_only
3880,Halabja,0,no_directory_point_not_zero_output
3881,Rome,470,directory_points_only
3882,Akita,38,directory_points_only
3883,Sefrou,0,no_directory_point_not_zero_output
3884,Fresnillo,1,directory_points_only
3885,Za Lun,0,no_directory_point_not_zero_output
3886,Ife,6,directory_points_only
3888,Iloilo City,11,directory_points_only
3889,Sariwŏn,0,no_directory_point_not_zero_output
3890,Taganrog,3,directory_points_only
3891,Al Uk,0,no_directory_point_not_zero_output
3892,Keskin,0,no_directory_point_not_zero_output
3893,Yalta,2,directory_points_only
3895,Andijan,8,directory_points_only
3897,Chaudok City,0,no_directory_point_not_zero_output
3899,Zárate,0,no_directory_point_not_zero_output
3900,Bagerhat,0,no_directory_point_not_zero_output
3901,Campo Mourão,1,directory_points_only
3902,St. John's,35,directory_points_only
3903,Wuhai,0,no_directory_point_not_zero_output
3904,Kamina,0,no_directory_point_not_zero_output
3905,Fusagasugá,2,directory_points_only
3906,Constance,21,directory_points_only
3907,Tizi Ouzou,2,directory_points_only
3909,Murcia,32,directory_points_only
3910,Dembea,0,no_directory_point_not_zero_output
3911,Marseille,159,directory_points_only
3912,Bournemouth,42,directory_points_only
3913,Akatsi,1,directory_points_only
3914,Pagar Alam,2,directory_points_only
3915,Wankaner,0,no_directory_point_not_zero_output
3916,Malayer,2,directory_points_only
3917,Tall Mundhir,0,no_directory_point_not_zero_output
3918,Terni,7,directory_points_only
3919,Takamatsu,53,directory_points_only
3920,Midelt,0,no_directory_point_not_zero_output
3921,San Francisco del Rincón,0,no_directory_point_not_zero_output
3922,Kutkai,0,no_directory_point_not_zero_output
3923,Tambawal,0,no_directory_point_not_zero_output
3924,Sukkur,1,directory_points_only
3925,Roxas City,2,directory_points_only
3926,Jaeryong,0,no_directory_point_not_zero_output
3927,Slavyansk-na-Kubani,0,no_directory_point_not_zero_output
3929,Karaman,3,directory_points_only
3930,Pavlohrad,0,no_directory_point_not_zero_output
3931,Chico,10,directory_points_only
3934,Sông Đốc,0,no_directory_point_not_zero_output
3936,Olavarría,0,no_directory_point_not_zero_output
3937,Netrokona,2,directory_points_only
3938,Rio Verde,0,no_directory_point_not_zero_output
3939,Wuyuan,0,no_directory_point_not_zero_output
3940,Kolwezi,1,directory_points_only
3941,Facatativá,0,no_directory_point_not_zero_output
3942,Kiel,46,directory_points_only
3943,Bou Saada,1,directory_points_only
3946,Cartagena,3,directory_points_only
3947,Aszimew,0,no_directory_point_not_zero_output
3948,Aix-en-Provence,59,directory_points_only
3949,Aberdeen,49,directory_points_only
3950,Lomé,0,no_directory_point_not_zero_output
3951,Tembilahan,2,directory_points_only
3952,Fazilka,0,no_directory_point_not_zero_output
3953,Lahijan,1,directory_points_only
3954,An Numaniyah,0,no_directory_point_not_zero_output
3955,Udine,19,directory_points_only
3956,Osaka [Kyoto],1477,directory_points_only
3957,Errachidia,0,no_directory_point_not_zero_output
3958,Zacatecas,3,directory_points_only
3959,Pantanaw,0,no_directory_point_not_zero_output
3962,Iriga,2,directory_points_only
3963,Thaethan,0,no_directory_point_not_zero_output
3964,Arzamas,0,no_directory_point_not_zero_output
3965,Al Hasahisa,0,no_directory_point_not_zero_output
3966,Kırşehir,2,directory_points_only
3967,Melitopol,3,directory_points_only
3969,Pakhtaobod,0,no_directory_point_not_zero_output
3971,Cái Đôi Vàm,0,no_directory_point_not_zero_output
3972,Phuthaditjhaba,0,no_directory_point_not_zero_output
3973,Gualeguaychu,0,no_directory_point_not_zero_output
3974,Madaripur,0,no_directory_point_not_zero_output
3975,Santa Maria,5,directory_points_only
3976,Baiyin,1,directory_points_only
3977,Kisangani,2,directory_points_only
3978,Magangué,0,no_directory_point_not_zero_output
3979,Fulda,7,directory_points_only
3980,M'Sila,1,directory_points_only
3981,Cairo,205,directory_points_only
3982,Zaragoza,46,directory_points_only
3983,Gonder,1,directory_points_only
3984,Grenoble,206,directory_points_only
3986,Tanjung Balai Karimun,1,directory_points_only
3987,Gondal,0,no_directory_point_not_zero_output
3988,Borujerd,2,directory_points_only
3989,Al-Rumaitha,0,no_directory_point_not_zero_output
3990,Pesaro,4,directory_points_only
3991,Kanazawa,70,directory_points_only
3992,Taza,0,no_directory_point_not_zero_output
3993,Morelia,10,directory_points_only
3994,Mawlamyinegyunn,0,no_directory_point_not_zero_output
3995,Iragbiji,0,no_directory_point_not_zero_output
3996,Khairpur,3,directory_points_only
3997,Cawit,0,no_directory_point_not_zero_output
3998,Hoechang,0,no_directory_point_not_zero_output
3999,Azov,1,directory_points_only
4000,UNNAMED,0,no_directory_point_not_zero_output
4001,Aksaray,1,directory_points_only
4002,Lozova,0,no_directory_point_not_zero_output
4003,Yuma,3,directory_points_only
4004,Buloqboshi,0,no_directory_point_not_zero_output
4005,Catia La Mar,1,directory_points_only
4007,KwaMhlanga,0,no_directory_point_not_zero_output
4008,Concepción del Uruguay,2,directory_points_only
4009,Kishoreganj,2,directory_points_only
4010,Maringá,4,directory_points_only
4011,Shizuishan,0,no_directory_point_not_zero_output
4012,Kabongo,0,no_directory_point_not_zero_output
4013,Sabanalarga,0,no_directory_point_not_zero_output
4014,Hildesheim,7,directory_points_only
4015,Guerrara,0,no_directory_point_not_zero_output
4016,Samalut,0,no_directory_point_not_zero_output
4017,Elda,3,directory_points_only
4018,Bahir Dar,4,directory_points_only
4019,Thionville,2,directory_points_only
4020,Redditch,10,directory_points_only
4021,Lahat,1,directory_points_only
4022,Shergarh,0,no_directory_point_not_zero_output
4024,As Samawah,2,directory_points_only
4025,Anzio,3,directory_points_only
4026,Kōchi,36,directory_points_only
4027,Al Hoceima,0,no_directory_point_not_zero_output
4028,Delicias,2,directory_points_only
4029,Lashio,2,directory_points_only
4030,Ijagbo Offa,2,directory_points_only
4031,Takht-e-Bhai,0,no_directory_point_not_zero_output
4032,Isabela City,1,directory_points_only
4033,Rason,1,directory_points_only
4034,Rostov-on-Don,22,directory_points_only
4036,Çorum,3,directory_points_only
4038,Reno,48,directory_points_only
4040,Caracas,57,directory_points_only
4041,Rạch Giá,0,no_directory_point_not_zero_output
4042,eMbalenhle,0,no_directory_point_not_zero_output
4044,Tarail,0,no_directory_point_not_zero_output
4045,Pato Branco,1,directory_points_only
4046,Hezuo,1,directory_points_only
4047,Kabondo-Dianda,0,no_directory_point_not_zero_output
4048,Bogota,211,directory_points_only
4050,Bordj Bou Arreridjj,1,directory_points_only
4052,Elx / Elche,9,directory_points_only
4053,Jiga,0,no_directory_point_not_zero_output
4054,Besançon,49,directory_points_only
4056,Kuala Tungkal,1,directory_points_only
4057,UNNAMED,0,no_directory_point_not_zero_output
4058,Shush,0,no_directory_point_not_zero_output
4059,Kut,2,directory_points_only
4061,Hachinohe,12,directory_points_only
4062,Guercif,0,no_directory_point_not_zero_output
4063,Lagos de Moreno,0,no_directory_point_not_zero_output
4064,Danu Phyu,0,no_directory_point_not_zero_output
4065,Yelwa,0,no_directory_point_not_zero_output
4066,Thana,0,no_directory_point_not_zero_output
4067,Zamboanga City,4,directory_points_only
4068,Yangdok,0,no_directory_point_not_zero_output
4069,Kamensk-Shakhtinsky,0,no_directory_point_not_zero_output
4070,Wad Madanī,3,directory_points_only
4071,Eregli,0,no_directory_point_not_zero_output
4072,Feodosia,0,no_directory_point_not_zero_output
4073,Medford,15,directory_points_only
4076,Standerton,0,no_directory_point_not_zero_output
4077,Luján,2,directory_points_only
4078,Shariatpur,0,no_directory_point_not_zero_output
4079,Bagé,2,directory_points_only
4080,Zhongwei,0,no_directory_point_not_zero_output
4081,Kabongo,0,no_directory_point_not_zero_output
4082,Barranquilla,20,directory_points_only
4083,Göttingen,47,directory_points_only
4084,Bejaia,3,directory_points_only
4086,Torrevieja,2,directory_points_only
4087,Tarcha,0,no_directory_point_not_zero_output
4088,Metz,27,directory_points_only
4090,Jambi,18,directory_points_only
4091,Sri Ganganagar,1,directory_points_only
4092,Takestan,1,directory_points_only
4093,Al Khidhr,0,no_directory_point_not_zero_output
4094,Latina,3,directory_points_only
4096,Nador,0,no_directory_point_not_zero_output
4097,León,10,directory_points_only
4098,Taunggyi,4,directory_points_only
4099,Ilesa,2,directory_points_only
4101,Bacolod,7,directory_points_only
4102,Chŏngjin,0,no_directory_point_not_zero_output
4104,UNNAMED,0,no_directory_point_not_zero_output
4105,Vezirköprü,0,no_directory_point_not_zero_output
4106,Pokrovsk,0,no_directory_point_not_zero_output
4107,Lake Havasu City,0,no_directory_point_not_zero_output
4108,Charallave,0,no_directory_point_not_zero_output
4109,Núi Sập,0,no_directory_point_not_zero_output
4110,Vosman,0,no_directory_point_not_zero_output
4114,Presidente Prudente,3,directory_points_only
4115,Huinong,2,directory_points_only
4116,Luena,0,no_directory_point_not_zero_output
4118,Göppingen,4,directory_points_only
4119,Ras El Oued,0,no_directory_point_not_zero_output
4121,Banha,1,directory_points_only
4122,Alacant / Alicante,15,directory_points_only
4123,Seyo,0,no_directory_point_not_zero_output
4124,Chambéry,14,directory_points_only
4125,Swindon,53,directory_points_only
4126,Muara Enim,0,no_directory_point_not_zero_output
4127,Tharad,0,no_directory_point_not_zero_output
4128,Dezful,3,directory_points_only
4129,Al Hai,0,no_directory_point_not_zero_output
4130,Trapani,2,directory_points_only
4131,Fukui,37,directory_points_only
4132,Melilla,0,no_directory_point_not_zero_output
4133,Uriangato,0,no_directory_point_not_zero_output
4134,Nyaung Shwe,0,no_directory_point_not_zero_output
4135,Eripa,0,no_directory_point_not_zero_output
4136,Ghauspur,0,no_directory_point_not_zero_output
4138,Unpha,0,no_directory_point_not_zero_output
4139,Krasnodar,25,directory_points_only
4140,ad-Damer,0,no_directory_point_not_zero_output
4141,Nevşehir,2,directory_points_only
4142,Sloviansk,1,directory_points_only
4143,Las Vegas,84,directory_points_only
4144,Ocumare del Tuy,1,directory_points_only
4146,Emalahleni,0,no_directory_point_not_zero_output
4148,Brahmanbaria,0,no_directory_point_not_zero_output
4149,Chapecó,2,directory_points_only
4150,Yinchuan,18,directory_points_only
4151,Lubao,0,no_directory_point_not_zero_output
4152,Zipaquirá,0,no_directory_point_not_zero_output
4153,Würzburg,37,directory_points_only
4154,Ouled Djellal,0,no_directory_point_not_zero_output
4156,Valencia,103,directory_points_only
4157,Maksegnit,0,no_directory_point_not_zero_output
4158,Toulon,22,directory_points_only
4159,Leeds,215,directory_points_only
4160,Tanjung Enim,2,directory_points_only
4161,Kolayat,0,no_directory_point_not_zero_output
4162,Susangerd,0,no_directory_point_not_zero_output
4163,Qalat Sukkar,0,no_directory_point_not_zero_output
4164,Triest,38,directory_points_only
4165,Tokushima,46,directory_points_only
4166,Taourirt,0,no_directory_point_not_zero_output
4167,Irapuato,5,directory_points_only
4168,Maubin,3,directory_points_only
4169,Okitipupa,0,no_directory_point_not_zero_output
4170,Nawabshah,2,directory_points_only
4171,Tabaco,0,no_directory_point_not_zero_output
4172,Hamhung,0,no_directory_point_not_zero_output
4173,Shakhty,3,directory_points_only
4174,Atbara,0,no_directory_point_not_zero_output
4175,Niğde,1,directory_points_only
4176,Kramatorsk,2,directory_points_only
4178,Santa Teresa del Tuy,0,no_directory_point_not_zero_output
4179,Dong Ha,1,directory_points_only
4180,Mokopane,0,no_directory_point_not_zero_output
4183,Maraba,1,directory_points_only
4185,Kitenge,0,no_directory_point_not_zero_output
4186,Tiquisio,0,no_directory_point_not_zero_output
4187,Lüneburg,6,directory_points_only
4188,Aïn Oulmane,0,no_directory_point_not_zero_output
4190,Gandia,1,directory_points_only
4191,Digna,0,no_directory_point_not_zero_output
4192,Nancy,110,directory_points_only
4193,Fazeley,4,directory_points_only
4194,Batam City,16,directory_points_only
4195,Halvad,0,no_directory_point_not_zero_output
4196,Qazvin,3,directory_points_only
4197,Al-Rifa'i,1,directory_points_only
4198,Ancona,9,directory_points_only
4199,Naha,66,directory_points_only
4200,Berkane,0,no_directory_point_not_zero_output
4201,Acapulco,7,directory_points_only
4202,Taungoo,3,directory_points_only
4203,Ondo,5,directory_points_only
4204,Kandhkot,0,no_directory_point_not_zero_output
4205,Legazpi,2,directory_points_only
4206,Hamju,0,no_directory_point_not_zero_output
4207,Novocherkassk,3,directory_points_only
4208,Sennar,0,no_directory_point_not_zero_output
4209,Bafra,0,no_directory_point_not_zero_output
4210,Druzhkivka,0,no_directory_point_not_zero_output
4211,Phoenix,284,directory_points_only
4212,Guarenas,0,no_directory_point_not_zero_output
4213,Cái Nước,0,no_directory_point_not_zero_output
4214,Middelburg,0,no_directory_point_not_zero_output
4215,Buenos Aires,264,directory_points_only
4218,Pingluo,0,no_directory_point_not_zero_output
4219,Kindu,1,directory_points_only
4220,Manuela,0,no_directory_point_not_zero_output
4221,Lübeck,14,directory_points_only
4222,Setif,2,directory_points_only
4224,Benidorm,2,directory_points_only
4225,Adet,0,no_directory_point_not_zero_output
4226,Annecy,11,directory_points_only
4227,Newcastle upon Tyne,181,directory_points_only
4228,Baturaja,3,directory_points_only
4229,Ramnagar,0,no_directory_point_not_zero_output
4230,Dorud,0,no_directory_point_not_zero_output
4231,Al-Shatrah,0,no_directory_point_not_zero_output
4232,Palermo,28,directory_points_only
4234,Oujda,5,directory_points_only
4235,Silao,0,no_directory_point_not_zero_output
4236,Hopong,0,no_directory_point_not_zero_output
4237,Ebute Irele,0,no_directory_point_not_zero_output
4238,Swat City,4,directory_points_only
4239,Masbate City,0,no_directory_point_not_zero_output
4240,Jongphyong,0,no_directory_point_not_zero_output
4241,Syktyvkar,9,directory_points_only
4242,UNNAMED,0,no_directory_point_not_zero_output
4243,Mersin,7,directory_points_only
4244,Berdiansk,2,directory_points_only
4245,Eugene,43,directory_points_only
4246,Altagracia de Orituco,0,no_directory_point_not_zero_output
4247,Ca Mau,1,directory_points_only
4248,Ezakheni,0,no_directory_point_not_zero_output
4249,Posadas,3,directory_points_only
4250,Homna,0,no_directory_point_not_zero_output
4251,Tailândia,0,no_directory_point_not_zero_output
4252,Qipanjing,0,no_directory_point_not_zero_output
4253,Fungurume,0,no_directory_point_not_zero_output
4254,Granada,0,no_directory_point_not_zero_output
4255,Ulm,33,directory_points_only
4256,Barika,0,no_directory_point_not_zero_output
4258,Castellón de la Plana,15,directory_points_only
4259,Ejaji,0,no_directory_point_not_zero_output
4261,Burton-on-Trent,6,directory_points_only
4262,Prabumulih,2,directory_points_only
4263,Sanchore,0,no_directory_point_not_zero_output
4264,Alvand,0,no_directory_point_not_zero_output
4265,Nasiriyah,5,directory_points_only
4267,Toyama,56,directory_points_only
4268,Valle de Santiago,1,directory_points_only
4269,Kyaiklat,0,no_directory_point_not_zero_output
4270,Ile Oluji,0,no_directory_point_not_zero_output
4271,Thatta,0,no_directory_point_not_zero_output
4272,Cadiz,0,no_directory_point_not_zero_output
4273,Ongjin,0,no_directory_point_not_zero_output
4274,Balashov,0,no_directory_point_not_zero_output
4275,El Suki,0,no_directory_point_not_zero_output
4276,Amasya,1,directory_points_only
4278,Tucson,157,directory_points_only
4279,Valle de la Pascua,0,no_directory_point_not_zero_output
4280,Long Xuyen,1,directory_points_only
4281,Edendale,11,directory_points_only
4283,Barisal,3,directory_points_only
4284,Abaetetuba,0,no_directory_point_not_zero_output
4285,Pingchuan,0,no_directory_point_not_zero_output
4286,Kakanda,0,no_directory_point_not_zero_output
4287,Chiquinquirá,0,no_directory_point_not_zero_output
4288,Brunswick,44,directory_points_only
4289,Tulqa,0,no_directory_point_not_zero_output
4290,Nazlet Abu Haseiba,0,no_directory_point_not_zero_output
4291,Lleida,7,directory_points_only
4292,Omonada,0,no_directory_point_not_zero_output
4293,Geneva,10,directory_points_only
4294,Warwick,35,directory_points_only
4295,Tanjung Pinang,6,directory_points_only
4296,Jalalabad,0,no_directory_point_not_zero_output
4298,Suq al Shyukh,0,no_directory_point_not_zero_output
4299,Pescara,14,directory_points_only
4301,Salamanca,1,directory_points_only
4302,Pyapon,0,no_directory_point_not_zero_output
4303,Ore,0,no_directory_point_not_zero_output
4305,Sorsogon City,1,directory_points_only
4306,Pyoksong,0,no_directory_point_not_zero_output
4307,Saransk,2,directory_points_only
4308,Singa,0,no_directory_point_not_zero_output
4309,Samsun,3,directory_points_only
4310,Kerch,0,no_directory_point_not_zero_output
4312,Zaraza,0,no_directory_point_not_zero_output
4313,Giồng Riềng,0,no_directory_point_not_zero_output
4314,Polokwane,3,directory_points_only
4315,Río Gallegos,1,directory_points_only
4316,Comilla,8,directory_points_only
4317,Carazinho,0,no_directory_point_not_zero_output
4318,Yuzhong,0,no_directory_point_not_zero_output
4319,Kikondja,0,no_directory_point_not_zero_output
4320,Barrancabermeja,0,no_directory_point_not_zero_output
4321,Wolfsburg,4,directory_points_only
4322,Ouargla,1,directory_points_only
4323,Al-Minya,4,directory_points_only
4326,Botor,0,no_directory_point_not_zero_output
4327,Montbéliard,4,directory_points_only
4328,Coventry,68,directory_points_only
4329,Sidogede,0,no_directory_point_not_zero_output
4330,Balotra,0,no_directory_point_not_zero_output
4331,Abadan,3,directory_points_only
4332,Amarah,1,directory_points_only
4333,Naples,83,directory_points_only
4334,Morioka,21,directory_points_only
4335,Torreon,8,directory_points_only
4336,Pyu,0,no_directory_point_not_zero_output
4337,Ila Orangun,2,directory_points_only
4338,Khwazakhela,0,no_directory_point_not_zero_output
4339,Dumaguete,4,directory_points_only
4340,Kumya,0,no_directory_point_not_zero_output
4341,Maykop,3,directory_points_only
4342,Al Fao,0,no_directory_point_not_zero_output
4343,Tarsus,1,directory_points_only
4344,Donetsk,5,directory_points_only
4346,Barcelona,1,directory_points_only
4347,Đầm Dơi,0,no_directory_point_not_zero_output
4348,Osizweni,0,no_directory_point_not_zero_output
4349,La Plata,31,directory_points_only
4350,Sunamganj District,1,directory_points_only
4351,Arapongas,0,no_directory_point_not_zero_output
4352,Yongning,0,no_directory_point_not_zero_output
4353,Kambove,0,no_directory_point_not_zero_output
4354,Villavicencio,3,directory_points_only
4355,Kempten (Allgäu),4,directory_points_only
4356,El Eulma,1,directory_points_only
4358,Tarragona,17,directory_points_only
4359,Gedo,0,no_directory_point_not_zero_output
4360,Belfort,5,directory_points_only
4362,Kalibening,0,no_directory_point_not_zero_output
4363,Doda,0,no_directory_point_not_zero_output
4364,Shoushtar,1,directory_points_only
4365,Al Majar al Kabir,0,no_directory_point_not_zero_output
4367,Moriyama [Otsu],49,directory_points_only
4368,Guanajuato,7,directory_points_only
4369,UNNAMED,0,no_directory_point_not_zero_output
4370,Effon Alaiye,0,no_directory_point_not_zero_output
4371,Mardan,5,directory_points_only
4372,Cebu City,13,directory_points_only
4373,Haeju,0,no_directory_point_not_zero_output
4374,Sochi,7,directory_points_only
4375,Al Quwaysi,0,no_directory_point_not_zero_output
4376,Kayseri,9,directory_points_only
4377,Bakhmut,1,directory_points_only
4378,Salem,34,directory_points_only
4379,Anaco,0,no_directory_point_not_zero_output
4380,Cao Lanh,2,directory_points_only
4382,Tandil,4,directory_points_only
4384,Apucarana,0,no_directory_point_not_zero_output
4386,Samba,0,no_directory_point_not_zero_output
4387,Ciénaga,0,no_directory_point_not_zero_output
4388,Erfurt,23,directory_points_only
4389,Jijel,1,directory_points_only
4391,Ibiza,1,directory_points_only
4392,Wereta,0,no_directory_point_not_zero_output
4393,Mulhouse,22,directory_points_only
4395,Palembang,39,directory_points_only
4396,Amritsar,10,directory_points_only
4397,Ahwaz,4,directory_points_only
4398,قضاء الجبايش,0,no_directory_point_not_zero_output
4400,Niigata,57,directory_points_only
4401,Cortazar,1,directory_points_only
4402,Twante,0,no_directory_point_not_zero_output
4403,Imorun,0,no_directory_point_not_zero_output
4404,Pano Aqil,0,no_directory_point_not_zero_output
4405,Dipolog,0,no_directory_point_not_zero_output
4406,Kowon,0,no_directory_point_not_zero_output
4407,Penza,8,directory_points_only
4408,Ad-Damazin,1,directory_points_only
4410,Horlivka,0,no_directory_point_not_zero_output
4411,St. George,4,directory_points_only
4412,Cumana,1,directory_points_only
4414,Ermelo,0,no_directory_point_not_zero_output
4415,Oberá,0,no_directory_point_not_zero_output
4417,Londrina,8,directory_points_only
4418,Lintao,0,no_directory_point_not_zero_output
4419,Likasi,0,no_directory_point_not_zero_output
4420,Fundación,0,no_directory_point_not_zero_output
4421,Bamberg,12,directory_points_only
4422,Biskra,2,directory_points_only
4423,Maghagheh,0,no_directory_point_not_zero_output
4424,Igualada,2,directory_points_only
4425,Amanuel,0,no_directory_point_not_zero_output
4426,Nice,152,directory_points_only
4427,Darlington,20,directory_points_only
4428,Kotabumi,2,directory_points_only
4429,Bhabhar,0,no_directory_point_not_zero_output
4430,Arak,4,directory_points_only
4431,Qalat Saleh,0,no_directory_point_not_zero_output
4432,Gela,0,no_directory_point_not_zero_output
4433,Kinokawa [Wakayama],35,directory_points_only
4434,Acámbaro,0,no_directory_point_not_zero_output
4435,Yangon,59,directory_points_only
4436,Mahuta,0,no_directory_point_not_zero_output
4438,Pagadian,1,directory_points_only
4439,Hongwon,0,no_directory_point_not_zero_output
4440,Vesyoloye,0,no_directory_point_not_zero_output
4441,Er Roseires,0,no_directory_point_not_zero_output
4442,Günyurdu,1,directory_points_only
4444,Portland,299,directory_points_only
4445,Porlamar,1,directory_points_only
4446,Gia Rai,0,no_directory_point_not_zero_output
4447,Mpumalanga,0,no_directory_point_not_zero_output
4448,Eldorado,0,no_directory_point_not_zero_output
4450,Erechim,1,directory_points_only
4451,Zhongning,0,no_directory_point_not_zero_output
4452,Punia,0,no_directory_point_not_zero_output
4454,Nuremberg,91,directory_points_only
4455,Aïn Touta,0,no_directory_point_not_zero_output
4457,Vilanova i la Geltrú,4,directory_points_only
4458,Debark,0,no_directory_point_not_zero_output
4459,Colmar,10,directory_points_only
4460,Sheffield,140,directory_points_only
4461,Pringsewu,6,directory_points_only
4462,Balesar,0,no_directory_point_not_zero_output
4463,Shadegan,0,no_directory_point_not_zero_output
4464,Al Qurna,0,no_directory_point_not_zero_output
4465,Avellino,4,directory_points_only
4466,Joetsu,10,directory_points_only
4468,Dedaye,0,no_directory_point_not_zero_output
4469,Salka,0,no_directory_point_not_zero_output
4470,Dera Ismail Khan,1,directory_points_only
4471,Tagbilaran,3,directory_points_only
4472,Chonnae,0,no_directory_point_not_zero_output
4473,Cheboksary,5,directory_points_only
4475,Adana,6,directory_points_only
4476,Mariupol,3,directory_points_only
4477,Olympia,49,directory_points_only
4478,Ciudad Bolívar,2,directory_points_only
4479,Gành Hào,0,no_directory_point_not_zero_output
4480,Mankweng,0,no_directory_point_not_zero_output
4481,Necochea,0,no_directory_point_not_zero_output
4483,Belém,22,directory_points_only
4484,Erenhot,0,no_directory_point_not_zero_output
4485,Lwambo,0,no_directory_point_not_zero_output
4486,Santa Marta,3,directory_points_only
4488,Tadjenanet,0,no_directory_point_not_zero_output
4490,Manresa,5,directory_points_only
4491,UNNAMED,0,no_directory_point_not_zero_output
4494,Tebing Suluh,0,no_directory_point_not_zero_output
4495,Radhanpur,0,no_directory_point_not_zero_output
4496,Nazarabad,0,no_directory_point_not_zero_output
4497,Basra,10,directory_points_only
4498,Salerno,15,directory_points_only
4499,Hikone,14,directory_points_only
4500,Ciudad Hidalgo,0,no_directory_point_not_zero_output
4501,Panglong,1,directory_points_only
4502,Share,0,no_directory_point_not_zero_output
4504,Calbayog,1,directory_points_only
4505,UNNAMED,0,no_directory_point_not_zero_output
4507,El Hawata,0,no_directory_point_not_zero_output
4508,Çarşamba,0,no_directory_point_not_zero_output
4510,Seattle,670,directory_points_only
4511,Punta de Mata,0,no_directory_point_not_zero_output
4512,Long Mỹ,0,no_directory_point_not_zero_output
4513,Durban,41,directory_points_only
4514,Mar del Plata,14,directory_points_only
4515,Lakshmipur,0,no_directory_point_not_zero_output
4516,Passo Fundo,4,directory_points_only
4517,Wuzhong,0,no_directory_point_not_zero_output
4518,Lubutu,0,no_directory_point_not_zero_output
4519,Tunja,5,directory_points_only
4520,Augsburg,21,directory_points_only
4521,Tamanrasset,1,directory_points_only
4523,Barcelona,519,directory_points_only
4524,Debre Markos,1,directory_points_only
4526,Harrogate,16,directory_points_only
4528,Than,0,no_directory_point_not_zero_output
4529,Aligudarz,0,no_directory_point_not_zero_output
4530,Az Zubayr,0,no_directory_point_not_zero_output
4532,Nagoya,572,directory_points_only
4533,Celaya,6,directory_points_only
4534,Laukkaing,0,no_directory_point_not_zero_output
4535,Aramoko-Ekiti,0,no_directory_point_not_zero_output
4537,Ozamiz,3,directory_points_only
4538,Koksan,0,no_directory_point_not_zero_output
4539,Yoshkar-Ola,4,directory_points_only
4540,Al-Qadarif,1,directory_points_only
4541,Erbaa,0,no_directory_point_not_zero_output
4542,Sievierodonetsk,1,directory_points_only
4544,Maturin,0,no_directory_point_not_zero_output
4545,Can Tho,8,directory_points_only
4546,Tongaat,0,no_directory_point_not_zero_output
4547,Rio Grande,0,no_directory_point_not_zero_output
4548,Bhola,0,no_directory_point_not_zero_output
4549,Gurupi,1,directory_points_only
4550,Lingwu,0,no_directory_point_not_zero_output
4551,Kasongo,0,no_directory_point_not_zero_output
4552,Aguachica,0,no_directory_point_not_zero_output
4553,Magdeburg,40,directory_points_only
4554,Batna,4,directory_points_only
4555,Beni Mazar,0,no_directory_point_not_zero_output
4557,Yejube,0,no_directory_point_not_zero_output
4558,Strasbourg,140,directory_points_only
4561,Abohar,0,no_directory_point_not_zero_output
4562,Hashtgerd,0,no_directory_point_not_zero_output
4564,Ragusa,1,directory_points_only
4565,Nagaoka,24,directory_points_only
4566,Zitácuaro,2,directory_points_only
4567,Hlegu,0,no_directory_point_not_zero_output
4568,Igbara-Odo,0,no_directory_point_not_zero_output
4569,Hala,0,no_directory_point_not_zero_output
4570,Ormoc,0,no_directory_point_not_zero_output
4571,Sinpho,0,no_directory_point_not_zero_output
4572,Kirov,8,directory_points_only
4573,New Halfa,0,no_directory_point_not_zero_output
4574,Tokat,1,directory_points_only
4575,Yenakiieve,0,no_directory_point_not_zero_output
4576,Ciudad Juárez,21,directory_points_only
4577,Carúpano,0,no_directory_point_not_zero_output
4578,Sa Dec City,3,directory_points_only
4579,Stanger,1,directory_points_only
4580,Ushuaia,3,directory_points_only
4581,Habiganj,1,directory_points_only
4582,Cachoeira do Sul,0,no_directory_point_not_zero_output
4583,Hulunbuir,1,directory_points_only
4584,Malemba Nkulu,0,no_directory_point_not_zero_output
4585,Ocaña,1,directory_points_only
4586,Rostock,30,directory_points_only
4587,Tamacine,0,no_directory_point_not_zero_output
4589,Palma de Mallorca,23,directory_points_only
4590,Gesuba,0,no_directory_point_not_zero_output
4593,Bandar Lampung,27,directory_points_only
4594,Kodinar,0,no_directory_point_not_zero_output
4595,Saveh,1,directory_points_only
4597,San Severo,0,no_directory_point_not_zero_output
4598,Nagano,45,directory_points_only
4599,Dolores Hidalgo,1,directory_points_only
4600,Kyauktaga,0,no_directory_point_not_zero_output
4601,Isarun,0,no_directory_point_not_zero_output
4603,Catbalogan,2,directory_points_only
4604,Sinpyong,0,no_directory_point_not_zero_output
4605,Novocheboksarsk,0,no_directory_point_not_zero_output
4606,Khashm El Girba,0,no_directory_point_not_zero_output
4607,Kozan,0,no_directory_point_not_zero_output
4609,Las Cruces,12,directory_points_only
4610,Ciudad Guayana,1,directory_points_only
4611,Tây Ninh,0,no_directory_point_not_zero_output
4614,Guarapuava,2,directory_points_only
4615,Dingxi,1,directory_points_only
4616,Kingombe,0,no_directory_point_not_zero_output
4617,Bucaramanga,16,directory_points_only
4618,Jena,53,directory_points_only
4619,Chelghoum Laid,0,no_directory_point_not_zero_output
4620,Nazlat Dahrut,0,no_directory_point_not_zero_output
4621,Girona,12,directory_points_only
4622,UNNAMED,0,no_directory_point_not_zero_output
4625,Gunung Sugih,1,directory_points_only
4626,Chotila,0,no_directory_point_not_zero_output
4627,Masjed Soleyman,0,no_directory_point_not_zero_output
4628,Foggia,8,directory_points_only
4630,Chilpancingo,1,directory_points_only
4631,Loikaw,3,directory_points_only
4632,Gummi,0,no_directory_point_not_zero_output
4634,Iligan,1,directory_points_only
4635,Munchon,0,no_directory_point_not_zero_output
4636,Labinsk,0,no_directory_point_not_zero_output
4637,UNNAMED,0,no_directory_point_not_zero_output
4638,Ceyhan,0,no_directory_point_not_zero_output
4639,Brianka,0,no_directory_point_not_zero_output
4642,Bạc Liêu,1,directory_points_only
4643,Salubindza,0,no_directory_point_not_zero_output
4644,Sylhet,13,directory_points_only
4645,Araçatuba,3,directory_points_only
4646,Tongxin,0,no_directory_point_not_zero_output
4647,Mukanga,0,no_directory_point_not_zero_output
4648,Duitama,0,no_directory_point_not_zero_output
4649,Bayreuth,11,directory_points_only
4650,Touggourt,0,no_directory_point_not_zero_output
4651,Ihnasya al Madinah,0,no_directory_point_not_zero_output
4652,Arba Minch,1,directory_points_only
4653,Ajaccio,1,directory_points_only
4655,Metro,8,directory_points_only
4656,Firozpur,0,no_directory_point_not_zero_output
4658,Catania,22,directory_points_only
4659,Yamagata,34,directory_points_only
4660,San Miguel de Allende,0,no_directory_point_not_zero_output
4661,Tangyan,0,no_directory_point_not_zero_output
4662,Ijero-Ekiti,0,no_directory_point_not_zero_output
4663,Bindi,0,no_directory_point_not_zero_output
4664,Tacloban,2,directory_points_only
4665,Chongdan,0,no_directory_point_not_zero_output
4666,Volgodonsk,0,no_directory_point_not_zero_output
4667,Kassala,1,directory_points_only
4668,Yumurtalık,0,no_directory_point_not_zero_output
4669,Alchevsk,1,directory_points_only
4671,Upata,0,no_directory_point_not_zero_output
4672,Hue,9,directory_points_only
4673,eGobhoza,0,no_directory_point_not_zero_output
4674,Moulvibazar,0,no_directory_point_not_zero_output
4675,Fernandópolis,0,no_directory_point_not_zero_output
4676,Haiyuan,0,no_directory_point_not_zero_output
4677,Kabalo,0,no_directory_point_not_zero_output
4678,Piedecuesta,0,no_directory_point_not_zero_output
4679,Ingolstadt,7,directory_points_only
4680,Mila,1,directory_points_only
4681,Bilqas,0,no_directory_point_not_zero_output
4682,Mota,0,no_directory_point_not_zero_output
4685,Bikaner,9,directory_points_only
4686,Tehran,238,directory_points_only
4688,Matsumoto,26,directory_points_only
4689,San Pedro de las Colonias,0,no_directory_point_not_zero_output
4690,Nansang,0,no_directory_point_not_zero_output
4691,Bodinga,0,no_directory_point_not_zero_output
4692,Hyderabad,6,directory_points_only
4693,Marawi,1,directory_points_only
4694,Riwon,0,no_directory_point_not_zero_output
4695,Armavir,5,directory_points_only
4696,Sinkāt,0,no_directory_point_not_zero_output
4697,Ünye,0,no_directory_point_not_zero_output
4698,Luhansk,3,directory_points_only
4699,Yakima,10,directory_points_only
4700,Tucupita,0,no_directory_point_not_zero_output
4702,Sikhalasenkosi,0,no_directory_point_not_zero_output
4704,Tupã,0,no_directory_point_not_zero_output
4705,Hanggin,0,no_directory_point_not_zero_output
4706,Mulongo,0,no_directory_point_not_zero_output
4707,Sogamoso,0,no_directory_point_not_zero_output
4708,Halle (Saale),38,directory_points_only
4709,Constantine,12,directory_points_only
4710,Mansoura,9,directory_points_only
4711,Gouder,0,no_directory_point_not_zero_output
4713,Muntok,0,no_directory_point_not_zero_output
4714,Deoder,0,no_directory_point_not_zero_output
4716,Syracuse,0,no_directory_point_not_zero_output
4717,Ueda,15,directory_points_only
4718,Querétaro,15,directory_points_only
4720,Omu Aran,1,directory_points_only
4722,Cotabato,1,directory_points_only
4723,Phyongsan,0,no_directory_point_not_zero_output
4724,Kirovo-Chepetsk,0,no_directory_point_not_zero_output
4725,Port Sudan,1,directory_points_only
4726,Kadirli,0,no_directory_point_not_zero_output
4727,Rovenky,0,no_directory_point_not_zero_output
4728,Nampa,8,directory_points_only
4729,Tra On,0,no_directory_point_not_zero_output
4730,Naas,0,no_directory_point_not_zero_output
4731,Beanibazar,0,no_directory_point_not_zero_output
4733,Shangri-La,0,no_directory_point_not_zero_output
4734,Mukubu,0,no_directory_point_not_zero_output
4735,San José del Guaviare,0,no_directory_point_not_zero_output
4736,Munich,471,directory_points_only
4738,Fashn,0,no_directory_point_not_zero_output
4739,Hadero,0,no_directory_point_not_zero_output
4740,Middlesbrough,43,directory_points_only
4741,Kalianda,3,directory_points_only
4742,Bhaderwah,0,no_directory_point_not_zero_output
4743,Khomein,0,no_directory_point_not_zero_output
4744,Cerignola,0,no_directory_point_not_zero_output
4746,Iguala,2,directory_points_only
4747,Bago,1,directory_points_only
4748,Otun,0,no_directory_point_not_zero_output
4749,Shahdadpur,0,no_directory_point_not_zero_output
4750,Cagayan de Oro,8,directory_points_only
4751,Kimch'aek,0,no_directory_point_not_zero_output
4752,Stavropol,13,directory_points_only
4753,Sawakin,0,no_directory_point_not_zero_output
4754,Sivas,4,directory_points_only
4755,Krasnodon,0,no_directory_point_not_zero_output
4756,Boise,67,directory_points_only
4757,Cai Lậy,0,no_directory_point_not_zero_output
4758,Feni,1,directory_points_only
4759,Birigui,0,no_directory_point_not_zero_output
4760,Baotou,9,directory_points_only
4761,Kipushi,0,no_directory_point_not_zero_output
4762,Valledupar,2,directory_points_only
4763,Gera,5,directory_points_only
4764,Ain Mlila,0,no_directory_point_not_zero_output
4766,Debre Tabor,1,directory_points_only
4767,Nottingham,137,directory_points_only
4768,Mekarsari,0,no_directory_point_not_zero_output
4769,Tarn Taran Sahib,0,no_directory_point_not_zero_output
4770,Chalus,4,directory_points_only
4771,Messina,9,directory_points_only
4772,Okaya,6,directory_points_only
4773,Taxco,0,no_directory_point_not_zero_output
4774,Nyaunglebin,0,no_directory_point_not_zero_output
4775,Ilawe-Ekiti,1,directory_points_only
4776,Tarakai,0,no_directory_point_not_zero_output
4777,Surigao City,2,directory_points_only
4778,Tanchon,0,no_directory_point_not_zero_output
4779,Kuznetsk,0,no_directory_point_not_zero_output
4780,Fatsa,0,no_directory_point_not_zero_output
4781,Kennewick,20,directory_points_only
4782,Sóc Trăng,0,no_directory_point_not_zero_output
4785,Yakeshi/Yaysi,0,no_directory_point_not_zero_output
4786,Kongolo,0,no_directory_point_not_zero_output
4787,Pamplona,2,directory_points_only
4788,Leipzig,68,directory_points_only
4791,Ginido,0,no_directory_point_not_zero_output
4792,Oxford,249,directory_points_only
4793,Mekarjaya,0,no_directory_point_not_zero_output
4794,Dhrangadhra,0,no_directory_point_not_zero_output
4795,Bandar-e Mahshahr,1,directory_points_only
4796,Reggio Calabria,7,directory_points_only
4798,Ciudad Juárez,7,directory_points_only
4799,Daik-U,0,no_directory_point_not_zero_output
4801,Sowari,0,no_directory_point_not_zero_output
4802,Koronadal,3,directory_points_only
4803,Rahŭng,0,no_directory_point_not_zero_output
4804,Nevinnomyssk,0,no_directory_point_not_zero_output
4805,Osmaniye,1,directory_points_only
4806,Anchorage,84,directory_points_only
4809,Goiânia,19,directory_points_only
4810,Longxi,0,no_directory_point_not_zero_output
4811,UNNAMED,0,no_directory_point_not_zero_output
4812,Yopal,1,directory_points_only
4813,Regensburg,32,directory_points_only
4814,Skikda,1,directory_points_only
4816,UNNAMED,0,no_directory_point_not_zero_output
4817,Rugby,17,directory_points_only
4818,Mekarjaya,0,no_directory_point_not_zero_output
4819,Siwana,0,no_directory_point_not_zero_output
4820,Ramhormoz,0,no_directory_point_not_zero_output
4821,Barletta,0,no_directory_point_not_zero_output
4822,Sendai,104,directory_points_only
4823,San Luis Potosí,15,directory_points_only
4824,Thanatpin,0,no_directory_point_not_zero_output
4825,Idanre,0,no_directory_point_not_zero_output
4826,Tando Adam,0,no_directory_point_not_zero_output
4827,Valencia,0,no_directory_point_not_zero_output
4828,Wonsan,0,no_directory_point_not_zero_output
4829,Kazan,44,directory_points_only
4830,Samandağ,0,no_directory_point_not_zero_output
4831,Bellingham,11,directory_points_only
4832,Trang Bang,0,no_directory_point_not_zero_output
4833,Chattogram,22,directory_points_only
4834,Santa Cruz do Sul,2,directory_points_only
4835,Muse,0,no_directory_point_not_zero_output
4836,Kyolo,0,no_directory_point_not_zero_output
4837,Cúcuta,2,directory_points_only
4838,Landshut,2,directory_points_only
4839,Ain Fakroun,0,no_directory_point_not_zero_output
4840,Al Inab al Saghirah,0,no_directory_point_not_zero_output
4841,Ebbenat,0,no_directory_point_not_zero_output
4843,Cilegon,4,directory_points_only
4844,Dhire Kot,0,no_directory_point_not_zero_output
4845,Qom,12,directory_points_only
4846,Andria,1,directory_points_only
4847,Aizu-Wakamatsu,4,directory_points_only
4848,Toluca,29,directory_points_only
4849,Shwegyin,0,no_directory_point_not_zero_output
4850,Sokoto,5,directory_points_only
4852,Butuan,4,directory_points_only
4853,Omong-ri,0,no_directory_point_not_zero_output
4854,Saratov,21,directory_points_only
4855,İskenderun,1,directory_points_only
4856,Provo,29,directory_points_only
4857,My Tho,2,directory_points_only
4858,Khagrachhari,0,no_directory_point_not_zero_output
4859,Goianésia,1,directory_points_only
4860,Tengchong,0,no_directory_point_not_zero_output
4861,Lubumbashi,6,directory_points_only
4863,Zwickau,4,directory_points_only
4864,El Oued,2,directory_points_only
4865,Minshat al Maghaliqah,0,no_directory_point_not_zero_output
4866,Welkite,1,directory_points_only
4867,Portsmouth,153,directory_points_only
4868,Pandeglang,4,directory_points_only
4869,Un,0,no_directory_point_not_zero_output
4871,Trani,1,directory_points_only
4872,Ise,5,directory_points_only
4873,San Luis de la Paz,0,no_directory_point_not_zero_output
4874,Kayan,0,no_directory_point_not_zero_output
4875,Akure,4,directory_points_only
4876,Jand,0,no_directory_point_not_zero_output
4877,Polomolok,0,no_directory_point_not_zero_output
4878,Yonan,0,no_directory_point_not_zero_output
4879,Cherkessk,2,directory_points_only
4880,Antakya,1,directory_points_only
4881,Salt Lake City,187,directory_points_only
4884,Votuporanga,3,directory_points_only
4885,Xiji,0,no_directory_point_not_zero_output
4886,Wamaza,0,no_directory_point_not_zero_output
4887,Riohacha,1,directory_points_only
4888,Rosenheim,10,directory_points_only
4889,Oum El Bouaghi,1,directory_points_only
4890,Atmeeda,0,no_directory_point_not_zero_output
4891,Areka,0,no_directory_point_not_zero_output
4892,Loughborough,25,directory_points_only
4894,Jakarta,21,directory_points_only
4897,Jakarta,476,directory_points_only
4898,Jakarta,10,directory_points_only
4899,Jakarta,9,directory_points_only
4900,Jakarta,16,directory_points_only
4902,Jasdan,0,no_directory_point_not_zero_output
4903,Izeh,1,directory_points_only
4904,Bisceglie,0,no_directory_point_not_zero_output
4905,Takamori,7,directory_points_only
4906,San Juan del Río,2,directory_points_only
4907,Thongwa,0,no_directory_point_not_zero_output
4908,Ido Ekiti,0,no_directory_point_not_zero_output
4909,Swabi,4,directory_points_only
4910,General Santos,3,directory_points_only
4911,Paechon,0,no_directory_point_not_zero_output
4913,Düziçi,0,no_directory_point_not_zero_output
4914,Albuquerque,143,directory_points_only
4916,Chakaria,0,no_directory_point_not_zero_output
4917,Araguaína,1,directory_points_only
4918,Yanchi,0,no_directory_point_not_zero_output
4919,Mpose,0,no_directory_point_not_zero_output
4920,Saravena,0,no_directory_point_not_zero_output
4922,Khenchela,2,directory_points_only
4924,Shire,0,no_directory_point_not_zero_output
4925,Leicester,67,directory_points_only
4926,Rangkasbitung,2,directory_points_only
4927,Sri Muktsar Sahib,1,directory_points_only
4928,Omidieh,1,directory_points_only
4929,Cosenza,11,directory_points_only
4930,Fukushima,22,directory_points_only
4932,Kyaikto,0,no_directory_point_not_zero_output
4933,Gwadabawa,0,no_directory_point_not_zero_output
4934,Sinijhoro,0,no_directory_point_not_zero_output
4935,Digos,1,directory_points_only
4936,Kosan,0,no_directory_point_not_zero_output
4937,Volgograd,22,directory_points_only
4938,Kırıkhan,0,no_directory_point_not_zero_output
4940,Lịch Hội Thượng,0,no_directory_point_not_zero_output
4941,Bandarban,0,no_directory_point_not_zero_output
4942,Assis,1,directory_points_only
4943,Dalad,0,no_directory_point_not_zero_output
4944,Manono,0,no_directory_point_not_zero_output
4945,Manaure,0,no_directory_point_not_zero_output
4946,Berlin,739,directory_points_only
4947,Guelma,1,directory_points_only
4949,Ambo,1,directory_points_only
4951,Palabuhanratu,1,directory_points_only
4952,Dhanera,0,no_directory_point_not_zero_output
4953,Qarchak,0,no_directory_point_not_zero_output
4954,Molfetta,0,no_directory_point_not_zero_output
4955,Ishinomaki,7,directory_points_only
4957,Pauk Taw,0,no_directory_point_not_zero_output
4958,Ado Ekiti,4,directory_points_only
4959,Totalai,0,no_directory_point_not_zero_output
4961,Kaesong,1,directory_points_only
4962,Kamyshin,0,no_directory_point_not_zero_output
4963,Ordu,2,directory_points_only
4964,Ogden,24,directory_points_only
4966,রামু Ramu,1,directory_points_only
4967,Castanhal,0,no_directory_point_not_zero_output
4968,Luomen,0,no_directory_point_not_zero_output
4969,UNNAMED,0,no_directory_point_not_zero_output
4970,Maicao,0,no_directory_point_not_zero_output
4971,Chemnitz,25,directory_points_only
4972,Ain Beida,0,no_directory_point_not_zero_output
4974,Lumame,0,no_directory_point_not_zero_output
4976,Pangkalpinang,5,directory_points_only
4977,Batala,0,no_directory_point_not_zero_output
4978,Pardis,1,directory_points_only
4979,Altamura,0,no_directory_point_not_zero_output
4981,Cuernavaca,27,directory_points_only
4982,Thaton,1,directory_points_only
4983,Zuru,0,no_directory_point_not_zero_output
4984,Tando Muhammad Khan,0,no_directory_point_not_zero_output
4985,Davao City,12,directory_points_only
4986,P'yŏnghwa-ri,0,no_directory_point_not_zero_output
4988,Kahramanmaraş,3,directory_points_only
4989,Grand Junction,7,directory_points_only
4991,Teknaf,0,no_directory_point_not_zero_output
4992,Penápolis,0,no_directory_point_not_zero_output
4993,Jingning,0,no_directory_point_not_zero_output
4994,Shabunda,0,no_directory_point_not_zero_output
4995,Uribia,0,no_directory_point_not_zero_output
4996,Dresden,164,directory_points_only
4997,Sedrata,0,no_directory_point_not_zero_output
4999,Mekane Yesus,0,no_directory_point_not_zero_output
5000,Basingstoke,28,directory_points_only
5002,Osiyan,0,no_directory_point_not_zero_output
5003,Pakdasht,0,no_directory_point_not_zero_output
5004,Bari,35,directory_points_only
5005,Takasaki [Maebashi],112,directory_points_only
5006,Mexico City,278,directory_points_only
5008,Sar Hpo Su,0,no_directory_point_not_zero_output
5009,Ikerre,1,directory_points_only
5010,Layyah,0,no_directory_point_not_zero_output
5011,Panabo,2,directory_points_only
5013,Türkoğlu,0,no_directory_point_not_zero_output
5015,Trà Vinh City,1,directory_points_only
5016,Palmas,3,directory_points_only
5017,Dingbian,0,no_directory_point_not_zero_output
5018,Kasumbalesa,0,no_directory_point_not_zero_output
5019,Arauca,0,no_directory_point_not_zero_output
5020,Cottbus,4,directory_points_only
5021,Annaba,3,directory_points_only
5023,Sodo,2,directory_points_only
5024,York,63,directory_points_only
5025,Toboali,0,no_directory_point_not_zero_output
5026,Kathua,0,no_directory_point_not_zero_output
5028,Taranto,0,no_directory_point_not_zero_output
5029,Toyohashi,41,directory_points_only
5030,Tlapa de Comonfort,0,no_directory_point_not_zero_output
5031,Hpa-An,2,directory_points_only
5032,Tuga Nama,0,no_directory_point_not_zero_output
5033,Daharki,0,no_directory_point_not_zero_output
5034,Tagum,0,no_directory_point_not_zero_output
5035,Ulyanovsk,7,directory_points_only
5036,Reyhanlı,0,no_directory_point_not_zero_output
5037,Odessa,5,directory_points_only
5038,Ho Chi Minh City,133,directory_points_only
5039,Taquaralto,0,no_directory_point_not_zero_output
5040,Tumed Right Banner,0,no_directory_point_not_zero_output
5041,Isiro,1,directory_points_only
5044,Cheria,0,no_directory_point_not_zero_output
5046,Shinshicho,0,no_directory_point_not_zero_output
5047,Reading,93,directory_points_only
5049,Bhinmal,0,no_directory_point_not_zero_output
5050,Amol,2,directory_points_only
5051,Brindisi,2,directory_points_only
5052,Koriyama,16,directory_points_only
5053,Cuautla,5,directory_points_only
5054,Mawlamyine,2,directory_points_only
5055,Rijau,0,no_directory_point_not_zero_output
5056,Attock,0,no_directory_point_not_zero_output
5058,Elbistan,0,no_directory_point_not_zero_output
5059,Nuevo Laredo,8,directory_points_only
5061,Senador Canedo,0,no_directory_point_not_zero_output
5062,Guyuan,0,no_directory_point_not_zero_output
5063,Nyunzu,0,no_directory_point_not_zero_output
5064,M'Daourouch,0,no_directory_point_not_zero_output
5066,Gunchire,0,no_directory_point_not_zero_output
5067,Northampton,33,directory_points_only
5069,Gurdaspur,0,no_directory_point_not_zero_output
5070,Kashan,4,directory_points_only
5071,Lecce,6,directory_points_only
5072,Kai [Kofu],35,directory_points_only
5073,Tula de Allende,2,directory_points_only
5074,Mudon,0,no_directory_point_not_zero_output
5075,Egosi,0,no_directory_point_not_zero_output
5076,Tando Allayhar,0,no_directory_point_not_zero_output
5077,Kislovodsk,1,directory_points_only
5078,Giresun,2,directory_points_only
5079,Midland,4,directory_points_only
5080,Đà Nẵng,19,directory_points_only
5081,Telêmaco Borba,1,directory_points_only
5082,Gangu,0,no_directory_point_not_zero_output
5083,Walikale,0,no_directory_point_not_zero_output
5084,Souk Ahras,1,directory_points_only
5086,Hossana,1,directory_points_only
5087,Milton Keynes,55,directory_points_only
5089,Faridkot,2,directory_points_only
5090,Behbahan,1,directory_points_only
5091,Hamamatsu,60,directory_points_only
5093,Kengtung,2,directory_points_only
5094,Wurno,0,no_directory_point_not_zero_output
5095,Kamra,0,no_directory_point_not_zero_output
5096,Yessentuki,1,directory_points_only
5097,Kilis,1,directory_points_only
5098,McAllen,16,directory_points_only
5100,Ituiutaba,0,no_directory_point_not_zero_output
5101,Baoshan,1,directory_points_only
5102,Elila,0,no_directory_point_not_zero_output
5103,Tebessa,1,directory_points_only
5104,Zayyan,1,directory_points_only
5105,Boditi,0,no_directory_point_not_zero_output
5106,Aylesbury,13,directory_points_only
5107,Bandung,120,directory_points_only
5108,Malout,0,no_directory_point_not_zero_output
5109,Shahr-e Kord,3,directory_points_only
5112,War Kha Yu,0,no_directory_point_not_zero_output
5113,Lafiagi,0,no_directory_point_not_zero_output
5114,Sanghar,0,no_directory_point_not_zero_output
5115,Pyatigorsk,5,directory_points_only
5118,Đồng Xoài,0,no_directory_point_not_zero_output
5119,Anápolis,4,directory_points_only
5120,Dorbod,0,no_directory_point_not_zero_output
5121,Kilwa,0,no_directory_point_not_zero_output
5122,Bir El Ater,0,no_directory_point_not_zero_output
5123,Kafr al Hajj Shirbini,0,no_directory_point_not_zero_output
5124,UNNAMED,0,no_directory_point_not_zero_output
5125,Blackwater,82,directory_points_only
5127,Sayla,0,no_directory_point_not_zero_output
5128,Babol,5,directory_points_only
5129,Tokyo,4729,directory_points_only
5132,Rioverde,0,no_directory_point_not_zero_output
5133,Ye,0,no_directory_point_not_zero_output
5134,Mara-Mawa,0,no_directory_point_not_zero_output
5135,Wan Bhachran,0,no_directory_point_not_zero_output
5136,Mineralnye Vody,0,no_directory_point_not_zero_output
5137,Gaziantep,10,directory_points_only
5138,Spokane,47,directory_points_only
5139,Go Cong,0,no_directory_point_not_zero_output
5140,União da Vitória,1,directory_points_only
5141,Dongsheng,0,no_directory_point_not_zero_output
5142,Kamituga,0,no_directory_point_not_zero_output
5143,Beni Suef,2,directory_points_only
5144,Waliso,0,no_directory_point_not_zero_output
5146,Mandalakasih,0,no_directory_point_not_zero_output
5147,Amreli,0,no_directory_point_not_zero_output
5148,Dehdasht,0,no_directory_point_not_zero_output
5149,Utsunomiya,44,directory_points_only
5151,Myawaddy,0,no_directory_point_not_zero_output
5152,Kontagora,0,no_directory_point_not_zero_output
5153,Topi,1,directory_points_only
5154,Elista,2,directory_points_only
5155,Malatya,4,directory_points_only
5156,Idaho Falls,9,directory_points_only
5157,Hoi An,0,no_directory_point_not_zero_output
5158,Lajeado,1,directory_points_only
5159,Ordos,1,directory_points_only
5160,Mutabi,0,no_directory_point_not_zero_output
5162,Durame,0,no_directory_point_not_zero_output
5165,Diu,0,no_directory_point_not_zero_output
5166,Lordegan,0,no_directory_point_not_zero_output
5168,Tepetlixpa,2,directory_points_only
5169,Tachileik,0,no_directory_point_not_zero_output
5170,Ise,0,no_directory_point_not_zero_output
5171,Dera Ghazi Khan,2,directory_points_only
5172,Syzran,0,no_directory_point_not_zero_output
5173,Nizip,0,no_directory_point_not_zero_output
5174,Brownsville,4,directory_points_only
5175,Hiệp Phước,0,no_directory_point_not_zero_output
5176,Itumbiara,0,no_directory_point_not_zero_output
5177,Lijiang,0,no_directory_point_not_zero_output
5178,Kasenga,0,no_directory_point_not_zero_output
5180,Gojo Town,0,no_directory_point_not_zero_output
5182,Garut,4,directory_points_only
5184,Harij,0,no_directory_point_not_zero_output
5185,Najafabad,1,directory_points_only
5188,Payathonzu,0,no_directory_point_not_zero_output
5189,Dirinbaji,0,no_directory_point_not_zero_output
5190,Kot Chutta,0,no_directory_point_not_zero_output
5191,Glazov,1,directory_points_only
5192,Adiyaman,2,directory_points_only
5193,Lubbock,16,directory_points_only
5194,Kon Tum,0,no_directory_point_not_zero_output
5195,Marília,6,directory_points_only
5196,Uxin Banner,0,no_directory_point_not_zero_output
5197,Dungu,0,no_directory_point_not_zero_output
5199,UNNAMED,0,no_directory_point_not_zero_output
5201,Subang,8,directory_points_only
5202,Hanumanangarh Junction,0,no_directory_point_not_zero_output
5203,Qaem Shahr,1,directory_points_only
5206,Dawei,3,directory_points_only
5207,Ribah,0,no_directory_point_not_zero_output
5208,Battagram,0,no_directory_point_not_zero_output
5209,Balakovo,1,directory_points_only
5211,San Angelo,3,directory_points_only
5212,Phú Mỹ,0,no_directory_point_not_zero_output
5213,Caçador,2,directory_points_only
5214,Qin'an,0,no_directory_point_not_zero_output
5215,Misisi,0,no_directory_point_not_zero_output
5217,Gut'O,0,no_directory_point_not_zero_output
5220,Surendranagar,1,directory_points_only
5221,Zarrinshahr,1,directory_points_only
5222,Shizuoka,62,directory_points_only
5223,Matehuala,1,directory_points_only
5224,Myeik,3,directory_points_only
5225,Koko Town,0,no_directory_point_not_zero_output
5226,Ghāzi,0,no_directory_point_not_zero_output
5227,Georgiyevsk,0,no_directory_point_not_zero_output
5228,Trabzon,7,directory_points_only
5229,San Antonio,155,directory_points_only
5230,Gia Kiệm,0,no_directory_point_not_zero_output
5231,Lins,2,directory_points_only
5232,Tumed Left Banner,0,no_directory_point_not_zero_output
5233,Pweto,0,no_directory_point_not_zero_output
5235,Dejen,0,no_directory_point_not_zero_output
5236,Corby,26,directory_points_only
5238,Una,0,no_directory_point_not_zero_output
5239,Shahin Shahr,0,no_directory_point_not_zero_output
5240,Oyama,13,directory_points_only
5242,Kawthaung,0,no_directory_point_not_zero_output
5244,Pindi Gheb,0,no_directory_point_not_zero_output
5245,Dimitrovgrad,1,directory_points_only
5246,Kahta,0,no_directory_point_not_zero_output
5247,Corpus Christi,10,directory_points_only
5248,Cây Xăng,0,no_directory_point_not_zero_output
5249,São José do Rio Preto,15,directory_points_only
5250,Zhuanglang,0,no_directory_point_not_zero_output
5251,Mululu,0,no_directory_point_not_zero_output
5253,Shone,0,no_directory_point_not_zero_output
5254,Scunthorpe,9,directory_points_only
5256,Pathankot,0,no_directory_point_not_zero_output
5257,Fuladshahr,0,no_directory_point_not_zero_output
5258,Mishima,31,directory_points_only
5259,Atlixco,1,directory_points_only
5260,Ikole,1,directory_points_only
5261,Jampur,0,no_directory_point_not_zero_output
5262,Tolyatti,2,directory_points_only
5263,Suruç,0,no_directory_point_not_zero_output
5264,Pueblo,8,directory_points_only
5265,Tam Kỳ,1,directory_points_only
5266,Ourinhos,0,no_directory_point_not_zero_output
5267,Jiagedaqi,0,no_directory_point_not_zero_output
5268,Bukavu,9,directory_points_only
5269,Mallawi,0,no_directory_point_not_zero_output
5270,Bechena,0,no_directory_point_not_zero_output
5272,Sumuradem,0,no_directory_point_not_zero_output
5273,Deesa,0,no_directory_point_not_zero_output
5274,Sari,5,directory_points_only
5275,泉町黒須野,1,directory_points_only
5277,Egbe,0,no_directory_point_not_zero_output
5278,Rajanpur,0,no_directory_point_not_zero_output
5279,Baksan,0,no_directory_point_not_zero_output
5280,Erzincan,3,directory_points_only
5281,Amarillo,14,directory_points_only
5282,Pleiku,0,no_directory_point_not_zero_output
5283,Açailândia,0,no_directory_point_not_zero_output
5284,Tianshui,3,directory_points_only
5285,Rubaya,0,no_directory_point_not_zero_output
5287,Gezaber,0,no_directory_point_not_zero_output
5288,London,2735,directory_points_only
5290,Kotkapura,0,no_directory_point_not_zero_output
5291,Isfahan,17,directory_points_only
5293,Pachuca,13,directory_points_only
5294,Benin City,8,directory_points_only
5295,Kot Addu,0,no_directory_point_not_zero_output
5296,Budyonnovsk,0,no_directory_point_not_zero_output
5297,Elazig,4,directory_points_only
5298,Abilene,8,directory_points_only
5299,Vung Tau,3,directory_points_only
5300,Bento Gonçalves,1,directory_points_only
5301,Xihe,0,no_directory_point_not_zero_output
5302,Kamanyola,0,no_directory_point_not_zero_output
5304,Mertule Mariam,0,no_directory_point_not_zero_output
5306,Tasikmalaya,17,directory_points_only
5307,Nokha,0,no_directory_point_not_zero_output
5308,Dogonbadan,0,no_directory_point_not_zero_output
5309,Mito,54,directory_points_only
5310,Texmelucan,1,directory_points_only
5311,Owo,3,directory_points_only
5312,Wah Cantonment,3,directory_points_only
5313,Nalchik,6,directory_points_only
5314,Şanlıurfa,2,directory_points_only
5315,Colorado Springs,77,directory_points_only
5317,Pelotas,3,directory_points_only
5318,Longnan,0,no_directory_point_not_zero_output
5319,Butondo,0,no_directory_point_not_zero_output
5320,Al-Zaqaziq‎,1,directory_points_only
5321,Ginsi,0,no_directory_point_not_zero_output
5322,Lincoln,25,directory_points_only
5323,Tanjung Pandan,0,no_directory_point_not_zero_output
5324,Jodhpur,14,directory_points_only
5325,Bandar Ganaveh,0,no_directory_point_not_zero_output
5327,Puebla,49,directory_points_only
5328,Goronyo,0,no_directory_point_not_zero_output
5331,Akçakale,0,no_directory_point_not_zero_output
5332,Denver,603,directory_points_only
5333,Long Khanh,0,no_directory_point_not_zero_output
5334,Imperatriz,2,directory_points_only
5335,Hohhot,28,directory_points_only
5336,Mambasa,0,no_directory_point_not_zero_output
5338,Alaba Kulito,0,no_directory_point_not_zero_output
5341,Jalore,0,no_directory_point_not_zero_output
5344,Saltillo,11,directory_points_only
5345,Sapele,0,no_directory_point_not_zero_output
5346,Mithankot,0,no_directory_point_not_zero_output
5347,Prokhladny,0,no_directory_point_not_zero_output
5348,Rize,2,directory_points_only
5349,Austin,300,directory_points_only
5350,Đăk Mil,0,no_directory_point_not_zero_output
5351,Paragominas,0,no_directory_point_not_zero_output
5352,Pingliang,1,directory_points_only
5353,Baraka,0,no_directory_point_not_zero_output
5355,Tulu Bolo,0,no_directory_point_not_zero_output
5356,Luton,25,directory_points_only
5359,Neka,0,no_directory_point_not_zero_output
5360,Kamisu,6,directory_points_only
5361,Huajuapan,2,directory_points_only
5363,Sadiqabad,0,no_directory_point_not_zero_output
5364,Nizhnekamsk,0,no_directory_point_not_zero_output
5365,Siverek,0,no_directory_point_not_zero_output
5367,Định Quán,0,no_directory_point_not_zero_output
5368,Ponta Grossa,1,directory_points_only
5370,Sake,0,no_directory_point_not_zero_output
5372,Nefas Meewcha,0,no_directory_point_not_zero_output
5373,Bedford,28,directory_points_only
5375,Patan,1,directory_points_only
5376,Baharestan,0,no_directory_point_not_zero_output
5377,Mobara,6,directory_points_only
5379,Warri,3,directory_points_only
5380,Mirpur Khas,1,directory_points_only
5382,Ergani,0,no_directory_point_not_zero_output
5383,Longmont,21,directory_points_only
5384,Ngai Giao,0,no_directory_point_not_zero_output
5385,Águas Lindas de Goiás,0,no_directory_point_not_zero_output
5386,Zhangjiachuan,0,no_directory_point_not_zero_output
5387,Kalemie,1,directory_points_only
5389,Gorabee,0,no_directory_point_not_zero_output
5391,Indramayu,7,directory_points_only
5392,Kundla,0,no_directory_point_not_zero_output
5393,Behshahr,2,directory_points_only
5395,Omuo-Obadore,0,no_directory_point_not_zero_output
5396,Haripur,1,directory_points_only
5398,Viranşehir,0,no_directory_point_not_zero_output
5399,Killeen,10,directory_points_only
5400,Tan Phu,0,no_directory_point_not_zero_output
5401,Caldas Novas,0,no_directory_point_not_zero_output
5402,Dali,3,directory_points_only
5403,Uvira,0,no_directory_point_not_zero_output
5405,Kokir,0,no_directory_point_not_zero_output
5406,Brighton,97,directory_points_only
5407,Cirebon,30,directory_points_only
5408,Chanasma,0,no_directory_point_not_zero_output
5409,Bagh-e Zahra,2,directory_points_only
5410,Ramos Arizpe,1,directory_points_only
5411,Igbe,0,no_directory_point_not_zero_output
5412,Fateh Jang,0,no_directory_point_not_zero_output
5413,Samara,26,directory_points_only
5414,Diyarbakir,5,directory_points_only
5415,Loveland,7,directory_points_only
5416,Chư Sê,0,no_directory_point_not_zero_output
5417,Santo Antônio do Descoberto,0,no_directory_point_not_zero_output
5418,Qingshui,0,no_directory_point_not_zero_output
5419,Goma,6,directory_points_only
5421,Axum,1,directory_points_only
5422,Hull,26,directory_points_only
5424,Bechraji,0,no_directory_point_not_zero_output
5425,Shahreza,1,directory_points_only
5428,Badin,0,no_directory_point_not_zero_output
5429,Izhevsk,13,directory_points_only
5430,Bingöl,1,directory_points_only
5431,Fort Collins,47,directory_points_only
5432,Buôn Ma Thuột,3,directory_points_only
5433,Caxias do Sul,3,directory_points_only
5434,Togtoh,0,no_directory_point_not_zero_output
5435,Kirumba,0,no_directory_point_not_zero_output
5437,Aleltu,0,no_directory_point_not_zero_output
5440,Botad,0,no_directory_point_not_zero_output
5442,Tulancingo,3,directory_points_only
5443,Pategi,0,no_directory_point_not_zero_output
5444,Kot Najib Ullah,0,no_directory_point_not_zero_output
5447,Greeley,9,directory_points_only
5448,Quảng Ngãi,1,directory_points_only
5449,Rio Grande,3,directory_points_only
5450,Huating,0,no_directory_point_not_zero_output
5451,Kanyabayonga,0,no_directory_point_not_zero_output
5453,Yabelo,0,no_directory_point_not_zero_output
5454,Peterborough,42,directory_points_only
5455,Kuningan,8,directory_points_only
5456,Kapurthala,3,directory_points_only
5457,Ab Pakhsh,0,no_directory_point_not_zero_output
5458,Monclova,1,directory_points_only
5460,Rahimyar Khan,3,directory_points_only
5461,Naberezhnye Chelny,3,directory_points_only
5462,Erzurum,4,directory_points_only
5463,Waco,15,directory_points_only
5464,Quảng Phú,0,no_directory_point_not_zero_output
5465,Ceilândia,111,directory_points_only
5466,Jingbian,0,no_directory_point_not_zero_output
5467,Butembo,4,directory_points_only
5469,Dalocha,0,no_directory_point_not_zero_output
5471,Banjar,1,directory_points_only
5472,Mandi Dabwali,0,no_directory_point_not_zero_output
5474,Ciudad Valles,1,directory_points_only
5476,Munda,0,no_directory_point_not_zero_output
5477,Vladikavkaz,7,directory_points_only
5478,Kızıltepe,0,no_directory_point_not_zero_output
5479,Cheyenne,20,directory_points_only
5480,Bảo Lộc,0,no_directory_point_not_zero_output
5482,Datian,0,no_directory_point_not_zero_output
5483,Beni,1,directory_points_only
5485,Gebre gurach,0,no_directory_point_not_zero_output
5486,Stevenage,33,directory_points_only
5487,Ciherang,0,no_directory_point_not_zero_output
5488,Ahore,0,no_directory_point_not_zero_output
5489,Semnan,2,directory_points_only
5490,Huamantla,1,directory_points_only
5491,Isanlu Mopo,0,no_directory_point_not_zero_output
5492,Talagang,0,no_directory_point_not_zero_output
5493,Nazran,1,directory_points_only
5494,Batman,1,directory_points_only
5495,Wichita Falls,2,directory_points_only
5496,La Gi,0,no_directory_point_not_zero_output
5497,Guaíba,0,no_directory_point_not_zero_output
5498,Yingjing,0,no_directory_point_not_zero_output
5499,Butusande,0,no_directory_point_not_zero_output
5501,Addis Alem,0,no_directory_point_not_zero_output
5504,Limbdi,0,no_directory_point_not_zero_output
5505,Yasuj,3,directory_points_only
5506,Huauchinango,1,directory_points_only
5507,Ekinrin,0,no_directory_point_not_zero_output
5509,Votkinsk,0,no_directory_point_not_zero_output
5510,Muş,1,directory_points_only
5511,Houston,393,directory_points_only
5512,An Khê,0,no_directory_point_not_zero_output
5513,Catanduva,5,directory_points_only
5514,Dujiangyan,0,no_directory_point_not_zero_output
5515,Oicha,0,no_directory_point_not_zero_output
5517,ቡሌ ሆራ / Bule Hora,1,directory_points_only
5518,Grimsby,6,directory_points_only
5520,Moga,1,directory_points_only
5521,Bandar-e Torkaman,0,no_directory_point_not_zero_output
5522,Tehuacán,2,directory_points_only
5523,Oburigbene,0,no_directory_point_not_zero_output
5524,Digri,0,no_directory_point_not_zero_output
5525,Sunzha,0,no_directory_point_not_zero_output
5526,Qamishli,0,no_directory_point_not_zero_output
5527,College Station,31,directory_points_only
5528,Ea Kar,0,no_directory_point_not_zero_output
5529,Novo Hamburgo,9,directory_points_only
5530,Ya'an,3,directory_points_only
5531,Kalimva,0,no_directory_point_not_zero_output
5533,The State Of Tigray,0,no_directory_point_not_zero_output
5535,Majenang,3,directory_points_only
5536,Palanpur,1,directory_points_only
5537,Nurabad Mamasani,0,no_directory_point_not_zero_output
5538,García,0,no_directory_point_not_zero_output
5539,Bena,0,no_directory_point_not_zero_output
5541,Almetyevsk,2,directory_points_only
5542,Midyat,0,no_directory_point_not_zero_output
5543,Dallas,412,directory_points_only
5544,Đinh Văn,0,no_directory_point_not_zero_output
5545,Gama,1,directory_points_only
5546,Fengqing County,0,no_directory_point_not_zero_output
5547,Nyamilima,0,no_directory_point_not_zero_output
5549,Gedeb,0,no_directory_point_not_zero_output
5550,Cambridge,323,directory_points_only
5552,Viramgam,0,no_directory_point_not_zero_output
5553,Gorgan,4,directory_points_only
5554,Monterrey,30,directory_points_only
5555,Bida,1,directory_points_only
5556,Balakot,0,no_directory_point_not_zero_output
5557,Sarapul,0,no_directory_point_not_zero_output
5558,Siirt,1,directory_points_only
5559,Lawton,12,directory_points_only
5560,Phan Thiet,1,directory_points_only
5562,Binchuan,0,no_directory_point_not_zero_output
5563,Ndalama,0,no_directory_point_not_zero_output
5565,Butajira,0,no_directory_point_not_zero_output
5566,Royal Tunbridge Wells,14,directory_points_only
5567,Tegal,9,directory_points_only
5568,Bathinda,3,directory_points_only
5569,Kazerun,1,directory_points_only
5570,Ciudad Mante,1,directory_points_only
5571,Aiyetoro,0,no_directory_point_not_zero_output
5572,Abbottabad,6,directory_points_only
5573,Berezniki,1,directory_points_only
5574,Kars,1,directory_points_only
5576,Tam Quan,0,no_directory_point_not_zero_output
5578,Hengshan,0,no_directory_point_not_zero_output
5579,Makosa,0,no_directory_point_not_zero_output
5581,Dilla,1,directory_points_only
5582,Eastbourne,14,directory_points_only
5583,Cilacap,4,directory_points_only
5584,Siddhapur,0,no_directory_point_not_zero_output
5585,Aghghala,0,no_directory_point_not_zero_output
5586,Oaxaca,11,directory_points_only
5587,Ughelli,3,directory_points_only
5588,Muzaffargarh,0,no_directory_point_not_zero_output
5589,Grozny,4,directory_points_only
5590,Tatvan,0,no_directory_point_not_zero_output
5592,Phú Phong,0,no_directory_point_not_zero_output
5593,Porto Alegre,51,directory_points_only
5594,Chengxian,0,no_directory_point_not_zero_output
5595,Mongbwalu,0,no_directory_point_not_zero_output
5597,Adwa,1,directory_points_only
5599,Pagojengan,1,directory_points_only
5600,Rajula,0,no_directory_point_not_zero_output
5601,Aliabad-e Katul,1,directory_points_only
5602,Orizaba,3,directory_points_only
5603,Mafara,0,no_directory_point_not_zero_output
5604,Havelian,1,directory_points_only
5605,Bugulma,0,no_directory_point_not_zero_output
5606,Ağrı,3,directory_points_only
5608,Dalat,5,directory_points_only
5610,Dayi,0,no_directory_point_not_zero_output
5611,Bunia,2,directory_points_only
5613,Damietta,1,directory_points_only
5614,Ejere,0,no_directory_point_not_zero_output
5615,Chelmsford,19,directory_points_only
5617,Jalandhar,13,directory_points_only
5618,Abadeh,0,no_directory_point_not_zero_output
5619,Ciudad Victoria,7,directory_points_only
5620,Kabba,0,no_directory_point_not_zero_output
5621,Rawalpindi [Islamabad],91,directory_points_only
5622,Kultaevo,0,no_directory_point_not_zero_output
5623,Patnos,0,no_directory_point_not_zero_output
5624,Billings,20,directory_points_only
5625,Liên Khương,0,no_directory_point_not_zero_output
5626,Bauru,7,directory_points_only
5627,Jungar,0,no_directory_point_not_zero_output
5628,Iga Barriere,0,no_directory_point_not_zero_output
5629,Beni Adi,0,no_directory_point_not_zero_output
5630,ፊንጫዋ / Finchawa,0,no_directory_point_not_zero_output
5631,St Leonards,10,directory_points_only
5633,Sri Dungargarh,0,no_directory_point_not_zero_output
5634,Gonbad-e Qabus,2,directory_points_only
5635,Cadereyta Jiménez,0,no_directory_point_not_zero_output
5636,Ekpoma,0,no_directory_point_not_zero_output
5637,Alipur,0,no_directory_point_not_zero_output
5638,Neftekamsk,0,no_directory_point_not_zero_output
5639,Cizre,0,no_directory_point_not_zero_output
5641,Quy Nhơn,2,directory_points_only
5643,Qionglai,0,no_directory_point_not_zero_output
5644,Ariwara,0,no_directory_point_not_zero_output
5645,An Nazlah,0,no_directory_point_not_zero_output
5646,Chucko,0,no_directory_point_not_zero_output
5649,Shihi Village,0,no_directory_point_not_zero_output
5650,Azadshahr,1,directory_points_only
5651,San Luis,0,no_directory_point_not_zero_output
5652,Ekogboro,1,directory_points_only
5653,Garhi Habibullah,0,no_directory_point_not_zero_output
5654,Perm,22,directory_points_only
5655,Şırnak,1,directory_points_only
5657,Phan Rí Cửa,0,no_directory_point_not_zero_output
5659,Midu,0,no_directory_point_not_zero_output
5660,Jupujuro-sii,0,no_directory_point_not_zero_output
5662,Holeta,1,directory_points_only
5665,Mahesana,0,no_directory_point_not_zero_output
5666,Shiraz,16,directory_points_only
5667,Teziutlán,1,directory_points_only
5668,Enwan,0,no_directory_point_not_zero_output
5669,Khanpur,0,no_directory_point_not_zero_output
5671,Silopi,0,no_directory_point_not_zero_output
5672,Port Arthur,7,directory_points_only
5673,Tuy Hòa,3,directory_points_only
5674,Bragança,0,no_directory_point_not_zero_output
5675,Xiangyun,2,directory_points_only
5676,Aru,0,no_directory_point_not_zero_output
5678,T'Ora,0,no_directory_point_not_zero_output
5679,Southend-on-Sea,22,directory_points_only
5680,Purwokerto,16,directory_points_only
5681,Nagaur,0,no_directory_point_not_zero_output
5682,Shahrud,3,directory_points_only
5683,General Zuazua,0,no_directory_point_not_zero_output
5684,Okene,2,directory_points_only
5685,Khushab,0,no_directory_point_not_zero_output
5686,Astrakhan,10,directory_points_only
5687,Erciş,0,no_directory_point_not_zero_output
5689,Ninh Hòa,0,no_directory_point_not_zero_output
5691,Horinger,0,no_directory_point_not_zero_output
5692,Mahagi,0,no_directory_point_not_zero_output
5694,Yirgalem,0,no_directory_point_not_zero_output
5695,Colchester,31,directory_points_only
5698,Raman Mandi,0,no_directory_point_not_zero_output
5699,Gilan Tappeh,0,no_directory_point_not_zero_output
5700,Linares,0,no_directory_point_not_zero_output
5701,Agbor,1,directory_points_only
5702,Gilgit,1,directory_points_only
5703,Oktjabrski,0,no_directory_point_not_zero_output
5704,Van,1,directory_points_only
5705,Oklahoma City,112,directory_points_only
5706,Nha Trang,12,directory_points_only
5707,Luziânia,0,no_directory_point_not_zero_output
5710,Filakit Gereger,0,no_directory_point_not_zero_output
5711,Ashford,6,directory_points_only
5713,Asop,0,no_directory_point_not_zero_output
5714,Kangan Seaport,0,no_directory_point_not_zero_output
5715,Córdoba,3,directory_points_only
5716,Obinomba,0,no_directory_point_not_zero_output
5717,Multan,14,directory_points_only
5718,Сылва,0,no_directory_point_not_zero_output
5719,Iğdır,2,directory_points_only
5721,Vạn Giã,0,no_directory_point_not_zero_output
5723,Chengdu,138,directory_points_only
5725,Enseno,0,no_directory_point_not_zero_output
5726,Canterbury,27,directory_points_only
5728,Sirohi,0,no_directory_point_not_zero_output
5729,Marvdasht,1,directory_points_only
5730,Poza Rica,0,no_directory_point_not_zero_output
5731,Irri,0,no_directory_point_not_zero_output
5732,Muzaffarabad,1,directory_points_only
5733,Kizlyar,0,no_directory_point_not_zero_output
5734,Doğubayazıt,0,no_directory_point_not_zero_output
5735,Longview,5,directory_points_only
5736,Phan Rang - Tháp Chàm,0,no_directory_point_not_zero_output
5737,Sobradinho,0,no_directory_point_not_zero_output
5738,Hangyulu,2,directory_points_only
5740,Aletawendo,0,no_directory_point_not_zero_output
5741,Ipswich,25,directory_points_only
5743,Kadi,2,directory_points_only
5744,Firuzabad,1,directory_points_only
5745,Coatepec,0,no_directory_point_not_zero_output
5746,Agwa,1,directory_points_only
5747,Shujaabad,0,no_directory_point_not_zero_output
5748,Tujmazy,0,no_directory_point_not_zero_output
5749,Hakkâri,1,directory_points_only
5750,Lake Charles,6,directory_points_only
5751,Cam Ranh,0,no_directory_point_not_zero_output
5752,Uberlândia,3,directory_points_only
5755,Morocho,0,no_directory_point_not_zero_output
5756,Folkestone,7,directory_points_only
5757,Pemangkat,0,no_directory_point_not_zero_output
5758,Abu Road,0,no_directory_point_not_zero_output
5759,Ardakan,2,directory_points_only
5760,Papantla de Olarte,0,no_directory_point_not_zero_output
5761,Magagindoke,0,no_directory_point_not_zero_output
5763,Buzuluk,0,no_directory_point_not_zero_output
5764,Yüksekova,0,no_directory_point_not_zero_output
5765,Shreveport,25,directory_points_only
5766,Barretos,4,directory_points_only
5767,Longxian,0,no_directory_point_not_zero_output
5769,Hawassa,7,directory_points_only
5770,Norwich,58,directory_points_only
5771,Singkawang,2,directory_points_only
5772,Pali,0,no_directory_point_not_zero_output
5773,Yazd,5,directory_points_only
5774,Xalapa,17,directory_points_only
5775,Ozoro,0,no_directory_point_not_zero_output
5776,Chakwal,1,directory_points_only
5777,Khasavyurt,0,no_directory_point_not_zero_output
5779,Lages,1,directory_points_only
5780,Yun,0,no_directory_point_not_zero_output
5781,Asyut,4,directory_points_only
5782,Bui,0,no_directory_point_not_zero_output
5783,Margate,5,directory_points_only
5785,Visnagar,4,directory_points_only
5786,Ashkhaneh,0,no_directory_point_not_zero_output
5787,Túxpam,0,no_directory_point_not_zero_output
5788,Auchi,2,directory_points_only
5789,Farzand,0,no_directory_point_not_zero_output
5790,Lysva,0,no_directory_point_not_zero_output
5791,Wichita,34,directory_points_only
5792,Itapoã,0,no_directory_point_not_zero_output
5793,Mianzhu,0,no_directory_point_not_zero_output
5794,Al-Manzala,0,no_directory_point_not_zero_output
5795,Gundo Meskel,0,no_directory_point_not_zero_output
5796,Great Yarmouth,4,directory_points_only
5797,Kebumen,2,directory_points_only
5798,Jagraon,0,no_directory_point_not_zero_output
5799,Fasa,3,directory_points_only
5800,Martínez de la Torre,0,no_directory_point_not_zero_output
5801,Brass,0,no_directory_point_not_zero_output
5802,Rana Khemraj,0,no_directory_point_not_zero_output
5803,Buynaksk,0,no_directory_point_not_zero_output
5804,Tulsa,53,directory_points_only
5805,Ibitinga,0,no_directory_point_not_zero_output
5806,Qingyang,0,no_directory_point_not_zero_output
5808,Fital,0,no_directory_point_not_zero_output
5809,Lowestoft,6,directory_points_only
5810,Pekalongan,6,directory_points_only
5811,Piparcity,0,no_directory_point_not_zero_output
5812,Jahrom,3,directory_points_only
5813,Tampico,9,directory_points_only
5814,Yenagoa,1,directory_points_only
5815,Kahuta,0,no_directory_point_not_zero_output
5816,Makhachkala,11,directory_points_only
5817,Lafayette,19,directory_points_only
5818,São Sebastião,0,no_directory_point_not_zero_output
5819,蒲江县,0,no_directory_point_not_zero_output
5820,9th,0,no_directory_point_not_zero_output
5821,Addis Ababa,91,directory_points_only
5823,Palitana,0,no_directory_point_not_zero_output
5824,Bojnurd,3,directory_points_only
5826,Agaie,0,no_directory_point_not_zero_output
5827,Ahmadpur East,0,no_directory_point_not_zero_output
5829,Fort Smith,9,directory_points_only
5830,Araguari,0,no_directory_point_not_zero_output
5831,Shenmu,0,no_directory_point_not_zero_output
5833,Melkane Selam,0,no_directory_point_not_zero_output
5834,Pontianak,27,directory_points_only
5835,Sumerpur,0,no_directory_point_not_zero_output
5836,Esfarayen,1,directory_points_only
5837,Tierra Blanca,1,directory_points_only
5838,Uromi,0,no_directory_point_not_zero_output
5839,Sargodha,1,directory_points_only
5840,Serov,0,no_directory_point_not_zero_output
5841,Houma,7,directory_points_only
5842,Planaltina,0,no_directory_point_not_zero_output
5843,Shifang,0,no_directory_point_not_zero_output
5845,Lemen,0,no_directory_point_not_zero_output
5846,Purworejo,4,directory_points_only
5847,Hoshiarpur,0,no_directory_point_not_zero_output
5848,Shirvan,1,directory_points_only
5849,Tuxtepec,2,directory_points_only
5850,Owerre,0,no_directory_point_not_zero_output
5851,Kabirwala,0,no_directory_point_not_zero_output
5853,Baton Rouge,80,directory_points_only
5854,Planaltina,0,no_directory_point_not_zero_output
5855,Xilinhot,0,no_directory_point_not_zero_output
5856,Kafr al Hawi,0,no_directory_point_not_zero_output
5857,Wogdi,0,no_directory_point_not_zero_output
5859,Mahuva,0,no_directory_point_not_zero_output
5860,Darab,0,no_directory_point_not_zero_output
5861,Veracruz,8,directory_points_only
5862,Isa,0,no_directory_point_not_zero_output
5863,Gujar Khan,0,no_directory_point_not_zero_output
5864,Ufa,28,directory_points_only
5865,New Orleans,103,directory_points_only
5866,Campo Largo,1,directory_points_only
5867,Hongya,0,no_directory_point_not_zero_output
5868,Dayr Abu Maqrufah,0,no_directory_point_not_zero_output
5869,Agre Salam,0,no_directory_point_not_zero_output
5871,Phagwara,1,directory_points_only
5872,Shahr-e Babak,1,directory_points_only
5875,Jhang,1,directory_points_only
5876,Yugorsk,0,no_directory_point_not_zero_output
5877,Springdale,29,directory_points_only
5878,Bebedouro,1,directory_points_only
5879,Xinjin,0,no_directory_point_not_zero_output
5880,Abu Tig,0,no_directory_point_not_zero_output
5881,Shashamane,0,no_directory_point_not_zero_output
5882,Wates,0,no_directory_point_not_zero_output
5883,Vadnagar,0,no_directory_point_not_zero_output
5884,Sabzevar,3,directory_points_only
5885,Santo Domingo Tehuantepec,0,no_directory_point_not_zero_output
5886,Biantubu,0,no_directory_point_not_zero_output
5887,Khanewal,0,no_directory_point_not_zero_output
5888,Derbent,0,no_directory_point_not_zero_output
5889,Rogers,9,directory_points_only
5890,Catalão,1,directory_points_only
5891,Xichang,1,directory_points_only
5892,الغنايم,0,no_directory_point_not_zero_output
5893,Basha,0,no_directory_point_not_zero_output
5894,Temanggung,3,directory_points_only
5895,Sihor,0,no_directory_point_not_zero_output
5896,Tabas,0,no_directory_point_not_zero_output
5897,Salina Cruz,0,no_directory_point_not_zero_output
5898,Shinkafi,0,no_directory_point_not_zero_output
5899,Bagh,1,directory_points_only
5900,Nizhny Tagil,2,directory_points_only
5901,Topeka,28,directory_points_only
5902,Avaré,0,no_directory_point_not_zero_output
5903,Jiangyou,0,no_directory_point_not_zero_output
5905,Sululta,0,no_directory_point_not_zero_output
5906,Semarang,58,directory_points_only
5907,Sardarshahar,0,no_directory_point_not_zero_output
5908,Quchan,1,directory_points_only
5909,Ciudad Acuña,0,no_directory_point_not_zero_output
5910,Opaetensm,1,directory_points_only
5911,Jahanian,0,no_directory_point_not_zero_output
5912,Sterlitamak,0,no_directory_point_not_zero_output
5913,Little Rock,79,directory_points_only
5914,Lençóis Paulista,0,no_directory_point_not_zero_output
5915,Lincang,0,no_directory_point_not_zero_output
5916,Nazlet al Mughrebi,0,no_directory_point_not_zero_output
5917,Arsi Negelle,0,no_directory_point_not_zero_output
5918,Yogyakarta,159,directory_points_only
5919,Pindwara,0,no_directory_point_not_zero_output
5920,Rafsanjan,2,directory_points_only
5921,Piedras Negras,1,directory_points_only
5922,Minna,6,directory_points_only
5923,Bhalwal,0,no_directory_point_not_zero_output
5924,Salavat,0,no_directory_point_not_zero_output
5925,Lawrence,23,directory_points_only
5926,Curitiba,39,directory_points_only
5927,Hequ,0,no_directory_point_not_zero_output
5928,Nazlet Imran Khamis,0,no_directory_point_not_zero_output
5929,Ziway,1,directory_points_only
5930,Magelang,7,directory_points_only
5931,Ambaji,0,no_directory_point_not_zero_output
5932,Sirjan,2,directory_points_only
5933,Juchitán,0,no_directory_point_not_zero_output
5934,Ungwan Shekaro,0,no_directory_point_not_zero_output
5935,Lodhran,1,directory_points_only
5936,Orenburg,10,directory_points_only
5937,Lincoln,59,directory_points_only
5939,Deyang,3,directory_points_only
5941,Lalibela,0,no_directory_point_not_zero_output
5943,Kalol,0,no_directory_point_not_zero_output
5944,Bardaskan,0,no_directory_point_not_zero_output
5945,Nuevo Laredo,3,directory_points_only
5946,Kaura-Namoda,0,no_directory_point_not_zero_output
5947,Sohawa,0,no_directory_point_not_zero_output
5949,Biloxi,15,directory_points_only
5950,Jaú,2,directory_points_only
5952,Port Said,1,directory_points_only
5953,Muketuri,0,no_directory_point_not_zero_output
5954,Wonosari,3,directory_points_only
5955,Sirsa,2,directory_points_only
5956,Dargaz,0,no_directory_point_not_zero_output
5957,San Andrés Tuxtla,0,no_directory_point_not_zero_output
5958,Ogwashi Uku,1,directory_points_only
5959,Bahawalpur,3,directory_points_only
5960,Novouralsk,0,no_directory_point_not_zero_output
5961,Kansas City,176,directory_points_only
5962,Jaboticabal,4,directory_points_only
5963,Mianyang,15,directory_points_only
5965,Arbe Gona,0,no_directory_point_not_zero_output
5966,Ketapang,1,directory_points_only
5967,Dharamshala,6,directory_points_only
5968,Neyshabur,2,directory_points_only
5969,Reynosa,4,directory_points_only
5970,Tudun Wada,0,no_directory_point_not_zero_output
5971,Mithi,0,no_directory_point_not_zero_output
5972,Yekaterinburg,71,directory_points_only
5973,Springfield,27,directory_points_only
5974,Formosa,0,no_directory_point_not_zero_output
5975,Shangdu,0,no_directory_point_not_zero_output
5976,Al Ismailiya,1,directory_points_only
5977,Meki,0,no_directory_point_not_zero_output
5978,Ngabang,1,directory_points_only
5979,Kangra,1,directory_points_only
5980,Zarand,0,no_directory_point_not_zero_output
5981,Acayucan,0,no_directory_point_not_zero_output
5982,Gusau,1,directory_points_only
5983,Toba Tek Singh,0,no_directory_point_not_zero_output
5985,Omaha,79,directory_points_only
5986,Fazenda Rio Grande,0,no_directory_point_not_zero_output
5988,Fazarah bil Qaryah,0,no_directory_point_not_zero_output
5989,Kefole,0,no_directory_point_not_zero_output
5991,Ahmedabad,117,directory_points_only
5992,Chenaran,0,no_directory_point_not_zero_output
5993,Río Bravo,0,no_directory_point_not_zero_output
5994,Uduagba,0,no_directory_point_not_zero_output
5995,Kahror Pakka,0,no_directory_point_not_zero_output
5996,Zlatoust,1,directory_points_only
5997,Mobile,22,directory_points_only
5998,Matão,1,directory_points_only
6004,Kashmar,1,directory_points_only
6005,Minatitlán,1,directory_points_only
6006,Akabuka,0,no_directory_point_not_zero_output
6008,Miass,2,directory_points_only
6009,Sioux City,9,directory_points_only
6010,Itapeva,0,no_directory_point_not_zero_output
6011,Liangcheng,0,no_directory_point_not_zero_output
6012,Sohag,2,directory_points_only
6013,Girga,0,no_directory_point_not_zero_output
6014,Alem Ketema,0,no_directory_point_not_zero_output
6015,Pati,9,directory_points_only
6016,Bhavnagar,5,directory_points_only
6018,Coatzacoalcos,4,directory_points_only
6020,Pir Mahal,0,no_directory_point_not_zero_output
6021,Magnitogorsk,5,directory_points_only
6022,Pensacola,28,directory_points_only
6023,Uberaba,5,directory_points_only
6024,Dayangshu,0,no_directory_point_not_zero_output
6027,Kokosa Bota,0,no_directory_point_not_zero_output
6029,Bidasar,0,no_directory_point_not_zero_output
6030,Mashhad,17,directory_points_only
6031,Matamoros,3,directory_points_only
6032,Omoko,0,no_directory_point_not_zero_output
6033,Dina,0,no_directory_point_not_zero_output
6034,Kamensk-Uralsky,0,no_directory_point_not_zero_output
6035,Bismarck,27,directory_points_only
6037,Baode,0,no_directory_point_not_zero_output
6038,Suez,2,directory_points_only
6039,Bishoftu,2,directory_points_only
6041,Mansa,0,no_directory_point_not_zero_output
6042,Kerman,4,directory_points_only
6043,Tuxtla Gutiérrez,13,directory_points_only
6044,Omenama,0,no_directory_point_not_zero_output
6045,Gojra,0,no_directory_point_not_zero_output
6046,Chelyabinsk,17,directory_points_only
6047,Memphis,83,directory_points_only
6048,Botucatu,7,directory_points_only
6049,Changshun,0,no_directory_point_not_zero_output
6051,Bonsa Bota,0,no_directory_point_not_zero_output
6052,Purwodadi,1,directory_points_only
6053,Dholka,0,no_directory_point_not_zero_output
6054,Torbate Heydariye,1,directory_points_only
6055,Cárdenas,1,directory_points_only
6056,Agenebode,0,no_directory_point_not_zero_output
6057,Mian Channu,0,no_directory_point_not_zero_output
6058,Novy Urengoy,0,no_directory_point_not_zero_output
6060,Araraquara,6,directory_points_only
6061,Jiajiang,0,no_directory_point_not_zero_output
6063,Adigrat,1,directory_points_only
6064,Sragen,1,directory_points_only
6065,Ludhiana,14,directory_points_only
6066,Bandar Abbas,3,directory_points_only
6067,Tapachula,3,directory_points_only
6068,Lokoja,2,directory_points_only
6069,Kotli,1,directory_points_only
6071,Sioux Falls,27,directory_points_only
6072,Sertãozinho,3,directory_points_only
6073,Pengshan,0,no_directory_point_not_zero_output
6075,Wegel Tena,0,no_directory_point_not_zero_output
6076,Pacitan,3,directory_points_only
6077,Vijapur,0,no_directory_point_not_zero_output
6078,Qeshm,0,no_directory_point_not_zero_output
6079,San Cristóbal,4,directory_points_only
6080,Awala,0,no_directory_point_not_zero_output
6081,Chiniot,0,no_directory_point_not_zero_output
6082,Orsk,1,directory_points_only
6083,Navarre,16,directory_points_only
6084,Tramandaí,0,no_directory_point_not_zero_output
6085,Emeishan,0,no_directory_point_not_zero_output
6087,K'Ore / Qoree,0,no_directory_point_not_zero_output
6088,Sanggau,0,no_directory_point_not_zero_output
6089,Barnala,1,directory_points_only
6090,Qaen,1,directory_points_only
6091,Villahermosa,9,directory_points_only
6092,Idah,0,no_directory_point_not_zero_output
6093,Mirpur,3,directory_points_only
6095,Panama City,7,directory_points_only
6096,Jaraguá do Sul,2,directory_points_only
6097,Panzhihua,5,directory_points_only
6099,Akesta,0,no_directory_point_not_zero_output
6100,Alasdowo,0,no_directory_point_not_zero_output
6102,Roudan,0,no_directory_point_not_zero_output
6103,Comitán,1,directory_points_only
6104,Okwuzu,0,no_directory_point_not_zero_output
6105,Mandi Bahauddin,0,no_directory_point_not_zero_output
6106,Tyumen,11,directory_points_only
6107,Tuscaloosa,14,directory_points_only
6108,Ribeirao Preto,30,directory_points_only
6109,Ulanqab,1,directory_points_only
6113,Talaja,0,no_directory_point_not_zero_output
6114,Birjand,2,directory_points_only
6115,Ciudad del Carmen,2,directory_points_only
6116,Onitsha,9,directory_points_only
6117,Mailsi,0,no_directory_point_not_zero_output
6118,Norilsk,1,directory_points_only
6119,Des Moines,74,directory_points_only
6120,Balsas,0,no_directory_point_not_zero_output
6121,Dechang,0,no_directory_point_not_zero_output
6123,Kersa,0,no_directory_point_not_zero_output
6124,Madiun,15,directory_points_only
6125,Mansa,0,no_directory_point_not_zero_output
6126,Jiroft,2,directory_points_only
6127,Campeche,7,directory_points_only
6128,Krakrama,0,no_directory_point_not_zero_output
6129,Jhelum,0,no_directory_point_not_zero_output
6130,Kurgan,2,directory_points_only
6131,Ames,27,directory_points_only
6132,Blumenau,4,directory_points_only
6133,Meishan,1,directory_points_only
6134,Abu Manna Gharb,0,no_directory_point_not_zero_output
6135,Chefedonsa,0,no_directory_point_not_zero_output
6137,Sojat,0,no_directory_point_not_zero_output
6138,Khaf,0,no_directory_point_not_zero_output
6139,Mérida,20,directory_points_only
6141,Pir Murad,0,no_directory_point_not_zero_output
6142,Ishim,0,no_directory_point_not_zero_output
6143,Montgomery,34,directory_points_only
6144,São Carlos,58,directory_points_only
6145,Lueyang,0,no_directory_point_not_zero_output
6147,Mojo,0,no_directory_point_not_zero_output
6148,Rembang,1,directory_points_only
6150,Sarakhs,0,no_directory_point_not_zero_output
6151,Chetumal,2,directory_points_only
6152,Amaigbo,12,directory_points_only
6153,Faisalabad,16,directory_points_only
6154,Nizhnevartovsk,1,directory_points_only
6156,Unaí,0,no_directory_point_not_zero_output
6157,Pianguan,0,no_directory_point_not_zero_output
6160,Kibre Mengist,0,no_directory_point_not_zero_output
6161,Ngawi,5,directory_points_only
6162,Palampur,2,directory_points_only
6163,Kahnuj,0,no_directory_point_not_zero_output
6164,Valladolid,1,directory_points_only
6165,Elele,0,no_directory_point_not_zero_output
6166,Kamalia,0,no_directory_point_not_zero_output
6167,Omsk,19,directory_points_only
6169,Joinville,7,directory_points_only
6170,Jintang,0,no_directory_point_not_zero_output
6172,Quiha,3,directory_points_only
6173,Blora,1,directory_points_only
6174,Ratangarh,0,no_directory_point_not_zero_output
6175,Torbat-e Jam,1,directory_points_only
6176,Playa del Carmen,0,no_directory_point_not_zero_output
6179,Tomsk,24,directory_points_only
6180,Birmingham,78,directory_points_only
6181,Batatais,2,directory_points_only
6182,Dayao,0,no_directory_point_not_zero_output
6184,Degolo,0,no_directory_point_not_zero_output
6185,Trenggalek,2,directory_points_only
6186,Merta City,0,no_directory_point_not_zero_output
6187,Bam,2,directory_points_only
6188,San Miguel de Cozumel,1,directory_points_only
6189,Chafe,0,no_directory_point_not_zero_output
6190,Dijkot,0,no_directory_point_not_zero_output
6191,Novosibirsk,79,directory_points_only
6192,St. Louis,244,directory_points_only
6193,Criciúma,2,directory_points_only
6195,Isna,0,no_directory_point_not_zero_output
6196,Adi Gudom,0,no_directory_point_not_zero_output
6197,Purworejo,3,directory_points_only
6198,Sujangarh,1,directory_points_only
6199,Taybad,0,no_directory_point_not_zero_output
6200,Cancún,7,directory_points_only
6202,Dinga,0,no_directory_point_not_zero_output
6205,Paracatu,0,no_directory_point_not_zero_output
6206,Baoji,1,directory_points_only
6207,Qena,1,directory_points_only
6208,Wukro,0,no_directory_point_not_zero_output
6209,Tulungagung,8,directory_points_only
6210,Khedbrahma,0,no_directory_point_not_zero_output
6211,Zahedan,3,directory_points_only
6212,Bugama,0,no_directory_point_not_zero_output
6213,Samundri,0,no_directory_point_not_zero_output
6215,Tallahassee,61,directory_points_only
6216,Paranaguá,0,no_directory_point_not_zero_output
6219,Asella,1,directory_points_only
6221,Idar,0,no_directory_point_not_zero_output
6222,Zabol,2,directory_points_only
6223,Abaji,0,no_directory_point_not_zero_output
6224,Chichawatni,0,no_directory_point_not_zero_output
6226,Bradenton,52,directory_points_only
6227,Franca,5,directory_points_only
6228,Shawan,0,no_directory_point_not_zero_output
6229,Luxor,2,directory_points_only
6230,Maychew,1,directory_points_only
6231,Bojonegoro,11,directory_points_only
6232,Prantij,0,no_directory_point_not_zero_output
6233,Zehak,0,no_directory_point_not_zero_output
6234,Omo,0,no_directory_point_not_zero_output
6235,Kharian,1,directory_points_only
6236,Yurga,0,no_directory_point_not_zero_output
6237,Tampa,188,directory_points_only
6238,Itapetininga,1,directory_points_only
6239,Leshan,1,directory_points_only
6241,Korem,0,no_directory_point_not_zero_output
6243,Vadali,0,no_directory_point_not_zero_output
6244,Iranshahr,4,directory_points_only
6247,Anzhero-Sudzhensk,0,no_directory_point_not_zero_output
6248,Huntsville,91,directory_points_only
6249,Patrocínio,1,directory_points_only
6250,中江县,0,no_directory_point_not_zero_output
6252,Sagure,0,no_directory_point_not_zero_output
6254,Una,1,directory_points_only
6255,Khash,0,no_directory_point_not_zero_output
6256,Port Harcourt,8,directory_points_only
6257,Sangla Hill,0,no_directory_point_not_zero_output
6258,Kemerovo,15,directory_points_only
6259,Cape Coral,22,directory_points_only
6260,Tatuí,0,no_directory_point_not_zero_output
6261,Lancang,0,no_directory_point_not_zero_output
6262,Al Arish,1,directory_points_only
6263,Shano,0,no_directory_point_not_zero_output
6265,Himatnagar,0,no_directory_point_not_zero_output
6266,Chabahar,2,directory_points_only
6267,UNNAMED,0,no_directory_point_not_zero_output
6268,Burewala,0,no_directory_point_not_zero_output
6269,Rubtsovsk,0,no_directory_point_not_zero_output
6270,Naples,21,directory_points_only
6271,Piracicaba,10,directory_points_only
6272,Zitong,0,no_directory_point_not_zero_output
6273,Faris,0,no_directory_point_not_zero_output
6274,Adama,2,directory_points_only
6276,Dahegam,0,no_directory_point_not_zero_output
6277,Mehrestan,0,no_directory_point_not_zero_output
6280,Barnaul,13,directory_points_only
6281,Columbus,11,directory_points_only
6282,Itajaí,1,directory_points_only
6283,淮口镇,0,no_directory_point_not_zero_output
6284,Gaza,0,no_directory_point_not_zero_output
6285,Alamata,0,no_directory_point_not_zero_output
6287,Malerkotla,0,no_directory_point_not_zero_output
6288,Saravan,1,directory_points_only
6289,Omema,0,no_directory_point_not_zero_output
6290,Mangowal,0,no_directory_point_not_zero_output
6291,Biysk,1,directory_points_only
6292,Fargo,26,directory_points_only
6293,Rio Claro,3,directory_points_only
6294,Mizhi,0,no_directory_point_not_zero_output
6295,Ezbet al Sibil Qiblli,0,no_directory_point_not_zero_output
6296,Itiya,0,no_directory_point_not_zero_output
6297,Sintang,4,directory_points_only
6298,Talod,0,no_directory_point_not_zero_output
6299,Gwagwalada,1,directory_points_only
6300,Hasilpur,0,no_directory_point_not_zero_output
6301,Achinsk,0,no_directory_point_not_zero_output
6302,Waterloo,10,directory_points_only
6303,Santa Inês,0,no_directory_point_not_zero_output
6304,Fengxiang,0,no_directory_point_not_zero_output
6305,Aswan,1,directory_points_only
6306,Dodolla,0,no_directory_point_not_zero_output
6308,Hamirpur,0,no_directory_point_not_zero_output
6310,Hafizabad,0,no_directory_point_not_zero_output
6311,Novokuznetsk,3,directory_points_only
6312,Iowa City,38,directory_points_only
6314,Zichang,0,no_directory_point_not_zero_output
6316,Asassa,0,no_directory_point_not_zero_output
6318,Fatehabad,0,no_directory_point_not_zero_output
6319,Doka Ashafa,0,no_directory_point_not_zero_output
6320,Ali Pur Chatha,0,no_directory_point_not_zero_output
6322,Cedar Rapids,21,directory_points_only
6323,Pirassununga,2,directory_points_only
6325,Hurghada,0,no_directory_point_not_zero_output
6327,Tuban,4,directory_points_only
6328,Khambhat,0,no_directory_point_not_zero_output
6330,Gujrat,2,directory_points_only
6331,Mezhdurechensk,0,no_directory_point_not_zero_output
6332,Spring Hill,3,directory_points_only
6333,Tubarão,2,directory_points_only
6334,Gongnong,1,directory_points_only
6335,Haro,0,no_directory_point_not_zero_output
6336,Pangkalan Bun,1,directory_points_only
6337,Dhuri,0,no_directory_point_not_zero_output
6339,Sahiwal,2,directory_points_only
6340,Krasnoyarsk,24,directory_points_only
6341,Springfield,44,directory_points_only
6342,Araxá,1,directory_points_only
6343,Renshou,0,no_directory_point_not_zero_output
6344,Passo Saefti,0,no_directory_point_not_zero_output
6345,Jombang,44,directory_points_only
6346,Sangrur,1,directory_points_only
6348,Jaranwala,0,no_directory_point_not_zero_output
6349,Chernogorsk,1,directory_points_only
6350,Nashville,133,directory_points_only
6352,龙台镇,0,no_directory_point_not_zero_output
6353,Bekoji,0,no_directory_point_not_zero_output
6354,Babat,0,no_directory_point_not_zero_output
6355,Churu,0,no_directory_point_not_zero_output
6356,Oyigbo,0,no_directory_point_not_zero_output
6358,Abakan,2,directory_points_only
6359,Lakeland,16,directory_points_only
6360,Leme,1,directory_points_only
6361,五通桥区,0,no_directory_point_not_zero_output
6362,Dera,0,no_directory_point_not_zero_output
6363,Sungai Tendang,0,no_directory_point_not_zero_output
6364,Didwana,0,no_directory_point_not_zero_output
6365,Djibia,0,no_directory_point_not_zero_output
6366,Manawala,0,no_directory_point_not_zero_output
6367,Minusinsk,0,no_directory_point_not_zero_output
6368,Murfreesboro,5,directory_points_only
6369,Florianópolis,31,directory_points_only
6370,Guangyuan,0,no_directory_point_not_zero_output
6371,Weldiya,1,directory_points_only
6372,Nanga Pinoh,1,directory_points_only
6373,Sunam,0,no_directory_point_not_zero_output
6375,Arifwala,0,no_directory_point_not_zero_output
6376,Kansk,0,no_directory_point_not_zero_output
6377,Davenport,24,directory_points_only
6378,Limeira,1,directory_points_only
6379,Jianyang,0,no_directory_point_not_zero_output
6380,Kobo,0,no_directory_point_not_zero_output
6382,Nadiad,3,directory_points_only
6383,Alesa,0,no_directory_point_not_zero_output
6385,Kyzyl,2,directory_points_only
6386,Evansville,15,directory_points_only
6387,Araras,3,directory_points_only
6388,Huili,0,no_directory_point_not_zero_output
6389,Huruta,0,no_directory_point_not_zero_output
6390,Mojokerto,10,directory_points_only
6392,Petlad,0,no_directory_point_not_zero_output
6395,Bratsk,0,no_directory_point_not_zero_output
6398,Jingyan,0,no_directory_point_not_zero_output
6399,Arerti,0,no_directory_point_not_zero_output
6401,Surabaya,168,directory_points_only
6402,Bhiloda,0,no_directory_point_not_zero_output
6403,Bonny,0,no_directory_point_not_zero_output
6405,Angarsk,2,directory_points_only
6406,Peoria,22,directory_points_only
6407,São Sebastião do Paraíso,0,no_directory_point_not_zero_output
6408,Xingxian,0,no_directory_point_not_zero_output
6409,Mersa,0,no_directory_point_not_zero_output
6410,Lamongan,4,directory_points_only
6411,Deogarh,0,no_directory_point_not_zero_output
6412,Batsari,0,no_directory_point_not_zero_output
6413,Qila Didar Singh,0,no_directory_point_not_zero_output
6415,Saint Cloud,15,directory_points_only
6416,Sorocaba,5,directory_points_only
6417,Kangbao,0,no_directory_point_not_zero_output
6418,Dessie,2,directory_points_only
6420,Kathlal,0,no_directory_point_not_zero_output
6421,Ayangba,0,no_directory_point_not_zero_output
6422,Gujranwala,2,directory_points_only
6423,Irkutsk,29,directory_points_only
6425,Patos de Minas,2,directory_points_only
6426,三台县,0,no_directory_point_not_zero_output
6427,Welenchete,0,no_directory_point_not_zero_output
6429,Fatehpur Shekhawati,0,no_directory_point_not_zero_output
6430,Onne,0,no_directory_point_not_zero_output
6431,Nankana Sahib,1,directory_points_only
6432,Ulan-Ude,9,directory_points_only
6433,Minneapolis [Saint Paul],487,directory_points_only
6435,Jinggu,0,no_directory_point_not_zero_output
6436,Debre Birhan,2,directory_points_only
6438,Anand,14,directory_points_only
6441,Yakutsk,16,directory_points_only
6442,Miami,389,directory_points_only
6443,Cosmópolis,0,no_directory_point_not_zero_output
6444,Fengzhen,0,no_directory_point_not_zero_output
6445,Adaba,0,no_directory_point_not_zero_output
6446,Bangkalan,9,directory_points_only
6449,Nowshera Virkan,0,no_directory_point_not_zero_output
6450,Chita,4,directory_points_only
6451,Atlanta,477,directory_points_only
6452,Salto,0,no_directory_point_not_zero_output
6453,Lucheng,1,directory_points_only
6454,Kombolcha,1,directory_points_only
6456,Kapadvanj,0,no_directory_point_not_zero_output
6457,Kuje,1,directory_points_only
6458,Lahore,93,directory_points_only
6459,Blagoveshchensk,8,directory_points_only
6460,Rochester,16,directory_points_only
6461,Campinas,128,directory_points_only
6462,Suide,0,no_directory_point_not_zero_output
6463,Gobesa,0,no_directory_point_not_zero_output
6465,Bhim,0,no_directory_point_not_zero_output
6466,Oboama Nguru,0,no_directory_point_not_zero_output
6467,Okara,1,directory_points_only
6468,Magadan,3,directory_points_only
6469,Owensboro,8,directory_points_only
6470,Itu,1,directory_points_only
6471,Zalantun,0,no_directory_point_not_zero_output
6472,Deksis,0,no_directory_point_not_zero_output
6474,Borsad,0,no_directory_point_not_zero_output
6475,Lawmu Umunze,1,directory_points_only
6476,Sialkot,3,directory_points_only
6477,Birobidzhan,2,directory_points_only
6479,Indaiatuba,4,directory_points_only
6480,Zuoyun,0,no_directory_point_not_zero_output
6481,Harbu,0,no_directory_point_not_zero_output
6482,Lumajang,4,directory_points_only
6483,Mandi Gobindgarh,2,directory_points_only
6484,Funtua,0,no_directory_point_not_zero_output
6485,UNNAMED,0,no_directory_point_not_zero_output
6486,Komsomolsk-on-Amur,3,directory_points_only
6487,Orlando,136,directory_points_only
6488,Passos,1,directory_points_only
6489,Yan'an,2,directory_points_only
6490,Debre Sina,0,no_directory_point_not_zero_output
6491,Probolinggo,3,directory_points_only
6492,Udaipur,12,directory_points_only
6493,Wakama,0,no_directory_point_not_zero_output
6495,Khabarovsk,12,directory_points_only
6496,Bloomington,22,directory_points_only
6497,Mogi Guaçu,4,directory_points_only
6498,Caijiapo,0,no_directory_point_not_zero_output
6499,Robe,0,no_directory_point_not_zero_output
6501,Nabha,0,no_directory_point_not_zero_output
6502,Abuja,89,directory_points_only
6507,Mianxian,0,no_directory_point_not_zero_output
6508,Arboye,0,no_directory_point_not_zero_output
6509,Sampang,7,directory_points_only
6510,Rajsamand,0,no_directory_point_not_zero_output
6512,Renala Khurd,0,no_directory_point_not_zero_output
6513,Ussurijsk,2,directory_points_only
6514,Dubuque,10,directory_points_only
6515,Bacabal,0,no_directory_point_not_zero_output
6516,Qianwei,0,no_directory_point_not_zero_output
6517,Kemse,0,no_directory_point_not_zero_output
6518,Jember,17,directory_points_only
6520,Mogho,0,no_directory_point_not_zero_output
6521,Pakpattan,0,no_directory_point_not_zero_output
6522,Vladivostok,23,directory_points_only
6524,São Roque,1,directory_points_only
6525,Pinglu,0,no_directory_point_not_zero_output
6526,Kula,0,no_directory_point_not_zero_output
6527,Pamekasan,9,directory_points_only
6528,Modasa,0,no_directory_point_not_zero_output
6529,Kaduna,10,directory_points_only
6530,Bahawalnagar,1,directory_points_only
6531,Nahodka,1,directory_points_only
6532,Deltona,3,directory_points_only
6533,São João da Boa Vista,1,directory_points_only
6535,Negele,0,no_directory_point_not_zero_output
6536,Sampit,2,directory_points_only
6537,Bayad,0,no_directory_point_not_zero_output
6538,Ikolo,0,no_directory_point_not_zero_output
6540,Yuzhno-Sakhalinsk,5,directory_points_only
6541,Champaign,72,directory_points_only
6543,Ziyang,0,no_directory_point_not_zero_output
6544,Shoa Robit,0,no_directory_point_not_zero_output
6545,Besuki,0,no_directory_point_not_zero_output
6546,Makrana,0,no_directory_point_not_zero_output
6548,Depalpur,0,no_directory_point_not_zero_output
6549,Petropavlovsk-Kamchatsky,3,directory_points_only
6551,Itapira,1,directory_points_only
6552,盐亭县,0,no_directory_point_not_zero_output
6553,Bati,0,no_directory_point_not_zero_output
6554,Bondowoso,6,directory_points_only
6555,Beawar,0,no_directory_point_not_zero_output
6556,Aba,6,directory_points_only
6558,Port St. Lucie,15,directory_points_only
6560,Cangshan,0,no_directory_point_not_zero_output
6561,Ataye,0,no_directory_point_not_zero_output
6562,Situbondo,4,directory_points_only
6563,Rajgarh,0,no_directory_point_not_zero_output
6564,Bwari,0,no_directory_point_not_zero_output
6565,Pattoki,0,no_directory_point_not_zero_output
6566,Palm Bay,55,directory_points_only
6567,São Paulo,563,directory_points_only
6568,Lin,0,no_directory_point_not_zero_output
6569,Abomsa,0,no_directory_point_not_zero_output
6570,Sumenep,7,directory_points_only
6571,Laxmangarh,1,directory_points_only
6572,Umu Lawlaw,0,no_directory_point_not_zero_output
6574,Jacksonville,61,directory_points_only
6575,Itatiba,0,no_directory_point_not_zero_output
6576,Fufeng,0,no_directory_point_not_zero_output
6577,Sambatee,0,no_directory_point_not_zero_output
6578,Genteng,1,directory_points_only
6579,Tohana,0,no_directory_point_not_zero_output
6580,Kura,0,no_directory_point_not_zero_output
6583,Poços de Caldas,0,no_directory_point_not_zero_output
6584,Wangcang,0,no_directory_point_not_zero_output
6585,Agarfa,0,no_directory_point_not_zero_output
6587,Umreth,0,no_directory_point_not_zero_output
6592,Yongshan,0,no_directory_point_not_zero_output
6593,Sinkille,0,no_directory_point_not_zero_output
6594,Muncar,0,no_directory_point_not_zero_output
6595,Rupnagar,2,directory_points_only
6596,Kauran Yankwani,0,no_directory_point_not_zero_output
6597,Haveli Lakha,0,no_directory_point_not_zero_output
6598,Palm Coast,1,directory_points_only
6599,Barreiras,1,directory_points_only
6600,Cangxi,0,no_directory_point_not_zero_output
6601,Adele,0,no_directory_point_not_zero_output
6602,Asembagus,0,no_directory_point_not_zero_output
6603,Dakor,0,no_directory_point_not_zero_output
6604,Nsukka,3,directory_points_only
6605,Chunian,0,no_directory_point_not_zero_output
6606,Daytona Beach,12,directory_points_only
6608,Rongxian,0,no_directory_point_not_zero_output
6609,Meslo,0,no_directory_point_not_zero_output
6610,Banyuwangi,11,directory_points_only
6611,Surat,15,directory_points_only
6612,Bori,1,directory_points_only
6613,Pasrur,0,no_directory_point_not_zero_output
6614,La Crosse,12,directory_points_only
6616,Shuozhou,1,directory_points_only
6617,Bale,0,no_directory_point_not_zero_output
6618,Negara,0,no_directory_point_not_zero_output
6619,Patran,0,no_directory_point_not_zero_output
6620,Ungwan Maidawa,0,no_directory_point_not_zero_output
6621,Chawinda,0,no_directory_point_not_zero_output
6622,Jacksonville Beach,8,directory_points_only
6624,射洪县,1,directory_points_only
6625,Goba,0,no_directory_point_not_zero_output
6626,Palangka Raya,10,directory_points_only
6627,Mandi,2,directory_points_only
6630,Louisville,95,directory_points_only
6632,Hanzhong,3,directory_points_only
6633,Robe,1,directory_points_only
6635,Fatehgarh Sahib,1,directory_points_only
6636,Shema,2,directory_points_only
6637,Allahabad,0,no_directory_point_not_zero_output
6638,Bloomington,27,directory_points_only
6639,São Luís,11,directory_points_only
6640,Datong,1,directory_points_only
6641,UNNAMED,0,no_directory_point_not_zero_output
6642,Kuala Kapuas,0,no_directory_point_not_zero_output
6643,Hisar,5,directory_points_only
6644,Enugu,13,directory_points_only
6645,Zafarwal,0,no_directory_point_not_zero_output
6646,Rockford,21,directory_points_only
6649,Meliyu,0,no_directory_point_not_zero_output
6651,Vadodara,17,directory_points_only
6652,Enugu-Ezike,0,no_directory_point_not_zero_output
6653,Narowal,1,directory_points_only
6654,Chicago,1153,directory_points_only
6655,Bragança Paulista,4,directory_points_only
6656,Qiaojia,0,no_directory_point_not_zero_output
6657,Gelemso,0,no_directory_point_not_zero_output
6658,Singaraja,9,directory_points_only
6659,Nerchowk,0,no_directory_point_not_zero_output
6663,Atibaia,2,directory_points_only
6664,Lezhi,0,no_directory_point_not_zero_output
6665,Jara,0,no_directory_point_not_zero_output
6666,Denpasar,41,directory_points_only
6667,Samana,0,no_directory_point_not_zero_output
6668,Umuahia,3,directory_points_only
6669,Kasur,0,no_directory_point_not_zero_output
6670,Kankakee,10,directory_points_only
6671,Alfenas,2,directory_points_only
6672,大英县,0,no_directory_point_not_zero_output
6673,Bosana,0,no_directory_point_not_zero_output
6674,Banjarmasin,27,directory_points_only
6675,Kuchaman,0,no_directory_point_not_zero_output
6676,Katsina,2,directory_points_only
6677,Shakar Garh,0,no_directory_point_not_zero_output
6678,Madison,205,directory_points_only
6680,Suijiang,0,no_directory_point_not_zero_output
6681,Ginir,0,no_directory_point_not_zero_output
6683,Kullu,0,no_directory_point_not_zero_output
6684,Awgu,0,no_directory_point_not_zero_output
6685,Knoxville,69,directory_points_only
6688,Chiro,0,no_directory_point_not_zero_output
6689,Pelaihari,0,no_directory_point_not_zero_output
6690,Sundernagar,0,no_directory_point_not_zero_output
6692,Janesville,6,directory_points_only
6694,Langzhong,0,no_directory_point_not_zero_output
6695,Mesela,0,no_directory_point_not_zero_output
6697,Parbatsar,0,no_directory_point_not_zero_output
6698,Umundi,0,no_directory_point_not_zero_output
6700,Santos,15,directory_points_only
6701,Lufeng,0,no_directory_point_not_zero_output
6702,Asaita,0,no_directory_point_not_zero_output
6703,Marabahan,0,no_directory_point_not_zero_output
6704,Ajmer,5,directory_points_only
6707,Codó,0,no_directory_point_not_zero_output
6708,Qianxian,0,no_directory_point_not_zero_output
6709,Karamile,0,no_directory_point_not_zero_output
6710,Muaratewe,1,directory_points_only
6711,Mukandgarh,0,no_directory_point_not_zero_output
6713,Lafayette,52,directory_points_only
6714,Pouso Alegre,3,directory_points_only
6715,Ning'er,0,no_directory_point_not_zero_output
6716,Deder,0,no_directory_point_not_zero_output
6717,Amuntai,2,directory_points_only
6718,Balasinor,0,no_directory_point_not_zero_output
6719,Malumfashi,0,no_directory_point_not_zero_output
6720,Indianapolis,211,directory_points_only
6721,Pirapora,0,no_directory_point_not_zero_output
6722,Huairen,0,no_directory_point_not_zero_output
6723,Dire Dawa,2,directory_points_only
6724,Kandangan,1,directory_points_only
6725,Patiala,6,directory_points_only
6726,Ishiagu,1,directory_points_only
6728,Sao Jose dos Campos,44,directory_points_only
6729,Shanyin,0,no_directory_point_not_zero_output
6730,Didimtu,0,no_directory_point_not_zero_output
6731,Mataram,23,directory_points_only
6732,Barwala,0,no_directory_point_not_zero_output
6733,Amaba,0,no_directory_point_not_zero_output
6734,Savannah,22,directory_points_only
6735,Formiga,1,directory_points_only
6736,Yangling,5,directory_points_only
6737,Harar,0,no_directory_point_not_zero_output
6738,Barabai,1,directory_points_only
6739,Sikar,0,no_directory_point_not_zero_output
6740,Umuokorola,0,no_directory_point_not_zero_output
6741,Waukegan,40,directory_points_only
6742,Varginha,1,directory_points_only
6743,Pu'er,2,directory_points_only
6744,Dolo,0,no_directory_point_not_zero_output
6745,Selong,9,directory_points_only
6746,Pilol,1,directory_points_only
6747,Ikot Akpanata,0,no_directory_point_not_zero_output
6748,Lexington,98,directory_points_only
6749,Caçapava,0,no_directory_point_not_zero_output
6750,威远县,0,no_directory_point_not_zero_output
6751,Fik',0,no_directory_point_not_zero_output
6753,Bharuch,0,no_directory_point_not_zero_output
6755,Duluth,23,directory_points_only
6756,Nova Serrana,0,no_directory_point_not_zero_output
6757,Nenjiang,0,no_directory_point_not_zero_output
6758,Jijiga,1,directory_points_only
6759,Batu Licin,1,directory_points_only
6760,Jhunjhunu,1,directory_points_only
6761,Ankpa,1,directory_points_only
6763,Taubaté,5,directory_points_only
6764,Jiulongba,0,no_directory_point_not_zero_output
6765,Hartishek,0,no_directory_point_not_zero_output
6766,Kotabaru,1,directory_points_only
6767,Nawalgarh,0,no_directory_point_not_zero_output
6768,Zaria,5,directory_points_only
6769,Milwaukee,168,directory_points_only
6770,Itajubá,3,directory_points_only
6771,Yanggao,0,no_directory_point_not_zero_output
6772,Dasgahbur,0,no_directory_point_not_zero_output
6773,Tana Paser,0,no_directory_point_not_zero_output
6774,Dungarpur,0,no_directory_point_not_zero_output
6775,Tamaha,0,no_directory_point_not_zero_output
6776,Racine,16,directory_points_only
6777,Caxias,0,no_directory_point_not_zero_output
6778,Liulin,0,no_directory_point_not_zero_output
6779,Gode,0,no_directory_point_not_zero_output
6780,Sumbawa Besar,4,directory_points_only
6781,Chandigarh,38,directory_points_only
6782,Ikot Ekpene,2,directory_points_only
6784,Três Corações,1,directory_points_only
6785,Chenggu,0,no_directory_point_not_zero_output
6786,Kebri Dehar,0,no_directory_point_not_zero_output
6787,Balikpapan,9,directory_points_only
6788,Karjan,0,no_directory_point_not_zero_output
6789,Doka,0,no_directory_point_not_zero_output
6790,Cincinnati,165,directory_points_only
6792,Zigong,3,directory_points_only
6793,Cabudwaaq,1,directory_points_only
6794,Samarinda,21,directory_points_only
6795,Ankleshwar,1,directory_points_only
6796,Abiriba,0,no_directory_point_not_zero_output
6797,Muncie,5,directory_points_only
6798,Divinópolis,0,no_directory_point_not_zero_output
6799,Zhangbei,0,no_directory_point_not_zero_output
6800,Tanjung Redeb,1,directory_points_only
6801,Kosamba,0,no_directory_point_not_zero_output
6802,Tukurwa,0,no_directory_point_not_zero_output
6804,Lavras,1,directory_points_only
6806,Tarakan,4,directory_points_only
6807,Narwana,0,no_directory_point_not_zero_output
6808,Ugbokolo,0,no_directory_point_not_zero_output
6809,Columbia,74,directory_points_only
6810,Guaratinguetá,4,directory_points_only
6811,Nanbu,0,no_directory_point_not_zero_output
6812,Nunukan,0,no_directory_point_not_zero_output
6813,Gangapur,0,no_directory_point_not_zero_output
6814,Ediene,0,no_directory_point_not_zero_output
6815,Oshkosh,13,directory_points_only
6816,Curvelo,0,no_directory_point_not_zero_output
6817,Liquan,0,no_directory_point_not_zero_output
6818,Lok Tuan,0,no_directory_point_not_zero_output
6819,Nawa,0,no_directory_point_not_zero_output
6820,Ungwan Tamowa,0,no_directory_point_not_zero_output
6821,South Bend,37,directory_points_only
6822,Pará de Minas,0,no_directory_point_not_zero_output
6823,Jinghong,1,directory_points_only
6824,Bontang,3,directory_points_only
6825,Pilani,2,directory_points_only
6826,Mashi,0,no_directory_point_not_zero_output
6827,Appleton,18,directory_points_only
6830,Sangatta,1,directory_points_only
6831,Baddi,1,directory_points_only
6832,Elu,0,no_directory_point_not_zero_output
6833,Charleston,51,directory_points_only
6834,Itaúna,1,directory_points_only
6835,Yunzhou,0,no_directory_point_not_zero_output
6836,Dompu,0,no_directory_point_not_zero_output
6837,Rajpura,0,no_directory_point_not_zero_output
6838,Keffi,1,directory_points_only
6840,Floriano,0,no_directory_point_not_zero_output
6841,Xiaohe,0,no_directory_point_not_zero_output
6842,Bima,8,directory_points_only
6843,Kishangarh,1,directory_points_only
6844,Gwarzo,0,no_directory_point_not_zero_output
6845,Dayton,134,directory_points_only
6846,Cruzeiro,0,no_directory_point_not_zero_output
6847,蓬溪县,0,no_directory_point_not_zero_output
6848,Kecamatan Sape,0,no_directory_point_not_zero_output
6851,Charlotte,129,directory_points_only
6852,Teresina,5,directory_points_only
6853,Lüliang,1,directory_points_only
6854,Tambolaka,0,no_directory_point_not_zero_output
6855,Nasirabad,0,no_directory_point_not_zero_output
6856,Ikot Ide,0,no_directory_point_not_zero_output
6857,Fort Wayne,38,directory_points_only
6858,Montes Claros,2,directory_points_only
6859,Xichong,0,no_directory_point_not_zero_output
6860,Mamuju,2,directory_points_only
6861,Hansi,0,no_directory_point_not_zero_output
6862,Tsanyawa,0,no_directory_point_not_zero_output
6863,Green Bay,20,directory_points_only
6864,Sete Lagoas,2,directory_points_only
6865,Suining,0,no_directory_point_not_zero_output
6866,Majene,1,directory_points_only
6867,Lunavada,0,no_directory_point_not_zero_output
6868,Amakofia,0,no_directory_point_not_zero_output
6869,Holland,9,directory_points_only
6870,Belo Horizonte,66,directory_points_only
6871,Jingle,0,no_directory_point_not_zero_output
6872,Sidorejo,0,no_directory_point_not_zero_output
6873,Navsari,0,no_directory_point_not_zero_output
6874,Uyo,5,directory_points_only
6875,Kalamazoo,35,directory_points_only
6877,安居镇,0,no_directory_point_not_zero_output
6878,Makassar,72,directory_points_only
6879,Bijainagar,0,no_directory_point_not_zero_output
6880,Kadafa,0,no_directory_point_not_zero_output
6881,Grand Rapids,57,directory_points_only
6882,Icaivera,0,no_directory_point_not_zero_output
6883,Yangxian,0,no_directory_point_not_zero_output
6884,Labuan Bajo,1,directory_points_only
6885,Kalol,0,no_directory_point_not_zero_output
6886,Ozizza,0,no_directory_point_not_zero_output
6887,Columbus,198,directory_points_only
6889,Ying,0,no_directory_point_not_zero_output
6890,Takatidung,4,directory_points_only
6892,Eket,1,directory_points_only
6893,Winston-Salem,51,directory_points_only
6894,São João del-Rei,2,directory_points_only
6895,Xingping,0,no_directory_point_not_zero_output
6896,Waingapu,2,directory_points_only
6897,Halol,2,directory_points_only
6898,Koi,0,no_directory_point_not_zero_output
6899,Greensboro,42,directory_points_only
6900,Resende,0,no_directory_point_not_zero_output
6901,Xiangjiaba,0,no_directory_point_not_zero_output
6903,Tosham,0,no_directory_point_not_zero_output
6904,Soba,0,no_directory_point_not_zero_output
6905,Lansing,91,directory_points_only
6906,Janaúba,0,no_directory_point_not_zero_output
6907,Anyue,0,no_directory_point_not_zero_output
6908,Pangkajene,2,directory_points_only
6909,Chirawa,0,no_directory_point_not_zero_output
6911,Fayetteville,15,directory_points_only
6912,Angra dos Reis,0,no_directory_point_not_zero_output
6913,Tianzhen,0,no_directory_point_not_zero_output
6914,Pasangkayu,0,no_directory_point_not_zero_output
6915,Vns HOSTEL,0,no_directory_point_not_zero_output
6916,Utunkon,0,no_directory_point_not_zero_output
6917,Toledo,54,directory_points_only
6918,Volta Redonda,5,directory_points_only
6919,Tongchuan,0,no_directory_point_not_zero_output
6920,Pare-Pare,2,directory_points_only
6921,Kaithal,1,directory_points_only
6922,Idembia,0,no_directory_point_not_zero_output
6923,Roanoke,20,directory_points_only
6924,Conselheiro Lafaiete,0,no_directory_point_not_zero_output
6925,Neijiang,2,directory_points_only
6926,Pinrang,0,no_directory_point_not_zero_output
6927,Salumbar,0,no_directory_point_not_zero_output
6928,Ugep,1,directory_points_only
6929,Ann Arbor,172,directory_points_only
6930,Guanambi,1,directory_points_only
6931,Ludian,0,no_directory_point_not_zero_output
6932,Bantaeng,0,no_directory_point_not_zero_output
6933,Kapasan,0,no_directory_point_not_zero_output
6934,Abakaliki,4,directory_points_only
6936,Barbacena,1,directory_points_only
6937,Yintai,0,no_directory_point_not_zero_output
6938,Pangkajene,0,no_directory_point_not_zero_output
6939,Udaipurwati,0,no_directory_point_not_zero_output
6940,Otukpo,0,no_directory_point_not_zero_output
6942,Raleigh,423,directory_points_only
6943,Parnaíba,1,directory_points_only
6944,Zhaotong,3,directory_points_only
6945,Ruteng,2,directory_points_only
6946,Valsad,0,no_directory_point_not_zero_output
6947,Maturrumi,0,no_directory_point_not_zero_output
6948,Detroit,292,directory_points_only
6949,Itabira,1,directory_points_only
6950,Yibin,3,directory_points_only
6951,Bulukumba,4,directory_points_only
6953,Bichi,0,no_directory_point_not_zero_output
6956,Jincheng,0,no_directory_point_not_zero_output
6957,Rantepao,2,directory_points_only
6958,Umargam road,0,no_directory_point_not_zero_output
6959,Ungwan Sarki,0,no_directory_point_not_zero_output
6960,Flint,23,directory_points_only
6961,Rio de Janeiro,209,directory_points_only
6962,Zhongyang,0,no_directory_point_not_zero_output
6963,Palu,15,directory_points_only
6964,Bhinder,0,no_directory_point_not_zero_output
6965,Achara Ndiagu Omegio,0,no_directory_point_not_zero_output
6966,Saginaw,16,directory_points_only
6967,Juiz de Fora,5,directory_points_only
6968,Enyang,0,no_directory_point_not_zero_output
6969,Sengkang,0,no_directory_point_not_zero_output
6970,Kalka,0,no_directory_point_not_zero_output
6971,Tarzoho,0,no_directory_point_not_zero_output
6972,Lorain,14,directory_points_only
6974,Xinping,0,no_directory_point_not_zero_output
6975,Balangnipa,1,directory_points_only
6976,Bilimora,0,no_directory_point_not_zero_output
6977,Daura,0,no_directory_point_not_zero_output
6979,Irecê,0,no_directory_point_not_zero_output
6980,Blagoveshchensk,1,directory_points_only
6981,Watampone,2,directory_points_only
6982,Godhra,1,directory_points_only
6983,Oron,0,no_directory_point_not_zero_output
6984,Canton,30,directory_points_only
6985,Três Rios,0,no_directory_point_not_zero_output
6986,Huize,1,directory_points_only
6987,Palopo,6,directory_points_only
6988,Dabhoi,0,no_directory_point_not_zero_output
6989,Kafanchan,0,no_directory_point_not_zero_output
6990,Cleveland,239,directory_points_only
6991,Ubá,0,no_directory_point_not_zero_output
6992,Anning,1,directory_points_only
6993,Bajawa,0,no_directory_point_not_zero_output
6995,Kano,17,directory_points_only
6996,Akron,51,directory_points_only
6998,Mojiang Hani Autonomous County,0,no_directory_point_not_zero_output
6999,Parigi,0,no_directory_point_not_zero_output
7000,Boisar,0,no_directory_point_not_zero_output
7001,kazaure,1,directory_points_only
7002,Greenville,12,directory_points_only
7003,Viçosa,3,directory_points_only
7004,渭城区,9,directory_points_only
7005,Poso,2,directory_points_only
7006,Renwal,0,no_directory_point_not_zero_output
7007,Tudun Wada,0,no_directory_point_not_zero_output
7010,Yilong,0,no_directory_point_not_zero_output
7011,Ende,3,directory_points_only
7012,Bardoli,2,directory_points_only
7013,Anchau,0,no_directory_point_not_zero_output
7014,Youngstown,16,directory_points_only
7015,Ipatinga,2,directory_points_only
7017,Tolitoli,3,directory_points_only
7019,Doma,0,no_directory_point_not_zero_output
7020,Pittsburgh,288,directory_points_only
7021,Sao Goncalo,10,directory_points_only
7022,Bazhong,0,no_directory_point_not_zero_output
7023,Maumere,1,directory_points_only
7025,Calabar,5,directory_points_only
7028,UNNAMED,0,no_directory_point_not_zero_output
7029,Kolaka,1,directory_points_only
7030,Ambala,1,directory_points_only
7031,Kura,0,no_directory_point_not_zero_output
7032,Richmond,132,directory_points_only
7033,Teresópolis,1,directory_points_only
7034,Fushun,0,no_directory_point_not_zero_output
7035,Buol,0,no_directory_point_not_zero_output
7036,Sambhar,0,no_directory_point_not_zero_output
7039,Cataguases,0,no_directory_point_not_zero_output
7041,Ampana,0,no_directory_point_not_zero_output
7042,Pehowa,0,no_directory_point_not_zero_output
7043,Adum East,0,no_directory_point_not_zero_output
7044,Erie,26,directory_points_only
7045,Muriaé,0,no_directory_point_not_zero_output
7046,Dai,0,no_directory_point_not_zero_output
7047,Larantuka,1,directory_points_only
7048,Khandela,0,no_directory_point_not_zero_output
7049,Akwanga,0,no_directory_point_not_zero_output
7050,Virginia Beach,127,directory_points_only
7051,Caratinga,1,directory_points_only
7052,Nanchong,6,directory_points_only
7053,Baubau,4,directory_points_only
7054,Bhilwara,0,no_directory_point_not_zero_output
7055,Zango,0,no_directory_point_not_zero_output
7057,Governador Valadares,1,directory_points_only
7058,Dongchuan,0,no_directory_point_not_zero_output
7059,Kendari,11,directory_points_only
7060,Shimla,8,directory_points_only
7061,Dambarta,0,no_directory_point_not_zero_output
7063,Nova Friburgo,3,directory_points_only
7064,三原县,0,no_directory_point_not_zero_output
7065,Kupang,14,directory_points_only
7066,Jind,1,directory_points_only
7067,Kpam,0,no_directory_point_not_zero_output
7068,Washington D.C.,3098,directory_points_only
7069,Manhuaçu,1,directory_points_only
7070,Yiliang,0,no_directory_point_not_zero_output
7071,Raha,1,directory_points_only
7072,Phulera,0,no_directory_point_not_zero_output
7073,Lafia,4,directory_points_only
7075,Sobral,1,directory_points_only
7076,Kunming,76,directory_points_only
7077,Luwuk,4,directory_points_only
7078,Sagwara,0,no_directory_point_not_zero_output
7079,Makurdi,2,directory_points_only
7081,Teófilo Otoni,0,no_directory_point_not_zero_output
7082,Linxi,0,no_directory_point_not_zero_output
7084,Palghar,1,directory_points_only
7085,Rano,0,no_directory_point_not_zero_output
7087,Araruama,0,no_directory_point_not_zero_output
7088,Zhangjiakou,4,directory_points_only
7089,Gorontalo,9,directory_points_only
7090,Solan,6,directory_points_only
7092,Hagerstown,7,directory_points_only
7093,Petrolina,2,directory_points_only
7094,Xi'an,124,directory_points_only
7095,Kalabahi,1,directory_points_only
7097,Nassarawan Eggon,0,no_directory_point_not_zero_output
7098,Frederick,29,directory_points_only
7099,Itaperuna,3,directory_points_only
7100,Huyi,0,no_directory_point_not_zero_output
7101,Atambua,0,no_directory_point_not_zero_output
7102,Bhiwani,0,no_directory_point_not_zero_output
7103,Ungwan Bahagu,0,no_directory_point_not_zero_output
7105,Vitória da Conquista,1,directory_points_only
7106,Yuanping,0,no_directory_point_not_zero_output
7107,Kotamobagu,2,directory_points_only
7108,Silvassa,1,directory_points_only
7109,Samunakar,0,no_directory_point_not_zero_output
7112,Cabo Frio,3,directory_points_only
7114,Manado,17,directory_points_only
7115,Singhana,0,no_directory_point_not_zero_output
7116,Ikom,0,no_directory_point_not_zero_output
7117,State College,38,directory_points_only
7118,Rio das Ostras,1,directory_points_only
7119,Nehe,0,no_directory_point_not_zero_output
7120,Tomohon,3,directory_points_only
7121,Khetri,0,no_directory_point_not_zero_output
7122,Garko,0,no_directory_point_not_zero_output
7123,Baltimore,346,directory_points_only
7124,Macaé,0,no_directory_point_not_zero_output
7125,Hunyuan,0,no_directory_point_not_zero_output
7126,Tondano,0,no_directory_point_not_zero_output
7127,Mandvi,0,no_directory_point_not_zero_output
7128,Wudil,1,directory_points_only
7129,Harrisburg,80,directory_points_only
7130,Itapipoca,0,no_directory_point_not_zero_output
7131,Xixiang,0,no_directory_point_not_zero_output
7132,Bitung,1,directory_points_only
7133,Rajpipla,0,no_directory_point_not_zero_output
7134,Okuku Lepuole,0,no_directory_point_not_zero_output
7135,York,11,directory_points_only
7136,Campos dos Goytacazes,3,directory_points_only
7137,Longjiang,0,no_directory_point_not_zero_output
7138,Ternate,4,directory_points_only
7139,Vasai-Virar,1,directory_points_only
7140,Jos,13,directory_points_only
7141,Buffalo,93,directory_points_only
7142,Cachoeiro de Itapemirim,1,directory_points_only
7143,Yangyuan,0,no_directory_point_not_zero_output
7144,Tobelo,2,directory_points_only
7145,Sarwar,0,no_directory_point_not_zero_output
7146,Keana,0,no_directory_point_not_zero_output
7148,Jequié,0,no_directory_point_not_zero_output
7151,Shri Madhopur,0,no_directory_point_not_zero_output
7152,Nshebori,0,no_directory_point_not_zero_output
7154,Itapetinga,0,no_directory_point_not_zero_output
7156,Kel Rijali,11,directory_points_only
7157,Ringas,0,no_directory_point_not_zero_output
7158,Barakin Gangare,0,no_directory_point_not_zero_output
7159,Lancaster,24,directory_points_only
7161,筠连县,0,no_directory_point_not_zero_output
7163,Mumbai,286,directory_points_only
7164,Yarogye,1,directory_points_only
7165,Philadelphia,906,directory_points_only
7166,Colatina,1,directory_points_only
7167,Fanshi,0,no_directory_point_not_zero_output
7168,Masohi,1,directory_points_only
7169,Shahabad Markanda,1,directory_points_only
7170,Gaya,0,no_directory_point_not_zero_output
7171,Reading,17,directory_points_only
7172,Iguatu,0,no_directory_point_not_zero_output
7174,Sorong,8,directory_points_only
7175,Chittorgarh,1,directory_points_only
7176,Bokkos,0,no_directory_point_not_zero_output
7177,West Chester,60,directory_points_only
7178,Juazeiro do Norte,3,directory_points_only
7179,Gongxian,0,no_directory_point_not_zero_output
7180,Fakfak,1,directory_points_only
7181,Neem Ka Thana,0,no_directory_point_not_zero_output
7182,Gboko,1,directory_points_only
7183,Rochester,105,directory_points_only
7184,Guarapari,1,directory_points_only
7185,蓬安县,0,no_directory_point_not_zero_output
7186,Tual,0,no_directory_point_not_zero_output
7187,Partapur,0,no_directory_point_not_zero_output
7188,Vande Ikya,0,no_directory_point_not_zero_output
7190,Vila Velha,16,directory_points_only
7191,Tongnan,0,no_directory_point_not_zero_output
7192,Manokwari,3,directory_points_only
7193,Bodeli,0,no_directory_point_not_zero_output
7194,Ringim,0,no_directory_point_not_zero_output
7195,Allentown,64,directory_points_only
7197,Baishui,0,no_directory_point_not_zero_output
7198,Nabire,2,directory_points_only
7199,Shahpura,0,no_directory_point_not_zero_output
7200,Mongu Arna,0,no_directory_point_not_zero_output
7201,Atlantic City,11,directory_points_only
7203,Longchang,0,no_directory_point_not_zero_output
7204,Biak Kota,2,directory_points_only
7205,Kurukshetra,0,no_directory_point_not_zero_output
7206,Obudu,0,no_directory_point_not_zero_output
7207,Wilkes-Barre,12,directory_points_only
7208,Santo Antônio de Jesus,0,no_directory_point_not_zero_output
7209,Nanxi,0,no_directory_point_not_zero_output
7210,Serui Kota,0,no_directory_point_not_zero_output
7211,Bari Sadri,0,no_directory_point_not_zero_output
7212,Arafu,0,no_directory_point_not_zero_output
7214,Linhares,0,no_directory_point_not_zero_output
7215,Zhehai,0,no_directory_point_not_zero_output
7216,Timika,0,no_directory_point_not_zero_output
7217,Vyara,0,no_directory_point_not_zero_output
7218,Adikpo,0,no_directory_point_not_zero_output
7219,Scranton,21,directory_points_only
7221,新兴街道,1,directory_points_only
7222,Kogimage,0,no_directory_point_not_zero_output
7223,Devgadh Baria,0,no_directory_point_not_zero_output
7224,Dutse,2,directory_points_only
7226,Fortaleza,27,directory_points_only
7227,Yuxi,2,directory_points_only
7228,Wamena,4,directory_points_only
7229,UNNAMED,0,no_directory_point_not_zero_output
7230,Katsina Ala,0,no_directory_point_not_zero_output
7231,Binghamton,19,directory_points_only
7232,Teixeira de Freitas,0,no_directory_point_not_zero_output
7234,Merauke,3,directory_points_only
7235,Naraingarh,0,no_directory_point_not_zero_output
7236,Gumel,1,directory_points_only
7239,Eunápolis,0,no_directory_point_not_zero_output
7240,Gujiao,0,no_directory_point_not_zero_output
7241,Asikie,0,no_directory_point_not_zero_output
7242,Charkhi Dadri,0,no_directory_point_not_zero_output
7243,Maigatari,0,no_directory_point_not_zero_output
7244,New York,2730,directory_points_only
7245,São Mateus,0,no_directory_point_not_zero_output
7246,Changning,0,no_directory_point_not_zero_output
7247,Sentani,3,directory_points_only
7248,Kekri,0,no_directory_point_not_zero_output
7249,Ugba,0,no_directory_point_not_zero_output
7251,Itabuna,1,directory_points_only
7253,Kotaraja,2,directory_points_only
7254,Barara,0,no_directory_point_not_zero_output
7255,Gwolong,0,no_directory_point_not_zero_output
7256,Syracuse,48,directory_points_only
7257,Feira de Santana,1,directory_points_only
7258,Yingshan,0,no_directory_point_not_zero_output
7259,Jayapura,7,directory_points_only
7260,UNNAMED,0,no_directory_point_not_zero_output
7261,Birnin Kudu,1,directory_points_only
7263,Valença,0,no_directory_point_not_zero_output
7264,Pucheng,0,no_directory_point_not_zero_output
7265,Mahendragarh,1,directory_points_only
7266,Bununu Dass,0,no_directory_point_not_zero_output
7267,Utica,23,directory_points_only
7268,Pacajus,0,no_directory_point_not_zero_output
7269,Xinzhou,1,directory_points_only
7270,Bagru,0,no_directory_point_not_zero_output
7271,Ningi,0,no_directory_point_not_zero_output
7273,Ilhéus,1,directory_points_only
7274,Tongjiang,0,no_directory_point_not_zero_output
7275,Nimbahera,0,no_directory_point_not_zero_output
7276,Shendam,0,no_directory_point_not_zero_output
7277,Bridgeport,156,directory_points_only
7278,Porto Seguro,0,no_directory_point_not_zero_output
7279,Dazu,1,directory_points_only
7280,Narnaul,0,no_directory_point_not_zero_output
7281,Tafawa-Balewa,0,no_directory_point_not_zero_output
7283,Serra Talhada,0,no_directory_point_not_zero_output
7284,Luxian,0,no_directory_point_not_zero_output
7285,Chomu,0,no_directory_point_not_zero_output
7286,Jahun,0,no_directory_point_not_zero_output
7287,Waterbury,18,directory_points_only
7288,Candeias,0,no_directory_point_not_zero_output
7289,Xuanhua,0,no_directory_point_not_zero_output
7290,Malpura,0,no_directory_point_not_zero_output
7291,Samammiya,0,no_directory_point_not_zero_output
7292,Albany,148,directory_points_only
7293,Paulo Afonso,1,directory_points_only
7295,Songadh,0,no_directory_point_not_zero_output
7296,Zaki Biam,0,no_directory_point_not_zero_output
7298,Alagoinhas,0,no_directory_point_not_zero_output
7299,Taihe,0,no_directory_point_not_zero_output
7300,Uran,0,no_directory_point_not_zero_output
7301,Bauchi,3,directory_points_only
7302,Hartford,159,directory_points_only
7303,Salvador,32,directory_points_only
7304,Rongchang,1,directory_points_only
7305,Alibag,0,no_directory_point_not_zero_output
7306,Langtang,0,no_directory_point_not_zero_output
7307,Springfield,80,directory_points_only
7309,Pingchang,0,no_directory_point_not_zero_output
7310,Rohtak,6,directory_points_only
7311,Wukari,1,directory_points_only
7312,Providence,197,directory_points_only
7313,Dias d'Ávila,0,no_directory_point_not_zero_output
7314,Yousuo,0,no_directory_point_not_zero_output
7315,Jawhar,0,no_directory_point_not_zero_output
7316,Anguwan Ari,0,no_directory_point_not_zero_output
7317,Worcester,79,directory_points_only
7318,Camaçari,0,no_directory_point_not_zero_output
7319,Longshui,0,no_directory_point_not_zero_output
7320,Jaipur,48,directory_points_only
7321,Malummaduri,0,no_directory_point_not_zero_output
7323,Mossoró,2,directory_points_only
7324,Dajie,0,no_directory_point_not_zero_output
7325,Gohana,0,no_directory_point_not_zero_output
7326,Jemma’are,0,no_directory_point_not_zero_output
7327,Leominster,27,directory_points_only
7328,Patos,1,directory_points_only
7329,Fenyang,1,directory_points_only
7330,Banswara,0,no_directory_point_not_zero_output
7331,Hadejia,1,directory_points_only
7333,Itabaiana,0,no_directory_point_not_zero_output
7334,Chengcheng,0,no_directory_point_not_zero_output
7335,Chhota Udaipur,0,no_directory_point_not_zero_output
7336,Dengi,0,no_directory_point_not_zero_output
7337,Framingham,82,directory_points_only
7338,Caicó,0,no_directory_point_not_zero_output
7339,武胜县,0,no_directory_point_not_zero_output
7340,Karnal,6,directory_points_only
7341,Wase,0,no_directory_point_not_zero_output
7342,New Bedford,14,directory_points_only
7343,Arcoverde,0,no_directory_point_not_zero_output
7344,岳池县,0,no_directory_point_not_zero_output
7345,Sithana,0,no_directory_point_not_zero_output
7346,Bela,0,no_directory_point_not_zero_output
7347,Boston,1439,directory_points_only
7349,Shiping,0,no_directory_point_not_zero_output
7350,Bilaspur,0,no_directory_point_not_zero_output
7351,Shira,0,no_directory_point_not_zero_output
7352,Brockton,15,directory_points_only
7353,Aracaju,5,directory_points_only
7354,Guangling,0,no_directory_point_not_zero_output
7355,Shahpur,0,no_directory_point_not_zero_output
7356,Takum,0,no_directory_point_not_zero_output
7357,Nashua,27,directory_points_only
7358,Arapiraca,1,directory_points_only
7359,Taiyuan,47,directory_points_only
7360,Dahod,0,no_directory_point_not_zero_output
7361,Donga,0,no_directory_point_not_zero_output
7362,Lowell,59,directory_points_only
7363,Garanhuns,2,directory_points_only
7364,Weinan,3,directory_points_only
7365,Yamunanagar,2,directory_points_only
7366,Azare,1,directory_points_only
7367,Manchester,59,directory_points_only
7368,Belo Jardim,0,no_directory_point_not_zero_output
7369,通海县,0,no_directory_point_not_zero_output
7370,Manoharpur,0,no_directory_point_not_zero_output
7371,Giade,0,no_directory_point_not_zero_output
7372,Lawrence,47,directory_points_only
7373,Santa Cruz do Capibaribe,1,directory_points_only
7375,Panipat,0,no_directory_point_not_zero_output
7376,Soro,0,no_directory_point_not_zero_output
7377,Portland,55,directory_points_only
7378,São Miguel dos Campos,0,no_directory_point_not_zero_output
7379,Luzhou,5,directory_points_only
7380,Neemuch,0,no_directory_point_not_zero_output
7381,Katagum,0,no_directory_point_not_zero_output
7382,Caruaru,2,directory_points_only
7383,Wenshui,0,no_directory_point_not_zero_output
7385,Masuri,0,no_directory_point_not_zero_output
7386,Campina Grande,5,directory_points_only
7387,Xiaoyi,0,no_directory_point_not_zero_output
7388,Kotputli,0,no_directory_point_not_zero_output
7389,Nguru,0,no_directory_point_not_zero_output
7390,Maceió,9,directory_points_only
7391,Yiliang,0,no_directory_point_not_zero_output
7392,Deoli,0,no_directory_point_not_zero_output
7393,Katsiro,0,no_directory_point_not_zero_output
7394,Gravatá,0,no_directory_point_not_zero_output
7396,Navapur,0,no_directory_point_not_zero_output
7397,Misau,0,no_directory_point_not_zero_output
7399,Tongliang,0,no_directory_point_not_zero_output
7400,Behror,0,no_directory_point_not_zero_output
7401,Gamawa,0,no_directory_point_not_zero_output
7404,Pen,0,no_directory_point_not_zero_output
7405,Dundewa,0,no_directory_point_not_zero_output
7406,Natal,9,directory_points_only
7407,Jalaid,0,no_directory_point_not_zero_output
7409,Damban,0,no_directory_point_not_zero_output
7410,Vitória de Santo Antão,1,directory_points_only
7411,Fula'erji,1,directory_points_only
7413,Jakusko,0,no_directory_point_not_zero_output
7414,Carpina,0,no_directory_point_not_zero_output
7415,Bairin Right Banner,0,no_directory_point_not_zero_output
7416,Pratapgarh,0,no_directory_point_not_zero_output
7417,Dukku,0,no_directory_point_not_zero_output
7418,Recife,44,directory_points_only
7419,Ulan Hot,0,no_directory_point_not_zero_output
7420,Ahwa,0,no_directory_point_not_zero_output
7421,Mutum Biyu,0,no_directory_point_not_zero_output
7422,Goiana,0,no_directory_point_not_zero_output
7423,威宁县,0,no_directory_point_not_zero_output
7424,Jhajjar,1,directory_points_only
7425,Gashua,1,directory_points_only
7426,Cabo de Santo Agostinho,0,no_directory_point_not_zero_output
7427,Lantian,0,no_directory_point_not_zero_output
7428,Neemrana,0,no_directory_point_not_zero_output
7429,Potiskum,0,no_directory_point_not_zero_output
7432,Gangoh,0,no_directory_point_not_zero_output
7433,Gombe,2,directory_points_only
7434,João Pessoa,9,directory_points_only
7435,Hechuan,0,no_directory_point_not_zero_output
7436,Trimbak,0,no_directory_point_not_zero_output
7437,Biliri,0,no_directory_point_not_zero_output
7438,Guang'an,0,no_directory_point_not_zero_output
7439,Paonta Sahib,0,no_directory_point_not_zero_output
7440,Damagum,0,no_directory_point_not_zero_output
7441,Qiqihar,2,directory_points_only
7442,Roha,0,no_directory_point_not_zero_output
7443,Kaltungo,0,no_directory_point_not_zero_output
7444,Xiangning,0,no_directory_point_not_zero_output
7445,Bansur,0,no_directory_point_not_zero_output
7446,Gembu,0,no_directory_point_not_zero_output
7447,Hancheng,0,no_directory_point_not_zero_output
7448,Murbad,0,no_directory_point_not_zero_output
7449,Jalingo,1,directory_points_only
7450,Yuxian,0,no_directory_point_not_zero_output
7451,UNNAMED,0,no_directory_point_not_zero_output
7452,Bajoga,1,directory_points_only
7453,Yongchuan,0,no_directory_point_not_zero_output
7454,Rewari,0,no_directory_point_not_zero_output
7455,UNNAMED,0,no_directory_point_not_zero_output
7456,Xingwen,0,no_directory_point_not_zero_output
7457,Bassi,0,no_directory_point_not_zero_output
7458,UNNAMED,0,no_directory_point_not_zero_output
7459,Lingqiu,0,no_directory_point_not_zero_output
7460,Chaksu,0,no_directory_point_not_zero_output
7461,Deba Kowa,0,no_directory_point_not_zero_output
7462,Dali,0,no_directory_point_not_zero_output
7463,Thandla,0,no_directory_point_not_zero_output
7464,UNNAMED,0,no_directory_point_not_zero_output
7465,Jiexiu,0,no_directory_point_not_zero_output
7466,Delhi [New Delhi],632,directory_points_only
7467,Zinna,0,no_directory_point_not_zero_output
7468,Shilin,0,no_directory_point_not_zero_output
7469,Bawal,0,no_directory_point_not_zero_output
7470,Geidam,0,no_directory_point_not_zero_output
7471,Quxian,0,no_directory_point_not_zero_output
7472,Alirajpur,0,no_directory_point_not_zero_output
7473,Damaturu,3,directory_points_only
7474,Huazhou,0,no_directory_point_not_zero_output
7475,Tonk,1,directory_points_only
7476,Buni Yadi,0,no_directory_point_not_zero_output
7477,Weixin,0,no_directory_point_not_zero_output
7478,Kairana,0,no_directory_point_not_zero_output
7479,Shellem,0,no_directory_point_not_zero_output
7480,Xuanwei,0,no_directory_point_not_zero_output
7481,Manasa,0,no_directory_point_not_zero_output
7482,Numan,0,no_directory_point_not_zero_output
7483,Pingyao,0,no_directory_point_not_zero_output
7484,Thanagazi,0,no_directory_point_not_zero_output
7485,Maya Belwa,0,no_directory_point_not_zero_output
7486,Hejin,0,no_directory_point_not_zero_output
7488,Sangasumi,0,no_directory_point_not_zero_output
7489,Qi,0,no_directory_point_not_zero_output
7490,Saharanpur,1,directory_points_only
7491,Biu,1,directory_points_only
7492,Qujing,1,directory_points_only
7493,Dakpathar,0,no_directory_point_not_zero_output
7494,Jada,0,no_directory_point_not_zero_output
7495,Jianshui,0,no_directory_point_not_zero_output
7496,Niwai,0,no_directory_point_not_zero_output
7497,Jimeta,1,directory_points_only
7498,Huaying,0,no_directory_point_not_zero_output
7499,Nashik,14,directory_points_only
7500,Damask,0,no_directory_point_not_zero_output
7501,Zhenxiong,0,no_directory_point_not_zero_output
7502,Mandsaur,1,directory_points_only
7505,Jhabua,0,no_directory_point_not_zero_output
7506,UNNAMED,1,directory_points_only
7507,Hezhang,0,no_directory_point_not_zero_output
7508,Shamli,0,no_directory_point_not_zero_output
7509,Song,0,no_directory_point_not_zero_output
7510,Jinzhong,4,directory_points_only
7511,Lonavala,0,no_directory_point_not_zero_output
7512,Gubio,0,no_directory_point_not_zero_output
7513,Beibei,1,directory_points_only
7514,Kandhla,0,no_directory_point_not_zero_output
7515,Damboa,0,no_directory_point_not_zero_output
7517,Bhiwadi,0,no_directory_point_not_zero_output
7518,Gombi,0,no_directory_point_not_zero_output
7519,Wanyuan,0,no_directory_point_not_zero_output
7520,Thana Bhawan,0,no_directory_point_not_zero_output
7521,Goniri,0,no_directory_point_not_zero_output
7523,Bundi,0,no_directory_point_not_zero_output
7524,Maiduguri,4,directory_points_only
7525,Huailai,0,no_directory_point_not_zero_output
7526,Dapoli,2,directory_points_only
7527,Uba,0,no_directory_point_not_zero_output
7528,Huozhou,0,no_directory_point_not_zero_output
7529,Sela Kui,1,directory_points_only
7530,Mubi,2,directory_points_only
7531,Hejiang,0,no_directory_point_not_zero_output
7532,Khairthal,0,no_directory_point_not_zero_output
7533,Michika,0,no_directory_point_not_zero_output
7534,Xuyong,0,no_directory_point_not_zero_output
7536,Gulak,0,no_directory_point_not_zero_output
7538,Nandurbar,0,no_directory_point_not_zero_output
7539,Monguno,0,no_directory_point_not_zero_output
7540,Dazhou,3,directory_points_only
7541,Pimpalner,0,no_directory_point_not_zero_output
7542,Madagali,0,no_directory_point_not_zero_output
7543,Chishui,0,no_directory_point_not_zero_output
7544,Baraut,1,directory_points_only
7545,Jaudiri,0,no_directory_point_not_zero_output
7546,Daiwan,0,no_directory_point_not_zero_output
7548,Gwoza,0,no_directory_point_not_zero_output
7549,Taigu,1,directory_points_only
7550,Petlawad,0,no_directory_point_not_zero_output
7551,Baga,1,directory_points_only
7552,Tuquan,0,no_directory_point_not_zero_output
7553,Alwar,5,directory_points_only
7554,Ngoshe,0,no_directory_point_not_zero_output
7556,Dausa,0,no_directory_point_not_zero_output
7557,Dikwa,0,no_directory_point_not_zero_output
7559,Nainwa,0,no_directory_point_not_zero_output
7560,Banki,0,no_directory_point_not_zero_output
7561,Sanchahe,0,no_directory_point_not_zero_output
7562,Chutmalpur,0,no_directory_point_not_zero_output
7563,Gamboru,0,no_directory_point_not_zero_output
7564,Jishan,0,no_directory_point_not_zero_output
7566,Jiangjin,0,no_directory_point_not_zero_output
7567,Rawatbhata,0,no_directory_point_not_zero_output
7568,Mile,0,no_directory_point_not_zero_output
7569,Pimpalgaon Basvant,0,no_directory_point_not_zero_output
7570,Huayin,0,no_directory_point_not_zero_output
7571,Jaora,0,no_directory_point_not_zero_output
7572,Dazhu,0,no_directory_point_not_zero_output
7573,Bhagwānpur,0,no_directory_point_not_zero_output
7574,LinShui,0,no_directory_point_not_zero_output
7575,Ratlam,0,no_directory_point_not_zero_output
7577,Budhana,0,no_directory_point_not_zero_output
7578,Chongqing,87,directory_points_only
7579,Deoband,1,directory_points_only
7581,Dehradun,39,directory_points_only
7582,Baisha,0,no_directory_point_not_zero_output
7583,Shahada,0,no_directory_point_not_zero_output
7584,Yi'an,0,no_directory_point_not_zero_output
7586,Shouyang,0,no_directory_point_not_zero_output
7587,UNNAMED,0,no_directory_point_not_zero_output
7589,Sinnar,1,directory_points_only
7590,Linfen,1,directory_points_only
7591,Rajgarh,0,no_directory_point_not_zero_output
7592,Yongji,0,no_directory_point_not_zero_output
7593,Sakri,0,no_directory_point_not_zero_output
7594,Xuanhan,0,no_directory_point_not_zero_output
7595,Satana,0,no_directory_point_not_zero_output
7596,Hongtong,0,no_directory_point_not_zero_output
7597,Lalsot,0,no_directory_point_not_zero_output
7599,Sohna,2,directory_points_only
7600,Fengning,0,no_directory_point_not_zero_output
7601,Kota,8,directory_points_only
7602,Yu,1,directory_points_only
7603,Muzaffarnagar,1,directory_points_only
7604,Wangjiazhai,0,no_directory_point_not_zero_output
7605,Bandikui,0,no_directory_point_not_zero_output
7606,Laiyuan,0,no_directory_point_not_zero_output
7607,Roorkee,6,directory_points_only
7608,Fuyuan,0,no_directory_point_not_zero_output
7609,Ramgarh,0,no_directory_point_not_zero_output
7610,Kaiyuan,0,no_directory_point_not_zero_output
7611,Ratnagiri,0,no_directory_point_not_zero_output
7612,Linyi,0,no_directory_point_not_zero_output
7615,Junnar,0,no_directory_point_not_zero_output
7616,Liupanshui,1,directory_points_only
7617,Pune,145,directory_points_only
7618,Ankang,2,directory_points_only
7619,Ferozepur Jhirka,0,no_directory_point_not_zero_output
7620,Gejiu,0,no_directory_point_not_zero_output
7621,Sardhana,0,no_directory_point_not_zero_output
7622,Yanqing,0,no_directory_point_not_zero_output
7623,Dondaicha,0,no_directory_point_not_zero_output
7624,Luxi,0,no_directory_point_not_zero_output
7625,Chiplun,0,no_directory_point_not_zero_output
7626,Bijie,1,directory_points_only
7627,Lasalgaon,0,no_directory_point_not_zero_output
7628,Houma,0,no_directory_point_not_zero_output
7629,Uttarkashi,0,no_directory_point_not_zero_output
7630,Tailai,0,no_directory_point_not_zero_output
7631,Haridwar,8,directory_points_only
7632,Jarud,0,no_directory_point_not_zero_output
7633,Khatauli,0,no_directory_point_not_zero_output
7634,Nanba,0,no_directory_point_not_zero_output
7635,Lachhmangarh,0,no_directory_point_not_zero_output
7636,Keshan,0,no_directory_point_not_zero_output
7637,Narayangaon,2,directory_points_only
7638,Weichang,0,no_directory_point_not_zero_output
7639,Manchar,0,no_directory_point_not_zero_output
7640,Gulin,0,no_directory_point_not_zero_output
7641,Lakheri,0,no_directory_point_not_zero_output
7642,Panzhou,0,no_directory_point_not_zero_output
7643,Meerut,14,directory_points_only
7644,Shangluo,2,directory_points_only
7646,新宁镇,0,no_directory_point_not_zero_output
7647,Bamanwas,0,no_directory_point_not_zero_output
7648,Yangquan,0,no_directory_point_not_zero_output
7649,Sawai Madhopur,0,no_directory_point_not_zero_output
7650,Luonan,0,no_directory_point_not_zero_output
7652,Dianjiang,0,no_directory_point_not_zero_output
7653,Barwani,0,no_directory_point_not_zero_output
7654,Wenxi,0,no_directory_point_not_zero_output
7655,Laksar,0,no_directory_point_not_zero_output
7656,Yuncheng,2,directory_points_only
7657,Govindgarh,0,no_directory_point_not_zero_output
7658,Quwo,0,no_directory_point_not_zero_output
7659,Nagda,0,no_directory_point_not_zero_output
7660,Ruicheng,0,no_directory_point_not_zero_output
7661,Sangamner,1,directory_points_only
7662,Ongniud,0,no_directory_point_not_zero_output
7663,Morana,0,no_directory_point_not_zero_output
7664,Changshou,0,no_directory_point_not_zero_output
7665,Palwal,1,directory_points_only
7666,Mengzi,1,directory_points_only
7668,Bei'an,0,no_directory_point_not_zero_output
7670,Yicheng,0,no_directory_point_not_zero_output
7671,Punhana,0,no_directory_point_not_zero_output
7672,Qijiang,0,no_directory_point_not_zero_output
7673,Sikari,0,no_directory_point_not_zero_output
7674,Xishui,0,no_directory_point_not_zero_output
7675,Malegaon,2,directory_points_only
7678,Shanyang,0,no_directory_point_not_zero_output
7679,Todabhim,0,no_directory_point_not_zero_output
7680,Xia,0,no_directory_point_not_zero_output
7681,Bhawani Mandi,0,no_directory_point_not_zero_output
7682,Xunyang,0,no_directory_point_not_zero_output
7683,Manmad,0,no_directory_point_not_zero_output
7684,Liangping,0,no_directory_point_not_zero_output
7685,Bhor,0,no_directory_point_not_zero_output
7687,Manawar,0,no_directory_point_not_zero_output
7688,Jinping,0,no_directory_point_not_zero_output
7689,New Tehri,1,directory_points_only
7690,Yushe,0,no_directory_point_not_zero_output
7691,Aurangabad,0,no_directory_point_not_zero_output
7692,Qin,0,no_directory_point_not_zero_output
7693,Suket,0,no_directory_point_not_zero_output
7694,Luoxiong,0,no_directory_point_not_zero_output
7695,Mahwa,0,no_directory_point_not_zero_output
7696,Dafang,0,no_directory_point_not_zero_output
7697,Miranpur,0,no_directory_point_not_zero_output
7698,Nayong,0,no_directory_point_not_zero_output
7699,Nagar,0,no_directory_point_not_zero_output
7700,Pingshan,0,no_directory_point_not_zero_output
7701,Gangapur,0,no_directory_point_not_zero_output
7703,Kherli,0,no_directory_point_not_zero_output
7704,Beijing,1087,directory_points_only
7705,Shirpur,0,no_directory_point_not_zero_output
7706,Baicheng,1,directory_points_only
7707,Yeola,0,no_directory_point_not_zero_output
7708,Jingxing Mining,0,no_directory_point_not_zero_output
7710,Lingbao,0,no_directory_point_not_zero_output
7711,Dhule,3,directory_points_only
7712,Zhenlai,0,no_directory_point_not_zero_output
7713,Mawana,0,no_directory_point_not_zero_output
7715,Hodal,0,no_directory_point_not_zero_output
7717,Itawa,0,no_directory_point_not_zero_output
7718,Lingshou,0,no_directory_point_not_zero_output
7719,Dhar,0,no_directory_point_not_zero_output
7720,Xiyang,0,no_directory_point_not_zero_output
7721,Saswad,0,no_directory_point_not_zero_output
7723,Sikandarabad,0,no_directory_point_not_zero_output
7724,Quyang,0,no_directory_point_not_zero_output
7725,Kaman,0,no_directory_point_not_zero_output
7726,Xingtang,0,no_directory_point_not_zero_output
7727,Kopargaon,1,directory_points_only
7728,Sanmenxia,0,no_directory_point_not_zero_output
7729,Mehidpur,0,no_directory_point_not_zero_output
7730,Kaizhou,1,directory_points_only
7731,Shirdi,0,no_directory_point_not_zero_output
7732,Wansheng,0,no_directory_point_not_zero_output
7733,Bijnor,2,directory_points_only
7734,Danfeng,0,no_directory_point_not_zero_output
7735,Kiratpur,0,no_directory_point_not_zero_output
7736,Yi,0,no_directory_point_not_zero_output
7737,Jewar,0,no_directory_point_not_zero_output
7738,Yuanqu,0,no_directory_point_not_zero_output
7739,Nandgaon,0,no_directory_point_not_zero_output
7740,Tang,0,no_directory_point_not_zero_output
7741,Sendhwa,0,no_directory_point_not_zero_output
7742,Nanchuan,0,no_directory_point_not_zero_output
7743,Gulavthi,0,no_directory_point_not_zero_output
7744,Shijiazhuang,47,directory_points_only
7745,Kosi Kalan,0,no_directory_point_not_zero_output
7746,Huairou,1,directory_points_only
7747,Najibabad,0,no_directory_point_not_zero_output
7748,Chifeng,3,directory_points_only
7749,Nadbai,0,no_directory_point_not_zero_output
7750,Anzhou,0,no_directory_point_not_zero_output
7751,Jhalawar,0,no_directory_point_not_zero_output
7752,Taonan,0,no_directory_point_not_zero_output
7753,Karegaon,0,no_directory_point_not_zero_output
7754,Liuzhi,0,no_directory_point_not_zero_output
7755,Satara,1,directory_points_only
7756,Xinle,0,no_directory_point_not_zero_output
7757,Deeg,0,no_directory_point_not_zero_output
7758,Laishui,0,no_directory_point_not_zero_output
7759,Hindaun,0,no_directory_point_not_zero_output
7760,Wanzhou,2,directory_points_only
7762,Baiquan,0,no_directory_point_not_zero_output
7763,Bulandshahr,0,no_directory_point_not_zero_output
7764,Mancheng,0,no_directory_point_not_zero_output
7765,Chhata,0,no_directory_point_not_zero_output
7766,Fengdu,0,no_directory_point_not_zero_output
7767,Singhawali,0,no_directory_point_not_zero_output
7768,Xingyi,1,directory_points_only
7769,Karauli,0,no_directory_point_not_zero_output
7770,Renhuai,0,no_directory_point_not_zero_output
7771,Sheopur,0,no_directory_point_not_zero_output
7772,Zhong,0,no_directory_point_not_zero_output
7773,UNNAMED,0,no_directory_point_not_zero_output
7774,Miyun,0,no_directory_point_not_zero_output
7775,Shrirampur,0,no_directory_point_not_zero_output
7777,Kotdwar,0,no_directory_point_not_zero_output
7778,Jinsha,0,no_directory_point_not_zero_output
7779,Govardhan,0,no_directory_point_not_zero_output
7780,Zhijin,0,no_directory_point_not_zero_output
7781,Kumher,0,no_directory_point_not_zero_output
7782,Dingzhou,0,no_directory_point_not_zero_output
7783,Ujjain,3,directory_points_only
7784,Qianxi,0,no_directory_point_not_zero_output
7785,Amalner,0,no_directory_point_not_zero_output
7786,Xiangyuan,0,no_directory_point_not_zero_output
7787,Vaijapur,0,no_directory_point_not_zero_output
7788,Zhuozhou,0,no_directory_point_not_zero_output
7789,Baran,0,no_directory_point_not_zero_output
7790,Ranghulu,1,directory_points_only
7791,Srinagar,1,directory_points_only
7792,Gaobeidian,0,no_directory_point_not_zero_output
7793,Khurja,0,no_directory_point_not_zero_output
7795,UNNAMED,0,no_directory_point_not_zero_output
7796,Xingren,0,no_directory_point_not_zero_output
7797,Chandpur,0,no_directory_point_not_zero_output
7798,Baoding,13,directory_points_only
7799,Garhmuktesar,0,no_directory_point_not_zero_output
7800,Tongzi,0,no_directory_point_not_zero_output
7801,Agar,0,no_directory_point_not_zero_output
7803,Nagina,0,no_directory_point_not_zero_output
7804,Xushui,0,no_directory_point_not_zero_output
7805,Bayana,0,no_directory_point_not_zero_output
7806,Yunyang,0,no_directory_point_not_zero_output
7807,Supe,0,no_directory_point_not_zero_output
7808,Puding,0,no_directory_point_not_zero_output
7809,Pauri,1,directory_points_only
7810,Wenshan,2,directory_points_only
7811,Nahtaur,0,no_directory_point_not_zero_output
7812,Zhuxi,0,no_directory_point_not_zero_output
7813,Rahuri,0,no_directory_point_not_zero_output
7814,Shuangluan,0,no_directory_point_not_zero_output
7815,Siyana,0,no_directory_point_not_zero_output
7816,Zhangzi,0,no_directory_point_not_zero_output
7819,Parola,0,no_directory_point_not_zero_output
7820,Shizhu,0,no_directory_point_not_zero_output
7821,Chalisgaon,0,no_directory_point_not_zero_output
7823,Dhanaura,0,no_directory_point_not_zero_output
7824,Zanhuang,0,no_directory_point_not_zero_output
7825,UNNAMED,0,no_directory_point_not_zero_output
7826,Yangcheng,0,no_directory_point_not_zero_output
7827,Uchain,0,no_directory_point_not_zero_output
7828,Yuanshi,0,no_directory_point_not_zero_output
7830,明水县,0,no_directory_point_not_zero_output
7831,Bharatpur,1,directory_points_only
7832,Daqing,4,directory_points_only
7833,Gajraula,0,no_directory_point_not_zero_output
7834,Babaishang,0,no_directory_point_not_zero_output
7835,Mathura,6,directory_points_only
7836,Lucheng,0,no_directory_point_not_zero_output
7837,Karad,2,directory_points_only
7838,Changzhi,4,directory_points_only
7839,Indore,30,directory_points_only
7840,Wulong,0,no_directory_point_not_zero_output
7841,Panaji,9,directory_points_only
7842,Zhenning,0,no_directory_point_not_zero_output
7843,Chopda,0,no_directory_point_not_zero_output
7844,Wuji,0,no_directory_point_not_zero_output
7845,Noorpur,0,no_directory_point_not_zero_output
7847,Shikarpur,0,no_directory_point_not_zero_output
7849,Mant,0,no_directory_point_not_zero_output
7850,Licheng,0,no_directory_point_not_zero_output
7851,Ahmadnagar,4,directory_points_only
7852,Yima,0,no_directory_point_not_zero_output
7853,Dhampur,0,no_directory_point_not_zero_output
7854,Anshun,1,directory_points_only
7855,Jahangirabad,0,no_directory_point_not_zero_output
7856,Chengde,2,directory_points_only
7857,Vasco da Gama,3,directory_points_only
7858,Gaocheng,0,no_directory_point_not_zero_output
7859,Phaltan,0,no_directory_point_not_zero_output
7860,Shangnan,0,no_directory_point_not_zero_output
7861,Hasanpur,0,no_directory_point_not_zero_output
7862,Yunxi,0,no_directory_point_not_zero_output
7864,Gu'an,0,no_directory_point_not_zero_output
7865,Sherkot,0,no_directory_point_not_zero_output
7866,Shangdang,1,directory_points_only
7867,Daund,0,no_directory_point_not_zero_output
7868,Yuanbaoshan,0,no_directory_point_not_zero_output
7869,Pahasu,0,no_directory_point_not_zero_output
7870,Pinggu,0,no_directory_point_not_zero_output
7871,Khargone,0,no_directory_point_not_zero_output
7872,Liangmatai,0,no_directory_point_not_zero_output
7873,Bhadgaon,0,no_directory_point_not_zero_output
7874,Anguo,0,no_directory_point_not_zero_output
7875,Islampur,0,no_directory_point_not_zero_output
7876,Luoning,0,no_directory_point_not_zero_output
7877,Kodoli,2,directory_points_only
7878,Gaoyi,0,no_directory_point_not_zero_output
7879,Kannad,0,no_directory_point_not_zero_output
7880,Daozhen,0,no_directory_point_not_zero_output
7881,Kolhapur,7,directory_points_only
7882,Majiadu,0,no_directory_point_not_zero_output
7883,Seohara,0,no_directory_point_not_zero_output
7884,Zunyi,5,directory_points_only
7885,Dewas,1,directory_points_only
7886,Gaoping,0,no_directory_point_not_zero_output
7887,Amroha,0,no_directory_point_not_zero_output
7888,Jinzhou,0,no_directory_point_not_zero_output
7889,Rupbas,0,no_directory_point_not_zero_output
7890,Zhao,0,no_directory_point_not_zero_output
7891,Aklera,0,no_directory_point_not_zero_output
7893,Baramati,1,directory_points_only
7895,Aligarh,2,directory_points_only
7896,Sanhe,2,directory_points_only
7898,Maguan,0,no_directory_point_not_zero_output
7899,Iglas,0,no_directory_point_not_zero_output
7900,She,0,no_directory_point_not_zero_output
7901,Fatehpur Sikri,0,no_directory_point_not_zero_output
7902,Mingu,0,no_directory_point_not_zero_output
7903,Baseri,0,no_directory_point_not_zero_output
7904,Li,0,no_directory_point_not_zero_output
7905,Margao,3,directory_points_only
7906,Xinghua,0,no_directory_point_not_zero_output
7907,Sahaspur,0,no_directory_point_not_zero_output
7908,Gaoyang,0,no_directory_point_not_zero_output
7909,Anupshahr,1,directory_points_only
7910,Pingba,0,no_directory_point_not_zero_output
7911,Pachora,0,no_directory_point_not_zero_output
7912,Langfang,8,directory_points_only
7914,Xiong,0,no_directory_point_not_zero_output
7915,Chhipabarod,0,no_directory_point_not_zero_output
7916,Suiyang,0,no_directory_point_not_zero_output
7917,Shajapur,0,no_directory_point_not_zero_output
7918,Jincheng,2,directory_points_only
7919,Kanth,0,no_directory_point_not_zero_output
7920,Xin'an,0,no_directory_point_not_zero_output
7921,Dibai,0,no_directory_point_not_zero_output
7922,Yongqing,0,no_directory_point_not_zero_output
7924,Xianghe,0,no_directory_point_not_zero_output
7925,Ponda,2,directory_points_only
7926,Xiuwen,0,no_directory_point_not_zero_output
7927,Sabalgarh,0,no_directory_point_not_zero_output
7929,Jalgaon,1,directory_points_only
7930,Zhushan,0,no_directory_point_not_zero_output
7931,Kiraoli,0,no_directory_point_not_zero_output
7932,Pengshui,0,no_directory_point_not_zero_output
7933,Moradabad,7,directory_points_only
7934,Jiyuan,0,no_directory_point_not_zero_output
7936,Chengxiang,0,no_directory_point_not_zero_output
7938,Ningjin,0,no_directory_point_not_zero_output
7939,Hathras,0,no_directory_point_not_zero_output
7940,Anda,0,no_directory_point_not_zero_output
7941,Bari,0,no_directory_point_not_zero_output
7942,Bazhou,0,no_directory_point_not_zero_output
7943,Bijeypur,0,no_directory_point_not_zero_output
7944,Chengde,0,no_directory_point_not_zero_output
7946,Jizhou,0,no_directory_point_not_zero_output
7947,Jaspur,0,no_directory_point_not_zero_output
7948,Anping,0,no_directory_point_not_zero_output
7949,Chhabra,0,no_directory_point_not_zero_output
7950,Xinji,0,no_directory_point_not_zero_output
7951,Vita,0,no_directory_point_not_zero_output
7952,Guiyang,42,directory_points_only
7953,Atrauli,0,no_directory_point_not_zero_output
7954,Hailun,0,no_directory_point_not_zero_output
7955,Sadabad,0,no_directory_point_not_zero_output
7956,Yiyang,0,no_directory_point_not_zero_output
7957,Agra,10,directory_points_only
7958,Naiman Banner,0,no_directory_point_not_zero_output
7959,Sarangpur,0,no_directory_point_not_zero_output
7960,Xingtai,4,directory_points_only
7961,Aurangabad,11,directory_points_only
7962,Luoyang,12,directory_points_only
7963,Sambhal,0,no_directory_point_not_zero_output
7964,Shiyan,6,directory_points_only
7966,Babrala,0,no_directory_point_not_zero_output
7967,Lichuan,0,no_directory_point_not_zero_output
7968,Jairampur,0,no_directory_point_not_zero_output
7969,Yunyang,0,no_directory_point_not_zero_output
7970,Kheragarh,0,no_directory_point_not_zero_output
7971,Renqiu,0,no_directory_point_not_zero_output
7972,Barwaha,0,no_directory_point_not_zero_output
7974,Ichalkaranji,1,directory_points_only
7975,Luanchuan,0,no_directory_point_not_zero_output
7976,Nippani,0,no_directory_point_not_zero_output
7977,Wu'an,0,no_directory_point_not_zero_output
7978,Gadahinglaj,0,no_directory_point_not_zero_output
7979,Longyao,0,no_directory_point_not_zero_output
7980,Thakurdwara,1,directory_points_only
7982,Yawal,0,no_directory_point_not_zero_output
7983,Baidi,0,no_directory_point_not_zero_output
7985,Kaiyang,0,no_directory_point_not_zero_output
7986,Kailaras,0,no_directory_point_not_zero_output
7987,Ningcheng,0,no_directory_point_not_zero_output
7988,Sanawad,0,no_directory_point_not_zero_output
7989,宝坻区,0,no_directory_point_not_zero_output
7990,UNNAMED,0,no_directory_point_not_zero_output
7991,Da'an,0,no_directory_point_not_zero_output
7992,Sonkach,0,no_directory_point_not_zero_output
7994,Rajgarh,0,no_directory_point_not_zero_output
7995,Pingquan,0,no_directory_point_not_zero_output
7996,Sangli,3,directory_points_only
7998,Shevgaon,0,no_directory_point_not_zero_output
7999,Meitan,0,no_directory_point_not_zero_output
8000,Pathardi,0,no_directory_point_not_zero_output
8001,Shengzhou,0,no_directory_point_not_zero_output
8002,Tasgaon,0,no_directory_point_not_zero_output
8003,Yongnian,0,no_directory_point_not_zero_output
8006,UNNAMED,0,no_directory_point_not_zero_output
8007,Qinggang,0,no_directory_point_not_zero_output
8008,Karjat,0,no_directory_point_not_zero_output
8009,Qinyang,0,no_directory_point_not_zero_output
8010,Chharra,0,no_directory_point_not_zero_output
8011,Song,0,no_directory_point_not_zero_output
8012,Dhaulpur,0,no_directory_point_not_zero_output
8013,Shengfang,0,no_directory_point_not_zero_output
8014,Bhusawal,0,no_directory_point_not_zero_output
8015,Mengzhou,0,no_directory_point_not_zero_output
8016,UNNAMED,0,no_directory_point_not_zero_output
8017,Zuogezhuang,0,no_directory_point_not_zero_output
8018,Bahjoi,0,no_directory_point_not_zero_output
8019,Linzhou,1,directory_points_only
8020,Sankeshwara,0,no_directory_point_not_zero_output
8021,Xixia,0,no_directory_point_not_zero_output
8022,Rāmnagar,0,no_directory_point_not_zero_output
8024,Kundarkhi,0,no_directory_point_not_zero_output
8025,Hejian,1,directory_points_only
8026,Pachore,0,no_directory_point_not_zero_output
8027,Fengfeng,0,no_directory_point_not_zero_output
8028,Tanda,0,no_directory_point_not_zero_output
8029,凤冈县,0,no_directory_point_not_zero_output
8030,Bilari,0,no_directory_point_not_zero_output
8031,Zunhua,0,no_directory_point_not_zero_output
8032,Jamner,0,no_directory_point_not_zero_output
8033,Yichuan,0,no_directory_point_not_zero_output
8034,Sikandra Rao,0,no_directory_point_not_zero_output
8036,Chikkodi,0,no_directory_point_not_zero_output
8037,Qianjiang,0,no_directory_point_not_zero_output
8038,Paithan,0,no_directory_point_not_zero_output
8039,Jiaozuo,5,directory_points_only
8040,Joura,0,no_directory_point_not_zero_output
8041,Suiling,0,no_directory_point_not_zero_output
8042,UNNAMED,0,no_directory_point_not_zero_output
8043,Handan,5,directory_points_only
8044,Jalesar,0,no_directory_point_not_zero_output
8045,Wushan,0,no_directory_point_not_zero_output
8046,Etmadpur,0,no_directory_point_not_zero_output
8047,Wangkui,0,no_directory_point_not_zero_output
8048,Sillod,0,no_directory_point_not_zero_output
8049,Yutian,0,no_directory_point_not_zero_output
8050,Indapur,0,no_directory_point_not_zero_output
8052,Belagavi,11,directory_points_only
8053,Xichuan,0,no_directory_point_not_zero_output
8054,Chandausi,0,no_directory_point_not_zero_output
8055,Tianjin,124,directory_points_only
8056,Shamsabad,0,no_directory_point_not_zero_output
8057,Anyang,7,directory_points_only
8058,Suar,0,no_directory_point_not_zero_output
8060,Islamnagar,0,no_directory_point_not_zero_output
8062,Biaora,0,no_directory_point_not_zero_output
8063,Tongliao,1,directory_points_only
8064,Akluj,0,no_directory_point_not_zero_output
8065,Enshi,4,directory_points_only
8066,Bajpur,0,no_directory_point_not_zero_output
8067,Xitao,0,no_directory_point_not_zero_output
8068,Shujalpur,0,no_directory_point_not_zero_output
8069,Fangxian,0,no_directory_point_not_zero_output
8070,UNNAMED,0,no_directory_point_not_zero_output
8071,Dejiang,0,no_directory_point_not_zero_output
8072,Morena,0,no_directory_point_not_zero_output
8073,Wen,0,no_directory_point_not_zero_output
8074,Raver,0,no_directory_point_not_zero_output
8075,Hengshui,2,directory_points_only
8076,Khanapur,0,no_directory_point_not_zero_output
8077,Ci,0,no_directory_point_not_zero_output
8078,Karmala,0,no_directory_point_not_zero_output
8079,Jinghai,0,no_directory_point_not_zero_output
8080,Rampur,0,no_directory_point_not_zero_output
8081,Jize,0,no_directory_point_not_zero_output
8082,Jamkhed,0,no_directory_point_not_zero_output
8083,Jianshi,0,no_directory_point_not_zero_output
8084,Rajakhera,0,no_directory_point_not_zero_output
8085,Gongyi,1,directory_points_only
8086,Kusnal,0,no_directory_point_not_zero_output
8087,Lingyuan,0,no_directory_point_not_zero_output
8088,Guna,1,directory_points_only
8089,Ruyang,0,no_directory_point_not_zero_output
8090,Sahaswan,0,no_directory_point_not_zero_output
8091,瓮安县,0,no_directory_point_not_zero_output
8092,Khandwa,1,directory_points_only
8093,Jianping,0,no_directory_point_not_zero_output
8094,Maktainagar,0,no_directory_point_not_zero_output
8095,Jizhou,0,no_directory_point_not_zero_output
8096,Kasganj,0,no_directory_point_not_zero_output
8097,Xianfeng,0,no_directory_point_not_zero_output
8098,Firozabad,0,no_directory_point_not_zero_output
8099,Funing,0,no_directory_point_not_zero_output
8100,Fatehabad,0,no_directory_point_not_zero_output
8102,Ashta,0,no_directory_point_not_zero_output
8103,Qianxi,0,no_directory_point_not_zero_output
8104,UNNAMED,0,no_directory_point_not_zero_output
8106,Surajpur,0,no_directory_point_not_zero_output
8107,Zhaozhou,0,no_directory_point_not_zero_output
8108,Sahabad,0,no_directory_point_not_zero_output
8109,Quzhou,0,no_directory_point_not_zero_output
8110,Shivpuri,0,no_directory_point_not_zero_output
8112,Bamaur,0,no_directory_point_not_zero_output
8113,Linzhang,0,no_directory_point_not_zero_output
8114,Burhanpur,0,no_directory_point_not_zero_output
8115,Shancheng,0,no_directory_point_not_zero_output
8116,Bisauli,0,no_directory_point_not_zero_output
8118,Soron,0,no_directory_point_not_zero_output
8119,Cheng'an,0,no_directory_point_not_zero_output
8120,Ambah,0,no_directory_point_not_zero_output
8122,Gokak,0,no_directory_point_not_zero_output
8123,Youyang,0,no_directory_point_not_zero_output
8124,Dandeli,0,no_directory_point_not_zero_output
8125,UNNAMED,0,no_directory_point_not_zero_output
8126,Bilaspur,0,no_directory_point_not_zero_output
8127,Neixiang,0,no_directory_point_not_zero_output
8128,UNNAMED,0,no_directory_point_not_zero_output
8129,Zaoqiang,0,no_directory_point_not_zero_output
8130,Etah,0,no_directory_point_not_zero_output
8132,Narsinghgarh,0,no_directory_point_not_zero_output
8133,Fengrun,0,no_directory_point_not_zero_output
8134,UNNAMED,0,no_directory_point_not_zero_output
8135,Dengfeng,0,no_directory_point_not_zero_output
8136,Milak,0,no_directory_point_not_zero_output
8137,Qing,0,no_directory_point_not_zero_output
8138,Jalna,1,directory_points_only
8139,Badong,0,no_directory_point_not_zero_output
8140,Sangole,0,no_directory_point_not_zero_output
8141,Sinan,0,no_directory_point_not_zero_output
8142,Almora,5,directory_points_only
8143,Danjiangkou,0,no_directory_point_not_zero_output
8144,Gwalior,11,directory_points_only
8145,Fuquan,0,no_directory_point_not_zero_output
8146,Ambad,0,no_directory_point_not_zero_output
8147,Zhaodong,0,no_directory_point_not_zero_output
8148,Haldwani,4,directory_points_only
8149,Tangyin,0,no_directory_point_not_zero_output
8150,Rudrapur,0,no_directory_point_not_zero_output
8152,Malkapur,1,directory_points_only
8153,Ruzhou,0,no_directory_point_not_zero_output
8154,Aron,0,no_directory_point_not_zero_output
8155,Lanxi,0,no_directory_point_not_zero_output
8156,UNNAMED,0,no_directory_point_not_zero_output
8157,Xinxiang,5,directory_points_only
8158,Paranda,0,no_directory_point_not_zero_output
8159,Tangshan,9,directory_points_only
8160,Athani,0,no_directory_point_not_zero_output
8161,Hebi,1,directory_points_only
8162,Kurduvadi,1,directory_points_only
8164,Pandharpur,0,no_directory_point_not_zero_output
8165,Songyuan,0,no_directory_point_not_zero_output
8166,Bailahongala,0,no_directory_point_not_zero_output
8168,Wazirganj,0,no_directory_point_not_zero_output
8169,Harqin,0,no_directory_point_not_zero_output
8170,Porsa,0,no_directory_point_not_zero_output
8172,Georai,0,no_directory_point_not_zero_output
8174,Shikohabad,0,no_directory_point_not_zero_output
8176,UNNAMED,0,no_directory_point_not_zero_output
8177,Longshan,0,no_directory_point_not_zero_output
8178,Yellapur,0,no_directory_point_not_zero_output
8179,Suihua,1,directory_points_only
8180,Ujhani,0,no_directory_point_not_zero_output
8181,Qixian,0,no_directory_point_not_zero_output
8182,Jasrana,0,no_directory_point_not_zero_output
8183,Botou,0,no_directory_point_not_zero_output
8184,Malanpur,0,no_directory_point_not_zero_output
8185,Cangzhou,4,directory_points_only
8186,Buldhana,0,no_directory_point_not_zero_output
8187,Wei,0,no_directory_point_not_zero_output
8188,Jath,0,no_directory_point_not_zero_output
8189,Zhengzhou,73,directory_points_only
8190,Sehore,0,no_directory_point_not_zero_output
8192,Beed,1,directory_points_only
8193,Binhai,11,directory_points_only
8194,Aonla,0,no_directory_point_not_zero_output
8195,Nanzhao,0,no_directory_point_not_zero_output
8196,Leteri,0,no_directory_point_not_zero_output
8198,Rabakavi Banahatti,0,no_directory_point_not_zero_output
8199,Xinmi,0,no_directory_point_not_zero_output
8200,Ganj Dundwara,0,no_directory_point_not_zero_output
8201,Duyun,1,directory_points_only
8202,Kichha,0,no_directory_point_not_zero_output
8205,Chaoyang,1,directory_points_only
8206,Bah,0,no_directory_point_not_zero_output
8207,中塘镇,0,no_directory_point_not_zero_output
8208,Sirsaganj,0,no_directory_point_not_zero_output
8209,Qinghe,0,no_directory_point_not_zero_output
8210,Baheri,0,no_directory_point_not_zero_output
8211,Jing,0,no_directory_point_not_zero_output
8212,Budaun,0,no_directory_point_not_zero_output
8213,Gucheng,0,no_directory_point_not_zero_output
8214,Gormi,0,no_directory_point_not_zero_output
8215,Beipiao,0,no_directory_point_not_zero_output
8216,Gohad,0,no_directory_point_not_zero_output
8218,Paul Pothen Nagar,0,no_directory_point_not_zero_output
8219,Gucheng,0,no_directory_point_not_zero_output
8220,Chikhli,1,directory_points_only
8221,Qian'an,0,no_directory_point_not_zero_output
8222,Mangalwedha,0,no_directory_point_not_zero_output
8224,Bareilly,5,directory_points_only
8225,Shilong,0,no_directory_point_not_zero_output
8226,Dharwad,6,directory_points_only
8227,庆安县,0,no_directory_point_not_zero_output
8228,Ashoknagar,0,no_directory_point_not_zero_output
8229,Zhenping,0,no_directory_point_not_zero_output
8230,Barshi,1,directory_points_only
8232,UNNAMED,0,no_directory_point_not_zero_output
8233,Guantao,0,no_directory_point_not_zero_output
8234,Sirsi,1,directory_points_only
8236,UNNAMED,0,no_directory_point_not_zero_output
8237,Yuanyang,0,no_directory_point_not_zero_output
8238,Nandura,0,no_directory_point_not_zero_output
8239,Xiushan,0,no_directory_point_not_zero_output
8240,Jalgaon Jamod,0,no_directory_point_not_zero_output
8242,Jamakhandi,0,no_directory_point_not_zero_output
8243,Lushan,0,no_directory_point_not_zero_output
8244,Karera,0,no_directory_point_not_zero_output
8245,Dengzhou,0,no_directory_point_not_zero_output
8246,Berasia,0,no_directory_point_not_zero_output
8248,Saundatti,0,no_directory_point_not_zero_output
8249,Dezhou,1,directory_points_only
8250,Jaithra,0,no_directory_point_not_zero_output
8251,Daming,0,no_directory_point_not_zero_output
8252,Kakrala,0,no_directory_point_not_zero_output
8253,Linqing,1,directory_points_only
8254,UNNAMED,0,no_directory_point_not_zero_output
8255,Huaxian,0,no_directory_point_not_zero_output
8256,Dabra,0,no_directory_point_not_zero_output
8257,Kaili,0,no_directory_point_not_zero_output
8258,Bhopal,36,directory_points_only
8259,Jianchang,0,no_directory_point_not_zero_output
8260,Mahgawan,0,no_directory_point_not_zero_output
8262,Sitarganj,0,no_directory_point_not_zero_output
8263,Dushan,0,no_directory_point_not_zero_output
8264,Mudhol,0,no_directory_point_not_zero_output
8265,Neihuang,0,no_directory_point_not_zero_output
8266,UNNAMED,0,no_directory_point_not_zero_output
8267,Xinglong,0,no_directory_point_not_zero_output
8268,Sironj,0,no_directory_point_not_zero_output
8269,Yanjin,0,no_directory_point_not_zero_output
8271,Luanzhou,0,no_directory_point_not_zero_output
8273,Khamgaon,0,no_directory_point_not_zero_output
8274,Nanyang,6,directory_points_only
8275,Hubballi,5,directory_points_only
8276,Jia,0,no_directory_point_not_zero_output
8277,Sainthal,0,no_directory_point_not_zero_output
8278,Guanxian,0,no_directory_point_not_zero_output
8279,Mainpuri,1,directory_points_only
8280,Yuzhou,0,no_directory_point_not_zero_output
8281,Udupi,10,directory_points_only
8282,Baise,3,directory_points_only
8283,Harda,0,no_directory_point_not_zero_output
8284,Tieli,0,no_directory_point_not_zero_output
8285,Nawabganj,0,no_directory_point_not_zero_output
8286,Huanghua,0,no_directory_point_not_zero_output
8287,Karhal,0,no_directory_point_not_zero_output
8288,夏津县,0,no_directory_point_not_zero_output
8289,Dataganj,0,no_directory_point_not_zero_output
8290,Xiaoxiang,7,directory_points_only
8291,Aliganj,0,no_directory_point_not_zero_output
8292,Xinzheng,1,directory_points_only
8293,Jaswantnagar,0,no_directory_point_not_zero_output
8294,Zhongmu,0,no_directory_point_not_zero_output
8295,Khaniadhana,0,no_directory_point_not_zero_output
8297,Bhind,0,no_directory_point_not_zero_output
8298,Pingdingshan,3,directory_points_only
8299,Saifai,0,no_directory_point_not_zero_output
8300,Luannan,0,no_directory_point_not_zero_output
8301,Faridpur,0,no_directory_point_not_zero_output
8302,Puyang,2,directory_points_only
8303,Datia,0,no_directory_point_not_zero_output
8304,Huayuan,0,no_directory_point_not_zero_output
8305,Shegaon,0,no_directory_point_not_zero_output
8306,Ningjin,0,no_directory_point_not_zero_output
8307,Majalgaon,0,no_directory_point_not_zero_output
8308,Jingxi,0,no_directory_point_not_zero_output
8309,Pithoragarh,0,no_directory_point_not_zero_output
8310,陵城区,0,no_directory_point_not_zero_output
8311,Etawah,0,no_directory_point_not_zero_output
8312,Fengqiu,0,no_directory_point_not_zero_output
8313,Indergarh,0,no_directory_point_not_zero_output
8314,Changge,0,no_directory_point_not_zero_output
8315,Hanagal,0,no_directory_point_not_zero_output
8316,Xinye,0,no_directory_point_not_zero_output
8317,Sagara,0,no_directory_point_not_zero_output
8318,Shuangliao,0,no_directory_point_not_zero_output
8319,Mangaluru,20,directory_points_only
8320,Fuxin,1,directory_points_only
8321,Pilibhit,1,directory_points_only
8322,Fangcheng,0,no_directory_point_not_zero_output
8323,Bhongaon,0,no_directory_point_not_zero_output
8324,Baojing,0,no_directory_point_not_zero_output
8325,Mandideep,0,no_directory_point_not_zero_output
8326,Yongshun,0,no_directory_point_not_zero_output
8327,Khatīma,0,no_directory_point_not_zero_output
8328,Pingyuan,0,no_directory_point_not_zero_output
8329,Chanderi,0,no_directory_point_not_zero_output
8330,Kaifeng,9,directory_points_only
8331,Nargund,0,no_directory_point_not_zero_output
8332,Harbin,60,directory_points_only
8333,Shiggaon,1,directory_points_only
8334,Fancheng,3,directory_points_only
8335,Kaimganj,0,no_directory_point_not_zero_output
8336,Nanzhang,0,no_directory_point_not_zero_output
8337,Mehkar,0,no_directory_point_not_zero_output
8338,Changyuan,0,no_directory_point_not_zero_output
8339,Osmanabad,2,directory_points_only
8340,Sangzhi,0,no_directory_point_not_zero_output
8341,Solapur,2,directory_points_only
8342,高唐县,0,no_directory_point_not_zero_output
8343,Vijayapura,5,directory_points_only
8344,Shenxian,0,no_directory_point_not_zero_output
8345,Rafiabad Kalan,0,no_directory_point_not_zero_output
8346,Ye,0,no_directory_point_not_zero_output
8347,Balapur,0,no_directory_point_not_zero_output
8348,Sheqi,0,no_directory_point_not_zero_output
8349,Seondha,0,no_directory_point_not_zero_output
8350,Changli,1,directory_points_only
8351,Sailu,0,no_directory_point_not_zero_output
8353,Jhansi,4,directory_points_only
8354,Tongren,0,no_directory_point_not_zero_output
8355,UNNAMED,0,no_directory_point_not_zero_output
8356,Xuchang,1,directory_points_only
8357,Shamshabad,0,no_directory_point_not_zero_output
8358,Liaocheng,5,directory_points_only
8359,Bewar,0,no_directory_point_not_zero_output
8360,Yixian,0,no_directory_point_not_zero_output
8361,Basoda,0,no_directory_point_not_zero_output
8362,Laoting,0,no_directory_point_not_zero_output
8363,Vidisha,0,no_directory_point_not_zero_output
8364,Laoling,0,no_directory_point_not_zero_output
8366,Yichang,7,directory_points_only
8367,Miranpur Katra,0,no_directory_point_not_zero_output
8368,Weishi,0,no_directory_point_not_zero_output
8369,Tuljapur,0,no_directory_point_not_zero_output
8370,Shuangcheng,0,no_directory_point_not_zero_output
8371,Bisalpur,0,no_directory_point_not_zero_output
8372,Qinhuangdao,9,directory_points_only
8374,Tanghe,0,no_directory_point_not_zero_output
8375,Raisen,0,no_directory_point_not_zero_output
8376,Yanggu,0,no_directory_point_not_zero_output
8377,Bagalkot,3,directory_points_only
8378,Jishou,0,no_directory_point_not_zero_output
8379,Akot,0,no_directory_point_not_zero_output
8380,Chiping,0,no_directory_point_not_zero_output
8381,Bhander,0,no_directory_point_not_zero_output
8382,Xinhuang,0,no_directory_point_not_zero_output
8383,Bakewar,0,no_directory_point_not_zero_output
8385,Lahar,0,no_directory_point_not_zero_output
8386,Yucheng,0,no_directory_point_not_zero_output
8387,Tilhar,0,no_directory_point_not_zero_output
8388,Dongming,0,no_directory_point_not_zero_output
8389,Bharthana,0,no_directory_point_not_zero_output
8390,Tiandong County,0,no_directory_point_not_zero_output
8391,Ambajogai,1,directory_points_only
8392,Nong'an,0,no_directory_point_not_zero_output
8393,Lakshmeshvara,0,no_directory_point_not_zero_output
8394,Linyi,0,no_directory_point_not_zero_output
8395,Haveri,0,no_directory_point_not_zero_output
8396,Jinzhou,6,directory_points_only
8397,Indi,0,no_directory_point_not_zero_output
8398,Linying,0,no_directory_point_not_zero_output
8399,Akola,4,directory_points_only
8400,Wuyang,0,no_directory_point_not_zero_output
8401,Neeleshwaram,3,directory_points_only
8402,Yicheng,0,no_directory_point_not_zero_output
8403,Jalalabad,0,no_directory_point_not_zero_output
8404,Tongxu,0,no_directory_point_not_zero_output
8405,Bina Etawa,0,no_directory_point_not_zero_output
8406,Yanling,0,no_directory_point_not_zero_output
8407,Lalitpur,2,directory_points_only
8408,Fuyu,0,no_directory_point_not_zero_output
8409,Tirthahalli,0,no_directory_point_not_zero_output
8410,Wugang,0,no_directory_point_not_zero_output
8411,Nigohi,0,no_directory_point_not_zero_output
8412,Taiqian,0,no_directory_point_not_zero_output
8413,Risod,0,no_directory_point_not_zero_output
8414,Lankao,0,no_directory_point_not_zero_output
8415,Jintur,0,no_directory_point_not_zero_output
8416,Zhangjiajie,1,directory_points_only
8417,UNNAMED,0,no_directory_point_not_zero_output
8418,Huludao,0,no_directory_point_not_zero_output
8419,Farrukhabad,0,no_directory_point_not_zero_output
8420,Juancheng,0,no_directory_point_not_zero_output
8421,Hoshangabad,0,no_directory_point_not_zero_output
8422,无棣县,0,no_directory_point_not_zero_output
8423,Parli,0,no_directory_point_not_zero_output
8424,Shanghe,0,no_directory_point_not_zero_output
8425,Gadag,0,no_directory_point_not_zero_output
8426,Dong'e,0,no_directory_point_not_zero_output
8427,Chhibramau,0,no_directory_point_not_zero_output
8428,Suizhong,0,no_directory_point_not_zero_output
8429,Chirgaon,0,no_directory_point_not_zero_output
8430,Nancha,0,no_directory_point_not_zero_output
8431,Puranpur,0,no_directory_point_not_zero_output
8432,Acheng,0,no_directory_point_not_zero_output
8433,Shahjahanpur,1,directory_points_only
8434,Xingcheng,1,directory_points_only
8435,Allahganj,0,no_directory_point_not_zero_output
8436,齐河县,1,directory_points_only
8437,Rampura,0,no_directory_point_not_zero_output
8438,Qixian,0,no_directory_point_not_zero_output
8439,Akkalkot,0,no_directory_point_not_zero_output
8440,Yidu,0,no_directory_point_not_zero_output
8441,Itarsi,0,no_directory_point_not_zero_output
8442,Zaoyang,0,no_directory_point_not_zero_output
8443,Sarai Ajitmal,0,no_directory_point_not_zero_output
8444,Dangyang,0,no_directory_point_not_zero_output
8445,Madhogarh,0,no_directory_point_not_zero_output
8447,Moth,0,no_directory_point_not_zero_output
8448,Luohe,3,directory_points_only
8449,Niwari,0,no_directory_point_not_zero_output
8450,Mayang,0,no_directory_point_not_zero_output
8451,Puttur,2,directory_points_only
8452,Fugou,0,no_directory_point_not_zero_output
8453,Kamalganj,0,no_directory_point_not_zero_output
8454,Huji,0,no_directory_point_not_zero_output
8455,Anjangaon,0,no_directory_point_not_zero_output
8456,Heze,4,directory_points_only
8457,Khurai,0,no_directory_point_not_zero_output
8458,Dehui,0,no_directory_point_not_zero_output
8459,Banda,0,no_directory_point_not_zero_output
8460,Biyang,0,no_directory_point_not_zero_output
8461,Parbhani,1,directory_points_only
8462,Zhicheng,0,no_directory_point_not_zero_output
8464,Bin,0,no_directory_point_not_zero_output
8465,Latur,4,directory_points_only
8466,Longzhou,0,no_directory_point_not_zero_output
8467,Konch,0,no_directory_point_not_zero_output
8468,Heishan,0,no_directory_point_not_zero_output
8469,Bidhuna,0,no_directory_point_not_zero_output
8470,Jīnchéngjiāng,0,no_directory_point_not_zero_output
8471,Ausa,0,no_directory_point_not_zero_output
8472,平阴县,0,no_directory_point_not_zero_output
8473,Ranebennur,0,no_directory_point_not_zero_output
8474,Zhijiang,0,no_directory_point_not_zero_output
8475,UNNAMED,0,no_directory_point_not_zero_output
8476,Jinan,111,directory_points_only
8477,Pawayan,0,no_directory_point_not_zero_output
8478,Jiyang,0,no_directory_point_not_zero_output
8479,Daryapur,0,no_directory_point_not_zero_output
8481,UNNAMED,0,no_directory_point_not_zero_output
8482,Daxin,0,no_directory_point_not_zero_output
8483,Gangakhed,0,no_directory_point_not_zero_output
8484,Xiping,0,no_directory_point_not_zero_output
8485,UNNAMED,0,no_directory_point_not_zero_output
8486,Jingmen,6,directory_points_only
8487,Shahabad,0,no_directory_point_not_zero_output
8488,Zhijiang,0,no_directory_point_not_zero_output
8489,Shivamogga,5,directory_points_only
8490,Yuanling,0,no_directory_point_not_zero_output
8491,Gursahaiganj,0,no_directory_point_not_zero_output
8492,郓城县,0,no_directory_point_not_zero_output
8493,Sindagi,0,no_directory_point_not_zero_output
8494,石横镇,0,no_directory_point_not_zero_output
8495,Washim,1,directory_points_only
8496,梁山县,0,no_directory_point_not_zero_output
8497,Kannur,5,directory_points_only
8498,Minquan,0,no_directory_point_not_zero_output
8499,Gajendragad,0,no_directory_point_not_zero_output
8500,Cili,0,no_directory_point_not_zero_output
8501,Honnali,0,no_directory_point_not_zero_output
8502,Chenxi,0,no_directory_point_not_zero_output
8504,Lishu,0,no_directory_point_not_zero_output
8505,Jalaun,1,directory_points_only
8506,Huaihua,2,directory_points_only
8507,Rahatgarh,0,no_directory_point_not_zero_output
8508,Pingguo,0,no_directory_point_not_zero_output
8509,Achalpur,1,directory_points_only
8510,Changchun,61,directory_points_only
8511,Murtijapur,0,no_directory_point_not_zero_output
8512,Xinmin,0,no_directory_point_not_zero_output
8513,Muddebihala,0,no_directory_point_not_zero_output
8514,Suiping,0,no_directory_point_not_zero_output
8515,Begamganj,0,no_directory_point_not_zero_output
8516,Sui,0,no_directory_point_not_zero_output
8517,Khular,0,no_directory_point_not_zero_output
8518,Songzi,0,no_directory_point_not_zero_output
8519,Auraiya,0,no_directory_point_not_zero_output
8520,Ningming,0,no_directory_point_not_zero_output
8521,Mundaragi,0,no_directory_point_not_zero_output
8522,Shimen,0,no_directory_point_not_zero_output
8523,Tikamgarh,0,no_directory_point_not_zero_output
8524,肥城市,0,no_directory_point_not_zero_output
8525,Gursarai,0,no_directory_point_not_zero_output
8526,Dongping,0,no_directory_point_not_zero_output
8527,Sulya,2,directory_points_only
8528,Tongbai,0,no_directory_point_not_zero_output
8529,Mohmadi,0,no_directory_point_not_zero_output
8530,Hongjiang,0,no_directory_point_not_zero_output
8531,Harihara,0,no_directory_point_not_zero_output
8532,Yushu,0,no_directory_point_not_zero_output
8533,Tirwaganj,0,no_directory_point_not_zero_output
8534,魏桥镇,0,no_directory_point_not_zero_output
8535,Hingoli,0,no_directory_point_not_zero_output
8536,Gongzhuling,0,no_directory_point_not_zero_output
8537,Huvina Hadagali,0,no_directory_point_not_zero_output
8538,Siping,2,directory_points_only
8539,Bhadravathi,0,no_directory_point_not_zero_output
8540,Hegang,1,directory_points_only
8541,Sandi,0,no_directory_point_not_zero_output
8542,Taikang,0,no_directory_point_not_zero_output
8543,Bareli,0,no_directory_point_not_zero_output
8545,Mangrul Pir,0,no_directory_point_not_zero_output
8546,Caoxian,0,no_directory_point_not_zero_output
8547,Umarga,0,no_directory_point_not_zero_output
8548,Zhongxiang,0,no_directory_point_not_zero_output
8550,Shangcai,0,no_directory_point_not_zero_output
8551,Alanda,0,no_directory_point_not_zero_output
8552,Zhumadian,2,directory_points_only
8553,Purna,0,no_directory_point_not_zero_output
8555,Orai,0,no_directory_point_not_zero_output
8556,Binzhou,6,directory_points_only
8557,Mau Ranipur,0,no_directory_point_not_zero_output
8558,Juye,0,no_directory_point_not_zero_output
8559,Betul,0,no_directory_point_not_zero_output
8560,Dahua,0,no_directory_point_not_zero_output
8561,Kannauj,2,directory_points_only
8562,Diaobingshan,0,no_directory_point_not_zero_output
8563,Nilanga,0,no_directory_point_not_zero_output
8564,Anyang,0,no_directory_point_not_zero_output
8565,Sikandra,0,no_directory_point_not_zero_output
8566,Zhoukou,1,directory_points_only
8567,Ahmadpur,0,no_directory_point_not_zero_output
8568,Panjin,2,directory_points_only
8569,Davanagere,6,directory_points_only
8570,Ningling,0,no_directory_point_not_zero_output
8571,Pihani,0,no_directory_point_not_zero_output
8572,Wenshang,0,no_directory_point_not_zero_output
8573,Karanja,0,no_directory_point_not_zero_output
8574,Jiutai,0,no_directory_point_not_zero_output
8575,Mudigere,0,no_directory_point_not_zero_output
8576,Changtu,0,no_directory_point_not_zero_output
8577,Palia,0,no_directory_point_not_zero_output
8578,Jingzhou,5,directory_points_only
8579,Jhinjhak,0,no_directory_point_not_zero_output
8580,Xiazhou,0,no_directory_point_not_zero_output
8581,Kushtagi,0,no_directory_point_not_zero_output
8582,Jingzhou,0,no_directory_point_not_zero_output
8583,Harapanahalli,0,no_directory_point_not_zero_output
8584,Mashan,0,no_directory_point_not_zero_output
8585,Chandur Bazar,0,no_directory_point_not_zero_output
8586,Zhangqiu,2,directory_points_only
8587,Hardoi,0,no_directory_point_not_zero_output
8588,成武县,0,no_directory_point_not_zero_output
8589,Basmat,0,no_directory_point_not_zero_output
8590,Lixian,0,no_directory_point_not_zero_output
8591,Bilgram,0,no_directory_point_not_zero_output
8592,Xupu,0,no_directory_point_not_zero_output
8593,Koppala,0,no_directory_point_not_zero_output
8594,Huaiyang,1,directory_points_only
8595,Thalassery,2,directory_points_only
8596,嘉祥县,0,no_directory_point_not_zero_output
8597,Sansarpur,0,no_directory_point_not_zero_output
8599,Tarikere,0,no_directory_point_not_zero_output
8600,Hechi,0,no_directory_point_not_zero_output
8601,Sagar,2,directory_points_only
8602,Linli,0,no_directory_point_not_zero_output
8603,Chikkamagaluru,0,no_directory_point_not_zero_output
8604,Tai'an,9,directory_points_only
8605,Maigalganj,0,no_directory_point_not_zero_output
8606,Liaozhong,0,no_directory_point_not_zero_output
8607,Loha,0,no_directory_point_not_zero_output
8608,Runan,0,no_directory_point_not_zero_output
8609,Pipariya,0,no_directory_point_not_zero_output
8610,Suizhou,2,directory_points_only
8611,Amravati,7,directory_points_only
8613,UNNAMED,0,no_directory_point_not_zero_output
8614,Kaiyuan,0,no_directory_point_not_zero_output
8615,Udaipura,0,no_directory_point_not_zero_output
8616,Wuchang,0,no_directory_point_not_zero_output
8617,Amla,0,no_directory_point_not_zero_output
8618,宁阳县,0,no_directory_point_not_zero_output
8619,Hagaribommanahalli,0,no_directory_point_not_zero_output
8620,Shangqiu,4,directory_points_only
8621,Sakleshpur,0,no_directory_point_not_zero_output
8622,Zhecheng,0,no_directory_point_not_zero_output
8623,Mallanwan,0,no_directory_point_not_zero_output
8624,Gong'an,0,no_directory_point_not_zero_output
8625,Bilhaur,0,no_directory_point_not_zero_output
8626,东营区,2,directory_points_only
8627,Kalpi,0,no_directory_point_not_zero_output
8628,Boxing,2,directory_points_only
8629,Nanded-Waghala,2,directory_points_only
8630,Shenyang,79,directory_points_only
8631,Belur,0,no_directory_point_not_zero_output
8633,Pukhrayan,0,no_directory_point_not_zero_output
8635,Rath,0,no_directory_point_not_zero_output
8636,Xinchengzi,0,no_directory_point_not_zero_output
8637,Basavakalyana,0,no_directory_point_not_zero_output
8638,Tonghe,0,no_directory_point_not_zero_output
8639,Kalaburagi,3,directory_points_only
8640,Minggang,0,no_directory_point_not_zero_output
8641,Lingasugur,0,no_directory_point_not_zero_output
8642,Tieling,0,no_directory_point_not_zero_output
8643,Maholi,0,no_directory_point_not_zero_output
8644,Jining,7,directory_points_only
8645,Banda,0,no_directory_point_not_zero_output
8646,Jinxiang,0,no_directory_point_not_zero_output
8647,Udgir,0,no_directory_point_not_zero_output
8648,Taoyuan,0,no_directory_point_not_zero_output
8649,Biruru,0,no_directory_point_not_zero_output
8650,Fusui,0,no_directory_point_not_zero_output
8651,Morshi,0,no_directory_point_not_zero_output
8652,兖州区,2,directory_points_only
8653,Pusad,1,directory_points_only
8654,Shanxian,0,no_directory_point_not_zero_output
8655,Jevaragi,0,no_directory_point_not_zero_output
8656,Xiangcheng,0,no_directory_point_not_zero_output
8658,Changde,2,directory_points_only
8659,Hosapete,0,no_directory_point_not_zero_output
8660,Anhua,0,no_directory_point_not_zero_output
8661,Kaduru,0,no_directory_point_not_zero_output
8663,Jainpur,0,no_directory_point_not_zero_output
8664,Zibo,6,directory_points_only
8665,Bangarmau,0,no_directory_point_not_zero_output
8666,Rongshui,0,no_directory_point_not_zero_output
8667,Nowgaon,0,no_directory_point_not_zero_output
8668,Yitong,0,no_directory_point_not_zero_output
8669,UNNAMED,0,no_directory_point_not_zero_output
8670,京山市,0,no_directory_point_not_zero_output
8671,Darwha,0,no_directory_point_not_zero_output
8672,Dancheng,0,no_directory_point_not_zero_output
8673,Kozhikode,15,directory_points_only
8674,Guruvayur,7,directory_points_only
8675,Malappuram,8,directory_points_only
8677,Wuming,0,no_directory_point_not_zero_output
8678,Multai,0,no_directory_point_not_zero_output
8680,Digras,0,no_directory_point_not_zero_output
8683,Pingyu,0,no_directory_point_not_zero_output
8684,Shorapur,0,no_directory_point_not_zero_output
8686,Lakhimpur,0,no_directory_point_not_zero_output
8687,Rongan,0,no_directory_point_not_zero_output
8688,Gangawati,0,no_directory_point_not_zero_output
8689,Jiamusi,2,directory_points_only
8690,Shahabad,0,no_directory_point_not_zero_output
8691,Shanhe,0,no_directory_point_not_zero_output
8692,Kulpahar,0,no_directory_point_not_zero_output
8693,Zhengyang,0,no_directory_point_not_zero_output
8694,Humanabad,0,no_directory_point_not_zero_output
8696,Shahapura,0,no_directory_point_not_zero_output
8698,Maski,0,no_directory_point_not_zero_output
8699,Xinyang,4,directory_points_only
8701,Fangzheng,0,no_directory_point_not_zero_output
8702,Jagaluru,0,no_directory_point_not_zero_output
8703,Shangzhi,0,no_directory_point_not_zero_output
8704,Kushalanagara,0,no_directory_point_not_zero_output
8705,Shuangyang,0,no_directory_point_not_zero_output
8706,Muskira,0,no_directory_point_not_zero_output
8708,Bhalki,0,no_directory_point_not_zero_output
8709,Xifeng,0,no_directory_point_not_zero_output
8711,Guangrao,0,no_directory_point_not_zero_output
8712,Sitapur,0,no_directory_point_not_zero_output
8713,Fuhe,0,no_directory_point_not_zero_output
8714,Gadarwara,0,no_directory_point_not_zero_output
8715,Yingkou,1,directory_points_only
8716,Warud,0,no_directory_point_not_zero_output
8717,Nanning,49,directory_points_only
8718,Wadi,0,no_directory_point_not_zero_output
8719,Laiwu,1,directory_points_only
8720,Hassan,2,directory_points_only
8721,Luyi,0,no_directory_point_not_zero_output
8722,Kanpur,17,directory_points_only
8723,Dongkou,0,no_directory_point_not_zero_output
8724,Charkhari,0,no_directory_point_not_zero_output
8725,Shulan,0,no_directory_point_not_zero_output
8726,Umarkhed,1,directory_points_only
8728,Hadgaon,0,no_directory_point_not_zero_output
8729,Zoucheng,1,directory_points_only
8730,Kampli,0,no_directory_point_not_zero_output
8732,Kurara,0,no_directory_point_not_zero_output
8733,Qianjiang,2,directory_points_only
8734,Rehli,0,no_directory_point_not_zero_output
8735,Anxiang,0,no_directory_point_not_zero_output
8736,Sandila,0,no_directory_point_not_zero_output
8738,Safipur,0,no_directory_point_not_zero_output
8739,Tianmen,1,directory_points_only
8740,Chhatarpur,2,directory_points_only
8741,Shishou,0,no_directory_point_not_zero_output
8742,Garhakota,0,no_directory_point_not_zero_output
8743,Xihe,0,no_directory_point_not_zero_output
8744,Chitradurga,0,no_directory_point_not_zero_output
8745,Liaoyuan,0,no_directory_point_not_zero_output
8746,Deori Khas,0,no_directory_point_not_zero_output
8747,Fushun,4,directory_points_only
8748,Bijawar,0,no_directory_point_not_zero_output
8749,Guangshui,0,no_directory_point_not_zero_output
8750,Sindhanur,0,no_directory_point_not_zero_output
8753,Anshan,6,directory_points_only
8754,Bhokar,0,no_directory_point_not_zero_output
8755,Sishui,0,no_directory_point_not_zero_output
8756,Arvi,0,no_directory_point_not_zero_output
8757,鱼台县,0,no_directory_point_not_zero_output
8758,Arasikere,0,no_directory_point_not_zero_output
8759,大王镇,0,no_directory_point_not_zero_output
8760,Ghatampur,0,no_directory_point_not_zero_output
8761,Gaosha,0,no_directory_point_not_zero_output
8762,Toranagallu,0,no_directory_point_not_zero_output
8763,Lijiazui,0,no_directory_point_not_zero_output
8764,Arni,0,no_directory_point_not_zero_output
8765,Hanshou,0,no_directory_point_not_zero_output
8766,Laharpur,0,no_directory_point_not_zero_output
8767,Dengta,0,no_directory_point_not_zero_output
8768,Yavatmal,0,no_directory_point_not_zero_output
8769,Liaoyang,2,directory_points_only
8770,Mahoba,0,no_directory_point_not_zero_output
8772,Pandhurna,0,no_directory_point_not_zero_output
8773,Haicheng,0,no_directory_point_not_zero_output
8774,Degloor,0,no_directory_point_not_zero_output
8776,Holenarasipura,0,no_directory_point_not_zero_output
8777,Jilin,11,directory_points_only
8778,Parasia,0,no_directory_point_not_zero_output
8780,Unnao,1,directory_points_only
8781,Bozhou,1,directory_points_only
8782,Yadgir,0,no_directory_point_not_zero_output
8783,Anlu,0,no_directory_point_not_zero_output
8784,Bharwa Sumerpur,0,no_directory_point_not_zero_output
8785,Wugang,0,no_directory_point_not_zero_output
8786,Maudaha,0,no_directory_point_not_zero_output
8787,Dashiqiao,0,no_directory_point_not_zero_output
8788,Kareli,0,no_directory_point_not_zero_output
8790,Siruguppa,0,no_directory_point_not_zero_output
8791,Xiayi,0,no_directory_point_not_zero_output
8792,Bidar,2,directory_points_only
8793,Wushengguan,0,no_directory_point_not_zero_output
8794,Sidhauli,0,no_directory_point_not_zero_output
8795,Nanxian,0,no_directory_point_not_zero_output
8796,Pulgaon,0,no_directory_point_not_zero_output
8797,Xinhua,0,no_directory_point_not_zero_output
8798,Damoh,0,no_directory_point_not_zero_output
8799,Bayuquan,0,no_directory_point_not_zero_output
8800,Challakere,0,no_directory_point_not_zero_output
8801,Dangshan,0,no_directory_point_not_zero_output
8802,Malihabad,0,no_directory_point_not_zero_output
8803,Binyang,0,no_directory_point_not_zero_output
8804,Jahanbad,0,no_directory_point_not_zero_output
8805,钢城区,0,no_directory_point_not_zero_output
8806,Manvi,0,no_directory_point_not_zero_output
8807,Jieshou,0,no_directory_point_not_zero_output
8808,Channarayapattana,0,no_directory_point_not_zero_output
8809,Liuzhou,13,directory_points_only
8810,Ballari,4,directory_points_only
8811,Fengxian,0,no_directory_point_not_zero_output
8812,Tipaturu,0,no_directory_point_not_zero_output
8813,Xincai,0,no_directory_point_not_zero_output
8814,Hunsur,0,no_directory_point_not_zero_output
8815,Mong Cai,0,no_directory_point_not_zero_output
8816,Biswan,0,no_directory_point_not_zero_output
8817,Loushan,0,no_directory_point_not_zero_output
8818,Hiriyur,0,no_directory_point_not_zero_output
8820,Nawab Ganj,0,no_directory_point_not_zero_output
8821,Qingzhou,3,directory_points_only
8822,Hatta,0,no_directory_point_not_zero_output
8823,Xintai,1,directory_points_only
8824,Katol,0,no_directory_point_not_zero_output
8825,Yingcheng,0,no_directory_point_not_zero_output
8826,Narsinghpur,0,no_directory_point_not_zero_output
8827,Huarong,0,no_directory_point_not_zero_output
8828,Tambaur,0,no_directory_point_not_zero_output
8829,Linquan,0,no_directory_point_not_zero_output
8830,Krishnarajanagara,0,no_directory_point_not_zero_output
8831,梅城镇,0,no_directory_point_not_zero_output
8833,Longhui,0,no_directory_point_not_zero_output
8835,Dawu,1,directory_points_only
8836,Chhindwara,1,directory_points_only
8838,Khatgaon,0,no_directory_point_not_zero_output
8839,Shouguang,1,directory_points_only
8840,Rayadurg,0,no_directory_point_not_zero_output
8841,Xi,0,no_directory_point_not_zero_output
8842,Sausar,0,no_directory_point_not_zero_output
8843,Yunmeng,0,no_directory_point_not_zero_output
8844,Zaheerabad,0,no_directory_point_not_zero_output
8845,大屯街道,0,no_directory_point_not_zero_output
8847,监利县,0,no_directory_point_not_zero_output
8848,Lucknow,54,directory_points_only
8849,Jiangjiazui,0,no_directory_point_not_zero_output
8850,Chikkanayakanahalli,0,no_directory_point_not_zero_output
8851,Xiaochang,1,directory_points_only
8853,Tengzhou,2,directory_points_only
8855,Laibin,0,no_directory_point_not_zero_output
8856,Bodhan,0,no_directory_point_not_zero_output
8857,Yiyuan,0,no_directory_point_not_zero_output
8858,Krishnarajapete,0,no_directory_point_not_zero_output
8859,Luorong,0,no_directory_point_not_zero_output
8860,Kinwat,0,no_directory_point_not_zero_output
8861,Linqu,0,no_directory_point_not_zero_output
8862,Thrissur,11,directory_points_only
8863,Taojiang,0,no_directory_point_not_zero_output
8864,Tanduru,0,no_directory_point_not_zero_output
8865,Gongchangling,0,no_directory_point_not_zero_output
8866,Banda,1,directory_points_only
8868,Banswada,0,no_directory_point_not_zero_output
8869,Xiantao,0,no_directory_point_not_zero_output
8870,Narayankhed,0,no_directory_point_not_zero_output
8871,平邑县,1,directory_points_only
8872,Mahmudabad,0,no_directory_point_not_zero_output
8873,Weihe,0,no_directory_point_not_zero_output
8874,Wardha,5,directory_points_only
8875,Taihe,0,no_directory_point_not_zero_output
8877,Yuanjiang,0,no_directory_point_not_zero_output
8878,Bindki,0,no_directory_point_not_zero_output
8879,Xinning,0,no_directory_point_not_zero_output
8880,Raichur,3,directory_points_only
8881,Luzhai,0,no_directory_point_not_zero_output
8882,Purwa,0,no_directory_point_not_zero_output
8883,Fangcheng,0,no_directory_point_not_zero_output
8889,Lianyuan,0,no_directory_point_not_zero_output
8890,Tendukheda,0,no_directory_point_not_zero_output
8891,Guilin,24,directory_points_only
8892,Narayanapet,0,no_directory_point_not_zero_output
8893,Benxi,0,no_directory_point_not_zero_output
8894,Nizamabad,0,no_directory_point_not_zero_output
8895,Xiaogan,4,directory_points_only
8896,Mysuru,22,directory_points_only
8897,Litang,0,no_directory_point_not_zero_output
8898,Adoni,0,no_directory_point_not_zero_output
8899,Fenshui,0,no_directory_point_not_zero_output
8900,Kochi,37,directory_points_only
8901,昌乐县,0,no_directory_point_not_zero_output
8902,Shridham,0,no_directory_point_not_zero_output
8903,蒙阴县,0,no_directory_point_not_zero_output
8904,Nanpara,0,no_directory_point_not_zero_output
8907,Yiyang,1,directory_points_only
8908,UNNAMED,0,no_directory_point_not_zero_output
8909,Shaoyang,1,directory_points_only
8910,Saoner,0,no_directory_point_not_zero_output
8911,Shaoyang,0,no_directory_point_not_zero_output
8912,Makhtal,0,no_directory_point_not_zero_output
8914,Sira,0,no_directory_point_not_zero_output
8916,Rupadiya,0,no_directory_point_not_zero_output
8917,Yongcheng,1,directory_points_only
8918,Fatehpur,0,no_directory_point_not_zero_output
8919,Dongfeng,0,no_directory_point_not_zero_output
8920,Maurawan,0,no_directory_point_not_zero_output
8922,Kalmeshwar,0,no_directory_point_not_zero_output
8923,Qinzhou,2,directory_points_only
8924,Chikkade,0,no_directory_point_not_zero_output
8925,Fujin,0,no_directory_point_not_zero_output
8926,Ajaigarh,0,no_directory_point_not_zero_output
8927,Hanchuan,0,no_directory_point_not_zero_output
8928,Panna,0,no_directory_point_not_zero_output
8929,Wafangdian,0,no_directory_point_not_zero_output
8930,Mannarkkad,0,no_directory_point_not_zero_output
8931,Shuangyashan,0,no_directory_point_not_zero_output
8932,Kalyandurg,0,no_directory_point_not_zero_output
8934,Pandharkawada,0,no_directory_point_not_zero_output
8935,Weifang,9,directory_points_only
8936,Amethi,0,no_directory_point_not_zero_output
8938,Nanjanagudu,0,no_directory_point_not_zero_output
8939,Huangchuan,0,no_directory_point_not_zero_output
8941,Guangshan,0,no_directory_point_not_zero_output
8942,Bhitoni,0,no_directory_point_not_zero_output
8943,Huishangang,0,no_directory_point_not_zero_output
8944,Adilabad,1,directory_points_only
8945,马口镇,0,no_directory_point_not_zero_output
8946,Nirmal,0,no_directory_point_not_zero_output
8947,Huanan,0,no_directory_point_not_zero_output
8948,Alappuzha,1,directory_points_only
8949,Qingyuan,0,no_directory_point_not_zero_output
8950,Fatehpur,1,directory_points_only
8952,Nagpur,33,directory_points_only
8953,Xing'an,0,no_directory_point_not_zero_output
8954,Emmiganuru,0,no_directory_point_not_zero_output
8955,Panshi,0,no_directory_point_not_zero_output
8956,Gubbi,0,no_directory_point_not_zero_output
8957,Louxing,2,directory_points_only
8958,Butibori,0,no_directory_point_not_zero_output
8959,Guoyang,0,no_directory_point_not_zero_output
8960,Armoor,0,no_directory_point_not_zero_output
8961,Dengfeng,0,no_directory_point_not_zero_output
8962,Sadasivpet,0,no_directory_point_not_zero_output
8963,Fuyang,3,directory_points_only
8964,Bachhrawan,0,no_directory_point_not_zero_output
8965,Huaibin,0,no_directory_point_not_zero_output
8966,Gundlupet,0,no_directory_point_not_zero_output
8967,Yueyang,5,directory_points_only
8968,Atarra Buzurg,0,no_directory_point_not_zero_output
8969,Wufengpu,0,no_directory_point_not_zero_output
8970,Hinganghat,0,no_directory_point_not_zero_output
8971,Benxi Manchu Autonomous County,0,no_directory_point_not_zero_output
8972,Guntakal,0,no_directory_point_not_zero_output
8973,Dalian,43,directory_points_only
8974,Pawai,0,no_directory_point_not_zero_output
8976,Masauli,0,no_directory_point_not_zero_output
8977,Pulandian,0,no_directory_point_not_zero_output
8978,Bahraich,1,directory_points_only
8979,Shaodong,0,no_directory_point_not_zero_output
8980,Lalganj,0,no_directory_point_not_zero_output
8981,市中区,3,directory_points_only
8982,Baberu,0,no_directory_point_not_zero_output
8983,Funan,0,no_directory_point_not_zero_output
8984,Mandya,1,directory_points_only
8985,Wuxuan,0,no_directory_point_not_zero_output
8986,Udhagamandalam,0,no_directory_point_not_zero_output
8987,Honghu,2,directory_points_only
8988,Tumakuru,3,directory_points_only
8989,Wuhan,163,directory_points_only
8990,Palakkad,6,directory_points_only
8991,Meihekou,0,no_directory_point_not_zero_output
8992,UNNAMED,0,no_directory_point_not_zero_output
8993,Huaibei,3,directory_points_only
8995,Kunigal,0,no_directory_point_not_zero_output
8997,Kollam,6,directory_points_only
8999,Sangareddy,1,directory_points_only
9000,东安县,0,no_directory_point_not_zero_output
9001,UNNAMED,0,no_directory_point_not_zero_output
9002,Hengxian,0,no_directory_point_not_zero_output
9003,Tirumakudalu Narasipura,0,no_directory_point_not_zero_output
9004,Xin,0,no_directory_point_not_zero_output
9005,Kaisarganj,0,no_directory_point_not_zero_output
9006,Hong'an,0,no_directory_point_not_zero_output
9007,Jabalpur,10,directory_points_only
9008,Xuzhou,22,directory_points_only
9009,Pavagada,0,no_directory_point_not_zero_output
9010,Feixian,0,no_directory_point_not_zero_output
9011,Muvattupuzha,0,no_directory_point_not_zero_output
9012,Yueyang,0,no_directory_point_not_zero_output
9013,Ettumanoor,13,directory_points_only
9014,Quanzhou,0,no_directory_point_not_zero_output
9015,Kamareddy,0,no_directory_point_not_zero_output
9016,Jiaohe,0,no_directory_point_not_zero_output
9017,Madhugiri,0,no_directory_point_not_zero_output
9018,Sangyuan Wangjia,1,directory_points_only
9019,Kamptee,0,no_directory_point_not_zero_output
9020,Huangpi,0,no_directory_point_not_zero_output
9021,Medak,1,directory_points_only
9023,Gadwal,0,no_directory_point_not_zero_output
9024,Baoshan,0,no_directory_point_not_zero_output
9025,Ramtek,1,directory_points_only
9026,Ningxiang,1,directory_points_only
9027,Sivani,0,no_directory_point_not_zero_output
9028,Lixin,0,no_directory_point_not_zero_output
9030,Guigang,3,directory_points_only
9031,Haidargarh,0,no_directory_point_not_zero_output
9033,Chamarajanagara,0,no_directory_point_not_zero_output
9034,Huinan,0,no_directory_point_not_zero_output
9035,Mahbubnagar,2,directory_points_only
9036,Xiangyin,0,no_directory_point_not_zero_output
9037,Sihora,0,no_directory_point_not_zero_output
9038,Lingshan,0,no_directory_point_not_zero_output
9039,Rae Bareli,2,directory_points_only
9040,Laizhou,0,no_directory_point_not_zero_output
9041,Warora,0,no_directory_point_not_zero_output
9042,Lipu,0,no_directory_point_not_zero_output
9043,Wani,0,no_directory_point_not_zero_output
9044,兴安街道,0,no_directory_point_not_zero_output
9045,Hyderabad,183,directory_points_only
9046,沂水县,0,no_directory_point_not_zero_output
9048,Xiuyan,0,no_directory_point_not_zero_output
9049,Bhinga,0,no_directory_point_not_zero_output
9050,沂南县,0,no_directory_point_not_zero_output
9051,Dariyabad,0,no_directory_point_not_zero_output
9053,Nagod,0,no_directory_point_not_zero_output
9054,Shuangfeng,0,no_directory_point_not_zero_output
9055,Anantapur,5,directory_points_only
9056,Yongzhou,0,no_directory_point_not_zero_output
9057,UNNAMED,0,no_directory_point_not_zero_output
9058,Jiawang,0,no_directory_point_not_zero_output
9059,Colonelganj,0,no_directory_point_not_zero_output
9060,Jiayu,0,no_directory_point_not_zero_output
9061,Khaga,0,no_directory_point_not_zero_output
9062,Linyi,3,directory_points_only
9063,Magadi,0,no_directory_point_not_zero_output
9064,Wangcheng,0,no_directory_point_not_zero_output
9065,Channapattana,0,no_directory_point_not_zero_output
9066,Longkou,1,directory_points_only
9067,Mettupalayam,0,no_directory_point_not_zero_output
9068,Liuhe,1,directory_points_only
9069,Coimbatore,58,directory_points_only
9070,Xinshi,0,no_directory_point_not_zero_output
9071,Chitrakoot Dham,0,no_directory_point_not_zero_output
9072,Gushi,0,no_directory_point_not_zero_output
9073,Kollegal,0,no_directory_point_not_zero_output
9074,Mengcheng,0,no_directory_point_not_zero_output
9076,Penglai,0,no_directory_point_not_zero_output
9077,Katni,0,no_directory_point_not_zero_output
9079,Shadnagar,0,no_directory_point_not_zero_output
9080,Xiangxiang,0,no_directory_point_not_zero_output
9081,Umred,0,no_directory_point_not_zero_output
9082,Boli,0,no_directory_point_not_zero_output
9083,UNNAMED,0,no_directory_point_not_zero_output
9084,Shangcheng,0,no_directory_point_not_zero_output
9085,Korutla,0,no_directory_point_not_zero_output
9087,Jadcherla,0,no_directory_point_not_zero_output
9089,Bhadravati,0,no_directory_point_not_zero_output
9090,Guanyang,0,no_directory_point_not_zero_output
9091,Wanaparthy,0,no_directory_point_not_zero_output
9092,Beihai,5,directory_points_only
9093,Hindupur,0,no_directory_point_not_zero_output
9094,Huadian,0,no_directory_point_not_zero_output
9095,Ramanagara,0,no_directory_point_not_zero_output
9096,Chibi,0,no_directory_point_not_zero_output
9097,UNNAMED,0,no_directory_point_not_zero_output
9098,Qiyang,0,no_directory_point_not_zero_output
9099,Bengaluru,317,directory_points_only
9100,Changsha,109,directory_points_only
9101,Dhone,0,no_directory_point_not_zero_output
9102,Lingling,0,no_directory_point_not_zero_output
9103,Rudauli,0,no_directory_point_not_zero_output
9104,Zhaoyuan,0,no_directory_point_not_zero_output
9105,Unchahar,0,no_directory_point_not_zero_output
9106,兰陵县,0,no_directory_point_not_zero_output
9107,Pathanamthitta,0,no_directory_point_not_zero_output
9108,Suzhou,1,directory_points_only
9109,Gowribidanur,0,no_directory_point_not_zero_output
9110,Macheng,0,no_directory_point_not_zero_output
9111,Pollachi,3,directory_points_only
9112,Guiping,0,no_directory_point_not_zero_output
9113,Kurnool,5,directory_points_only
9114,Mengshan,0,no_directory_point_not_zero_output
9116,Pubei,0,no_directory_point_not_zero_output
9117,Satna,1,directory_points_only
9118,Xinzhou,0,no_directory_point_not_zero_output
9119,Dharmavaram,0,no_directory_point_not_zero_output
9120,Zhuanghe,0,no_directory_point_not_zero_output
9121,Jais,0,no_directory_point_not_zero_output
9122,Pingdu,0,no_directory_point_not_zero_output
9124,Qidong,0,no_directory_point_not_zero_output
9126,Xinxing,0,no_directory_point_not_zero_output
9127,Salon,0,no_directory_point_not_zero_output
9128,Yingshan,0,no_directory_point_not_zero_output
9129,Gonda,1,directory_points_only
9130,Juxian,0,no_directory_point_not_zero_output
9131,Chimur,0,no_directory_point_not_zero_output
9132,Xingye,0,no_directory_point_not_zero_output
9133,UNNAMED,0,no_directory_point_not_zero_output
9134,Huarong,0,no_directory_point_not_zero_output
9135,Maihar,0,no_directory_point_not_zero_output
9136,Xiangtan,5,directory_points_only
9137,Doddaballapura,0,no_directory_point_not_zero_output
9138,Tongcheng,0,no_directory_point_not_zero_output
9139,Uchahera,0,no_directory_point_not_zero_output
9140,平南县,0,no_directory_point_not_zero_output
9141,Kanakapura,0,no_directory_point_not_zero_output
9143,Bhandara,1,directory_points_only
9144,Xianning,2,directory_points_only
9145,Shamirpet,1,directory_points_only
9146,Chongyang,0,no_directory_point_not_zero_output
9147,Satyamangalam,1,directory_points_only
9148,Hengyang,0,no_directory_point_not_zero_output
9149,Jagtial,0,no_directory_point_not_zero_output
9151,Chandrapur,0,no_directory_point_not_zero_output
9152,Linkou,0,no_directory_point_not_zero_output
9153,Sirsilla,0,no_directory_point_not_zero_output
9154,Zucheng,0,no_directory_point_not_zero_output
9155,Nagarkurnool,0,no_directory_point_not_zero_output
9156,Gaomi,0,no_directory_point_not_zero_output
9157,Thiruvananthapuram,46,directory_points_only
9158,Tuanfeng,0,no_directory_point_not_zero_output
9159,Balrampur,0,no_directory_point_not_zero_output
9160,Fengcheng,0,no_directory_point_not_zero_output
9161,Gajwel,0,no_directory_point_not_zero_output
9162,Wulian,0,no_directory_point_not_zero_output
9163,Tadipatri,0,no_directory_point_not_zero_output
9164,Automobile City,0,no_directory_point_not_zero_output
9165,Tiruppur,1,directory_points_only
9166,Zhaoping,0,no_directory_point_not_zero_output
9167,Manjhanpur,0,no_directory_point_not_zero_output
9169,UNNAMED,0,no_directory_point_not_zero_output
9170,Nanjiang,0,no_directory_point_not_zero_output
9171,Gauriganj,0,no_directory_point_not_zero_output
9174,Pizhou,0,no_directory_point_not_zero_output
9175,Ballarpur,0,no_directory_point_not_zero_output
9176,Pingjiang,0,no_directory_point_not_zero_output
9177,Siddipet,0,no_directory_point_not_zero_output
9178,Huoqiu,0,no_directory_point_not_zero_output
9179,Bethamcherla,0,no_directory_point_not_zero_output
9180,Yeji,0,no_directory_point_not_zero_output
9181,Bagepalli,0,no_directory_point_not_zero_output
9182,Yulin,3,directory_points_only
9183,Chikkaballapura,0,no_directory_point_not_zero_output
9184,Ezhou,4,directory_points_only
9186,Zhuzhou,6,directory_points_only
9187,Musarfirkhana,0,no_directory_point_not_zero_output
9189,Kunda,0,no_directory_point_not_zero_output
9190,Gushan,0,no_directory_point_not_zero_output
9191,Nandikotkur,0,no_directory_point_not_zero_output
9192,Hengyang,6,directory_points_only
9194,Da’an,0,no_directory_point_not_zero_output
9195,Faizabad,2,directory_points_only
9196,Bobai,0,no_directory_point_not_zero_output
9197,Udumalaippettai,0,no_directory_point_not_zero_output
9198,莒南县,0,no_directory_point_not_zero_output
9199,UNNAMED,0,no_directory_point_not_zero_output
9200,Qixia,0,no_directory_point_not_zero_output
9201,Kalwakurthy,0,no_directory_point_not_zero_output
9202,郯城县,0,no_directory_point_not_zero_output
9203,Bharwari,0,no_directory_point_not_zero_output
9204,临沭县,0,no_directory_point_not_zero_output
9205,Gobichettipalayam,0,no_directory_point_not_zero_output
9207,Mau,0,no_directory_point_not_zero_output
9208,Yantai,14,directory_points_only
9209,Mandla,0,no_directory_point_not_zero_output
9210,Meishan,0,no_directory_point_not_zero_output
9211,Tulsipur,0,no_directory_point_not_zero_output
9212,Mudanjiang,3,directory_points_only
9213,Amethi,0,no_directory_point_not_zero_output
9215,Hoskote,2,directory_points_only
9218,Panji,0,no_directory_point_not_zero_output
9219,Karimnagar,1,directory_points_only
9220,Jianghua,0,no_directory_point_not_zero_output
9221,Derwa,0,no_directory_point_not_zero_output
9222,Dongfang,0,no_directory_point_not_zero_output
9223,Balaghat,0,no_directory_point_not_zero_output
9225,Utraula,0,no_directory_point_not_zero_output
9227,Cumbum,0,no_directory_point_not_zero_output
9228,Hengshanxian,0,no_directory_point_not_zero_output
9229,Umaria,0,no_directory_point_not_zero_output
9231,Bhongir,0,no_directory_point_not_zero_output
9232,Baoqing,0,no_directory_point_not_zero_output
9233,Pudukadai,0,no_directory_point_not_zero_output
9234,Huanren,0,no_directory_point_not_zero_output
9235,Bodinayakkanur,0,no_directory_point_not_zero_output
9237,"Rewa, Madhya Pradesh",3,directory_points_only
9238,Tonghua,1,directory_points_only
9239,Sakoli,0,no_directory_point_not_zero_output
9240,Tongshan,0,no_directory_point_not_zero_output
9241,Mul,0,no_directory_point_not_zero_output
9242,Changning,0,no_directory_point_not_zero_output
9243,Brahmapuri,0,no_directory_point_not_zero_output
9244,Zhongshan,0,no_directory_point_not_zero_output
9245,Perundurai,0,no_directory_point_not_zero_output
9246,Laiyang,1,directory_points_only
9247,Kangeyam,0,no_directory_point_not_zero_output
9248,Lingbi,0,no_directory_point_not_zero_output
9250,Tenkasi,0,no_directory_point_not_zero_output
9252,Kaghaznagar,0,no_directory_point_not_zero_output
9253,Ningyuan,0,no_directory_point_not_zero_output
9254,Dharapuram,0,no_directory_point_not_zero_output
9256,Maluru,0,no_directory_point_not_zero_output
9257,Kuandian,0,no_directory_point_not_zero_output
9258,Sultanpur,1,directory_points_only
9259,Xinyi,0,no_directory_point_not_zero_output
9260,Gondia,0,no_directory_point_not_zero_output
9261,Tianjia‘an,5,directory_points_only
9262,Pulivendula,0,no_directory_point_not_zero_output
9263,Huangshi,4,directory_points_only
9264,Kadiri,0,no_directory_point_not_zero_output
9265,Suining,0,no_directory_point_not_zero_output
9266,Erode,6,directory_points_only
9267,Luotian,0,no_directory_point_not_zero_output
9268,Nandyal,0,no_directory_point_not_zero_output
9269,Changshou,0,no_directory_point_not_zero_output
9270,Atmakur,0,no_directory_point_not_zero_output
9271,Ning'an,0,no_directory_point_not_zero_output
9272,Kodaikanal,2,directory_points_only
9273,Xintian,0,no_directory_point_not_zero_output
9274,Theni,0,no_directory_point_not_zero_output
9275,Luchuan,0,no_directory_point_not_zero_output
9276,Jammalamadugu,0,no_directory_point_not_zero_output
9278,Chintamani,0,no_directory_point_not_zero_output
9279,Liuyang,1,directory_points_only
9280,Palani,0,no_directory_point_not_zero_output
9281,Rongxian,0,no_directory_point_not_zero_output
9282,Prayagraj,14,directory_points_only
9283,Dongjingcheng,0,no_directory_point_not_zero_output
9284,Mancherial,0,no_directory_point_not_zero_output
9285,Hengdong,0,no_directory_point_not_zero_output
9286,Kadayanallur,0,no_directory_point_not_zero_output
9287,Jixi,1,directory_points_only
9288,Bellampalli,0,no_directory_point_not_zero_output
9289,浠水县,0,no_directory_point_not_zero_output
9290,Pratapgarh,0,no_directory_point_not_zero_output
9291,Dunhua,0,no_directory_point_not_zero_output
9292,Mettur,0,no_directory_point_not_zero_output
9294,Peddapalli,0,no_directory_point_not_zero_output
9295,Jiangyuan,0,no_directory_point_not_zero_output
9296,Periyakulam,0,no_directory_point_not_zero_output
9297,Baishan,0,no_directory_point_not_zero_output
9298,Puliyangudi,0,no_directory_point_not_zero_output
9299,Rizhao,2,directory_points_only
9300,Mau Aimma,0,no_directory_point_not_zero_output
9301,Tengxian,0,no_directory_point_not_zero_output
9302,Phaphamau,0,no_directory_point_not_zero_output
9303,Baimajing,0,no_directory_point_not_zero_output
9304,Allagadda,0,no_directory_point_not_zero_output
9305,Dandong,1,directory_points_only
9307,Bengbu,5,directory_points_only
9308,Ramagundam,0,no_directory_point_not_zero_output
9309,Qingdao,58,directory_points_only
9310,Jangaon,0,no_directory_point_not_zero_output
9311,Anpu,0,no_directory_point_not_zero_output
9312,Vikramasingapuram,0,no_directory_point_not_zero_output
9314,Edappadi,0,no_directory_point_not_zero_output
9315,Hezhou,0,no_directory_point_not_zero_output
9316,Kolar,2,directory_points_only
9318,Domariaganj,0,no_directory_point_not_zero_output
9319,Liling,0,no_directory_point_not_zero_output
9320,Barhni,0,no_directory_point_not_zero_output
9321,Muling,0,no_directory_point_not_zero_output
9322,Samda,0,no_directory_point_not_zero_output
9323,Donghai,0,no_directory_point_not_zero_output
9324,UNNAMED,0,no_directory_point_not_zero_output
9325,Suqian,1,directory_points_only
9327,Donggang,0,no_directory_point_not_zero_output
9328,Jakkampatty,0,no_directory_point_not_zero_output
9329,Huangdao,1,directory_points_only
9331,岚山区,0,no_directory_point_not_zero_output
9332,Amgaon,0,no_directory_point_not_zero_output
9333,Lu'an,2,directory_points_only
9334,Sankari,0,no_directory_point_not_zero_output
9335,Dayao,0,no_directory_point_not_zero_output
9336,Rajapalaiyam,1,directory_points_only
9338,Nagercoil,4,directory_points_only
9339,Sixian,0,no_directory_point_not_zero_output
9340,Gadchiroli,0,no_directory_point_not_zero_output
9341,Yingshan,0,no_directory_point_not_zero_output
9342,Sankarankovil,0,no_directory_point_not_zero_output
9343,Hengche,0,no_directory_point_not_zero_output
9344,Proddatur,0,no_directory_point_not_zero_output
9345,华亭村,0,no_directory_point_not_zero_output
9346,Byohari,0,no_directory_point_not_zero_output
9347,Ganyu,0,no_directory_point_not_zero_output
9349,Lanshanxian,0,no_directory_point_not_zero_output
9350,Palacode,0,no_directory_point_not_zero_output
9351,Leiyang,0,no_directory_point_not_zero_output
9354,Dharmapuri,0,no_directory_point_not_zero_output
9355,Lianjiang,1,directory_points_only
9356,Kolar Gold Fields,0,no_directory_point_not_zero_output
9357,Qichun,0,no_directory_point_not_zero_output
9358,Batlagundu,0,no_directory_point_not_zero_output
9359,Yangxin,0,no_directory_point_not_zero_output
9360,Kadipur,0,no_directory_point_not_zero_output
9361,Shangli,0,no_directory_point_not_zero_output
9362,Iltifatganj,0,no_directory_point_not_zero_output
9363,Jiahe,0,no_directory_point_not_zero_output
9364,Krishnagiri,2,directory_points_only
9365,Cenxi,0,no_directory_point_not_zero_output
9367,Changfeng,0,no_directory_point_not_zero_output
9368,Salem,9,directory_points_only
9369,Wuzhou,4,directory_points_only
9370,Akbarpur,0,no_directory_point_not_zero_output
9371,Huoshan,0,no_directory_point_not_zero_output
9372,Usilampatti,0,no_directory_point_not_zero_output
9373,Kunshe,0,no_directory_point_not_zero_output
9374,UNNAMED,0,no_directory_point_not_zero_output
9375,宁州镇,0,no_directory_point_not_zero_output
9376,Warangal,7,directory_points_only
9378,Nalgonda,0,no_directory_point_not_zero_output
9379,遂溪县,0,no_directory_point_not_zero_output
9380,Anichampalayam,0,no_directory_point_not_zero_output
9381,Pingxiang,3,directory_points_only
9382,Basti,2,directory_points_only
9383,Youxian,0,no_directory_point_not_zero_output
9384,Tirunelveli,7,directory_points_only
9385,Leizhou,0,no_directory_point_not_zero_output
9386,Mulabagilu,0,no_directory_point_not_zero_output
9387,洋河镇,0,no_directory_point_not_zero_output
9388,Sivakasi,2,directory_points_only
9389,东村街道办事处,0,no_directory_point_not_zero_output
9390,Bansi,0,no_directory_point_not_zero_output
9391,Ledong,0,no_directory_point_not_zero_output
9392,Mydukuru,0,no_directory_point_not_zero_output
9393,Lianyungang,15,directory_points_only
9394,Tanda,0,no_directory_point_not_zero_output
9395,石地村,0,no_directory_point_not_zero_output
9396,Madanapalle,0,no_directory_point_not_zero_output
9397,Sihong,0,no_directory_point_not_zero_output
9398,Vedasandur,0,no_directory_point_not_zero_output
9399,Wuhe,0,no_directory_point_not_zero_output
9400,Kuppam,0,no_directory_point_not_zero_output
9401,Zhanjiang,10,directory_points_only
9402,Karur,1,directory_points_only
9403,Lingao,0,no_directory_point_not_zero_output
9404,Giddalur,0,no_directory_point_not_zero_output
9405,Anren,0,no_directory_point_not_zero_output
9406,Dindigul,5,directory_points_only
9408,Shahdol,0,no_directory_point_not_zero_output
9409,Matian,0,no_directory_point_not_zero_output
9410,Rasipuram,0,no_directory_point_not_zero_output
9411,Danzhou,3,directory_points_only
9412,Naugarh,0,no_directory_point_not_zero_output
9413,Mishan,0,no_directory_point_not_zero_output
9414,Namakkal,5,directory_points_only
9415,Shuyang,0,no_directory_point_not_zero_output
9416,Kovilpatti,2,directory_points_only
9418,Punganuru,0,no_directory_point_not_zero_output
9419,Meichuan,0,no_directory_point_not_zero_output
9420,Machhlishahr,0,no_directory_point_not_zero_output
9421,Guiyang,0,no_directory_point_not_zero_output
9422,Sidhi,0,no_directory_point_not_zero_output
9423,Weihai,7,directory_points_only
9424,Kadapa,0,no_directory_point_not_zero_output
9425,Xinyi,0,no_directory_point_not_zero_output
9426,Sattur,0,no_directory_point_not_zero_output
9427,Linjiang,0,no_directory_point_not_zero_output
9428,Rayachoti,0,no_directory_point_not_zero_output
9429,Huazhou,0,no_directory_point_not_zero_output
9430,Tirumangalam,0,no_directory_point_not_zero_output
9432,Virudhunagar,1,directory_points_only
9433,Xinning,0,no_directory_point_not_zero_output
9434,Makhdumnagar,0,no_directory_point_not_zero_output
9435,Rushan,0,no_directory_point_not_zero_output
9436,Cumbum,0,no_directory_point_not_zero_output
9437,Linwu,0,no_directory_point_not_zero_output
9438,Jalalpur,0,no_directory_point_not_zero_output
9439,Wuxue,0,no_directory_point_not_zero_output
9440,Porumamilla,0,no_directory_point_not_zero_output
9441,Yongxing,0,no_directory_point_not_zero_output
9442,Dongargarh,0,no_directory_point_not_zero_output
9443,Ji'an,0,no_directory_point_not_zero_output
9444,Madurai,22,directory_points_only
9445,Gaozhou,1,directory_points_only
9446,Shahganj,0,no_directory_point_not_zero_output
9447,Chaling,0,no_directory_point_not_zero_output
9448,UNNAMED,0,no_directory_point_not_zero_output
9449,Yunan,0,no_directory_point_not_zero_output
9450,Khalilabad,0,no_directory_point_not_zero_output
9451,Changqi,0,no_directory_point_not_zero_output
9452,Markapur,0,no_directory_point_not_zero_output
9453,Siyang,0,no_directory_point_not_zero_output
9454,Suryapet,0,no_directory_point_not_zero_output
9455,Lianzhou,0,no_directory_point_not_zero_output
9456,Miryalaguda,0,no_directory_point_not_zero_output
9457,Dingyuan,0,no_directory_point_not_zero_output
9458,Macherla,0,no_directory_point_not_zero_output
9459,Hefei,77,directory_points_only
9460,Jolarpet,1,directory_points_only
9461,Xuwen County,0,no_directory_point_not_zero_output
9462,Harur,0,no_directory_point_not_zero_output
9463,Wanzai,0,no_directory_point_not_zero_output
9464,Gopiganj,0,no_directory_point_not_zero_output
9466,Vaniyambadi,1,directory_points_only
9467,Guanyun,1,directory_points_only
9468,Uthangarai,0,no_directory_point_not_zero_output
9469,Chenzhou,2,directory_points_only
9470,Aruppukkottai,1,directory_points_only
9471,Maoming,1,directory_points_only
9472,Musiri,0,no_directory_point_not_zero_output
9473,Sanya,6,directory_points_only
9474,Palamaneru,1,directory_points_only
9475,Wendeng,0,no_directory_point_not_zero_output
9476,UNNAMED,0,no_directory_point_not_zero_output
9477,Shucheng,0,no_directory_point_not_zero_output
9478,Narsampet,0,no_directory_point_not_zero_output
9479,Wuchuan,0,no_directory_point_not_zero_output
9480,Jaunpur,5,directory_points_only
9482,Pernampattu,0,no_directory_point_not_zero_output
9483,Jinjiang,0,no_directory_point_not_zero_output
9484,Nautanwa,0,no_directory_point_not_zero_output
9485,Huangmei,0,no_directory_point_not_zero_output
9486,Anand Nagar,0,no_directory_point_not_zero_output
9487,Yichun,1,directory_points_only
9488,Mariahu,0,no_directory_point_not_zero_output
9489,Antu,0,no_directory_point_not_zero_output
9490,Ambur,1,directory_points_only
9491,招信镇,0,no_directory_point_not_zero_output
9492,Bhadohi,0,no_directory_point_not_zero_output
9493,Ruichang,0,no_directory_point_not_zero_output
9494,Kawardha,0,no_directory_point_not_zero_output
9496,Campierganj,0,no_directory_point_not_zero_output
9497,Yifeng,0,no_directory_point_not_zero_output
9498,Thoothukudi,2,directory_points_only
9499,Zixing,0,no_directory_point_not_zero_output
9500,Gorakhpur,7,directory_points_only
9501,Yizhang,0,no_directory_point_not_zero_output
9502,Mirzapur,0,no_directory_point_not_zero_output
9503,Taihu,0,no_directory_point_not_zero_output
9504,Pileru,0,no_directory_point_not_zero_output
9507,Susong,0,no_directory_point_not_zero_output
9508,Attur,0,no_directory_point_not_zero_output
9509,Huaiji,0,no_directory_point_not_zero_output
9510,Manapparai,0,no_directory_point_not_zero_output
9511,Haikou,32,directory_points_only
9512,UNNAMED,0,no_directory_point_not_zero_output
9513,Luoding,0,no_directory_point_not_zero_output
9514,Tiruchchendur,0,no_directory_point_not_zero_output
9515,Deqing,0,no_directory_point_not_zero_output
9516,UNNAMED,0,no_directory_point_not_zero_output
9518,Pandaria,0,no_directory_point_not_zero_output
9519,Shayuan,0,no_directory_point_not_zero_output
9520,Rajnandgaon,1,directory_points_only
9521,Guannan,0,no_directory_point_not_zero_output
9522,Gudiyatham,1,directory_points_only
9523,Qianshan,0,no_directory_point_not_zero_output
9524,Rajampet,0,no_directory_point_not_zero_output
9525,Huai'an,12,directory_points_only
9526,Mahabubabad,0,no_directory_point_not_zero_output
9527,Tunchang,0,no_directory_point_not_zero_output
9528,Thuraiyur,0,no_directory_point_not_zero_output
9530,Pamuru,0,no_directory_point_not_zero_output
9531,Jiujiang,5,directory_points_only
9532,Maharajganj,0,no_directory_point_not_zero_output
9533,Xuyi,0,no_directory_point_not_zero_output
9534,Huzurnagar,0,no_directory_point_not_zero_output
9535,Shanggao,0,no_directory_point_not_zero_output
9536,Kanigiri,0,no_directory_point_not_zero_output
9537,Tongcheng,0,no_directory_point_not_zero_output
9538,Kadam Tola,0,no_directory_point_not_zero_output
9539,Fenyi,1,directory_points_only
9540,Chittoor,2,directory_points_only
9541,阳山县,0,no_directory_point_not_zero_output
9542,Ponnamaravati,0,no_directory_point_not_zero_output
9543,Xiangshui,0,no_directory_point_not_zero_output
9544,Tiruchirappalli,15,directory_points_only
9545,Dingan,0,no_directory_point_not_zero_output
9546,Sivaganga,1,directory_points_only
9547,Rongcheng,1,directory_points_only
9548,Podili,0,no_directory_point_not_zero_output
9549,Lianshui,0,no_directory_point_not_zero_output
9550,Kodada,0,no_directory_point_not_zero_output
9551,De'an,0,no_directory_point_not_zero_output
9552,Bansgaon,0,no_directory_point_not_zero_output
9553,Huaining,0,no_directory_point_not_zero_output
9554,Vinukonda,0,no_directory_point_not_zero_output
9555,Bohe,0,no_directory_point_not_zero_output
9556,Darsi,0,no_directory_point_not_zero_output
9557,Suifenhe,0,no_directory_point_not_zero_output
9558,Manachanallur,0,no_directory_point_not_zero_output
9559,Fengxin,0,no_directory_point_not_zero_output
9560,Azamgarh,1,directory_points_only
9562,Varanasi,13,directory_points_only
9564,Durg,7,directory_points_only
9565,Lujiang,0,no_directory_point_not_zero_output
9566,Partawal,0,no_directory_point_not_zero_output
9567,Gongqingcheng,0,no_directory_point_not_zero_output
9568,Piduguralla,0,no_directory_point_not_zero_output
9569,Diancheng,0,no_directory_point_not_zero_output
9570,Vellore,8,directory_points_only
9571,Anyi,0,no_directory_point_not_zero_output
9572,Sankarapuram,0,no_directory_point_not_zero_output
9573,Wangqing,0,no_directory_point_not_zero_output
9574,Chinnasalem,0,no_directory_point_not_zero_output
9575,Yunfu,0,no_directory_point_not_zero_output
9576,Gola Bazar,0,no_directory_point_not_zero_output
9577,Anfu,0,no_directory_point_not_zero_output
9578,Khammam,2,directory_points_only
9579,Lingshui,0,no_directory_point_not_zero_output
9580,Kodur,0,no_directory_point_not_zero_output
9581,Hukou,0,no_directory_point_not_zero_output
9582,Bemetara,0,no_directory_point_not_zero_output
9583,Xinyu,2,directory_points_only
9584,Balod,0,no_directory_point_not_zero_output
9585,Lushan,0,no_directory_point_not_zero_output
9586,Siswa Bazar,0,no_directory_point_not_zero_output
9587,Guangning,0,no_directory_point_not_zero_output
9588,Perambalur,1,directory_points_only
9589,Gaoan,0,no_directory_point_not_zero_output
9590,Paramakkudi,0,no_directory_point_not_zero_output
9591,Yongxiu,0,no_directory_point_not_zero_output
9592,Mubarakpur,0,no_directory_point_not_zero_output
9593,Yangchun,0,no_directory_point_not_zero_output
9594,Mungeli,0,no_directory_point_not_zero_output
9595,Chuzhou,2,directory_points_only
9596,Kallakkurichi,0,no_directory_point_not_zero_output
9597,Lechang,0,no_directory_point_not_zero_output
9598,Tiruvannamalai,1,directory_points_only
9599,Qionghai,2,directory_points_only
9600,Jianpur,0,no_directory_point_not_zero_output
9601,Yanji,3,directory_points_only
9602,Polur,0,no_directory_point_not_zero_output
9603,Binhai,0,no_directory_point_not_zero_output
9604,Murera,0,no_directory_point_not_zero_output
9605,Wangjiang,0,no_directory_point_not_zero_output
9606,Yellandu,0,no_directory_point_not_zero_output
9607,Yangxi,0,no_directory_point_not_zero_output
9608,Tirupati,13,directory_points_only
9609,Chaohu,2,directory_points_only
9610,Pudukkottai,2,directory_points_only
9611,Wanning,0,no_directory_point_not_zero_output
9613,Helong,0,no_directory_point_not_zero_output
9614,Nibua Raiganj,0,no_directory_point_not_zero_output
9615,Jinhu,0,no_directory_point_not_zero_output
9616,Muhammadabad,0,no_directory_point_not_zero_output
9617,Anqing,2,directory_points_only
9618,Manendragarh,0,no_directory_point_not_zero_output
9619,Quanjiao,0,no_directory_point_not_zero_output
9620,Raipur,16,directory_points_only
9621,Zongyang,0,no_directory_point_not_zero_output
9622,Dohrighat,0,no_directory_point_not_zero_output
9623,Wenchengzhen,1,directory_points_only
9624,Chiraiyakot,0,no_directory_point_not_zero_output
9625,Xinxing,1,directory_points_only
9627,Baoying,0,no_directory_point_not_zero_output
9628,Waidhan,0,no_directory_point_not_zero_output
9629,Nanchang,54,directory_points_only
9630,Narasaraopet,1,directory_points_only
9631,Zhaoqing,4,directory_points_only
9632,Arni,0,no_directory_point_not_zero_output
9633,Funing,0,no_directory_point_not_zero_output
9634,Rudarpur,0,no_directory_point_not_zero_output
9635,Longjing,0,no_directory_point_not_zero_output
9636,Singrauli,0,no_directory_point_not_zero_output
9637,益林镇,0,no_directory_point_not_zero_output
9638,Addanki,0,no_directory_point_not_zero_output
9639,Hanshan,0,no_directory_point_not_zero_output
9640,Pudhuvayal,0,no_directory_point_not_zero_output
9642,Devakottai,1,directory_points_only
9643,Yangjiang,0,no_directory_point_not_zero_output
9644,Kushinagar,0,no_directory_point_not_zero_output
9645,Wuwei,0,no_directory_point_not_zero_output
9646,UNNAMED,0,no_directory_point_not_zero_output
9647,Tumen,0,no_directory_point_not_zero_output
9648,Sattenapalle,0,no_directory_point_not_zero_output
9649,Zhangshu,0,no_directory_point_not_zero_output
9650,Tirukkovilur,0,no_directory_point_not_zero_output
9651,Shaoguan,4,directory_points_only
9652,Venkatagiri,0,no_directory_point_not_zero_output
9653,Tianchang,0,no_directory_point_not_zero_output
9657,Qingyuan,0,no_directory_point_not_zero_output
9658,Ariyalur,0,no_directory_point_not_zero_output
9660,Ghosi,0,no_directory_point_not_zero_output
9662,Kandukur,0,no_directory_point_not_zero_output
9663,Dongzhi,0,no_directory_point_not_zero_output
9664,Kilakkarai,0,no_directory_point_not_zero_output
9665,拖船镇,0,no_directory_point_not_zero_output
9666,Ramanathapuram,0,no_directory_point_not_zero_output
9667,Ji'an,1,directory_points_only
9668,Sakhaldia,0,no_directory_point_not_zero_output
9669,Chizhou,1,directory_points_only
9670,Anpara,0,no_directory_point_not_zero_output
9671,Xingan,0,no_directory_point_not_zero_output
9672,Ongole,1,directory_points_only
9673,Jianhu,1,directory_points_only
9674,Deoria,0,no_directory_point_not_zero_output
9676,Chilakaluripet,0,no_directory_point_not_zero_output
9678,Bagaha,0,no_directory_point_not_zero_output
9679,Pukou,3,directory_points_only
9681,Suichuan,0,no_directory_point_not_zero_output
9682,Kopaganj,0,no_directory_point_not_zero_output
9684,Mau,0,no_directory_point_not_zero_output
9685,Taihe,0,no_directory_point_not_zero_output
9686,Tilda Neora,0,no_directory_point_not_zero_output
9687,Hexian,0,no_directory_point_not_zero_output
9688,Nagari,0,no_directory_point_not_zero_output
9690,Dhamtari,0,no_directory_point_not_zero_output
9691,Jishui,0,no_directory_point_not_zero_output
9692,Barhaj,0,no_directory_point_not_zero_output
9694,Thanjavur,8,directory_points_only
9695,Enping,0,no_directory_point_not_zero_output
9696,Sri Kalahasti,0,no_directory_point_not_zero_output
9697,Tongling,4,directory_points_only
9698,UNNAMED,0,no_directory_point_not_zero_output
9699,Yingde,0,no_directory_point_not_zero_output
9700,Kothagudem,0,no_directory_point_not_zero_output
9701,Nanjing,189,directory_points_only
9702,Robertsganj,0,no_directory_point_not_zero_output
9703,Ma'anshan,1,directory_points_only
9704,Chakia,0,no_directory_point_not_zero_output
9705,Sheyang,0,no_directory_point_not_zero_output
9706,Obra,0,no_directory_point_not_zero_output
9707,Wan'an,0,no_directory_point_not_zero_output
9708,Bhatpara,0,no_directory_point_not_zero_output
9710,Bilaspur,4,directory_points_only
9711,Guangzhou,271,directory_points_only
9715,Guangzhou,8,directory_points_only
9716,Guangzhou,6,directory_points_only
9718,Guangzhou,27,directory_points_only
9719,Guangzhou,1,directory_points_only
9721,Guangzhou,7,directory_points_only
9724,Guangzhou,22,directory_points_only
9725,Guangzhou,144,directory_points_only
9726,Chellayapalem,0,no_directory_point_not_zero_output
9728,Gingee,0,no_directory_point_not_zero_output
9729,Gaoyou,0,no_directory_point_not_zero_output
9730,Chopan,0,no_directory_point_not_zero_output
9731,Wuhu,19,directory_points_only
9732,Guntur,7,directory_points_only
9734,Kavali,0,no_directory_point_not_zero_output
9735,Yongfeng,0,no_directory_point_not_zero_output
9736,Tiruttani,0,no_directory_point_not_zero_output
9738,Tondi,0,no_directory_point_not_zero_output
9739,Qingyang,0,no_directory_point_not_zero_output
9740,Palwancha,0,no_directory_point_not_zero_output
9741,花都区,3,directory_points_only
9742,Vriddhachalam,0,no_directory_point_not_zero_output
9743,Yancheng,10,directory_points_only
9744,Kanker,0,no_directory_point_not_zero_output
9745,Dongshan,0,no_directory_point_not_zero_output
9746,Gudur,1,directory_points_only
9747,Kaiping,2,directory_points_only
9748,Tiruvethipuram,0,no_directory_point_not_zero_output
9749,Yizhen,0,no_directory_point_not_zero_output
9750,Lauiyah Nandangarh,0,no_directory_point_not_zero_output
9751,Shixing,0,no_directory_point_not_zero_output
9752,UNNAMED,0,no_directory_point_not_zero_output
9753,Fanchang,1,directory_points_only
9754,Ghazipur,0,no_directory_point_not_zero_output
9755,Jinxian,0,no_directory_point_not_zero_output
9756,Nellore,2,directory_points_only
9757,Poyang,0,no_directory_point_not_zero_output
9758,Arakkonam,0,no_directory_point_not_zero_output
9759,Dayu,0,no_directory_point_not_zero_output
9760,Tiruvuru,0,no_directory_point_not_zero_output
9762,Belthara Road,0,no_directory_point_not_zero_output
9764,Viluppuram,0,no_directory_point_not_zero_output
9765,Fogang,0,no_directory_point_not_zero_output
9766,Salempur,0,no_directory_point_not_zero_output
9767,Hunchun,0,no_directory_point_not_zero_output
9768,Renukut,0,no_directory_point_not_zero_output
9769,Yangzhou,10,directory_points_only
9770,Chirala,0,no_directory_point_not_zero_output
9771,Xinghua,1,directory_points_only
9772,Vandavasi,0,no_directory_point_not_zero_output
9773,Nanxiong,0,no_directory_point_not_zero_output
9774,Rajim,0,no_directory_point_not_zero_output
9775,Taishan,0,no_directory_point_not_zero_output
9776,Kumbakonam,0,no_directory_point_not_zero_output
9778,Ramnagar,0,no_directory_point_not_zero_output
9780,Kanchipuram,4,directory_points_only
9781,Yugan,0,no_directory_point_not_zero_output
9782,Kuchai Kot,0,no_directory_point_not_zero_output
9784,Neyveli,0,no_directory_point_not_zero_output
9785,Chongren,0,no_directory_point_not_zero_output
9786,Panruti,0,no_directory_point_not_zero_output
9787,Conghua,0,no_directory_point_not_zero_output
9788,UNNAMED,0,no_directory_point_not_zero_output
9789,Nanling,0,no_directory_point_not_zero_output
9790,Bhadrachalam,0,no_directory_point_not_zero_output
9791,Le'an,0,no_directory_point_not_zero_output
9792,Madavaram,0,no_directory_point_not_zero_output
9793,Ganzhou,7,directory_points_only
9794,Vijayawada,15,directory_points_only
9795,Jingdezhen,3,directory_points_only
9797,Nankang,0,no_directory_point_not_zero_output
9798,UNNAMED,0,no_directory_point_not_zero_output
9800,Muhammadabad,0,no_directory_point_not_zero_output
9801,Jurong,1,directory_points_only
9802,Tindivanam,0,no_directory_point_not_zero_output
9804,Rasra,0,no_directory_point_not_zero_output
9805,Zhenjiang,8,directory_points_only
9806,Bapatla,0,no_directory_point_not_zero_output
9807,Wuhu,1,directory_points_only
9808,Sathupally,0,no_directory_point_not_zero_output
9810,Ramgarh,0,no_directory_point_not_zero_output
9811,Lishui,1,directory_points_only
9812,Ponnur,0,no_directory_point_not_zero_output
9814,Kurinjippadi,0,no_directory_point_not_zero_output
9815,Fuzhou,0,no_directory_point_not_zero_output
9816,Mannargudi,0,no_directory_point_not_zero_output
9817,Wengyuan,0,no_directory_point_not_zero_output
9818,Adirampattinam,0,no_directory_point_not_zero_output
9820,Narkatiaganj,0,no_directory_point_not_zero_output
9821,Gaochun,1,directory_points_only
9822,Lalpet,0,no_directory_point_not_zero_output
9823,Xingguo,0,no_directory_point_not_zero_output
9824,Mohania,0,no_directory_point_not_zero_output
9825,Dongxian,0,no_directory_point_not_zero_output
9826,Thiruvallur,1,directory_points_only
9827,Zhongxin,0,no_directory_point_not_zero_output
9828,Tenali,0,no_directory_point_not_zero_output
9829,Leping,0,no_directory_point_not_zero_output
9830,Nellikkuppam,0,no_directory_point_not_zero_output
9831,Taizhou,13,directory_points_only
9832,Mahasamund,0,no_directory_point_not_zero_output
9833,Dafeng,0,no_directory_point_not_zero_output
9834,Puducherry,13,directory_points_only
9835,Jingxian,0,no_directory_point_not_zero_output
9836,Bhabua,0,no_directory_point_not_zero_output
9837,戴南镇,0,no_directory_point_not_zero_output
9838,Sikandarpur,0,no_directory_point_not_zero_output
9839,Zhongshan,4,directory_points_only
9840,Rameswaram,0,no_directory_point_not_zero_output
9841,Yihuang,0,no_directory_point_not_zero_output
9842,Nuzvid,0,no_directory_point_not_zero_output
9843,Xinfeng,0,no_directory_point_not_zero_output
9844,Chausa,0,no_directory_point_not_zero_output
9845,Danyang,2,directory_points_only
9846,Mayiladuthurai,0,no_directory_point_not_zero_output
9847,Chengxiang,0,no_directory_point_not_zero_output
9848,Kondagaon,0,no_directory_point_not_zero_output
9849,Wannian,0,no_directory_point_not_zero_output
9850,Chennai,199,directory_points_only
9852,Cuddalore,0,no_directory_point_not_zero_output
9853,Qianjin Committee,0,no_directory_point_not_zero_output
9854,Malapalli,0,no_directory_point_not_zero_output
9855,Xuancheng,0,no_directory_point_not_zero_output
9856,Chidambaram,2,directory_points_only
9858,Buxar,1,directory_points_only
9860,Gummidipundi,0,no_directory_point_not_zero_output
9861,Dongtai,0,no_directory_point_not_zero_output
9862,Thiruvarur,1,directory_points_only
9863,Xinfeng,0,no_directory_point_not_zero_output
9864,Bettiah,0,no_directory_point_not_zero_output
9865,Yangzhong,2,directory_points_only
9866,Mirganj,0,no_directory_point_not_zero_output
9867,尖锋村,1,directory_points_only
9870,Korba,0,no_directory_point_not_zero_output
9871,Zhuhai,21,directory_points_only
9872,Sirkazhi,0,no_directory_point_not_zero_output
9874,Vuyyuru,1,directory_points_only
9875,于都县,0,no_directory_point_not_zero_output
9876,Ballia,0,no_directory_point_not_zero_output
9877,Longnan,0,no_directory_point_not_zero_output
9878,Gopalganj,0,no_directory_point_not_zero_output
9879,Xinqiao,0,no_directory_point_not_zero_output
9880,Champa,0,no_directory_point_not_zero_output
9881,Lianping,0,no_directory_point_not_zero_output
9883,Jintan,2,directory_points_only
9884,Siwan,0,no_directory_point_not_zero_output
9885,Jinxi,0,no_directory_point_not_zero_output
9886,Repalle,0,no_directory_point_not_zero_output
9887,Longmen,0,no_directory_point_not_zero_output
9888,Bansdih,0,no_directory_point_not_zero_output
9889,Taixing,2,directory_points_only
9890,Eluru,3,directory_points_only
9891,Yingtan,1,directory_points_only
9892,Gudivada,0,no_directory_point_not_zero_output
9893,Liyang,4,directory_points_only
9894,Karaikal,1,directory_points_only
9895,Dexing,0,no_directory_point_not_zero_output
9896,Manjha,0,no_directory_point_not_zero_output
9897,Nancheng,0,no_directory_point_not_zero_output
9898,Hasanpura,0,no_directory_point_not_zero_output
9900,Nagapattinam,3,directory_points_only
9902,Dumraon,0,no_directory_point_not_zero_output
9904,Ambikapur,1,directory_points_only
9905,Ningdu,0,no_directory_point_not_zero_output
9906,Kalpakkam,1,directory_points_only
9907,Haian,0,no_directory_point_not_zero_output
9908,Sagauli,0,no_directory_point_not_zero_output
9910,Birgunj,0,no_directory_point_not_zero_output
9911,Nanfeng,0,no_directory_point_not_zero_output
9912,Madhobani,0,no_directory_point_not_zero_output
9913,Lishi,0,no_directory_point_not_zero_output
9914,Pithora,0,no_directory_point_not_zero_output
9916,Jangareddygudem,0,no_directory_point_not_zero_output
9917,Changzhou,23,directory_points_only
9918,Sasaram,0,no_directory_point_not_zero_output
9919,Ningguo,0,no_directory_point_not_zero_output
9920,Maharajganj,0,no_directory_point_not_zero_output
9921,Guangchang,0,no_directory_point_not_zero_output
9922,Machilipatnam,1,directory_points_only
9923,Huangshan,1,directory_points_only
9925,Shexian,0,no_directory_point_not_zero_output
9926,Bikramganj,0,no_directory_point_not_zero_output
9927,Heping,0,no_directory_point_not_zero_output
9928,Garhwa,0,no_directory_point_not_zero_output
9930,Tilouthu,0,no_directory_point_not_zero_output
9931,Yiyang,0,no_directory_point_not_zero_output
9932,Jagdalpur,1,directory_points_only
9933,Rugao,0,no_directory_point_not_zero_output
9934,Motihari,1,directory_points_only
9935,Anyuan,0,no_directory_point_not_zero_output
9938,Umerkot,0,no_directory_point_not_zero_output
9939,Jiangyin,5,directory_points_only
9940,Dehri,0,no_directory_point_not_zero_output
9941,Heyuan,0,no_directory_point_not_zero_output
9942,Piprakothi,0,no_directory_point_not_zero_output
9943,和桥镇,0,no_directory_point_not_zero_output
9944,Jagdispur,0,no_directory_point_not_zero_output
9945,Hongxingcun,0,no_directory_point_not_zero_output
9946,Baruraj,0,no_directory_point_not_zero_output
9947,Huizhou,5,directory_points_only
9949,Guangde,0,no_directory_point_not_zero_output
9951,Hengfeng,0,no_directory_point_not_zero_output
9952,Piro,0,no_directory_point_not_zero_output
9953,Yixing,3,directory_points_only
9954,Ghorasahan,0,no_directory_point_not_zero_output
9955,会昌县,0,no_directory_point_not_zero_output
9956,Tadepallegudem,1,directory_points_only
9957,Lichuan,0,no_directory_point_not_zero_output
9959,Ruijin,0,no_directory_point_not_zero_output
9960,Chhapra,1,directory_points_only
9962,Bhimavaram,3,directory_points_only
9963,Suzhou,112,directory_points_only
9964,Daudnagar,0,no_directory_point_not_zero_output
9965,Shicheng,0,no_directory_point_not_zero_output
9966,UNNAMED,0,no_directory_point_not_zero_output
9968,Arrah,1,directory_points_only
9969,Zhangjiagang,6,directory_points_only
9970,Dhaka,0,no_directory_point_not_zero_output
9972,Obra,0,no_directory_point_not_zero_output
9974,Aurangabad,0,no_directory_point_not_zero_output
9975,惠阳区,1,directory_points_only
9976,Nidadavolu,0,no_directory_point_not_zero_output
9977,Xunwu,0,no_directory_point_not_zero_output
9978,Bairgania,0,no_directory_point_not_zero_output
9980,Medininagar,1,directory_points_only
9981,Shangrao,1,directory_points_only
9982,UNNAMED,0,no_directory_point_not_zero_output
9983,Longchuan,0,no_directory_point_not_zero_output
9986,Tanuku,0,no_directory_point_not_zero_output
9987,Nantong,15,directory_points_only
9988,Rajamahendravaram,4,directory_points_only
9989,惠东县,0,no_directory_point_not_zero_output
9990,Raigarh,1,directory_points_only
9991,Changxing,1,directory_points_only
9992,Narasapuram,0,no_directory_point_not_zero_output
9993,Anji,0,no_directory_point_not_zero_output
9994,Sheohar,0,no_directory_point_not_zero_output
9996,Bihta,0,no_directory_point_not_zero_output
9997,Changting,0,no_directory_point_not_zero_output
9998,Palakollu,0,no_directory_point_not_zero_output
9999,Yushan,0,no_directory_point_not_zero_output
10001,Ninghua,0,no_directory_point_not_zero_output
10002,UNNAMED,0,no_directory_point_not_zero_output
10004,Ravulapalem,0,no_directory_point_not_zero_output
10007,Muzaffarpur,2,directory_points_only
10008,Guangfeng,0,no_directory_point_not_zero_output
10009,Rafiganj,0,no_directory_point_not_zero_output
10010,Zijin,0,no_directory_point_not_zero_output
10011,Mandapeta,0,no_directory_point_not_zero_output
10012,Rudong,0,no_directory_point_not_zero_output
10013,Sitamarhi,1,directory_points_only
10014,Chun'an,0,no_directory_point_not_zero_output
10015,UNNAMED,0,no_directory_point_not_zero_output
10017,Patna,29,directory_points_only
10018,Wuping,0,no_directory_point_not_zero_output
10019,Jeypore,0,no_directory_point_not_zero_output
10020,Changshu,2,directory_points_only
10021,Yeleswaram,0,no_directory_point_not_zero_output
10022,Shaowu,0,no_directory_point_not_zero_output
10023,UNNAMED,0,no_directory_point_not_zero_output
10024,Huzhou,11,directory_points_only
10025,Ramachandrapuram,0,no_directory_point_not_zero_output
10029,Masaurhi,0,no_directory_point_not_zero_output
10030,Jilong,0,no_directory_point_not_zero_output
10031,Hajipur,1,directory_points_only
10033,Jehanabad,1,directory_points_only
10034,平远县,0,no_directory_point_not_zero_output
10035,Amalapuram,0,no_directory_point_not_zero_output
10036,Huacheng,0,no_directory_point_not_zero_output
10038,分水镇,0,no_directory_point_not_zero_output
10039,Samarlakota,0,no_directory_point_not_zero_output
10041,Tengar,0,no_directory_point_not_zero_output
10042,Lin'an,1,directory_points_only
10044,Xingning,0,no_directory_point_not_zero_output
10045,Titlagarh,0,no_directory_point_not_zero_output
10046,Huangbu,0,no_directory_point_not_zero_output
10047,Sursand,0,no_directory_point_not_zero_output
10048,Deqing,0,no_directory_point_not_zero_output
10049,Dobhi,0,no_directory_point_not_zero_output
10050,Jiangshan,0,no_directory_point_not_zero_output
10051,Koraput,1,directory_points_only
10052,Quzhou,4,directory_points_only
10053,Pithapuram,0,no_directory_point_not_zero_output
10055,Kakinada,3,directory_points_only
10056,"Wuyishan, Fujian",2,directory_points_only
10057,Bhogapuram,0,no_directory_point_not_zero_output
10058,Haimen,0,no_directory_point_not_zero_output
10059,Pupri,0,no_directory_point_not_zero_output
10060,Jiande,0,no_directory_point_not_zero_output
10061,Mahua,0,no_directory_point_not_zero_output
10062,‎Jiaolin,0,no_directory_point_not_zero_output
10063,UNNAMED,0,no_directory_point_not_zero_output
10064,Shanghang,1,directory_points_only
10065,Gaya,5,directory_points_only
10066,Wuhua,0,no_directory_point_not_zero_output
10067,Chandrapur,0,no_directory_point_not_zero_output
10068,Nanxun,0,no_directory_point_not_zero_output
10069,Yanam,0,no_directory_point_not_zero_output
10071,Fatwah,0,no_directory_point_not_zero_output
10072,Meilong Town,0,no_directory_point_not_zero_output
10073,Bhawanipatna,2,directory_points_only
10074,新登镇,0,no_directory_point_not_zero_output
10076,Anliu,0,no_directory_point_not_zero_output
10077,Shahpur Paton,0,no_directory_point_not_zero_output
10078,Hangzhou,193,directory_points_only
10079,Sunabeda,0,no_directory_point_not_zero_output
10080,Meizhou,3,directory_points_only
10081,Balangir,0,no_directory_point_not_zero_output
10082,海丰县,0,no_directory_point_not_zero_output
10083,Islampur,0,no_directory_point_not_zero_output
10084,Shaxi,0,no_directory_point_not_zero_output
10085,Sundargarh,0,no_directory_point_not_zero_output
10086,Tonglu,0,no_directory_point_not_zero_output
10087,Brajarajnagar,0,no_directory_point_not_zero_output
10088,Gongping,0,no_directory_point_not_zero_output
10089,Chatra,0,no_directory_point_not_zero_output
10090,Fuyang,1,directory_points_only
10091,Narsipatnam,0,no_directory_point_not_zero_output
10092,Shanwei,0,no_directory_point_not_zero_output
10093,Tuni,0,no_directory_point_not_zero_output
10094,Lvsigang,0,no_directory_point_not_zero_output
10095,Jharsuguda,0,no_directory_point_not_zero_output
10097,Shanghai,468,directory_points_only
10101,Darbhanga,5,directory_points_only
10103,Lohardaga,0,no_directory_point_not_zero_output
10104,陆河县,0,no_directory_point_not_zero_output
10105,Gumla,0,no_directory_point_not_zero_output
10106,Jianyang,0,no_directory_point_not_zero_output
10107,Samastipur,0,no_directory_point_not_zero_output
10108,Lanxi,0,no_directory_point_not_zero_output
10109,Sambalpur,6,directory_points_only
10110,Lili,0,no_directory_point_not_zero_output
10111,Keotiranway,0,no_directory_point_not_zero_output
10113,Rajgir,0,no_directory_point_not_zero_output
10115,Jaynagar,0,no_directory_point_not_zero_output
10116,Pucheng,0,no_directory_point_not_zero_output
10117,Bihar Sharif,0,no_directory_point_not_zero_output
10118,Jiaxing,7,directory_points_only
10119,Madhubani,1,directory_points_only
10120,揭西县,0,no_directory_point_not_zero_output
10121,Hisua,0,no_directory_point_not_zero_output
10122,Lufeng,0,no_directory_point_not_zero_output
10123,Komatlapeta,0,no_directory_point_not_zero_output
10125,Nawada,1,directory_points_only
10126,Chongming,0,no_directory_point_not_zero_output
10127,Rayagada,0,no_directory_point_not_zero_output
10128,Yong'an,0,no_directory_point_not_zero_output
10129,Anakapalle,0,no_directory_point_not_zero_output
10130,Fengshun,0,no_directory_point_not_zero_output
10131,Jhajharr,0,no_directory_point_not_zero_output
10132,Qidong,1,directory_points_only
10133,Bar Bigha,0,no_directory_point_not_zero_output
10134,Sanming,2,directory_points_only
10135,Warisaliganj,0,no_directory_point_not_zero_output
10136,Jinhua,8,directory_points_only
10137,Rusera,0,no_directory_point_not_zero_output
10138,UNNAMED,0,no_directory_point_not_zero_output
10139,Bobbili,0,no_directory_point_not_zero_output
10142,Visakhapatnam,11,directory_points_only
10143,Haining,1,directory_points_only
10144,UNNAMED,0,no_directory_point_not_zero_output
10145,Pujiang,0,no_directory_point_not_zero_output
10146,Parvathipuram,0,no_directory_point_not_zero_output
10147,Longyan,1,directory_points_only
10148,Mokama,0,no_directory_point_not_zero_output
10149,Shaxian,0,no_directory_point_not_zero_output
10150,Bhagwanpur,0,no_directory_point_not_zero_output
10151,Suichang,0,no_directory_point_not_zero_output
10152,Begusarai,0,no_directory_point_not_zero_output
10153,Jieyang,16,directory_points_only
10154,Hazaribagh,1,directory_points_only
10155,Zhuji,1,directory_points_only
10156,Shaikhpura,0,no_directory_point_not_zero_output
10157,Diankou,0,no_directory_point_not_zero_output
10158,Jhumri Tilaiya,0,no_directory_point_not_zero_output
10159,Jieshi,0,no_directory_point_not_zero_output
10161,Jian'ou,0,no_directory_point_not_zero_output
10162,Vizianagaram,3,directory_points_only
10164,Barhiya,0,no_directory_point_not_zero_output
10165,Pinghu,0,no_directory_point_not_zero_output
10166,Rourkela,4,directory_points_only
10167,Dapu,0,no_directory_point_not_zero_output
10168,Ranchi,16,directory_points_only
10169,Kuitan,0,no_directory_point_not_zero_output
10170,Endada,0,no_directory_point_not_zero_output
10172,UNNAMED,0,no_directory_point_not_zero_output
10174,Phulbani,0,no_directory_point_not_zero_output
10175,Nanping,0,no_directory_point_not_zero_output
10176,Nirmali,0,no_directory_point_not_zero_output
10177,Haiyan,0,no_directory_point_not_zero_output
10178,Bakhri,0,no_directory_point_not_zero_output
10179,Longquan,0,no_directory_point_not_zero_output
10180,Matihani,0,no_directory_point_not_zero_output
10181,Yiwu,4,directory_points_only
10182,Lakhisarai,0,no_directory_point_not_zero_output
10184,Chipurupalle,0,no_directory_point_not_zero_output
10185,Fengqiao,0,no_directory_point_not_zero_output
10186,Gunupur,1,directory_points_only
10187,Jiazi,0,no_directory_point_not_zero_output
10188,Rajam,1,directory_points_only
10190,Ramgarh,0,no_directory_point_not_zero_output
10192,Supaul,0,no_directory_point_not_zero_output
10193,Zhangping,0,no_directory_point_not_zero_output
10194,UNNAMED,0,no_directory_point_not_zero_output
10195,Songyang,0,no_directory_point_not_zero_output
10196,Saharsa,0,no_directory_point_not_zero_output
10198,Khagaria,0,no_directory_point_not_zero_output
10200,Bagodar,0,no_directory_point_not_zero_output
10202,Jamui,0,no_directory_point_not_zero_output
10204,Ganpatganj,0,no_directory_point_not_zero_output
10205,惠来县,0,no_directory_point_not_zero_output
10207,Munger,1,directory_points_only
10209,Srikakulam,0,no_directory_point_not_zero_output
10212,Raoyang,0,no_directory_point_not_zero_output
10214,Yongkang,1,directory_points_only
10215,Bundu,0,no_directory_point_not_zero_output
10217,Madhepura,1,directory_points_only
10218,Youxi,0,no_directory_point_not_zero_output
10219,Mansa Nagar,0,no_directory_point_not_zero_output
10220,Cixi,4,directory_points_only
10221,Paralakhemundi,0,no_directory_point_not_zero_output
10223,Bhanjanagar,0,no_directory_point_not_zero_output
10224,华兴乡,0,no_directory_point_not_zero_output
10225,Barbil,0,no_directory_point_not_zero_output
10227,UNNAMED,0,no_directory_point_not_zero_output
10229,Chakradharpur,1,directory_points_only
10231,Sultanganj,0,no_directory_point_not_zero_output
10232,Yunhe,0,no_directory_point_not_zero_output
10233,Giridih,0,no_directory_point_not_zero_output
10234,京陇村,0,no_directory_point_not_zero_output
10235,Tekkali,1,directory_points_only
10236,Heyang,0,no_directory_point_not_zero_output
10237,Bokaro,0,no_directory_point_not_zero_output
10238,Nanjing,0,no_directory_point_not_zero_output
10239,Biratnagar,0,no_directory_point_not_zero_output
10240,Lishui,7,directory_points_only
10241,Forbesganj,0,no_directory_point_not_zero_output
10242,Pinghe,0,no_directory_point_not_zero_output
10243,Dhanbad,5,directory_points_only
10245,Angul,0,no_directory_point_not_zero_output
10247,Akbarnagar,0,no_directory_point_not_zero_output
10249,Raniganj,0,no_directory_point_not_zero_output
10250,Jinyun,0,no_directory_point_not_zero_output
10251,Palasa-Kasibugga,0,no_directory_point_not_zero_output
10253,Barhara Kothi,0,no_directory_point_not_zero_output
10254,Shengzhou,0,no_directory_point_not_zero_output
10255,Banmankhi,0,no_directory_point_not_zero_output
10256,壶镇镇,0,no_directory_point_not_zero_output
10257,Talcher,1,directory_points_only
10258,Gutian,0,no_directory_point_not_zero_output
10259,Chaibasa,1,directory_points_only
10261,Bhagalpur,2,directory_points_only
10262,Zhangzhou,4,directory_points_only
10263,UNNAMED,0,no_directory_point_not_zero_output
10265,Amarpur,0,no_directory_point_not_zero_output
10266,Dehua,0,no_directory_point_not_zero_output
10267,Naugachia,0,no_directory_point_not_zero_output
10268,Yunxiao,0,no_directory_point_not_zero_output
10269,Deoghar,1,directory_points_only
10270,Yongchun,0,no_directory_point_not_zero_output
10271,Ichchapuram,0,no_directory_point_not_zero_output
10273,UNNAMED,0,no_directory_point_not_zero_output
10275,Brahmapur,10,directory_points_only
10276,Taishun,0,no_directory_point_not_zero_output
10277,Araria,0,no_directory_point_not_zero_output
10278,Zhangpu,0,no_directory_point_not_zero_output
10279,Madhupur,0,no_directory_point_not_zero_output
10280,Anxi,0,no_directory_point_not_zero_output
10281,Kendujhargarh,0,no_directory_point_not_zero_output
10282,Ningbo,38,directory_points_only
10283,UNNAMED,0,no_directory_point_not_zero_output
10284,Xikou,0,no_directory_point_not_zero_output
10285,Jamshedpur,8,directory_points_only
10286,Xiamen,38,directory_points_only
10287,Nayagarh,0,no_directory_point_not_zero_output
10288,XianJu,0,no_directory_point_not_zero_output
10289,Bhojudih,0,no_directory_point_not_zero_output
10290,Jiudongshan,0,no_directory_point_not_zero_output
10291,UNNAMED,0,no_directory_point_not_zero_output
10292,Jiuzhen,0,no_directory_point_not_zero_output
10293,Sindri,0,no_directory_point_not_zero_output
10294,Fenghua,0,no_directory_point_not_zero_output
10295,Santaldih,0,no_directory_point_not_zero_output
10296,Tiantai,0,no_directory_point_not_zero_output
10297,Puruliya,1,directory_points_only
10298,Qingtian,0,no_directory_point_not_zero_output
10299,Jalalgarh,0,no_directory_point_not_zero_output
10301,Bausi,0,no_directory_point_not_zero_output
10302,Wencheng,0,no_directory_point_not_zero_output
10303,Purnia,0,no_directory_point_not_zero_output
10304,Fu'an,0,no_directory_point_not_zero_output
10305,Kahalgaon,0,no_directory_point_not_zero_output
10307,Chhatrapur,0,no_directory_point_not_zero_output
10309,Kasba,0,no_directory_point_not_zero_output
10310,Xianyou,0,no_directory_point_not_zero_output
10313,Asansol,3,directory_points_only
10315,Bahadurganj,0,no_directory_point_not_zero_output
10317,Jamtara,0,no_directory_point_not_zero_output
10319,Godda,0,no_directory_point_not_zero_output
10320,赛岐镇,0,no_directory_point_not_zero_output
10321,Karanjia,0,no_directory_point_not_zero_output
10323,Pirpainti,0,no_directory_point_not_zero_output
10324,Ningde,2,directory_points_only
10325,Pirpainti,0,no_directory_point_not_zero_output
10327,Dhenkanal,0,no_directory_point_not_zero_output
10328,Fuzhou,62,directory_points_only
10330,Darjeeling,0,no_directory_point_not_zero_output
10331,Quanzhou,10,directory_points_only
10332,Katihar,0,no_directory_point_not_zero_output
10333,Ninghai,1,directory_points_only
10334,Adra,0,no_directory_point_not_zero_output
10335,Linhai,2,directory_points_only
10336,Kishanganj,0,no_directory_point_not_zero_output
10337,Daishan,0,no_directory_point_not_zero_output
10338,Bhuban,0,no_directory_point_not_zero_output
10339,Wenzhou,25,directory_points_only
10340,Gangtok,7,directory_points_only
10341,Sanmen,0,no_directory_point_not_zero_output
10342,Siliguri,4,directory_points_only
10343,Luoyuan,0,no_directory_point_not_zero_output
10344,Sahibganj,0,no_directory_point_not_zero_output
10345,Yongjia,0,no_directory_point_not_zero_output
10346,Dumka,0,no_directory_point_not_zero_output
10347,Shuitou,0,no_directory_point_not_zero_output
10348,Jatani Town,0,no_directory_point_not_zero_output
10349,Zhoushan,6,directory_points_only
10350,Cuttack,9,directory_points_only
10352,Islampur,0,no_directory_point_not_zero_output
10353,Putian,2,directory_points_only
10354,Bhubaneshwar,38,directory_points_only
10357,Fuding,0,no_directory_point_not_zero_output
10360,Bankura,2,directory_points_only
10362,UNNAMED,0,no_directory_point_not_zero_output
10363,Xiapu,0,no_directory_point_not_zero_output
10364,Raiganj,3,directory_points_only
10365,Lianjiang,0,no_directory_point_not_zero_output
10366,Puri,0,no_directory_point_not_zero_output
10368,Mal Bazaar,0,no_directory_point_not_zero_output
10371,龙港市,0,no_directory_point_not_zero_output
10373,Jalpaiguri,1,directory_points_only
10374,Yueqing,3,directory_points_only
10375,Durgapur,8,directory_points_only
10377,Siuri,1,directory_points_only
10379,Jajpur,0,no_directory_point_not_zero_output
10380,Xiangshan,1,directory_points_only
10381,Baripada,0,no_directory_point_not_zero_output
10382,Fuqing,2,directory_points_only
10383,Jagatsinghpur,0,no_directory_point_not_zero_output
10385,Kaliyaganj,0,no_directory_point_not_zero_output
10387,UNNAMED,0,no_directory_point_not_zero_output
10388,Dajing,0,no_directory_point_not_zero_output
10389,Dhulian,0,no_directory_point_not_zero_output
10391,Jhargram,2,directory_points_only
10392,Taizhou,8,directory_points_only
10393,Bhadrak,0,no_directory_point_not_zero_output
10397,Malda,6,directory_points_only
10398,龙田镇,0,no_directory_point_not_zero_output
10399,Sujapur,0,no_directory_point_not_zero_output
10401,Bishnupur,1,directory_points_only
10402,Shipu,0,no_directory_point_not_zero_output
10405,Sonamukhi,0,no_directory_point_not_zero_output
10407,Rampur Hat,0,no_directory_point_not_zero_output
10409,Kendrapara,1,directory_points_only
10411,Dhupguri,0,no_directory_point_not_zero_output
10412,Yuhuan,0,no_directory_point_not_zero_output
10413,Bolpur,5,directory_points_only
10414,Dongtou,0,no_directory_point_not_zero_output
10416,松门镇,0,no_directory_point_not_zero_output
10418,石塘镇,0,no_directory_point_not_zero_output
10419,Jangipur,1,directory_points_only
10420,Pingtan,0,no_directory_point_not_zero_output
10421,Chandrakona Road,0,no_directory_point_not_zero_output
10422,Balasore,1,directory_points_only
10423,Kharagpur,1,directory_points_only
10424,Medinipur,5,directory_points_only
10425,Falakata,0,no_directory_point_not_zero_output
10426,Kandi,1,directory_points_only
10428,Jaigaon,0,no_directory_point_not_zero_output
10429,Matabhanga,0,no_directory_point_not_zero_output
10430,Bardhaman,2,directory_points_only
10432,Berhampore,3,directory_points_only
10434,UNNAMED,0,no_directory_point_not_zero_output
10435,UNNAMED,0,no_directory_point_not_zero_output
10436,Balurghat,0,no_directory_point_not_zero_output
10437,Ghatal,0,no_directory_point_not_zero_output
10439,Katwa,0,no_directory_point_not_zero_output
10440,Cooch Behar,4,directory_points_only
10441,Tamluk,3,directory_points_only
10443,Notun Digha,0,no_directory_point_not_zero_output
10444,UNNAMED,0,no_directory_point_not_zero_output
10445,Alipurduar,1,directory_points_only
10446,UNNAMED,0,no_directory_point_not_zero_output
10447,Dinhata,0,no_directory_point_not_zero_output
10449,UNNAMED,0,no_directory_point_not_zero_output
10450,Bethuadahari,0,no_directory_point_not_zero_output
10451,Contai,0,no_directory_point_not_zero_output
10452,Kolkata,237,directory_points_only
10453,Kolkata,1,directory_points_only
10454,Nabadwip,0,no_directory_point_not_zero_output
10456,Tufanganj,0,no_directory_point_not_zero_output
10457,Karimpur,0,no_directory_point_not_zero_output
10458,Kalna,1,directory_points_only
10459,Pandua,0,no_directory_point_not_zero_output
10461,Krishnanagar,2,directory_points_only
10462,Shantipur,1,directory_points_only
10463,Chapra,0,no_directory_point_not_zero_output
10465,Badkulla,0,no_directory_point_not_zero_output
10467,Gossaigaon,0,no_directory_point_not_zero_output
10468,Haldia,2,directory_points_only
10469,Ranaghat,1,directory_points_only
10472,Dhubri,1,directory_points_only
10474,Kakdwip,0,no_directory_point_not_zero_output
10475,Jaynagar Majilpur,2,directory_points_only
10476,Habra,0,no_directory_point_not_zero_output
10478,Bilasipara,0,no_directory_point_not_zero_output
10479,Mankachar,0,no_directory_point_not_zero_output
10481,Bangaon,0,no_directory_point_not_zero_output
10484,Canning,0,no_directory_point_not_zero_output
10488,Basirhat,1,directory_points_only
10489,Bongaigaon,0,no_directory_point_not_zero_output
10491,Tura,0,no_directory_point_not_zero_output
10492,UNNAMED,0,no_directory_point_not_zero_output
10493,Nalbari,1,directory_points_only
10495,Nongstoin,0,no_directory_point_not_zero_output
10496,Guwahati,30,directory_points_only
10498,Kharupetia,0,no_directory_point_not_zero_output
10499,Shillong,15,directory_points_only
10500,Dhing,2,directory_points_only
10501,Marigaon,0,no_directory_point_not_zero_output
10502,Agartala,7,directory_points_only
10503,Bisalgarh,0,no_directory_point_not_zero_output
10505,Tezpur,3,directory_points_only
10509,Jowai,0,no_directory_point_not_zero_output
10511,Udaipur,0,no_directory_point_not_zero_output
10513,Bishwanath Charaili,0,no_directory_point_not_zero_output
10514,Zakiganj,2,directory_points_only
10515,Hojai,1,directory_points_only
10516,Dharmanagar,0,no_directory_point_not_zero_output
10517,Badarpur,0,no_directory_point_not_zero_output
10518,Hailakandi,0,no_directory_point_not_zero_output
10519,Lumding,0,no_directory_point_not_zero_output
10520,Silchar,6,directory_points_only
10521,North Lakhimpur,1,directory_points_only
10522,Diphu,0,no_directory_point_not_zero_output
10523,Kolasib,0,no_directory_point_not_zero_output
10524,Golaghat,2,directory_points_only
10525,Dimapur,4,directory_points_only
10526,Jorhat,10,directory_points_only
10527,Aizawl,6,directory_points_only
10528,Dibrugarh,3,directory_points_only
10529,Wokha,0,no_directory_point_not_zero_output
10530,Nazira,0,no_directory_point_not_zero_output
10531,Mokokchung,1,directory_points_only
10532,Senapati,0,no_directory_point_not_zero_output
10533,Imphal,10,directory_points_only
10534,LAMKA,0,no_directory_point_not_zero_output
10535,Sonari,0,no_directory_point_not_zero_output
10536,Tinsukia,0,no_directory_point_not_zero_output
10538,Duliajan,1,directory_points_only
10540,Ukhrul,0,no_directory_point_not_zero_output
10541,Digboi,0,no_directory_point_not_zero_output
10542,Port Blair,2,directory_points_only
