ucdb_id,source_name,intersecting_efuas,covered_area_share,status
1,Apia,0,0.0,no_overlap
2,Nuku'alofa,0,0.0,no_overlap
3,Ewa Beach,1,1.0,single_overlap
4,Papeete,0,0.0,no_overlap
5,Rosarito,1,1.0,single_overlap
6,Victoria,1,0.991071429,single_overlap
7,Malacatán,1,1.0,single_overlap
8,Ahuachapan,1,1.0,single_overlap
9,Santa Rosa,1,1.0,single_overlap
10,Chinandega,1,1.0,single_overlap
11,Belize City,1,0.777777778,single_overlap
12,Liberia,0,0.0,no_overlap
13,David,1,1.0,single_overlap
14,Talara,1,1.0,single_overlap
15,Salinas [Santa Elena],1,1.0,single_overlap
16,San Andrés,1,0.769230769,single_overlap
17,Pinar del Rio,1,1.0,single_overlap
18,Montego Bay,1,0.979166667,single_overlap
19,Nassau,1,0.981818182,single_overlap
20,Cruzeiro do Sul,1,1.0,single_overlap
21,Ureña,1,1.0,single_overlap
22,Jérémie,1,0.75,single_overlap
23,Oranjestad,0,0.0,no_overlap
24,Santa Cruz de Barahona,1,0.944444444,single_overlap
25,Arica,1,0.857142857,single_overlap
26,Willemstad,1,0.974789916,single_overlap
27,Cobija,0,0.0,no_overlap
28,Ponce,1,1.0,single_overlap
29,San Juan,1,1.0,single_overlap
30,Port of Spain,1,1.0,single_overlap
31,Fort-de-France,1,1.0,single_overlap
32,Bridgetown,1,0.93902439,single_overlap
33,Georgetown,1,1.0,single_overlap
34,Paramaribo,1,1.0,single_overlap
35,Concepción,1,0.941176471,single_overlap
36,Salto,1,1.0,single_overlap
37,Cayenne,1,0.891891892,single_overlap
38,Mindelo,1,0.722222222,single_overlap
39,Dakar,1,0.996389892,single_overlap
40,Serrekunda,1,0.933701657,single_overlap
41,Nouadhibou,1,0.657894737,single_overlap
42,Los Cristianos,1,1.0,single_overlap
43,Bissau,1,0.831325301,single_overlap
44,Funchal,1,0.97826087,single_overlap
45,Dakhla,1,0.757575758,single_overlap
46,Kamsar,1,0.935483871,single_overlap
47,Freetown,2,0.946341463,multiple_overlaps
48,Reykjavik,1,0.979381443,single_overlap
49,Kayes,1,0.813953488,single_overlap
50,Monrovia,1,0.98013245,single_overlap
52,Danané,1,1.0,single_overlap
53,Galway,1,1.0,single_overlap
54,Derry/Londonderry,1,1.0,single_overlap
55,Niangoloko,1,0.785714286,single_overlap
56,Brest,1,1.0,single_overlap
57,Dormaa Ahenkro,1,0.941176471,single_overlap
58,Bechar,1,1.0,single_overlap
59,St. Helier,1,0.916666667,single_overlap
60,Cinkassé,2,0.333333333,multiple_overlaps
61,Téra,1,0.75,single_overlap
62,Tanguieta,1,0.545454545,single_overlap
63,Ostend,1,1.0,single_overlap
64,Idi-Iroko,1,0.789473684,single_overlap
65,Maasvlakte,1,0.961538462,single_overlap
66,Bergen,1,1.0,single_overlap
67,Aachen,1,1.0,single_overlap
68,Luxembourg,1,1.0,single_overlap
69,Geneva,1,1.0,single_overlap
70,Turin,1,1.0,single_overlap
71,São Tomé,1,0.714285714,single_overlap
72,Aalborg,1,1.0,single_overlap
73,Bregenz,0,0.0,no_overlap
74,Al-Kaf,1,1.0,single_overlap
75,Gothenburg,1,1.0,single_overlap
76,Malabo,1,0.985915493,single_overlap
77,Port-Gentil,1,0.736842105,single_overlap
78,Limbe,1,0.714285714,single_overlap
79,Pilsen,1,1.0,single_overlap
80,Szczecin,1,0.974358974,single_overlap
81,Al Zawiyah,1,0.939130435,single_overlap
82,Ljubljana,1,1.0,single_overlap
83,Rijeka,1,1.0,single_overlap
84,Tômbua,0,0.0,no_overlap
85,Pointe-Noire,1,0.840659341,single_overlap
86,Moanda,1,0.96,single_overlap
87,Valletta,1,0.99,single_overlap
88,Sopron,1,1.0,single_overlap
89,Bratislava,1,1.0,single_overlap
90,Walvis Bay,1,0.666666667,single_overlap
91,Banja Luka,1,1.0,single_overlap
92,Léré,1,0.214285714,single_overlap
93,Turku,1,1.0,single_overlap
94,Kaliningrad,1,1.0,single_overlap
95,Klaipėda,1,1.0,single_overlap
96,Bouar,1,0.923076923,single_overlap
97,Subotica,1,1.0,single_overlap
98,Nikšić,0,0.0,no_overlap
99,Tallinn,1,0.991735537,single_overlap
100,Tierkloof,0,0.0,no_overlap
101,Shkoder,1,1.0,single_overlap
102,Riga,1,1.0,single_overlap
103,Pejë,1,1.0,single_overlap
104,Arad,1,1.0,single_overlap
105,Hrodna,1,1.0,single_overlap
106,Uzhhorod,1,1.0,single_overlap
107,Gostivar,1,1.0,single_overlap
108,Ioannina,1,1.0,single_overlap
109,Sofia,1,1.0,single_overlap
110,Bălți,1,1.0,single_overlap
111,El Geneina,1,0.913043478,single_overlap
112,Edirne,1,1.0,single_overlap
113,Mongu,1,0.939393939,single_overlap
114,Kanye,1,1.0,single_overlap
115,Marsa Matruh,1,0.931034483,single_overlap
116,Maseru,1,0.936363636,single_overlap
117,Bulawayo,1,0.994219653,single_overlap
118,Wau,1,1.0,single_overlap
119,Pafos,0,0.0,no_overlap
120,Cibitoke,0,0.0,no_overlap
121,Rubavu,2,0.614285714,multiple_overlaps
122,Manzini,1,1.0,single_overlap
123,Nicosia,1,1.0,single_overlap
124,Kigoma,1,1.0,single_overlap
125,Bwera,0,0.0,no_overlap
126,Matola-Rio,1,0.9,single_overlap
127,Khan Yunis,1,1.0,single_overlap
128,Ashkelon,1,1.0,single_overlap
129,Latakia,1,1.0,single_overlap
130,Tyre,1,1.0,single_overlap
131,Aqaba,1,1.0,single_overlap
133,Kasungu,0,0.0,no_overlap
134,Tabuk,1,1.0,single_overlap
135,Busia,2,0.823529412,multiple_overlaps
136,Batumi,1,1.0,single_overlap
137,Teseney,1,0.846153846,single_overlap
138,Al-Qa'im,0,0.0,no_overlap
139,Gyumri,1,1.0,single_overlap
140,Showt,0,0.0,no_overlap
141,Oral,1,1.0,single_overlap
142,Nakhchivan,1,1.0,single_overlap
143,Derbent,1,1.0,single_overlap
144,Dhobley,0,0.0,no_overlap
145,Toliara,1,0.714285714,single_overlap
146,Harad,1,1.0,single_overlap
147,Ali Sabieh,0,0.0,no_overlap
148,Moroni,1,0.888888889,single_overlap
149,Al Jahra,1,1.0,single_overlap
150,Mamoudzou,1,0.923076923,single_overlap
151,Turkmenbashy,1,1.0,single_overlap
152,Manama,1,1.0,single_overlap
153,Doha,1,1.0,single_overlap
154,Kungrad,0,0.0,no_overlap
155,Al Ruways Industrial city,0,0.0,no_overlap
156,Salalah,1,0.98,single_overlap
157,Le Port,1,0.923076923,single_overlap
158,Islam Qala,0,0.0,no_overlap
159,Port Louis,1,0.992647059,single_overlap
160,Nijoni,0,0.0,no_overlap
161,Gwādar,1,0.85,single_overlap
162,Kara-Balta,1,0.933333333,single_overlap
163,Kashgar,1,1.0,single_overlap
164,Kralpora,0,0.0,no_overlap
165,Malé,1,0.461538462,single_overlap
166,Babathan,0,0.0,no_overlap
167,Jaffna,1,0.987012987,single_overlap
168,Erdenet,0,0.0,no_overlap
169,Thakurgaon,1,1.0,single_overlap
170,Phuntsholing,0,0.0,no_overlap
171,Kyauktaw,1,1.0,single_overlap
172,Banda Aceh,1,1.0,single_overlap
173,Chiang Mai,1,1.0,single_overlap
174,Luang Prabang,1,0.944444444,single_overlap
175,Điện Biên Phủ,1,1.0,single_overlap
176,George Town,1,1.0,single_overlap
177,Sampov Lun,0,0.0,no_overlap
178,Singapore,1,0.997716895,single_overlap
179,Mandurah,1,1.0,single_overlap
180,Sinuiju,1,1.0,single_overlap
181,Daegot,1,1.0,single_overlap
182,Dazhuang,1,0.885057471,single_overlap
183,Bandar Seri Begawan,1,0.972972973,single_overlap
184,Otaru,1,1.0,single_overlap
185,Laoag,1,0.821428571,single_overlap
186,Dili,1,1.0,single_overlap
187,Dunedin,1,0.934782609,single_overlap
189,Honiara,1,0.743589744,single_overlap
190,Nouméa,1,0.934210526,single_overlap
191,Port Vila,0,0.0,no_overlap
192,Lautoka,0,0.0,no_overlap
193,Honolulu,1,0.994350282,single_overlap
194,Fracc Villas del Real 2da Seccion,1,1.0,single_overlap
195,Nanaimo,1,1.0,single_overlap
196,Coatepeque,1,1.0,single_overlap
197,Sonsonate,1,1.0,single_overlap
198,Cofradía,1,1.0,single_overlap
199,León,1,1.0,single_overlap
200,Barranca,1,1.0,single_overlap
201,Paita,1,0.823529412,single_overlap
202,Manta,1,1.0,single_overlap
203,Colón,1,1.0,single_overlap
204,Tumaco,1,0.28,single_overlap
205,Artemisa,0,0.0,no_overlap
206,Mandeville,1,1.0,single_overlap
207,San Antonio del Táchira,1,1.0,single_overlap
208,Les Cayes,1,0.941176471,single_overlap
209,San Juan de la Maguana,1,1.0,single_overlap
210,Iquique,1,1.0,single_overlap
211,Rio Branco,1,1.0,single_overlap
212,La Paz,1,1.0,single_overlap
213,Bayamón [San Juan],1,1.0,single_overlap
214,Mendoza,1,1.0,single_overlap
215,San Fernando,1,1.0,single_overlap
216,Paradise,1,0.926829268,single_overlap
217,Asuncion,1,1.0,single_overlap
218,Paysandú,1,0.923076923,single_overlap
219,João Teves,0,0.0,no_overlap
220,M'bour,1,1.0,single_overlap
221,Brikama,1,1.0,single_overlap
222,Nouakchott,1,0.915730337,single_overlap
223,La Orotava,1,1.0,single_overlap
224,Bafatá,1,1.0,single_overlap
225,Boké,1,1.0,single_overlap
226,Boujdour,1,0.888888889,single_overlap
227,Mahera,1,0.916666667,single_overlap
228,Kakata,1,1.0,single_overlap
229,Kita,1,0.9375,single_overlap
230,Guelmim,1,1.0,single_overlap
231,Lisbon,1,0.997652582,single_overlap
232,Man,1,1.0,single_overlap
233,Cork,1,1.0,single_overlap
234,Banfora,1,0.741935484,single_overlap
235,Belfast,1,1.0,single_overlap
236,Lorient,1,1.0,single_overlap
237,Kato,1,0.974358974,single_overlap
238,Maghnia,1,1.0,single_overlap
239,Dapaong,1,0.59375,single_overlap
240,Natitingou,1,0.8125,single_overlap
241,Tillabéri,1,0.454545455,single_overlap
242,Roeselare,1,1.0,single_overlap
243,Meko,1,1.0,single_overlap
244,Rotterdam [The Hague],1,0.998522895,single_overlap
245,Lagunen,1,1.0,single_overlap
246,Mönchengladbach,1,1.0,single_overlap
247,Lausanne,1,0.973333333,single_overlap
248,Savona,1,1.0,single_overlap
249,Aarhus,1,1.0,single_overlap
250,Jendouba,1,1.0,single_overlap
251,Borås,0,0.0,no_overlap
252,Innsbruck,1,1.0,single_overlap
253,Buea,0,0.0,no_overlap
255,Bata,1,0.806818182,single_overlap
256,Ústí nad Labem,1,1.0,single_overlap
257,Stargard,0,0.0,no_overlap
258,Tripoli,1,0.995698925,single_overlap
259,Moçâmedes,1,0.815789474,single_overlap
260,Maribor,1,1.0,single_overlap
261,Zadar,1,1.0,single_overlap
262,Tshela,1,1.0,single_overlap
263,Szombathely,1,1.0,single_overlap
264,Sibiti,1,1.0,single_overlap
265,Trnava,1,1.0,single_overlap
266,Swakopmund,0,0.0,no_overlap
267,Zenica,1,1.0,single_overlap
268,Pala,1,0.529411765,single_overlap
269,Oulu,1,1.0,single_overlap
270,Carnot,1,0.875,single_overlap
271,Novi Sad,1,1.0,single_overlap
272,Podgorica,1,1.0,single_overlap
273,Durrës,1,1.0,single_overlap
274,Masiphumelele,1,1.0,single_overlap
275,Kaunas,1,1.0,single_overlap
276,Timișoara,1,1.0,single_overlap
277,Gjakova,1,1.0,single_overlap
278,Murmansk,1,1.0,single_overlap
279,Tetovo,1,1.0,single_overlap
280,Brest,1,1.0,single_overlap
281,Mukachevo,1,1.0,single_overlap
282,Tartu,1,1.0,single_overlap
283,Daugavpils,1,1.0,single_overlap
284,Patras,1,1.0,single_overlap
285,Plovdiv,1,1.0,single_overlap
286,Khorbranga,1,0.818181818,single_overlap
287,Çanakkale,1,1.0,single_overlap
288,Rybnitsa,1,1.0,single_overlap
289,Molepolole,0,0.0,no_overlap
290,Mwinilunga,1,0.833333333,single_overlap
291,Alexandria,1,0.997722096,single_overlap
292,Yambio,1,1.0,single_overlap
293,Mkoba,1,0.857142857,single_overlap
294,Limassol,1,1.0,single_overlap
295,Bujumbura,1,0.978723404,single_overlap
296,Musanze,1,0.8,single_overlap
297,Kasulu,1,0.888888889,single_overlap
298,Kasese,1,0.947368421,single_overlap
299,Maputo,1,0.949122807,single_overlap
300,Deir el-Balah,1,1.0,single_overlap
301,Ashdod,1,0.958333333,single_overlap
302,Sidon,1,1.0,single_overlap
303,Jablah,1,1.0,single_overlap
304,Der Abi Saeed,0,0.0,no_overlap
305,Likuni,1,0.818181818,single_overlap
306,Al Qurayyat,1,1.0,single_overlap
307,Asosa,1,0.666666667,single_overlap
308,Migori,0,0.0,no_overlap
309,Kutaisi,1,1.0,single_overlap
310,Al Baaj,1,0.857142857,single_overlap
311,Barentu,1,0.384615385,single_overlap
312,Yerevan,1,1.0,single_overlap
314,Zagatala,0,0.0,no_overlap
315,Atyrau,1,0.967741935,single_overlap
316,,0,0.0,no_overlap
317,Az Zuhrah,0,0.0,no_overlap
319,Tadjoura,0,0.0,no_overlap
320,Fomboni,1,0.785714286,single_overlap
321,Saad Al-Abdulla,1,1.0,single_overlap
322,Balkanabat,1,0.944444444,single_overlap
323,Ras Laffan,0,0.0,no_overlap
324,Khujayli,1,0.956521739,single_overlap
325,Abu Dhabi,1,0.990654206,single_overlap
326,Dahariz park,1,1.0,single_overlap
327,Le Tampon,1,1.0,single_overlap
328,Ghurian,0,0.0,no_overlap
329,Шадобдеҳ,1,0.833333333,single_overlap
330,Turbat,1,0.928571429,single_overlap
331,Suzak,1,1.0,single_overlap
332,Artush,1,1.0,single_overlap
333,Dwarka,1,1.0,single_overlap
334,Laksmipur,0,0.0,no_overlap
335,Puttalam,0,0.0,no_overlap
336,Panchagarh,1,1.0,single_overlap
337,Ulaanbaatar,1,0.991489362,single_overlap
338,Kalay,0,0.0,no_overlap
339,Sigli,1,1.0,single_overlap
340,Lamphun,0,0.0,no_overlap
341,Lào Cai,1,1.0,single_overlap
342,Vientiane,1,1.0,single_overlap
343,Alor Setar,1,1.0,single_overlap
344,Khum Pech Chenda,0,0.0,no_overlap
345,Sembawang,1,1.0,single_overlap
346,Rockingham,1,0.962264151,single_overlap
347,락원1동,1,1.0,single_overlap
348,Seoul,1,1.0,single_overlap
349,Zhanghua City,1,1.0,single_overlap
350,Lambak,1,0.266666667,single_overlap
351,Sapporo,1,1.0,single_overlap
352,Vigan,1,0.953488372,single_overlap
353,Christchurch,1,1.0,single_overlap
354,Tari,0,0.0,no_overlap
355,Suva,1,1.0,single_overlap
356,Mililani,1,1.0,single_overlap
357,Ensenada,1,1.0,single_overlap
358,Vancouver,1,0.998459168,single_overlap
359,San Pedro Sacatepéquez [San Marcos],1,1.0,single_overlap
360,Chalchuapa,1,1.0,single_overlap
361,Siguatepeque,1,1.0,single_overlap
362,Managua,1,1.0,single_overlap
363,San José,1,1.0,single_overlap
364,Sullana,1,1.0,single_overlap
365,Portoviejo,1,1.0,single_overlap
366,La Chorrera,1,1.0,single_overlap
367,Havana,1,1.0,single_overlap
368,Ipiales,1,1.0,single_overlap
369,May Pen,1,1.0,single_overlap
370,Rubio,1,1.0,single_overlap
371,Petit-Goâve,1,1.0,single_overlap
372,Mao,1,1.0,single_overlap
373,Antofagasta,1,0.964285714,single_overlap
374,Riberalta,1,1.0,single_overlap
375,Tefé,0,0.0,no_overlap
376,Caguas,1,1.0,single_overlap
377,San Salvador de Jujuy,1,1.0,single_overlap
378,Chaguanas,1,1.0,single_overlap
379,Pedro Juan Caballero,1,1.0,single_overlap
380,Tacuarembó,0,0.0,no_overlap
381,Thiès,1,1.0,single_overlap
382,Santa Cruz de Tenerife,1,1.0,single_overlap
383,Gabu,1,1.0,single_overlap
384,Basse Santa Su,0,0.0,no_overlap
385,Sangarédi,1,0.923076923,single_overlap
386,Kaédi,1,0.6,single_overlap
387,Kambia,0,0.0,no_overlap
389,Harbel City,0,0.0,no_overlap
390,Tiznit,1,0.933333333,single_overlap
391,Bamako,1,0.992628993,single_overlap
392,Almada,1,1.0,single_overlap
393,Guiglo,1,1.0,single_overlap
394,Dublin,1,1.0,single_overlap
395,Bobo-Dioulasso,1,0.858823529,single_overlap
396,Bangor,1,1.0,single_overlap
397,Wa,1,0.71875,single_overlap
398,Saint-Brieuc,1,1.0,single_overlap
399,Remchi,0,0.0,no_overlap
400,Mango,1,0.75,single_overlap
401,Djougou,1,0.962962963,single_overlap
402,Torodi,0,0.0,no_overlap
403,Bruges,1,1.0,single_overlap
404,Oja Odan,0,0.0,no_overlap
405,Bergen op Zoom,1,0.766666667,single_overlap
406,Stavanger,1,1.0,single_overlap
407,Krefeld,1,1.0,single_overlap
408,Neuchâtel,0,0.0,no_overlap
409,Novara,1,1.0,single_overlap
410,Odense,1,1.0,single_overlap
411,Kasserine,1,1.0,single_overlap
412,Helsingborg,1,1.0,single_overlap
413,Mamfe,1,1.0,single_overlap
414,Libreville,1,0.908163265,single_overlap
415,Salzburg,1,1.0,single_overlap
416,Kladno,1,1.0,single_overlap
417,Gorzów Wielkopolski,1,1.0,single_overlap
418,Cacongo,0,0.0,no_overlap
419,Zagreb,1,1.0,single_overlap
420,Qabilat alturki,1,1.0,single_overlap
421,Nsioni,0,0.0,no_overlap
422,Gyor,1,1.0,single_overlap
423,Nitra,0,0.0,no_overlap
424,N'Djamena,1,0.927927928,single_overlap
425,Tampere,1,1.0,single_overlap
426,Sarajevo,1,1.0,single_overlap
427,Brazzaville,1,0.866666667,single_overlap
428,Nola,0,0.0,no_overlap
429,Windhoek,1,1.0,single_overlap
430,Zrenjanin,1,1.0,single_overlap
431,Cape Town,1,0.997122302,single_overlap
432,Vlora,1,1.0,single_overlap
433,Panevėžys,1,1.0,single_overlap
434,Mitrovica,1,1.0,single_overlap
435,Oradea,1,1.0,single_overlap
436,Skopje,1,1.0,single_overlap
437,Drohobych,1,1.0,single_overlap
438,Baranavichy,1,1.0,single_overlap
439,Larissa,1,1.0,single_overlap
440,Pskov,1,1.0,single_overlap
441,Ruse,1,1.0,single_overlap
442,Chișinău,1,1.0,single_overlap
443,Kırklareli,0,0.0,no_overlap
444,Garsila,1,0.555555556,single_overlap
445,Lobatse,1,1.0,single_overlap
446,Livingstone,1,0.952380952,single_overlap
447,Al Wadi,1,1.0,single_overlap
448,Gweru,1,1.0,single_overlap
449,Bubanza,1,1.0,single_overlap
450,Strovolos [Nicosia],1,1.0,single_overlap
451,Rumbek,1,0.857142857,single_overlap
452,Muhanga,1,0.64,single_overlap
453,Fort Portal,1,0.85,single_overlap
454,Mumigunga,0,0.0,no_overlap
455,Chókwè,0,0.0,no_overlap
456,Gaza,1,1.0,single_overlap
457,Tel Aviv,1,0.996996997,single_overlap
458,Beirut,1,1.0,single_overlap
459,Baniyas,1,1.0,single_overlap
460,Ajloun,0,0.0,no_overlap
461,Lilongwe,1,1.0,single_overlap
462,Gambela,1,0.941176471,single_overlap
463,Bungoma,1,0.869565217,single_overlap
464,Yanbu`,1,0.97826087,single_overlap
465,Sinjar,1,1.0,single_overlap
467,Tbilisi,1,0.993377483,single_overlap
468,Qaraziadin,0,0.0,no_overlap
469,Ganja,1,1.0,single_overlap
470,Andatabo,0,0.0,no_overlap
471,Aktau,1,1.0,single_overlap
472,Hodeidah,1,0.983050847,single_overlap
473,Bardera,0,0.0,no_overlap
474,Djibouti,1,0.695652174,single_overlap
475,Kuwait City,1,0.985714286,single_overlap
476,Gyzylarbat,1,1.0,single_overlap
477,Al Khor,1,1.0,single_overlap
478,Chimbay,0,0.0,no_overlap
479,ICAD I,1,0.982142857,single_overlap
480,Al-Buraimi,2,1.0,multiple_overlaps
481,Saint-Denis,1,0.933333333,single_overlap
482,Qarabāg,0,0.0,no_overlap
483,Ghonchi,0,0.0,no_overlap
484,Qila Khudabadan,1,1.0,single_overlap
485,Jalal-Abad,1,0.974358974,single_overlap
486,Yengisar,0,0.0,no_overlap
487,Mithapur,1,1.0,single_overlap
488,Banjariya,0,0.0,no_overlap
489,Wennappuwa,1,0.860465116,single_overlap
490,Pirganj,1,1.0,single_overlap
491,Sittwe,1,0.714285714,single_overlap
492,Meulaboh,1,0.866666667,single_overlap
493,Chiang Rai,1,1.0,single_overlap
494,Sơn La,1,1.0,single_overlap
495,Bukit Mertajam,1,0.987804878,single_overlap
496,Poipet,1,0.545454545,single_overlap
497,Pakse,1,0.914285714,single_overlap
498,Perth,1,1.0,single_overlap
499,Ryongampho-rodongjagu,0,0.0,no_overlap
500,Paju,1,1.0,single_overlap
501,Hsinchu,1,1.0,single_overlap
502,Karatsu,0,0.0,no_overlap
503,San Fernando,1,1.0,single_overlap
504,Mendi,1,0.636363636,single_overlap
505,Wellington,1,1.0,single_overlap
506,Kahului,0,0.0,no_overlap
507,Tijuana,2,1.0,multiple_overlaps
508,White Rock,1,0.956521739,single_overlap
509,Retalhuleu,1,1.0,single_overlap
510,Santa Ana,1,1.0,single_overlap
511,San Pedro Sula,1,1.0,single_overlap
512,Esteli,1,1.0,single_overlap
513,Cartago,1,1.0,single_overlap
514,Piura,1,1.0,single_overlap
515,Huaquillas,0,0.0,no_overlap
516,Arraiján,1,1.0,single_overlap
517,Las Guásimas,1,1.0,single_overlap
518,Pasto,1,1.0,single_overlap
519,Old Harbour,1,0.071428571,single_overlap
520,Machiques,1,1.0,single_overlap
521,Grand Goâve,0,0.0,no_overlap
522,Azua,1,1.0,single_overlap
523,Calama,1,1.0,single_overlap
524,Oruro,1,1.0,single_overlap
525,Porto Velho,1,1.0,single_overlap
526,Salta,1,1.0,single_overlap
527,Coronel Oviedo,1,1.0,single_overlap
528,Rivera,2,1.0,multiple_overlaps
529,Darou Khoudoss,0,0.0,no_overlap
530,Cuartería El Uno,1,1.0,single_overlap
531,Tanene,0,0.0,no_overlap
532,Port Loko,0,0.0,no_overlap
533,Zouérat,0,0.0,no_overlap
535,Foya City,0,0.0,no_overlap
536,Essaouira,1,1.0,single_overlap
537,Kati,1,0.95,single_overlap
538,Amora,1,1.0,single_overlap
539,Duekoue,1,0.80952381,single_overlap
540,Blanchardstown,1,1.0,single_overlap
541,Houndé,1,0.866666667,single_overlap
542,Plymouth,1,1.0,single_overlap
543,Sunyani,1,0.842105263,single_overlap
544,Saint-Nazaire,0,0.0,no_overlap
545,Tlemcen,1,1.0,single_overlap
546,Kpalimé,1,0.857142857,single_overlap
547,Aplahoué,0,0.0,no_overlap
548,Niamey,1,0.810810811,single_overlap
549,Kortrijk,1,1.0,single_overlap
550,Ajara,1,1.0,single_overlap
551,Leiden,1,0.985294118,single_overlap
552,Bocholt,1,0.5,single_overlap
553,Montreux,1,1.0,single_overlap
554,Trondheim,1,0.912280702,single_overlap
555,Alessandria,1,1.0,single_overlap
556,Gafsa,1,1.0,single_overlap
557,Greve Strand,1,1.0,single_overlap
558,Malmo,1,1.0,single_overlap
559,Tiko,1,1.0,single_overlap
560,Prague,1,1.0,single_overlap
561,Wels,0,0.0,no_overlap
562,Zielona Góra,0,0.0,no_overlap
563,Oyem,0,0.0,no_overlap
564,Cabinda,1,0.918367347,single_overlap
565,Lukula,0,0.0,no_overlap
566,Zliten,1,1.0,single_overlap
567,Split,1,1.0,single_overlap
568,Žilina,1,1.0,single_overlap
569,Székesfehérvár,1,1.0,single_overlap
570,Fianga,1,0.454545455,single_overlap
571,Tuzla,1,1.0,single_overlap
572,Helsinki,1,1.0,single_overlap
573,Belgrade,1,1.0,single_overlap
574,Fier,1,1.0,single_overlap
575,Blouberg Rise,1,1.0,single_overlap
576,Prizren,1,1.0,single_overlap
577,Satu Mare,1,1.0,single_overlap
578,Vilnius,1,1.0,single_overlap
579,Drachevo,1,1.0,single_overlap
580,Dongou,1,0.857142857,single_overlap
581,Novovolynsk,1,1.0,single_overlap
582,Bangui,1,0.950819672,single_overlap
583,Rundu,0,0.0,no_overlap
584,Haleva,1,1.0,single_overlap
585,Thessaloniki,1,1.0,single_overlap
586,Saint Petersburg,1,1.0,single_overlap
587,Stara Zagora,1,1.0,single_overlap
588,Akçay,0,0.0,no_overlap
589,Saraf `Umrah,1,0.5,single_overlap
590,Bender,1,1.0,single_overlap
591,Gaborone,1,0.991803279,single_overlap
592,Solwezi,1,0.87804878,single_overlap
593,Idku,1,1.0,single_overlap
594,Kwekwe,1,0.921052632,single_overlap
595,Rumonge,1,0.75,single_overlap
596,Larnaca,1,1.0,single_overlap
597,Kigali,1,0.961538462,single_overlap
598,Yei,1,1.0,single_overlap
599,Mbarara,1,0.911111111,single_overlap
600,Mpanda,1,0.904761905,single_overlap
601,Haifa,1,1.0,single_overlap
602,Tulkarm,1,1.0,single_overlap
603,Chibuto,1,0.916666667,single_overlap
604,Nabatieh,1,1.0,single_overlap
605,Tartus,1,1.0,single_overlap
606,Irbid,1,1.0,single_overlap
607,Mzuzu,1,0.913043478,single_overlap
608,Dambidollo,1,0.75,single_overlap
609,Vihiga,0,0.0,no_overlap
610,Sakaka,1,1.0,single_overlap
611,Zakho,1,0.907692308,single_overlap
612,Keren,1,0.6875,single_overlap
613,Salmas,1,1.0,single_overlap
614,Sheki,1,1.0,single_overlap
615,Qızıltöbe,1,0.260869565,single_overlap
617,Saakow,0,0.0,no_overlap
618,Morondava,0,0.0,no_overlap
619,Al Wakrah,1,1.0,single_overlap
620,Konye-Urgench,1,1.0,single_overlap
621,Nukus,1,0.932432432,single_overlap
622,Khalifa City,1,1.0,single_overlap
623,Saint-André,1,1.0,single_overlap
624,Sohar,1,1.0,single_overlap
626,Shahrinav,1,1.0,single_overlap
627,Panjgur,1,1.0,single_overlap
628,Osh,1,0.988095238,single_overlap
629,Tacheng,1,1.0,single_overlap
630,Mandvi,1,1.0,single_overlap
631,Tikapur,0,0.0,no_overlap
632,Colombo [Sri Jayawardenepura Kotte],1,0.99668325,single_overlap
633,Bholarhat,1,0.8,single_overlap
634,Mrauk U,0,0.0,no_overlap
635,Lampang,1,1.0,single_overlap
636,Bireuen,1,1.0,single_overlap
637,Sungai Petani,1,0.989247312,single_overlap
638,Phù Yên,1,1.0,single_overlap
639,Phsar Prom,0,0.0,no_overlap
640,Butler,1,1.0,single_overlap
641,Ryongchon,1,1.0,single_overlap
642,Gimpo,1,1.0,single_overlap
643,Toufen,1,1.0,single_overlap
644,Sasebo,1,1.0,single_overlap
645,Dagupan [Lingayen],1,0.980501393,single_overlap
646,Wabag,0,0.0,no_overlap
647,Lower Hutt,1,1.0,single_overlap
648,Santa Maria,1,1.0,single_overlap
649,San Luis,1,1.0,single_overlap
650,Langley City,1,1.0,single_overlap
651,Quetzaltenango,1,1.0,single_overlap
652,Ciudad Arce,1,1.0,single_overlap
653,Villanueva,1,1.0,single_overlap
654,Masaya,1,1.0,single_overlap
655,Limón,0,0.0,no_overlap
656,Tumbes,1,1.0,single_overlap
657,Chone,1,1.0,single_overlap
658,Panama City,1,1.0,single_overlap
659,Managua,1,1.0,single_overlap
660,Buenaventura,1,0.552631579,single_overlap
661,Portmore,1,1.0,single_overlap
662,San Cristobal,1,0.977777778,single_overlap
663,Anse-à-Galets,1,0.857142857,single_overlap
664,Esperanza,0,0.0,no_overlap
665,Copiapó,1,1.0,single_overlap
666,Cochabamba,1,0.996587031,single_overlap
667,Coari,1,1.0,single_overlap
668,Palpalá,1,1.0,single_overlap
669,Villarrica,1,1.0,single_overlap
670,Las Piedras,1,1.0,single_overlap
671,Tivaouane,1,0.818181818,single_overlap
672,Las Palmas de Gran Canaria,1,1.0,single_overlap
673,Coyah,1,0.996721311,single_overlap
674,Mile 91,1,0.777777778,single_overlap
675,Kiffa,1,0.15,single_overlap
676,Buchanan,1,1.0,single_overlap
677,Aourir,1,1.0,single_overlap
678,Sénou,1,0.838709677,single_overlap
679,Barreiro,1,1.0,single_overlap
680,Buyo,0,0.0,no_overlap
681,Swords,1,1.0,single_overlap
682,Dédougou,1,0.666666667,single_overlap
683,Glasgow,1,1.0,single_overlap
684,Wenchi,1,1.0,single_overlap
685,Rennes,1,1.0,single_overlap
686,Ain Temouchent,1,1.0,single_overlap
687,Blitta-Gare,1,0.210526316,single_overlap
688,Lokossa,1,0.875,single_overlap
689,Ghent,1,1.0,single_overlap
690,Owode,1,0.947368421,single_overlap
691,Dosso,1,0.857142857,single_overlap
692,Roosendaal,1,1.0,single_overlap
693,Essen,1,1.0,single_overlap
694,Freiburg im Üechtland,1,1.0,single_overlap
695,Drammen,1,1.0,single_overlap
696,Gallarate,1,1.0,single_overlap
697,Béja,1,1.0,single_overlap
698,Copenhagen,1,0.993377483,single_overlap
699,Lund,1,1.0,single_overlap
700,Kumba,1,1.0,single_overlap
701,Linz,1,1.0,single_overlap
702,České Budějovice,1,1.0,single_overlap
703,Koszalin,1,1.0,single_overlap
704,Soyo,1,0.392857143,single_overlap
705,Lemba Village,1,0.714285714,single_overlap
706,Moanda,1,0.857142857,single_overlap
707,Sabha,1,1.0,single_overlap
708,Pécs,1,1.0,single_overlap
709,Banská Bystrica,1,1.0,single_overlap
710,Osijek,1,1.0,single_overlap
711,Mao,1,0.818181818,single_overlap
712,Brčko,0,0.0,no_overlap
713,Jyväskylä,1,1.0,single_overlap
714,Tirana,1,1.0,single_overlap
715,Borca,1,1.0,single_overlap
716,Atlantis,1,1.0,single_overlap
717,Pristina,1,1.0,single_overlap
718,Bitola,1,1.0,single_overlap
719,Impfondo,1,0.894736842,single_overlap
720,Lviv,1,1.0,single_overlap
721,Drobeta-Turnu Severin,1,1.0,single_overlap
722,Badokwa,1,0.846153846,single_overlap
723,Volos,1,1.0,single_overlap
724,Minsk,1,1.0,single_overlap
725,Pushkin,1,1.0,single_overlap
726,Burgas,1,1.0,single_overlap
727,Lüleburgaz,0,0.0,no_overlap
729,Tiraspol,1,1.0,single_overlap
730,Mahalapye,0,0.0,no_overlap
731,Choma,1,0.814814815,single_overlap
732,Abu Huminus,1,1.0,single_overlap
733,Zvishavane,0,0.0,no_overlap
734,Kayanza,1,0.916666667,single_overlap
735,Kayonza,0,0.0,no_overlap
736,Arua,1,0.804347826,single_overlap
737,Malakal,1,1.0,single_overlap
738,Yavne,2,1.0,multiple_overlaps
739,Sumbawanga,1,0.72972973,single_overlap
740,Taibe,1,1.0,single_overlap
741,Xai-Xai,1,0.886792453,single_overlap
742,Aamchit [Byblos],1,1.0,single_overlap
743,Idlib,1,1.0,single_overlap
744,Al Salt,1,1.0,single_overlap
745,Salima,0,0.0,no_overlap
746,Kisii,1,0.815384615,single_overlap
747,Mendi,1,0.545454545,single_overlap
748,Tal Afar,1,1.0,single_overlap
749,Medina,1,0.996183206,single_overlap
750,Asmara,1,1.0,single_overlap
751,Khoy,1,1.0,single_overlap
752,Mingachevir,1,0.952380952,single_overlap
753,`Abs,1,0.785714286,single_overlap
754,Luuq لوق,0,0.0,no_overlap
755,Aktobe,1,1.0,single_overlap
756,Ambovombe,0,0.0,no_overlap
757,Andalyp,1,0.88,single_overlap
758,Gurlan,0,0.0,no_overlap
759,Bani Yas,1,1.0,single_overlap
760,Ibri,1,1.0,single_overlap
761,Herat,1,1.0,single_overlap
762,Proletar,1,1.0,single_overlap
763,Kharan,0,0.0,no_overlap
764,Bishkek,1,0.984848485,single_overlap
765,Jaisalmer,1,0.769230769,single_overlap
766,香班哈日根牧场,0,0.0,no_overlap
767,Nepalgunj,1,0.722222222,single_overlap
768,Bandaragama,1,1.0,single_overlap
769,Chapainawabganj,1,0.518134715,single_overlap
770,Minbya,1,0.75,single_overlap
771,Takengon,0,0.0,no_overlap
772,Kamphaeng Phet,1,1.0,single_overlap
773,Simpang Ampat,1,1.0,single_overlap
774,Yên Bái,1,1.0,single_overlap
775,Pailin,0,0.0,no_overlap
776,Sakju,0,0.0,no_overlap
777,Dongducheon,1,1.0,single_overlap
778,Miaoli,1,1.0,single_overlap
779,Asahikawa,1,1.0,single_overlap
780,Agoo,0,0.0,no_overlap
781,Hobart,1,1.0,single_overlap
782,Mount Hagen,1,1.0,single_overlap
783,Palmerston North,1,1.0,single_overlap
784,Santa Barbara,1,1.0,single_overlap
785,Ciudad Constitución,0,0.0,no_overlap
786,Maple Ridge,1,1.0,single_overlap
787,Mazatenango,1,1.0,single_overlap
788,Lourdes,1,1.0,single_overlap
789,La Lima,1,1.0,single_overlap
790,Tipitapa,1,1.0,single_overlap
791,Zarumilla,0,0.0,no_overlap
792,Guayaquil,1,0.996815287,single_overlap
793,Cotorro,1,1.0,single_overlap
794,Orito,1,1.0,single_overlap
795,Kingston,1,1.0,single_overlap
796,Villa del Rosario,1,1.0,single_overlap
797,Léogâne,1,0.632653061,single_overlap
798,Santiago de los Caballeros,1,1.0,single_overlap
799,Coquimbo,1,1.0,single_overlap
800,Trinidad,1,1.0,single_overlap
801,Ariquemes,1,1.0,single_overlap
802,La Rioja,1,1.0,single_overlap
803,Caaguazú,1,1.0,single_overlap
804,Montevideo,1,0.991561181,single_overlap
805,Bambey,1,1.0,single_overlap
806,Telde,1,0.967741935,single_overlap
807,Fria,1,1.0,single_overlap
808,Makeni,1,1.0,single_overlap
809,Voinjama,0,0.0,no_overlap
810,Agadir,1,1.0,single_overlap
811,Ouélessébougou,0,0.0,no_overlap
812,Setúbal,1,0.941176471,single_overlap
813,San-Pédro,1,0.981818182,single_overlap
814,Fassala,0,0.0,no_overlap
815,Gaoua,1,0.533333333,single_overlap
816,Swansea,1,1.0,single_overlap
817,Tarkwa,0,0.0,no_overlap
818,Nantes,1,1.0,single_overlap
819,Ain Turk,1,1.0,single_overlap
820,Lomé,1,0.988439306,single_overlap
821,Comè,0,0.0,no_overlap
822,Frameries,1,1.0,single_overlap
823,Agbara,1,0.988235294,single_overlap
824,Filingué,1,1.0,single_overlap
825,Heemskerk,1,1.0,single_overlap
826,Dusseldorf,2,1.0,multiple_overlaps
827,Biel/Bienne,1,1.0,single_overlap
828,Oslo,1,1.0,single_overlap
829,Varese,1,1.0,single_overlap
830,Sidi Bouzid,1,1.0,single_overlap
831,Jönköping,0,0.0,no_overlap
832,Douala,1,0.910714286,single_overlap
833,Liberec,1,1.0,single_overlap
834,Klagenfurt,1,1.0,single_overlap
835,Lubin,1,1.0,single_overlap
836,Buco-Zau,0,0.0,no_overlap
837,Boma,1,0.864864865,single_overlap
838,Misrata,1,0.983240223,single_overlap
839,Franceville,0,0.0,no_overlap
840,Érd,1,1.0,single_overlap
841,Bongor,1,0.666666667,single_overlap
842,Lahti,0,0.0,no_overlap
843,Prešov,1,1.0,single_overlap
844,Čačak,1,1.0,single_overlap
845,Malmesbury,0,0.0,no_overlap
846,Elbasan,1,1.0,single_overlap
847,Ferizaj,1,1.0,single_overlap
848,Kumanovo,1,1.0,single_overlap
849,Stryi,1,1.0,single_overlap
850,Baia Mare,1,1.0,single_overlap
851,Bétou,1,0.909090909,single_overlap
852,Kolpino,1,1.0,single_overlap
853,Achotnica,0,0.0,no_overlap
854,Athens,1,1.0,single_overlap
855,Bambari,1,1.0,single_overlap
856,Varna,1,1.0,single_overlap
858,Tekirdağ,1,1.0,single_overlap
859,Francistown,1,1.0,single_overlap
860,Mumbwa,1,0.923076923,single_overlap
861,Izbat Bahnasi,1,1.0,single_overlap
862,Kadoma,1,0.954545455,single_overlap
863,Ngozi,1,0.866666667,single_overlap
864,Koboko,1,0.944444444,single_overlap
865,Netanya,1,1.0,single_overlap
866,Bor,1,0.947368421,single_overlap
867,Ibamba,0,0.0,no_overlap
868,Modi'in Illit,0,0.0,no_overlap
869,Manica,0,0.0,no_overlap
870,Tripoli,1,0.961538462,single_overlap
871,Arihah,0,0.0,no_overlap
872,Husn,1,1.0,single_overlap
873,Blantyre,1,1.0,single_overlap
874,Kakamega,1,0.774193548,single_overlap
875,Meti Chafi / Tilk u Meti,1,0.428571429,single_overlap
876,Duhok,1,1.0,single_overlap
877,`Ar`ar,1,1.0,single_overlap
878,Ghinda,0,0.0,no_overlap
879,Urmia,1,1.0,single_overlap
882,Kismayo,1,0.382352941,single_overlap
883,Zhanaozen,1,0.825,single_overlap
885,Dashoguz,1,1.0,single_overlap
886,Khiva,1,1.0,single_overlap
887,Al Falah,0,0.0,no_overlap
888,Barka,0,0.0,no_overlap
889,Guzarah,1,1.0,single_overlap
890,Khujand,1,0.987012987,single_overlap
891,Chaman,1,0.8,single_overlap
892,Nookat,1,1.0,single_overlap
893,Baramulla,1,1.0,single_overlap
894,Yining/Qulja,1,1.0,single_overlap
895,Tulsipur,1,0.21875,single_overlap
896,Ambalangoda,1,0.976744186,single_overlap
897,Birganj,1,1.0,single_overlap
898,Kyaukpyu,0,0.0,no_overlap
899,Lhokseumawe,1,1.0,single_overlap
900,Phrae,0,0.0,no_overlap
901,Parit Buntar,1,0.352941176,single_overlap
902,Làng Giao,1,1.0,single_overlap
903,Battambang,1,1.0,single_overlap
905,옥정신도시,2,1.0,multiple_overlaps
906,Taichung,1,1.0,single_overlap
907,Fukuoka,1,1.0,single_overlap
908,San Carlos,1,1.0,single_overlap
909,Huntfield Heights,1,1.0,single_overlap
910,Ganigle,0,0.0,no_overlap
911,Napier,0,0.0,no_overlap
912,Santa Cruz,1,1.0,single_overlap
913,Tecate,1,0.85,single_overlap
914,Abbotsford,1,1.0,single_overlap
915,Totonicapán,1,0.974358974,single_overlap
916,San Salvador,1,1.0,single_overlap
917,Comayagua,1,1.0,single_overlap
918,Granada,1,1.0,single_overlap
919,Puerto Hondo,1,1.0,single_overlap
920,Lambayeque,1,1.0,single_overlap
921,Matanzas,1,1.0,single_overlap
922,Popayán,1,1.0,single_overlap
923,Santa Bárbara del Zulia,1,1.0,single_overlap
924,Jacmel,1,0.84,single_overlap
925,Baní,1,1.0,single_overlap
926,La Serena,1,1.0,single_overlap
927,Potosí,1,0.961538462,single_overlap
928,San Martín,1,1.0,single_overlap
929,Ji-Paraná,1,1.0,single_overlap
930,Encarnacion,1,1.0,single_overlap
931,Ciudad de la Costa,1,1.0,single_overlap
932,Saint-Louis,1,0.474576271,single_overlap
933,Kindia,1,1.0,single_overlap
934,Magburaka,0,0.0,no_overlap
935,Gbarnga,1,1.0,single_overlap
936,Aït Melloul,1,1.0,single_overlap
937,Koulikoro,0,0.0,no_overlap
938,Póvoa de Varzim,1,1.0,single_overlap
939,Vigo,1,1.0,single_overlap
940,Séguéla,0,0.0,no_overlap
941,East Kilbride,1,1.0,single_overlap
942,Ouahigouya,1,0.53125,single_overlap
943,Techiman,1,0.977777778,single_overlap
944,Cherbourg-en-Cotentin,1,1.0,single_overlap
945,Oran,1,1.0,single_overlap
946,Atakpamé,1,1.0,single_overlap
947,Savalou,1,1.0,single_overlap
948,Ilaro,1,0.961538462,single_overlap
949,Temse,1,1.0,single_overlap
950,Haarlem,1,1.0,single_overlap
951,Gaya,1,0.866666667,single_overlap
952,Trier,1,1.0,single_overlap
953,Bern,1,1.0,single_overlap
954,Busto Arsizio,1,1.0,single_overlap
955,Fredrikstad,0,0.0,no_overlap
956,Manzil Bourguiba,1,0.909090909,single_overlap
957,Nkongsamba,1,1.0,single_overlap
958,Örebro,1,1.0,single_overlap
959,Pardubice,1,1.0,single_overlap
960,Legnica,1,1.0,single_overlap
961,Graz,1,1.0,single_overlap
962,N'zeto,0,0.0,no_overlap
963,Kinzao,1,0.916666667,single_overlap
964,Budapest,1,1.0,single_overlap
965,Sirte,1,1.0,single_overlap
966,Dourbali,0,0.0,no_overlap
967,Košice,1,1.0,single_overlap
968,Pančevo,1,1.0,single_overlap
969,Somerset West,1,1.0,single_overlap
970,Prilep,1,1.0,single_overlap
971,Chervonohrad,1,1.0,single_overlap
972,Cluj-Napoca,1,1.0,single_overlap
973,Дунай,0,0.0,no_overlap
974,Zhodzina,1,1.0,single_overlap
975,Chania,1,1.0,single_overlap
976,Bria,1,1.0,single_overlap
977,Zalingei,1,0.833333333,single_overlap
978,Bergama,0,0.0,no_overlap
979,Selebi Phikwe,0,0.0,no_overlap
980,Monze,1,1.0,single_overlap
981,Hawsh Isa,1,1.0,single_overlap
982,Chegutu,1,0.764705882,single_overlap
983,Gitega,1,0.961538462,single_overlap
984,Yumbe,0,0.0,no_overlap
985,Hadera,1,1.0,single_overlap
986,Juba,1,1.0,single_overlap
987,Idhna,0,0.0,no_overlap
988,Chato,0,0.0,no_overlap
989,Zahle,1,1.0,single_overlap
990,Catandica,1,0.611111111,single_overlap
991,Afrin,0,0.0,no_overlap
992,Amman,1,1.0,single_overlap
993,Zomba,1,0.9375,single_overlap
994,Kisumu,1,0.985294118,single_overlap
995,Nedjo,1,0.923076923,single_overlap
996,Khanich,0,0.0,no_overlap
997,الياقوت,1,1.0,single_overlap
999,Marand,1,1.0,single_overlap
1000,Barda,1,1.0,single_overlap
1002,Jamame,0,0.0,no_overlap
1003,Tolanaro,0,0.0,no_overlap
1004,Kostanay,1,1.0,single_overlap
1005,Yasmansalyk,1,1.0,single_overlap
1006,Urgench,1,1.0,single_overlap
1007,Dubai,1,0.994145199,single_overlap
1008,Seeb,1,0.97810219,single_overlap
1009,Shindand,1,0.48,single_overlap
1010,Hisor,1,1.0,single_overlap
1011,Pishin,0,0.0,no_overlap
1012,Özgön,1,1.0,single_overlap
1013,Poonch,1,1.0,single_overlap
1014,Emin/Dörbiljin,1,1.0,single_overlap
1015,Jogīkuti,1,0.580645161,single_overlap
1016,Galle,2,0.939516129,multiple_overlaps
1017,Domar,0,0.0,no_overlap
1018,Hpakant,0,0.0,no_overlap
1019,Uttaradit,0,0.0,no_overlap
1020,Gunungsitoli,1,1.0,single_overlap
1021,Kulim,1,1.0,single_overlap
1022,Việt Trì,1,0.967741935,single_overlap
1023,Anlong Veng,0,0.0,no_overlap
1024,Tongrim,1,1.0,single_overlap
1025,Hwado,1,1.0,single_overlap
1026,Yuanlin City,1,1.0,single_overlap
1027,Kitakyushu,1,1.0,single_overlap
1028,Baguio,1,1.0,single_overlap
1029,Adelaide,1,1.0,single_overlap
1030,Kundiawa,1,0.625,single_overlap
1031,Hamilton,1,1.0,single_overlap
1032,Salinas,1,1.0,single_overlap
1033,Cabo San Lucas,1,0.975609756,single_overlap
1034,Kelowna,0,0.0,no_overlap
1035,Momostenango,0,0.0,no_overlap
1036,Quezaltepeque,1,1.0,single_overlap
1037,Puerto Cortés,1,0.931034483,single_overlap
1038,Jinotega,1,1.0,single_overlap
1039,Daule,1,1.0,single_overlap
1040,Chiclayo,1,1.0,single_overlap
1041,Varadero,0,0.0,no_overlap
1042,Hacienda Río Blanco,1,1.0,single_overlap
1043,El Vigía,1,1.0,single_overlap
1044,Saint-Marc,1,0.826086957,single_overlap
1045,Puerto Plata,1,1.0,single_overlap
1046,Ovalle,1,1.0,single_overlap
1047,Sucre,1,1.0,single_overlap
1048,Libertador General San Martín,1,0.923076923,single_overlap
1049,Boa Vista,1,1.0,single_overlap
1050,Ciudad del Este,1,0.990566038,single_overlap
1051,Maldonado,1,0.861111111,single_overlap
1052,Fatick,1,1.0,single_overlap
1053,Labé,1,0.925925926,single_overlap
1054,Bo,1,1.0,single_overlap
1055,Ganta,1,0.888888889,single_overlap
1056,Lqliaa,1,0.417582418,single_overlap
1057,Bougouni,1,0.764705882,single_overlap
1058,Porto,1,0.99691358,single_overlap
1059,A Coruña,1,1.0,single_overlap
1060,Soubré,1,0.8,single_overlap
1061,Blantyre,1,1.0,single_overlap
1062,Koudougou,1,0.957446809,single_overlap
1063,Takoradi,1,0.985294118,single_overlap
1064,Bayonne,1,0.973684211,single_overlap
1065,Sidi Bel Abbes,1,1.0,single_overlap
1066,Sokodé,1,0.891891892,single_overlap
1067,Bohicon,1,1.0,single_overlap
1068,Aiyetoro,1,0.933333333,single_overlap
1069,Antwerp,1,1.0,single_overlap
1070,Hoofddorp,1,1.0,single_overlap
1071,Dogondoutchi,1,1.0,single_overlap
1072,Dormagen,2,1.0,multiple_overlaps
1073,Basel,1,1.0,single_overlap
1074,Genoa,1,0.989795918,single_overlap
1075,Bizerte,1,0.964285714,single_overlap
1076,Tromsø,0,0.0,no_overlap
1077,Kribi,1,0.9,single_overlap
1078,Linköping,1,1.0,single_overlap
1079,Hradec Králové,1,1.0,single_overlap
1080,Słupsk,0,0.0,no_overlap
1081,Vienna,1,1.0,single_overlap
1082,Luanda,1,0.996794872,single_overlap
1083,Matadi,1,0.813953488,single_overlap
1084,Szőlőhegy,1,1.0,single_overlap
1085,Kelo,1,0.666666667,single_overlap
1086,Stellenbosch,1,1.0,single_overlap
1087,Novi Pazar,1,1.0,single_overlap
1088,Benghazi,1,0.986666667,single_overlap
1089,Kovel,1,1.0,single_overlap
1090,Târgu Jiu,0,0.0,no_overlap
1091,Barysaw,1,1.0,single_overlap
1092,Veliky Novgorod,1,1.0,single_overlap
1093,Heraklion,1,1.0,single_overlap
1094,Izmir,1,1.0,single_overlap
1096,Mazabuka,1,0.941176471,single_overlap
1097,Rosetta,1,1.0,single_overlap
1098,Chinhoyi,1,0.958333333,single_overlap
1099,Kirundo,1,0.75,single_overlap
1100,Hoima,1,0.705882353,single_overlap
1101,Rehovot,1,1.0,single_overlap
1102,Hebron,1,1.0,single_overlap
1103,Bukoba,1,0.892857143,single_overlap
1104,Nimule,1,0.571428571,single_overlap
1105,Al-Zabadani,0,0.0,no_overlap
1106,Baalbek,1,1.0,single_overlap
1107,Chimoio,1,0.897058824,single_overlap
1108,Jerash,1,1.0,single_overlap
1109,Mangochi,1,1.0,single_overlap
1110,Kitale,1,0.688888889,single_overlap
1111,Tepi,1,0.818181818,single_overlap
1112,Jeddah,1,0.989942529,single_overlap
1113,Domeez,1,0.777777778,single_overlap
1114,Dekemhare,1,0.818181818,single_overlap
1115,Piranshahr,1,1.0,single_overlap
1116,Aghjabadi,0,0.0,no_overlap
1118,Borama,1,0.588235294,single_overlap
1119,Ambatolahy II,0,0.0,no_overlap
1120,Petropavl,1,1.0,single_overlap
1121,Ashgabat,1,1.0,single_overlap
1122,Beruniy,1,1.0,single_overlap
1123,Hamriya Free Zone,1,0.875,single_overlap
1124,Muscat,1,0.972972973,single_overlap
1125,Bandabad,0,0.0,no_overlap
1126,Ghafurov,1,0.818181818,single_overlap
1127,Quetta,1,0.98013245,single_overlap
1128,Ak-Bulun,0,0.0,no_overlap
1129,Bhuj,1,1.0,single_overlap
1130,Yarkand,1,0.921052632,single_overlap
1131,Farena,0,0.0,no_overlap
1132,Anuradhapura,0,0.0,no_overlap
1133,Dinajpur,1,1.0,single_overlap
1134,Monywa,1,1.0,single_overlap
1135,Phitsanulok,1,1.0,single_overlap
1136,Langsa,1,1.0,single_overlap
1137,Taiping,1,1.0,single_overlap
1138,Trung Hà,1,1.0,single_overlap
1139,Siem Reap,1,1.0,single_overlap
1140,Manpo,1,1.0,single_overlap
1141,Bongdam,1,1.0,single_overlap
1142,Taipei,1,0.99691358,single_overlap
1143,Omura,1,1.0,single_overlap
1144,Bayambang,1,1.0,single_overlap
1145,Elizabeth North,1,1.0,single_overlap
1146,Goroka,1,0.722222222,single_overlap
1147,Auckland,1,0.998432602,single_overlap
1148,Oxnard,1,1.0,single_overlap
1149,La Paz,1,1.0,single_overlap
1150,Chiantla,1,1.0,single_overlap
1151,Cojutepeque,1,1.0,single_overlap
1152,Lethbridge,1,1.0,single_overlap
1153,El Progreso,1,1.0,single_overlap
1154,Matagalpa,1,1.0,single_overlap
1155,Machala,1,1.0,single_overlap
1156,Trujillo,1,0.989361702,single_overlap
1157,Cienfuegos,1,1.0,single_overlap
1158,Cali,1,1.0,single_overlap
1159,La Concepción,1,1.0,single_overlap
1160,Port-de-Paix,2,0.795918367,multiple_overlaps
1161,La Vega,1,1.0,single_overlap
1162,Valparaíso,1,0.993421053,single_overlap
1163,Tarija,1,0.953488372,single_overlap
1164,San Pedro de Jujuy,1,1.0,single_overlap
1165,Cacoal,1,1.0,single_overlap
1166,Hernandarias,1,0.565217391,single_overlap
1167,Ziguinchor,1,1.0,single_overlap
1168,Mamou,1,1.0,single_overlap
1169,Yogomaia,0,0.0,no_overlap
1170,Ouled-Teima,1,0.888888889,single_overlap
1171,Pleebo,0,0.0,no_overlap
1172,Braga,1,1.0,single_overlap
1173,Fana,1,0.764705882,single_overlap
1174,Ferrol,1,1.0,single_overlap
1175,Issia,1,1.0,single_overlap
1176,Wishaw,1,0.964912281,single_overlap
1177,Yako,1,0.5,single_overlap
1178,Dunkwa-on-Offin,1,1.0,single_overlap
1179,La Rochelle,1,1.0,single_overlap
1180,Ain Sefra,1,1.0,single_overlap
1181,Notsé,1,0.933333333,single_overlap
1182,Whydah,1,1.0,single_overlap
1183,Isale,1,0.90625,single_overlap
1184,La Louvière,1,1.0,single_overlap
1185,Dordrecht,1,1.0,single_overlap
1186,Cologne,1,1.0,single_overlap
1187,Tahoua,1,0.741935484,single_overlap
1188,Thun,1,1.0,single_overlap
1189,Vigevano,1,1.0,single_overlap
1190,El Hamma,1,1.0,single_overlap
1191,Dschang,1,1.0,single_overlap
1192,Norrköping,1,1.0,single_overlap
1193,Pila,1,1.0,single_overlap
1194,Brno,1,1.0,single_overlap
1195,Benguela,1,0.851851852,single_overlap
1196,Luozi,0,0.0,no_overlap
1197,Kecskemét,0,0.0,no_overlap
1198,Moundou,1,1.0,single_overlap
1199,Kraljevo,1,1.0,single_overlap
1200,Paarl,1,1.0,single_overlap
1201,Ajdabiya,1,1.0,single_overlap
1202,Lutsk,1,1.0,single_overlap
1203,Bistrița,0,0.0,no_overlap
1204,Velikiye Luki,1,1.0,single_overlap
1205,Babruysk,1,1.0,single_overlap
1206,Menemen,1,1.0,single_overlap
1207,Rahad al Bardi,0,0.0,no_overlap
1208,Chingola,1,0.979591837,single_overlap
1209,Damanhur,1,1.0,single_overlap
1210,Masvingo,1,0.903225806,single_overlap
1211,Muyinga,1,0.8125,single_overlap
1212,Mubende,1,1.0,single_overlap
1213,Nahariyya,1,0.266666667,single_overlap
1214,Nablus,1,1.0,single_overlap
1215,Ushirombo,0,0.0,no_overlap
1216,Maarrat al-Nu'man,0,0.0,no_overlap
1217,Magwi,0,0.0,no_overlap
1218,Madaba,1,1.0,single_overlap
1219,Gondola,0,0.0,no_overlap
1220,Eldoret,1,0.844444444,single_overlap
1222,Al Reheli,1,1.0,single_overlap
1224,Massawa,0,0.0,no_overlap
1225,Naghadeh,1,1.0,single_overlap
1226,Quba,0,0.0,no_overlap
1228,Jilib,0,0.0,no_overlap
1229,Mahajanga,1,0.794117647,single_overlap
1230,Ayteke Bi,1,1.0,single_overlap
1231,Xonqa,1,1.0,single_overlap
1232,Al Saja'a Industrial,1,1.0,single_overlap
1233,Mary,1,1.0,single_overlap
1234,Al Amerat,1,0.961538462,single_overlap
1235,Bala Murghab,0,0.0,no_overlap
1236,Dushanbe,1,1.0,single_overlap
1237,Qalat,0,0.0,no_overlap
1238,Sopore,1,1.0,single_overlap
1239,Anarkol,0,0.0,no_overlap
1240,Sitāpur,0,0.0,no_overlap
1241,Kurunegala,0,0.0,no_overlap
1242,Gomastapur,0,0.0,no_overlap
1243,Mohnyin,1,0.916666667,single_overlap
1244,Kanchanaburi,1,1.0,single_overlap
1245,Teluk Dalam,1,0.769230769,single_overlap
1246,Sitiawan,1,1.0,single_overlap
1247,Tam Hồng,1,0.819672131,single_overlap
1248,Phumi Roessei,0,0.0,no_overlap
1249,Taeryonggang,0,0.0,no_overlap
1250,Chuncheon,1,1.0,single_overlap
1251,Zhudong,1,1.0,single_overlap
1252,Nagasaki,1,1.0,single_overlap
1253,Urdaneta,1,1.0,single_overlap
1254,Geelong,1,1.0,single_overlap
1255,Madang,1,0.583333333,single_overlap
1256,Tauranga,1,1.0,single_overlap
1257,Watsonville,1,1.0,single_overlap
1258,San José del Cabo,1,1.0,single_overlap
1259,San Pedro Soloma,0,0.0,no_overlap
1260,Zacatecoluca,1,1.0,single_overlap
1261,Choluteca,1,1.0,single_overlap
1262,Calgary,1,1.0,single_overlap
1263,Bilwi,1,0.882352941,single_overlap
1264,Vinces,1,1.0,single_overlap
1265,Jaén,1,1.0,single_overlap
1266,Jamundí,1,0.727272727,single_overlap
1267,Trinidad,0,0.0,no_overlap
1268,Maracaibo,1,0.996610169,single_overlap
1269,Port-au-Prince,1,1.0,single_overlap
1270,Moca,1,1.0,single_overlap
1271,Concón,1,1.0,single_overlap
1272,Montero,1,1.0,single_overlap
1273,San Ramón de la Nueva Orán,1,1.0,single_overlap
1274,Manacapuru,1,0.875,single_overlap
1275,Bignona,1,0.916666667,single_overlap
1276,Kenema,1,1.0,single_overlap
1277,Faranah,1,0.944444444,single_overlap
1278,Safi,1,1.0,single_overlap
1279,Méagui,1,1.0,single_overlap
1280,Ourense,1,1.0,single_overlap
1281,Ségou,1,0.979591837,single_overlap
1282,Coatbridge,1,1.0,single_overlap
1283,Leo,1,0.411764706,single_overlap
1284,Kumasi,1,1.0,single_overlap
1285,Bordeaux,1,1.0,single_overlap
1286,Hassi Bounif,1,1.0,single_overlap
1287,Kara,1,0.7,single_overlap
1288,Tindji,1,0.941176471,single_overlap
1289,Lagos,1,1.0,single_overlap
1290,Brussels,1,1.0,single_overlap
1291,Alphen aan den Rijn,1,1.0,single_overlap
1292,Illela,0,0.0,no_overlap
1293,Wuppertal,2,1.0,multiple_overlaps
1294,Olten,1,1.0,single_overlap
1295,Sassari,1,1.0,single_overlap
1296,Oued Ellil,1,1.0,single_overlap
1297,Wum,1,1.0,single_overlap
1298,Västerås,1,1.0,single_overlap
1299,Leszno,1,1.0,single_overlap
1300,Olomouc,1,1.0,single_overlap
1301,Lubango,1,0.904109589,single_overlap
1302,Kimpese,1,0.882352941,single_overlap
1303,Szeged,1,1.0,single_overlap
1304,Laï,1,0.875,single_overlap
1305,Kragujevac,1,1.0,single_overlap
1306,Worcester,1,1.0,single_overlap
1307,Marj,1,1.0,single_overlap
1308,Ivano-Frankivsk,1,1.0,single_overlap
1309,Sibiu,1,1.0,single_overlap
1310,Vitsebsk,1,1.0,single_overlap
1311,Petrozavodsk,1,1.0,single_overlap
1312,Çorlu,1,1.0,single_overlap
1313,Kebkabiya,1,0.666666667,single_overlap
1314,Chililabombwe,1,1.0,single_overlap
1315,Mutubis,1,0.888888889,single_overlap
1316,Norton,1,1.0,single_overlap
1317,Giteranyi,0,0.0,no_overlap
1318,Daliyat al-Karmel,1,1.0,single_overlap
1319,Masindi,0,0.0,no_overlap
1320,Jenin,1,1.0,single_overlap
1321,Katoro,1,0.3125,single_overlap
1322,Halfaya,1,1.0,single_overlap
1323,Ar Ramtha,1,1.0,single_overlap
1324,Renk,1,0.916666667,single_overlap
1325,Tete,1,0.746478873,single_overlap
1326,Kericho,0,0.0,no_overlap
1327,Metu,1,0.866666667,single_overlap
1328,Hayy as Salihiyah,1,1.0,single_overlap
1329,Shaikh Muhammad,0,0.0,no_overlap
1330,Ajab Shir,1,1.0,single_overlap
1331,Imishli,0,0.0,no_overlap
1332,Assab,0,0.0,no_overlap
1333,Al Qutay`,0,0.0,no_overlap
1335,Antsirabe,1,0.888888889,single_overlap
1336,Kokshetau,1,1.0,single_overlap
1337,Turtkul,1,1.0,single_overlap
1338,Ras Al Khaimah,1,0.963963964,single_overlap
1339,Turkmenabat,1,1.0,single_overlap
1340,Qala i Naw,1,0.214285714,single_overlap
1341,Khistevarz,1,1.0,single_overlap
1342,Khuzdar,1,0.866666667,single_overlap
1343,Bandipora,1,0.967741935,single_overlap
1344,Kargilik,1,1.0,single_overlap
1345,Pokhara,1,1.0,single_overlap
1346,Ratnapura,1,0.916666667,single_overlap
1347,Nilphamari,1,1.0,single_overlap
1348,Nyaung-U,0,0.0,no_overlap
1349,Ranong,1,1.0,single_overlap
1350,Kuala Simpang,1,1.0,single_overlap
1351,Ipoh,1,1.0,single_overlap
1352,Hòa Bình,1,1.0,single_overlap
1354,Sonchon,1,1.0,single_overlap
1355,Hyangnam,1,1.0,single_overlap
1356,Nantou City,1,1.0,single_overlap
1357,Saga,1,1.0,single_overlap
1358,Puerto Princesa,1,0.941176471,single_overlap
1359,Ballarat,1,1.0,single_overlap
1360,Port Moresby,1,0.958333333,single_overlap
1361,Ventura,1,1.0,single_overlap
1362,Mexicali,1,1.0,single_overlap
1363,Sololá - Tz'olöj Ya',1,0.944444444,single_overlap
1364,Usulután,1,1.0,single_overlap
1365,Tegucigalpa,1,1.0,single_overlap
1366,Red Deer,1,1.0,single_overlap
1367,Pasaje,1,1.0,single_overlap
1368,Cajamarca,1,0.827586207,single_overlap
1369,Quibdó,1,0.8,single_overlap
1370,Santa Clara,1,1.0,single_overlap
1371,San Rafael del Moján,1,1.0,single_overlap
1372,Gonaïves,1,0.971428571,single_overlap
1373,Bonao,1,1.0,single_overlap
1374,San Antonio,1,0.930232558,single_overlap
1375,Santa Cruz de la Sierra,1,1.0,single_overlap
1376,Concepción,1,1.0,single_overlap
1377,Manaus,1,1.0,single_overlap
1378,Diourbel,1,1.0,single_overlap
1379,Koidu Town,1,1.0,single_overlap
1380,Guéckédou,1,1.0,single_overlap
1381,Taroudant,1,1.0,single_overlap
1382,Vavoua,1,0.642857143,single_overlap
1383,Huelva,1,1.0,single_overlap
1384,Niono-Socoura,1,1.0,single_overlap
1385,Torquay,1,1.0,single_overlap
1386,Sapouy,0,0.0,no_overlap
1387,Kintampo,1,1.0,single_overlap
1388,Angers,1,1.0,single_overlap
1389,Arzew,1,0.956521739,single_overlap
1390,Anié,1,0.923076923,single_overlap
1391,Allada,1,0.916666667,single_overlap
1392,Igangan,0,0.0,no_overlap
1393,Charleroi,1,1.0,single_overlap
1394,Alkmaar,1,1.0,single_overlap
1395,Birni N'Konni,1,0.846153846,single_overlap
1396,Bonn,1,1.0,single_overlap
1397,Aarau,1,0.545454545,single_overlap
1398,Como,1,1.0,single_overlap
1399,Tunis,1,0.99795082,single_overlap
1400,Bamenda,1,1.0,single_overlap
1401,Eskilstuna,0,0.0,no_overlap
1402,Poznan,1,1.0,single_overlap
1403,Baía,1,1.0,single_overlap
1404,Ostrava,1,1.0,single_overlap
1405,Lukala,0,0.0,no_overlap
1406,Miskolc,1,1.0,single_overlap
1407,Moussoro,0,0.0,no_overlap
1408,Kruševac,1,1.0,single_overlap
1409,Craiova,1,1.0,single_overlap
1410,Ternopil,1,1.0,single_overlap
1411,Bayda,1,1.0,single_overlap
1412,Upington,1,1.0,single_overlap
1413,Orsha,1,1.0,single_overlap
1414,Smolensk,1,1.0,single_overlap
1415,Çerkezköy,1,1.0,single_overlap
1416,Kas,1,0.578947368,single_overlap
1417,Kafue,1,1.0,single_overlap
1418,Al-Mahmudiya,1,1.0,single_overlap
1419,Harare,1,0.990049751,single_overlap
1420,Ramla,1,1.0,single_overlap
1421,Masaka,1,0.96969697,single_overlap
1422,Beitar Ilit,1,0.545454545,single_overlap
1423,Urambo,0,0.0,no_overlap
1424,Qudsayya,1,1.0,single_overlap
1425,At Tafila,0,0.0,no_overlap
1427,Moatize,1,0.681818182,single_overlap
1428,Mizan Teferi,0,0.0,no_overlap
1429,Lodwar,0,0.0,no_overlap
1430,Qaryat Jarf al Milh,1,1.0,single_overlap
1431,Bahrah,1,1.0,single_overlap
1432,Tabriz,1,1.0,single_overlap
1433,Khachmaz,0,0.0,no_overlap
1435,Diinsoor,0,0.0,no_overlap
1436,Ambano,0,0.0,no_overlap
1437,Hazorasp,1,0.971428571,single_overlap
1438,Al Aamerah,1,0.772727273,single_overlap
1439,Jezqazğan,0,0.0,no_overlap
1440,Farah,1,0.904761905,single_overlap
1441,Qubodiyon,1,1.0,single_overlap
1442,Sibi,1,1.0,single_overlap
1443,Bhimber Gali,0,0.0,no_overlap
1444,Aksu,1,1.0,single_overlap
1445,Bharatpur,1,0.853658537,single_overlap
1446,Kandy,1,1.0,single_overlap
1447,Saidpur,1,1.0,single_overlap
1448,Chauk,1,1.0,single_overlap
1449,Choeng Thale,1,0.396226415,single_overlap
1450,Pangkalan Brandan,1,1.0,single_overlap
1451,Teluk Intan,1,1.0,single_overlap
1452,Vĩnh Yên,1,1.0,single_overlap
1453,Trapeang Prasat,0,0.0,no_overlap
1454,백운동,0,0.0,no_overlap
1455,Jangdeung-ri,1,1.0,single_overlap
1456,Xinying District,1,1.0,single_overlap
1457,Iizuka,1,1.0,single_overlap
1458,Subic,1,1.0,single_overlap
1459,Point Cook,1,0.96031746,single_overlap
1460,Lae,1,0.771428571,single_overlap
1461,San Francisco,1,0.998141264,single_overlap
1462,San Luis Río Colorado,1,1.0,single_overlap
1463,Santa Lucía Cotzumalguapa,1,1.0,single_overlap
1464,San Miguel,1,1.0,single_overlap
1465,Danlí,1,1.0,single_overlap
1466,Grande Prairie,0,0.0,no_overlap
1467,Barrio Codesa,1,1.0,single_overlap
1468,Chimbote,1,0.967741935,single_overlap
1469,Santander de Quilichao,1,1.0,single_overlap
1470,Sancti Spiritus,1,1.0,single_overlap
1471,Puerto Escondido,1,1.0,single_overlap
1472,Gros Morne,1,1.0,single_overlap
1473,San Cristóbal,1,1.0,single_overlap
1474,La Calera,1,1.0,single_overlap
1475,Satelite Norte,1,0.733333333,single_overlap
1476,San Miguel de Tucumán,1,1.0,single_overlap
1477,Vilhena,1,1.0,single_overlap
1478,Louga,1,1.0,single_overlap
1479,Kailahun,0,0.0,no_overlap
1480,Kissidougou,1,1.0,single_overlap
1481,Youssoufia,1,1.0,single_overlap
1482,Daloa,1,0.965517241,single_overlap
1483,Badajoz,1,1.0,single_overlap
1484,Kadiolo,0,0.0,no_overlap
1485,Bridgend,1,1.0,single_overlap
1486,Nkoranza,1,1.0,single_overlap
1487,Ouagadougou,1,0.983838384,single_overlap
1488,Pau,1,1.0,single_overlap
1489,Adrar,1,1.0,single_overlap
1490,Tsévié,1,0.789473684,single_overlap
1491,Dassa-Zoumé,1,0.9375,single_overlap
1492,Aiyete,1,1.0,single_overlap
1493,Mechelen,1,1.0,single_overlap
1494,Gouda,1,1.0,single_overlap
1495,Marl,1,1.0,single_overlap
1496,Tamaské Sabon Guida,0,0.0,no_overlap
1497,Wettingen,1,1.0,single_overlap
1498,Milan,1,1.0,single_overlap
1499,Kairouan,1,1.0,single_overlap
1500,Edéa,1,0.941176471,single_overlap
1501,Uppsala,1,1.0,single_overlap
1502,Świdnica,1,1.0,single_overlap
1503,Panguila,1,1.0,single_overlap
1504,Havířov,1,1.0,single_overlap
1505,Kwilu-Ngongo,1,1.0,single_overlap
1506,Bebedjia,0,0.0,no_overlap
1507,Nyíregyháza,1,1.0,single_overlap
1508,Niš,1,1.0,single_overlap
1509,Târgu Mureș,1,1.0,single_overlap
1510,Mossel Bay,1,0.96969697,single_overlap
1511,Rivne,1,1.0,single_overlap
1512,Darnah,1,1.0,single_overlap
1513,Mahilioŭ,1,1.0,single_overlap
1514,Severodvinsk,1,1.0,single_overlap
1515,Manisa,1,1.0,single_overlap
1516,Ed Al Fursan,0,0.0,no_overlap
1517,Lusaka,1,0.991666667,single_overlap
1518,Delingat,1,0.944444444,single_overlap
1519,Ruwa,1,0.696969697,single_overlap
1520,Tira,1,1.0,single_overlap
1521,Ramallah,1,1.0,single_overlap
1522,Mityana,1,1.0,single_overlap
1523,Geita,1,0.473684211,single_overlap
1524,Jdaydet Artooz,1,1.0,single_overlap
1525,Al Karak,0,0.0,no_overlap
1526,Torit,1,0.625,single_overlap
1527,Nhamatanda,1,0.8,single_overlap
1528,Ghimbi,0,0.0,no_overlap
1529,Nakuru,1,0.932692308,single_overlap
1530,Mosul,1,1.0,single_overlap
1531,Mecca,1,1.0,single_overlap
1532,Sardasht,1,1.0,single_overlap
1533,Shamakhi,1,1.0,single_overlap
1536,Amparihimahitsy,0,0.0,no_overlap
1537,Al Ain,1,1.0,single_overlap
1538,Kyzylorda,1,0.973333333,single_overlap
1539,Shofirkon,0,0.0,no_overlap
1540,Obe,0,0.0,no_overlap
1541,Vahdat,1,0.952380952,single_overlap
1542,Parachinar,1,0.65,single_overlap
1543,Pattan,0,0.0,no_overlap
1544,Karamay,1,1.0,single_overlap
1545,Pokhariya,1,0.979166667,single_overlap
1546,Gampola,1,1.0,single_overlap
1547,Jaldhaka,0,0.0,no_overlap
1548,Pakokku,1,1.0,single_overlap
1549,Pa Tong,1,0.888888889,single_overlap
1550,Sidiangkat,1,1.0,single_overlap
1551,Sơn Tây,1,0.894736842,single_overlap
1552,Bandar Armada Putra,1,0.6,single_overlap
1553,Sihanoukville,1,0.914285714,single_overlap
1554,Kusong,1,0.916666667,single_overlap
1555,Pyeongtaek,1,1.0,single_overlap
1556,Gonghuakeng,1,1.0,single_overlap
1557,Tosu,1,1.0,single_overlap
1558,Rosales,0,0.0,no_overlap
1559,Langwarrin,1,1.0,single_overlap
1560,Camarillo,1,1.0,single_overlap
1561,Rocky Point,1,1.0,single_overlap
1562,Santa Cruz del Quiché,1,0.857142857,single_overlap
1563,La Ceiba,1,1.0,single_overlap
1564,Edmonton,1,1.0,single_overlap
1565,Esmeraldas,1,1.0,single_overlap
1566,Nuevo Chimbote,1,0.821428571,single_overlap
1567,Turbo,0,0.0,no_overlap
1568,Ciego de Ávila,1,1.0,single_overlap
1569,Cabimas,1,0.969230769,single_overlap
1570,Cabaret,0,0.0,no_overlap
1571,San Francisco de Macorís,1,1.0,single_overlap
1572,Quillota,1,1.0,single_overlap
1573,Yacuiba,2,1.0,multiple_overlaps
1574,San Fernando del Valle de Catamarca,1,1.0,single_overlap
1575,Itacoatiara,1,1.0,single_overlap
1576,Kaolack,1,1.0,single_overlap
1577,Kouroussa,0,0.0,no_overlap
1578,El Jadida,1,1.0,single_overlap
1579,Boundiali,0,0.0,no_overlap
1580,Sikasso,1,0.941176471,single_overlap
1581,Cádiz,1,0.913043478,single_overlap
1582,Exeter,1,1.0,single_overlap
1583,Obuasi,1,1.0,single_overlap
1584,Djibo,1,0.307692308,single_overlap
1585,Caen,1,1.0,single_overlap
1586,Mecheria,1,1.0,single_overlap
1587,Adétikopé,0,0.0,no_overlap
1588,Cotonou,1,0.885177453,single_overlap
1589,Abeokuta,1,1.0,single_overlap
1590,Amsterdam,1,1.0,single_overlap
1591,Leuven,1,1.0,single_overlap
1592,Saarbruecken,1,1.0,single_overlap
1593,Tchin-Tabaraden,0,0.0,no_overlap
1594,Lucerne,1,1.0,single_overlap
1595,Pavia,1,1.0,single_overlap
1596,Gabes,1,0.950819672,single_overlap
1597,Mbouda,1,1.0,single_overlap
1598,Södertälje,1,1.0,single_overlap
1599,Wrocław,1,1.0,single_overlap
1600,Zango V Centrality,1,1.0,single_overlap
1601,Mbanza-Ngungu,1,0.7,single_overlap
1602,Goré,1,1.0,single_overlap
1603,Debrecen,1,1.0,single_overlap
1604,Leskovac,1,1.0,single_overlap
1605,Râmnicu Vâlcea,0,0.0,no_overlap
1606,Oudtshoorn,1,1.0,single_overlap
1607,Chernivtsi,1,1.0,single_overlap
1608,Tubruq,1,0.95,single_overlap
1609,Homel,1,1.0,single_overlap
1610,Kuşadası,0,0.0,no_overlap
1611,Arkhangelsk,1,1.0,single_overlap
1612,Kutum,0,0.0,no_overlap
1613,Chilanga,1,0.909090909,single_overlap
1614,Dusuq,1,1.0,single_overlap
1615,Marondera,1,0.739130435,single_overlap
1616,Rosh HaAyin,1,1.0,single_overlap
1617,Yatta,0,0.0,no_overlap
1618,Gulu,1,0.625,single_overlap
1619,Damascus,1,1.0,single_overlap
1620,Mota,0,0.0,no_overlap
1621,Tunduma,1,0.75,single_overlap
1623,Maxixe,1,0.605263158,single_overlap
1624,Shahadi,1,0.5,single_overlap
1625,Naivasha,1,0.431818182,single_overlap
1626,Haditha,0,0.0,no_overlap
1627,Ash Sharai,1,1.0,single_overlap
1628,Mahabad,1,1.0,single_overlap
1629,Saatli,1,1.0,single_overlap
1631,Wajid,0,0.0,no_overlap
1632,Farafangana,0,0.0,no_overlap
1633,Al Dhahir,1,0.619047619,single_overlap
1634,Astana,1,1.0,single_overlap
1635,Bukhara,1,1.0,single_overlap
1637,Анатуриши узбок,1,0.045454545,single_overlap
1638,Loralai,0,0.0,no_overlap
1639,Khansahib,0,0.0,no_overlap
1640,Aral,1,0.916666667,single_overlap
1641,Hetauda,1,0.941176471,single_overlap
1642,Matale,1,1.0,single_overlap
1643,Godagari,1,1.0,single_overlap
1644,Katha,1,0.692307692,single_overlap
1645,Phuket,1,1.0,single_overlap
1646,Medan,1,1.0,single_overlap
1647,Thái Nguyên,1,1.0,single_overlap
1648,Kuala Lumpur,1,1.0,single_overlap
1650,Kanggye,1,1.0,single_overlap
1651,Asan-si,1,1.0,single_overlap
1652,Chiayi,1,1.0,single_overlap
1653,Isahaya,1,1.0,single_overlap
1654,Paniqui,0,0.0,no_overlap
1655,Melton,1,1.0,single_overlap
1656,San Rafael,1,1.0,single_overlap
1657,Guaymas,1,1.0,single_overlap
1658,Santa Cruz Barillas,1,1.0,single_overlap
1659,Juticalpa,1,1.0,single_overlap
1660,Sherwood Park,1,1.0,single_overlap
1661,Milagro,1,1.0,single_overlap
1662,Barranca,1,0.9,single_overlap
1663,Chigorodó,1,1.0,single_overlap
1664,Camagüey,1,1.0,single_overlap
1665,Mérida,1,1.0,single_overlap
1666,Dessalines,1,1.0,single_overlap
1667,Santo Domingo,1,1.0,single_overlap
1668,Concepción,1,1.0,single_overlap
1669,Tartagal,1,1.0,single_overlap
1670,Parintins,1,0.777777778,single_overlap
1671,Darou Mousty,1,1.0,single_overlap
1672,Macenta,1,1.0,single_overlap
1673,Sidi Bennour,1,1.0,single_overlap
1674,Tengréla,1,1.0,single_overlap
1675,Zégoua,0,0.0,no_overlap
1676,El Puerto de Santa María,1,0.965517241,single_overlap
1677,Falkirk,1,1.0,single_overlap
1678,Patase,1,1.0,single_overlap
1679,Kaya,1,0.838709677,single_overlap
1680,Sig,1,1.0,single_overlap
1681,Le Havre,1,0.988372093,single_overlap
1682,Akakopé,1,0.130434783,single_overlap
1683,Covè,0,0.0,no_overlap
1684,Igbo Ora,1,1.0,single_overlap
1685,Breda,1,1.0,single_overlap
1686,Namur,1,0.05,single_overlap
1687,Remscheid,1,1.0,single_overlap
1688,Madaoua,1,0.818181818,single_overlap
1689,Zurich,1,1.0,single_overlap
1690,Lecco,1,1.0,single_overlap
1691,Hammamet,1,1.0,single_overlap
1692,Bafoussam,1,1.0,single_overlap
1693,Stockholm,1,1.0,single_overlap
1694,Gniezno,1,1.0,single_overlap
1695,Lobito,1,0.926470588,single_overlap
1696,Kisantu,1,0.642857143,single_overlap
1697,Doba,1,0.80952381,single_overlap
1698,Slatina,1,1.0,single_overlap
1699,George,1,1.0,single_overlap
1700,Kamianets-Podilskyi,1,1.0,single_overlap
1701,Чапаева,1,1.0,single_overlap
1702,Soma,0,0.0,no_overlap
1703,Tulus,0,0.0,no_overlap
1704,Tver,1,1.0,single_overlap
1705,Kalulushi,0,0.0,no_overlap
1706,Sadat,1,0.8,single_overlap
1707,Mutare,1,0.952380952,single_overlap
1708,Kafr Yasif,1,0.333333333,single_overlap
1709,Jericho,0,0.0,no_overlap
1710,Nawa,0,0.0,no_overlap
1711,Kampala,1,0.962962963,single_overlap
1712,Kahama,1,0.871794872,single_overlap
1713,Al Mafraq,1,1.0,single_overlap
1715,Dondo,1,0.933333333,single_overlap
1716,Sigmo,1,0.666666667,single_overlap
1717,Nairobi,1,0.941471572,single_overlap
1718,The underground border,1,1.0,single_overlap
1719,At Ta'if,1,1.0,single_overlap
1720,Bonab,1,1.0,single_overlap
1721,Sabirabad,1,1.0,single_overlap
1722,Suq Shamar,0,0.0,no_overlap
1723,Gebiley,0,0.0,no_overlap
1724,Ankazomborona,0,0.0,no_overlap
1725,Khor Fakkan,1,1.0,single_overlap
1726,G'ijduvon,1,0.880952381,single_overlap
1727,Temirtau,1,0.84,single_overlap
1728,Zaranj,1,0.647058824,single_overlap
1729,Abdurahmoni Jomi,0,0.0,no_overlap
1730,Duki,0,0.0,no_overlap
1731,Khambhaliya,1,0.888888889,single_overlap
1732,Wusu,1,1.0,single_overlap
1733,Birgunj,1,0.965517241,single_overlap
1734,Tamaraivillu,1,0.85,single_overlap
1735,Parbatipur,0,0.0,no_overlap
1736,Mogaung,0,0.0,no_overlap
1737,Nakhon Sawan,1,1.0,single_overlap
1738,Stabat,1,1.0,single_overlap
1739,Phúc Yên,1,1.0,single_overlap
1740,Rawang,1,0.909090909,single_overlap
1741,Phnom Penh,1,0.983050847,single_overlap
1742,Kwaksan,1,1.0,single_overlap
1743,Cheonan-si,1,1.0,single_overlap
1744,Tainan,1,1.0,single_overlap
1745,Chitose,0,0.0,no_overlap
1746,Olongapo,1,1.0,single_overlap
1747,Melbourne,1,1.0,single_overlap
1748,Thousand Oaks,1,1.0,single_overlap
1749,Los Mochis,1,1.0,single_overlap
1750,Santa María Nebaj,1,1.0,single_overlap
1751,Catacamas,0,0.0,no_overlap
1752,Babahoyo,1,1.0,single_overlap
1753,Regina,1,1.0,single_overlap
1754,Huaraz,1,1.0,single_overlap
1755,Palmira,1,0.964285714,single_overlap
1756,Manzanillo,1,1.0,single_overlap
1757,Ciudad Ojeda,1,0.976190476,single_overlap
1758,Petite-Rivière-de-l'Artibonite,1,0.857142857,single_overlap
1759,San Pedro de Macorís,1,1.0,single_overlap
1760,San Pedro de la Paz,1,1.0,single_overlap
1761,San Rafael,1,1.0,single_overlap
1762,Tangará da Serra,1,1.0,single_overlap
1763,Touba,1,0.894409938,single_overlap
1764,Sètiguiya,0,0.0,no_overlap
1765,Azemmour,1,1.0,single_overlap
1766,Zuénoula,0,0.0,no_overlap
1767,San Fernando,1,0.909090909,single_overlap
1768,Koutiala,1,0.936170213,single_overlap
1769,Livingston,1,1.0,single_overlap
1770,Bekwai,0,0.0,no_overlap
1771,Pouytenga,1,0.941176471,single_overlap
1772,Mostaganem,1,1.0,single_overlap
1773,Angoulême,1,1.0,single_overlap
1774,Tchamba,1,0.888888889,single_overlap
1775,Ouèssè,1,1.0,single_overlap
1776,Ilero,1,1.0,single_overlap
1777,Purmerend,1,1.0,single_overlap
1778,Liège,1,1.0,single_overlap
1779,Dortmund,1,1.0,single_overlap
1780,Bouza,0,0.0,no_overlap
1781,Winterthur,1,1.0,single_overlap
1782,Bergamo,1,1.0,single_overlap
1783,Sousse,1,1.0,single_overlap
1784,Ndop,1,1.0,single_overlap
1785,Ekerö,1,1.0,single_overlap
1786,Wejherowo,1,1.0,single_overlap
1787,Chibia,0,0.0,no_overlap
1788,Kasangulu,0,0.0,no_overlap
1789,Bokoro,0,0.0,no_overlap
1790,Pitești,1,1.0,single_overlap
1791,Fraaisig,0,0.0,no_overlap
1792,Khmelnytskyi,1,1.0,single_overlap
1793,Torbalı,0,0.0,no_overlap
1795,Новый городок,1,1.0,single_overlap
1796,Kitwe,1,0.982905983,single_overlap
1797,Itay el-Barud,1,1.0,single_overlap
1798,Beersheba,1,1.0,single_overlap
1799,Aleppo,1,1.0,single_overlap
1800,Luweero,0,0.0,no_overlap
1801,Sengerema,1,0.518518519,single_overlap
1802,Wadi Khaw,1,0.888888889,single_overlap
1803,Imehejek,0,0.0,no_overlap
1804,Inhambane,1,0.793103448,single_overlap
1806,Ngong,1,0.941176471,single_overlap
1807,Gayara,1,1.0,single_overlap
1808,Ha'il,1,1.0,single_overlap
1809,Maragheh,1,1.0,single_overlap
1810,Cəlilabad,1,1.0,single_overlap
1812,Baidoa,1,0.533333333,single_overlap
1813,Manakara,1,0.6,single_overlap
1814,Fujairah,0,0.0,no_overlap
1815,Kogon,1,0.136363636,single_overlap
1816,Karaganda,1,1.0,single_overlap
1818,Bokhtar,0,0.0,no_overlap
1819,Muhammad Khel,0,0.0,no_overlap
1820,Rajouri,1,0.9,single_overlap
1821,Altay,1,1.0,single_overlap
1822,Kathmandu,1,0.988571429,single_overlap
1823,Trincomalee,1,0.892857143,single_overlap
1824,Phulbari,0,0.0,no_overlap
1825,Shwebo,1,0.952380952,single_overlap
1826,Ratchaburi,1,1.0,single_overlap
1827,Kabanjahe,1,1.0,single_overlap
1828,Phùng,1,0.775,single_overlap
1829,Bukit Sentosa,1,0.2,single_overlap
1830,Jongju,1,1.0,single_overlap
1831,Sokcho,1,1.0,single_overlap
1832,Ô-á-liâu / Kezihliao,1,1.0,single_overlap
1833,Kurume,1,1.0,single_overlap
1834,Tarlac City,1,1.0,single_overlap
1835,Pakenham,1,1.0,single_overlap
1836,Petaluma,1,1.0,single_overlap
1837,Heroica Caborca,1,1.0,single_overlap
1838,Escuintla,1,1.0,single_overlap
1839,Tocoa,0,0.0,no_overlap
1840,El Carmen,1,1.0,single_overlap
1841,Saskatoon,1,1.0,single_overlap
1842,Huacho,1,1.0,single_overlap
1843,Buga,1,1.0,single_overlap
1844,Nuevitas,1,1.0,single_overlap
1845,Socopó,1,1.0,single_overlap
1846,Saint Michel de l’Attalaye,1,0.571428571,single_overlap
1847,La Romana,1,1.0,single_overlap
1848,Coronel,1,0.973684211,single_overlap
1849,San Carlos de Bariloche,1,0.958333333,single_overlap
1850,Cáceres,1,1.0,single_overlap
1851,Sédhiou,1,0.727272727,single_overlap
1852,Boukaria,0,0.0,no_overlap
1853,Marrakesh,1,1.0,single_overlap
1854,Bonon,1,1.0,single_overlap
1855,Jerez,1,1.0,single_overlap
1856,San,1,1.0,single_overlap
1857,Barry,1,0.95,single_overlap
1858,Mampong,1,0.875,single_overlap
1859,Tenkodogo,1,0.541666667,single_overlap
1860,Mohammadia,1,1.0,single_overlap
1861,Le Mans,1,1.0,single_overlap
1862,Tabligbo,0,0.0,no_overlap
1863,Savè,0,0.0,no_overlap
1864,Oke Iho,1,1.0,single_overlap
1865,Hoorn,1,1.0,single_overlap
1866,Verviers,1,1.0,single_overlap
1867,Hagen,1,1.0,single_overlap
1868,Abalak,0,0.0,no_overlap
1869,Lugano,1,1.0,single_overlap
1870,Cagliari,1,1.0,single_overlap
1871,M'Saken,1,1.0,single_overlap
1872,Foumbot,1,1.0,single_overlap
1873,Handen,1,1.0,single_overlap
1874,Bydgoszcz,1,1.0,single_overlap
1875,Caxito,1,1.0,single_overlap
1876,Kinshasa,1,0.934291581,single_overlap
1877,Koumra,1,1.0,single_overlap
1878,Brasov,1,1.0,single_overlap
1879,Zhytomyr,1,1.0,single_overlap
1880,KwaNobuhle,1,1.0,single_overlap
1881,Bandırma,1,1.0,single_overlap
1883,Cherepovets,1,1.0,single_overlap
1884,Mufulira,1,1.0,single_overlap
1885,Shubra Khit,1,1.0,single_overlap
1886,Shefaram,1,1.0,single_overlap
1887,Tafas,0,0.0,no_overlap
1888,Vwawa,1,0.75,single_overlap
1889,Dhlail,0,0.0,no_overlap
1890,Lira,1,0.96969697,single_overlap
1891,Ikotos,0,0.0,no_overlap
1892,Beira,2,0.797979798,multiple_overlaps
1893,Chagni,1,0.75,single_overlap
1894,Ndenderu,1,1.0,single_overlap
1895,Qaryat Imam ash Asharqi,1,1.0,single_overlap
1896,Al Hawiyah,1,0.913793103,single_overlap
1897,Miandoab,1,1.0,single_overlap
1898,Şirvan,1,1.0,single_overlap
1899,Bajil,0,0.0,no_overlap
1900,Hargeisa,1,0.702380952,single_overlap
1901,Ambohitrimanjaka,1,1.0,single_overlap
1902,Navoiy,1,0.986111111,single_overlap
1903,Май-Кудук,1,0.933333333,single_overlap
1904,Qeysar,0,0.0,no_overlap
1905,Balkh,0,0.0,no_overlap
1906,Ali Khel,0,0.0,no_overlap
1907,Anjar,1,1.0,single_overlap
1908,Kuytun,1,0.92,single_overlap
1909,Simara,0,0.0,no_overlap
1910,Badulla,1,1.0,single_overlap
1911,Gangachara,0,0.0,no_overlap
1912,Taungup,1,0.571428571,single_overlap
1913,Suphan Buri,0,0.0,no_overlap
1914,Berastagi,1,0.166666667,single_overlap
1915,Quốc Oai,1,0.958333333,single_overlap
1916,Putrajaya,1,1.0,single_overlap
1917,Taechon,1,0.875,single_overlap
1918,Wonju,1,1.0,single_overlap
1919,Kaohsiung,1,1.0,single_overlap
1920,Ube,1,1.0,single_overlap
1921,Bamban,1,1.0,single_overlap
1922,North Canberra [Canberra],2,1.0,multiple_overlaps
1923,Simi Valley,1,1.0,single_overlap
1924,Hermosillo,1,1.0,single_overlap
1925,Chimaltenango,1,1.0,single_overlap
1926,Quinindé,0,0.0,no_overlap
1927,Moyobamba,1,1.0,single_overlap
1928,Timberlea,0,0.0,no_overlap
1929,Apartadó,1,0.916666667,single_overlap
1930,Las Tunas,1,1.0,single_overlap
1931,Valera,1,1.0,single_overlap
1932,Limbé,1,0.666666667,single_overlap
1933,Salvaleón de Higüey,1,1.0,single_overlap
1934,Penco,1,1.0,single_overlap
1935,Santiago del Estero,1,1.0,single_overlap
1936,Itaituba,1,1.0,single_overlap
1937,Richard-Toll,1,0.866666667,single_overlap
1938,Kankan,1,0.958333333,single_overlap
1939,Ben Guerir,1,1.0,single_overlap
1940,Gagnoa,1,1.0,single_overlap
1941,Mairena del Aljarafe,1,1.0,single_overlap
1942,Mopti,1,1.0,single_overlap
1943,Cardiff,1,1.0,single_overlap
1944,Ejura,1,1.0,single_overlap
1945,Koupéla,1,0.533333333,single_overlap
1946,Mascara,1,1.0,single_overlap
1947,Poitiers,1,1.0,single_overlap
1948,Vogan,0,0.0,no_overlap
1949,Porto-Novo,1,0.88590604,single_overlap
1950,Saki,1,0.967213115,single_overlap
1951,Utrecht,1,1.0,single_overlap
1952,Neuwied,1,1.0,single_overlap
1953,Guidan Roumdji,1,0.857142857,single_overlap
1954,St. Gallen,1,1.0,single_overlap
1955,Piacenza,1,1.0,single_overlap
1956,Medenine,1,1.0,single_overlap
1957,Kumbo,1,0.958333333,single_overlap
1958,Umeå,0,0.0,no_overlap
1959,Rumia,1,1.0,single_overlap
1960,Sumbe,1,0.95,single_overlap
1961,Maluku,0,0.0,no_overlap
1963,Suceava,1,1.0,single_overlap
1964,Berdychiv,1,1.0,single_overlap
1965,Kariega,1,1.0,single_overlap
1966,Didim,0,0.0,no_overlap
1968,Bryansk,1,1.0,single_overlap
1969,Kabwe,1,0.972972973,single_overlap
1970,Sidi Salim,1,1.0,single_overlap
1971,Modiin-Maccabim-Reut,1,0.96,single_overlap
1972,Al Kiswah,1,1.0,single_overlap
1973,Tabora,1,0.860465116,single_overlap
1974,Lugazi,1,0.727272727,single_overlap
1975,Riwoto,0,0.0,no_overlap
1976,Massinga,1,1.0,single_overlap
1977,Bedele,1,0.75,single_overlap
1978,Ongata Rongai,1,1.0,single_overlap
1979,Sharqat,0,0.0,no_overlap
1980,Rafha,1,1.0,single_overlap
1981,Baneh,1,1.0,single_overlap
1982,Masallı,1,0.95,single_overlap
1983,Al Mahabishah,0,0.0,no_overlap
1984,Hudur,0,0.0,no_overlap
1985,Antananarivo,2,0.812217195,multiple_overlaps
1986,Ekibastuz,0,0.0,no_overlap
1987,Koson,1,1.0,single_overlap
1988,Andkhoy,0,0.0,no_overlap
1989,Vakhsh,1,1.0,single_overlap
1990,Hub,1,1.0,single_overlap
1991,Srinagar,1,1.0,single_overlap
1992,Dushanzi,0,0.0,no_overlap
1993,Kalaiya,0,0.0,no_overlap
1994,Valaichchenai,1,1.0,single_overlap
1995,Bodorganj,1,0.909090909,single_overlap
1996,Kyaukpadaung,1,1.0,single_overlap
1997,Chumphon,1,1.0,single_overlap
1998,Lubuk Pakam,1,1.0,single_overlap
1999,Hanoi,1,0.96972973,single_overlap
2000,Kampung Rinching Hulu,1,1.0,single_overlap
2001,Unsan,1,1.0,single_overlap
2002,Gunsan-si,1,0.83908046,single_overlap
2003,Pingtung City,1,1.0,single_overlap
2004,Muroran,1,0.950819672,single_overlap
2005,Angeles,1,0.983766234,single_overlap
2006,Wollongong,1,1.0,single_overlap
2007,Los Angeles,1,1.0,single_overlap
2008,Ciudad Obregón,1,1.0,single_overlap
2009,Antigua Guatemala,1,1.0,single_overlap
2010,Quevedo,1,0.96969697,single_overlap
2011,Huaral,1,1.0,single_overlap
2012,Tuluá,1,1.0,single_overlap
2013,Winnipeg,1,1.0,single_overlap
2014,Bayamo,1,1.0,single_overlap
2015,Barinas,1,1.0,single_overlap
2016,Mirebalais,1,0.714285714,single_overlap
2017,Chiguayante,1,1.0,single_overlap
2018,San Luis,1,1.0,single_overlap
2019,Corumbá,1,1.0,single_overlap
2020,Kaffrine,1,0.833333333,single_overlap
2021,Banankoro,1,1.0,single_overlap
2022,Dar Bouazza,1,0.9375,single_overlap
2023,Sinfra,1,1.0,single_overlap
2024,Seville,1,1.0,single_overlap
2025,Sévaré,1,0.818181818,single_overlap
2026,Dunfermline,1,1.0,single_overlap
2027,Elmina,1,0.071428571,single_overlap
2028,Dori,1,0.636363636,single_overlap
2029,Saida,1,1.0,single_overlap
2030,Tours,1,1.0,single_overlap
2031,Parakou,1,1.0,single_overlap
2032,Magboro,1,1.0,single_overlap
2033,Tilburg,1,1.0,single_overlap
2034,Münster,1,1.0,single_overlap
2035,Dakoro,0,0.0,no_overlap
2036,La Spezia,1,1.0,single_overlap
2037,Tataouine,1,1.0,single_overlap
2038,Foumban,1,1.0,single_overlap
2039,Gdynia,1,1.0,single_overlap
2040,Chingo,1,0.7,single_overlap
2041,Kasongo-Lunda,1,1.0,single_overlap
2042,Bitkine,1,0.714285714,single_overlap
2043,Târgoviște,1,1.0,single_overlap
2044,Vinnytsia,1,1.0,single_overlap
2045,Gqeberha,1,1.0,single_overlap
2046,Silivri,1,1.0,single_overlap
2047,Nyala,1,0.807692308,single_overlap
2048,Фосфоритный,1,1.0,single_overlap
2049,Luanshya,1,0.8,single_overlap
2050,Kom Hamada,1,0.615384615,single_overlap
2051,Umm al-Fahm,0,0.0,no_overlap
2052,Hama,1,1.0,single_overlap
2053,Mwanza,1,0.925714286,single_overlap
2054,Njeru,1,0.625,single_overlap
2056,Zóbue,0,0.0,no_overlap
2057,Naqamte,1,0.96875,single_overlap
2058,Kiambu,1,0.833333333,single_overlap
2059,Bardarash,0,0.0,no_overlap
2060,Bukan,1,1.0,single_overlap
2061,Bishah,1,1.0,single_overlap
2062,Sumgayit,1,0.972413793,single_overlap
2063,Al Hidab,0,0.0,no_overlap
2064,Barawa,1,0.75,single_overlap
2065,Hell-Ville,1,0.454545455,single_overlap
2066,Turkestan,1,0.943661972,single_overlap
2067,Payshanba,1,1.0,single_overlap
2068,Bai Ghesi,0,0.0,no_overlap
2069,Батрабат,0,0.0,no_overlap
2070,Usta Muhammad,1,1.0,single_overlap
2071,Sikka,0,0.0,no_overlap
2072,Kuqa,1,0.979166667,single_overlap
2073,Baidehi,0,0.0,no_overlap
2074,Batticaloa,1,0.928571429,single_overlap
2075,Dalauabari,0,0.0,no_overlap
2076,Myingyan,1,1.0,single_overlap
2077,Nakhon Pathom,1,1.0,single_overlap
2078,Sibolga,1,0.9375,single_overlap
2079,Đông Anh,1,1.0,single_overlap
2080,Seremban,1,1.0,single_overlap
2081,Unjon,1,1.0,single_overlap
2082,Cheongju-si,1,1.0,single_overlap
2083,Yilan City,1,1.0,single_overlap
2084,Yame,1,1.0,single_overlap
2085,Floridablanca,1,0.52,single_overlap
2086,Mount Annan,1,1.0,single_overlap
2087,Santa Rosa,1,1.0,single_overlap
2088,Esperanza,1,1.0,single_overlap
2089,Guatemala City,1,1.0,single_overlap
2090,Santo Domingo de los Tsachilas,1,1.0,single_overlap
2092,Pitalito,1,1.0,single_overlap
2093,Puerto Padre,0,0.0,no_overlap
2094,Boconó,1,1.0,single_overlap
2095,Cap-Haitien,1,0.975,single_overlap
2096,Windsor,2,1.0,multiple_overlaps
2097,Melipilla,1,1.0,single_overlap
2098,Cutral Có,0,0.0,no_overlap
2099,Lucas do Rio Verde,0,0.0,no_overlap
2100,Dahra Djoloff,1,0.8,single_overlap
2101,Balato,0,0.0,no_overlap
2102,Casablanca,1,0.990361446,single_overlap
2103,Bouaflé,1,1.0,single_overlap
2104,Dos Hermanas,1,1.0,single_overlap
2105,Koro,0,0.0,no_overlap
2106,Taunton,1,1.0,single_overlap
2107,Cape Coast,1,1.0,single_overlap
2108,Fada N'Gourma,1,0.8125,single_overlap
2109,Relizane,1,1.0,single_overlap
2110,Rouen,1,1.0,single_overlap
2111,Kétou,1,1.0,single_overlap
2112,Eruwa,1,1.0,single_overlap
2113,Bussum,2,1.0,multiple_overlaps
2114,Unna,1,1.0,single_overlap
2115,Maradi,1,0.954545455,single_overlap
2116,Cremona,1,1.0,single_overlap
2117,Sfax,1,1.0,single_overlap
2118,Ebolowa,1,1.0,single_overlap
2119,Ostrów Wielkopolski,1,1.0,single_overlap
2120,Cubal,1,1.0,single_overlap
2121,Kenge,1,1.0,single_overlap
2122,Ati,1,0.384615385,single_overlap
2123,Piatra Neamț,1,1.0,single_overlap
2124,Kimberley,1,1.0,single_overlap
2125,Kyiv,1,1.0,single_overlap
2126,Balıkesir,1,1.0,single_overlap
2128,Фокинский район,1,1.0,single_overlap
2129,Nikla Al Inab,0,0.0,no_overlap
2130,Ndola,1,0.963302752,single_overlap
2131,Beit Shemesh,1,0.214285714,single_overlap
2132,Al Qusair,0,0.0,no_overlap
2133,Nansio,1,0.733333333,single_overlap
2134,Jinja,1,0.917808219,single_overlap
2135,,0,0.0,no_overlap
2136,Vilanculos,0,0.0,no_overlap
2137,Gutin,0,0.0,no_overlap
2138,Nyeri,1,1.0,single_overlap
2139,Xebat,1,1.0,single_overlap
2140,Ahar,1,1.0,single_overlap
2141,Buraydah,1,0.98019802,single_overlap
2142,Lankaran,1,1.0,single_overlap
2144,Buurhakaba,1,0.8,single_overlap
2145,Ambanja,0,0.0,no_overlap
2146,Po'lati,0,0.0,no_overlap
2147,Pavlodar,1,1.0,single_overlap
2148,Dowlatabad,0,0.0,no_overlap
2149,Danghara,1,1.0,single_overlap
2150,Shahdadkot,1,0.882352941,single_overlap
2151,Porbandar,1,0.951219512,single_overlap
2152,Karakash,1,1.0,single_overlap
2153,Laukhi,0,0.0,no_overlap
2154,Sammanturai,1,1.0,single_overlap
2155,Rajshahi,1,0.992805755,single_overlap
2156,Magway,1,1.0,single_overlap
2157,Phetchaburi,1,1.0,single_overlap
2158,Pandan,1,1.0,single_overlap
2159,Viên An,1,0.068965517,single_overlap
2160,Kota Bharu,1,1.0,single_overlap
2161,Dong-an,0,0.0,no_overlap
2162,Chungju-si,1,1.0,single_overlap
2163,Luodong,1,1.0,single_overlap
2164,Yamaguchi,0,0.0,no_overlap
2165,Orani,2,0.926829268,multiple_overlaps
2166,Campbelltown,1,1.0,single_overlap
2167,Pleasanton,1,1.0,single_overlap
2168,Navojoa,1,1.0,single_overlap
2169,San Juan Sacatepéquez,1,1.0,single_overlap
2170,City of Loja,1,1.0,single_overlap
2171,Lima,1,1.0,single_overlap
2172,Cartago,1,1.0,single_overlap
2173,Contramaestre,1,1.0,single_overlap
2174,Hinche,1,0.857142857,single_overlap
2175,Carora,1,1.0,single_overlap
2176,Sarnia,1,1.0,single_overlap
2177,San Felipe,1,1.0,single_overlap
2178,Villa Carlos Paz,1,1.0,single_overlap
2179,Sorriso,1,1.0,single_overlap
2180,Kolda,1,0.962962963,single_overlap
2181,Siguiri,1,0.642857143,single_overlap
2182,Settat,1,1.0,single_overlap
2183,Korhogo,1,0.952380952,single_overlap
2184,Avilés,1,1.0,single_overlap
2185,Timbuktu,1,0.916666667,single_overlap
2186,Edinburgh,1,1.0,single_overlap
2187,Assin Fosu,1,1.0,single_overlap
2188,El Abiodh Sidi Cheikh,1,0.9,single_overlap
2189,Limoges,1,1.0,single_overlap
2190,Ikpinlè,0,0.0,no_overlap
2191,Ikorodu,1,1.0,single_overlap
2192,Hilversum,1,1.0,single_overlap
2193,Lüdenscheid,1,1.0,single_overlap
2194,Arlit,0,0.0,no_overlap
2195,Brescia,1,1.0,single_overlap
2196,Jemmal,0,0.0,no_overlap
2197,Bafia,1,1.0,single_overlap
2198,Gdansk,1,1.0,single_overlap
2199,Seles,1,0.909090909,single_overlap
2200,Bandundu,1,0.9,single_overlap
2201,Sarh,1,0.931034483,single_overlap
2202,Botoșani,1,1.0,single_overlap
2203,Motherwell,1,0.961538462,single_overlap
2204,Bila Tserkva,1,1.0,single_overlap
2205,Söke,0,0.0,no_overlap
2207,Klin,0,0.0,no_overlap
2208,Qaryat Salah al Din,1,1.0,single_overlap
2209,Kapiri Mposhi,1,0.904761905,single_overlap
2210,Nazareth,1,1.0,single_overlap
2211,Homs,1,1.0,single_overlap
2212,Mbalizi,1,1.0,single_overlap
2213,Iganga,1,1.0,single_overlap
2214,Kapoeta,0,0.0,no_overlap
2215,Caia,1,0.454545455,single_overlap
2216,Agaro,1,0.68,single_overlap
2217,Kitengela,1,0.939393939,single_overlap
2218,Hīt,1,1.0,single_overlap
2219,Saqqez,1,1.0,single_overlap
2220,Unaizah,1,1.0,single_overlap
2221,Baku,1,1.0,single_overlap
2224,Antsiramandroso,0,0.0,no_overlap
2225,Kattakurgan,1,1.0,single_overlap
2226,Koh-i-Sayad,0,0.0,no_overlap
2227,Jetisay,1,1.0,single_overlap
2228,Isfara,1,0.947368421,single_overlap
2229,Dera Murad Jamali,1,1.0,single_overlap
2230,Gandhidham,1,1.0,single_overlap
2231,Hotan,1,1.0,single_overlap
2232,Inaruwa,0,0.0,no_overlap
2233,Kalmunai,1,1.0,single_overlap
2234,Kakina,0,0.0,no_overlap
2235,Shwegu,0,0.0,no_overlap
2236,Ban Phaeo,1,0.537037037,single_overlap
2237,Perbaungan,1,0.3,single_overlap
2238,Đại Nghĩa,1,1.0,single_overlap
2239,Malacca City,1,0.980392157,single_overlap
2240,전평동,1,0.8,single_overlap
2241,Daejeon,1,1.0,single_overlap
2242,Hualien,1,1.0,single_overlap
2243,Tomakomai,1,1.0,single_overlap
2244,Bayombong,1,1.0,single_overlap
2245,Penrith,1,1.0,single_overlap
2246,Concord,1,1.0,single_overlap
2247,Guasave,1,1.0,single_overlap
2248,Grufes Sector de Mujere,1,1.0,single_overlap
2249,Cuenca,1,0.988764045,single_overlap
2251,Pereira,1,1.0,single_overlap
2252,Holguín,1,1.0,single_overlap
2253,Punto Fijo,1,0.96,single_overlap
2254,Ouanaminthe,1,0.923076923,single_overlap
2255,London,1,1.0,single_overlap
2256,Los Andes,1,1.0,single_overlap
2257,Villa Mercedes,1,1.0,single_overlap
2258,Cuiabá,1,1.0,single_overlap
2259,Koungheul,1,0.625,single_overlap
2260,Tonborho,0,0.0,no_overlap
2261,Bouskoura,1,1.0,single_overlap
2262,Diégonéfla,1,0.888888889,single_overlap
2263,Oviedo / Uviéu,1,1.0,single_overlap
2264,Liverpool,1,0.987113402,single_overlap
2265,Konongo,1,1.0,single_overlap
2266,Gao,1,0.785714286,single_overlap
2267,Oued Rhiou,1,1.0,single_overlap
2268,Toulouse,1,1.0,single_overlap
2269,Pobè,1,0.647058824,single_overlap
2270,Iseyin,1,0.957446809,single_overlap
2271,Houten,1,1.0,single_overlap
2272,Iserlohn,1,1.0,single_overlap
2273,Tchadoua,1,0.833333333,single_overlap
2274,Massa,1,1.0,single_overlap
2275,Monastir,1,0.952380952,single_overlap
2276,Yaoundé,1,1.0,single_overlap
2277,Inowrocław,1,1.0,single_overlap
2278,M'banza Congo,1,0.925925926,single_overlap
2279,Masi Manimba,0,0.0,no_overlap
2280,Mongo,1,0.5,single_overlap
2281,Ploiești,1,1.0,single_overlap
2282,Brovary,1,1.0,single_overlap
2283,Makhanda,1,1.0,single_overlap
2284,Turgutlu,1,1.0,single_overlap
2285,Kalma Camp,0,0.0,no_overlap
2286,Kaluga,1,1.0,single_overlap
2287,Al Qoddaba,1,1.0,single_overlap
2288,Nchelenge,1,0.766666667,single_overlap
2289,Jerusalem,1,1.0,single_overlap
2290,Daraa,1,1.0,single_overlap
2291,Nzega,1,0.916666667,single_overlap
2293,Soroti,1,0.761904762,single_overlap
2294,Morrumbala,1,0.4,single_overlap
2296,Thika,1,1.0,single_overlap
2297,Akre,0,0.0,no_overlap
2298,Marivan,1,1.0,single_overlap
2299,Abha,1,1.0,single_overlap
2300,Astara,0,0.0,no_overlap
2301,Bayt al Faqih,0,0.0,no_overlap
2302,Qoryooley,1,0.571428571,single_overlap
2303,Toamasina,0,0.0,no_overlap
2304,Qarshi,1,1.0,single_overlap
2306,Shymkent,1,0.983333333,single_overlap
2307,Farkhor,0,0.0,no_overlap
2309,Motikhavdi,0,0.0,no_overlap
2310,Shihezi,1,1.0,single_overlap
2311,Biratnagar,1,0.81025641,single_overlap
2312,Akkaraipattu,1,0.944444444,single_overlap
2313,Birampur,0,0.0,no_overlap
2314,Myitkyina,1,1.0,single_overlap
2315,Bangkok,1,0.998887653,single_overlap
2316,Tarutung,1,1.0,single_overlap
2317,Bắc Ninh,1,1.0,single_overlap
2318,Muar,1,0.977777778,single_overlap
2319,Chongnam,1,1.0,single_overlap
2320,Iksan-si,1,1.0,single_overlap
2321,Taitung,1,1.0,single_overlap
2322,Omuta,1,0.985507246,single_overlap
2323,Manila,2,0.933463796,multiple_overlaps
2324,Sydney,1,0.999274311,single_overlap
2325,Vallejo,1,0.965116279,single_overlap
2326,Guamúchil,1,1.0,single_overlap
2327,Cobán,1,1.0,single_overlap
2328,Riobamba,1,0.914285714,single_overlap
2330,Garzón,1,1.0,single_overlap
2331,Palma Soriano,1,1.0,single_overlap
2332,Guanare,1,1.0,single_overlap
2333,Sault Ste. Marie,1,1.0,single_overlap
2334,Santiago,1,1.0,single_overlap
2335,Cordoba,1,1.0,single_overlap
2336,Sinop,1,1.0,single_overlap
2337,Vélingara,1,0.875,single_overlap
2338,Nzérékoré,1,1.0,single_overlap
2339,Berrechid,1,1.0,single_overlap
2340,Oumé,1,1.0,single_overlap
2341,Algeciras,1,1.0,single_overlap
2342,Newport,1,1.0,single_overlap
2343,Mankessim,0,0.0,no_overlap
2344,Frenda,1,1.0,single_overlap
2345,Chartres,1,1.0,single_overlap
2346,Kidal,0,0.0,no_overlap
2347,Kandi,1,0.933333333,single_overlap
2348,Agbaku,1,0.956521739,single_overlap
2349,Almere,1,1.0,single_overlap
2350,Koblenz,1,1.0,single_overlap
2351,Mayahi,1,1.0,single_overlap
2352,Parma,1,1.0,single_overlap
2353,Ksar Hellal,1,1.0,single_overlap
2354,Mbalmayo,1,1.0,single_overlap
2355,Kalisz,1,1.0,single_overlap
2356,Gabela,1,1.0,single_overlap
2357,Bikoro,0,0.0,no_overlap
2358,Faya-Largeau,1,0.615384615,single_overlap
2359,Bucharest,1,1.0,single_overlap
2360,Chernihiv,1,1.0,single_overlap
2361,Akhisar,1,1.0,single_overlap
2362,Seweding,1,0.947916667,single_overlap
2363,Dabat Neira,0,0.0,no_overlap
2364,Obninsk,1,1.0,single_overlap
2365,Kafr Al-Zaiyat,1,1.0,single_overlap
2366,Mansa,1,0.980769231,single_overlap
2367,Tiberias,0,0.0,no_overlap
2368,Al-Rastan,0,0.0,no_overlap
2369,Mbeya,1,1.0,single_overlap
2371,Busia,1,0.583333333,single_overlap
2372,Mopeia,0,0.0,no_overlap
2373,Dangla,1,0.9,single_overlap
2374,Machakos,1,1.0,single_overlap
2375,Baiji,1,1.0,single_overlap
2376,Parsabad,1,1.0,single_overlap
2377,Khamis Mushayt,1,1.0,single_overlap
2378,Qa`mal,0,0.0,no_overlap
2379,Buulo Mareer,0,0.0,no_overlap
2380,Antetezambaro,0,0.0,no_overlap
2381,Juma,1,0.546511628,single_overlap
2382,Maymana,1,0.916666667,single_overlap
2383,Sarıağaş,1,0.92,single_overlap
2384,Kulob,1,0.974358974,single_overlap
2385,Zhob,0,0.0,no_overlap
2386,Abhom,0,0.0,no_overlap
2387,Changji/Sanji,1,1.0,single_overlap
2388,Birtamod,1,0.9,single_overlap
2389,Rangpur,0,0.0,no_overlap
2390,Waimaw,1,1.0,single_overlap
2391,Lop Buri,1,0.862068966,single_overlap
2392,Pematang Siantar,1,1.0,single_overlap
2393,Bắc Giang,1,0.879310345,single_overlap
2394,Segamat,0,0.0,no_overlap
2395,Huichon,1,1.0,single_overlap
2396,Gangneung,1,1.0,single_overlap
2397,Izumo,1,1.0,single_overlap
2398,Balanga,1,0.96875,single_overlap
2399,Newcastle,1,1.0,single_overlap
2400,Livermore,1,1.0,single_overlap
2401,Culiacán,1,1.0,single_overlap
2402,San Pedro Carchá,1,0.916666667,single_overlap
2403,Ambato,1,1.0,single_overlap
2404,Tarapoto,1,1.0,single_overlap
2405,Tierralta,1,1.0,single_overlap
2406,Santiago de Cuba,1,1.0,single_overlap
2407,El Tocuyo,1,1.0,single_overlap
2408,Kitchener,1,1.0,single_overlap
2409,Talagante,1,1.0,single_overlap
2410,Neuquén,1,1.0,single_overlap
2411,Santarém,1,0.960784314,single_overlap
2412,Médina Gounass,1,0.8,single_overlap
2413,Lola,0,0.0,no_overlap
2414,Deroua,1,1.0,single_overlap
2415,Divo,1,1.0,single_overlap
2416,Salamanca,1,1.0,single_overlap
2417,Weston-super-Mare,1,1.0,single_overlap
2418,Atebubu,1,1.0,single_overlap
2419,Chettia,1,1.0,single_overlap
2420,Boulogne-sur-Mer,1,1.0,single_overlap
2421,Nikki,1,1.0,single_overlap
2422,Sagamu,1,1.0,single_overlap
2423,'s-Hertogenbosch,1,1.0,single_overlap
2424,Hamm,1,1.0,single_overlap
2425,Aguié,1,1.0,single_overlap
2426,Livorno,1,1.0,single_overlap
2427,Kelibia,0,0.0,no_overlap
2428,Banyo,1,1.0,single_overlap
2429,Tczew,1,1.0,single_overlap
2430,Quipungo,1,0.9,single_overlap
2431,Mbandaka,1,0.853658537,single_overlap
2432,Kyabé,1,1.0,single_overlap
2433,Bacău,1,1.0,single_overlap
2434,Uman,1,1.0,single_overlap
2435,Bodrum,0,0.0,no_overlap
2436,Bloemfontein,1,1.0,single_overlap
2437,Gereida,0,0.0,no_overlap
2438,Zelenograd,1,1.0,single_overlap
2439,Sarawa,1,1.0,single_overlap
2440,Kasama,1,0.976744186,single_overlap
2441,Haylan,1,1.0,single_overlap
2442,Shinyanga,1,0.833333333,single_overlap
2443,Narus,0,0.0,no_overlap
2444,Mbale City,1,0.196261682,single_overlap
2445,Lichinga,1,0.761904762,single_overlap
2446,Jinka,1,0.411764706,single_overlap
2447,Embu,1,0.2,single_overlap
2448,Erbil,1,1.0,single_overlap
2449,Meshginshahr,1,1.0,single_overlap
2450,Jizan,0,0.0,no_overlap
2452,Berbera,1,0.529411765,single_overlap
2453,Antsiranana,0,0.0,no_overlap
2454,Samarqand,1,0.99543379,single_overlap
2455,Emam Saheb,0,0.0,no_overlap
2456,Aqswkent,1,0.90625,single_overlap
2457,Karachi,1,1.0,single_overlap
2458,Mazgam,1,1.0,single_overlap
2459,Keriya,1,0.875,single_overlap
2460,Durgapur,0,0.0,no_overlap
2461,Sagaing,1,1.0,single_overlap
2462,Surat Thani,1,1.0,single_overlap
2463,Tebing Tinggi,1,1.0,single_overlap
2464,Phu Xuyen,1,1.0,single_overlap
2465,Kuala Terengganu,1,0.850877193,single_overlap
2466,Sinanju,1,1.0,single_overlap
2467,Jecheon-si,1,1.0,single_overlap
2468,Hofu,1,1.0,single_overlap
2469,Mariveles,0,0.0,no_overlap
2470,Toowoomba,1,1.0,single_overlap
2471,San Diego,1,1.0,single_overlap
2472,Mazatlán,1,0.988235294,single_overlap
2473,Jalapa,1,1.0,single_overlap
2474,Latacunga,1,1.0,single_overlap
2475,Yurimaguas,1,1.0,single_overlap
2476,Florencia,1,1.0,single_overlap
2478,Quíbor,1,1.0,single_overlap
2479,Brantford,1,1.0,single_overlap
2480,Peñaflor,1,1.0,single_overlap
2481,Cipolletti,1,1.0,single_overlap
2482,Rondonópolis,1,1.0,single_overlap
2483,Tambacounda,1,0.862068966,single_overlap
2484,Sinko,1,1.0,single_overlap
2485,El Kelaa des Sraghna,1,1.0,single_overlap
2486,Yamoussoukro,1,0.96969697,single_overlap
2487,La Línea de la Concepción,1,0.9375,single_overlap
2488,Blackpool,1,1.0,single_overlap
2489,Akim Oda,1,0.909090909,single_overlap
2490,Chlef,1,1.0,single_overlap
2491,Mantes-la-Ville,1,1.0,single_overlap
2492,Malanville,1,0.833333333,single_overlap
2493,Kamba,1,1.0,single_overlap
2494,Amersfoort,1,1.0,single_overlap
2495,Osnabrück,1,1.0,single_overlap
2496,Agadez,1,0.666666667,single_overlap
2497,Pisa,1,1.0,single_overlap
2498,Zarzis,0,0.0,no_overlap
2499,Sangmélima,1,0.647058824,single_overlap
2500,Opole,1,1.0,single_overlap
2501,Ganda,1,1.0,single_overlap
2502,Bulungu,0,0.0,no_overlap
2504,Buzău,1,1.0,single_overlap
2505,Tire,0,0.0,no_overlap
2506,Pervomaisk,1,1.0,single_overlap
2507,Komani,1,1.0,single_overlap
2508,Buram,1,0.64,single_overlap
2509,Zheleznogorsk,0,0.0,no_overlap
2510,Borj Al Burullous,0,0.0,no_overlap
2511,Mpulungu,1,0.823529412,single_overlap
2512,`Adra,1,1.0,single_overlap
2513,Kyela,1,0.4,single_overlap
2514,Bukalasi,0,0.0,no_overlap
2515,Marromeu,0,0.0,no_overlap
2516,Addis Kidan,1,1.0,single_overlap
2517,Meru,1,1.0,single_overlap
2518,Ramadi,1,1.0,single_overlap
2519,جوانرود,1,1.0,single_overlap
2520,Sabya,1,1.0,single_overlap
2521,Al Husaydhiah,0,0.0,no_overlap
2522,Shalaambood,0,0.0,no_overlap
2524,Gʻuzor,1,1.0,single_overlap
2526,Sayram,1,0.464285714,single_overlap
2527,Chitral,0,0.0,no_overlap
2528,Pampore,1,1.0,single_overlap
2529,Wujiaqu,1,1.0,single_overlap
2530,Joypurhat,1,1.0,single_overlap
2531,Madaya,1,0.833333333,single_overlap
2532,Phra Nakhon Si Ayutthaya,1,0.970588235,single_overlap
2533,Padang Sidempuan,1,1.0,single_overlap
2534,Quế Võ,1,0.3125,single_overlap
2535,Batu Pahat,1,0.9,single_overlap
2536,남흥동,1,1.0,single_overlap
2537,Jeonju,1,1.0,single_overlap
2538,Matsue,1,1.0,single_overlap
2539,San Jose,1,0.944444444,single_overlap
2540,Thuringowa Central,1,1.0,single_overlap
2541,Napa,1,1.0,single_overlap
2542,Puerto Vallarta,1,1.0,single_overlap
2543,Jutiapa,1,1.0,single_overlap
2544,Quito,1,1.0,single_overlap
2545,Armenia,1,0.857142857,single_overlap
2546,Huánuco,1,1.0,single_overlap
2547,Banes,0,0.0,no_overlap
2548,Coro,1,1.0,single_overlap
2549,Cambridge,1,1.0,single_overlap
2550,Colina,1,1.0,single_overlap
2551,General Roca,1,1.0,single_overlap
2552,Primavera do Leste,0,0.0,no_overlap
2553,Kedougou,1,0.666666667,single_overlap
2554,Benslimane,0,0.0,no_overlap
2555,Ferkéssédougou,1,0.95,single_overlap
2556,Gijón,1,1.0,single_overlap
2557,Southport,1,0.848484848,single_overlap
2558,Tamale,1,0.893939394,single_overlap
2559,Tiaret,1,1.0,single_overlap
2560,Calais,1,0.962962963,single_overlap
2561,Iperu,1,0.176470588,single_overlap
2562,Lelystad,1,0.25,single_overlap
2563,Kaiserslautern,1,1.0,single_overlap
2565,Lucca,0,0.0,no_overlap
2566,Tibati,0,0.0,no_overlap
2567,Toruń,1,1.0,single_overlap
2568,Caluquembe,0,0.0,no_overlap
2569,Libenge,0,0.0,no_overlap
2570,Umm Hajar,1,0.727272727,single_overlap
2571,Iași,1,1.0,single_overlap
2572,Karacabey,0,0.0,no_overlap
2573,Odesa,1,1.0,single_overlap
2574,Botshabelo-K,1,1.0,single_overlap
2575,Al-Fashir,1,0.9,single_overlap
2576,Moscow,1,1.0,single_overlap
2577,Kafr Al Sheikh,1,1.0,single_overlap
2578,Mpika,1,0.769230769,single_overlap
2579,As Safirah,1,1.0,single_overlap
2580,Musoma,1,0.693877551,single_overlap
2581,Buligenyi,0,0.0,no_overlap
2582,Milange,1,0.846153846,single_overlap
2583,Durbete,1,0.833333333,single_overlap
2584,KK Market Centre,0,0.0,no_overlap
2585,Tikrit,1,0.928571429,single_overlap
2586,Tikab,1,1.0,single_overlap
2587,Abu `Arish,1,1.0,single_overlap
2588,Zabid,0,0.0,no_overlap
2589,Merca,1,1.0,single_overlap
2590,Shahrisabz,1,1.0,single_overlap
2591,Gawaki,0,0.0,no_overlap
2592,Taraz,1,0.989361702,single_overlap
2593,Khairpur Nathan Shah,1,1.0,single_overlap
2594,Jamnagar,1,0.973684211,single_overlap
2595,51 farm of 12th division,1,0.666666667,single_overlap
2596,Lalmonirhat,0,0.0,no_overlap
2597,Mandalay,1,1.0,single_overlap
2598,Loei,0,0.0,no_overlap
2599,Kisaran,1,1.0,single_overlap
2600,Phủ Lý,1,1.0,single_overlap
2601,Bukit Rangin,1,1.0,single_overlap
2602,Anju,1,1.0,single_overlap
2603,Mokpo-si,1,1.0,single_overlap
2604,Hakodate,1,0.963855422,single_overlap
2605,Talavera,0,0.0,no_overlap
2606,Ipswich,1,1.0,single_overlap
2607,Antioch,1,1.0,single_overlap
2608,San José del Valle,1,0.6,single_overlap
2609,Chiquimula,1,1.0,single_overlap
2610,Cumbaya,1,1.0,single_overlap
2611,Santa Rosa de Cabal,1,1.0,single_overlap
2612,Cerro de Pasco,1,1.0,single_overlap
2613,Guantanamo,1,1.0,single_overlap
2614,Barquisimeto,1,1.0,single_overlap
2615,Guelph,1,1.0,single_overlap
2616,Talca,1,1.0,single_overlap
2617,Río Cuarto,1,1.0,single_overlap
2618,Campo Grande,1,1.0,single_overlap
2619,Ouarzazate,1,1.0,single_overlap
2620,Ouangolodougou,1,0.888888889,single_overlap
2621,Ceuta,1,1.0,single_overlap
2622,Ellesmere Port,1,0.961538462,single_overlap
2623,Bolgatanga,1,1.0,single_overlap
2624,Sougueur,1,1.0,single_overlap
2625,Orléans,1,1.0,single_overlap
2626,Ishara,1,1.0,single_overlap
2627,Eindhoven,1,1.0,single_overlap
2628,Oldenburg,1,1.0,single_overlap
2629,Tessaoua,1,1.0,single_overlap
2630,Reggio nell'Emilia,1,1.0,single_overlap
2631,Ngaoundal,1,1.0,single_overlap
2632,Grudziądz,0,0.0,no_overlap
2633,Cuimba,0,0.0,no_overlap
2634,Kikwit,1,0.986111111,single_overlap
2635,Am Timan,1,0.368421053,single_overlap
2636,Focșani,1,1.0,single_overlap
2637,Istanbul,1,0.997635934,single_overlap
2638,Kryzhanivka,1,1.0,single_overlap
2639,Botshabelo-N,1,1.0,single_overlap
2640,Mellit,1,0.869565217,single_overlap
2641,Lobnya,1,1.0,single_overlap
2642,Birma,1,0.692307692,single_overlap
2643,Mbala,1,1.0,single_overlap
2644,Salamiyah,0,0.0,no_overlap
2645,Bunda,1,0.55,single_overlap
2646,Mandimba,0,0.0,no_overlap
2647,Injibara,1,0.818181818,single_overlap
2648,Soran,1,1.0,single_overlap
2649,Mado Gashi,0,0.0,no_overlap
2650,Mianeh,1,1.0,single_overlap
2651,Samitah,1,1.0,single_overlap
2652,Sa`dah,1,0.735294118,single_overlap
2654,Beshkapa,0,0.0,no_overlap
2655,Sheberghan,1,0.964285714,single_overlap
2656,Balqaş,0,0.0,no_overlap
2657,Johi,1,0.909090909,single_overlap
2658,Pulwama,1,1.0,single_overlap
2659,Ürümqi,1,1.0,single_overlap
2660,Naogaon,1,1.0,single_overlap
2661,Mogok,1,1.0,single_overlap
2662,Saraburi,1,1.0,single_overlap
2663,Panyabungan,1,1.0,single_overlap
2664,Kẻ Sặt,2,0.72,multiple_overlaps
2665,Kuantan,1,1.0,single_overlap
2666,Hyangsan,0,0.0,no_overlap
2667,Gwangju,1,1.0,single_overlap
2668,Shunan,1,1.0,single_overlap
2669,Tuguegarao,1,1.0,single_overlap
2670,Cairns,1,1.0,single_overlap
2671,Mission Viejo,1,1.0,single_overlap
2672,Manzanillo,1,1.0,single_overlap
2673,Flores,1,1.0,single_overlap
2674,Otavalo,1,1.0,single_overlap
2675,Tingo María,1,1.0,single_overlap
2676,Medellín,1,1.0,single_overlap
2677,Moa,0,0.0,no_overlap
2678,Tamaca,1,0.892857143,single_overlap
2679,Hamilton,1,1.0,single_overlap
2680,Curicó,1,1.0,single_overlap
2681,Villa María,1,1.0,single_overlap
2682,Uruguaiana,1,0.925925926,single_overlap
2683,Khouribga,1,1.0,single_overlap
2684,Katiola,0,0.0,no_overlap
2685,León,1,1.0,single_overlap
2686,Chester,1,1.0,single_overlap
2687,Savelugu,1,0.909090909,single_overlap
2688,Maurepas,1,1.0,single_overlap
2689,Tissemsilt,1,1.0,single_overlap
2690,Lakowe,1,1.0,single_overlap
2691,Oss,2,1.0,multiple_overlaps
2692,Siegen,1,1.0,single_overlap
2693,Matamèye,0,0.0,no_overlap
2694,Verona,1,1.0,single_overlap
2695,Garoua,1,0.970149254,single_overlap
2696,Elbląg,1,1.0,single_overlap
2697,Xangongo,0,0.0,no_overlap
2698,Kahemba,0,0.0,no_overlap
2699,Abéché,1,0.736842105,single_overlap
2700,Galați,1,1.0,single_overlap
2701,Aydin,1,1.0,single_overlap
2702,Smila,1,1.0,single_overlap
2703,Welkom,1,0.777777778,single_overlap
2704,Sheiria,1,0.6,single_overlap
2705,Odintsovo,1,1.0,single_overlap
2706,Terenuthis,1,1.0,single_overlap
2707,Katete,0,0.0,no_overlap
2708,Al-Bab,1,1.0,single_overlap
2709,Bariadi,0,0.0,no_overlap
2710,Nicoadala,1,0.909090909,single_overlap
2711,Aykel,1,0.727272727,single_overlap
2712,Al Khalidiyah,0,0.0,no_overlap
2713,Bute Town,0,0.0,no_overlap
2714,Eslamabad-e Gharb,1,1.0,single_overlap
2715,Ad Dawadimi,1,1.0,single_overlap
2717,Wanlaweyn,1,0.5,single_overlap
2718,Urgut,1,1.0,single_overlap
2719,Darzab,0,0.0,no_overlap
2720,Semey,1,1.0,single_overlap
2721,Mehar Taluka,1,1.0,single_overlap
2722,Bhachau,1,1.0,single_overlap
2723,Fukang,1,1.0,single_overlap
2724,Baneshwar,1,0.714285714,single_overlap
2725,Bhamo,1,1.0,single_overlap
2726,Trang,1,1.0,single_overlap
2727,Pasaman,0,0.0,no_overlap
2728,Vĩnh Trụ,0,0.0,no_overlap
2729,Dungun,1,1.0,single_overlap
2730,Mundok,1,1.0,single_overlap
2731,Andong-si,0,0.0,no_overlap
2732,Kumamoto,1,1.0,single_overlap
2733,Arayat,1,1.0,single_overlap
2734,Brisbane,1,0.997146933,single_overlap
2735,Poway,1,1.0,single_overlap
2736,El Alamito,1,1.0,single_overlap
2737,El Estor,1,1.0,single_overlap
2738,Ibarra,1,0.894736842,single_overlap
2739,Caldas,1,1.0,single_overlap
2740,Chincha Alta,1,0.96969697,single_overlap
2741,Baracoa,1,1.0,single_overlap
2742,Cabudare,1,1.0,single_overlap
2743,Burlington,1,1.0,single_overlap
2744,San Fernando,1,1.0,single_overlap
2745,Presidencia Roque Sáenz Peña,1,1.0,single_overlap
2746,Dourados,1,1.0,single_overlap
2747,Rabat,1,1.0,single_overlap
2748,Bouaké,1,1.0,single_overlap
2749,Marbella,1,1.0,single_overlap
2750,Carlisle,1,1.0,single_overlap
2751,Walewale,1,1.0,single_overlap
2752,Cergy,1,1.0,single_overlap
2753,Ain Defla,1,1.0,single_overlap
2754,Ilishan,1,0.928571429,single_overlap
2755,Veenendaal,1,1.0,single_overlap
2756,Freiburg im Breisgau,1,1.0,single_overlap
2757,Tanout,1,0.714285714,single_overlap
2758,Carpi,0,0.0,no_overlap
2759,Ngong,0,0.0,no_overlap
2760,Włocławek,0,0.0,no_overlap
2761,Matala,1,0.96969697,single_overlap
2762,Makanza,1,0.888888889,single_overlap
2763,Biltine,0,0.0,no_overlap
2764,Brăila,1,1.0,single_overlap
2765,Mustafakemalpaşa,0,0.0,no_overlap
2766,Cherkasy,1,1.0,single_overlap
2767,Alabama,1,1.0,single_overlap
2769,Шелепино,0,0.0,no_overlap
2770,Masrif Shinu,0,0.0,no_overlap
2771,Chipata,1,0.977272727,single_overlap
2772,As Suwayda,1,1.0,single_overlap
2773,Tarime,1,0.6,single_overlap
2774,Quelimane,1,0.860465116,single_overlap
2775,Seka,1,1.0,single_overlap
2776,Samarra,1,1.0,single_overlap
2777,Habswein,0,0.0,no_overlap
2778,Ilam,1,1.0,single_overlap
2779,Az Zulfi,0,0.0,no_overlap
2781,Beledweyne,1,0.85,single_overlap
2782,Jizzakh,1,1.0,single_overlap
2783,Sayad,0,0.0,no_overlap
2784,Ust-Kamenogorsk,1,1.0,single_overlap
2785,Qambar,1,1.0,single_overlap
2786,Ramnagri,0,0.0,no_overlap
2787,Korla,1,0.8,single_overlap
2788,Chhaola,0,0.0,no_overlap
2789,Aunglan,1,1.0,single_overlap
2790,Chon Buri,1,1.0,single_overlap
2791,Gunung Tua,1,1.0,single_overlap
2792,Hưng Yên,1,1.0,single_overlap
2793,Chukai,1,0.925925926,single_overlap
2795,Gumi-si,1,1.0,single_overlap
2796,Yonago,1,1.0,single_overlap
2797,Cabanatuan,1,0.95,single_overlap
2798,Gold Coast,1,0.982142857,single_overlap
2799,Encinitas,1,1.0,single_overlap
2800,Tecoman,1,1.0,single_overlap
2801,Poptún,1,1.0,single_overlap
2802,Cayambe,0,0.0,no_overlap
2803,Montería,1,1.0,single_overlap
2804,Pisco,0,0.0,no_overlap
2805,Acarigua,1,1.0,single_overlap
2806,Milton,1,1.0,single_overlap
2807,Chillán,1,1.0,single_overlap
2808,San Francisco,1,1.0,single_overlap
2809,Altamira,1,1.0,single_overlap
2810,Sidi Yahya Zaer,1,0.866666667,single_overlap
2811,Dimbokro,0,0.0,no_overlap
2812,Córdoba,1,1.0,single_overlap
2813,Dundee,1,1.0,single_overlap
2814,Nkawkaw,1,1.0,single_overlap
2815,Poissy,1,1.0,single_overlap
2816,Aflou,1,1.0,single_overlap
2817,Igboho,1,1.0,single_overlap
2818,Ede,1,1.0,single_overlap
2819,Bremerhaven,1,1.0,single_overlap
2820,Magaria,1,0.6,single_overlap
2821,Modena,1,1.0,single_overlap
2822,Ngaoundéré,1,1.0,single_overlap
2823,Rybnik,1,1.0,single_overlap
2824,Calulo,1,1.0,single_overlap
2825,Bozene,0,0.0,no_overlap
2826,Goz Beïda,0,0.0,no_overlap
2827,Constanța,1,1.0,single_overlap
2828,Arnavutköy,1,1.0,single_overlap
2829,Shostka,1,1.0,single_overlap
2830,Uitkomsdal,1,1.0,single_overlap
2831,Muhajiriyah,0,0.0,no_overlap
2832,Vologda,1,1.0,single_overlap
2833,Al-Shawashna,1,0.894736842,single_overlap
2834,Nakonde,1,1.0,single_overlap
2835,Manbij,1,1.0,single_overlap
2836,Makambako,1,1.0,single_overlap
2837,Cuamba,1,0.733333333,single_overlap
2838,Jimma,1,0.795454545,single_overlap
2839,Kirkuk,1,1.0,single_overlap
2840,Ukunda,1,1.0,single_overlap
2841,Sareyn,0,0.0,no_overlap
2842,Hafar Al-Batin,1,0.99047619,single_overlap
2844,Afgooye,0,0.0,no_overlap
2845,Sar-e Pol,1,1.0,single_overlap
2846,Sirdaryo,1,1.0,single_overlap
2847,Almaty,1,1.0,single_overlap
2848,Nasirabad,1,1.0,single_overlap
2849,Khrew,0,0.0,no_overlap
2850,Qitai,1,1.0,single_overlap
2851,Bagha,0,0.0,no_overlap
2852,Kyaukse,1,0.928571429,single_overlap
2853,Laem Chabang,1,0.927710843,single_overlap
2854,Tanjung Balai,1,1.0,single_overlap
2855,Hải Dương,1,0.961038961,single_overlap
2856,Kluang,1,1.0,single_overlap
2857,Kaechon,1,1.0,single_overlap
2858,Suncheon-si,1,1.0,single_overlap
2859,Kitami,1,1.0,single_overlap
2860,Cabiao,1,0.357142857,single_overlap
2861,Helensvale,1,1.0,single_overlap
2862,Oceanside,1,1.0,single_overlap
2863,Tepic,1,1.0,single_overlap
2864,Morales,1,1.0,single_overlap
2865,Puyo,0,0.0,no_overlap
2866,Manizales,1,1.0,single_overlap
2867,Ica,0,0.0,no_overlap
2868,Duaca,1,1.0,single_overlap
2869,Toronto,1,1.0,single_overlap
2870,Rancagua,1,1.0,single_overlap
2871,Santa Rosa,1,0.971428571,single_overlap
2872,Foz do Iguaçu,1,1.0,single_overlap
2873,Aïn El Aouda,1,1.0,single_overlap
2874,Dabou,1,1.0,single_overlap
2875,Talavera de la Reina,1,1.0,single_overlap
2876,Lancaster,1,1.0,single_overlap
2877,Agona Swedru,1,1.0,single_overlap
2878,Paris,1,1.0,single_overlap
2879,Khemis Miliana,1,1.0,single_overlap
2880,Ibadan,1,1.0,single_overlap
2881,Helmond,1,1.0,single_overlap
2882,Gütersloh,1,1.0,single_overlap
2883,Zinder,1,1.0,single_overlap
2884,Trento,1,1.0,single_overlap
2885,Bertoua,1,0.978723404,single_overlap
2886,Jastrzębie-Zdrój,1,1.0,single_overlap
2887,N'dalatando,1,1.0,single_overlap
2888,Bwamanda,0,0.0,no_overlap
2889,Adré,1,0.583333333,single_overlap
2890,Ödemiş,1,1.0,single_overlap
2891,Konotop,1,1.0,single_overlap
2892,Sisulu Village,1,1.0,single_overlap
2893,Khazan Gedid,1,0.5,single_overlap
2894,Oryol,1,1.0,single_overlap
2895,Qotur,1,1.0,single_overlap
2896,Lundazi,1,1.0,single_overlap
2897,Kobani,1,1.0,single_overlap
2898,Singida,1,0.633333333,single_overlap
2899,Muala,0,0.0,no_overlap
2900,Tilili,1,0.833333333,single_overlap
2901,koya,0,0.0,no_overlap
2902,Mombasa,1,0.91160221,single_overlap
2903,Sanandaj,1,1.0,single_overlap
2904,Al Jarrahi,0,0.0,no_overlap
2905,Najran,1,1.0,single_overlap
2906,Burao,1,0.766666667,single_overlap
2907,Tashkent,1,0.996655518,single_overlap
2908,Firozkoh,0,0.0,no_overlap
2909,Taldykorgan,1,1.0,single_overlap
2910,Inayat Killi,0,0.0,no_overlap
2911,Lanckhul,0,0.0,no_overlap
2912,Gaochang,1,1.0,single_overlap
2913,Meherpur,1,1.0,single_overlap
2914,Meiktila,1,1.0,single_overlap
2915,Nakhon Si Thammarat,1,1.0,single_overlap
2916,Rantau Prapat,1,1.0,single_overlap
2917,Thanh Hoá,1,1.0,single_overlap
2918,Kulai,1,1.0,single_overlap
2920,Daegu,1,1.0,single_overlap
2921,Hiroshima,1,1.0,single_overlap
2922,Gapan,1,1.0,single_overlap
2923,Upper Coomera,1,1.0,single_overlap
2924,Fairfield,1,1.0,single_overlap
2925,Colima,1,1.0,single_overlap
2926,Puerto Barrios,1,1.0,single_overlap
2927,Tena,0,0.0,no_overlap
2928,Neiva,1,1.0,single_overlap
2929,Parcona,0,0.0,no_overlap
2930,San Carlos,1,1.0,single_overlap
2931,St. Catharines,1,1.0,single_overlap
2932,Linares,1,1.0,single_overlap
2933,General Pico,1,1.0,single_overlap
2934,Santana,1,1.0,single_overlap
2935,Souk Sebt Oulad Nemma,1,1.0,single_overlap
2936,Agboville,1,0.928571429,single_overlap
2937,Fuengirola,1,1.0,single_overlap
2938,Shrewsbury,1,1.0,single_overlap
2939,Asamankese,1,1.0,single_overlap
2940,Dunkirk,1,0.984848485,single_overlap
2941,Miliana,0,0.0,no_overlap
2942,Kishi,1,0.909090909,single_overlap
2943,Leeuwarden,1,1.0,single_overlap
2944,Wiesbaden,1,1.0,single_overlap
2945,Bolzano - Bozen,1,1.0,single_overlap
2946,Gouré,0,0.0,no_overlap
2947,Mokolo,1,0.611111111,single_overlap
2948,Gliwice,1,1.0,single_overlap
2949,Caconda,1,1.0,single_overlap
2950,Gungu,0,0.0,no_overlap
2951,Tiné-Djagaraba,1,0.666666667,single_overlap
2952,Milas,0,0.0,no_overlap
2953,Kropyvnytskyi,1,1.0,single_overlap
2954,East London,1,1.0,single_overlap
2955,Khureit (Al Kuma),0,0.0,no_overlap
2956,Podolsk,1,1.0,single_overlap
2957,Tala,1,1.0,single_overlap
2958,Al-Tabqah,1,1.0,single_overlap
2959,Songea,1,0.921568627,single_overlap
2960,Mocuba,1,0.892857143,single_overlap
2961,Burie,1,1.0,single_overlap
2962,Fallujah,1,1.0,single_overlap
2963,Garissa,1,0.697674419,single_overlap
2964,Ardabil,1,0.986111111,single_overlap
2965,Hajja,1,0.75,single_overlap
2966,Wadi Ad Dawasir,1,1.0,single_overlap
2967,Mogadishu,1,0.623655914,single_overlap
2968,Boysun,0,0.0,no_overlap
2970,Dera Allah Yar,1,1.0,single_overlap
2971,Esik,0,0.0,no_overlap
2972,Tral,1,0.695652174,single_overlap
2973,Hami,1,1.0,single_overlap
2974,হাসানগঞ্জ,0,0.0,no_overlap
2975,Taungdwingyi,1,1.0,single_overlap
2976,Chachoengsao,1,1.0,single_overlap
2977,Lubuk Sikaping,0,0.0,no_overlap
2978,Ninh Bình,1,1.0,single_overlap
2979,Johor Bahru,1,1.0,single_overlap
2980,Sukchon,1,1.0,single_overlap
2981,Taein-dong,1,0.958333333,single_overlap
2982,Yatsushiro,1,1.0,single_overlap
2983,Apalit,1,1.0,single_overlap
2984,North Lakes,1,1.0,single_overlap
2985,Brentwood,1,1.0,single_overlap
2986,Ciudad Guzmán,1,1.0,single_overlap
2987,Tulcán,1,1.0,single_overlap
2988,Lorica,1,1.0,single_overlap
2989,Huancayo,1,0.921875,single_overlap
2990,Marín,1,1.0,single_overlap
2991,Niagara Falls,1,1.0,single_overlap
2992,Los Ángeles,1,1.0,single_overlap
2993,Rafaela,1,1.0,single_overlap
2994,Macapá,1,0.972972973,single_overlap
2995,Fkih Ben Salah,1,1.0,single_overlap
2996,Abidjan,1,0.994035785,single_overlap
2997,Valladolid,1,1.0,single_overlap
2998,Hereford,1,1.0,single_overlap
2999,Yeji,1,0.583333333,single_overlap
3000,Amiens,1,1.0,single_overlap
3001,Ksar Chellala,1,1.0,single_overlap
3002,Oyo,1,1.0,single_overlap
3003,Nijmegen,1,1.0,single_overlap
3004,Ritterhude,1,1.0,single_overlap
3005,Florence,1,1.0,single_overlap
3006,Maïné-Soroa,0,0.0,no_overlap
3007,Guider,1,0.761904762,single_overlap
3008,Katowice,1,1.0,single_overlap
3009,Quibala,0,0.0,no_overlap
3010,Idiofa,1,0.9,single_overlap
3011,Karyari,0,0.0,no_overlap
3012,Salihli,1,1.0,single_overlap
3013,Mykolaiv,1,1.0,single_overlap
3014,Potchefstroom,1,1.0,single_overlap
3015,Ad Da'ein,1,0.68627451,single_overlap
3016,Sergiyev Posad,0,0.0,no_overlap
3017,Al Shuhada,1,1.0,single_overlap
3018,Raqqa,1,1.0,single_overlap
3019,Iringa,1,0.549019608,single_overlap
3020,Gurue,1,0.769230769,single_overlap
3022,بلد,0,0.0,no_overlap
3023,Jumba la Mtwana,1,0.636363636,single_overlap
3024,Kamyaran,1,0.875,single_overlap
3026,Riyadh,1,1.0,single_overlap
3027,Balcad,0,0.0,no_overlap
3028,Yangiyul,1,1.0,single_overlap
3029,Lashkar Gah,1,0.810810811,single_overlap
3030,Sita Road,0,0.0,no_overlap
3031,Zharkent,0,0.0,no_overlap
3032,Barmer,1,0.903225806,single_overlap
3033,Shigatse,1,1.0,single_overlap
3034,Dupchachia,0,0.0,no_overlap
3035,Wundwin,1,1.0,single_overlap
3036,Pattaya,1,1.0,single_overlap
3037,Pasir Pengaraian,0,0.0,no_overlap
3038,Bút Sơn,1,1.0,single_overlap
3039,Onsong,1,0.857142857,single_overlap
3040,Kuching,1,1.0,single_overlap
3041,Wolha-dong,1,1.0,single_overlap
3042,Iwakuni,1,1.0,single_overlap
3043,Santiago,1,1.0,single_overlap
3044,Cleveland,1,0.93877551,single_overlap
3045,Escondido,1,1.0,single_overlap
3046,Agua Prieta,1,0.769230769,single_overlap
3047,Puerto Francisco de Orellana,0,0.0,no_overlap
3048,Rionegro,1,1.0,single_overlap
3049,Pucallpa,1,1.0,single_overlap
3050,Tinaquillo,1,1.0,single_overlap
3051,Newmarket,1,1.0,single_overlap
3052,Temuco,1,1.0,single_overlap
3053,Venado Tuerto,1,1.0,single_overlap
3054,Barra do Garças,1,1.0,single_overlap
3055,Sidi Taibi,0,0.0,no_overlap
3056,Torremolinos,1,1.0,single_overlap
3057,Daoukro,1,1.0,single_overlap
3058,Bristol,1,1.0,single_overlap
3059,Winneba,1,1.0,single_overlap
3060,Creil,1,1.0,single_overlap
3061,El Affroun,0,0.0,no_overlap
3062,Ijebu-Ode,1,0.974789916,single_overlap
3063,Maastricht,1,1.0,single_overlap
3064,Delmenhorst,1,1.0,single_overlap
3065,Bologna,1,1.0,single_overlap
3066,Diffa,1,0.5625,single_overlap
3067,Figuil,1,0.818181818,single_overlap
3068,Częstochowa,1,1.0,single_overlap
3069,Waku Kungo,1,1.0,single_overlap
3070,Budjala,0,0.0,no_overlap
3071,Um Dukhan,0,0.0,no_overlap
3072,Mudanya,1,0.611111111,single_overlap
3073,Kroonstad,1,1.0,single_overlap
3074,Oleksandriia,1,1.0,single_overlap
3075,Abu Matarig,0,0.0,no_overlap
3076,Ivanteyevka,1,1.0,single_overlap
3077,Sanhur,1,1.0,single_overlap
3078,Deir Ez Zor,1,1.0,single_overlap
3079,Dodoma,1,0.95,single_overlap
3080,Maganja,1,0.5,single_overlap
3081,Merawi,1,0.625,single_overlap
3082,Al Mushahidah,1,0.033755274,single_overlap
3084,Kermanshah,1,1.0,single_overlap
3086,Zahrat Laban,1,0.911111111,single_overlap
3087,Jowhar,0,0.0,no_overlap
3088,Sherobod,1,0.90625,single_overlap
3089,Tukzar,0,0.0,no_overlap
3090,Dadu,1,1.0,single_overlap
3091,Anantnag,1,1.0,single_overlap
3092,Golmud,1,0.612244898,single_overlap
3093,Malikbeg,1,0.730769231,single_overlap
3094,Pyin Oo Lwin,1,1.0,single_overlap
3095,Sattahip,0,0.0,no_overlap
3096,Padang,1,0.990740741,single_overlap
3097,Lạng Sơn,1,1.0,single_overlap
3098,Phyongwon,1,1.0,single_overlap
3099,Sibu,1,1.0,single_overlap
3100,Jinju-si,1,1.0,single_overlap
3101,Beppu,1,1.0,single_overlap
3102,Nasugbu,1,0.846153846,single_overlap
3103,Redcliffe,1,1.0,single_overlap
3104,Bakersfield,1,1.0,single_overlap
3105,Guadalajara,1,1.0,single_overlap
3106,Nueva Loja,1,1.0,single_overlap
3107,Ibagué,1,1.0,single_overlap
3108,Bajo Pichanaqui,1,1.0,single_overlap
3109,Valencia,1,1.0,single_overlap
3110,Barrie,1,1.0,single_overlap
3111,Valdivia,1,1.0,single_overlap
3112,Santa Fe,1,1.0,single_overlap
3113,Mineiros,1,1.0,single_overlap
3114,Azilal,0,0.0,no_overlap
3115,Málaga,1,1.0,single_overlap
3116,Adzopé,1,1.0,single_overlap
3117,Runcorn,1,1.0,single_overlap
3118,Salaga,1,0.9,single_overlap
3119,Bourges,0,0.0,no_overlap
3120,Koléa,1,1.0,single_overlap
3121,Ago-Iwoye,1,1.0,single_overlap
3122,Arnhem,1,1.0,single_overlap
3123,Bielefeld,1,1.0,single_overlap
3124,Grosseto,1,1.0,single_overlap
3125,N'guigmi,1,0.75,single_overlap
3126,Mora,1,0.846153846,single_overlap
3127,Pabianice,1,1.0,single_overlap
3128,Uíge,1,1.0,single_overlap
3129,Gemena,1,0.972972973,single_overlap
3130,Bursa,1,1.0,single_overlap
3131,Rustenburg,1,1.0,single_overlap
3132,Kremenchuk,1,1.0,single_overlap
3134,Serpukhov,1,1.0,single_overlap
3135,Kafr al Tarayna,1,0.1,single_overlap
3136,Al-Hasakah,1,1.0,single_overlap
3137,Ifakara,1,0.615384615,single_overlap
3139,Pebane,0,0.0,no_overlap
3140,Shorsh,1,1.0,single_overlap
3144,Al Ared,1,1.0,single_overlap
3145,Bulo Burto,0,0.0,no_overlap
3146,Gulistan,1,1.0,single_overlap
3147,,0,0.0,no_overlap
3148,Nurrār,1,0.096153846,single_overlap
3149,Pokaran,1,0.909090909,single_overlap
3150,Jiayuguan,1,1.0,single_overlap
3151,Shihali,0,0.0,no_overlap
3152,Pyay,1,1.0,single_overlap
3153,Prachin Buri,1,1.0,single_overlap
3154,Bukittinggi,1,1.0,single_overlap
3155,Nam Định,1,0.87755102,single_overlap
3156,Musan,1,1.0,single_overlap
3157,Bintulu,1,1.0,single_overlap
3158,Jeju-si,1,1.0,single_overlap
3159,Kure,1,1.0,single_overlap
3160,Calaca,1,0.166666667,single_overlap
3161,Caloundra,1,1.0,single_overlap
3162,Tracy,1,1.0,single_overlap
3163,Tesistán,1,1.0,single_overlap
3164,Montelíbano,1,1.0,single_overlap
3165,Peña Negra,0,0.0,no_overlap
3166,Puerto Ayacucho,1,1.0,single_overlap
3167,Pickering,1,1.0,single_overlap
3168,Osorno,1,1.0,single_overlap
3169,Santo Tomé,1,0.952380952,single_overlap
3170,Toledo,1,1.0,single_overlap
3171,Kenitra,1,1.0,single_overlap
3172,Palencia,1,1.0,single_overlap
3173,Grand-Bassam,1,0.888888889,single_overlap
3174,Preston,1,1.0,single_overlap
3175,Accra,1,0.995539697,single_overlap
3176,Le Mée-sur-Seine,1,1.0,single_overlap
3177,Medea,1,1.0,single_overlap
3178,Epe,1,0.961538462,single_overlap
3179,Geleen,1,1.0,single_overlap
3180,Bremen,1,1.0,single_overlap
3181,Vicenza,1,1.0,single_overlap
3182,Fotokol,1,1.0,single_overlap
3183,Lodz,1,1.0,single_overlap
3184,Ondjiva,1,0.682926829,single_overlap
3185,Basankusu,1,1.0,single_overlap
3186,Nazilli,1,1.0,single_overlap
3187,Khutsong,1,1.0,single_overlap
3188,Розвилка,1,1.0,single_overlap
3189,Umm Kaddada,1,0.666666667,single_overlap
3190,Fryazino,1,1.0,single_overlap
3191,Tanta,1,1.0,single_overlap
3192,Ash Shaddaday,0,0.0,no_overlap
3193,Arusha,1,0.875739645,single_overlap
3194,Genet,1,0.75,single_overlap
3195,Moma,1,1.0,single_overlap
3196,Tuz Khormato,1,1.0,single_overlap
3197,Wajir,1,0.566666667,single_overlap
3198,Talesh,1,1.0,single_overlap
3200,As Sayh,1,1.0,single_overlap
3201,Jalalaqsi,0,0.0,no_overlap
3202,Tashlak,1,1.0,single_overlap
3203,Girishk,1,0.5,single_overlap
3204,Badah,0,0.0,no_overlap
3205,Devsar,1,0.966666667,single_overlap
3206,Nagqu,1,1.0,single_overlap
3207,Natore,1,1.0,single_overlap
3208,Pathein,1,1.0,single_overlap
3209,Phatthalung,0,0.0,no_overlap
3210,Ujung Batu,1,0.789473684,single_overlap
3211,Diêm Phổ,1,1.0,single_overlap
3212,Onchon,1,0.833333333,single_overlap
3214,Miri,2,0.766666667,multiple_overlaps
3215,Oita,1,1.0,single_overlap
3216,Tagaytay,1,1.0,single_overlap
3217,Sunshine Coast,1,1.0,single_overlap
3218,Vacaville,1,1.0,single_overlap
3219,Lázaro Cárdenas,1,1.0,single_overlap
3220,Sahagún,1,0.9375,single_overlap
3221,Iquitos,0,0.0,no_overlap
3222,Puerto Cabello,1,1.0,single_overlap
3223,Oshawa,1,0.992125984,single_overlap
3224,Puerto Montt,1,1.0,single_overlap
3225,Reconquista,1,1.0,single_overlap
3226,Sant'Ana do Livramento,1,1.0,single_overlap
3227,Oued Zem,1,1.0,single_overlap
3228,Abengourou,1,0.954545455,single_overlap
3229,Collado Villalba,1,1.0,single_overlap
3230,Wigan,1,1.0,single_overlap
3231,Suhum,1,1.0,single_overlap
3232,Lens,1,1.0,single_overlap
3233,Ksar El Boukhari,1,1.0,single_overlap
3234,Bunza,1,1.0,single_overlap
3235,Apeldoorn,1,1.0,single_overlap
3236,Rüsselsheim am Main,1,1.0,single_overlap
3237,Ferrara,1,1.0,single_overlap
3238,Maroua,1,0.96969697,single_overlap
3239,Tychy,1,1.0,single_overlap
3240,Caála,1,1.0,single_overlap
3241,Dibaya-Lubwe,0,0.0,no_overlap
3242,Alaşehir,0,0.0,no_overlap
3243,Paardekraal Ext 2,1,1.0,single_overlap
3244,Kherson,1,1.0,single_overlap
3246,Zhukovsky,1,1.0,single_overlap
3247,Al-Gharaq,1,1.0,single_overlap
3248,Al Mayadin,0,0.0,no_overlap
3249,Sawla Felege Neway,0,0.0,no_overlap
3250,Tunduru,0,0.0,no_overlap
3251,Montepuez,1,0.846153846,single_overlap
3252,Sab al Bor,1,1.0,single_overlap
3253,Malindi,1,0.923076923,single_overlap
3254,Zanjan,1,1.0,single_overlap
3255,Shi`b al Ghayl,0,0.0,no_overlap
3256,Al Khafji,1,0.96969697,single_overlap
3257,Guriel,0,0.0,no_overlap
3258,Chibintepa,1,1.0,single_overlap
3259,Mazar i sharif,1,0.983606557,single_overlap
3260,Pashat,0,0.0,no_overlap
3261,Upleta,1,1.0,single_overlap
3262,Lhasa,1,0.946666667,single_overlap
3263,Naldanga,0,0.0,no_overlap
3264,Nawnghkio,1,0.714285714,single_overlap
3265,Map Ta Phut,1,0.94,single_overlap
3266,Batusangkar,0,0.0,no_overlap
3267,Cầu Giát,0,0.0,no_overlap
3268,Hyesan,1,1.0,single_overlap
3269,Pohang-si,1,1.0,single_overlap
3270,Pangkalan,1,0.206896552,single_overlap
3271,Obihiro,1,1.0,single_overlap
3272,Lemery,1,0.529411765,single_overlap
3273,Riverside,1,1.0,single_overlap
3274,Durango,1,1.0,single_overlap
3275,Cartagena,1,1.0,single_overlap
3276,Huanta,0,0.0,no_overlap
3277,Biruaca,1,1.0,single_overlap
3278,Peterborough,1,1.0,single_overlap
3279,Coyhaique,1,1.0,single_overlap
3280,Resistencia,1,1.0,single_overlap
3281,Umuarama,1,1.0,single_overlap
3282,Beni Mellal,1,1.0,single_overlap
3283,Ciudad Real,1,1.0,single_overlap
3284,Aboisso,1,1.0,single_overlap
3285,Warrington,1,1.0,single_overlap
3286,New Tafo Akim,1,0.954545455,single_overlap
3287,Montévrain,1,1.0,single_overlap
3288,Blida,2,1.0,multiple_overlaps
3289,Ijebu-Igbo,1,1.0,single_overlap
3290,Zwolle,1,1.0,single_overlap
3291,Karlsruhe,1,1.0,single_overlap
3292,Bassano del Grappa,0,0.0,no_overlap
3293,Meiganga,1,1.0,single_overlap
3294,Sosnowiec,1,1.0,single_overlap
3295,Santa Clara,0,0.0,no_overlap
3296,Bili,0,0.0,no_overlap
3297,Gemlik,1,1.0,single_overlap
3298,Mohlakeng,1,0.944444444,single_overlap
3299,Kryvyi Rih,1,1.0,single_overlap
3300,Adiela,1,0.25,single_overlap
3301,Alexandrov,0,0.0,no_overlap
3302,Sers Al Layyan,1,0.769230769,single_overlap
3303,Qamishli,1,1.0,single_overlap
3304,Bako,1,1.0,single_overlap
3305,Moshi,1,0.686567164,single_overlap
3306,Nampula,1,0.941176471,single_overlap
3307,Baghdad,1,1.0,single_overlap
3308,Masalani,0,0.0,no_overlap
3309,Kuhdasht,1,1.0,single_overlap
3311,Sharurah,1,1.0,single_overlap
3312,Adado,0,0.0,no_overlap
3313,Chirchiq,1,1.0,single_overlap
3314,Khwaja Iskandar,0,0.0,no_overlap
3315,Bannu,1,0.901840491,single_overlap
3316,Mangrol,1,1.0,single_overlap
3317,Jiuquan,1,1.0,single_overlap
3318,Polashbari,0,0.0,no_overlap
3319,Myan Aung,1,0.888888889,single_overlap
3320,Udon Thani,1,1.0,single_overlap
3321,Payakumbuh,1,1.0,single_overlap
3322,Ninh Binh,0,0.0,no_overlap
3323,Tokchon,1,1.0,single_overlap
3324,Changwon,1,1.0,single_overlap
3325,Kampong Pulau Melayu,1,0.863636364,single_overlap
3326,Tottori,1,1.0,single_overlap
3328,Manteca,1,1.0,single_overlap
3329,Apatzingán,1,1.0,single_overlap
3330,Sincelejo,1,1.0,single_overlap
3331,Ayacucho,1,1.0,single_overlap
3332,Las Mercedes,1,1.0,single_overlap
3333,Kingston,1,1.0,single_overlap
3334,Paraná,1,1.0,single_overlap
3335,Punta Arenas,1,0.935483871,single_overlap
3336,Breves,1,1.0,single_overlap
3337,Bejaad,1,1.0,single_overlap
3338,Madrid,2,1.0,multiple_overlaps
3339,Agnibilékrou,1,1.0,single_overlap
3340,Manchester,1,1.0,single_overlap
3341,Nsawam,1,0.904761905,single_overlap
3342,Arras,1,1.0,single_overlap
3343,Zeralda,1,1.0,single_overlap
3344,Dakingari,1,0.857142857,single_overlap
3345,Heerlen,1,1.0,single_overlap
3346,Mannheim,1,1.0,single_overlap
3347,Padua,1,1.0,single_overlap
3348,Kaélé,1,0.625,single_overlap
3349,Płock,1,1.0,single_overlap
3350,Huambo,1,1.0,single_overlap
3351,Brabanta,0,0.0,no_overlap
3352,Marmaris,0,0.0,no_overlap
3353,Vanderbijlpark,1,0.962962963,single_overlap
3354,Sumy,1,1.0,single_overlap
3355,Ailliet,0,0.0,no_overlap
3356,Ramenskoye,1,1.0,single_overlap
3357,Tabluha,0,0.0,no_overlap
3358,Abu Kamal,1,1.0,single_overlap
3359,Shambu,1,0.75,single_overlap
3360,Morogoro,1,0.948051948,single_overlap
3361,Chiure-Sede,1,1.0,single_overlap
3362,Qaladiza,0,0.0,no_overlap
3363,Takaba,0,0.0,no_overlap
3364,Asadabad,1,1.0,single_overlap
3365,Mawza`,0,0.0,no_overlap
3366,الفاروق,1,0.9,single_overlap
3368,Angor,0,0.0,no_overlap
3369,Mirzay,0,0.0,no_overlap
3370,Jacobabad,1,1.0,single_overlap
3371,Jammu,1,1.0,single_overlap
3372,Kurigram,0,0.0,no_overlap
3373,Zhangye,1,1.0,single_overlap
3374,Kyaukme,1,1.0,single_overlap
3375,Nakhon Ratchasima,1,1.0,single_overlap
3376,Solok,1,1.0,single_overlap
3377,Diễn Châu,1,1.0,single_overlap
3378,Sunchon,1,1.0,single_overlap
3379,Gyeongju-si,1,1.0,single_overlap
3380,Kota Kinabalu,1,1.0,single_overlap
3381,Kagoshima,1,1.0,single_overlap
3382,Binangonan,1,1.0,single_overlap
3383,Stockton,1,1.0,single_overlap
3384,Sahuayo de Morelos,1,1.0,single_overlap
3385,Espinal,1,1.0,single_overlap
3386,Cusco,1,1.0,single_overlap
3387,Maracay,1,1.0,single_overlap
3388,Kanata,1,1.0,single_overlap
3389,Corrientes,1,1.0,single_overlap
3390,Cascavel,1,1.0,single_overlap
3391,Tiflet,1,0.727272727,single_overlap
3392,Jaén,1,1.0,single_overlap
3393,Bondoukou,1,1.0,single_overlap
3394,Telford,1,1.0,single_overlap
3395,Koforidua,1,1.0,single_overlap
3396,Meaux,1,1.0,single_overlap
3397,Algiers,1,0.997863248,single_overlap
3398,Igbeti,1,0.764705882,single_overlap
3399,Deventer,1,1.0,single_overlap
3400,Frankfurt,1,1.0,single_overlap
3401,Arezzo,1,1.0,single_overlap
3402,Batouri,1,1.0,single_overlap
3403,Bełchatów,0,0.0,no_overlap
3404,Bailundo,1,0.941176471,single_overlap
3405,Karawa,1,0.4,single_overlap
3406,Muğla,0,0.0,no_overlap
3407,Modderspruit,1,1.0,single_overlap
3408,Poltava,1,1.0,single_overlap
3409,Noginsk,1,1.0,single_overlap
3410,Ghubaysh,1,0.7,single_overlap
3411,Tubhar,1,1.0,single_overlap
3412,Al Mu`abbadah,0,0.0,no_overlap
3413,Kola Diba,1,0.6,single_overlap
3414,Masasi,0,0.0,no_overlap
3415,Namialo,1,0.454545455,single_overlap
3416,At Taji,1,1.0,single_overlap
3417,Lulis,0,0.0,no_overlap
3418,Nurabad,1,1.0,single_overlap
3420,Al Jubayl,1,1.0,single_overlap
3421,Erigavo,1,1.0,single_overlap
3422,Termez,1,1.0,single_overlap
3424,Khar Bajaur,1,0.255319149,single_overlap
3425,R S Pura,1,0.083333333,single_overlap
3426,Sundarganj,0,0.0,no_overlap
3427,Yushu,0,0.0,no_overlap
3428,Paungde,0,0.0,no_overlap
3429,Hat Yai,1,1.0,single_overlap
3430,Bagan Siapi-api,1,1.0,single_overlap
3431,Sầm Sơn,0,0.0,no_overlap
3432,Buheung-dong,0,0.0,no_overlap
3433,Hallim-myeon,1,1.0,single_overlap
3434,Keningau,0,0.0,no_overlap
3435,Aira,2,0.791666667,multiple_overlaps
3436,Batangas City,1,1.0,single_overlap
3437,Modesto,1,1.0,single_overlap
3438,Ocotlán,1,1.0,single_overlap
3439,Caucasia,1,1.0,single_overlap
3440,Arequipa,1,0.993975904,single_overlap
3441,Calabozo,1,1.0,single_overlap
3442,Honey Gables,1,1.0,single_overlap
3443,Funes,1,1.0,single_overlap
3444,Jataí,1,1.0,single_overlap
3445,Kasba Tadla,1,1.0,single_overlap
3446,Granada,1,1.0,single_overlap
3447,Blackburn,1,1.0,single_overlap
3448,Bawku,1,0.785714286,single_overlap
3449,Lille,1,1.0,single_overlap
3450,Laghouat,1,0.92,single_overlap
3451,Birnin Kebbi,1,1.0,single_overlap
3452,Groningen,1,1.0,single_overlap
3453,Paderborn,1,1.0,single_overlap
3454,Mestre,1,1.0,single_overlap
3455,Bielsko-Biała,1,1.0,single_overlap
3456,Kousseri,1,1.0,single_overlap
3457,Mussende,0,0.0,no_overlap
3458,Binga,0,0.0,no_overlap
3459,Yalova,1,1.0,single_overlap
3460,Sasolburg,1,1.0,single_overlap
3461,Kamianske,1,0.981818182,single_overlap
3462,Кислино,1,1.0,single_overlap
3463,Muglad,1,0.764705882,single_overlap
3464,Shibin Al-Kom,1,0.923076923,single_overlap
3465,Gonder,1,0.8125,single_overlap
3466,Picha Ya Ndege,1,0.9,single_overlap
3467,Monapo,1,0.6,single_overlap
3468,Karbala,1,0.981132075,single_overlap
3469,Banissa,0,0.0,no_overlap
3470,Bandar-e Anzali,1,1.0,single_overlap
3472,Al Ahsa,1,1.0,single_overlap
3474,Jarqurgon,1,0.9375,single_overlap
3476,Landi Kotal,0,0.0,no_overlap
3477,Keshod,1,1.0,single_overlap
3478,Bhawaniganj,0,0.0,no_overlap
3479,Jinchang,1,0.911764706,single_overlap
3480,Labutta,1,0.9,single_overlap
3481,Klaeng,0,0.0,no_overlap
3482,Bangkinang,1,0.92,single_overlap
3483,Phú Liên,0,0.0,no_overlap
3484,고산리,1,1.0,single_overlap
3485,Jinhae-gu,1,1.0,single_overlap
3486,Sandakan,1,0.849557522,single_overlap
3487,Fukuyama,1,1.0,single_overlap
3488,Baras,1,0.9375,single_overlap
3489,Palmdale,1,1.0,single_overlap
3490,Los Reyes de Salgado,0,0.0,no_overlap
3491,Girardot,1,0.952380952,single_overlap
3492,Ilo,1,1.0,single_overlap
3493,Palo Negro,1,1.0,single_overlap
3494,Ottawa,1,1.0,single_overlap
3495,San Lorenzo,1,1.0,single_overlap
3496,Santo Ângelo,1,1.0,single_overlap
3497,Sidi Yahya du Gharb,1,1.0,single_overlap
3498,Santander,1,1.0,single_overlap
3499,Crewe,1,1.0,single_overlap
3500,Gushiegu,1,0.714285714,single_overlap
3501,Douai,1,1.0,single_overlap
3502,Berrouaghia,1,1.0,single_overlap
3503,Taba,0,0.0,no_overlap
3504,Almelo,1,1.0,single_overlap
3505,Gießen,1,1.0,single_overlap
3506,Forlì,1,1.0,single_overlap
3507,Piotrków Trybunalski,0,0.0,no_overlap
3508,Pouss,0,0.0,no_overlap
3509,Malanje,1,0.987341772,single_overlap
3510,Ilebo,1,0.789473684,single_overlap
3511,İnegöl,1,1.0,single_overlap
3512,Johannesburg,1,1.0,single_overlap
3513,Kursk,1,1.0,single_overlap
3514,Yevpatoriya,1,1.0,single_overlap
3515,Babanusah,1,0.785714286,single_overlap
3516,6th of October,1,0.849462366,single_overlap
3517,Bahir Dar,1,0.923076923,single_overlap
3518,Bagamoyo,0,0.0,no_overlap
3519,Jafar Muhammad Ali,1,0.945205479,single_overlap
3520,Miézi,0,0.0,no_overlap
3521,Dagahaley Refugee Camp,0,0.0,no_overlap
3522,Hamedan,1,1.0,single_overlap
3523,Khamir,0,0.0,no_overlap
3524,Safwa,1,1.0,single_overlap
3525,Las Anod,1,1.0,single_overlap
3526,Denov,1,1.0,single_overlap
3528,Larkana,1,1.0,single_overlap
3529,Garwel,0,0.0,no_overlap
3530,Begunbaria,0,0.0,no_overlap
3531,Huangyuan,0,0.0,no_overlap
3532,Namhkam,1,0.909090909,single_overlap
3533,Songkhla,1,1.0,single_overlap
3534,Duri,1,0.977777778,single_overlap
3535,Phát Diệm,1,1.0,single_overlap
3536,Pyŏngsŏng,1,1.0,single_overlap
3537,Tongyeong-si,0,0.0,no_overlap
3538,Tawau,1,0.985074627,single_overlap
3539,Onomichi,1,1.0,single_overlap
3540,Lipa,2,0.99047619,multiple_overlaps
3541,Turlock,1,1.0,single_overlap
3542,Cuauhtémoc,1,1.0,single_overlap
3543,Corozal,1,1.0,single_overlap
3544,Moquegua,0,0.0,no_overlap
3545,Villa de Cura,1,1.0,single_overlap
3546,Gatineau,1,1.0,single_overlap
3547,Rosario,1,1.0,single_overlap
3548,Cianorte,1,1.0,single_overlap
3549,Larache,1,1.0,single_overlap
3550,Valdemoro,1,1.0,single_overlap
3551,Bath,1,1.0,single_overlap
3552,Donkorkrom,0,0.0,no_overlap
3553,Perpignan,1,1.0,single_overlap
3554,Ain Oussara,1,1.0,single_overlap
3555,Iwo,1,1.0,single_overlap
3556,Hengelo,1,1.0,single_overlap
3557,Minden,0,0.0,no_overlap
3558,Treviso,1,1.0,single_overlap
3559,Olsztyn,1,1.0,single_overlap
3560,Yokadouma,1,1.0,single_overlap
3561,Andulo,1,1.0,single_overlap
3562,Tshikapa,1,1.0,single_overlap
3563,Kocaeli,1,1.0,single_overlap
3564,Evaton,1,1.0,single_overlap
3565,Elektrostal,1,1.0,single_overlap
3566,Nikopol,1,1.0,single_overlap
3567,En Nahud,1,0.75,single_overlap
3568,Shunufa,1,0.5,single_overlap
3569,Asendabo,0,0.0,no_overlap
3570,Dar es-Salaam,2,0.968026461,multiple_overlaps
3571,Qaryat at Taliah,1,1.0,single_overlap
3572,Mocímboa da Praia,1,1.0,single_overlap
3573,Dadaab,1,0.571428571,single_overlap
3574,`Amran,1,0.80952381,single_overlap
3576,Dammam,1,0.998031496,single_overlap
3577,Ceel Dheer,0,0.0,no_overlap
3578,Uzun,1,1.0,single_overlap
3579,Deh Rawud,0,0.0,no_overlap
3580,Ratodero,0,0.0,no_overlap
3581,Dhoraji,1,1.0,single_overlap
3582,Lalpur,1,0.495049505,single_overlap
3583,Minqin,1,1.0,single_overlap
3584,Myaung Mya,1,1.0,single_overlap
3585,Khon Kaen,1,1.0,single_overlap
3586,Pekanbaru,1,1.0,single_overlap
3587,Cổ Lễ,1,0.682242991,single_overlap
3588,천성로동자구,0,0.0,no_overlap
3589,Gimhae,1,1.0,single_overlap
3590,Lahad Datu,1,1.0,single_overlap
3591,Kirishima,1,1.0,single_overlap
3592,Tanay,1,0.896551724,single_overlap
3593,Temecula,1,1.0,single_overlap
3594,Tepatitlán,1,1.0,single_overlap
3595,Turbaco,1,1.0,single_overlap
3596,Juliaca,1,1.0,single_overlap
3597,San Mateo,1,1.0,single_overlap
3598,Orléans,1,1.0,single_overlap
3599,Goya,1,1.0,single_overlap
3600,Paranavaí,1,1.0,single_overlap
3601,Khemisset,1,1.0,single_overlap
3602,Burgos,1,1.0,single_overlap
3603,Oswaldtwistle,1,1.0,single_overlap
3604,Yendi,1,0.80952381,single_overlap
3605,Clermont-Ferrand,1,1.0,single_overlap
3606,Hassi El Garra,1,1.0,single_overlap
3607,Ikire,1,1.0,single_overlap
3608,Enschede,1,1.0,single_overlap
3609,Darmstadt,1,1.0,single_overlap
3610,Venice,1,1.0,single_overlap
3611,Tomaszów Mazowiecki,1,1.0,single_overlap
3612,Yagoua,1,1.0,single_overlap
3613,Cuito,1,0.847058824,single_overlap
3614,Tshibinda,0,0.0,no_overlap
3615,Gölcük,1,1.0,single_overlap
3616,Lenasia,2,0.87628866,multiple_overlaps
3617,Tula,1,1.0,single_overlap
3618,Dnipro,1,1.0,single_overlap
3619,Fidimin,1,1.0,single_overlap
3620,Al Mazrub,1,0.555555556,single_overlap
3621,Sheraro,0,0.0,no_overlap
3622,Tanga,1,0.846153846,single_overlap
3623,Al Khalis,1,1.0,single_overlap
3624,Pemba,1,0.823529412,single_overlap
3625,Ifo Refugee Camp,0,0.0,no_overlap
3627,Rasht,1,1.0,single_overlap
3628,Ra's Tannurah,0,0.0,no_overlap
3629,Galkayo,1,0.9,single_overlap
3630,Sho'rchi,0,0.0,no_overlap
3632,Samarbagh,0,0.0,no_overlap
3633,Phalodi,1,1.0,single_overlap
3634,Kuchiamora,0,0.0,no_overlap
3635,Datong,1,0.25,single_overlap
3636,Nattalin,1,1.0,single_overlap
3637,Tha Chang,1,0.911111111,single_overlap
3638,Sungai Penuh,1,0.666666667,single_overlap
3639,Ninh Cường,0,0.0,no_overlap
3640,강서구역,1,1.0,single_overlap
3641,Yangsan,1,1.0,single_overlap
3642,Matsuyama,1,1.0,single_overlap
3643,Semporna,1,0.947368421,single_overlap
3644,San Pablo,1,0.972972973,single_overlap
3645,Hanford,1,1.0,single_overlap
3646,Zihuatanejo,1,1.0,single_overlap
3647,Arjona,1,1.0,single_overlap
3648,Puno,1,1.0,single_overlap
3649,San Juan de Los Morros,1,1.0,single_overlap
3650,Vaudreuil-Dorion,1,1.0,single_overlap
3651,Formosa,1,0.981132075,single_overlap
3652,Ijuí,1,1.0,single_overlap
3653,Souk El Arbaa,1,1.0,single_overlap
3654,Rivas-Vaciamadrid,1,1.0,single_overlap
3655,Gloucester,1,1.0,single_overlap
3656,Odumase,1,1.0,single_overlap
3657,Valenciennes,1,1.0,single_overlap
3658,Hassi Bahbah,1,1.0,single_overlap
3659,Bagudo,1,1.0,single_overlap
3660,Heidelberg,1,1.0,single_overlap
3661,Ravenna,1,1.0,single_overlap
3662,Krakow,1,1.0,single_overlap
3663,Touboro,1,0.75,single_overlap
3664,Camacupa,1,1.0,single_overlap
3665,Kamonia,0,0.0,no_overlap
3666,Denizli,1,1.0,single_overlap
3667,Mthatha,0,0.0,no_overlap
3668,Yaroslavl,1,1.0,single_overlap
3669,Sevastopol,1,0.976190476,single_overlap
3670,Samadon,1,0.153846154,single_overlap
3671,Abu Zabad,1,0.636363636,single_overlap
3672,Adet,1,0.857142857,single_overlap
3673,Zanzibar City,1,0.975206612,single_overlap
3674,Allayi,0,0.0,no_overlap
3675,Nacala,1,0.98,single_overlap
3676,Hagadera Refugee Camp,1,0.357142857,single_overlap
3678,Nahavand,1,1.0,single_overlap
3679,Dammam 2nd Industrial City,1,0.227272727,single_overlap
3681,Almalyk,0,0.0,no_overlap
3682,Orlamish,0,0.0,no_overlap
3683,Wali Khel,1,0.928571429,single_overlap
3684,Morbi,1,0.947368421,single_overlap
3685,Gobindaganj,1,1.0,single_overlap
3686,Wuwei,1,1.0,single_overlap
3687,Pyinmana [Nay Pyi Taw],1,0.764044944,single_overlap
3688,Maha Sarakham,0,0.0,no_overlap
3689,Dumai,1,1.0,single_overlap
3690,Minh Tân,1,1.0,single_overlap
3691,Hoeryong,1,1.0,single_overlap
3692,Geoje-si,1,1.0,single_overlap
3693,Aomori,1,1.0,single_overlap
3694,Rosario,1,0.035714286,single_overlap
3695,Lancaster,1,1.0,single_overlap
3696,Jacona de Plancarte,1,1.0,single_overlap
3697,La Dorada,1,1.0,single_overlap
3698,Puerto Maldonado,1,0.941176471,single_overlap
3699,La Victoria,1,1.0,single_overlap
3700,Montreal,1,1.0,single_overlap
3701,Junín,1,1.0,single_overlap
3702,Parauapebas,1,1.0,single_overlap
3703,Zagora,1,1.0,single_overlap
3704,Torrejón de Ardoz,1,1.0,single_overlap
3705,Kidderminster,1,1.0,single_overlap
3706,Bimbilla,1,0.8,single_overlap
3707,Béziers,1,1.0,single_overlap
3708,Sidi Moussa,1,1.0,single_overlap
3709,Ogbomosho,1,1.0,single_overlap
3710,Flensburg,1,1.0,single_overlap
3711,Pordenone,1,1.0,single_overlap
3712,Warsaw,1,1.0,single_overlap
3713,Menongue,1,1.0,single_overlap
3714,Businga,1,0.454545455,single_overlap
3715,Tavşanlı,0,0.0,no_overlap
3716,Brits,0,0.0,no_overlap
3717,Orekhovo-Zouïevo,1,1.0,single_overlap
3718,Novomoskovsk,1,1.0,single_overlap
3719,Minyat al Hayt,1,0.428571429,single_overlap
3720,Dilling,1,0.941176471,single_overlap
3721,Demebecha,0,0.0,no_overlap
3722,Mahmoudiyah,1,1.0,single_overlap
3723,Mtwara,1,0.837837838,single_overlap
3725,`Adan Barakah,0,0.0,no_overlap
3726,Abhar,1,1.0,single_overlap
3727,Al `Aziziyah,1,1.0,single_overlap
3729,Angren,0,0.0,no_overlap
3730,Tarinkot,0,0.0,no_overlap
3731,Sehwan,0,0.0,no_overlap
3732,Junagadh,1,1.0,single_overlap
3733,Chilmari,0,0.0,no_overlap
3734,Shangguancun,1,1.0,single_overlap
3735,Kyaung Kone,0,0.0,no_overlap
3736,Pattani,1,0.96,single_overlap
3737,Perawang,1,1.0,single_overlap
3738,Đông Hưng,1,1.0,single_overlap
3739,P'yŏngyang,1,1.0,single_overlap
3740,Sincheon-dong,1,1.0,single_overlap
3741,Tsuyama,0,0.0,no_overlap
3742,Santa Cruz,1,1.0,single_overlap
3743,Merced,1,1.0,single_overlap
3744,Nuevo Casas Grandes,1,1.0,single_overlap
3745,Fusagasugá,1,0.888888889,single_overlap
3746,Tacna,1,1.0,single_overlap
3747,San Antonio de los Altos [Los Teques],1,1.0,single_overlap
3748,Saint-Jérôme,1,1.0,single_overlap
3749,Pergamino,1,1.0,single_overlap
3750,Redenção,1,1.0,single_overlap
3751,Mechra Bel Ksiri,0,0.0,no_overlap
3752,Arganda del Rey,1,1.0,single_overlap
3753,Burnley,1,1.0,single_overlap
3754,Dambai,1,1.0,single_overlap
3755,Larbaa,1,0.977777778,single_overlap
3756,Reims,1,1.0,single_overlap
3757,Ejigbo,1,1.0,single_overlap
3758,Pforzheim,1,1.0,single_overlap
3759,Perugia,1,1.0,single_overlap
3760,Legionowo,1,1.0,single_overlap
3761,Cafunfo,1,0.866666667,single_overlap
3762,Boende,1,1.0,single_overlap
3763,Uşak,1,1.0,single_overlap
3764,Mboloko,0,0.0,no_overlap
3765,Voskresensk,0,0.0,no_overlap
3766,Zaporizhzhia,1,1.0,single_overlap
3767,ميت الوسطى,1,0.897959184,single_overlap
3768,Kaduqli,1,0.823529412,single_overlap
3769,ዳባት,0,0.0,no_overlap
3770,Baqubah,1,1.0,single_overlap
3774,Garoowe,1,0.769230769,single_overlap
3776,Chust,1,1.0,single_overlap
3777,Dir,1,0.833333333,single_overlap
3778,Udhampur,1,1.0,single_overlap
3779,Pashim Chhaparhati,0,0.0,no_overlap
3780,Xining,1,0.993150685,single_overlap
3781,Muse,1,1.0,single_overlap
3782,Kalasin,0,0.0,no_overlap
3783,Pangkalan Kerinci,1,1.0,single_overlap
3784,Thái Bình,1,1.0,single_overlap
3785,Kwail,0,0.0,no_overlap
3786,Cheongan-dong,1,0.688888889,single_overlap
3787,Imabari,1,1.0,single_overlap
3788,Siniloan,0,0.0,no_overlap
3789,Davis,1,1.0,single_overlap
3790,Hidalgo del Parral,1,1.0,single_overlap
3791,Facatativá,1,0.941176471,single_overlap
3792,Catia La Mar [La Guaira],1,1.0,single_overlap
3793,Terrebonne,1,1.0,single_overlap
3794,Comodoro Rivadavia,1,0.967741935,single_overlap
3795,Francisco Beltrão,1,1.0,single_overlap
3796,Sidi Slimane,1,1.0,single_overlap
3797,Alcalá de Henares,1,1.0,single_overlap
3798,Worcester,1,1.0,single_overlap
3799,Kpando,0,0.0,no_overlap
3800,Meftah,1,1.0,single_overlap
3801,Montpellier,1,1.0,single_overlap
3802,Jega,1,1.0,single_overlap
3803,Hanau,1,1.0,single_overlap
3804,Rimini,1,1.0,single_overlap
3805,Kielce,1,1.0,single_overlap
3806,Luena,1,0.865853659,single_overlap
3807,Mutombo-Lamata,0,0.0,no_overlap
3808,Bilecik,0,0.0,no_overlap
3809,Soshanguve,1,0.989821883,single_overlap
3810,Kolomna,1,1.0,single_overlap
3811,Kharkiv,1,1.0,single_overlap
3812,Ashmoun,1,1.0,single_overlap
3813,Dongola,1,1.0,single_overlap
3814,Wereta,1,0.9,single_overlap
3815,Bani Saad,1,1.0,single_overlap
3816,El Wak,1,0.5625,single_overlap
3818,Khorramabad,1,1.0,single_overlap
3819,Bosaso,1,0.842105263,single_overlap
3820,Pasab,0,0.0,no_overlap
3821,Qoqand,1,1.0,single_overlap
3822,Naudero,1,1.0,single_overlap
3823,Rajkot,1,1.0,single_overlap
3824,Gaibandha,1,1.0,single_overlap
3825,Huzhu,0,0.0,no_overlap
3826,Lewe,1,0.315789474,single_overlap
3827,Yala,1,1.0,single_overlap
3828,Muara Bungo,1,1.0,single_overlap
3829,Vinh,1,1.0,single_overlap
3830,천리마구역,1,1.0,single_overlap
3831,Ulsan,1,1.0,single_overlap
3832,Hirosaki,1,1.0,single_overlap
3833,Tiaong,0,0.0,no_overlap
3834,Lodi,1,1.0,single_overlap
3835,Zamora,1,1.0,single_overlap
3836,Magangué,1,1.0,single_overlap
3837,Caracas,1,1.0,single_overlap
3838,Saint-Jean-sur-Richelieu,1,1.0,single_overlap
3839,San Nicolás de los Arroyos,1,1.0,single_overlap
3840,Tucuruí,1,1.0,single_overlap
3841,Ksar el-Kebir,1,1.0,single_overlap
3842,Guadalajara,1,1.0,single_overlap
3843,Stoke-on-Trent,1,1.0,single_overlap
3844,Ho,1,0.976744186,single_overlap
3845,Boumerdes,1,1.0,single_overlap
3846,Troyes,1,1.0,single_overlap
3847,Gbongan,1,1.0,single_overlap
3848,Aschaffenburg,1,1.0,single_overlap
3849,Lido di Ostia,1,1.0,single_overlap
3850,Wołomin,1,1.0,single_overlap
3851,Camanongue,0,0.0,no_overlap
3852,Gbadolite,1,0.75,single_overlap
3853,Fethiye,1,1.0,single_overlap
3854,Bethlehem,1,1.0,single_overlap
3855,Yegoryevsk,0,0.0,no_overlap
3856,Simferopol,1,1.0,single_overlap
3857,Mit Afia,1,1.0,single_overlap
3858,Al-Ubayyid,1,0.975903614,single_overlap
3860,Al Hillah,1,0.658878505,single_overlap
3861,Lafey,0,0.0,no_overlap
3863,Famenin,0,0.0,no_overlap
3864,Qardho,1,0.714285714,single_overlap
3866,Yaypan,1,1.0,single_overlap
3867,Moro,1,1.0,single_overlap
3868,Veraval,1,1.0,single_overlap
3869,Bogura,1,1.0,single_overlap
3870,Ping'an,0,0.0,no_overlap
3871,Hsipaw,1,1.0,single_overlap
3872,Buri Ram,0,0.0,no_overlap
3873,Arga Makmur,1,1.0,single_overlap
3874,Hải Phòng,1,1.0,single_overlap
3875,Pukchang,0,0.0,no_overlap
3876,웅상,1,1.0,single_overlap
3877,Nobeoka,1,1.0,single_overlap
3878,Pagsanjan,1,0.28,single_overlap
3879,Rancho las Perris,1,1.0,single_overlap
3880,Uruapan,1,1.0,single_overlap
3881,Bogota,1,0.992509363,single_overlap
3882,Cúa,1,1.0,single_overlap
3883,Repentigny,1,1.0,single_overlap
3884,Puerto Madryn,1,1.0,single_overlap
3885,Três Lagoas,1,1.0,single_overlap
3886,Tangier,1,1.0,single_overlap
3887,Roquetas de Mar,1,0.036939314,single_overlap
3888,Birmingham,1,1.0,single_overlap
3889,Hohoe,1,1.0,single_overlap
3890,Djelfa,1,1.0,single_overlap
3891,Saint-Étienne,1,1.0,single_overlap
3892,Ode-Omu,0,0.0,no_overlap
3893,Sindelfingen,1,1.0,single_overlap
3894,Acilia,1,1.0,single_overlap
3895,Radom,1,1.0,single_overlap
3896,Saurimo,1,0.925925926,single_overlap
3898,Karapınar,1,1.0,single_overlap
3899,Diepsloot,1,1.0,single_overlap
3900,Novomoskovsk,0,0.0,no_overlap
3901,Yalta,1,1.0,single_overlap
3902,Al Hiatem,1,1.0,single_overlap
3903,Jabra Al Sheikh,0,0.0,no_overlap
3904,Gidole,0,0.0,no_overlap
3905,Sulaymaniyah,1,1.0,single_overlap
3906,Mandera,1,0.80952381,single_overlap
3908,Malayer,1,1.0,single_overlap
3909,Kandahar,1,0.989130435,single_overlap
3910,Tergachi,1,1.0,single_overlap
3911,Tank,0,0.0,no_overlap
3912,Jetpur,1,1.0,single_overlap
3913,Bheramara,1,0.210526316,single_overlap
3914,Haidong,0,0.0,no_overlap
3915,Einme,1,1.0,single_overlap
3916,Roi Et,0,0.0,no_overlap
3917,Bengkalis,1,0.95,single_overlap
3918,Yên Định,0,0.0,no_overlap
3919,재동로동자구,0,0.0,no_overlap
3920,Busan,1,0.994366197,single_overlap
3921,Okayama,1,0.99719888,single_overlap
3922,Nagcarlan,1,1.0,single_overlap
3923,Madera,1,1.0,single_overlap
3924,Arandas,1,1.0,single_overlap
3925,Sabanalarga,1,1.0,single_overlap
3926,Charallave,1,1.0,single_overlap
3927,Sherbrooke,1,1.0,single_overlap
3928,Trelew,1,1.0,single_overlap
3929,Campo Mourão,1,1.0,single_overlap
3930,Sidi Kacem,1,1.0,single_overlap
3931,Melilla,2,1.0,multiple_overlaps
3932,Cheltenham,1,1.0,single_overlap
3933,Nkwanta,0,0.0,no_overlap
3934,Khemis El Khechna,1,1.0,single_overlap
3935,Nimes,1,1.0,single_overlap
3936,Ede,1,0.972972973,single_overlap
3937,Gerlingen,1,1.0,single_overlap
3938,Rome,1,1.0,single_overlap
3939,Nowy Sącz,1,1.0,single_overlap
3940,Lumeje,0,0.0,no_overlap
3942,Bozüyük,0,0.0,no_overlap
3943,Pretoria,2,1.0,multiple_overlaps
3944,Belgorod,1,1.0,single_overlap
3945,Pavlohrad,1,1.0,single_overlap
3946,Atsa,1,1.0,single_overlap
3947,Al Rahad,1,0.888888889,single_overlap
3948,Adis Zemen,0,0.0,no_overlap
3949,Abu Gharaq,1,0.791666667,single_overlap
3951,Borujerd,1,1.0,single_overlap
3952,Samangan,1,0.5,single_overlap
3953,Ibrat,1,1.0,single_overlap
3954,Hangu,1,0.857142857,single_overlap
3955,Shapar - Veraval,1,1.0,single_overlap
3956,Chuadanga,1,0.666666667,single_overlap
3957,Manzhouli,1,1.0,single_overlap
3958,Hinthada,1,1.0,single_overlap
3959,Sakon Nakhon,0,0.0,no_overlap
3960,Bengkulu,1,1.0,single_overlap
3961,Uông Bí,1,1.0,single_overlap
3962,Nampo,1,0.962962963,single_overlap
3963,Ayang,1,0.965517241,single_overlap
3964,Miyakonojo,1,1.0,single_overlap
3965,Calapan,1,0.961538462,single_overlap
3966,Moreno Valley,1,0.988372093,single_overlap
3967,La Piedad de Cabadas,1,1.0,single_overlap
3968,Barranquilla,1,1.0,single_overlap
3969,Ocumare del Tuy,1,1.0,single_overlap
3970,Trois-Rivières,1,1.0,single_overlap
3971,Caleta Olivia,0,0.0,no_overlap
3972,Rio Verde,1,1.0,single_overlap
3973,Khenifra,1,1.0,single_overlap
3974,Bilbao,1,0.971698113,single_overlap
3975,Stafford,1,1.0,single_overlap
3976,Akatsi,1,1.0,single_overlap
3977,Messaad,1,1.0,single_overlap
3978,Lyon,1,1.0,single_overlap
3979,Ipetumodu,0,0.0,no_overlap
3980,Tübingen,1,1.0,single_overlap
3981,Terni,1,1.0,single_overlap
3982,Tarnów,0,0.0,no_overlap
3983,Lucapa,1,0.611111111,single_overlap
3984,Kakumba,0,0.0,no_overlap
3985,Kütahya,1,1.0,single_overlap
3986,Centurion,2,1.0,multiple_overlaps
3987,Kostroma,1,1.0,single_overlap
3988,Melitopol,1,1.0,single_overlap
3989,Sinnuris,1,1.0,single_overlap
3990,Umm Ruwaba,1,1.0,single_overlap
3991,Debark,1,0.538461538,single_overlap
3992,Al Kifl,1,0.517241379,single_overlap
3993,Sana'a,1,0.995412844,single_overlap
3994,Lahijan,1,1.0,single_overlap
3995,Nao Deh,0,0.0,no_overlap
3996,Xo'jand,1,1.0,single_overlap
3997,Lal Qilla,0,0.0,no_overlap
3998,Wankaner,1,1.0,single_overlap
3999,সুখানপুকুর,1,0.188118812,single_overlap
4000,Minhe,1,1.0,single_overlap
4001,Gyobingauk,0,0.0,no_overlap
4002,Nakhon Phanom,0,0.0,no_overlap
4003,Bangko,1,1.0,single_overlap
4004,Núi Đối,1,0.580645161,single_overlap
4005,Taean,1,0.823529412,single_overlap
4006,Niihama,1,0.958333333,single_overlap
4007,Sariaya,2,0.545454545,multiple_overlaps
4008,Fresno,1,1.0,single_overlap
4009,Zacapu,0,0.0,no_overlap
4010,Pinillos,0,0.0,no_overlap
4011,Santa Teresa del Tuy,1,1.0,single_overlap
4012,Quebec,1,1.0,single_overlap
4013,Bahía Blanca,1,0.969072165,single_overlap
4014,Santa Maria,1,1.0,single_overlap
4015,Meknes,1,1.0,single_overlap
4016,Vitoria-Gasteiz,1,1.0,single_overlap
4017,Bournemouth,1,1.0,single_overlap
4018,Tegbi,0,0.0,no_overlap
4019,Lakhdaria,0,0.0,no_overlap
4020,Avignon,1,1.0,single_overlap
4021,Oshogbo,1,0.993630573,single_overlap
4022,Stuttgart,1,1.0,single_overlap
4023,Udine,1,1.0,single_overlap
4024,Łomża,0,0.0,no_overlap
4025,Dundo,1,1.0,single_overlap
4026,Dekese,0,0.0,no_overlap
4027,Sakarya,1,1.0,single_overlap
4028,Brakpan,2,0.965517241,multiple_overlaps
4029,Livny,1,1.0,single_overlap
4030,Lozova,1,1.0,single_overlap
4031,Faiyum,1,1.0,single_overlap
4032,Abu Jibeha,1,0.75,single_overlap
4033,Konso,0,0.0,no_overlap
4034,Al-Najaf,1,0.930769231,single_overlap
4036,Andimeshk,1,1.0,single_overlap
4037,Imam Sahib,0,0.0,no_overlap
4038,Turakurgan,1,0.944444444,single_overlap
4039,Naushahro Feroze,0,0.0,no_overlap
4040,Fazilka,1,1.0,single_overlap
4041,Sonatala,0,0.0,no_overlap
4042,Honggu,1,0.8,single_overlap
4043,Wakema,1,1.0,single_overlap
4044,Mukdahan,0,0.0,no_overlap
4045,Air Molek I,0,0.0,no_overlap
4046,Tiền Hải,0,0.0,no_overlap
4047,Unryul,0,0.0,no_overlap
4048,Miyazaki,1,1.0,single_overlap
4049,San Jose,1,1.0,single_overlap
4050,Woodland,1,1.0,single_overlap
4051,San Juan de los Lagos,1,1.0,single_overlap
4052,Chía,1,1.0,single_overlap
4053,Guarenas,1,1.0,single_overlap
4054,Punta Alta,0,0.0,no_overlap
4055,Halifax,1,1.0,single_overlap
4056,Maringá,1,1.0,single_overlap
4057,M'Rirt,1,1.0,single_overlap
4058,Almeria,1,1.0,single_overlap
4059,Aberdeen,1,0.941176471,single_overlap
4060,Aflao,2,0.837209302,multiple_overlaps
4061,Bordj Menaiel,1,1.0,single_overlap
4062,Dijon,1,1.0,single_overlap
4063,Argungu,1,0.952380952,single_overlap
4064,Hanover,1,1.0,single_overlap
4065,Pesaro,1,1.0,single_overlap
4066,Elk,1,1.0,single_overlap
4067,Bundas,0,0.0,no_overlap
4068,Lwebo,1,0.555555556,single_overlap
4069,Karadere,0,0.0,no_overlap
4070,Masetjhaba View,1,1.0,single_overlap
4071,Ivanovo,1,1.0,single_overlap
4072,Tutun,1,0.5,single_overlap
4073,Feodosia,1,1.0,single_overlap
4074,Al ‘Abbāsiyya,1,0.888888889,single_overlap
4075,Debre Markos,1,0.833333333,single_overlap
4076,Kalar,1,1.0,single_overlap
4078,Shush,1,0.9,single_overlap
4079,Kunduz,1,1.0,single_overlap
4080,Shahand,1,0.32,single_overlap
4081,Timergara,2,0.897058824,multiple_overlaps
4082,Gondal,1,1.0,single_overlap
4083,Saghatta,0,0.0,no_overlap
4084,Zhalainuo'er,0,0.0,no_overlap
4086,Curup,1,1.0,single_overlap
4087,Hà Tĩnh,1,0.956521739,single_overlap
4088,Ubon Ratchathani,1,1.0,single_overlap
4089,Songnim,1,1.0,single_overlap
4090,Kushiro,1,1.0,single_overlap
4091,Tayabas,1,0.125,single_overlap
4092,Sacramento,1,1.0,single_overlap
4093,Pátzcuaro,1,1.0,single_overlap
4094,Zipaquirá,1,1.0,single_overlap
4095,Valle de La Pascua,1,1.0,single_overlap
4096,Chivilcoy,0,0.0,no_overlap
4097,Pato Branco,1,1.0,single_overlap
4098,St. John's,1,1.0,single_overlap
4099,Ouazzane,1,1.0,single_overlap
4100,Logroño,1,1.0,single_overlap
4101,Cannock,1,1.0,single_overlap
4102,Ghardaia,1,1.0,single_overlap
4103,Valence,1,1.0,single_overlap
4104,Koko,1,1.0,single_overlap
4105,Kassel,1,1.0,single_overlap
4106,Anzio,1,1.0,single_overlap
4107,Mielec,0,0.0,no_overlap
4108,Nzagi,0,0.0,no_overlap
4109,Lisala,1,0.8,single_overlap
4110,Akyazı,0,0.0,no_overlap
4111,Chief Albert Luthuli Park,1,1.0,single_overlap
4112,Vladimir,1,1.0,single_overlap
4113,Shimm al Basal al Bahari,1,1.0,single_overlap
4114,Pokrovsk,1,1.0,single_overlap
4115,Tandalti,1,0.875,single_overlap
4116,,0,0.0,no_overlap
4117,As Suwayrah,1,0.909090909,single_overlap
4118,Ta'izz,1,0.902777778,single_overlap
4119,Takestan,1,1.0,single_overlap
4120,Bamian,0,0.0,no_overlap
4121,Bagdad,0,0.0,no_overlap
4122,Kandiaro,1,1.0,single_overlap
4123,Sri Ganganagar,1,0.978723404,single_overlap
4124,Alamdanga,1,1.0,single_overlap
4125,Hanggin Rear Banner,1,1.0,single_overlap
4126,Lawksawk,1,1.0,single_overlap
4127,Rengat,0,0.0,no_overlap
4128,Saen Suk,1,0.107142857,single_overlap
4129,Hạ Long,1,0.95,single_overlap
4131,Marugame,1,0.992,single_overlap
4132,Lucena,1,0.925925926,single_overlap
4133,Visalia,1,1.0,single_overlap
4134,Chihuahua,1,1.0,single_overlap
4135,Tiquisio,1,1.0,single_overlap
4136,Zaraza,1,1.0,single_overlap
4137,Viedma,1,1.0,single_overlap
4138,Bagé,1,1.0,single_overlap
4139,Tétouan,1,1.0,single_overlap
4140,Donostia / San Sebastián,1,0.860465116,single_overlap
4141,Redditch,1,1.0,single_overlap
4142,Sidi Aissa,1,1.0,single_overlap
4143,Marignane,1,1.0,single_overlap
4144,New Bussa,1,0.928571429,single_overlap
4145,Heilbronn,1,1.0,single_overlap
4146,Albano Laziale,1,1.0,single_overlap
4147,Siedlce,0,0.0,no_overlap
4149,Luau,1,1.0,single_overlap
4150,Eskisehir,1,1.0,single_overlap
4151,Phuthaditjhaba,1,1.0,single_overlap
4152,Ryazan,1,1.0,single_overlap
4153,Bani Wallams,1,1.0,single_overlap
4154,Sloviansk,1,1.0,single_overlap
4155,Khartoum,1,0.970772443,single_overlap
4156,Arba Minch,1,0.761904762,single_overlap
4157,Al-Hirah,1,1.0,single_overlap
4159,Dezful,1,1.0,single_overlap
4161,Navkent,0,0.0,no_overlap
4162,Katen Bala,0,0.0,no_overlap
4163,Sanchore,1,1.0,single_overlap
4164,Gabtali,1,1.0,single_overlap
4165,Bayannur,1,1.0,single_overlap
4166,Aungpan,1,1.0,single_overlap
4167,Sarolangun,1,1.0,single_overlap
4168,Cẩm Phả,1,0.933333333,single_overlap
4169,Jangyon,0,0.0,no_overlap
4170,Shikokuchuo,1,1.0,single_overlap
4171,Gumaca,0,0.0,no_overlap
4172,Hemet,1,1.0,single_overlap
4173,Pénjamo,0,0.0,no_overlap
4174,Acacías,1,1.0,single_overlap
4175,Barcelona,1,0.993055556,single_overlap
4176,Concordia,1,1.0,single_overlap
4177,Presidente Prudente,1,1.0,single_overlap
4178,Fnideq,1,1.0,single_overlap
4179,Albacete,1,1.0,single_overlap
4180,Keighley,1,1.0,single_overlap
4181,Bouira,1,1.0,single_overlap
4182,Marseille,1,1.0,single_overlap
4183,Ilorin,1,1.0,single_overlap
4184,Hamburg,1,1.0,single_overlap
4185,Tivoli,1,1.0,single_overlap
4186,Suwałki,0,0.0,no_overlap
4187,Mweka,1,1.0,single_overlap
4188,Cazombo,1,0.933333333,single_overlap
4189,Hendek,0,0.0,no_overlap
4190,Ekangala,0,0.0,no_overlap
4191,Yelets,1,1.0,single_overlap
4192,Tall al Bahnasa,1,1.0,single_overlap
4193,Kramatorsk,1,1.0,single_overlap
4194,Ghaliya,1,0.954545455,single_overlap
4195,Gimbichu,0,0.0,no_overlap
4196,Al Midhatiya,1,1.0,single_overlap
4197,Al Masaliyah,1,1.0,single_overlap
4198,Hoveyzeh,0,0.0,no_overlap
4199,Namangan,1,1.0,single_overlap
4200,Baghlan,0,0.0,no_overlap
4201,Shabqadar,1,0.888888889,single_overlap
4202,Jalalabad,1,1.0,single_overlap
4203,Gurudaspur,0,0.0,no_overlap
4204,Dengkou,1,1.0,single_overlap
4205,Za Lun,1,1.0,single_overlap
4206,Selatpanjang,1,0.789473684,single_overlap
4207,Móng Cái,0,0.0,no_overlap
4208,Kangdong,1,1.0,single_overlap
4209,Akita,1,0.967391304,single_overlap
4210,Jolo,1,0.923076923,single_overlap
4211,Porterville,1,1.0,single_overlap
4212,Aguascalientes,1,1.0,single_overlap
4213,Sesquilé,0,0.0,no_overlap
4214,Anaco,1,1.0,single_overlap
4215,Zárate,1,1.0,single_overlap
4216,Jacundá,0,0.0,no_overlap
4217,M'Diq,0,0.0,no_overlap
4218,Pamplona,1,1.0,single_overlap
4219,Elland,1,1.0,single_overlap
4220,Tizi Ouzou,1,1.0,single_overlap
4221,Aix-en-Provence,1,1.0,single_overlap
4222,Owode Ede,1,0.8,single_overlap
4223,Reutlingen,1,1.0,single_overlap
4224,Latina,1,1.0,single_overlap
4225,Stalowa Wola,0,0.0,no_overlap
4226,Kakenge,1,1.0,single_overlap
4227,Kanlıpınar,1,0.942857143,single_overlap
4228,KwaMhlanga,1,1.0,single_overlap
4229,Stary Oskol,0,0.0,no_overlap
4230,El Mahalla El Kubra,2,1.0,multiple_overlaps
4231,Druzhkivka,1,1.0,single_overlap
4232,Al Qutaynah,0,0.0,no_overlap
4233,Mota,1,0.615384615,single_overlap
4234,Al Mishkhab,1,1.0,single_overlap
4235,Al Misrakh,1,0.285714286,single_overlap
4237,Rishtan,1,0.975609756,single_overlap
4238,Puli Khumri,1,1.0,single_overlap
4239,Serai Naurang,0,0.0,no_overlap
4240,Balotra,1,0.962962963,single_overlap
4241,Sherpur,1,1.0,single_overlap
4242,Alxa Left Banner,1,1.0,single_overlap
4243,Kutkai,1,1.0,single_overlap
4244,Manna,1,1.0,single_overlap
4245,Sơn Hải,0,0.0,no_overlap
4246,Anak,1,1.0,single_overlap
4247,Takamatsu,1,1.0,single_overlap
4248,San Jose,0,0.0,no_overlap
4249,Natoma Station,1,1.0,single_overlap
4250,Fresnillo,1,1.0,single_overlap
4251,Chiquinquirá,1,1.0,single_overlap
4252,El Tigre,0,0.0,no_overlap
4253,Olavarría,1,1.0,single_overlap
4254,Chapecó,1,1.0,single_overlap
4255,Azrou,1,1.0,single_overlap
4256,Swindon,1,1.0,single_overlap
4257,Murcia,1,1.0,single_overlap
4258,Bou Saada,1,1.0,single_overlap
4259,Ife,1,1.0,single_overlap
4260,Grenoble,1,1.0,single_overlap
4261,Neumünster,0,0.0,no_overlap
4262,Trapani,1,0.952380952,single_overlap
4263,Rzeszów,1,1.0,single_overlap
4264,Dilolo,1,0.615384615,single_overlap
4265,Afyonkarahisar,1,1.0,single_overlap
4266,eMbalenhle,1,1.0,single_overlap
4267,Al-Santa,1,0.941176471,single_overlap
4268,Kovrov,1,1.0,single_overlap
4269,Berdiansk,1,1.0,single_overlap
4270,Ed Dueim,1,0.714285714,single_overlap
4271,Chencha,0,0.0,no_overlap
4272,Ash Shamiya,1,0.923076923,single_overlap
4274,Qazvin,1,1.0,single_overlap
4275,Chortoq,1,0.96,single_overlap
4276,خان آباد,1,1.0,single_overlap
4277,Peshawar,1,0.992125984,single_overlap
4278,Doda,1,1.0,single_overlap
4279,Sariakandi,1,0.098360656,single_overlap
4280,Xincheng,1,1.0,single_overlap
4281,Mawlamyinegyunn,1,1.0,single_overlap
4282,Lubuklinggau,1,1.0,single_overlap
4283,Đồng Hới,0,0.0,no_overlap
4284,Samchon,0,0.0,no_overlap
4285,Himeji,1,1.0,single_overlap
4286,Daet,1,0.5,single_overlap
4287,Yuba City,1,1.0,single_overlap
4288,San Francisco del Rincón,1,1.0,single_overlap
4289,Barrancabermeja,1,1.0,single_overlap
4290,San José de Guanipa,0,0.0,no_overlap
4291,Gualeguaychu,1,1.0,single_overlap
4292,Marabá,1,1.0,single_overlap
4293,Martil,1,1.0,single_overlap
4294,Huddersfield,1,1.0,single_overlap
4295,Cartagena,1,1.0,single_overlap
4296,Ain El Melh,0,0.0,no_overlap
4297,Gwandu,0,0.0,no_overlap
4298,Besançon,1,1.0,single_overlap
4299,Constance,1,1.0,single_overlap
4300,Trieste,1,0.936170213,single_overlap
4301,Białystok,1,1.0,single_overlap
4302,Bena-Leka,0,0.0,no_overlap
4303,Burdur,1,1.0,single_overlap
4304,Sakhile,1,1.0,single_overlap
4305,Banha,3,0.955489614,multiple_overlaps
4306,Lipetsk,1,1.0,single_overlap
4307,Kerch,1,1.0,single_overlap
4308,Jebel Aulia,1,0.684210526,single_overlap
4309,Hadero,1,0.7,single_overlap
4310,Al Qasim,1,0.1,single_overlap
4311,Ar Rubu`,0,0.0,no_overlap
4312,Dorud,1,1.0,single_overlap
4313,Oltiariq,1,0.983606557,single_overlap
4315,Shikarpur,1,1.0,single_overlap
4316,Amritsar,1,1.0,single_overlap
4317,Kushtia,1,0.970588235,single_overlap
4318,Wuhai,1,0.973684211,single_overlap
4319,Lashio,1,1.0,single_overlap
4320,Pagar Alam,1,1.0,single_overlap
4321,Châu Đốc,1,1.0,single_overlap
4322,Kyonghung,1,1.0,single_overlap
4323,Kanazawa,1,0.988439306,single_overlap
4324,Kalibo,1,0.756097561,single_overlap
4325,Palm Springs,1,1.0,single_overlap
4326,Zacatecas,1,1.0,single_overlap
4327,Villavicencio,1,1.0,single_overlap
4328,Cumana,1,1.0,single_overlap
4329,Campana,1,1.0,single_overlap
4330,Tailândia,1,1.0,single_overlap
4331,Chefchaouen,1,1.0,single_overlap
4332,Leeds,1,1.0,single_overlap
4333,Zaragoza,1,1.0,single_overlap
4334,M'Sila,1,1.0,single_overlap
4335,Tambawal,1,1.0,single_overlap
4336,Metz,1,1.0,single_overlap
4337,Kiel,1,1.0,single_overlap
4338,Ancona,1,0.965517241,single_overlap
4339,Lublin,1,1.0,single_overlap
4340,Demba,1,0.9375,single_overlap
4341,Düzce,1,1.0,single_overlap
4342,Vosman,1,0.954545455,single_overlap
4343,Kafr Sarawa,1,0.90625,single_overlap
4344,Бункерная,1,1.0,single_overlap
4345,Bakhmut,1,1.0,single_overlap
4346,Axial City,0,0.0,no_overlap
4348,Ghammas,1,1.0,single_overlap
4350,Alvand,1,1.0,single_overlap
4351,Yazyavan,1,1.0,single_overlap
4352,Chaman,1,1.0,single_overlap
4353,Inam Kalay,1,0.416666667,single_overlap
4354,Thangadh,1,0.875,single_overlap
4355,Mollar Char,0,0.0,no_overlap
4356,Lanzhou,1,1.0,single_overlap
4357,Pantanaw,1,1.0,single_overlap
4358,Tembilahan,1,0.85,single_overlap
4359,Tân Châu,1,1.0,single_overlap
4360,Sinhung,1,1.0,single_overlap
4361,Kochi,1,1.0,single_overlap
4362,Naga,1,0.985074627,single_overlap
4363,Rocklin,1,1.0,single_overlap
4364,Morelia,1,1.0,single_overlap
4365,Ciénaga,1,1.0,single_overlap
4366,Porlamar,1,0.967032967,single_overlap
4367,Concepción del Uruguay,1,1.0,single_overlap
4368,Abaetetuba,1,1.0,single_overlap
4369,Ain Taoujdate,1,0.833333333,single_overlap
4370,Fazeley,1,1.0,single_overlap
4371,Elda,1,1.0,single_overlap
4372,Guerrara,1,1.0,single_overlap
4373,Inisa,1,1.0,single_overlap
4374,Chambéry,1,1.0,single_overlap
4375,Fulda,1,1.0,single_overlap
4376,Palermo,1,1.0,single_overlap
4377,Przemyśl,0,0.0,no_overlap
4378,Luiza,1,0.928571429,single_overlap
4379,Karadeniz Ereğli,1,0.942857143,single_overlap
4380,eMalahleni,1,1.0,single_overlap
4381,Biyahmu,1,1.0,single_overlap
4382,Voronezh,1,1.0,single_overlap
4383,Donetsk,1,1.0,single_overlap
4384,Hillat Ash Shekh Mustafa al Fadni,0,0.0,no_overlap
4385,Gouder,1,0.625,single_overlap
4386,Al ‘Azīzīyah,1,1.0,single_overlap
4387,Ibb,1,0.593220339,single_overlap
4389,Fergana,1,0.981481481,single_overlap
4390,Chayab,0,0.0,no_overlap
4391,Thul,1,1.0,single_overlap
4392,Radhanpur,1,1.0,single_overlap
4393,Dhunat,2,0.722222222,multiple_overlaps
4394,Linxia,1,1.0,single_overlap
4395,Letpadan,0,0.0,no_overlap
4396,Tanjung Balai Karimun,1,0.884615385,single_overlap
4397,Mỹ Đức,2,0.153846154,multiple_overlaps
4398,Sinchon,1,1.0,single_overlap
4399,Osaka,1,1.0,single_overlap
4400,Calabanga,0,0.0,no_overlap
4401,Palm Desert,1,1.0,single_overlap
4402,Delicias,1,1.0,single_overlap
4403,Fundación,1,1.0,single_overlap
4404,Ciudad Bolivar,1,0.987654321,single_overlap
4405,Luján,1,1.0,single_overlap
4406,Carazinho,1,1.0,single_overlap
4407,Fez,1,1.0,single_overlap
4408,Wakefield,1,1.0,single_overlap
4409,Elx / Elche,1,1.0,single_overlap
4410,Bordj Bou Arreridjj,1,1.0,single_overlap
4411,Aiyepe,0,0.0,no_overlap
4412,Nancy,1,1.0,single_overlap
4413,Hildesheim,1,1.0,single_overlap
4414,Bagheria,1,1.0,single_overlap
4415,Zamość,0,0.0,no_overlap
4416,Kananga,1,0.968085106,single_overlap
4417,Isparta,1,1.0,single_overlap
4418,Mokopane,1,0.957446809,single_overlap
4419,Shushah,1,1.0,single_overlap
4420,Murom,1,1.0,single_overlap
4421,Horlivka,1,1.0,single_overlap
4422,Giad Industrial Complex,1,0.642857143,single_overlap
4423,Debre Tabor,1,0.882352941,single_overlap
4424,Ad Diwaniyah,1,1.0,single_overlap
4425,Ar Rijad,1,0.315789474,single_overlap
4426,Khorramshahr,1,1.0,single_overlap
4427,Chimyon,1,1.0,single_overlap
4428,Nahrin,0,0.0,no_overlap
4429,Wari,0,0.0,no_overlap
4430,Abohar,1,1.0,single_overlap
4431,Pabna,1,1.0,single_overlap
4432,Wuyuan,1,0.958333333,single_overlap
4433,Danu Phyu,1,1.0,single_overlap
4434,Lahat,1,1.0,single_overlap
4435,Rạch Giá,1,0.983606557,single_overlap
4436,Sariwon,1,1.0,single_overlap
4437,Hachinohe,1,1.0,single_overlap
4438,Iloilo City,1,0.976470588,single_overlap
4439,Indio,1,1.0,single_overlap
4440,Lagos de Moreno,1,1.0,single_overlap
4441,Peñon del Rodadero,1,1.0,single_overlap
4442,Punta de Mata,1,1.0,single_overlap
4443,Buenos Aires,1,1.0,single_overlap
4444,Arapongas,1,1.0,single_overlap
4445,Sefrou,1,1.0,single_overlap
4446,Newcastle upon Tyne,1,0.9958159,single_overlap
4447,Torrevieja,1,1.0,single_overlap
4448,Bejaia,1,0.94,single_overlap
4449,Ikirun,1,1.0,single_overlap
4450,Toulon,1,1.0,single_overlap
4451,Reinbek,1,1.0,single_overlap
4452,Pescara,1,0.974025974,single_overlap
4453,Chełm,1,1.0,single_overlap
4454,Yakoma,1,0.75,single_overlap
4455,Zonguldak,1,1.0,single_overlap
4456,eMzinoni,0,0.0,no_overlap
4457,Kafr Awn,1,1.0,single_overlap
4458,Makiivka,1,1.0,single_overlap
4459,Michurinsk,1,1.0,single_overlap
4460,Kosti,1,0.784313725,single_overlap
4461,Kachise,0,0.0,no_overlap
4462,Halabja,1,1.0,single_overlap
4464,Abadan,1,1.0,single_overlap
4465,Taloqan,1,0.975,single_overlap
4466,Sharixon,1,0.88,single_overlap
4467,Tangi,1,1.0,single_overlap
4468,Kodinar,1,1.0,single_overlap
4469,Mahmudpur,0,0.0,no_overlap
4470,Baiyin,1,1.0,single_overlap
4471,Thayarwady,0,0.0,no_overlap
4472,Kuala Tungkal,1,0.625,single_overlap
4473,Cái Dầu,1,1.0,single_overlap
4474,Jaeryong,1,0.7,single_overlap
4475,Fukui,1,1.0,single_overlap
4476,Roxas,1,0.923076923,single_overlap
4477,Chico,1,1.0,single_overlap
4478,León,1,1.0,single_overlap
4479,Santa Marta,1,0.981818182,single_overlap
4480,Maturin,1,1.0,single_overlap
4481,Belén de Escobar,1,1.0,single_overlap
4482,Apucarana,1,1.0,single_overlap
4483,Midelt,1,0.9,single_overlap
4484,Burton-on-Trent,1,1.0,single_overlap
4485,Alicante,1,1.0,single_overlap
4486,Ras El Oued,1,1.0,single_overlap
4487,Ijagbo Offa,1,1.0,single_overlap
4488,Annecy,1,1.0,single_overlap
4489,Göttingen,1,1.0,single_overlap
4490,Naples,1,1.0,single_overlap
4491,Mashimba,0,0.0,no_overlap
4492,Bolu,1,1.0,single_overlap
4493,Middelburg,1,1.0,single_overlap
4494,Abu Bisht,1,0.047619048,single_overlap
4495,Mariupol,1,1.0,single_overlap
4496,Rossosh,0,0.0,no_overlap
4497,Rabak,1,1.0,single_overlap
4498,Morsito,0,0.0,no_overlap
4499,Al Hamzah,0,0.0,no_overlap
4500,Manazil Baradan,0,0.0,no_overlap
4501,Shushtar,1,0.958333333,single_overlap
4502,Ishkamish,0,0.0,no_overlap
4503,Maygyr,2,0.913043478,multiple_overlaps
4504,Khall,2,0.769230769,multiple_overlaps
4505,Firozpur,1,1.0,single_overlap
4506,Kazipur,1,0.96875,single_overlap
4507,大武口村,1,1.0,single_overlap
4508,Nyaungdon,0,0.0,no_overlap
4509,Jambi,1,0.970149254,single_overlap
4510,Hồng Ngự,1,1.0,single_overlap
4512,Naha,1,0.993527508,single_overlap
4513,Iriga,1,0.426470588,single_overlap
4514,Yuma,1,1.0,single_overlap
4515,Uriangato,1,1.0,single_overlap
4516,Tunja,1,1.0,single_overlap
4517,El Zorro,1,1.0,single_overlap
4518,Azul,0,0.0,no_overlap
4519,Londrina,1,1.0,single_overlap
4520,Errachidia,1,1.0,single_overlap
4521,Warwick,1,1.0,single_overlap
4522,Valencia,1,0.99103139,single_overlap
4523,Sidi Khaled,0,0.0,no_overlap
4524,Ifetedo,0,0.0,no_overlap
4525,Annemasse,1,1.0,single_overlap
4526,Göppingen,1,1.0,single_overlap
4527,Caserta,1,1.0,single_overlap
4528,Bumba,1,0.966666667,single_overlap
4529,Antalya,1,0.996124031,single_overlap
4530,Ezakheni,1,1.0,single_overlap
4531,Biala,0,0.0,no_overlap
4532,Lysychansk,1,1.0,single_overlap
4533,Pavlovo,0,0.0,no_overlap
4534,Al Managil,1,1.0,single_overlap
4536,An Numaniyah,1,1.0,single_overlap
4537,As Sayyid,0,0.0,no_overlap
4538,Ahwaz,1,0.902040816,single_overlap
4539,Rustaq,0,0.0,no_overlap
4540,Quva,1,1.0,single_overlap
4541,Gambat,1,1.0,single_overlap
4542,Bikaner,1,1.0,single_overlap
4543,Bhangura,0,0.0,no_overlap
4544,Hezuo,1,1.0,single_overlap
4545,Bogale,0,0.0,no_overlap
4546,Sungaiguntung,0,0.0,no_overlap
4547,Phú Mỹ,1,1.0,single_overlap
4548,T'aet'an-eup,1,0.8,single_overlap
4549,Takaoka,1,1.0,single_overlap
4550,Goa,0,0.0,no_overlap
4551,Reno,1,1.0,single_overlap
4552,Irapuato,1,1.0,single_overlap
4553,Aguachica,1,1.0,single_overlap
4554,Carúpano,1,1.0,single_overlap
4555,Posadas,1,0.951456311,single_overlap
4556,Erechim,1,1.0,single_overlap
4557,Taza,1,1.0,single_overlap
4558,Coventry,1,1.0,single_overlap
4559,Alcoi / Alcoy,0,0.0,no_overlap
4560,Ouled Djellal,1,0.923076923,single_overlap
4561,Yelwa,1,0.941176471,single_overlap
4562,Montbéliard,1,1.0,single_overlap
4563,Ravensburg,0,0.0,no_overlap
4564,San Giuseppe Vesuviano,1,1.0,single_overlap
4565,Musumba,0,0.0,no_overlap
4566,Çaycuma,0,0.0,no_overlap
4567,Pietermaritzburg,1,1.0,single_overlap
4568,Sunbat,1,1.0,single_overlap
4569,Sievierodonetsk,1,1.0,single_overlap
4570,Dzerzhinsk,1,1.0,single_overlap
4571,Sifeiya,1,0.5,single_overlap
4572,Areka,1,0.666666667,single_overlap
4573,Afak,0,0.0,no_overlap
4574,Ma`bar,0,0.0,no_overlap
4575,Arak,1,1.0,single_overlap
4576,Andijon,1,1.0,single_overlap
4578,Mehrabpur,0,0.0,no_overlap
4579,Bhaderwah,1,0.833333333,single_overlap
4580,Kumarkhali,0,0.0,no_overlap
4581,Zhongwei,1,1.0,single_overlap
4582,Taunggyi,1,1.0,single_overlap
4583,Muara Enim,1,1.0,single_overlap
4584,Đông Hà,1,1.0,single_overlap
4585,Hoechang,1,1.0,single_overlap
4586,Echizen,1,0.48,single_overlap
4587,Zamboanga City,2,0.902912621,multiple_overlaps
4588,Medford,1,1.0,single_overlap
4589,Tepeyac,1,1.0,single_overlap
4590,Ocaña,1,1.0,single_overlap
4591,Ciudad Guayana,1,0.961538462,single_overlap
4592,Ingeniero Juan Allan,1,1.0,single_overlap
4593,Belém,1,1.0,single_overlap
4594,Al Hoceima,1,0.846153846,single_overlap
4595,Southampton,1,1.0,single_overlap
4596,Benidorm,1,0.95,single_overlap
4597,Ain Oulmane,1,1.0,single_overlap
4598,Ire,1,1.0,single_overlap
4599,Belfort,1,1.0,single_overlap
4600,Würzburg,1,1.0,single_overlap
4601,Nola,1,1.0,single_overlap
4602,Sandoa,1,1.0,single_overlap
4603,Bartın,0,0.0,no_overlap
4604,Polokwane,1,1.0,single_overlap
4605,Cairo,1,0.99047619,single_overlap
4606,Yenakiieve,1,1.0,single_overlap
4607,Anapa,0,0.0,no_overlap
4608,Shendi,1,0.96,single_overlap
4609,Welkite,1,0.75,single_overlap
4610,Al-Rumaitha,1,0.6875,single_overlap
4611,An Nabahinah,0,0.0,no_overlap
4612,شهرک صنعتی اشتهارد,0,0.0,no_overlap
4613,Asaka,1,0.740740741,single_overlap
4614,Siyahgird,0,0.0,no_overlap
4615,Pir jo Goth,1,1.0,single_overlap
4616,Tarn Taran Sahib,1,1.0,single_overlap
4617,Benapole,1,0.923076923,single_overlap
4618,Yuanyi,1,0.5625,single_overlap
4619,Nyaung Shwe,1,1.0,single_overlap
4620,Keban Agung,1,1.0,single_overlap
4621,Long Xuyên,1,0.930107527,single_overlap
4622,Rason,1,0.954545455,single_overlap
4623,Toyama,1,1.0,single_overlap
4624,Ligao,0,0.0,no_overlap
4625,Las Vegas,1,1.0,single_overlap
4626,Silao,1,1.0,single_overlap
4627,Girón,1,1.0,single_overlap
4628,San Félix,1,0.917808219,single_overlap
4629,Río Gallegos,1,0.965517241,single_overlap
4630,Passo Fundo,1,1.0,single_overlap
4631,Guercif,1,1.0,single_overlap
4632,Chester-le-Street,1,1.0,single_overlap
4633,Castelló de la Plana,1,1.0,single_overlap
4634,Ilesa,1,1.0,single_overlap
4635,Setif,1,1.0,single_overlap
4636,Mulhouse,1,1.0,single_overlap
4637,Lüneburg,1,1.0,single_overlap
4638,Gela,1,0.952380952,single_overlap
4639,Tshimbulu,1,0.545454545,single_overlap
4640,Akşehir,0,0.0,no_overlap
4641,Madadeni,1,1.0,single_overlap
4642,Kafr Kila Al Bab,0,0.0,no_overlap
4643,Khartsyzk,1,1.0,single_overlap
4644,Nizhny Novgorod,1,1.0,single_overlap
4645,Al Hasahisa,1,0.964285714,single_overlap
4646,Ambo,1,0.85,single_overlap
4647,As Samawah,1,1.0,single_overlap
4648,Hawrah,0,0.0,no_overlap
4649,Mollasani,0,0.0,no_overlap
4650,Pakhtaobod,1,1.0,single_overlap
4652,Sherpao,1,0.96,single_overlap
4653,Suratgarh,0,0.0,no_overlap
4654,Madarganj,0,0.0,no_overlap
4655,Yinchuan,1,1.0,single_overlap
4656,Okkan,0,0.0,no_overlap
4657,Talang Gudang,0,0.0,no_overlap
4658,Chợ Mới,1,1.0,single_overlap
4659,Chŏngjin,1,0.985915493,single_overlap
4660,Tokushima,1,1.0,single_overlap
4661,Tabaco,1,0.926829268,single_overlap
4662,Providence,1,1.0,single_overlap
4663,Acapulco,1,0.991452991,single_overlap
4664,Duitama,1,1.0,single_overlap
4665,Upata,1,1.0,single_overlap
4666,La Plata,1,1.0,single_overlap
4667,Gurupi,1,1.0,single_overlap
4668,Al Aaroui,0,0.0,no_overlap
4669,Darlington,1,1.0,single_overlap
4670,Lleida,1,1.0,single_overlap
4671,Barika,1,1.0,single_overlap
4672,Okitipupa,1,0.851851852,single_overlap
4673,Colmar,1,1.0,single_overlap
4674,Lübeck,1,1.0,single_overlap
4675,Avellino,1,1.0,single_overlap
4676,Tshimbalanga,0,0.0,no_overlap
4677,Manavgat,1,0.914285714,single_overlap
4678,Ermelo,1,1.0,single_overlap
4679,Samalut,1,0.948717949,single_overlap
4680,Kadiivka,1,0.470588235,single_overlap
4681,Tambov,1,1.0,single_overlap
4682,Wad Madanī,1,1.0,single_overlap
4683,Shire,1,1.0,single_overlap
4684,Al-Kut,1,1.0,single_overlap
4685,Dhamar,1,0.972222222,single_overlap
4686,Tonekabon,0,0.0,no_overlap
4687,Marhamat,0,0.0,no_overlap
4688,Kishim,0,0.0,no_overlap
4689,Karak,0,0.0,no_overlap
4690,Dhrangadhra,1,1.0,single_overlap
4691,Salanga,1,0.43956044,single_overlap
4692,Heping,1,1.0,single_overlap
4693,Maubin,1,0.833333333,single_overlap
4694,Batam City,1,0.994623656,single_overlap
4695,Cà Mau,1,1.0,single_overlap
4697,Tsuruga,0,0.0,no_overlap
4698,Bacolod,1,0.984126984,single_overlap
4699,Phoenix,1,1.0,single_overlap
4700,Valle de Santiago,1,1.0,single_overlap
4701,Bucaramanga,1,1.0,single_overlap
4702,Tucupita,1,1.0,single_overlap
4703,Tandil,1,1.0,single_overlap
4704,Cachoeira do Sul,1,1.0,single_overlap
4705,Nador,1,1.0,single_overlap
4706,Sheffield,2,1.0,multiple_overlaps
4707,Reus,1,1.0,single_overlap
4708,Tolga,1,1.0,single_overlap
4709,Igbokoda,0,0.0,no_overlap
4710,Cannes,1,1.0,single_overlap
4711,Ulm,1,1.0,single_overlap
4712,Salerno,1,1.0,single_overlap
4713,Kisenge,0,0.0,no_overlap
4714,Karabük,1,1.0,single_overlap
4715,Mpumalanga,1,1.0,single_overlap
4716,Mahalah Zeyad,0,0.0,no_overlap
4717,Brianka,1,1.0,single_overlap
4718,Yeysk,1,1.0,single_overlap
4719,Atbara,1,0.951219512,single_overlap
4720,Sodo,1,0.777777778,single_overlap
4721,Al Khidhr,1,1.0,single_overlap
4722,Dhi Samir,0,0.0,no_overlap
4723,Shadegan,1,1.0,single_overlap
4724,Buloqboshi,1,1.0,single_overlap
4725,Charikar,1,0.85,single_overlap
4726,Batkhela,1,0.692307692,single_overlap
4727,Gunnowal,1,0.739130435,single_overlap
4728,Khoksha,0,0.0,no_overlap
4729,Pingluo,1,1.0,single_overlap
4730,Taungoo,1,1.0,single_overlap
4731,Baturaja,1,1.0,single_overlap
4732,Cao Lãnh,1,0.794871795,single_overlap
4733,Hamhung,1,1.0,single_overlap
4734,Arinodai,1,1.0,single_overlap
4735,Silay,1,1.0,single_overlap
4736,Mesa,1,1.0,single_overlap
4737,Salamanca,1,1.0,single_overlap
4738,Piedecuesta,1,1.0,single_overlap
4739,Puerto Iguazú,0,0.0,no_overlap
4740,Guarapuava,1,1.0,single_overlap
4741,Taourirt,1,1.0,single_overlap
4742,Derby,1,1.0,single_overlap
4743,Tarragona,1,1.0,single_overlap
4744,Iwoye,1,0.875,single_overlap
4745,Ouargla,1,1.0,single_overlap
4746,Nice,1,1.0,single_overlap
4747,Brunswick,1,1.0,single_overlap
4748,Battipaglia,1,1.0,single_overlap
4749,Kabeya-Kamuanga,0,0.0,no_overlap
4750,Polatlı,0,0.0,no_overlap
4751,Mankweng,1,0.973684211,single_overlap
4752,Zirbi,1,1.0,single_overlap
4753,Alchevsk,1,1.0,single_overlap
4754,Novorossiysk,1,1.0,single_overlap
4755,ad-Damer,1,1.0,single_overlap
4756,Shinshicho,1,0.5,single_overlap
4757,Al Hai,1,1.0,single_overlap
4758,Yarim,1,0.909090909,single_overlap
4759,Nazarabad,1,1.0,single_overlap
4760,Ghazni,1,0.722222222,single_overlap
4761,Jalaquduq,0,0.0,no_overlap
4762,Mera Umarzai,1,0.677966102,single_overlap
4763,Jasdan,1,1.0,single_overlap
4764,Jhenaidah,1,1.0,single_overlap
4765,Qipanjing,1,1.0,single_overlap
4766,Hopong,1,1.0,single_overlap
4767,Tanjung Piayu,0,0.0,no_overlap
4768,Cần Thơ,1,0.881458967,single_overlap
4769,Hamju,1,1.0,single_overlap
4770,Hinomine 3-chome,1,1.0,single_overlap
4771,Legazpi,1,1.0,single_overlap
4772,Eugene,1,1.0,single_overlap
4773,Torreón,1,1.0,single_overlap
4774,Sogamoso,1,1.0,single_overlap
4775,Oberá,1,1.0,single_overlap
4776,Araçatuba,1,1.0,single_overlap
4777,Berkane,1,1.0,single_overlap
4778,Harrogate,1,1.0,single_overlap
4779,Ibiza,1,1.0,single_overlap
4780,Ondo,1,1.0,single_overlap
4781,El Eulma,1,1.0,single_overlap
4782,Strasbourg,1,1.0,single_overlap
4783,Schweinfurt,0,0.0,no_overlap
4784,Foggia,1,1.0,single_overlap
4785,Kamiji,0,0.0,no_overlap
4786,Mustafa Kemal,1,1.0,single_overlap
4787,Durban,1,0.998760843,single_overlap
4788,New Al Abbasiya,0,0.0,no_overlap
4789,Luhansk,1,1.0,single_overlap
4790,Taganrog,1,1.0,single_overlap
4791,Sennar,1,0.904761905,single_overlap
4792,Doyogena,0,0.0,no_overlap
4793,Al Fajr,0,0.0,no_overlap
4795,Aligudarz,1,1.0,single_overlap
4796,Jabal us Saraj,0,0.0,no_overlap
4797,Qurghontepa,0,0.0,no_overlap
4799,Sri Muktsar Sahib,1,1.0,single_overlap
4800,Faridpur,0,0.0,no_overlap
4801,Yuzhong,1,1.0,single_overlap
4802,Taik Kyi,0,0.0,no_overlap
4803,Prabumulih,1,1.0,single_overlap
4804,Sa Đéc,1,1.0,single_overlap
4805,Jongphyong,1,1.0,single_overlap
4806,Tsuruoka,0,0.0,no_overlap
4807,Masbate City,1,0.814814815,single_overlap
4808,Drexel Heights,1,1.0,single_overlap
4809,Guanajuato,1,1.0,single_overlap
4810,Recetor,0,0.0,no_overlap
4811,Eldorado,1,1.0,single_overlap
4812,Fernandópolis,1,1.0,single_overlap
4813,Oujda,1,1.0,single_overlap
4814,Nuneaton,1,1.0,single_overlap
4815,Igualada,1,1.0,single_overlap
4816,Ile Oluji,1,0.944444444,single_overlap
4817,Jijel,1,1.0,single_overlap
4818,Ajaccio,1,1.0,single_overlap
4819,Wolfsburg,1,1.0,single_overlap
4820,Catania,1,1.0,single_overlap
4821,Kasaji,1,0.9375,single_overlap
4822,Sincan,1,1.0,single_overlap
4823,Damshir,1,1.0,single_overlap
4824,Tongaat,1,1.0,single_overlap
4825,Rovenky,1,1.0,single_overlap
4826,Slavyansk-na-Kubani,1,1.0,single_overlap
4827,Singa,1,0.75,single_overlap
4828,Tebela,0,0.0,no_overlap
4829,Qalat Sukkar,1,1.0,single_overlap
4832,Istalef,0,0.0,no_overlap
4833,Sakhakot,1,0.93220339,single_overlap
4834,Batala,1,1.0,single_overlap
4835,Melandaha,0,0.0,no_overlap
4836,Yongning,1,1.0,single_overlap
4837,Kyaiklat,1,1.0,single_overlap
4838,Tanjung Pinang,1,0.75,single_overlap
4839,Tây Ninh,1,1.0,single_overlap
4841,Morioka,1,1.0,single_overlap
4842,Ipil,0,0.0,no_overlap
4843,Tucson,1,1.0,single_overlap
4844,Cortazar,1,1.0,single_overlap
4845,San José del Guaviare,1,0.888888889,single_overlap
4846,Necochea,1,0.962962963,single_overlap
4847,Tupã,1,1.0,single_overlap
4848,Barnsley,1,1.0,single_overlap
4849,Vilanova i la Geltrú,1,1.0,single_overlap
4850,Irele,1,0.857142857,single_overlap
4851,Biskra,1,1.0,single_overlap
4852,Kempten (Allgäu),1,1.0,single_overlap
4853,Acireale,1,1.0,single_overlap
4854,Wikong,1,1.0,single_overlap
4855,Fatih Sultan,1,1.0,single_overlap
4856,Tamiya,1,0.181818182,single_overlap
4857,Kempville,0,0.0,no_overlap
4858,Krymsk,0,0.0,no_overlap
4859,Krasnodon,1,1.0,single_overlap
4860,Al Quwaysi,1,0.923076923,single_overlap
4861,Hossana,1,0.731707317,single_overlap
4862,Al-Rifa'i,1,0.857142857,single_overlap
4863,Habil al Jazi`,0,0.0,no_overlap
4864,Saveh,1,1.0,single_overlap
4865,Kabul,1,0.962264151,single_overlap
4866,Kohat,1,1.0,single_overlap
4867,Kathua,1,0.956521739,single_overlap
4868,Sirajganj,1,1.0,single_overlap
4869,Qingtongxia,1,1.0,single_overlap
4870,Pyapon,1,1.0,single_overlap
4871,Bandar Seri Bentan,0,0.0,no_overlap
4872,Bạc Liêu,1,1.0,single_overlap
4873,Kyongsong,0,0.0,no_overlap
4874,Otsu,1,1.0,single_overlap
4875,Cadiz,1,0.5,single_overlap
4876,Casas Adobes,1,1.0,single_overlap
4877,Acámbaro,1,1.0,single_overlap
4878,Valledupar,1,0.979166667,single_overlap
4879,Mar del Plata,1,0.983870968,single_overlap
4880,Trindade,1,1.0,single_overlap
4881,Chesterfield,1,1.0,single_overlap
4882,Manresa,1,1.0,single_overlap
4883,Iludun,0,0.0,no_overlap
4884,Bazoul,1,0.0625,single_overlap
4885,Schwerin,0,0.0,no_overlap
4886,Syracuse,1,0.96,single_overlap
4887,,0,0.0,no_overlap
4888,Yaşamkent,1,1.0,single_overlap
4889,شبراويش,1,1.0,single_overlap
4890,Stanger / KwaDukuza,1,1.0,single_overlap
4892,Sverdlovsk,0,0.0,no_overlap
4893,,0,0.0,no_overlap
4894,Beke Kelate,0,0.0,no_overlap
4895,Al-Shatrah,1,1.0,single_overlap
4896,As Saddah,0,0.0,no_overlap
4897,Abbasabad,1,0.028571429,single_overlap
4898,Golbahar,0,0.0,no_overlap
4899,Lakki Marwat,0,0.0,no_overlap
4900,Bhinmal,1,1.0,single_overlap
4901,Kaliganj,1,1.0,single_overlap
4902,Lintao,1,1.0,single_overlap
4903,Myaungtagar,0,0.0,no_overlap
4905,Huế,1,1.0,single_overlap
4906,Ongjin,1,1.0,single_overlap
4907,Niigata,1,0.993464052,single_overlap
4908,Sorsogon City,1,0.961538462,single_overlap
4909,Salem,1,1.0,single_overlap
4910,Ciudad Hidalgo,1,1.0,single_overlap
4911,Yopal,1,1.0,single_overlap
4912,Rio Grande,1,0.9,single_overlap
4913,Birigui,1,1.0,single_overlap
4914,Hoyland,1,1.0,single_overlap
4915,Sant Andreu de la Barca,1,1.0,single_overlap
4916,Ore,1,1.0,single_overlap
4917,Taher,0,0.0,no_overlap
4918,Erfurt,1,1.0,single_overlap
4919,Messina,1,1.0,single_overlap
4920,Mwene-Ditu,1,0.738095238,single_overlap
4921,Ankara,1,1.0,single_overlap
4922,Mansuriya,1,1.0,single_overlap
4923,Thohoyandou,0,0.0,no_overlap
4924,Arzamas,1,1.0,single_overlap
4925,Ad-Damazin,1,0.925,single_overlap
4926,Gende Woin,0,0.0,no_overlap
4927,Al Gharraf,0,0.0,no_overlap
4929,Mahdasht,1,1.0,single_overlap
4930,Qarabagh,0,0.0,no_overlap
4931,Ameer Abad Kalay,0,0.0,no_overlap
4932,Gurdaspur,1,1.0,single_overlap
4933,Ullapara,1,0.388888889,single_overlap
4934,Zhongning,1,1.0,single_overlap
4935,Pyu,1,1.0,single_overlap
4936,Tegal Rejo,1,1.0,single_overlap
4937,Vinh Long,1,1.0,single_overlap
4938,Jakdo-dong,1,1.0,single_overlap
4939,Nagahama,0,0.0,no_overlap
4940,Virac,0,0.0,no_overlap
4941,Portland,1,1.0,single_overlap
4942,Celaya,1,1.0,single_overlap
4943,Cúcuta,1,1.0,single_overlap
4944,Ushuaia,1,0.952380952,single_overlap
4945,Goiânia,1,1.0,single_overlap
4946,Eastleigh,1,1.0,single_overlap
4947,Castelldefels,1,1.0,single_overlap
4948,Ila Orangun,1,1.0,single_overlap
4949,Aïn Touta,1,1.0,single_overlap
4950,Bamberg,1,1.0,single_overlap
4951,Reggio Calabria,1,1.0,single_overlap
4952,Kasaï-Oriental,1,1.0,single_overlap
4953,Emişbeleni,0,0.0,no_overlap
4954,Al Manshiyah al Qibliyah,1,1.0,single_overlap
4955,Kanyamazane,1,0.972222222,single_overlap
4956,Azov,1,1.0,single_overlap
4957,Er Roseires,1,0.9,single_overlap
4958,Boditi,1,1.0,single_overlap
4959,Nasiriyah,1,0.985507246,single_overlap
4960,Hammam Damt,0,0.0,no_overlap
4961,Safadasht,1,0.744186047,single_overlap
4962,Mir Bachah Kot,0,0.0,no_overlap
4963,Akhorwal,0,0.0,no_overlap
4964,Danewala,1,1.0,single_overlap
4965,Sujanagar,0,0.0,no_overlap
4966,Erenhot,1,1.0,single_overlap
4967,Hmawbi,2,0.789473684,multiple_overlaps
4968,Palembang,1,1.0,single_overlap
4969,Cai Lậy,1,1.0,single_overlap
4970,Sinwon,0,0.0,no_overlap
4971,Wakayama,1,0.989010989,single_overlap
4972,San Carlos,0,0.0,no_overlap
4973,Zitácuaro,1,1.0,single_overlap
4974,Tacoma,1,1.0,single_overlap
4975,Riohacha,1,0.888888889,single_overlap
4976,Santa Cruz do Sul,1,1.0,single_overlap
4977,Sunderland,1,1.0,single_overlap
4978,Terrassa,1,1.0,single_overlap
4979,Ipetu Ijesha,0,0.0,no_overlap
4980,Tadjenanet,1,1.0,single_overlap
4981,Nuremberg,1,1.0,single_overlap
4982,Barletta,1,0.933333333,single_overlap
4983,Djulu,0,0.0,no_overlap
4984,Gölbaşı,1,1.0,single_overlap
4985,Dirin,1,1.0,single_overlap
4986,Jerusalem,1,1.0,single_overlap
4987,Rostov-on-Don,1,1.0,single_overlap
4988,Ash Shallal,1,1.0,single_overlap
4989,Waliso,1,0.636363636,single_overlap
4990,Suq al Shyukh,1,1.0,single_overlap
4991,Qa`tabah,0,0.0,no_overlap
4992,Karaj,1,1.0,single_overlap
4993,Bagram,1,0.944444444,single_overlap
4994,Takht Bhai,2,0.666666667,multiple_overlaps
4995,Faridkot,1,1.0,single_overlap
4996,Bhatara,0,0.0,no_overlap
4997,Wuzhong,1,1.0,single_overlap
4998,Twante,1,0.9,single_overlap
4999,Dabo,0,0.0,no_overlap
5000,Sóc Trăng,1,1.0,single_overlap
5001,Pyoksong,1,1.0,single_overlap
5002,Joetsu,1,1.0,single_overlap
5003,Dumaguete,1,0.962264151,single_overlap
5004,Dolores Hidalgo Cuna De La Independencia Nacional,1,1.0,single_overlap
5005,Montoya,1,1.0,single_overlap
5006,Manaure,1,0.714285714,single_overlap
5007,Goianésia,1,1.0,single_overlap
5008,Pontefract,1,1.0,single_overlap
5009,Sant Vicenç dels Horts,1,1.0,single_overlap
5010,Effon Alaiye,1,1.0,single_overlap
5011,Tamanrasset,1,1.0,single_overlap
5012,Erlangen,1,1.0,single_overlap
5013,Andria,1,1.0,single_overlap
5014,Lukalaba,1,1.0,single_overlap
5015,Saray Osmangazi,1,1.0,single_overlap
5016,Sumusta,0,0.0,no_overlap
5017,Sikhalasenkosi,1,1.0,single_overlap
5018,Kamensk-Shakhtinsky,1,1.0,single_overlap
5019,El Hawata,1,0.5,single_overlap
5020,Durame,1,0.571428571,single_overlap
5021,Amarah,1,1.0,single_overlap
5022,Rada`,1,0.666666667,single_overlap
5023,Mohammad Shahr,1,1.0,single_overlap
5024,Mahmud-e Raqi,0,0.0,no_overlap
5025,Charsadda,1,1.0,single_overlap
5026,Amreli,1,1.0,single_overlap
5027,Kayempur,1,0.701754386,single_overlap
5028,Lingwu,1,1.0,single_overlap
5029,Yangon,1,0.99266055,single_overlap
5030,Kotabumi,1,1.0,single_overlap
5031,Trang Bang,1,1.0,single_overlap
5033,Ohmi-Hachiman,2,1.0,multiple_overlaps
5034,Toledo,0,0.0,no_overlap
5035,Chilpancingo,1,1.0,single_overlap
5036,El Paso,1,1.0,single_overlap
5037,Maicao,1,1.0,single_overlap
5038,Votuporanga,1,1.0,single_overlap
5039,Hinckley,2,1.0,multiple_overlaps
5040,Sant Boi de Llobregat,1,1.0,single_overlap
5041,Ajagba,1,1.0,single_overlap
5042,El M'Ghair,0,0.0,no_overlap
5043,Augsburg,1,1.0,single_overlap
5044,Trani,1,1.0,single_overlap
5045,Luputa,0,0.0,no_overlap
5046,Alanya,1,1.0,single_overlap
5047,Matai,1,1.0,single_overlap
5048,Matsulu,0,0.0,no_overlap
5049,Bataysk,1,1.0,single_overlap
5051,Wegeda,1,0.571428571,single_overlap
5052,Al Majar al Kabir,1,0.9,single_overlap
5053,Ad Dala,1,1.0,single_overlap
5054,Khomein,1,1.0,single_overlap
5055,Fayzabad,1,0.242424242,single_overlap
5056,Sukkur,1,0.822580645,single_overlap
5057,Diu,1,0.944444444,single_overlap
5058,Dhulauri,0,0.0,no_overlap
5059,Hulunbuir,1,1.0,single_overlap
5060,Dedaye,1,0.875,single_overlap
5061,Pringsewu,1,1.0,single_overlap
5062,Mỹ Tho,2,0.992424242,multiple_overlaps
5063,Suan,0,0.0,no_overlap
5064,Hikone,1,1.0,single_overlap
5065,Cebu City,1,0.995192308,single_overlap
5066,San Miguel de Allende,1,1.0,single_overlap
5067,Las Cruces,1,1.0,single_overlap
5068,Uribia,1,1.0,single_overlap
5069,Araguaína,1,1.0,single_overlap
5070,Nottingham,1,1.0,single_overlap
5071,Barcelona,1,1.0,single_overlap
5072,Salka,1,0.857142857,single_overlap
5073,Djamaa,0,0.0,no_overlap
5074,Magdeburg,1,1.0,single_overlap
5075,Bisceglie,1,0.909090909,single_overlap
5076,Basoko,0,0.0,no_overlap
5077,Konya,1,0.9875,single_overlap
5078,Kafr al Bashbishah,1,1.0,single_overlap
5079,KaMaqhekeza,1,1.0,single_overlap
5080,Krasnodar,1,1.0,single_overlap
5082,Gojo Town,1,1.0,single_overlap
5083,الجبايش,1,0.75,single_overlap
5084,Sabir,0,0.0,no_overlap
5085,Qebchaq,1,1.0,single_overlap
5086,Baraki Rijan,0,0.0,no_overlap
5087,Khairpur,1,1.0,single_overlap
5088,Hanumanangarh Junction,1,1.0,single_overlap
5089,Pangsha,0,0.0,no_overlap
5090,Dingxi,1,1.0,single_overlap
5091,Panglong,1,1.0,single_overlap
5092,Kayu Agung,0,0.0,no_overlap
5093,Binh Long,0,0.0,no_overlap
5095,Kashiwazaki,0,0.0,no_overlap
5096,Dipolog,1,0.978723404,single_overlap
5097,Querétaro,1,1.0,single_overlap
5098,Seattle,1,1.0,single_overlap
5099,Arauca,2,1.0,multiple_overlaps
5100,Assis,1,1.0,single_overlap
5101,Middlesbrough,1,1.0,single_overlap
5102,Granollers,1,1.0,single_overlap
5103,Share,1,1.0,single_overlap
5104,Tamacine,1,1.0,single_overlap
5105,Rostock,1,1.0,single_overlap
5106,Cosenza,1,1.0,single_overlap
5107,Yata,0,0.0,no_overlap
5108,Kastamonu,1,1.0,single_overlap
5109,Mit Badr Halawa,0,0.0,no_overlap
5110,Borisoglebsk,0,0.0,no_overlap
5111,Al-Qadarif,1,1.0,single_overlap
5112,Shone,1,0.666666667,single_overlap
5113,Qalat Saleh,1,1.0,single_overlap
5114,Bi'r Rubak,1,0.867924528,single_overlap
5115,Bandar-e Mahshahr,1,1.0,single_overlap
5116,Pol-E-Charkhi,1,0.842105263,single_overlap
5117,Chakdara,1,1.0,single_overlap
5118,Surendranagar,1,1.0,single_overlap
5119,Shahajadpur,1,0.947169811,single_overlap
5120,Tongxin,1,1.0,single_overlap
5121,Laukkaing,1,1.0,single_overlap
5122,Bagelen,1,0.84375,single_overlap
5123,Củ Chi,1,1.0,single_overlap
5124,Haeju,1,0.9375,single_overlap
5125,Nara,1,1.0,single_overlap
5126,Pagadian,1,0.888888889,single_overlap
5127,Iguala,1,1.0,single_overlap
5128,Auburn,1,1.0,single_overlap
5129,Leticia,0,0.0,no_overlap
5130,Castanhal,1,1.0,single_overlap
5131,Oxford,1,1.0,single_overlap
5132,Mataró,1,1.0,single_overlap
5133,Arogbo,0,0.0,no_overlap
5134,Chelghoum Laid,1,1.0,single_overlap
5135,Jena,1,1.0,single_overlap
5136,Molfetta,1,1.0,single_overlap
5137,Bondo,1,0.818181818,single_overlap
5138,Çankırı,1,1.0,single_overlap
5139,Maghagha,1,1.0,single_overlap
5140,Shakhty,1,1.0,single_overlap
5141,New Halfa,1,0.88,single_overlap
5142,Kele,0,0.0,no_overlap
5143,Al-Midaina,0,0.0,no_overlap
5144,`Adan,1,0.928571429,single_overlap
5145,Haftkel,0,0.0,no_overlap
5147,Sui,0,0.0,no_overlap
5148,Pathankot,1,1.0,single_overlap
5149,Sarishabari,0,0.0,no_overlap
5150,Haiyuan,1,1.0,single_overlap
5151,Hlegu,1,0.916666667,single_overlap
5152,Pemanggilan,1,1.0,single_overlap
5153,Đức Hòa,1,1.0,single_overlap
5154,Kowon,1,1.0,single_overlap
5155,Sanjo,0,0.0,no_overlap
5156,Tagbilaran,1,0.903846154,single_overlap
5157,Ciudad Juárez,2,0.996644295,multiple_overlaps
5158,Yakima,1,1.0,single_overlap
5159,Penápolis,1,1.0,single_overlap
5160,Rugby,1,1.0,single_overlap
5161,Palma de Mallorca,1,1.0,single_overlap
5162,Mokwa,0,0.0,no_overlap
5163,Batna,1,1.0,single_overlap
5164,Bayreuth,1,1.0,single_overlap
5165,Altamura,1,1.0,single_overlap
5166,Tshilenge,0,0.0,no_overlap
5167,El Mansura,1,0.964646465,single_overlap
5168,Keskin,1,1.0,single_overlap
5169,Novocherkassk,1,1.0,single_overlap
5171,Bechena,1,0.6,single_overlap
5172,Al Qurna,1,1.0,single_overlap
5173,Madinat Lab'ūs,0,0.0,no_overlap
5174,Tehran,1,1.0,single_overlap
5176,Sakrand,0,0.0,no_overlap
5177,Una,1,1.0,single_overlap
5178,Tarakandi,0,0.0,no_overlap
5179,Yingjiang County,0,0.0,no_overlap
5180,Kungyangon,0,0.0,no_overlap
5181,Bandar Lampung,1,1.0,single_overlap
5182,Bến Tre,1,1.0,single_overlap
5183,홍원읍,1,1.0,single_overlap
5184,Nagaoka,1,1.0,single_overlap
5185,Catarman,0,0.0,no_overlap
5186,Taxco,1,1.0,single_overlap
5187,Nampa,1,1.0,single_overlap
5188,Palmas,1,1.0,single_overlap
5189,Kirkby-in-Ashfield,1,1.0,single_overlap
5190,Girona,1,1.0,single_overlap
5191,Ikoro,0,0.0,no_overlap
5192,Touggourt,1,1.0,single_overlap
5193,Ingolstadt,1,1.0,single_overlap
5194,Bari,1,0.9625,single_overlap
5195,Aketi,1,1.0,single_overlap
5196,Mit Ghamr,1,1.0,single_overlap
5197,Karaman,1,1.0,single_overlap
5198,Syktyvkar,1,1.0,single_overlap
5199,Khashm El Girba,1,0.923076923,single_overlap
5200,Mertule Mariam,1,1.0,single_overlap
5201,Basra,1,1.0,single_overlap
5202,Ja`ar,0,0.0,no_overlap
5203,Ramhormoz,1,1.0,single_overlap
5204,Khand Khil,0,0.0,no_overlap
5205,Thana,1,1.0,single_overlap
5206,Hanumangarh,0,0.0,no_overlap
5207,Jamalpur,1,1.0,single_overlap
5208,Huining,0,0.0,no_overlap
5209,Kyauktaga,1,1.0,single_overlap
5210,Poncowati,1,1.0,single_overlap
5211,Trà Vinh,1,1.0,single_overlap
5212,Chonnae,1,1.0,single_overlap
5213,Nagoya,1,1.0,single_overlap
5214,Calbayog,1,1.0,single_overlap
5215,San Luis Potosí,1,1.0,single_overlap
5216,Boise,1,1.0,single_overlap
5217,Jardim Aureny III,1,1.0,single_overlap
5218,Portsmouth,1,1.0,single_overlap
5219,Aramoko-Ekiti,1,1.0,single_overlap
5220,El Milia,0,0.0,no_overlap
5221,Halle (Saale),1,1.0,single_overlap
5222,Taranto,1,1.0,single_overlap
5223,Bena Muganda,0,0.0,no_overlap
5224,Beni Mazar,1,1.0,single_overlap
5225,Kırşehir,1,1.0,single_overlap
5226,Tuapse,0,0.0,no_overlap
5228,Ginsi,1,0.666666667,single_overlap
5229,Az Zubayr,1,1.0,single_overlap
5230,Al Beidha,1,0.777777778,single_overlap
5231,Qom,1,1.0,single_overlap
5232,Mihtarlam,1,0.423076923,single_overlap
5233,Wardaga,1,0.2,single_overlap
5234,Deesa,1,1.0,single_overlap
5235,Jashore,1,1.0,single_overlap
5236,Baotou,1,0.991489362,single_overlap
5237,Loikaw,1,1.0,single_overlap
5238,Metro,1,1.0,single_overlap
5239,Ho Chi Minh City,1,1.0,single_overlap
5240,북청읍,1,1.0,single_overlap
5241,Nagano,1,1.0,single_overlap
5242,Oroquieta,0,0.0,no_overlap
5243,Toluca,1,1.0,single_overlap
5244,Anchorage,1,1.0,single_overlap
5245,Senador Canedo,1,1.0,single_overlap
5246,Loughborough,1,1.0,single_overlap
5247,Igbara-Odo,1,1.0,single_overlap
5248,Mila,1,1.0,single_overlap
5249,Munich,1,1.0,single_overlap
5250,Brindisi,1,0.916666667,single_overlap
5251,Ngandajika,1,0.772727273,single_overlap
5252,Al-Minya,1,1.0,single_overlap
5253,Aksaray,1,1.0,single_overlap
5254,Tikhoretsk,0,0.0,no_overlap
5255,Aroma,0,0.0,no_overlap
5256,Alaba Kulito,1,0.916666667,single_overlap
5257,Umm Qasr,0,0.0,no_overlap
5258,Bayhan,0,0.0,no_overlap
5259,District 8,1,1.0,single_overlap
5260,Kaza,0,0.0,no_overlap
5261,Pabbi,1,0.878787879,single_overlap
5262,Kotkapura,1,1.0,single_overlap
5263,Sathiya,1,0.526315789,single_overlap
5264,Shangri-La,1,1.0,single_overlap
5265,Tangyan,1,0.916666667,single_overlap
5266,Muntok,1,1.0,single_overlap
5267,Bến Cát,1,1.0,single_overlap
5268,Sohung,0,0.0,no_overlap
5269,Kani,1,1.0,single_overlap
5270,Tangub [Tubod],0,0.0,no_overlap
5271,Almoloya de Juárez,1,1.0,single_overlap
5272,Kennewick,1,1.0,single_overlap
5273,Telêmaco Borba,1,1.0,single_overlap
5274,Hartlepool,1,1.0,single_overlap
5275,Igbara-Oke,1,1.0,single_overlap
5276,Collo,0,0.0,no_overlap
5277,Gera,1,1.0,single_overlap
5278,Lecce,1,1.0,single_overlap
5280,Banī Ḩallah,0,0.0,no_overlap
5281,Çorum,1,1.0,single_overlap
5282,Balashov,1,1.0,single_overlap
5283,Hamaschkorieb,0,0.0,no_overlap
5284,Tulu Bolo,1,0.857142857,single_overlap
5285,Lawdar,1,1.0,single_overlap
5286,Izeh,1,1.0,single_overlap
5287,Jalalabad,1,0.844262295,single_overlap
5288,Nawabshah,1,1.0,single_overlap
5289,Nokha,1,0.882352941,single_overlap
5290,Sherpur,1,1.0,single_overlap
5291,Longxi,1,1.0,single_overlap
5292,Nansang,1,1.0,single_overlap
5293,Banjarmasin,1,0.774193548,single_overlap
5294,Đà Nẵng,1,0.982222222,single_overlap
5295,Koksan,1,1.0,single_overlap
5296,Matsumoto,1,1.0,single_overlap
5297,Kapatagan,0,0.0,no_overlap
5298,San Luis de la Paz,1,1.0,single_overlap
5299,Spanish Fork,1,1.0,single_overlap
5300,Ituiutaba,1,0.962962963,single_overlap
5301,Mansfield,1,1.0,single_overlap
5302,Gummi,1,1.0,single_overlap
5303,Constantine,1,1.0,single_overlap
5304,Leipzig,1,1.0,single_overlap
5305,Kanyama,1,0.9,single_overlap
5306,Aba El Waqf,1,1.0,single_overlap
5307,Eregli,1,1.0,single_overlap
5308,Belorechensk,0,0.0,no_overlap
5309,Rashaida Al Hafayer,0,0.0,no_overlap
5310,K'Ali K'Esa Bota,1,0.75,single_overlap
5311,Qarchak,1,1.0,single_overlap
5312,`Ataq,0,0.0,no_overlap
5313,Khost,1,0.1875,single_overlap
5314,Mardan,2,0.990697674,multiple_overlaps
5315,Jodhpur,1,1.0,single_overlap
5316,Bera,1,1.0,single_overlap
5317,Yakeshi/Yaysi,1,1.0,single_overlap
5318,Thanlyin,1,1.0,single_overlap
5319,Braja Asri,0,0.0,no_overlap
5320,Phước Vĩnh,0,0.0,no_overlap
5321,Sinpho,1,0.961538462,single_overlap
5322,Yamagata,1,1.0,single_overlap
5323,Ozamiz,1,1.0,single_overlap
5324,San Juan del Río,1,1.0,single_overlap
5325,Bellingham,1,1.0,single_overlap
5326,Anápolis,1,1.0,single_overlap
5327,Leicester,1,1.0,single_overlap
5328,Ijero-Ekiti,1,1.0,single_overlap
5329,Ali Mendjeli,1,1.0,single_overlap
5330,Regensburg,1,1.0,single_overlap
5331,Kabinda,1,0.962962963,single_overlap
5332,Al Minya,1,0.927272727,single_overlap
5333,Vezirköprü,1,1.0,single_overlap
5334,Apsheronsk,0,0.0,no_overlap
5336,Nefas Meewcha,1,0.888888889,single_overlap
5337,Pakdasht,1,1.0,single_overlap
5338,Al Qatan,1,0.8,single_overlap
5339,Trilyee Family,0,0.0,no_overlap
5340,Kandhkot,1,1.0,single_overlap
5341,Jalore,1,1.0,single_overlap
5342,Satkhira,0,0.0,no_overlap
5343,Ruili,1,1.0,single_overlap
5344,Pegu,1,1.0,single_overlap
5345,Sukasari,0,0.0,no_overlap
5346,Đồng Xoài,1,0.965517241,single_overlap
5347,길주읍,1,1.0,single_overlap
5348,Ueda,1,1.0,single_overlap
5349,Ormoc,1,0.928571429,single_overlap
5350,Capulhuac de Mirafuentes,1,1.0,single_overlap
5351,Provo,1,1.0,single_overlap
5352,União da Vitória,1,1.0,single_overlap
5353,Doncaster,1,1.0,single_overlap
5354,Sifawa,1,1.0,single_overlap
5355,Ain Mlila,1,1.0,single_overlap
5356,Landshut,1,1.0,single_overlap
5357,Buta,1,0.947368421,single_overlap
5358,Lahun,0,0.0,no_overlap
5359,Nevşehir,1,1.0,single_overlap
5360,Saransk,1,1.0,single_overlap
5362,Axum,1,1.0,single_overlap
5363,Pardis,1,1.0,single_overlap
5364,Say'un,1,1.0,single_overlap
5365,Khaki,0,0.0,no_overlap
5366,Thatta,1,0.944444444,single_overlap
5367,Patan,1,1.0,single_overlap
5368,Kashinathpur,0,0.0,no_overlap
5369,Donghe,1,1.0,single_overlap
5370,Thilawa,1,1.0,single_overlap
5371,Tân Uyên,1,0.9,single_overlap
5372,Sido Dadi,0,0.0,no_overlap
5373,Munchon,1,1.0,single_overlap
5374,Tajimi,1,1.0,single_overlap
5375,Catbalogan,1,1.0,single_overlap
5376,Cuernavaca,1,1.0,single_overlap
5377,Salt Lake City,1,0.996204934,single_overlap
5378,Lajeado,1,1.0,single_overlap
5379,Basingstoke,1,1.0,single_overlap
5380,Ipoti,0,0.0,no_overlap
5381,Didouche Mourad,1,1.0,single_overlap
5382,Zwickau,1,1.0,single_overlap
5383,Kamina,1,0.775,single_overlap
5384,Ihnasya al Madinah,1,1.0,single_overlap
5385,Niğde,1,1.0,single_overlap
5386,Maykop,1,1.0,single_overlap
5388,Yabelo,1,0.714285714,single_overlap
5389,Pishva,1,0.074074074,single_overlap
5390,Tarim,1,1.0,single_overlap
5391,Asadabad,0,0.0,no_overlap
5392,Mingora,1,0.964285714,single_overlap
5393,Kundla,1,1.0,single_overlap
5394,Magura,1,1.0,single_overlap
5395,Lushui,0,0.0,no_overlap
5396,Nyaunglebin,1,1.0,single_overlap
5397,Phuoc Long,0,0.0,no_overlap
5398,Cilegon,1,0.994680851,single_overlap
5399,Chongdan,1,0.833333333,single_overlap
5400,Osaki,0,0.0,no_overlap
5401,Iligan,1,0.791666667,single_overlap
5402,Mexico City,1,0.998594189,single_overlap
5403,Wenatchee,0,0.0,no_overlap
5404,Itumbiara,1,1.0,single_overlap
5405,York,1,1.0,single_overlap
5406,Omu Aran,1,0.933333333,single_overlap
5407,El Khroub,1,1.0,single_overlap
5408,Rosenheim,1,1.0,single_overlap
5409,Kisangani,1,0.94,single_overlap
5410,Bilqas,1,1.0,single_overlap
5411,Bafra,1,1.0,single_overlap
5412,Sochi,1,1.0,single_overlap
5415,Amol,1,1.0,single_overlap
5416,Fuwwah,1,1.0,single_overlap
5417,Katlang,0,0.0,no_overlap
5418,Botad,1,1.0,single_overlap
5419,Buhapur,0,0.0,no_overlap
5420,Tengchong,1,1.0,single_overlap
5421,Daik-U,1,0.615384615,single_overlap
5422,Go Cong,1,1.0,single_overlap
5423,Pandeglang,1,1.0,single_overlap
5424,Phyongsan,1,1.0,single_overlap
5425,Okaya,1,1.0,single_overlap
5426,Balo-i,0,0.0,no_overlap
5427,Tlapa de Comonfort,1,1.0,single_overlap
5428,South Valley,1,1.0,single_overlap
5429,Marília,1,1.0,single_overlap
5430,Reading,1,1.0,single_overlap
5431,Otun,1,1.0,single_overlap
5432,Skikda,1,1.0,single_overlap
5433,Potsdam,1,1.0,single_overlap
5434,Kolwezi,1,0.975609756,single_overlap
5435,Fashn,1,1.0,single_overlap
5436,Mersin,1,1.0,single_overlap
5437,Kropotkin,0,0.0,no_overlap
5438,Kassala,1,0.769230769,single_overlap
5439,Yirga Cheffe,0,0.0,no_overlap
5440,Fereydunkenar,0,0.0,no_overlap
5441,Mukalla,1,1.0,single_overlap
5442,Matta,1,0.433962264,single_overlap
5443,Kapurthala,1,1.0,single_overlap
5444,Dhanbari,0,0.0,no_overlap
5445,Xiji,1,1.0,single_overlap
5446,Kyauktan,1,0.222222222,single_overlap
5447,Suralaya,1,1.0,single_overlap
5448,Hội An,2,0.875,multiple_overlaps
5450,Matsusaka,1,1.0,single_overlap
5451,Tacloban,1,1.0,single_overlap
5452,Cuautla,1,1.0,single_overlap
5453,Albuquerque,1,1.0,single_overlap
5454,Caçador,1,1.0,single_overlap
5455,Northampton,1,1.0,single_overlap
5456,Ilawe-Ekiti,1,1.0,single_overlap
5457,Ain Fakroun,1,1.0,single_overlap
5458,Chemnitz,1,1.0,single_overlap
5459,Banalia,0,0.0,no_overlap
5460,شبلنجة,2,0.9,multiple_overlaps
5461,Amasya,1,1.0,single_overlap
5462,Penza,1,1.0,single_overlap
5463,Jubayt,0,0.0,no_overlap
5464,Gebre Guracha,1,0.545454545,single_overlap
5465,Kashan,1,1.0,single_overlap
5466,Ghayl Ba Wazir,0,0.0,no_overlap
5467,Amangarh,1,1.0,single_overlap
5468,Mandi Dabwali,1,1.0,single_overlap
5469,Nalitabari,0,0.0,no_overlap
5470,Yanchi,1,1.0,single_overlap
5471,Shwegyin,1,0.875,single_overlap
5472,Jakarta,5,1.0,multiple_overlaps
5473,Long Thành,2,0.943661972,multiple_overlaps
5474,Tanchon,1,1.0,single_overlap
5475,Suwa,1,0.548387097,single_overlap
5476,Marawi,1,1.0,single_overlap
5477,Tepeji de Ocampo,0,0.0,no_overlap
5478,Paradise Hills,1,1.0,single_overlap
5479,Lins,1,1.0,single_overlap
5480,Milton Keynes,1,1.0,single_overlap
5481,Ilara Mokin,1,1.0,single_overlap
5482,Guemar,0,0.0,no_overlap
5483,Berlin,1,1.0,single_overlap
5484,Kabongo,1,0.909090909,single_overlap
5485,Hour,1,1.0,single_overlap
5486,Kazanlı Mah.,1,0.804347826,single_overlap
5487,Sirius,1,1.0,single_overlap
5488,Sinkāt,1,0.428571429,single_overlap
5489,Kibet,0,0.0,no_overlap
5490,Behbahan,1,1.0,single_overlap
5491,Shihr,1,0.8125,single_overlap
5492,Dera Ismail Khan,1,1.0,single_overlap
5493,Limbdi,1,1.0,single_overlap
5494,Rajbari,0,0.0,no_overlap
5495,Dalad,1,1.0,single_overlap
5496,Kayan,1,1.0,single_overlap
5497,Rangkasbitung,2,0.943396226,multiple_overlaps
5498,Phú Mỹ,1,0.962962963,single_overlap
5499,Kimch'aek,1,0.961538462,single_overlap
5500,Sendai,1,1.0,single_overlap
5501,Cotabato City,1,1.0,single_overlap
5502,Tula,1,1.0,single_overlap
5503,Bountiful,1,1.0,single_overlap
5504,Mirassol,1,0.923076923,single_overlap
5505,Aylesbury,1,1.0,single_overlap
5506,Idanre,1,1.0,single_overlap
5507,El Oued,1,1.0,single_overlap
5508,Hennigsdorf,1,1.0,single_overlap
5509,Kabondo-Dianda,1,0.923076923,single_overlap
5510,Dalga‘a,1,1.0,single_overlap
5511,Samsun,1,1.0,single_overlap
5512,Cheboksary,1,1.0,single_overlap
5513,Wadsharefy,0,0.0,no_overlap
5514,Bule Hora,1,0.476190476,single_overlap
5515,Shahr-e Kord,1,1.0,single_overlap
5516,Pano Akil,1,1.0,single_overlap
5517,Moga,1,1.0,single_overlap
5518,Madhupur,0,0.0,no_overlap
5519,Luomen,1,0.84,single_overlap
5520,Thongwa,1,1.0,single_overlap
5521,Kon Tum,1,1.0,single_overlap
5522,Kebuyutan,0,0.0,no_overlap
5523,Wonsan,1,1.0,single_overlap
5524,Inter-nishi,1,1.0,single_overlap
5525,Cagayan de Oro,1,1.0,single_overlap
5526,Colonia Santa Teresa,1,1.0,single_overlap
5527,Layton,1,1.0,single_overlap
5528,São José do Rio Preto,1,1.0,single_overlap
5529,Camberley,1,1.0,single_overlap
5530,Sokoto,1,1.0,single_overlap
5531,Oum El Bouaghi,1,1.0,single_overlap
5532,Dresden,1,1.0,single_overlap
5533,Kabongo,1,0.75,single_overlap
5534,Al Inab al Saghirah,1,1.0,single_overlap
5535,Tarsus,1,1.0,single_overlap
5536,Kurganinsk,0,0.0,no_overlap
5538,Wenago,0,0.0,no_overlap
5540,Khwazakhela,1,0.181818182,single_overlap
5541,Viramgam,1,0.733333333,single_overlap
5542,Ghatail,1,1.0,single_overlap
5543,Mang,0,0.0,no_overlap
5544,Mong Maw;Mongmao,0,0.0,no_overlap
5545,Gia Kiệm,1,1.0,single_overlap
5546,Pangkalpinang,1,1.0,single_overlap
5547,해안2동,1,0.857142857,single_overlap
5548,Ise,1,1.0,single_overlap
5549,Balingasag,0,0.0,no_overlap
5550,Huehuetoca,1,1.0,single_overlap
5551,Ogden,1,1.0,single_overlap
5552,Ourinhos,1,1.0,single_overlap
5553,Aldershot,1,1.0,single_overlap
5554,Akure,1,1.0,single_overlap
5555,Khenchela,1,1.0,single_overlap
5556,Cottbus - Chóśebuz,1,1.0,single_overlap
5557,Luena,1,1.0,single_overlap
5558,Atmeeda,1,1.0,single_overlap
5559,Kayseri,1,0.99375,single_overlap
5560,Zarechny,1,1.0,single_overlap
5561,Port Sudan,1,0.772277228,single_overlap
5562,Butajira,1,0.611111111,single_overlap
5563,Babol,1,1.0,single_overlap
5564,Nowshera,1,0.983193277,single_overlap
5565,Palanpur,1,1.0,single_overlap
5566,Elenga,1,1.0,single_overlap
5567,Jingning,1,1.0,single_overlap
5568,Kyaikto,1,1.0,single_overlap
5569,Phú Cường,1,1.0,single_overlap
5570,Palabuhanratu,1,1.0,single_overlap
5571,Yonan,1,1.0,single_overlap
5572,Iida,1,1.0,single_overlap
5573,Jasaan,1,0.392857143,single_overlap
5574,Rioverde,1,1.0,single_overlap
5575,Grand Junction,1,1.0,single_overlap
5576,Açailândia,1,1.0,single_overlap
5577,High Wycombe,1,1.0,single_overlap
5578,Ido Ekiti,1,1.0,single_overlap
5579,Guelma,1,1.0,single_overlap
5580,Bukama,0,0.0,no_overlap
5581,Biba,1,1.0,single_overlap
5582,Tekkeköy,1,1.0,single_overlap
5583,Yoshkar-Ola,1,1.0,single_overlap
5584,Sawakin,1,0.227272727,single_overlap
5585,Gedeb,1,0.571428571,single_overlap
5586,Dehdasht,1,1.0,single_overlap
5587,Haleji Sharif,0,0.0,no_overlap
5588,Bathinda,1,1.0,single_overlap
5589,Kalihati,1,0.851851852,single_overlap
5590,Dingbian,1,1.0,single_overlap
5591,Thaton,1,1.0,single_overlap
5592,Pleiku,1,1.0,single_overlap
5593,Sungailiat,0,0.0,no_overlap
5594,Paechon,1,1.0,single_overlap
5595,Shibata,1,0.72,single_overlap
5596,Midsayap,0,0.0,no_overlap
5597,Zumpango,1,1.0,single_overlap
5598,Odessa,1,1.0,single_overlap
5599,Bento Gonçalves,1,1.0,single_overlap
5600,Bracknell,1,1.0,single_overlap
5601,Ado Ekiti,1,0.962616822,single_overlap
5602,Ain Beida,1,1.0,single_overlap
5604,Makein,1,0.277777778,single_overlap
5605,Yenice,1,1.0,single_overlap
5606,Sal'sk,0,0.0,no_overlap
5608,Dilla,1,0.904761905,single_overlap
5609,Najafabad,1,1.0,single_overlap
5610,Charbagh,1,0.88,single_overlap
5611,Siddhpur,1,0.888888889,single_overlap
5612,Tangail,1,1.0,single_overlap
5613,Tumed Right Banner,1,1.0,single_overlap
5614,Hpa-An,1,0.967741935,single_overlap
5615,Vũng Tàu,1,0.97979798,single_overlap
5616,Toboali,1,1.0,single_overlap
5617,Kosan,1,1.0,single_overlap
5618,Fukushima,1,1.0,single_overlap
5619,Isulan,0,0.0,no_overlap
5620,Ozumba de Alzate,1,1.0,single_overlap
5621,Laredo,1,1.0,single_overlap
5622,Pelotas,1,1.0,single_overlap
5623,Maidenhead,1,1.0,single_overlap
5624,Ugborodo,0,0.0,no_overlap
5625,Sedrata,1,1.0,single_overlap
5626,Lubao,1,1.0,single_overlap
5627,Naj al Shaykh Hasan Abu Sabir,1,1.0,single_overlap
5628,Adana,1,0.96875,single_overlap
5629,Novocheboksarsk,1,1.0,single_overlap
5631,Adwa,1,0.625,single_overlap
5632,Qaem Shahr,1,1.0,single_overlap
5633,Jamshoro,1,0.428571429,single_overlap
5634,Rajula,1,1.0,single_overlap
5635,Noapara,0,0.0,no_overlap
5636,Yuanzhou,1,1.0,single_overlap
5637,Mawlamyine,1,1.0,single_overlap
5638,Tam Kỳ,1,1.0,single_overlap
5639,Cipanas,1,1.0,single_overlap
5640,Kaesong,1,1.0,single_overlap
5641,Ishinomaki,1,1.0,single_overlap
5642,Tacurong,0,0.0,no_overlap
5643,Mixquiahuala,0,0.0,no_overlap
5644,Midland,1,1.0,single_overlap
5645,Imperatriz,1,1.0,single_overlap
5646,Bognor Regis,1,1.0,single_overlap
5647,Zuru,1,1.0,single_overlap
5648,Annaba,1,1.0,single_overlap
5650,Jamasa,1,0.909090909,single_overlap
5651,Çarşamba,1,1.0,single_overlap
5652,Kirov,1,1.0,single_overlap
5654,Gwangwa,0,0.0,no_overlap
5655,Charam,0,0.0,no_overlap
5656,Hala,1,0.777777778,single_overlap
5657,Jalandhar,1,1.0,single_overlap
5658,Gazipur,0,0.0,no_overlap
5659,Gangu,1,1.0,single_overlap
5660,Mudon,1,1.0,single_overlap
5661,Bà Rịa,1,1.0,single_overlap
5662,Karyamakmur,0,0.0,no_overlap
5663,Gamagori,1,1.0,single_overlap
5664,Gingoog,0,0.0,no_overlap
5665,Los Reyes Acozac,1,1.0,single_overlap
5666,McAllen,1,1.0,single_overlap
5667,Paragominas,1,1.0,single_overlap
5668,Burton Latimer,1,1.0,single_overlap
5669,Ikere-Ekiti,1,1.0,single_overlap
5670,Cheria,1,1.0,single_overlap
5672,بطره,1,0.727272727,single_overlap
5673,Erbaa,1,1.0,single_overlap
5674,Labinsk,1,1.0,single_overlap
5676,Holeta Genet,1,0.454545455,single_overlap
5677,Fuladshahr,1,1.0,single_overlap
5678,Hyderabad,1,0.993055556,single_overlap
5679,Unjha,1,1.0,single_overlap
5680,Daulatpur,0,0.0,no_overlap
5681,Baoshan,1,1.0,single_overlap
5682,Kengtung,1,1.0,single_overlap
5683,Long Khánh,1,1.0,single_overlap
5684,Kertasari,1,1.0,single_overlap
5685,Takasaki [Maebashi],1,1.0,single_overlap
5686,Surigao City,1,0.857142857,single_overlap
5687,Texcoco de Mora,1,1.0,single_overlap
5688,Spokane,1,1.0,single_overlap
5689,Ponta Grossa,1,1.0,single_overlap
5690,Corby,1,1.0,single_overlap
5691,Rijau,1,1.0,single_overlap
5692,M'Daourouch,1,1.0,single_overlap
5693,Tenke,0,0.0,no_overlap
5694,ميت ابو خالد,0,0.0,no_overlap
5695,Tokat,1,1.0,single_overlap
5696,Volgodonsk,1,1.0,single_overlap
5698,Chucko,1,0.7,single_overlap
5699,Shahin Shahr,1,1.0,single_overlap
5700,Ismaila,1,0.857142857,single_overlap
5701,Mahesana,1,1.0,single_overlap
5702,Haluaghat,0,0.0,no_overlap
5703,Dongsheng,1,1.0,single_overlap
5704,Thanbyuzayat,1,1.0,single_overlap
5705,Đăk Mil,1,1.0,single_overlap
5706,Panundaan,1,1.0,single_overlap
5707,Toyohashi,1,0.995633188,single_overlap
5708,Koronadal,1,1.0,single_overlap
5709,Matehuala,1,1.0,single_overlap
5710,Edinburg,1,1.0,single_overlap
5711,Caldas Novas,1,1.0,single_overlap
5712,Scunthorpe,1,1.0,single_overlap
5713,Amarawa,1,0.916666667,single_overlap
5714,Souk Ahras,1,1.0,single_overlap
5715,Kitenge,1,0.454545455,single_overlap
5716,Minya Al-Qamh,2,0.851851852,multiple_overlaps
5717,Kozan,1,1.0,single_overlap
5718,Armavir,1,1.0,single_overlap
5719,Irba,0,0.0,no_overlap
5720,Isfahan,1,1.0,single_overlap
5721,Garhi Kapoora,1,1.0,single_overlap
5722,Nagaur,1,0.965517241,single_overlap
5723,Delduar,2,0.474358974,multiple_overlaps
5724,Ordos,1,0.923076923,single_overlap
5725,Kawkareik,0,0.0,no_overlap
5726,Định Quán,1,1.0,single_overlap
5727,Cianting Utara,1,1.0,single_overlap
5728,Koriyama,1,1.0,single_overlap
5729,Valencia,1,0.882352941,single_overlap
5730,Tizayuca,1,1.0,single_overlap
5731,Brownsville,1,1.0,single_overlap
5732,Capanema,0,0.0,no_overlap
5733,Slough,1,1.0,single_overlap
5734,Egosi,1,1.0,single_overlap
5735,Tebessa,1,1.0,single_overlap
5736,Kindu,1,0.903846154,single_overlap
5737,El Azizia,1,0.666666667,single_overlap
5738,Ceyhan,1,1.0,single_overlap
5739,Kirovo-Chepetsk,1,1.0,single_overlap
5740,,0,0.0,no_overlap
5741,Sari,1,1.0,single_overlap
5742,Ghotki,1,1.0,single_overlap
5743,Rattangarh Kanakwal,1,1.0,single_overlap
5744,Goalanda,0,0.0,no_overlap
5745,Lijiang,1,1.0,single_overlap
5746,Ye,1,1.0,single_overlap
5747,Ngai Giao,1,1.0,single_overlap
5748,Bandung,1,1.0,single_overlap
5749,Isesaki,1,1.0,single_overlap
5750,Kidapawan,0,0.0,no_overlap
5751,Atlixco,1,1.0,single_overlap
5752,Lubbock,1,1.0,single_overlap
5753,Águas Lindas de Goiás,1,1.0,single_overlap
5754,Walton-on-Thames,1,1.0,single_overlap
5755,Wurno,1,1.0,single_overlap
5756,Ouenza,0,0.0,no_overlap
5757,Kibombo,0,0.0,no_overlap
5758,Beni Suef,1,1.0,single_overlap
5759,Yumurtalık,1,1.0,single_overlap
5760,Izobilnyy,0,0.0,no_overlap
5761,Irgalem,1,0.909090909,single_overlap
5762,Bandar Ganaveh,1,0.894736842,single_overlap
5763,Bhit Shah,0,0.0,no_overlap
5764,Sirohi,1,1.0,single_overlap
5765,Narail,0,0.0,no_overlap
5766,Qin'an,1,1.0,single_overlap
5767,Myawaddy,1,0.933333333,single_overlap
5768,Tân Phú,1,0.941176471,single_overlap
5769,Purwakarta,1,1.0,single_overlap
5770,Kofu,1,1.0,single_overlap
5771,Butuan,1,1.0,single_overlap
5772,Santa Matilde,1,0.964285714,single_overlap
5773,Valley Hi,1,1.0,single_overlap
5774,Santo Antônio do Descoberto,1,1.0,single_overlap
5775,Guildford,1,1.0,single_overlap
5776,Lafiagi,1,0.6,single_overlap
5777,Bir El Ater,1,1.0,single_overlap
5778,Fungurume,1,0.769230769,single_overlap
5779,Abu Qurqas,1,1.0,single_overlap
5780,Ünye,1,0.8125,single_overlap
5781,Stavropol,1,1.0,single_overlap
5782,Aleta Wendo,1,0.5,single_overlap
5783,Dogonbadan,1,1.0,single_overlap
5784,Anghapur,0,0.0,no_overlap
5785,Kadi,1,1.0,single_overlap
5786,Barogram,0,0.0,no_overlap
5787,Tumed Left Banner,1,1.0,single_overlap
5788,Tachileik,1,0.941176471,single_overlap
5789,Gia Ray,0,0.0,no_overlap
5790,Pasirukem,1,0.32,single_overlap
5791,Honjo,1,1.0,single_overlap
5792,Polomolok,1,0.666666667,single_overlap
5793,Pachuca,1,1.0,single_overlap
5794,San Antonio,1,1.0,single_overlap
5795,Caxias do Sul,1,1.0,single_overlap
5796,Lincoln,1,1.0,single_overlap
5797,Kontagora,1,1.0,single_overlap
5798,Kakanda,1,0.454545455,single_overlap
5799,Sunbo,1,0.666666667,single_overlap
5800,Sugözü,0,0.0,no_overlap
5801,Zelenodol'sk,0,0.0,no_overlap
5802,Leku,1,0.555555556,single_overlap
5803,Dolatabad,1,1.0,single_overlap
5804,Rustam,0,0.0,no_overlap
5805,Abu Road,1,1.0,single_overlap
5806,Koyra,0,0.0,no_overlap
5807,Changhong,1,1.0,single_overlap
5808,Payathonzu,1,1.0,single_overlap
5809,Chư Sê,1,1.0,single_overlap
5810,Bumihayu,0,0.0,no_overlap
5811,Ota,1,1.0,single_overlap
5812,General Santos,1,1.0,single_overlap
5813,Texmelucan,1,1.0,single_overlap
5814,Corpus Christi,1,1.0,single_overlap
5815,Rio Grande,1,0.929824561,single_overlap
5816,London,1,1.0,single_overlap
5817,Ise,1,0.933333333,single_overlap
5819,Dundet,1,1.0,single_overlap
5820,Kadirli,1,1.0,single_overlap
5821,Mikhaylovsk,1,1.0,single_overlap
5822,Hawassa,1,0.881355932,single_overlap
5823,Surak,2,0.4,multiple_overlaps
5824,Pacha Kalay,0,0.0,no_overlap
5825,Visnagar,1,1.0,single_overlap
5826,Muktagacha,1,1.0,single_overlap
5827,Tianshui,1,1.0,single_overlap
5828,Dawei,1,1.0,single_overlap
5829,Ea T'Ling,1,0.142857143,single_overlap
5830,Tarogong,1,0.980645161,single_overlap
5831,Hamamatsu,1,1.0,single_overlap
5832,Digos,1,0.88,single_overlap
5833,Ciudad Sahagún,0,0.0,no_overlap
5834,Wetmore,1,1.0,single_overlap
5835,Brazlândia,1,0.333333333,single_overlap
5836,Littlehampton,1,0.95,single_overlap
5837,Koko,1,1.0,single_overlap
5838,Kikondja,1,0.75,single_overlap
5839,Bani Bakhit,1,1.0,single_overlap
5840,Sivas,1,1.0,single_overlap
5841,Kuznetsk,1,1.0,single_overlap
5842,Gundo Meskel,1,0.625,single_overlap
5843,Baharestan,1,1.0,single_overlap
5844,Yar Hussain,1,0.535211268,single_overlap
5845,Jagraon,1,1.0,single_overlap
5846,Paikgacha,0,0.0,no_overlap
5847,Hohhot,1,1.0,single_overlap
5848,Palaw,0,0.0,no_overlap
5849,Buôn Ma Thuột,1,1.0,single_overlap
5850,Cibodas,1,1.0,single_overlap
5851,Fukaya,1,1.0,single_overlap
5852,Bayugan,0,0.0,no_overlap
5853,Puebla,1,1.0,single_overlap
5854,Mineral Palace,1,1.0,single_overlap
5855,Brasilia,1,1.0,single_overlap
5856,Luton,1,1.0,single_overlap
5857,Emure-Ekiti,1,1.0,single_overlap
5858,Kambove,1,1.0,single_overlap
5859,Abyūhā,1,1.0,single_overlap
5860,Fatsa,1,1.0,single_overlap
5861,Nevinnomyssk,1,1.0,single_overlap
5862,Addis Ababa,1,0.997849462,single_overlap
5863,Behshahr,1,1.0,single_overlap
5864,Kashmore,0,0.0,no_overlap
5865,Palitana,1,0.909090909,single_overlap
5866,Phulpur,0,0.0,no_overlap
5867,Wudu,1,1.0,single_overlap
5868,Myeik,1,0.736842105,single_overlap
5869,Quảng Ngãi,1,0.825581395,single_overlap
5870,Subang,1,1.0,single_overlap
5871,Utsunomiya,1,1.0,single_overlap
5872,Davao City,1,0.964757709,single_overlap
5873,Saltillo,1,0.993377483,single_overlap
5874,Amarillo,1,1.0,single_overlap
5875,Recanto das Emas,1,1.0,single_overlap
5876,Bedford,1,1.0,single_overlap
5877,Aisegba,0,0.0,no_overlap
5878,Samba,1,1.0,single_overlap
5879,Mallawi,1,0.928571429,single_overlap
5880,Osmaniye,1,1.0,single_overlap
5881,Saratov,1,1.0,single_overlap
5882,Mekane Selam,1,0.727272727,single_overlap
5884,Shahdadpur,1,1.0,single_overlap
5885,Rampura Phul,0,0.0,no_overlap
5886,Phulbaria,1,0.041666667,single_overlap
5887,Pingliang,1,1.0,single_overlap
5888,Kawthaung,1,0.875,single_overlap
5889,Quảng Phú,1,1.0,single_overlap
5890,Hegarsari,1,1.0,single_overlap
5891,Kumagaya,1,1.0,single_overlap
5892,Santo Tomas,0,0.0,no_overlap
5893,Huajuapan,1,1.0,single_overlap
5894,Abilene,1,1.0,single_overlap
5895,Guaíba,1,0.961538462,single_overlap
5896,Hemel Hempstead,1,1.0,single_overlap
5897,Ikole,1,1.0,single_overlap
5898,Mangi 1,0,0.0,no_overlap
5899,Kafr al Hajj Shirbini,1,1.0,single_overlap
5900,Samandağ,1,1.0,single_overlap
5901,Kazan,1,1.0,single_overlap
5902,Wijigra,0,0.0,no_overlap
5903,ساحلی,1,0.742857143,single_overlap
5904,Dherai,1,0.952380952,single_overlap
5905,Pali,1,1.0,single_overlap
5906,Khulna,1,0.928571429,single_overlap
5907,Maiji,1,1.0,single_overlap
5908,Bảo Lộc,1,0.882352941,single_overlap
5909,Pamanukan,0,0.0,no_overlap
5910,Sano,1,1.0,single_overlap
5911,Panabo,1,0.446428571,single_overlap
5912,Zacatelco,1,1.0,single_overlap
5913,Colorado Springs,1,1.0,single_overlap
5914,Catanduva,1,1.0,single_overlap
5915,Brighton,1,1.0,single_overlap
5916,Egbe,1,1.0,single_overlap
5917,Likasi,1,1.0,single_overlap
5918,Al Zaqaziq,2,0.941176471,multiple_overlaps
5919,İskenderun,1,1.0,single_overlap
5920,Cherkessk,1,1.0,single_overlap
5922,Jalali,1,0.935483871,single_overlap
5923,Shewa,1,0.545454545,single_overlap
5924,Sumerpur,1,1.0,single_overlap
5925,দক্ষিণ বেদকাশী,0,0.0,no_overlap
5926,Yongde,0,0.0,no_overlap
5927,Buôn Hồ,0,0.0,no_overlap
5928,Sumedang,1,1.0,single_overlap
5929,Tokyo,1,1.0,single_overlap
5930,Tagum,1,1.0,single_overlap
5931,Tlaxcala,1,1.0,single_overlap
5932,Denver,1,1.0,single_overlap
5933,Novo Hamburgo,1,1.0,single_overlap
5934,Hull,1,1.0,single_overlap
5935,Benin City,1,0.997409326,single_overlap
5936,Punia,1,1.0,single_overlap
5937,دنجواي,1,1.0,single_overlap
5938,Dörtyol,0,0.0,no_overlap
5939,Engels,1,1.0,single_overlap
5940,Fiche,0,0.0,no_overlap
5941,Shahreza,1,1.0,single_overlap
5942,Darya Khan,0,0.0,no_overlap
5943,Hoshiarpur,1,1.0,single_overlap
5944,Faridpur,1,1.0,single_overlap
5945,Dali,1,1.0,single_overlap
5946,An Khê,1,1.0,single_overlap
5947,Mekarsari,1,0.849056604,single_overlap
5948,Higashimatsuyama,1,1.0,single_overlap
5949,Compostela,0,0.0,no_overlap
5950,Ramos Arizpe,1,1.0,single_overlap
5951,Austin,1,1.0,single_overlap
5952,Valparaíso de Goiás,1,1.0,single_overlap
5953,St Albans,1,1.0,single_overlap
5954,Owo,1,1.0,single_overlap
5955,Lwambo,1,0.692307692,single_overlap
5956,Safur,1,1.0,single_overlap
5957,Payas,1,0.045454545,single_overlap
5958,Volgograd,1,1.0,single_overlap
5960,Mahdishahr,0,0.0,no_overlap
5961,Piplan,0,0.0,no_overlap
5962,Nohar,0,0.0,no_overlap
5963,Mymensingh,1,1.0,single_overlap
5964,Togtoh,1,1.0,single_overlap
5965,Phước An,0,0.0,no_overlap
5966,Haurgeulis,1,1.0,single_overlap
5967,Tochigi,0,0.0,no_overlap
5968,Mati,0,0.0,no_overlap
5969,Apizaco,1,1.0,single_overlap
5970,Leander,1,1.0,single_overlap
5971,Porto Alegre,1,0.956594324,single_overlap
5972,Peterborough,1,1.0,single_overlap
5973,Sapele,1,1.0,single_overlap
5974,,0,0.0,no_overlap
5975,El Senbellawein,1,0.96,single_overlap
5976,Hatay,1,1.0,single_overlap
5977,Волгогрэс,1,1.0,single_overlap
5978,Shashamane,1,0.975609756,single_overlap
5979,Yasuj,1,1.0,single_overlap
5980,Mianwali,0,0.0,no_overlap
5981,Mahuva,1,1.0,single_overlap
5982,Manikganj,1,0.897435897,single_overlap
5983,Ulaan Moron,0,0.0,no_overlap
5984,Phan Thiết,1,1.0,single_overlap
5985,Tasikmalaya,1,0.994505495,single_overlap
5986,Fujieda,1,1.0,single_overlap
5987,Tulancingo,1,1.0,single_overlap
5988,Boulder,1,1.0,single_overlap
5989,Bauru,1,1.0,single_overlap
5990,Crawley,1,1.0,single_overlap
5991,Ogharefe,1,0.652173913,single_overlap
5992,Lubutu,1,0.833333333,single_overlap
5993,Diyarb Nigm,1,0.627118644,single_overlap
5994,Düziçi,1,1.0,single_overlap
5995,Kamyshin,1,1.0,single_overlap
5996,Basha,1,0.285714286,single_overlap
5997,Semnan,1,1.0,single_overlap
5998,Bhakkar,0,0.0,no_overlap
5999,Phagwara,1,1.0,single_overlap
6000,Savar,3,0.998310811,multiple_overlaps
6001,Dali,1,1.0,single_overlap
6002,Đà Lạt,1,1.0,single_overlap
6003,Cilandak Lor,1,1.0,single_overlap
6004,Fuji,1,1.0,single_overlap
6005,Monclova,1,1.0,single_overlap
6006,Longmont,1,1.0,single_overlap
6007,Cidade Ocidental,1,0.902439024,single_overlap
6008,Stevenage,1,1.0,single_overlap
6009,Warri,1,0.927536232,single_overlap
6010,Kibango,0,0.0,no_overlap
6011,Al Tallin,2,0.2,multiple_overlaps
6012,Kırıkhan,1,1.0,single_overlap
6013,посёлок Нагорный,1,1.0,single_overlap
6014,Shufune,1,1.0,single_overlap
6015,Bandar-e Torkaman,1,1.0,single_overlap
6016,Sakhi Sarwar,0,0.0,no_overlap
6017,Sihor,1,1.0,single_overlap
6018,Trishal,1,0.971830986,single_overlap
6019,Huating,1,1.0,single_overlap
6020,Liên Nghĩa,1,0.787878788,single_overlap
6022,Oyama,1,1.0,single_overlap
6023,Ciudad Valles,1,1.0,single_overlap
6024,Killeen,1,1.0,single_overlap
6025,Bragança,1,1.0,single_overlap
6026,Reigate,1,1.0,single_overlap
6027,Omuo-Obadore,1,1.0,single_overlap
6028,Kasongo,1,0.857142857,single_overlap
6029,Kafr Ibrash,1,0.821428571,single_overlap
6030,Afşin,0,0.0,no_overlap
6031,Ulyanovsk,1,1.0,single_overlap
6034,Taunsa Sharif,0,0.0,no_overlap
6035,Sardarshahar,1,0.9375,single_overlap
6036,Gouripur,0,0.0,no_overlap
6037,Qianyu,1,1.0,single_overlap
6038,Quy Nhơn,1,0.986486486,single_overlap
6039,Tanjung Pandan,1,0.931034483,single_overlap
6040,Shizuoka,1,1.0,single_overlap
6041,Huamantla,1,1.0,single_overlap
6042,Loveland,1,1.0,single_overlap
6043,Lago Norte,1,1.0,single_overlap
6044,Grimsby,1,1.0,single_overlap
6045,Ikare,1,1.0,single_overlap
6046,Malemba-Nkulu,1,0.941176471,single_overlap
6047,Dairut,1,1.0,single_overlap
6048,Ordu,1,1.0,single_overlap
6049,Volzhskiy,1,1.0,single_overlap
6050,Arsi Negelle,1,0.578947368,single_overlap
6051,Borazjan,0,0.0,no_overlap
6052,Guddu,0,0.0,no_overlap
6053,Ambaji,1,1.0,single_overlap
6054,Louhajang,1,0.977578475,single_overlap
6055,Jingbian,1,1.0,single_overlap
6056,Ninh Hòa,1,0.933333333,single_overlap
6057,Kadipaten,1,1.0,single_overlap
6058,Iwaki,1,0.05,single_overlap
6059,Huauchinango,1,1.0,single_overlap
6060,Fort Collins,1,1.0,single_overlap
6061,Sapiranga,1,1.0,single_overlap
6062,Harlow,1,1.0,single_overlap
6063,Akugba,1,0.964285714,single_overlap
6064,Kingombe,1,1.0,single_overlap
6065,El Mosha,0,0.0,no_overlap
6066,Kahramanmaraş,1,1.0,single_overlap
6067,Ленинский,1,1.0,single_overlap
6068,Bore,0,0.0,no_overlap
6069,Kazerun,1,1.0,single_overlap
6070,Kalpani,0,0.0,no_overlap
6071,Kalol,1,1.0,single_overlap
6072,Bhaluka,1,1.0,single_overlap
6073,Yingjing,1,1.0,single_overlap
6074,Tuy Hòa,1,1.0,single_overlap
6075,Majalengka,1,1.0,single_overlap
6076,Numazu,1,1.0,single_overlap
6077,Huejutla de Reyes,0,0.0,no_overlap
6078,Greeley,1,1.0,single_overlap
6079,Luziânia,1,1.0,single_overlap
6080,Cambridge,1,1.0,single_overlap
6081,Pategi,1,1.0,single_overlap
6082,Kapolowe,0,0.0,no_overlap
6083,Deir Mawas,1,1.0,single_overlap
6084,Reyhanlı,1,0.916666667,single_overlap
6085,Kislovodsk,1,1.0,single_overlap
6086,Ziway,1,0.55,single_overlap
6087,Gorgan,1,1.0,single_overlap
6088,Tando Adam,1,1.0,single_overlap
6089,Dharamshala,1,1.0,single_overlap
6090,Dhaka,6,0.805475722,multiple_overlaps
6091,Dujiangyan,1,1.0,single_overlap
6092,Nha Trang,1,1.0,single_overlap
6093,Cikijing,0,0.0,no_overlap
6094,小名浜愛宕上,1,1.0,single_overlap
6095,Tehuacán,1,1.0,single_overlap
6096,Waco,1,1.0,single_overlap
6097,Sobradinho II,1,1.0,single_overlap
6098,Royal Tunbridge Wells,1,1.0,single_overlap
6099,Ekeremor,0,0.0,no_overlap
6100,Kabala,0,0.0,no_overlap
6101,Al Qusiya,1,1.0,single_overlap
6102,Elbistan,1,1.0,single_overlap
6103,Yessentuki,1,1.0,single_overlap
6104,Lalibela,1,0.875,single_overlap
6105,Gonbad-e Qabus,1,1.0,single_overlap
6106,Swabi,1,0.695238095,single_overlap
6107,Chharodi,1,0.6,single_overlap
6108,Bhanga,0,0.0,no_overlap
6109,Ya'an,1,1.0,single_overlap
6110,Van Gia Town,1,1.0,single_overlap
6111,Indramayu,1,0.981132075,single_overlap
6112,Hitachi,1,1.0,single_overlap
6113,García,1,1.0,single_overlap
6114,Cinco Ranch,1,1.0,single_overlap
6115,Uberlândia,1,1.0,single_overlap
6116,Grays,1,1.0,single_overlap
6117,Jesse,1,0.285714286,single_overlap
6118,Lwishia,0,0.0,no_overlap
6119,El Gadeeda,1,1.0,single_overlap
6120,Giresun,1,1.0,single_overlap
6121,Pyatigorsk,1,1.0,single_overlap
6123,Shahrud,1,1.0,single_overlap
6124,Jand,1,1.0,single_overlap
6125,Sirsa,1,1.0,single_overlap
6126,Gopalganj,1,1.0,single_overlap
6127,Fengqing County,1,1.0,single_overlap
6128,Phan Rang – Tháp Chàm,1,1.0,single_overlap
6129,Heuleut,1,1.0,single_overlap
6130,Mito,1,1.0,single_overlap
6131,Monterrey,1,1.0,single_overlap
6132,College Station,1,1.0,single_overlap
6133,Barretos,1,1.0,single_overlap
6134,Polegate,1,1.0,single_overlap
6135,Ifon,0,0.0,no_overlap
6136,Mukanga,1,0.714285714,single_overlap
6137,Al Aras,1,0.2,single_overlap
6138,Kilis,1,1.0,single_overlap
6139,Mineralnye Vody,1,1.0,single_overlap
6141,Shiraz,1,1.0,single_overlap
6142,Mirpur Mathelo,0,0.0,no_overlap
6143,Ahmedabad,1,1.0,single_overlap
6144,Balipara,1,0.05,single_overlap
6145,Binchuan,1,1.0,single_overlap
6146,Cam Ranh,1,0.608695652,single_overlap
6147,Jatibarang,1,1.0,single_overlap
6148,Tsukuba,1,1.0,single_overlap
6149,Ciudad Mante,1,1.0,single_overlap
6150,Greatwood,1,1.0,single_overlap
6151,Lages,1,1.0,single_overlap
6152,Basildon,1,1.0,single_overlap
6153,Oka-Akoko,1,0.8,single_overlap
6154,Songwe,0,0.0,no_overlap
6155,Al-Wasitah,1,0.96875,single_overlap
6156,Büyükpınar,1,1.0,single_overlap
6157,Elista,1,1.0,single_overlap
6158,Meki,1,0.75,single_overlap
6159,Galikash,0,0.0,no_overlap
6160,Totalai,1,0.615384615,single_overlap
6161,Changodar,1,0.952380952,single_overlap
6162,Bokainagar,0,0.0,no_overlap
6163,Hengshan,1,0.928571429,single_overlap
6164,Banjaran,1,1.0,single_overlap
6165,Hitachinaka,1,1.0,single_overlap
6166,Xicotepec de Juárez,0,0.0,no_overlap
6167,Houston,1,1.0,single_overlap
6168,Paranoá,1,1.0,single_overlap
6169,Chelmsford,1,1.0,single_overlap
6170,Isanlu Mopo,1,0.894736842,single_overlap
6171,Kabalo,1,0.714285714,single_overlap
6172,Bush,1,1.0,single_overlap
6173,Gaziantep,1,1.0,single_overlap
6174,Syzran,1,1.0,single_overlap
6175,Kefole,1,0.916666667,single_overlap
6177,Bisham,0,0.0,no_overlap
6178,Bhavnagar,1,1.0,single_overlap
6179,Netrokona,1,0.961538462,single_overlap
6180,Jungar,1,1.0,single_overlap
6181,Cirebon,1,0.992509363,single_overlap
6182,Tsuchiura,1,1.0,single_overlap
6183,Oaxaca de Juárez,1,1.0,single_overlap
6184,White Settlement,1,1.0,single_overlap
6185,Ibitinga,1,1.0,single_overlap
6186,Gillingham,1,1.0,single_overlap
6187,Okwagbe,0,0.0,no_overlap
6188,Ankoro,0,0.0,no_overlap
6189,Dayr Abu Hinnis,1,1.0,single_overlap
6190,Nizip,1,1.0,single_overlap
6191,Glazov,1,1.0,single_overlap
6192,Alem Ketema,1,0.714285714,single_overlap
6193,Marvdasht,1,1.0,single_overlap
6194,Tando Muhammad Khan,1,0.823529412,single_overlap
6195,Mansa,1,0.8,single_overlap
6196,Gafargaon,1,1.0,single_overlap
6197,Dayi,1,1.0,single_overlap
6198,Arjawinangun,1,1.0,single_overlap
6199,Ushiku,1,1.0,single_overlap
6200,Orizaba,1,1.0,single_overlap
6201,Edgecliff Village,1,1.0,single_overlap
6202,São Sebastião,1,1.0,single_overlap
6203,Maidstone,1,1.0,single_overlap
6204,Anka,0,0.0,no_overlap
6205,Mulongo,1,1.0,single_overlap
6206,Al Ayyat,1,1.0,single_overlap
6207,Malatya,1,1.0,single_overlap
6208,Balakovo,1,1.0,single_overlap
6209,Bishoftu,1,0.890625,single_overlap
6211,Pattan,0,0.0,no_overlap
6212,Dholka,1,1.0,single_overlap
6213,Bagerhat,1,1.0,single_overlap
6214,Yulin,1,1.0,single_overlap
6215,Kuningan,1,0.994413408,single_overlap
6216,Narita,1,1.0,single_overlap
6217,Ciudad Victoria,1,1.0,single_overlap
6218,Fort Worth,1,1.0,single_overlap
6219,Araguari,1,1.0,single_overlap
6220,Hastings,1,1.0,single_overlap
6222,Poko,0,0.0,no_overlap
6223,Girza,1,1.0,single_overlap
6224,Birecik,0,0.0,no_overlap
6225,Georgiyevsk,1,1.0,single_overlap
6227,Firuzabad,1,1.0,single_overlap
6228,Layyah,1,1.0,single_overlap
6229,Ludhiana,1,1.0,single_overlap
6230,Rajoir,1,0.035714286,single_overlap
6231,Midu,1,1.0,single_overlap
6232,Banjar,1,1.0,single_overlap
6233,Kisarazu,1,1.0,single_overlap
6234,Montemorelos,0,0.0,no_overlap
6235,Handley,1,1.0,single_overlap
6236,Planaltina,1,1.0,single_overlap
6237,Southend-on-Sea,1,0.962025316,single_overlap
6238,Bena,1,0.833333333,single_overlap
6239,Mukubu,1,1.0,single_overlap
6240,Ar Riyaḑ,0,0.0,no_overlap
6241,Adıyaman,1,1.0,single_overlap
6242,Dimitrovgrad,1,1.0,single_overlap
6243,Bonsa Bota,1,0.333333333,single_overlap
6244,Tasouj,0,0.0,no_overlap
6245,Daharki,1,0.75,single_overlap
6246,Barnala,1,1.0,single_overlap
6247,Mathbarer Char,0,0.0,no_overlap
6248,Xiangyun,1,1.0,single_overlap
6249,Karangampel,1,0.05,single_overlap
6250,Kamisu,1,1.0,single_overlap
6251,Cadereyta Jiménez,1,1.0,single_overlap
6252,North Richland Hills,1,1.0,single_overlap
6253,Planaltina,1,0.947368421,single_overlap
6254,Colchester,1,1.0,single_overlap
6255,Orerokpe,1,0.181818182,single_overlap
6256,Kipushi,1,1.0,single_overlap
6257,Mit Habib,2,0.266129032,multiple_overlaps
6258,Akçaabat,1,1.0,single_overlap
6259,Chistopol,0,0.0,no_overlap
6260,Adigrat,1,0.933333333,single_overlap
6261,Kavar,0,0.0,no_overlap
6262,Tando Allahyar,1,1.0,single_overlap
6263,Vijapur,1,1.0,single_overlap
6264,Rajendrapur,1,0.25,single_overlap
6265,Qionglai,1,1.0,single_overlap
6266,Pangandaran,0,0.0,no_overlap
6267,Mobara,1,1.0,single_overlap
6268,El Puente,1,1.0,single_overlap
6269,Arlington,1,1.0,single_overlap
6270,Campo Largo,1,1.0,single_overlap
6271,Ashford,1,1.0,single_overlap
6272,Bomadi,0,0.0,no_overlap
6273,Kongolo,1,0.612903226,single_overlap
6274,Bahma,1,0.235294118,single_overlap
6275,Trabzon,1,1.0,single_overlap
6276,Тимофеевка,1,1.0,single_overlap
6277,Mek'elē,1,0.686567164,single_overlap
6279,Attock,1,1.0,single_overlap
6280,Gandhinagar,1,1.0,single_overlap
6281,Kotalipara,0,0.0,no_overlap
6282,Horinger,1,1.0,single_overlap
6283,Banjarsari,1,1.0,single_overlap
6284,Teziutlán,1,1.0,single_overlap
6285,The Woodlands,1,1.0,single_overlap
6286,Bebedouro,1,1.0,single_overlap
6287,Canterbury,1,1.0,single_overlap
6288,Bida,1,1.0,single_overlap
6289,Mwadingusha,1,0.75,single_overlap
6290,Dayr al Barsha,1,1.0,single_overlap
6291,Kâhta,1,1.0,single_overlap
6292,Baksan,1,1.0,single_overlap
6293,Kersa,1,0.857142857,single_overlap
6296,Talaja,1,0.875,single_overlap
6297,Kishoreganj,2,0.417508418,multiple_overlaps
6298,Chongzhou,1,1.0,single_overlap
6299,Karangwareng,2,0.923076923,multiple_overlaps
6300,Linares,1,1.0,single_overlap
6301,Webster,1,1.0,single_overlap
6302,Catalão,1,1.0,single_overlap
6303,Ipswich,1,1.0,single_overlap
6304,Aiyetoro Gbede,1,1.0,single_overlap
6305,Kyolo,1,0.714285714,single_overlap
6306,Kafr Al-Amir Abd Allah,1,0.866666667,single_overlap
6307,Suruç,1,1.0,single_overlap
6308,Budyonnovsk,1,1.0,single_overlap
6309,Shakiso,0,0.0,no_overlap
6311,Hazro,1,1.0,single_overlap
6312,Mansa,1,1.0,single_overlap
6313,Nandail,0,0.0,no_overlap
6314,Longxian,1,1.0,single_overlap
6315,Majenang,1,0.766666667,single_overlap
6316,Córdoba,1,1.0,single_overlap
6317,Jacinto City,1,1.0,single_overlap
6318,Avaré,1,1.0,single_overlap
6319,Folkestone,1,1.0,single_overlap
6320,Ughelli,1,1.0,single_overlap
6321,Lubumbashi,1,0.949152542,single_overlap
6322,Al Burumbul,1,0.25,single_overlap
6323,Erzincan,1,1.0,single_overlap
6324,Tolyatti,1,1.0,single_overlap
6327,Sanghar,1,0.9,single_overlap
6328,Ladnu,1,1.0,single_overlap
6329,Shibchar,0,0.0,no_overlap
6330,Pengzhou,1,1.0,single_overlap
6331,Waled,1,1.0,single_overlap
6332,Sabinas,0,0.0,no_overlap
6333,Duncanville,1,1.0,single_overlap
6334,Lençóis Paulista,1,1.0,single_overlap
6335,Norwich,1,1.0,single_overlap
6336,Mafara,1,0.916666667,single_overlap
6337,Wamaza,1,0.75,single_overlap
6338,Al Maymun,0,0.0,no_overlap
6339,Elazığ,1,1.0,single_overlap
6340,Nalchik,1,1.0,single_overlap
6341,Kibre Mengist,1,0.833333333,single_overlap
6344,Ratangarh,1,0.933333333,single_overlap
6345,Sreenagar,1,1.0,single_overlap
6346,Mianzhu,1,1.0,single_overlap
6347,Losari,1,0.928571429,single_overlap
6348,Poza Rica,1,1.0,single_overlap
6349,Atascocita,1,1.0,single_overlap
6350,Curitiba,1,0.998233216,single_overlap
6351,Margate,1,0.941176471,single_overlap
6352,Afuze,0,0.0,no_overlap
6353,Lukuni,0,0.0,no_overlap
6354,Kafr Ismail,1,1.0,single_overlap
6355,Koçören,0,0.0,no_overlap
6356,Лада,1,1.0,single_overlap
6357,Mojo,1,1.0,single_overlap
6359,Topi,1,0.923076923,single_overlap
6360,Sujangarh,1,1.0,single_overlap
6361,Kapashia,0,0.0,no_overlap
6362,Yun,1,1.0,single_overlap
6363,Kersana,1,1.0,single_overlap
6364,Coatepec,1,1.0,single_overlap
6365,Irving,1,1.0,single_overlap
6366,Araucária,1,1.0,single_overlap
6367,Great Yarmouth,1,1.0,single_overlap
6368,Kabba,1,1.0,single_overlap
6369,Bafwasende,0,0.0,no_overlap
6370,Um el Qusur,1,1.0,single_overlap
6371,Şanlıurfa,1,1.0,single_overlap
6372,Prokhladny,1,1.0,single_overlap
6373,Quiha,1,1.0,single_overlap
6375,Dera Ghazi Khan,1,0.859375,single_overlap
6376,Merta City,1,1.0,single_overlap
6377,Madaripur,1,1.0,single_overlap
6378,Chengdu,1,1.0,single_overlap
6379,Cilacap,1,1.0,single_overlap
6380,Papantla de Olarte,1,1.0,single_overlap
6381,Pittsville,1,1.0,single_overlap
6382,Jaú,1,1.0,single_overlap
6383,Lowestoft,1,1.0,single_overlap
6384,Ibillo,0,0.0,no_overlap
6385,Mitwaba,0,0.0,no_overlap
6386,Al-Zawamel,1,1.0,single_overlap
6387,Akçakale,1,1.0,single_overlap
6388,Chapaevsk,0,0.0,no_overlap
6389,Wukro,1,1.0,single_overlap
6391,Matli,0,0.0,no_overlap
6392,Idar,1,1.0,single_overlap
6393,Zajira,0,0.0,no_overlap
6394,Wenjiang,1,1.0,single_overlap
6395,Kluwut,1,1.0,single_overlap
6396,Xalapa,1,1.0,single_overlap
6397,Dallas,1,1.0,single_overlap
6398,Jaboticabal,1,1.0,single_overlap
6399,Ekpoma,1,0.942857143,single_overlap
6401,Al Saff,1,0.833333333,single_overlap
6402,Siverek,1,1.0,single_overlap
6403,Nizhnekamsk,1,1.0,single_overlap
6404,Asella,1,0.916666667,single_overlap
6406,Allai,0,0.0,no_overlap
6407,Himatnagar,1,1.0,single_overlap
6408,Agailjhara,1,0.153061224,single_overlap
6409,Qingyang,1,1.0,single_overlap
6410,Paguyangan,1,0.892857143,single_overlap
6411,Túxpam,1,1.0,single_overlap
6412,Lewisville,1,1.0,single_overlap
6413,Formosa,1,1.0,single_overlap
6414,Igarra,1,1.0,single_overlap
6416,Al-Qobabat,1,1.0,single_overlap
6417,Rize,1,1.0,single_overlap
6418,Samara,1,1.0,single_overlap
6419,Maychew,1,0.888888889,single_overlap
6420,Ardakan,1,1.0,single_overlap
6421,Gadoon,0,0.0,no_overlap
6422,Nawanshahr,0,0.0,no_overlap
6423,Pirojpur,0,0.0,no_overlap
6424,Shenmu,1,1.0,single_overlap
6425,Jubang,1,1.0,single_overlap
6426,Martínez de la Torre,1,1.0,single_overlap
6427,Denton,1,1.0,single_overlap
6428,Fazenda Rio Grande,1,1.0,single_overlap
6429,Abraka,1,1.0,single_overlap
6430,Manono,1,0.75,single_overlap
6431,Al Roda,1,1.0,single_overlap
6432,Ergani,1,1.0,single_overlap
6433,Izhevsk,1,1.0,single_overlap
6434,Korem,1,1.0,single_overlap
6436,Battagram,1,0.821428571,single_overlap
6437,Bhadra,0,0.0,no_overlap
6438,Swarupkathi,0,0.0,no_overlap
6439,Pujiang,1,1.0,single_overlap
6440,Jatilawang,1,1.0,single_overlap
6441,Tampico,1,0.977099237,single_overlap
6442,Little Elm,1,1.0,single_overlap
6443,Matão,1,1.0,single_overlap
6444,Amassoma,0,0.0,no_overlap
6445,Shabunda,1,0.875,single_overlap
6446,Abu al Shuquq,0,0.0,no_overlap
6447,Al,0,0.0,no_overlap
6448,Naberezhnye Chelny,1,1.0,single_overlap
6449,Adama,1,0.983870968,single_overlap
6450,Meybod,1,1.0,single_overlap
6451,Ghazi,1,1.0,single_overlap
6452,Malerkotla,1,1.0,single_overlap
6453,Mohanganj,0,0.0,no_overlap
6454,Xilinhot,1,0.925925926,single_overlap
6455,Tegalglagah,1,1.0,single_overlap
6456,Altamira,1,0.960784314,single_overlap
6457,Billings,1,1.0,single_overlap
6458,Barra Bonita,0,0.0,no_overlap
6459,Maradun,0,0.0,no_overlap
6460,Kitotolo,1,1.0,single_overlap
6461,Al Daraksa,1,1.0,single_overlap
6462,Viranşehir,1,1.0,single_overlap
6463,Vladikavkaz,1,1.0,single_overlap
6464,Alamata,1,0.6,single_overlap
6466,Rajanpur,1,1.0,single_overlap
6467,Doraha,1,1.0,single_overlap
6468,Puler Ghat,1,1.0,single_overlap
6469,Qingcheng,0,0.0,no_overlap
6470,Ajibarang,1,1.0,single_overlap
6471,Tierra Blanca,1,1.0,single_overlap
6472,Stonebridge,1,1.0,single_overlap
6473,Itapeva,1,1.0,single_overlap
6474,Okene,1,1.0,single_overlap
6475,Mbulula,0,0.0,no_overlap
6476,Kafr Saqr,0,0.0,no_overlap
6477,Diyarbakir,1,1.0,single_overlap
6478,Nazran,1,1.0,single_overlap
6479,Itiya,1,0.714285714,single_overlap
6481,Pindi Gheb,1,1.0,single_overlap
6482,Khambhat,1,0.928571429,single_overlap
6483,Tarail,1,1.0,single_overlap
6484,Shifang,1,1.0,single_overlap
6485,Tegal,1,0.978319783,single_overlap
6486,Tuxtepec,1,1.0,single_overlap
6487,Allen,1,1.0,single_overlap
6488,Uberaba,1,1.0,single_overlap
6489,Agbor,1,0.931818182,single_overlap
6490,Kasumbalesa,1,0.65,single_overlap
6491,KARIM ALY ABDO,1,1.0,single_overlap
6492,Bingöl,1,1.0,single_overlap
6493,Votkinsk,1,1.0,single_overlap
6494,Dodolla,1,0.727272727,single_overlap
6496,Jampur,1,1.0,single_overlap
6497,Dhuri,1,1.0,single_overlap
6498,Shariatpur,1,0.298387097,single_overlap
6499,Hongya,1,0.818181818,single_overlap
6500,Binangun,1,0.962962963,single_overlap
6501,Veracruz,1,1.0,single_overlap
6502,Norman,1,1.0,single_overlap
6503,Botucatu,1,1.0,single_overlap
6504,Obiaruku,1,1.0,single_overlap
6505,Saramabila,0,0.0,no_overlap
6506,Al Halawat,1,0.5,single_overlap
6507,Ceylanpınar,0,0.0,no_overlap
6508,Sunzha,1,1.0,single_overlap
6509,Asassa,1,0.818181818,single_overlap
6511,Kot Addu,1,0.769230769,single_overlap
6512,Fatehabad,1,0.928571429,single_overlap
6513,Banaripara,0,0.0,no_overlap
6514,Banzhuyuan,1,1.0,single_overlap
6515,Purwokerto,1,1.0,single_overlap
6516,Santo Domingo Tehuantepec,1,1.0,single_overlap
6517,Oklahoma City,1,1.0,single_overlap
6518,Araraquara,1,1.0,single_overlap
6519,Irrua,1,1.0,single_overlap
6520,Isiro,1,0.952380952,single_overlap
6521,Beni Adi,1,1.0,single_overlap
6522,Erzurum,1,1.0,single_overlap
6523,Almetyevsk,1,1.0,single_overlap
6524,Mekoni,1,1.0,single_overlap
6525,Sarvestan,0,0.0,no_overlap
6526,Oghi,0,0.0,no_overlap
6527,Sangrur,1,1.0,single_overlap
6528,Katiadi,0,0.0,no_overlap
6529,Xinjin,1,1.0,single_overlap
6530,Mandiraja,1,0.911764706,single_overlap
6531,Salina Cruz,1,0.913043478,single_overlap
6532,Edmond,1,1.0,single_overlap
6533,Sertãozinho,1,1.0,single_overlap
6534,Oleh,1,1.0,single_overlap
6536,كفر البطيخ,1,1.0,single_overlap
6537,Bismil,0,0.0,no_overlap
6538,Sarapul,1,1.0,single_overlap
6539,Bekoji,1,0.636363636,single_overlap
6540,Kharameh,0,0.0,no_overlap
6541,Chowk Azam,0,0.0,no_overlap
6542,Didwana,1,1.0,single_overlap
6543,Mathbaria,0,0.0,no_overlap
6544,Xichang,1,1.0,single_overlap
6545,Pemalang,1,1.0,single_overlap
6546,Ciudad Acuña,1,1.0,single_overlap
6547,Wichita,1,1.0,single_overlap
6548,Tramandaí,1,1.0,single_overlap
6549,Patani,0,0.0,no_overlap
6550,Nyunzu,1,0.888888889,single_overlap
6551,Hihya,2,1.0,multiple_overlaps
6552,Kızıltepe,1,1.0,single_overlap
6553,Berezniki,1,1.0,single_overlap
6554,Dera,1,0.8,single_overlap
6556,Mirpur Khas,1,0.827586207,single_overlap
6557,Ratia,0,0.0,no_overlap
6558,Bhandaria,0,0.0,no_overlap
6559,Lincang,1,1.0,single_overlap
6560,Gombong,1,1.0,single_overlap
6561,Piedras Negras,1,1.0,single_overlap
6562,Lafayette,1,1.0,single_overlap
6563,Jaraguá do Sul,1,1.0,single_overlap
6564,Sagbama,0,0.0,no_overlap
6565,Walikale,1,0.777777778,single_overlap
6566,Bilbeis,1,1.0,single_overlap
6567,Mardin,0,0.0,no_overlap
6568,Salekhard,0,0.0,no_overlap
6569,Woldia,1,0.647058824,single_overlap
6571,Taxila,1,1.0,single_overlap
6572,Churu,1,1.0,single_overlap
6573,Nikli,1,0.069767442,single_overlap
6574,Hequ,1,1.0,single_overlap
6575,Pemangkat Kota,1,1.0,single_overlap
6576,Juchitán,1,1.0,single_overlap
6577,Tulsa,1,1.0,single_overlap
6578,Capão da Canoa,1,0.239130435,single_overlap
6579,Ozoro,1,0.866666667,single_overlap
6580,Kilwa,1,0.923076923,single_overlap
6581,Ash Shuara,0,0.0,no_overlap
6582,Silvan,0,0.0,no_overlap
6583,Leninogorsk,0,0.0,no_overlap
6584,Kobo,1,0.818181818,single_overlap
6585,Yazd,1,1.0,single_overlap
6586,Sadiqabad,1,1.0,single_overlap
6587,Sunam,1,1.0,single_overlap
6588,Jamalganj,0,0.0,no_overlap
6589,Jiangyou,1,1.0,single_overlap
6590,Singkawang,1,0.857142857,single_overlap
6591,Nuevo Laredo,1,1.0,single_overlap
6592,Baton Rouge,1,1.0,single_overlap
6593,Ribeirao Preto,1,1.0,single_overlap
6594,Magagindoke,1,1.0,single_overlap
6595,Sakania,0,0.0,no_overlap
6596,Manfalut,1,1.0,single_overlap
6597,Batman,1,1.0,single_overlap
6598,Grozny,1,1.0,single_overlap
6599,Huruta,1,0.875,single_overlap
6600,Fasa,1,1.0,single_overlap
6601,Qasba Gujrat,0,0.0,no_overlap
6602,Nadiad,1,1.0,single_overlap
6603,Bhedarganj,0,0.0,no_overlap
6604,Deyang,1,1.0,single_overlap
6605,Loning,1,1.0,single_overlap
6606,San Andrés Tuxtla,1,1.0,single_overlap
6607,New Orleans,1,0.997601918,single_overlap
6608,Balsas,1,1.0,single_overlap
6609,Auchi,1,0.976190476,single_overlap
6610,Kamituga,1,0.916666667,single_overlap
6611,Awlad Seif,1,0.888888889,single_overlap
6612,Muş,1,1.0,single_overlap
6613,Bugulma,1,1.0,single_overlap
6614,Mersa,1,0.777777778,single_overlap
6615,Jahrom County,1,1.0,single_overlap
6616,Fateh Jang,1,1.0,single_overlap
6617,Petlad,1,1.0,single_overlap
6618,Afamolla,0,0.0,no_overlap
6619,Guanghan,1,1.0,single_overlap
6620,Kebumen,1,1.0,single_overlap
6621,Reynosa,2,1.0,multiple_overlaps
6622,Little Rock,1,1.0,single_overlap
6623,Blumenau,1,1.0,single_overlap
6624,Brass,1,1.0,single_overlap
6625,Musangala,1,0.538461538,single_overlap
6626,Madaba,1,1.0,single_overlap
6627,Nusaybin,1,1.0,single_overlap
6628,Kultaevo,1,1.0,single_overlap
6629,Welenchete,1,0.888888889,single_overlap
6630,Bojnurd,1,1.0,single_overlap
6631,Badin,1,0.588235294,single_overlap
6632,Fatehpur Shekhawati,1,1.0,single_overlap
6633,Jhalokathi,0,0.0,no_overlap
6634,Qingbaijiang,1,1.0,single_overlap
6635,Pekalongan,1,1.0,single_overlap
6636,Acayucan,1,1.0,single_overlap
6637,Lawrence,1,1.0,single_overlap
6638,São Carlos,1,1.0,single_overlap
6639,Yenagoa,1,0.97752809,single_overlap
6640,Mutabi,1,0.714285714,single_overlap
6641,Damietta,2,0.943089431,multiple_overlaps
6642,Midyat,1,1.0,single_overlap
6643,Neftekamsk,1,1.0,single_overlap
6644,Dessie,1,1.0,single_overlap
6646,Rahim Yar Khan,1,1.0,single_overlap
6647,Khanna,1,1.0,single_overlap
6648,Bajitpur,1,0.989189189,single_overlap
6649,Xiqu District,1,0.941176471,single_overlap
6650,Banjarnegara,1,1.0,single_overlap
6651,Río Bravo,1,1.0,single_overlap
6652,Lincoln,1,1.0,single_overlap
6653,Unaí,1,1.0,single_overlap
6654,Agaie,1,1.0,single_overlap
6655,Lukonzolwa,0,0.0,no_overlap
6656,Birimbal al Quadima,1,1.0,single_overlap
6657,Siirt,1,1.0,single_overlap
6658,Кондратово,1,1.0,single_overlap
6659,Debre Birhan,1,1.0,single_overlap
6661,Haripur,1,1.0,single_overlap
6662,Anand,1,1.0,single_overlap
6663,Brahmanbaria,3,0.91561939,multiple_overlaps
6664,Mianyang,1,1.0,single_overlap
6665,Grabag,0,0.0,no_overlap
6666,Minatitlán,1,1.0,single_overlap
6667,Olathe,1,1.0,single_overlap
6668,Joinville,1,0.993288591,single_overlap
6669,Umunede,1,1.0,single_overlap
6670,Dungu,1,1.0,single_overlap
6671,Amrit,1,1.0,single_overlap
6672,Tatvan,1,1.0,single_overlap
6673,Лобаново,1,1.0,single_overlap
6674,Hayq,0,0.0,no_overlap
6676,Talagang,1,0.8,single_overlap
6677,Kapadvanj,1,1.0,single_overlap
6678,Sanjaypur,1,0.548387097,single_overlap
6679,Shangdu,1,1.0,single_overlap
6680,Kutoarjo,1,1.0,single_overlap
6681,Coatzacoalcos,1,0.986842105,single_overlap
6682,Springfield,1,1.0,single_overlap
6683,Batatais,1,1.0,single_overlap
6684,Uromi,1,0.944444444,single_overlap
6685,Mafuo,0,0.0,no_overlap
6686,Abu Kabir,1,0.892857143,single_overlap
6687,Kars,1,1.0,single_overlap
6688,Oktjabrski,1,1.0,single_overlap
6689,Adaba,1,1.0,single_overlap
6690,Esfarayen,1,1.0,single_overlap
6691,Baffa,1,0.930232558,single_overlap
6692,Udaipur,1,1.0,single_overlap
6693,Chengarchar,1,0.317307692,single_overlap
6694,Liangcheng,1,1.0,single_overlap
6695,Pontianak,1,1.0,single_overlap
6696,Matamoros,1,1.0,single_overlap
6697,Kansas City,1,1.0,single_overlap
6698,Criciúma,1,1.0,single_overlap
6699,Isa,1,1.0,single_overlap
6700,Misisi,1,0.857142857,single_overlap
6701,Tukh al Qaramuss wa Kafr Sarkis Mansur,1,0.875,single_overlap
6702,Ağrı,1,1.0,single_overlap
6703,Сылва,1,1.0,single_overlap
6704,Kombolcha,1,0.866666667,single_overlap
6705,Neqab,0,0.0,no_overlap
6706,Mansehra,1,0.845238095,single_overlap
6707,Borsad,1,1.0,single_overlap
6708,,0,0.0,no_overlap
6709,Dayangshu,1,0.846153846,single_overlap
6710,Sambas,0,0.0,no_overlap
6711,Cintalapa,0,0.0,no_overlap
6712,Chalco,1,1.0,single_overlap
6713,Paracatu,1,1.0,single_overlap
6714,Okugbe,0,0.0,no_overlap
6715,Walungu,0,0.0,no_overlap
6716,Al 'Izziyah,0,0.0,no_overlap
6717,Patnos,1,1.0,single_overlap
6718,Astrakhan,1,1.0,single_overlap
6720,Shirvan,1,1.0,single_overlap
6721,Digri,1,0.5,single_overlap
6722,Jambusar,0,0.0,no_overlap
6723,Barishal,1,1.0,single_overlap
6724,Huade,1,1.0,single_overlap
6725,Wonosobo,1,1.0,single_overlap
6726,Tuxtla Gutiérrez,1,1.0,single_overlap
6727,Omaha,1,1.0,single_overlap
6728,Paranaguá,1,0.930232558,single_overlap
6729,Ubiaja,0,0.0,no_overlap
6730,Pweto,1,0.75,single_overlap
6731,Beni Muhammadiyat,1,1.0,single_overlap
6732,Cizre,1,1.0,single_overlap
6733,Kizlyar,1,1.0,single_overlap
6734,Gobesa,1,0.833333333,single_overlap
6735,Anar,0,0.0,no_overlap
6736,Jatoi,0,0.0,no_overlap
6737,Mandi Gobindgarh,1,1.0,single_overlap
6738,Barguna,0,0.0,no_overlap
6739,Baode,1,1.0,single_overlap
6740,Purworejo,1,1.0,single_overlap
6741,Cárdenas,1,1.0,single_overlap
6742,Mobile,1,1.0,single_overlap
6743,Franca,1,1.0,single_overlap
6744,Nembe,1,1.0,single_overlap
6745,Bukavu,1,0.984615385,single_overlap
6746,Al Qaramus,1,1.0,single_overlap
6747,Shrnak,1,1.0,single_overlap
6748,Tujmazy,1,1.0,single_overlap
6749,Robe,1,0.555555556,single_overlap
6750,Darab,1,1.0,single_overlap
6751,Havelian Cantonment,3,0.8,multiple_overlaps
6752,Nabha,1,1.0,single_overlap
6753,Sunamganj,1,0.958333333,single_overlap
6754,Jiajiang,1,1.0,single_overlap
6755,Wates,1,1.0,single_overlap
6756,Tapachula,1,1.0,single_overlap
6757,Memphis,1,1.0,single_overlap
6758,Itapetininga,1,1.0,single_overlap
6759,Shinkafi,1,0.909090909,single_overlap
6760,Masisi,0,0.0,no_overlap
6761,Al Abbasa al Sharqiya,1,0.957446809,single_overlap
6762,Silopi,1,1.0,single_overlap
6763,Buzuluk,1,1.0,single_overlap
6765,Sabzevar,1,1.0,single_overlap
6766,Islamabad,1,0.992727273,single_overlap
6767,Nathdwara,1,1.0,single_overlap
6768,Char Madhua,2,0.3125,multiple_overlaps
6769,Emeishan,1,0.634920635,single_overlap
6770,Parakan,1,1.0,single_overlap
6771,Comalcalco,0,0.0,no_overlap
6772,Sioux Falls,1,1.0,single_overlap
6773,Brusque,0,0.0,no_overlap
6774,Kwale,1,1.0,single_overlap
6775,Nyangezi,0,0.0,no_overlap
6776,Asyut,1,0.993103448,single_overlap
6777,Erciş,1,1.0,single_overlap
6778,Khasavyurt,1,1.0,single_overlap
6779,Kamisee,1,0.6,single_overlap
6781,Balakot,1,1.0,single_overlap
6782,Rajsamand,1,1.0,single_overlap
6783,Austagram,0,0.0,no_overlap
6784,Panzhihua,1,1.0,single_overlap
6785,Semarang,1,0.99668325,single_overlap
6786,San Cristóbal de las Casas,1,1.0,single_overlap
6787,Fort Walton Beach,1,0.96,single_overlap
6788,Patrocínio,1,0.944444444,single_overlap
6789,Akinima,1,1.0,single_overlap
6790,Rubaya,1,0.7,single_overlap
6791,Faqous,1,1.0,single_overlap
6792,Van,1,1.0,single_overlap
6793,Kizilyurt,0,0.0,no_overlap
6794,Negele,1,0.461538462,single_overlap
6795,Quchan,1,1.0,single_overlap
6796,Garhi Habibullah,2,0.714285714,multiple_overlaps
6797,Modasa,1,1.0,single_overlap
6798,Chandpur,1,1.0,single_overlap
6799,Ulanqab,1,1.0,single_overlap
6800,Temanggung,1,1.0,single_overlap
6801,Villahermosa,1,1.0,single_overlap
6802,Panama City,1,1.0,single_overlap
6803,Tatuí,1,1.0,single_overlap
6804,Minna,1,1.0,single_overlap
6805,Ngungu Centre,0,0.0,no_overlap
6806,Al-Gamaleya,1,1.0,single_overlap
6807,Iğdır,1,1.0,single_overlap
6808,Kungur,0,0.0,no_overlap
6810,Rafsanjan,1,1.0,single_overlap
6811,Abbottabad,1,0.953271028,single_overlap
6812,Makrana,1,1.0,single_overlap
6813,Matlab,1,1.0,single_overlap
6814,Pengshan,1,1.0,single_overlap
6815,Magelang,1,1.0,single_overlap
6816,Comitán,1,1.0,single_overlap
6817,Des Moines,1,1.0,single_overlap
6818,Piracicaba,1,1.0,single_overlap
6819,Birnin Gwari,1,1.0,single_overlap
6820,Tenth Of Ramadan,1,0.177777778,single_overlap
6821,Kamanyola,1,0.833333333,single_overlap
6822,Doğubayazıt,1,1.0,single_overlap
6823,Belebei,0,0.0,no_overlap
6825,Sirjan,1,1.0,single_overlap
6826,Muzaffargarh,1,1.0,single_overlap
6827,Beawar,1,1.0,single_overlap
6828,Dirai,0,0.0,no_overlap
6829,Longquanyi,1,1.0,single_overlap
6830,Muntilan,1,1.0,single_overlap
6831,Ocosingo,0,0.0,no_overlap
6832,Montgomery,1,1.0,single_overlap
6833,Itajaí,1,1.0,single_overlap
6834,Fugar,0,0.0,no_overlap
6835,Abnub,1,0.961538462,single_overlap
6836,Busisi,1,0.818181818,single_overlap
6837,Hakkâri,1,1.0,single_overlap
6838,Lysva,1,1.0,single_overlap
6839,Shoa Robit,1,0.625,single_overlap
6840,Firuzeh,0,0.0,no_overlap
6841,Joharabad,1,0.294117647,single_overlap
6842,Rajgarh,1,1.0,single_overlap
6843,Patuakhali,0,0.0,no_overlap
6844,Meishan,1,1.0,single_overlap
6845,Yogyakarta,1,1.0,single_overlap
6846,Ciudad del Carmen,1,0.913043478,single_overlap
6847,O’Fallon,1,1.0,single_overlap
6848,Rio Claro,1,1.0,single_overlap
6849,Kaura-Namoda,1,1.0,single_overlap
6850,Al-Asafra,1,1.0,single_overlap
6851,Luvungi,0,0.0,no_overlap
6852,Yüksekova,1,1.0,single_overlap
6853,Buynaksk,1,1.0,single_overlap
6854,Bati,1,1.0,single_overlap
6855,Neyshabur,1,1.0,single_overlap
6856,Alipur,1,1.0,single_overlap
6857,Laxmangarh,1,1.0,single_overlap
6858,Satmura,2,0.93877551,multiple_overlaps
6859,Dong,1,1.0,single_overlap
6860,Ngluwar,2,1.0,multiple_overlaps
6861,Campeche,1,1.0,single_overlap
6862,Birmingham,1,1.0,single_overlap
6863,Santa Inês,1,1.0,single_overlap
6864,Ogwashi-Uku,1,1.0,single_overlap
6865,Kafr al Bazat,1,1.0,single_overlap
6866,Mambasa,1,0.909090909,single_overlap
6867,Makhachkala,1,1.0,single_overlap
6868,Ataye,1,0.875,single_overlap
6869,Zarand,1,1.0,single_overlap
6870,Khanpur,1,1.0,single_overlap
6871,Tohana,1,1.0,single_overlap
6872,Narayanpur,1,1.0,single_overlap
6873,Lüeyang,1,1.0,single_overlap
6874,Ambarawa,1,1.0,single_overlap
6875,Mérida,1,1.0,single_overlap
6876,St. Louis,1,1.0,single_overlap
6877,Balneário Camboriú,1,1.0,single_overlap
6879,,1,0.90625,single_overlap
6880,Baraka,1,0.954545455,single_overlap
6881,Kaspiysk,1,1.0,single_overlap
6882,Abomsa,1,0.8,single_overlap
6883,Kashmar,1,1.0,single_overlap
6884,Gilgit,1,1.0,single_overlap
6885,Umreth,1,1.0,single_overlap
6886,Shibpur,1,0.589285714,single_overlap
6887,Pianguan,1,1.0,single_overlap
6888,Salatiga,1,1.0,single_overlap
6889,Progreso,0,0.0,no_overlap
6890,Tallahassee,1,1.0,single_overlap
6891,Pirassununga,1,1.0,single_overlap
6892,Lapai,1,1.0,single_overlap
6893,Al Yaudi,0,0.0,no_overlap
6894,Sake,1,1.0,single_overlap
6895,Serov,1,1.0,single_overlap
6896,Meslo,1,0.714285714,single_overlap
6897,Mashhad,1,0.886075949,single_overlap
6898,Muzaffarabad,1,1.0,single_overlap
6899,Rupnagar,1,1.0,single_overlap
6900,Baniachong,0,0.0,no_overlap
6901,Jintang,2,0.677419355,multiple_overlaps
6902,Wonosari,1,1.0,single_overlap
6903,Chetumal,1,0.975609756,single_overlap
6904,Saint Petersburg,1,0.99858156,single_overlap
6905,Tubarão,1,1.0,single_overlap
6906,Gusau,1,1.0,single_overlap
6907,Kitchanga,0,0.0,no_overlap
6908,Salehia,1,1.0,single_overlap
6909,Sagasi-Deybuk,0,0.0,no_overlap
6910,Goba,1,0.727272727,single_overlap
6911,Kerman,1,1.0,single_overlap
6912,Multan,1,1.0,single_overlap
6913,Surat,1,0.952702703,single_overlap
6914,Nasirnagar,0,0.0,no_overlap
6915,Dayao,1,1.0,single_overlap
6916,Ketapang,1,1.0,single_overlap
6917,Valladolid,1,1.0,single_overlap
6918,Sarasota,1,1.0,single_overlap
6919,Araxá,1,1.0,single_overlap
6920,Lokoja,1,0.8125,single_overlap
6921,Kalemie,1,0.811320755,single_overlap
6922,Abu Tig,1,0.428571429,single_overlap
6923,Dema,1,1.0,single_overlap
6924,Robe,1,0.75,single_overlap
6925,Arzuiyeh,0,0.0,no_overlap
6926,Shujaabad,1,0.947368421,single_overlap
6928,Gokarna,0,0.0,no_overlap
6929,Suji,1,1.0,single_overlap
6930,Ngabang,1,0.916666667,single_overlap
6931,Playa del Carmen,1,1.0,single_overlap
6932,Bradenton,1,1.0,single_overlap
6933,Itapema,1,1.0,single_overlap
6934,Asaba,1,0.985714286,single_overlap
6935,Uvira,1,0.967741935,single_overlap
6936,Dikiran,1,0.45,single_overlap
6937,Ufa,1,1.0,single_overlap
6939,Torbat-e Heydarieh,1,1.0,single_overlap
6940,Bani Gala,1,0.958333333,single_overlap
6941,Patran,1,1.0,single_overlap
6942,Shahbazpur,1,0.9,single_overlap
6943,Baoji,1,1.0,single_overlap
6944,Tengaran,1,1.0,single_overlap
6945,San Miguel de Cozumel,1,0.85,single_overlap
6946,Venice,1,1.0,single_overlap
6947,Leme,1,1.0,single_overlap
6948,Akabuka,1,1.0,single_overlap
6949,Goma,1,0.714285714,single_overlap
6950,Sahel Silim,1,0.833333333,single_overlap
6951,Yugorsk,1,1.0,single_overlap
6953,Rabor,0,0.0,no_overlap
6954,Uch Sharif,0,0.0,no_overlap
6955,Hisar,1,1.0,single_overlap
6956,Lakhai,0,0.0,no_overlap
6957,Zhongjiang,1,1.0,single_overlap
6958,Surakarta,1,1.0,single_overlap
6959,Cancún,1,1.0,single_overlap
6960,Huntsville,1,1.0,single_overlap
6961,Florianópolis,1,1.0,single_overlap
6962,Ahoada,1,1.0,single_overlap
6963,Kanyabayonga,1,0.272727273,single_overlap
6964,El Ghanayem,1,1.0,single_overlap
6965,Mechara,0,0.0,no_overlap
6966,Nizhny Tagil,1,1.0,single_overlap
6967,Bandar Abbas,1,0.985714286,single_overlap
6968,Chakwal,1,1.0,single_overlap
6969,Majri,1,1.0,single_overlap
6970,Comilla,1,1.0,single_overlap
6971,Leshan,1,0.977011494,single_overlap
6972,Demak,1,1.0,single_overlap
6973,Cape Coral,1,1.0,single_overlap
6974,Limeira,1,1.0,single_overlap
6975,Omoku,1,1.0,single_overlap
6976,Kirumba,1,0.692307692,single_overlap
6977,Sidfa,2,0.551282051,multiple_overlaps
6978,Gelemso,1,0.666666667,single_overlap
6979,Sterlitamak,1,1.0,single_overlap
6980,Minab,0,0.0,no_overlap
6981,Sahiwal,0,0.0,no_overlap
6982,Kuchaman,1,1.0,single_overlap
6983,Mehari,1,1.0,single_overlap
6984,Baolun,0,0.0,no_overlap
6985,Tambakboyo,1,1.0,single_overlap
6986,Naples,1,1.0,single_overlap
6987,Araras,1,1.0,single_overlap
6988,Abua,1,1.0,single_overlap
6989,Kitsombiro,0,0.0,no_overlap
6990,Port Said,1,0.964912281,single_overlap
6992,Дзержинский район,1,1.0,single_overlap
6993,Roudan,1,1.0,single_overlap
6994,Liaquatpur,0,0.0,no_overlap
6995,Sundarnagar,1,1.0,single_overlap
6996,Bhola,1,0.528571429,single_overlap
6997,Lancang,1,1.0,single_overlap
6998,Jepara,1,0.99408284,single_overlap
6999,Bayonet Point,1,1.0,single_overlap
7000,Barra do Corda,0,0.0,no_overlap
7001,Shiroro,0,0.0,no_overlap
7002,Biakato,0,0.0,no_overlap
7003,Tima,1,1.0,single_overlap
7004,Bedessa,1,0.7,single_overlap
7005,Salavat,1,1.0,single_overlap
7006,Birjand,1,0.970588235,single_overlap
7007,Jalalpur Pirwala,0,0.0,no_overlap
7008,Ajmer,1,1.0,single_overlap
7009,Chhatak,0,0.0,no_overlap
7010,Huaikou,1,0.666666667,single_overlap
7011,Sukoharjo,1,1.0,single_overlap
7012,Tampa,1,1.0,single_overlap
7013,Americana,1,1.0,single_overlap
7014,,0,0.0,no_overlap
7015,Butembo,1,1.0,single_overlap
7016,Tahta,1,1.0,single_overlap
7017,Ginir,1,1.0,single_overlap
7018,Orenburg,1,1.0,single_overlap
7019,جیرفت,1,1.0,single_overlap
7020,Kunri,1,0.833333333,single_overlap
7021,Vadodara,1,1.0,single_overlap
7022,Shaistaganj,0,0.0,no_overlap
7023,Nanhua,0,0.0,no_overlap
7024,Bekonang,1,1.0,single_overlap
7025,Fargo,1,1.0,single_overlap
7026,Pinheiro,0,0.0,no_overlap
7027,Agenebode,1,1.0,single_overlap
7028,Kipese,0,0.0,no_overlap
7029,Al Harafsha,2,0.693333333,multiple_overlaps
7030,Chiro,1,0.833333333,single_overlap
7031,Novouralsk,1,1.0,single_overlap
7033,Birote,0,0.0,no_overlap
7034,Padra,1,1.0,single_overlap
7035,Companyganj,0,0.0,no_overlap
7036,Fengxiang,1,1.0,single_overlap
7037,Wonogiri,1,1.0,single_overlap
7038,Iowa City,1,1.0,single_overlap
7039,São Sebastião do Paraíso,1,1.0,single_overlap
7040,Zurmi,0,0.0,no_overlap
7041,Loutu,0,0.0,no_overlap
7042,Al Ismailiya,1,1.0,single_overlap
7043,Filtu,0,0.0,no_overlap
7044,Pervouralsk,0,0.0,no_overlap
7045,Seerik,0,0.0,no_overlap
7046,Umerkot,1,0.705882353,single_overlap
7047,Patiala,1,1.0,single_overlap
7048,Habiganj,1,1.0,single_overlap
7049,Guangyuan,2,0.931034483,multiple_overlaps
7050,Kudus,1,1.0,single_overlap
7051,Cedar Rapids,1,1.0,single_overlap
7052,Sorocaba,1,1.0,single_overlap
7053,Soku,0,0.0,no_overlap
7054,Beni,1,0.942857143,single_overlap
7055,Maragha,1,1.0,single_overlap
7056,Hirna,0,0.0,no_overlap
7057,Yekaterinburg,1,1.0,single_overlap
7058,Kahnuj,1,1.0,single_overlap
7059,Kahuta,1,1.0,single_overlap
7060,Balasinor,1,0.666666667,single_overlap
7061,Bijoynagar,0,0.0,no_overlap
7062,Zichang,1,1.0,single_overlap
7063,Purwodadi,1,1.0,single_overlap
7064,Brandon,1,1.0,single_overlap
7065,Patos de Minas,1,1.0,single_overlap
7066,Ebocha,1,1.0,single_overlap
7067,Rutshuru,1,0.428571429,single_overlap
7068,El-Shaikh Youssef,1,1.0,single_overlap
7070,Beloretsk,0,0.0,no_overlap
7071,Torbat-e Jam,1,1.0,single_overlap
7072,Ahmedpur East,1,1.0,single_overlap
7073,Nalagarh,0,0.0,no_overlap
7074,Shahrasti,1,1.0,single_overlap
7075,Renshou,1,1.0,single_overlap
7076,Pacitan,1,1.0,single_overlap
7077,Spring Hill,1,1.0,single_overlap
7078,Campinas,1,1.0,single_overlap
7079,Idah,1,0.962962963,single_overlap
7080,Durba,1,0.413793103,single_overlap
7081,Saqultah,1,1.0,single_overlap
7082,Karamile,1,0.833333333,single_overlap
7083,Zlatoust,1,1.0,single_overlap
7084,Bam,1,1.0,single_overlap
7085,Sargodha,1,1.0,single_overlap
7086,Sikar,1,1.0,single_overlap
7087,Madhabpur,0,0.0,no_overlap
7088,Wutongqiao,1,1.0,single_overlap
7089,Sragen,1,1.0,single_overlap
7090,Nashville,1,1.0,single_overlap
7091,Cosmópolis,1,1.0,single_overlap
7092,Onitsha,2,0.967889908,multiple_overlaps
7093,Suhaj,1,0.988505747,single_overlap
7094,Nyamilima,1,0.714285714,single_overlap
7096,Ozyorsk,0,0.0,no_overlap
7097,Rudbar,0,0.0,no_overlap
7098,Sillanwali,0,0.0,no_overlap
7099,Bharuch,1,1.0,single_overlap
7100,Akhaura,1,0.714285714,single_overlap
7101,Jianyang,1,0.954545455,single_overlap
7102,Pati,1,1.0,single_overlap
7103,Lakeland,1,1.0,single_overlap
7104,Salto,1,1.0,single_overlap
7105,Elele Alimini,0,0.0,no_overlap
7106,Katanga,1,0.4,single_overlap
7107,Al-Manshah,1,1.0,single_overlap
7108,Deder,1,0.666666667,single_overlap
7109,Miass,1,1.0,single_overlap
7110,Narmashir,0,0.0,no_overlap
7111,Kabirwala,1,1.0,single_overlap
7112,Jhunjhunu,1,1.0,single_overlap
7113,Kasba,1,1.0,single_overlap
7114,Huili,1,1.0,single_overlap
7115,Sanggau,1,0.916666667,single_overlap
7116,Davenport,1,1.0,single_overlap
7117,Itu,1,1.0,single_overlap
7118,Abonnema,1,0.8125,single_overlap
7119,Moba,0,0.0,no_overlap
7120,El-Usayrat,1,1.0,single_overlap
7121,Chelenko,0,0.0,no_overlap
7122,Magnitogorsk,1,1.0,single_overlap
7123,Fahraj,0,0.0,no_overlap
7124,Shorkot,0,0.0,no_overlap
7125,Nawalgarh,1,1.0,single_overlap
7126,Bahubal,0,0.0,no_overlap
7127,Xingxian,1,1.0,single_overlap
7128,Bantengan,1,0.8,single_overlap
7129,Evansville,1,1.0,single_overlap
7130,Indaiatuba,1,0.975609756,single_overlap
7131,Owerri,2,0.937062937,multiple_overlaps
7132,Suez,1,1.0,single_overlap
7133,Mongbwalu,1,1.0,single_overlap
7134,Burka,0,0.0,no_overlap
7135,Kamensk-Uralsky,1,1.0,single_overlap
7136,MohammadAbad-e Rigan,0,0.0,no_overlap
7137,Gujar Khan,1,1.0,single_overlap
7138,Dungarpur,1,1.0,single_overlap
7139,Munshir Hat,0,0.0,no_overlap
7140,Santai,1,1.0,single_overlap
7141,Juwana,1,1.0,single_overlap
7142,Homestead,1,1.0,single_overlap
7143,Passos,1,1.0,single_overlap
7144,Idama,0,0.0,no_overlap
7145,Girga,1,1.0,single_overlap
7146,Bunia,1,0.825396825,single_overlap
7147,Dire Dawa,1,0.944444444,single_overlap
7148,Южный,1,1.0,single_overlap
7149,Golmorti,0,0.0,no_overlap
7150,Bhera,0,0.0,no_overlap
7151,Chandigarh,1,1.0,single_overlap
7152,বিশ্বনাথ - Biswanath,0,0.0,no_overlap
7153,Jinggu,1,1.0,single_overlap
7154,Ponorogo,1,1.0,single_overlap
7155,Saint Cloud,1,1.0,single_overlap
7156,Mogi Guaçu,1,1.0,single_overlap
7157,Chafe,1,1.0,single_overlap
7158,Ezbet Nazif,1,1.0,single_overlap
7159,Lingi,1,0.428571429,single_overlap
7160,Aweday,1,1.0,single_overlap
7161,Metallurgicheskiy District,1,1.0,single_overlap
7162,Zahedan,1,1.0,single_overlap
7163,Jhang,1,1.0,single_overlap
7164,Ankleshwar,1,0.979166667,single_overlap
7165,Haria Hossainpur,1,1.0,single_overlap
7166,Fengzhen,1,1.0,single_overlap
7167,Madiun,1,1.0,single_overlap
7168,Miami,1,0.999640805,single_overlap
7169,Mogi Mirim,1,1.0,single_overlap
7170,Bugama,1,1.0,single_overlap
7171,Balyana,1,1.0,single_overlap
7172,Ariwara,1,1.0,single_overlap
7173,Harar,1,1.0,single_overlap
7174,Chelyabinsk,1,1.0,single_overlap
7175,Zabol,1,1.0,single_overlap
7176,Khewra,0,0.0,no_overlap
7177,Cheeka,0,0.0,no_overlap
7178,Sylhet,1,1.0,single_overlap
7179,Binzhou,0,0.0,no_overlap
7180,Joresan,1,1.0,single_overlap
7181,Minneapolis [Saint Paul],1,1.0,single_overlap
7182,Bacabal,1,1.0,single_overlap
7183,Awomama,1,0.933333333,single_overlap
7184,Awlad Yehia Qibly,1,0.111111111,single_overlap
7185,Aru,1,0.933333333,single_overlap
7186,Melka Chireti,0,0.0,no_overlap
7187,Novy Urengoy,1,1.0,single_overlap
7189,Khanewal,1,0.956521739,single_overlap
7190,Kosamba,1,0.833333333,single_overlap
7191,Chunarughat,0,0.0,no_overlap
7192,Chuxiong,1,1.0,single_overlap
7193,Rembang,1,1.0,single_overlap
7194,Rochester,1,1.0,single_overlap
7195,São Roque,1,1.0,single_overlap
7196,Abaji,1,1.0,single_overlap
7197,Nag Hammadi,1,1.0,single_overlap
7198,Mahagi,1,0.727272727,single_overlap
7200,Kopeysk,1,1.0,single_overlap
7201,Iranshahr,1,1.0,single_overlap
7202,Jahanian,1,1.0,single_overlap
7203,Narwana,1,1.0,single_overlap
7204,Routhkhai,0,0.0,no_overlap
7205,Zalantun,1,1.0,single_overlap
7206,Ngawi,1,1.0,single_overlap
7207,Fair Oaks,1,1.0,single_overlap
7208,São João da Boa Vista,1,1.0,single_overlap
7209,Port Harcourt,1,0.829032258,single_overlap
7210,Dishna,1,1.0,single_overlap
7212,Novotroitsk,1,1.0,single_overlap
7213,Khash,1,1.0,single_overlap
7214,Bhalwal,1,0.857142857,single_overlap
7215,Kamrej,1,1.0,single_overlap
7216,Lalmohan,0,0.0,no_overlap
7217,Suide,1,1.0,single_overlap
7218,Dolopo,1,1.0,single_overlap
7219,Atlanta,1,1.0,single_overlap
7220,Itupeva,1,1.0,single_overlap
7221,Omo,1,1.0,single_overlap
7222,Luxor,1,0.904320988,single_overlap
7223,Babille,0,0.0,no_overlap
7224,Orsk,1,1.0,single_overlap
7225,Chabahar,1,0.962962963,single_overlap
7226,Dunyapur,0,0.0,no_overlap
7227,Pilani,1,1.0,single_overlap
7228,Char Alexander,0,0.0,no_overlap
7229,Zuoyun,1,1.0,single_overlap
7230,Blora,1,1.0,single_overlap
7231,Riverwood,1,1.0,single_overlap
7232,Vinhedo,1,1.0,single_overlap
7233,Yangoji,1,0.916666667,single_overlap
7234,Esna,1,1.0,single_overlap
7235,Dolo,1,0.857142857,single_overlap
7236,Khanty-Mansiysk,0,0.0,no_overlap
7237,Suran,0,0.0,no_overlap
7238,Lodhran,1,1.0,single_overlap
7239,RICCO Industrial Area,1,1.0,single_overlap
7240,Tazumoddin,0,0.0,no_overlap
7241,Qishan,0,0.0,no_overlap
7242,Trenggalek,1,1.0,single_overlap
7243,Orlando,1,1.0,single_overlap
7244,Itapira,1,1.0,single_overlap
7245,Dekina,0,0.0,no_overlap
7246,Qena,1,0.742857143,single_overlap
7247,Fik',1,0.333333333,single_overlap
7248,Tyumen,1,1.0,single_overlap
7249,Rawalakot,0,0.0,no_overlap
7250,Rajpura,1,0.96,single_overlap
7251,Charfasson,0,0.0,no_overlap
7252,Yan'an,1,1.0,single_overlap
7253,Bendo,1,1.0,single_overlap
7254,Dunwoody,1,1.0,single_overlap
7255,Jundiaí,1,1.0,single_overlap
7256,Igwuruta,1,0.909090909,single_overlap
7257,Qus,1,1.0,single_overlap
7259,Tobolsk,0,0.0,no_overlap
7260,Bahawalpur,1,1.0,single_overlap
7261,Hansi,1,1.0,single_overlap
7262,Moulvibazar,1,1.0,single_overlap
7263,Caijiapo,1,1.0,single_overlap
7264,Padangan,1,1.0,single_overlap
7265,Bloomington,1,1.0,single_overlap
7266,Amparo,0,0.0,no_overlap
7267,Gwagwalada,1,1.0,single_overlap
7268,Arish,1,1.0,single_overlap
7269,Jijiga,1,0.725,single_overlap
7270,Noyabrsk,0,0.0,no_overlap
7271,Lalian,0,0.0,no_overlap
7272,Lunavada,1,1.0,single_overlap
7273,Golapganj,1,0.486666667,single_overlap
7274,Mianxian,1,1.0,single_overlap
7275,Tulungagung,2,1.0,multiple_overlaps
7276,Norcross,1,1.0,single_overlap
7277,São Paulo,1,1.0,single_overlap
7278,Awka,1,1.0,single_overlap
7279,Abnud,1,1.0,single_overlap
7281,Kurgan,1,1.0,single_overlap
7282,Malakwal,0,0.0,no_overlap
7283,Navsari,1,1.0,single_overlap
7284,Sreemangal,1,1.0,single_overlap
7285,Qianwei,1,1.0,single_overlap
7286,Nganjuk,1,0.907801418,single_overlap
7287,Hopkins Mill,1,1.0,single_overlap
7288,Itatiba,1,1.0,single_overlap
7289,Doka Ashafa,1,1.0,single_overlap
7290,Al Mifarragiya,1,1.0,single_overlap
7292,Nefteyugansk,0,0.0,no_overlap
7293,Toba Tek Singh,1,0.96969697,single_overlap
7294,Kalol,1,1.0,single_overlap
7295,Fenchuganj,0,0.0,no_overlap
7296,Pinglu,1,1.0,single_overlap
7297,Bojonegoro,1,1.0,single_overlap
7298,Alafaya,1,1.0,single_overlap
7299,Poços de Caldas,1,1.0,single_overlap
7300,Gidan Mai Ungwan,0,0.0,no_overlap
7301,Hijazah,0,0.0,no_overlap
7302,Kebri Beyah,0,0.0,no_overlap
7303,Surgut,0,0.0,no_overlap
7304,Kahror Pacca,1,1.0,single_overlap
7305,Halol,1,1.0,single_overlap
7306,Darbasta,0,0.0,no_overlap
7307,Liqu,1,0.294117647,single_overlap
7308,Kediri,1,1.0,single_overlap
7309,Lawrenceville,1,1.0,single_overlap
7310,Polvilho,1,1.0,single_overlap
7311,Oyigbo,1,0.388059701,single_overlap
7312,Al Kajuj,1,1.0,single_overlap
7313,Togechane,0,0.0,no_overlap
7314,Ishim,1,1.0,single_overlap
7315,Rabwah,1,1.0,single_overlap
7316,Chirawa,1,1.0,single_overlap
7317,Charkhai,0,0.0,no_overlap
7318,Ziyang,1,0.947368421,single_overlap
7319,Sukorejo,1,1.0,single_overlap
7320,Champaign,1,1.0,single_overlap
7321,Barreiras,1,1.0,single_overlap
7322,Okrika,1,0.791666667,single_overlap
7323,Daraw,0,0.0,no_overlap
7324,Hartishek,1,0.666666667,single_overlap
7325,Nizhnevartovsk,1,1.0,single_overlap
7326,Pir Mahal,1,1.0,single_overlap
7327,Kaithal,1,1.0,single_overlap
7328,Beanibazar,1,0.886363636,single_overlap
7329,Yanting,1,1.0,single_overlap
7330,Warujayeng,1,1.0,single_overlap
7331,Port Saint Lucie,1,1.0,single_overlap
7332,Jardim Santa Fé,1,1.0,single_overlap
7333,Maji,1,1.0,single_overlap
7334,Kawm Ombo,1,0.8,single_overlap
7335,Degehabur,1,0.6,single_overlap
7336,Omsk,1,1.0,single_overlap
7337,Dina,1,0.666666667,single_overlap
7338,Valsad,1,0.945945946,single_overlap
7339,,0,0.0,no_overlap
7341,Ponggok,1,1.0,single_overlap
7342,Palm Bay,1,1.0,single_overlap
7343,Francisco Morato,1,1.0,single_overlap
7344,Ogale,1,0.222222222,single_overlap
7345,Aswan,1,1.0,single_overlap
7347,Seversk,1,1.0,single_overlap
7348,Gojra,1,1.0,single_overlap
7349,Daman,1,1.0,single_overlap
7350,Kulaura,0,0.0,no_overlap
7351,Lin,1,1.0,single_overlap
7352,Blitar,1,1.0,single_overlap
7353,Jacksonville,1,1.0,single_overlap
7354,Perus,1,1.0,single_overlap
7355,Djibia,1,1.0,single_overlap
7356,Hurghada,1,0.729166667,single_overlap
7357,Gode,1,0.692307692,single_overlap
7358,Novosibirsk,1,1.0,single_overlap
7359,Mian Channu,1,0.882352941,single_overlap
7360,Umbergaon Road,1,0.909090909,single_overlap
7361,Feni,1,0.976744186,single_overlap
7362,Fufeng,1,1.0,single_overlap
7363,Sintang,1,1.0,single_overlap
7364,Jupiter,1,1.0,single_overlap
7365,São Luís,1,1.0,single_overlap
7366,Madalla,1,1.0,single_overlap
7368,Tomsk,1,1.0,single_overlap
7369,Kotli,1,1.0,single_overlap
7370,Dahanu,0,0.0,no_overlap
7371,Shahbazpur,0,0.0,no_overlap
7372,Wangcang County,1,1.0,single_overlap
7373,Kertosono,1,1.0,single_overlap
7374,Fort Pierce,1,1.0,single_overlap
7375,Bragança Paulista,1,1.0,single_overlap
7376,Ayangba,1,1.0,single_overlap
7378,Young Leninist,1,1.0,single_overlap
7379,Chiniot,1,1.0,single_overlap
7380,Kalka,1,1.0,single_overlap
7381,Hatiya,0,0.0,no_overlap
7382,Cangxi County,1,0.882352941,single_overlap
7383,Pare,1,1.0,single_overlap
7384,Palm Coast,1,1.0,single_overlap
7385,Atibaia,1,1.0,single_overlap
7386,Bonny,1,0.865384615,single_overlap
7387,Kebri Dehar,1,0.642857143,single_overlap
7388,Berdsk,1,1.0,single_overlap
7389,Mirpur,1,1.0,single_overlap
7390,Godhra,1,0.966666667,single_overlap
7391,Barlekha,0,0.0,no_overlap
7392,Yongshan,1,1.0,single_overlap
7393,Tuban,1,1.0,single_overlap
7394,Daytona Beach,1,1.0,single_overlap
7395,Praia Grande,1,0.985294118,single_overlap
7396,Batsari,1,0.857142857,single_overlap
7398,Kemerovo,1,1.0,single_overlap
7399,Mandi Bahauddin,1,1.0,single_overlap
7400,Bilimora,1,1.0,single_overlap
7401,Baraiyarhat,1,0.046296296,single_overlap
7402,Rongxian,1,1.0,single_overlap
7403,Pangkalan Bun,1,0.826086957,single_overlap
7404,Beechwood,2,1.0,multiple_overlaps
7405,Alfenas,1,1.0,single_overlap
7406,Onne,1,0.423076923,single_overlap
7407,Abudwak,1,0.363636364,single_overlap
7408,Rubtsovsk,1,1.0,single_overlap
7409,Mailsi,1,1.0,single_overlap
7410,Dabhoi,1,1.0,single_overlap
7411,Chagalnaiya,0,0.0,no_overlap
7412,Shuozhou,1,1.0,single_overlap
7413,Jombang,1,1.0,single_overlap
7414,Jacksonville Beach,1,1.0,single_overlap
7415,Arujá,1,1.0,single_overlap
7416,Kuje,1,1.0,single_overlap
7418,Barnaul,1,1.0,single_overlap
7419,Jhelum,1,1.0,single_overlap
7420,Bardoli,1,1.0,single_overlap
7421,Mirsharai,1,0.171428571,single_overlap
7422,Shehong,1,1.0,single_overlap
7423,Nanga Pinoh,1,1.0,single_overlap
7424,Louisville,1,1.0,single_overlap
7425,Santos,1,0.987341772,single_overlap
7426,Aboh,1,0.978082192,single_overlap
7427,Belovo,0,0.0,no_overlap
7428,Faisalabad,1,1.0,single_overlap
7429,Vapi,1,0.854545455,single_overlap
7430,Sandwip,0,0.0,no_overlap
7431,Qikou,0,0.0,no_overlap
7432,Mojoagung,1,1.0,single_overlap
7433,Bloomington,1,1.0,single_overlap
7434,Codó,1,1.0,single_overlap
7435,Chara,0,0.0,no_overlap
7436,Сафоново,0,0.0,no_overlap
7437,Kamalia,1,0.944444444,single_overlap
7438,Boisar,1,1.0,single_overlap
7439,Chattogram,1,0.98265896,single_overlap
7440,Datong,1,1.0,single_overlap
7441,Sumberpucung,1,1.0,single_overlap
7442,Rockford,1,1.0,single_overlap
7443,Pouso Alegre,1,1.0,single_overlap
7444,Enugu Umunze,1,1.0,single_overlap
7445,Biysk,1,1.0,single_overlap
7446,Vehari,1,1.0,single_overlap
7447,Ambala,1,1.0,single_overlap
7448,Matiranga,0,0.0,no_overlap
7449,Hanzhong,1,1.0,single_overlap
7450,Brondong,0,0.0,no_overlap
7451,Westhaven Trails,1,1.0,single_overlap
7452,Pirapora,1,1.0,single_overlap
7453,Funtua,1,1.0,single_overlap
7454,Achinsk,1,1.0,single_overlap
7455,Sarai Alamgir,1,1.0,single_overlap
7456,Pehowa,1,1.0,single_overlap
7457,Nazirhat,1,1.0,single_overlap
7458,Nanzheng,1,1.0,single_overlap
7459,Surabaya,2,0.997699387,multiple_overlaps
7460,Aurora,1,1.0,single_overlap
7461,Formiga,1,1.0,single_overlap
7462,Bolo,1,0.5,single_overlap
7463,13-й микрорайон,1,1.0,single_overlap
7464,Pindi Bhattian,0,0.0,no_overlap
7465,Bhilwara,1,1.0,single_overlap
7466,Khagrachhari,1,1.0,single_overlap
7467,Lezhi,1,1.0,single_overlap
7468,Malang,1,1.0,single_overlap
7469,Joliet,1,1.0,single_overlap
7470,Sao Jose dos Campos,1,1.0,single_overlap
7471,Abuja,1,1.0,single_overlap
7472,Novokuznetsk,1,1.0,single_overlap
7473,Phalia,0,0.0,no_overlap
7474,Shimla,1,1.0,single_overlap
7475,Raozan,1,0.921052632,single_overlap
7476,Qiaojia,1,1.0,single_overlap
7477,Lamongan,1,1.0,single_overlap
7478,Madison,1,1.0,single_overlap
7479,Varginha,1,1.0,single_overlap
7480,Okpogho,0,0.0,no_overlap
7481,Atamanovo,1,1.0,single_overlap
7482,Mamunkanjan,0,0.0,no_overlap
7483,Jind,1,1.0,single_overlap
7484,Rangunia,1,0.355555556,single_overlap
7485,Daying,1,1.0,single_overlap
7486,Kepanjen,1,1.0,single_overlap
7487,Bolingbrook,1,1.0,single_overlap
7488,Caçapava,1,1.0,single_overlap
7489,Dere,1,0.892857143,single_overlap
7490,Mezhdurechensk,1,1.0,single_overlap
7491,Chichawatni,1,0.923076923,single_overlap
7492,Palghar,1,0.76,single_overlap
7493,Chandanaish,1,0.035714286,single_overlap
7494,Suijiang,1,1.0,single_overlap
7495,Gondanglegi,1,1.0,single_overlap
7496,Elgin,1,1.0,single_overlap
7497,Nova Serrana,1,1.0,single_overlap
7498,Bodo,1,0.857142857,single_overlap
7499,Krasnoyarsk,1,1.0,single_overlap
7500,Samundri,1,0.967741935,single_overlap
7501,Sagwara,1,1.0,single_overlap
7502,Saral,0,0.0,no_overlap
7503,Arun,0,0.0,no_overlap
7504,Prigen,1,1.0,single_overlap
7505,Wheaton,1,1.0,single_overlap
7506,Taubaté,1,1.0,single_overlap
7507,Holo,0,0.0,no_overlap
7508,Rajon Swerdlowski,1,1.0,single_overlap
7509,Dinga,1,1.0,single_overlap
7510,Solan,1,1.0,single_overlap
7511,Rangamati,0,0.0,no_overlap
7512,Langzhong,1,1.0,single_overlap
7513,Gresik,1,0.985714286,single_overlap
7514,Lafayette,1,1.0,single_overlap
7515,Chapadinha,0,0.0,no_overlap
7516,Kaduna,1,0.993421053,single_overlap
7517,Chernogorsk,1,1.0,single_overlap
7518,Chak Jhumra,1,0.777777778,single_overlap
7519,Kharadpada,1,1.0,single_overlap
7520,Banshkhali,0,0.0,no_overlap
7521,Huairen,1,1.0,single_overlap
7522,Bangkalan,1,1.0,single_overlap
7523,Lake in the Hills,1,1.0,single_overlap
7524,Itajubá,1,1.0,single_overlap
7525,Rubuchi,1,0.965517241,single_overlap
7526,Abakan,1,1.0,single_overlap
7527,Kharian,1,0.967213115,single_overlap
7528,Pundri,0,0.0,no_overlap
7529,Kutubdia,1,0.13255814,single_overlap
7530,Lufeng,1,1.0,single_overlap
7531,Pasuruan,1,0.956521739,single_overlap
7532,Chicago,1,1.0,single_overlap
7533,Caxias,1,1.0,single_overlap
7534,Aku,1,0.9375,single_overlap
7535,Minusinsk,1,1.0,single_overlap
7536,Sangla Hill,1,1.0,single_overlap
7537,Bhiwani,1,1.0,single_overlap
7538,Satkania,0,0.0,no_overlap
7539,Ning'er,1,1.0,single_overlap
7540,Karang Kliwon,2,0.166666667,multiple_overlaps
7541,Chicago Heights,1,1.0,single_overlap
7542,Três Corações,1,1.0,single_overlap
7543,Aba,1,0.903743316,single_overlap
7544,Shahkot,1,1.0,single_overlap
7545,Kyzyl,1,1.0,single_overlap
7546,Silvassa,1,0.948275862,single_overlap
7547,Moheshkhali,0,0.0,no_overlap
7548,Qianxian,1,1.0,single_overlap
7549,Kedawang,1,1.0,single_overlap
7550,Savannah,1,1.0,single_overlap
7551,Pindamonhangaba,1,1.0,single_overlap
7552,Bwari,1,1.0,single_overlap
7553,Lalamusa,1,1.0,single_overlap
7554,Rajpipla,1,1.0,single_overlap
7555,Bratsk,1,1.0,single_overlap
7556,Malumghat Bazar,0,0.0,no_overlap
7557,Shanyin,1,1.0,single_overlap
7558,Tempeh,1,1.0,single_overlap
7559,Indianapolis,1,1.0,single_overlap
7560,Divinópolis,1,1.0,single_overlap
7561,Umu Lawlaw,1,0.894736842,single_overlap
7562,Burewala,1,1.0,single_overlap
7563,Vasai-Virar,1,1.0,single_overlap
7564,Usolye-Sibirskoye,0,0.0,no_overlap
7565,Ramu,1,0.663265306,single_overlap
7566,Yangling,1,1.0,single_overlap
7567,Kebonan,1,1.0,single_overlap
7568,Lawrence,1,1.0,single_overlap
7569,Lavras,1,1.0,single_overlap
7570,Kura,1,0.714285714,single_overlap
7571,Tandlianwala,0,0.0,no_overlap
7572,Chittorgarh,1,1.0,single_overlap
7573,Angarsk,1,1.0,single_overlap
7574,Eidgaon,0,0.0,no_overlap
7575,Weiyuan,1,1.0,single_overlap
7576,Probolinggo,1,0.991304348,single_overlap
7577,Lexington,1,1.0,single_overlap
7578,Colônia de Férias Ministro João Cleófas,0,0.0,no_overlap
7579,Kauran Yankwani,1,1.0,single_overlap
7580,Hasilpur,1,1.0,single_overlap
7581,Neem Ka Thana,1,0.9375,single_overlap
7582,Zhilkino,1,1.0,single_overlap
7583,Hakimpara,0,0.0,no_overlap
7584,Simao,1,1.0,single_overlap
7585,Lumajang,1,1.0,single_overlap
7586,Waukegan,1,1.0,single_overlap
7587,Caraguatatuba,0,0.0,no_overlap
7588,Nsukka,2,0.530927835,multiple_overlaps
7589,Hafizabad,1,1.0,single_overlap
7590,Kurukshetra,1,1.0,single_overlap
7591,Irkutsk,1,1.0,single_overlap
7592,Teknaf,1,0.454545455,single_overlap
7593,Nenjiang,1,1.0,single_overlap
7594,Kencong,2,0.866666667,multiple_overlaps
7595,Kenosha,1,1.0,single_overlap
7596,Guaratinguetá,1,1.0,single_overlap
7597,Egwuachi,0,0.0,no_overlap
7598,Kotla Arab Ali Khan,0,0.0,no_overlap
7599,Mumbai,1,1.0,single_overlap
7600,Ulan-Ude,1,1.0,single_overlap
7601,Zizhong,1,1.0,single_overlap
7602,Sampang,1,0.8,single_overlap
7603,Racine,1,1.0,single_overlap
7604,Curvelo,1,1.0,single_overlap
7605,Bori,1,0.833333333,single_overlap
7606,Ali Pur Chatha,1,0.8,single_overlap
7607,Vyara,1,1.0,single_overlap
7608,Yakutsk,1,0.965517241,single_overlap
7609,Yanggao,1,0.928571429,single_overlap
7610,Kebonan,1,1.0,single_overlap
7611,Milwaukee,1,1.0,single_overlap
7612,Pará de Minas,1,1.0,single_overlap
7613,Ekenobizi,2,0.769230769,multiple_overlaps
7614,Gaggoo,0,0.0,no_overlap
7615,Charkhi Dadri,1,1.0,single_overlap
7616,Chita,1,1.0,single_overlap
7617,Liulin,1,1.0,single_overlap
7618,Umbulrejo,1,1.0,single_overlap
7619,Florence,1,1.0,single_overlap
7620,Lorena,1,1.0,single_overlap
7621,Dema,0,0.0,no_overlap
7622,Kunjah,2,0.75,multiple_overlaps
7623,Kekri,1,1.0,single_overlap
7624,Wuding,0,0.0,no_overlap
7625,Blagoveshchensk,1,1.0,single_overlap
7626,Balung,1,1.0,single_overlap
7627,Cincinnati,1,1.0,single_overlap
7628,Itaúna,1,1.0,single_overlap
7629,Ngodo,0,0.0,no_overlap
7630,Safdarabad,0,0.0,no_overlap
7631,Barara,1,0.909090909,single_overlap
7632,Chenggu,1,1.0,single_overlap
7633,Magadan,1,1.0,single_overlap
7634,Kraksaan,0,0.0,no_overlap
7635,North College Hill,1,1.0,single_overlap
7636,Floriano,1,1.0,single_overlap
7637,Ama Apu,1,0.038461538,single_overlap
7638,Sahiwal,1,1.0,single_overlap
7639,Safidon,0,0.0,no_overlap
7640,Zhangbei,1,1.0,single_overlap
7641,Komsomolsk-on-Amur,1,1.0,single_overlap
7642,Proppo,1,0.333333333,single_overlap
7643,Columbia,1,1.0,single_overlap
7644,Cruzeiro,1,1.0,single_overlap
7645,Ngo,0,0.0,no_overlap
7646,Gujrat,1,1.0,single_overlap
7647,Mahendragarh,1,1.0,single_overlap
7648,Wugong,1,1.0,single_overlap
7649,Khabarovsk,1,1.0,single_overlap
7650,Kotaanyar,0,0.0,no_overlap
7651,Hamilton,1,1.0,single_overlap
7652,Teresina,1,1.0,single_overlap
7653,Dutsin Ma,1,1.0,single_overlap
7654,Jaranwala,1,0.958333333,single_overlap
7655,Nimbahera,1,1.0,single_overlap
7656,Luquan,0,0.0,no_overlap
7657,Ussurijsk,1,1.0,single_overlap
7658,Jember,1,1.0,single_overlap
7659,South Bend,1,1.0,single_overlap
7660,Montes Claros,1,1.0,single_overlap
7661,Ungwan Shehu,1,1.0,single_overlap
7662,Skardu,0,0.0,no_overlap
7663,Chomu,1,1.0,single_overlap
7664,Nanbu,1,1.0,single_overlap
7665,Трудовое,1,1.0,single_overlap
7666,Sampit,1,1.0,single_overlap
7667,Appleton,1,1.0,single_overlap
7668,Sete Lagoas,1,1.0,single_overlap
7669,Nine Mile Corner,1,1.0,single_overlap
7670,Wazirabad,1,0.977777778,single_overlap
7671,Narnaul,1,1.0,single_overlap
7672,Zigong,1,1.0,single_overlap
7673,Vladivostok,1,1.0,single_overlap
7674,Pamekasan,1,1.0,single_overlap
7675,Dayton,1,1.0,single_overlap
7676,Belo Horizonte,1,1.0,single_overlap
7677,Uturu,0,0.0,no_overlap
7678,Arifwala,1,1.0,single_overlap
7679,Malpura,1,1.0,single_overlap
7680,Liquan,1,1.0,single_overlap
7681,Artyom,1,1.0,single_overlap
7682,Bondowoso,1,1.0,single_overlap
7683,Fort Wayne,1,1.0,single_overlap
7684,Fazenda Castro,1,1.0,single_overlap
7685,Ekwegbe,0,0.0,no_overlap
7686,Jalalpur Jattan,1,1.0,single_overlap
7687,Jaipur,1,0.962882096,single_overlap
7688,Jinghong,1,1.0,single_overlap
7689,Nakhodka,1,1.0,single_overlap
7690,Situbondo,1,1.0,single_overlap
7691,Carmel Commons,1,1.0,single_overlap
7692,Icaivera,1,0.857142857,single_overlap
7693,Enugu-Ezike,1,0.761904762,single_overlap
7694,Mananwala,1,1.0,single_overlap
7695,Uran,1,1.0,single_overlap
7696,Gasa,1,0.285714286,single_overlap
7697,Yuzhno-Sakhalinsk,1,1.0,single_overlap
7698,Sumenep,1,1.0,single_overlap
7699,Green Bay,1,1.0,single_overlap
7700,Ribeirão das Neves,1,1.0,single_overlap
7701,Umuahia,2,0.80141844,multiple_overlaps
7702,Chishtian Sharif,0,0.0,no_overlap
7703,Alibag,1,1.0,single_overlap
7704,Zhouzhi,1,1.0,single_overlap
7705,Kalianget,1,1.0,single_overlap
7706,АЗС,1,1.0,single_overlap
7707,Charlotte,1,1.0,single_overlap
7708,São João del-Rei,1,1.0,single_overlap
7709,Asarama,0,0.0,no_overlap
7710,Farooqabad,1,0.928571429,single_overlap
7711,Rohtak,1,1.0,single_overlap
7712,Suining,1,0.946666667,single_overlap
7713,Genteng,1,1.0,single_overlap
7714,Kalamazoo,1,1.0,single_overlap
7715,Resende,1,1.0,single_overlap
7716,Enugu,1,0.981818182,single_overlap
7717,Okara Cantonment,0,0.0,no_overlap
7718,Gohana,1,1.0,single_overlap
7719,Lüliang,1,1.0,single_overlap
7720,Jajag,1,0.571428571,single_overlap
7721,Grand Rapids,1,1.0,single_overlap
7722,Janaúba,1,1.0,single_overlap
7723,Katsina,1,1.0,single_overlap
7724,Qila Didar Singh,1,1.0,single_overlap
7725,Karnal,1,1.0,single_overlap
7726,Pengxi,1,1.0,single_overlap
7727,Asembagus,1,1.0,single_overlap
7728,Urbancrest,1,1.0,single_overlap
7729,Santa Luzia,1,1.0,single_overlap
7730,Awgu,1,1.0,single_overlap
7731,Nankana Sahib,1,1.0,single_overlap
7732,Banswara,1,1.0,single_overlap
7733,Nanjiang County,1,1.0,single_overlap
7734,Muncar,1,1.0,single_overlap
7735,Columbus,1,1.0,single_overlap
7736,Nova Lima,1,1.0,single_overlap
7737,Abejukolo,0,0.0,no_overlap
7738,Gujranwala,1,1.0,single_overlap
7739,Kalyan-Dombivli,1,1.0,single_overlap
7740,Xichong,1,1.0,single_overlap
7741,Banyuwangi,1,0.978723404,single_overlap
7742,Greensboro,1,1.0,single_overlap
7743,Angra dos Reis,1,1.0,single_overlap
7744,Malumfashi,1,1.0,single_overlap
7745,Ghakhar Mandi,1,0.923076923,single_overlap
7746,Sithana,1,1.0,single_overlap
7747,Jingle,1,1.0,single_overlap
7748,Palangka Raya,1,1.0,single_overlap
7749,Lansing,1,1.0,single_overlap
7750,Volta Redonda,1,1.0,single_overlap
7751,Ado,1,0.989361702,single_overlap
7752,Nowshera Virkan,1,1.0,single_overlap
7753,Shahpur,1,1.0,single_overlap
7754,Yangxian,1,1.0,single_overlap
7755,Negara,1,1.0,single_overlap
7756,Toledo,1,1.0,single_overlap
7757,Conselheiro Lafaiete,1,1.0,single_overlap
7758,Agbani,1,0.176470588,single_overlap
7759,Feroze Wattwan,1,1.0,single_overlap
7760,Dahod,1,1.0,single_overlap
7761,Tianzhen,1,1.0,single_overlap
7762,Seririt,1,1.0,single_overlap
7763,Ann Arbor,1,1.0,single_overlap
7764,Guanambi,1,1.0,single_overlap
7765,Opobo,0,0.0,no_overlap
7766,Bucheki,0,0.0,no_overlap
7767,Panvel,1,1.0,single_overlap
7768,Yingxian,1,1.0,single_overlap
7769,Kuala Kapuas,1,1.0,single_overlap
7770,Wilmington,0,0.0,no_overlap
7771,Barbacena,1,1.0,single_overlap
7772,Ishiagu,1,1.0,single_overlap
7773,Okara,1,1.0,single_overlap
7774,Yamunanagar,1,1.0,single_overlap
7775,Xingping,1,1.0,single_overlap
7776,Singaraja,1,0.986111111,single_overlap
7777,Cary,1,1.0,single_overlap
7778,Parnaíba,1,1.0,single_overlap
7779,Ikot Aba,1,0.777777778,single_overlap
7780,Warburton,1,0.181818182,single_overlap
7781,Neemuch,1,1.0,single_overlap
7782,Anyue,1,1.0,single_overlap
7783,Denpasar,1,1.0,single_overlap
7784,Detroit,1,1.0,single_overlap
7785,Itabira,1,1.0,single_overlap
7786,Ikot Ide,0,0.0,no_overlap
7787,Sambrial,1,1.0,single_overlap
7788,Panipat,1,1.0,single_overlap
7789,Yimen,0,0.0,no_overlap
7790,Banjarmasin,1,1.0,single_overlap
7791,Raleigh,1,1.0,single_overlap
7792,Itaguaí,1,1.0,single_overlap
7793,Uduma,0,0.0,no_overlap
7794,Lahore,1,1.0,single_overlap
7795,Amber,1,0.733333333,single_overlap
7796,Shuifu,1,1.0,single_overlap
7797,Ubud,1,1.0,single_overlap
7798,New Hope,1,1.0,single_overlap
7799,Rio de Janeiro,1,0.99922179,single_overlap
7800,Ankpa,1,1.0,single_overlap
7801,More Khunda,1,1.0,single_overlap
7802,Dolvi,0,0.0,no_overlap
7803,Ludian,1,1.0,single_overlap
7804,Beng,1,1.0,single_overlap
7805,Buena Vista,1,1.0,single_overlap
7806,Juiz de Fora,1,1.0,single_overlap
7807,Zaria,1,1.0,single_overlap
7808,Tatlay Aali,1,1.0,single_overlap
7809,Kotputli,1,1.0,single_overlap
7810,Morin Dawa,0,0.0,no_overlap
7811,Pelaihari,1,1.0,single_overlap
7812,Encore Townhomes,1,1.0,single_overlap
7813,Engenheiro Pedreira,1,1.0,single_overlap
7814,Charanchi,0,0.0,no_overlap
7815,Renala Khurd,1,0.904761905,single_overlap
7816,Deoli,1,1.0,single_overlap
7817,Chengguan,1,1.0,single_overlap
7818,Semarapura,1,1.0,single_overlap
7819,Canton,1,1.0,single_overlap
7820,Marapicu,1,1.0,single_overlap
7821,Amakpo,0,0.0,no_overlap
7822,Pakpattan,1,1.0,single_overlap
7823,Navapur,1,1.0,single_overlap
7824,Tongchuan,1,1.0,single_overlap
7825,Banjarbaru,1,1.0,single_overlap
7826,Akron,1,1.0,single_overlap
7827,Irecê,1,1.0,single_overlap
7828,Uruk Esiet,0,0.0,no_overlap
7829,Sialkot,1,1.0,single_overlap
7830,Behror,1,0.923076923,single_overlap
7831,Neijiang,1,1.0,single_overlap
7832,Buntok,0,0.0,no_overlap
7833,Cleveland,1,1.0,single_overlap
7834,Fazenda Parque Recreio,1,1.0,single_overlap
7835,Nassarawa,1,1.0,single_overlap
7836,Daska,1,1.0,single_overlap
7837,Pen,1,1.0,single_overlap
7838,Huai'an,0,0.0,no_overlap
7839,Karangasem,0,0.0,no_overlap
7840,Cuyahoga Falls,1,1.0,single_overlap
7841,Três Rios,1,1.0,single_overlap
7842,Akeze,0,0.0,no_overlap
7843,Fort Abbas,0,0.0,no_overlap
7844,Kanauta,1,0.953488372,single_overlap
7845,Fumin,0,0.0,no_overlap
7846,Muaratewe,1,1.0,single_overlap
7847,Pittsburgh,1,1.0,single_overlap
7848,Ubá,1,1.0,single_overlap
7849,Ikot Ekpene,1,0.134328358,single_overlap
7850,Jamke Cheema,1,1.0,single_overlap
7851,Pratapgarh,1,1.0,single_overlap
7852,Zhaotong,1,1.0,single_overlap
7853,Amuntai,1,1.0,single_overlap
7854,Lakeside,1,1.0,single_overlap
7855,Petrópolis,1,1.0,single_overlap
7856,Kankiya,1,1.0,single_overlap
7857,Kamoke,1,1.0,single_overlap
7858,Ahwa,1,0.8,single_overlap
7859,Jincheng,1,1.0,single_overlap
7860,Kandangan,1,1.0,single_overlap
7861,Richmond,1,1.0,single_overlap
7862,Viçosa,1,1.0,single_overlap
7863,Abiriba,1,0.75,single_overlap
7864,Bahawalnagar,1,1.0,single_overlap
7865,Shahapur,0,0.0,no_overlap
7866,Anfu,1,1.0,single_overlap
7867,Mataram,1,1.0,single_overlap
7868,Erie,1,1.0,single_overlap
7869,Coronel Fabriciano,1,1.0,single_overlap
7870,Rogo Sabon Gari,1,0.857142857,single_overlap
7871,Faqirwali,0,0.0,no_overlap
7872,Jhajjar,1,1.0,single_overlap
7873,Xuzhou,1,1.0,single_overlap
7874,Barabai,1,1.0,single_overlap
7875,Courthouse Green,1,1.0,single_overlap
7876,Ribeira,1,0.904761905,single_overlap
7877,Obiozara,0,0.0,no_overlap
7878,Haroonabad,0,0.0,no_overlap
7879,Neemrana,1,0.941176471,single_overlap
7880,Zhongyang,1,1.0,single_overlap
7881,Tanjung,0,0.0,no_overlap
7882,Norfolk,1,1.0,single_overlap
7883,Ipatinga,1,1.0,single_overlap
7884,Abat,0,0.0,no_overlap
7885,منڈی فیض آباد,0,0.0,no_overlap
7886,Gangoh,1,1.0,single_overlap
7887,Xinping,1,1.0,single_overlap
7888,Praya,1,0.333333333,single_overlap
7889,Newport News,1,1.0,single_overlap
7890,Niterói,1,0.996621622,single_overlap
7891,Okoroete,0,0.0,no_overlap
7892,Phool Nagar,1,0.9375,single_overlap
7893,Samalkha,0,0.0,no_overlap
7894,Heihe,1,1.0,single_overlap
7895,Kecamatan Kopang,2,0.428571429,multiple_overlaps
7896,Manassas Park,1,1.0,single_overlap
7897,Região Oceânica,1,1.0,single_overlap
7898,Abak,1,0.903225806,single_overlap
7899,Depalpur,1,1.0,single_overlap
7900,Roha,1,1.0,single_overlap
7901,Yibin,1,1.0,single_overlap
7902,Selong,1,0.993103448,single_overlap
7903,Dale City,1,1.0,single_overlap
7904,Teresópolis,1,1.0,single_overlap
7905,Ugbokolo,1,1.0,single_overlap
7906,Pattoki,1,0.92,single_overlap
7907,Paonta Sahib,1,0.923076923,single_overlap
7908,Mojiang Hani Autonomous County,1,1.0,single_overlap
7909,Kecamatan Pringgabaya,1,1.0,single_overlap
7910,Washington,1,1.0,single_overlap
7911,Cataguases,1,0.888888889,single_overlap
7912,Okposi,0,0.0,no_overlap
7913,Khanke Mod,1,0.88,single_overlap
7914,Neral,0,0.0,no_overlap
7915,Xianyang,1,1.0,single_overlap
7916,Baroqah,1,1.0,single_overlap
7917,Ashburn,1,1.0,single_overlap
7918,Muriaé,1,1.0,single_overlap
7919,Ungwan Tamowa,1,1.0,single_overlap
7920,Muridke,1,1.0,single_overlap
7921,Gannaur,1,1.0,single_overlap
7922,Huize,1,1.0,single_overlap
7923,Kotabaru,1,1.0,single_overlap
7924,Leesburg,1,1.0,single_overlap
7925,Caratinga,1,1.0,single_overlap
7926,Nguzu Edda,0,0.0,no_overlap
7927,Nathe Khalsa,1,1.0,single_overlap
7928,Murbad,1,0.916666667,single_overlap
7929,Bazhong City,1,0.492307692,single_overlap
7930,Tana Paser,1,0.857142857,single_overlap
7931,Sugarland Run,1,1.0,single_overlap
7932,Governador Valadares,1,1.0,single_overlap
7933,Ohafia,1,0.80952381,single_overlap
7934,Sharaqpur,0,0.0,no_overlap
7935,Rewari,1,0.965517241,single_overlap
7936,Anning,1,1.0,single_overlap
7937,Sumbawa Besar,1,1.0,single_overlap
7938,Fairland,1,1.0,single_overlap
7939,Conselheiro Paulino,1,1.0,single_overlap
7940,Mashi,1,1.0,single_overlap
7941,Manga,1,0.9,single_overlap
7942,Karjat,0,0.0,no_overlap
7943,Shunqing,1,1.0,single_overlap
7944,Balikpapan,1,1.0,single_overlap
7945,Laurel,1,1.0,single_overlap
7946,New Fribourg,1,1.0,single_overlap
7947,Keffi,1,1.0,single_overlap
7948,Haveli Lakha,1,1.0,single_overlap
7949,Sonipat,1,1.0,single_overlap
7950,Yichezhen,1,1.0,single_overlap
7951,Tenggarong,0,0.0,no_overlap
7952,Columbia,1,1.0,single_overlap
7953,Manhuaçu,1,1.0,single_overlap
7954,Ekeje,0,0.0,no_overlap
7955,Hujra Shah Muqeem,0,0.0,no_overlap
7956,Bawal,1,0.9,single_overlap
7957,Fushun,1,1.0,single_overlap
7958,Samarinda,1,1.0,single_overlap
7959,Baltimore,1,1.0,single_overlap
7960,Sobral,1,1.0,single_overlap
7961,Uyo,2,0.660516605,multiple_overlaps
7962,Minchinabad,0,0.0,no_overlap
7963,New Delhi,2,0.999064984,multiple_overlaps
7964,Jingyang,0,0.0,no_overlap
7965,Tanjung Selor,0,0.0,no_overlap
7966,Glen Burnie,1,1.0,single_overlap
7967,Teófilo Otoni,1,1.0,single_overlap
7968,Gwarzo,1,1.0,single_overlap
7969,Chunian,1,1.0,single_overlap
7970,Tonk,1,1.0,single_overlap
7971,Dai,1,1.0,single_overlap
7972,Tanjung Redeb,1,0.764705882,single_overlap
7973,York,1,1.0,single_overlap
7974,Araruama,1,1.0,single_overlap
7975,Amaseri,0,0.0,no_overlap
7976,Raiwind,1,0.9375,single_overlap
7977,Kairana,1,0.9,single_overlap
7978,Sanyuan,1,1.0,single_overlap
7979,Gunung Lingkas,1,0.975609756,single_overlap
7980,Buffalo,1,1.0,single_overlap
7981,Petrolina,1,1.0,single_overlap
7982,Arochukwu,1,0.733333333,single_overlap
7983,Pasrur,1,0.954545455,single_overlap
7984,Khopoli,0,0.0,no_overlap
7985,Yiliang,1,1.0,single_overlap
7986,Kota Nunukan,1,0.916666667,single_overlap
7987,Harrisburg,1,1.0,single_overlap
7988,Itaperuna,1,1.0,single_overlap
7989,Eket,1,0.434782609,single_overlap
7990,Kot Radha Kishan,1,0.9,single_overlap
7991,Saharanpur,1,1.0,single_overlap
7992,Dongchuan,1,1.0,single_overlap
7993,Bontang,1,0.766666667,single_overlap
7994,Lancaster,1,1.0,single_overlap
7995,Vitória da Conquista,1,1.0,single_overlap
7996,Afikpo,1,0.857142857,single_overlap
7997,Chawinda,1,0.833333333,single_overlap
7998,Niwai,1,1.0,single_overlap
7999,Zhangjiakou,1,1.0,single_overlap
8000,Sangatta Utara,1,1.0,single_overlap
8001,New Castle,1,1.0,single_overlap
8002,Cabo Frio,1,1.0,single_overlap
8003,Unguwar Fari,1,1.0,single_overlap
8004,Basirpur,0,0.0,no_overlap
8005,Mandsaur,1,1.0,single_overlap
8006,Xi'an,1,1.0,single_overlap
8007,Dompu,1,1.0,single_overlap
8008,Wilmington,1,1.0,single_overlap
8009,Rio das Ostras,1,0.984848485,single_overlap
8010,Koi,1,1.0,single_overlap
8011,Allahabad,1,1.0,single_overlap
8012,Nashik,1,1.0,single_overlap
8013,Kunming,1,1.0,single_overlap
8014,Bima,1,1.0,single_overlap
8015,Reading,1,1.0,single_overlap
8016,Macaé,1,0.958333333,single_overlap
8017,Upenekang,0,0.0,no_overlap
8018,Zafarwal,1,1.0,single_overlap
8019,Shamli,1,1.0,single_overlap
8020,Yuanping,1,1.0,single_overlap
8021,Mamuju,1,0.913043478,single_overlap
8022,Chester,1,1.0,single_overlap
8023,Senhor do Bonfim,0,0.0,no_overlap
8024,Kwa Ibo,0,0.0,no_overlap
8025,Narowal,1,1.0,single_overlap
8026,Bahalgarh,1,1.0,single_overlap
8027,Xiaolong,1,0.857142857,single_overlap
8028,Majene,1,0.4,single_overlap
8029,Philadelphia,1,1.0,single_overlap
8030,Itapipoca,1,1.0,single_overlap
8031,Uquo,0,0.0,no_overlap
8032,Mustafabad,1,1.0,single_overlap
8033,Lonavala,1,1.0,single_overlap
8034,Hunyuan,1,1.0,single_overlap
8035,Makassar,1,0.997084548,single_overlap
8036,Rochester,1,1.0,single_overlap
8037,Campos dos Goytacazes,1,1.0,single_overlap
8038,Abakaliki,1,0.676056338,single_overlap
8039,Kasur,1,1.0,single_overlap
8040,Kandhla,1,1.0,single_overlap
8041,Huyi,1,1.0,single_overlap
8042,Labuan Bajo,1,0.933333333,single_overlap
8043,Norristown,1,1.0,single_overlap
8044,Cachoeiro de Itapemirim,1,1.0,single_overlap
8045,Ugep,1,0.846153846,single_overlap
8046,Pangalah,0,0.0,no_overlap
8047,Rasoi,1,1.0,single_overlap
8048,Nehe,1,1.0,single_overlap
8049,Bumi Mulyo,1,0.954545455,single_overlap
8050,Allentown,1,1.0,single_overlap
8051,Jequié,1,1.0,single_overlap
8052,Otukpo,1,0.933333333,single_overlap
8053,Shakar Garh,1,1.0,single_overlap
8054,Bhiwadi,1,1.0,single_overlap
8055,Longjiang,1,1.0,single_overlap
8056,Pekkabata,1,1.0,single_overlap
8057,Wilkes-Barre,1,1.0,single_overlap
8058,Itapetinga,1,1.0,single_overlap
8059,Zango Bichi,1,1.0,single_overlap
8060,Bundi,1,1.0,single_overlap
8061,Yangyuan,1,1.0,single_overlap
8062,Waingapu,1,0.954545455,single_overlap
8063,Bethlehem,1,1.0,single_overlap
8064,Crato,1,1.0,single_overlap
8065,Sabuwar Abuja,0,0.0,no_overlap
8066,Sela Kui,1,1.0,single_overlap
8067,Xixiang,1,1.0,single_overlap
8068,Polewali,1,0.588235294,single_overlap
8069,Bensalem Township,1,1.0,single_overlap
8070,Colatina,1,1.0,single_overlap
8071,Okopedi,0,0.0,no_overlap
8072,Khairthal,1,1.0,single_overlap
8073,Yuanjiang,0,0.0,no_overlap
8074,Pangkajene,1,1.0,single_overlap
8075,Levittown,1,1.0,single_overlap
8076,Iguatu,1,1.0,single_overlap
8077,Ikara,1,1.0,single_overlap
8078,Khushkhera,1,1.0,single_overlap
8079,Fuping County,1,1.0,single_overlap
8080,Pare-Pare,1,0.916666667,single_overlap
8081,Easton,1,1.0,single_overlap
8082,Juazeiro do Norte,1,1.0,single_overlap
8083,Tarzoho,1,0.933333333,single_overlap
8084,Nandurbar,1,1.0,single_overlap
8085,Yuxia,1,1.0,single_overlap
8086,Pinrang,1,1.0,single_overlap
8087,Scranton,1,1.0,single_overlap
8088,Quixadá,0,0.0,no_overlap
8089,Daura,1,1.0,single_overlap
8090,Baraut,1,0.958333333,single_overlap
8091,Qingjiang,0,0.0,no_overlap
8092,Pangkajene,1,1.0,single_overlap
8093,Trenton,1,1.0,single_overlap
8094,Guarapari,1,0.972222222,single_overlap
8095,Pambeguwa,0,0.0,no_overlap
8096,Baghpat,1,1.0,single_overlap
8097,Fanshi,1,1.0,single_overlap
8098,Bantaeng,1,1.0,single_overlap
8099,New York City,1,1.0,single_overlap
8100,Vitória,1,0.995073892,single_overlap
8101,Oron,1,0.878787879,single_overlap
8102,Alwar,1,1.0,single_overlap
8103,马家,1,1.0,single_overlap
8104,Ruteng,1,1.0,single_overlap
8105,Beachwood,1,1.0,single_overlap
8106,Aracruz,0,0.0,no_overlap
8107,Kafanchan,1,1.0,single_overlap
8108,Dausa,1,1.0,single_overlap
8109,Junlian,1,1.0,single_overlap
8110,Watansoppeng,0,0.0,no_overlap
8111,Lakewood Township,1,1.0,single_overlap
8112,Serra,1,1.0,single_overlap
8113,Udung Uko,0,0.0,no_overlap
8114,Chutmalpur,1,1.0,single_overlap
8115,Tongnan,1,1.0,single_overlap
8116,Rantepao,1,1.0,single_overlap
8117,Point Pleasant,1,1.0,single_overlap
8118,Fazendinha 13,1,0.857142857,single_overlap
8119,kazaure,1,1.0,single_overlap
8120,Dehradun,1,0.976331361,single_overlap
8121,Gong,1,1.0,single_overlap
8122,Bulukumba,1,1.0,single_overlap
8123,Syracuse,1,1.0,single_overlap
8124,Colina de Laranjeiras,1,1.0,single_overlap
8125,Kano,1,0.997613365,single_overlap
8126,Baghpat Road,1,1.0,single_overlap
8127,Baishui,1,1.0,single_overlap
8128,Palu,1,1.0,single_overlap
8129,Asbury Park,1,1.0,single_overlap
8130,Fazenda Zucchi,1,0.722222222,single_overlap
8131,Doma,1,0.866666667,single_overlap
8132,Pimpalgaon Basvant,1,1.0,single_overlap
8133,Longchang,1,0.959183673,single_overlap
8134,Sengkang,1,0.904761905,single_overlap
8135,Spring Valley,1,1.0,single_overlap
8136,Santo Antônio de Jesus,1,1.0,single_overlap
8137,Tudun Wada,1,1.0,single_overlap
8138,Rawatbhata,1,1.0,single_overlap
8139,Peng'an,1,1.0,single_overlap
8140,Sinjai,1,1.0,single_overlap
8141,White Plains,1,1.0,single_overlap
8142,Linhares,1,1.0,single_overlap
8143,Calabar,1,1.0,single_overlap
8144,Jaora,1,1.0,single_overlap
8145,Jinning,0,0.0,no_overlap
8146,Watampone,1,1.0,single_overlap
8147,Stamford,1,1.0,single_overlap
8148,Maranguape,1,1.0,single_overlap
8149,James Town,0,0.0,no_overlap
8150,Bhagwānpur,1,0.944444444,single_overlap
8151,Nanxi,1,1.0,single_overlap
8152,Palopo,1,0.619047619,single_overlap
8153,Huntington Station,1,1.0,single_overlap
8154,Fortaleza,1,0.992736077,single_overlap
8155,Kagoro,1,0.666666667,single_overlap
8156,Ratlam,1,1.0,single_overlap
8157,Gaoling,0,0.0,no_overlap
8158,Poso,1,1.0,single_overlap
8159,Norwalk,1,1.0,single_overlap
8160,Teixeira de Freitas,1,1.0,single_overlap
8161,Rimin Daddo,1,0.875,single_overlap
8162,Deoband,1,0.8,single_overlap
8163,Hangkongjidi,1,1.0,single_overlap
8164,Ende,1,1.0,single_overlap
8165,Lake Ronkonkoma,1,1.0,single_overlap
8166,Eunápolis,1,1.0,single_overlap
8167,Akwanga,1,1.0,single_overlap
8168,Budhana,1,1.0,single_overlap
8169,Yuxi,1,1.0,single_overlap
8170,Tolitoli,1,1.0,single_overlap
8171,Selden,1,1.0,single_overlap
8172,São Mateus,1,1.0,single_overlap
8173,Zango,1,1.0,single_overlap
8174,Goondpur,1,1.0,single_overlap
8175,Chenggong,1,1.0,single_overlap
8176,Maumere,1,1.0,single_overlap
8177,Bridgeport,1,1.0,single_overlap
8178,Itabuna,1,1.0,single_overlap
8179,Oju,0,0.0,no_overlap
8180,Bhondsi,1,1.0,single_overlap
8181,Songming,0,0.0,no_overlap
8182,Kolaka,1,1.0,single_overlap
8183,New Haven,1,1.0,single_overlap
8184,Horizonte,1,0.230769231,single_overlap
8185,Dambatta,1,1.0,single_overlap
8186,Shahada,1,0.869565217,single_overlap
8187,Gujiao,1,1.0,single_overlap
8188,Ampana,1,1.0,single_overlap
8189,Schenectady,1,1.0,single_overlap
8190,Feira de Santana,1,1.0,single_overlap
8191,Aliade,1,1.0,single_overlap
8192,Talegaon Dabhade,1,1.0,single_overlap
8193,Wuxing,1,1.0,single_overlap
8194,Unaaha,0,0.0,no_overlap
8195,Waterbury,1,1.0,single_overlap
8196,Valença,1,1.0,single_overlap
8197,Lafia,1,1.0,single_overlap
8198,Sinnar,1,1.0,single_overlap
8199,Changning,1,1.0,single_overlap
8200,Pohon Sirih,1,1.0,single_overlap
8201,Albany,1,1.0,single_overlap
8202,Pacajus,1,1.0,single_overlap
8203,Makurdi,1,0.961904762,single_overlap
8204,Rajgarh,1,1.0,single_overlap
8205,Yingshan,1,0.769230769,single_overlap
8206,Baubau,1,0.863636364,single_overlap
8207,Troy,1,1.0,single_overlap
8208,Ilhéus,1,1.0,single_overlap
8209,Yanbarau,1,0.875,single_overlap
8210,Lalsot,1,1.0,single_overlap
8211,Xinzhou,1,1.0,single_overlap
8212,Kendari,1,1.0,single_overlap
8213,New Britain,1,1.0,single_overlap
8214,Vila Jardim,1,1.0,single_overlap
8215,Unguwar Findi,1,1.0,single_overlap
8216,Sohna,1,1.0,single_overlap
8217,Pucheng,1,1.0,single_overlap
8218,Kupang,1,0.941176471,single_overlap
8219,Hartford,1,1.0,single_overlap
8220,Serra Talhada,1,1.0,single_overlap
8221,Nassarawan Eggon,1,1.0,single_overlap
8222,Nuh,0,0.0,no_overlap
8223,Tongjiang County,1,0.823529412,single_overlap
8224,Raha,1,0.85,single_overlap
8225,Springfield,1,1.0,single_overlap
8226,Candeias,1,1.0,single_overlap
8228,Bandikui,1,0.535714286,single_overlap
8229,Shahe,0,0.0,no_overlap
8230,Lewoleba,0,0.0,no_overlap
8231,Worcester,1,1.0,single_overlap
8232,Paulo Afonso,1,1.0,single_overlap
8233,Ihalav,0,0.0,no_overlap
8234,Kota,1,0.977272727,single_overlap
8235,Beitian,0,0.0,no_overlap
8236,Luwuk,1,1.0,single_overlap
8237,Providence,1,1.0,single_overlap
8238,Salvador,1,0.990712074,single_overlap
8239,Samunakar,1,0.833333333,single_overlap
8240,Roorkee,1,0.980769231,single_overlap
8241,Dazu,1,1.0,single_overlap
8242,Gorontalo,1,1.0,single_overlap
8243,Fall River,1,1.0,single_overlap
8244,Alagoinhas,1,1.0,single_overlap
8245,Ikom,1,1.0,single_overlap
8246,Ratnagiri,1,0.970588235,single_overlap
8247,Lu,1,1.0,single_overlap
8248,Soe,0,0.0,no_overlap
8249,New Bedford,1,1.0,single_overlap
8250,Simões Filho,1,1.0,single_overlap
8251,Unguwar Arewa,1,1.0,single_overlap
8252,Muzaffarnagar,1,0.985915493,single_overlap
8253,Xundian,0,0.0,no_overlap
8254,Kefamenanu,0,0.0,no_overlap
8255,Boston,1,0.998031496,single_overlap
8256,Dias d'Ávila,1,1.0,single_overlap
8257,Okuku Lepuole,1,1.0,single_overlap
8258,Pune,1,1.0,single_overlap
8259,Xuanhua,1,1.0,single_overlap
8260,Kalabahi,1,1.0,single_overlap
8261,Brockton,1,1.0,single_overlap
8262,Camaçari,1,1.0,single_overlap
8263,Jos,1,1.0,single_overlap
8264,Sikandra,0,0.0,no_overlap
8265,Rongchang,1,1.0,single_overlap
8266,Atambua,1,0.913043478,single_overlap
8267,Lowell,1,1.0,single_overlap
8268,Mossoró,1,1.0,single_overlap
8269,Ogoja,1,1.0,single_overlap
8270,Chakan,1,1.0,single_overlap
8271,Lintong,1,1.0,single_overlap
8272,Kotamobagu,1,1.0,single_overlap
8273,Manchester,1,1.0,single_overlap
8274,Lagarto,0,0.0,no_overlap
8275,Barakin Gangare,1,1.0,single_overlap
8276,Sardhana,1,1.0,single_overlap
8277,Pingchang County,1,0.941176471,single_overlap
8278,Amurang,0,0.0,no_overlap
8279,Lawrence,1,1.0,single_overlap
8280,Patos,1,1.0,single_overlap
8281,Zango,0,0.0,no_overlap
8282,Dondaicha,1,1.0,single_overlap
8283,Fenyang,1,1.0,single_overlap
8284,Manado,1,0.978723404,single_overlap
8285,Lynn,1,1.0,single_overlap
8286,Itabaiana,1,1.0,single_overlap
8287,Unguwar Mahaukci,1,1.0,single_overlap
8288,Chiplun,1,1.0,single_overlap
8289,Longshui,1,1.0,single_overlap
8290,Lowian,0,0.0,no_overlap
8291,Peabody,1,1.0,single_overlap
8292,Estância,0,0.0,no_overlap
8293,Tungan Fulani,0,0.0,no_overlap
8294,Haridwar,1,0.979591837,single_overlap
8295,Chengcheng,1,1.0,single_overlap
8296,Tomohon,1,1.0,single_overlap
8297,Portland,1,1.0,single_overlap
8298,Caicó,1,1.0,single_overlap
8299,Bokkos,1,1.0,single_overlap
8300,Khatauli,1,1.0,single_overlap
8301,Jiangchuan,1,1.0,single_overlap
8302,Tondano,1,1.0,single_overlap
8303,Arcoverde,1,1.0,single_overlap
8304,Gboko,1,1.0,single_overlap
8305,Meerut,1,1.0,single_overlap
8306,Wusheng,1,1.0,single_overlap
8307,Bitung,1,1.0,single_overlap
8308,B. Parque dos Faróis,1,1.0,single_overlap
8309,Vandeikya Town,1,1.0,single_overlap
8310,Sawai Madhopur,1,1.0,single_overlap
8311,Guangling,1,0.9,single_overlap
8312,Sanana,0,0.0,no_overlap
8313,Aracaju,1,1.0,single_overlap
8314,Ringim,1,1.0,single_overlap
8315,Barwani,1,0.923076923,single_overlap
8316,Yuechi,1,1.0,single_overlap
8317,Ternate,1,0.909090909,single_overlap
8318,Arapiraca,1,1.0,single_overlap
8319,Mongu Arna,1,0.933333333,single_overlap
8320,Laksar,1,1.0,single_overlap
8321,Shiping,1,1.0,single_overlap
8322,Labuha,0,0.0,no_overlap
8323,Garanhuns,1,1.0,single_overlap
8324,Obudu,1,1.0,single_overlap
8325,Daurala,1,1.0,single_overlap
8326,Taiyuan,1,1.0,single_overlap
8327,Tobelo,1,0.913043478,single_overlap
8328,Belo Jardim,1,1.0,single_overlap
8329,Adikpo,1,1.0,single_overlap
8330,Nagda,1,0.928571429,single_overlap
8331,Weinan,1,1.0,single_overlap
8332,Ambon,1,0.824324324,single_overlap
8333,Santa Cruz do Capibaribe,1,1.0,single_overlap
8334,Dutse,1,1.0,single_overlap
8335,Sangamner,1,1.0,single_overlap
8336,Luzhou,1,1.0,single_overlap
8337,Masohi,1,1.0,single_overlap
8338,São Miguel dos Campos,1,1.0,single_overlap
8339,Katsina Ala,1,1.0,single_overlap
8340,Greater Noida,1,1.0,single_overlap
8341,Tonghai,1,1.0,single_overlap
8342,Sorong,1,1.0,single_overlap
8343,Caruaru,1,1.0,single_overlap
8344,Gumel,1,1.0,single_overlap
8345,Palwal,1,1.0,single_overlap
8346,Wutai,0,0.0,no_overlap
8347,Fakfak,1,0.777777778,single_overlap
8348,Campina Grande,1,1.0,single_overlap
8349,Ugba,1,0.7,single_overlap
8350,Rishikesh,1,1.0,single_overlap
8351,Wenshui,1,1.0,single_overlap
8352,Tual,1,0.821428571,single_overlap
8353,Maceió,1,0.993865031,single_overlap
8354,Maigatari,1,1.0,single_overlap
8355,Malegaon,1,1.0,single_overlap
8356,Xiaoyi,1,1.0,single_overlap
8357,Dobo,0,0.0,no_overlap
8358,Gravatá,1,1.0,single_overlap
8359,Gwolong,1,0.555555556,single_overlap
8360,Bhawani Mandi,1,1.0,single_overlap
8361,Yiliang,1,1.0,single_overlap
8362,Manokwari,1,0.966666667,single_overlap
8363,Natal,1,0.976190476,single_overlap
8364,Birnin Kudu,1,1.0,single_overlap
8365,Manmad,1,1.0,single_overlap
8366,Ulanhot,1,0.943396226,single_overlap
8367,Nabire,1,0.580645161,single_overlap
8368,Parnamirim,1,1.0,single_overlap
8369,Bununu Dass,1,1.0,single_overlap
8370,Ramganj Mandi,1,0.96969697,single_overlap
8371,Jiaocheng,1,0.978723404,single_overlap
8372,Biak Kota,1,0.970588235,single_overlap
8373,Vitória de Santo Antão,1,1.0,single_overlap
8374,Ningi,1,0.916666667,single_overlap
8375,Manawar,1,0.75,single_overlap
8376,Naxi,1,1.0,single_overlap
8377,Serui Kota,1,0.666666667,single_overlap
8378,Carpina,1,1.0,single_overlap
8379,Shendam,1,0.846153846,single_overlap
8380,Miranpur,1,0.714285714,single_overlap
8381,Jalaid,1,1.0,single_overlap
8382,Enarotali,0,0.0,no_overlap
8383,Escada,0,0.0,no_overlap
8384,Tafawa-Balewa,1,1.0,single_overlap
8385,Mahwa,1,1.0,single_overlap
8386,Tongliang,1,0.947368421,single_overlap
8387,Timika,1,0.787878788,single_overlap
8388,Recife,1,0.99796334,single_overlap
8389,Jahun,1,1.0,single_overlap
8390,Gangapur City,1,0.826086957,single_overlap
8391,Dongsheng,1,0.714285714,single_overlap
8392,Ilaga,0,0.0,no_overlap
8393,Goiana,1,1.0,single_overlap
8394,Zaki Biam,1,0.944444444,single_overlap
8395,Kherli,1,0.857142857,single_overlap
8396,Weining,1,0.684210526,single_overlap
8397,Agats,0,0.0,no_overlap
8398,Cabo de Santo Agostinho,1,1.0,single_overlap
8399,Bauchi,1,1.0,single_overlap
8400,Hapur,1,1.0,single_overlap
8401,Fula'erji,1,1.0,single_overlap
8402,Mulia,0,0.0,no_overlap
8403,João Pessoa,1,1.0,single_overlap
8404,Langtang,1,0.954545455,single_overlap
8405,Shirpur,1,1.0,single_overlap
8406,Bairin Right Banner,1,1.0,single_overlap
8408,Ponte dos Carvalhos,1,1.0,single_overlap
8409,Wukari,1,1.0,single_overlap
8410,Mawana,1,1.0,single_overlap
8411,Heyang,0,0.0,no_overlap
8412,Wamena,1,0.428571429,single_overlap
8413,Malummaduri,1,1.0,single_overlap
8414,Hodal,1,1.0,single_overlap
8415,Lantian,1,1.0,single_overlap
8416,Kobakma,0,0.0,no_overlap
8417,Kafin Hausa,0,0.0,no_overlap
8418,Dhar,1,1.0,single_overlap
8419,Guang'an,1,0.988372093,single_overlap
8421,Gwaram,0,0.0,no_overlap
8422,Dhule,1,1.0,single_overlap
8423,Hechuan,1,1.0,single_overlap
8424,Elelim,0,0.0,no_overlap
8425,Jamaari,1,1.0,single_overlap
8426,Shikrapur,0,0.0,no_overlap
8427,Qiqihar,1,1.0,single_overlap
8428,Merauke,1,0.659090909,single_overlap
8429,Hadejia,1,1.0,single_overlap
8430,Kaman,1,1.0,single_overlap
8431,Xiangning,1,1.0,single_overlap
8432,Sentani,1,1.0,single_overlap
8433,Dengi,1,0.833333333,single_overlap
8434,Sikandarabad,1,1.0,single_overlap
8435,Yongchuan,1,0.96969697,single_overlap
8436,Abepura,1,0.739130435,single_overlap
8437,Takum,1,0.785714286,single_overlap
8438,Kopargaon,1,1.0,single_overlap
8439,Hancheng,1,1.0,single_overlap
8440,Jayapura,1,0.896551724,single_overlap
8441,Azare,1,1.0,single_overlap
8442,Mehidpur,1,1.0,single_overlap
8443,Yuxian,1,1.0,single_overlap
8444,Giade,1,0.857142857,single_overlap
8445,Sainagar,1,1.0,single_overlap
8446,Huaning,0,0.0,no_overlap
8447,Alkalere,1,0.875,single_overlap
8448,Bijnor,1,1.0,single_overlap
8449,Lingqiu,1,1.0,single_overlap
8450,Nguru,1,1.0,single_overlap
8451,Kiratpur,1,1.0,single_overlap
8452,Dali,1,1.0,single_overlap
8453,Katsiro,1,1.0,single_overlap
8454,Sendhwa,1,1.0,single_overlap
8455,Jiexiu,1,1.0,single_overlap
8456,Misau,1,1.0,single_overlap
8457,Gulavthi,1,1.0,single_overlap
8458,Fenxi,0,0.0,no_overlap
8459,Gamawa,1,0.8,single_overlap
8460,Kosi Kalan,1,0.923076923,single_overlap
8461,qīngjiàn jiēdào,1,0.238095238,single_overlap
8462,Dambam,1,1.0,single_overlap
8463,Jhalawar,1,1.0,single_overlap
8464,Shilin,1,1.0,single_overlap
8465,Dukku,1,0.888888889,single_overlap
8466,Satara,1,1.0,single_overlap
8467,Xuanwei,1,0.822222222,single_overlap
8468,Mutum Biyu,1,1.0,single_overlap
8469,Deeg,1,1.0,single_overlap
8470,Qu,1,1.0,single_overlap
8471,Gashua,1,1.0,single_overlap
8472,Hindaun,1,0.952380952,single_overlap
8473,Huazhou,1,1.0,single_overlap
8474,Dogari Tiv,0,0.0,no_overlap
8475,Najibabad,1,1.0,single_overlap
8476,Weixin,1,1.0,single_overlap
8477,Potiskum,1,0.976744186,single_overlap
8478,Kotdwar,1,0.583333333,single_overlap
8479,Pingyao,1,0.978723404,single_overlap
8480,KUNDULUN,1,0.934210526,single_overlap
8481,Bulandshahr,1,1.0,single_overlap
8482,Hejin,1,1.0,single_overlap
8483,Biliri,1,0.666666667,single_overlap
8484,Karauli,1,0.875,single_overlap
8485,Qujing,1,1.0,single_overlap
8486,Titi,0,0.0,no_overlap
8487,Sheopur,1,0.846153846,single_overlap
8488,Chengjiang,1,0.857142857,single_overlap
8489,Damagum,1,1.0,single_overlap
8490,Sagorkuti,1,1.0,single_overlap
8491,Qi,1,1.0,single_overlap
8492,Kaltungo,1,1.0,single_overlap
8493,Amalner,1,1.0,single_overlap
8494,Zhanyi,1,1.0,single_overlap
8495,Gembu,1,0.8,single_overlap
8496,Govardhan,1,0.846153846,single_overlap
8497,Jianshui,1,1.0,single_overlap
8498,Jalingo,1,0.982758621,single_overlap
8499,Ujjain,1,1.0,single_overlap
8500,Zhenxiong,1,1.0,single_overlap
8501,Bajoga,1,0.888888889,single_overlap
8502,Shrirampur,1,1.0,single_overlap
8503,Bishan,1,1.0,single_overlap
8504,Serti,0,0.0,no_overlap
8505,Srinagar,1,0.9375,single_overlap
8506,Jinzhong,1,1.0,single_overlap
8507,Ashaka,1,0.875,single_overlap
8508,Baran,1,1.0,single_overlap
8509,Hezhang,1,1.0,single_overlap
8510,Zinna,1,1.0,single_overlap
8511,Garhmuktesar,1,0.75,single_overlap
8512,Beibei,1,1.0,single_overlap
8513,Ibrahim Baidu,0,0.0,no_overlap
8514,Khurja,1,1.0,single_overlap
8515,Qingmuguan,2,1.0,multiple_overlaps
8516,Geidam,1,0.846153846,single_overlap
8517,Chandpur,1,1.0,single_overlap
8518,Zengjia,1,1.0,single_overlap
8519,Damaturu,1,1.0,single_overlap
8520,Agar,1,1.0,single_overlap
8521,Huailai,1,1.0,single_overlap
8522,Guyuk,0,0.0,no_overlap
8523,Nagina,1,1.0,single_overlap
8524,Huozhou,1,1.0,single_overlap
8525,Buni Yadi,1,1.0,single_overlap
8526,Bayana,1,1.0,single_overlap
8527,Wanyuan,1,1.0,single_overlap
8528,Shellem,1,1.0,single_overlap
8529,Nahtaur,1,0.6,single_overlap
8530,Hejiang,1,1.0,single_overlap
8531,Numan,1,0.941176471,single_overlap
8532,Siyana,1,1.0,single_overlap
8533,Luliang,1,1.0,single_overlap
8534,Maya Belwa,1,1.0,single_overlap
8535,Pithampur,1,1.0,single_overlap
8536,Dazhou,1,1.0,single_overlap
8537,Sangasumi,1,1.0,single_overlap
8538,Dhanaura,1,0.7,single_overlap
8539,Chishui,1,1.0,single_overlap
8540,Biu,1,0.96,single_overlap
8541,Chalisgaon,1,1.0,single_overlap
8542,Xuyong,1,1.0,single_overlap
8543,Yola,1,0.9375,single_overlap
8544,Bharatpur,1,1.0,single_overlap
8545,Taigu,1,1.0,single_overlap
8546,Benisheikh,0,0.0,no_overlap
8547,Khair,0,0.0,no_overlap
8548,Jingguan,0,0.0,no_overlap
8549,Dakri,1,1.0,single_overlap
8550,Vrindavan,1,1.0,single_overlap
8551,锯木沟,1,1.0,single_overlap
8552,Song,1,1.0,single_overlap
8553,Gajraula,1,1.0,single_overlap
8554,Caijiagang,2,0.434782609,multiple_overlaps
8555,Gubio,1,0.75,single_overlap
8556,Mathura,1,0.990291262,single_overlap
8557,Chongqing,1,1.0,single_overlap
8558,Damboa,1,0.846153846,single_overlap
8559,Karad,1,1.0,single_overlap
8561,Gombi,1,0.666666667,single_overlap
8562,Arpora,1,1.0,single_overlap
8563,Sanchahe,1,1.0,single_overlap
8564,Maiduguri,1,0.961783439,single_overlap
8565,Indore,1,1.0,single_overlap
8566,Jishan,1,1.0,single_overlap
8567,Uba,1,1.0,single_overlap
8568,Chopda,1,0.9,single_overlap
8569,Dazhu,1,1.0,single_overlap
8570,Mubi,1,0.948717949,single_overlap
8571,Noorpur,1,1.0,single_overlap
8572,Zheba,1,1.0,single_overlap
8573,Michika,1,1.0,single_overlap
8574,Kedgaon,1,1.0,single_overlap
8575,Mile,1,1.0,single_overlap
8576,Monguno,1,0.583333333,single_overlap
8577,Shikarpur,1,1.0,single_overlap
8578,Huayin,1,1.0,single_overlap
8579,Madagali,1,0.777777778,single_overlap
8580,Dhampur,1,0.846153846,single_overlap
8581,Linshui,1,1.0,single_overlap
8582,Kasugula Bama,1,1.0,single_overlap
8583,Panaji,1,0.982142857,single_overlap
8584,Linfen,1,1.0,single_overlap
8585,Gwoza,1,1.0,single_overlap
8586,Jahangirabad,1,1.0,single_overlap
8587,Wanrong,0,0.0,no_overlap
8588,Baga,1,0.75,single_overlap
8589,Vasco da Gama,1,0.933333333,single_overlap
8590,Baisha,1,0.944444444,single_overlap
8591,Pulka,0,0.0,no_overlap
8592,Phaltan,1,1.0,single_overlap
8593,Yi'an,1,0.923076923,single_overlap
8594,Doro Gowon,0,0.0,no_overlap
8595,Hasanpur,1,1.0,single_overlap
8596,Shouyang,1,1.0,single_overlap
8597,Dikwa,1,0.888888889,single_overlap
8598,Sherkot,1,1.0,single_overlap
8599,Yongji,1,1.0,single_overlap
8600,Gamboru,1,0.681818182,single_overlap
8601,Daund,1,1.0,single_overlap
8602,Xuanhan,1,1.0,single_overlap
8603,Banki,1,1.0,single_overlap
8604,Khargone,1,1.0,single_overlap
8605,Xipeng,1,1.0,single_overlap
8606,Bhadgaon,1,1.0,single_overlap
8607,Hongtong,1,1.0,single_overlap
8608,Islampur,1,1.0,single_overlap
8609,Fengning,1,1.0,single_overlap
8610,Kannad,1,0.875,single_overlap
8611,Yu,1,1.0,single_overlap
8612,Seohara,1,1.0,single_overlap
8613,Laiyuan,1,0.956521739,single_overlap
8614,Dewas,1,1.0,single_overlap
8615,Muguo,0,0.0,no_overlap
8616,Kolhapur,1,1.0,single_overlap
8617,Wangjiazhai,1,0.857142857,single_overlap
8618,Amroha,1,1.0,single_overlap
8620,Aklera,1,1.0,single_overlap
8621,Kaiyuan,1,1.0,single_overlap
8622,Baramati,1,1.0,single_overlap
8623,Linyi,1,1.0,single_overlap
8624,Fatehpur Sikri,1,0.888888889,single_overlap
8625,Fuyuan,1,1.0,single_overlap
8626,Aligarh,1,1.0,single_overlap
8627,Xiangfen,0,0.0,no_overlap
8628,Iglas,1,1.0,single_overlap
8629,Liupanshui,1,0.986666667,single_overlap
8630,Margao,1,1.0,single_overlap
8631,珞璜工业园,1,1.0,single_overlap
8632,Anupshahr,1,0.833333333,single_overlap
8633,Xinjiang,1,0.956521739,single_overlap
8634,Pachora,1,1.0,single_overlap
8635,Ankang,1,1.0,single_overlap
8636,Shiroli,1,1.0,single_overlap
8637,Gejiu,1,1.0,single_overlap
8638,Shajapur,1,1.0,single_overlap
8639,Yanqing,1,1.0,single_overlap
8640,Kanth,1,1.0,single_overlap
8641,Luxi,1,1.0,single_overlap
8642,Dibai,1,0.9,single_overlap
8643,Nan'an,1,1.0,single_overlap
8644,Ponda,1,1.0,single_overlap
8645,Bijie,1,0.805555556,single_overlap
8646,Sabalgarh,1,0.888888889,single_overlap
8647,Shichuan,1,0.75,single_overlap
8648,Jalgaon,1,1.0,single_overlap
8649,Houma,1,1.0,single_overlap
8650,Kiraoli,1,1.0,single_overlap
8651,Jieshi,1,1.0,single_overlap
8652,Hathras,1,0.970588235,single_overlap
8653,Tailai,1,0.823529412,single_overlap
8654,Bari,1,1.0,single_overlap
8655,Jarud,1,1.0,single_overlap
8656,Jaspur,1,0.714285714,single_overlap
8657,Haizijie,0,0.0,no_overlap
8658,Sasni,1,1.0,single_overlap
8660,Agra,1,1.0,single_overlap
8661,Gulin,1,0.875,single_overlap
8662,Waladgaon,1,0.96969697,single_overlap
8663,Keshan,1,1.0,single_overlap
8664,Atrauli,1,1.0,single_overlap
8665,Nanba,1,1.0,single_overlap
8666,Moradabad,1,1.0,single_overlap
8667,Weichang,1,1.0,single_overlap
8668,Kheragarh,1,0.875,single_overlap
8669,Shangluo,1,1.0,single_overlap
8670,Sarangpur,1,1.0,single_overlap
8671,Shizong,0,0.0,no_overlap
8672,Chhatrapati Sambhajinagar,1,1.0,single_overlap
8673,Kaijiang,1,1.0,single_overlap
8674,Sambhal,1,1.0,single_overlap
8675,Panzhou,1,1.0,single_overlap
8676,Sadabad,1,1.0,single_overlap
8677,Yangquan,1,1.0,single_overlap
8678,Barwaha,1,1.0,single_overlap
8679,Luonan,1,1.0,single_overlap
8680,Ichalkaranji,2,0.907407407,multiple_overlaps
8681,Dianjiang,1,1.0,single_overlap
8682,Nippani,1,0.923076923,single_overlap
8683,Wenxi,1,1.0,single_overlap
8684,Gadahinglaj,1,1.0,single_overlap
8685,Yuncheng,1,1.0,single_overlap
8686,Thakurdwara,1,1.0,single_overlap
8687,Quwo,1,1.0,single_overlap
8688,Yawal,1,1.0,single_overlap
8689,Ruicheng,1,1.0,single_overlap
8690,Kailaras,1,1.0,single_overlap
8691,Ongniud,1,1.0,single_overlap
8692,Sanawad,1,1.0,single_overlap
8693,Changshou,1,1.0,single_overlap
8694,Sangli,1,0.988764045,single_overlap
8695,Wenlan,1,1.0,single_overlap
8696,Shevgaon,1,1.0,single_overlap
8697,Shuanglong,0,0.0,no_overlap
8698,Jaysingpur,1,1.0,single_overlap
8699,Qijiang,1,1.0,single_overlap
8700,Karwar,0,0.0,no_overlap
8701,Yicheng,1,1.0,single_overlap
8702,Dhaulpur,1,1.0,single_overlap
8703,Bei'an,1,1.0,single_overlap
8704,Bhusawal,1,1.0,single_overlap
8705,Xishui,1,1.0,single_overlap
8706,Bahjoi,1,0.833333333,single_overlap
8707,Lindian,0,0.0,no_overlap
8708,Dhakia Jumma,1,0.466666667,single_overlap
8709,Pingding County,1,1.0,single_overlap
8710,Faizpur,0,0.0,no_overlap
8711,Shanyang,1,1.0,single_overlap
8712,Tanda,1,1.0,single_overlap
8713,Xia,1,1.0,single_overlap
8714,Sahaspur,1,1.0,single_overlap
8715,Xunyang,1,1.0,single_overlap
8716,Jamner,1,1.0,single_overlap
8717,Liangping,1,1.0,single_overlap
8718,Kher Khata,0,0.0,no_overlap
8719,Nankou,1,1.0,single_overlap
8720,Sikandra Rao,1,0.857142857,single_overlap
8721,Jinping,1,1.0,single_overlap
8722,Joura,1,0.75,single_overlap
8723,Yushe,1,1.0,single_overlap
8724,Paithan,1,1.0,single_overlap
8725,Qin,1,1.0,single_overlap
8726,Sillod,1,1.0,single_overlap
8727,Jiangxian,0,0.0,no_overlap
8728,Belagavi,1,1.0,single_overlap
8729,Luoping,1,1.0,single_overlap
8730,Jalesar,1,1.0,single_overlap
8731,Dafang,1,1.0,single_overlap
8732,Chandausi,1,0.903225806,single_overlap
8733,Nayong,1,0.777777778,single_overlap
8734,Shamsabad,1,1.0,single_overlap
8735,Pingshan,1,1.0,single_overlap
8736,Tundla,1,0.96875,single_overlap
8737,Changping,1,1.0,single_overlap
8738,Biaora,1,1.0,single_overlap
8739,Longqiao,0,0.0,no_overlap
8740,Shujalpur,1,0.75,single_overlap
8741,Huiminxiang,0,0.0,no_overlap
8742,Suar,1,0.75,single_overlap
8743,Baicheng,1,1.0,single_overlap
8744,Islamnagar,1,1.0,single_overlap
8745,Beijing,2,1.0,multiple_overlaps
8746,Akluj,1,1.0,single_overlap
8747,Jingxing Mining,1,1.0,single_overlap
8748,Saifni,1,0.444444444,single_overlap
8750,Chachaura-Binaganj,0,0.0,no_overlap
8751,Lingbao,1,1.0,single_overlap
8752,Bajpur,1,1.0,single_overlap
8753,Zhenlai,1,1.0,single_overlap
8754,Morena,1,1.0,single_overlap
8755,Shanzhou,1,1.0,single_overlap
8756,Raver,1,1.0,single_overlap
8757,Pinglu,1,1.0,single_overlap
8758,Rampur,1,1.0,single_overlap
8759,Lingshou,1,1.0,single_overlap
8760,Guna,1,0.967741935,single_overlap
8761,Xiyang,1,1.0,single_overlap
8762,Kasganj,1,0.866666667,single_overlap
8763,Sanmenxia,1,1.0,single_overlap
8764,Sahaswan,1,0.875,single_overlap
8765,Kaizhou,1,1.0,single_overlap
8766,Firozabad,1,1.0,single_overlap
8767,Quyang,1,1.0,single_overlap
8768,Fatehabad,1,0.75,single_overlap
8769,Xingtang,1,1.0,single_overlap
8770,Ashta,1,1.0,single_overlap
8771,Wansheng,1,1.0,single_overlap
8772,Gadarpur,1,1.0,single_overlap
8773,Yixian,1,1.0,single_overlap
8774,Shivpuri,1,0.961538462,single_overlap
8775,Yuanqu,1,1.0,single_overlap
8776,Khandwa,1,1.0,single_overlap
8777,Danfeng,1,1.0,single_overlap
8778,Sahabad,1,0.75,single_overlap
8779,Tang,1,1.0,single_overlap
8780,Burhanpur,1,1.0,single_overlap
8781,Nanchuan,1,0.840909091,single_overlap
8782,Kumta,0,0.0,no_overlap
8783,Fangshan,1,1.0,single_overlap
8784,Bisauli,1,0.666666667,single_overlap
8785,Qiubei,0,0.0,no_overlap
8786,Soron,1,1.0,single_overlap
8787,Heshun,0,0.0,no_overlap
8788,Ambah,1,0.875,single_overlap
8789,Shijiazhuang,1,1.0,single_overlap
8790,Bamaur,1,1.0,single_overlap
8791,Anzhou,1,1.0,single_overlap
8792,Gokak,1,1.0,single_overlap
8793,Huairou,1,1.0,single_overlap
8794,Etah,1,0.964285714,single_overlap
8795,Zhoukoudian,1,1.0,single_overlap
8796,Bilaspur,1,0.769230769,single_overlap
8797,Chifeng,1,1.0,single_overlap
8799,Zuoquan,0,0.0,no_overlap
8800,Honnavar,0,0.0,no_overlap
8801,Taonan,1,1.0,single_overlap
8802,Milak,1,0.545454545,single_overlap
8803,Laishui,1,1.0,single_overlap
8804,Jalna,1,1.0,single_overlap
8805,Baiquan,1,1.0,single_overlap
8806,Gwalior,1,0.991803279,single_overlap
8807,Shuijiang,0,0.0,no_overlap
8808,Ambad,1,0.857142857,single_overlap
8809,Xinle,1,1.0,single_overlap
8810,Almora,1,1.0,single_overlap
8811,Fengdu,1,1.0,single_overlap
8812,Haldwani,1,0.904761905,single_overlap
8813,Liuzhi,1,1.0,single_overlap
8814,Rudrapur,1,1.0,single_overlap
8815,Mancheng,1,1.0,single_overlap
8816,Malkapur,1,1.0,single_overlap
8817,Wanzhou,1,0.986111111,single_overlap
8818,Porsa,1,0.4,single_overlap
8819,Renhuai,1,1.0,single_overlap
8820,Athani,1,1.0,single_overlap
8821,Miyun,1,1.0,single_overlap
8822,Pandharpur,1,1.0,single_overlap
8823,Zhengding,1,1.0,single_overlap
8824,Bailhongal,1,1.0,single_overlap
8825,Zhong,1,1.0,single_overlap
8826,Shikohabad,1,0.96,single_overlap
8827,Xingyi,1,1.0,single_overlap
8828,Georai,1,1.0,single_overlap
8829,Jinsha,1,0.928571429,single_overlap
8830,Ujhani,1,0.909090909,single_overlap
8831,Dingzhou,1,1.0,single_overlap
8832,Malanpur,1,1.0,single_overlap
8833,Zhijin,1,1.0,single_overlap
8834,Buldhana,1,0.947368421,single_overlap
8835,Xiangyuan,1,1.0,single_overlap
8836,Lalkuan,0,0.0,no_overlap
8837,Congyuancun,1,1.0,single_overlap
8838,Aonla,1,0.8,single_overlap
8839,Qianxi,1,1.0,single_overlap
8840,Bhatkal,0,0.0,no_overlap
8841,Zhuozhou,1,1.0,single_overlap
8842,Sehore,1,1.0,single_overlap
8843,Ranghulu,1,1.0,single_overlap
8844,Beed,1,1.0,single_overlap
8845,Gaobeidian,1,1.0,single_overlap
8846,Ganj Dundwara,1,0.384615385,single_overlap
8847,Dingxing,1,1.0,single_overlap
8848,Rabakavi Banahatti,1,1.0,single_overlap
8849,Changling,1,0.857142857,single_overlap
8850,Bah,1,1.0,single_overlap
8851,Xingren,1,1.0,single_overlap
8852,Badaun,1,0.777777778,single_overlap
8853,Baoding,1,1.0,single_overlap
8854,Sirsaganj,1,0.888888889,single_overlap
8855,Tongzi,1,1.0,single_overlap
8856,Baheri,1,1.0,single_overlap
8857,Puding,1,1.0,single_overlap
8858,Gohad,1,1.0,single_overlap
8859,Xushui District,1,1.0,single_overlap
8860,Bareilly,1,0.975757576,single_overlap
8862,Chikhli,1,1.0,single_overlap
8863,Yunyang,1,1.0,single_overlap
8864,Ashoknagar,1,0.916666667,single_overlap
8865,Yanshan,0,0.0,no_overlap
8866,Dharwad,1,1.0,single_overlap
8867,Wenshan,1,1.0,single_overlap
8868,Barshi,1,1.0,single_overlap
8869,Shuangluan,1,1.0,single_overlap
8870,Sirsi,1,1.0,single_overlap
8871,Zhangzi,1,1.0,single_overlap
8872,Jalgaon Jamod,1,0.833333333,single_overlap
8873,Shizhu,1,1.0,single_overlap
8874,Nandura,1,0.857142857,single_overlap
8875,Mianchi,1,1.0,single_overlap
8876,Jamakhandi,1,1.0,single_overlap
8877,Sartu,1,0.967741935,single_overlap
8878,Berasia,1,1.0,single_overlap
8879,Songzhuang,1,1.0,single_overlap
8880,Saundatti,1,1.0,single_overlap
8881,Haozhuang,0,0.0,no_overlap
8882,Dabra,1,0.857142857,single_overlap
8883,Yuanshi,1,1.0,single_overlap
8884,Kakrala,1,0.666666667,single_overlap
8885,Yangcheng,1,1.0,single_overlap
8886,Bhopal,1,0.991967871,single_overlap
8887,Mingshui,1,0.714285714,single_overlap
8888,Mudhol,1,0.916666667,single_overlap
8889,Luancheng,1,1.0,single_overlap
8890,Kundapura,0,0.0,no_overlap
8891,Wuji,1,0.954545455,single_overlap
8892,Sitarganj,1,1.0,single_overlap
8893,Lucheng,1,1.0,single_overlap
8894,Mahgawan,1,1.0,single_overlap
8895,Changzhi,1,1.0,single_overlap
8896,Sironj,1,1.0,single_overlap
8897,Wulong,1,1.0,single_overlap
8898,Khamgaon,1,1.0,single_overlap
8899,Zhenning,1,1.0,single_overlap
8900,Hubli,1,1.0,single_overlap
8901,Babaishang,1,1.0,single_overlap
8902,Udupi,1,0.966666667,single_overlap
8903,Chengde,1,0.820512821,single_overlap
8904,Mainpuri,1,0.935483871,single_overlap
8905,Daqing,1,1.0,single_overlap
8906,Harda,1,1.0,single_overlap
8907,Gu'an,1,0.980392157,single_overlap
8908,Partur,0,0.0,no_overlap
8909,Anshun,1,1.0,single_overlap
8910,Nawabganj,1,1.0,single_overlap
8911,Rongcheng,0,0.0,no_overlap
8912,Karhal,1,1.0,single_overlap
8913,Gaocheng,1,1.0,single_overlap
8914,Ramdurg,0,0.0,no_overlap
8915,Licheng,1,1.0,single_overlap
8916,Aliganj,1,1.0,single_overlap
8917,Yima,1,1.0,single_overlap
8918,Jaswantnagar,1,0.714285714,single_overlap
8919,Yunxi,1,1.0,single_overlap
8920,Bhind,1,1.0,single_overlap
8921,Zhangjiawan,1,1.0,single_overlap
8922,Faridpur,1,0.538461538,single_overlap
8923,Caiguan,0,0.0,no_overlap
8924,Majalgaon,1,0.857142857,single_overlap
8925,Santai,0,0.0,no_overlap
8926,Pithoragarh,1,0.928571429,single_overlap
8927,Shangdang,1,1.0,single_overlap
8928,Datia,1,1.0,single_overlap
8929,Pinggu,1,1.0,single_overlap
8930,Shegaon,1,1.0,single_overlap
8931,Liangmatai,1,1.0,single_overlap
8932,Sagara,1,1.0,single_overlap
8933,Anguo,1,1.0,single_overlap
8934,Mangaluru,1,1.0,single_overlap
8935,Luoning County,1,1.0,single_overlap
8936,Pilibhit,1,1.0,single_overlap
8937,Dashimiao,1,0.6,single_overlap
8938,Mandideep,1,1.0,single_overlap
8939,Gaoyi,1,1.0,single_overlap
8940,Khatīma,1,0.888888889,single_overlap
8941,Daozhen,1,1.0,single_overlap
8942,Kaimganj,1,0.736842105,single_overlap
8943,Yuanbaoshan,1,1.0,single_overlap
8944,Chanderi,1,1.0,single_overlap
8945,Honghuagang,1,0.99137931,single_overlap
8946,Etawah,1,1.0,single_overlap
8947,Sanhe,1,0.956043956,single_overlap
8948,Mehkar,1,1.0,single_overlap
8949,Gaoping,1,1.0,single_overlap
8950,Vijayapura,1,0.982758621,single_overlap
8951,Jinzhou,1,1.0,single_overlap
8952,Dharashiv,1,0.965517241,single_overlap
8953,Zhaoxian,1,1.0,single_overlap
8954,Solapur,1,1.0,single_overlap
8955,Huguan,1,1.0,single_overlap
8956,Balapur,1,1.0,single_overlap
8957,Bozhou,1,1.0,single_overlap
8958,Mungaoli,0,0.0,no_overlap
8959,Maguan,1,1.0,single_overlap
8960,Selu,1,1.0,single_overlap
8961,Xinglong,0,0.0,no_overlap
8962,Jhansi,1,1.0,single_overlap
8963,Boye,1,1.0,single_overlap
8964,Basoda,1,1.0,single_overlap
8965,She,1,1.0,single_overlap
8966,Vidisha,1,0.954545455,single_overlap
8968,Manjeshwar,1,0.909090909,single_overlap
8969,Xinghua,1,1.0,single_overlap
8970,Bisalpur,1,1.0,single_overlap
8971,Gaoyang,1,1.0,single_overlap
8972,Pathri,0,0.0,no_overlap
8973,Suiyang,1,0.9,single_overlap
8974,Raisen,1,1.0,single_overlap
8975,Langfang,1,1.0,single_overlap
8976,Gaddanakeri Tanda,1,1.0,single_overlap
8977,Xiongxian,1,1.0,single_overlap
8978,Manwat,0,0.0,no_overlap
8979,Xin'an,1,1.0,single_overlap
8980,Akot,1,1.0,single_overlap
8981,Jincheng,1,1.0,single_overlap
8982,Lakhna,1,1.0,single_overlap
8983,Anping,0,0.0,no_overlap
8984,Lahar,1,1.0,single_overlap
8985,Guangnan,0,0.0,no_overlap
8986,Bagalkote,1,1.0,single_overlap
8987,Yongqing,1,1.0,single_overlap
8988,Tilhar,1,0.785714286,single_overlap
8989,Xianghe,1,1.0,single_overlap
8990,Ambajogai,1,1.0,single_overlap
8991,Xiuwen,1,1.0,single_overlap
8992,Lakshmeshvara,1,1.0,single_overlap
8993,Qingzhen,1,1.0,single_overlap
8994,Haveri,1,1.0,single_overlap
8995,Zhushan,1,1.0,single_overlap
8996,Bantwal Cross Road,1,1.0,single_overlap
8997,Xinji,0,0.0,no_overlap
8998,Jalalabad,1,0.666666667,single_overlap
8999,Jiyuan,1,1.0,single_overlap
9000,Bharthana,1,1.0,single_overlap
9002,Akola,1,0.984615385,single_overlap
9003,Pengshui,1,1.0,single_overlap
9004,Lalitpur,1,1.0,single_overlap
9005,Anda,1,1.0,single_overlap
9006,Bina Etawa,1,1.0,single_overlap
9007,Bazhou,1,1.0,single_overlap
9008,Kasaragod,1,1.0,single_overlap
9009,Ningjin,1,1.0,single_overlap
9010,Farrukhabad,1,0.828125,single_overlap
9011,Chengde,1,1.0,single_overlap
9012,Risod,1,1.0,single_overlap
9013,Jizhou,1,1.0,single_overlap
9014,Jintur,1,0.833333333,single_overlap
9015,Anping,1,0.95,single_overlap
9016,Shikaripura,0,0.0,no_overlap
9017,Xinji,1,1.0,single_overlap
9018,Narmadapuram,1,1.0,single_overlap
9019,Guiyang,1,1.0,single_overlap
9020,Gadag-Betageri,1,1.0,single_overlap
9021,Hailun,1,1.0,single_overlap
9022,Chhibramau,1,0.611111111,single_overlap
9023,Xingtai,1,1.0,single_overlap
9024,Parli,1,0.9,single_overlap
9025,Luoyang,1,1.0,single_overlap
9026,Puranpur,1,1.0,single_overlap
9027,Yiyang County,1,1.0,single_overlap
9028,Shahjahanpur,1,1.0,single_overlap
9029,Shiyan,1,0.986013986,single_overlap
9030,Kanhangad,1,1.0,single_overlap
9031,Lichuan,1,1.0,single_overlap
9032,Akkalkot,1,1.0,single_overlap
9033,Yunyang,1,1.0,single_overlap
9034,Itarsi,1,1.0,single_overlap
9035,Mengjin,1,1.0,single_overlap
9036,Puttur,1,1.0,single_overlap
9037,Renqiu,1,0.989690722,single_overlap
9038,Anjangaon,1,1.0,single_overlap
9039,Luanchuan,1,1.0,single_overlap
9040,Khurai,1,1.0,single_overlap
9041,Lingchuan,0,0.0,no_overlap
9042,Parbhani,1,1.0,single_overlap
9043,Wu'an,1,1.0,single_overlap
9044,Latur,1,1.0,single_overlap
9045,Nanlingchengcun,1,0.944444444,single_overlap
9046,Konch,1,1.0,single_overlap
9047,Longyao,1,1.0,single_overlap
9048,Bidhuna,1,0.8,single_overlap
9049,夔门街道,1,1.0,single_overlap
9050,Ausa,1,1.0,single_overlap
9051,Bo'ai,1,0.991304348,single_overlap
9052,Ranebennur,1,1.0,single_overlap
9053,Kaiyang,1,1.0,single_overlap
9054,Payyanur,1,1.0,single_overlap
9055,Baochi,1,1.0,single_overlap
9056,Daryapur,1,1.0,single_overlap
9057,Ningcheng,1,1.0,single_overlap
9058,Gangakhed,1,1.0,single_overlap
9059,Da'an,1,1.0,single_overlap
9060,Shahabad,1,0.933333333,single_overlap
9061,Huaxi,1,1.0,single_overlap
9062,Mamrezpur Al,1,1.0,single_overlap
9063,Pingquan,1,1.0,single_overlap
9064,Shivamogga,1,0.959183673,single_overlap
9065,Meitan,1,1.0,single_overlap
9066,Sindagi,1,1.0,single_overlap
9067,Shengzhou City,1,0.96,single_overlap
9068,Gursahaiganj,1,0.769230769,single_overlap
9069,Wuqing,1,0.990566038,single_overlap
9070,Washim,1,1.0,single_overlap
9071,Zhongxing Road,1,1.0,single_overlap
9072,Achalpur,1,1.0,single_overlap
9073,Mengzhou,1,1.0,single_overlap
9074,Dibiyapur,1,1.0,single_overlap
9075,Tang'erli,1,0.988505747,single_overlap
9076,Jalaun,1,1.0,single_overlap
9077,Zuogezhuang,1,1.0,single_overlap
9078,Murtijapur,1,1.0,single_overlap
9079,Song County,1,0.964285714,single_overlap
9080,Muddebihala,1,1.0,single_overlap
9081,Qinggang,1,1.0,single_overlap
9082,Auraiya,1,1.0,single_overlap
9083,Shahe,1,1.0,single_overlap
9084,Begamganj,1,1.0,single_overlap
9085,大口屯镇,0,0.0,no_overlap
9086,Tikamgarh,1,0.952380952,single_overlap
9087,Qinyang,1,1.0,single_overlap
9088,Gursarai,1,1.0,single_overlap
9089,Yongnian,1,1.0,single_overlap
9090,Ilkal,0,0.0,no_overlap
9091,Hejian,1,1.0,single_overlap
9092,Mohmadi,1,0.9,single_overlap
9093,Linzhou,1,1.0,single_overlap
9094,Harihara,1,1.0,single_overlap
9095,Xixia,1,1.0,single_overlap
9096,Tirwaganj,1,0.538461538,single_overlap
9097,Zunhua,1,1.0,single_overlap
9098,Hingoli,1,1.0,single_overlap
9099,Fengfeng,1,1.0,single_overlap
9100,Bhadravathi,1,1.0,single_overlap
9101,Fengfeng,1,1.0,single_overlap
9102,Mangrul Pir,1,1.0,single_overlap
9103,Fenggang,1,1.0,single_overlap
9104,Umarga,1,1.0,single_overlap
9105,Yichuan,1,1.0,single_overlap
9106,Taliparamba,1,1.0,single_overlap
9107,Handan,1,1.0,single_overlap
9108,Kannur,1,1.0,single_overlap
9109,Yanshi District,1,0.842105263,single_overlap
9110,Alanda,1,1.0,single_overlap
9111,Qianjiang,1,1.0,single_overlap
9112,Anthoor,1,1.0,single_overlap
9113,Jiaozuo,1,1.0,single_overlap
9114,Betul,1,1.0,single_overlap
9115,Gaolong,2,0.333333333,multiple_overlaps
9116,Purna,1,1.0,single_overlap
9117,Wushan,1,1.0,single_overlap
9118,Orai,1,1.0,single_overlap
9119,Suiling,1,1.0,single_overlap
9120,Mauranipur,1,1.0,single_overlap
9121,Wangkui,1,1.0,single_overlap
9122,Kannauj,1,0.857142857,single_overlap
9123,Kuancheng,0,0.0,no_overlap
9124,Nilanga,1,1.0,single_overlap
9125,Yutian,1,1.0,single_overlap
9126,Palia Kalan,1,0.916666667,single_overlap
9127,Tianjin,1,1.0,single_overlap
9128,Rasulabad,0,0.0,no_overlap
9129,Julu,0,0.0,no_overlap
9130,Ahmadpur,1,1.0,single_overlap
9131,Xichuan,1,1.0,single_overlap
9132,Davanagere,1,1.0,single_overlap
9133,Guxian,1,1.0,single_overlap
9134,Karanja,1,1.0,single_overlap
9135,Xingbieying,0,0.0,no_overlap
9136,Jhinjhak,1,0.818181818,single_overlap
9137,Matou,1,1.0,single_overlap
9138,Harapanahalli,1,1.0,single_overlap
9139,Qugou,1,1.0,single_overlap
9140,Hardoi,1,0.925,single_overlap
9141,Hengshui,1,0.990825688,single_overlap
9142,Chandur Bazar,1,1.0,single_overlap
9143,Qian'an,0,0.0,no_overlap
9144,Basmat,1,1.0,single_overlap
9145,Tongliao,1,1.0,single_overlap
9146,Gola Gokarannath,1,0.941176471,single_overlap
9147,Wen,1,1.0,single_overlap
9148,Koppala,1,1.0,single_overlap
9149,Gongyi,1,0.892857143,single_overlap
9150,Thalassery,1,1.0,single_overlap
9151,Enshi,1,0.84375,single_overlap
9152,Sagar,1,1.0,single_overlap
9153,Dejiang,1,0.909090909,single_overlap
9154,Salaiya,1,0.454545455,single_overlap
9155,Goushi,0,0.0,no_overlap
9156,Chikkamagaluru,1,1.0,single_overlap
9157,Fangxian,1,1.0,single_overlap
9158,Pipariya,1,1.0,single_overlap
9159,Cixian,1,0.952380952,single_overlap
9160,Amravati,1,1.0,single_overlap
9161,Jianshi,1,0.727272727,single_overlap
9162,Sarni,1,1.0,single_overlap
9163,Jize,1,1.0,single_overlap
9164,Hagaribommanahalli,1,1.0,single_overlap
9165,Xinzhuangying,1,1.0,single_overlap
9166,Kandhar,0,0.0,no_overlap
9167,Lingyuan,1,1.0,single_overlap
9168,Vadakara,1,0.98989899,single_overlap
9169,毕家村,1,1.0,single_overlap
9170,Mallanwan,1,0.769230769,single_overlap
9171,Shaliuhe,1,0.172413793,single_overlap
9172,Kalpi,1,0.875,single_overlap
9173,Xiaodong,1,1.0,single_overlap
9174,Nanded,1,1.0,single_overlap
9175,Jinghai,1,1.0,single_overlap
9176,Pukhrayan,1,1.0,single_overlap
9177,Ruyang County,1,1.0,single_overlap
9178,Rath,1,1.0,single_overlap
9179,Wengan,1,1.0,single_overlap
9180,Udgir,1,0.857142857,single_overlap
9181,Jizhou,1,1.0,single_overlap
9182,Basavakalyana,1,0.888888889,single_overlap
9183,Jianping,1,1.0,single_overlap
9184,Kalaburagi,1,1.0,single_overlap
9185,Xianfeng,1,1.0,single_overlap
9186,Lingasugur,1,1.0,single_overlap
9187,Funing,1,1.0,single_overlap
9188,Banda,1,1.0,single_overlap
9189,Yahongqiao,0,0.0,no_overlap
9190,Morshi,1,1.0,single_overlap
9191,Anyang,1,1.0,single_overlap
9192,Pusad,1,1.0,single_overlap
9193,Woluogu,0,0.0,no_overlap
9194,Hosapete,1,1.0,single_overlap
9195,Wuzhi,1,1.0,single_overlap
9196,Akbarpur,1,0.857142857,single_overlap
9197,Qianxi,1,1.0,single_overlap
9198,Kaduru,1,1.0,single_overlap
9199,Quzhou,1,1.0,single_overlap
9200,Mariyammanahalli,0,0.0,no_overlap
9201,Huixian,1,1.0,single_overlap
9202,Bangarmau,1,0.545454545,single_overlap
9203,Zhaozhou,1,1.0,single_overlap
9204,Lalpur,1,1.0,single_overlap
9205,Shancheng,1,1.0,single_overlap
9206,Nowgaon,1,1.0,single_overlap
9207,Cheng'an,1,1.0,single_overlap
9208,Darwha,1,1.0,single_overlap
9209,Linzhang,1,1.0,single_overlap
9210,Koyilandy,1,1.0,single_overlap
9211,Xiaoguan,1,1.0,single_overlap
9212,Multai,1,1.0,single_overlap
9213,Huojia,1,1.0,single_overlap
9214,Digras,1,1.0,single_overlap
9215,Fengrun,2,0.991525424,multiple_overlaps
9216,Raniyan,1,1.0,single_overlap
9217,Shangjie,1,1.0,single_overlap
9218,Lakhimpur,1,0.918367347,single_overlap
9219,Youyang,1,1.0,single_overlap
9220,Shorapur,1,1.0,single_overlap
9221,Zaoqiang,1,1.0,single_overlap
9222,Gangavathi,1,1.0,single_overlap
9223,Neixiang,1,1.0,single_overlap
9224,Shahabad,1,1.0,single_overlap
9225,Qing,1,0.9375,single_overlap
9226,Shahapura,1,1.0,single_overlap
9227,Dengfeng,1,1.0,single_overlap
9228,Mudkhed,0,0.0,no_overlap
9229,Tangshan,1,1.0,single_overlap
9230,Kozhikode,3,0.808351976,multiple_overlaps
9231,Danjiangkou,1,1.0,single_overlap
9232,Humanabad,1,1.0,single_overlap
9233,Dajindian,0,0.0,no_overlap
9234,Bhalki,1,1.0,single_overlap
9235,Zhaodong,1,1.0,single_overlap
9236,Sitapur,1,0.943396226,single_overlap
9237,Ruzhou,1,1.0,single_overlap
9238,Gadarwara,1,0.9,single_overlap
9239,Fengquan,1,1.0,single_overlap
9240,Warud,1,1.0,single_overlap
9241,Xinxiang,1,1.0,single_overlap
9242,Hassan,1,1.0,single_overlap
9243,Xingyang,1,1.0,single_overlap
9244,Kanpur,2,1.0,multiple_overlaps
9245,Tangyin,1,1.0,single_overlap
9246,Umarkhed,1,0.875,single_overlap
9248,Wadi,1,1.0,single_overlap
9249,Lanxi,1,1.0,single_overlap
9250,Chhatarpur,1,1.0,single_overlap
9251,Binhai New Area,2,0.921671018,multiple_overlaps
9252,Hosadurga,0,0.0,no_overlap
9253,Ningjiang,1,1.0,single_overlap
9254,Sandila,1,1.0,single_overlap
9255,Hebi,1,1.0,single_overlap
9256,Safipur,1,1.0,single_overlap
9257,Harqin Zuoyi,1,1.0,single_overlap
9258,Chitradurga,1,1.0,single_overlap
9259,Laifeng,1,1.0,single_overlap
9261,Songyuan,1,1.0,single_overlap
9262,Deori Khas,1,0.857142857,single_overlap
9263,天津经济技术开发区西区,1,1.0,single_overlap
9264,Sindhanur,1,1.0,single_overlap
9265,Qinglong,0,0.0,no_overlap
9266,Bhokar,1,1.0,single_overlap
9267,Ninghe,1,1.0,single_overlap
9268,Arvi,1,0.857142857,single_overlap
9269,Qixian,1,1.0,single_overlap
9270,Devadurga,0,0.0,no_overlap
9271,Botou,1,1.0,single_overlap
9272,Vaddu,1,1.0,single_overlap
9273,Longshan,1,1.0,single_overlap
9274,Arasikere,1,1.0,single_overlap
9275,Suihua,1,1.0,single_overlap
9276,Ghatampur,1,1.0,single_overlap
9277,Zhengzhou,2,1.0,multiple_overlaps
9278,Tanur,1,1.0,single_overlap
9279,Wei,1,1.0,single_overlap
9280,Laharpur,1,0.875,single_overlap
9281,Cangzhou,1,1.0,single_overlap
9282,Mahoba,1,0.894736842,single_overlap
9283,Nanzhao,1,1.0,single_overlap
9284,Yavatmal,1,1.0,single_overlap
9285,北塘,1,1.0,single_overlap
9286,Hamirpur,0,0.0,no_overlap
9287,Gegu,1,1.0,single_overlap
9288,Degloor,1,1.0,single_overlap
9289,Weihui,1,1.0,single_overlap
9290,Kalpetta,0,0.0,no_overlap
9291,Xinmi,1,1.0,single_overlap
9292,Pandhurna,1,1.0,single_overlap
9293,Zhaishang,1,1.0,single_overlap
9294,Parasia,1,0.916666667,single_overlap
9295,Gulin,1,1.0,single_overlap
9296,Yadgir,1,1.0,single_overlap
9297,Duyun,1,1.0,single_overlap
9298,Ponnani,3,0.907161804,multiple_overlaps
9299,Chaoyang,1,1.0,single_overlap
9300,Bharuwa Sumerpur,1,1.0,single_overlap
9301,Chengtougu,1,1.0,single_overlap
9302,Maudaha,1,1.0,single_overlap
9303,Jingxian,1,0.9375,single_overlap
9304,Kabrai,0,0.0,no_overlap
9305,Qinghe,1,1.0,single_overlap
9306,Siruguppa,1,1.0,single_overlap
9307,Gucheng,1,1.0,single_overlap
9308,Sidhauli,1,0.866666667,single_overlap
9309,Zhenping,1,1.0,single_overlap
9310,Bidar,1,1.0,single_overlap
9311,Beipiao,1,1.0,single_overlap
9312,Pulgaon,1,1.0,single_overlap
9313,Qian'an,1,1.0,single_overlap
9314,Damoh,1,1.0,single_overlap
9315,Zhaogezhuang,1,1.0,single_overlap
9316,Challakere,1,1.0,single_overlap
9317,Shilong,1,1.0,single_overlap
9318,Manvi,1,1.0,single_overlap
9319,Laohekou,1,1.0,single_overlap
9320,Tipaturu,1,1.0,single_overlap
9321,Qingan,1,1.0,single_overlap
9322,Hunsur,1,1.0,single_overlap
9323,Gucheng,1,1.0,single_overlap
9324,Biswan,1,1.0,single_overlap
9325,Dongguang,0,0.0,no_overlap
9326,Hiriyur,1,1.0,single_overlap
9328,Katol,1,1.0,single_overlap
9329,Dengzhou,1,0.5,single_overlap
9330,Ballari,1,1.0,single_overlap
9331,Lvjiatuo,1,1.0,single_overlap
9332,Narsinghpur,1,1.0,single_overlap
9333,超化,1,1.0,single_overlap
9334,Ogipur,0,0.0,no_overlap
9335,Guantao,1,1.0,single_overlap
9336,Sultan Bathery,0,0.0,no_overlap
9337,Yuanyang,1,1.0,single_overlap
9338,Krishnarajanagara,1,0.888888889,single_overlap
9339,Xiushan,1,1.0,single_overlap
9340,Chhindwara,1,1.0,single_overlap
9341,Yichun,0,0.0,no_overlap
9342,Bhainsa,1,1.0,single_overlap
9343,Xunxian,1,1.0,single_overlap
9344,Rayadurg,1,1.0,single_overlap
9346,Lucknow,1,1.0,single_overlap
9347,Lushan,1,1.0,single_overlap
9348,Sausar,1,0.833333333,single_overlap
9349,Nangang Industrial Zone,1,1.0,single_overlap
9350,Nilambur,0,0.0,no_overlap
9351,Dezhou,1,1.0,single_overlap
9352,Thrissur,2,0.988929889,multiple_overlaps
9353,Daming,1,1.0,single_overlap
9354,Zaheerabad,1,1.0,single_overlap
9355,Linqing,1,1.0,single_overlap
9356,Bodhan,1,1.0,single_overlap
9357,Yetouzi,0,0.0,no_overlap
9358,Perinthalmanna,1,1.0,single_overlap
9359,Huaxian,1,1.0,single_overlap
9360,Pattambi,1,1.0,single_overlap
9361,Kaili,1,1.0,single_overlap
9362,Kinwat,1,1.0,single_overlap
9363,Jianchang,1,1.0,single_overlap
9364,Mahmudabad,1,0.5,single_overlap
9365,Baofeng,0,0.0,no_overlap
9366,Banda,1,0.956521739,single_overlap
9367,Luanzhou,1,1.0,single_overlap
9368,Banswada,1,1.0,single_overlap
9369,Neihuang,1,1.0,single_overlap
9370,Wardha,1,1.0,single_overlap
9371,Wucheng,0,0.0,no_overlap
9372,Tanduru,1,1.0,single_overlap
9373,Yanjin,1,1.0,single_overlap
9374,Bindki,1,0.888888889,single_overlap
9375,Xinglong,1,1.0,single_overlap
9376,Raichur,1,1.0,single_overlap
9377,Guodian,1,0.730769231,single_overlap
9378,Purwa,1,1.0,single_overlap
9379,Jia,1,1.0,single_overlap
9380,Irinjalakuda,1,1.0,single_overlap
9381,Guanxian,1,1.0,single_overlap
9382,Shoranur,1,1.0,single_overlap
9383,Nandagang Management Area,0,0.0,no_overlap
9384,Narayanpet,1,1.0,single_overlap
9385,Yuzhou,1,1.0,single_overlap
9386,Kochi,2,0.982622433,multiple_overlaps
9387,Nanyang,1,1.0,single_overlap
9388,Nizamabad,1,1.0,single_overlap
9389,Baise,1,1.0,single_overlap
9390,Mysuru,1,1.0,single_overlap
9391,Tieli,1,1.0,single_overlap
9392,Adoni,1,1.0,single_overlap
9393,Huanghua,1,1.0,single_overlap
9394,Nanpara,1,0.846153846,single_overlap
9395,Xiajin,1,1.0,single_overlap
9396,Ottapalam,1,1.0,single_overlap
9397,Hulan,1,0.987654321,single_overlap
9398,Sira,1,1.0,single_overlap
9399,Xinzheng,1,1.0,single_overlap
9400,Gudalur,0,0.0,no_overlap
9401,Zhongmu County,1,1.0,single_overlap
9402,Panna,1,1.0,single_overlap
9403,Xuedian,1,0.5,single_overlap
9404,Mannarkkad,1,0.954545455,single_overlap
9405,Puyang,1,1.0,single_overlap
9406,Pandharkawada,1,0.875,single_overlap
9407,Bencheng,1,1.0,single_overlap
9408,Nanjanagudu,1,1.0,single_overlap
9409,Pingdingshan,1,1.0,single_overlap
9410,Nagpur,1,1.0,single_overlap
9411,Caofeidian,0,0.0,no_overlap
9412,Nirmal,1,1.0,single_overlap
9413,Zigui,0,0.0,no_overlap
9414,Fatehpur,1,1.0,single_overlap
9415,Huayuan,1,1.0,single_overlap
9416,Adilabad,1,1.0,single_overlap
9417,Ningjin,1,1.0,single_overlap
9418,Emmiganuru,1,1.0,single_overlap
9419,Yanshan,0,0.0,no_overlap
9420,Alappuzha,1,1.0,single_overlap
9421,Jingxi,1,1.0,single_overlap
9422,Takalghat,1,1.0,single_overlap
9423,Songbei,2,1.0,multiple_overlaps
9424,Armoor,1,1.0,single_overlap
9425,Fengqiu,1,1.0,single_overlap
9426,Vadakkenchery,0,0.0,no_overlap
9427,Lingcheng,1,1.0,single_overlap
9428,Hinganghat,1,1.0,single_overlap
9429,Xuchang,2,0.943181818,multiple_overlaps
9430,Vikarabad,0,0.0,no_overlap
9431,Kaifeng,1,1.0,single_overlap
9432,Guntakal,1,1.0,single_overlap
9433,Xinye,1,1.0,single_overlap
9434,Baberu,1,0.454545455,single_overlap
9435,Fuxin,1,1.0,single_overlap
9436,Atarra Buzurg,1,1.0,single_overlap
9437,Shuangliao,1,1.0,single_overlap
9438,Maraucha,0,0.0,no_overlap
9439,Baojing,1,0.888888889,single_overlap
9440,Lalganj,1,0.794117647,single_overlap
9441,Pingyuan,1,1.0,single_overlap
9442,Vaikom,0,0.0,no_overlap
9443,Lingxi,1,1.0,single_overlap
9444,Bahraich,1,0.979166667,single_overlap
9445,Harbin,1,1.0,single_overlap
9446,Kapri Kheda,1,0.777777778,single_overlap
9447,Funing,0,0.0,no_overlap
9448,Mandya,1,0.875,single_overlap
9449,Fangcheng,1,1.0,single_overlap
9450,Udhagamandalam,1,1.0,single_overlap
9451,Nanzhang,1,1.0,single_overlap
9452,Palakkad,1,1.0,single_overlap
9453,Changyuan,1,1.0,single_overlap
9454,Nenmara,0,0.0,no_overlap
9455,Xiangyang,1,1.0,single_overlap
9456,Sangareddy,1,1.0,single_overlap
9457,Sangzhi,1,1.0,single_overlap
9459,Gaotang,1,1.0,single_overlap
9460,Duihawa Sher Bahadur Si,1,0.47826087,single_overlap
9461,Dongliang,1,1.0,single_overlap
9462,Tumakuru,1,1.0,single_overlap
9463,Ye,1,1.0,single_overlap
9464,Kollam,2,0.936619718,multiple_overlaps
9465,Chihu,0,0.0,no_overlap
9466,Jabalpur,1,1.0,single_overlap
9467,Nandan,0,0.0,no_overlap
9468,Kaisarganj,1,0.933333333,single_overlap
9469,Shenxian,1,1.0,single_overlap
9470,Muvattupuzha,1,1.0,single_overlap
9471,Nanpu,1,1.0,single_overlap
9472,Kottayam,2,1.0,multiple_overlaps
9473,Sheqi,1,1.0,single_overlap
9474,Kamareddy,1,1.0,single_overlap
9475,Tianyang,0,0.0,no_overlap
9476,Coonoor,0,0.0,no_overlap
9477,Changli,1,1.0,single_overlap
9478,Madhugiri,1,1.0,single_overlap
9479,Tongren,1,1.0,single_overlap
9480,Kothamangalam,0,0.0,no_overlap
9481,Liaocheng,1,1.0,single_overlap
9482,Medak,1,1.0,single_overlap
9483,Yixian,1,1.0,single_overlap
9484,Gadwal,1,0.888888889,single_overlap
9485,Laoting,1,1.0,single_overlap
9486,Ramtek,1,0.909090909,single_overlap
9487,Laoling,1,1.0,single_overlap
9488,Seoni,1,1.0,single_overlap
9489,Qinhuangdao,1,0.980263158,single_overlap
9491,Xiangfu,1,1.0,single_overlap
9492,Chamarajanagara,1,0.769230769,single_overlap
9493,Weishi,1,1.0,single_overlap
9494,Mavelikkara,1,1.0,single_overlap
9495,Yichang,1,0.993589744,single_overlap
9496,Mahbubnagar,1,1.0,single_overlap
9497,Shuangcheng,1,1.0,single_overlap
9498,Sihora,1,1.0,single_overlap
9499,Tanghe,1,1.0,single_overlap
9500,Nimkhera,1,0.866666667,single_overlap
9501,Chiping,1,1.0,single_overlap
9502,Raebareli,1,1.0,single_overlap
9503,Yanggu,1,1.0,single_overlap
9504,Warora,1,1.0,single_overlap
9505,Jishou,1,1.0,single_overlap
9506,Wani,1,0.923076923,single_overlap
9507,Linyi,1,1.0,single_overlap
9508,Bhinga,1,0.714285714,single_overlap
9509,Xinhuang,1,1.0,single_overlap
9510,Coimbatore,1,0.987714988,single_overlap
9511,Shanhaiguan,1,1.0,single_overlap
9512,Thodupuzha,0,0.0,no_overlap
9513,Yucheng,1,1.0,single_overlap
9514,Anantapur,1,1.0,single_overlap
9515,Dongming,1,1.0,single_overlap
9516,Pala,0,0.0,no_overlap
9517,Tiandong,1,1.0,single_overlap
9518,Chengannur,1,1.0,single_overlap
9519,Nong'an,1,1.0,single_overlap
9520,Colonelganj,1,0.375,single_overlap
9521,Jinzhou,1,0.99270073,single_overlap
9522,Khaga,1,1.0,single_overlap
9523,Tongxu,1,1.0,single_overlap
9524,Hyderabad,1,1.0,single_overlap
9525,Yanling,1,1.0,single_overlap
9526,Odanthurai,1,0.916666667,single_overlap
9527,Yicheng,1,1.0,single_overlap
9528,Chitrakoot Dham,1,0.956521739,single_overlap
9529,Wuyang,1,1.0,single_overlap
9530,Chitrakoot,1,0.083333333,single_overlap
9531,Linying,1,1.0,single_overlap
9532,Channapattana,1,1.0,single_overlap
9533,Fuyu,1,1.0,single_overlap
9534,Kollegal,1,1.0,single_overlap
9535,Wugang,1,1.0,single_overlap
9536,Katni,1,1.0,single_overlap
9537,Shouzhang,1,1.0,single_overlap
9538,Shadnagar,1,1.0,single_overlap
9539,Lankao,1,1.0,single_overlap
9540,Umred,1,1.0,single_overlap
9541,Zhangjiajie,1,1.0,single_overlap
9542,Jadcherla,1,0.636363636,single_overlap
9543,Huludao,1,1.0,single_overlap
9544,Korutla,1,1.0,single_overlap
9545,Chenwang,1,1.0,single_overlap
9546,Kozhencherry,0,0.0,no_overlap
9547,Shanghe,1,1.0,single_overlap
9548,Wanaparthy,1,0.9,single_overlap
9549,Dong'e,1,1.0,single_overlap
9550,Hindupur,1,0.925925926,single_overlap
9551,Suizhong,1,1.0,single_overlap
9552,Bhadravati,1,0.933333333,single_overlap
9553,Wudi,1,1.0,single_overlap
9554,Ramanagara,1,1.0,single_overlap
9555,Nancha,1,1.0,single_overlap
9556,Adoor,0,0.0,no_overlap
9557,Xingcheng,1,1.0,single_overlap
9558,Bengaluru,1,0.984126984,single_overlap
9559,Acheng,1,1.0,single_overlap
9560,Jagdishpur,1,0.838709677,single_overlap
9561,Qihe,1,1.0,single_overlap
9562,Dhone,1,1.0,single_overlap
9563,Qixian,1,1.0,single_overlap
9564,Unchahar,1,0.941176471,single_overlap
9565,Zaoyang,1,1.0,single_overlap
9566,Kurnool,1,1.0,single_overlap
9567,Yidu,1,1.0,single_overlap
9568,Gowribidanur,1,1.0,single_overlap
9569,Linghai,1,1.0,single_overlap
9570,Pollachi,1,1.0,single_overlap
9571,Luohe,1,1.0,single_overlap
9572,Pathanamthitta,1,1.0,single_overlap
9573,Dangyang,1,1.0,single_overlap
9574,Kottarakkara,1,1.0,single_overlap
9575,Mayang,1,1.0,single_overlap
9576,Satna,1,1.0,single_overlap
9577,Huji,1,1.0,single_overlap
9578,Kymore,0,0.0,no_overlap
9579,Heze,1,1.0,single_overlap
9580,Dharmavaram,1,0.846153846,single_overlap
9581,Zhuangzhai,0,0.0,no_overlap
9582,Rudauli,1,1.0,single_overlap
9583,Biyang,1,1.0,single_overlap
9584,Jais,1,1.0,single_overlap
9585,Huimin,0,0.0,no_overlap
9586,Attingal,1,1.0,single_overlap
9587,Fugou,1,1.0,single_overlap
9588,Gonda,1,0.875,single_overlap
9589,Dehui,1,1.0,single_overlap
9590,Salon,1,1.0,single_overlap
9591,Jinchengjiang,1,1.0,single_overlap
9592,Doddaballapura,1,1.0,single_overlap
9593,Longzhou,1,1.0,single_overlap
9594,Maihar,1,1.0,single_overlap
9595,Heishan,1,1.0,single_overlap
9596,Bhandara,1,1.0,single_overlap
9597,Wuxi,0,0.0,no_overlap
9598,Kanakapura,1,1.0,single_overlap
9599,Pingyin,1,1.0,single_overlap
9600,Balrampur,1,0.833333333,single_overlap
9601,Zhijiang,1,1.0,single_overlap
9602,Chandrapur,1,0.982142857,single_overlap
9603,Jinan,1,1.0,single_overlap
9604,Jagtial,1,1.0,single_overlap
9605,Jiyang,1,1.0,single_overlap
9606,Sircilla,1,1.0,single_overlap
9607,Liangshan,1,1.0,single_overlap
9608,Tumsar,0,0.0,no_overlap
9609,Yuanling,1,1.0,single_overlap
9610,Punalur,0,0.0,no_overlap
9611,Xiping,1,1.0,single_overlap
9612,Thiruvananthapuram,1,1.0,single_overlap
9613,Zhijiang,1,1.0,single_overlap
9614,Anchal,0,0.0,no_overlap
9615,Jingmen,1,1.0,single_overlap
9616,Venjaramoodu,1,0.5,single_overlap
9617,Yuncheng,1,1.0,single_overlap
9618,Tadipatri,1,1.0,single_overlap
9619,Duodao,1,1.0,single_overlap
9620,Tiruppur,1,1.0,single_overlap
9621,Shiheng,1,1.0,single_overlap
9622,Gauriganj,1,0.947368421,single_overlap
9623,Cili,1,1.0,single_overlap
9624,Palladam,1,1.0,single_overlap
9625,Chenxi,1,1.0,single_overlap
9626,Ballarpur,1,0.916666667,single_overlap
9627,Lishu,1,1.0,single_overlap
9628,Siddipet,1,1.0,single_overlap
9629,Quanpu,1,1.0,single_overlap
9630,Ghatkesar,1,1.0,single_overlap
9631,Minquan,1,1.0,single_overlap
9632,Chikkaballapura,1,1.0,single_overlap
9633,Yingkou,1,1.0,single_overlap
9634,Kunda,1,0.888888889,single_overlap
9635,Pingguo,1,1.0,single_overlap
9636,Nandikotkur,1,1.0,single_overlap
9637,Changchun,1,1.0,single_overlap
9638,Kattappana,0,0.0,no_overlap
9639,Faku,0,0.0,no_overlap
9640,Rajura,0,0.0,no_overlap
9641,Xinmin,1,1.0,single_overlap
9642,Udumalaipettai,1,1.0,single_overlap
9643,Sui,1,1.0,single_overlap
9644,Bharwari,1,0.476190476,single_overlap
9645,Zhanhuaqu,0,0.0,no_overlap
9646,Gobichettipalayam,1,1.0,single_overlap
9647,Xihua,0,0.0,no_overlap
9648,Tirora,0,0.0,no_overlap
9649,Suiping,1,1.0,single_overlap
9650,Mandla,1,1.0,single_overlap
9651,Songzi,1,1.0,single_overlap
9652,Tulsipur,1,0.875,single_overlap
9653,Ningming,1,1.0,single_overlap
9654,Amethi,1,0.8,single_overlap
9655,王瓜店街道,1,1.0,single_overlap
9656,Mankapur,0,0.0,no_overlap
9657,Tongbai,1,1.0,single_overlap
9658,Faizabad,1,0.987341772,single_overlap
9659,Shimen,1,1.0,single_overlap
9660,Sarai Aquil,0,0.0,no_overlap
9661,Dongping,1,1.0,single_overlap
9662,Hoskote,1,1.0,single_overlap
9663,Hongjiang,1,1.0,single_overlap
9664,Hosur,1,1.0,single_overlap
9665,Yushu,1,1.0,single_overlap
9666,Karimnagar,1,0.978723404,single_overlap
9667,Weiqiao,1,1.0,single_overlap
9668,Neyyatinkara,1,1.0,single_overlap
9669,Fanjiatun,1,1.0,single_overlap
9670,Utraula,1,0.533333333,single_overlap
9671,Siping,1,1.0,single_overlap
9672,Balaghat,1,1.0,single_overlap
9673,Hegang,1,1.0,single_overlap
9674,Cumbum,1,1.0,single_overlap
9675,Gongzhuling,1,1.0,single_overlap
9676,Colachel,3,0.467692308,multiple_overlaps
9677,Caoxian,1,1.0,single_overlap
9678,Umaria,1,0.846153846,single_overlap
9679,Taikang,1,1.0,single_overlap
9681,Binbei,1,0.65,single_overlap
9682,Bhongir,1,1.0,single_overlap
9683,Feicheng,1,1.0,single_overlap
9684,Bodinayakkanur,1,1.0,single_overlap
9685,Zhumadian,1,1.0,single_overlap
9686,Rewa,1,0.927272727,single_overlap
9687,Zhongxiang,1,1.0,single_overlap
9688,Brahmapuri,1,1.0,single_overlap
9689,Shangcai,1,1.0,single_overlap
9690,Mul,1,1.0,single_overlap
9691,Shuantaizi,1,1.0,single_overlap
9692,Sultanpur,1,0.825581395,single_overlap
9693,Binzhou,1,1.0,single_overlap
9694,Shencottai,1,1.0,single_overlap
9695,Juye,1,1.0,single_overlap
9696,Kaghaznagar,1,1.0,single_overlap
9697,Dahua,1,1.0,single_overlap
9698,Maluru,1,1.0,single_overlap
9699,Diaobingshan,1,1.0,single_overlap
9700,Dharapuram,1,1.0,single_overlap
9701,Panjin,1,1.0,single_overlap
9702,Chinnamanur,0,0.0,no_overlap
9703,Zhoukou,1,0.924528302,single_overlap
9704,Nandyal,1,1.0,single_overlap
9705,Ningling,1,1.0,single_overlap
9706,Pulivendula,1,1.0,single_overlap
9707,Wenshang,1,1.0,single_overlap
9708,Kadiri,1,1.0,single_overlap
9709,Jiutai,1,1.0,single_overlap
9710,Gondia,1,1.0,single_overlap
9711,Anjiang,1,1.0,single_overlap
9712,Tenkasi,1,0.866666667,single_overlap
9713,Jingzhou,1,1.0,single_overlap
9714,Prayagraj,1,0.987179487,single_overlap
9715,Jingzhou,1,1.0,single_overlap
9716,Erode,1,1.0,single_overlap
9717,Changtu,1,1.0,single_overlap
9718,Kodaikanal,1,1.0,single_overlap
9719,Taian,0,0.0,no_overlap
9720,Theni,1,0.914893617,single_overlap
9721,Bacao,1,1.0,single_overlap
9722,Atmakur,1,1.0,single_overlap
9723,Zouping,1,1.0,single_overlap
9724,Palani,1,0.941176471,single_overlap
9725,Zhangqiu,1,1.0,single_overlap
9726,Chintamani,1,1.0,single_overlap
9727,Chengwu,1,1.0,single_overlap
9728,Pratapgarh,1,0.604166667,single_overlap
9729,Xupu,1,1.0,single_overlap
9730,Kadayanallur,1,1.0,single_overlap
9731,Tai'an,1,1.0,single_overlap
9732,Phaphamau,1,0.533333333,single_overlap
9733,Huaiyang,1,1.0,single_overlap
9734,Bellampalli,1,1.0,single_overlap
9735,Lixian,1,1.0,single_overlap
9736,Mancherial,1,0.757575758,single_overlap
9737,Dawa,1,0.266666667,single_overlap
9738,Jammalamadugu,1,1.0,single_overlap
9739,Jiaxiang,1,1.0,single_overlap
9740,Mettur,1,1.0,single_overlap
9741,Hechi,1,1.0,single_overlap
9742,Puliyangudi,1,0.75,single_overlap
9743,Liaozhong,1,1.0,single_overlap
9744,Haidarganj,0,0.0,no_overlap
9745,Sanzhouyi,1,1.0,single_overlap
9746,Peddapalli,1,1.0,single_overlap
9747,Runan,1,1.0,single_overlap
9748,Periyakulam,1,0.416666667,single_overlap
9749,Suizhou,1,1.0,single_overlap
9750,Thippanampatti,0,0.0,no_overlap
9751,Zhenxiabo,1,0.941176471,single_overlap
9752,Ramagundam,1,1.0,single_overlap
9753,Wuchang,1,1.0,single_overlap
9754,Jangaon,1,1.0,single_overlap
9755,Kaiyuan,1,1.0,single_overlap
9756,Villukuri,1,1.0,single_overlap
9757,Dongying,1,1.0,single_overlap
9758,Domariaganj,1,0.283185841,single_overlap
9759,Zhecheng,1,1.0,single_overlap
9760,Ambasamudram,1,0.5,single_overlap
9761,Shangqiu,1,1.0,single_overlap
9762,Itwa,0,0.0,no_overlap
9763,Ningyang,1,1.0,single_overlap
9764,Devarakonda,0,0.0,no_overlap
9765,Nuomuhuicun,1,1.0,single_overlap
9766,Edappadi,1,1.0,single_overlap
9767,Boxing,1,1.0,single_overlap
9768,Muhavoor,0,0.0,no_overlap
9769,Gong'an,1,1.0,single_overlap
9770,Kolar,1,1.0,single_overlap
9771,新城子区,1,1.0,single_overlap
9772,Andipatti Jakkampatty,1,1.0,single_overlap
9773,Zhoucun,1,1.0,single_overlap
9774,Jhusi,1,0.120437956,single_overlap
9775,Tonghe,1,1.0,single_overlap
9776,Gadchiroli,1,0.941176471,single_overlap
9777,Minggang,1,1.0,single_overlap
9778,Rajapalayam,1,1.0,single_overlap
9779,Shenyang,1,0.997326203,single_overlap
9780,Nagercoil,1,1.0,single_overlap
9781,Jining,1,1.0,single_overlap
9783,Tieling,1,1.0,single_overlap
9784,Amgaon,1,0.846153846,single_overlap
9785,Jinxiang,1,1.0,single_overlap
9786,Tiruchengodu,1,1.0,single_overlap
9787,Xiangcheng,1,1.0,single_overlap
9788,Sankarankovil,1,1.0,single_overlap
9789,Taoyuan,1,1.0,single_overlap
9790,Alangulam,0,0.0,no_overlap
9791,Shanxian,1,1.0,single_overlap
9792,Proddatur,1,1.0,single_overlap
9793,Changde,1,1.0,single_overlap
9794,Bangarapete,1,1.0,single_overlap
9795,Gulou,1,1.0,single_overlap
9796,Srivilliputtur,1,0.857142857,single_overlap
9797,Huantai,1,1.0,single_overlap
9798,Kolar Gold Fields,1,0.954545455,single_overlap
9799,Anhua,1,1.0,single_overlap
9800,Salem,1,0.948387097,single_overlap
9801,Zibo,1,1.0,single_overlap
9802,Iltifatganj,1,0.828571429,single_overlap
9803,Rongshui,1,0.916666667,single_overlap
9804,Krishnagiri,1,1.0,single_overlap
9805,Pingyu,1,1.0,single_overlap
9806,Tirunelveli,1,0.897435897,single_overlap
9807,Yitong,1,1.0,single_overlap
9808,Akbarpur,1,0.974358974,single_overlap
9809,Dongying,1,0.725,single_overlap
9810,Dharmapuri,1,1.0,single_overlap
9811,Xinshi,1,1.0,single_overlap
9812,Usilampatti,1,1.0,single_overlap
9813,Dancheng,1,0.967741935,single_overlap
9814,Warangal,1,1.0,single_overlap
9815,Wuming,1,1.0,single_overlap
9816,Mungra Badshahpur,0,0.0,no_overlap
9817,Yucheng,1,1.0,single_overlap
9818,Nalgonda,1,1.0,single_overlap
9819,Rong'an,1,1.0,single_overlap
9820,Basti,1,1.0,single_overlap
9821,SHIBU,1,1.0,single_overlap
9822,Tanda,2,0.827586207,multiple_overlaps
9823,Jiamusi,1,1.0,single_overlap
9824,Mulabagilu,1,1.0,single_overlap
9825,Shanhe,1,1.0,single_overlap
9826,Bansi,1,0.452380952,single_overlap
9827,Zhengyang,1,1.0,single_overlap
9828,Sivakasi,1,0.92,single_overlap
9829,Qufu,1,1.0,single_overlap
9830,Chinnalapatti,0,0.0,no_overlap
9831,Xinyang,1,1.0,single_overlap
9832,Meja Road,0,0.0,no_overlap
9833,Fangzheng,1,1.0,single_overlap
9834,Madanapalle,1,1.0,single_overlap
9835,Shangzhi,1,1.0,single_overlap
9836,Karur,1,0.980769231,single_overlap
9837,Shuangyang,1,1.0,single_overlap
9838,Thalaiyuthu,1,0.076923077,single_overlap
9839,Shenqiu,1,1.0,single_overlap
9840,Dindigul,1,1.0,single_overlap
9841,Changling,1,1.0,single_overlap
9842,Giddalur,1,1.0,single_overlap
9843,Nanning,1,1.0,single_overlap
9844,Shahdol,1,1.0,single_overlap
9845,Yingkou,1,1.0,single_overlap
9846,Naugarh,1,0.62,single_overlap
9847,Luyi,1,1.0,single_overlap
9848,Rasipuram,1,1.0,single_overlap
9849,Dongkou,1,1.0,single_overlap
9850,Namakkal,1,1.0,single_overlap
9851,Guangrao,1,1.0,single_overlap
9852,Kovilpatti,1,1.0,single_overlap
9853,Laiwu,2,1.0,multiple_overlaps
9854,Punganuru,1,1.0,single_overlap
9855,Huachuan,0,0.0,no_overlap
9856,Banethu,0,0.0,no_overlap
9857,Shulan,1,1.0,single_overlap
9858,Machhlishahr,1,0.583333333,single_overlap
9859,Linzi,1,1.0,single_overlap
9860,Gyanpur,1,0.087179487,single_overlap
9861,Zoucheng,1,1.0,single_overlap
9862,Sidhi,1,0.916666667,single_overlap
9863,Liu'erbao,1,1.0,single_overlap
9864,Kadapa,1,0.9,single_overlap
9865,Anxiang,1,1.0,single_overlap
9866,Sattur,1,1.0,single_overlap
9867,Qianjiang,1,1.0,single_overlap
9868,Rayachoti,1,1.0,single_overlap
9869,Shangsi County,0,0.0,no_overlap
9870,Tirumangalam,1,0.888888889,single_overlap
9871,Teng'ao,1,1.0,single_overlap
9872,Virudhunagar,1,1.0,single_overlap
9873,Tianmen,1,1.0,single_overlap
9874,Makhdumnagar,1,1.0,single_overlap
9875,Shishou,1,1.0,single_overlap
9876,Jalalpur,1,0.411764706,single_overlap
9877,Liaoyuan,1,1.0,single_overlap
9878,Gaipura,0,0.0,no_overlap
9879,Fushun,1,1.0,single_overlap
9880,Madurai,2,0.96803653,multiple_overlaps
9881,Anshan,1,1.0,single_overlap
9882,Makrahi,0,0.0,no_overlap
9883,Guangshui,1,1.0,single_overlap
9884,Dongargarh,1,1.0,single_overlap
9885,Laobian,1,0.428571429,single_overlap
9886,Mehdawal,1,0.303030303,single_overlap
9887,Sishui,1,0.967741935,single_overlap
9888,Shahganj,1,0.47826087,single_overlap
9889,Yutai,1,1.0,single_overlap
9890,Lehra,0,0.0,no_overlap
9891,Yudong,1,1.0,single_overlap
9892,Tirupattur,1,0.931034483,single_overlap
9893,Dawang,1,1.0,single_overlap
9894,Suryapet,1,1.0,single_overlap
9895,Hanshou,1,1.0,single_overlap
9896,Khalilabad,1,0.973684211,single_overlap
9897,Dengta,1,1.0,single_overlap
9898,Macherla,1,1.0,single_overlap
9899,Liaoyang,1,1.0,single_overlap
9900,Miryalaguda,1,1.0,single_overlap
9901,Yuekou,1,1.0,single_overlap
9902,Markapur,1,1.0,single_overlap
9903,Xianhu Economic Development Zone,1,1.0,single_overlap
9904,Vaniyambadi,1,1.0,single_overlap
9905,Haicheng,1,1.0,single_overlap
9906,Aruppukkottai,1,1.0,single_overlap
9907,Gangcheng,1,1.0,single_overlap
9908,Jaunpur,1,0.803278689,single_overlap
9909,Bozhou,1,1.0,single_overlap
9910,Campierganj,1,0.147058824,single_overlap
9911,Anlu,1,1.0,single_overlap
9912,Narsampet,1,1.0,single_overlap
9913,Wugang,1,1.0,single_overlap
9914,Anand Nagar,1,0.260869565,single_overlap
9915,Dashiqiao,1,1.0,single_overlap
9916,Pernampattu,1,1.0,single_overlap
9917,Yongning,1,1.0,single_overlap
9918,Ambur,1,0.973684211,single_overlap
9919,Bayuquan,1,0.93814433,single_overlap
9920,Nautanwa,1,1.0,single_overlap
9921,Jilin City,1,1.0,single_overlap
9922,Mohnapur,0,0.0,no_overlap
9923,Xiayi,1,1.0,single_overlap
9924,Phulpur,0,0.0,no_overlap
9925,Wushengguan,1,1.0,single_overlap
9926,Bhadohi,1,1.0,single_overlap
9927,Xinhua,1,1.0,single_overlap
9928,Kawardha,1,1.0,single_overlap
9929,Nanhuayuan,1,1.0,single_overlap
9930,Thoothukudi,1,1.0,single_overlap
9931,Nan County,1,1.0,single_overlap
9932,Baragashi,0,0.0,no_overlap
9933,Zhaotun,1,1.0,single_overlap
9934,Mirzapur,1,0.8984375,single_overlap
9935,Jieshou,1,1.0,single_overlap
9936,Sahjanwa,1,1.0,single_overlap
9937,Xincai,1,1.0,single_overlap
9938,Kayalpattinam,0,0.0,no_overlap
9939,Liuzhou,1,1.0,single_overlap
9940,Peppeganj,1,0.409090909,single_overlap
9941,Binyang,1,1.0,single_overlap
9942,Attur,1,1.0,single_overlap
9943,Fengxian,1,1.0,single_overlap
9944,Manapparai,1,1.0,single_overlap
9945,Dongxing,1,1.0,single_overlap
9946,Khajni,0,0.0,no_overlap
9947,Loushan,1,1.0,single_overlap
9948,Sarai Mir,1,0.47826087,single_overlap
9949,Qianjin,1,1.0,single_overlap
9950,Melur,0,0.0,no_overlap
9951,Gaizhou,1,1.0,single_overlap
9952,Rajnandgaon,1,1.0,single_overlap
9953,Xintai,1,1.0,single_overlap
9954,Gudiyatham,1,1.0,single_overlap
9955,Yingcheng,1,1.0,single_overlap
9956,Panyara,0,0.0,no_overlap
9957,Huarong,1,1.0,single_overlap
9958,Dachepalli,0,0.0,no_overlap
9959,Qingzhou,1,1.0,single_overlap
9960,Rajampet,1,1.0,single_overlap
9961,Xiongyue,1,1.0,single_overlap
9962,Mahabubabad,1,1.0,single_overlap
9963,Linquan,1,1.0,single_overlap
9964,Chengam,0,0.0,no_overlap
9965,Longhui,1,1.0,single_overlap
9966,Thuraiyur,1,1.0,single_overlap
9967,Liuzhuang,1,0.192307692,single_overlap
9968,Gorakhpur,1,1.0,single_overlap
9969,Lengshuijiang,1,0.869565217,single_overlap
9970,Kerakat,0,0.0,no_overlap
9971,Shouguang,1,1.0,single_overlap
9972,Maharajganj,1,0.657894737,single_overlap
9973,Dawu,1,1.0,single_overlap
9974,Kachhwa,0,0.0,no_overlap
9975,Xi,1,1.0,single_overlap
9976,Kodada,1,0.636363636,single_overlap
9977,Xiping,1,1.0,single_overlap
9978,Tiruchirappalli,1,0.986666667,single_overlap
9979,Yunmeng,1,1.0,single_overlap
9980,Sivaganga,1,0.466666667,single_overlap
9981,Tengzhou,1,1.0,single_overlap
9982,Nichlaul,0,0.0,no_overlap
9983,Jianli,1,0.925925926,single_overlap
9984,Azamgarh,1,0.936842105,single_overlap
9985,巴虎屯村,1,0.2,single_overlap
9986,Chittoor,1,1.0,single_overlap
9987,Laibin,1,1.0,single_overlap
9988,Bansgaon,1,0.375,single_overlap
9989,Xiaochang,1,1.0,single_overlap
9990,Jianpur,1,0.08411215,single_overlap
9991,Yiyuan,1,1.0,single_overlap
9992,Bishunpur Khurd,0,0.0,no_overlap
9993,Datun,1,1.0,single_overlap
9994,Vinukonda,1,1.0,single_overlap
9995,Linqu,1,1.0,single_overlap
9996,Durg,2,1.0,multiple_overlaps
9997,Gongchangling,1,0.941176471,single_overlap
9998,Kauriram,0,0.0,no_overlap
9999,Peixian,1,1.0,single_overlap
10000,Gola Bazar,1,0.393939394,single_overlap
10001,Huancheng,2,0.724137931,multiple_overlaps
10002,Baliya,0,0.0,no_overlap
10003,Xiantao,1,1.0,single_overlap
10004,Piduguralla,1,1.0,single_overlap
10005,Taojiang County,1,1.0,single_overlap
10006,Vellore,1,1.0,single_overlap
10007,Pingyi,1,1.0,single_overlap
10008,Varanasi,1,1.0,single_overlap
10009,Weihe,1,1.0,single_overlap
10010,Khammam,1,1.0,single_overlap
10011,Yuanjiang,1,1.0,single_overlap
10012,Paramakkudi,1,0.75,single_overlap
10013,Xinning,1,1.0,single_overlap
10014,Chauri Chaura,1,0.186440678,single_overlap
10015,Luzhai,1,1.0,single_overlap
10016,Bemetara,1,1.0,single_overlap
10017,Fangcheng District,1,1.0,single_overlap
10018,Balod,1,0.9,single_overlap
10019,Taihe,1,1.0,single_overlap
10020,Siswa Bazar,1,0.285714286,single_overlap
10021,Lianyuan,1,1.0,single_overlap
10022,Mubarakpur,1,0.472222222,single_overlap
10023,Guilin,1,1.0,single_overlap
10024,Kallakurichi,1,1.0,single_overlap
10025,Benxi,1,1.0,single_overlap
10026,Perambalur,1,1.0,single_overlap
10027,Yiyang,1,0.780701754,single_overlap
10028,Chunar,1,0.592592593,single_overlap
10029,Xiaogan,1,1.0,single_overlap
10030,Mungeli,1,1.0,single_overlap
10031,Tongjiang,0,0.0,no_overlap
10032,Dohrighat,1,0.337837838,single_overlap
10033,Changle,1,1.0,single_overlap
10034,Tiruvannamalai,1,1.0,single_overlap
10035,Litang,1,1.0,single_overlap
10036,Captainganj,1,0.083333333,single_overlap
10037,Xinshao,1,1.0,single_overlap
10038,Jaggayyapeta,0,0.0,no_overlap
10039,Lingchuan,1,1.0,single_overlap
10040,Polur,1,1.0,single_overlap
10041,Shaoyang,1,1.0,single_overlap
10042,Khadda,0,0.0,no_overlap
10043,Weishan,1,1.0,single_overlap
10044,Yellandu,1,0.9,single_overlap
10045,Shaoyang,1,1.0,single_overlap
10046,Tirupati,1,1.0,single_overlap
10047,Jixian,1,1.0,single_overlap
10048,Hata,1,0.035087719,single_overlap
10049,Mengyin,1,1.0,single_overlap
10050,Pudukkottai,1,1.0,single_overlap
10051,Yongcheng,1,1.0,single_overlap
10052,Karaikudi,0,0.0,no_overlap
10053,Hanchuan,1,0.786516854,single_overlap
10054,Mathia Alam,1,0.378378378,single_overlap
10055,Dongfeng,1,1.0,single_overlap
10056,Muhammadabad Gohna,1,0.617021277,single_overlap
10058,Manendragarh,1,1.0,single_overlap
10060,Ranipet,1,0.98630137,single_overlap
10061,Qinzhou,1,1.0,single_overlap
10062,Patharhat,0,0.0,no_overlap
10063,Shanting,0,0.0,no_overlap
10064,Narasaraopet,1,1.0,single_overlap
10065,Fujin,1,0.891891892,single_overlap
10066,Rudrapur,1,0.727272727,single_overlap
10067,Shuangyashan,1,1.0,single_overlap
10068,Waidhan,1,0.869047619,single_overlap
10069,Wafangdian,1,1.0,single_overlap
10070,Arani,1,1.0,single_overlap
10071,Guangshan,1,1.0,single_overlap
10072,Devakottai,1,0.5,single_overlap
10073,Weifang,1,1.0,single_overlap
10074,Raipur,1,1.0,single_overlap
10075,Huangchuan,1,1.0,single_overlap
10076,Singrauli,1,0.9,single_overlap
10077,Makou,1,0.933333333,single_overlap
10078,Tirukkovilur,1,1.0,single_overlap
10079,Zaozhuang,1,1.0,single_overlap
10080,Siltara,1,0.666666667,single_overlap
10081,Huanan,1,1.0,single_overlap
10082,Sattenapalle,1,1.0,single_overlap
10083,Qingyuan,1,1.0,single_overlap
10084,Jakhania,0,0.0,no_overlap
10085,Taozhuang,1,1.0,single_overlap
10086,Venkatagiri,1,0.727272727,single_overlap
10087,Xing'an,1,1.0,single_overlap
10088,Ghosi,1,1.0,single_overlap
10089,Panshi,1,1.0,single_overlap
10090,Nandigama,0,0.0,no_overlap
10091,Guoyang,1,1.0,single_overlap
10092,Ariyalur,1,1.0,single_overlap
10093,Loudi,1,1.0,single_overlap
10094,Kandukur,1,0.666666667,single_overlap
10095,赵家沟,1,1.0,single_overlap
10096,Chirimiri,0,0.0,no_overlap
10098,Ramanathapuram,1,0.777777778,single_overlap
10099,Fuyang,1,1.0,single_overlap
10100,Bagaha,1,0.818181818,single_overlap
10101,Yueyang,1,1.0,single_overlap
10102,Deoria,1,0.671641791,single_overlap
10103,Huaibin,1,1.0,single_overlap
10104,Ongole,1,1.0,single_overlap
10105,Changyi,1,0.714285714,single_overlap
10106,Padrauna,2,0.544642857,multiple_overlaps
10107,Shaodong,1,1.0,single_overlap
10108,Kushinagar,1,1.0,single_overlap
10109,Benxi Manchu Autonomous County,1,1.0,single_overlap
10110,Mau,1,0.793103448,single_overlap
10111,Pulandian,1,1.0,single_overlap
10112,Anpara,1,1.0,single_overlap
10113,Dalian,1,1.0,single_overlap
10114,Chilakaluripet,1,1.0,single_overlap
10115,Funan,1,1.0,single_overlap
10116,Kopaganj,1,0.857142857,single_overlap
10117,Wuxuan,1,1.0,single_overlap
10118,Tilda Neora,1,1.0,single_overlap
10119,Honghu,1,1.0,single_overlap
10120,Nagari,1,1.0,single_overlap
10121,Meihekou,1,1.0,single_overlap
10122,Aranthangi,0,0.0,no_overlap
10123,凤凰山办事处,1,1.0,single_overlap
10124,Chandauli,1,0.866666667,single_overlap
10125,市中区,1,1.0,single_overlap
10126,Thiruvaiyaru,0,0.0,no_overlap
10127,Huaibei,1,1.0,single_overlap
10128,Barhaj,1,1.0,single_overlap
10129,Xiaoxian,1,1.0,single_overlap
10130,Dhamtari,1,1.0,single_overlap
10131,Wuhan,1,1.0,single_overlap
10132,Thanjavur,1,1.0,single_overlap
10133,Dong'an,1,1.0,single_overlap
10134,Kothagudem,1,1.0,single_overlap
10135,Hengzhou,1,1.0,single_overlap
10136,Ulundurpettai,0,0.0,no_overlap
10137,Hong'an,1,1.0,single_overlap
10138,Robertsganj,1,1.0,single_overlap
10139,Xinxian,1,1.0,single_overlap
10140,Sri Kalahasti,1,1.0,single_overlap
10141,Feixian,1,1.0,single_overlap
10142,Chakia,1,1.0,single_overlap
10143,Xuzhou,1,1.0,single_overlap
10144,Bhatapara,1,1.0,single_overlap
10145,Quanzhou,1,1.0,single_overlap
10146,Dalla,1,0.96875,single_overlap
10147,Huangpi,1,1.0,single_overlap
10148,Tiruttani,1,0.888888889,single_overlap
10149,Panlongcheng Economic Development Zone,1,1.0,single_overlap
10150,Giingee,1,1.0,single_overlap
10151,Yueyang,1,1.0,single_overlap
10152,Ayyampettai,0,0.0,no_overlap
10153,Baoshan,1,0.923076923,single_overlap
10154,Kavali,1,1.0,single_overlap
10155,Jiaohe,1,1.0,single_overlap
10156,Bajar Keraia,0,0.0,no_overlap
10157,Ningxiang,1,1.0,single_overlap
10158,Dudahi,0,0.0,no_overlap
10159,Guigang,1,1.0,single_overlap
10160,Bilaspur,1,1.0,single_overlap
10161,Lixin,1,1.0,single_overlap
10162,Palwancha,1,1.0,single_overlap
10163,Longgang,1,0.981818182,single_overlap
10164,Ghazipur,1,0.670103093,single_overlap
10165,Baiyun,0,0.0,no_overlap
10166,Virudhachalam,1,0.909090909,single_overlap
10167,Huinan,1,1.0,single_overlap
10168,Gudur,1,1.0,single_overlap
10169,Anqiu,1,0.968253968,single_overlap
10170,Tiruvetipuram,1,0.923076923,single_overlap
10171,峄城区,1,1.0,single_overlap
10172,Papanasam,0,0.0,no_overlap
10173,Xiangyin,1,1.0,single_overlap
10174,Shankarpur,0,0.0,no_overlap
10175,Lingshan,1,1.0,single_overlap
10176,Guntur,1,1.0,single_overlap
10177,Laizhou,1,0.983870968,single_overlap
10178,Nellore,1,1.0,single_overlap
10179,Lipu,1,1.0,single_overlap
10180,Arakkonam,1,0.904761905,single_overlap
10181,Hannan District,1,0.285714286,single_overlap
10182,Moradih,0,0.0,no_overlap
10183,Yishui,1,1.0,single_overlap
10184,Patherwa,1,0.58974359,single_overlap
10185,Shuangfeng,1,0.888888889,single_overlap
10186,Barwa Rajapakar,1,0.636363636,single_overlap
10187,Xiuyan,1,1.0,single_overlap
10188,Salempur,1,0.958333333,single_overlap
10189,Miluo,1,0.848101266,single_overlap
10190,Viluppuram,1,0.902439024,single_overlap
10191,Yongzhou,1,1.0,single_overlap
10192,Zamania,0,0.0,no_overlap
10193,Yinan,1,1.0,single_overlap
10194,Chirala,1,1.0,single_overlap
10195,Jiawang,1,1.0,single_overlap
10196,Vandavasi,1,1.0,single_overlap
10197,Yuyue,1,0.933333333,single_overlap
10198,Ramnagar,1,0.909090909,single_overlap
10199,Linyi,1,0.998793727,single_overlap
10200,Belthara Road,1,1.0,single_overlap
10201,Wangcheng,1,1.0,single_overlap
10202,Renukoot,1,1.0,single_overlap
10203,Xinjia,1,1.0,single_overlap
10204,Kumbakonam,1,1.0,single_overlap
10205,Liuhe,1,1.0,single_overlap
10206,Rajim,1,1.0,single_overlap
10207,Gushi,1,1.0,single_overlap
10208,Kanchipuram,1,0.925,single_overlap
10209,Zijingshan,1,1.0,single_overlap
10210,Neyveli Township,1,1.0,single_overlap
10211,Mengcheng,1,1.0,single_overlap
10212,Tamkuhi Raj,1,0.896,single_overlap
10213,Zhengdian,1,1.0,single_overlap
10214,Rank,0,0.0,no_overlap
10215,Xiangxiang,1,1.0,single_overlap
10216,Arang,0,0.0,no_overlap
10217,Shangcheng,1,1.0,single_overlap
10218,Lauiyah Nandangarh,1,0.75,single_overlap
10219,Boli,1,1.0,single_overlap
10220,Panruti,1,1.0,single_overlap
10221,Yangluo Subdistrict,1,1.0,single_overlap
10222,Pattukkottai,1,1.0,single_overlap
10223,Beihai,1,0.991666667,single_overlap
10224,Vijayawada,1,1.0,single_overlap
10225,Huadian,1,1.0,single_overlap
10226,Lar,1,0.363636364,single_overlap
10227,Chibi,1,1.0,single_overlap
10228,Mangalagiri,1,0.944444444,single_overlap
10229,Changsha,1,1.0,single_overlap
10230,Lauiyah Nandangarh,1,0.962962963,single_overlap
10231,Qiyang,1,1.0,single_overlap
10232,Bhore,1,0.030150754,single_overlap
10233,Lingling,1,1.0,single_overlap
10234,Tindivanam,1,1.0,single_overlap
10235,Lanling,1,1.0,single_overlap
10236,Rasra,1,1.0,single_overlap
10237,Suzhou,1,1.0,single_overlap
10238,Mohammadabad,1,1.0,single_overlap
10239,Macheng,1,1.0,single_overlap
10240,Lauria Nandangarh,1,1.0,single_overlap
10241,Guiping,1,1.0,single_overlap
10242,Bapatla,1,0.8125,single_overlap
10243,Zhaoyuan,1,1.0,single_overlap
10244,Vadalur,2,0.525,multiple_overlaps
10245,Mengshan,1,1.0,single_overlap
10246,Fatehpur,0,0.0,no_overlap
10247,Pubei,1,1.0,single_overlap
10248,Sathupally,1,1.0,single_overlap
10249,Xinzhou District,1,1.0,single_overlap
10250,Kalitheerthalkuppam,1,0.1875,single_overlap
10251,Zhuanghe,1,1.0,single_overlap
10252,Mannargudi,1,0.95,single_overlap
10253,Pingdu,1,1.0,single_overlap
10254,Adirampattinam,1,1.0,single_overlap
10255,Qidong,1,1.0,single_overlap
10256,Narkatiaganj,1,0.588235294,single_overlap
10257,Yingshang,1,1.0,single_overlap
10258,Ponnur,1,0.846153846,single_overlap
10259,Xinxing,1,0.950819672,single_overlap
10260,Mohania,1,0.736842105,single_overlap
10261,Juxian,1,1.0,single_overlap
10262,Kattumannarkoil,1,0.785714286,single_overlap
10263,Shepo,0,0.0,no_overlap
10264,Tariasujan,1,1.0,single_overlap
10265,Xingye,1,1.0,single_overlap
10266,Tiruvallur,1,1.0,single_overlap
10267,Yuhu,1,1.0,single_overlap
10268,Tenali,1,1.0,single_overlap
10269,Nianzhuang,0,0.0,no_overlap
10270,Mahasamund,1,1.0,single_overlap
10271,Tongcheng,1,1.0,single_overlap
10272,Kuthalam,0,0.0,no_overlap
10273,Pingnan,1,1.0,single_overlap
10274,Jogapatti,0,0.0,no_overlap
10275,蕲县镇,0,0.0,no_overlap
10276,Bhabua,1,0.833333333,single_overlap
10277,Xianning,1,1.0,single_overlap
10278,Patiirwa,0,0.0,no_overlap
10279,Tiancheng,1,0.9,single_overlap
10280,Mairwa,0,0.0,no_overlap
10281,Gaomi,1,0.955974843,single_overlap
10282,Sikandarpur,1,0.909090909,single_overlap
10283,Zucheng,1,1.0,single_overlap
10284,Rameswaram,1,0.818181818,single_overlap
10285,Hengyang,1,1.0,single_overlap
10286,Bettiah,2,0.470588235,multiple_overlaps
10287,Mule,0,0.0,no_overlap
10288,Nuzvid,1,1.0,single_overlap
10289,Xiangtan,1,1.0,single_overlap
10290,Puducherry,1,0.988636364,single_overlap
10291,Linkou,1,1.0,single_overlap
10292,Cuddalore,1,0.797468354,single_overlap
10293,Tuanfeng,1,0.916666667,single_overlap
10294,Darauli,0,0.0,no_overlap
10295,Qitaihe,1,0.96875,single_overlap
10296,Mayiladuthurai,1,0.8,single_overlap
10297,Fengcheng,1,0.888888889,single_overlap
10298,Kondagaon,1,1.0,single_overlap
10299,Futang,0,0.0,no_overlap
10300,Chennai,1,0.99904943,single_overlap
10301,Luling,0,0.0,no_overlap
10302,Chidambaram,1,1.0,single_overlap
10303,Wulian,1,1.0,single_overlap
10304,Chanpatia,0,0.0,no_overlap
10305,Yitang,1,0.991666667,single_overlap
10306,Maharajganj,3,0.120535714,multiple_overlaps
10307,Yong'an,1,0.578947368,single_overlap
10308,Gummidipundi,1,0.888888889,single_overlap
10309,Xiangtan,1,1.0,single_overlap
10310,Thiruvarur,1,1.0,single_overlap
10311,Zhaoping,1,0.916666667,single_overlap
10312,Parangipettai,0,0.0,no_overlap
10313,Guanhu,1,1.0,single_overlap
10314,Chengalpattu,1,0.866666667,single_overlap
10315,Huoqiu,1,0.857142857,single_overlap
10316,Nautan,1,0.328767123,single_overlap
10317,Pingjiang,1,1.0,single_overlap
10318,Maniar,0,0.0,no_overlap
10319,Yeji District,1,1.0,single_overlap
10320,Buxar,1,1.0,single_overlap
10321,Ezhou,1,0.981651376,single_overlap
10322,Sirkazhi,1,1.0,single_overlap
10323,Zhuzhou,1,1.0,single_overlap
10324,Thawe,1,0.08,single_overlap
10325,Yulin,1,1.0,single_overlap
10326,Korba,1,1.0,single_overlap
10327,Gushan,1,1.0,single_overlap
10328,Janjgir,1,0.111111111,single_overlap
10329,Qixia,1,1.0,single_overlap
10330,Vuyyuru,1,1.0,single_overlap
10331,Junan,1,1.0,single_overlap
10332,Gopalganj,1,0.64,single_overlap
10333,Tancheng,1,1.0,single_overlap
10334,Ballia,1,0.956043956,single_overlap
10335,Hengyang,1,1.0,single_overlap
10336,Kudra,0,0.0,no_overlap
10337,Bobai,1,1.0,single_overlap
10338,Siwan,1,0.96875,single_overlap
10339,Fengtai,1,1.0,single_overlap
10340,Raghunathpur,0,0.0,no_overlap
10341,Meishan,1,0.888888889,single_overlap
10342,Kochas,0,0.0,no_overlap
10343,Mudanjiang,1,1.0,single_overlap
10344,Chenari,0,0.0,no_overlap
10345,Linshu,1,1.0,single_overlap
10346,Champa,1,1.0,single_overlap
10347,Tonghua,1,1.0,single_overlap
10348,Repalle,1,0.846153846,single_overlap
10349,Laixi,1,1.0,single_overlap
10350,Bansdih,1,0.230769231,single_overlap
10351,Jianghua,1,1.0,single_overlap
10352,Jawkatia,1,0.36,single_overlap
10353,Fushan,1,1.0,single_overlap
10354,Mamarkha,0,0.0,no_overlap
10355,Panji,1,1.0,single_overlap
10356,Gudivada,1,1.0,single_overlap
10357,Dongfang,1,0.970588235,single_overlap
10358,Karaikal,1,0.961538462,single_overlap
10359,Zhentou,0,0.0,no_overlap
10360,Hasanpura,1,0.25,single_overlap
10361,Jiaozhou,1,1.0,single_overlap
10362,Nagapattinam,1,1.0,single_overlap
10363,Sihecun,1,1.0,single_overlap
10364,Dumraon,1,1.0,single_overlap
10365,Hengshan,1,1.0,single_overlap
10366,Ambikapur,1,1.0,single_overlap
10367,Baoqing,1,1.0,single_overlap
10368,Eluru,1,1.0,single_overlap
10369,Guzhen,0,0.0,no_overlap
10370,Raxaul,1,0.192307692,single_overlap
10371,Tonghua,1,1.0,single_overlap
10372,Sagauli,1,0.804878049,single_overlap
10373,Huanren,1,1.0,single_overlap
10374,Sahatwar,0,0.0,no_overlap
10375,Changning,1,1.0,single_overlap
10376,Ramgarhwa,0,0.0,no_overlap
10377,Beiliu,1,1.0,single_overlap
10378,Areraj,2,0.686046512,multiple_overlaps
10379,Zhongshan,1,1.0,single_overlap
10380,Kuransarae,0,0.0,no_overlap
10381,Laiyang,1,1.0,single_overlap
10382,Harsidhi,1,0.05,single_overlap
10383,Lingbi,1,1.0,single_overlap
10385,Tongyang,1,1.0,single_overlap
10386,Sasaram,1,1.0,single_overlap
10387,Erdaojiang,1,0.944444444,single_overlap
10388,Belhari,0,0.0,no_overlap
10389,Ningyuan,1,1.0,single_overlap
10390,Jangareddygudem,1,1.0,single_overlap
10391,Shouxian,1,1.0,single_overlap
10392,Barhampur,0,0.0,no_overlap
10393,Kuandian,1,1.0,single_overlap
10394,Nawanagar,0,0.0,no_overlap
10395,Xinyi,1,1.0,single_overlap
10396,Mahuar,0,0.0,no_overlap
10397,Huangshi,1,1.0,single_overlap
10399,Suining,1,1.0,single_overlap
10400,Turkaulia,1,0.292857143,single_overlap
10401,Luotian County,1,1.0,single_overlap
10402,Ekma,0,0.0,no_overlap
10403,Tianjia‘an,1,0.988095238,single_overlap
10404,Machilipatnam,1,1.0,single_overlap
10405,Ning'an,1,1.0,single_overlap
10406,Suraimanpur,0,0.0,no_overlap
10407,Xintian,1,1.0,single_overlap
10408,Barharwa Khurd,1,0.793103448,single_overlap
10409,Luchuan,1,1.0,single_overlap
10410,Basantpur,0,0.0,no_overlap
10411,Qingping,0,0.0,no_overlap
10412,Garhwa,1,0.736842105,single_overlap
10413,Huaiyuan,1,1.0,single_overlap
10414,Sakti,0,0.0,no_overlap
10415,Liuyang,1,0.977272727,single_overlap
10416,Banjari,0,0.0,no_overlap
10417,Dongjingcheng,1,1.0,single_overlap
10418,Lahladpur,0,0.0,no_overlap
10419,Rong,1,1.0,single_overlap
10420,Bikramganj,1,1.0,single_overlap
10421,Hengdong,1,1.0,single_overlap
10422,Jagdalpur,1,1.0,single_overlap
10423,Jixi,1,1.0,single_overlap
10424,Pakaria,0,0.0,no_overlap
10425,Xishui County,1,1.0,single_overlap
10426,Bahuara,0,0.0,no_overlap
10427,Gugang,0,0.0,no_overlap
10428,Dongam,1,0.909090909,single_overlap
10429,Dunhua,1,1.0,single_overlap
10430,Mahuawa,0,0.0,no_overlap
10431,Jihongtan,1,1.0,single_overlap
10432,Motihari,1,0.837209302,single_overlap
10433,Baishan,1,0.972972973,single_overlap
10434,Tilouthu,1,0.454545455,single_overlap
10435,Jiangyuan,1,1.0,single_overlap
10436,Umerkote,1,1.0,single_overlap
10437,Rizhao,1,0.935135135,single_overlap
10438,Bhopatpur,1,0.533333333,single_overlap
10439,Yanxi,0,0.0,no_overlap
10440,Sahebganj,1,0.383116883,single_overlap
10441,Dandong,1,1.0,single_overlap
10442,Husainabad,0,0.0,no_overlap
10443,Teng,1,1.0,single_overlap
10444,Marhaura,1,0.001536098,single_overlap
10445,Pidong,0,0.0,no_overlap
10446,Dehri,1,0.813953488,single_overlap
10447,Bengbu,1,1.0,single_overlap
10448,Behea,0,0.0,no_overlap
10449,Qingdao,1,0.994906621,single_overlap
10450,Manjhi,0,0.0,no_overlap
10451,Shatian,1,0.136363636,single_overlap
10452,Jagdispur,1,0.846153846,single_overlap
10453,Hezhou,1,0.9375,single_overlap
10454,Masrakh,0,0.0,no_overlap
10455,Changjiang Li Autonomous County,0,0.0,no_overlap
10456,Piro,1,0.9,single_overlap
10457,Suqian,1,0.994923858,single_overlap
10458,Malakanagiri,0,0.0,no_overlap
10459,Anpu,1,1.0,single_overlap
10460,Nasriganj,0,0.0,no_overlap
10461,Hengshan,1,1.0,single_overlap
10462,Chhapra,1,0.826086957,single_overlap
10463,Liling,1,1.0,single_overlap
10464,Tadepallegudem,1,1.0,single_overlap
10465,Muling,1,1.0,single_overlap
10466,Bhimavaram,1,1.0,single_overlap
10467,Shiren,0,0.0,no_overlap
10468,Dhanauji,0,0.0,no_overlap
10469,胶南,1,1.0,single_overlap
10470,Arrah,1,0.711111111,single_overlap
10471,Donghai,1,1.0,single_overlap
10472,Dhaka,1,0.272727273,single_overlap
10473,Mashan,1,1.0,single_overlap
10474,Chakia,0,0.0,no_overlap
10475,Jingang,1,1.0,single_overlap
10476,Daudnagar,1,0.888888889,single_overlap
10477,Donggang,1,1.0,single_overlap
10478,Pipra,0,0.0,no_overlap
10479,Lanshan,1,0.858974359,single_overlap
10480,,0,0.0,no_overlap
10481,Lu'an,1,1.0,single_overlap
10482,Mahwal,1,0.642857143,single_overlap
10483,Huangdao District,1,0.982857143,single_overlap
10484,Medininagar,1,0.914285714,single_overlap
10485,Huangchuan,0,0.0,no_overlap
10486,Patahi,0,0.0,no_overlap
10487,Yingshan County,1,1.0,single_overlap
10488,Madhuban,0,0.0,no_overlap
10489,Leiyang,1,0.895833333,single_overlap
10490,Aurangabad,1,1.0,single_overlap
10491,Xiejiazhuang,1,1.0,single_overlap
10492,Nidadavolu,1,1.0,single_overlap
10493,Pukou,0,0.0,no_overlap
10494,Bairgania,1,0.695652174,single_overlap
10495,Sixian,1,1.0,single_overlap
10496,Sahar,0,0.0,no_overlap
10498,Pach Pakri,0,0.0,no_overlap
10499,Lanshan,1,1.0,single_overlap
10500,Vishunpur,0,0.0,no_overlap
10501,Jidong,0,0.0,no_overlap
10502,Dighwara,0,0.0,no_overlap
10503,Ganyu,1,0.985915493,single_overlap
10504,Koliwar,1,0.02173913,single_overlap
10505,Mouping,1,1.0,single_overlap
10506,Phenhara,0,0.0,no_overlap
10507,Lianjiang,1,1.0,single_overlap
10508,Paroo,0,0.0,no_overlap
10509,Qichun County,1,0.88,single_overlap
10510,Chirand,0,0.0,no_overlap
10511,Xiushui,1,0.72,single_overlap
10512,Mehsi,2,0.125766871,multiple_overlaps
10513,Shangli,1,1.0,single_overlap
10514,Tanuku,1,1.0,single_overlap
10515,Hejie,0,0.0,no_overlap
10516,Haspura,0,0.0,no_overlap
10517,Cenxi,1,1.0,single_overlap
10518,Akhgaon,0,0.0,no_overlap
10519,Changfeng,1,1.0,single_overlap
10520,Sandesh,0,0.0,no_overlap
10521,Wuzhou,1,1.0,single_overlap
10522,Arwal,0,0.0,no_overlap
10523,Huoshan,1,1.0,single_overlap
10524,Rajamahendravaram,1,0.95890411,single_overlap
10525,Huanglong,1,0.888888889,single_overlap
10526,Kirodimal Nagar,1,1.0,single_overlap
10527,Yangxin,1,1.0,single_overlap
10528,Piprarhi,0,0.0,no_overlap
10529,Fengyang,0,0.0,no_overlap
10530,Jakhim,0,0.0,no_overlap
10531,Nuodong,1,0.038461538,single_overlap
10532,Baligawan,0,0.0,no_overlap
10533,Longxu,1,1.0,single_overlap
10534,Narasapuram,1,1.0,single_overlap
10535,Xiangdong,1,1.0,single_overlap
10536,Sheohar,1,0.578947368,single_overlap
10537,Suixi,1,1.0,single_overlap
10538,Dumri Katsari,0,0.0,no_overlap
10539,Lianxing,1,1.0,single_overlap
10540,Maner,1,0.315789474,single_overlap
10541,Leizhou,1,1.0,single_overlap
10542,Raigarh,1,1.0,single_overlap
10543,Haizhou District,1,1.0,single_overlap
10544,Palakollu,1,0.952380952,single_overlap
10545,Yanghe,1,1.0,single_overlap
10546,Kalyanpur,0,0.0,no_overlap
10547,Dongcun,1,1.0,single_overlap
10548,Bihta,1,0.80952381,single_overlap
10549,Guiyi,1,1.0,single_overlap
10550,Bikram,0,0.0,no_overlap
10551,Ledong Li Autonomous County,1,1.0,single_overlap
10552,Dadhapi,0,0.0,no_overlap
10553,Pingxiang,1,1.0,single_overlap
10554,Kadiyam,0,0.0,no_overlap
10555,Nanxing,1,1.0,single_overlap
10556,Goh,0,0.0,no_overlap
10557,Wuhe,1,1.0,single_overlap
10558,Paliganj,1,0.866666667,single_overlap
10559,Longmen,0,0.0,no_overlap
10560,Nabarangapur,0,0.0,no_overlap
10561,Lingao County,1,1.0,single_overlap
10562,Ravulapalem,1,1.0,single_overlap
10563,Zhanjiang,1,1.0,single_overlap
10564,Rafiganj,1,0.545454545,single_overlap
10565,Sihong County,1,1.0,single_overlap
10566,Madanpur,0,0.0,no_overlap
10567,Anren,1,1.0,single_overlap
10568,Parsauni,0,0.0,no_overlap
10569,禅妙村,1,1.0,single_overlap
10570,Naubatpur,0,0.0,no_overlap
10571,Danzhou City,1,1.0,single_overlap
10572,Pakri,1,0.090909091,single_overlap
10573,Shuyang,1,1.0,single_overlap
10574,Satbarwa,0,0.0,no_overlap
10575,Matian,1,1.0,single_overlap
10576,Hajipur,6,0.180985471,multiple_overlaps
10577,Mishan,1,1.0,single_overlap
10578,Mandapeta,1,1.0,single_overlap
10579,Xugou,1,1.0,single_overlap
10580,Sitamarhi,2,0.584821429,multiple_overlaps
10581,Meichuan,1,1.0,single_overlap
10582,Belsand,0,0.0,no_overlap
10583,Guiyang,1,1.0,single_overlap
10584,Kothapeta,0,0.0,no_overlap
10585,Weihai,1,0.962025316,single_overlap
10586,Patna,1,0.919847328,single_overlap
10587,Daye,0,0.0,no_overlap
10588,Yeleswaram,1,1.0,single_overlap
10589,Xinyi,1,1.0,single_overlap
10590,Jeypore,1,1.0,single_overlap
10591,Xiashan,1,1.0,single_overlap
10592,Runisaidpur,1,0.024154589,single_overlap
10593,Linjiang,1,1.0,single_overlap
10594,Sikandar Pur,0,0.0,no_overlap
10595,Fengkai,0,0.0,no_overlap
10596,Ramachandrapuram,1,1.0,single_overlap
10597,Huazhou,1,1.0,single_overlap
10598,Balua,0,0.0,no_overlap
10599,Tangzhui,0,0.0,no_overlap
10600,Tekari,0,0.0,no_overlap
10601,Luxi,1,1.0,single_overlap
10602,Junagarh,0,0.0,no_overlap
10603,Rushan,1,1.0,single_overlap
10604,Masaurhi,1,0.236842105,single_overlap
10605,Wuning,1,1.0,single_overlap
10606,Jehanabad,1,0.789473684,single_overlap
10607,Linwu,1,0.846153846,single_overlap
10608,Peddapuram,1,1.0,single_overlap
10609,Banpuzhen,0,0.0,no_overlap
10610,Amalapuram,1,1.0,single_overlap
10611,Wuxue,1,1.0,single_overlap
10612,Pariharpur,0,0.0,no_overlap
10613,Ji'an,1,1.0,single_overlap
10614,Samarlakota,1,1.0,single_overlap
10615,Gaozhou,1,0.933333333,single_overlap
10616,Bajpatti,0,0.0,no_overlap
10617,Yongxing,1,1.0,single_overlap
10618,Makhdumpur,0,0.0,no_overlap
10619,Liannan,0,0.0,no_overlap
10620,Titlagarh,1,1.0,single_overlap
10621,Changqi,1,1.0,single_overlap
10622,Humayupur,0,0.0,no_overlap
10623,Chaling,1,1.0,single_overlap
10624,Berai,0,0.0,no_overlap
10625,Songshan,1,0.633333333,single_overlap
10626,Sherghati,1,1.0,single_overlap
10627,Siyang,1,1.0,single_overlap
10628,Pupri,1,0.4,single_overlap
10629,Hefei,1,1.0,single_overlap
10630,Bhutan,1,0.142857143,single_overlap
10631,Lianzhou,1,1.0,single_overlap
10632,Belaganj,0,0.0,no_overlap
10633,Yunan,1,1.0,single_overlap
10634,Pithapuram,1,1.0,single_overlap
10635,Dingyuan,1,1.0,single_overlap
10636,Kakinada,1,0.972222222,single_overlap
10637,Damo New Village,0,0.0,no_overlap
10638,Modanganj,0,0.0,no_overlap
10639,Xuwen,1,0.928571429,single_overlap
10640,Nanpur,0,0.0,no_overlap
10641,Wuzhishan City,0,0.0,no_overlap
10642,Gaya,1,0.8984375,single_overlap
10643,Wanzai,1,1.0,single_overlap
10644,Bargarh,1,0.72,single_overlap
10645,Chenzhou,1,1.0,single_overlap
10646,Yanam,1,1.0,single_overlap
10647,Guanyun,1,1.0,single_overlap
10648,Fatwah,1,0.954545455,single_overlap
10649,Zhenwen,1,1.0,single_overlap
10650,Bhawanipatna,1,1.0,single_overlap
10651,Maoming,1,1.0,single_overlap
10652,Salha,0,0.0,no_overlap
10653,Tianya District,1,1.0,single_overlap
10654,Raghopur,0,0.0,no_overlap
10655,Haiyangsuo,0,0.0,no_overlap
10656,Gaighat,0,0.0,no_overlap
10657,Wendeng,1,1.0,single_overlap
10658,Khirz Sarai,0,0.0,no_overlap
10659,Shucheng,1,1.0,single_overlap
10660,Islampur,1,0.407407407,single_overlap
10661,Wuchuan,1,1.0,single_overlap
10662,Balangir,1,1.0,single_overlap
10663,Yichun,1,0.972972973,single_overlap
10664,Sunabeda,1,0.8125,single_overlap
10666,Ekangar Sarai,0,0.0,no_overlap
10667,Chengmai County,1,1.0,single_overlap
10669,Huangmei County,1,1.0,single_overlap
10670,Katasa,0,0.0,no_overlap
10671,Antu,1,1.0,single_overlap
10672,Hilsa,0,0.0,no_overlap
10673,卞庄,1,0.96969697,single_overlap
10674,Bakhtiyarpur,0,0.0,no_overlap
10675,Ruichang,1,1.0,single_overlap
10676,Sundargarh,1,1.0,single_overlap
10677,Lianhua,0,0.0,no_overlap
10678,Brajarajnagar,1,1.0,single_overlap
10679,Zixing,1,1.0,single_overlap
10680,Atri,0,0.0,no_overlap
10681,Changliu,1,0.958333333,single_overlap
10682,Chatra,1,0.923076923,single_overlap
10683,Sanya,1,1.0,single_overlap
10684,Parbalpur,0,0.0,no_overlap
10685,Yizhang,1,1.0,single_overlap
10686,Narsipatnam,1,1.0,single_overlap
10687,Jinxi,1,1.0,single_overlap
10688,Chahuta,0,0.0,no_overlap
10689,Susong,1,0.961538462,single_overlap
10690,Simri,1,0.055555556,single_overlap
10691,Poxin,1,1.0,single_overlap
10692,Shankardih,0,0.0,no_overlap
10693,Taiping,0,0.0,no_overlap
10694,Chandi,0,0.0,no_overlap
10695,Xiuying District,1,0.984924623,single_overlap
10696,Tuni,1,1.0,single_overlap
10697,Luoding,1,1.0,single_overlap
10698,Rahika,1,0.261780105,single_overlap
10699,Huaiji,1,1.0,single_overlap
10700,Jharsuguda,1,1.0,single_overlap
10701,Deqing,1,1.0,single_overlap
10702,Hirakud,0,0.0,no_overlap
10703,Lintou,1,0.897435897,single_overlap
10704,Darbhanga,2,0.78807947,multiple_overlaps
10705,Guannan,1,1.0,single_overlap
10706,Wazirganj,0,0.0,no_overlap
10707,Dianbai,1,1.0,single_overlap
10708,Lohardaga,1,1.0,single_overlap
10710,Bahadurpur,0,0.0,no_overlap
10711,Qianshan,1,1.0,single_overlap
10712,Gumla,1,0.954545455,single_overlap
10713,Sanhe,0,0.0,no_overlap
10714,Sambalpur,1,1.0,single_overlap
10715,Huaiyin District,1,1.0,single_overlap
10716,Bhagwanpur,0,0.0,no_overlap
10717,Tunchang County,1,1.0,single_overlap
10718,Fatehpur,0,0.0,no_overlap
10719,Xuyi County,1,1.0,single_overlap
10720,Kenar Fatehpur,0,0.0,no_overlap
10721,Jiujiang,1,1.0,single_overlap
10722,Rajgir,1,1.0,single_overlap
10723,Shanggao,1,1.0,single_overlap
10724,Rahui,0,0.0,no_overlap
10725,Tongcheng,1,1.0,single_overlap
10726,Jainagar,1,0.80952381,single_overlap
10727,Xiaochikou,1,1.0,single_overlap
10728,Bihar Sharif,1,1.0,single_overlap
10729,Fenyi,1,1.0,single_overlap
10730,Khajauli,1,0.051546392,single_overlap
10731,Yangshan,1,1.0,single_overlap
10732,Ratanpur,1,0.037037037,single_overlap
10733,Xiangshui,1,1.0,single_overlap
10734,Madhubani,1,0.923076923,single_overlap
10735,Chaisang,1,1.0,single_overlap
10736,Rasulpur,0,0.0,no_overlap
10737,Rongcheng,1,1.0,single_overlap
10738,Simdega,0,0.0,no_overlap
10739,Shuzi,1,0.043478261,single_overlap
10740,Hwanpura,0,0.0,no_overlap
10741,Lianshui County,1,1.0,single_overlap
10742,Pawapuri,0,0.0,no_overlap
10743,Hedong,1,1.0,single_overlap
10744,Hisua,1,0.666666667,single_overlap
10745,Huaining,1,1.0,single_overlap
10746,Narhat,0,0.0,no_overlap
10747,Suifenhe,1,1.0,single_overlap
10748,Chodavaram,0,0.0,no_overlap
10749,Chi'an,1,1.0,single_overlap
10750,Pandaul,0,0.0,no_overlap
10751,Bohe,1,0.777777778,single_overlap
10752,Dahura,0,0.0,no_overlap
10753,Huai'an District,1,0.909090909,single_overlap
10754,Nawada,1,0.935483871,single_overlap
10755,Yongxin County,0,0.0,no_overlap
10756,Rayagada,1,1.0,single_overlap
10757,Lujiang,1,1.0,single_overlap
10758,Manigachhi,2,0.38,multiple_overlaps
10759,双桥村,1,1.0,single_overlap
10760,Mansurchak,1,0.146551724,single_overlap
10761,Diancheng,1,1.0,single_overlap
10762,Katrisarai,0,0.0,no_overlap
10764,Anakapalle,1,1.0,single_overlap
10765,Wangqing,1,1.0,single_overlap
10766,Bibhutpur,1,0.037891269,single_overlap
10767,Anyi,1,0.923076923,single_overlap
10768,Barbigha,1,0.428571429,single_overlap
10769,Yunfu,1,1.0,single_overlap
10770,Warisaliganj,1,0.555555556,single_overlap
10771,Lingshui Li Autonomous County,1,1.0,single_overlap
10772,Akbarpur,0,0.0,no_overlap
10773,Jianhuai,1,1.0,single_overlap
10774,Benipur,0,0.0,no_overlap
10775,Anfu County,1,1.0,single_overlap
10776,Rajauli,0,0.0,no_overlap
10777,Hukou,1,1.0,single_overlap
10779,Xinyu,1,1.0,single_overlap
10780,Rajgangpur,0,0.0,no_overlap
10781,Nankang,1,1.0,single_overlap
10782,Tardih,0,0.0,no_overlap
10783,Guangning,1,1.0,single_overlap
10784,Laxminia,0,0.0,no_overlap
10785,Gao'an,1,1.0,single_overlap
10786,Jhanjharpur,1,0.555555556,single_overlap
10788,Banwaripur,0,0.0,no_overlap
10789,Lechang,1,1.0,single_overlap
10790,Bobbili,1,1.0,single_overlap
10791,Yangchun,1,1.0,single_overlap
10792,Thanam,1,1.0,single_overlap
10793,Chuzhou,1,1.0,single_overlap
10794,Parvathipuram,1,1.0,single_overlap
10795,Tubu,1,1.0,single_overlap
10796,Visakhapatnam,1,0.990521327,single_overlap
10797,Qionghai,1,1.0,single_overlap
10798,Roh,0,0.0,no_overlap
10799,Yangxi,1,0.952380952,single_overlap
10800,Mokama,1,1.0,single_overlap
10801,Binhai,1,1.0,single_overlap
10802,Thengha,0,0.0,no_overlap
10803,Wangjiang,1,1.0,single_overlap
10804,Pakribarawan,0,0.0,no_overlap
10805,Yanji,1,0.985507246,single_overlap
10806,Ukkunagaram Township,1,0.444444444,single_overlap
10807,Jinhu County,1,1.0,single_overlap
10808,Lakhnaur,0,0.0,no_overlap
10809,Helong,1,1.0,single_overlap
10810,Gobindpur,0,0.0,no_overlap
10811,Chaohu,1,1.0,single_overlap
10812,Kodarma,1,0.484848485,single_overlap
10813,Anqing,1,1.0,single_overlap
10814,Hazaribagh,1,1.0,single_overlap
10815,Wanning,1,1.0,single_overlap
10816,Begusarai,1,0.805555556,single_overlap
10817,Quanjiao,1,1.0,single_overlap
10818,Sheikhpura,1,1.0,single_overlap
10820,Supaul,0,0.0,no_overlap
10821,Ruyuan,0,0.0,no_overlap
10822,Cheria Bariarpur,0,0.0,no_overlap
10823,Dongning,0,0.0,no_overlap
10824,Devada,1,1.0,single_overlap
10825,Zongyang,1,1.0,single_overlap
10826,Birpur,1,0.011627907,single_overlap
10827,Wenchengzhen,1,1.0,single_overlap
10828,Nawada,0,0.0,no_overlap
10829,Xinxing,1,1.0,single_overlap
10830,Bhurkunda,0,0.0,no_overlap
10831,Nanchang,1,1.0,single_overlap
10832,Ranchi,1,1.0,single_overlap
10833,Baoying,1,1.0,single_overlap
10834,Vizianagaram,1,1.0,single_overlap
10835,Zhaoqing,1,1.0,single_overlap
10836,Phulparas,0,0.0,no_overlap
10837,Funing,1,1.0,single_overlap
10838,Barhiya,1,1.0,single_overlap
10839,Longjing,1,1.0,single_overlap
10840,Rourkela,1,1.0,single_overlap
10841,Donggou,1,1.0,single_overlap
10842,Pontinamallayyapalem,1,1.0,single_overlap
10843,Hanshan,1,1.0,single_overlap
10844,Bakhri,1,0.189189189,single_overlap
10845,Heyun,0,0.0,no_overlap
10846,Parkonch,0,0.0,no_overlap
10847,Gaoyao,1,1.0,single_overlap
10848,Nirmali,1,0.454545455,single_overlap
10849,Sihui,1,1.0,single_overlap
10850,Phulbani,1,1.0,single_overlap
10851,Yangjiang,1,1.0,single_overlap
10852,Matihani,1,0.111111111,single_overlap
10853,Tumen,1,1.0,single_overlap
10854,Sohma,0,0.0,no_overlap
10855,Wuwei,1,1.0,single_overlap
10856,Lakhisarai,1,0.958333333,single_overlap
10857,Zhangshu,1,1.0,single_overlap
10858,Rajam,1,0.928571429,single_overlap
10859,Shaoguan,1,1.0,single_overlap
10860,Alauli,0,0.0,no_overlap
10861,Tianchang,1,1.0,single_overlap
10862,Ramgarh,1,0.979166667,single_overlap
10863,Qingyuan,1,1.0,single_overlap
10864,Supaul,1,0.508196721,single_overlap
10865,Ji'an County,1,1.0,single_overlap
10866,Sonbarsa Kacheri,0,0.0,no_overlap
10867,Baitu,1,0.470588235,single_overlap
10868,Balia,2,0.518518519,multiple_overlaps
10869,Yaodu,1,1.0,single_overlap
10870,Chandanpur,1,0.454545455,single_overlap
10871,Ji'an,1,1.0,single_overlap
10872,Khunti,0,0.0,no_overlap
10873,Beiguan,1,0.705882353,single_overlap
10874,Dandari,0,0.0,no_overlap
10875,Chizhou,1,1.0,single_overlap
10877,Xingan,1,1.0,single_overlap
10878,Bhaptiyahi,0,0.0,no_overlap
10879,Jianhu,1,1.0,single_overlap
10880,Saharsa,1,0.676056338,single_overlap
10881,拖船镇,1,1.0,single_overlap
10882,Sahebpur Kamal,0,0.0,no_overlap
10883,石上村,1,0.96,single_overlap
10884,Modnipur,0,0.0,no_overlap
10885,Suichuan,1,1.0,single_overlap
10886,Gamharia,0,0.0,no_overlap
10887,Nanjing,2,0.993083004,multiple_overlaps
10888,Sirinagar,0,0.0,no_overlap
10889,Fuguancun,1,0.954545455,single_overlap
10890,Danwar,0,0.0,no_overlap
10891,Oucun,1,1.0,single_overlap
10892,Khagaria,1,0.777777778,single_overlap
10893,Liyang,1,1.0,single_overlap
10894,Abhaipur,0,0.0,no_overlap
10895,Qujiang,1,0.681818182,single_overlap
10896,Barki Saria,0,0.0,no_overlap
10897,Jishui,1,1.0,single_overlap
10898,Simri Bakhtiarpur,0,0.0,no_overlap
10899,Fengcheng,1,1.0,single_overlap
10900,Raghopur,1,0.368421053,single_overlap
10901,Chengjiang,1,1.0,single_overlap
10902,Jamui,1,0.45,single_overlap
10903,Enping,1,1.0,single_overlap
10904,Munger,1,0.6,single_overlap
10905,向塘村,1,1.0,single_overlap
10906,Srikakulam,1,1.0,single_overlap
10907,Jinli,1,1.0,single_overlap
10908,Ganpatganj,1,0.861111111,single_overlap
10909,Tongling,1,1.0,single_overlap
10910,Tribeniganj,0,0.0,no_overlap
10911,Yingde,1,1.0,single_overlap
10912,Madhepura,1,0.4,single_overlap
10913,Sanshui,1,1.0,single_overlap
10914,Banma Itahri,0,0.0,no_overlap
10915,Ma'anshan,1,1.0,single_overlap
10916,Jhundo,0,0.0,no_overlap
10917,Furong,1,1.0,single_overlap
10918,Bundu,1,0.875,single_overlap
10919,Sheyang,1,1.0,single_overlap
10920,Manori,0,0.0,no_overlap
10921,Gaoming,1,1.0,single_overlap
10922,Kathara,1,1.0,single_overlap
10923,Leping,1,1.0,single_overlap
10924,Paralakhemundi,1,0.888888889,single_overlap
10925,Gaoyou,1,0.979166667,single_overlap
10926,Maheshkhunt,0,0.0,no_overlap
10927,Wuhu,1,1.0,single_overlap
10928,Dumri,0,0.0,no_overlap
10929,Shiling,1,1.0,single_overlap
10930,Bariarpur,0,0.0,no_overlap
10931,Yongfeng,1,1.0,single_overlap
10932,Mansa Nagar,1,1.0,single_overlap
10933,Guangzhou,10,0.997365975,multiple_overlaps
10934,Jhajha,0,0.0,no_overlap
10935,Dangtu,1,1.0,single_overlap
10936,Phusro,1,1.0,single_overlap
10937,Huadu,2,1.0,multiple_overlaps
10938,Kharagpur,0,0.0,no_overlap
10939,Xiangshan,1,1.0,single_overlap
10940,Sher Chakla,0,0.0,no_overlap
10941,Yancheng,1,1.0,single_overlap
10942,Bhanjanagar,1,0.9,single_overlap
10943,Qinnan,0,0.0,no_overlap
10944,Parbatta,0,0.0,no_overlap
10945,Yizheng,1,1.0,single_overlap
10946,Muri,0,0.0,no_overlap
10947,Shangyou,1,1.0,single_overlap
10948,Barbil,1,1.0,single_overlap
10949,Kaiping,1,1.0,single_overlap
10950,Murliganj,0,0.0,no_overlap
10951,Shixing,1,0.857142857,single_overlap
10952,Chakradharpur,1,1.0,single_overlap
10953,Fanchang,1,1.0,single_overlap
10954,Giridih,1,0.944444444,single_overlap
10955,Jinxian,1,1.0,single_overlap
10956,Tekkali,1,0.8,single_overlap
10957,Poyang,1,1.0,single_overlap
10958,Bhargama,0,0.0,no_overlap
10959,Dayu,1,1.0,single_overlap
10960,Sultanganj,1,0.913043478,single_overlap
10961,Heshan,1,1.0,single_overlap
10962,Gopalpur,0,0.0,no_overlap
10963,Shuikou,1,1.0,single_overlap
10964,Alamnagar,0,0.0,no_overlap
10965,Shijiao,1,1.0,single_overlap
10966,Tarapur,0,0.0,no_overlap
10967,Huadong,1,1.0,single_overlap
10968,Jogbani,1,0.857142857,single_overlap
10969,Hunchun,1,1.0,single_overlap
10970,Bokaro,1,0.97979798,single_overlap
10971,Huolong,1,1.0,single_overlap
10972,Chandrapura,1,1.0,single_overlap
10973,Yangzhou,1,1.0,single_overlap
10974,Forbesganj,1,0.882352941,single_overlap
10975,Siqian,2,0.263157895,multiple_overlaps
10976,Bihpur,0,0.0,no_overlap
10977,Lukou,1,1.0,single_overlap
10978,Pakariya,0,0.0,no_overlap
10979,Xinghua,1,1.0,single_overlap
10980,Puraini,0,0.0,no_overlap
10981,Nanxiong,1,1.0,single_overlap
10982,Asika,0,0.0,no_overlap
10983,Tangjiang,1,1.0,single_overlap
10984,Angul,1,1.0,single_overlap
10985,Taishan,1,1.0,single_overlap
10986,Palasa-Kasibugga,1,1.0,single_overlap
10987,Shaobo,1,1.0,single_overlap
10988,Raniganj,1,1.0,single_overlap
10989,Dagang,0,0.0,no_overlap
10990,Banmankhi,1,0.666666667,single_overlap
10991,Jiangdu District,1,1.0,single_overlap
10992,Talcher,1,0.777777778,single_overlap
10993,Yugan,1,1.0,single_overlap
10994,Phulidumar,0,0.0,no_overlap
10995,Nankang,1,0.876404494,single_overlap
10996,Chausa,0,0.0,no_overlap
10997,Bashan,1,1.0,single_overlap
10998,Dhanbad,3,0.89261745,multiple_overlaps
10999,Le'an,1,1.0,single_overlap
11000,Amarpur,1,0.140350877,single_overlap
11001,Bowang,0,0.0,no_overlap
11002,Chaibasa,1,0.785714286,single_overlap
11003,Ganzhou,1,1.0,single_overlap
11004,Polasara,0,0.0,no_overlap
11005,Conghua,1,1.0,single_overlap
11006,Dhamdaha,0,0.0,no_overlap
11007,Jurong,1,0.944444444,single_overlap
11008,Bhagalpur,1,1.0,single_overlap
11009,Nanling,1,1.0,single_overlap
11010,Kharik,1,1.0,single_overlap
11011,Jingdezhen,1,1.0,single_overlap
11012,Deoghar,1,0.888888889,single_overlap
11013,Taiping,1,1.0,single_overlap
11014,Naugachia,1,0.684210526,single_overlap
11015,Zhenjiang,1,1.0,single_overlap
11016,Araria,1,0.18627451,single_overlap
11017,Wanzhi,1,1.0,single_overlap
11018,Brahmapur,1,0.964285714,single_overlap
11019,Fuzhou,1,1.0,single_overlap
11020,Bhushan Steel City,1,0.9,single_overlap
11021,Lishui,1,1.0,single_overlap
11022,Madhupur,1,0.842105263,single_overlap
11023,Wengyuan,1,1.0,single_overlap
11024,Kendujhargarh,1,1.0,single_overlap
11025,Dantu District,1,0.916666667,single_overlap
11026,Kotwali,0,0.0,no_overlap
11027,Xinlong,1,0.92,single_overlap
11028,Banka,0,0.0,no_overlap
11029,Xingguo,1,1.0,single_overlap
11030,Simla,0,0.0,no_overlap
11031,Dongxiang,1,1.0,single_overlap
11032,Jamshedpur,1,1.0,single_overlap
11033,Gaochun,1,1.0,single_overlap
11034,Nayagarh,1,0.777777778,single_overlap
11035,Leping,1,1.0,single_overlap
11036,Balarampur,0,0.0,no_overlap
11037,Taizhou,1,1.0,single_overlap
11038,Satar Halt,0,0.0,no_overlap
11039,Dafeng,1,1.0,single_overlap
11040,Purulia,1,0.851851852,single_overlap
11041,Jing,1,1.0,single_overlap
11042,Jokihat,0,0.0,no_overlap
11043,Xingtai,1,1.0,single_overlap
11044,Purnia,1,0.918032787,single_overlap
11045,Yihuang,1,0.9,single_overlap
11046,Barari,0,0.0,no_overlap
11047,Sanjiao,1,1.0,single_overlap
11048,Kahalgaon,1,0.428571429,single_overlap
11049,Quannan,1,0.875,single_overlap
11050,Chhatrapur,1,1.0,single_overlap
11051,Xinfeng,1,1.0,single_overlap
11052,Baghua,0,0.0,no_overlap
11053,Wannian,1,1.0,single_overlap
11054,Dhuraia,0,0.0,no_overlap
11055,Wanqingsha,1,1.0,single_overlap
11056,Darjeeling,1,0.12244898,single_overlap
11057,Danyang City,1,1.0,single_overlap
11058,,0,0.0,no_overlap
11059,Pingsha,1,1.0,single_overlap
11060,Semapur,0,0.0,no_overlap
11061,Xuancheng,1,1.0,single_overlap
11062,Mehrma,0,0.0,no_overlap
11063,Getian,1,1.0,single_overlap
11064,Balugaon,0,0.0,no_overlap
11065,Xinfeng,1,1.0,single_overlap
11066,Nirsa,1,1.0,single_overlap
11067,Dongtai,1,1.0,single_overlap
11068,Nuapatna,0,0.0,no_overlap
11069,Yangzhong,1,1.0,single_overlap
11070,Bahadurganj,1,0.4375,single_overlap
11071,Dengbu,0,0.0,no_overlap
11072,Murgia Chak,0,0.0,no_overlap
11073,Gaogang,1,1.0,single_overlap
11074,Sundarpur,1,0.615384615,single_overlap
11075,Doumen,1,1.0,single_overlap
11076,Godda,1,0.933333333,single_overlap
11077,Yudu,1,0.913043478,single_overlap
11078,Katihar,1,0.87804878,single_overlap
11079,Zhuhai [Macau],2,0.959854015,multiple_overlaps
11080,Asansol,1,1.0,single_overlap
11081,Jiangyan,1,1.0,single_overlap
11082,Dhenkanal,1,1.0,single_overlap
11083,Longnan,1,1.0,single_overlap
11084,Mahagama,0,0.0,no_overlap
11085,Danbei,1,1.0,single_overlap
11086,Pauakhali,0,0.0,no_overlap
11087,Lianping,1,1.0,single_overlap
11088,Baisi,0,0.0,no_overlap
11089,Jinwan,1,0.904761905,single_overlap
11090,Chittaranjan,1,1.0,single_overlap
11091,Jincheng Town,1,1.0,single_overlap
11092,Dalkola,0,0.0,no_overlap
11093,Binjiangzhen,1,0.208333333,single_overlap
11094,Manihari,0,0.0,no_overlap
11095,Jinxi,1,1.0,single_overlap
11096,Kishanganj,1,1.0,single_overlap
11097,Longmen,1,1.0,single_overlap
11098,Thakurganj,0,0.0,no_overlap
11099,Jaingbian,1,1.0,single_overlap
11100,Ghatsila,0,0.0,no_overlap
11101,Taixing,1,1.0,single_overlap
11102,Khusalpur,0,0.0,no_overlap
11103,Yanwucun,2,1.0,multiple_overlaps
11104,Khordha,0,0.0,no_overlap
11105,Liyang,1,1.0,single_overlap
11106,Gangtok,1,0.954545455,single_overlap
11107,Nancheng,1,1.0,single_overlap
11108,Sahibganj,1,0.368421053,single_overlap
11109,Dexing,1,1.0,single_overlap
11110,Siliguri,1,1.0,single_overlap
11111,富安镇,0,0.0,no_overlap
11112,Dumka,1,0.956521739,single_overlap
11113,Changzhou,1,1.0,single_overlap
11114,Jatani,1,0.866666667,single_overlap
11115,Taipa,2,1.0,multiple_overlaps
11116,Azamnagar,0,0.0,no_overlap
11117,Wuyuan,0,0.0,no_overlap
11118,Cuttack,1,1.0,single_overlap
11119,Huayuan,1,1.0,single_overlap
11120,Islampur,1,1.0,single_overlap
11121,新华村,1,0.890909091,single_overlap
11122,Bhubaneshwar,1,1.0,single_overlap
11123,Ningdu,1,1.0,single_overlap
11124,Amdabad,0,0.0,no_overlap
11125,Hai'an,1,1.0,single_overlap
11126,Jamuria,1,0.111111111,single_overlap
11127,Zhongxin,0,0.0,no_overlap
11128,Mejia,1,0.942857143,single_overlap
11129,Huangqiao,1,1.0,single_overlap
11130,Jagatpur,1,1.0,single_overlap
11131,Nanfeng,1,1.0,single_overlap
11132,Byasanagar,0,0.0,no_overlap
11133,Dingnan,1,0.9,single_overlap
11134,Julābditola,0,0.0,no_overlap
11135,Huangshan,1,1.0,single_overlap
11137,Ningguo,1,1.0,single_overlap
11138,Durlovpur,1,1.0,single_overlap
11139,Guangchang,1,1.0,single_overlap
11140,Bankura,1,1.0,single_overlap
11141,Shexian,1,1.0,single_overlap
11142,Rajmahal,0,0.0,no_overlap
11143,Heping,1,1.0,single_overlap
11144,Pandaveswar,0,0.0,no_overlap
11145,Boluo,1,1.0,single_overlap
11146,Hiranpur,0,0.0,no_overlap
11147,Yiyang,1,1.0,single_overlap
11148,Puri,1,0.923076923,single_overlap
11149,Anyuan,1,0.923076923,single_overlap
11150,Raiganj,1,0.661538462,single_overlap
11151,Rugao,1,1.0,single_overlap
11152,Chanchal,0,0.0,no_overlap
11153,Jingjiang,1,1.0,single_overlap
11154,Barharwa,0,0.0,no_overlap
11155,Tuen Mun,1,1.0,single_overlap
11156,Bijali,0,0.0,no_overlap
11157,Jiangyin,1,0.986486486,single_overlap
11158,Manikchak,0,0.0,no_overlap
11159,Heyuan,1,1.0,single_overlap
11160,Naksimal,0,0.0,no_overlap
11161,Puqian,1,1.0,single_overlap
11162,Mal Bazaar,1,0.857142857,single_overlap
11163,Guangde,1,1.0,single_overlap
11164,Waria,1,1.0,single_overlap
11165,Shenglicun,1,1.0,single_overlap
11166,Salepur,0,0.0,no_overlap
11167,Tung Chung,1,1.0,single_overlap
11168,Kalaspur,0,0.0,no_overlap
11169,Yixing,2,1.0,multiple_overlaps
11170,Barjora,0,0.0,no_overlap
11171,Hengfeng,1,1.0,single_overlap
11172,Jalpaiguri,1,1.0,single_overlap
11173,Huizhou,1,1.0,single_overlap
11174,Uttar Chandipur,0,0.0,no_overlap
11175,Huichang,1,1.0,single_overlap
11176,Durgapur,1,0.981481481,single_overlap
11177,Shibei,0,0.0,no_overlap
11178,Balachandrapur,0,0.0,no_overlap
11179,Ruijin,1,1.0,single_overlap
11180,Siuri,1,1.0,single_overlap
11181,Fanling,1,1.0,single_overlap
11182,Jajpur,1,0.933333333,single_overlap
11183,Lichuan,1,1.0,single_overlap
11184,Dhulian,2,0.619402985,multiple_overlaps
11185,Hong Kong,1,1.0,single_overlap
11186,Pakaur,1,0.233333333,single_overlap
11187,Xinxu,1,1.0,single_overlap
11188,Baripada,1,1.0,single_overlap
11189,Dingshu,1,1.0,single_overlap
11190,Jagatsinghpur,1,0.625,single_overlap
11191,Yuqi,1,1.0,single_overlap
11192,Khagmarihatpara,1,0.135135135,single_overlap
11193,Shicheng,1,0.9375,single_overlap
11194,Chamagram,0,0.0,no_overlap
11195,Zhangjiagang,2,1.0,multiple_overlaps
11196,Kaliyaganj,1,1.0,single_overlap
11197,Tai Po,1,1.0,single_overlap
11198,Jhargram,1,1.0,single_overlap
11199,Suzhou,1,1.0,single_overlap
11200,Rajgan,0,0.0,no_overlap
11201,Qingyang,1,1.0,single_overlap
11202,Bhadrak,1,1.0,single_overlap
11203,Yantian District,1,0.90625,single_overlap
11204,Malda,1,0.72972973,single_overlap
11205,Hekou,0,0.0,no_overlap
11206,Buhalpur,0,0.0,no_overlap
11207,Huiyang,1,1.0,single_overlap
11208,Gazole,0,0.0,no_overlap
11209,Sha Tin,1,1.0,single_overlap
11210,Maynaguri,1,0.111111111,single_overlap
11211,Shangrao,1,1.0,single_overlap
11212,Sujapur,1,1.0,single_overlap
11213,Changning,1,1.0,single_overlap
11214,Chari Anantapur,0,0.0,no_overlap
11215,Dapeng New District,1,1.0,single_overlap
11216,Sainthia,0,0.0,no_overlap
11218,Bishnupur,1,1.0,single_overlap
11219,Guangze,0,0.0,no_overlap
11220,Chauhaddi,1,0.025641026,single_overlap
11221,Longchuan,1,1.0,single_overlap
11222,Nalhati,0,0.0,no_overlap
11223,Jinfeng,1,0.966666667,single_overlap
11224,Rampurhat,1,1.0,single_overlap
11225,Nantong,1,0.993920973,single_overlap
11226,Haldibari,0,0.0,no_overlap
11227,Changxing,1,1.0,single_overlap
11228,Paikar,0,0.0,no_overlap
11229,Huidong,1,1.0,single_overlap
11230,Tirtol,0,0.0,no_overlap
11231,Xibei,1,1.0,single_overlap
11233,Anji,1,1.0,single_overlap
11234,Betnoti,0,0.0,no_overlap
11235,Changting,1,1.0,single_overlap
11236,Soro,0,0.0,no_overlap
11237,Yushan,1,1.0,single_overlap
11238,Maharakul,0,0.0,no_overlap
11239,Ninghua,1,1.0,single_overlap
11240,Kendrapara,1,1.0,single_overlap
11241,Fenghuang,1,1.0,single_overlap
11242,Dhupguri,1,1.0,single_overlap
11243,Zijin,1,1.0,single_overlap
11244,Margram,0,0.0,no_overlap
11245,Yangkou,1,1.0,single_overlap
11246,Bulbulchandi,0,0.0,no_overlap
11247,Rudong,1,1.0,single_overlap
11248,Bolpur,1,1.0,single_overlap
11250,Chandrakona Road,1,1.0,single_overlap
11251,Changshu,2,1.0,multiple_overlaps
11252,Pattamundai,0,0.0,no_overlap
11253,Chun'an County,1,1.0,single_overlap
11254,Gangarampur,0,0.0,no_overlap
11255,Wuping,1,1.0,single_overlap
11256,Balasore,1,1.0,single_overlap
11257,Guangfu,1,1.0,single_overlap
11258,Panchgram,0,0.0,no_overlap
11259,Huzhou,1,1.0,single_overlap
11260,Bhatapada,0,0.0,no_overlap
11261,Shaowu,1,0.705882353,single_overlap
11262,Kharagpur,1,1.0,single_overlap
11263,Zhangpu,2,1.0,multiple_overlaps
11264,Medinipur,1,1.0,single_overlap
11265,Pingyuan,1,1.0,single_overlap
11266,Lalgola,1,0.679245283,single_overlap
11267,Huacheng,1,1.0,single_overlap
11268,Kandi,1,0.80952381,single_overlap
11269,Jilong,1,1.0,single_overlap
11270,Chandrakona,0,0.0,no_overlap
11271,Fenshui,1,1.0,single_overlap
11272,Falakata,1,1.0,single_overlap
11273,Xingning,1,1.0,single_overlap
11274,Paradip,0,0.0,no_overlap
11275,Jiangshan,1,0.894736842,single_overlap
11276,Jaigaon,1,1.0,single_overlap
11277,Meili,1,1.0,single_overlap
11278,Matabhanga,1,1.0,single_overlap
11279,Quzhou,1,1.0,single_overlap
11280,Berhampore,1,0.975609756,single_overlap
11281,Lin'an District,1,1.0,single_overlap
11282,Jiaganj Azimganj,1,1.0,single_overlap
11283,Huangbu,1,1.0,single_overlap
11284,Bardhaman,1,1.0,single_overlap
11285,Deqing,1,1.0,single_overlap
11286,Kalchini,0,0.0,no_overlap
11287,Zhili,1,1.0,single_overlap
11288,Salar,1,1.0,single_overlap
11289,Dongshan,1,0.227272727,single_overlap
11290,Balurghat,1,1.0,single_overlap
11291,Linhu,1,1.0,single_overlap
11292,Balichak,0,0.0,no_overlap
11293,Wuyishan,1,1.0,single_overlap
11294,Beldanga,1,1.0,single_overlap
11295,Haimen,1,1.0,single_overlap
11296,Arambagh,0,0.0,no_overlap
11297,Jiande,1,1.0,single_overlap
11298,Ghatal,1,0.941176471,single_overlap
11299,Jiaoling,1,1.0,single_overlap
11300,Saktipur,0,0.0,no_overlap
11301,Shanghang,1,1.0,single_overlap
11302,Tamluk,2,0.658042745,multiple_overlaps
11303,Wuhua,1,1.0,single_overlap
11304,Katwa,1,1.0,single_overlap
11305,Hengshan,1,0.30952381,single_overlap
11306,Pundibari,1,0.533333333,single_overlap
11307,Nanxun,1,1.0,single_overlap
11308,Kanchra,0,0.0,no_overlap
11309,Meilong,1,1.0,single_overlap
11310,Cooch Behar,1,0.887096774,single_overlap
11311,Hangzhou,1,1.0,single_overlap
11312,Khanakul,0,0.0,no_overlap
11313,Anliu,1,1.0,single_overlap
11314,Panskura,1,1.0,single_overlap
11315,Xindeng,1,1.0,single_overlap
11316,Alipurduar,1,1.0,single_overlap
11317,Meizhou,1,1.0,single_overlap
11318,Trimohini,0,0.0,no_overlap
11319,诚心村,1,1.0,single_overlap
11320,Amarshi,0,0.0,no_overlap
11321,Haifeng,1,1.0,single_overlap
11322,Egra,0,0.0,no_overlap
11323,Tangqi,1,1.0,single_overlap
11324,Panchananpur,1,0.75,single_overlap
11325,Xinshi,1,0.333333333,single_overlap
11326,Parhati,0,0.0,no_overlap
11327,Shaxi,1,1.0,single_overlap
11328,Pagla Chandi,0,0.0,no_overlap
11329,Tonglu County,1,1.0,single_overlap
11330,Digha,1,1.0,single_overlap
11331,Gongping,1,1.0,single_overlap
11332,Tarkeshwar,0,0.0,no_overlap
11333,Fuyang,1,1.0,single_overlap
11334,Udaynarayanpur,1,0.04109589,single_overlap
11335,Wangjiangjing,1,0.94375,single_overlap
11336,Nawada,0,0.0,no_overlap
11337,官潭村,0,0.0,no_overlap
11338,Nutanbilkumari,0,0.0,no_overlap
11339,Zhouquan,1,0.052631579,single_overlap
11340,Dinhata,1,0.75,single_overlap
11341,Lvsigang,1,1.0,single_overlap
11342,Domkal,0,0.0,no_overlap
11343,Shanwei,1,0.978723404,single_overlap
11344,Nadanghat,0,0.0,no_overlap
11345,Shanghai,2,0.999040921,multiple_overlaps
11346,Debandi,1,1.0,single_overlap
11347,Luhe,1,1.0,single_overlap
11348,Bethuadahari,1,1.0,single_overlap
11349,Lili,1,0.99,single_overlap
11350,Muragacha,0,0.0,no_overlap
11351,Jianyang,1,1.0,single_overlap
11352,Kolkata,3,0.997582595,multiple_overlaps
11353,Lanxi,1,1.0,single_overlap
11354,Nabadwip,1,0.952380952,single_overlap
11355,Qiandeng,1,1.0,single_overlap
11356,Tufanganj,1,1.0,single_overlap
11357,Chongfu,1,1.0,single_overlap
11358,Haripal,1,0.260869565,single_overlap
11359,Pucheng,1,1.0,single_overlap
11360,Chandipur,0,0.0,no_overlap
11361,Tongxiang,1,1.0,single_overlap
11362,Kalna,1,0.90625,single_overlap
11363,Jiexi,1,1.0,single_overlap
11364,Contai,1,1.0,single_overlap
11365,Jiaxing,1,1.0,single_overlap
11366,Mahishadal,1,0.361344538,single_overlap
11367,长安大学城,1,1.0,single_overlap
11368,Karimpur,1,0.933333333,single_overlap
11369,Chongming,1,1.0,single_overlap
11370,Bishnupur,2,0.088235294,multiple_overlaps
11371,Yong'an,1,1.0,single_overlap
11372,Pandua,1,1.0,single_overlap
11373,Lufeng,1,1.0,single_overlap
11374,Krishnanagar,1,0.704225352,single_overlap
11375,Zhujiajiao,1,1.0,single_overlap
11376,Kamarda,0,0.0,no_overlap
11377,Qidong,1,1.0,single_overlap
11378,Shantipur,1,1.0,single_overlap
11379,Jinhua,1,1.0,single_overlap
11380,Chapra,1,0.8,single_overlap
11381,Sanming,1,1.0,single_overlap
11382,Badkulla,1,0.928571429,single_overlap
11383,Lingpu,1,1.0,single_overlap
11384,Balagarh,1,0.869565217,single_overlap
11385,Fengshun,1,1.0,single_overlap
11386,Gossaigaon,1,1.0,single_overlap
11387,Jiashan,1,0.964285714,single_overlap
11388,Durgachak,1,0.965517241,single_overlap
11389,盐官古城,1,1.0,single_overlap
11390,Aranghata,1,0.782608696,single_overlap
11391,Jingxiyuan,1,1.0,single_overlap
11392,Ranaghat,1,1.0,single_overlap
11393,Yongding,0,0.0,no_overlap
11394,Chakdaha,1,1.0,single_overlap
11395,Haining,1,0.916666667,single_overlap
11396,Diamond Harbour,2,0.98245614,multiple_overlaps
11397,Longyan,1,1.0,single_overlap
11398,Haringhata,1,0.53125,single_overlap
11399,Pujiang,1,1.0,single_overlap
11400,Duttapulia,0,0.0,no_overlap
11401,Sha,1,1.0,single_overlap
11402,Dhubri,1,0.9625,single_overlap
11403,Jinhe,1,1.0,single_overlap
11404,Kakdwip,1,1.0,single_overlap
11405,Fengjing,1,0.882352941,single_overlap
11406,Mallikpratap,1,1.0,single_overlap
11407,Shantou,1,1.0,single_overlap
11408,Purba Rameshwarpur,1,1.0,single_overlap
11409,Zhuji,1,1.0,single_overlap
11410,Habra,1,1.0,single_overlap
11411,Diankou,1,1.0,single_overlap
11412,Hatsinigmari,0,0.0,no_overlap
11413,Jieshi,1,1.0,single_overlap
11414,Bilasipara,1,0.777777778,single_overlap
11415,Jian'ou,1,1.0,single_overlap
11416,Bazarati,1,0.878787879,single_overlap
11417,Pinghu,1,1.0,single_overlap
11418,Mousani,0,0.0,no_overlap
11419,Yinong,1,1.0,single_overlap
11420,Jaynagar Majilpur,2,0.991869919,multiple_overlaps
11421,Dabu,1,1.0,single_overlap
11422,Sondalia,1,0.208333333,single_overlap
11423,Kuitan,1,1.0,single_overlap
11424,Rajgara,1,1.0,single_overlap
11425,Xietang,1,1.0,single_overlap
11426,Singrimari,1,0.102564103,single_overlap
11427,Xindai,1,0.181818182,single_overlap
11428,Mankachar,1,0.5,single_overlap
11429,Zhujing,1,1.0,single_overlap
11430,Baduria,1,0.181818182,single_overlap
11431,益农村,1,1.0,single_overlap
11432,Chandpara,0,0.0,no_overlap
11433,Dachen town,2,0.25,multiple_overlaps
11434,Dakshin Gopalnagar,0,0.0,no_overlap
11435,Yanping,1,1.0,single_overlap
11436,Bangaon,1,1.0,single_overlap
11437,Haiyan,1,1.0,single_overlap
11438,Chibinang,0,0.0,no_overlap
11439,Yiwu,1,1.0,single_overlap
11440,Haroa,0,0.0,no_overlap
11441,Longquan,1,1.0,single_overlap
11442,Minakhan,1,0.252,single_overlap
11443,Changxing,1,1.0,single_overlap
11444,Canning,1,0.862068966,single_overlap
11445,Yexie,1,1.0,single_overlap
11446,Swarupnagar,0,0.0,no_overlap
11447,Suxi,1,1.0,single_overlap
11448,Basirhat,1,0.901639344,single_overlap
11449,Zhapu,1,1.0,single_overlap
11450,Bongaigaon,1,1.0,single_overlap
11451,Fengqiao,1,1.0,single_overlap
11452,Buran Gabarda,0,0.0,no_overlap
11453,Jiadong,1,1.0,single_overlap
11454,Charanikhali,1,0.457142857,single_overlap
11455,Zhangping,1,1.0,single_overlap
11456,Taki,0,0.0,no_overlap
11457,Fotang,1,1.0,single_overlap
11458,Tura,1,0.933333333,single_overlap
11459,Songyang County,1,1.0,single_overlap
11460,Bijni,0,0.0,no_overlap
11461,Wuyi County,1,1.0,single_overlap
11462,Sonagar,0,0.0,no_overlap
11463,Tinglin,1,1.0,single_overlap
11464,Abhayapuri,0,0.0,no_overlap
11465,黄姑社区,1,1.0,single_overlap
11466,Goalpara,0,0.0,no_overlap
11467,Xixi,1,1.0,single_overlap
11468,Parghumti,0,0.0,no_overlap
11469,Dongyang,1,1.0,single_overlap
11470,Kalgachia,0,0.0,no_overlap
11471,Daoxu,1,1.0,single_overlap
11472,Krishnai,0,0.0,no_overlap
11473,Jinshan,1,0.960526316,single_overlap
11474,Barpeta Road,0,0.0,no_overlap
11475,Xilu,1,1.0,single_overlap
11476,Baniarapara,0,0.0,no_overlap
11477,后金,1,1.0,single_overlap
11478,Barpeta,0,0.0,no_overlap
11479,Raoyang,1,1.0,single_overlap
11480,Nagarbera,0,0.0,no_overlap
11481,Huilai,1,1.0,single_overlap
11482,Bohori,0,0.0,no_overlap
11483,Zhelin,1,0.95,single_overlap
11484,Kharua,1,1.0,single_overlap
11485,Shangyu District,1,1.0,single_overlap
11486,Goroimari,0,0.0,no_overlap
11487,Yongkang,1,1.0,single_overlap
11488,Nalbari,1,1.0,single_overlap
11489,Cixi,1,1.0,single_overlap
11490,Kamarkuchi,0,0.0,no_overlap
11491,Youxi,1,1.0,single_overlap
11492,Rangia,0,0.0,no_overlap
11494,Azara,1,1.0,single_overlap
11495,Nanma,1,1.0,single_overlap
11496,Baihata,0,0.0,no_overlap
11497,Hexi,1,1.0,single_overlap
11498,Tangla,0,0.0,no_overlap
11499,Hengdian,1,1.0,single_overlap
11500,Guwahati,1,1.0,single_overlap
11501,Zhiying,1,1.0,single_overlap
11502,Udalguri,0,0.0,no_overlap
11503,Yunhe County,1,1.0,single_overlap
11504,Mangaldoi,1,1.0,single_overlap
11505,Xian'an,1,1.0,single_overlap
11506,Kharupetia,1,1.0,single_overlap
11507,Chenghai,1,1.0,single_overlap
11508,Shillong,1,1.0,single_overlap
11509,Nanjing,1,1.0,single_overlap
11510,Nakhola,0,0.0,no_overlap
11511,Lishui,1,1.0,single_overlap
11512,Dhekiajuli,0,0.0,no_overlap
11513,Pinghe,1,1.0,single_overlap
11514,Moirabari,1,0.892018779,single_overlap
11515,Haojiang,1,1.0,single_overlap
11516,Marigaon,1,1.0,single_overlap
11517,Yuyao,1,1.0,single_overlap
11518,Agartala,2,0.990654206,multiple_overlaps
11519,Raoping,1,1.0,single_overlap
11520,Tezpur,1,1.0,single_overlap
11521,Jinyun County,1,1.0,single_overlap
11522,Jowai,1,1.0,single_overlap
11523,彭镇,1,1.0,single_overlap
11524,Nagaon,1,1.0,single_overlap
11525,WenJiancun,1,1.0,single_overlap
11526,Samaguri,0,0.0,no_overlap
11527,Shengshan,1,1.0,single_overlap
11528,Puranigudam,1,0.108108108,single_overlap
11529,Huzhen,1,1.0,single_overlap
11530,Udaipur,1,1.0,single_overlap
11531,Shengzhou,1,1.0,single_overlap
11532,Kaliabor,0,0.0,no_overlap
11533,Gutian,1,1.0,single_overlap
11534,Bishwanath Charaili,1,1.0,single_overlap
11535,Xinchang,1,1.0,single_overlap
11536,Kailashahar,0,0.0,no_overlap
11537,Zhangzhou,2,0.976019185,multiple_overlaps
11538,Hojai,1,0.71875,single_overlap
11539,Hutou,0,0.0,no_overlap
11540,Zakiganj,1,0.92,single_overlap
11541,Zhao'an,1,1.0,single_overlap
11542,Kumarghat,0,0.0,no_overlap
11543,Yangtian,1,1.0,single_overlap
11544,Dharmanagar,1,1.0,single_overlap
11545,Dehua,1,1.0,single_overlap
11546,Lanka,0,0.0,no_overlap
11547,Yunxiao,1,1.0,single_overlap
11548,Itanagar,0,0.0,no_overlap
11549,Cicheng,1,1.0,single_overlap
11550,Badarpur,1,1.0,single_overlap
11551,Yongchun,1,1.0,single_overlap
11552,Hailakandi,1,1.0,single_overlap
11553,Guanqiao,1,0.346153846,single_overlap
11554,Bokakhat,0,0.0,no_overlap
11555,Taishun,1,1.0,single_overlap
11556,Silchar,1,1.0,single_overlap
11557,龙山镇,1,1.0,single_overlap
11558,Lumding,1,1.0,single_overlap
11559,Anxi,1,1.0,single_overlap
11560,Lala,0,0.0,no_overlap
11561,Zhangpu,1,1.0,single_overlap
11562,Haflong,0,0.0,no_overlap
11563,Ningbo,1,0.998087954,single_overlap
11564,Udharbond,0,0.0,no_overlap
11565,Xikou,1,1.0,single_overlap
11566,North Lakhimpur,1,1.0,single_overlap
11567,Xianju County,1,1.0,single_overlap
11568,Pailapool,0,0.0,no_overlap
11569,Zhenhai District,1,1.0,single_overlap
11570,Diphu,1,1.0,single_overlap
11571,Guankou,1,1.0,single_overlap
11572,Kolasib,1,1.0,single_overlap
11573,Tiantai County,1,1.0,single_overlap
11574,Lakhipur,0,0.0,no_overlap
11575,新垵,1,1.0,single_overlap
11576,Golaghat,1,1.0,single_overlap
11577,Fenghua District,1,1.0,single_overlap
11578,Dimapur,1,1.0,single_overlap
11579,Qingtian,1,1.0,single_overlap
11580,Aizawl,1,0.931034483,single_overlap
11581,Luncang,1,1.0,single_overlap
11582,Jorhat,1,1.0,single_overlap
11583,Jiangshan,1,1.0,single_overlap
11584,Dhemaji,0,0.0,no_overlap
11585,Tong'an,1,1.0,single_overlap
11586,Titabor,0,0.0,no_overlap
11587,Wencheng,1,1.0,single_overlap
11588,Silapathar,0,0.0,no_overlap
11589,Fu'an,1,1.0,single_overlap
11590,Sivasagar,0,0.0,no_overlap
11591,Jimei,1,1.0,single_overlap
11592,Dibrugarh,1,1.0,single_overlap
11593,Xiamen City,1,0.994594595,single_overlap
11594,Lunglei,0,0.0,no_overlap
11595,Wenxi,1,1.0,single_overlap
11596,Wokha,1,1.0,single_overlap
11597,Nan'an,1,1.0,single_overlap
11599,Xianyou,1,1.0,single_overlap
11600,Nazira,1,1.0,single_overlap
11601,Meishan,1,1.0,single_overlap
11602,Moranhat,0,0.0,no_overlap
11603,Neicuo,1,1.0,single_overlap
11604,Mokokchung,1,1.0,single_overlap
11605,Minhou,1,1.0,single_overlap
11606,Senapati,1,1.0,single_overlap
11607,Yongtai County,0,0.0,no_overlap
11608,Imphal,1,0.935643564,single_overlap
11609,Luojiang,1,0.95,single_overlap
11610,Churachandpur,1,1.0,single_overlap
11611,Xidian,0,0.0,no_overlap
11612,Tinsukia,1,1.0,single_overlap
11613,Kangmei,1,1.0,single_overlap
11614,Thoubal,1,0.677419355,single_overlap
11615,Beilun District,1,0.971153846,single_overlap
11616,Duliajan,1,1.0,single_overlap
11617,Ningde,1,1.0,single_overlap
11618,Wangjing,1,0.461538462,single_overlap
11619,Xiaducun,1,1.0,single_overlap
11620,Kakching,0,0.0,no_overlap
11621,Fuzhou,1,1.0,single_overlap
11622,Ukhrul,1,1.0,single_overlap
11623,Quanzhou,1,1.0,single_overlap
11624,Digboi,1,1.0,single_overlap
11625,Ninghai County,1,1.0,single_overlap
11626,Margherita,0,0.0,no_overlap
11627,Daishan County,1,1.0,single_overlap
11628,Port Blair,1,0.919354839,single_overlap
11629,Linhai,1,1.0,single_overlap
11630,Wenzhou,1,1.0,single_overlap
11631,Haiyou,1,1.0,single_overlap
11632,Luoyuan,1,1.0,single_overlap
11633,Shuitou,1,1.0,single_overlap
11634,Jiaowei,1,1.0,single_overlap
11635,Dinghai District,1,1.0,single_overlap
11636,Putian,1,0.953642384,single_overlap
11637,Jieshan,2,1.0,multiple_overlaps
11638,Fuding,1,1.0,single_overlap
11639,Xianjiang,1,1.0,single_overlap
11640,Mawei,1,1.0,single_overlap
11641,Lianjiang,1,1.0,single_overlap
11642,Hui'an,1,1.0,single_overlap
11643,Zhoushan,1,1.0,single_overlap
11644,Cangnan,1,1.0,single_overlap
11645,Qingkou,1,1.0,single_overlap
11646,Quangang,1,0.892307692,single_overlap
11647,Baiqi,1,1.0,single_overlap
11648,Huangyan District,1,1.0,single_overlap
11649,Chashan,1,1.0,single_overlap
11650,Xiapu,1,1.0,single_overlap
11651,Longgang,1,1.0,single_overlap
11652,Shenhu,1,1.0,single_overlap
11653,Yueqing,1,1.0,single_overlap
11654,Pingyang,1,1.0,single_overlap
11655,Changle,1,1.0,single_overlap
11656,Putuo District,1,0.959183673,single_overlap
11657,Tingjiang,1,1.0,single_overlap
11658,Yongning,1,1.0,single_overlap
11659,Xiangshan County,1,1.0,single_overlap
11660,Fuqing,1,1.0,single_overlap
11661,Jinshang,1,1.0,single_overlap
11662,Yuanqiao,1,1.0,single_overlap
11663,Dajing,1,1.0,single_overlap
11664,Yishan,1,1.0,single_overlap
11665,Taizhou,1,0.996987952,single_overlap
11666,Chongwu,1,1.0,single_overlap
11667,Hunan,1,1.0,single_overlap
11668,Qianku,1,1.0,single_overlap
11669,Yanpen,1,0.9375,single_overlap
11670,Duqiao,1,1.0,single_overlap
11671,Jiangyin,1,0.225806452,single_overlap
11672,Haikou,1,0.111111111,single_overlap
11673,Shangpan,1,1.0,single_overlap
11674,Jinxiang,1,1.0,single_overlap
11675,Jiangjing,1,1.0,single_overlap
11676,Wenling,1,1.0,single_overlap
11677,Shipu,1,1.0,single_overlap
11678,Damaiyu,1,1.0,single_overlap
11679,Gangtou,1,0.842105263,single_overlap
11680,Chumen,1,0.975609756,single_overlap
11681,Xinhe,1,1.0,single_overlap
11682,Yuhuan,1,0.981481481,single_overlap
11683,Dongtou,1,1.0,single_overlap
11684,Songmen,1,1.0,single_overlap
11685,Shitang,1,0.9375,single_overlap
11686,Pingtan,1,1.0,single_overlap
