ucdb_id,efua_id,overlap_km2,uc_area_share,efua_area_share
3,182,15.0,1.0,0.012274959
5,440,29.0,1.0,0.046698873
6,28,111.0,0.991071429,0.212237094
7,70,9.0,1.0,0.095744681
8,157,19.0,1.0,0.140740741
9,74,8.0,1.0,0.170212766
10,295,15.0,1.0,0.211267606
11,20,21.0,0.777777778,0.677419355
13,136,34.0,1.0,0.059440559
14,137,16.0,1.0,0.158415842
15,49,60.0,1.0,0.352941176
16,36,10.0,0.769230769,0.454545455
17,40,23.0,1.0,0.205357143
18,86,47.0,0.979166667,0.451923077
19,17,108.0,0.981818182,0.526829268
20,22,13.0,1.0,0.240740741
21,347,10.0,1.0,0.178571429
22,76,6.0,0.75,0.5
24,230,17.0,0.944444444,0.653846154
25,30,30.0,0.857142857,0.229007634
26,41,116.0,0.974789916,0.682352941
28,141,44.0,1.0,0.211538462
29,196,109.0,1.0,0.160058737
30,174,154.0,1.0,0.376528117
31,120,43.0,1.0,0.298611111
32,23,77.0,0.93902439,0.314285714
33,72,41.0,1.0,0.376146789
34,162,102.0,1.0,0.324840764
35,144,16.0,0.941176471,0.5
36,181,22.0,1.0,0.265060241
37,71,33.0,0.891891892,0.340206186
38,38,13.0,0.722222222,0.866666667
39,153,276.0,0.996389892,0.711340206
40,66,169.0,0.933701657,0.816425121
41,119,25.0,0.657894737,0.833333333
42,53,22.0,1.0,0.126436782
43,67,69.0,0.831325301,0.884615385
44,143,45.0,0.97826087,0.25862069
45,52,25.0,0.757575758,0.862068966
46,64,29.0,0.935483871,0.537037037
47,156,165.0,0.804878049,0.625
47,475,29.0,0.141463415,0.659090909
48,83,95.0,0.979381443,0.405982906
49,113,35.0,0.813953488,0.972222222
50,98,296.0,0.98013245,0.65631929
52,32,17.0,1.0,0.515151515
53,80,36.0,1.0,0.048979592
54,60,29.0,1.0,0.079889807
55,13,11.0,0.785714286,0.846153846
56,58,42.0,1.0,0.038356164
57,62,16.0,0.941176471,0.592592593
58,231,30.0,1.0,0.384615385
59,87,22.0,0.916666667,0.150684932
60,169,3.0,0.2,1.0
60,2808,2.0,0.133333333,0.4
61,127,6.0,0.75,1.0
62,203,6.0,0.545454545,1.0
63,11,35.0,1.0,0.088832487
64,128,15.0,0.789473684,0.714285714
65,296,25.0,0.961538462,0.008494733
66,131,50.0,1.0,0.059101655
67,44,60.0,1.0,0.112781955
68,103,40.0,1.0,0.037914692
69,29,74.0,1.0,0.211428571
70,85,212.0,1.0,0.12412178
71,161,25.0,0.714285714,0.833333333
72,46,41.0,1.0,0.050931677
74,175,11.0,1.0,0.423076923
75,165,191.0,1.0,0.071993969
76,68,70.0,0.985915493,0.693069307
77,59,28.0,0.736842105,0.736842105
78,33,25.0,0.714285714,0.892857143
79,43,51.0,1.0,0.049707602
80,140,76.0,0.974358974,0.111111111
81,276,108.0,0.939130435,0.3375
82,164,65.0,1.0,0.099388379
83,75,41.0,1.0,0.124620061
85,35,153.0,0.840659341,0.927272727
86,34,24.0,0.96,0.75
87,114,99.0,0.99,0.377862595
88,77,14.0,1.0,0.13592233
89,163,84.0,1.0,0.100840336
90,125,16.0,0.666666667,0.727272727
91,18,28.0,1.0,0.133333333
92,168,3.0,0.214285714,1.0
93,56,23.0,1.0,0.031550069
94,149,102.0,1.0,0.156202144
95,102,37.0,1.0,0.155462185
96,213,12.0,0.923076923,0.705882353
97,159,25.0,1.0,0.16025641
99,54,120.0,0.991735537,0.166666667
101,3,17.0,1.0,0.209876543
102,279,147.0,1.0,0.092278719
103,186,11.0,1.0,0.120879121
104,315,36.0,1.0,0.061643836
105,19,55.0,1.0,0.259433962
106,180,32.0,1.0,0.138528139
107,112,12.0,1.0,0.171428571
108,69,21.0,1.0,0.113513514
109,15,201.0,1.0,0.148668639
110,108,21.0,1.0,0.105
111,152,21.0,0.913043478,0.552631579
112,176,15.0,1.0,0.220588235
113,190,31.0,0.939393939,0.794871795
114,212,27.0,1.0,0.586956522
115,50,54.0,0.931034483,0.6
116,101,103.0,0.936363636,0.647798742
117,191,172.0,0.994219653,0.625454545
118,1131,31.0,1.0,0.5
121,614,38.0,0.542857143,0.88372093
121,751,5.0,0.071428571,1.0
122,330,34.0,1.0,0.390804598
123,187,38.0,1.0,0.290076336
124,178,74.0,1.0,0.678899083
126,118,27.0,0.9,0.039130435
127,312,101.0,1.0,0.284507042
128,84,23.0,1.0,0.167883212
129,167,60.0,1.0,0.226415094
130,97,23.0,1.0,0.370967742
131,88,26.0,1.0,0.388059701
134,151,86.0,1.0,0.301754386
135,91,13.0,0.764705882,0.65
135,2610,1.0,0.058823529,0.125
136,548,27.0,1.0,0.428571429
137,51,11.0,0.846153846,0.846153846
139,6,23.0,1.0,0.310810811
141,90,49.0,1.0,0.171929825
142,9,22.0,1.0,0.392857143
143,5888,21.0,1.0,0.179487179
145,109,20.0,0.714285714,0.952380952
146,188,10.0,1.0,0.625
148,37,32.0,0.888888889,0.592592593
149,429,23.0,1.0,0.02005231
150,124,24.0,0.923076923,0.444444444
151,172,16.0,1.0,0.372093023
152,16,273.0,1.0,0.407462687
153,146,392.0,1.0,0.356363636
156,134,49.0,0.98,0.302469136
157,147,48.0,0.923076923,0.545454545
159,121,135.0,0.992647059,0.256166983
161,135,17.0,0.85,0.566666667
162,426,28.0,0.933333333,0.595744681
163,31,57.0,1.0,0.202846975
165,110,6.0,0.461538462,0.75
167,100,76.0,0.987012987,0.417582418
169,205,28.0,1.0,0.307692308
171,115,7.0,1.0,0.7
172,78,103.0,1.0,0.272486772
173,170,225.0,1.0,0.415896488
174,96,17.0,0.944444444,0.653846154
175,185,17.0,1.0,0.309090909
176,123,134.0,1.0,0.503759398
178,154,437.0,0.997716895,0.686028257
179,7,81.0,1.0,0.278350515
180,142,23.0,1.0,0.676470588
181,94,27.0,1.0,0.003828158
182,770,77.0,0.885057471,0.043113102
183,24,36.0,0.972972973,0.310344828
184,89,33.0,1.0,0.392857143
185,138,23.0,0.821428571,0.333333333
186,173,46.0,1.0,0.58974359
187,133,43.0,0.934782609,0.162264151
189,155,29.0,0.743589744,0.783783784
190,126,71.0,0.934210526,0.676190476
193,182,176.0,0.994350282,0.144026187
194,284,17.0,1.0,0.065891473
195,214,49.0,1.0,0.134246575
196,250,20.0,1.0,0.277777778
197,323,33.0,1.0,0.130434783
198,253,20.0,1.0,0.24691358
199,450,28.0,1.0,0.207407407
200,39,21.0,1.0,0.1
201,304,14.0,0.823529412,0.636363636
202,232,61.0,1.0,0.246963563
203,303,50.0,1.0,0.156739812
204,222,7.0,0.28,1.0
206,264,31.0,1.0,0.413333333
207,347,7.0,1.0,0.125
208,255,16.0,0.941176471,0.592592593
209,390,14.0,1.0,0.56
210,216,51.0,1.0,0.64556962
211,522,72.0,1.0,0.269662921
212,209,291.0,1.0,0.390604027
213,308,309.0,1.0,0.265692175
214,358,208.0,1.0,0.228320527
215,337,53.0,1.0,0.194852941
216,251,38.0,0.926829268,0.567164179
217,465,383.0,1.0,0.217613636
218,344,24.0,0.923076923,0.558139535
220,320,81.0,1.0,0.582733813
221,404,29.0,1.0,0.805555556
222,289,163.0,0.915730337,0.693617021
223,236,18.0,1.0,0.088669951
224,247,10.0,1.0,0.625
225,245,15.0,1.0,0.416666667
226,235,8.0,0.888888889,0.727272727
227,322,22.0,0.916666667,0.709677419
228,275,15.0,1.0,0.789473684
229,286,15.0,0.9375,0.652173913
230,106,12.0,1.0,0.666666667
231,310,425.0,0.997652582,0.26984127
232,218,31.0,1.0,0.382716049
233,259,52.0,1.0,0.04286892
234,204,23.0,0.741935484,0.851851852
235,242,149.0,1.0,0.052930728
236,240,29.0,1.0,0.03452381
237,244,38.0,0.974358974,0.808510638
238,391,13.0,1.0,0.302325581
239,333,19.0,0.59375,1.0
240,365,13.0,0.8125,0.764705882
241,293,5.0,0.454545455,0.833333333
242,514,26.0,1.0,0.020265004
243,294,9.0,1.0,0.5
244,296,676.0,0.998522895,0.229697587
245,131,22.0,1.0,0.026004728
246,388,75.0,1.0,0.091463415
247,215,73.0,0.973333333,0.118122977
248,565,25.0,1.0,0.099601594
249,229,89.0,1.0,0.052016365
250,338,15.0,1.0,0.576923077
252,8,25.0,1.0,0.071022727
255,248,71.0,0.806818182,0.845238095
256,227,19.0,1.0,0.031404959
258,433,463.0,0.995698925,0.37888707
259,2,31.0,0.815789474,0.596153846
260,328,22.0,1.0,0.120218579
261,254,24.0,1.0,0.109090909
262,220,13.0,1.0,0.65
263,256,16.0,1.0,0.054054054
264,532,8.0,1.0,0.615384615
265,327,15.0,1.0,0.027932961
267,519,16.0,1.0,0.246153846
268,626,9.0,0.529411765,1.0
269,239,33.0,1.0,0.054365733
270,374,7.0,0.875,1.0
271,325,59.0,1.0,0.142168675
272,116,31.0,1.0,0.326315789
273,194,32.0,1.0,0.181818182
274,189,11.0,1.0,0.006362059
275,435,84.0,1.0,0.088235294
276,148,64.0,1.0,0.097412481
277,349,12.0,1.0,0.157894737
278,316,62.0,1.0,0.291079812
279,285,16.0,1.0,0.177777778
280,208,70.0,1.0,0.476190476
281,343,21.0,1.0,0.081395349
282,237,22.0,1.0,0.098654709
283,436,16.0,1.0,0.175824176
284,249,39.0,1.0,0.121495327
285,368,49.0,1.0,0.187022901
286,319,9.0,0.818181818,1.0
287,339,25.0,1.0,0.252525253
288,438,15.0,1.0,0.09375
290,503,10.0,0.833333333,0.769230769
291,233,438.0,0.997722096,0.365609349
292,1344,17.0,1.0,0.53125
293,353,12.0,0.857142857,0.12
294,42,60.0,1.0,0.361445783
295,363,138.0,0.978723404,0.638888889
296,883,32.0,0.8,0.581818182
297,341,24.0,0.888888889,0.827586207
298,179,18.0,0.947368421,0.75
299,118,541.0,0.949122807,0.784057971
300,312,43.0,1.0,0.121126761
301,262,46.0,0.958333333,0.208144796
302,274,32.0,1.0,0.213333333
303,331,16.0,1.0,0.179775281
305,446,18.0,0.818181818,0.053254438
306,318,27.0,1.0,0.284210526
307,55,12.0,0.666666667,0.923076923
309,690,22.0,1.0,0.4
310,82,6.0,0.857142857,0.857142857
311,234,5.0,0.384615385,1.0
312,359,194.0,1.0,0.291729323
315,267,90.0,0.967741935,0.625
320,223,11.0,0.785714286,1.0
321,429,19.0,1.0,0.016564952
322,336,17.0,0.944444444,0.586206897
324,183,22.0,0.956521739,0.666666667
325,195,106.0,0.990654206,0.152080344
326,134,22.0,1.0,0.135802469
327,314,24.0,1.0,0.228571429
329,171,5.0,0.833333333,1.0
330,456,26.0,0.928571429,0.604651163
331,712,12.0,1.0,0.146341463
332,217,21.0,1.0,0.338709677
333,414,11.0,1.0,0.785714286
336,367,14.0,1.0,0.358974359
337,117,233.0,0.991489362,0.608355091
339,257,22.0,1.0,0.25
341,348,15.0,1.0,0.441176471
342,273,76.0,1.0,0.271428571
343,291,70.0,1.0,0.229508197
345,154,66.0,1.0,0.103610675
346,198,51.0,0.962264151,0.202380952
347,309,13.0,1.0,0.590909091
348,94,2282.0,1.0,0.323550262
349,770,134.0,1.0,0.075027996
350,24,8.0,0.266666667,0.068965517
351,266,353.0,1.0,0.228626943
352,305,41.0,0.953488372,0.577464789
353,300,124.0,1.0,0.108963093
355,57,77.0,1.0,0.562043796
356,182,17.0,1.0,0.01391162
357,284,66.0,1.0,0.255813953
358,375,648.0,0.998459168,0.404747033
359,407,36.0,1.0,0.235294118
360,476,13.0,1.0,0.144444444
361,409,16.0,1.0,0.14159292
362,594,216.0,1.0,0.244620612
363,224,491.0,1.0,0.272626319
364,458,25.0,1.0,0.187969925
365,392,46.0,1.0,0.15282392
366,601,49.0,1.0,0.104477612
367,225,321.0,1.0,0.328893443
368,383,14.0,1.0,0.482758621
369,421,24.0,1.0,0.303797468
370,498,15.0,1.0,0.3125
371,411,15.0,1.0,0.46875
372,538,10.0,1.0,0.277777778
373,377,54.0,0.964285714,0.701298701
374,521,20.0,1.0,0.689655172
376,462,37.0,1.0,0.142857143
377,509,57.0,1.0,0.333333333
378,488,50.0,1.0,0.409836066
379,747,25.0,1.0,0.657894737
381,474,52.0,1.0,0.634146341
382,395,59.0,1.0,0.153246753
383,405,11.0,1.0,0.846153846
385,403,12.0,0.923076923,0.75
386,729,6.0,0.6,0.857142857
390,281,14.0,0.933333333,0.636363636
391,586,404.0,0.992628993,0.577142857
392,310,51.0,1.0,0.032380952
393,379,13.0,1.0,0.866666667
394,415,301.0,1.0,0.134075724
395,366,146.0,0.858823529,0.85380117
396,400,26.0,1.0,0.138297872
397,402,23.0,0.71875,0.71875
398,398,25.0,1.0,0.039808917
400,484,6.0,0.75,1.0
401,515,26.0,0.962962963,0.8125
403,202,27.0,1.0,0.041731066
405,595,23.0,0.766666667,0.056372549
406,298,82.0,1.0,0.156787763
407,536,73.0,1.0,0.011581786
409,706,19.0,1.0,0.09178744
410,389,64.0,1.0,0.061776062
411,489,15.0,1.0,0.483870968
412,329,38.0,1.0,0.042937853
413,219,10.0,1.0,0.454545455
414,241,178.0,0.908163265,0.820276498
415,199,32.0,1.0,0.086956522
416,387,21.0,1.0,0.085020243
417,461,24.0,1.0,0.084507042
419,410,151.0,1.0,0.096117123
420,718,52.0,1.0,0.251207729
422,412,37.0,1.0,0.054093567
424,483,206.0,0.927927928,0.798449612
425,397,69.0,1.0,0.066091954
426,798,61.0,1.0,0.179941003
427,811,156.0,0.866666667,0.886363636
429,292,96.0,1.0,0.662068966
430,621,22.0,1.0,0.191304348
431,189,693.0,0.997122302,0.400809717
432,356,21.0,1.0,0.344262295
433,580,23.0,1.0,0.14556962
434,643,14.0,1.0,0.113821138
435,469,35.0,1.0,0.064695009
436,441,95.0,1.0,0.224586288
437,494,16.0,1.0,0.181818182
438,370,42.0,1.0,0.344262295
439,406,22.0,1.0,0.066066066
440,470,37.0,1.0,0.116352201
441,518,18.0,1.0,0.15
442,282,101.0,1.0,0.135935397
444,753,5.0,0.555555556,1.0
445,373,11.0,1.0,0.261904762
446,782,40.0,0.952380952,0.740740741
447,233,107.0,1.0,0.089315526
448,353,25.0,1.0,0.25
449,513,6.0,1.0,1.0
450,226,56.0,1.0,0.269230769
451,1444,12.0,0.857142857,0.705882353
452,1123,16.0,0.64,0.727272727
453,342,17.0,0.85,0.586206897
456,312,79.0,1.0,0.222535211
457,419,332.0,0.996996997,0.301270417
458,431,199.0,1.0,0.229262673
459,482,21.0,1.0,0.247058824
461,446,136.0,1.0,0.402366864
462,544,16.0,0.941176471,0.842105263
463,425,20.0,0.869565217,0.769230769
464,472,45.0,0.97826087,0.569620253
465,261,8.0,1.0,0.296296296
467,826,150.0,0.993377483,0.46728972
469,200,66.0,1.0,0.362637363
471,424,53.0,1.0,0.404580153
472,350,58.0,0.983050847,0.585858586
474,45,48.0,0.695652174,0.905660377
475,429,483.0,0.985714286,0.421098518
476,487,17.0,1.0,0.708333333
477,313,13.0,1.0,0.152941176
479,195,110.0,0.982142857,0.157819225
480,455,8.0,0.571428571,0.275862069
480,787,6.0,0.428571429,0.008955224
481,468,56.0,0.933333333,0.54368932
484,600,23.0,1.0,0.244680851
485,712,38.0,0.974358974,0.463414634
487,258,11.0,1.0,0.392857143
489,434,37.0,0.860465116,0.013266404
490,517,8.0,1.0,0.888888889
491,287,20.0,0.714285714,0.689655172
492,413,13.0,0.866666667,0.361111111
493,628,29.0,1.0,0.223076923
494,642,8.0,1.0,0.533333333
495,447,162.0,0.987804878,0.23649635
496,93,12.0,0.545454545,1.0
497,849,32.0,0.914285714,0.507936508
498,360,784.0,1.0,0.263795424
500,94,18.0,1.0,0.002552105
501,491,146.0,1.0,0.263537906
503,459,48.0,1.0,0.24
504,139,7.0,0.636363636,1.0
505,454,64.0,1.0,0.140659341
507,440,289.0,0.982993197,0.465378422
507,2204,5.0,0.017006803,0.001269036
508,525,44.0,0.956521739,0.6875
509,553,12.0,1.0,0.218181818
510,619,37.0,1.0,0.151020408
511,555,211.0,1.0,0.359454855
512,866,19.0,1.0,0.28358209
513,224,45.0,1.0,0.024986119
514,602,73.0,1.0,0.36318408
516,601,66.0,1.0,0.140724947
517,225,10.0,1.0,0.010245902
518,533,37.0,1.0,0.637931034
519,566,1.0,0.071428571,0.001347709
520,641,14.0,1.0,0.666666667
522,680,11.0,1.0,0.239130435
523,527,23.0,1.0,0.450980392
524,664,71.0,1.0,0.676190476
525,665,88.0,1.0,0.455958549
526,652,117.0,1.0,0.235887097
527,879,23.0,1.0,0.280487805
528,638,20.0,0.952380952,0.5
528,3291,1.0,0.047619048,0.023809524
530,685,27.0,1.0,0.154285714
536,437,10.0,1.0,0.769230769
537,586,38.0,0.95,0.054285714
538,310,23.0,1.0,0.014603175
539,529,17.0,0.80952381,0.607142857
540,415,28.0,1.0,0.01247216
541,925,13.0,0.866666667,0.8125
542,825,82.0,1.0,0.080629302
543,691,64.0,0.842105263,0.688172043
545,539,60.0,1.0,0.346820809
546,627,24.0,0.857142857,0.685714286
548,448,180.0,0.810810811,0.891089109
549,514,38.0,1.0,0.029618083
550,865,29.0,1.0,0.012697023
551,296,67.0,0.985294118,0.022765885
552,536,9.0,0.5,0.001427891
553,376,26.0,1.0,0.068783069
554,452,52.0,0.912280702,0.063414634
555,841,14.0,1.0,0.056680162
556,632,26.0,1.0,0.419354839
557,537,45.0,1.0,0.013211979
558,481,84.0,1.0,0.117318436
559,380,17.0,1.0,0.303571429
560,535,263.0,1.0,0.090783569
564,193,90.0,0.918367347,0.535714286
566,851,51.0,1.0,0.326923077
567,556,73.0,1.0,0.168202765
568,480,18.0,1.0,0.033707865
569,558,26.0,1.0,0.038291605
570,763,5.0,0.454545455,1.0
571,928,16.0,1.0,0.140350877
572,687,381.0,1.0,0.124266145
573,758,191.0,1.0,0.158374793
574,507,8.0,1.0,0.205128205
575,189,38.0,1.0,0.021978022
576,500,20.0,1.0,0.076045627
577,612,19.0,1.0,0.072243346
578,853,89.0,1.0,0.104705882
579,441,15.0,1.0,0.035460993
580,1579,6.0,0.857142857,1.0
581,637,12.0,1.0,0.196721311
582,524,116.0,0.950819672,0.748387097
584,663,37.0,1.0,0.286821705
585,552,117.0,1.0,0.105691057
586,750,550.0,1.0,0.198986975
587,661,20.0,1.0,0.100502513
589,885,7.0,0.5,1.0
590,722,23.0,1.0,0.074433657
591,666,121.0,0.991803279,0.461832061
592,1038,36.0,0.87804878,0.631578947
593,393,11.0,1.0,0.323529412
594,504,35.0,0.921052632,0.636363636
595,656,9.0,0.75,1.0
596,386,31.0,1.0,0.258333333
597,1338,275.0,0.961538462,0.569358178
598,1538,24.0,1.0,0.533333333
599,493,41.0,0.911111111,0.759259259
600,492,19.0,0.904761905,0.730769231
601,564,122.0,1.0,0.182361734
602,466,19.0,1.0,0.287878788
603,288,22.0,0.916666667,0.666666667
604,576,38.0,1.0,0.37254902
605,625,18.0,1.0,0.157894737
606,265,80.0,1.0,0.210526316
607,590,42.0,0.913043478,0.79245283
608,686,9.0,0.75,0.9
610,884,41.0,1.0,0.301470588
611,563,59.0,0.907692308,0.686046512
612,394,11.0,0.6875,1.0
613,81,14.0,1.0,0.4
614,362,21.0,1.0,0.5
615,424,6.0,0.260869565,0.045801527
619,146,29.0,1.0,0.026363636
620,630,16.0,1.0,0.275862069
621,346,69.0,0.932432432,0.511111111
622,195,21.0,1.0,0.030129125
623,611,24.0,1.0,0.242424242
624,599,45.0,1.0,0.210280374
626,335,21.0,1.0,0.636363636
627,600,23.0,1.0,0.244680851
628,975,83.0,0.988095238,0.466292135
629,378,21.0,1.0,0.338709677
630,702,10.0,1.0,0.434782609
632,434,1202.0,0.99668325,0.430978845
633,660,12.0,0.8,0.923076923
635,765,43.0,1.0,0.247126437
636,559,27.0,1.0,0.254716981
637,591,92.0,0.989247312,0.322807018
638,778,6.0,1.0,0.375
640,360,38.0,1.0,0.012786003
641,463,12.0,1.0,0.52173913
642,94,48.0,1.0,0.006805615
643,491,35.0,1.0,0.063176895
644,423,41.0,1.0,0.116477273
645,604,352.0,0.980501393,0.463157895
647,454,45.0,1.0,0.098901099
648,345,32.0,1.0,0.041025641
649,440,11.0,1.0,0.017713366
650,375,41.0,1.0,0.025608994
651,695,86.0,1.0,0.287625418
652,888,14.0,1.0,0.006986028
653,697,18.0,1.0,0.151260504
654,992,21.0,1.0,0.190909091
656,741,20.0,1.0,0.277777778
657,682,9.0,1.0,0.264705882
658,740,277.0,1.0,0.290966387
659,225,8.0,1.0,0.008196721
660,812,21.0,0.552631579,0.807692308
661,566,102.0,1.0,0.137466307
662,777,44.0,0.977777778,0.130563798
663,557,6.0,0.857142857,1.0
665,670,25.0,1.0,0.225225225
666,800,292.0,0.996587031,0.335632184
667,801,10.0,1.0,0.344827586
668,509,19.0,1.0,0.111111111
669,1004,14.0,1.0,0.35
670,906,28.0,1.0,0.034912718
671,617,18.0,0.818181818,1.0
672,543,51.0,1.0,0.105809129
673,550,304.0,0.996721311,0.42877292
674,618,7.0,0.777777778,0.875
675,861,3.0,0.15,1.0
676,432,19.0,1.0,0.395833333
677,581,11.0,1.0,0.025581395
678,586,26.0,0.838709677,0.037142857
679,310,33.0,1.0,0.020952381
681,415,28.0,1.0,0.01247216
682,1048,14.0,0.666666667,0.777777778
683,955,309.0,1.0,0.131489362
684,827,12.0,1.0,0.352941176
685,824,57.0,1.0,0.03533788
686,681,10.0,1.0,0.212765957
687,1020,4.0,0.210526316,1.0
688,924,14.0,0.875,0.875
689,657,94.0,1.0,0.051819184
690,593,18.0,0.947368421,0.43902439
691,732,18.0,0.857142857,0.9
692,595,25.0,1.0,0.06127451
693,536,880.0,1.0,0.139616056
694,526,18.0,1.0,0.057507987
695,596,19.0,1.0,0.004447566
696,1600,56.0,1.0,0.016504568
697,768,14.0,1.0,0.56
698,537,300.0,0.993377483,0.088079859
699,624,27.0,1.0,0.036635007
700,673,35.0,1.0,0.555555556
701,361,67.0,1.0,0.076571429
702,678,26.0,1.0,0.054968288
703,744,25.0,1.0,0.073313783
704,355,22.0,0.392857143,1.0
705,381,5.0,0.714285714,1.0
706,399,12.0,0.857142857,1.0
707,979,32.0,1.0,0.395061728
708,700,37.0,1.0,0.065602837
709,623,17.0,1.0,0.052631579
710,833,18.0,1.0,0.058823529
711,895,9.0,0.818181818,1.0
713,545,17.0,1.0,0.042394015
714,650,115.0,1.0,0.305039788
715,758,23.0,1.0,0.01907131
716,351,16.0,1.0,0.533333333
717,779,48.0,1.0,0.134453782
718,725,15.0,1.0,0.241935484
719,1670,17.0,0.894736842,0.85
720,773,98.0,1.0,0.097125867
721,749,19.0,1.0,0.179245283
722,524,11.0,0.846153846,0.070967742
723,693,20.0,1.0,0.09478673
724,799,245.0,1.0,0.154867257
725,750,27.0,1.0,0.009768452
726,797,33.0,1.0,0.12267658
729,722,32.0,1.0,0.103559871
731,1152,22.0,0.814814815,0.88
732,541,19.0,1.0,0.240506329
734,1045,11.0,0.916666667,0.846153846
736,772,37.0,0.804347826,0.725490196
737,1720,17.0,1.0,0.53125
738,262,6.0,0.545454545,0.027149321
738,419,5.0,0.454545455,0.004537205
739,635,27.0,0.72972973,0.692307692
740,466,9.0,1.0,0.136363636
741,444,47.0,0.886792453,0.602564103
742,431,21.0,1.0,0.024193548
743,762,11.0,1.0,0.192982456
744,422,22.0,1.0,0.360655738
746,845,53.0,0.815384615,0.588888889
747,822,6.0,0.545454545,1.0
748,704,24.0,1.0,0.315789474
749,1009,261.0,0.996183206,0.488764045
750,542,43.0,1.0,0.573333333
751,260,26.0,1.0,0.371428571
752,512,20.0,0.952380952,0.298507463
753,501,11.0,0.785714286,0.733333333
755,569,92.0,1.0,0.320557491
757,767,22.0,0.88,0.564102564
759,195,17.0,1.0,0.024390244
760,738,16.0,1.0,0.183908046
761,1,88.0,1.0,0.633093525
762,486,25.0,1.0,0.454545455
764,1091,195.0,0.984848485,0.501285347
765,837,10.0,0.769230769,0.555555556
767,132,13.0,0.722222222,0.619047619
768,434,38.0,1.0,0.013624955
769,1049,100.0,0.518134715,0.418410042
770,443,6.0,0.75,0.666666667
772,897,22.0,1.0,0.203703704
773,447,17.0,1.0,0.024817518
774,910,17.0,1.0,0.26984127
777,271,52.0,1.0,0.137931034
778,902,17.0,1.0,0.116438356
779,568,92.0,1.0,0.2875
781,510,46.0,1.0,0.053864169
782,306,11.0,1.0,0.647058824
783,598,37.0,1.0,0.071428571
784,639,41.0,1.0,0.206030151
786,375,37.0,1.0,0.023110556
787,830,19.0,1.0,0.204301075
788,888,26.0,1.0,0.012974052
789,555,11.0,1.0,0.018739353
790,1106,21.0,1.0,0.355932203
792,818,313.0,0.996815287,0.308070866
793,225,16.0,1.0,0.016393443
794,942,9.0,1.0,0.45
795,566,118.0,1.0,0.15902965
796,1033,16.0,1.0,0.262295082
797,699,31.0,0.632653061,0.794871795
798,816,117.0,1.0,0.245798319
799,806,38.0,1.0,0.083516484
800,930,24.0,1.0,0.461538462
801,931,24.0,1.0,0.4
802,788,54.0,1.0,0.642857143
803,1119,21.0,1.0,0.2
804,906,235.0,0.991561181,0.293017456
805,754,7.0,1.0,0.7
806,543,30.0,0.967741935,0.062240664
807,692,12.0,1.0,0.857142857
808,755,32.0,1.0,0.524590164
810,581,116.0,1.0,0.269767442
812,746,16.0,0.941176471,0.246153846
813,672,54.0,0.981818182,0.635294118
815,1162,8.0,0.533333333,0.8
816,1072,53.0,1.0,0.046737213
818,954,144.0,1.0,0.053691275
819,817,16.0,1.0,0.195121951
820,1245,342.0,0.988439306,0.657692308
822,923,29.0,1.0,0.033218786
823,865,84.0,0.988235294,0.036777583
824,864,8.0,1.0,0.8
825,1427,40.0,1.0,0.030911901
826,815,233.0,0.947154472,0.352496218
826,1064,13.0,0.052845528,0.003984064
827,669,18.0,1.0,0.04851752
828,596,244.0,1.0,0.057116105
829,1600,37.0,1.0,0.010904804
830,1024,13.0,1.0,0.565217391
832,809,255.0,0.910714286,0.708333333
833,814,28.0,1.0,0.050359712
834,511,25.0,1.0,0.054112554
835,1001,15.0,1.0,0.038363171
837,531,32.0,0.864864865,0.888888889
838,1094,176.0,0.983240223,0.497175141
840,964,28.0,1.0,0.006671432
841,1019,8.0,0.666666667,1.0
843,760,22.0,1.0,0.051764706
844,890,22.0,1.0,0.153846154
846,786,14.0,1.0,0.191780822
847,911,13.0,1.0,0.086666667
848,857,18.0,1.0,0.160714286
849,905,15.0,1.0,0.071428571
850,881,19.0,1.0,0.054441261
851,1758,10.0,0.909090909,1.0
852,750,25.0,1.0,0.009044863
854,959,412.0,1.0,0.183437222
855,803,13.0,1.0,0.722222222
856,927,66.0,1.0,0.17232376
858,490,30.0,1.0,0.222222222
859,932,33.0,1.0,0.358695652
860,1364,12.0,0.923076923,0.545454545
861,950,12.0,1.0,0.111111111
862,915,21.0,0.954545455,0.807692308
863,1268,13.0,0.866666667,0.8125
864,904,17.0,0.944444444,0.68
865,705,36.0,1.0,0.126315789
866,1807,18.0,0.947368421,0.620689655
870,716,25.0,0.961538462,0.172413793
872,265,14.0,1.0,0.036842105
873,730,191.0,1.0,0.60443038
874,711,24.0,0.774193548,0.558139535
875,953,3.0,0.428571429,1.0
876,839,78.0,1.0,0.334763948
877,1124,43.0,1.0,0.328244275
879,417,100.0,1.0,0.305810398
882,477,13.0,0.382352941,1.0
883,710,33.0,0.825,0.733333333
885,899,44.0,1.0,0.423076923
886,497,53.0,1.0,0.365517241
889,192,24.0,1.0,0.75
890,629,76.0,0.987012987,0.417582418
891,739,8.0,0.8,1.0
892,846,17.0,1.0,0.236111111
893,966,23.0,1.0,0.172932331
894,528,79.0,1.0,0.25732899
895,597,7.0,0.21875,1.0
896,719,42.0,0.976744186,0.371681416
897,796,10.0,1.0,0.666666667
899,836,23.0,1.0,0.365079365
901,447,6.0,0.352941176,0.008759124
902,1034,16.0,1.0,0.210526316
903,427,40.0,1.0,0.307692308
905,94,14.0,0.933333333,0.001984971
905,271,1.0,0.066666667,0.00265252
906,770,313.0,1.0,0.17525196
907,708,450.0,1.0,0.232198142
908,604,22.0,1.0,0.028947368
909,789,77.0,1.0,0.019125683
912,775,41.0,1.0,0.097387173
913,724,17.0,0.85,0.25
914,934,39.0,1.0,0.098734177
915,960,38.0,0.974358974,0.487179487
916,888,264.0,1.0,0.131736527
917,832,17.0,1.0,0.104938272
918,1218,17.0,1.0,0.246376812
919,818,12.0,1.0,0.011811024
920,1330,7.0,1.0,0.018181818
921,534,25.0,1.0,0.231481481
922,1061,26.0,1.0,0.161490683
923,1148,13.0,1.0,0.342105263
924,834,21.0,0.84,0.446808511
925,946,26.0,1.0,0.366197183
926,806,66.0,1.0,0.145054945
927,1051,25.0,0.961538462,0.490196078
928,919,18.0,1.0,0.14516129
929,1052,42.0,1.0,0.53164557
930,1229,46.0,1.0,0.306666667
931,906,48.0,1.0,0.059850374
932,886,28.0,0.474576271,0.903225806
933,828,40.0,1.0,0.555555556
935,577,19.0,1.0,0.703703704
936,581,24.0,1.0,0.055813953
938,878,19.0,1.0,0.053072626
939,952,67.0,1.0,0.095170455
941,955,22.0,1.0,0.009361702
942,1374,17.0,0.53125,0.85
943,957,44.0,0.977777778,0.463157895
944,1071,31.0,1.0,0.041278296
945,947,178.0,1.0,0.382795699
946,1135,35.0,1.0,0.636363636
947,1047,17.0,1.0,0.944444444
948,733,25.0,0.961538462,0.675675676
949,1160,29.0,1.0,0.012118679
950,1427,43.0,1.0,0.033230294
951,990,13.0,0.866666667,0.866666667
952,945,26.0,1.0,0.076023392
953,805,54.0,1.0,0.064516129
954,1600,106.0,1.0,0.03124079
956,1139,20.0,0.909090909,0.833333333
957,1058,19.0,1.0,0.441860465
958,761,32.0,1.0,0.043956044
959,944,23.0,1.0,0.040852575
960,1116,20.0,1.0,0.063694268
961,654,76.0,1.0,0.077709611
963,674,11.0,0.916666667,0.916666667
964,964,368.0,1.0,0.087681677
965,1207,24.0,1.0,0.4
967,892,51.0,1.0,0.091891892
968,1015,20.0,1.0,0.202020202
969,502,57.0,1.0,0.542857143
970,984,10.0,1.0,0.4
971,1029,13.0,1.0,0.065989848
972,1006,47.0,1.0,0.056220096
974,929,19.0,1.0,0.28358209
975,1189,19.0,1.0,0.093596059
976,933,8.0,1.0,0.888888889
977,1010,10.0,0.833333333,0.909090909
980,1463,13.0,1.0,0.619047619
981,819,8.0,1.0,0.363636364
982,1039,13.0,0.764705882,0.52
983,1371,25.0,0.961538462,0.714285714
985,705,16.0,1.0,0.056140351
986,1890,79.0,1.0,0.54109589
989,850,28.0,1.0,0.264150943
990,860,11.0,0.611111111,1.0
992,567,520.0,1.0,0.325406758
993,988,15.0,0.9375,0.75
994,974,67.0,0.985294118,0.5
995,1070,12.0,0.923076923,0.857142857
997,1234,26.0,1.0,0.01713909
999,562,19.0,1.0,0.441860465
1000,655,18.0,1.0,0.1875
1004,973,42.0,1.0,0.285714286
1005,1023,26.0,1.0,0.276595745
1006,640,66.0,1.0,0.341968912
1007,357,849.0,0.994145199,0.38998622
1008,996,134.0,0.97810219,0.336683417
1009,354,12.0,0.48,1.0
1010,766,36.0,1.0,0.571428571
1012,1313,19.0,1.0,0.487179487
1013,1082,7.0,1.0,1.0
1014,671,18.0,1.0,0.257142857
1015,868,18.0,0.580645161,0.857142857
1016,852,126.0,0.508064516,0.550218341
1016,1208,107.0,0.431451613,0.329230769
1020,965,16.0,1.0,0.301886792
1021,447,57.0,1.0,0.083211679
1022,2207,30.0,0.967741935,0.009110234
1024,877,7.0,1.0,0.875
1025,94,32.0,1.0,0.004537076
1026,770,110.0,1.0,0.061590146
1027,843,388.0,1.0,0.25276873
1028,999,84.0,1.0,0.375
1029,789,493.0,1.0,0.122454049
1030,460,5.0,0.625,1.0
1031,737,80.0,1.0,0.102432778
1032,907,53.0,1.0,0.111344538
1033,856,40.0,0.975609756,0.533333333
1036,888,9.0,1.0,0.004491018
1037,962,27.0,0.931034483,0.223140496
1038,1325,9.0,1.0,0.219512195
1039,949,8.0,1.0,0.137931034
1040,1330,50.0,1.0,0.12987013
1042,1061,9.0,1.0,0.055900621
1043,1257,17.0,1.0,0.25
1044,963,19.0,0.826086957,0.904761905
1045,1065,33.0,1.0,0.358695652
1046,936,11.0,1.0,0.120879121
1047,1165,34.0,1.0,0.641509434
1048,1042,12.0,0.923076923,0.631578947
1049,1166,82.0,1.0,0.468571429
1050,1334,105.0,0.990566038,0.400763359
1051,1145,31.0,0.861111111,0.442857143
1052,1011,11.0,1.0,0.846153846
1053,958,50.0,0.925925926,0.724637681
1054,887,46.0,1.0,0.686567164
1055,717,16.0,0.888888889,0.842105263
1056,581,38.0,0.417582418,0.088372093
1057,858,13.0,0.764705882,0.866666667
1058,1003,323.0,0.99691358,0.217215871
1059,1069,49.0,1.0,0.107929515
1060,808,24.0,0.8,1.0
1061,955,22.0,1.0,0.009361702
1062,1473,45.0,0.957446809,0.918367347
1063,1073,134.0,0.985294118,0.666666667
1064,1185,37.0,0.973684211,0.05393586
1065,1066,32.0,1.0,0.244274809
1066,1348,33.0,0.891891892,0.733333333
1067,1161,67.0,1.0,0.511450382
1068,991,14.0,0.933333333,0.7
1069,1160,327.0,1.0,0.136648558
1070,1427,18.0,1.0,0.013910355
1071,1104,12.0,1.0,0.631578947
1072,815,6.0,0.315789474,0.009077156
1072,1064,13.0,0.684210526,0.003984064
1073,935,68.0,1.0,0.122743682
1074,1309,97.0,0.989795918,0.112790698
1075,1249,54.0,0.964285714,0.435483871
1077,939,18.0,0.9,0.692307692
1078,893,26.0,1.0,0.043993232
1079,1063,25.0,1.0,0.03342246
1081,790,325.0,1.0,0.104703608
1082,506,933.0,0.996794872,0.480680062
1083,810,35.0,0.813953488,0.972222222
1084,964,26.0,1.0,0.006194901
1085,1447,14.0,0.666666667,0.933333333
1086,645,20.0,1.0,0.208333333
1087,1130,20.0,1.0,0.186915888
1088,1315,148.0,0.986666667,0.270072993
1089,1144,22.0,1.0,0.142857143
1091,1050,29.0,1.0,0.162011173
1092,1122,40.0,1.0,0.17699115
1093,1298,36.0,1.0,0.129496403
1094,633,307.0,1.0,0.272888889
1096,1557,16.0,0.941176471,0.5
1097,950,22.0,1.0,0.203703704
1098,1153,23.0,0.958333333,0.766666667
1099,1564,6.0,0.75,1.0
1100,1028,12.0,0.705882353,0.8
1101,419,45.0,1.0,0.040834846
1102,1005,70.0,1.0,0.434782609
1103,771,25.0,0.892857143,0.892857143
1104,1969,8.0,0.571428571,1.0
1106,978,15.0,1.0,0.454545455
1107,987,61.0,0.897058824,0.782051282
1108,707,14.0,1.0,0.208955224
1109,1102,15.0,1.0,0.789473684
1110,1204,31.0,0.688888889,0.58490566
1111,1293,9.0,0.818181818,0.9
1112,1234,689.0,0.989942529,0.454185893
1113,968,14.0,0.777777778,0.7
1114,820,9.0,0.818181818,0.818181818
1115,703,13.0,1.0,0.433333333
1118,620,10.0,0.588235294,1.0
1120,1089,43.0,1.0,0.281045752
1121,1138,123.0,1.0,0.321989529
1122,776,32.0,1.0,0.457142857
1123,357,14.0,0.875,0.006430868
1124,1110,144.0,0.972972973,0.595041322
1126,629,36.0,0.818181818,0.197802198
1127,1112,148.0,0.98013245,0.629787234
1129,1196,36.0,1.0,0.514285714
1130,807,35.0,0.921052632,0.593220339
1133,1163,49.0,1.0,0.256544503
1134,587,44.0,1.0,0.297297297
1135,1021,58.0,1.0,0.255506608
1136,1081,22.0,1.0,0.309859155
1137,863,63.0,1.0,0.335106383
1138,1554,25.0,1.0,0.112107623
1139,572,59.0,1.0,0.424460432
1140,1002,5.0,1.0,0.555555556
1141,94,39.0,1.0,0.005529562
1142,1141,969.0,0.99691358,0.393422655
1143,972,35.0,1.0,0.289256198
1144,1114,36.0,1.0,0.486486486
1145,789,28.0,1.0,0.006954794
1146,605,13.0,0.722222222,0.764705882
1147,869,637.0,0.998432602,0.295044002
1148,1031,80.0,1.0,0.132450331
1149,983,75.0,1.0,0.490196078
1150,1076,16.0,1.0,0.275862069
1151,888,10.0,1.0,0.00499002
1152,1053,30.0,1.0,0.144927536
1153,1078,26.0,1.0,0.265306122
1154,1426,14.0,1.0,0.274509804
1155,1067,43.0,1.0,0.333333333
1156,1431,93.0,0.989361702,0.313131313
1157,677,26.0,1.0,0.292134831
1158,1284,186.0,1.0,0.455882353
1159,1360,10.0,1.0,0.25
1160,1079,14.0,0.285714286,0.933333333
1160,1403,25.0,0.510204082,0.78125
1161,1179,25.0,1.0,0.265957447
1162,1055,151.0,0.993421053,0.191624365
1163,1377,41.0,0.953488372,0.745454545
1164,1156,12.0,1.0,0.387096774
1165,1275,18.0,1.0,0.333333333
1166,1334,13.0,0.565217391,0.049618321
1167,1126,34.0,1.0,0.85
1168,1074,19.0,1.0,0.655172414
1170,721,8.0,0.888888889,0.727272727
1172,1228,19.0,1.0,0.053824363
1173,985,13.0,0.764705882,1.0
1174,1183,19.0,1.0,0.057926829
1175,938,12.0,1.0,0.52173913
1176,955,55.0,0.964912281,0.023404255
1177,1658,7.0,0.5,1.0
1178,1187,11.0,1.0,0.47826087
1179,1294,56.0,1.0,0.077348066
1180,1180,13.0,1.0,0.722222222
1181,1448,14.0,0.933333333,0.666666667
1182,1270,23.0,1.0,0.766666667
1183,865,29.0,0.90625,0.012697023
1184,1372,37.0,1.0,0.016902695
1185,296,86.0,1.0,0.029221882
1186,1064,296.0,1.0,0.090714067
1187,1216,23.0,0.741935484,0.958333333
1188,1054,26.0,1.0,0.089347079
1189,1410,12.0,1.0,0.169014085
1190,1451,14.0,1.0,0.482758621
1191,1172,16.0,1.0,0.5
1192,1017,29.0,1.0,0.06561086
1193,1226,19.0,1.0,0.061688312
1194,1177,81.0,1.0,0.051923077
1195,649,69.0,0.851851852,0.442307692
1198,1541,31.0,1.0,0.775
1199,1240,21.0,1.0,0.145833333
1200,781,47.0,1.0,0.315436242
1201,1416,21.0,1.0,0.552631579
1202,1254,58.0,1.0,0.15890411
1204,1232,21.0,1.0,0.21
1205,1164,54.0,1.0,0.428571429
1206,633,11.0,1.0,0.009777778
1208,1825,48.0,0.979591837,0.533333333
1209,1068,48.0,1.0,0.333333333
1210,1365,28.0,0.903225806,0.823529412
1211,1832,13.0,0.8125,0.866666667
1212,1143,10.0,1.0,0.454545455
1213,564,4.0,0.266666667,0.005979073
1214,1230,34.0,1.0,0.373626374
1218,842,22.0,1.0,0.468085106
1220,1312,76.0,0.844444444,0.703703704
1222,1234,10.0,1.0,0.006591958
1225,838,13.0,1.0,0.361111111
1229,283,27.0,0.794117647,1.0
1230,1203,14.0,1.0,0.777777778
1231,908,29.0,1.0,0.517857143
1232,357,20.0,1.0,0.009186955
1233,1248,86.0,1.0,0.434343434
1234,1221,25.0,0.961538462,0.510204082
1236,1022,183.0,1.0,0.522857143
1238,966,19.0,1.0,0.142857143
1243,727,11.0,0.916666667,0.647058824
1244,1136,24.0,1.0,0.375
1245,1195,10.0,0.769230769,1.0
1246,989,29.0,1.0,0.195945946
1247,2207,50.0,0.819672131,0.015183723
1250,573,38.0,1.0,0.137184116
1251,491,9.0,1.0,0.016245487
1252,1088,80.0,1.0,0.186915888
1253,1224,40.0,1.0,0.243902439
1254,920,104.0,1.0,0.056155508
1255,743,14.0,0.583333333,1.0
1256,1109,105.0,1.0,0.35472973
1257,1146,19.0,1.0,0.098958333
1258,1098,32.0,1.0,0.310679612
1260,1013,11.0,1.0,0.166666667
1261,1192,35.0,1.0,0.135135135
1262,1276,533.0,1.0,0.259873233
1263,1705,15.0,0.882352941,0.681818182
1264,1290,7.0,1.0,0.583333333
1265,1527,10.0,1.0,0.357142857
1266,1387,16.0,0.727272727,0.592592593
1268,1459,294.0,0.996610169,0.345475911
1269,1302,275.0,1.0,0.541338583
1270,1288,17.0,1.0,0.226666667
1271,1055,19.0,1.0,0.024111675
1272,1476,28.0,1.0,0.411764706
1273,1265,16.0,1.0,0.8
1274,1378,14.0,0.875,0.56
1275,1236,11.0,0.916666667,0.6875
1276,1012,36.0,1.0,0.5625
1277,1188,17.0,0.944444444,0.68
1278,854,39.0,1.0,0.302325581
1279,1057,12.0,1.0,0.666666667
1280,1292,16.0,1.0,0.068669528
1281,1099,48.0,0.979591837,0.705882353
1282,955,29.0,1.0,0.012340426
1283,1748,7.0,0.411764706,1.0
1284,1296,469.0,1.0,0.455782313
1285,1397,208.0,1.0,0.096073903
1286,947,10.0,1.0,0.021505376
1287,1542,28.0,0.7,0.875
1288,1373,16.0,0.941176471,0.888888889
1289,865,1199.0,1.0,0.524956217
1290,1269,235.0,1.0,0.126958401
1291,993,17.0,1.0,0.10625
1293,1064,6.0,0.027272727,0.001838799
1293,1178,214.0,0.972727273,0.359060403
1294,1168,32.0,1.0,0.05904059
1295,1508,22.0,1.0,0.147651007
1296,1545,11.0,1.0,0.009743136
1297,1281,11.0,1.0,0.5
1298,1132,45.0,1.0,0.073649755
1299,1433,18.0,1.0,0.047244094
1300,1286,25.0,1.0,0.040849673
1301,785,132.0,0.904109589,0.573913043
1302,940,15.0,0.882352941,0.9375
1303,1080,34.0,1.0,0.050221566
1304,1632,7.0,0.875,0.636363636
1305,1343,40.0,1.0,0.239520958
1306,913,23.0,1.0,0.410714286
1307,1513,14.0,1.0,0.325581395
1308,1357,38.0,1.0,0.038815117
1309,1121,27.0,1.0,0.096085409
1310,1273,63.0,1.0,0.1875
1311,1337,56.0,1.0,0.256880734
1312,769,20.0,1.0,0.169491525
1313,1125,14.0,0.666666667,0.933333333
1314,1738,19.0,1.0,0.558823529
1315,1182,8.0,0.888888889,0.444444444
1316,1464,25.0,1.0,0.568181818
1318,564,16.0,1.0,0.023916293
1320,1435,9.0,1.0,0.118421053
1321,903,10.0,0.3125,1.0
1322,894,15.0,1.0,0.340909091
1323,971,18.0,1.0,0.36
1324,2120,11.0,0.916666667,0.647058824
1325,1101,53.0,0.746478873,0.815384615
1327,1588,13.0,0.866666667,0.866666667
1328,1234,45.0,1.0,0.02966381
1330,1083,9.0,1.0,0.219512195
1335,439,16.0,0.888888889,0.761904762
1336,1311,35.0,1.0,0.406976744
1337,1032,32.0,1.0,0.206451613
1338,651,107.0,0.963963964,0.44214876
1339,1351,62.0,1.0,0.358381503
1340,505,3.0,0.214285714,1.0
1341,1137,14.0,1.0,0.538461538
1342,1222,13.0,0.866666667,0.928571429
1343,1504,30.0,0.967741935,0.6
1344,937,20.0,1.0,0.25974026
1345,994,45.0,1.0,0.45
1346,980,22.0,0.916666667,0.338461538
1347,1375,13.0,1.0,0.371428571
1349,1246,26.0,1.0,0.456140351
1350,1304,10.0,1.0,0.285714286
1351,1103,227.0,1.0,0.438223938
1352,1645,17.0,1.0,0.377777778
1354,1227,7.0,1.0,0.538461538
1355,94,35.0,1.0,0.004962427
1356,770,52.0,1.0,0.029115342
1357,1202,38.0,1.0,0.10298103
1358,1331,48.0,0.941176471,0.533333333
1359,1043,47.0,1.0,0.081034483
1360,875,69.0,0.958333333,0.475862069
1361,1031,34.0,1.0,0.056291391
1362,1211,161.0,1.0,0.281961471
1363,1299,17.0,0.944444444,0.34
1364,1128,15.0,1.0,0.144230769
1365,1301,163.0,1.0,0.189095128
1366,1478,48.0,1.0,0.103225806
1367,1393,11.0,1.0,0.144736842
1368,1709,24.0,0.827586207,0.406779661
1369,1486,12.0,0.8,1.0
1370,813,36.0,1.0,0.387096774
1371,1553,13.0,1.0,0.216666667
1372,1193,34.0,0.971428571,0.472222222
1373,1391,21.0,1.0,0.22826087
1374,1169,40.0,0.930232558,0.305343511
1375,1570,303.0,1.0,0.370869033
1376,1368,13.0,1.0,0.196969697
1377,1477,272.0,1.0,0.600441501
1378,1341,24.0,1.0,0.8
1379,1127,26.0,1.0,0.604651163
1380,1297,15.0,1.0,0.5
1381,981,7.0,1.0,0.4375
1382,1171,9.0,0.642857143,1.0
1383,1395,14.0,1.0,0.060869565
1384,1212,6.0,1.0,0.315789474
1385,1681,44.0,1.0,0.107317073
1387,1399,21.0,1.0,0.567567568
1388,1496,58.0,1.0,0.035846724
1389,1289,22.0,0.956521739,0.289473684
1390,1633,12.0,0.923076923,0.666666667
1391,1472,11.0,0.916666667,0.785714286
1393,1372,86.0,1.0,0.039287346
1394,1326,60.0,1.0,0.123966942
1395,1323,11.0,0.846153846,0.846153846
1396,1064,274.0,1.0,0.083971805
1397,1168,12.0,0.545454545,0.022140221
1398,1690,66.0,1.0,0.240875912
1399,1545,487.0,0.99795082,0.431355182
1400,1384,82.0,1.0,0.436170213
1402,1529,168.0,1.0,0.066587396
1403,506,32.0,1.0,0.016486347
1404,1389,45.0,1.0,0.043144775
1406,1194,37.0,1.0,0.051532033
1408,1443,14.0,1.0,0.12962963
1409,1231,46.0,1.0,0.091633466
1410,1550,38.0,1.0,0.07480315
1411,1605,24.0,1.0,0.32
1412,1037,24.0,1.0,0.558139535
1413,1376,29.0,1.0,0.112840467
1414,1437,49.0,1.0,0.368421053
1415,901,45.0,1.0,0.231958763
1416,1235,11.0,0.578947368,1.0
1417,1907,25.0,1.0,0.555555556
1418,1586,27.0,1.0,0.129807692
1419,1558,597.0,0.990049751,0.392504931
1420,419,19.0,1.0,0.017241379
1421,1253,32.0,0.96969697,0.695652174
1422,1335,6.0,0.545454545,0.012552301
1424,1018,29.0,1.0,0.022870662
1427,1214,15.0,0.681818182,0.882352941
1430,1084,24.0,1.0,0.052980132
1431,1234,15.0,1.0,0.009887937
1432,967,164.0,1.0,0.183856502
1437,1147,34.0,0.971428571,0.382022472
1438,787,17.0,0.772727273,0.025373134
1440,648,19.0,0.904761905,0.59375
1441,1247,17.0,1.0,0.68
1442,1430,11.0,1.0,0.423076923
1444,1056,51.0,1.0,0.314814815
1445,1108,35.0,0.853658537,0.875
1446,1095,273.0,1.0,0.345132743
1447,1474,23.0,1.0,0.205357143
1448,859,8.0,1.0,0.216216216
1449,1349,21.0,0.396226415,0.073943662
1450,1405,17.0,1.0,0.346938776
1451,1215,26.0,1.0,0.376811594
1452,2207,34.0,1.0,0.010324932
1455,94,21.0,1.0,0.002977456
1456,1547,14.0,1.0,0.186666667
1457,1310,37.0,1.0,0.090686275
1458,1528,27.0,1.0,0.209302326
1459,1266,121.0,0.96031746,0.01449449
1460,1000,27.0,0.771428571,0.9
1461,1255,1611.0,0.998141264,0.398959881
1462,1318,55.0,1.0,0.404411765
1463,1401,15.0,1.0,0.211267606
1464,1238,32.0,1.0,0.092753623
1465,1402,13.0,1.0,0.224137931
1467,1492,16.0,1.0,0.271186441
1468,1796,30.0,0.967741935,0.166666667
1469,1580,7.0,1.0,0.636363636
1470,943,15.0,1.0,0.245901639
1471,1644,25.0,1.0,0.423728814
1472,1502,6.0,1.0,0.75
1473,1674,30.0,1.0,0.018963338
1474,1278,13.0,1.0,0.102362205
1475,1570,11.0,0.733333333,0.013463892
1476,1467,170.0,1.0,0.146678171
1477,1571,23.0,1.0,0.5
1478,1441,24.0,1.0,0.705882353
1480,1400,25.0,1.0,0.595238095
1481,1096,12.0,1.0,0.5
1482,1280,56.0,0.965517241,0.577319588
1483,1494,16.0,1.0,0.136752137
1485,1769,22.0,1.0,0.046511628
1486,1498,16.0,1.0,0.727272727
1487,1834,487.0,0.983838384,0.536343612
1488,1589,34.0,1.0,0.05238829
1489,1392,21.0,1.0,0.512195122
1490,1723,15.0,0.789473684,0.714285714
1491,1566,15.0,0.9375,0.833333333
1492,1105,12.0,1.0,0.413793103
1493,1160,18.0,1.0,0.007521939
1494,296,19.0,1.0,0.006455997
1495,536,24.0,1.0,0.003807711
1497,1479,20.0,1.0,0.007727975
1498,1600,785.0,1.0,0.23135868
1499,1726,21.0,1.0,0.65625
1500,1483,16.0,0.941176471,0.470588235
1501,1242,37.0,1.0,0.044632087
1502,1621,12.0,1.0,0.0433213
1503,506,12.0,1.0,0.00618238
1504,1488,17.0,1.0,0.049853372
1505,1059,10.0,1.0,0.625
1507,1303,33.0,1.0,0.055
1508,1537,43.0,1.0,0.125730994
1509,1336,27.0,1.0,0.069230769
1510,1151,32.0,0.96969697,0.581818182
1511,1641,35.0,1.0,0.081585082
1512,1695,20.0,1.0,0.3125
1513,1475,76.0,1.0,0.422222222
1514,1532,39.0,1.0,0.481481481
1515,1025,54.0,1.0,0.435483871
1517,1986,357.0,0.991666667,0.480484522
1518,1394,17.0,0.944444444,0.447368421
1519,1558,46.0,0.696969697,0.030243261
1520,419,8.0,1.0,0.007259528
1521,1335,177.0,1.0,0.370292887
1522,1549,12.0,1.0,0.5
1523,1027,18.0,0.473684211,0.947368421
1524,1018,11.0,1.0,0.008675079
1526,2194,15.0,0.625,1.0
1527,1422,8.0,0.8,0.888888889
1529,1781,97.0,0.932692308,0.54494382
1530,1084,153.0,1.0,0.337748344
1531,1625,233.0,1.0,0.279041916
1532,1197,7.0,1.0,0.5
1533,921,10.0,1.0,0.294117647
1537,787,206.0,1.0,0.307462687
1538,1412,73.0,0.973333333,0.646017699
1541,1350,20.0,0.952380952,0.350877193
1542,1526,13.0,0.65,0.619047619
1544,1170,38.0,1.0,0.314049587
1545,1220,47.0,0.979166667,0.191056911
1546,1095,21.0,1.0,0.026548673
1548,986,14.0,1.0,0.189189189
1549,1349,8.0,0.888888889,0.028169014
1550,1503,14.0,1.0,0.325581395
1551,1554,51.0,0.894736842,0.228699552
1552,1322,18.0,0.6,0.005431503
1553,713,32.0,0.914285714,0.761904762
1554,1333,11.0,0.916666667,1.0
1555,94,37.0,1.0,0.005245995
1556,1141,41.0,1.0,0.016646366
1557,708,36.0,1.0,0.018575851
1559,1266,76.0,1.0,0.009103977
1560,1642,30.0,1.0,0.002882675
1561,1419,22.0,1.0,0.55
1562,1500,12.0,0.857142857,0.444444444
1563,1501,51.0,1.0,0.356643357
1564,1572,435.0,1.0,0.154474432
1565,1492,18.0,1.0,0.305084746
1566,1796,23.0,0.821428571,0.127777778
1568,1062,20.0,1.0,0.377358491
1569,1821,63.0,0.969230769,0.302884615
1571,1583,25.0,1.0,0.396825397
1572,1381,13.0,1.0,0.134020619
1573,1561,8.0,0.444444444,0.5
1573,1661,10.0,0.555555556,0.555555556
1574,1742,55.0,1.0,0.352564103
1575,1662,16.0,1.0,0.666666667
1576,1535,41.0,1.0,0.602941176
1578,1209,40.0,1.0,0.333333333
1580,1319,64.0,0.941176471,0.790123457
1581,1587,21.0,0.913043478,0.13125
1582,1854,31.0,1.0,0.028362306
1583,1591,43.0,1.0,0.589041096
1584,1914,4.0,0.307692308,1.0
1585,1680,53.0,1.0,0.043874172
1586,1491,12.0,1.0,0.461538462
1588,1657,424.0,0.885177453,0.813819578
1589,1217,174.0,1.0,0.427518428
1590,1427,308.0,1.0,0.238021638
1591,1565,23.0,1.0,0.036507937
1592,1287,41.0,1.0,0.04939759
1594,1380,37.0,1.0,0.053545586
1595,1778,25.0,1.0,0.072463768
1596,1813,58.0,0.950819672,0.597938144
1597,1577,13.0,1.0,0.232142857
1598,1345,27.0,1.0,0.080597015
1599,1711,118.0,1.0,0.053490481
1600,506,10.0,1.0,0.005151984
1601,1173,21.0,0.7,1.0
1602,1722,7.0,1.0,0.466666667
1603,1404,42.0,1.0,0.049008168
1604,1629,13.0,1.0,0.12745098
1606,1260,22.0,1.0,0.733333333
1607,1731,64.0,1.0,0.079701121
1608,1783,38.0,0.95,0.330434783
1609,1569,75.0,1.0,0.185185185
1611,1624,45.0,1.0,0.114503817
1613,1986,20.0,0.909090909,0.0269179
1614,1586,38.0,1.0,0.182692308
1615,2137,17.0,0.739130435,0.739130435
1616,419,24.0,1.0,0.021778584
1618,1817,30.0,0.625,0.857142857
1619,1018,270.0,1.0,0.212933754
1621,1142,15.0,0.75,0.789473684
1623,1519,23.0,0.605263158,0.958333333
1624,2009,4.0,0.5,1.0
1625,2022,19.0,0.431818182,0.575757576
1627,1625,47.0,1.0,0.056287425
1628,1306,25.0,1.0,0.390625
1629,1044,13.0,1.0,0.325
1633,787,13.0,0.619047619,0.019402985
1634,1510,163.0,1.0,0.309297913
1635,1359,67.0,1.0,0.416149068
1637,1350,1.0,0.045454545,0.01754386
1640,1382,11.0,0.916666667,0.34375
1641,1327,16.0,0.941176471,0.761904762
1642,1095,29.0,1.0,0.036662453
1643,1049,16.0,1.0,0.066945607
1644,1100,9.0,0.692307692,0.9
1645,1349,124.0,1.0,0.436619718
1646,1596,607.0,1.0,0.352292513
1647,1822,63.0,1.0,0.336898396
1648,1322,1340.0,1.0,0.404345202
1650,1434,28.0,1.0,0.459016393
1651,1206,12.0,1.0,0.014906832
1652,1728,77.0,1.0,0.187347932
1653,1509,28.0,1.0,0.119148936
1655,1266,27.0,1.0,0.003234308
1656,1255,38.0,1.0,0.009410599
1657,1516,43.0,1.0,0.307142857
1658,1684,8.0,1.0,0.666666667
1659,1594,13.0,1.0,0.216666667
1660,1572,36.0,1.0,0.012784091
1661,1676,23.0,1.0,0.134502924
1662,1959,9.0,0.9,0.1875
1663,1671,6.0,1.0,0.75
1664,1176,51.0,1.0,0.329032258
1665,1734,34.0,1.0,0.136
1666,1595,3.0,1.0,1.0
1667,1674,483.0,1.0,0.305309735
1668,1480,102.0,1.0,0.232876712
1669,1652,15.0,1.0,0.384615385
1670,1750,14.0,0.777777778,0.933333333
1671,1717,7.0,1.0,0.583333333
1672,1499,17.0,1.0,0.386363636
1673,1317,9.0,1.0,0.25
1674,1383,8.0,1.0,1.0
1676,1931,28.0,0.965517241,0.097560976
1677,1934,22.0,1.0,0.043912176
1678,1296,23.0,1.0,0.022351798
1679,2217,26.0,0.838709677,1.0
1680,1584,11.0,1.0,0.44
1681,1768,85.0,0.988372093,0.076233184
1682,1245,3.0,0.130434783,0.005769231
1684,1324,16.0,1.0,0.5
1685,1524,55.0,1.0,0.093856655
1686,1372,1.0,0.05,0.00045683
1687,1064,21.0,1.0,0.006435795
1688,1613,9.0,0.818181818,0.642857143
1689,1479,187.0,1.0,0.072256569
1690,1863,36.0,1.0,0.153846154
1691,1974,80.0,1.0,0.384615385
1692,1668,60.0,1.0,0.545454545
1693,1445,339.0,1.0,0.133675079
1694,1798,18.0,1.0,0.04556962
1695,1041,63.0,0.926470588,0.538461538
1696,1282,18.0,0.642857143,0.857142857
1697,1809,17.0,0.80952381,0.80952381
1698,1436,18.0,1.0,0.102857143
1699,1363,41.0,1.0,0.50617284
1700,1818,24.0,1.0,0.065395095
1701,1569,15.0,1.0,0.037037037
1704,1714,76.0,1.0,0.187192118
1706,1677,28.0,0.8,0.528301887
1707,2211,40.0,0.952380952,0.571428571
1708,564,5.0,0.333333333,0.007473842
1711,1899,780.0,0.962962963,0.724233983
1712,1252,34.0,0.871794872,0.85
1713,1087,18.0,1.0,0.36
1715,1611,14.0,0.933333333,0.538461538
1716,2158,4.0,0.666666667,1.0
1717,2171,563.0,0.941471572,0.655413271
1718,1599,11.0,1.0,0.523809524
1719,1802,98.0,1.0,0.217777778
1720,1407,11.0,1.0,0.211538462
1721,1158,14.0,1.0,0.269230769
1725,918,12.0,1.0,0.244897959
1726,1256,37.0,0.880952381,0.202185792
1727,1692,21.0,0.84,0.182608696
1728,784,11.0,0.647058824,0.6875
1731,1775,16.0,0.888888889,0.842105263
1732,1481,18.0,1.0,0.367346939
1733,1220,28.0,0.965517241,0.113821138
1734,1696,17.0,0.85,0.22972973
1737,1449,34.0,1.0,0.207317073
1738,1596,17.0,1.0,0.009866512
1739,2207,20.0,1.0,0.006073489
1740,1322,50.0,0.909090909,0.015087508
1741,976,348.0,0.983050847,0.483333333
1742,1530,6.0,1.0,1.0
1743,1206,80.0,1.0,0.099378882
1744,1815,202.0,1.0,0.282517483
1746,1528,31.0,1.0,0.240310078
1747,1266,1611.0,1.0,0.192980355
1748,1642,27.0,1.0,0.002594408
1749,1608,53.0,1.0,0.126794258
1750,1772,7.0,1.0,0.777777778
1752,1764,14.0,1.0,0.4375
1753,1663,91.0,1.0,0.126388889
1754,2035,17.0,1.0,0.274193548
1755,1759,27.0,0.964285714,0.465517241
1756,1285,17.0,1.0,0.5
1757,1903,41.0,0.976190476,0.244047619
1758,1685,6.0,0.857142857,1.0
1759,1762,31.0,1.0,0.3875
1760,1480,21.0,1.0,0.047945205
1761,1829,33.0,1.0,0.305555556
1762,1836,17.0,1.0,0.361702128
1763,1967,144.0,0.894409938,0.905660377
1765,1418,11.0,1.0,0.20754717
1767,1587,10.0,0.909090909,0.0625
1768,1420,44.0,0.936170213,0.897959184
1769,2011,23.0,1.0,0.09623431
1771,2357,16.0,0.941176471,0.941176471
1772,1675,44.0,1.0,0.20754717
1773,1853,27.0,1.0,0.034482759
1774,1810,8.0,0.888888889,0.888888889
1775,1833,8.0,1.0,1.0
1776,1425,9.0,1.0,0.5625
1777,1427,20.0,1.0,0.015455951
1778,1656,126.0,1.0,0.046494465
1779,536,254.0,1.0,0.040298271
1781,1479,30.0,1.0,0.011591963
1782,1943,177.0,1.0,0.158176944
1783,2049,124.0,1.0,0.379204893
1784,1756,12.0,1.0,0.6
1785,1445,21.0,1.0,0.008280757
1786,1882,11.0,1.0,0.031339031
1790,1531,28.0,1.0,0.080691643
1792,1900,57.0,1.0,0.198606272
1795,1801,22.0,1.0,0.038938053
1796,2061,115.0,0.982905983,0.537383178
1797,1765,17.0,1.0,0.246376812
1798,1085,34.0,1.0,0.155963303
1799,1133,243.0,1.0,0.234555985
1801,1355,14.0,0.518518519,1.0
1802,567,8.0,0.888888889,0.005006258
1804,1701,23.0,0.793103448,0.958333333
1806,2171,16.0,0.941176471,0.01862631
1807,1689,37.0,1.0,0.234177215
1808,1886,93.0,1.0,0.418918919
1809,1598,26.0,1.0,0.325
1810,1267,16.0,1.0,0.666666667
1812,757,16.0,0.533333333,1.0
1813,583,9.0,0.6,1.0
1815,1359,3.0,0.136363636,0.01863354
1816,1780,63.0,1.0,0.215017065
1820,1940,9.0,0.9,0.473684211
1821,1575,10.0,1.0,0.277777778
1822,1525,346.0,0.988571429,0.709016393
1823,1696,25.0,0.892857143,0.337837838
1825,1320,20.0,0.952380952,0.454545455
1826,1543,19.0,1.0,0.220930233
1827,1774,13.0,1.0,0.168831169
1828,2207,31.0,0.775,0.009413908
1829,1322,3.0,0.2,0.00090525
1830,1622,14.0,1.0,0.388888889
1831,1314,24.0,1.0,0.177777778
1832,1897,47.0,1.0,0.043198529
1833,708,46.0,1.0,0.02373581
1834,1620,53.0,1.0,0.190647482
1835,1266,23.0,1.0,0.002755151
1836,1732,25.0,1.0,0.085616438
1837,1698,23.0,1.0,0.396551724
1838,1857,21.0,1.0,0.085714286
1840,1849,12.0,1.0,0.1875
1841,1751,114.0,1.0,0.100795756
1842,2110,25.0,1.0,0.257731959
1843,1844,13.0,1.0,0.166666667
1844,1388,13.0,1.0,0.351351351
1845,2057,13.0,1.0,0.203125
1846,1773,4.0,0.571428571,1.0
1847,1847,37.0,1.0,0.228395062
1848,1574,37.0,0.973684211,0.389473684
1849,1911,23.0,0.958333333,0.298701299
1850,1916,26.0,1.0,0.634146341
1851,2118,8.0,0.727272727,1.0
1853,1515,124.0,1.0,0.30617284
1854,1482,9.0,1.0,0.473684211
1855,1931,32.0,1.0,0.111498258
1856,1517,16.0,1.0,0.941176471
1857,2086,19.0,0.95,0.012361744
1858,1682,14.0,0.875,0.7
1859,2425,13.0,0.541666667,1.0
1860,1763,14.0,1.0,0.4
1861,1933,47.0,1.0,0.033286119
1864,1522,21.0,1.0,0.488372093
1865,1706,25.0,1.0,0.081433225
1866,1656,13.0,1.0,0.004797048
1867,536,50.0,1.0,0.00793273
1869,1752,28.0,1.0,0.112
1870,2019,65.0,1.0,0.166666667
1871,2049,17.0,1.0,0.051987768
1872,1842,12.0,1.0,0.631578947
1873,1445,55.0,1.0,0.021687697
1874,1961,55.0,1.0,0.044035228
1875,1155,8.0,1.0,0.2
1876,1385,455.0,0.934291581,0.769881557
1877,2047,14.0,1.0,0.823529412
1878,1623,43.0,1.0,0.06595092
1879,1979,56.0,1.0,0.088607595
1880,1647,20.0,1.0,0.031347962
1881,1140,15.0,1.0,0.176470588
1883,1885,77.0,1.0,0.34529148
1884,2136,38.0,1.0,0.527777778
1885,1850,18.0,1.0,0.666666667
1886,564,15.0,1.0,0.022421525
1888,1454,12.0,0.75,1.0
1890,2202,32.0,0.96969697,0.711111111
1892,1789,39.0,0.393939394,1.0
1892,1952,40.0,0.404040404,0.869565217
1893,2303,9.0,0.75,1.0
1894,2171,20.0,1.0,0.023282887
1895,1689,11.0,1.0,0.069620253
1896,1965,53.0,0.913793103,0.441666667
1897,1688,23.0,1.0,0.273809524
1898,1370,22.0,1.0,0.205607477
1900,889,59.0,0.702380952,0.967213115
1901,723,5.0,1.0,0.011160714
1902,1458,71.0,0.986111111,0.467105263
1903,1780,14.0,0.933333333,0.04778157
1907,2239,14.0,1.0,0.079096045
1908,1666,46.0,0.92,0.442307692
1910,1784,21.0,1.0,0.223404255
1912,1213,4.0,0.571428571,1.0
1914,1774,2.0,0.166666667,0.025974026
1915,2207,23.0,0.958333333,0.006984513
1916,1322,39.0,1.0,0.011768256
1917,1712,7.0,0.875,0.777777778
1918,1415,41.0,1.0,0.138047138
1919,1897,372.0,1.0,0.341911765
1920,1691,72.0,1.0,0.209302326
1921,1797,14.0,1.0,0.012974977
1922,1369,1.0,0.047619048,0.003610108
1922,1468,20.0,0.952380952,0.110497238
1923,1642,47.0,1.0,0.004516191
1924,1786,162.0,1.0,0.576512456
1925,1937,24.0,1.0,0.129032258
1927,2184,11.0,1.0,0.215686275
1929,1924,11.0,0.916666667,0.785714286
1930,1487,27.0,1.0,0.391304348
1931,2206,33.0,1.0,0.094555874
1932,1858,4.0,0.666666667,0.666666667
1933,1927,25.0,1.0,0.316455696
1934,1480,14.0,1.0,0.03196347
1935,1990,97.0,1.0,0.259358289
1936,1995,18.0,1.0,0.642857143
1937,2192,13.0,0.866666667,0.8125
1938,1683,46.0,0.958333333,0.647887324
1939,1607,12.0,1.0,0.461538462
1940,1576,34.0,1.0,0.485714286
1941,2008,36.0,1.0,0.038668099
1942,1609,9.0,1.0,0.5625
1943,2086,113.0,1.0,0.073519844
1944,1770,10.0,1.0,0.714285714
1945,2491,8.0,0.533333333,1.0
1946,1848,22.0,1.0,0.261904762
1947,2010,31.0,1.0,0.023846154
1949,1992,132.0,0.88590604,0.76744186
1950,1614,59.0,0.967213115,0.842857143
1951,1793,115.0,1.0,0.110683349
1952,1846,29.0,1.0,0.031590414
1953,1703,6.0,0.857142857,0.857142857
1954,1918,17.0,1.0,0.03640257
1955,2094,29.0,1.0,0.095081967
1956,2270,24.0,1.0,0.6
1957,1922,23.0,0.958333333,0.383333333
1959,2037,12.0,1.0,0.008135593
1960,1367,19.0,0.95,0.475
1963,1713,21.0,1.0,0.054404145
1964,2054,23.0,1.0,0.176923077
1965,1647,29.0,1.0,0.045454545
1968,1801,27.0,1.0,0.047787611
1969,2210,72.0,0.972972973,0.774193548
1970,1930,19.0,1.0,0.316666667
1971,1308,24.0,0.96,0.444444444
1972,1018,10.0,1.0,0.007886435
1973,1548,37.0,0.860465116,0.804347826
1974,2274,8.0,0.727272727,0.333333333
1976,1873,21.0,1.0,0.512195122
1977,2372,9.0,0.75,1.0
1978,2245,19.0,1.0,0.5
1980,2190,17.0,1.0,0.566666667
1981,1776,15.0,1.0,0.535714286
1982,1469,19.0,0.95,0.38
1985,723,353.0,0.798642534,0.787946429
1985,982,6.0,0.013574661,1.0
1987,1552,27.0,1.0,0.473684211
1989,1450,19.0,1.0,0.730769231
1990,1708,18.0,1.0,0.333333333
1991,2091,168.0,1.0,0.417910448
1994,1868,10.0,1.0,0.277777778
1995,1659,10.0,0.909090909,0.526315789
1996,1421,10.0,1.0,0.277777778
1997,1634,16.0,1.0,0.301886792
1998,1596,16.0,1.0,0.009286129
1999,2207,897.0,0.96972973,0.272395991
2000,1322,18.0,1.0,0.005431503
2001,1883,6.0,1.0,1.0
2002,1512,73.0,0.83908046,0.215976331
2003,1897,45.0,1.0,0.041360294
2004,1779,58.0,0.950819672,0.235772358
2005,1797,303.0,0.983766234,0.28081557
2006,1562,108.0,1.0,0.189473684
2007,1642,4498.0,1.0,0.43220909
2008,1870,65.0,1.0,0.176630435
2009,2013,25.0,1.0,0.324675325
2010,2006,32.0,0.96969697,0.351648352
2011,2257,10.0,1.0,0.097087379
2012,2002,20.0,1.0,0.256410256
2013,1837,287.0,1.0,0.102904267
2014,1581,19.0,1.0,0.256756757
2015,2278,70.0,1.0,0.185676393
2016,1938,5.0,0.714285714,1.0
2017,1665,18.0,1.0,0.260869565
2018,2065,42.0,1.0,0.302158273
2019,2070,36.0,1.0,0.705882353
2020,2265,10.0,0.833333333,1.0
2021,1592,8.0,1.0,0.727272727
2022,1785,30.0,0.9375,0.032786885
2023,1667,15.0,1.0,0.576923077
2024,2008,80.0,1.0,0.085929108
2025,1699,18.0,0.818181818,0.75
2026,2160,25.0,1.0,0.042301184
2027,1855,1.0,0.071428571,0.006289308
2028,2748,7.0,0.636363636,0.875
2029,1928,26.0,1.0,0.279569892
2030,2085,80.0,1.0,0.0498132
2031,1913,79.0,1.0,0.759615385
2032,865,81.0,1.0,0.035464098
2033,1877,62.0,1.0,0.092261905
2034,1761,76.0,1.0,0.081023454
2036,2168,27.0,1.0,0.11440678
2037,2198,16.0,1.0,0.551724138
2038,2075,24.0,1.0,0.631578947
2039,2037,59.0,1.0,0.04
2040,1367,14.0,0.7,0.35
2041,1578,5.0,1.0,0.714285714
2042,2196,5.0,0.714285714,0.833333333
2043,1800,17.0,1.0,0.092391304
2044,2129,69.0,1.0,0.077878104
2045,1647,217.0,1.0,0.340125392
2046,1250,14.0,1.0,0.078212291
2047,1340,84.0,0.807692308,1.0
2048,1801,16.0,1.0,0.028318584
2049,2282,32.0,0.8,0.744186047
2050,2007,8.0,0.615384615,0.470588235
2052,1243,45.0,1.0,0.210280374
2053,1639,162.0,0.925714286,0.704347826
2054,2343,5.0,0.625,0.048543689
2057,2440,31.0,0.96875,0.885714286
2058,2171,20.0,0.833333333,0.023282887
2060,1861,25.0,1.0,0.490196078
2061,2535,15.0,1.0,0.241935484
2062,1744,141.0,0.972413793,0.116528926
2064,1014,6.0,0.75,0.857142857
2065,1097,5.0,0.454545455,1.0
2066,1865,67.0,0.943661972,0.8375
2067,1733,25.0,1.0,0.138121547
2070,1795,10.0,1.0,0.416666667
2072,1754,47.0,0.979166667,0.307189542
2074,1948,52.0,0.928571429,0.472727273
2076,1518,19.0,1.0,0.306451613
2077,1724,62.0,1.0,0.274336283
2078,2015,15.0,0.9375,0.220588235
2079,2207,102.0,1.0,0.030974795
2080,1702,120.0,1.0,0.198675497
2081,1962,6.0,1.0,1.0
2082,1604,85.0,1.0,0.136655949
2083,2126,19.0,1.0,0.114457831
2084,708,33.0,1.0,0.017027864
2085,1797,13.0,0.52,0.012048193
2086,1653,23.0,1.0,0.035060976
2087,1901,62.0,1.0,0.06042885
2088,1870,15.0,1.0,0.04076087
2089,2162,470.0,1.0,0.330752991
2090,2081,56.0,1.0,0.192439863
2092,2077,14.0,1.0,0.736842105
2094,2347,11.0,1.0,0.234042553
2095,2014,39.0,0.975,0.619047619
2096,1996,121.0,0.991803279,0.098614507
2096,6948,1.0,0.008196721,0.00012219
2097,1753,9.0,1.0,0.045226131
2100,2335,8.0,0.8,1.0
2102,1785,411.0,0.990361446,0.449180328
2103,1755,17.0,1.0,0.62962963
2104,2008,20.0,1.0,0.021482277
2106,2234,19.0,1.0,0.027142857
2107,1855,63.0,1.0,0.396226415
2108,2867,26.0,0.8125,0.742857143
2109,2005,16.0,1.0,0.266666667
2110,2159,100.0,1.0,0.053304904
2111,2067,15.0,1.0,0.6
2112,1876,20.0,1.0,0.555555556
2113,1956,5.0,0.227272727,0.011904762
2113,2032,17.0,0.772727273,0.081730769
2114,536,23.0,1.0,0.003649056
2115,1875,63.0,0.954545455,0.577981651
2116,2242,13.0,1.0,0.072222222
2117,2340,182.0,1.0,0.512676056
2118,2150,22.0,1.0,0.88
2119,2112,21.0,1.0,0.064814815
2120,1560,19.0,1.0,0.487179487
2121,1669,20.0,1.0,0.666666667
2122,2268,5.0,0.384615385,1.0
2123,1884,17.0,1.0,0.147826087
2124,1737,60.0,1.0,0.659340659
2125,2203,410.0,1.0,0.1211226
2126,1353,38.0,1.0,0.165217391
2128,1801,16.0,1.0,0.028318584
2130,2351,105.0,0.963302752,0.644171779
2131,1507,3.0,0.214285714,0.015228426
2133,1729,11.0,0.733333333,1.0
2134,2343,67.0,0.917808219,0.650485437
2138,2518,18.0,1.0,0.315789474
2139,1777,7.0,1.0,0.21875
2140,1941,13.0,1.0,0.342105263
2141,2601,99.0,0.98019802,0.269021739
2142,1654,34.0,1.0,0.441558442
2144,1129,8.0,0.8,1.0
2147,1945,59.0,1.0,0.341040462
2149,1544,15.0,1.0,0.428571429
2150,1879,15.0,0.882352941,0.441176471
2151,2165,39.0,0.951219512,0.342105263
2152,1840,12.0,1.0,0.260869565
2154,2099,11.0,1.0,0.11
2155,1749,138.0,0.992805755,0.308035714
2156,1610,27.0,1.0,0.375
2157,1811,23.0,1.0,0.209090909
2158,2015,13.0,1.0,0.191176471
2159,2207,2.0,0.068965517,0.000607349
2160,1790,129.0,1.0,0.332474227
2162,1694,18.0,1.0,0.113207547
2163,2126,21.0,1.0,0.126506024
2165,1797,12.0,0.292682927,0.011121409
2165,2185,26.0,0.634146341,0.209677419
2166,1653,51.0,1.0,0.077743902
2167,1980,68.0,1.0,0.062442608
2168,1950,31.0,1.0,0.274336283
2169,2162,16.0,1.0,0.011259676
2170,2155,28.0,1.0,0.5
2171,2327,984.0,1.0,0.463932107
2172,2226,17.0,1.0,0.472222222
2173,1672,11.0,1.0,0.323529412
2174,2089,6.0,0.857142857,0.428571429
2175,2415,20.0,1.0,0.294117647
2176,2146,43.0,1.0,0.109974425
2177,1839,12.0,1.0,0.0591133
2178,2140,31.0,1.0,0.164893617
2179,2145,19.0,1.0,0.452380952
2180,2471,26.0,0.962962963,0.896551724
2181,1771,27.0,0.642857143,0.84375
2182,1869,17.0,1.0,0.377777778
2183,1921,60.0,0.952380952,0.52173913
2184,2157,20.0,1.0,0.196078431
2185,1787,11.0,0.916666667,0.916666667
2186,2305,130.0,1.0,0.089779006
2187,1935,15.0,1.0,0.576923077
2188,2080,9.0,0.9,1.0
2189,2233,31.0,1.0,0.036299766
2191,1955,303.0,1.0,0.698156682
2192,2032,18.0,1.0,0.086538462
2193,536,19.0,1.0,0.003014438
2195,2312,82.0,1.0,0.146428571
2197,2224,17.0,1.0,0.80952381
2198,2037,108.0,1.0,0.073220339
2199,1651,10.0,0.909090909,1.0
2200,1757,27.0,0.9,0.692307692
2201,2338,27.0,0.931034483,0.771428571
2202,1963,17.0,1.0,0.073593074
2203,1647,25.0,0.961538462,0.039184953
2204,2275,36.0,1.0,0.076923077
2208,2156,16.0,1.0,0.484848485
2209,2419,19.0,0.904761905,0.395833333
2210,1409,32.0,1.0,0.109215017
2211,1346,107.0,1.0,0.227176221
2212,1816,19.0,1.0,0.542857143
2213,2411,31.0,1.0,0.430555556
2215,2028,5.0,0.454545455,0.714285714
2216,2572,17.0,0.68,0.894736842
2217,2650,31.0,0.939393939,0.5
2218,1862,11.0,1.0,0.34375
2219,2017,19.0,1.0,0.633333333
2220,2667,48.0,1.0,0.121212121
2221,1744,340.0,1.0,0.280991736
2225,1733,50.0,1.0,0.276243094
2227,2021,15.0,1.0,0.535714286
2228,1635,18.0,0.947368421,0.327272727
2229,1958,9.0,1.0,0.428571429
2230,2239,64.0,1.0,0.361581921
2231,1920,32.0,1.0,0.213333333
2233,2099,25.0,1.0,0.25
2236,1894,29.0,0.537037037,0.005619066
2237,1596,3.0,0.3,0.001741149
2238,2279,23.0,1.0,0.182539683
2239,1874,200.0,0.980392157,0.386847195
2240,2187,4.0,0.8,0.19047619
2241,1782,204.0,1.0,0.203796204
2242,2200,53.0,1.0,0.452991453
2243,2020,65.0,1.0,0.215231788
2244,1960,19.0,1.0,0.327586207
2245,1830,43.0,1.0,0.011079619
2246,1980,142.0,1.0,0.130394858
2247,2026,20.0,1.0,0.092592593
2248,2162,9.0,1.0,0.006333568
2249,2229,88.0,0.988764045,0.223350254
2251,2297,64.0,1.0,0.463768116
2252,1760,35.0,1.0,0.231788079
2253,2482,96.0,0.96,0.340425532
2254,2237,12.0,0.923076923,0.923076923
2255,2220,150.0,1.0,0.05988024
2256,1919,14.0,1.0,0.086956522
2257,2214,31.0,1.0,0.262711864
2258,2219,236.0,1.0,0.511930586
2259,2669,5.0,0.625,1.0
2261,1785,19.0,1.0,0.020765027
2262,1999,8.0,0.888888889,0.888888889
2263,2231,21.0,1.0,0.063829787
2264,2374,383.0,0.987113402,0.368978805
2265,2012,18.0,1.0,0.473684211
2266,1871,22.0,0.785714286,0.814814815
2267,2154,7.0,1.0,0.388888889
2268,2304,252.0,1.0,0.075880759
2269,2142,11.0,0.647058824,0.785714286
2270,2031,45.0,0.957446809,0.882352941
2271,1793,15.0,1.0,0.014436959
2272,536,20.0,1.0,0.003173092
2273,2030,5.0,0.833333333,1.0
2274,2381,61.0,1.0,0.265217391
2275,2408,20.0,0.952380952,0.416666667
2276,2295,313.0,1.0,0.547202797
2277,2186,16.0,1.0,0.030947776
2278,1741,25.0,0.925925926,0.403225806
2280,2406,8.0,0.5,1.0
2281,2039,34.0,1.0,0.05371248
2282,2203,22.0,1.0,0.006499261
2283,1906,17.0,1.0,0.515151515
2284,1452,22.0,1.0,0.142857143
2286,1964,51.0,1.0,0.120567376
2287,2230,11.0,1.0,0.785714286
2288,2486,23.0,0.766666667,0.884615385
2289,1507,79.0,1.0,0.401015228
2290,1446,14.0,1.0,0.4
2291,1898,11.0,0.916666667,0.916666667
2293,2478,16.0,0.761904762,0.666666667
2294,2103,6.0,0.4,1.0
2296,2712,34.0,1.0,0.459459459
2298,2166,15.0,1.0,0.576923077
2299,2729,29.0,1.0,0.254385965
2302,1239,4.0,0.571428571,1.0
2304,1820,149.0,1.0,0.42816092
2306,2096,236.0,0.983333333,0.456479691
2310,1998,88.0,1.0,0.341085271
2311,2033,158.0,0.81025641,0.644897959
2312,2173,34.0,0.944444444,0.607142857
2314,1700,48.0,1.0,0.246153846
2315,1894,2694.0,0.998887653,0.521991862
2316,2090,9.0,1.0,0.152542373
2317,2207,46.0,1.0,0.013969025
2318,1953,44.0,0.977777778,0.213592233
2319,2113,11.0,1.0,0.733333333
2320,1867,35.0,1.0,0.112179487
2321,2272,15.0,1.0,0.340909091
2322,1944,68.0,0.985507246,0.210526316
2323,1797,82.0,0.032093933,0.075996293
2323,2845,2303.0,0.901369863,0.472604145
2324,1830,1377.0,0.999274311,0.354805463
2325,1980,83.0,0.965116279,0.076216713
2326,2101,17.0,1.0,0.447368421
2327,2705,21.0,1.0,0.19266055
2328,2369,32.0,0.914285714,0.240601504
2330,2366,8.0,1.0,0.296296296
2331,1845,13.0,1.0,0.302325581
2332,2548,39.0,1.0,0.30952381
2333,2291,35.0,1.0,0.486111111
2334,2072,801.0,1.0,0.274033527
2335,2285,320.0,1.0,0.188457008
2336,2290,38.0,1.0,0.355140187
2337,2731,7.0,0.875,1.0
2338,1856,45.0,1.0,0.592105263
2339,1949,17.0,1.0,0.278688525
2340,2074,9.0,1.0,0.642857143
2341,2302,30.0,1.0,0.12345679
2342,2086,46.0,1.0,0.029928432
2344,2228,9.0,1.0,0.818181818
2345,2373,24.0,1.0,0.04743083
2347,2287,14.0,0.933333333,0.875
2348,1955,22.0,0.956521739,0.050691244
2349,1956,59.0,1.0,0.14047619
2350,1846,53.0,1.0,0.057734205
2351,2105,6.0,1.0,1.0
2352,2449,33.0,1.0,0.083333333
2353,2475,29.0,1.0,0.630434783
2354,2364,14.0,1.0,0.583333333
2355,2259,26.0,1.0,0.043189369
2356,1828,14.0,1.0,0.411764706
2358,2473,8.0,0.615384615,1.0
2359,2114,260.0,1.0,0.12434242
2360,2412,53.0,1.0,0.125
2361,1546,16.0,1.0,0.246153846
2362,1985,91.0,0.947916667,0.565217391
2364,2040,24.0,1.0,0.064864865
2365,2935,55.0,1.0,0.124434389
2366,2552,51.0,0.980769231,0.708333333
2369,1977,107.0,1.0,0.629411765
2371,2610,7.0,0.583333333,0.875
2373,2701,9.0,0.9,1.0
2374,2774,21.0,1.0,0.456521739
2375,1942,14.0,1.0,0.237288136
2376,2310,15.0,1.0,0.441176471
2377,2791,97.0,1.0,0.20464135
2381,1981,47.0,0.546511628,0.074132492
2382,916,11.0,0.916666667,0.578947368
2383,2170,23.0,0.92,0.5
2384,1725,38.0,0.974358974,0.463414634
2387,2073,47.0,1.0,0.211711712
2388,2325,9.0,0.9,0.529411765
2390,1700,16.0,1.0,0.082051282
2391,2048,100.0,0.862068966,0.704225352
2392,2164,69.0,1.0,0.286307054
2393,2207,51.0,0.879310345,0.015487398
2395,2187,9.0,1.0,0.428571429
2396,1947,31.0,1.0,0.183431953
2397,1864,25.0,1.0,0.093283582
2398,2185,31.0,0.96875,0.25
2399,1912,126.0,1.0,0.08707671
2400,1980,42.0,1.0,0.038567493
2401,2175,137.0,1.0,0.137550201
2402,2705,11.0,0.916666667,0.100917431
2403,2437,69.0,1.0,0.271653543
2404,2395,22.0,1.0,0.196428571
2405,2500,8.0,1.0,0.666666667
2406,1925,43.0,1.0,0.212871287
2407,2614,11.0,1.0,0.239130435
2408,2360,147.0,1.0,0.115656963
2409,2072,11.0,1.0,0.003763257
2410,2354,50.0,1.0,0.184501845
2411,2359,49.0,0.960784314,0.243781095
2412,2793,8.0,0.8,0.8
2414,2025,13.0,1.0,0.276595745
2415,2149,28.0,1.0,0.622222222
2416,2371,18.0,1.0,0.104046243
2417,2508,29.0,1.0,0.063180828
2418,2161,13.0,1.0,0.65
2419,2368,15.0,1.0,0.076923077
2420,2441,25.0,1.0,0.062972292
2421,2356,11.0,1.0,0.785714286
2422,2180,33.0,1.0,0.261904762
2423,2107,45.0,1.0,0.052264808
2424,1926,26.0,1.0,0.086956522
2425,2179,6.0,1.0,0.857142857
2426,2581,44.0,1.0,0.316546763
2428,2432,10.0,1.0,0.769230769
2429,2329,14.0,1.0,0.038043478
2430,1910,9.0,0.9,0.9
2431,1843,35.0,0.853658537,0.875
2432,2539,8.0,1.0,0.8
2433,2261,30.0,1.0,0.074257426
2434,2479,22.0,1.0,0.201834862
2436,2060,132.0,1.0,0.543209877
2438,2115,33.0,1.0,0.081683168
2439,2301,8.0,1.0,0.615384615
2440,2976,42.0,0.976744186,0.777777778
2441,1133,14.0,1.0,0.013513514
2442,2052,25.0,0.833333333,0.595238095
2444,2674,21.0,0.196261682,0.913043478
2445,2177,32.0,0.761904762,0.8
2446,2882,7.0,0.411764706,0.875
2447,2834,17.0,0.2,0.485714286
2448,2018,226.0,1.0,0.311724138
2449,2379,12.0,1.0,0.48
2452,1342,9.0,0.529411765,0.9
2454,1981,218.0,0.99543379,0.34384858
2456,2096,29.0,0.90625,0.056092843
2457,2034,834.0,1.0,0.618694362
2458,2091,8.0,1.0,0.019900498
2459,2148,14.0,0.875,0.538461538
2461,1872,33.0,1.0,0.046808511
2462,1973,35.0,1.0,0.220125786
2463,2238,39.0,1.0,0.312
2464,2207,31.0,1.0,0.009413908
2465,2029,97.0,0.850877193,0.395918367
2466,2260,7.0,1.0,0.077777778
2467,2023,17.0,1.0,0.103658537
2468,2095,36.0,1.0,0.176470588
2470,1991,55.0,1.0,0.090311987
2471,2204,778.0,1.0,0.197461929
2472,2248,84.0,0.988235294,0.201923077
2473,2827,14.0,1.0,0.222222222
2474,2503,23.0,1.0,0.132947977
2475,2463,8.0,1.0,0.5
2476,2434,18.0,1.0,0.620689655
2478,2678,12.0,1.0,0.108108108
2479,2428,48.0,1.0,0.112149533
2480,2072,15.0,1.0,0.005131714
2481,2354,19.0,1.0,0.070110701
2482,2427,56.0,1.0,0.4375
2483,2853,25.0,0.862068966,0.78125
2484,1936,10.0,1.0,1.0
2485,2100,13.0,1.0,0.371428571
2486,2223,32.0,0.96969697,0.32
2487,2302,15.0,0.9375,0.061728395
2488,2574,60.0,1.0,0.24291498
2489,2235,20.0,0.909090909,0.588235294
2490,2368,34.0,1.0,0.174358974
2491,2507,22.0,1.0,0.027638191
2492,2424,10.0,0.833333333,0.909090909
2493,2106,9.0,1.0,0.692307692
2494,2181,53.0,1.0,0.09430605
2495,2004,42.0,1.0,0.053435115
2496,2252,18.0,0.666666667,0.9
2497,2647,19.0,1.0,0.07037037
2499,2498,11.0,0.647058824,0.916666667
2500,2397,30.0,1.0,0.033860045
2501,1989,16.0,1.0,0.8
2504,2331,18.0,1.0,0.058064516
2506,2611,17.0,1.0,0.257575758
2507,2135,16.0,1.0,0.533333333
2508,1440,16.0,0.64,1.0
2511,3030,14.0,0.823529412,0.777777778
2512,1018,15.0,1.0,0.011829653
2513,2127,6.0,0.4,1.0
2516,2937,5.0,1.0,1.0
2517,2893,20.0,1.0,0.416666667
2518,2093,71.0,1.0,0.362244898
2519,2447,6.0,1.0,0.545454545
2520,2851,11.0,1.0,0.11
2524,2056,27.0,1.0,0.409090909
2526,2096,13.0,0.464285714,0.025145068
2528,2378,24.0,1.0,0.375
2529,2222,15.0,1.0,0.263157895
2530,1835,19.0,1.0,0.365384615
2531,1951,5.0,0.833333333,0.833333333
2532,2123,66.0,0.970588235,0.471428571
2533,2308,40.0,1.0,0.251572327
2534,2207,5.0,0.3125,0.001518372
2535,2104,36.0,0.9,0.356435644
2536,2260,17.0,1.0,0.188888889
2537,2098,91.0,1.0,0.174329502
2538,2169,36.0,1.0,0.140625
2539,2258,17.0,0.944444444,0.246376812
2540,2066,73.0,1.0,0.187179487
2541,2345,32.0,1.0,0.186046512
2542,2318,45.0,1.0,0.210280374
2543,2886,12.0,1.0,0.162162162
2544,2569,380.0,1.0,0.272596844
2545,2566,30.0,0.857142857,0.652173913
2546,2595,24.0,1.0,0.296296296
2548,2740,32.0,1.0,0.225352113
2549,2360,61.0,1.0,0.047993706
2550,2072,9.0,1.0,0.003079028
2551,2489,23.0,1.0,0.234693878
2553,2965,8.0,0.666666667,1.0
2555,2294,19.0,0.95,0.863636364
2556,2439,51.0,1.0,0.264248705
2557,2640,28.0,0.848484848,0.4
2558,2306,118.0,0.893939394,0.944
2559,2436,30.0,1.0,0.410958904
2560,2573,26.0,0.962962963,0.055201699
2561,2253,3.0,0.176470588,0.076923077
2562,1956,6.0,0.25,0.014285714
2563,2079,25.0,1.0,0.052631579
2567,2465,48.0,1.0,0.048681542
2570,2605,8.0,0.727272727,1.0
2571,2399,60.0,1.0,0.131868132
2573,2737,176.0,1.0,0.122562674
2574,2281,22.0,1.0,0.285714286
2575,1534,63.0,0.9,0.851351351
2576,2262,1545.0,1.0,0.182645703
2577,2504,37.0,1.0,0.37755102
2578,3082,10.0,0.769230769,0.833333333
2579,1540,12.0,1.0,0.387096774
2580,2201,34.0,0.693877551,0.871794872
2582,2250,11.0,0.846153846,0.916666667
2583,3045,5.0,0.833333333,1.0
2585,2167,26.0,0.928571429,0.337662338
2586,2513,9.0,1.0,0.6
2587,3019,12.0,1.0,0.097560976
2589,1442,9.0,1.0,0.3
2590,2131,87.0,1.0,0.448453608
2592,2314,93.0,0.989361702,0.382716049
2593,2109,11.0,1.0,0.323529412
2594,2446,74.0,0.973684211,0.465408805
2595,2073,12.0,0.666666667,0.054054054
2597,1872,205.0,1.0,0.290780142
2599,2377,30.0,1.0,0.410958904
2600,2741,40.0,1.0,0.242424242
2601,2178,25.0,1.0,0.100401606
2602,2260,10.0,1.0,0.111111111
2603,2172,46.0,1.0,0.181102362
2604,2243,80.0,0.963855422,0.24024024
2606,2355,36.0,1.0,0.011450382
2607,2413,97.0,1.0,0.150855365
2608,2318,6.0,0.6,0.028037383
2609,2996,11.0,1.0,0.268292683
2610,2569,39.0,1.0,0.027977044
2611,2695,9.0,1.0,0.473684211
2612,2661,13.0,1.0,0.254901961
2613,2003,25.0,1.0,0.409836066
2614,2801,139.0,1.0,0.282520325
2615,2560,55.0,1.0,0.133171913
2616,2221,44.0,1.0,0.139240506
2617,2555,43.0,1.0,0.405660377
2618,2559,249.0,1.0,0.481624758
2619,2174,13.0,1.0,0.448275862
2620,2363,8.0,0.888888889,0.727272727
2621,2505,20.0,1.0,0.625
2622,2374,25.0,0.961538462,0.024084778
2623,2375,25.0,1.0,0.641025641
2624,2502,10.0,1.0,0.526315789
2625,2639,82.0,1.0,0.061377246
2626,2253,10.0,1.0,0.256410256
2627,2254,98.0,1.0,0.07096307
2628,2153,59.0,1.0,0.116600791
2629,2391,10.0,1.0,0.555555556
2630,2710,26.0,1.0,0.077844311
2631,2564,11.0,1.0,0.55
2634,2001,71.0,0.986111111,0.612068966
2635,2670,7.0,0.368421053,1.0
2636,2533,14.0,1.0,0.083333333
2637,1637,1266.0,0.997635934,0.498425197
2638,2737,20.0,1.0,0.013927577
2639,2281,35.0,1.0,0.454545455
2640,1626,20.0,0.869565217,0.909090909
2641,2262,16.0,1.0,0.001891477
2642,2935,9.0,0.692307692,0.020361991
2643,3134,13.0,1.0,0.481481481
2645,2342,11.0,0.55,0.916666667
2647,3148,9.0,0.818181818,0.9
2648,2241,19.0,1.0,0.475
2650,2645,18.0,1.0,0.545454545
2651,3071,11.0,1.0,0.2
2652,644,25.0,0.735294118,0.625
2655,1040,27.0,0.964285714,0.72972973
2657,2183,10.0,0.909090909,0.434782609
2658,2578,19.0,1.0,0.31147541
2659,2293,355.0,1.0,0.339063992
2660,1915,54.0,1.0,0.212598425
2661,2102,12.0,1.0,0.571428571
2662,2269,29.0,1.0,0.176829268
2663,2445,11.0,1.0,0.234042553
2664,2207,17.0,0.68,0.005162466
2664,2918,1.0,0.04,0.006097561
2665,2178,59.0,1.0,0.236947791
2667,2246,190.0,1.0,0.179754021
2668,2313,69.0,1.0,0.237113402
2669,2328,29.0,1.0,0.268518519
2670,2141,37.0,1.0,0.112462006
2671,1642,184.0,1.0,0.017680407
2672,2387,54.0,1.0,0.204545455
2673,3049,24.0,1.0,0.5
2674,2698,10.0,1.0,0.099009901
2675,2723,11.0,1.0,0.268292683
2676,2757,233.0,1.0,0.336705202
2678,2801,25.0,0.892857143,0.050813008
2679,2626,173.0,1.0,0.02103855
2680,2292,22.0,1.0,0.06043956
2681,2621,27.0,1.0,0.465517241
2682,2625,25.0,0.925925926,0.416666667
2683,2247,21.0,1.0,0.567567568
2685,2571,24.0,1.0,0.157894737
2686,2765,27.0,1.0,0.033457249
2687,2443,10.0,0.909090909,0.588235294
2688,2702,62.0,1.0,0.009147241
2689,2634,11.0,1.0,0.458333333
2690,865,24.0,1.0,0.010507881
2691,2107,17.0,0.772727273,0.019744483
2691,2659,5.0,0.227272727,0.002983294
2692,2298,31.0,1.0,0.074698795
2694,2772,49.0,1.0,0.079032258
2695,2630,65.0,0.970149254,0.714285714
2696,2531,22.0,1.0,0.144736842
2699,2732,28.0,0.736842105,1.0
2700,2665,50.0,1.0,0.231481481
2701,1814,29.0,1.0,0.167630058
2702,2858,21.0,1.0,0.189189189
2703,2551,49.0,0.777777778,0.6125
2704,1716,9.0,0.6,0.9
2705,2262,26.0,1.0,0.003073649
2706,2370,18.0,1.0,0.382978723
2708,1631,15.0,1.0,0.205479452
2710,2320,10.0,0.909090909,0.625
2711,3097,8.0,0.727272727,1.0
2714,2708,12.0,1.0,0.255319149
2715,3123,22.0,1.0,0.333333333
2717,1628,6.0,0.5,1.0
2718,2277,30.0,1.0,0.681818182
2720,2383,91.0,1.0,0.448275862
2721,2256,9.0,1.0,0.333333333
2722,2644,7.0,1.0,0.7
2723,2362,8.0,1.0,0.285714286
2724,1749,30.0,0.714285714,0.066964286
2725,2176,11.0,1.0,0.333333333
2726,2474,18.0,1.0,0.191489362
2729,2251,23.0,1.0,0.26744186
2730,2398,6.0,1.0,1.0
2732,2382,166.0,1.0,0.147818344
2733,1797,25.0,1.0,0.023169601
2734,2355,699.0,0.997146933,0.222328244
2735,2204,132.0,1.0,0.033502538
2736,2455,49.0,1.0,0.429824561
2737,3101,9.0,1.0,0.75
2738,2760,34.0,0.894736842,0.492753623
2739,2757,6.0,1.0,0.00867052
2740,2785,32.0,0.96969697,0.258064516
2741,2078,14.0,1.0,0.56
2742,2801,32.0,1.0,0.06504065
2743,2626,79.0,1.0,0.009607199
2744,2361,15.0,1.0,0.115384615
2745,2685,26.0,1.0,0.376811594
2746,2688,48.0,1.0,0.289156627
2747,2317,203.0,1.0,0.31918239
2748,2431,106.0,1.0,0.378571429
2749,2637,58.0,1.0,0.202797203
2750,2825,28.0,1.0,0.07106599
2751,2509,10.0,1.0,0.909090909
2752,2702,72.0,1.0,0.010622603
2753,2697,15.0,1.0,0.211267606
2754,2180,13.0,0.928571429,0.103174603
2755,2324,18.0,1.0,0.039735099
2756,2435,50.0,1.0,0.067476383
2757,2525,5.0,0.714285714,1.0
2761,2139,32.0,0.96969697,0.666666667
2762,2076,8.0,0.888888889,1.0
2764,2727,29.0,1.0,0.142156863
2766,2914,62.0,1.0,0.139013453
2767,2350,27.0,1.0,0.6
2771,3236,43.0,0.977272727,0.781818182
2772,1721,24.0,1.0,0.289156627
2773,2410,9.0,0.6,1.0
2774,2389,37.0,0.860465116,0.822222222
2775,3250,7.0,1.0,0.875
2776,2311,28.0,1.0,0.341463415
2778,2770,25.0,1.0,0.390625
2781,1718,17.0,0.85,0.944444444
2782,2346,101.0,1.0,0.459090909
2784,2517,67.0,1.0,0.255725191
2785,2326,9.0,1.0,0.321428571
2787,2430,80.0,0.8,0.540540541
2789,2249,12.0,1.0,0.444444444
2790,2540,170.0,1.0,0.338645418
2791,2577,12.0,1.0,0.333333333
2792,2862,19.0,1.0,0.28358209
2793,2321,25.0,0.925925926,0.204918033
2795,2316,67.0,1.0,0.124767225
2796,2450,47.0,1.0,0.120512821
2797,2596,57.0,0.95,0.27014218
2798,2286,165.0,0.982142857,0.099878935
2799,2204,44.0,1.0,0.011167513
2800,2521,19.0,1.0,0.163793103
2801,3152,14.0,1.0,0.482758621
2803,2876,40.0,1.0,0.425531915
2805,2917,71.0,1.0,0.274131274
2806,2626,37.0,1.0,0.004499574
2807,2429,38.0,1.0,0.163793103
2808,2747,18.0,1.0,0.418604651
2809,2750,19.0,1.0,0.5
2810,2317,13.0,0.866666667,0.020440252
2812,2700,32.0,1.0,0.110344828
2813,2884,67.0,1.0,0.055509528
2814,2575,21.0,1.0,0.567567568
2815,2702,24.0,1.0,0.003540868
2816,2759,13.0,1.0,0.565217391
2817,2460,19.0,1.0,0.826086957
2818,2324,20.0,1.0,0.04415011
2819,2501,60.0,1.0,0.136054422
2820,2591,6.0,0.6,1.0
2821,2832,35.0,1.0,0.079545455
2822,2693,53.0,1.0,0.646341463
2823,2597,24.0,1.0,0.026490066
2824,2213,7.0,1.0,0.777777778
2827,2849,76.0,1.0,0.181818182
2828,1896,21.0,1.0,0.272727273
2829,2969,11.0,1.0,0.11827957
2830,2418,17.0,1.0,0.34
2832,2332,50.0,1.0,0.119331742
2833,2821,17.0,0.894736842,0.016314779
2834,3432,19.0,1.0,0.678571429
2835,1808,24.0,1.0,0.48
2836,2543,22.0,1.0,0.431372549
2837,2457,11.0,0.733333333,0.785714286
2838,3446,35.0,0.795454545,0.945945946
2839,2380,117.0,1.0,0.31880109
2840,3004,12.0,1.0,0.363636364
2842,3174,104.0,0.99047619,0.615384615
2845,1154,16.0,1.0,0.727272727
2846,2414,17.0,1.0,0.485714286
2847,2583,331.0,1.0,0.34623431
2848,2394,6.0,1.0,0.333333333
2850,2562,13.0,1.0,0.565217391
2852,2388,13.0,0.928571429,0.325
2853,2606,77.0,0.927710843,0.316872428
2854,2511,33.0,1.0,0.32038835
2855,2918,74.0,0.961038961,0.451219512
2856,2390,42.0,1.0,0.264150943
2857,2664,14.0,1.0,0.518518519
2858,2385,36.0,1.0,0.152542373
2859,2516,27.0,1.0,0.252336449
2860,2724,5.0,0.357142857,0.036231884
2861,2286,27.0,1.0,0.016343826
2862,2204,68.0,1.0,0.017258883
2863,2587,64.0,1.0,0.123791103
2864,3203,11.0,1.0,0.282051282
2866,2932,55.0,1.0,0.395683453
2868,3027,4.0,1.0,0.16
2869,2626,1620.0,1.0,0.197008391
2870,2495,53.0,1.0,0.143243243
2871,2807,34.0,0.971428571,0.576271186
2872,2980,71.0,1.0,0.412790698
2873,2386,7.0,1.0,0.583333333
2874,2497,15.0,1.0,0.75
2875,2762,10.0,1.0,0.092592593
2876,2939,36.0,1.0,0.072144289
2877,2641,29.0,1.0,0.604166667
2878,2702,1421.0,1.0,0.209648864
2879,2819,14.0,1.0,0.285714286
2880,2526,574.0,1.0,0.484388186
2881,2254,32.0,1.0,0.023171615
2882,2818,21.0,1.0,0.02217529
2883,2657,46.0,1.0,0.821428571
2884,2891,26.0,1.0,0.078313253
2885,2755,46.0,0.978723404,0.686567164
2886,2597,18.0,1.0,0.01986755
2887,2284,15.0,1.0,0.483870968
2889,2794,7.0,0.583333333,0.875
2890,1975,10.0,1.0,0.294117647
2891,3024,14.0,1.0,0.12962963
2892,2681,38.0,1.0,0.122580645
2893,1803,6.0,0.5,1.0
2894,2400,68.0,1.0,0.127819549
2895,2636,7.0,1.0,0.291666667
2896,3479,16.0,1.0,0.666666667
2897,1891,8.0,1.0,0.571428571
2898,2609,19.0,0.633333333,1.0
2900,3399,5.0,0.833333333,0.714285714
2902,3056,165.0,0.91160221,0.570934256
2903,2830,54.0,1.0,0.38028169
2905,3225,52.0,1.0,0.265306122
2906,1805,23.0,0.766666667,0.884615385
2907,2481,596.0,0.996655518,0.473391581
2909,2649,40.0,1.0,0.465116279
2912,2628,18.0,1.0,0.375
2913,2069,16.0,1.0,0.275862069
2914,2456,27.0,1.0,0.217741935
2915,2671,36.0,1.0,0.213017751
2916,2643,33.0,1.0,0.279661017
2917,2973,69.0,1.0,0.210365854
2918,2524,45.0,1.0,0.034429992
2920,2453,287.0,1.0,0.127498889
2921,2648,338.0,1.0,0.217643271
2922,2724,41.0,1.0,0.297101449
2923,2286,28.0,1.0,0.016949153
2924,2546,38.0,1.0,0.121794872
2925,2653,59.0,1.0,0.157333333
2926,3254,18.0,1.0,0.580645161
2928,2987,48.0,1.0,0.292682927
2930,3131,25.0,1.0,0.378787879
2931,2751,69.0,1.0,0.083636364
2932,2561,15.0,1.0,0.131578947
2933,2866,18.0,1.0,0.75
2934,3086,27.0,1.0,0.124423963
2935,2454,8.0,1.0,0.4
2936,2563,13.0,0.928571429,0.619047619
2937,2822,23.0,1.0,0.01821061
2938,2994,27.0,1.0,0.035294118
2939,2704,13.0,1.0,0.684210526
2940,2764,65.0,0.984848485,0.081148564
2942,2592,20.0,0.909090909,0.952380952
2943,2393,24.0,1.0,0.039408867
2944,3093,108.0,1.0,0.032500752
2945,3002,16.0,1.0,0.071428571
2947,2815,11.0,0.611111111,1.0
2948,2663,24.0,1.0,0.00461716
2949,2353,9.0,1.0,0.409090909
2951,2854,8.0,0.666666667,1.0
2953,3076,49.0,1.0,0.295180723
2954,2681,81.0,1.0,0.261290323
2956,2262,95.0,1.0,0.011230642
2957,2761,18.0,1.0,0.346153846
2958,1970,15.0,1.0,0.348837209
2959,2673,47.0,0.921568627,0.921568627
2960,2589,25.0,0.892857143,0.892857143
2961,3540,12.0,1.0,0.8
2962,2448,38.0,1.0,0.271428571
2963,3108,30.0,0.697674419,0.9375
2964,2889,71.0,0.986111111,0.29338843
2965,780,3.0,0.75,0.6
2966,3276,25.0,1.0,0.308641975
2967,1889,116.0,0.623655914,0.935483871
2970,2462,7.0,1.0,0.333333333
2972,2829,16.0,0.695652174,0.727272727
2973,2691,39.0,1.0,0.336206897
2975,2522,9.0,1.0,0.321428571
2976,2733,21.0,1.0,0.403846154
2978,3028,31.0,1.0,0.223021583
2979,2524,418.0,1.0,0.319816373
2980,2788,7.0,1.0,0.7
2981,2519,46.0,0.958333333,0.273809524
2982,2582,30.0,1.0,0.123966942
2983,2845,18.0,1.0,0.003693823
2984,2355,63.0,1.0,0.020038168
2985,2413,42.0,1.0,0.065318818
2986,2715,17.0,1.0,0.459459459
2987,2820,11.0,1.0,0.55
2988,3092,10.0,1.0,0.277777778
2989,2844,59.0,0.921875,0.310526316
2990,3182,10.0,1.0,0.106382979
2991,2751,39.0,1.0,0.047272727
2992,2627,29.0,1.0,0.096345515
2993,2922,24.0,1.0,0.333333333
2994,3086,72.0,0.972972973,0.331797235
2995,2520,16.0,1.0,0.484848485
2996,2629,500.0,0.994035785,0.462107209
2997,2881,54.0,1.0,0.103448276
2998,3047,18.0,1.0,0.025641026
2999,2766,7.0,0.583333333,1.0
3000,2824,26.0,1.0,0.028697572
3001,2878,7.0,1.0,0.538461538
3002,2658,120.0,1.0,0.425531915
3003,2659,52.0,1.0,0.031026253
3004,2877,26.0,1.0,0.02020202
3005,3106,196.0,1.0,0.162655602
3007,2874,16.0,0.761904762,0.941176471
3008,2663,265.0,1.0,0.050981147
3010,2151,18.0,0.9,0.692307692
3012,2050,10.0,1.0,0.142857143
3013,3128,94.0,1.0,0.178707224
3014,2743,59.0,1.0,0.526785714
3015,1887,35.0,0.68627451,1.0
3017,2761,10.0,1.0,0.192307692
3018,2121,28.0,1.0,0.195804196
3019,2735,28.0,0.549019608,0.583333333
3020,2655,10.0,0.769230769,1.0
3023,3159,14.0,0.636363636,0.777777778
3024,2944,7.0,0.875,0.25
3026,3327,1108.0,1.0,0.342080889
3028,2481,33.0,1.0,0.026211279
3029,1263,30.0,0.810810811,0.967741935
3032,2888,28.0,0.903225806,0.636363636
3033,2813,16.0,1.0,0.225352113
3035,2654,11.0,1.0,0.44
3036,2795,95.0,1.0,0.390946502
3038,2973,21.0,1.0,0.06402439
3039,2848,6.0,0.857142857,0.666666667
3040,2656,131.0,1.0,0.233928571
3041,2585,36.0,1.0,0.183673469
3042,2648,61.0,1.0,0.039278815
3043,2904,23.0,1.0,0.338235294
3044,2355,46.0,0.93877551,0.014631043
3045,2204,193.0,1.0,0.048984772
3046,2777,20.0,0.769230769,0.740740741
3048,3143,13.0,1.0,0.180555556
3049,2903,60.0,1.0,0.571428571
3050,3233,23.0,1.0,0.298701299
3051,2626,33.0,1.0,0.004013134
3052,2690,62.0,1.0,0.22962963
3053,2978,19.0,1.0,0.38
3054,3138,21.0,1.0,0.35
3056,2822,38.0,1.0,0.030087094
3057,2692,9.0,1.0,0.5
3058,3099,173.0,1.0,0.088672476
3059,2826,27.0,1.0,0.442622951
3060,2883,22.0,1.0,0.034755134
3062,2720,116.0,0.974789916,0.527272727
3063,2593,37.0,1.0,0.092269327
3064,2877,23.0,1.0,0.017871018
3065,3157,114.0,1.0,0.126666667
3066,2719,9.0,0.5625,1.0
3067,2930,9.0,0.818181818,0.818181818
3068,2725,47.0,1.0,0.030381383
3069,2421,15.0,1.0,0.416666667
3072,2199,11.0,0.611111111,0.014175258
3073,2803,32.0,1.0,0.615384615
3074,3179,18.0,1.0,0.148760331
3076,2262,16.0,1.0,0.001891477
3077,2821,97.0,1.0,0.093090211
3078,2267,21.0,1.0,0.230769231
3079,2797,76.0,0.95,0.745098039
3080,2717,5.0,0.5,1.0
3081,3671,5.0,0.625,1.0
3082,2709,8.0,0.033755274,0.003552398
3084,3000,113.0,1.0,0.453815261
3086,3327,41.0,0.911111111,0.012658228
3088,2613,29.0,0.90625,0.617021277
3090,2528,16.0,1.0,0.271186441
3091,2998,83.0,1.0,0.239193084
3092,2872,30.0,0.612244898,0.535714286
3093,2218,57.0,0.730769231,0.35625
3094,2716,20.0,1.0,0.210526316
3096,2706,214.0,0.990740741,0.545918367
3097,3080,17.0,1.0,0.515151515
3098,2906,8.0,1.0,1.0
3099,2718,40.0,1.0,0.404040404
3100,2651,55.0,1.0,0.118025751
3101,2773,36.0,1.0,0.295081967
3102,2959,11.0,0.846153846,0.35483871
3103,2355,38.0,1.0,0.012086514
3104,2676,298.0,1.0,0.137137598
3105,2837,598.0,1.0,0.303861789
3106,2879,18.0,1.0,0.382978723
3107,3194,57.0,1.0,0.537735849
3108,2958,10.0,1.0,0.303030303
3109,3284,330.0,1.0,0.280373832
3110,3035,71.0,1.0,0.053910402
3111,2752,29.0,1.0,0.475409836
3112,3032,70.0,1.0,0.260223048
3113,3189,17.0,1.0,0.68
3115,2822,75.0,1.0,0.059382423
3116,2754,14.0,1.0,0.933333333
3117,3304,49.0,1.0,0.022456462
3118,2885,9.0,0.9,0.818181818
3120,3145,64.0,1.0,0.035516093
3121,3011,22.0,1.0,0.261904762
3122,2659,62.0,1.0,0.03699284
3123,2818,78.0,1.0,0.082365364
3124,3208,13.0,1.0,0.166666667
3125,2781,6.0,0.75,1.0
3126,2985,11.0,0.846153846,0.916666667
3127,2787,17.0,1.0,0.008517034
3128,2488,36.0,1.0,0.260869565
3129,2225,36.0,0.972972973,0.620689655
3130,2199,216.0,1.0,0.278350515
3131,2863,61.0,1.0,0.306532663
3132,3230,37.0,1.0,0.126712329
3134,2468,33.0,1.0,0.215686275
3135,3981,4.0,0.1,0.000919963
3136,2337,37.0,1.0,0.451219512
3137,2968,8.0,0.615384615,0.888888889
3140,2514,24.0,1.0,0.585365854
3144,3327,23.0,1.0,0.007100957
3146,2677,37.0,1.0,0.506849315
3148,2660,5.0,0.096153846,0.014164306
3149,3051,10.0,0.909090909,0.434782609
3150,2928,48.0,1.0,0.457142857
3152,2778,22.0,1.0,0.666666667
3153,2966,15.0,1.0,0.365853659
3154,2828,37.0,1.0,0.18877551
3155,3234,86.0,0.87755102,0.118948824
3156,2961,17.0,1.0,0.515151515
3157,2780,26.0,1.0,0.40625
3158,2713,48.0,1.0,0.18972332
3159,2833,22.0,1.0,0.107317073
3160,3067,13.0,0.166666667,0.178082192
3161,2622,35.0,1.0,0.040183697
3162,2612,43.0,1.0,0.338582677
3163,2837,17.0,1.0,0.008638211
3164,3296,14.0,1.0,0.875
3166,3335,25.0,1.0,0.531914894
3167,2626,93.0,1.0,0.011309741
3168,2812,33.0,1.0,0.38372093
3169,3032,20.0,0.952380952,0.074349442
3170,3240,36.0,1.0,0.679245283
3171,2586,74.0,1.0,0.333333333
3172,2936,12.0,1.0,0.113207547
3173,2814,24.0,0.888888889,0.6
3174,3201,81.0,1.0,0.171610169
3175,2940,1116.0,0.995539697,0.577042399
3176,2938,27.0,1.0,0.038406828
3177,2989,25.0,1.0,0.324675325
3178,2900,25.0,0.961538462,0.543478261
3179,2593,26.0,1.0,0.064837905
3180,2877,148.0,1.0,0.114996115
3181,3259,41.0,1.0,0.076208178
3182,3090,6.0,1.0,1.0
3183,2787,136.0,1.0,0.068136273
3184,2620,28.0,0.682926829,0.608695652
3185,2296,11.0,1.0,0.916666667
3186,2271,13.0,1.0,0.276595745
3187,2919,16.0,1.0,0.941176471
3188,3230,13.0,1.0,0.044520548
3189,2042,6.0,0.666666667,1.0
3190,2262,10.0,1.0,0.001182173
3191,2935,62.0,1.0,0.140271493
3193,3023,148.0,0.875739645,0.787234043
3194,3797,6.0,0.75,1.0
3195,3266,8.0,1.0,0.8
3196,2580,15.0,1.0,0.25
3197,3261,17.0,0.566666667,0.80952381
3198,3206,14.0,1.0,0.205882353
3200,3421,60.0,1.0,0.182926829
3202,2481,8.0,1.0,0.006354249
3203,1366,7.0,0.5,0.5
3205,2998,29.0,0.966666667,0.083573487
3206,2983,11.0,1.0,0.916666667
3207,2144,31.0,1.0,0.303921569
3208,2952,34.0,1.0,0.453333333
3210,2887,15.0,0.789473684,0.306122449
3211,3132,28.0,1.0,0.210526316
3212,3017,5.0,0.833333333,1.0
3214,2899,20.0,0.666666667,0.317460317
3214,2954,3.0,0.1,0.073170732
3215,2892,155.0,1.0,0.267702936
3216,2845,31.0,1.0,0.006361584
3217,2622,64.0,1.0,0.07347876
3218,2546,33.0,1.0,0.105769231
3219,3007,32.0,1.0,0.251968504
3220,3347,15.0,0.9375,0.441176471
3222,3382,33.0,1.0,0.166666667
3223,2626,126.0,0.992125984,0.015322875
3224,2871,38.0,1.0,0.160337553
3225,3136,32.0,1.0,0.340425532
3226,3291,22.0,1.0,0.523809524
3227,2652,12.0,1.0,0.260869565
3228,2873,21.0,0.954545455,0.525
3229,2991,15.0,1.0,0.082417582
3230,2374,37.0,1.0,0.035645472
3231,2995,15.0,1.0,0.5
3232,2993,66.0,1.0,0.040515654
3233,3094,13.0,1.0,0.764705882
3234,2955,7.0,1.0,0.777777778
3235,2783,40.0,1.0,0.072859745
3236,3093,35.0,1.0,0.010532651
3237,3311,31.0,1.0,0.06768559
3238,3243,64.0,0.96969697,0.695652174
3239,2663,25.0,1.0,0.004809542
3240,2684,15.0,1.0,0.25
3243,2863,24.0,1.0,0.120603015
3244,3281,66.0,1.0,0.211538462
3246,2262,21.0,1.0,0.002482563
3247,2821,31.0,1.0,0.02975048
3251,3366,22.0,0.846153846,0.846153846
3252,2646,11.0,1.0,0.379310345
3253,3313,24.0,0.923076923,0.774193548
3254,3257,50.0,1.0,0.285714286
3256,3468,32.0,0.96969697,0.516129032
3258,2481,5.0,1.0,0.003971406
3259,1465,60.0,0.983606557,0.625
3261,3205,9.0,1.0,0.473684211
3262,3036,71.0,0.946666667,0.371727749
3264,3008,5.0,0.714285714,0.714285714
3265,3227,47.0,0.94,0.156666667
3268,3069,24.0,1.0,0.631578947
3269,2775,103.0,1.0,0.171096346
3270,2954,6.0,0.206896552,0.146341463
3271,2947,56.0,1.0,0.186046512
3272,3067,36.0,0.529411765,0.493150685
3273,1642,198.0,1.0,0.019025656
3274,3059,90.0,1.0,0.255681818
3275,3394,114.0,1.0,0.397212544
3277,3476,10.0,1.0,0.085470085
3278,3139,30.0,1.0,0.043604651
3279,2927,9.0,1.0,0.5
3280,3187,87.0,1.0,0.428571429
3281,3342,27.0,1.0,0.346153846
3282,2714,22.0,1.0,0.360655738
3283,3044,9.0,1.0,0.057692308
3284,2929,13.0,1.0,0.541666667
3285,3304,47.0,1.0,0.021539872
3286,3100,21.0,0.954545455,0.5
3287,2702,51.0,1.0,0.007524343
3288,3042,81.0,0.852631579,0.24251497
3288,3145,14.0,0.147368421,0.007769145
3289,3011,23.0,1.0,0.273809524
3290,2842,33.0,1.0,0.030985915
3291,2988,96.0,1.0,0.073959938
3293,3294,18.0,1.0,0.580645161
3294,2663,96.0,1.0,0.018468642
3297,2341,12.0,1.0,0.112149533
3298,3337,17.0,0.944444444,0.004479578
3299,3332,154.0,1.0,0.161934805
3300,2117,4.0,0.25,1.0
3302,4710,30.0,0.769230769,0.014742015
3303,2405,29.0,1.0,0.420289855
3304,3835,9.0,1.0,0.5625
3305,3127,46.0,0.686567164,0.696969697
3306,3413,112.0,0.941176471,0.777777778
3307,2709,688.0,1.0,0.305506217
3309,3309,13.0,1.0,0.565217391
3311,3516,16.0,1.0,0.484848485
3313,2800,35.0,1.0,0.269230769
3315,2660,147.0,0.901840491,0.416430595
3316,3256,13.0,1.0,0.590909091
3317,3088,46.0,1.0,0.232323232
3319,3060,8.0,0.888888889,0.5
3320,3278,33.0,1.0,0.183333333
3321,2942,24.0,1.0,0.263736264
3323,3121,19.0,1.0,0.292307692
3324,2835,110.0,1.0,0.196779964
3325,2954,19.0,0.863636364,0.463414634
3326,3003,41.0,1.0,0.154716981
3328,2915,24.0,1.0,0.106666667
3329,3111,23.0,1.0,0.252747253
3330,3441,28.0,1.0,0.405797101
3331,3014,37.0,1.0,0.420454545
3332,3476,7.0,1.0,0.05982906
3333,3190,43.0,1.0,0.080074488
3334,3238,50.0,1.0,0.190839695
3335,2982,29.0,0.935483871,0.547169811
3336,3389,8.0,1.0,0.615384615
3337,2776,6.0,1.0,0.545454545
3338,2991,1.0,0.001470588,0.005494505
3338,3147,679.0,0.998529412,0.159016393
3339,2984,11.0,1.0,0.733333333
3340,3304,751.0,1.0,0.344179652
3341,2940,19.0,0.904761905,0.009824199
3342,3098,26.0,1.0,0.057142857
3343,3145,53.0,1.0,0.029411765
3344,3063,6.0,0.857142857,1.0
3345,2901,64.0,1.0,0.227758007
3346,3041,129.0,1.0,0.059722222
3347,3360,89.0,1.0,0.098451327
3348,3345,10.0,0.625,0.833333333
3349,2960,22.0,1.0,0.032069971
3350,2746,94.0,1.0,0.494736842
3353,3081,78.0,0.962962963,0.440677966
3354,3379,51.0,1.0,0.136363636
3356,2262,24.0,1.0,0.002837215
3358,2538,12.0,1.0,0.444444444
3359,3873,6.0,0.75,0.857142857
3360,3178,73.0,0.948051948,0.565891473
3361,3508,9.0,1.0,0.692307692
3364,3452,9.0,1.0,0.75
3366,3561,36.0,0.9,0.092783505
3370,2594,27.0,1.0,0.5
3371,3357,140.0,1.0,0.405797101
3373,3140,47.0,1.0,0.279761905
3374,3214,14.0,1.0,0.451612903
3375,3329,69.0,1.0,0.241258741
3376,2997,23.0,1.0,0.247311828
3377,3285,41.0,1.0,0.362831858
3378,3172,20.0,1.0,0.408163265
3379,2894,20.0,1.0,0.168067227
3380,3010,171.0,1.0,0.386877828
3381,3055,134.0,1.0,0.195050946
3382,2845,42.0,1.0,0.008618921
3383,2970,162.0,1.0,0.434316354
3384,3162,13.0,1.0,0.146067416
3385,3489,9.0,1.0,0.529411765
3386,3169,64.0,1.0,0.102728732
3387,3611,156.0,1.0,0.241112828
3388,3343,21.0,1.0,0.009032258
3389,3289,68.0,1.0,0.417177914
3390,3436,84.0,1.0,0.326848249
3391,2895,8.0,0.727272727,0.666666667
3392,3198,11.0,1.0,0.078571429
3393,3089,20.0,1.0,0.714285714
3394,3354,58.0,1.0,0.108614232
3395,3253,55.0,1.0,0.443548387
3396,3149,18.0,1.0,0.042553191
3397,3145,467.0,0.997863248,0.259156493
3398,3115,13.0,0.764705882,0.764705882
3399,2956,25.0,1.0,0.049115914
3400,3093,193.0,1.0,0.058080048
3401,3407,15.0,1.0,0.064377682
3402,3392,12.0,1.0,0.631578947
3404,2806,16.0,0.941176471,0.533333333
3405,2365,6.0,0.4,1.0
3407,3133,21.0,1.0,0.42
3408,3426,60.0,1.0,0.143198091
3409,2790,27.0,1.0,0.053571429
3410,2191,7.0,0.7,1.0
3411,2821,11.0,1.0,0.010556622
3413,3910,3.0,0.6,0.75
3415,3553,5.0,0.454545455,1.0
3416,2709,19.0,1.0,0.008436945
3418,3500,9.0,1.0,0.391304348
3420,3561,35.0,1.0,0.090206186
3421,2044,6.0,1.0,1.0
3422,2916,52.0,1.0,0.481481481
3424,2784,12.0,0.255319149,0.5
3425,3357,2.0,0.083333333,0.005797101
3429,3376,81.0,1.0,0.253125
3430,3050,17.0,1.0,0.472222222
3433,3057,34.0,1.0,0.02300406
3435,3055,9.0,0.375,0.013100437
3435,3260,10.0,0.416666667,0.064102564
3436,3221,119.0,1.0,0.326923077
3437,3025,145.0,1.0,0.168213457
3438,3213,20.0,1.0,0.114942529
3439,3535,11.0,1.0,0.323529412
3440,3271,165.0,0.993975904,0.340206186
3441,3654,33.0,1.0,0.66
3442,3343,26.0,1.0,0.011182796
3443,3340,25.0,1.0,0.017313019
3444,3484,25.0,1.0,0.595238095
3445,2836,10.0,1.0,0.666666667
3446,3300,80.0,1.0,0.163265306
3447,3401,45.0,1.0,0.071884984
3448,3306,11.0,0.785714286,0.846153846
3449,3200,228.0,1.0,0.236024845
3450,3247,23.0,0.92,0.425925926
3451,3166,48.0,1.0,0.564705882
3452,3116,42.0,1.0,0.042211055
3453,3144,29.0,1.0,0.050259965
3454,3454,65.0,1.0,0.164974619
3455,3016,43.0,1.0,0.033884949
3456,3487,24.0,1.0,0.75
3459,2476,34.0,1.0,0.255639098
3460,3184,41.0,1.0,0.532467532
3461,3473,54.0,0.981818182,0.199261993
3462,2728,25.0,1.0,0.052521008
3463,2334,13.0,0.764705882,0.928571429
3464,4710,48.0,0.923076923,0.023587224
3465,3983,39.0,0.8125,0.975
3466,3280,27.0,0.9,0.025543992
3467,3597,6.0,0.6,0.857142857
3468,2831,104.0,0.981132075,0.316109422
3470,3546,23.0,1.0,0.306666667
3472,3647,178.0,1.0,0.221393035
3474,2860,30.0,0.9375,0.422535211
3477,3451,11.0,1.0,0.44
3479,3191,31.0,0.911764706,0.303921569
3480,3317,9.0,0.9,0.75
3482,3102,23.0,0.92,0.741935484
3484,3223,9.0,1.0,0.642857143
3485,3057,22.0,1.0,0.01488498
3486,3165,96.0,0.849557522,0.872727273
3487,3361,136.0,1.0,0.150276243
3488,2845,15.0,0.9375,0.003078186
3489,2859,34.0,1.0,0.03655914
3491,3666,20.0,0.952380952,0.454545455
3492,3321,16.0,1.0,0.421052632
3493,3611,14.0,1.0,0.021638331
3494,3343,208.0,1.0,0.089462366
3495,3340,29.0,1.0,0.020083102
3496,3530,17.0,1.0,0.288135593
3497,2950,4.0,1.0,0.25
3498,3249,57.0,1.0,0.138686131
3499,3448,21.0,1.0,0.032307692
3500,3355,5.0,0.714285714,0.833333333
3501,2993,24.0,1.0,0.014732965
3502,3298,12.0,1.0,0.48
3504,3269,34.0,1.0,0.030520646
3505,3246,21.0,1.0,0.03633218
3506,3548,33.0,1.0,0.096491228
3509,3031,78.0,0.987341772,0.624
3510,2433,15.0,0.789473684,1.0
3511,2542,34.0,1.0,0.278688525
3512,3337,1756.0,1.0,0.462714097
3513,2728,72.0,1.0,0.151260504
3514,3521,30.0,1.0,0.245901639
3515,2402,11.0,0.785714286,1.0
3516,3350,79.0,0.849462366,0.675213675
3517,4018,36.0,0.923076923,0.529411765
3519,2890,69.0,0.945205479,0.503649635
3522,3633,76.0,1.0,0.4
3524,3691,10.0,1.0,0.008347245
3525,2119,8.0,1.0,0.888888889
3526,2971,41.0,1.0,0.305970149
3528,2722,36.0,1.0,0.229299363
3532,3265,10.0,0.909090909,0.238095238
3533,3423,67.0,1.0,0.320574163
3534,3153,44.0,0.977777778,0.458333333
3535,3336,20.0,1.0,0.350877193
3536,3274,41.0,1.0,0.50617284
3538,3062,66.0,0.985074627,0.515625
3539,3361,54.0,1.0,0.059668508
3540,2845,196.0,0.933333333,0.040221629
3540,3221,12.0,0.057142857,0.032967033
3541,3077,31.0,1.0,0.164021164
3542,3264,37.0,1.0,0.163716814
3543,3622,10.0,1.0,0.322580645
3545,3744,14.0,1.0,0.097222222
3546,3343,51.0,1.0,0.021935484
3547,3340,199.0,1.0,0.137811634
3548,3574,20.0,1.0,0.487804878
3549,3006,14.0,1.0,0.333333333
3550,3147,11.0,1.0,0.002576112
3551,3099,22.0,1.0,0.011276269
3553,3302,36.0,1.0,0.035259549
3554,3349,19.0,1.0,0.59375
3555,3217,43.0,1.0,0.447916667
3556,3269,34.0,1.0,0.030520646
3558,3502,28.0,1.0,0.067961165
3559,3068,30.0,1.0,0.048543689
3560,3533,9.0,1.0,0.642857143
3561,3135,13.0,1.0,0.5
3562,2499,52.0,1.0,0.658227848
3563,2608,150.0,1.0,0.285171103
3564,3286,120.0,1.0,0.46692607
3565,2790,27.0,1.0,0.053571429
3566,3565,47.0,1.0,0.248677249
3567,2470,18.0,0.75,0.9
3568,4710,9.0,0.5,0.004422604
3570,3280,851.0,0.938257993,0.805108798
3570,3331,27.0,0.029768467,0.72972973
3571,2709,22.0,1.0,0.009769094
3572,3640,15.0,1.0,0.882352941
3573,3362,4.0,0.571428571,1.0
3574,912,17.0,0.80952381,0.653846154
3576,3691,507.0,0.998031496,0.423205342
3578,3026,29.0,1.0,0.432835821
3581,3499,10.0,1.0,0.4
3582,2492,50.0,0.495049505,0.260416667
3583,3242,9.0,1.0,0.473684211
3584,3365,17.0,1.0,0.5
3585,3470,90.0,1.0,0.254237288
3586,3255,234.0,1.0,0.370839937
3587,3234,73.0,0.682242991,0.100968188
3589,3057,67.0,1.0,0.045331529
3590,3216,31.0,1.0,0.352272727
3591,3260,29.0,1.0,0.185897436
3592,2845,26.0,0.896551724,0.005335522
3593,3129,115.0,1.0,0.157318741
3594,3364,25.0,1.0,0.581395349
3595,3712,10.0,1.0,0.434782609
3596,3369,45.0,1.0,0.652173913
3597,3611,8.0,1.0,0.01236476
3598,3343,42.0,1.0,0.018064516
3599,3387,17.0,1.0,0.708333333
3600,3617,19.0,1.0,0.193877551
3601,3058,15.0,1.0,0.6
3602,3351,23.0,1.0,0.14556962
3603,3401,22.0,1.0,0.03514377
3604,3497,17.0,0.80952381,0.944444444
3605,3353,66.0,1.0,0.058201058
3606,3396,20.0,1.0,0.714285714
3607,3268,32.0,1.0,0.380952381
3608,3269,36.0,1.0,0.032315978
3609,3297,33.0,1.0,0.072527473
3610,3592,20.0,1.0,0.333333333
3611,3120,15.0,1.0,0.035377358
3612,3577,14.0,1.0,0.777777778
3613,3186,72.0,0.847058824,0.847058824
3615,2608,42.0,1.0,0.079847909
3616,3286,63.0,0.649484536,0.245136187
3616,3337,22.0,0.226804124,0.005797101
3617,2907,81.0,1.0,0.164634146
3618,3608,201.0,1.0,0.219672131
3619,2821,11.0,1.0,0.010556622
3620,2536,5.0,0.555555556,1.0
3622,3425,33.0,0.846153846,0.6
3623,3001,14.0,1.0,0.482758621
3624,3684,56.0,0.823529412,0.658823529
3627,3677,72.0,1.0,0.176904177
3629,2193,18.0,0.9,0.818181818
3633,3545,13.0,1.0,0.5
3635,3344,4.0,0.25,0.059701493
3636,3412,5.0,1.0,0.25
3637,3518,41.0,0.911111111,0.436170213
3638,3204,4.0,0.666666667,0.063492063
3640,3324,13.0,1.0,0.017241379
3641,3057,39.0,1.0,0.026387009
3642,3209,140.0,1.0,0.16969697
3643,3267,18.0,0.947368421,0.461538462
3644,2845,72.0,0.972972973,0.014775292
3645,3180,28.0,1.0,0.083832335
3646,3316,16.0,1.0,0.152380952
3647,3753,9.0,1.0,0.692307692
3648,3416,26.0,1.0,0.393939394
3649,3859,25.0,1.0,0.238095238
3650,3485,33.0,1.0,0.006564551
3651,3434,52.0,0.981132075,0.307692308
3652,3661,20.0,1.0,0.540540541
3653,3110,10.0,1.0,0.454545455
3654,3147,19.0,1.0,0.004449649
3655,3586,45.0,1.0,0.030384875
3656,3543,32.0,1.0,0.492307692
3657,3400,42.0,1.0,0.051980198
3658,3443,12.0,1.0,0.571428571
3659,3319,6.0,1.0,0.75
3660,3041,44.0,1.0,0.02037037
3661,3635,22.0,1.0,0.0969163
3662,3171,176.0,1.0,0.066920152
3663,3664,6.0,0.75,1.0
3664,3288,12.0,1.0,0.52173913
3666,2734,81.0,1.0,0.203007519
3668,2850,117.0,1.0,0.141818182
3669,3651,82.0,0.976190476,0.193396226
3670,3981,2.0,0.153846154,0.000459982
3671,2602,7.0,0.636363636,1.0
3672,4225,6.0,0.857142857,1.0
3673,3472,118.0,0.975206612,0.659217877
3675,3730,49.0,0.98,0.644736842
3676,3409,5.0,0.357142857,1.0
3678,3764,11.0,1.0,0.366666667
3679,3691,5.0,0.227272727,0.004173623
3683,2843,13.0,0.928571429,0.541666667
3684,3589,54.0,0.947368421,0.394160584
3685,2289,8.0,1.0,0.007744434
3686,3293,32.0,1.0,0.081632653
3687,3596,68.0,0.764044944,0.307692308
3689,3307,36.0,1.0,0.610169492
3690,3430,24.0,1.0,0.380952381
3691,3372,10.0,1.0,0.434782609
3692,3160,20.0,1.0,0.069444444
3693,3312,60.0,1.0,0.175953079
3694,2845,1.0,0.035714286,0.000205212
3695,2859,34.0,1.0,0.03655914
3696,3551,11.0,1.0,0.076388889
3697,3830,16.0,1.0,0.8
3698,3463,16.0,0.941176471,0.571428571
3699,3611,22.0,1.0,0.034003091
3700,3485,1020.0,1.0,0.202904317
3701,3528,21.0,1.0,0.291666667
3702,3708,41.0,1.0,0.585714286
3703,3161,10.0,1.0,0.454545455
3704,3147,24.0,1.0,0.005620609
3705,3799,18.0,1.0,0.010078387
3706,3720,8.0,0.8,0.8
3707,3447,24.0,1.0,0.044444444
3708,3145,13.0,1.0,0.007214206
3709,3367,85.0,1.0,0.341365462
3710,3395,31.0,1.0,0.106896552
3711,3679,31.0,1.0,0.078282828
3712,3222,415.0,1.0,0.099258551
3713,3339,42.0,1.0,0.403846154
3714,2565,5.0,0.454545455,1.0
3717,2962,23.0,1.0,0.090196078
3718,3741,18.0,1.0,0.104651163
3719,2821,3.0,0.428571429,0.002879079
3720,2668,16.0,0.941176471,0.592592593
3722,2709,11.0,1.0,0.004884547
3723,3520,31.0,0.837837838,0.837837838
3726,3841,11.0,1.0,0.25
3727,3691,24.0,1.0,0.020033389
3732,3632,43.0,1.0,0.405660377
3734,3344,17.0,1.0,0.253731343
3736,3649,24.0,0.96,0.269662921
3737,3356,21.0,1.0,0.488372093
3738,3234,29.0,1.0,0.04011065
3739,3324,228.0,1.0,0.302387268
3740,3211,11.0,1.0,0.013157895
3742,2845,59.0,1.0,0.012107531
3743,3231,37.0,1.0,0.089156627
3744,3458,18.0,1.0,0.321428571
3745,3905,16.0,0.888888889,0.285714286
3746,3511,48.0,1.0,0.305732484
3747,4040,47.0,1.0,0.052808989
3748,3531,23.0,1.0,0.05399061
3749,3572,21.0,1.0,0.2625
3750,3749,19.0,1.0,0.487179487
3752,3147,11.0,1.0,0.002576112
3753,3401,46.0,1.0,0.073482428
3754,3800,8.0,1.0,0.666666667
3755,3145,44.0,0.977777778,0.024417314
3756,3495,50.0,1.0,0.03968254
3757,3414,23.0,1.0,0.433962264
3758,3442,24.0,1.0,0.068571429
3759,3725,14.0,1.0,0.061403509
3760,3222,21.0,1.0,0.005022722
3761,3386,13.0,0.866666667,0.764705882
3762,2631,8.0,1.0,0.888888889
3763,2796,26.0,1.0,0.222222222
3766,3780,182.0,1.0,0.185147508
3767,4710,44.0,0.897959184,0.021621622
3768,2730,14.0,0.823529412,0.518518519
3770,3053,27.0,1.0,0.204545455
3774,2266,10.0,0.769230769,0.833333333
3776,3181,32.0,1.0,0.727272727
3777,2957,5.0,0.833333333,1.0
3778,3676,41.0,1.0,0.460674157
3780,3438,145.0,0.993150685,0.25483304
3781,3507,17.0,1.0,0.53125
3783,3403,17.0,1.0,0.288135593
3784,3234,58.0,1.0,0.0802213
3786,3057,31.0,0.688888889,0.02097429
3787,3408,40.0,1.0,0.153846154
3789,3282,28.0,1.0,0.129032258
3790,3506,28.0,1.0,0.571428571
3791,3941,16.0,0.941176471,0.41025641
3792,4005,73.0,1.0,0.384210526
3793,3485,39.0,1.0,0.007758106
3794,3615,30.0,0.967741935,0.230769231
3795,3788,24.0,1.0,0.161073826
3796,3212,12.0,1.0,0.52173913
3797,3147,28.0,1.0,0.006557377
3798,3760,30.0,1.0,0.047095761
3800,3145,32.0,1.0,0.017758047
3801,3541,86.0,1.0,0.066001535
3802,3509,23.0,1.0,0.273809524
3803,3093,26.0,1.0,0.007824255
3804,3766,41.0,1.0,0.11884058
3805,3323,43.0,1.0,0.045696068
3806,3433,71.0,0.865853659,0.806818182
3809,3656,389.0,0.989821883,0.544055944
3810,3018,27.0,1.0,0.178807947
3811,3818,232.0,1.0,0.133256749
3812,3981,21.0,1.0,0.004829807
3813,2792,19.0,1.0,0.463414634
3814,4392,9.0,0.9,0.9
3815,2709,13.0,1.0,0.005772647
3816,3456,9.0,0.5625,1.0
3818,3879,52.0,1.0,0.276595745
3819,2336,16.0,0.842105263,1.0
3821,3078,81.0,1.0,0.291366906
3822,3013,9.0,1.0,0.473684211
3823,3722,130.0,1.0,0.40247678
3824,2358,27.0,1.0,0.402985075
3826,3639,6.0,0.315789474,0.333333333
3827,3693,23.0,1.0,0.203539823
3828,3450,23.0,1.0,0.247311828
3829,3612,74.0,1.0,0.299595142
3830,3324,14.0,1.0,0.018567639
3831,3211,199.0,1.0,0.238038278
3832,3455,35.0,1.0,0.104790419
3834,3380,28.0,1.0,0.108108108
3835,3551,23.0,1.0,0.159722222
3836,3978,17.0,1.0,0.515151515
3837,4040,311.0,1.0,0.349438202
3838,3618,36.0,1.0,0.052863436
3839,3658,40.0,1.0,0.273972603
3840,3826,16.0,1.0,0.372093023
3841,3263,14.0,1.0,0.29787234
3842,3445,12.0,1.0,0.056872038
3843,3719,112.0,1.0,0.136253041
3844,3838,42.0,0.976744186,0.807692308
3845,3145,161.0,1.0,0.089345172
3846,3585,32.0,1.0,0.027826087
3847,3554,12.0,1.0,0.363636364
3848,3490,20.0,1.0,0.037037037
3849,3881,12.0,1.0,0.004451039
3850,3222,21.0,1.0,0.005022722
3852,2694,12.0,0.75,0.857142857
3853,2856,45.0,1.0,0.409090909
3854,3570,22.0,1.0,0.666666667
3856,3856,73.0,1.0,0.112307692
3857,4710,12.0,1.0,0.005896806
3858,2852,81.0,0.975903614,0.9
3860,3207,141.0,0.658878505,0.363402062
3864,2404,5.0,0.714285714,0.833333333
3866,3130,23.0,1.0,0.353846154
3867,2902,12.0,1.0,0.181818182
3868,3802,29.0,1.0,0.483333333
3869,2289,78.0,1.0,0.075508228
3871,3552,9.0,1.0,0.45
3873,3544,10.0,1.0,0.625
3874,3569,221.0,1.0,0.349683544
3876,3262,26.0,1.0,0.228070175
3877,3503,36.0,1.0,0.18
3878,2845,7.0,0.28,0.001436487
3879,1642,18.0,1.0,0.001729605
3880,3595,55.0,1.0,0.161290323
3881,4048,530.0,0.992509363,0.284487386
3882,4108,22.0,1.0,0.090909091
3883,3485,45.0,1.0,0.008951661
3884,3701,28.0,1.0,0.424242424
3885,3864,36.0,1.0,0.5
3886,3315,86.0,1.0,0.281045752
3887,3626,14.0,0.036939314,0.042553191
3888,3799,685.0,1.0,0.383538634
3889,3876,19.0,1.0,0.542857143
3890,3624,40.0,1.0,0.408163265
3891,3628,49.0,1.0,0.047526673
3893,3580,25.0,1.0,0.011579435
3894,3881,43.0,1.0,0.015949555
3895,3371,47.0,1.0,0.051762115
3896,3480,50.0,0.925925926,0.819672131
3898,2912,18.0,1.0,0.315789474
3899,3337,11.0,1.0,0.002898551
3901,3893,19.0,1.0,0.128378378
3902,2935,9.0,1.0,0.020361991
3905,3310,112.0,1.0,0.462809917
3906,3504,17.0,0.80952381,0.607142857
3908,3916,21.0,1.0,0.388888889
3909,1559,91.0,0.989130435,0.551515152
3910,3232,47.0,1.0,0.28313253
3912,3763,20.0,1.0,0.281690141
3913,2492,4.0,0.210526316,0.020833333
3915,3683,8.0,1.0,0.8
3917,3498,19.0,0.95,0.612903226
3920,3057,353.0,0.994366197,0.238836265
3921,3549,356.0,0.99719888,0.196035242
3922,2845,30.0,1.0,0.006156372
3923,3427,28.0,1.0,0.066985646
3924,3638,10.0,1.0,0.303030303
3925,4013,8.0,1.0,0.533333333
3926,4108,29.0,1.0,0.119834711
3927,3709,34.0,1.0,0.035564854
3928,3747,22.0,1.0,0.31884058
3929,3901,28.0,1.0,0.56
3930,3363,14.0,1.0,0.4375
3931,3493,7.0,0.875,0.636363636
3931,4132,1.0,0.125,0.027027027
3932,3586,32.0,1.0,0.021607022
3934,3145,27.0,1.0,0.014983352
3935,3672,40.0,1.0,0.046136101
3936,3848,36.0,0.972972973,0.113924051
3937,3580,16.0,1.0,0.007410838
3938,3881,467.0,1.0,0.173219585
3939,3418,23.0,1.0,0.027811366
3943,3337,1.0,0.002096436,0.000263505
3943,3700,476.0,0.997903564,0.42690583
3944,3070,76.0,1.0,0.121019108
3945,3930,23.0,1.0,0.108490566
3946,2821,12.0,1.0,0.011516315
3947,2964,16.0,0.888888889,0.8
3949,3207,19.0,0.791666667,0.048969072
3951,3988,31.0,1.0,0.455882353
3952,1650,11.0,0.5,0.916666667
3953,3283,46.0,1.0,0.389830508
3954,3117,18.0,0.857142857,0.857142857
3955,3878,15.0,1.0,0.405405405
3956,2426,22.0,0.666666667,0.916666667
3957,3486,25.0,1.0,0.347222222
3958,3729,16.0,1.0,0.333333333
3960,3631,82.0,1.0,0.28975265
3961,3655,17.0,1.0,0.257575758
3962,3514,26.0,0.962962963,0.419354839
3963,3160,28.0,0.965517241,0.097222222
3964,3593,41.0,1.0,0.151291513
3965,3557,25.0,0.961538462,0.454545455
3966,1642,85.0,0.988372093,0.00816758
3967,3682,29.0,1.0,0.263636364
3968,4082,157.0,1.0,0.360091743
3969,4144,12.0,1.0,0.151898734
3970,3750,55.0,1.0,0.051258155
3972,3938,37.0,1.0,0.606557377
3973,3410,15.0,1.0,0.517241379
3974,3539,103.0,0.971698113,0.102691924
3975,3875,27.0,1.0,0.089108911
3976,3913,13.0,1.0,0.419354839
3977,3714,14.0,1.0,0.5
3978,3718,256.0,1.0,0.072810011
3980,3869,19.0,1.0,0.037848606
3981,3918,32.0,1.0,0.163265306
3983,3527,11.0,0.611111111,0.785714286
3985,2967,27.0,1.0,0.214285714
3986,3337,132.0,0.977777778,0.034782609
3986,3700,3.0,0.022222222,0.002690583
3987,3122,57.0,1.0,0.189368771
3988,3967,41.0,1.0,0.301470588
3989,2821,22.0,1.0,0.021113244
3990,3020,20.0,1.0,0.769230769
3991,4458,7.0,0.538461538,1.0
3992,3406,15.0,0.517241379,0.9375
3993,1036,217.0,0.995412844,0.434
3994,3953,16.0,1.0,0.155339806
3996,3428,40.0,1.0,0.06006006
3998,3915,9.0,1.0,0.157894737
3999,2289,19.0,0.188118812,0.01839303
4000,3532,19.0,1.0,0.158333333
4003,3675,15.0,1.0,0.340909091
4004,3569,18.0,0.580645161,0.028481013
4005,3559,14.0,0.823529412,0.666666667
4006,3636,92.0,0.958333333,0.381742739
4007,3600,17.0,0.386363636,0.485714286
4007,3687,7.0,0.159090909,0.046052632
4008,3522,334.0,1.0,0.148115299
4011,4178,40.0,1.0,0.222222222
4012,3789,275.0,1.0,0.086559647
4013,3786,94.0,0.969072165,0.396624473
4014,3975,46.0,1.0,0.13897281
4015,3457,72.0,1.0,0.246575342
4016,3583,42.0,1.0,0.204878049
4017,3912,112.0,1.0,0.070662461
4020,3759,30.0,1.0,0.026223776
4021,3848,156.0,0.993630573,0.493670886
4022,3580,257.0,1.0,0.119036591
4023,3955,36.0,1.0,0.055900621
4025,3571,42.0,1.0,0.7
4027,3022,93.0,1.0,0.225181598
4028,3337,4.0,0.137931034,0.001054018
4028,3861,24.0,0.827586207,0.097165992
4029,3173,17.0,1.0,0.232876712
4030,4002,13.0,1.0,0.265306122
4031,2821,59.0,1.0,0.056621881
4032,3072,9.0,0.75,0.9
4034,3453,121.0,0.930769231,0.64021164
4036,4128,22.0,1.0,0.117647059
4038,3428,17.0,0.944444444,0.025525526
4040,3952,13.0,1.0,0.302325581
4042,3532,8.0,0.8,0.066666667
4043,3770,10.0,1.0,0.714285714
4048,3680,57.0,1.0,0.093596059
4049,3643,19.0,1.0,0.475
4050,3566,23.0,1.0,0.140243902
4051,3728,12.0,1.0,0.413793103
4052,4048,53.0,1.0,0.028448739
4053,4212,57.0,1.0,0.375
4055,3865,103.0,1.0,0.081038552
4056,4010,121.0,1.0,0.34180791
4057,3505,5.0,1.0,0.555555556
4058,3626,75.0,1.0,0.227963526
4059,3949,64.0,0.941176471,0.065708419
4060,1245,17.0,0.395348837,0.032692308
4060,3950,19.0,0.441860465,0.542857143
4061,3755,14.0,1.0,0.205882353
4062,3798,67.0,1.0,0.046398892
4063,3731,20.0,0.952380952,0.350877193
4064,3667,204.0,1.0,0.108337759
4065,3990,16.0,1.0,0.09039548
4066,3513,13.0,1.0,0.119266055
4068,2756,5.0,0.555555556,1.0
4070,3861,70.0,1.0,0.28340081
4071,3224,76.0,1.0,0.19895288
4072,2821,3.0,0.5,0.002879079
4073,4072,22.0,1.0,0.103773585
4074,3124,8.0,0.888888889,1.0
4075,4524,20.0,0.833333333,0.740740741
4076,3501,20.0,1.0,0.377358491
4078,4058,18.0,0.9,0.782608696
4079,1740,39.0,1.0,0.448275862
4080,3428,8.0,0.32,0.012012012
4081,3065,2.0,0.029411765,0.034482759
4081,3320,59.0,0.867647059,0.453846154
4082,3987,26.0,1.0,0.448275862
4086,3721,30.0,1.0,0.337078652
4087,3699,22.0,0.956521739,0.314285714
4088,3854,59.0,1.0,0.567307692
4089,3602,23.0,1.0,0.479166667
4090,3726,67.0,1.0,0.345360825
4091,3687,1.0,0.125,0.006578947
4092,3652,759.0,1.0,0.19647942
4093,3769,16.0,1.0,0.115107914
4094,4152,15.0,1.0,0.254237288
4095,4279,20.0,1.0,0.444444444
4097,4045,25.0,1.0,0.367647059
4098,3902,33.0,1.0,0.061797753
4099,3550,7.0,1.0,0.388888889
4100,3670,22.0,1.0,0.068322981
4101,3799,32.0,1.0,0.017917133
4102,3794,30.0,1.0,0.416666667
4103,3836,24.0,1.0,0.024590164
4104,3685,10.0,1.0,0.434782609
4105,3713,86.0,1.0,0.093579978
4106,4025,39.0,1.0,0.198979592
4109,2816,20.0,0.8,0.952380952
4111,3337,53.0,1.0,0.013965744
4112,3275,44.0,1.0,0.085603113
4113,3397,15.0,1.0,0.100671141
4114,4106,14.0,1.0,0.269230769
4115,3175,7.0,0.875,1.0
4117,3547,10.0,0.909090909,0.555555556
4118,1150,65.0,0.902777778,0.326633166
4119,4092,10.0,1.0,0.277777778
4122,3168,8.0,1.0,0.421052632
4123,4091,46.0,0.978723404,0.489361702
4124,2558,9.0,1.0,0.290322581
4125,3576,20.0,1.0,0.350877193
4126,3809,9.0,1.0,0.346153846
4128,3854,3.0,0.107142857,0.028846154
4129,3745,38.0,0.95,0.160337553
4131,3919,124.0,0.992,0.125506073
4132,3687,50.0,0.925925926,0.328947368
4133,3609,66.0,1.0,0.060054595
4134,3808,192.0,1.0,0.198552223
4135,4186,3.0,1.0,1.0
4136,4312,10.0,1.0,0.5
4137,3824,22.0,1.0,0.578947368
4138,4079,31.0,1.0,0.356321839
4139,3594,39.0,1.0,0.188405797
4140,3716,37.0,0.860465116,0.121311475
4141,4020,27.0,1.0,0.083076923
4142,3832,11.0,1.0,0.523809524
4143,3911,43.0,1.0,0.026891807
4144,3771,13.0,0.928571429,0.619047619
4145,3754,46.0,1.0,0.077051926
4146,3881,18.0,1.0,0.006676558
4149,3614,20.0,1.0,0.540540541
4150,3074,70.0,1.0,0.214723926
4151,3972,87.0,1.0,0.47027027
4152,3326,101.0,1.0,0.213983051
4153,3397,18.0,1.0,0.120805369
4154,4142,27.0,1.0,0.333333333
4155,3226,930.0,0.970772443,0.682318415
4156,4652,16.0,0.761904762,0.761904762
4157,3591,14.0,1.0,0.4375
4159,4128,31.0,1.0,0.165775401
4163,4263,9.0,1.0,0.333333333
4164,2289,26.0,1.0,0.025169409
4165,3619,52.0,1.0,0.331210191
4166,3847,10.0,1.0,0.3125
4167,3762,10.0,1.0,0.5
4168,3745,42.0,0.933333333,0.17721519
4170,3767,31.0,1.0,0.319587629
4172,3696,69.0,1.0,0.104545455
4174,4220,9.0,1.0,0.5
4175,4346,143.0,0.993055556,0.325
4176,3862,34.0,1.0,0.361702128
4177,4114,51.0,1.0,0.251231527
4178,3637,10.0,1.0,0.416666667
4179,3757,19.0,1.0,0.101604278
4180,4159,18.0,1.0,0.005913272
4181,3870,14.0,1.0,0.2
4182,3911,185.0,1.0,0.115697311
4183,3810,215.0,1.0,0.392335766
4184,3793,478.0,1.0,0.149095446
4185,3881,11.0,1.0,0.004080119
4187,2875,15.0,1.0,0.9375
4188,3657,14.0,0.933333333,0.7
4191,3373,26.0,1.0,0.125603865
4192,3397,9.0,1.0,0.060402685
4193,4176,31.0,1.0,0.22962963
4194,3277,21.0,0.954545455,0.75
4196,3634,21.0,1.0,0.190909091
4197,1150,4.0,1.0,0.020100503
4199,3428,231.0,1.0,0.346846847
4201,3270,112.0,0.888888889,0.055638351
4202,4296,11.0,1.0,0.275
4204,3663,12.0,1.0,0.25
4205,3885,7.0,1.0,1.0
4206,3801,15.0,0.789473684,0.75
4208,3689,12.0,1.0,0.5
4209,3882,89.0,0.967391304,0.243835616
4210,3733,12.0,0.923076923,0.52173913
4211,3742,26.0,1.0,0.048689139
4212,3846,142.0,1.0,0.195323246
4214,4379,40.0,1.0,0.597014925
4215,3899,23.0,1.0,0.112745098
4218,3872,46.0,1.0,0.122340426
4219,4159,37.0,1.0,0.012155059
4220,3907,22.0,1.0,0.170542636
4221,3948,21.0,1.0,0.043933054
4222,3848,8.0,0.8,0.025316456
4223,3869,31.0,1.0,0.061752988
4224,4094,15.0,1.0,0.140186916
4226,2931,7.0,1.0,0.538461538
4227,3074,33.0,0.942857143,0.101226994
4228,4007,72.0,1.0,0.411428571
4230,3715,67.0,0.957142857,0.437908497
4230,4710,3.0,0.042857143,0.001474201
4231,4210,15.0,1.0,0.161290323
4233,4682,8.0,0.615384615,1.0
4234,3678,11.0,1.0,0.34375
4235,1150,2.0,0.285714286,0.010050251
4237,3475,40.0,0.975609756,0.412371134
4238,1827,28.0,1.0,0.666666667
4240,4330,26.0,0.962962963,0.541666667
4241,2289,21.0,1.0,0.020329138
4242,3751,21.0,1.0,0.368421053
4243,3922,13.0,1.0,0.481481481
4244,3839,15.0,1.0,0.348837209
4246,3735,6.0,1.0,0.5
4247,3919,148.0,1.0,0.149797571
4249,3652,31.0,1.0,0.008024851
4250,3884,29.0,1.0,0.136150235
4251,4287,8.0,1.0,0.296296296
4253,3936,24.0,1.0,0.161073826
4254,4149,55.0,1.0,0.163690476
4255,3727,7.0,1.0,0.4375
4256,4125,53.0,1.0,0.034460338
4257,3909,79.0,1.0,0.05687545
4258,3943,33.0,1.0,0.423076923
4259,3886,91.0,1.0,0.764705882
4260,3984,86.0,1.0,0.067240031
4262,4130,20.0,0.952380952,0.152671756
4263,3558,45.0,1.0,0.04174397
4264,2986,8.0,0.615384615,1.0
4265,3126,29.0,1.0,0.163841808
4266,4042,22.0,1.0,0.75862069
4267,4710,48.0,0.941176471,0.023587224
4268,3420,27.0,1.0,0.236842105
4269,4244,29.0,1.0,0.175757576
4270,3375,15.0,0.714285714,0.882352941
4272,3724,12.0,0.923076923,0.4
4274,4196,37.0,1.0,0.23566879
4275,3428,24.0,0.96,0.036036036
4276,1909,14.0,1.0,0.411764706
4277,3270,504.0,0.992125984,0.250372578
4278,4363,5.0,1.0,0.333333333
4279,2289,6.0,0.098360656,0.005808325
4280,3790,17.0,1.0,0.100591716
4281,3994,8.0,1.0,0.727272727
4282,3877,33.0,1.0,0.358695652
4285,3956,204.0,1.0,0.020218038
4286,3773,18.0,0.5,0.36
4287,3819,28.0,1.0,0.064073227
4288,3921,28.0,1.0,0.170731707
4289,4320,31.0,1.0,0.632653061
4291,3973,16.0,1.0,0.231884058
4292,4183,47.0,1.0,0.505376344
4293,3594,11.0,1.0,0.053140097
4294,4159,50.0,1.0,0.016425756
4295,3946,23.0,1.0,0.063711911
4298,4054,28.0,1.0,0.029946524
4299,3906,14.0,1.0,0.168674699
4300,4164,44.0,0.936170213,0.255813953
4301,3601,64.0,1.0,0.0625
4303,3177,13.0,1.0,0.209677419
4304,4076,17.0,1.0,0.303571429
4305,3981,148.0,0.439169139,0.034038638
4305,4121,134.0,0.397626113,0.606334842
4305,4710,40.0,0.118694362,0.01965602
4306,3515,70.0,1.0,0.115511551
4307,4310,28.0,1.0,0.152173913
4308,3422,26.0,0.684210526,0.530612245
4309,4739,7.0,0.7,1.0
4310,3634,1.0,0.1,0.009090909
4312,4230,19.0,1.0,0.413043478
4313,3567,60.0,0.983606557,0.631578947
4315,3368,18.0,1.0,0.243243243
4316,4396,128.0,1.0,0.296983759
4317,2624,66.0,0.970588235,0.241758242
4318,3903,37.0,0.973684211,0.425287356
4319,4029,42.0,1.0,0.466666667
4320,3914,11.0,1.0,0.44
4321,3897,42.0,1.0,0.442105263
4322,3775,8.0,1.0,0.470588235
4323,3991,171.0,0.988439306,0.233287858
4324,3812,31.0,0.756097561,0.442857143
4325,3857,35.0,1.0,0.020624632
4326,3958,57.0,1.0,0.102702703
4327,4354,60.0,1.0,0.526315789
4328,4412,63.0,1.0,0.266949153
4329,3899,16.0,1.0,0.078431373
4330,4251,10.0,1.0,0.5
4331,3768,6.0,1.0,0.5
4332,4159,321.0,1.0,0.105453351
4333,3982,76.0,1.0,0.10966811
4334,3980,33.0,1.0,0.275
4335,3923,7.0,1.0,0.538461538
4336,4088,47.0,1.0,0.040343348
4337,3942,73.0,1.0,0.102240896
4338,4198,28.0,0.965517241,0.162790698
4339,3644,72.0,1.0,0.050209205
4340,3039,15.0,0.9375,0.833333333
4341,3228,29.0,1.0,0.126637555
4342,4110,21.0,0.954545455,0.724137931
4343,3981,29.0,0.90625,0.006669733
4344,3515,38.0,1.0,0.062706271
4345,4377,20.0,1.0,0.377358491
4348,3765,5.0,1.0,0.416666667
4350,4264,17.0,1.0,0.739130435
4351,3610,19.0,1.0,0.37254902
4352,1988,11.0,1.0,0.423076923
4353,3270,5.0,0.416666667,0.002483855
4354,4528,14.0,0.875,0.7
4356,3828,250.0,1.0,0.287026406
4357,3959,5.0,1.0,0.555555556
4358,3951,17.0,0.85,0.772727273
4359,4280,45.0,1.0,0.045226131
4360,3813,12.0,1.0,0.666666667
4361,4026,69.0,1.0,0.160839161
4362,3850,66.0,0.985074627,0.377142857
4363,3652,26.0,1.0,0.00673052
4364,3993,110.0,1.0,0.122222222
4365,4387,24.0,1.0,0.32
4366,4445,88.0,0.967032967,0.203703704
4367,4008,16.0,1.0,0.470588235
4368,4284,15.0,1.0,0.384615385
4369,3807,5.0,0.833333333,0.625
4370,4193,25.0,1.0,0.10373444
4371,4017,11.0,1.0,0.079710145
4372,4015,11.0,1.0,0.55
4373,3995,11.0,1.0,0.11
4374,4124,35.0,1.0,0.04985755
4375,3979,18.0,1.0,0.051724138
4376,4232,123.0,1.0,0.182222222
4378,3091,13.0,0.928571429,0.8125
4379,3279,33.0,0.942857143,0.297297297
4380,4146,58.0,1.0,0.46031746
4381,2821,11.0,1.0,0.010556622
4382,3560,183.0,1.0,0.140229885
4383,4344,188.0,1.0,0.152721365
4385,4711,5.0,0.625,0.833333333
4386,3804,11.0,1.0,0.44
4387,1362,35.0,0.593220339,0.833333333
4389,3697,212.0,0.981481481,0.43442623
4391,3415,10.0,1.0,0.285714286
4392,4495,8.0,1.0,0.235294118
4393,2289,7.0,0.12962963,0.006776379
4393,3033,32.0,0.592592593,0.024427481
4394,3866,41.0,1.0,0.216931217
4396,3986,23.0,0.884615385,0.638888889
4397,3897,3.0,0.115384615,0.031578947
4397,4280,1.0,0.038461538,0.001005025
4398,3851,7.0,1.0,0.4375
4399,3956,2212.0,1.0,0.219226957
4401,3857,77.0,1.0,0.04537419
4402,4028,31.0,1.0,0.118320611
4403,4420,9.0,1.0,0.642857143
4404,4478,80.0,0.987654321,0.430107527
4405,4077,19.0,1.0,0.150793651
4406,4317,19.0,1.0,0.655172414
4407,3845,106.0,1.0,0.252983294
4408,4159,109.0,1.0,0.035808147
4409,4052,26.0,1.0,0.059770115
4410,4050,30.0,1.0,0.208333333
4412,4192,58.0,1.0,0.052205221
4413,4014,27.0,1.0,0.09
4414,4232,10.0,1.0,0.014814815
4416,3142,91.0,0.968085106,0.728
4417,3330,34.0,1.0,0.309090909
4418,4180,45.0,0.957446809,0.584415584
4419,4016,14.0,1.0,0.070351759
4420,3603,26.0,1.0,0.218487395
4421,4410,44.0,1.0,0.158273381
4422,3517,9.0,0.642857143,0.14516129
4423,4766,15.0,0.882352941,0.833333333
4424,3842,66.0,1.0,0.33
4425,1555,6.0,0.315789474,1.0
4426,4331,27.0,1.0,0.154285714
4427,3743,24.0,1.0,0.489795918
4430,4561,18.0,1.0,0.243243243
4431,2924,45.0,1.0,0.169172932
4432,3939,23.0,0.958333333,0.5
4433,4064,9.0,1.0,0.375
4434,4021,19.0,1.0,0.351851852
4435,4041,60.0,0.983606557,0.46875
4436,3889,24.0,1.0,0.387096774
4437,4061,63.0,1.0,0.141573034
4438,3888,166.0,0.976470588,0.431168831
4439,3857,98.0,1.0,0.057748969
4440,4063,22.0,1.0,0.189655172
4441,4486,10.0,1.0,0.083333333
4442,4511,13.0,1.0,0.282608696
4443,4215,2186.0,1.0,0.406622024
4444,4351,29.0,1.0,0.276190476
4445,3883,10.0,1.0,0.285714286
4446,4227,238.0,0.9958159,0.105824811
4447,4086,24.0,1.0,0.061696658
4448,4084,47.0,0.94,0.419642857
4449,3995,45.0,1.0,0.45
4450,4158,111.0,1.0,0.087747036
4451,3793,42.0,1.0,0.013100437
4452,4299,75.0,0.974025974,0.121163166
4453,3774,16.0,1.0,0.046920821
4454,3193,9.0,0.75,1.0
4455,3377,36.0,1.0,0.371134021
4457,3981,15.0,1.0,0.003449862
4458,4344,72.0,1.0,0.058489033
4459,3646,19.0,1.0,0.271428571
4460,3562,40.0,0.784313725,0.952380952
4462,3880,12.0,1.0,0.571428571
4464,4331,46.0,1.0,0.262857143
4465,2138,39.0,0.975,0.573529412
4466,3782,44.0,0.88,0.453608247
4467,3270,12.0,1.0,0.005961252
4468,4594,9.0,1.0,0.290322581
4470,3976,33.0,1.0,0.286956522
4472,4056,5.0,0.625,0.833333333
4473,4280,29.0,1.0,0.029145729
4474,3926,7.0,0.7,0.5
4475,4131,64.0,1.0,0.120300752
4476,3925,48.0,0.923076923,0.6
4477,3931,47.0,1.0,0.085454545
4478,4097,202.0,1.0,0.266139657
4479,4486,54.0,0.981818182,0.45
4480,4544,96.0,1.0,0.147239264
4481,4215,22.0,1.0,0.004092262
4482,4384,34.0,1.0,0.265625
4483,3920,9.0,0.9,0.428571429
4484,4261,24.0,1.0,0.063324538
4485,4122,74.0,1.0,0.116903633
4486,4119,9.0,1.0,0.5625
4487,4030,42.0,1.0,0.482758621
4488,4226,34.0,1.0,0.044502618
4489,4083,31.0,1.0,0.108391608
4490,4333,618.0,1.0,0.266609146
4492,3424,19.0,1.0,0.18627451
4493,4214,62.0,1.0,0.548672566
4494,3397,1.0,0.047619048,0.006711409
4495,4476,131.0,1.0,0.234347048
4497,3605,37.0,1.0,0.578125
4501,4364,23.0,0.958333333,0.244680851
4503,3820,20.0,0.869565217,0.444444444
4503,3895,1.0,0.043478261,0.002079002
4504,3320,2.0,0.153846154,0.015384615
4504,3510,8.0,0.615384615,0.8
4505,4656,38.0,1.0,0.333333333
4506,3033,124.0,0.96875,0.094656489
4507,4011,35.0,1.0,0.28
4509,4090,130.0,0.970149254,0.380116959
4510,4280,31.0,1.0,0.031155779
4512,4199,307.0,0.993527508,0.444283647
4513,3962,29.0,0.426470588,0.743589744
4514,4003,41.0,1.0,0.122754491
4515,4133,22.0,1.0,0.103773585
4516,4519,24.0,1.0,0.184615385
4517,4544,20.0,1.0,0.030674847
4519,4417,157.0,1.0,0.214188267
4520,3957,19.0,1.0,0.612903226
4521,4294,28.0,1.0,0.039548023
4522,4156,221.0,0.99103139,0.105590062
4525,4293,13.0,1.0,0.040123457
4526,4118,28.0,1.0,0.098245614
4527,4333,69.0,1.0,0.029767041
4528,3244,29.0,0.966666667,0.828571429
4529,3471,257.0,0.996124031,0.387048193
4530,4248,20.0,1.0,0.606060606
4532,4542,17.0,1.0,0.069958848
4534,3648,24.0,1.0,0.545454545
4536,3954,13.0,1.0,0.5
4538,4397,221.0,0.902040816,0.37585034
4540,3858,41.0,1.0,0.292857143
4541,3599,11.0,1.0,0.379310345
4542,4685,95.0,1.0,0.482233503
4544,4046,13.0,1.0,0.464285714
4547,4280,26.0,1.0,0.026130653
4548,3963,4.0,0.8,0.571428571
4549,4267,90.0,1.0,0.094537815
4551,4038,110.0,1.0,0.088996764
4552,4167,66.0,1.0,0.113989637
4553,4552,12.0,1.0,0.413793103
4554,4577,28.0,1.0,0.130841121
4555,4249,98.0,0.951456311,0.518518519
4556,4450,29.0,1.0,0.432835821
4557,3992,19.0,1.0,0.345454545
4558,4328,100.0,1.0,0.179856115
4560,4154,12.0,0.923076923,0.461538462
4561,4065,16.0,0.941176471,0.372093023
4562,4327,28.0,1.0,0.071611253
4564,4333,29.0,1.0,0.012510785
4567,4281,147.0,1.0,0.384816754
4568,4710,14.0,1.0,0.006879607
4569,4542,19.0,1.0,0.0781893
4570,3690,32.0,1.0,0.102564103
4571,3692,8.0,0.5,0.470588235
4572,4891,8.0,0.666666667,1.0
4575,4430,59.0,1.0,0.325966851
4576,3895,183.0,1.0,0.38045738
4579,4742,10.0,0.833333333,0.625
4581,4080,25.0,1.0,0.187969925
4582,4098,58.0,1.0,0.254385965
4583,4126,14.0,1.0,0.274509804
4584,4179,17.0,1.0,0.265625
4585,3998,7.0,1.0,0.466666667
4586,4131,12.0,0.48,0.022556391
4587,3997,16.0,0.155339806,0.615384615
4587,4067,77.0,0.747572816,0.663793103
4588,4073,47.0,1.0,0.081174439
4589,4201,15.0,1.0,0.021551724
4590,4585,13.0,1.0,0.52
4591,4610,75.0,0.961538462,0.295275591
4592,4215,11.0,1.0,0.002046131
4593,4483,273.0,1.0,0.465076661
4594,4027,11.0,0.846153846,0.44
4595,4867,113.0,1.0,0.055095076
4596,4224,19.0,0.95,0.065068493
4597,4188,11.0,1.0,0.166666667
4598,4135,11.0,1.0,0.6875
4599,4360,18.0,1.0,0.044887781
4600,4153,40.0,1.0,0.050377834
4601,4333,23.0,1.0,0.009922347
4602,3295,11.0,1.0,0.916666667
4604,4314,123.0,1.0,0.476744186
4605,3981,1664.0,0.99047619,0.382704692
4606,4575,25.0,1.0,0.166666667
4608,3815,48.0,0.96,0.510638298
4609,4866,9.0,0.75,0.75
4610,3989,11.0,0.6875,0.366666667
4613,3895,60.0,0.740740741,0.124740125
4615,3555,11.0,1.0,0.785714286
4616,4769,18.0,1.0,0.253521127
4617,3137,12.0,0.923076923,0.52173913
4618,4115,9.0,0.5625,0.6
4619,4134,10.0,1.0,0.434782609
4620,4160,15.0,1.0,0.267857143
4621,4280,173.0,0.930107527,0.173869347
4622,4033,21.0,0.954545455,0.5
4623,4267,96.0,1.0,0.100840336
4625,4143,851.0,1.0,0.524337646
4626,4235,17.0,1.0,0.085427136
4627,4617,17.0,1.0,0.049707602
4628,4610,67.0,0.917808219,0.263779528
4629,4315,28.0,0.965517241,0.56
4630,4516,45.0,1.0,0.542168675
4631,4062,19.0,1.0,0.387755102
4632,4227,34.0,1.0,0.01511783
4633,4258,24.0,1.0,0.055299539
4634,4099,78.0,1.0,0.314516129
4635,4222,49.0,1.0,0.262032086
4636,4393,62.0,1.0,0.052721088
4637,4187,21.0,1.0,0.076923077
4638,4432,20.0,0.952380952,0.625
4639,3346,6.0,0.545454545,1.0
4641,4348,73.0,1.0,0.608333333
4643,4344,15.0,1.0,0.012185215
4644,3736,232.0,1.0,0.240414508
4645,3965,27.0,0.964285714,0.321428571
4646,4949,17.0,0.85,0.85
4647,4024,44.0,1.0,0.372881356
4650,3969,30.0,1.0,0.652173913
4652,3270,24.0,0.96,0.011922504
4655,4150,253.0,1.0,0.25
4658,4280,17.0,1.0,0.017085427
4659,4102,70.0,0.985915493,0.454545455
4660,4165,116.0,1.0,0.08038808
4661,4171,38.0,0.926829268,0.535211268
4662,4143,27.0,1.0,0.01663586
4663,4201,116.0,0.991452991,0.166666667
4664,4648,14.0,1.0,0.21875
4665,4671,18.0,1.0,0.382978723
4666,4349,201.0,1.0,0.35828877
4667,4549,22.0,1.0,0.628571429
4669,4427,25.0,1.0,0.032051282
4670,4291,23.0,1.0,0.085501859
4671,4256,19.0,1.0,0.513513514
4672,4169,23.0,0.851851852,0.793103448
4673,4459,17.0,1.0,0.022546419
4674,4221,58.0,1.0,0.083815029
4675,4465,22.0,1.0,0.104761905
4677,3564,32.0,0.914285714,0.27826087
4678,4414,26.0,1.0,0.553191489
4679,4016,37.0,0.948717949,0.185929648
4680,4639,8.0,0.470588235,0.080808081
4681,3776,67.0,1.0,0.190340909
4682,4070,62.0,1.0,0.436619718
4683,4924,11.0,1.0,0.785714286
4684,4059,59.0,1.0,0.235059761
4685,1646,35.0,0.972222222,0.636363636
4690,4794,11.0,1.0,0.44
4691,3033,40.0,0.43956044,0.030534351
4692,3828,16.0,1.0,0.01836969
4693,4168,10.0,0.833333333,0.833333333
4694,4194,185.0,0.994623656,0.558912387
4695,4247,32.0,1.0,0.26446281
4698,4101,124.0,0.984126984,0.462686567
4699,4211,1304.0,1.0,0.134336046
4700,4268,15.0,1.0,0.148514851
4701,4617,67.0,1.0,0.195906433
4702,4700,17.0,1.0,0.293103448
4703,4382,31.0,1.0,0.413333333
4704,4582,22.0,1.0,0.523809524
4705,4096,50.0,1.0,0.318471338
4706,4159,2.0,0.00913242,0.00065703
4706,4460,217.0,0.99086758,0.163773585
4707,4358,14.0,1.0,0.029411765
4708,4289,11.0,1.0,0.35483871
4710,4426,87.0,1.0,0.041251778
4711,4255,40.0,1.0,0.068027211
4712,4498,30.0,1.0,0.070588235
4714,3519,38.0,1.0,0.206521739
4715,4447,31.0,1.0,0.645833333
4717,4639,17.0,1.0,0.171717172
4718,3814,30.0,1.0,0.32967033
4719,4174,39.0,0.951219512,0.5
4720,5023,21.0,0.777777778,0.954545455
4721,4093,12.0,1.0,0.6
4723,4463,14.0,1.0,0.5
4724,4004,18.0,1.0,0.382978723
4725,2212,17.0,0.85,0.653846154
4726,3811,18.0,0.692307692,0.134328358
4727,4844,17.0,0.739130435,0.425
4729,4218,19.0,1.0,0.5
4730,4202,25.0,1.0,0.328947368
4731,4228,21.0,1.0,0.362068966
4732,4380,31.0,0.794871795,0.407894737
4733,4172,33.0,1.0,0.165829146
4734,3956,18.0,1.0,0.001783944
4735,4101,12.0,1.0,0.044776119
4736,4211,867.0,1.0,0.089316988
4737,4301,33.0,1.0,0.077647059
4738,4678,11.0,1.0,0.407407407
4740,4614,39.0,1.0,0.197969543
4741,4166,15.0,1.0,0.625
4742,4767,82.0,1.0,0.036476868
4743,4358,47.0,1.0,0.098739496
4744,4099,7.0,0.875,0.028225806
4745,4322,45.0,1.0,0.394736842
4746,4426,108.0,1.0,0.051209104
4747,4288,71.0,1.0,0.081142857
4748,4498,18.0,1.0,0.042352941
4751,4480,37.0,0.973684211,0.544117647
4752,2821,13.0,1.0,0.012476008
4753,4669,34.0,1.0,0.152466368
4754,3852,77.0,1.0,0.121259843
4755,4140,22.0,1.0,0.35483871
4756,5046,4.0,0.5,1.0
4757,4129,15.0,1.0,0.517241379
4758,1736,10.0,0.909090909,0.555555556
4759,4496,12.0,1.0,0.363636364
4760,2283,13.0,0.722222222,0.866666667
4762,3270,40.0,0.677966102,0.01987084
4763,4902,9.0,1.0,0.5
4764,3188,16.0,1.0,0.32
4765,4252,13.0,1.0,0.26
4766,4236,10.0,1.0,0.666666667
4768,4545,290.0,0.881458967,0.647321429
4769,4206,6.0,1.0,1.0
4770,3956,18.0,1.0,0.001783944
4771,4205,77.0,1.0,0.463855422
4772,4245,133.0,1.0,0.110373444
4773,4335,233.0,1.0,0.176783005
4774,4707,15.0,1.0,0.517241379
4775,4415,20.0,1.0,0.192307692
4776,4645,52.0,1.0,0.565217391
4777,4200,22.0,1.0,0.594594595
4778,4526,17.0,1.0,0.036876356
4779,4391,14.0,1.0,0.138613861
4780,4203,69.0,1.0,0.584745763
4781,4356,27.0,1.0,0.28125
4782,4558,114.0,1.0,0.084132841
4784,4628,18.0,1.0,0.305084746
4786,3607,18.0,1.0,0.036585366
4787,4513,806.0,0.998760843,0.500310366
4789,4698,82.0,1.0,0.095906433
4790,3890,76.0,1.0,0.336283186
4791,4208,19.0,0.904761905,0.5
4795,4529,11.0,1.0,0.423076923
4799,4927,18.0,1.0,0.346153846
4801,4318,9.0,1.0,0.243243243
4803,4262,24.0,1.0,0.303797468
4804,4578,36.0,1.0,0.073170732
4805,4240,6.0,1.0,0.6
4807,4239,22.0,0.814814815,0.594594595
4808,4278,58.0,1.0,0.017962217
4809,4368,28.0,1.0,0.167664671
4811,4448,21.0,1.0,0.111111111
4812,4675,17.0,1.0,0.53125
4813,4234,67.0,1.0,0.650485437
4814,4328,26.0,1.0,0.04676259
4815,4424,13.0,1.0,0.196969697
4816,4270,17.0,0.944444444,0.85
4817,4389,30.0,1.0,0.254237288
4818,4653,21.0,1.0,0.094594595
4819,4321,36.0,1.0,0.135338346
4820,4658,109.0,1.0,0.226141079
4821,3393,15.0,0.9375,0.882352941
4822,3607,87.0,1.0,0.176829268
4823,4323,18.0,1.0,0.034951456
4824,4546,19.0,1.0,0.275362319
4825,4727,13.0,1.0,0.254901961
4826,3927,24.0,1.0,0.269662921
4827,4308,12.0,0.75,0.8
4829,4163,8.0,1.0,0.4
4833,3732,55.0,0.93220339,0.523809524
4834,4977,31.0,1.0,0.274336283
4836,4352,14.0,1.0,0.184210526
4837,4269,12.0,1.0,0.666666667
4838,4295,27.0,0.75,0.710526316
4839,4611,103.0,1.0,0.50990099
4841,4334,70.0,1.0,0.159090909
4843,4278,237.0,1.0,0.073397337
4844,4401,10.0,1.0,0.185185185
4845,4735,8.0,0.888888889,0.571428571
4846,4481,26.0,0.962962963,0.448275862
4847,4704,14.0,1.0,0.341463415
4848,4159,41.0,1.0,0.01346912
4849,4457,17.0,1.0,0.092391304
4850,4237,12.0,0.857142857,0.75
4851,4422,47.0,1.0,0.47
4852,4355,21.0,1.0,0.06017192
4853,4658,20.0,1.0,0.041493776
4854,3440,11.0,1.0,0.733333333
4855,3607,14.0,1.0,0.028455285
4856,2821,2.0,0.181818182,0.001919386
4859,4755,12.0,1.0,0.097560976
4860,4375,12.0,0.923076923,0.705882353
4861,5086,30.0,0.731707317,0.857142857
4862,4197,12.0,0.857142857,0.4
4864,4595,22.0,1.0,0.523809524
4865,2352,357.0,0.962264151,0.504950495
4866,3772,67.0,1.0,0.5234375
4867,5026,22.0,0.956521739,0.5
4868,3033,121.0,1.0,0.092366412
4869,4517,23.0,1.0,0.059585492
4870,4302,15.0,1.0,0.75
4872,4642,30.0,1.0,0.309278351
4874,4367,178.0,1.0,0.200224972
4875,4272,11.0,0.5,0.647058824
4876,4278,51.0,1.0,0.015794364
4877,4434,12.0,1.0,0.107142857
4878,4762,47.0,0.979166667,0.839285714
4879,4514,122.0,0.983870968,0.220216606
4880,4809,18.0,1.0,0.009771987
4881,4460,34.0,1.0,0.025660377
4882,4490,11.0,1.0,0.04296875
4884,4389,2.0,0.0625,0.016949153
4886,4716,24.0,0.96,0.333333333
4888,3607,24.0,1.0,0.048780488
4889,4710,11.0,1.0,0.005405405
4890,4579,15.0,1.0,0.535714286
4895,4231,24.0,1.0,0.685714286
4897,4770,1.0,0.028571429,0.004739336
4900,5049,11.0,1.0,0.6875
4901,3239,8.0,1.0,0.25
4902,4418,16.0,1.0,0.108108108
4905,4672,84.0,1.0,0.403846154
4906,4273,6.0,1.0,0.75
4907,4400,152.0,0.993464052,0.154943935
4908,4305,25.0,0.961538462,0.446428571
4909,4378,115.0,1.0,0.064102564
4910,4500,14.0,1.0,0.105263158
4911,4812,21.0,1.0,0.525
4912,4547,18.0,0.9,0.514285714
4913,4759,26.0,1.0,0.288888889
4914,4159,43.0,1.0,0.01412615
4915,4523,19.0,1.0,0.00965938
4916,4303,32.0,1.0,0.283185841
4918,4388,46.0,1.0,0.084095064
4919,4771,45.0,1.0,0.173745174
4920,3488,31.0,0.738095238,0.96875
4921,3650,357.0,1.0,0.342610365
4922,3981,6.0,1.0,0.001379945
4924,3964,28.0,1.0,0.294736842
4925,4408,37.0,0.925,0.711538462
4929,4686,15.0,1.0,0.004501801
4932,5069,23.0,1.0,0.370967742
4933,3033,7.0,0.388888889,0.005343511
4934,4451,18.0,1.0,0.191489362
4935,4336,10.0,1.0,0.37037037
4936,4329,24.0,1.0,0.279069767
4937,4578,94.0,1.0,0.191056911
4938,4172,46.0,1.0,0.231155779
4941,4444,877.0,1.0,0.145536011
4942,4533,66.0,1.0,0.128654971
4943,4837,114.0,1.0,0.716981132
4944,4580,20.0,0.952380952,0.909090909
4945,4809,531.0,1.0,0.288273616
4946,4867,27.0,1.0,0.01316431
4947,4523,14.0,1.0,0.007117438
4948,4337,14.0,1.0,0.538461538
4949,4455,8.0,1.0,0.347826087
4950,4421,25.0,1.0,0.06443299
4951,4796,37.0,1.0,0.191709845
4952,3534,134.0,1.0,0.629107981
4954,4323,23.0,1.0,0.044660194
4955,4673,105.0,0.972222222,0.625
4956,3999,19.0,1.0,0.139705882
4957,4441,9.0,0.9,1.0
4958,5105,11.0,1.0,0.916666667
4959,4265,68.0,0.985507246,0.397660819
4961,4686,32.0,0.744186047,0.009603842
4964,5108,13.0,1.0,0.317073171
4966,4484,24.0,1.0,0.631578947
4967,4369,11.0,0.578947368,0.733333333
4967,4435,4.0,0.210526316,0.003028009
4968,4395,245.0,1.0,0.392
4969,4757,14.0,1.0,0.093333333
4971,4433,90.0,0.989010989,0.116129032
4973,4566,20.0,1.0,0.168067227
4974,4510,191.0,1.0,0.022934678
4975,4887,24.0,0.888888889,0.533333333
4976,4834,34.0,1.0,0.140495868
4977,4227,64.0,1.0,0.028457092
4978,4523,35.0,1.0,0.017793594
4980,4488,7.0,1.0,0.269230769
4981,4454,171.0,1.0,0.091248666
4982,4821,14.0,0.933333333,0.736842105
4984,3650,10.0,1.0,0.009596929
4985,4710,16.0,1.0,0.007862408
4986,4643,38.0,1.0,0.358490566
4987,4034,190.0,1.0,0.161427358
4988,4408,7.0,1.0,0.134615385
4989,5144,14.0,0.636363636,0.777777778
4990,4298,16.0,1.0,0.571428571
4992,4686,299.0,1.0,0.089735894
4993,2420,17.0,0.944444444,0.485714286
4994,3732,3.0,0.032258065,0.028571429
4994,4031,59.0,0.634408602,0.4609375
4995,5089,29.0,1.0,0.483333333
4997,4517,48.0,1.0,0.124352332
4998,4402,9.0,0.9,0.75
5000,4782,30.0,1.0,0.361445783
5001,4306,6.0,1.0,0.461538462
5002,4466,30.0,1.0,0.118110236
5003,4339,51.0,0.962264151,0.43220339
5004,4599,17.0,1.0,0.154545455
5005,4576,44.0,1.0,0.034401876
5006,4945,5.0,0.714285714,1.0
5007,4859,18.0,1.0,0.692307692
5008,4159,34.0,1.0,0.011169514
5009,4523,16.0,1.0,0.008134215
5010,4370,10.0,1.0,0.555555556
5011,4521,21.0,1.0,0.677419355
5012,4454,39.0,1.0,0.020811099
5013,4846,11.0,1.0,0.6875
5014,3621,10.0,1.0,1.0
5015,3650,17.0,1.0,0.016314779
5017,4702,21.0,1.0,0.308823529
5018,4069,18.0,1.0,0.163636364
5019,4507,5.0,0.5,1.0
5020,5162,8.0,0.571428571,1.0
5021,4332,66.0,1.0,0.356756757
5022,1905,12.0,0.666666667,0.857142857
5023,4686,30.0,1.0,0.009003601
5025,3270,50.0,1.0,0.024838549
5026,5147,21.0,1.0,0.411764706
5027,3033,40.0,0.701754386,0.030534351
5028,4550,14.0,1.0,0.269230769
5029,4435,541.0,0.99266055,0.409538229
5030,4428,32.0,1.0,0.32
5031,4832,42.0,1.0,0.506024096
5033,4367,13.0,0.590909091,0.014623172
5033,4499,9.0,0.409090909,0.023195876
5035,4630,35.0,1.0,0.217391304
5036,4576,289.0,1.0,0.22595778
5037,4970,19.0,1.0,0.703703704
5038,4884,23.0,1.0,0.136904762
5039,4328,18.0,0.857142857,0.032374101
5039,4925,3.0,0.142857143,0.003554502
5040,4523,27.0,1.0,0.013726487
5041,4403,7.0,1.0,1.0
5043,4520,100.0,1.0,0.101626016
5044,4871,13.0,1.0,0.684210526
5046,3740,25.0,1.0,0.265957447
5047,4290,11.0,1.0,0.261904762
5049,4034,41.0,1.0,0.034834325
5051,5217,4.0,0.571428571,1.0
5052,4365,9.0,0.9,0.6
5053,1823,7.0,1.0,0.777777778
5054,4743,15.0,1.0,0.46875
5055,2553,8.0,0.242424242,1.0
5056,3924,51.0,0.822580645,0.408
5057,5165,17.0,0.944444444,0.739130435
5059,4583,39.0,1.0,0.317073171
5060,4468,7.0,0.875,0.777777778
5061,4461,18.0,1.0,0.165137615
5062,4857,88.0,0.666666667,0.209026128
5062,5038,43.0,0.325757576,0.014163373
5064,4499,44.0,1.0,0.113402062
5065,4372,414.0,0.995192308,0.336038961
5066,4660,18.0,1.0,0.13740458
5067,4609,38.0,1.0,0.061290323
5068,4995,6.0,1.0,0.75
5069,4917,49.0,1.0,0.365671642
5070,4767,178.0,1.0,0.079181495
5071,4523,438.0,1.0,0.222674123
5072,4469,6.0,0.857142857,0.75
5074,4553,77.0,1.0,0.091666667
5075,4904,10.0,0.909090909,0.714285714
5077,3779,237.0,0.9875,0.258169935
5078,4710,11.0,1.0,0.005405405
5079,4730,39.0,1.0,0.661016949
5080,4139,223.0,1.0,0.15974212
5082,5180,8.0,1.0,0.533333333
5083,4398,9.0,0.75,0.529411765
5085,4686,12.0,1.0,0.003601441
5087,3996,29.0,1.0,0.325842697
5088,5202,28.0,1.0,0.451612903
5090,4615,20.0,1.0,0.170940171
5091,4501,7.0,1.0,0.538461538
5096,4405,46.0,0.978723404,0.403508772
5097,4718,169.0,1.0,0.142016807
5098,4510,1123.0,1.0,0.134846302
5099,1982,3.0,0.230769231,0.428571429
5099,5019,10.0,0.769230769,0.625
5100,4942,23.0,1.0,0.2875
5101,4740,154.0,1.0,0.170353982
5102,4523,21.0,1.0,0.010676157
5103,4502,9.0,1.0,0.692307692
5104,4587,8.0,1.0,0.571428571
5105,4586,70.0,1.0,0.145530146
5106,4929,22.0,1.0,0.077192982
5108,3817,17.0,1.0,0.17
5111,4540,61.0,1.0,0.575471698
5112,5253,6.0,0.666666667,1.0
5113,4431,7.0,1.0,0.388888889
5114,1984,46.0,0.867924528,0.338235294
5115,4795,21.0,1.0,0.323076923
5116,2352,16.0,0.842105263,0.022630835
5117,3811,16.0,1.0,0.119402985
5118,5220,33.0,1.0,0.647058824
5119,3033,251.0,0.947169811,0.191603053
5120,4646,14.0,1.0,0.225806452
5121,4534,13.0,1.0,0.541666667
5122,4461,27.0,0.84375,0.247706422
5123,5038,46.0,1.0,0.015151515
5124,4373,30.0,0.9375,0.365853659
5125,3956,343.0,1.0,0.033994054
5126,4438,32.0,0.888888889,0.524590164
5127,4746,27.0,1.0,0.100746269
5128,4510,36.0,1.0,0.004322767
5130,4967,39.0,1.0,0.333333333
5131,4792,47.0,1.0,0.035074627
5132,4523,16.0,1.0,0.008134215
5134,4619,12.0,1.0,0.52173913
5135,4618,27.0,1.0,0.069948187
5136,4954,8.0,1.0,0.32
5137,3665,9.0,0.818181818,0.6
5138,3855,12.0,1.0,0.4
5139,4423,28.0,1.0,0.5
5140,4173,50.0,1.0,0.136239782
5141,4573,22.0,0.88,0.846153846
5144,1984,39.0,0.928571429,0.286764706
5148,5256,43.0,1.0,0.443298969
5150,4676,16.0,1.0,0.390243902
5151,4567,11.0,0.916666667,0.44
5152,4593,36.0,1.0,0.074380165
5153,5038,37.0,1.0,0.012187088
5154,4406,7.0,1.0,0.583333333
5156,4471,47.0,0.903846154,0.419642857
5157,4576,3.0,0.010067114,0.002345582
5157,4798,294.0,0.986577181,0.295774648
5158,4699,50.0,1.0,0.115473441
5159,4992,18.0,1.0,0.545454545
5160,4817,25.0,1.0,0.055555556
5161,4589,86.0,1.0,0.108448928
5163,4554,41.0,1.0,0.344537815
5164,4649,22.0,1.0,0.07073955
5165,4979,9.0,1.0,0.290322581
5167,4710,191.0,0.964646465,0.093857494
5168,3892,11.0,1.0,0.407407407
5169,4207,23.0,1.0,0.090909091
5171,5270,6.0,0.6,1.0
5172,4464,24.0,1.0,0.233009709
5174,4686,825.0,1.0,0.24759904
5177,5238,11.0,1.0,0.5
5181,4593,176.0,1.0,0.363636364
5182,4857,45.0,1.0,0.106888361
5183,4439,23.0,1.0,0.489361702
5184,4565,53.0,1.0,0.169329073
5186,4773,9.0,1.0,0.134328358
5187,4728,52.0,1.0,0.082670906
5188,5016,51.0,1.0,0.554347826
5189,4767,26.0,1.0,0.011565836
5190,4621,26.0,1.0,0.089041096
5192,4650,33.0,1.0,0.397590361
5193,4679,31.0,1.0,0.059615385
5194,5004,77.0,0.9625,0.158110883
5195,3711,6.0,1.0,0.857142857
5196,4710,111.0,1.0,0.054545455
5197,3929,22.0,1.0,0.4
5198,4241,22.0,1.0,0.170542636
5199,4606,12.0,0.923076923,0.705882353
5200,5304,6.0,1.0,1.0
5201,4497,188.0,1.0,0.508108108
5203,4820,12.0,1.0,0.260869565
5205,4066,13.0,1.0,0.481481481
5207,3290,33.0,1.0,0.091666667
5209,4600,6.0,1.0,0.6
5210,4625,31.0,1.0,0.17032967
5211,5015,37.0,1.0,0.411111111
5212,4472,8.0,1.0,0.666666667
5213,4532,2392.0,1.0,0.325442177
5214,4504,21.0,1.0,0.283783784
5215,4823,173.0,1.0,0.145012573
5216,4756,193.0,1.0,0.163006757
5217,5039,22.0,1.0,0.392857143
5218,4867,158.0,1.0,0.077035592
5219,4535,10.0,1.0,0.416666667
5221,4708,58.0,1.0,0.10564663
5222,5028,58.0,1.0,0.193979933
5224,4555,25.0,1.0,0.260416667
5225,3966,14.0,1.0,0.21875
5228,5321,6.0,0.666666667,1.0
5229,4530,29.0,1.0,0.517857143
5230,2208,7.0,0.777777778,0.7
5231,4845,101.0,1.0,0.388461538
5232,2683,11.0,0.423076923,1.0
5233,3270,5.0,0.2,0.002483855
5234,5273,16.0,1.0,0.355555556
5235,3341,55.0,1.0,0.316091954
5236,4760,233.0,0.991489362,0.365203762
5237,4631,26.0,1.0,0.604651163
5238,4655,64.0,1.0,0.179271709
5239,5038,1487.0,1.0,0.489789196
5240,4505,7.0,1.0,1.0
5241,4598,82.0,1.0,0.161417323
5243,4848,395.0,1.0,0.19593254
5244,4806,119.0,1.0,0.352071006
5245,5061,17.0,1.0,0.361702128
5246,4892,18.0,1.0,0.071428571
5247,4568,7.0,1.0,0.5
5248,4680,17.0,1.0,0.708333333
5249,4736,345.0,1.0,0.130780895
5250,5051,22.0,0.916666667,0.594594595
5251,3752,17.0,0.772727273,1.0
5252,4323,11.0,1.0,0.021359223
5253,4001,20.0,1.0,0.170940171
5256,5338,11.0,0.916666667,1.0
5259,4845,15.0,1.0,0.057692308
5261,3270,29.0,0.878787879,0.014406359
5262,5290,13.0,1.0,0.342105263
5263,3033,10.0,0.526315789,0.007633588
5264,4733,16.0,1.0,0.484848485
5265,4661,11.0,0.916666667,0.733333333
5266,4713,16.0,1.0,0.615384615
5267,5038,24.0,1.0,0.007905138
5269,4532,54.0,1.0,0.007346939
5271,4848,21.0,1.0,0.010416667
5272,4781,71.0,1.0,0.1507431
5273,5081,19.0,1.0,0.575757576
5274,4740,39.0,1.0,0.043141593
5275,4601,9.0,1.0,0.75
5277,4763,21.0,1.0,0.063636364
5278,5071,18.0,1.0,0.135338346
5281,4036,35.0,1.0,0.397727273
5282,4274,22.0,1.0,0.25
5284,5355,6.0,0.857142857,1.0
5285,2280,6.0,1.0,0.857142857
5286,4903,20.0,1.0,0.740740741
5287,2745,103.0,0.844262295,0.639751553
5288,4170,27.0,1.0,0.442622951
5289,5307,15.0,0.882352941,0.517241379
5290,3290,26.0,1.0,0.072222222
5291,4810,33.0,1.0,0.191860465
5292,4690,5.0,1.0,0.357142857
5293,4818,24.0,0.774193548,0.470588235
5294,5080,221.0,0.982222222,0.528708134
5295,4538,4.0,1.0,0.571428571
5296,4688,65.0,1.0,0.185185185
5298,4873,17.0,1.0,0.223684211
5299,4856,16.0,1.0,0.012057272
5300,5100,26.0,0.962962963,0.722222222
5301,4767,28.0,1.0,0.012455516
5302,4632,10.0,1.0,0.714285714
5303,4709,93.0,1.0,0.269565217
5304,4788,180.0,1.0,0.157894737
5305,3791,9.0,0.9,0.818181818
5306,4620,19.0,1.0,0.5
5307,4071,13.0,1.0,0.191176471
5310,5389,9.0,0.75,1.0
5311,4953,52.0,1.0,0.361111111
5313,2805,24.0,0.1875,0.96
5314,4031,8.0,0.037209302,0.0625
5314,4371,205.0,0.953488372,0.401174168
5315,5324,232.0,1.0,0.568627451
5316,3033,15.0,1.0,0.011450382
5317,4785,19.0,1.0,0.339285714
5318,4435,26.0,1.0,0.019682059
5321,4571,25.0,0.961538462,0.735294118
5322,4659,47.0,1.0,0.088345865
5323,4537,46.0,1.0,0.494623656
5324,4906,35.0,1.0,0.104790419
5325,4831,34.0,1.0,0.051671733
5326,5119,98.0,1.0,0.185255198
5327,4925,127.0,1.0,0.150473934
5328,4662,9.0,1.0,0.5
5329,4709,22.0,1.0,0.063768116
5330,4813,44.0,1.0,0.060522696
5331,3829,26.0,0.962962963,0.722222222
5332,4323,51.0,0.927272727,0.099029126
5333,4105,9.0,1.0,0.5625
5336,5372,8.0,0.888888889,1.0
5337,5003,28.0,1.0,0.173913043
5338,2349,8.0,0.8,0.615384615
5340,4204,14.0,1.0,0.451612903
5341,5341,16.0,1.0,0.533333333
5343,4835,27.0,1.0,0.284210526
5344,4747,43.0,1.0,0.511904762
5346,5118,28.0,0.965517241,0.49122807
5347,4604,13.0,1.0,0.393939394
5348,4717,27.0,1.0,0.108433735
5349,4570,26.0,0.928571429,0.371428571
5350,4848,19.0,1.0,0.009424603
5351,4856,183.0,1.0,0.137905049
5352,5140,22.0,1.0,0.289473684
5353,4159,50.0,1.0,0.016425756
5354,4691,9.0,1.0,0.391304348
5355,4764,17.0,1.0,0.404761905
5356,4838,26.0,1.0,0.081761006
5357,3867,18.0,0.947368421,0.666666667
5359,4141,17.0,1.0,0.178947368
5360,4307,74.0,1.0,0.172897196
5362,5421,13.0,1.0,0.866666667
5363,4978,45.0,1.0,0.257142857
5364,2417,12.0,1.0,0.444444444
5366,4271,17.0,0.944444444,0.361702128
5367,5375,19.0,1.0,0.452380952
5369,4760,123.0,1.0,0.192789969
5370,4435,14.0,1.0,0.010598032
5371,5038,45.0,0.9,0.014822134
5373,4635,24.0,1.0,0.545454545
5374,4532,23.0,1.0,0.003129252
5375,4603,19.0,1.0,0.358490566
5376,4981,196.0,1.0,0.202061856
5377,4881,525.0,0.996204934,0.302071346
5378,5158,30.0,1.0,0.205479452
5379,5000,33.0,1.0,0.040145985
5381,4709,9.0,1.0,0.026086957
5382,4863,24.0,1.0,0.058823529
5383,3904,31.0,0.775,0.911764706
5384,4651,9.0,1.0,0.45
5385,4175,18.0,1.0,0.163636364
5386,4341,33.0,1.0,0.286956522
5388,5453,5.0,0.714285714,1.0
5389,4953,2.0,0.074074074,0.013888889
5390,2484,15.0,1.0,0.555555556
5392,4238,108.0,0.964285714,0.497695853
5393,5392,10.0,1.0,0.357142857
5394,3388,18.0,1.0,0.367346939
5396,4774,6.0,1.0,0.4
5398,4843,187.0,0.994680851,0.472222222
5399,4665,5.0,0.833333333,1.0
5401,4634,76.0,0.791666667,0.496732026
5402,5006,2131.0,0.998594189,0.441109501
5404,5176,25.0,1.0,0.362318841
5405,5024,42.0,1.0,0.038674033
5406,4720,14.0,0.933333333,0.35
5407,4709,14.0,1.0,0.04057971
5408,4888,24.0,1.0,0.073619632
5409,3977,94.0,0.94,0.959183673
5410,4681,11.0,1.0,0.407407407
5411,4209,10.0,1.0,0.322580645
5412,4374,55.0,1.0,0.233050847
5415,5050,44.0,1.0,0.198198198
5416,2550,21.0,1.0,0.308823529
5418,5440,16.0,1.0,0.271186441
5420,4860,19.0,1.0,0.193877551
5421,4799,8.0,0.615384615,0.666666667
5422,5139,13.0,1.0,0.288888889
5423,4868,56.0,1.0,0.375838926
5424,4723,12.0,1.0,0.545454545
5425,4772,24.0,1.0,0.151898734
5427,5030,11.0,1.0,0.215686275
5428,4914,82.0,1.0,0.041836735
5429,5195,56.0,1.0,0.184210526
5430,5047,75.0,1.0,0.112951807
5431,4748,12.0,1.0,0.363636364
5432,4814,59.0,1.0,0.329608939
5433,4946,49.0,1.0,0.013717805
5434,3940,80.0,0.975609756,0.519480519
5435,4738,9.0,1.0,0.136363636
5436,4243,110.0,1.0,0.244988864
5438,4667,50.0,0.769230769,0.724637681
5441,2550,15.0,1.0,0.220588235
5442,4338,23.0,0.433962264,0.56097561
5443,5456,23.0,1.0,0.370967742
5445,4885,12.0,1.0,0.363636364
5446,4435,2.0,0.222222222,0.001514005
5447,4843,29.0,1.0,0.073232323
5448,5080,2.0,0.05,0.004784689
5448,5157,33.0,0.825,0.568965517
5450,4532,32.0,1.0,0.004353741
5451,4664,62.0,1.0,0.3875
5452,5053,54.0,1.0,0.102857143
5453,4914,214.0,1.0,0.109183673
5454,5213,21.0,1.0,0.403846154
5455,5067,65.0,1.0,0.112456747
5456,4775,11.0,1.0,0.6875
5457,4839,8.0,1.0,0.380952381
5458,4971,76.0,1.0,0.085201794
5460,3981,57.0,0.814285714,0.013109476
5460,4121,6.0,0.085714286,0.027149321
5461,4276,15.0,1.0,0.306122449
5462,4407,101.0,1.0,0.15279879
5464,5485,6.0,0.545454545,1.0
5465,5070,52.0,1.0,0.234234234
5467,3270,9.0,1.0,0.004470939
5468,5472,9.0,1.0,0.310344828
5470,4918,13.0,1.0,0.188405797
5471,4849,7.0,0.875,0.636363636
5472,4894,579.0,0.125487646,0.446070878
5472,4897,3282.0,0.711313394,0.620181406
5472,4898,284.0,0.061551799,0.432267884
5472,4899,149.0,0.032293021,0.241491086
5472,4900,320.0,0.06935414,0.184225676
5473,5038,1.0,0.014084507,0.000329381
5473,5175,66.0,0.929577465,0.481751825
5474,4778,7.0,1.0,0.636363636
5475,4772,17.0,0.548387097,0.107594937
5476,4693,32.0,1.0,0.196319018
5478,4914,72.0,1.0,0.036734694
5479,5231,18.0,1.0,0.333333333
5480,5087,73.0,1.0,0.1
5481,4875,7.0,1.0,0.020527859
5483,4946,681.0,1.0,0.190649496
5484,4012,10.0,0.909090909,1.0
5485,4323,10.0,1.0,0.019417476
5486,4243,37.0,0.804347826,0.082405345
5487,4440,47.0,1.0,0.29375
5488,4696,6.0,0.428571429,1.0
5490,5090,23.0,1.0,0.479166667
5491,2742,13.0,0.8125,0.764705882
5492,4470,63.0,1.0,0.401273885
5493,5504,7.0,1.0,0.4375
5495,4943,41.0,1.0,0.328
5496,4874,6.0,1.0,0.75
5497,4868,4.0,0.075471698,0.026845638
5497,4926,46.0,0.867924528,0.359375
5498,5212,52.0,0.962962963,0.571428571
5499,4751,25.0,0.961538462,0.490196078
5500,4822,298.0,1.0,0.210007047
5501,4722,25.0,1.0,0.342465753
5502,5073,22.0,1.0,0.078014184
5503,4964,47.0,1.0,0.032821229
5504,5249,12.0,0.923076923,0.023255814
5505,5106,17.0,1.0,0.034205231
5506,4825,17.0,1.0,0.447368421
5507,4864,51.0,1.0,0.335526316
5508,4946,19.0,1.0,0.005319149
5509,4047,12.0,0.923076923,0.923076923
5510,5781,20.0,1.0,0.021645022
5511,4309,77.0,1.0,0.290566038
5512,4473,99.0,1.0,0.234042553
5514,5517,10.0,0.476190476,1.0
5515,5109,27.0,1.0,0.296703297
5516,4404,12.0,1.0,0.333333333
5517,5520,26.0,1.0,0.302325581
5519,4968,21.0,0.84,0.244186047
5520,4907,11.0,1.0,0.5
5521,5194,31.0,1.0,0.430555556
5523,4828,34.0,1.0,0.607142857
5524,4847,26.0,1.0,0.092198582
5525,4750,127.0,1.0,0.293981481
5526,5006,10.0,1.0,0.002069965
5527,4964,112.0,1.0,0.078212291
5528,5249,95.0,1.0,0.184108527
5529,5125,37.0,1.0,0.048239896
5530,4850,110.0,1.0,0.334346505
5531,4889,16.0,1.0,0.571428571
5532,4996,161.0,1.0,0.101449275
5533,4081,9.0,0.75,1.0
5534,4840,13.0,1.0,0.481481481
5535,4343,32.0,1.0,0.205128205
5540,4338,4.0,0.181818182,0.097560976
5541,5552,11.0,0.733333333,0.578947368
5542,3435,22.0,1.0,0.028025478
5545,5230,23.0,1.0,0.442307692
5546,4976,58.0,1.0,0.209386282
5547,4853,12.0,0.857142857,0.6
5548,4872,37.0,1.0,0.174528302
5550,5006,16.0,1.0,0.003311944
5551,4964,71.0,1.0,0.049581006
5552,5266,30.0,1.0,0.361445783
5553,5125,16.0,1.0,0.020860495
5554,4875,171.0,1.0,0.501466276
5555,4922,25.0,1.0,0.384615385
5556,5020,26.0,1.0,0.109243697
5557,4116,9.0,1.0,1.0
5558,4890,7.0,1.0,0.538461538
5559,4376,159.0,0.99375,0.33974359
5560,4407,11.0,1.0,0.016641452
5561,4725,78.0,0.772277228,0.696428571
5562,5565,11.0,0.611111111,0.916666667
5563,5128,46.0,1.0,0.218009479
5564,3270,117.0,0.983193277,0.058122206
5565,5536,27.0,1.0,0.310344828
5566,3435,23.0,1.0,0.029299363
5567,4993,12.0,1.0,0.222222222
5568,4932,7.0,1.0,0.4375
5569,5248,10.0,1.0,0.714285714
5570,4951,34.0,1.0,0.228187919
5571,4878,9.0,1.0,0.529411765
5572,4905,26.0,1.0,0.119815668
5573,4750,11.0,0.392857143,0.025462963
5574,5132,22.0,1.0,0.289473684
5575,4989,56.0,1.0,0.165680473
5576,5283,17.0,1.0,0.395348837
5577,5288,37.0,1.0,0.005601817
5578,4908,18.0,1.0,0.473684211
5579,4947,25.0,1.0,0.257731959
5581,5143,13.0,1.0,0.041533546
5582,4309,19.0,1.0,0.071698113
5583,4539,48.0,1.0,0.163265306
5584,4753,5.0,0.227272727,0.833333333
5585,5549,4.0,0.571428571,1.0
5586,5148,9.0,1.0,0.692307692
5588,5568,64.0,1.0,0.309178744
5589,3435,115.0,0.851851852,0.146496815
5590,5017,16.0,1.0,0.170212766
5591,4982,11.0,1.0,0.239130435
5592,5282,48.0,1.0,0.355555556
5594,4911,5.0,1.0,0.625
5595,4822,18.0,0.72,0.012684989
5597,5006,23.0,1.0,0.004760919
5598,5037,67.0,1.0,0.209375
5599,5300,28.0,1.0,0.127272727
5600,5125,22.0,1.0,0.028683181
5601,4958,103.0,0.962616822,0.542105263
5602,4972,19.0,1.0,0.612903226
5604,4323,5.0,0.277777778,0.009708738
5605,4442,4.0,1.0,0.210526316
5608,5581,19.0,0.904761905,0.730769231
5609,5185,35.0,1.0,0.26119403
5610,4238,22.0,0.88,0.101382488
5611,5584,8.0,0.888888889,0.666666667
5612,3435,45.0,1.0,0.057324841
5613,5040,19.0,1.0,0.404255319
5614,5031,30.0,0.967741935,0.256410256
5615,5299,97.0,0.97979798,0.384920635
5616,5025,19.0,1.0,0.260273973
5617,4936,7.0,1.0,0.538461538
5618,4930,68.0,1.0,0.141666667
5620,5168,15.0,1.0,0.090361446
5621,5059,88.0,1.0,0.323529412
5622,5317,68.0,1.0,0.27755102
5623,5288,17.0,1.0,0.002573808
5625,4997,6.0,1.0,0.4
5626,4151,10.0,1.0,0.909090909
5627,5781,23.0,1.0,0.024891775
5628,4475,124.0,0.96875,0.341597796
5629,4605,22.0,1.0,0.14379085
5631,5597,10.0,0.625,0.769230769
5632,5203,33.0,1.0,0.180327869
5633,4692,9.0,0.428571429,0.02866242
5634,5600,8.0,1.0,0.470588235
5636,5062,22.0,1.0,0.309859155
5637,5054,42.0,1.0,0.53164557
5638,5265,20.0,1.0,0.322580645
5639,4899,65.0,1.0,0.10534846
5640,4961,15.0,1.0,0.241935484
5641,4955,41.0,1.0,0.164
5644,5079,65.0,1.0,0.211038961
5645,5334,48.0,1.0,0.228571429
5646,5406,26.0,1.0,0.022947926
5647,4983,18.0,1.0,0.514285714
5648,5021,80.0,1.0,0.241691843
5650,5104,20.0,0.909090909,0.277777778
5651,4508,15.0,1.0,0.194805195
5652,4572,57.0,1.0,0.114919355
5656,4569,7.0,0.777777778,0.233333333
5657,5617,144.0,1.0,0.390243902
5659,5082,30.0,1.0,0.214285714
5660,5074,8.0,1.0,0.285714286
5661,5299,33.0,1.0,0.130952381
5663,5029,32.0,1.0,0.033023736
5665,5006,21.0,1.0,0.004346926
5666,5098,169.0,1.0,0.107506361
5667,5351,17.0,1.0,0.320754717
5668,5236,21.0,1.0,0.022580645
5669,5009,29.0,1.0,0.568627451
5670,5044,11.0,1.0,0.647058824
5672,4710,8.0,0.727272727,0.003931204
5673,4541,10.0,1.0,0.25
5674,4636,24.0,1.0,0.303797468
5676,5662,10.0,0.454545455,1.0
5677,5257,15.0,1.0,0.277777778
5678,4692,143.0,0.993055556,0.455414013
5679,5649,10.0,1.0,0.769230769
5681,5101,84.0,1.0,0.303249097
5682,5093,12.0,1.0,0.307692308
5683,5333,27.0,1.0,0.317647059
5684,5107,20.0,1.0,0.008650519
5685,5005,221.0,1.0,0.081339713
5686,4777,24.0,0.857142857,0.666666667
5687,5006,66.0,1.0,0.013661768
5688,5138,184.0,1.0,0.096385542
5689,5368,90.0,1.0,0.285714286
5690,5236,24.0,1.0,0.025806452
5691,5055,9.0,1.0,0.5
5692,5064,6.0,1.0,0.6
5695,4574,18.0,1.0,0.285714286
5696,4666,33.0,1.0,0.244444444
5698,5646,7.0,0.7,1.0
5699,5239,18.0,1.0,0.246575342
5700,4371,18.0,0.857142857,0.035225049
5701,5665,41.0,1.0,0.431578947
5703,5141,53.0,1.0,0.238738739
5704,5112,8.0,1.0,0.4
5705,5350,24.0,1.0,0.428571429
5706,5107,29.0,1.0,0.012543253
5707,5029,228.0,0.995633188,0.235294118
5708,4802,32.0,1.0,0.355555556
5709,5223,21.0,1.0,0.21875
5710,5098,30.0,1.0,0.019083969
5711,5401,20.0,1.0,0.476190476
5712,5254,37.0,1.0,0.049333333
5713,5032,11.0,0.916666667,0.6875
5714,5084,25.0,1.0,0.446428571
5715,4185,5.0,0.454545455,1.0
5716,3981,24.0,0.444444444,0.005519779
5716,4121,22.0,0.407407407,0.099547511
5717,4607,9.0,1.0,0.257142857
5718,4695,43.0,1.0,0.25443787
5720,5291,328.0,1.0,0.31813773
5721,4371,10.0,1.0,0.019569472
5722,5681,28.0,0.965517241,0.474576271
5723,3435,32.0,0.41025641,0.040764331
5723,3703,5.0,0.064102564,0.003631082
5724,5159,36.0,0.923076923,0.297520661
5726,5367,11.0,1.0,0.297297297
5727,4900,26.0,1.0,0.014968336
5728,5052,63.0,1.0,0.125498008
5729,4827,15.0,0.882352941,0.365853659
5730,5006,30.0,1.0,0.006209894
5731,5174,72.0,1.0,0.077502691
5733,5288,38.0,1.0,0.005753217
5734,5075,12.0,1.0,0.666666667
5735,5103,31.0,1.0,0.254098361
5736,4219,47.0,0.903846154,0.921568627
5737,3981,4.0,0.666666667,0.000919963
5738,4638,14.0,1.0,0.274509804
5739,4724,20.0,1.0,0.344827586
5741,5274,47.0,1.0,0.153594771
5742,4663,19.0,1.0,0.365384615
5743,5698,16.0,1.0,0.347826087
5745,5177,33.0,1.0,0.227586207
5746,5133,7.0,1.0,0.5
5747,5384,12.0,1.0,0.413793103
5748,5107,988.0,1.0,0.42733564
5749,5005,138.0,1.0,0.050791314
5751,5259,16.0,1.0,0.130081301
5752,5193,118.0,1.0,0.072348253
5753,5385,48.0,1.0,0.303797468
5754,5288,76.0,1.0,0.011506435
5755,5094,9.0,1.0,0.428571429
5758,5143,90.0,1.0,0.287539936
5759,4668,10.0,1.0,0.625
5761,5694,20.0,0.909090909,0.833333333
5762,5325,17.0,0.894736842,0.653846154
5764,5728,11.0,1.0,0.733333333
5766,5214,19.0,1.0,0.1484375
5767,5151,14.0,0.933333333,1.0
5768,5400,16.0,0.941176471,0.390243902
5769,4900,104.0,1.0,0.059873345
5770,5072,158.0,1.0,0.175946548
5771,4852,46.0,1.0,0.317241379
5772,5293,27.0,0.964285714,0.04340836
5773,5229,84.0,1.0,0.013476657
5774,5417,17.0,1.0,0.435897436
5775,5288,22.0,1.0,0.00333081
5776,5113,6.0,0.6,1.0
5777,5122,14.0,1.0,0.7
5778,4253,20.0,0.769230769,0.869565217
5779,4323,22.0,1.0,0.042718447
5780,4697,13.0,0.8125,0.245283019
5781,4752,89.0,1.0,0.167608286
5782,5740,5.0,0.5,1.0
5783,5308,19.0,1.0,0.38
5785,5743,23.0,1.0,0.396551724
5787,5232,14.0,1.0,0.212121212
5788,5169,16.0,0.941176471,0.8
5790,4900,8.0,0.32,0.004605642
5791,5005,29.0,1.0,0.010673537
5792,4877,14.0,0.666666667,0.583333333
5793,5293,74.0,1.0,0.118971061
5794,5229,640.0,1.0,0.102679288
5795,5433,87.0,1.0,0.250720461
5796,5322,41.0,1.0,0.028651293
5797,5152,27.0,1.0,0.490909091
5798,4286,5.0,0.454545455,0.416666667
5799,5781,32.0,0.666666667,0.034632035
5802,5755,5.0,0.555555556,1.0
5803,5291,30.0,1.0,0.029097963
5805,5758,20.0,1.0,0.5
5807,5267,22.0,1.0,0.41509434
5808,5188,9.0,1.0,0.75
5809,5416,9.0,1.0,0.375
5811,5005,136.0,1.0,0.050055208
5812,4910,103.0,1.0,0.420408163
5813,5310,56.0,1.0,0.122270742
5814,5247,140.0,1.0,0.161662818
5815,5449,53.0,0.929824561,0.261083744
5816,5288,1649.0,1.0,0.249659349
5817,5170,14.0,0.933333333,0.368421053
5819,4710,13.0,1.0,0.006388206
5820,4726,16.0,1.0,0.432432432
5821,4752,27.0,1.0,0.050847458
5822,5769,52.0,0.881355932,0.764705882
5823,5274,4.0,0.16,0.013071895
5823,5359,6.0,0.24,0.111111111
5825,5785,17.0,1.0,0.472222222
5826,3483,52.0,1.0,0.107438017
5827,5284,48.0,1.0,0.1191067
5828,5206,20.0,1.0,0.689655172
5829,5432,2.0,0.142857143,0.011627907
5830,5182,304.0,0.980645161,0.428169014
5831,5091,254.0,1.0,0.208367514
5832,4935,22.0,0.88,0.564102564
5834,5229,62.0,1.0,0.009947056
5835,5465,3.0,0.333333333,0.003460208
5836,5406,19.0,0.95,0.016769638
5837,5225,10.0,1.0,0.344827586
5838,4319,9.0,0.75,0.75
5839,5143,18.0,1.0,0.057507987
5840,4754,37.0,1.0,0.339449541
5841,4779,22.0,1.0,0.18487395
5842,5795,5.0,0.625,1.0
5843,5376,13.0,1.0,0.448275862
5844,4776,38.0,0.535211268,0.584615385
5845,5798,16.0,1.0,0.340425532
5847,5335,315.0,1.0,0.367990654
5849,5432,72.0,1.0,0.418604651
5850,5182,41.0,1.0,0.057746479
5851,5129,46.0,1.0,0.00384262
5853,5327,375.0,1.0,0.159574468
5854,5264,44.0,1.0,0.127536232
5855,5465,283.0,1.0,0.326412918
5856,5356,60.0,1.0,0.144230769
5857,5170,12.0,1.0,0.315789474
5858,4353,12.0,1.0,0.324324324
5859,4323,22.0,1.0,0.042718447
5860,4780,17.0,1.0,0.265625
5861,4804,34.0,1.0,0.202380952
5862,5821,464.0,0.997849462,0.572839506
5863,5393,13.0,1.0,0.276595745
5865,5823,10.0,0.909090909,0.588235294
5867,5318,8.0,1.0,0.081632653
5868,5224,28.0,0.736842105,0.875
5869,5448,71.0,0.825581395,0.314159292
5870,5201,44.0,1.0,0.120879121
5871,5149,105.0,1.0,0.109489051
5872,4985,219.0,0.964757709,0.459119497
5873,5344,150.0,0.993377483,0.348027842
5874,5281,101.0,1.0,0.227477477
5875,5465,26.0,1.0,0.029988466
5876,5373,29.0,1.0,0.044207317
5878,4386,7.0,1.0,1.0
5879,5269,26.0,0.928571429,0.144444444
5880,4805,29.0,1.0,0.305263158
5881,4854,147.0,1.0,0.15738758
5882,5833,8.0,0.727272727,1.0
5884,4749,11.0,1.0,0.169230769
5886,3483,2.0,0.041666667,0.004132231
5887,5352,27.0,1.0,0.243243243
5888,5242,14.0,0.875,0.875
5889,5464,9.0,1.0,0.692307692
5890,5182,93.0,1.0,0.130985915
5891,5129,26.0,1.0,0.002171915
5893,5361,19.0,1.0,0.220930233
5894,5298,49.0,1.0,0.068820225
5895,5497,25.0,0.961538462,0.287356322
5896,5288,25.0,1.0,0.003785011
5897,5260,20.0,1.0,0.526315789
5899,5123,18.0,1.0,0.382978723
5900,4830,22.0,1.0,0.31884058
5901,4829,248.0,1.0,0.222821204
5903,5409,26.0,0.742857143,0.298850575
5904,4801,20.0,0.952380952,0.444444444
5905,5772,39.0,1.0,0.314516129
5906,3529,117.0,0.928571429,0.315363881
5907,5284,36.0,1.0,0.089330025
5908,5480,30.0,0.882352941,0.555555556
5910,5005,23.0,1.0,0.008465219
5911,5011,25.0,0.446428571,0.78125
5912,5327,53.0,1.0,0.022553191
5913,5315,229.0,1.0,0.195059625
5914,5513,30.0,1.0,0.326086957
5915,5406,107.0,1.0,0.094439541
5916,5277,11.0,1.0,0.55
5917,4419,65.0,1.0,0.541666667
5918,4121,2.0,0.014705882,0.009049774
5918,5320,126.0,0.926470588,0.428571429
5919,4855,70.0,1.0,0.324074074
5920,4879,36.0,1.0,0.206896552
5922,5409,29.0,0.935483871,0.333333333
5923,4776,6.0,0.545454545,0.092307692
5924,5835,16.0,1.0,0.484848485
5928,5107,61.0,1.0,0.026384083
5929,5129,5165.0,1.0,0.43145936
5930,5034,49.0,1.0,0.28
5931,5327,62.0,1.0,0.026382979
5932,5332,1194.0,1.0,0.172618187
5933,5529,157.0,1.0,0.217451524
5934,5422,100.0,1.0,0.074019245
5935,5294,385.0,0.997409326,0.498704663
5936,4452,15.0,1.0,0.882352941
5937,4710,23.0,1.0,0.011302211
5939,4854,52.0,1.0,0.055674518
5941,5425,21.0,1.0,0.221052632
5943,5847,41.0,1.0,0.241176471
5944,3573,28.0,1.0,0.134615385
5945,5402,12.0,1.0,0.034883721
5946,5512,19.0,1.0,0.404255319
5947,5107,45.0,0.849056604,0.019463668
5948,5129,33.0,1.0,0.002756662
5950,5410,21.0,1.0,0.777777778
5951,5349,628.0,1.0,0.102664705
5952,5545,110.0,1.0,0.383275261
5953,5288,27.0,1.0,0.004087812
5954,5311,49.0,1.0,0.34751773
5955,4485,9.0,0.692307692,0.9
5956,4710,12.0,1.0,0.005896806
5957,4855,1.0,0.045454545,0.00462963
5958,4937,154.0,1.0,0.074216867
5963,3483,62.0,1.0,0.128099174
5964,5434,14.0,1.0,0.291666667
5966,5201,29.0,1.0,0.07967033
5969,5327,32.0,1.0,0.013617021
5970,5349,29.0,1.0,0.004740886
5971,5593,573.0,0.956594324,0.417334304
5972,5454,63.0,1.0,0.042112299
5973,5345,48.0,1.0,0.277456647
5975,4710,24.0,0.96,0.011793612
5976,4880,77.0,1.0,0.234042553
5977,4937,23.0,1.0,0.011084337
5978,5881,40.0,0.975609756,0.579710145
5979,5505,38.0,1.0,0.513513514
5981,5859,15.0,1.0,0.178571429
5982,3705,70.0,0.897435897,0.021419829
5984,5560,53.0,1.0,0.4140625
5985,5306,543.0,0.994505495,0.480530973
5986,5222,127.0,1.0,0.113392857
5987,5442,30.0,1.0,0.115384615
5988,5332,41.0,1.0,0.005927425
5989,5626,90.0,1.0,0.302013423
5990,5288,30.0,1.0,0.004542014
5991,5345,15.0,0.652173913,0.086705202
5992,4518,10.0,0.833333333,0.526315789
5993,4710,37.0,0.627118644,0.018181818
5994,4913,10.0,1.0,0.434782609
5995,4962,28.0,1.0,0.411764706
5996,5893,4.0,0.285714286,1.0
5997,5489,22.0,1.0,0.423076923
5999,5871,27.0,1.0,0.272727273
6000,3702,294.0,0.496621622,0.481967213
6000,3703,189.0,0.319256757,0.137254902
6000,3705,108.0,0.182432432,0.033047736
6001,5402,47.0,1.0,0.136627907
6002,5608,44.0,1.0,0.523809524
6003,5272,19.0,1.0,0.177570093
6004,5258,102.0,1.0,0.104401228
6005,5458,66.0,1.0,0.33
6006,5383,41.0,1.0,0.098321343
6007,5545,37.0,0.902439024,0.128919861
6008,5486,27.0,1.0,0.080597015
6009,5379,192.0,0.927536232,0.437357631
6011,3981,1.0,0.066666667,0.000229991
6011,5320,2.0,0.133333333,0.006802721
6012,4938,15.0,1.0,0.365853659
6013,4937,26.0,1.0,0.01253012
6014,5905,18.0,1.0,0.72
6015,5521,14.0,1.0,0.56
6017,5895,12.0,1.0,0.428571429
6018,3703,69.0,0.971830986,0.050108932
6019,5450,9.0,1.0,0.243243243
6020,5625,26.0,0.787878788,0.456140351
6022,5240,38.0,1.0,0.119496855
6023,5474,32.0,1.0,0.223776224
6024,5399,79.0,1.0,0.057748538
6025,5674,15.0,1.0,0.120967742
6026,5288,20.0,1.0,0.003028009
6027,5395,22.0,1.0,0.297297297
6028,4551,12.0,0.857142857,0.857142857
6029,3981,23.0,0.821428571,0.005289788
6031,5035,101.0,1.0,0.116898148
6035,5907,15.0,0.9375,0.714285714
6037,5482,15.0,1.0,0.202702703
6038,5641,73.0,0.986486486,0.39673913
6039,5323,27.0,0.931034483,0.341772152
6040,5222,139.0,1.0,0.124107143
6041,5490,14.0,1.0,0.063348416
6042,5415,36.0,1.0,0.153191489
6043,5465,45.0,1.0,0.051903114
6044,5518,45.0,1.0,0.073529412
6045,5411,48.0,1.0,0.210526316
6046,4584,16.0,0.941176471,0.941176471
6047,5781,32.0,1.0,0.034632035
6048,4963,24.0,1.0,0.157894737
6049,4937,50.0,1.0,0.024096386
6050,5917,11.0,0.578947368,1.0
6053,5931,12.0,1.0,0.75
6054,3705,218.0,0.977578475,0.066707466
6055,5466,30.0,1.0,0.198675497
6056,5689,28.0,0.933333333,0.325581395
6057,5407,57.0,1.0,0.046530612
6058,5275,1.0,0.05,0.003597122
6059,5506,15.0,1.0,0.091463415
6060,5431,76.0,1.0,0.164146868
6061,5529,22.0,1.0,0.030470914
6062,5288,24.0,1.0,0.003633611
6063,5411,27.0,0.964285714,0.118421053
6064,4616,9.0,1.0,0.818181818
6066,4988,62.0,1.0,0.261603376
6067,5035,32.0,1.0,0.037037037
6069,5569,19.0,1.0,0.413043478
6071,5943,16.0,1.0,0.571428571
6072,3703,14.0,1.0,0.01016703
6073,5498,13.0,1.0,0.464285714
6074,5673,34.0,1.0,0.409638554
6075,5407,19.0,1.0,0.015510204
6076,5258,110.0,1.0,0.11258956
6078,5447,46.0,1.0,0.077966102
6079,5707,28.0,1.0,0.282828283
6080,5550,34.0,1.0,0.023709902
6081,5443,8.0,1.0,0.8
6083,5269,11.0,1.0,0.061111111
6084,5036,11.0,0.916666667,0.366666667
6085,5077,21.0,1.0,0.28
6086,5929,11.0,0.55,0.523809524
6087,5553,42.0,1.0,0.302158273
6088,4826,15.0,1.0,0.535714286
6089,5967,27.0,1.0,0.38028169
6090,3703,180.0,0.027227348,0.130718954
6090,3705,1553.0,0.234911511,0.475214198
6090,3707,268.0,0.040538496,0.530693069
6090,4250,309.0,0.046740281,0.728773585
6090,4316,2581.0,0.390409923,0.574449143
6090,4515,434.0,0.065648162,0.686708861
6091,5514,70.0,1.0,0.23255814
6092,5706,99.0,1.0,0.34375
6094,5275,75.0,1.0,0.269784173
6095,5522,54.0,1.0,0.145552561
6096,5463,31.0,1.0,0.025683513
6097,5737,39.0,1.0,0.211956522
6098,5566,18.0,1.0,0.027231467
6101,5781,28.0,1.0,0.03030303
6102,5058,19.0,1.0,0.404255319
6103,5096,32.0,1.0,0.293577982
6104,5941,7.0,0.875,1.0
6105,5634,31.0,1.0,0.348314607
6106,4909,73.0,0.695238095,0.305439331
6107,5991,6.0,0.6,0.005295675
6109,5530,40.0,1.0,0.204081633
6110,5721,18.0,1.0,0.514285714
6111,5391,104.0,0.981132075,0.265984655
6112,5309,61.0,1.0,0.048069346
6113,5538,18.0,1.0,0.391304348
6114,5511,112.0,1.0,0.007410348
6115,5752,133.0,1.0,0.465034965
6116,5288,76.0,1.0,0.011506435
6117,5345,2.0,0.285714286,0.011560694
6119,3981,7.0,1.0,0.001609936
6120,5078,21.0,1.0,0.166666667
6121,5115,42.0,1.0,0.118644068
6123,5682,26.0,1.0,0.490566038
6124,4876,8.0,1.0,0.470588235
6125,5955,36.0,1.0,0.266666667
6126,3863,15.0,1.0,0.254237288
6127,5546,10.0,1.0,0.15625
6128,5736,45.0,1.0,0.254237288
6129,5407,41.0,1.0,0.033469388
6130,5309,70.0,1.0,0.055161545
6131,5554,685.0,1.0,0.370470525
6132,5527,69.0,1.0,0.12754159
6133,5766,30.0,1.0,0.697674419
6134,5582,37.0,1.0,0.081318681
6136,4647,5.0,0.714285714,1.0
6137,3981,2.0,0.2,0.000459982
6138,5097,13.0,1.0,0.276595745
6139,5136,25.0,1.0,0.107758621
6141,5666,160.0,1.0,0.276816609
6143,5991,365.0,1.0,0.322153575
6144,3703,2.0,0.05,0.001452433
6145,5562,15.0,1.0,0.166666667
6146,5751,14.0,0.608695652,0.636363636
6147,5391,19.0,1.0,0.04859335
6148,5129,29.0,1.0,0.002422521
6149,5570,22.0,1.0,0.211538462
6150,5511,24.0,1.0,0.001587932
6151,5779,42.0,1.0,0.385321101
6152,5679,28.0,1.0,0.053030303
6153,5411,8.0,0.8,0.035087719
6155,3981,31.0,0.96875,0.007129715
6156,5137,19.0,1.0,0.049479167
6157,5154,32.0,1.0,0.244274809
6158,5977,12.0,0.75,0.8
6160,4959,8.0,0.615384615,1.0
6161,5991,20.0,0.952380952,0.017652251
6163,5578,13.0,0.928571429,0.433333333
6164,5407,21.0,1.0,0.017142857
6165,5309,41.0,1.0,0.032308905
6167,5511,1859.0,1.0,0.122998544
6168,5792,10.0,1.0,0.166666667
6169,5615,31.0,1.0,0.049441786
6170,5491,17.0,0.894736842,0.772727273
6171,4677,10.0,0.714285714,1.0
6172,5143,6.0,1.0,0.019169329
6173,5137,134.0,1.0,0.348958333
6174,5172,38.0,1.0,0.180952381
6175,5989,11.0,0.916666667,1.0
6178,6016,65.0,1.0,0.451388889
6179,3937,25.0,0.961538462,0.3125
6180,5627,23.0,1.0,0.153333333
6181,5407,265.0,0.992509363,0.216326531
6182,5129,67.0,1.0,0.005596859
6183,5586,124.0,1.0,0.185907046
6184,5543,39.0,1.0,0.001967114
6185,5805,15.0,1.0,0.535714286
6186,5288,72.0,1.0,0.010900833
6189,5269,10.0,1.0,0.055555556
6190,5173,12.0,1.0,0.333333333
6191,5191,20.0,1.0,0.25974026
6192,6014,5.0,0.714285714,1.0
6193,5729,19.0,1.0,0.38
6194,4984,14.0,0.823529412,0.823529412
6195,6041,12.0,0.8,0.8
6196,3703,17.0,1.0,0.012345679
6197,5610,29.0,1.0,0.132420091
6198,5407,46.0,1.0,0.03755102
6199,5129,19.0,1.0,0.001587169
6200,5602,75.0,1.0,0.13464991
6201,5543,121.0,1.0,0.006103097
6202,5818,13.0,1.0,0.138297872
6203,5288,29.0,1.0,0.004390613
6205,4706,15.0,1.0,0.9375
6206,3981,24.0,1.0,0.005519779
6207,5155,49.0,1.0,0.19140625
6208,5209,35.0,1.0,0.173267327
6209,6039,57.0,0.890625,0.75
6212,6053,17.0,1.0,0.459459459
6213,3900,15.0,1.0,0.178571429
6214,5738,94.0,1.0,0.391666667
6215,5455,178.0,0.994413408,0.464751958
6216,5129,17.0,1.0,0.001420099
6217,5619,69.0,1.0,0.418181818
6218,5543,60.0,1.0,0.003026329
6219,5830,30.0,1.0,0.714285714
6220,5631,25.0,1.0,0.041736227
6223,3981,45.0,1.0,0.010349586
6225,5227,36.0,1.0,0.226415094
6227,5744,14.0,1.0,0.274509804
6228,5010,25.0,1.0,0.23364486
6229,6065,226.0,1.0,0.360446571
6230,3974,1.0,0.035714286,0.005747126
6231,5659,16.0,1.0,0.183908046
6232,5471,24.0,1.0,0.222222222
6233,5129,85.0,1.0,0.007100493
6235,5543,53.0,1.0,0.002673257
6236,5842,33.0,1.0,0.471428571
6237,5679,76.0,0.962025316,0.143939394
6238,5539,5.0,0.833333333,0.625
6239,4734,7.0,1.0,1.0
6241,5192,35.0,1.0,0.296610169
6242,5245,27.0,1.0,0.147540984
6243,6051,7.0,0.333333333,1.0
6245,5033,12.0,0.75,0.8
6246,6089,26.0,1.0,0.257425743
6248,5675,22.0,1.0,0.171875
6249,5407,1.0,0.05,0.000816327
6250,5360,67.0,1.0,0.144396552
6251,5635,23.0,1.0,0.511111111
6252,5543,268.0,1.0,0.013517603
6253,5854,18.0,0.947368421,0.272727273
6254,5695,40.0,1.0,0.037735849
6255,5379,2.0,0.181818182,0.004555809
6256,4761,16.0,1.0,0.64
6257,3981,26.0,0.209677419,0.005979761
6257,5320,7.0,0.056451613,0.023809524
6258,5228,19.0,1.0,0.10106383
6260,6063,14.0,0.933333333,0.933333333
6262,5076,18.0,1.0,0.45
6263,6077,10.0,1.0,0.333333333
6264,3703,3.0,0.25,0.002178649
6265,5643,23.0,1.0,0.18699187
6267,5377,22.0,1.0,0.106796117
6268,5651,16.0,1.0,0.262295082
6269,5543,361.0,1.0,0.018208413
6270,5866,26.0,1.0,0.120930233
6271,5711,25.0,1.0,0.056053812
6273,4786,19.0,0.612903226,0.95
6274,3981,4.0,0.235294118,0.000919963
6275,5228,52.0,1.0,0.276595745
6276,5262,59.0,1.0,0.125531915
6277,6172,46.0,0.686567164,0.58974359
6279,5056,39.0,1.0,0.609375
6280,5991,54.0,1.0,0.047661077
6282,5691,17.0,1.0,0.5
6283,5487,20.0,1.0,0.273972603
6284,5667,27.0,1.0,0.131067961
6285,5511,130.0,1.0,0.008601297
6286,5878,25.0,1.0,0.227272727
6287,5726,15.0,1.0,0.052447552
6288,5555,42.0,1.0,0.333333333
6289,4811,6.0,0.75,1.0
6290,5269,10.0,1.0,0.055555556
6291,5246,9.0,1.0,0.28125
6292,5279,16.0,1.0,0.078431373
6293,6123,6.0,0.857142857,1.0
6296,6113,7.0,0.875,0.5
6297,3703,1.0,0.001683502,0.000726216
6297,4009,247.0,0.415824916,0.449090909
6298,5723,38.0,1.0,0.009419931
6299,5407,8.0,0.205128205,0.006530612
6299,5567,28.0,0.717948718,0.017891374
6300,5700,21.0,1.0,0.287671233
6301,5511,40.0,1.0,0.002646553
6302,5890,22.0,1.0,0.468085106
6303,5741,49.0,1.0,0.040765391
6304,5571,9.0,1.0,0.428571429
6305,4836,5.0,0.714285714,0.833333333
6306,4710,13.0,0.866666667,0.006388206
6307,5263,8.0,1.0,0.615384615
6308,5296,18.0,1.0,0.162162162
6311,5095,73.0,1.0,0.258865248
6312,6125,14.0,1.0,0.388888889
6314,5767,20.0,1.0,0.25974026
6315,5535,23.0,0.766666667,0.741935484
6316,5715,49.0,1.0,0.13172043
6317,5511,79.0,1.0,0.005226942
6318,5902,24.0,1.0,0.558139535
6319,5756,15.0,1.0,0.054744526
6320,5587,49.0,1.0,0.49
6321,4861,336.0,0.949152542,0.772413793
6322,3981,4.0,0.25,0.000919963
6323,5280,18.0,1.0,0.339622642
6324,5262,33.0,1.0,0.070212766
6327,5114,9.0,0.9,0.6
6328,6198,11.0,1.0,0.169230769
6330,5723,31.0,1.0,0.00768468
6331,5567,43.0,1.0,0.027476038
6333,5543,31.0,1.0,0.001563603
6334,5914,14.0,1.0,0.538461538
6335,5770,55.0,1.0,0.031179138
6336,5603,11.0,0.916666667,0.423076923
6337,4886,6.0,0.75,0.857142857
6339,5297,44.0,1.0,0.198198198
6340,5313,50.0,1.0,0.174216028
6341,6160,10.0,0.833333333,0.769230769
6344,6174,14.0,0.933333333,0.538461538
6345,3705,35.0,1.0,0.010709914
6346,5793,18.0,1.0,0.260869565
6347,5567,39.0,0.928571429,0.024920128
6348,5730,48.0,1.0,0.148148148
6349,5511,27.0,1.0,0.001786423
6350,5926,565.0,0.998233216,0.354676711
6351,5783,48.0,0.941176471,0.21719457
6354,4710,24.0,1.0,0.011793612
6356,5262,25.0,1.0,0.053191489
6357,6147,15.0,1.0,0.625
6359,5153,24.0,0.923076923,0.615384615
6360,6198,17.0,1.0,0.261538462
6362,5780,12.0,1.0,0.169014085
6363,5567,55.0,1.0,0.03514377
6364,5745,12.0,1.0,0.1875
6365,5543,71.0,1.0,0.003581156
6366,5926,48.0,1.0,0.030131827
6367,5796,27.0,1.0,0.088235294
6368,5620,20.0,1.0,0.606060606
6370,5781,23.0,1.0,0.024891775
6371,5314,68.0,1.0,0.243727599
6372,5347,18.0,1.0,0.295081967
6373,6172,11.0,1.0,0.141025641
6375,5171,55.0,0.859375,0.335365854
6376,6186,12.0,1.0,0.342857143
6377,3974,26.0,1.0,0.149425287
6378,5723,867.0,1.0,0.214923153
6379,5583,99.0,1.0,0.469194313
6380,5760,12.0,1.0,0.137931034
6381,5511,30.0,1.0,0.001984915
6382,5950,33.0,1.0,0.286956522
6383,5809,27.0,1.0,0.081570997
6386,3981,33.0,1.0,0.007589696
6387,5331,13.0,1.0,0.481481481
6389,6208,7.0,1.0,0.875
6392,6221,17.0,1.0,0.354166667
6394,5723,64.0,1.0,0.015865146
6395,5567,11.0,1.0,0.007028754
6396,5774,81.0,1.0,0.162
6397,5543,1237.0,1.0,0.062392818
6398,5962,18.0,1.0,0.418604651
6399,5636,33.0,0.942857143,0.559322034
6401,3981,20.0,0.833333333,0.004599816
6402,5365,14.0,1.0,0.341463415
6403,5364,32.0,1.0,0.184971098
6404,6219,22.0,0.916666667,0.846153846
6407,6265,29.0,1.0,0.381578947
6408,3974,15.0,0.153061224,0.086206897
6409,5806,29.0,1.0,0.252173913
6410,5599,25.0,0.892857143,0.301204819
6411,5787,32.0,1.0,0.16
6412,5543,158.0,1.0,0.007969333
6413,5974,24.0,1.0,0.615384615
6414,5668,19.0,1.0,0.422222222
6416,3981,20.0,1.0,0.004599816
6417,5348,20.0,1.0,0.186915888
6418,5413,146.0,1.0,0.156820623
6419,6230,8.0,0.888888889,0.888888889
6420,5759,19.0,1.0,0.165217391
6424,5831,27.0,1.0,0.184931507
6425,5567,29.0,1.0,0.018530351
6426,5800,21.0,1.0,0.24137931
6427,5543,64.0,1.0,0.003228084
6428,5986,23.0,1.0,0.383333333
6429,5652,15.0,1.0,0.454545455
6430,4944,18.0,0.75,0.580645161
6431,4710,48.0,1.0,0.023587224
6432,5382,11.0,1.0,0.333333333
6433,5429,108.0,1.0,0.185248714
6434,6241,6.0,1.0,1.0
6436,5208,23.0,0.821428571,0.793103448
6439,5819,11.0,1.0,0.15942029
6440,5680,19.0,1.0,0.010951009
6441,5813,128.0,0.977099237,0.248062016
6442,5543,31.0,1.0,0.001563603
6443,5998,23.0,1.0,0.270588235
6445,4994,7.0,0.875,1.0
6448,5461,107.0,1.0,0.116939891
6449,6274,61.0,0.983870968,0.521367521
6450,5759,23.0,1.0,0.2
6451,5226,11.0,1.0,0.578947368
6452,6287,15.0,1.0,0.272727273
6454,5855,50.0,0.925925926,0.476190476
6455,5567,19.0,1.0,0.012140575
6456,5813,49.0,0.960784314,0.09496124
6457,5624,52.0,1.0,0.147308782
6460,4969,5.0,1.0,0.454545455
6461,4710,8.0,1.0,0.003931204
6462,5398,15.0,1.0,0.454545455
6463,5477,67.0,1.0,0.225589226
6464,6285,6.0,0.6,0.857142857
6466,5278,12.0,1.0,0.307692308
6467,6065,9.0,1.0,0.014354067
6468,4009,41.0,1.0,0.074545455
6470,5680,17.0,1.0,0.009798271
6471,5837,12.0,1.0,0.137931034
6472,5543,65.0,1.0,0.003278523
6473,6010,15.0,1.0,0.197368421
6474,5684,108.0,1.0,0.310344828
6477,5414,75.0,1.0,0.221893491
6478,5493,48.0,1.0,0.272727273
6479,6296,5.0,0.714285714,1.0
6481,5244,7.0,1.0,0.170731707
6482,6328,13.0,0.928571429,0.8125
6483,4044,17.0,1.0,0.23943662
6484,5843,17.0,1.0,0.104294479
6485,5567,361.0,0.978319783,0.230670927
6486,5849,25.0,1.0,0.215517241
6487,5543,52.0,1.0,0.002622819
6488,6023,80.0,1.0,0.784313725
6489,5701,41.0,0.931818182,0.455555556
6490,5018,26.0,0.65,0.684210526
6491,5645,11.0,1.0,0.016272189
6492,5430,13.0,1.0,0.371428571
6493,5509,20.0,1.0,0.185185185
6494,6306,8.0,0.727272727,1.0
6496,5261,23.0,1.0,0.185483871
6497,6337,11.0,1.0,0.423076923
6498,4078,37.0,0.298387097,0.5
6499,5867,9.0,0.818181818,0.5625
6500,5680,104.0,0.962962963,0.059942363
6501,5861,147.0,1.0,0.235955056
6502,5705,41.0,1.0,0.008486856
6503,6048,33.0,1.0,0.326732673
6504,5716,16.0,1.0,0.666666667
6506,5645,7.0,0.5,0.01035503
6508,5525,24.0,1.0,0.269662921
6509,6316,9.0,0.818181818,0.9
6511,5295,20.0,0.769230769,0.571428571
6512,6318,13.0,0.928571429,0.183098592
6514,5723,24.0,1.0,0.00594943
6515,5680,328.0,1.0,0.189048991
6516,5885,13.0,1.0,0.288888889
6517,5705,313.0,1.0,0.064789899
6518,6060,65.0,1.0,0.427631579
6519,5746,9.0,1.0,0.391304348
6520,5041,20.0,0.952380952,0.869565217
6521,5629,9.0,1.0,0.692307692
6522,5462,27.0,1.0,0.333333333
6523,5541,25.0,1.0,0.12254902
6524,6344,6.0,1.0,1.0
6527,6346,20.0,1.0,0.350877193
6529,5879,21.0,1.0,0.063636364
6530,5680,62.0,0.911764706,0.03573487
6531,5897,21.0,0.913043478,0.313432836
6532,5705,61.0,1.0,0.012626785
6533,6072,23.0,1.0,0.348484848
6534,5731,18.0,1.0,0.276923077
6536,4710,24.0,1.0,0.011793612
6538,5557,25.0,1.0,0.19379845
6539,6353,7.0,0.636363636,1.0
6542,6364,13.0,1.0,0.351351351
6544,5891,49.0,1.0,0.172535211
6545,5567,54.0,1.0,0.034504792
6546,5909,39.0,1.0,0.5
6547,5791,150.0,1.0,0.067324955
6548,6084,48.0,1.0,0.259459459
6550,5063,8.0,0.888888889,0.888888889
6551,5320,2.0,0.042553191,0.006802721
6551,5645,45.0,0.957446809,0.066568047
6552,5478,16.0,1.0,0.275862069
6553,5573,23.0,1.0,0.097457627
6554,6362,8.0,0.8,0.8
6556,5380,24.0,0.827586207,0.8
6559,5915,25.0,1.0,0.378787879
6560,5797,34.0,1.0,0.101492537
6561,5921,33.0,1.0,0.434210526
6562,5817,92.0,1.0,0.044082415
6563,6096,45.0,1.0,0.115681234
6565,5083,7.0,0.777777778,1.0
6566,3981,41.0,1.0,0.009429623
6569,6371,11.0,0.647058824,1.0
6571,5312,140.0,1.0,0.397727273
6572,6355,16.0,1.0,0.372093023
6573,4009,3.0,0.069767442,0.005454545
6574,5927,15.0,1.0,0.153061224
6575,5757,9.0,1.0,0.5
6576,5933,15.0,1.0,0.416666667
6577,5804,277.0,1.0,0.087436869
6578,6084,11.0,0.239130435,0.059459459
6579,5775,13.0,0.866666667,0.866666667
6580,5121,12.0,0.923076923,1.0
6584,6380,9.0,0.818181818,0.9
6585,5773,118.0,1.0,0.309711286
6586,5363,48.0,1.0,0.292682927
6587,6373,13.0,1.0,0.361111111
6589,5903,45.0,1.0,0.191489362
6590,5771,30.0,0.857142857,0.476190476
6591,5945,78.0,1.0,0.40625
6592,5853,137.0,1.0,0.044236358
6593,6108,125.0,1.0,0.230202578
6594,5761,7.0,1.0,0.5
6596,5781,12.0,1.0,0.012987013
6597,5494,41.0,1.0,0.209183673
6598,5589,54.0,1.0,0.194945848
6599,6389,7.0,0.875,1.0
6600,5799,17.0,1.0,0.354166667
6602,6382,33.0,1.0,0.227586207
6604,5939,91.0,1.0,0.368421053
6605,5567,18.0,1.0,0.011501597
6606,5957,16.0,1.0,0.183908046
6607,5865,416.0,0.997601918,0.155281822
6608,6120,19.0,1.0,0.452380952
6609,5788,41.0,0.976190476,0.266233766
6610,5142,11.0,0.916666667,1.0
6611,3981,16.0,0.888888889,0.003679853
6612,5510,10.0,1.0,0.185185185
6613,5605,23.0,1.0,0.389830508
6614,6409,7.0,0.777777778,0.7
6615,5812,32.0,1.0,0.450704225
6616,5412,9.0,1.0,0.5625
6617,6392,13.0,1.0,0.5
6619,5723,30.0,1.0,0.007436787
6620,5797,71.0,1.0,0.211940299
6621,5098,1.0,0.006451613,0.000636132
6621,5969,154.0,0.993548387,0.568265683
6622,5913,60.0,1.0,0.032137118
6623,6132,80.0,1.0,0.121396055
6624,5801,13.0,1.0,0.8125
6625,5178,7.0,0.538461538,0.7
6626,5781,21.0,1.0,0.022727273
6627,5526,14.0,1.0,0.4375
6628,5622,24.0,1.0,0.275862069
6629,6427,8.0,0.888888889,1.0
6630,5824,31.0,1.0,0.492063492
6631,5428,10.0,0.588235294,1.0
6632,6429,13.0,1.0,0.382352941
6634,5723,54.0,1.0,0.013386217
6635,5810,307.0,1.0,0.459580838
6636,5981,17.0,1.0,0.112582781
6637,5925,38.0,1.0,0.050666667
6638,6144,60.0,1.0,0.243902439
6639,5814,87.0,0.97752809,0.358024691
6640,5160,5.0,0.714285714,1.0
6641,4710,3.0,0.024390244,0.001474201
6641,5613,113.0,0.918699187,0.701863354
6642,5542,10.0,1.0,0.454545455
6643,5638,29.0,1.0,0.287128713
6644,6418,28.0,1.0,0.5
6646,5460,66.0,1.0,0.335025381
6647,6483,23.0,1.0,0.155405405
6648,4148,183.0,0.989189189,0.163247101
6649,6097,16.0,0.941176471,0.055944056
6650,5680,40.0,1.0,0.023054755
6651,5993,25.0,1.0,0.454545455
6652,5937,138.0,1.0,0.089960887
6653,6156,13.0,1.0,0.220338983
6654,5826,8.0,1.0,0.533333333
6656,5794,25.0,1.0,0.114678899
6657,5558,15.0,1.0,0.405405405
6658,5654,7.0,1.0,0.01037037
6659,6436,18.0,1.0,0.9
6661,5396,61.0,1.0,0.24796748
6662,6438,73.0,1.0,0.370558376
6663,3707,11.0,0.019748654,0.021782178
6663,4148,498.0,0.894075404,0.444246209
6663,4316,1.0,0.001795332,0.000222568
6664,5963,107.0,1.0,0.164869029
6666,6005,39.0,1.0,0.163179916
6667,5961,89.0,1.0,0.011803714
6668,6169,148.0,0.993288591,0.238709677
6669,5850,12.0,1.0,0.5
6670,5197,17.0,1.0,0.62962963
6671,5645,35.0,1.0,0.051775148
6672,5590,13.0,1.0,0.288888889
6673,5654,16.0,1.0,0.023703704
6676,5492,16.0,0.8,0.533333333
6677,6456,9.0,1.0,0.75
6678,4283,17.0,0.548387097,0.098837209
6679,5975,15.0,1.0,0.3
6680,5846,19.0,1.0,0.072243346
6681,6018,75.0,0.986842105,0.255102041
6682,5973,88.0,1.0,0.044221106
6683,6181,15.0,1.0,0.535714286
6684,5838,34.0,0.944444444,0.478873239
6686,5645,25.0,0.892857143,0.036982249
6687,5574,15.0,1.0,0.277777778
6688,5703,25.0,1.0,0.183823529
6689,6445,7.0,1.0,0.7
6690,5836,11.0,1.0,0.305555556
6691,5572,40.0,0.930232558,0.099750623
6692,6492,116.0,1.0,0.407017544
6693,4316,33.0,0.317307692,0.007344759
6694,6011,11.0,1.0,0.255813953
6695,5834,158.0,1.0,0.351111111
6696,6031,99.0,1.0,0.404081633
6697,5961,244.0,1.0,0.032360743
6698,6193,59.0,1.0,0.090214067
6699,5862,7.0,1.0,0.538461538
6700,5215,6.0,0.857142857,1.0
6701,5645,7.0,0.875,0.01035503
6702,5606,20.0,1.0,0.256410256
6703,5718,18.0,1.0,0.290322581
6704,6454,26.0,0.866666667,0.684210526
6706,5572,71.0,0.845238095,0.177057357
6707,6474,13.0,1.0,0.295454545
6709,6024,11.0,0.846153846,0.785714286
6712,5985,73.0,1.0,0.015970247
6713,6205,14.0,1.0,0.285714286
6717,5623,15.0,1.0,0.375
6718,5686,156.0,1.0,0.121212121
6720,5848,15.0,1.0,0.75
6721,5524,3.0,0.5,0.6
6723,4283,46.0,1.0,0.26744186
6724,6049,9.0,1.0,0.333333333
6725,5894,65.0,1.0,0.095307918
6726,6043,97.0,1.0,0.144560358
6727,5985,191.0,1.0,0.041785167
6728,6216,40.0,0.930232558,0.5
6730,5233,9.0,0.75,1.0
6731,5781,46.0,1.0,0.04978355
6732,5639,12.0,1.0,0.272727273
6733,5733,20.0,1.0,0.138888889
6734,6463,5.0,0.833333333,1.0
6737,6483,30.0,1.0,0.202702703
6739,6037,31.0,1.0,0.129166667
6740,5846,29.0,1.0,0.11026616
6741,6055,28.0,1.0,0.120171674
6742,5997,73.0,1.0,0.05003427
6743,6227,86.0,1.0,0.203309693
6744,5886,8.0,1.0,1.0
6745,5268,64.0,0.984615385,0.780487805
6746,5645,21.0,1.0,0.031065089
6747,5655,9.0,1.0,0.391304348
6748,5748,17.0,1.0,0.171717172
6749,6499,5.0,0.555555556,1.0
6750,5860,16.0,1.0,0.615384615
6751,5396,6.0,0.12,0.024390244
6751,5572,3.0,0.06,0.007481297
6751,5604,31.0,0.62,0.775
6752,6501,14.0,1.0,0.388888889
6753,4350,23.0,0.958333333,0.696969697
6754,6061,14.0,1.0,0.093333333
6755,5882,26.0,1.0,0.201550388
6756,6067,54.0,1.0,0.112033195
6757,6047,274.0,1.0,0.067654321
6758,6238,31.0,1.0,0.476923077
6759,5898,10.0,0.909090909,0.833333333
6761,5645,90.0,0.957446809,0.133136095
6762,5671,11.0,1.0,0.239130435
6763,5763,23.0,1.0,0.198275862
6765,5884,24.0,1.0,0.558139535
6766,5621,546.0,0.992727273,0.473958333
6767,6510,10.0,1.0,0.069444444
6768,4148,4.0,0.125,0.003568243
6768,4250,6.0,0.1875,0.014150943
6769,6085,40.0,0.634920635,0.425531915
6770,5894,43.0,1.0,0.063049853
6772,6071,43.0,1.0,0.02786779
6774,5910,16.0,1.0,0.470588235
6776,5781,144.0,0.993103448,0.155844156
6777,5687,18.0,1.0,0.189473684
6778,5777,41.0,1.0,0.113259669
6779,6517,6.0,0.6,0.857142857
6781,5556,11.0,1.0,0.392857143
6782,6510,39.0,1.0,0.270833333
6784,6097,38.0,1.0,0.132867133
6785,5906,601.0,0.99668325,0.288664745
6786,6079,36.0,1.0,0.155844156
6787,6083,48.0,0.96,0.056872038
6788,6249,17.0,0.944444444,0.607142857
6789,5814,16.0,1.0,0.065843621
6790,5285,7.0,0.7,0.5
6791,5645,65.0,1.0,0.096153846
6792,5704,64.0,1.0,0.407643312
6794,6535,6.0,0.461538462,1.0
6795,5908,17.0,1.0,0.5
6796,5556,2.0,0.047619048,0.071428571
6796,5653,28.0,0.666666667,0.848484848
6797,6528,14.0,1.0,0.411764706
6798,4316,44.0,1.0,0.009793011
6799,6109,48.0,1.0,0.192771084
6800,5894,34.0,1.0,0.049853372
6801,6091,96.0,1.0,0.105147864
6802,6095,79.0,1.0,0.088764045
6803,6260,22.0,1.0,0.140127389
6804,5922,89.0,1.0,0.447236181
6806,5794,29.0,1.0,0.133027523
6807,5719,15.0,1.0,0.357142857
6810,5920,33.0,1.0,0.34375
6811,5572,102.0,0.953271028,0.25436409
6812,6546,29.0,1.0,0.376623377
6813,4316,9.0,1.0,0.002003116
6814,6073,10.0,1.0,0.114942529
6815,5930,65.0,1.0,0.102848101
6816,6103,22.0,1.0,0.229166667
6817,6119,143.0,1.0,0.048213082
6818,6271,92.0,1.0,0.247311828
6819,5934,8.0,1.0,0.421052632
6820,5820,8.0,0.177777778,0.102564103
6821,5302,5.0,0.833333333,0.714285714
6822,5734,17.0,1.0,0.369565217
6825,5932,39.0,1.0,0.342105263
6826,5588,62.0,1.0,0.296650718
6827,6555,35.0,1.0,0.330188679
6829,5723,84.0,1.0,0.020823004
6830,5930,77.0,1.0,0.121835443
6832,6143,76.0,1.0,0.059889677
6833,6282,54.0,1.0,0.086261981
6835,5781,25.0,0.961538462,0.027056277
6836,5319,9.0,0.818181818,0.642857143
6837,5749,9.0,1.0,0.473684211
6838,5790,19.0,1.0,0.404255319
6839,6544,10.0,0.625,0.833333333
6841,5685,15.0,0.294117647,1.0
6842,6563,12.0,1.0,0.6
6844,6133,111.0,1.0,0.32361516
6845,5918,641.0,1.0,0.149139134
6846,6115,42.0,0.913043478,0.84
6847,6192,55.0,1.0,0.008439466
6848,6293,43.0,1.0,0.191111111
6849,5946,15.0,1.0,0.681818182
6850,5794,54.0,1.0,0.247706422
6852,5764,13.0,1.0,0.448275862
6853,5803,15.0,1.0,0.223880597
6854,6553,5.0,1.0,1.0
6855,5968,36.0,1.0,0.444444444
6856,5637,20.0,1.0,0.204081633
6857,6571,9.0,1.0,0.321428571
6858,4250,2.0,0.020408163,0.004716981
6858,4316,90.0,0.918367347,0.02003116
6859,6097,24.0,1.0,0.083916084
6860,5918,10.0,0.357142857,0.002326664
6860,5930,18.0,0.642857143,0.028481013
6861,6127,52.0,1.0,0.311377246
6862,6180,91.0,1.0,0.030485762
6863,6303,13.0,1.0,0.149425287
6864,5958,19.0,1.0,0.441860465
6865,5645,18.0,1.0,0.026627219
6866,5336,10.0,0.909090909,0.909090909
6867,5816,127.0,1.0,0.203852327
6868,6561,7.0,0.875,1.0
6869,5980,14.0,1.0,0.311111111
6870,5669,28.0,1.0,0.337349398
6871,6579,11.0,1.0,0.323529412
6872,4316,54.0,1.0,0.012018696
6873,6145,9.0,1.0,0.1875
6874,5906,22.0,1.0,0.010566763
6875,6139,182.0,1.0,0.212121212
6876,6192,439.0,1.0,0.067362283
6877,6282,43.0,1.0,0.068690096
6879,5820,29.0,0.90625,0.371794872
6880,5353,21.0,0.954545455,0.7
6881,5816,34.0,1.0,0.054574639
6882,6569,4.0,0.8,1.0
6883,6004,16.0,1.0,0.355555556
6884,5702,24.0,1.0,0.585365854
6885,6587,6.0,1.0,0.75
6886,4316,33.0,0.589285714,0.007344759
6887,6157,8.0,1.0,0.333333333
6888,5918,52.0,1.0,0.012098651
6890,6215,34.0,1.0,0.032660903
6891,6323,17.0,1.0,0.186813187
6892,5970,7.0,1.0,0.7
6894,5370,10.0,1.0,1.0
6895,5840,21.0,1.0,0.212121212
6896,6609,5.0,0.714285714,1.0
6897,6030,420.0,0.886075949,0.506024096
6898,5732,26.0,1.0,0.52
6899,6595,16.0,1.0,0.301886792
6901,5723,1.0,0.016129032,0.000247893
6901,6170,41.0,0.661290323,0.532467532
6902,5954,23.0,1.0,0.174242424
6903,6151,40.0,0.975609756,0.449438202
6904,6237,704.0,0.99858156,0.16890595
6905,6333,23.0,1.0,0.111111111
6906,5982,66.0,1.0,0.428571429
6908,5856,25.0,1.0,0.438596491
6910,6625,8.0,0.727272727,1.0
6911,6042,108.0,1.0,0.387096774
6912,5717,268.0,1.0,0.239285714
6913,6611,282.0,0.952702703,0.414705882
6915,6182,10.0,1.0,0.344827586
6916,5966,33.0,1.0,0.76744186
6917,6164,15.0,1.0,0.1
6918,6226,145.0,1.0,0.055941358
6919,6342,25.0,1.0,0.609756098
6920,6068,78.0,0.8125,0.614173228
6921,5387,43.0,0.811320755,0.651515152
6922,5880,18.0,0.428571429,0.486486486
6923,5864,15.0,1.0,0.015641293
6924,6633,15.0,0.75,1.0
6926,5747,36.0,0.947368421,0.507042254
6929,6239,21.0,1.0,0.070234114
6930,5978,11.0,0.916666667,0.423076923
6931,6176,40.0,1.0,0.689655172
6932,6226,154.0,1.0,0.05941358
6933,6282,30.0,1.0,0.047923323
6934,6116,69.0,0.985714286,0.03518613
6935,5403,30.0,0.967741935,0.535714286
6936,5868,9.0,0.45,0.5
6937,5864,123.0,1.0,0.128258603
6939,6054,29.0,1.0,0.58
6940,5621,23.0,0.958333333,0.019965278
6941,6619,5.0,1.0,0.125
6942,4148,18.0,0.9,0.016057092
6943,6206,155.0,1.0,0.223665224
6944,5918,19.0,1.0,0.004420661
6945,6188,17.0,0.85,1.0
6946,6226,73.0,1.0,0.02816358
6947,6360,26.0,1.0,0.426229508
6948,6006,18.0,1.0,0.4
6949,5419,60.0,0.714285714,0.882352941
6950,5880,10.0,0.833333333,0.27027027
6951,5876,15.0,1.0,0.131578947
6955,6643,73.0,1.0,0.32735426
6957,6250,36.0,1.0,0.233766234
6958,5918,376.0,1.0,0.08748255
6959,6200,84.0,1.0,0.417910448
6960,6248,66.0,1.0,0.038777908
6961,6369,182.0,1.0,0.184771574
6962,5994,21.0,1.0,0.233333333
6963,5451,3.0,0.272727273,1.0
6964,5892,13.0,1.0,0.325
6966,5900,52.0,1.0,0.134366925
6967,6066,69.0,0.985714286,0.245551601
6968,5776,33.0,1.0,0.458333333
6969,6667,12.0,1.0,0.444444444
6970,4316,30.0,1.0,0.006677053
6971,6239,85.0,0.977011494,0.284280936
6972,5906,15.0,1.0,0.007204611
6973,6259,270.0,1.0,0.14091858
6974,6378,61.0,1.0,0.396103896
6975,6032,19.0,1.0,0.527777778
6976,5435,9.0,0.692307692,0.9
6977,5916,40.0,0.512820513,0.547945205
6977,6012,3.0,0.038461538,0.004132231
6978,6657,4.0,0.666666667,1.0
6979,5912,52.0,1.0,0.217573222
6982,6675,13.0,1.0,0.342105263
6983,4316,20.0,1.0,0.004451369
6985,5918,23.0,1.0,0.005351326
6986,6270,155.0,1.0,0.178571429
6987,6387,26.0,1.0,0.464285714
6988,6044,13.0,1.0,0.464285714
6990,5952,55.0,0.964912281,0.462184874
6992,5900,17.0,1.0,0.043927649
6993,6102,12.0,1.0,0.428571429
6995,6690,14.0,1.0,0.823529412
6996,4548,74.0,0.528571429,0.822222222
6997,6261,8.0,1.0,0.307692308
6998,6015,168.0,0.99408284,0.118309859
6999,6237,72.0,1.0,0.017274472
7003,6012,38.0,1.0,0.052341598
7004,6673,7.0,0.7,1.0
7005,5924,19.0,1.0,0.073643411
7006,6114,33.0,0.970588235,0.634615385
7008,6704,91.0,1.0,0.37295082
7010,6283,22.0,0.666666667,0.628571429
7011,5918,18.0,1.0,0.004187994
7012,6237,431.0,1.0,0.10340691
7013,6461,102.0,1.0,0.064926798
7015,5467,78.0,1.0,0.838709677
7016,6012,73.0,1.0,0.100550964
7017,6681,8.0,1.0,1.0
7018,5936,85.0,1.0,0.170340681
7019,6126,33.0,1.0,0.540983607
7020,5789,5.0,0.833333333,0.625
7021,6651,214.0,1.0,0.362098139
7024,5918,26.0,1.0,0.006049325
7025,6292,72.0,1.0,0.09587217
7027,6056,8.0,1.0,0.380952381
7029,5988,39.0,0.52,0.582089552
7029,6012,13.0,0.173333333,0.017906336
7030,6688,10.0,0.833333333,1.0
7031,5960,16.0,1.0,0.228571429
7034,6651,5.0,1.0,0.008460237
7036,6304,10.0,1.0,0.084745763
7037,5918,20.0,1.0,0.004653327
7038,6312,25.0,1.0,0.024414062
7039,6407,16.0,1.0,0.666666667
7042,5976,71.0,1.0,0.235880399
7046,5802,12.0,0.705882353,0.545454545
7047,6725,92.0,1.0,0.405286344
7048,4581,22.0,1.0,0.523809524
7049,6334,38.0,0.655172414,0.469135802
7049,6370,16.0,0.275862069,0.470588235
7050,6015,159.0,1.0,0.111971831
7051,6322,34.0,1.0,0.016856718
7052,6416,147.0,1.0,0.141074856
7054,5483,66.0,0.942857143,0.825
7055,6012,23.0,1.0,0.031680441
7057,5972,207.0,1.0,0.160589604
7058,6163,17.0,1.0,0.485714286
7059,5815,17.0,1.0,0.739130435
7060,6718,4.0,0.666666667,0.5
7062,6314,14.0,1.0,0.25
7063,6052,33.0,1.0,0.107843137
7064,6237,38.0,1.0,0.009117083
7065,6425,33.0,1.0,0.532258065
7066,6104,10.0,1.0,0.555555556
7067,5499,9.0,0.428571429,1.0
7068,6012,16.0,1.0,0.022038567
7071,6175,16.0,1.0,0.41025641
7072,5827,22.0,1.0,0.217821782
7074,4316,84.0,1.0,0.018695749
7075,6343,15.0,1.0,0.12
7076,6076,27.0,1.0,0.204545455
7077,6332,60.0,1.0,0.069848661
7078,6461,434.0,1.0,0.276257161
7079,6092,26.0,0.962962963,0.541666667
7080,5531,12.0,0.413793103,0.52173913
7081,6012,16.0,1.0,0.022038567
7082,6709,5.0,0.833333333,1.0
7083,5996,20.0,1.0,0.178571429
7084,6187,30.0,1.0,0.352941176
7085,5839,82.0,1.0,0.345991561
7086,6739,38.0,1.0,0.361904762
7088,6361,20.0,1.0,0.132450331
7089,6064,28.0,1.0,0.16091954
7090,6350,160.0,1.0,0.045858412
7091,6443,13.0,1.0,0.361111111
7092,6116,1051.0,0.964220183,0.535951045
7092,6152,4.0,0.003669725,0.002444988
7093,6012,172.0,0.988505747,0.236914601
7094,5547,5.0,0.714285714,1.0
7099,6753,43.0,1.0,0.325757576
7100,4316,45.0,0.714285714,0.01001558
7101,6379,42.0,0.954545455,0.278145695
7102,6015,36.0,1.0,0.025352113
7103,6359,89.0,1.0,0.054268293
7104,6452,28.0,1.0,0.341463415
7106,5563,6.0,0.4,1.0
7107,6013,76.0,1.0,0.079748164
7108,6716,4.0,0.666666667,1.0
7109,6008,25.0,1.0,0.170068027
7111,5851,15.0,1.0,0.202702703
7112,6760,30.0,1.0,0.441176471
7113,4316,26.0,1.0,0.005786779
7114,6388,13.0,1.0,0.185714286
7115,6088,11.0,0.916666667,0.458333333
7116,6377,61.0,1.0,0.019495046
7117,6470,28.0,1.0,0.282828283
7118,6128,26.0,0.8125,0.553191489
7120,6013,33.0,1.0,0.034627492
7122,6021,129.0,1.0,0.261663286
7125,6767,12.0,1.0,0.571428571
7127,6408,16.0,1.0,0.152380952
7128,6015,16.0,0.8,0.011267606
7129,6386,43.0,1.0,0.026824704
7130,6479,40.0,0.975609756,0.239520958
7131,6152,1066.0,0.931818182,0.651589242
7131,6466,6.0,0.005244755,0.009569378
7132,6038,75.0,1.0,0.334821429
7133,5595,23.0,1.0,0.884615385
7135,6034,21.0,1.0,0.138157895
7137,5863,16.0,1.0,0.533333333
7138,6774,13.0,1.0,0.464285714
7140,6426,25.0,1.0,0.223214286
7141,6015,23.0,1.0,0.016197183
7142,6442,66.0,1.0,0.010163228
7143,6488,23.0,1.0,0.5
7145,6013,47.0,1.0,0.049317943
7146,5611,52.0,0.825396825,0.825396825
7147,6723,34.0,0.944444444,0.80952381
7148,6034,13.0,1.0,0.085526316
7151,6781,344.0,1.0,0.4473342
7153,6435,9.0,1.0,0.346153846
7154,6124,72.0,1.0,0.062337662
7155,6415,30.0,1.0,0.028436019
7156,6497,34.0,1.0,0.234482759
7157,6189,8.0,1.0,0.533333333
7158,6013,29.0,1.0,0.03043022
7159,5628,3.0,0.428571429,0.5
7160,6730,9.0,1.0,0.692307692
7161,6046,47.0,1.0,0.046488625
7162,6211,66.0,1.0,0.41509434
7163,5875,56.0,1.0,0.32183908
7164,6795,47.0,0.979166667,0.5875
7165,4316,38.0,1.0,0.008457601
7166,6444,20.0,1.0,0.198019802
7167,6124,100.0,1.0,0.086580087
7168,6442,2783.0,0.999640805,0.42854943
7169,6497,24.0,1.0,0.165517241
7170,6212,7.0,1.0,0.368421053
7171,6013,85.0,1.0,0.089192025
7172,5644,14.0,1.0,0.636363636
7173,6737,26.0,1.0,0.866666667
7174,6046,228.0,1.0,0.225519288
7175,6222,22.0,1.0,0.34375
7178,4644,87.0,1.0,0.172962227
7180,6124,24.0,1.0,0.020779221
7181,6433,611.0,1.0,0.0621377
7182,6515,17.0,1.0,0.395348837
7183,6152,28.0,0.933333333,0.017114914
7184,6013,1.0,0.111111111,0.001049318
7185,5676,14.0,0.933333333,0.933333333
7187,6058,16.0,1.0,0.096969697
7189,5887,44.0,0.956521739,0.448979592
7190,6801,5.0,0.833333333,0.5
7192,6453,70.0,1.0,0.188679245
7193,6148,22.0,1.0,0.349206349
7194,6460,37.0,1.0,0.03627451
7195,6524,20.0,1.0,0.101010101
7196,6223,10.0,1.0,0.555555556
7197,6013,56.0,1.0,0.058761805
7198,5692,8.0,0.727272727,1.0
7200,6046,17.0,1.0,0.016815035
7201,6244,17.0,1.0,0.326923077
7202,5911,14.0,1.0,0.264150943
7203,6807,9.0,1.0,0.257142857
7205,6471,25.0,1.0,0.27173913
7206,6161,18.0,1.0,0.2
7207,6451,31.0,1.0,0.002510528
7208,6533,25.0,1.0,0.190839695
7209,6256,257.0,0.829032258,0.883161512
7210,6134,12.0,1.0,0.196721311
7212,6082,22.0,1.0,0.072368421
7213,6255,13.0,1.0,0.464285714
7214,5923,18.0,0.857142857,0.692307692
7215,6611,33.0,1.0,0.048529412
7217,6462,17.0,1.0,0.163461538
7218,6124,55.0,1.0,0.047619048
7219,6451,292.0,1.0,0.023647554
7220,6567,40.0,1.0,0.006582195
7221,6234,10.0,1.0,0.625
7222,6229,293.0,0.904320988,0.398097826
7224,6082,30.0,1.0,0.098684211
7225,6266,26.0,0.962962963,0.541666667
7227,6825,15.0,1.0,0.454545455
7229,6480,11.0,1.0,0.333333333
7230,6173,22.0,1.0,0.130177515
7231,6451,34.0,1.0,0.002753482
7232,6461,20.0,1.0,0.012730745
7233,6267,11.0,0.916666667,0.47826087
7234,6195,16.0,1.0,0.258064516
7235,6744,6.0,0.857142857,0.857142857
7238,5935,24.0,1.0,0.198347107
7239,6843,38.0,1.0,0.383838384
7242,6185,49.0,1.0,0.163333333
7243,6487,750.0,1.0,0.135599349
7244,6551,16.0,1.0,0.333333333
7246,6207,26.0,0.742857143,0.464285714
7247,6751,3.0,0.333333333,1.0
7248,6106,152.0,1.0,0.1485826
7250,6837,24.0,0.96,0.333333333
7252,6489,39.0,1.0,0.297709924
7253,6185,27.0,1.0,0.09
7254,6451,52.0,1.0,0.004211208
7255,6567,116.0,1.0,0.019088366
7256,6289,10.0,0.909090909,0.4
7257,6229,28.0,1.0,0.038043478
7260,5959,83.0,1.0,0.347280335
7261,6861,16.0,1.0,0.262295082
7262,4674,26.0,1.0,0.094890511
7263,6498,20.0,1.0,0.153846154
7264,6197,27.0,1.0,0.306818182
7265,6496,47.0,1.0,0.038304808
7267,6299,37.0,1.0,0.362745098
7268,6262,28.0,1.0,0.509090909
7269,6758,29.0,0.725,0.966666667
7272,6867,7.0,1.0,0.466666667
7273,4644,73.0,0.486666667,0.145129225
7274,6507,32.0,1.0,0.244274809
7275,6209,232.0,0.987234043,0.437735849
7275,6345,3.0,0.012765957,0.001083815
7276,6451,92.0,1.0,0.007450599
7277,6567,2111.0,1.0,0.34737535
7278,6116,71.0,1.0,0.036206017
7279,6229,25.0,1.0,0.033967391
7281,6130,52.0,1.0,0.099426386
7283,6873,35.0,1.0,0.225806452
7284,4674,35.0,1.0,0.127737226
7285,6516,13.0,1.0,0.191176471
7286,6345,128.0,0.907801418,0.046242775
7287,6451,72.0,1.0,0.005830904
7288,6575,22.0,1.0,0.083018868
7289,6319,12.0,1.0,0.705882353
7290,6229,21.0,1.0,0.028532609
7293,5983,32.0,0.96969697,0.340425532
7294,6885,10.0,1.0,0.454545455
7296,6525,13.0,1.0,0.12745098
7297,6231,79.0,1.0,0.26779661
7298,6487,44.0,1.0,0.007955162
7299,6583,28.0,1.0,0.28
7304,5995,16.0,1.0,0.2
7305,6897,19.0,1.0,0.226190476
7307,6489,5.0,0.294117647,0.038167939
7308,6345,114.0,1.0,0.041184971
7309,6451,48.0,1.0,0.003887269
7310,6567,26.0,1.0,0.004278427
7311,6356,26.0,0.388059701,0.565217391
7312,6273,17.0,1.0,0.17
7314,6142,19.0,1.0,0.122580645
7315,6081,18.0,1.0,0.178217822
7316,6909,14.0,1.0,0.7
7318,6543,54.0,0.947368421,0.461538462
7319,6345,24.0,1.0,0.00867052
7320,6541,42.0,1.0,0.024165708
7321,6599,29.0,1.0,0.139423077
7322,6256,19.0,0.791666667,0.065292096
7324,6765,4.0,0.666666667,1.0
7325,6154,48.0,1.0,0.289156627
7326,6020,16.0,1.0,0.235294118
7327,6921,29.0,1.0,0.273584906
7328,4731,39.0,0.886363636,0.722222222
7329,6552,8.0,1.0,0.163265306
7330,6345,31.0,1.0,0.011199422
7331,6558,108.0,1.0,0.100371747
7332,6567,12.0,1.0,0.001974659
7333,6502,6.0,1.0,0.005842259
7334,6295,20.0,0.8,0.625
7335,6772,6.0,0.6,1.0
7336,6167,225.0,1.0,0.209497207
7337,6033,24.0,0.666666667,0.444444444
7338,6946,35.0,0.945945946,0.343137255
7341,6345,40.0,1.0,0.014450867
7342,6566,133.0,1.0,0.076657061
7343,6567,70.0,1.0,0.011518842
7344,6383,6.0,0.222222222,1.0
7345,6305,60.0,1.0,0.52173913
7347,6179,22.0,1.0,0.03264095
7348,6045,26.0,1.0,0.282608696
7349,7108,18.0,1.0,0.048128342
7351,6568,11.0,1.0,0.141025641
7352,6345,150.0,1.0,0.054190751
7353,6574,291.0,1.0,0.081787521
7354,6567,9.0,1.0,0.001480994
7355,6365,6.0,1.0,0.461538462
7356,6325,35.0,0.729166667,0.813953488
7357,6779,9.0,0.692307692,1.0
7358,6191,281.0,1.0,0.174859988
7359,6057,15.0,0.882352941,0.294117647
7360,6958,10.0,0.909090909,0.5
7361,4758,42.0,0.976744186,0.281879195
7362,6576,15.0,1.0,0.172413793
7363,6297,20.0,1.0,0.322580645
7364,6442,52.0,1.0,0.008007391
7365,6639,242.0,1.0,0.436036036
7366,6502,92.0,1.0,0.089581305
7368,6179,78.0,1.0,0.115727003
7369,6069,20.0,1.0,0.571428571
7372,6584,11.0,1.0,0.297297297
7373,6345,17.0,1.0,0.006141618
7374,6558,33.0,1.0,0.030669145
7375,6655,38.0,1.0,0.201058201
7376,6421,24.0,1.0,0.296296296
7378,6191,60.0,1.0,0.037336652
7379,6081,21.0,1.0,0.207920792
7380,6970,24.0,1.0,0.292682927
7382,6600,15.0,0.882352941,0.294117647
7383,6345,80.0,1.0,0.028901734
7384,6598,56.0,1.0,0.056394763
7385,6663,30.0,1.0,0.134529148
7386,6403,45.0,0.865384615,0.957446809
7387,6786,9.0,0.642857143,0.818181818
7388,6191,21.0,1.0,0.013067828
7389,6093,20.0,1.0,0.625
7390,6982,29.0,0.966666667,0.630434783
7392,6592,6.0,1.0,0.064516129
7393,6327,45.0,1.0,0.3515625
7394,6606,118.0,1.0,0.157754011
7395,6700,134.0,0.985294118,0.185595568
7396,6412,6.0,0.857142857,0.75
7398,6258,102.0,1.0,0.130268199
7399,6105,34.0,1.0,0.263565891
7400,6976,11.0,1.0,0.392857143
7401,4758,5.0,0.046296296,0.033557047
7402,6608,13.0,1.0,0.2
7403,6336,19.0,0.826086957,0.575757576
7404,6574,48.0,0.75,0.013490725
7404,6622,16.0,0.25,0.044568245
7405,6671,18.0,1.0,0.486486486
7406,6430,11.0,0.423076923,0.785714286
7407,6793,4.0,0.363636364,1.0
7408,6269,33.0,1.0,0.25
7409,6117,17.0,1.0,0.320754717
7410,6988,9.0,1.0,0.642857143
7412,6616,40.0,1.0,0.132013201
7413,6345,130.0,1.0,0.046965318
7414,6622,39.0,1.0,0.108635097
7415,6567,14.0,1.0,0.002303768
7416,6457,12.0,1.0,0.342857143
7418,6280,109.0,1.0,0.174679487
7419,6129,52.0,1.0,0.276595745
7420,7012,15.0,1.0,0.220588235
7421,4833,6.0,0.171428571,0.003771213
7422,6624,21.0,1.0,0.375
7423,6372,7.0,1.0,0.5
7424,6630,352.0,1.0,0.051394364
7425,6700,156.0,0.987341772,0.216066482
7426,6466,357.0,0.978082192,0.56937799
7428,6153,326.0,1.0,0.198296837
7429,7108,94.0,0.854545455,0.251336898
7432,6345,23.0,1.0,0.008309249
7433,6638,25.0,1.0,0.027932961
7434,6707,17.0,1.0,0.246376812
7437,6166,17.0,0.944444444,0.459459459
7438,7000,27.0,1.0,0.385714286
7439,4833,510.0,0.98265896,0.320553111
7440,6640,223.0,1.0,0.269649335
7441,6401,17.0,1.0,0.00397382
7442,6646,100.0,1.0,0.041753653
7443,6714,22.0,1.0,0.113989637
7444,6475,24.0,1.0,0.315789474
7445,6291,53.0,1.0,0.15542522
7446,6141,30.0,1.0,0.379746835
7447,7030,96.0,1.0,0.251968504
7449,6632,54.0,1.0,0.150837989
7451,6678,39.0,1.0,0.010209424
7452,6721,25.0,1.0,0.480769231
7453,6484,25.0,1.0,0.284090909
7454,6301,21.0,1.0,0.233333333
7455,6129,17.0,1.0,0.090425532
7456,7042,7.0,1.0,0.114754098
7457,4833,125.0,1.0,0.078566939
7458,6632,15.0,1.0,0.041899441
7459,6390,252.0,0.193251534,0.415841584
7459,6401,1049.0,0.804447853,0.245208041
7460,6654,207.0,1.0,0.015699659
7461,6735,15.0,1.0,0.3125
7462,6493,2.0,0.5,1.0
7463,6311,11.0,1.0,0.018965517
7465,7054,50.0,1.0,0.373134328
7466,4858,11.0,1.0,0.647058824
7467,6664,14.0,1.0,0.325581395
7468,6401,326.0,1.0,0.076203834
7469,6654,49.0,1.0,0.003716344
7470,6728,192.0,1.0,0.15483871
7471,6502,319.0,1.0,0.310613437
7472,6311,60.0,1.0,0.103448276
7474,7060,18.0,1.0,0.352941176
7475,4833,35.0,0.921052632,0.021998743
7476,6656,7.0,1.0,0.155555556
7477,6410,17.0,1.0,0.182795699
7478,6678,77.0,1.0,0.020157068
7479,6742,30.0,1.0,0.25210084
7481,6311,15.0,1.0,0.025862069
7483,7066,37.0,1.0,0.282442748
7484,4833,32.0,0.355555556,0.020113136
7485,6672,18.0,1.0,0.514285714
7486,6401,29.0,1.0,0.006778869
7487,6654,185.0,1.0,0.014031096
7488,6749,14.0,1.0,0.111111111
7489,6520,25.0,0.892857143,0.609756098
7490,6331,13.0,1.0,0.171052632
7491,6224,24.0,0.923076923,0.380952381
7492,7084,19.0,0.76,0.730769231
7493,4833,5.0,0.035714286,0.003142678
7494,6680,10.0,1.0,0.322580645
7495,6401,63.0,1.0,0.014726508
7496,6654,41.0,1.0,0.003109594
7497,6756,18.0,1.0,0.367346939
7498,6520,6.0,0.857142857,0.146341463
7499,6340,105.0,1.0,0.092267135
7500,6213,30.0,0.967741935,0.545454545
7501,7078,10.0,1.0,0.588235294
7504,6401,10.0,1.0,0.002337541
7505,6654,111.0,1.0,0.008418658
7506,6763,76.0,1.0,0.236760125
7508,6340,65.0,1.0,0.05711775
7509,6202,13.0,1.0,0.325
7510,7090,10.0,1.0,0.526315789
7512,6694,16.0,1.0,0.258064516
7513,6401,69.0,0.985714286,0.016129032
7514,6713,47.0,1.0,0.035877863
7516,6529,302.0,0.993421053,0.615071283
7517,6349,16.0,1.0,0.10738255
7518,6153,7.0,0.777777778,0.004257908
7519,7108,16.0,1.0,0.042780749
7521,6722,32.0,1.0,0.147465438
7522,6446,19.0,1.0,0.129251701
7523,6654,42.0,1.0,0.003185438
7524,6770,18.0,1.0,0.133333333
7525,6502,28.0,0.965517241,0.027263875
7526,6358,46.0,1.0,0.216981132
7527,6235,59.0,0.967213115,0.234126984
7529,4916,57.0,0.13255814,0.850746269
7530,6701,10.0,1.0,0.208333333
7531,6401,44.0,0.956521739,0.01028518
7532,6654,2046.0,1.0,0.155176337
7533,6777,27.0,1.0,0.287234043
7534,6538,15.0,0.9375,0.714285714
7535,6367,19.0,1.0,0.220930233
7536,6257,16.0,1.0,0.170212766
7537,7102,32.0,1.0,0.326530612
7539,6715,14.0,1.0,0.4
7540,6401,2.0,0.047619048,0.000467508
7540,6491,5.0,0.119047619,0.016339869
7541,6654,44.0,1.0,0.003337126
7542,6784,18.0,1.0,0.36
7543,6556,169.0,0.903743316,0.65503876
7544,6153,73.0,1.0,0.044403893
7545,6385,25.0,1.0,0.3125
7546,7108,55.0,0.948275862,0.147058824
7548,6708,15.0,1.0,0.192307692
7549,6491,29.0,1.0,0.094771242
7550,6734,66.0,1.0,0.036933408
7551,6763,23.0,1.0,0.07165109
7552,6564,14.0,1.0,0.451612903
7553,6235,42.0,1.0,0.166666667
7554,7133,8.0,1.0,0.444444444
7555,6395,20.0,1.0,0.088495575
7557,6729,19.0,1.0,0.142857143
7558,6482,29.0,1.0,0.064876957
7559,6720,254.0,1.0,0.03343425
7560,6798,55.0,1.0,0.193661972
7561,6572,17.0,0.894736842,0.26984127
7562,6268,40.0,1.0,0.202020202
7563,7139,128.0,1.0,0.438356164
7565,4966,65.0,0.663265306,0.601851852
7566,6736,19.0,1.0,0.157024793
7567,6482,14.0,1.0,0.031319911
7568,6720,45.0,1.0,0.005923391
7569,6804,21.0,1.0,0.162790698
7570,6580,5.0,0.714285714,0.555555556
7572,7175,34.0,1.0,0.261538462
7573,6405,36.0,1.0,0.147540984
7575,6750,14.0,1.0,0.147368421
7576,6491,114.0,0.991304348,0.37254902
7577,6748,166.0,1.0,0.052250551
7579,6596,8.0,1.0,1.0
7580,6300,26.0,1.0,0.273684211
7581,7181,15.0,0.9375,1.0
7582,6423,34.0,1.0,0.061594203
7584,6743,31.0,1.0,0.298076923
7585,6482,17.0,1.0,0.03803132
7586,6741,75.0,1.0,0.051264525
7588,6604,78.0,0.402061856,0.523489933
7588,6698,25.0,0.128865979,0.714285714
7589,6310,30.0,1.0,0.236220472
7590,7205,46.0,1.0,0.348484848
7591,6423,100.0,1.0,0.18115942
7592,4991,10.0,0.454545455,1.0
7593,6757,20.0,1.0,0.322580645
7594,6482,5.0,0.333333333,0.011185682
7594,6518,8.0,0.533333333,0.00620155
7595,6776,45.0,1.0,0.065789474
7596,6810,27.0,1.0,0.138461538
7599,7163,738.0,1.0,0.311787072
7600,6432,76.0,1.0,0.107042254
7601,6764,16.0,1.0,0.23880597
7602,6509,24.0,0.8,0.3
7603,6776,40.0,1.0,0.058479532
7604,6816,16.0,1.0,0.253968254
7605,6612,10.0,0.833333333,0.625
7606,6320,8.0,0.8,0.470588235
7607,7217,11.0,1.0,0.34375
7608,6441,56.0,0.965517241,0.228571429
7609,6771,13.0,0.928571429,0.351351351
7610,6518,44.0,1.0,0.034108527
7611,6769,391.0,1.0,0.086085425
7612,6822,21.0,1.0,0.212121212
7613,6466,13.0,0.5,0.020733652
7613,6668,7.0,0.269230769,0.04
7615,7242,16.0,1.0,0.390243902
7616,6450,45.0,1.0,0.151006711
7617,6778,22.0,1.0,0.183333333
7618,6518,17.0,1.0,0.013178295
7619,6790,53.0,1.0,0.009134781
7620,6810,22.0,1.0,0.112820513
7622,6290,1.0,0.125,0.008695652
7622,6330,5.0,0.625,0.015873016
7623,7248,10.0,1.0,0.5
7625,6459,47.0,1.0,0.235
7626,6518,149.0,1.0,0.115503876
7627,6790,221.0,1.0,0.038090314
7628,6834,23.0,1.0,0.37704918
7631,7254,10.0,0.909090909,0.666666667
7632,6785,14.0,1.0,0.17721519
7633,6468,20.0,1.0,0.132450331
7635,6790,33.0,1.0,0.005687694
7636,6840,19.0,1.0,0.487179487
7637,6668,1.0,0.038461538,0.005714286
7638,6339,77.0,1.0,0.268292683
7640,6799,21.0,1.0,0.22826087
7641,6486,65.0,1.0,0.317073171
7642,6527,7.0,0.333333333,0.020172911
7643,6809,57.0,1.0,0.033274956
7644,6846,21.0,1.0,0.3
7646,6330,68.0,1.0,0.215873016
7647,7265,13.0,1.0,0.30952381
7648,6895,23.0,1.0,0.046938776
7649,6495,166.0,1.0,0.231197772
7651,6790,83.0,1.0,0.014305412
7652,6852,197.0,1.0,0.191634241
7653,6636,18.0,1.0,0.428571429
7654,6348,23.0,0.958333333,0.310810811
7655,7275,14.0,1.0,0.4
7657,6513,37.0,1.0,0.190721649
7658,6518,96.0,1.0,0.074418605
7659,6821,72.0,1.0,0.021937843
7660,6858,65.0,1.0,0.294117647
7661,6620,6.0,1.0,0.352941176
7663,7285,22.0,1.0,0.511627907
7664,6811,20.0,1.0,0.27027027
7665,6522,37.0,1.0,0.046954315
7666,6536,31.0,1.0,0.402597403
7667,6827,48.0,1.0,0.031746032
7668,6864,49.0,1.0,0.259259259
7669,6644,17.0,1.0,0.023743017
7670,6476,44.0,0.977777778,0.038972542
7671,7280,19.0,1.0,0.267605634
7672,6792,83.0,1.0,0.218421053
7673,6522,103.0,1.0,0.13071066
7674,6527,61.0,1.0,0.175792507
7675,6845,92.0,1.0,0.023445464
7676,6870,609.0,1.0,0.196515005
7678,6375,27.0,1.0,0.310344828
7679,7290,9.0,1.0,0.6
7680,6817,14.0,1.0,0.102189781
7681,6522,20.0,1.0,0.025380711
7682,6554,33.0,1.0,0.175531915
7683,6857,76.0,1.0,0.020971302
7684,6870,14.0,1.0,0.004517586
7686,6330,12.0,1.0,0.038095238
7687,7320,441.0,0.962882096,0.551939925
7688,6823,20.0,1.0,0.4
7689,6531,39.0,1.0,0.132653061
7690,6562,35.0,1.0,0.246478873
7691,6851,28.0,1.0,0.005453837
7692,6882,18.0,0.857142857,0.6
7693,6652,16.0,0.761904762,0.941176471
7694,6366,8.0,1.0,0.222222222
7695,7300,27.0,1.0,0.27
7696,6823,4.0,0.285714286,0.08
7697,6540,32.0,1.0,0.100628931
7698,6570,19.0,1.0,0.083333333
7699,6863,65.0,1.0,0.07985258
7700,6870,17.0,1.0,0.005485641
7701,6668,100.0,0.709219858,0.571428571
7701,6733,13.0,0.092198582,0.65
7703,7305,19.0,1.0,0.542857143
7704,6895,12.0,1.0,0.024489796
7705,6570,20.0,1.0,0.087719298
7706,6549,42.0,1.0,0.293706294
7707,6851,131.0,1.0,0.025516167
7708,6894,18.0,1.0,0.18556701
7710,6458,13.0,0.928571429,0.00412175
7711,7310,60.0,1.0,0.253164557
7712,6865,71.0,0.946666667,0.617391304
7713,6578,14.0,1.0,0.085889571
7714,6875,34.0,1.0,0.020011772
7715,6900,28.0,1.0,0.235294118
7716,6644,162.0,0.981818182,0.226256983
7718,7325,13.0,1.0,0.270833333
7719,6853,39.0,1.0,0.157258065
7720,6578,24.0,0.571428571,0.147239264
7721,6881,173.0,1.0,0.067002324
7722,6906,16.0,1.0,0.285714286
7723,6676,94.0,1.0,0.261111111
7724,6413,9.0,1.0,0.5625
7725,7340,63.0,1.0,0.396226415
7726,6847,8.0,1.0,0.470588235
7727,6602,28.0,1.0,0.35
7728,6887,144.0,1.0,0.01753745
7729,6870,20.0,1.0,0.006453695
7730,6684,11.0,1.0,0.407407407
7731,6431,11.0,1.0,0.282051282
7732,7330,28.0,1.0,0.363636364
7733,6841,8.0,1.0,0.181818182
7734,6594,58.0,1.0,0.426470588
7735,6887,442.0,1.0,0.053830228
7736,6870,10.0,1.0,0.003226847
7738,6422,231.0,1.0,0.285891089
7739,7163,175.0,1.0,0.073933249
7740,6859,12.0,1.0,0.571428571
7741,6610,46.0,0.978723404,0.351145038
7742,6899,106.0,1.0,0.044221944
7743,6912,23.0,1.0,0.2875
7744,6719,16.0,1.0,0.470588235
7745,6422,12.0,0.923076923,0.014851485
7746,7345,19.0,1.0,0.452380952
7747,6871,8.0,1.0,0.210526316
7748,6626,36.0,1.0,0.428571429
7749,6905,59.0,1.0,0.022450533
7750,6918,104.0,1.0,0.2
7751,6502,93.0,0.989361702,0.090555015
7752,6449,6.0,1.0,0.4
7753,7355,9.0,1.0,0.409090909
7754,6883,20.0,1.0,0.212765957
7755,6618,14.0,1.0,0.191780822
7756,6917,120.0,1.0,0.047262702
7757,6924,27.0,1.0,0.25
7758,6644,3.0,0.176470588,0.004189944
7759,6458,25.0,1.0,0.007926443
7760,7360,34.0,1.0,0.53125
7761,6913,14.0,1.0,0.181818182
7762,6658,25.0,1.0,0.092250923
7763,6929,32.0,1.0,0.042272127
7764,6930,17.0,1.0,0.215189873
7767,7163,85.0,1.0,0.035910435
7768,6889,18.0,1.0,0.160714286
7769,6642,14.0,1.0,0.168674699
7771,6936,19.0,1.0,0.107954545
7772,6726,13.0,1.0,0.481481481
7773,6467,36.0,1.0,0.140077821
7774,7365,72.0,1.0,0.295081967
7775,6895,65.0,1.0,0.132653061
7776,6658,71.0,0.986111111,0.26199262
7777,6942,59.0,1.0,0.014936709
7778,6943,29.0,1.0,0.144278607
7779,6747,14.0,0.777777778,0.7
7780,6458,2.0,0.181818182,0.000634115
7781,7380,16.0,1.0,0.533333333
7782,6907,18.0,1.0,0.409090909
7783,6666,388.0,1.0,0.375968992
7784,6948,1170.0,1.0,0.142961877
7785,6949,20.0,1.0,0.4
7787,6476,23.0,1.0,0.020372011
7788,7375,95.0,1.0,0.320945946
7790,6674,113.0,1.0,0.160056657
7791,6942,72.0,1.0,0.018227848
7792,6961,18.0,1.0,0.005002779
7794,6458,898.0,1.0,0.284717819
7795,7320,11.0,0.733333333,0.013767209
7796,6901,10.0,1.0,0.344827586
7797,6666,17.0,1.0,0.016472868
7798,6942,98.0,1.0,0.024810127
7799,6961,1284.0,0.99922179,0.356864925
7800,6761,26.0,1.0,0.342105263
7801,6485,8.0,1.0,0.275862069
7803,6931,7.0,1.0,0.12962963
7804,6666,67.0,1.0,0.064922481
7805,6966,40.0,1.0,0.022246941
7806,6967,94.0,1.0,0.210762332
7807,6768,102.0,1.0,0.3
7808,6422,6.0,1.0,0.007425743
7809,7388,17.0,1.0,0.62962963
7811,6689,13.0,1.0,0.464285714
7812,6948,38.0,1.0,0.004643206
7813,6961,16.0,1.0,0.004446915
7815,6512,19.0,0.904761905,0.487179487
7816,7392,10.0,1.0,0.4
7817,6937,20.0,1.0,0.151515152
7818,6666,17.0,1.0,0.016472868
7819,6984,39.0,1.0,0.015282132
7820,6961,21.0,1.0,0.005836576
7822,6521,29.0,1.0,0.266055046
7823,7396,12.0,1.0,0.25
7824,6919,33.0,1.0,0.171875
7825,6674,54.0,1.0,0.076487252
7826,6996,63.0,1.0,0.034961154
7827,6979,12.0,1.0,0.333333333
7829,6476,180.0,1.0,0.159433127
7830,7400,12.0,0.923076923,0.631578947
7831,6925,37.0,1.0,0.145669291
7833,6990,413.0,1.0,0.086582809
7834,6961,27.0,1.0,0.007504169
7835,6775,16.0,1.0,0.592592593
7836,6476,31.0,1.0,0.027457927
7837,7404,7.0,1.0,0.368421053
7840,6996,31.0,1.0,0.017203108
7841,6985,15.0,1.0,0.151515152
7844,7320,41.0,0.953488372,0.051314143
7846,6710,11.0,1.0,0.733333333
7847,7020,245.0,1.0,0.039837398
7848,6991,21.0,1.0,0.12804878
7849,6782,18.0,0.134328358,1.0
7850,6476,9.0,1.0,0.007971656
7851,7416,10.0,1.0,0.384615385
7852,6944,60.0,1.0,0.174927114
7853,6717,20.0,1.0,0.14084507
7854,7032,45.0,1.0,0.016117479
7855,6961,60.0,1.0,0.016675931
7856,6789,11.0,1.0,0.150684932
7857,6422,41.0,1.0,0.050742574
7858,7420,4.0,0.8,1.0
7859,6956,8.0,1.0,0.258064516
7860,6724,12.0,1.0,0.162162162
7861,7032,72.0,1.0,0.025787966
7862,7003,17.0,1.0,0.118055556
7863,6796,12.0,0.75,0.923076923
7864,6530,22.0,1.0,0.309859155
7866,6950,23.0,1.0,0.06442577
7867,6731,195.0,1.0,0.307570978
7868,7044,61.0,1.0,0.057929725
7869,7015,37.0,1.0,0.140684411
7870,6802,6.0,0.857142857,0.666666667
7872,7424,8.0,1.0,0.363636364
7873,6950,17.0,1.0,0.047619048
7874,6738,11.0,1.0,0.150684932
7875,7050,53.0,1.0,0.013421119
7876,6961,38.0,0.904761905,0.010561423
7879,7428,16.0,0.941176471,0.64
7880,6962,10.0,1.0,0.208333333
7882,7050,380.0,1.0,0.096226893
7883,7015,61.0,1.0,0.231939163
7886,7432,4.0,1.0,0.222222222
7887,6974,9.0,1.0,0.45
7888,6731,11.0,0.333333333,0.017350158
7889,7050,76.0,1.0,0.019245379
7890,7021,295.0,0.996621622,0.242798354
7892,6565,15.0,0.9375,0.097402597
7894,6980,19.0,1.0,0.358490566
7895,6731,3.0,0.142857143,0.004731861
7895,6745,6.0,0.285714286,0.012738854
7896,7068,28.0,1.0,0.003760408
7897,7021,33.0,1.0,0.027160494
7898,6814,28.0,0.903225806,0.571428571
7899,6548,18.0,1.0,0.305084746
7900,7442,12.0,1.0,0.6
7901,6950,37.0,1.0,0.103641457
7902,6745,144.0,0.993103448,0.305732484
7903,7068,101.0,1.0,0.01356433
7904,7033,25.0,1.0,0.123762376
7905,6808,9.0,1.0,0.310344828
7906,6565,23.0,0.92,0.149350649
7907,7439,12.0,0.923076923,0.4
7908,6998,7.0,1.0,0.304347826
7909,6745,16.0,1.0,0.033970276
7910,7068,1301.0,1.0,0.174724684
7911,7039,16.0,0.888888889,0.290909091
7913,6565,22.0,0.88,0.142857143
7915,7004,113.0,1.0,0.274939173
7916,6759,14.0,1.0,0.2
7917,7068,33.0,1.0,0.00443191
7918,7045,16.0,1.0,0.246153846
7919,6820,6.0,1.0,0.375
7920,6458,40.0,1.0,0.012682308
7921,7466,8.0,1.0,0.001436524
7922,6986,34.0,1.0,0.234482759
7923,6766,16.0,1.0,0.347826087
7924,7068,36.0,1.0,0.004834811
7925,7051,11.0,1.0,0.067901235
7927,6458,18.0,1.0,0.005707039
7928,7448,11.0,0.916666667,0.611111111
7929,7022,32.0,0.492307692,0.820512821
7930,6773,12.0,0.857142857,0.571428571
7931,7068,20.0,1.0,0.002686006
7932,7057,49.0,1.0,0.205020921
7933,6832,17.0,0.80952381,0.62962963
7935,7454,28.0,0.965517241,0.368421053
7936,6992,33.0,1.0,0.146666667
7937,6780,25.0,1.0,0.480769231
7938,7068,24.0,1.0,0.003223207
7939,7063,16.0,1.0,0.064516129
7940,6826,8.0,1.0,0.205128205
7941,6458,9.0,0.9,0.002853519
7943,7052,89.0,1.0,0.277258567
7944,6787,116.0,1.0,0.527272727
7945,7068,43.0,1.0,0.005774913
7946,7063,15.0,1.0,0.060483871
7947,6838,28.0,1.0,0.288659794
7948,6597,15.0,1.0,0.241935484
7949,7466,50.0,1.0,0.008978273
7950,7028,10.0,1.0,0.294117647
7952,7068,55.0,1.0,0.007386516
7953,7069,10.0,1.0,0.25
7956,7469,18.0,0.9,0.5
7957,7034,19.0,1.0,0.107344633
7958,6794,157.0,1.0,0.317171717
7959,7123,449.0,1.0,0.11031941
7960,7075,16.0,1.0,0.285714286
7961,6856,4.0,0.014760148,1.0
7961,6874,175.0,0.645756458,0.911458333
7963,7466,2136.0,0.998597475,0.383551805
7963,7643,1.0,0.000467508,0.001733102
7966,7123,29.0,1.0,0.007125307
7967,7081,28.0,1.0,0.329411765
7968,6844,9.0,1.0,0.333333333
7969,6605,10.0,1.0,0.095238095
7970,7475,23.0,1.0,0.294871795
7971,7046,12.0,1.0,0.235294118
7972,6800,13.0,0.764705882,0.481481481
7973,7135,33.0,1.0,0.02707137
7974,7087,43.0,1.0,0.142384106
7976,6458,60.0,0.9375,0.019023462
7977,7478,9.0,0.9,0.818181818
7978,7064,20.0,1.0,0.130718954
7979,6806,40.0,0.975609756,0.714285714
7980,7141,228.0,1.0,0.062931272
7981,7093,94.0,1.0,0.206140351
7982,6868,11.0,0.733333333,0.846153846
7983,6613,21.0,0.954545455,0.304347826
7985,7070,6.0,1.0,0.139534884
7986,6812,11.0,0.916666667,0.785714286
7987,7129,43.0,1.0,0.012324448
7988,7099,22.0,1.0,0.31884058
7989,6892,20.0,0.434782609,0.740740741
7990,6458,9.0,0.9,0.002853519
7991,7490,96.0,1.0,0.426666667
7992,7058,15.0,1.0,0.208333333
7993,6824,23.0,0.766666667,0.547619048
7994,7159,29.0,1.0,0.021106259
7995,7105,52.0,1.0,0.167202572
7996,6886,18.0,0.857142857,0.486486486
7997,6621,5.0,0.833333333,0.625
7998,7496,12.0,1.0,0.342857143
7999,7088,106.0,1.0,0.231947484
8000,6830,27.0,1.0,0.369863014
8001,7165,39.0,1.0,0.003383948
8002,7112,51.0,1.0,0.150887574
8003,6880,5.0,1.0,0.384615385
8005,7502,23.0,1.0,0.359375
8006,7094,691.0,1.0,0.331733077
8007,6836,17.0,1.0,0.309090909
8008,7165,56.0,1.0,0.004859002
8009,7118,65.0,0.984848485,0.195783133
8010,6898,15.0,1.0,0.681818182
8011,6637,11.0,1.0,0.20754717
8012,7499,192.0,1.0,0.395876289
8013,7076,362.0,1.0,0.261560694
8014,6842,29.0,1.0,0.491525424
8015,7171,51.0,1.0,0.027113238
8016,7124,46.0,0.958333333,0.340740741
8018,6645,9.0,1.0,0.290322581
8019,7508,22.0,1.0,0.379310345
8020,7106,24.0,1.0,0.192
8021,6860,21.0,0.913043478,0.388888889
8022,7165,48.0,1.0,0.004164859
8025,6653,30.0,1.0,0.315789474
8026,7466,20.0,1.0,0.003591309
8027,7052,24.0,0.857142857,0.074766355
8028,6866,10.0,0.4,0.833333333
8029,7165,654.0,1.0,0.056746204
8030,7130,12.0,1.0,0.127659574
8032,6669,7.0,1.0,0.028806584
8033,7511,24.0,1.0,0.4
8034,7125,13.0,1.0,0.194029851
8035,6878,342.0,0.997084548,0.361904762
8036,7183,101.0,1.0,0.034064081
8037,7136,62.0,1.0,0.153465347
8038,6934,48.0,0.676056338,0.96
8039,6669,36.0,1.0,0.148148148
8040,7514,5.0,1.0,0.555555556
8041,7100,28.0,1.0,0.130841121
8042,6884,14.0,0.933333333,0.5
8043,7165,30.0,1.0,0.002603037
8044,7142,30.0,1.0,0.112781955
8045,6928,11.0,0.846153846,0.846153846
8047,7466,94.0,1.0,0.016879152
8048,7119,16.0,1.0,0.444444444
8049,6872,21.0,0.954545455,0.446808511
8050,7195,41.0,1.0,0.009392898
8051,7148,32.0,1.0,0.62745098
8052,6940,28.0,0.933333333,0.666666667
8053,6677,19.0,1.0,0.296875
8054,7517,70.0,1.0,0.277777778
8055,7137,18.0,1.0,0.529411765
8056,6890,11.0,1.0,0.215686275
8057,7207,33.0,1.0,0.033033033
8058,7154,12.0,1.0,0.571428571
8059,6953,13.0,1.0,0.333333333
8060,7523,16.0,1.0,0.31372549
8061,7143,12.0,1.0,0.162162162
8062,6896,21.0,0.954545455,0.355932203
8063,7195,51.0,1.0,0.011683849
8064,7178,22.0,1.0,0.102803738
8066,7529,10.0,1.0,0.37037037
8067,7131,12.0,1.0,0.137931034
8068,6890,10.0,0.588235294,0.196078431
8069,7165,29.0,1.0,0.002516269
8070,7166,20.0,1.0,0.101522843
8072,7532,9.0,1.0,0.818181818
8074,6908,14.0,1.0,0.138613861
8075,7165,52.0,1.0,0.004511931
8076,7172,14.0,1.0,0.14893617
8077,6959,8.0,1.0,0.210526316
8078,7517,12.0,1.0,0.047619048
8079,7221,16.0,1.0,0.053691275
8080,6920,33.0,0.916666667,0.308411215
8081,7195,23.0,1.0,0.005269187
8082,7178,32.0,1.0,0.14953271
8083,6971,14.0,0.933333333,0.636363636
8084,7538,21.0,1.0,0.567567568
8085,7100,17.0,1.0,0.079439252
8086,6926,15.0,1.0,0.333333333
8087,7219,33.0,1.0,0.038777908
8089,6977,26.0,1.0,0.171052632
8090,7544,23.0,0.958333333,0.489361702
8092,6938,12.0,1.0,0.214285714
8093,7165,59.0,1.0,0.005119306
8094,7184,35.0,0.972222222,0.271317829
8096,7466,12.0,1.0,0.002154785
8097,7167,10.0,1.0,0.222222222
8098,6932,25.0,1.0,0.3125
8099,7244,3031.0,1.0,0.173308937
8100,7190,202.0,0.995073892,0.221734358
8101,6983,29.0,0.878787879,0.805555556
8102,7553,60.0,1.0,0.359281437
8103,7094,56.0,1.0,0.026884301
8104,6945,14.0,1.0,0.4
8105,7244,45.0,1.0,0.002573046
8107,6989,32.0,1.0,0.280701754
8108,7556,30.0,1.0,0.344827586
8109,7161,6.0,1.0,0.15
8111,7244,25.0,1.0,0.00142947
8112,7190,15.0,1.0,0.016465423
8114,7562,9.0,1.0,0.409090909
8115,7191,24.0,1.0,0.333333333
8116,6957,11.0,1.0,0.34375
8117,7244,45.0,1.0,0.002573046
8118,7190,12.0,0.857142857,0.013172338
8119,7001,13.0,1.0,0.171052632
8120,7581,165.0,0.976331361,0.580985915
8121,7179,10.0,1.0,0.131578947
8122,6951,26.0,1.0,0.203125
8123,7256,67.0,1.0,0.020501836
8124,7190,71.0,1.0,0.077936334
8125,6995,418.0,0.997613365,0.299212598
8126,7466,10.0,1.0,0.001795655
8127,7197,12.0,1.0,0.272727273
8128,6963,78.0,1.0,0.450867052
8129,7244,42.0,1.0,0.00240151
8130,7190,13.0,0.722222222,0.014270033
8131,7019,13.0,0.866666667,0.8125
8132,7569,8.0,1.0,0.242424242
8133,7203,47.0,0.959183673,0.333333333
8134,6969,19.0,0.904761905,0.28358209
8135,7244,23.0,1.0,0.001315112
8136,7208,15.0,1.0,0.306122449
8137,7007,8.0,1.0,0.242424242
8138,7567,12.0,1.0,0.6
8139,7185,13.0,1.0,0.276595745
8140,6975,19.0,1.0,0.292307692
8141,7244,30.0,1.0,0.001715364
8142,7214,23.0,1.0,0.450980392
8143,7025,104.0,1.0,0.547368421
8144,7571,10.0,1.0,0.384615385
8146,6981,20.0,1.0,0.163934426
8147,7244,52.0,1.0,0.002973298
8148,7226,15.0,1.0,0.009633911
8150,7573,17.0,0.944444444,0.5
8151,7209,9.0,1.0,0.163636364
8152,6987,26.0,0.619047619,0.962962963
8153,7244,30.0,1.0,0.001715364
8154,7226,410.0,0.992736077,0.263326911
8155,6989,14.0,0.666666667,0.122807018
8156,7575,36.0,1.0,0.387096774
8158,7005,16.0,1.0,0.551724138
8159,7244,24.0,1.0,0.001372291
8160,7232,29.0,1.0,0.408450704
8161,7031,7.0,0.875,0.583333333
8162,7579,12.0,0.8,0.75
8163,7221,25.0,1.0,0.083892617
8164,7011,23.0,1.0,0.575
8165,7244,61.0,1.0,0.003487907
8166,7239,20.0,1.0,0.512820513
8167,7049,15.0,1.0,0.454545455
8168,7577,9.0,1.0,0.9
8169,7227,100.0,1.0,0.319488818
8170,7017,17.0,1.0,0.68
8171,7244,37.0,1.0,0.002115616
8172,7245,17.0,1.0,0.193181818
8173,7055,7.0,1.0,0.4375
8174,7553,15.0,1.0,0.089820359
8175,7076,55.0,1.0,0.039739884
8176,7023,22.0,1.0,0.44
8177,7277,100.0,1.0,0.045516614
8178,7251,33.0,1.0,0.366666667
8180,7466,14.0,1.0,0.002513916
8182,7029,20.0,1.0,0.512820513
8183,7277,49.0,1.0,0.022303141
8184,7268,3.0,0.230769231,0.037974684
8185,7061,10.0,1.0,0.294117647
8186,7583,20.0,0.869565217,0.588235294
8187,7240,18.0,1.0,0.260869565
8188,7041,14.0,1.0,0.482758621
8189,7292,36.0,1.0,0.01797304
8190,7257,80.0,1.0,0.148975791
8191,7067,11.0,1.0,0.379310345
8192,7617,24.0,1.0,0.015404365
8193,7094,38.0,1.0,0.018242919
8195,7287,43.0,1.0,0.03877367
8196,7263,13.0,1.0,0.342105263
8197,7073,42.0,1.0,0.378378378
8198,7589,19.0,1.0,0.558823529
8199,7246,7.0,1.0,0.777777778
8200,7047,11.0,1.0,0.35483871
8201,7292,37.0,1.0,0.018472292
8202,7268,12.0,1.0,0.151898734
8203,7079,101.0,0.961904762,0.487922705
8204,7591,13.0,1.0,0.464285714
8205,7258,10.0,0.769230769,0.833333333
8206,7053,19.0,0.863636364,0.655172414
8207,7292,28.0,1.0,0.013979031
8208,7273,15.0,1.0,0.085714286
8209,6995,7.0,0.875,0.005010737
8210,7597,12.0,1.0,0.571428571
8211,7269,35.0,1.0,0.180412371
8212,7059,84.0,1.0,0.381818182
8213,7302,26.0,1.0,0.010655738
8214,7278,12.0,1.0,0.179104478
8215,7085,8.0,1.0,0.210526316
8216,7599,13.0,1.0,0.144444444
8217,7264,19.0,1.0,0.111764706
8218,7065,112.0,0.941176471,0.772413793
8219,7302,73.0,1.0,0.029918033
8220,7283,11.0,1.0,0.458333333
8221,7097,9.0,1.0,0.375
8223,7274,14.0,0.823529412,0.636363636
8224,7071,17.0,0.85,0.772727273
8225,7307,41.0,1.0,0.017958826
8226,7288,8.0,1.0,0.123076923
8228,7605,15.0,0.535714286,0.882352941
8231,7317,48.0,1.0,0.026158038
8232,7293,15.0,1.0,0.238095238
8234,7601,129.0,0.977272727,0.449477352
8236,7077,26.0,1.0,0.619047619
8237,7312,177.0,1.0,0.047187417
8238,7303,320.0,0.990712074,0.51364366
8239,7109,10.0,0.833333333,0.333333333
8240,7607,51.0,0.980769231,0.542553191
8241,7279,19.0,1.0,0.155737705
8242,7089,93.0,1.0,0.334532374
8243,7312,42.0,1.0,0.011197014
8244,7298,23.0,1.0,0.140243902
8245,7116,17.0,1.0,0.298245614
8246,7611,33.0,0.970588235,0.55
8247,7284,13.0,1.0,0.213114754
8249,7342,40.0,1.0,0.066777963
8250,7303,20.0,1.0,0.032102729
8251,7128,15.0,1.0,0.277777778
8252,7603,70.0,0.985915493,0.303030303
8255,7347,507.0,0.998031496,0.181071429
8256,7313,16.0,1.0,0.228571429
8257,7134,9.0,1.0,0.5625
8258,7617,580.0,1.0,0.372272144
8259,7289,55.0,1.0,0.201465201
8260,7095,14.0,1.0,0.4375
8261,7352,26.0,1.0,0.031862745
8262,7318,27.0,1.0,0.278350515
8263,7140,202.0,1.0,0.311728395
8265,7304,26.0,1.0,0.276595745
8266,7101,21.0,0.913043478,0.7
8267,7362,30.0,1.0,0.061349693
8268,7323,52.0,1.0,0.140540541
8269,7152,7.0,1.0,0.28
8270,7617,58.0,1.0,0.037227214
8271,7094,20.0,1.0,0.009601536
8272,7107,27.0,1.0,0.252336449
8273,7367,21.0,1.0,0.018716578
8275,7158,10.0,1.0,0.476190476
8276,7621,7.0,1.0,0.7
8277,7309,16.0,0.941176471,0.355555556
8279,7372,32.0,1.0,0.035874439
8280,7328,20.0,1.0,0.487804878
8282,7623,8.0,1.0,0.8
8283,7329,25.0,1.0,0.132978723
8284,7114,92.0,0.978723404,0.414414414
8285,7347,44.0,1.0,0.015714286
8286,7333,13.0,1.0,0.087248322
8287,7170,8.0,1.0,0.4
8288,7625,16.0,1.0,0.242424242
8289,7319,15.0,1.0,0.234375
8291,7347,71.0,1.0,0.025357143
8294,7631,96.0,0.979591837,0.265927978
8295,7334,19.0,1.0,0.161016949
8296,7120,14.0,1.0,0.35
8297,7377,43.0,1.0,0.033179012
8298,7338,12.0,1.0,0.444444444
8299,7176,8.0,1.0,0.380952381
8300,7633,14.0,1.0,0.378378378
8301,7324,26.0,1.0,0.158536585
8302,7126,15.0,1.0,0.454545455
8303,7343,13.0,1.0,0.236363636
8304,7182,65.0,1.0,0.481481481
8305,7643,233.0,1.0,0.403812825
8306,7339,9.0,1.0,0.257142857
8307,7132,40.0,1.0,0.449438202
8308,7353,11.0,1.0,0.023655914
8309,7188,15.0,1.0,0.283018868
8310,7649,29.0,1.0,0.557692308
8311,7354,9.0,0.9,0.428571429
8313,7353,140.0,1.0,0.301075269
8314,7194,7.0,1.0,0.28
8315,7653,12.0,0.923076923,0.705882353
8316,7344,17.0,1.0,0.157407407
8317,7138,30.0,0.909090909,0.46875
8318,7358,35.0,1.0,0.093582888
8319,7200,14.0,0.933333333,0.4
8320,7655,12.0,1.0,0.461538462
8321,7349,11.0,1.0,0.211538462
8323,7363,22.0,1.0,0.161764706
8324,7206,22.0,1.0,0.293333333
8325,7643,9.0,1.0,0.01559792
8326,7359,367.0,1.0,0.344600939
8327,7144,21.0,0.913043478,0.525
8328,7368,12.0,1.0,0.218181818
8329,7218,15.0,1.0,0.576923077
8330,7659,13.0,0.928571429,0.65
8331,7364,47.0,1.0,0.128415301
8332,7156,61.0,0.824324324,0.835616438
8333,7373,16.0,1.0,0.307692308
8334,7224,38.0,1.0,0.431818182
8335,7661,19.0,1.0,0.220930233
8336,7379,64.0,1.0,0.134171908
8337,7168,12.0,1.0,0.631578947
8338,7378,7.0,1.0,0.21875
8339,7230,16.0,1.0,0.380952381
8340,7466,103.0,1.0,0.018495242
8341,7369,25.0,1.0,0.157232704
8342,7174,44.0,1.0,0.35483871
8343,7382,40.0,1.0,0.145454545
8344,7236,12.0,1.0,0.6
8345,7665,26.0,1.0,0.288888889
8347,7180,7.0,0.777777778,1.0
8348,7386,64.0,1.0,0.131416838
8349,7249,7.0,0.7,0.636363636
8350,7631,45.0,1.0,0.12465374
8351,7383,31.0,1.0,0.058601134
8352,7186,23.0,0.821428571,0.479166667
8353,7390,162.0,0.993865031,0.237536657
8354,7243,7.0,1.0,0.636363636
8355,7675,46.0,1.0,0.396551724
8356,7387,34.0,1.0,0.177083333
8358,7394,12.0,1.0,0.222222222
8359,7255,10.0,0.555555556,0.769230769
8360,7681,9.0,1.0,0.5625
8361,7391,20.0,1.0,0.15625
8362,7192,29.0,0.966666667,0.517857143
8363,7406,205.0,0.976190476,0.295389049
8364,7261,9.0,1.0,0.36
8365,7683,12.0,1.0,0.666666667
8366,7419,50.0,0.943396226,0.310559006
8367,7198,18.0,0.580645161,0.580645161
8368,7406,24.0,1.0,0.034582133
8369,7266,5.0,1.0,0.3125
8370,7693,32.0,0.96969697,0.524590164
8371,7383,92.0,0.978723404,0.173913043
8372,7204,33.0,0.970588235,0.647058824
8373,7410,17.0,1.0,0.082524272
8374,7271,11.0,0.916666667,0.47826087
8375,7687,6.0,0.75,0.545454545
8376,7379,16.0,1.0,0.033542977
8377,7210,12.0,0.666666667,0.8
8378,7414,15.0,1.0,0.189873418
8379,7276,11.0,0.846153846,0.366666667
8380,7697,5.0,0.714285714,0.833333333
8381,7407,15.0,1.0,0.365853659
8384,7281,8.0,1.0,0.727272727
8385,7695,8.0,1.0,0.296296296
8386,7399,36.0,0.947368421,0.255319149
8387,7216,26.0,0.787878788,0.838709677
8388,7418,490.0,0.99796334,0.388272583
8389,7286,5.0,1.0,0.238095238
8390,7701,19.0,0.826086957,0.863636364
8391,7379,5.0,0.714285714,0.01048218
8393,7422,7.0,1.0,0.233333333
8394,7296,17.0,0.944444444,0.80952381
8395,7703,6.0,0.857142857,0.857142857
8396,7423,13.0,0.684210526,0.178082192
8398,7426,16.0,1.0,0.125
8399,7301,107.0,1.0,0.465217391
8400,7466,49.0,1.0,0.008798707
8401,7411,41.0,1.0,0.37962963
8403,7434,198.0,1.0,0.443946188
8404,7306,21.0,0.954545455,0.777777778
8405,7705,10.0,1.0,0.416666667
8406,7415,13.0,1.0,0.282608696
8408,7418,5.0,1.0,0.003961965
8409,7311,24.0,1.0,0.6
8410,7713,8.0,1.0,0.727272727
8412,7228,6.0,0.428571429,1.0
8413,7321,7.0,1.0,0.4375
8414,7715,12.0,1.0,0.444444444
8415,7427,16.0,1.0,0.069868996
8418,7719,12.0,1.0,0.333333333
8419,7438,85.0,0.988372093,0.658914729
8422,7711,53.0,1.0,0.333333333
8423,7435,19.0,1.0,0.093596059
8425,7326,6.0,1.0,0.214285714
8427,7441,107.0,1.0,0.334375
8428,7234,29.0,0.659090909,0.725
8429,7331,23.0,1.0,0.348484848
8430,7725,4.0,1.0,0.4
8431,7444,10.0,1.0,0.263157895
8432,7247,19.0,1.0,0.59375
8433,7336,5.0,0.833333333,0.555555556
8434,7723,23.0,1.0,0.343283582
8435,7453,64.0,0.96969697,0.237037037
8436,7253,17.0,0.739130435,0.85
8437,7356,11.0,0.785714286,0.785714286
8438,7727,13.0,1.0,0.382352941
8439,7447,34.0,1.0,0.220779221
8440,7259,26.0,0.896551724,0.684210526
8441,7366,34.0,1.0,0.34
8442,7729,5.0,1.0,0.555555556
8443,7450,16.0,1.0,0.285714286
8444,7371,6.0,0.857142857,0.545454545
8445,7731,13.0,1.0,0.351351351
8447,7385,7.0,0.875,1.0
8448,7733,21.0,1.0,0.446808511
8449,7459,20.0,1.0,0.273972603
8450,7389,21.0,1.0,0.411764706
8451,7735,6.0,1.0,0.5
8452,7462,15.0,1.0,0.145631068
8453,7393,8.0,1.0,0.533333333
8454,7741,14.0,1.0,0.538461538
8455,7465,38.0,1.0,0.204301075
8456,7397,10.0,1.0,0.666666667
8457,7743,11.0,1.0,0.55
8459,7401,4.0,0.8,0.666666667
8460,7745,12.0,0.923076923,0.279069767
8461,7486,10.0,0.238095238,0.076923077
8462,7409,6.0,1.0,0.857142857
8463,7751,14.0,1.0,0.245614035
8464,7468,15.0,1.0,0.25
8465,7417,8.0,0.888888889,0.571428571
8466,7755,39.0,1.0,0.327731092
8467,7480,37.0,0.822222222,0.24025974
8468,7421,9.0,1.0,0.818181818
8469,7757,9.0,1.0,0.75
8470,7471,14.0,1.0,0.134615385
8471,7425,15.0,1.0,1.0
8472,7759,20.0,0.952380952,0.666666667
8473,7474,24.0,1.0,0.214285714
8475,7747,27.0,1.0,0.36
8476,7477,7.0,1.0,0.875
8477,7429,42.0,0.976744186,0.552631579
8478,7777,14.0,0.583333333,0.777777778
8479,7483,46.0,0.978723404,0.245989305
8480,7433,71.0,0.934210526,0.676190476
8481,7763,30.0,1.0,0.303030303
8482,7486,21.0,1.0,0.161538462
8483,7437,22.0,0.666666667,0.536585366
8484,7769,14.0,0.875,0.7
8485,7492,109.0,1.0,0.219315895
8487,7771,11.0,0.846153846,0.785714286
8488,7513,12.0,0.857142857,0.036253776
8489,7440,6.0,1.0,0.857142857
8490,7773,31.0,1.0,0.62
8491,7489,22.0,1.0,0.181818182
8492,7443,15.0,1.0,0.535714286
8493,7785,16.0,1.0,0.666666667
8494,7492,12.0,1.0,0.024144869
8495,7446,8.0,0.8,0.8
8496,7779,22.0,0.846153846,0.785714286
8497,7495,22.0,1.0,0.130177515
8498,7449,57.0,0.982758621,0.587628866
8499,7783,52.0,1.0,0.333333333
8500,7501,10.0,1.0,0.175438596
8501,7452,8.0,0.888888889,0.533333333
8502,7775,18.0,1.0,0.418604651
8503,7578,26.0,1.0,0.011468902
8505,7791,15.0,0.9375,0.576923077
8506,7510,65.0,1.0,0.263157895
8507,7455,7.0,0.875,0.777777778
8508,7789,18.0,1.0,0.391304348
8509,7507,13.0,1.0,0.196969697
8510,7467,10.0,1.0,0.384615385
8511,7799,6.0,0.75,0.75
8512,7513,59.0,1.0,0.178247734
8514,7793,39.0,1.0,0.582089552
8515,7513,2.0,0.181818182,0.006042296
8515,7578,9.0,0.818181818,0.003970004
8516,7470,11.0,0.846153846,0.523809524
8517,7797,13.0,1.0,0.288888889
8518,7578,70.0,1.0,0.030877812
8519,7473,31.0,1.0,0.58490566
8520,7801,7.0,1.0,0.538461538
8521,7525,23.0,1.0,0.153333333
8523,7803,7.0,1.0,0.21875
8524,7528,25.0,1.0,0.227272727
8525,7476,9.0,1.0,0.818181818
8526,7805,10.0,1.0,0.833333333
8527,7519,9.0,1.0,0.18
8528,7479,6.0,1.0,0.666666667
8529,7811,6.0,0.6,0.857142857
8530,7531,11.0,1.0,0.22
8531,7482,16.0,0.941176471,0.761904762
8532,7815,4.0,1.0,0.8
8533,7561,21.0,1.0,0.104477612
8534,7485,10.0,1.0,0.625
8535,7839,20.0,1.0,0.024721879
8536,7540,57.0,1.0,0.37254902
8537,7488,17.0,1.0,0.68
8538,7823,7.0,0.7,0.7
8539,7543,12.0,1.0,0.260869565
8540,7491,24.0,0.96,0.428571429
8541,7821,19.0,1.0,0.404255319
8542,7534,8.0,1.0,0.181818182
8543,7497,105.0,0.9375,0.640243902
8544,7831,36.0,1.0,0.455696203
8545,7549,21.0,1.0,0.323076923
8549,7506,8.0,1.0,0.666666667
8550,7835,23.0,1.0,0.101769912
8551,7513,23.0,1.0,0.069486405
8552,7509,11.0,1.0,0.846153846
8553,7833,14.0,1.0,0.254545455
8554,7513,3.0,0.130434783,0.009063444
8554,7578,7.0,0.304347826,0.003087781
8555,7512,3.0,0.75,0.5
8556,7835,102.0,0.990291262,0.451327434
8557,7578,653.0,1.0,0.288045876
8558,7515,11.0,0.846153846,0.578947368
8559,7837,39.0,1.0,0.354545455
8561,7518,12.0,0.666666667,0.923076923
8562,7841,24.0,1.0,0.109589041
8563,7561,33.0,1.0,0.164179104
8564,7524,151.0,0.961783439,0.626556017
8565,7839,281.0,1.0,0.347342398
8566,7564,16.0,1.0,0.145454545
8567,7527,12.0,1.0,0.571428571
8568,7843,9.0,0.9,0.642857143
8569,7572,30.0,1.0,0.3125
8570,7530,37.0,0.948717949,0.880952381
8571,7845,6.0,1.0,0.6
8572,7566,43.0,1.0,0.158671587
8573,7533,15.0,1.0,0.625
8574,7851,72.0,1.0,0.356435644
8575,7568,26.0,1.0,0.216666667
8576,7539,7.0,0.583333333,1.0
8577,7847,7.0,1.0,0.583333333
8578,7570,16.0,1.0,0.150943396
8579,7542,7.0,0.777777778,0.5
8580,7853,11.0,0.846153846,0.423076923
8581,7574,17.0,1.0,0.184782609
8582,7545,13.0,1.0,0.288888889
8583,7841,55.0,0.982142857,0.251141553
8584,7590,157.0,1.0,0.373809524
8585,7548,15.0,1.0,0.576923077
8586,7855,7.0,1.0,1.0
8588,7551,6.0,0.75,1.0
8589,7857,42.0,0.933333333,0.525
8590,7582,17.0,0.944444444,0.5
8592,7859,13.0,1.0,0.333333333
8593,7584,12.0,0.923076923,0.52173913
8595,7861,6.0,1.0,0.545454545
8596,7586,16.0,1.0,0.355555556
8597,7557,8.0,0.888888889,1.0
8598,7865,8.0,1.0,0.533333333
8599,7592,43.0,1.0,0.229946524
8600,7563,15.0,0.681818182,0.9375
8601,7867,12.0,1.0,0.5
8602,7594,11.0,1.0,0.6875
8603,7560,4.0,1.0,0.666666667
8604,7871,16.0,1.0,0.390243902
8605,7566,12.0,1.0,0.044280443
8606,7873,7.0,1.0,0.466666667
8607,7596,23.0,1.0,0.084558824
8608,7875,22.0,1.0,0.468085106
8609,7600,15.0,1.0,0.333333333
8610,7879,7.0,0.875,0.466666667
8611,7602,20.0,1.0,0.106382979
8612,7883,9.0,1.0,0.225
8613,7606,22.0,0.956521739,0.278481013
8614,7885,42.0,1.0,0.403846154
8616,7881,86.0,1.0,0.308243728
8617,7604,18.0,0.857142857,0.514285714
8618,7887,25.0,1.0,0.320512821
8620,7891,6.0,1.0,0.75
8621,7610,25.0,1.0,0.263157895
8622,7893,34.0,1.0,0.425
8623,7612,16.0,1.0,0.129032258
8624,7901,8.0,0.888888889,0.5
8625,7608,10.0,1.0,0.11627907
8626,7895,106.0,1.0,0.313609467
8628,7899,5.0,1.0,0.714285714
8629,7616,74.0,0.986666667,0.355769231
8630,7905,50.0,1.0,0.226244344
8631,7578,10.0,1.0,0.004411116
8632,7909,5.0,0.833333333,0.714285714
8633,7628,22.0,0.956521739,0.110552764
8634,7911,12.0,1.0,0.6
8635,7618,105.0,1.0,0.253012048
8636,7881,18.0,1.0,0.064516129
8637,7620,14.0,1.0,0.368421053
8638,7917,11.0,1.0,0.366666667
8639,7622,24.0,1.0,0.13559322
8640,7919,14.0,1.0,0.56
8641,7624,15.0,1.0,0.254237288
8642,7921,18.0,0.9,0.580645161
8643,7578,25.0,1.0,0.01102779
8644,7925,12.0,1.0,0.260869565
8645,7626,29.0,0.805555556,0.367088608
8646,7927,8.0,0.888888889,0.8
8647,7578,6.0,0.75,0.00264667
8648,7929,59.0,1.0,0.412587413
8649,7628,27.0,1.0,0.135678392
8650,7931,4.0,1.0,0.5
8651,7578,13.0,1.0,0.005734451
8652,7939,33.0,0.970588235,0.224489796
8653,7630,14.0,0.823529412,0.56
8654,7941,8.0,1.0,0.4
8655,7632,15.0,1.0,0.333333333
8656,7947,10.0,0.714285714,0.333333333
8658,7939,8.0,1.0,0.054421769
8660,7957,209.0,1.0,0.390654206
8661,7640,7.0,0.875,0.7
8662,7961,32.0,0.96969697,0.092753623
8663,7636,11.0,1.0,0.379310345
8664,7953,11.0,1.0,0.314285714
8665,7634,8.0,1.0,0.186046512
8666,7933,108.0,1.0,0.257142857
8667,7638,14.0,1.0,0.14
8668,7970,7.0,0.875,0.636363636
8669,7644,16.0,1.0,0.106666667
8670,7959,6.0,1.0,0.6
8672,7961,126.0,1.0,0.365217391
8673,7646,14.0,1.0,0.35
8674,7963,26.0,1.0,0.393939394
8675,7642,16.0,1.0,0.181818182
8676,7955,5.0,1.0,0.5
8677,7648,75.0,1.0,0.16025641
8678,7972,9.0,1.0,0.310344828
8679,7650,10.0,1.0,0.101010101
8680,7974,48.0,0.888888889,0.585365854
8680,7996,1.0,0.018518519,0.004444444
8681,7652,17.0,1.0,0.125
8682,7976,12.0,0.923076923,0.307692308
8683,7654,25.0,1.0,0.201612903
8684,7978,12.0,1.0,0.461538462
8685,7656,98.0,1.0,0.25388601
8686,7980,41.0,1.0,0.244047619
8687,7658,14.0,1.0,0.291666667
8688,7982,5.0,1.0,1.0
8689,7660,15.0,1.0,0.214285714
8690,7986,6.0,1.0,0.6
8691,7662,15.0,1.0,0.217391304
8692,7988,8.0,1.0,0.571428571
8693,7664,23.0,1.0,0.148387097
8694,7996,88.0,0.988764045,0.391111111
8695,7666,29.0,1.0,0.256637168
8696,7998,9.0,1.0,0.692307692
8698,7996,17.0,1.0,0.075555556
8699,7672,26.0,1.0,0.209677419
8701,7670,17.0,1.0,0.165048544
8702,8012,27.0,1.0,0.293478261
8703,7668,22.0,1.0,0.231578947
8704,8014,37.0,1.0,0.37755102
8705,7674,12.0,1.0,0.226415094
8706,8018,5.0,0.833333333,0.625
8708,8024,7.0,0.466666667,0.636363636
8709,7648,21.0,1.0,0.044871795
8711,7678,12.0,1.0,0.206896552
8712,8028,7.0,1.0,0.538461538
8713,7680,14.0,1.0,0.24137931
8714,8030,15.0,1.0,0.357142857
8715,7682,7.0,1.0,0.132075472
8716,8032,9.0,1.0,0.473684211
8717,7684,13.0,1.0,0.276595745
8719,7704,26.0,1.0,0.004696532
8720,8034,12.0,0.857142857,0.428571429
8721,7688,8.0,1.0,0.285714286
8722,8040,6.0,0.75,1.0
8723,7690,9.0,1.0,0.155172414
8724,8038,5.0,1.0,0.5
8725,7692,8.0,1.0,0.181818182
8726,8048,8.0,1.0,0.5
8728,8052,88.0,1.0,0.368200837
8729,7694,18.0,1.0,0.25
8730,8044,5.0,1.0,0.416666667
8731,7696,10.0,1.0,0.188679245
8732,8054,28.0,0.903225806,0.583333333
8733,7698,7.0,0.777777778,0.7
8734,8056,10.0,1.0,0.588235294
8735,7700,27.0,1.0,0.169811321
8736,8046,31.0,0.96875,0.313131313
8737,7704,56.0,1.0,0.010115607
8738,8062,11.0,1.0,0.379310345
8740,8068,9.0,0.75,0.409090909
8742,8058,6.0,0.75,0.666666667
8743,7706,55.0,1.0,0.37414966
8744,8060,5.0,1.0,0.416666667
8745,7704,2175.0,0.998164296,0.392882948
8745,7746,4.0,0.001835704,0.015873016
8746,8064,15.0,1.0,0.272727273
8747,7708,21.0,1.0,0.212121212
8748,8070,4.0,0.444444444,0.8
8751,7710,34.0,1.0,0.144680851
8752,8066,6.0,1.0,0.171428571
8753,7712,14.0,1.0,0.202898551
8754,8072,27.0,1.0,0.317647059
8755,7728,20.0,1.0,0.076628352
8756,8074,6.0,1.0,0.375
8757,7728,15.0,1.0,0.057471264
8758,8080,38.0,1.0,0.457831325
8759,7718,19.0,1.0,0.145038168
8760,8088,30.0,0.967741935,0.810810811
8761,7720,11.0,1.0,0.086614173
8762,8096,26.0,0.866666667,0.541666667
8763,7728,35.0,1.0,0.134099617
8764,8090,7.0,0.875,0.636363636
8765,7730,23.0,1.0,0.216981132
8766,8098,51.0,1.0,0.380597015
8767,7724,24.0,1.0,0.156862745
8768,8100,6.0,0.75,0.375
8769,7726,21.0,1.0,0.143835616
8770,8102,8.0,1.0,0.347826087
8771,7732,14.0,1.0,0.144329897
8772,8106,11.0,1.0,0.34375
8773,7736,16.0,1.0,0.119402985
8774,8110,25.0,0.961538462,0.757575758
8775,7738,18.0,1.0,0.225
8776,8092,30.0,1.0,0.517241379
8777,7734,13.0,1.0,0.213114754
8778,8108,3.0,0.75,1.0
8779,7740,27.0,1.0,0.099264706
8780,8114,31.0,1.0,0.659574468
8781,7742,37.0,0.840909091,0.486842105
8783,7704,115.0,1.0,0.020773121
8784,8116,6.0,0.666666667,0.857142857
8786,8118,6.0,1.0,0.545454545
8788,8120,7.0,0.875,0.333333333
8789,7744,493.0,1.0,0.276966292
8790,8112,9.0,1.0,0.214285714
8791,7750,14.0,1.0,0.24137931
8792,8122,11.0,1.0,0.25
8793,7746,64.0,1.0,0.253968254
8794,8130,27.0,0.964285714,0.457627119
8795,7704,33.0,1.0,0.005960983
8796,8126,10.0,0.769230769,0.3125
8797,7748,126.0,1.0,0.236842105
8801,7752,25.0,1.0,0.462962963
8802,8136,6.0,0.545454545,0.6
8803,7758,16.0,1.0,0.210526316
8804,8138,38.0,1.0,0.383838384
8805,7762,13.0,1.0,0.288888889
8806,8144,121.0,0.991803279,0.521551724
8808,8146,6.0,0.857142857,0.666666667
8809,7756,29.0,1.0,0.17791411
8810,8142,9.0,1.0,0.28125
8811,7766,14.0,1.0,0.205882353
8812,8148,57.0,0.904761905,0.504424779
8813,7754,12.0,1.0,0.15
8814,8150,46.0,1.0,0.351145038
8815,7764,34.0,1.0,0.095505618
8816,8152,12.0,1.0,0.206896552
8817,7760,71.0,0.986111111,0.16027088
8818,8170,6.0,0.4,1.0
8819,7770,16.0,1.0,0.164948454
8820,8160,11.0,1.0,0.785714286
8821,7774,41.0,1.0,0.222826087
8822,8164,18.0,1.0,0.305084746
8823,7744,58.0,1.0,0.03258427
8824,8166,9.0,1.0,0.9
8825,7772,19.0,1.0,0.134751773
8826,8174,24.0,0.96,0.358208955
8827,7768,39.0,1.0,0.14028777
8828,8172,8.0,1.0,0.8
8829,7778,13.0,0.928571429,0.619047619
8830,8180,10.0,0.909090909,0.714285714
8831,7782,55.0,1.0,0.171875
8832,8184,16.0,1.0,0.516129032
8833,7780,16.0,1.0,0.19047619
8834,8186,18.0,0.947368421,0.6
8835,7786,14.0,1.0,0.1
8837,7788,14.0,1.0,0.04620462
8838,8194,8.0,0.8,0.727272727
8839,7784,16.0,1.0,0.106666667
8841,7788,62.0,1.0,0.204620462
8842,8190,16.0,1.0,0.484848485
8843,7790,107.0,1.0,0.516908213
8844,8192,25.0,1.0,0.543478261
8845,7792,46.0,1.0,0.116455696
8846,8200,5.0,0.384615385,0.833333333
8847,7792,21.0,1.0,0.053164557
8848,8198,10.0,1.0,0.434782609
8849,7760,18.0,0.857142857,0.040632054
8850,8206,6.0,1.0,0.461538462
8851,7796,10.0,1.0,0.14084507
8852,8212,21.0,0.777777778,0.807692308
8853,7798,205.0,1.0,0.226519337
8854,8208,8.0,0.888888889,0.25
8855,7800,17.0,1.0,0.369565217
8856,8210,11.0,1.0,0.186440678
8857,7808,9.0,1.0,0.243243243
8858,8216,6.0,1.0,0.857142857
8859,7804,50.0,1.0,0.167785235
8860,8224,161.0,0.975757576,0.547619048
8862,8220,9.0,1.0,0.473684211
8863,7806,20.0,1.0,0.208333333
8864,8228,11.0,0.916666667,0.6875
8866,8226,57.0,1.0,0.463414634
8867,7810,30.0,1.0,0.182926829
8868,8230,17.0,1.0,0.68
8869,7814,26.0,1.0,0.209677419
8870,8234,15.0,1.0,0.535714286
8871,7816,11.0,1.0,0.130952381
8872,8240,5.0,0.833333333,0.454545455
8873,7820,15.0,1.0,0.15
8874,8238,6.0,0.857142857,0.5
8875,7852,17.0,1.0,0.150442478
8876,8242,9.0,1.0,0.428571429
8877,7832,30.0,0.967741935,0.087463557
8878,8246,8.0,1.0,0.571428571
8879,7704,165.0,1.0,0.029804913
8880,8248,6.0,1.0,0.857142857
8882,8256,12.0,0.857142857,0.8
8883,7828,17.0,1.0,0.136
8884,8252,4.0,0.666666667,1.0
8885,7826,15.0,1.0,0.174418605
8886,8258,247.0,0.991967871,0.494
8887,7830,10.0,0.714285714,0.625
8888,8264,11.0,0.916666667,0.733333333
8889,7744,16.0,1.0,0.008988764
8891,7844,21.0,0.954545455,0.134615385
8892,8262,11.0,1.0,0.611111111
8893,7836,25.0,1.0,0.113122172
8894,8260,8.0,1.0,0.5
8895,7838,114.0,1.0,0.252212389
8896,8268,9.0,1.0,0.333333333
8897,7840,8.0,1.0,0.363636364
8898,8273,27.0,1.0,0.38028169
8899,7842,9.0,1.0,0.28125
8900,8275,35.0,1.0,0.555555556
8901,7834,8.0,1.0,0.242424242
8902,8281,87.0,0.966666667,0.391891892
8903,7856,64.0,0.820512821,0.453900709
8904,8279,29.0,0.935483871,0.568627451
8905,7832,101.0,1.0,0.294460641
8906,8283,11.0,1.0,0.47826087
8907,7864,50.0,0.980392157,0.27173913
8909,7854,55.0,1.0,0.240174672
8910,8285,8.0,1.0,0.888888889
8912,8287,6.0,1.0,0.75
8913,7858,26.0,1.0,0.216666667
8915,7850,10.0,1.0,0.212765957
8916,8291,8.0,1.0,0.615384615
8917,7852,17.0,1.0,0.150442478
8918,8293,10.0,0.714285714,0.588235294
8919,7862,7.0,1.0,0.077777778
8920,8297,29.0,1.0,0.517857143
8921,7704,27.0,1.0,0.004877168
8922,8301,7.0,0.538461538,1.0
8924,8307,12.0,0.857142857,0.52173913
8926,8309,13.0,0.928571429,0.65
8927,7866,14.0,1.0,0.166666667
8928,8303,19.0,1.0,0.542857143
8929,7870,47.0,1.0,0.201716738
8930,8305,13.0,1.0,0.590909091
8931,7872,35.0,1.0,0.224358974
8932,8317,15.0,1.0,0.517241379
8933,7874,19.0,1.0,0.138686131
8934,8319,228.0,1.0,0.298429319
8935,7876,12.0,1.0,0.173913043
8936,8321,25.0,1.0,0.543478261
8937,7856,15.0,0.6,0.106382979
8938,8325,21.0,1.0,0.396226415
8939,7878,31.0,1.0,0.174157303
8940,8327,16.0,0.888888889,0.727272727
8941,7880,8.0,1.0,0.222222222
8942,8335,14.0,0.736842105,0.823529412
8943,7868,26.0,1.0,0.209677419
8944,8329,5.0,1.0,0.5
8945,7884,115.0,0.99137931,0.225048924
8946,8311,40.0,1.0,0.172413793
8947,7896,87.0,0.956043956,0.424390244
8948,8337,7.0,1.0,0.388888889
8949,7886,58.0,1.0,0.189542484
8950,8343,57.0,0.982758621,0.422222222
8951,7888,43.0,1.0,0.265432099
8952,8339,28.0,0.965517241,0.444444444
8953,7890,23.0,1.0,0.121693122
8954,8341,76.0,1.0,0.271428571
8955,7838,13.0,1.0,0.028761062
8956,8347,6.0,1.0,0.375
8957,7884,24.0,1.0,0.046966732
8959,7898,8.0,1.0,0.216216216
8960,8351,8.0,1.0,0.666666667
8962,8353,76.0,1.0,0.466257669
8963,7904,42.0,1.0,0.355932203
8964,8361,15.0,1.0,0.5
8965,7900,18.0,1.0,0.118421053
8966,8363,21.0,0.954545455,0.466666667
8968,8319,20.0,0.909090909,0.02617801
8969,7906,26.0,1.0,0.577777778
8970,8371,10.0,1.0,0.714285714
8971,7908,17.0,1.0,0.115646259
8973,7916,9.0,0.9,1.0
8974,8375,9.0,1.0,0.473684211
8975,7912,144.0,1.0,0.198074278
8976,8377,18.0,1.0,0.333333333
8977,7914,22.0,1.0,0.231578947
8979,7920,12.0,1.0,0.130434783
8980,8379,9.0,1.0,0.391304348
8981,7918,94.0,1.0,0.294670846
8982,8383,10.0,1.0,0.263157895
8984,8385,6.0,1.0,0.545454545
8986,8377,7.0,1.0,0.12962963
8987,7922,16.0,1.0,0.340425532
8988,8387,11.0,0.785714286,0.785714286
8989,7924,40.0,1.0,0.193236715
8990,8391,21.0,1.0,0.677419355
8991,7926,7.0,1.0,0.082352941
8992,8393,7.0,1.0,0.583333333
8993,7952,16.0,1.0,0.013082584
8994,8395,10.0,1.0,0.384615385
8995,7930,9.0,1.0,0.113924051
8996,8319,20.0,1.0,0.02617801
8998,8403,8.0,0.666666667,0.888888889
8999,7934,73.0,1.0,0.232484076
9000,8389,9.0,1.0,0.142857143
9002,8399,64.0,0.984615385,0.340425532
9003,7932,9.0,1.0,0.321428571
9004,8407,22.0,1.0,0.41509434
9005,7940,25.0,1.0,0.19379845
9006,8405,12.0,1.0,0.375
9007,7942,42.0,1.0,0.175
9008,8401,42.0,1.0,0.096774194
9009,7938,28.0,1.0,0.125560538
9010,8419,53.0,0.828125,0.697368421
9011,7944,15.0,1.0,0.230769231
9012,8413,7.0,1.0,0.777777778
9013,7946,42.0,1.0,0.219895288
9014,8415,5.0,0.833333333,1.0
9015,7948,38.0,0.95,0.161702128
9017,7950,50.0,1.0,0.23923445
9018,8421,20.0,1.0,0.4
9019,7952,298.0,1.0,0.243663123
9020,8425,26.0,1.0,0.412698413
9021,7954,19.0,1.0,0.322033898
9022,8427,11.0,0.611111111,0.6875
9023,7960,136.0,1.0,0.201780415
9024,8423,18.0,0.9,0.473684211
9025,7962,340.0,1.0,0.304932735
9026,8431,12.0,1.0,0.666666667
9027,7956,40.0,1.0,0.199004975
9028,8433,84.0,1.0,0.385321101
9029,7964,141.0,0.986013986,0.327906977
9030,8401,38.0,1.0,0.087557604
9031,7967,23.0,1.0,0.310810811
9032,8439,7.0,1.0,0.411764706
9033,7969,22.0,1.0,0.157142857
9034,8441,16.0,1.0,0.340425532
9035,7962,14.0,1.0,0.012556054
9036,8451,21.0,1.0,0.411764706
9037,7971,96.0,0.989690722,0.294478528
9038,8455,5.0,1.0,0.454545455
9039,7975,16.0,1.0,0.195121951
9040,8457,9.0,1.0,0.391304348
9042,8461,32.0,1.0,0.533333333
9043,7977,66.0,1.0,0.191304348
9044,8465,45.0,1.0,0.378151261
9045,7971,17.0,0.944444444,0.052147239
9046,8467,10.0,1.0,0.833333333
9047,7979,13.0,1.0,0.175675676
9048,8469,8.0,0.8,0.888888889
9049,7983,12.0,1.0,0.255319149
9050,8471,6.0,1.0,0.5
9051,8039,114.0,0.991304348,0.135231317
9052,8473,12.0,1.0,0.461538462
9053,7985,8.0,1.0,0.380952381
9054,8497,68.0,1.0,0.090185676
9055,7989,66.0,1.0,0.197014925
9056,8479,6.0,1.0,0.5
9057,7987,19.0,1.0,0.463414634
9058,8483,8.0,1.0,0.4
9059,7991,13.0,1.0,0.295454545
9060,8487,14.0,0.933333333,0.777777778
9061,7952,27.0,1.0,0.02207686
9062,8485,7.0,1.0,0.14893617
9063,7995,21.0,1.0,0.127272727
9064,8489,47.0,0.959183673,0.388429752
9065,7999,12.0,1.0,0.260869565
9066,8493,8.0,1.0,0.8
9067,8001,24.0,0.96,0.24742268
9068,8491,10.0,0.769230769,0.384615385
9069,8055,105.0,0.990566038,0.043514298
9070,8495,17.0,1.0,0.425
9071,7952,21.0,1.0,0.017170891
9072,8509,23.0,1.0,0.58974359
9073,8015,38.0,1.0,0.207650273
9074,8485,19.0,1.0,0.404255319
9075,8013,86.0,0.988505747,0.464864865
9076,8505,7.0,1.0,0.466666667
9077,8017,48.0,1.0,0.307692308
9078,8511,10.0,1.0,0.416666667
9079,8011,27.0,0.964285714,0.369863014
9080,8513,6.0,1.0,0.75
9081,8007,12.0,1.0,0.142857143
9082,8519,18.0,1.0,0.3
9083,8003,68.0,1.0,0.117850953
9084,8515,7.0,1.0,0.636363636
9086,8523,20.0,0.952380952,0.714285714
9087,8009,25.0,1.0,0.178571429
9088,8525,6.0,1.0,1.0
9089,8003,65.0,1.0,0.112651646
9091,8025,51.0,1.0,0.2125
9092,8529,9.0,0.9,0.692307692
9093,8019,35.0,1.0,0.185185185
9094,8531,23.0,1.0,0.323943662
9095,8021,25.0,1.0,0.217391304
9096,8533,7.0,0.538461538,0.7
9097,8031,52.0,1.0,0.214876033
9098,8535,21.0,1.0,0.65625
9099,8027,15.0,1.0,0.061728395
9100,8539,24.0,1.0,0.260869565
9101,8027,48.0,1.0,0.197530864
9102,8545,8.0,1.0,0.666666667
9103,8029,11.0,1.0,0.392857143
9104,8547,7.0,1.0,0.5
9105,8033,32.0,1.0,0.220689655
9106,8497,23.0,1.0,0.030503979
9107,8043,251.0,1.0,0.293224299
9108,8497,93.0,1.0,0.123342175
9109,8085,64.0,0.842105263,0.119850187
9110,8551,4.0,1.0,0.571428571
9111,8037,11.0,1.0,0.106796117
9112,8497,23.0,1.0,0.030503979
9113,8039,135.0,1.0,0.160142349
9114,8559,20.0,1.0,0.526315789
9115,7962,8.0,0.266666667,0.007174888
9115,8085,2.0,0.066666667,0.003745318
9116,8553,5.0,1.0,0.454545455
9117,8045,9.0,1.0,0.214285714
9118,8555,28.0,1.0,0.4375
9119,8041,18.0,1.0,0.327272727
9120,8557,11.0,1.0,0.47826087
9121,8047,13.0,1.0,0.371428571
9122,8561,18.0,0.857142857,0.391304348
9124,8563,8.0,1.0,0.888888889
9125,8049,41.0,1.0,0.143859649
9126,8577,11.0,0.916666667,0.5
9127,8055,671.0,1.0,0.278077082
9130,8567,10.0,1.0,0.833333333
9131,8053,25.0,1.0,0.301204819
9132,8569,43.0,1.0,0.383928571
9133,8085,63.0,1.0,0.117977528
9134,8573,10.0,1.0,0.416666667
9136,8579,9.0,0.818181818,1.0
9137,8043,21.0,1.0,0.02453271
9138,8583,7.0,1.0,0.538461538
9139,8057,76.0,1.0,0.079915878
9140,8587,37.0,0.925,0.711538462
9141,8075,108.0,0.990825688,0.239467849
9142,8585,8.0,1.0,0.8
9144,8589,10.0,1.0,0.769230769
9145,8063,90.0,1.0,0.205479452
9146,8597,16.0,0.941176471,0.842105263
9147,8073,35.0,1.0,0.222929936
9148,8593,17.0,1.0,0.459459459
9149,8085,50.0,0.892857143,0.093632959
9150,8595,98.0,1.0,0.160655738
9151,8065,54.0,0.84375,0.519230769
9152,8601,57.0,1.0,0.413043478
9153,8071,10.0,0.909090909,0.434782609
9154,8613,5.0,0.454545455,0.185185185
9156,8603,23.0,1.0,0.328571429
9157,8069,11.0,1.0,0.112244898
9158,8609,9.0,1.0,0.5625
9159,8077,60.0,0.952380952,0.304568528
9160,8611,75.0,1.0,0.371287129
9161,8083,8.0,0.727272727,1.0
9162,8613,9.0,1.0,0.333333333
9163,8081,16.0,1.0,0.108843537
9164,8619,6.0,1.0,0.428571429
9165,8043,43.0,1.0,0.050233645
9167,8087,23.0,1.0,0.18852459
9168,8595,98.0,0.98989899,0.160655738
9169,8055,15.0,1.0,0.006216328
9170,8623,10.0,0.769230769,0.833333333
9171,8049,5.0,0.172413793,0.01754386
9172,8627,7.0,0.875,0.5
9173,8067,24.0,1.0,0.049792531
9174,8629,74.0,1.0,0.437869822
9175,8079,36.0,1.0,0.152542373
9176,8633,16.0,1.0,0.457142857
9177,8089,9.0,1.0,0.191489362
9178,8635,9.0,1.0,0.9
9179,8091,9.0,1.0,0.409090909
9180,8647,18.0,0.857142857,0.75
9181,8095,33.0,1.0,0.178378378
9182,8637,8.0,0.888888889,0.888888889
9183,8093,28.0,1.0,0.233333333
9184,8639,68.0,1.0,0.352331606
9185,8097,9.0,1.0,0.152542373
9186,8641,8.0,1.0,0.5
9187,8099,8.0,1.0,0.363636364
9188,8645,11.0,1.0,0.379310345
9190,8651,9.0,1.0,0.6
9191,8057,209.0,1.0,0.219768665
9192,8653,21.0,1.0,0.538461538
9194,8659,20.0,1.0,0.434782609
9195,8067,40.0,1.0,0.082987552
9196,8663,6.0,0.857142857,0.117647059
9197,8103,14.0,1.0,0.130841121
9198,8661,6.0,1.0,0.285714286
9199,8109,22.0,1.0,0.211538462
9201,8157,51.0,1.0,0.042009885
9202,8665,6.0,0.545454545,0.857142857
9203,8107,11.0,1.0,0.161764706
9204,8663,12.0,1.0,0.235294118
9205,8115,31.0,1.0,0.167567568
9206,8667,9.0,1.0,0.428571429
9207,8119,14.0,1.0,0.107692308
9208,8671,7.0,1.0,0.636363636
9209,8113,20.0,1.0,0.152671756
9210,8673,20.0,1.0,0.020140987
9211,8189,26.0,1.0,0.011255411
9212,8678,8.0,1.0,0.444444444
9213,8157,29.0,1.0,0.023887974
9214,8680,8.0,1.0,0.666666667
9215,8133,116.0,0.983050847,0.420289855
9215,8159,1.0,0.008474576,0.000596659
9216,8722,21.0,1.0,0.026022305
9217,8189,47.0,1.0,0.02034632
9218,8686,45.0,0.918367347,0.818181818
9219,8123,9.0,1.0,0.15
9220,8684,15.0,1.0,0.555555556
9221,8129,20.0,1.0,0.19047619
9222,8688,16.0,1.0,0.457142857
9223,8127,25.0,1.0,0.213675214
9224,8690,6.0,1.0,0.230769231
9225,8137,30.0,0.9375,0.153061224
9226,8696,8.0,1.0,0.32
9227,8135,27.0,1.0,0.228813559
9229,8159,455.0,1.0,0.271479714
9230,8673,649.0,0.483967189,0.653575025
9230,8674,55.0,0.041014169,0.035009548
9230,8675,380.0,0.283370619,0.62193126
9231,8143,29.0,1.0,0.237704918
9232,8694,6.0,1.0,0.428571429
9234,8708,8.0,1.0,0.727272727
9235,8147,41.0,1.0,0.269736842
9236,8712,50.0,0.943396226,0.568181818
9237,8153,33.0,1.0,0.179347826
9238,8714,9.0,0.9,0.36
9239,8157,24.0,1.0,0.019769357
9240,8716,6.0,1.0,0.545454545
9241,8157,130.0,1.0,0.10708402
9242,8720,42.0,1.0,0.318181818
9243,8189,58.0,1.0,0.025108225
9244,8722,265.0,0.857605178,0.328376704
9244,8780,44.0,0.142394822,0.266666667
9245,8149,31.0,1.0,0.175141243
9246,8726,7.0,0.875,0.538461538
9248,8718,11.0,1.0,0.268292683
9249,8155,12.0,1.0,0.2
9250,8740,32.0,1.0,0.492307692
9251,8055,73.0,0.190600522,0.030252797
9251,8193,280.0,0.731070496,0.281973817
9253,8165,34.0,1.0,0.083950617
9254,8736,10.0,1.0,0.555555556
9255,8161,40.0,1.0,0.144404332
9256,8738,8.0,1.0,0.307692308
9257,8169,15.0,1.0,0.170454545
9258,8744,24.0,1.0,0.3
9259,8177,13.0,1.0,0.236363636
9261,8165,69.0,1.0,0.17037037
9262,8746,6.0,0.857142857,0.857142857
9263,8055,21.0,1.0,0.00870286
9264,8750,12.0,1.0,0.324324324
9266,8754,4.0,1.0,0.5
9267,8193,41.0,1.0,0.041289023
9268,8756,6.0,0.857142857,0.6
9269,8181,19.0,1.0,0.231707317
9271,8183,52.0,1.0,0.194756554
9272,8762,23.0,1.0,0.469387755
9273,8177,17.0,1.0,0.309090909
9274,8758,11.0,1.0,0.35483871
9275,8179,36.0,1.0,0.223602484
9276,8760,9.0,1.0,0.6
9277,8189,641.0,0.998442368,0.277489177
9277,8294,1.0,0.001557632,0.004273504
9278,8674,81.0,1.0,0.051559516
9279,8187,28.0,1.0,0.161849711
9280,8766,7.0,0.875,1.0
9281,8185,152.0,1.0,0.187654321
9282,8770,17.0,0.894736842,0.708333333
9283,8195,18.0,1.0,0.268656716
9284,8768,39.0,1.0,0.448275862
9285,8193,26.0,1.0,0.026183283
9287,8193,20.0,1.0,0.020140987
9288,8774,5.0,1.0,0.416666667
9289,8157,26.0,1.0,0.021416804
9291,8199,52.0,1.0,0.134715026
9292,8772,8.0,1.0,0.363636364
9293,8193,45.0,1.0,0.045317221
9294,8778,11.0,0.916666667,0.5
9295,8207,129.0,1.0,0.289237668
9296,8782,12.0,1.0,0.444444444
9297,8201,29.0,1.0,0.130630631
9298,8674,441.0,0.584880637,0.280712922
9298,8675,18.0,0.023872679,0.029459902
9298,8900,225.0,0.298408488,0.110892065
9299,8205,76.0,1.0,0.288973384
9300,8784,9.0,1.0,0.321428571
9301,8193,50.0,1.0,0.050352467
9302,8786,7.0,1.0,0.411764706
9303,8211,15.0,0.9375,0.197368421
9305,8209,52.0,1.0,0.197718631
9306,8790,8.0,1.0,0.235294118
9307,8213,26.0,1.0,0.218487395
9308,8794,13.0,0.866666667,0.371428571
9309,8229,37.0,1.0,0.181372549
9310,8792,40.0,1.0,0.540540541
9311,8215,30.0,1.0,0.272727273
9312,8796,7.0,1.0,0.5
9313,8221,47.0,1.0,0.267045455
9314,8798,28.0,1.0,0.4
9315,8159,9.0,1.0,0.005369928
9316,8800,12.0,1.0,0.285714286
9317,8225,17.0,1.0,0.193181818
9318,8806,7.0,1.0,0.466666667
9319,8219,23.0,1.0,0.060367454
9320,8812,13.0,1.0,0.371428571
9321,8227,17.0,1.0,0.165048544
9322,8814,11.0,1.0,0.255813953
9323,8219,21.0,1.0,0.05511811
9324,8816,10.0,1.0,0.714285714
9326,8818,9.0,1.0,0.191489362
9328,8824,9.0,1.0,0.5625
9329,8245,151.0,0.5,0.488673139
9330,8810,55.0,1.0,0.257009346
9331,8159,19.0,1.0,0.011336516
9332,8826,15.0,1.0,0.535714286
9333,8199,27.0,1.0,0.069948187
9335,8233,18.0,1.0,0.100558659
9337,8237,37.0,1.0,0.172897196
9338,8830,8.0,0.888888889,0.8
9339,8239,21.0,1.0,0.15
9340,8836,32.0,1.0,0.438356164
9342,8838,7.0,1.0,0.35
9343,8255,25.0,1.0,0.075987842
9344,8840,6.0,1.0,0.428571429
9346,8848,513.0,1.0,0.426433915
9347,8243,22.0,1.0,0.150684932
9348,8842,5.0,0.833333333,0.625
9349,8207,57.0,1.0,0.127802691
9351,8249,145.0,1.0,0.185897436
9352,8674,33.0,0.121771218,0.021005729
9352,8862,235.0,0.867158672,0.540229885
9353,8251,32.0,1.0,0.256
9354,8844,12.0,1.0,0.413793103
9355,8253,51.0,1.0,0.151335312
9356,8856,13.0,1.0,0.722222222
9358,8674,34.0,1.0,0.021642266
9359,8255,46.0,1.0,0.139817629
9360,8674,28.0,1.0,0.017823043
9361,8257,48.0,1.0,0.2
9362,8860,8.0,1.0,0.727272727
9363,8259,19.0,1.0,0.149606299
9364,8872,6.0,0.5,1.0
9366,8866,22.0,0.956521739,0.44
9367,8271,26.0,1.0,0.111111111
9368,8868,8.0,1.0,0.666666667
9369,8265,29.0,1.0,0.147959184
9370,8874,35.0,1.0,0.411764706
9372,8864,16.0,1.0,0.4
9373,8269,17.0,1.0,0.209876543
9374,8878,8.0,0.888888889,0.666666667
9375,8267,10.0,1.0,0.344827586
9376,8880,35.0,1.0,0.514705882
9377,8189,19.0,0.730769231,0.008225108
9378,8882,7.0,1.0,0.636363636
9379,8276,20.0,1.0,0.15037594
9380,8900,32.0,1.0,0.015771316
9381,8278,42.0,1.0,0.264150943
9382,8674,15.0,1.0,0.009548059
9384,8892,7.0,1.0,0.875
9385,8280,85.0,1.0,0.131578947
9386,8900,1062.0,0.838862559,0.523410547
9386,8948,182.0,0.143759874,0.456140351
9387,8274,161.0,1.0,0.183371298
9388,8894,50.0,1.0,0.340136054
9389,8282,33.0,1.0,0.294642857
9390,8896,142.0,1.0,0.376657825
9391,8284,23.0,1.0,0.306666667
9392,8898,19.0,1.0,0.333333333
9393,8286,34.0,1.0,0.276422764
9394,8904,11.0,0.846153846,0.305555556
9395,8288,50.0,1.0,0.128205128
9396,8674,34.0,1.0,0.021642266
9397,8290,80.0,0.987654321,0.262295082
9398,8914,8.0,1.0,0.5
9399,8292,67.0,1.0,0.171794872
9401,8294,34.0,1.0,0.145299145
9402,8928,10.0,1.0,0.666666667
9403,8292,17.0,0.5,0.043589744
9404,8930,21.0,0.954545455,0.265822785
9405,8302,151.0,1.0,0.226386807
9406,8934,7.0,0.875,0.875
9407,8300,33.0,1.0,0.191860465
9408,8938,14.0,1.0,0.229508197
9409,8298,121.0,1.0,0.27816092
9410,8952,286.0,1.0,0.34251497
9412,8946,15.0,1.0,0.238095238
9414,8950,32.0,1.0,0.31372549
9415,8304,13.0,1.0,0.196969697
9416,8944,15.0,1.0,0.263157895
9417,8306,29.0,1.0,0.187096774
9418,8954,10.0,1.0,0.476190476
9420,8948,117.0,1.0,0.293233083
9421,8308,12.0,1.0,0.173913043
9422,8958,19.0,1.0,0.475
9423,8290,12.0,0.6,0.039344262
9423,8332,8.0,0.4,0.005167959
9424,8960,10.0,1.0,0.303030303
9425,8312,22.0,1.0,0.161764706
9427,8310,37.0,1.0,0.177884615
9428,8970,14.0,1.0,0.451612903
9429,8314,159.0,0.451704545,0.516233766
9429,8356,173.0,0.491477273,0.263318113
9431,8330,193.0,1.0,0.335069444
9432,8972,14.0,1.0,0.583333333
9433,8316,27.0,1.0,0.203007519
9434,8982,5.0,0.454545455,0.833333333
9435,8320,135.0,1.0,0.182432432
9436,8968,10.0,1.0,0.454545455
9437,8318,17.0,1.0,0.320754717
9439,8324,8.0,0.888888889,0.888888889
9440,8980,27.0,0.794117647,0.519230769
9441,8328,38.0,1.0,0.164502165
9443,8326,8.0,1.0,0.666666667
9444,8978,47.0,0.979166667,0.573170732
9445,8332,471.0,1.0,0.304263566
9446,8952,7.0,0.777777778,0.008383234
9448,8984,21.0,0.875,0.636363636
9449,8322,20.0,1.0,0.079681275
9450,8986,13.0,1.0,0.342105263
9451,8336,17.0,1.0,0.139344262
9452,8990,58.0,1.0,0.257777778
9453,8338,41.0,1.0,0.127725857
9455,8334,181.0,1.0,0.194623656
9456,8999,13.0,1.0,0.224137931
9457,8340,9.0,1.0,0.36
9459,8342,41.0,1.0,0.148550725
9460,9001,11.0,0.47826087,1.0
9461,8320,33.0,1.0,0.044594595
9462,8988,49.0,1.0,0.275280899
9463,8346,16.0,1.0,0.118518519
9464,8997,664.0,0.935211268,0.431168831
9464,9157,1.0,0.001408451,0.000927644
9466,9007,147.0,1.0,0.406077348
9468,9005,14.0,0.933333333,0.538461538
9469,8344,29.0,1.0,0.148717949
9470,9011,38.0,1.0,0.422222222
9471,8338,30.0,1.0,0.093457944
9472,8997,1.0,0.004464286,0.000649351
9472,9013,223.0,0.995535714,0.319027182
9473,8348,19.0,1.0,0.204301075
9474,9015,12.0,1.0,0.315789474
9477,8350,35.0,1.0,0.126353791
9478,9017,8.0,1.0,0.32
9479,8354,21.0,1.0,0.2625
9481,8358,127.0,1.0,0.220103986
9482,9021,9.0,1.0,0.529411765
9483,8360,17.0,1.0,0.232876712
9484,9023,8.0,0.888888889,0.8
9485,8362,26.0,1.0,0.149425287
9486,9025,10.0,0.909090909,0.526315789
9487,8364,36.0,1.0,0.141732283
9488,9027,18.0,1.0,0.514285714
9489,8372,149.0,0.980263158,0.336343115
9491,8330,22.0,1.0,0.038194444
9492,9033,10.0,0.769230769,0.666666667
9493,8368,33.0,1.0,0.12992126
9494,8997,66.0,1.0,0.042857143
9495,8366,155.0,0.993589744,0.24256651
9496,9035,28.0,1.0,0.4375
9497,8370,35.0,1.0,0.296610169
9498,9037,9.0,1.0,0.75
9499,8374,36.0,1.0,0.096256684
9500,9007,13.0,0.866666667,0.035911602
9501,8380,52.0,1.0,0.219409283
9502,9039,40.0,1.0,0.363636364
9503,8376,49.0,1.0,0.215859031
9504,9041,14.0,1.0,0.736842105
9505,8378,30.0,1.0,0.175438596
9506,9043,12.0,0.923076923,0.705882353
9507,8394,36.0,1.0,0.258992806
9508,9049,5.0,0.714285714,1.0
9509,8382,7.0,1.0,0.21875
9510,9069,402.0,0.987714988,0.373605948
9511,8372,28.0,1.0,0.063205418
9513,8386,37.0,1.0,0.170506912
9514,9055,47.0,1.0,0.319727891
9515,8388,19.0,1.0,0.129251701
9517,8390,15.0,1.0,0.223880597
9518,8997,15.0,1.0,0.00974026
9519,8392,21.0,1.0,0.111702128
9520,9059,15.0,0.375,0.882352941
9521,8396,136.0,0.99270073,0.236521739
9522,9061,13.0,1.0,0.288888889
9523,8404,16.0,1.0,0.118518519
9524,9045,889.0,1.0,0.466911765
9525,8406,30.0,1.0,0.170454545
9526,9067,11.0,0.916666667,0.171875
9527,8402,23.0,1.0,0.129213483
9528,9071,22.0,0.956521739,0.379310345
9529,8400,23.0,1.0,0.153333333
9530,9071,1.0,0.083333333,0.017241379
9531,8398,50.0,1.0,0.123762376
9532,9065,14.0,1.0,0.28
9533,8408,15.0,1.0,0.263157895
9534,9073,8.0,1.0,0.470588235
9535,8410,21.0,1.0,0.133757962
9536,9077,48.0,1.0,0.539325843
9537,8412,25.0,1.0,0.252525253
9538,9079,9.0,1.0,0.346153846
9539,8414,35.0,1.0,0.204678363
9540,9081,10.0,1.0,0.5
9541,8416,26.0,1.0,0.134715026
9542,9087,7.0,0.636363636,0.875
9543,8418,99.0,1.0,0.288629738
9544,9085,10.0,1.0,0.526315789
9545,8420,32.0,1.0,0.143497758
9547,8424,16.0,1.0,0.115942029
9548,9091,9.0,0.9,0.692307692
9549,8426,24.0,1.0,0.09561753
9550,9093,25.0,0.925925926,0.625
9551,8428,18.0,1.0,0.107142857
9552,9089,14.0,0.933333333,0.736842105
9553,8422,23.0,1.0,0.212962963
9554,9095,12.0,1.0,0.272727273
9555,8430,10.0,1.0,0.434782609
9557,8434,47.0,1.0,0.212669683
9558,9099,992.0,0.984126984,0.482960078
9559,8432,31.0,1.0,0.194968553
9560,9097,26.0,0.838709677,0.490566038
9561,8436,38.0,1.0,0.163793103
9562,9101,5.0,1.0,0.555555556
9563,8438,33.0,1.0,0.164179104
9564,9105,16.0,0.941176471,0.516129032
9565,8442,38.0,1.0,0.273381295
9566,9113,47.0,1.0,0.295597484
9567,8440,19.0,1.0,0.081896552
9568,9109,9.0,1.0,0.375
9569,8396,16.0,1.0,0.027826087
9570,9111,47.0,1.0,0.391666667
9571,8448,191.0,1.0,0.224178404
9572,9107,10.0,1.0,0.192307692
9573,8444,26.0,1.0,0.152941176
9574,8997,15.0,1.0,0.00974026
9575,8450,10.0,1.0,0.12345679
9576,9117,50.0,1.0,0.5
9577,8454,17.0,1.0,0.242857143
9579,8456,144.0,1.0,0.191489362
9580,9119,11.0,0.846153846,0.47826087
9582,9103,14.0,1.0,0.184210526
9583,8460,24.0,1.0,0.132596685
9584,9121,10.0,1.0,0.434782609
9586,9157,75.0,1.0,0.069573284
9587,8452,20.0,1.0,0.153846154
9588,9129,49.0,0.875,0.742424242
9589,8458,20.0,1.0,0.208333333
9590,9127,17.0,1.0,0.175257732
9591,8470,30.0,1.0,0.37037037
9592,9137,24.0,1.0,0.260869565
9593,8466,10.0,1.0,0.384615385
9594,9135,15.0,1.0,0.517241379
9595,8468,16.0,1.0,0.146788991
9596,9143,21.0,1.0,0.636363636
9598,9141,7.0,1.0,0.269230769
9599,8472,24.0,1.0,0.161073826
9600,9159,30.0,0.833333333,0.666666667
9601,8474,8.0,1.0,0.181818182
9602,9151,55.0,0.982142857,0.585106383
9603,8476,562.0,1.0,0.29225169
9604,9149,16.0,1.0,0.333333333
9605,8478,19.0,1.0,0.153225806
9606,9153,16.0,1.0,0.551724138
9607,8496,32.0,1.0,0.112676056
9609,8490,16.0,1.0,0.262295082
9611,8484,33.0,1.0,0.183333333
9612,9157,361.0,1.0,0.334879406
9613,8488,16.0,1.0,0.2
9615,8486,36.0,1.0,0.082191781
9616,9157,27.0,0.5,0.025046382
9617,8492,52.0,1.0,0.161993769
9618,9163,24.0,1.0,0.436363636
9619,8486,32.0,1.0,0.073059361
9620,9165,187.0,1.0,0.328646749
9621,8494,23.0,1.0,0.370967742
9622,9171,18.0,0.947368421,0.545454545
9623,8500,17.0,1.0,0.154545455
9624,9165,26.0,1.0,0.0456942
9625,8502,11.0,1.0,0.55
9626,9175,11.0,0.916666667,0.611111111
9627,8504,17.0,1.0,0.369565217
9628,9177,15.0,1.0,0.357142857
9629,8496,35.0,1.0,0.123239437
9630,9045,38.0,1.0,0.019957983
9631,8498,42.0,1.0,0.254545455
9632,9183,11.0,1.0,0.189655172
9633,8506,42.0,1.0,0.170731707
9634,9189,32.0,0.888888889,0.727272727
9635,8508,17.0,1.0,0.207317073
9636,9191,6.0,1.0,0.666666667
9637,8510,411.0,1.0,0.22252301
9641,8512,38.0,1.0,0.265734266
9642,9197,19.0,1.0,0.228915663
9643,8516,22.0,1.0,0.099547511
9644,9203,10.0,0.476190476,0.909090909
9646,9205,22.0,1.0,0.458333333
9649,8514,17.0,1.0,0.175257732
9650,9209,20.0,1.0,0.277777778
9651,8518,20.0,1.0,0.108695652
9652,9211,7.0,0.875,0.5
9653,8520,10.0,1.0,0.434782609
9654,9213,12.0,0.8,0.8
9655,8524,17.0,1.0,0.063197026
9657,8528,17.0,1.0,0.242857143
9658,9195,78.0,0.987341772,0.197468354
9659,8522,20.0,1.0,0.196078431
9661,8526,28.0,1.0,0.109375
9662,9215,8.0,1.0,0.470588235
9663,8530,11.0,1.0,0.333333333
9664,9099,81.0,1.0,0.039435248
9665,8532,27.0,1.0,0.254716981
9666,9219,46.0,0.978723404,0.330935252
9667,8534,15.0,1.0,0.405405405
9668,9157,9.0,1.0,0.008348794
9669,8510,41.0,1.0,0.022198159
9670,9225,8.0,0.533333333,0.888888889
9671,8538,80.0,1.0,0.25
9672,9223,21.0,1.0,0.368421053
9673,8540,98.0,1.0,0.295180723
9674,9227,10.0,1.0,0.434782609
9675,8536,40.0,1.0,0.261437908
9676,9157,20.0,0.061538462,0.018552876
9676,9233,69.0,0.212307692,0.92
9676,9338,63.0,0.193846154,0.212837838
9677,8546,69.0,1.0,0.196581197
9678,9229,11.0,0.846153846,0.846153846
9679,8542,23.0,1.0,0.117948718
9681,8556,13.0,0.65,0.032098765
9682,9231,7.0,1.0,0.304347826
9683,8524,37.0,1.0,0.137546468
9684,9235,10.0,1.0,0.5
9685,8552,106.0,1.0,0.301994302
9686,9237,51.0,0.927272727,0.6
9687,8548,34.0,1.0,0.244604317
9688,9243,12.0,1.0,0.705882353
9689,8550,58.0,1.0,0.146835443
9690,9241,6.0,1.0,0.5
9691,8568,38.0,1.0,0.095959596
9692,9258,71.0,0.825581395,0.689320388
9693,8556,123.0,1.0,0.303703704
9694,9250,14.0,1.0,0.215384615
9695,8558,27.0,1.0,0.120535714
9696,9252,9.0,1.0,1.0
9697,8560,12.0,1.0,0.363636364
9698,9256,13.0,1.0,0.481481481
9699,8562,23.0,1.0,0.211009174
9700,9254,13.0,1.0,0.25
9701,8568,81.0,1.0,0.204545455
9703,8566,98.0,0.924528302,0.201232033
9704,9268,22.0,1.0,0.305555556
9705,8570,15.0,1.0,0.090909091
9706,9262,9.0,1.0,0.409090909
9707,8572,35.0,1.0,0.168269231
9708,9264,10.0,1.0,0.277777778
9709,8574,23.0,1.0,0.182539683
9710,9260,32.0,1.0,0.351648352
9711,8580,10.0,1.0,0.181818182
9712,9250,13.0,0.866666667,0.2
9713,8582,13.0,1.0,0.178082192
9714,9282,154.0,0.987179487,0.441260745
9715,8578,128.0,1.0,0.213333333
9716,9266,158.0,1.0,0.272884283
9717,8576,14.0,1.0,0.155555556
9718,9272,14.0,1.0,0.7
9720,9274,43.0,0.914893617,0.394495413
9721,8584,17.0,1.0,0.459459459
9722,9270,5.0,1.0,0.625
9723,8664,105.0,1.0,0.036206897
9724,9280,16.0,0.941176471,0.615384615
9725,8586,85.0,1.0,0.195402299
9726,9278,9.0,1.0,0.290322581
9727,8588,32.0,1.0,0.169312169
9728,9290,29.0,0.604166667,0.725
9729,8592,16.0,1.0,0.262295082
9730,9286,7.0,1.0,1.0
9731,8604,158.0,1.0,0.28113879
9732,9302,16.0,0.533333333,1.0
9733,8594,44.0,1.0,0.114583333
9734,9288,8.0,1.0,0.615384615
9735,8590,29.0,1.0,0.054205607
9736,9284,25.0,0.757575758,0.423728814
9737,8568,4.0,0.266666667,0.01010101
9738,9276,7.0,1.0,0.269230769
9739,8596,66.0,1.0,0.192419825
9740,9292,32.0,1.0,0.395061728
9741,8600,14.0,1.0,0.24137931
9742,9298,6.0,0.75,1.0
9743,8606,22.0,1.0,0.115789474
9745,8590,25.0,1.0,0.046728972
9746,9294,8.0,1.0,0.275862069
9747,8608,27.0,1.0,0.16875
9748,9296,5.0,0.416666667,1.0
9749,8610,68.0,1.0,0.147505423
9751,8642,16.0,0.941176471,0.06779661
9752,9308,43.0,1.0,0.325757576
9753,8616,20.0,1.0,0.18018018
9754,9310,9.0,1.0,0.391304348
9755,8614,44.0,1.0,0.165413534
9756,9338,34.0,1.0,0.114864865
9757,8626,187.0,1.0,0.26945245
9758,9318,32.0,0.283185841,1.0
9759,8622,31.0,1.0,0.174157303
9760,9312,10.0,0.5,0.588235294
9761,8620,186.0,1.0,0.185074627
9763,8618,21.0,1.0,0.159090909
9765,8630,13.0,1.0,0.006422925
9766,9314,9.0,1.0,0.428571429
9767,8628,43.0,1.0,0.202830189
9769,8624,28.0,1.0,0.162790698
9770,9316,19.0,1.0,0.404255319
9771,8636,13.0,1.0,0.1625
9772,9328,6.0,1.0,0.545454545
9773,8664,64.0,1.0,0.022068966
9774,9282,33.0,0.120437956,0.094555874
9775,8638,10.0,1.0,0.212765957
9776,9340,16.0,0.941176471,0.666666667
9777,8640,14.0,1.0,0.14
9778,9336,35.0,1.0,0.246478873
9779,8630,746.0,0.997326203,0.368577075
9780,9338,51.0,1.0,0.172297297
9781,8644,136.0,1.0,0.259047619
9783,8642,31.0,1.0,0.131355932
9784,9332,11.0,0.846153846,0.47826087
9785,8646,44.0,1.0,0.240437158
9786,9266,24.0,1.0,0.041450777
9787,8656,71.0,1.0,0.142
9788,9342,10.0,1.0,0.833333333
9789,8648,11.0,1.0,0.189655172
9791,8654,62.0,1.0,0.168478261
9792,9344,21.0,1.0,0.375
9793,8658,117.0,1.0,0.290322581
9794,9356,18.0,1.0,0.225
9795,8652,56.0,1.0,0.1023766
9796,9336,12.0,0.857142857,0.084507042
9797,8664,23.0,1.0,0.007931034
9798,9356,21.0,0.954545455,0.2625
9799,8660,11.0,1.0,0.169230769
9800,9368,147.0,0.948387097,0.283783784
9801,8664,429.0,1.0,0.147931034
9802,9362,29.0,0.828571429,0.467741935
9803,8666,11.0,0.916666667,0.523809524
9804,9364,25.0,1.0,0.171232877
9805,8683,27.0,1.0,0.236842105
9806,9384,70.0,0.897435897,0.496453901
9807,8668,13.0,1.0,0.144444444
9808,9370,38.0,0.974358974,0.37254902
9809,8626,58.0,0.725,0.083573487
9810,9354,27.0,1.0,0.134328358
9811,8670,16.0,1.0,0.25
9812,9372,7.0,1.0,0.538461538
9813,8672,30.0,0.967741935,0.193548387
9814,9376,101.0,1.0,0.260309278
9815,8677,19.0,1.0,0.19
9817,8620,24.0,1.0,0.023880597
9818,9378,25.0,1.0,0.308641975
9819,8687,16.0,1.0,0.457142857
9820,9382,50.0,1.0,0.381679389
9821,8717,10.0,1.0,0.010787487
9822,9362,1.0,0.034482759,0.016129032
9822,9394,23.0,0.793103448,0.676470588
9823,8689,112.0,1.0,0.229979466
9824,9386,8.0,1.0,0.2
9825,8691,9.0,1.0,0.310344828
9826,9390,19.0,0.452380952,0.904761905
9827,8693,20.0,1.0,0.204081633
9828,9388,46.0,0.92,0.613333333
9829,8652,75.0,1.0,0.137111517
9831,8699,81.0,1.0,0.184510251
9833,8701,10.0,1.0,0.204081633
9834,9396,21.0,1.0,0.375
9835,8703,23.0,1.0,0.167883212
9836,9402,51.0,0.980769231,0.331168831
9837,8705,18.0,1.0,0.134328358
9838,9384,1.0,0.076923077,0.007092199
9839,8656,40.0,1.0,0.08
9840,9406,51.0,1.0,0.418032787
9841,8713,6.0,1.0,0.4
9842,9404,5.0,1.0,0.555555556
9843,8717,256.0,1.0,0.276159655
9844,9408,18.0,1.0,0.666666667
9845,8715,102.0,1.0,0.305389222
9846,9412,31.0,0.62,0.775
9847,8721,26.0,1.0,0.159509202
9848,9410,15.0,1.0,0.333333333
9849,8723,14.0,1.0,0.153846154
9850,9414,35.0,1.0,0.304347826
9851,8711,33.0,1.0,0.22
9852,9416,24.0,1.0,0.510638298
9853,8719,130.0,0.992366412,0.240295749
9853,8805,1.0,0.007633588,0.004329004
9854,9418,6.0,1.0,0.666666667
9857,8725,24.0,1.0,0.172661871
9858,9420,7.0,0.583333333,0.4375
9859,8664,92.0,1.0,0.031724138
9860,9464,51.0,0.087179487,1.0
9861,8729,109.0,1.0,0.190226876
9862,9422,11.0,0.916666667,0.733333333
9863,8753,15.0,1.0,0.019762846
9864,9424,36.0,0.9,0.537313433
9865,8735,21.0,1.0,0.355932203
9866,9426,12.0,1.0,0.260869565
9867,8733,28.0,1.0,0.168674699
9868,9428,8.0,1.0,0.258064516
9870,9430,8.0,0.888888889,0.470588235
9871,8753,24.0,1.0,0.031620553
9872,9432,19.0,1.0,0.558823529
9873,8739,58.0,1.0,0.229249012
9874,9434,12.0,1.0,0.6
9875,8741,31.0,1.0,0.208053691
9876,9438,7.0,0.411764706,0.777777778
9877,8745,64.0,1.0,0.185507246
9879,8747,128.0,1.0,0.152927121
9880,9430,2.0,0.00913242,0.117647059
9880,9444,210.0,0.95890411,0.541237113
9881,8753,191.0,1.0,0.251646904
9883,8749,16.0,1.0,0.179775281
9884,9442,9.0,1.0,0.642857143
9885,8715,6.0,0.428571429,0.017964072
9886,9448,10.0,0.303030303,0.833333333
9887,8755,30.0,0.967741935,0.214285714
9888,9446,22.0,0.47826087,0.88
9889,8757,18.0,1.0,0.165137615
9891,8717,20.0,1.0,0.021574973
9892,9460,27.0,0.931034483,0.303370787
9893,8759,38.0,1.0,0.193877551
9894,9454,17.0,1.0,0.369565217
9895,8765,16.0,1.0,0.380952381
9896,9450,37.0,0.973684211,0.578125
9897,8767,16.0,1.0,0.123076923
9898,9458,8.0,1.0,0.571428571
9899,8769,104.0,1.0,0.240184758
9900,9456,18.0,1.0,0.45
9901,8763,14.0,1.0,0.179487179
9902,9452,8.0,1.0,0.4
9903,8717,12.0,1.0,0.012944984
9904,9466,21.0,1.0,0.328125
9905,8773,66.0,1.0,0.189655172
9906,9470,18.0,1.0,0.580645161
9907,8805,66.0,1.0,0.285714286
9908,9480,49.0,0.803278689,0.556818182
9909,8781,91.0,1.0,0.283489097
9910,9496,5.0,0.147058824,0.625
9911,8783,24.0,1.0,0.285714286
9912,9478,7.0,1.0,0.466666667
9913,8785,20.0,1.0,0.173913043
9914,9486,12.0,0.260869565,1.0
9915,8787,107.0,1.0,0.247113164
9916,9482,10.0,1.0,0.714285714
9917,8717,20.0,1.0,0.021574973
9918,9490,37.0,0.973684211,0.415730337
9919,8799,91.0,0.93814433,0.149180328
9920,9484,10.0,1.0,0.526315789
9921,8777,139.0,1.0,0.210925645
9923,8791,30.0,1.0,0.157068063
9925,8793,11.0,1.0,0.152777778
9926,9492,49.0,1.0,0.415254237
9927,8797,26.0,1.0,0.122641509
9928,9494,10.0,1.0,0.333333333
9929,8747,26.0,1.0,0.031063321
9930,9498,48.0,1.0,0.284023669
9931,8795,20.0,1.0,0.224719101
9933,8801,30.0,1.0,0.118577075
9934,9502,115.0,0.8984375,0.5
9935,8807,34.0,1.0,0.209876543
9936,9500,55.0,1.0,0.108695652
9937,8813,25.0,1.0,0.119047619
9939,8809,220.0,1.0,0.284605433
9940,9512,9.0,0.409090909,1.0
9941,8803,32.0,1.0,0.153846154
9942,9508,12.0,1.0,0.181818182
9943,8811,38.0,1.0,0.122580645
9944,9510,11.0,1.0,0.458333333
9945,8815,10.0,1.0,0.227272727
9947,8817,16.0,1.0,0.14159292
9948,9516,11.0,0.47826087,0.916666667
9949,8747,8.0,1.0,0.009557945
9951,8799,38.0,1.0,0.062295082
9952,9520,26.0,1.0,0.366197183
9953,8823,85.0,1.0,0.20383693
9954,9522,20.0,1.0,0.285714286
9955,8825,16.0,1.0,0.177777778
9957,8827,20.0,1.0,0.188679245
9959,8821,96.0,1.0,0.187134503
9960,9524,7.0,1.0,0.777777778
9961,8799,23.0,1.0,0.037704918
9962,9526,11.0,1.0,0.47826087
9963,8829,39.0,1.0,0.194029851
9965,8833,23.0,1.0,0.163120567
9966,9528,8.0,1.0,0.275862069
9967,8853,5.0,0.192307692,0.008417508
9968,9500,141.0,1.0,0.278656126
9969,8797,20.0,0.869565217,0.094339623
9971,8839,91.0,1.0,0.225806452
9972,9532,25.0,0.657894737,0.757575758
9973,8835,14.0,1.0,0.21875
9975,8841,20.0,1.0,0.129032258
9976,9550,7.0,0.636363636,0.259259259
9977,8845,32.0,1.0,0.111498258
9978,9544,148.0,0.986666667,0.366336634
9979,8843,18.0,1.0,0.089552239
9980,9546,7.0,0.466666667,0.875
9981,8853,167.0,1.0,0.281144781
9983,8847,25.0,0.925925926,0.182481752
9984,9560,89.0,0.936842105,0.729508197
9985,8777,2.0,0.2,0.003034901
9986,9540,21.0,1.0,0.137254902
9987,8855,31.0,1.0,0.276785714
9988,9552,3.0,0.375,1.0
9989,8851,15.0,1.0,0.102040816
9990,9600,9.0,0.08411215,0.75
9991,8857,40.0,1.0,0.173160173
9993,8845,15.0,1.0,0.052264808
9994,9554,8.0,1.0,0.5
9995,8861,102.0,1.0,0.208163265
9996,9564,173.0,0.92513369,0.52265861
9996,9620,14.0,0.07486631,0.027777778
9997,8865,16.0,0.941176471,0.8
9999,8845,40.0,1.0,0.139372822
10000,9576,13.0,0.393939394,0.65
10001,8853,20.0,0.229885057,0.033670034
10001,8981,43.0,0.494252874,0.02735369
10003,8869,71.0,1.0,0.144602851
10004,9568,7.0,1.0,0.212121212
10005,8863,18.0,1.0,0.260869565
10006,9570,94.0,1.0,0.189134809
10007,8871,50.0,1.0,0.165562914
10008,9562,381.0,1.0,0.268877911
10009,8873,10.0,1.0,0.188679245
10010,9578,43.0,1.0,0.425742574
10011,8877,29.0,1.0,0.298969072
10012,9590,12.0,0.75,0.8
10013,8879,12.0,1.0,0.134831461
10014,9604,11.0,0.186440678,0.785714286
10015,8881,17.0,1.0,0.253731343
10016,9582,9.0,1.0,0.5625
10017,8883,16.0,1.0,0.173913043
10018,9584,9.0,0.9,0.409090909
10019,8875,24.0,1.0,0.10619469
10020,9586,6.0,0.285714286,1.0
10021,8889,24.0,1.0,0.171428571
10022,9592,17.0,0.472222222,0.944444444
10023,8891,167.0,1.0,0.176346357
10024,9596,15.0,1.0,0.211267606
10025,8893,68.0,1.0,0.257575758
10026,9588,13.0,1.0,0.209677419
10027,8907,89.0,0.780701754,0.277258567
10028,9562,16.0,0.592592593,0.011291461
10029,8895,76.0,1.0,0.207084469
10030,9594,9.0,1.0,0.391304348
10032,9622,25.0,0.337837838,0.555555556
10033,8901,32.0,1.0,0.144144144
10034,9598,37.0,1.0,0.278195489
10035,8897,15.0,1.0,0.283018868
10036,9614,1.0,0.083333333,0.00248139
10037,8909,22.0,1.0,0.038800705
10039,8891,14.0,1.0,0.014783527
10040,9602,7.0,1.0,0.25
10041,8909,71.0,1.0,0.125220459
10043,8981,38.0,1.0,0.024173028
10044,9606,9.0,0.9,0.75
10045,8911,18.0,1.0,0.327272727
10046,9608,75.0,1.0,0.333333333
10047,8931,23.0,1.0,0.10952381
10048,9644,2.0,0.035087719,0.004889976
10049,8903,39.0,1.0,0.141818182
10050,9610,24.0,1.0,0.489795918
10051,8917,58.0,1.0,0.114624506
10053,8927,70.0,0.786516854,0.482758621
10054,9614,14.0,0.378378378,0.034739454
10055,8919,11.0,1.0,0.126436782
10056,9616,29.0,0.617021277,0.935483871
10058,9618,9.0,1.0,0.5625
10060,9570,72.0,0.98630137,0.144869215
10061,8923,36.0,1.0,0.137931034
10064,9630,15.0,1.0,0.441176471
10065,8925,33.0,0.891891892,0.379310345
10066,9634,8.0,0.727272727,0.888888889
10067,8931,49.0,1.0,0.233333333
10068,9628,73.0,0.869047619,0.521428571
10069,8929,31.0,1.0,0.147619048
10070,9632,23.0,1.0,0.46
10071,8941,22.0,1.0,0.141935484
10072,9642,5.0,0.5,0.416666667
10073,8935,235.0,1.0,0.191056911
10074,9620,173.0,1.0,0.343253968
10075,8939,37.0,1.0,0.163716814
10076,9636,9.0,0.9,0.321428571
10077,8945,14.0,0.933333333,0.388888889
10078,9650,21.0,1.0,0.411764706
10079,8981,58.0,1.0,0.036895674
10080,9620,16.0,0.666666667,0.031746032
10081,8947,15.0,1.0,0.234375
10082,9648,9.0,1.0,0.5625
10083,8949,10.0,1.0,0.263157895
10085,8981,14.0,1.0,0.008905852
10086,9652,8.0,0.727272727,0.8
10087,8953,14.0,1.0,0.175
10088,9660,18.0,1.0,0.620689655
10089,8955,15.0,1.0,0.202702703
10091,8959,34.0,1.0,0.213836478
10092,9658,12.0,1.0,0.176470588
10093,8957,64.0,1.0,0.268907563
10094,9662,6.0,0.666666667,0.857142857
10095,8961,26.0,1.0,0.26
10098,9666,14.0,0.777777778,0.583333333
10099,8963,199.0,1.0,0.254150702
10100,9678,27.0,0.818181818,0.6
10101,8967,133.0,1.0,0.247211896
10102,9674,45.0,0.671641791,0.818181818
10103,8965,29.0,1.0,0.170588235
10104,9672,26.0,1.0,0.356164384
10105,8935,60.0,0.714285714,0.048780488
10106,9614,52.0,0.464285714,0.129032258
10106,9644,9.0,0.080357143,0.02200489
10107,8979,21.0,1.0,0.2
10108,9644,30.0,1.0,0.073349633
10109,8971,14.0,1.0,0.172839506
10110,9684,46.0,0.793103448,0.676470588
10111,8977,35.0,1.0,0.166666667
10112,9670,24.0,1.0,0.558139535
10113,8973,516.0,1.0,0.4
10114,9676,21.0,1.0,0.375
10115,8983,29.0,1.0,0.142857143
10116,9682,6.0,0.857142857,0.857142857
10117,8985,13.0,1.0,0.26
10118,9686,9.0,1.0,0.642857143
10119,8987,20.0,1.0,0.277777778
10120,9688,15.0,1.0,0.428571429
10121,8991,33.0,1.0,0.141025641
10123,8989,19.0,1.0,0.007084265
10124,9562,13.0,0.866666667,0.009174312
10125,8981,108.0,1.0,0.06870229
10127,8993,167.0,1.0,0.275123558
10128,9692,10.0,1.0,0.5
10129,9008,29.0,1.0,0.018046049
10130,9690,25.0,1.0,0.462962963
10131,8989,772.0,1.0,0.287844892
10132,9694,59.0,1.0,0.412587413
10133,9000,15.0,1.0,0.3125
10134,9700,14.0,1.0,0.325581395
10135,9002,25.0,1.0,0.260416667
10137,9006,22.0,1.0,0.148648649
10138,9702,15.0,1.0,0.625
10139,9004,13.0,1.0,0.166666667
10140,9696,11.0,1.0,0.261904762
10141,9010,37.0,1.0,0.213872832
10142,9704,7.0,1.0,0.368421053
10143,9008,258.0,1.0,0.160547604
10144,9708,14.0,1.0,0.451612903
10145,9014,9.0,1.0,0.191489362
10146,9706,31.0,0.96875,0.607843137
10147,9020,19.0,1.0,0.112426036
10148,9736,8.0,0.888888889,0.266666667
10149,8989,19.0,1.0,0.007084265
10150,9728,6.0,1.0,0.272727273
10151,9012,13.0,1.0,0.270833333
10153,9024,12.0,0.923076923,0.413793103
10154,9734,9.0,1.0,0.5625
10155,9016,18.0,1.0,0.165137615
10157,9026,46.0,1.0,0.157534247
10159,9030,56.0,1.0,0.152588556
10160,9710,83.0,1.0,0.277591973
10161,9028,28.0,1.0,0.122807018
10162,9740,24.0,1.0,0.338028169
10163,9018,54.0,0.981818182,0.287234043
10164,9754,65.0,0.670103093,0.755813953
10166,9742,10.0,0.909090909,0.625
10167,9034,15.0,1.0,0.25
10168,9746,10.0,1.0,0.588235294
10169,9044,122.0,0.968253968,0.304239401
10170,9748,12.0,0.923076923,0.48
10171,8981,19.0,1.0,0.012086514
10173,9036,22.0,1.0,0.149659864
10175,9038,46.0,1.0,0.264367816
10176,9732,77.0,1.0,0.320833333
10177,9040,61.0,0.983870968,0.196774194
10178,9756,92.0,1.0,0.471794872
10179,9042,13.0,1.0,0.1625
10180,9758,19.0,0.904761905,0.542857143
10181,8989,8.0,0.285714286,0.002982849
10183,9046,68.0,1.0,0.209230769
10184,9782,46.0,0.58974359,0.055893074
10185,9054,16.0,0.888888889,0.421052632
10186,9782,14.0,0.636363636,0.017010936
10187,9048,15.0,1.0,0.110294118
10188,9766,23.0,0.958333333,0.56097561
10189,9070,67.0,0.848101266,0.331683168
10190,9764,37.0,0.902439024,0.330357143
10191,9056,54.0,1.0,0.385714286
10193,9050,44.0,1.0,0.134556575
10194,9770,30.0,1.0,0.326086957
10195,9058,38.0,1.0,0.19
10196,9772,10.0,1.0,0.526315789
10197,9060,14.0,0.933333333,0.424242424
10198,9778,10.0,0.909090909,0.476190476
10199,9062,828.0,0.998793727,0.456198347
10200,9762,12.0,1.0,0.272727273
10201,9064,15.0,1.0,0.089820359
10202,9768,16.0,1.0,0.484848485
10203,9066,47.0,1.0,0.148264984
10204,9776,44.0,1.0,0.349206349
10205,9068,13.0,1.0,0.196969697
10206,9774,16.0,1.0,0.140350877
10207,9072,44.0,1.0,0.171875
10208,9780,37.0,0.925,0.32173913
10209,9076,37.0,1.0,0.327433628
10210,9784,24.0,1.0,0.157894737
10211,9074,39.0,1.0,0.215469613
10212,9782,112.0,0.896,0.136087485
10213,8989,30.0,1.0,0.011185682
10215,9080,33.0,1.0,0.297297297
10217,9084,13.0,1.0,0.166666667
10218,9750,12.0,0.75,0.037617555
10219,9082,17.0,1.0,0.2125
10220,9786,19.0,1.0,0.431818182
10221,8989,38.0,1.0,0.014168531
10222,9788,14.0,1.0,0.636363636
10223,9092,119.0,0.991666667,0.388888889
10224,9794,115.0,1.0,0.366242038
10225,9094,25.0,1.0,0.316455696
10226,9798,4.0,0.363636364,1.0
10227,9096,31.0,1.0,0.194968553
10228,9794,17.0,0.944444444,0.054140127
10229,9100,423.0,1.0,0.282754011
10230,9750,26.0,0.962962963,0.081504702
10231,9098,30.0,1.0,0.333333333
10232,9866,6.0,0.030150754,0.051724138
10233,9102,27.0,1.0,0.232758621
10234,9802,18.0,1.0,0.382978723
10235,9106,59.0,1.0,0.180428135
10236,9804,17.0,1.0,0.68
10237,9108,96.0,1.0,0.302839117
10238,9800,19.0,1.0,0.226190476
10239,9110,44.0,1.0,0.214634146
10240,9750,38.0,1.0,0.119122257
10241,9112,52.0,1.0,0.368794326
10242,9806,13.0,0.8125,0.590909091
10243,9104,34.0,1.0,0.215189873
10244,9784,10.0,0.25,0.065789474
10244,9814,11.0,0.275,0.916666667
10245,9114,8.0,1.0,0.216216216
10247,9116,13.0,1.0,0.270833333
10248,9808,10.0,1.0,0.555555556
10249,9118,16.0,1.0,0.150943396
10250,9834,3.0,0.1875,0.010948905
10251,9120,54.0,1.0,0.335403727
10252,9816,19.0,0.95,0.558823529
10253,9122,87.0,1.0,0.210653753
10254,9818,5.0,1.0,0.625
10255,9124,21.0,1.0,0.117977528
10256,9820,10.0,0.588235294,0.666666667
10257,9128,22.0,1.0,0.11827957
10258,9812,11.0,0.846153846,0.578947368
10259,9126,58.0,0.950819672,0.29
10260,9824,14.0,0.736842105,0.538461538
10261,9130,54.0,1.0,0.134328358
10262,9822,11.0,0.785714286,0.916666667
10264,9782,37.0,1.0,0.044957473
10265,9132,14.0,1.0,0.17721519
10266,9826,32.0,1.0,0.415584416
10267,9136,73.0,1.0,0.088699878
10268,9828,24.0,1.0,0.375
10270,9832,9.0,1.0,0.3
10271,9138,17.0,1.0,0.2125
10273,9140,23.0,1.0,0.575
10276,9836,15.0,0.833333333,0.46875
10277,9144,72.0,1.0,0.266666667
10279,9146,18.0,0.9,0.253521127
10281,9156,152.0,0.955974843,0.343115124
10282,9838,10.0,0.909090909,0.588235294
10283,9154,170.0,1.0,0.307971014
10284,9840,9.0,0.818181818,0.5
10285,9148,17.0,1.0,0.150442478
10286,9782,17.0,0.125,0.020656136
10286,9864,47.0,0.345588235,0.284848485
10288,9842,10.0,1.0,0.666666667
10289,9136,56.0,1.0,0.068043742
10290,9834,87.0,0.988636364,0.317518248
10291,9152,11.0,1.0,0.314285714
10292,9852,63.0,0.797468354,0.6
10293,9158,11.0,0.916666667,0.244444444
10295,9126,31.0,0.96875,0.155
10296,9846,24.0,0.8,0.923076923
10297,9160,32.0,0.888888889,0.385542169
10298,9848,12.0,1.0,0.279069767
10300,9850,1051.0,0.99904943,0.507729469
10302,9856,25.0,1.0,0.480769231
10303,9162,26.0,1.0,0.159509202
10305,9174,119.0,0.991666667,0.34
10306,9866,63.0,0.05625,0.543103448
10306,9896,63.0,0.05625,0.463235294
10306,9920,9.0,0.008035714,1.0
10307,9164,22.0,0.578947368,0.536585366
10308,9860,16.0,0.888888889,0.372093023
10309,9136,22.0,1.0,0.02673147
10310,9862,23.0,1.0,0.511111111
10311,9166,11.0,0.916666667,0.6875
10313,9174,21.0,1.0,0.06
10314,9850,13.0,0.866666667,0.006280193
10315,9178,18.0,0.857142857,0.327272727
10316,9782,48.0,0.328767123,0.058323208
10317,9176,19.0,1.0,0.431818182
10319,9180,22.0,1.0,0.289473684
10320,9858,27.0,1.0,0.236842105
10321,9184,107.0,0.981651376,0.21703854
10322,9872,13.0,1.0,0.722222222
10323,9186,161.0,1.0,0.309021113
10324,9866,2.0,0.08,0.017241379
10325,9182,121.0,1.0,0.148648649
10326,9870,49.0,1.0,0.355072464
10327,9190,9.0,1.0,0.214285714
10328,9880,1.0,0.111111111,0.014285714
10329,9200,21.0,1.0,0.194444444
10330,9874,10.0,1.0,0.5
10331,9198,43.0,1.0,0.160447761
10332,9878,16.0,0.64,0.533333333
10333,9202,35.0,1.0,0.189189189
10334,9876,87.0,0.956043956,0.424390244
10335,9192,138.0,1.0,0.142561983
10337,9196,22.0,1.0,0.106280193
10338,9884,31.0,0.96875,0.5
10339,9261,21.0,1.0,0.023463687
10341,9210,8.0,0.888888889,0.666666667
10343,9212,120.0,1.0,0.234833659
10345,9204,44.0,1.0,0.17254902
10346,9880,14.0,1.0,0.2
10347,9238,7.0,1.0,0.031674208
10348,9886,11.0,0.846153846,0.846153846
10349,9246,44.0,1.0,0.064516129
10350,9888,3.0,0.230769231,1.0
10351,9220,9.0,1.0,0.191489362
10352,9864,9.0,0.36,0.054545455
10353,9208,233.0,1.0,0.153088042
10355,9218,12.0,1.0,0.142857143
10356,9892,15.0,1.0,0.416666667
10357,9222,33.0,0.970588235,0.251908397
10358,9894,25.0,0.961538462,0.396825397
10360,9898,3.0,0.25,1.0
10361,9309,152.0,1.0,0.059795437
10362,9900,50.0,1.0,0.194552529
10363,9261,10.0,1.0,0.011173184
10364,9902,10.0,1.0,0.416666667
10365,9228,9.0,1.0,0.066176471
10366,9904,32.0,1.0,0.524590164
10367,9232,18.0,1.0,0.272727273
10368,9890,41.0,1.0,0.369369369
10370,9910,5.0,0.192307692,1.0
10371,9238,38.0,1.0,0.171945701
10372,9908,33.0,0.804878049,0.47826087
10373,9234,14.0,1.0,0.147368421
10375,9242,21.0,1.0,0.328125
10377,9182,27.0,1.0,0.033169533
10378,9912,56.0,0.651162791,0.636363636
10378,9942,3.0,0.034883721,0.00952381
10379,9244,10.0,1.0,0.217391304
10381,9246,51.0,1.0,0.074780059
10382,9908,3.0,0.05,0.043478261
10383,9248,21.0,1.0,0.205882353
10385,9240,12.0,1.0,0.110091743
10386,9918,39.0,1.0,0.351351351
10387,9238,17.0,0.944444444,0.076923077
10389,9253,17.0,1.0,0.22972973
10390,9916,10.0,1.0,0.5
10391,9261,19.0,1.0,0.02122905
10393,9257,14.0,1.0,0.4
10395,9259,53.0,1.0,0.192727273
10397,9263,163.0,1.0,0.149678604
10399,9265,67.0,1.0,0.165432099
10400,9942,41.0,0.292857143,0.13015873
10401,9267,11.0,1.0,0.139240506
10403,9261,166.0,0.988095238,0.18547486
10404,9922,21.0,1.0,0.313432836
10405,9271,25.0,1.0,0.231481481
10407,9273,14.0,1.0,0.138613861
10408,9942,23.0,0.793103448,0.073015873
10409,9275,17.0,1.0,0.253731343
10412,9928,14.0,0.736842105,0.875
10413,9307,45.0,1.0,0.056603774
10415,9279,43.0,0.977272727,0.281045752
10417,9283,18.0,1.0,0.285714286
10419,9281,24.0,1.0,0.167832168
10420,9926,9.0,1.0,0.272727273
10421,9285,13.0,1.0,0.240740741
10422,9932,18.0,1.0,0.153846154
10423,9287,92.0,1.0,0.308724832
10425,9289,23.0,1.0,0.25
10428,9932,20.0,0.909090909,0.170940171
10429,9291,34.0,1.0,0.414634146
10431,9309,35.0,1.0,0.013768686
10432,9934,36.0,0.837209302,0.72
10433,9297,36.0,0.972972973,0.367346939
10434,9930,5.0,0.454545455,0.625
10435,9295,22.0,1.0,0.22
10436,9938,7.0,1.0,0.583333333
10437,9299,173.0,0.935135135,0.305114638
10438,9942,24.0,0.533333333,0.076190476
10440,9966,59.0,0.383116883,0.491666667
10441,9305,87.0,1.0,0.29
10443,9301,10.0,1.0,0.238095238
10444,9960,1.0,0.001536098,0.014705882
10446,9940,35.0,0.813953488,0.448717949
10447,9307,134.0,1.0,0.168553459
10449,9309,586.0,0.994906621,0.230527144
10451,9315,3.0,0.136363636,0.012345679
10452,9944,11.0,0.846153846,0.647058824
10453,9315,75.0,0.9375,0.308641975
10456,9952,9.0,0.9,0.5625
10457,9325,196.0,0.994923858,0.33220339
10459,9311,11.0,1.0,0.171875
10461,9287,19.0,1.0,0.063758389
10462,9960,38.0,0.826086957,0.558823529
10463,9319,45.0,1.0,0.245901639
10464,9956,22.0,1.0,0.265060241
10465,9321,11.0,1.0,0.314285714
10466,9962,27.0,1.0,0.247706422
10469,9329,95.0,1.0,0.126162019
10470,9968,32.0,0.711111111,0.516129032
10471,9323,47.0,1.0,0.133144476
10472,9970,9.0,0.272727273,1.0
10473,9208,24.0,1.0,0.015768725
10475,9335,31.0,1.0,0.238461538
10476,9964,16.0,0.888888889,0.727272727
10477,9327,25.0,1.0,0.18115942
10479,9331,67.0,0.858974359,0.336683417
10481,9333,118.0,1.0,0.28992629
10482,9966,36.0,0.642857143,0.3
10483,9329,172.0,0.982857143,0.228419655
10484,9980,32.0,0.914285714,0.695652174
10487,9341,13.0,1.0,0.206349206
10489,9351,86.0,0.895833333,0.308243728
10490,9974,20.0,1.0,0.277777778
10491,9208,20.0,1.0,0.013140604
10492,9976,10.0,1.0,0.3125
10494,9978,32.0,0.695652174,0.914285714
10495,9339,23.0,1.0,0.190082645
10499,9349,9.0,1.0,0.169811321
10503,9347,70.0,0.985915493,0.26119403
10504,9968,1.0,0.02173913,0.016129032
10505,9208,39.0,1.0,0.025624179
10507,9355,29.0,1.0,0.125541126
10509,9357,22.0,0.88,0.75862069
10511,9375,18.0,0.72,0.461538462
10512,10007,79.0,0.121165644,0.127214171
10512,10015,3.0,0.004601227,1.0
10513,9361,30.0,1.0,0.197368421
10514,9986,16.0,1.0,0.380952381
10517,9365,35.0,1.0,0.120689655
10519,9367,12.0,1.0,0.084507042
10521,9369,52.0,1.0,0.211382114
10523,9371,17.0,1.0,0.178947368
10524,9988,70.0,0.95890411,0.454545455
10525,9373,24.0,0.888888889,0.727272727
10526,9990,10.0,1.0,0.074626866
10527,9359,21.0,1.0,0.194444444
10531,9365,1.0,0.038461538,0.003448276
10533,9369,14.0,1.0,0.056910569
10534,9992,21.0,1.0,0.381818182
10535,9381,23.0,1.0,0.036918138
10536,9994,11.0,0.578947368,0.611111111
10537,9379,17.0,1.0,0.096045198
10539,9383,20.0,1.0,0.23255814
10540,10017,18.0,0.315789474,0.056962025
10541,9385,33.0,1.0,0.144104803
10542,9990,24.0,1.0,0.179104478
10543,9393,111.0,1.0,0.190721649
10544,9998,20.0,0.952380952,0.408163265
10545,9387,34.0,1.0,0.280991736
10547,9389,24.0,1.0,0.116504854
10548,9996,17.0,0.80952381,0.459459459
10549,9365,26.0,1.0,0.089655172
10551,9391,9.0,1.0,0.230769231
10553,9381,87.0,1.0,0.13964687
10555,9395,11.0,1.0,0.186440678
10557,9399,28.0,1.0,0.11814346
10558,10002,13.0,0.866666667,0.52
10561,9403,13.0,1.0,0.65
10562,10004,8.0,1.0,0.25
10563,9401,74.0,1.0,0.120915033
10564,10009,12.0,0.545454545,0.705882353
10565,9397,42.0,1.0,0.164705882
10567,9405,16.0,1.0,0.128
10569,9385,21.0,1.0,0.091703057
10571,9411,35.0,1.0,0.222929936
10572,10013,2.0,0.090909091,0.011695906
10573,9415,87.0,1.0,0.194196429
10575,9409,10.0,1.0,0.204081633
10576,10007,297.0,0.093809223,0.47826087
10576,10031,64.0,0.020214782,0.888888889
10576,10061,10.0,0.00315856,1.0
10576,10063,6.0,0.001895136,1.0
10576,10077,14.0,0.004421984,0.875
10576,10107,182.0,0.057485786,0.81981982
10577,9413,16.0,1.0,0.231884058
10578,10011,10.0,1.0,0.204081633
10579,9393,50.0,1.0,0.085910653
10580,10013,105.0,0.46875,0.614035088
10580,10047,26.0,0.116071429,0.787878788
10581,9419,7.0,1.0,0.233333333
10583,9421,17.0,1.0,0.435897436
10585,9423,76.0,0.962025316,0.280442804
10586,10017,241.0,0.919847328,0.762658228
10588,10021,9.0,1.0,0.5625
10589,9425,21.0,1.0,0.256097561
10590,10019,10.0,1.0,0.27027027
10591,9401,78.0,1.0,0.12745098
10592,10023,5.0,0.024154589,0.714285714
10593,9427,13.0,1.0,0.464285714
10596,10025,7.0,1.0,0.4375
10597,9429,29.0,1.0,0.161111111
10601,9381,16.0,1.0,0.025682183
10603,9435,34.0,1.0,0.160377358
10604,10029,18.0,0.236842105,0.9
10605,9433,20.0,1.0,0.25974026
10606,10033,15.0,0.789473684,0.833333333
10607,9437,11.0,0.846153846,0.323529412
10608,10039,11.0,1.0,0.180327869
10610,10035,16.0,1.0,0.307692308
10611,9439,47.0,1.0,0.256830601
10613,9443,15.0,1.0,0.428571429
10614,10039,16.0,1.0,0.262295082
10615,9445,42.0,0.933333333,0.203883495
10617,9441,12.0,1.0,0.214285714
10620,10045,8.0,1.0,0.470588235
10621,9451,35.0,1.0,0.217391304
10623,9447,17.0,1.0,0.163461538
10625,9423,38.0,0.633333333,0.140221402
10626,10049,13.0,1.0,0.125
10627,9453,55.0,1.0,0.153203343
10628,10059,16.0,0.4,0.8
10629,9459,606.0,1.0,0.232361963
10630,10007,4.0,0.142857143,0.006441224
10631,9455,19.0,1.0,0.157024793
10633,9449,10.0,1.0,0.37037037
10634,10053,11.0,1.0,0.323529412
10635,9457,30.0,1.0,0.152284264
10636,10055,70.0,0.972222222,0.4
10639,9461,26.0,0.928571429,0.194029851
10642,10065,115.0,0.8984375,0.611702128
10643,9463,15.0,1.0,0.205479452
10644,10067,18.0,0.72,0.295081967
10645,9469,54.0,1.0,0.236842105
10646,10069,11.0,1.0,0.523809524
10647,9467,36.0,1.0,0.129963899
10648,10071,21.0,0.954545455,0.724137931
10649,9479,14.0,1.0,0.078651685
10650,10073,16.0,1.0,0.615384615
10651,9471,88.0,1.0,0.16146789
10653,9473,25.0,1.0,0.071022727
10657,9475,58.0,1.0,0.16066482
10659,9477,27.0,1.0,0.147540984
10660,10083,11.0,0.407407407,0.647058824
10661,9479,49.0,1.0,0.275280899
10662,10081,22.0,1.0,0.431372549
10663,9487,108.0,0.972972973,0.269326683
10664,10079,13.0,0.8125,0.866666667
10667,9483,11.0,1.0,0.25
10669,9485,16.0,1.0,0.152380952
10671,9489,10.0,1.0,0.303030303
10673,9491,32.0,0.96969697,0.492307692
10675,9493,20.0,1.0,0.243902439
10676,10085,12.0,1.0,0.387096774
10678,10087,17.0,1.0,0.548387097
10679,9499,29.0,1.0,0.483333333
10681,9511,23.0,0.958333333,0.032810271
10682,10089,12.0,0.923076923,0.6
10683,9473,72.0,1.0,0.204545455
10685,9501,11.0,1.0,0.107843137
10686,10091,10.0,1.0,0.555555556
10687,9503,19.0,1.0,0.234567901
10689,9507,25.0,0.961538462,0.268817204
10690,10101,2.0,0.055555556,0.008928571
10691,9471,19.0,1.0,0.034862385
10695,9511,196.0,0.984924623,0.279600571
10696,10093,17.0,1.0,0.586206897
10697,9513,30.0,1.0,0.201342282
10698,10111,50.0,0.261780105,0.714285714
10699,9509,14.0,1.0,0.0875
10700,10095,17.0,1.0,0.26984127
10701,9515,18.0,1.0,0.148760331
10703,9471,35.0,0.897435897,0.064220183
10704,10101,118.0,0.781456954,0.526785714
10704,10111,1.0,0.006622517,0.014285714
10705,9521,36.0,1.0,0.160714286
10707,9519,25.0,1.0,0.219298246
10708,10103,19.0,1.0,0.542857143
10711,9523,18.0,1.0,0.116883117
10712,10105,21.0,0.954545455,0.362068966
10714,10109,34.0,1.0,0.326923077
10715,9525,203.0,1.0,0.233870968
10717,9527,12.0,1.0,0.162162162
10719,9533,36.0,1.0,0.2
10721,9531,99.0,1.0,0.177419355
10722,10113,9.0,1.0,0.236842105
10723,9535,19.0,1.0,0.226190476
10725,9537,27.0,1.0,0.183673469
10726,10115,17.0,0.80952381,0.586206897
10727,9531,10.0,1.0,0.017921147
10728,10117,41.0,1.0,0.482352941
10729,9539,18.0,1.0,0.15
10730,10119,5.0,0.051546392,0.066666667
10731,9541,13.0,1.0,0.282608696
10732,10101,1.0,0.037037037,0.004464286
10733,9543,26.0,1.0,0.236363636
10734,10119,36.0,0.923076923,0.48
10735,9531,19.0,1.0,0.034050179
10737,9547,35.0,1.0,0.2
10739,9569,1.0,0.043478261,0.008849558
10741,9549,36.0,1.0,0.163636364
10743,9551,14.0,1.0,0.237288136
10744,10121,6.0,0.666666667,0.666666667
10745,9553,16.0,1.0,0.152380952
10747,9557,15.0,1.0,0.357142857
10749,9559,27.0,1.0,0.321428571
10751,9555,7.0,0.777777778,0.304347826
10753,9525,70.0,0.909090909,0.080645161
10754,10125,29.0,0.935483871,0.547169811
10756,10127,14.0,1.0,0.583333333
10757,9565,22.0,1.0,0.130952381
10758,10131,18.0,0.36,0.75
10758,10144,1.0,0.02,0.022222222
10759,9567,10.0,1.0,0.263157895
10760,10152,17.0,0.146551724,0.068273092
10761,9569,19.0,1.0,0.168141593
10764,10129,17.0,1.0,0.288135593
10765,9573,13.0,1.0,0.481481481
10766,10137,23.0,0.037891269,1.0
10767,9571,12.0,0.923076923,0.196721311
10768,10133,6.0,0.428571429,1.0
10769,9575,33.0,1.0,0.125
10770,10135,10.0,0.555555556,0.625
10771,9579,20.0,1.0,0.25974026
10773,9525,20.0,1.0,0.023041475
10775,9577,11.0,1.0,0.130952381
10777,9581,13.0,1.0,0.152941176
10779,9583,108.0,1.0,0.3375
10781,9585,11.0,1.0,0.268292683
10783,9587,10.0,1.0,0.188679245
10785,9589,58.0,1.0,0.255506608
10786,10144,25.0,0.555555556,0.555555556
10789,9597,20.0,1.0,0.666666667
10790,10139,8.0,1.0,0.444444444
10791,9593,26.0,1.0,0.393939394
10792,10142,11.0,1.0,0.0248307
10793,9595,79.0,1.0,0.24382716
10794,10146,9.0,1.0,0.529411765
10795,9591,18.0,1.0,0.181818182
10796,10142,209.0,0.990521327,0.471783296
10797,9599,24.0,1.0,0.133333333
10799,9607,20.0,0.952380952,0.253164557
10800,10148,24.0,1.0,0.444444444
10801,9603,35.0,1.0,0.100864553
10803,9605,17.0,1.0,0.133858268
10805,9601,68.0,0.985507246,0.278688525
10806,10142,8.0,0.444444444,0.018058691
10807,9615,34.0,1.0,0.425
10809,9613,17.0,1.0,0.274193548
10811,9609,52.0,1.0,0.194029851
10812,10158,16.0,0.484848485,0.842105263
10813,9617,70.0,1.0,0.17721519
10814,10154,44.0,1.0,0.505747126
10815,9611,28.0,1.0,0.217054264
10816,10152,174.0,0.805555556,0.698795181
10817,9619,36.0,1.0,0.285714286
10818,10156,17.0,1.0,0.68
10824,10142,12.0,1.0,0.027088036
10825,9621,22.0,1.0,0.247191011
10826,10150,1.0,0.011627907,0.03125
10827,9623,13.0,1.0,0.164556962
10829,9625,30.0,1.0,0.256410256
10831,9629,505.0,1.0,0.263569937
10832,10168,200.0,1.0,0.435729847
10833,9627,52.0,1.0,0.183098592
10834,10162,34.0,1.0,0.350515464
10835,9631,93.0,1.0,0.191358025
10837,9633,42.0,1.0,0.166007905
10838,10164,13.0,1.0,0.317073171
10839,9635,12.0,1.0,0.206896552
10840,10166,80.0,1.0,0.3187251
10841,9637,18.0,1.0,0.227848101
10842,10170,14.0,1.0,0.424242424
10843,9639,14.0,1.0,0.157303371
10844,10178,7.0,0.189189189,1.0
10847,9631,14.0,1.0,0.028806584
10848,10176,5.0,0.454545455,1.0
10849,9711,54.0,1.0,0.012236574
10850,10174,7.0,1.0,0.538461538
10851,9643,84.0,1.0,0.232044199
10852,10180,5.0,0.111111111,1.0
10853,9647,8.0,1.0,0.4
10855,9645,24.0,1.0,0.170212766
10856,10182,23.0,0.958333333,0.328571429
10857,9649,31.0,1.0,0.295238095
10858,10188,13.0,0.928571429,0.481481481
10859,9651,84.0,1.0,0.153846154
10861,9653,28.0,1.0,0.19047619
10862,10190,47.0,0.979166667,0.61038961
10863,9657,141.0,1.0,0.255434783
10864,10192,31.0,0.508196721,0.632653061
10865,9667,20.0,1.0,0.088495575
10867,9631,8.0,0.470588235,0.016460905
10868,10152,1.0,0.037037037,0.004016064
10868,10194,13.0,0.481481481,0.764705882
10869,9663,9.0,1.0,0.230769231
10870,10182,5.0,0.454545455,0.071428571
10871,9667,39.0,1.0,0.172566372
10873,9643,12.0,0.705882353,0.033149171
10875,9669,34.0,1.0,0.234482759
10877,9671,14.0,1.0,0.127272727
10879,9673,59.0,1.0,0.168091168
10880,10196,48.0,0.676056338,0.676056338
10881,9665,12.0,1.0,0.044609665
10883,9665,24.0,0.96,0.089219331
10885,9681,22.0,1.0,0.275
10887,9679,128.0,0.126482213,0.30548926
10887,9701,877.0,0.866600791,0.362546507
10889,9651,21.0,0.954545455,0.038461538
10891,9711,56.0,1.0,0.01268978
10892,10198,42.0,0.777777778,0.875
10893,9687,16.0,1.0,0.133333333
10895,9651,15.0,0.681818182,0.027472527
10897,9691,15.0,1.0,0.151515152
10899,9665,24.0,1.0,0.089219331
10900,10204,7.0,0.368421053,0.056910569
10901,9685,15.0,1.0,0.141509434
10902,10202,9.0,0.45,1.0
10903,9695,54.0,1.0,0.221311475
10904,10207,69.0,0.6,0.873417722
10905,9629,11.0,1.0,0.005741127
10906,10209,25.0,1.0,0.362318841
10907,9711,13.0,1.0,0.002945842
10908,10204,31.0,0.861111111,0.25203252
10909,9697,63.0,1.0,0.135483871
10911,9699,22.0,1.0,0.170542636
10912,10217,30.0,0.4,0.967741935
10913,9711,26.0,1.0,0.005891684
10915,9703,133.0,1.0,0.251893939
10917,9707,6.0,1.0,0.25
10918,10215,7.0,0.875,0.875
10919,9705,36.0,1.0,0.141732283
10921,9711,67.0,1.0,0.015182416
10922,10219,20.0,1.0,0.12195122
10923,9711,24.0,1.0,0.005438477
10924,10221,8.0,0.888888889,0.8
10925,9729,47.0,0.979166667,0.279761905
10927,9731,197.0,1.0,0.277464789
10929,9741,37.0,1.0,0.068265683
10931,9735,10.0,1.0,0.175438596
10932,10219,18.0,1.0,0.109756098
10933,696,3.0,0.000464828,0.010638298
10933,9711,1871.0,0.289897738,0.42397462
10933,9715,808.0,0.125193678,0.375639238
10933,9716,494.0,0.07654168,0.725403818
10933,9718,1271.0,0.196932135,0.517087063
10933,9719,256.0,0.039665324,0.555314534
10933,9721,367.0,0.05686396,0.629502573
10933,9724,206.0,0.03191819,0.834008097
10933,9725,911.0,0.141152773,0.579148125
10933,9839,250.0,0.038735668,0.433275563
10935,9703,17.0,1.0,0.03219697
10936,10219,19.0,1.0,0.115853659
10937,9711,8.0,0.048484848,0.001812826
10937,9741,157.0,0.951515152,0.289667897
10939,9703,9.0,1.0,0.017045455
10941,9743,223.0,1.0,0.243184297
10942,10223,9.0,0.9,0.75
10945,9749,58.0,1.0,0.21969697
10947,9745,11.0,1.0,0.25
10948,10225,6.0,1.0,0.352941176
10949,9747,46.0,1.0,0.120734908
10951,9751,12.0,0.857142857,0.413793103
10952,10229,13.0,1.0,0.619047619
10953,9753,13.0,1.0,0.147727273
10954,10233,68.0,0.944444444,0.666666667
10955,9755,25.0,1.0,0.144508671
10956,10235,4.0,0.8,0.8
10957,9757,31.0,1.0,0.356321839
10959,9759,10.0,1.0,0.088495575
10960,10231,21.0,0.913043478,0.677419355
10961,9711,25.0,1.0,0.00566508
10963,9747,26.0,1.0,0.06824147
10965,9765,14.0,1.0,0.106060606
10967,9741,44.0,1.0,0.081180812
10968,10239,6.0,0.857142857,0.857142857
10969,9767,28.0,1.0,0.307692308
10970,10237,97.0,0.97979798,0.4092827
10971,9731,32.0,1.0,0.045070423
10972,10243,24.0,1.0,0.031788079
10973,9769,156.0,1.0,0.162839248
10974,10241,30.0,0.882352941,0.461538462
10975,9715,2.0,0.105263158,0.0009298
10975,9747,3.0,0.157894737,0.007874016
10977,9701,21.0,1.0,0.008681273
10979,9771,69.0,1.0,0.238754325
10981,9773,17.0,1.0,0.139344262
10983,9793,18.0,1.0,0.029605263
10984,10245,32.0,1.0,0.32
10985,9775,37.0,1.0,0.151020408
10986,10251,9.0,1.0,0.529411765
10987,9769,13.0,1.0,0.013569937
10988,10249,5.0,1.0,0.138888889
10990,10255,16.0,0.666666667,0.842105263
10991,9769,58.0,1.0,0.060542797
10992,10257,21.0,0.777777778,0.223404255
10993,9781,34.0,1.0,0.336633663
10995,9797,78.0,0.876404494,0.43575419
10997,9785,13.0,1.0,0.265306122
10998,10243,255.0,0.855704698,0.337748344
10998,10289,4.0,0.013422819,1.0
10998,10293,7.0,0.023489933,0.875
10999,9791,12.0,1.0,0.315789474
11000,10265,16.0,0.140350877,0.888888889
11002,10259,11.0,0.785714286,0.846153846
11003,9793,150.0,1.0,0.246710526
11005,9787,38.0,1.0,0.092682927
11007,9801,34.0,0.944444444,0.136
11008,10261,49.0,1.0,0.462264151
11009,9789,19.0,1.0,0.108571429
11010,10263,7.0,1.0,1.0
11011,9795,98.0,1.0,0.244389027
11012,10269,48.0,0.888888889,0.786885246
11013,9787,13.0,1.0,0.031707317
11014,10267,26.0,0.684210526,0.928571429
11015,9805,90.0,1.0,0.254957507
11016,10277,19.0,0.18627451,0.730769231
11017,9807,25.0,1.0,0.23364486
11018,10275,54.0,0.964285714,0.339622642
11019,9815,114.0,1.0,0.273381295
11020,10273,9.0,0.9,0.333333333
11021,9811,35.0,1.0,0.124113475
11022,10279,16.0,0.842105263,0.842105263
11023,9817,8.0,1.0,0.125
11024,10281,14.0,1.0,0.285714286
11025,9805,22.0,0.916666667,0.062322946
11027,9827,23.0,0.92,0.161971831
11029,9823,20.0,1.0,0.263157895
11031,9825,14.0,1.0,0.197183099
11032,10285,161.0,1.0,0.60754717
11033,9821,44.0,1.0,0.26035503
11034,10287,14.0,0.777777778,0.823529412
11035,9829,49.0,1.0,0.168965517
11037,9831,118.0,1.0,0.136101499
11039,9833,39.0,1.0,0.215469613
11040,10297,23.0,0.851851852,0.46
11041,9835,13.0,1.0,0.185714286
11043,9837,56.0,1.0,0.227642276
11044,10303,56.0,0.918032787,0.746666667
11045,9841,9.0,0.9,0.173076923
11047,9715,21.0,1.0,0.009762901
11048,10305,15.0,0.428571429,0.882352941
11049,9847,7.0,0.875,0.875
11050,10307,9.0,1.0,0.409090909
11051,9843,18.0,1.0,0.099447514
11053,9849,17.0,1.0,0.320754717
11055,9715,66.0,1.0,0.030683403
11056,10330,18.0,0.12244898,1.0
11057,9845,67.0,1.0,0.139293139
11059,9853,15.0,1.0,0.182926829
11061,9855,55.0,1.0,0.201465201
11063,9718,35.0,1.0,0.014239219
11065,9863,12.0,1.0,0.324324324
11066,10313,12.0,1.0,0.014669927
11067,9861,63.0,1.0,0.291666667
11069,9865,46.0,1.0,0.083333333
11070,10315,7.0,0.4375,0.875
11073,9865,23.0,1.0,0.041666667
11074,10325,8.0,0.615384615,0.615384615
11075,9867,49.0,1.0,0.158576052
11076,10319,14.0,0.933333333,0.666666667
11077,9875,21.0,0.913043478,0.162790698
11078,10332,36.0,0.87804878,0.837209302
11079,105,14.0,0.051094891,1.0
11079,9871,249.0,0.908759124,0.305521472
11080,10313,249.0,1.0,0.304400978
11081,9831,65.0,1.0,0.074971165
11082,10327,19.0,1.0,0.5
11083,9877,23.0,1.0,0.294871795
11085,9879,42.0,1.0,0.172839506
11087,9881,11.0,1.0,0.224489796
11089,9867,19.0,0.904761905,0.061488673
11090,10313,27.0,1.0,0.033007335
11091,9883,53.0,1.0,0.127403846
11093,9889,5.0,0.208333333,0.008547009
11095,9885,16.0,1.0,0.333333333
11096,10336,23.0,1.0,0.396551724
11097,9887,12.0,1.0,0.181818182
11099,9891,42.0,1.0,0.14
11101,9889,71.0,1.0,0.121367521
11103,9718,15.0,0.576923077,0.006102522
11103,9721,11.0,0.423076923,0.018867925
11105,9893,80.0,1.0,0.172413793
11106,10340,21.0,0.954545455,0.411764706
11107,9897,17.0,1.0,0.177083333
11108,10344,14.0,0.368421053,1.0
11109,9895,14.0,1.0,0.233333333
11110,10342,124.0,1.0,0.371257485
11112,10346,22.0,0.956521739,0.6875
11113,9917,613.0,1.0,0.407038513
11114,10348,13.0,0.866666667,0.8125
11115,280,10.0,0.4,0.4
11115,9871,15.0,0.6,0.018404908
11118,10350,66.0,1.0,0.288209607
11119,9891,23.0,1.0,0.076666667
11120,10352,12.0,1.0,0.461538462
11121,9917,49.0,0.890909091,0.032536521
11122,10354,155.0,1.0,0.514950166
11123,9905,18.0,1.0,0.202247191
11125,9907,79.0,1.0,0.265100671
11126,10313,2.0,0.111111111,0.002444988
11128,10313,33.0,0.942857143,0.040342298
11129,9889,36.0,1.0,0.061538462
11130,10350,19.0,1.0,0.082969432
11131,9911,16.0,1.0,0.172043011
11133,9913,9.0,0.9,0.5
11135,9923,60.0,1.0,0.303030303
11137,9919,46.0,1.0,0.438095238
11138,10362,11.0,1.0,0.392857143
11139,9921,10.0,1.0,0.303030303
11140,10360,32.0,1.0,0.336842105
11141,9925,22.0,1.0,0.224489796
11143,9927,12.0,1.0,0.2
11145,9947,30.0,1.0,0.030800821
11147,9931,13.0,1.0,0.142857143
11148,10366,24.0,0.923076923,0.421052632
11149,9935,12.0,0.923076923,0.461538462
11150,10364,43.0,0.661538462,0.518072289
11151,9933,60.0,1.0,0.15
11153,9939,101.0,1.0,0.137414966
11155,73,114.0,1.0,0.166666667
11157,9939,146.0,0.986486486,0.198639456
11159,9941,62.0,1.0,0.31
11161,9945,24.0,1.0,0.347826087
11162,10368,6.0,0.857142857,0.666666667
11163,9949,33.0,1.0,0.164179104
11164,10375,55.0,1.0,0.289473684
11165,9947,54.0,1.0,0.055441478
11167,252,11.0,1.0,0.366666667
11169,9943,2.0,0.024390244,0.021505376
11169,9953,80.0,0.975609756,0.166666667
11171,9951,13.0,1.0,0.209677419
11172,10373,48.0,1.0,0.403361345
11173,9947,152.0,1.0,0.156057495
11175,9955,16.0,1.0,0.31372549
11176,10375,53.0,0.981481481,0.278947368
11179,9959,27.0,1.0,0.127358491
11180,10377,28.0,1.0,0.269230769
11181,696,23.0,1.0,0.081560284
11182,10379,14.0,0.933333333,0.736842105
11183,9957,15.0,1.0,0.263157895
11184,10389,106.0,0.395522388,0.692810458
11184,10419,60.0,0.223880597,0.327868852
11185,73,220.0,1.0,0.321637427
11186,10389,7.0,0.233333333,0.045751634
11187,9725,18.0,1.0,0.011443102
11188,10381,24.0,1.0,0.533333333
11189,9953,45.0,1.0,0.09375
11190,10383,15.0,0.625,0.625
11191,9963,41.0,1.0,0.008109177
11192,10397,5.0,0.135135135,0.084745763
11193,9965,15.0,0.9375,0.384615385
11195,9939,3.0,0.008450704,0.004081633
11195,9969,352.0,0.991549296,0.490934449
11196,10385,12.0,1.0,0.8
11197,696,28.0,1.0,0.09929078
11198,10391,11.0,1.0,0.733333333
11199,9963,1802.0,1.0,0.356408228
11201,9963,16.0,1.0,0.003164557
11202,10393,27.0,1.0,0.350649351
11203,9725,29.0,0.90625,0.018436109
11204,10397,27.0,0.72972973,0.457627119
11207,9975,139.0,1.0,0.262759924
11209,696,44.0,1.0,0.156028369
11210,10411,1.0,0.111111111,0.003344482
11211,9981,97.0,1.0,0.216517857
11212,10399,13.0,1.0,0.203125
11213,9977,8.0,1.0,0.25
11215,9725,8.0,1.0,0.005085823
11218,10401,11.0,1.0,0.34375
11220,10411,1.0,0.025641026,0.003344482
11221,9983,19.0,1.0,0.204301075
11223,9969,29.0,0.966666667,0.040446304
11224,10407,11.0,1.0,0.423076923
11225,9987,654.0,0.993920973,0.440997977
11227,9991,62.0,1.0,0.196202532
11229,9989,47.0,1.0,0.127027027
11231,9963,59.0,1.0,0.011669304
11233,9993,52.0,1.0,0.227074236
11235,9997,18.0,1.0,0.24
11237,9999,28.0,1.0,0.166666667
11239,10001,11.0,1.0,0.239130435
11240,10409,15.0,1.0,0.348837209
11241,9963,31.0,1.0,0.006131329
11242,10411,40.0,1.0,0.133779264
11243,10010,18.0,1.0,0.315789474
11245,10008,41.0,1.0,0.155893536
11247,10012,40.0,1.0,0.261437908
11248,10413,25.0,1.0,0.396825397
11250,10421,10.0,1.0,0.333333333
11251,9963,1.0,0.005347594,0.000197785
11251,10020,186.0,0.994652406,0.36328125
11253,10014,15.0,1.0,0.141509434
11255,10018,13.0,1.0,0.240740741
11256,10422,24.0,1.0,0.558139535
11257,9963,34.0,1.0,0.006724684
11259,10024,81.0,1.0,0.174193548
11261,10022,12.0,0.705882353,0.266666667
11262,10423,52.0,1.0,0.433333333
11263,9963,69.0,0.971830986,0.013647152
11263,10020,2.0,0.028169014,0.00390625
11264,10424,21.0,1.0,0.368421053
11265,10034,15.0,1.0,0.125
11266,10419,36.0,0.679245283,0.196721311
11267,10036,12.0,1.0,0.137931034
11268,10426,17.0,0.80952381,0.586206897
11269,10030,12.0,1.0,0.127659574
11271,10038,9.0,1.0,0.214285714
11272,10425,18.0,1.0,0.367346939
11273,10044,83.0,1.0,0.295373665
11275,10050,34.0,0.894736842,0.163461538
11276,10428,7.0,1.0,0.5
11277,9963,71.0,1.0,0.014042722
11278,10429,11.0,1.0,0.392857143
11279,10052,185.0,1.0,0.384615385
11280,10432,120.0,0.975609756,0.281030445
11281,10042,39.0,1.0,0.179723502
11282,10432,12.0,1.0,0.028103044
11283,10046,12.0,1.0,0.461538462
11284,10430,37.0,1.0,0.32173913
11285,10048,35.0,1.0,0.393258427
11287,10024,30.0,1.0,0.064516129
11288,10434,11.0,1.0,1.0
11289,9963,5.0,0.227272727,0.000988924
11290,10436,22.0,1.0,0.25
11291,9963,14.0,1.0,0.002768987
11293,10056,14.0,1.0,0.179487179
11294,10432,49.0,1.0,0.114754098
11295,10058,104.0,1.0,0.327044025
11297,10060,25.0,1.0,0.176056338
11298,10437,16.0,0.941176471,0.484848485
11299,10062,23.0,1.0,0.209090909
11301,10064,16.0,1.0,0.153846154
11302,10441,581.0,0.653543307,0.645555556
11302,10452,4.0,0.004499438,0.00087222
11303,10066,38.0,1.0,0.213483146
11304,10439,18.0,1.0,0.43902439
11305,9963,13.0,0.30952381,0.002571203
11306,10440,24.0,0.533333333,0.111627907
11307,10068,47.0,1.0,0.185770751
11309,10072,8.0,1.0,0.296296296
11310,10440,55.0,0.887096774,0.255813953
11311,10078,1517.0,1.0,0.327362969
11313,10076,11.0,1.0,0.1375
11314,10441,23.0,1.0,0.025555556
11315,10074,10.0,1.0,0.175438596
11316,10445,26.0,1.0,0.366197183
11317,10080,116.0,1.0,0.194304858
11319,9963,9.0,1.0,0.001780063
11321,10082,41.0,1.0,0.222826087
11323,10078,26.0,1.0,0.005610703
11324,10444,12.0,0.75,0.285714286
11325,10078,4.0,0.333333333,0.000863185
11327,10084,30.0,1.0,0.157068063
11329,10086,34.0,1.0,0.206060606
11330,10443,21.0,1.0,0.201923077
11331,10088,8.0,1.0,0.380952381
11333,10090,95.0,1.0,0.24173028
11334,10452,3.0,0.04109589,0.000654165
11335,10118,151.0,0.94375,0.099669967
11339,10078,1.0,0.052631579,0.000215796
11340,10447,12.0,0.75,0.631578947
11341,10094,45.0,1.0,0.177865613
11343,10092,46.0,0.978723404,0.25
11345,9963,2.0,0.000639386,0.00039557
11345,10097,3123.0,0.998401535,0.531303164
11346,10452,85.0,1.0,0.018534671
11347,10104,21.0,1.0,0.338709677
11348,10450,9.0,1.0,0.45
11349,10110,99.0,0.99,0.45412844
11351,10106,18.0,1.0,0.195652174
11352,10441,1.0,0.000402901,0.001111111
11352,10452,2304.0,0.928283642,0.502398604
11352,10453,171.0,0.068896052,0.262672811
11353,10108,51.0,1.0,0.17114094
11354,10454,20.0,0.952380952,0.5
11355,10097,28.0,1.0,0.004763525
11356,10456,13.0,1.0,0.224137931
11357,10078,20.0,1.0,0.004315926
11358,10452,6.0,0.260869565,0.00130833
11359,10116,10.0,1.0,0.113636364
11361,10118,79.0,1.0,0.052145215
11362,10458,29.0,0.90625,0.453125
11363,10120,17.0,1.0,0.111111111
11364,10451,55.0,1.0,0.331325301
11365,10118,142.0,1.0,0.093729373
11366,10441,43.0,0.361344538,0.047777778
11367,10078,21.0,1.0,0.004531722
11368,10457,14.0,0.933333333,0.56
11369,10126,30.0,1.0,0.181818182
11370,10454,2.0,0.058823529,0.05
11370,10461,1.0,0.029411765,0.011904762
11371,10128,24.0,1.0,0.175182482
11372,10459,17.0,1.0,0.472222222
11373,10122,36.0,1.0,0.182741117
11374,10461,50.0,0.704225352,0.595238095
11375,10097,24.0,1.0,0.004083021
11377,10132,58.0,1.0,0.154666667
11378,10462,18.0,1.0,0.243243243
11379,10136,158.0,1.0,0.317907445
11380,10463,8.0,0.8,0.888888889
11381,10134,29.0,1.0,0.173652695
11382,10465,13.0,0.928571429,0.619047619
11383,10078,27.0,1.0,0.0058265
11384,10452,20.0,0.869565217,0.004361099
11385,10130,36.0,1.0,0.208092486
11386,10467,9.0,1.0,0.428571429
11387,10118,81.0,0.964285714,0.053465347
11388,10468,56.0,0.965517241,0.554455446
11389,10138,22.0,1.0,0.25
11390,10469,18.0,0.782608696,0.225
11391,10153,16.0,1.0,0.00270179
11392,10469,24.0,1.0,0.3
11394,10452,18.0,1.0,0.003924989
11395,10143,55.0,0.916666667,0.316091954
11396,10452,11.0,0.192982456,0.002398604
11396,10453,45.0,0.789473684,0.069124424
11397,10147,58.0,1.0,0.162921348
11398,10452,17.0,0.53125,0.003706934
11399,10145,46.0,1.0,0.14556962
11401,10149,19.0,1.0,0.206521739
11402,10472,77.0,0.9625,0.386934673
11403,10153,103.0,1.0,0.017392773
11404,10474,18.0,1.0,0.28125
11405,10118,15.0,0.882352941,0.00990099
11406,10453,20.0,1.0,0.030721966
11407,10153,1961.0,1.0,0.331138129
11408,10475,29.0,1.0,0.103942652
11409,10155,112.0,1.0,0.209345794
11410,10476,32.0,1.0,0.301886792
11411,10157,20.0,1.0,0.37037037
11413,10159,24.0,1.0,0.196721311
11414,10478,56.0,0.777777778,0.370860927
11415,10161,12.0,1.0,0.193548387
11416,10452,145.0,0.878787879,0.031617968
11417,10165,54.0,1.0,0.233766234
11419,10078,22.0,1.0,0.004747518
11420,10453,24.0,0.195121951,0.036866359
11420,10475,98.0,0.796747967,0.35125448
11421,10167,10.0,1.0,0.196078431
11422,10452,5.0,0.208333333,0.001090275
11423,10169,12.0,1.0,0.148148148
11424,10453,21.0,1.0,0.032258065
11425,10181,42.0,1.0,0.043478261
11426,10479,4.0,0.102564103,0.266666667
11427,10165,2.0,0.181818182,0.008658009
11428,10479,7.0,0.5,0.466666667
11429,10097,15.0,1.0,0.002551888
11430,10488,22.0,0.181818182,0.189655172
11431,10078,33.0,1.0,0.007121278
11433,10145,1.0,0.125,0.003164557
11433,10181,1.0,0.125,0.001035197
11435,10175,26.0,1.0,0.158536585
11436,10481,15.0,1.0,0.267857143
11437,10177,37.0,1.0,0.092964824
11439,10181,116.0,1.0,0.120082816
11441,10179,19.0,1.0,0.155737705
11442,10452,63.0,0.252,0.013737462
11443,10097,18.0,1.0,0.003062266
11444,10484,125.0,0.862068966,0.335120643
11445,10097,16.0,1.0,0.002722014
11447,10181,15.0,1.0,0.01552795
11448,10488,55.0,0.901639344,0.474137931
11449,10177,28.0,1.0,0.070351759
11450,10489,37.0,1.0,0.258741259
11451,10185,17.0,1.0,0.274193548
11453,10187,30.0,1.0,0.375
11454,10484,16.0,0.457142857,0.042895442
11455,10193,13.0,1.0,0.171052632
11457,10181,17.0,1.0,0.017598344
11458,10491,14.0,0.933333333,0.311111111
11459,10195,10.0,1.0,0.256410256
11461,10214,23.0,1.0,0.028186275
11463,10097,17.0,1.0,0.00289214
11465,10177,14.0,1.0,0.035175879
11467,10205,40.0,1.0,0.133779264
11469,10181,55.0,1.0,0.056935818
11471,10220,41.0,1.0,0.019025522
11473,10097,73.0,0.960526316,0.01241919
11475,10153,52.0,1.0,0.008780817
11477,10214,18.0,1.0,0.022058824
11479,10212,21.0,1.0,0.190909091
11481,10205,34.0,1.0,0.113712375
11483,10097,38.0,0.95,0.006464784
11484,10492,17.0,1.0,0.708333333
11485,10220,92.0,1.0,0.042691415
11487,10214,74.0,1.0,0.090686275
11488,10493,21.0,1.0,0.411764706
11489,10220,339.0,1.0,0.157308585
11491,10218,10.0,1.0,0.163934426
11494,10496,28.0,1.0,0.053742802
11495,10214,16.0,1.0,0.019607843
11497,10153,9.0,1.0,0.001519757
11499,10214,34.0,1.0,0.041666667
11500,10496,194.0,1.0,0.372360845
11501,10214,38.0,1.0,0.046568627
11503,10232,15.0,1.0,0.214285714
11504,10498,21.0,1.0,0.050239234
11505,10234,20.0,1.0,0.285714286
11506,10498,39.0,1.0,0.093301435
11507,10153,133.0,1.0,0.022458629
11508,10499,50.0,1.0,0.46728972
11509,10238,10.0,1.0,0.357142857
11511,10240,39.0,1.0,0.211956522
11513,10242,23.0,1.0,0.171641791
11514,10500,190.0,0.892018779,0.325342466
11515,10153,33.0,1.0,0.005572442
11516,10501,12.0,1.0,0.3
11517,10220,150.0,1.0,0.069605568
11518,4316,3.0,0.028037383,0.000667705
11518,10502,103.0,0.962616822,0.362676056
11519,10153,33.0,1.0,0.005572442
11520,10505,55.0,1.0,0.225409836
11521,10250,17.0,1.0,0.25
11522,10509,12.0,1.0,0.571428571
11523,10097,13.0,1.0,0.002211637
11524,10500,36.0,1.0,0.061643836
11525,10220,12.0,1.0,0.005568445
11527,10220,51.0,1.0,0.023665893
11528,10500,4.0,0.108108108,0.006849315
11529,10256,12.0,1.0,0.171428571
11530,10511,37.0,1.0,0.300813008
11531,10254,49.0,1.0,0.157051282
11533,10258,13.0,1.0,0.213114754
11534,10513,19.0,1.0,0.292307692
11535,10254,32.0,1.0,0.102564103
11537,10262,140.0,0.335731415,0.318181818
11537,10286,267.0,0.64028777,0.156874266
11538,10515,23.0,0.71875,0.433962264
11540,10514,23.0,0.92,0.252747253
11541,10153,29.0,1.0,0.004896994
11543,10266,8.0,1.0,0.070175439
11544,10516,16.0,1.0,0.285714286
11545,10266,15.0,1.0,0.131578947
11547,10268,20.0,1.0,0.18018018
11549,10282,20.0,1.0,0.012099214
11550,10517,30.0,1.0,0.227272727
11551,10270,29.0,1.0,0.140776699
11552,10518,11.0,1.0,0.305555556
11553,10280,9.0,0.346153846,0.058823529
11555,10276,9.0,1.0,0.243243243
11556,10520,66.0,1.0,0.304147465
11557,10220,9.0,1.0,0.004176334
11558,10519,15.0,1.0,0.535714286
11559,10280,29.0,1.0,0.189542484
11561,10278,23.0,1.0,0.221153846
11563,10282,522.0,0.998087954,0.315789474
11565,10284,12.0,1.0,0.171428571
11566,10521,23.0,1.0,0.425925926
11567,10288,29.0,1.0,0.232
11569,10282,19.0,1.0,0.011494253
11570,10522,15.0,1.0,0.405405405
11571,10286,55.0,1.0,0.032314924
11572,10523,5.0,1.0,0.416666667
11573,10296,34.0,1.0,0.211180124
11575,10286,25.0,1.0,0.014688602
11576,10524,14.0,1.0,0.388888889
11577,10294,39.0,1.0,0.181395349
11578,10525,88.0,1.0,0.433497537
11579,10298,10.0,1.0,0.058139535
11580,10527,27.0,0.931034483,0.490909091
11581,10331,17.0,1.0,0.005335844
11582,10526,52.0,1.0,0.258706468
11583,10282,14.0,1.0,0.008469449
11585,10286,77.0,1.0,0.045240893
11587,10302,8.0,1.0,0.242424242
11589,10304,27.0,1.0,0.409090909
11591,10286,23.0,1.0,0.013513514
11592,10528,36.0,1.0,0.292682927
11593,10286,184.0,0.994594595,0.108108108
11595,10298,13.0,1.0,0.075581395
11596,10529,8.0,1.0,0.4
11597,10331,56.0,1.0,0.017576899
11599,10310,91.0,1.0,0.26
11600,10530,16.0,1.0,0.266666667
11601,10331,28.0,1.0,0.008788449
11603,10286,44.0,1.0,0.025851939
11604,10531,8.0,1.0,0.235294118
11605,10328,26.0,1.0,0.017150396
11606,10532,11.0,1.0,0.34375
11608,10533,189.0,0.935643564,0.310344828
11609,10320,19.0,0.95,0.191919192
11610,10534,25.0,1.0,0.423728814
11612,10536,27.0,1.0,0.170886076
11613,10331,46.0,1.0,0.014438167
11614,10533,21.0,0.677419355,0.034482759
11615,10282,101.0,0.971153846,0.061101028
11616,10538,20.0,1.0,0.25
11617,10324,39.0,1.0,0.210810811
11618,10533,6.0,0.461538462,0.009852217
11619,10331,12.0,1.0,0.003766478
11621,10328,256.0,1.0,0.168865435
11622,10540,9.0,1.0,0.5
11623,10331,799.0,1.0,0.250784683
11624,10541,15.0,1.0,0.306122449
11625,10333,40.0,1.0,0.17167382
11627,10337,23.0,1.0,0.175572519
11628,10542,57.0,0.919354839,0.564356436
11629,10335,58.0,1.0,0.151436031
11630,10339,514.0,1.0,0.363250883
11631,10341,14.0,1.0,0.142857143
11632,10343,12.0,1.0,0.218181818
11633,10347,14.0,1.0,0.269230769
11634,10331,13.0,1.0,0.004080352
11635,10349,31.0,1.0,0.105802048
11636,10353,432.0,0.953642384,0.414587332
11637,10331,71.0,0.986111111,0.022284997
11637,10353,1.0,0.013888889,0.000959693
11638,10357,17.0,1.0,0.147826087
11639,10339,21.0,1.0,0.014840989
11640,10328,16.0,1.0,0.01055409
11641,10365,23.0,1.0,0.201754386
11642,10331,102.0,1.0,0.032015066
11643,10349,14.0,1.0,0.04778157
11644,10371,32.0,1.0,0.064386318
11645,10328,42.0,1.0,0.027704485
11646,10331,58.0,0.892307692,0.018204645
11647,10331,27.0,1.0,0.008474576
11648,10392,77.0,1.0,0.048672566
11649,10339,12.0,1.0,0.008480565
11650,10363,13.0,1.0,0.144444444
11651,10371,73.0,1.0,0.146881288
11652,10331,48.0,1.0,0.015065913
11653,10374,233.0,1.0,0.385761589
11654,10339,14.0,1.0,0.009893993
11655,10328,56.0,1.0,0.036939314
11656,10349,47.0,0.959183673,0.160409556
11657,10328,19.0,1.0,0.012532982
11658,10331,25.0,1.0,0.00784683
11659,10380,29.0,1.0,0.18125
11660,10382,63.0,1.0,0.243243243
11661,10331,39.0,1.0,0.012241055
11662,10392,16.0,1.0,0.01011378
11663,10388,12.0,1.0,0.19047619
11664,10371,19.0,1.0,0.038229376
11665,10392,331.0,0.996987952,0.209228824
11666,10331,29.0,1.0,0.009102323
11667,10328,62.0,1.0,0.040897098
11668,10371,10.0,1.0,0.020120724
11669,10374,30.0,0.9375,0.049668874
11670,10392,22.0,1.0,0.013906448
11671,10353,7.0,0.225806452,0.00671785
11672,10382,4.0,0.111111111,0.015444015
11673,10392,28.0,1.0,0.017699115
11674,10371,13.0,1.0,0.026156942
11675,10398,50.0,1.0,0.224215247
11676,10392,74.0,1.0,0.046776233
11677,10402,27.0,1.0,0.284210526
11678,10412,19.0,1.0,0.071161049
11679,10398,16.0,0.842105263,0.071748879
11680,10412,40.0,0.975609756,0.149812734
11681,10392,18.0,1.0,0.011378003
11682,10412,53.0,0.981481481,0.198501873
11683,10414,11.0,1.0,0.458333333
11684,10416,24.0,1.0,0.25
11685,10418,30.0,0.9375,0.75
11686,10420,15.0,1.0,0.069444444
