wup_2025_id,intersecting_ucdb_centres,ucdb_covered_area_share,intersecting_efuas,covered_area_share,status
1,1,0.98136646,1,0.99378882,single_overlap
2,1,1.0,0,0.0,no_overlap
3,1,1.0,1,1.0,single_overlap
4,1,0.964285714,1,0.973214286,single_overlap
5,1,1.0,1,1.0,single_overlap
6,1,1.0,1,1.0,single_overlap
7,1,1.0,1,1.0,single_overlap
8,1,1.0,1,1.0,single_overlap
9,1,0.958333333,1,0.75,single_overlap
10,1,1.0,0,0.0,no_overlap
11,1,1.0,1,1.0,single_overlap
12,1,1.0,1,1.0,single_overlap
13,1,0.967213115,1,1.0,single_overlap
14,1,1.0,1,1.0,single_overlap
15,1,0.884615385,1,0.269230769,single_overlap
16,1,1.0,1,0.976190476,single_overlap
17,1,0.982142857,1,0.964285714,single_overlap
18,1,0.866666667,1,1.0,single_overlap
19,1,1.0,1,1.0,single_overlap
20,1,1.0,1,0.75,single_overlap
21,1,0.947368421,1,0.947368421,single_overlap
22,1,1.0,1,0.857142857,single_overlap
23,1,1.0,1,1.0,single_overlap
24,1,0.923076923,0,0.0,no_overlap
25,1,0.946902655,1,1.0,single_overlap
26,1,1.0,1,1.0,single_overlap
27,1,1.0,1,0.941176471,single_overlap
28,1,0.976190476,1,1.0,single_overlap
29,1,0.989361702,1,1.0,single_overlap
30,1,0.944444444,1,0.888888889,single_overlap
31,1,1.0,1,1.0,single_overlap
32,1,0.947368421,1,0.684210526,single_overlap
33,1,0.975352113,1,0.985915493,single_overlap
34,1,0.994475138,1,0.933701657,single_overlap
35,1,0.808510638,1,0.574468085,single_overlap
36,1,1.0,1,1.0,single_overlap
37,1,0.904761905,1,0.797619048,single_overlap
38,1,1.0,1,0.97826087,single_overlap
39,1,1.0,1,0.892857143,single_overlap
40,1,0.911764706,1,0.911764706,single_overlap
41,1,0.947619048,2,0.933333333,multiple_overlaps
42,1,0.977011494,1,0.988505747,single_overlap
43,1,0.977272727,1,0.795454545,single_overlap
44,1,0.990066225,1,0.983443709,single_overlap
45,0,0.0,0,0.0,no_overlap
46,0,0.0,0,0.0,no_overlap
47,1,0.897435897,1,1.0,single_overlap
48,1,1.0,1,1.0,single_overlap
49,1,0.933333333,1,0.733333333,single_overlap
50,1,1.0,1,0.941176471,single_overlap
51,1,0.909090909,1,1.0,single_overlap
52,1,0.928571429,2,0.357142857,multiple_overlaps
53,1,0.888888889,1,0.666666667,single_overlap
54,1,1.0,1,0.545454545,single_overlap
55,1,1.0,1,1.0,single_overlap
56,1,0.9,1,0.7,single_overlap
57,1,1.0,1,1.0,single_overlap
58,1,0.794520548,1,1.0,single_overlap
59,1,0.947368421,1,1.0,single_overlap
60,1,0.886075949,1,1.0,single_overlap
61,1,1.0,1,1.0,single_overlap
62,1,1.0,1,0.714285714,single_overlap
63,1,1.0,1,1.0,single_overlap
64,1,0.857142857,0,0.0,no_overlap
65,1,1.0,1,1.0,single_overlap
66,1,1.0,1,1.0,single_overlap
67,1,0.959459459,1,0.986486486,single_overlap
68,1,1.0,1,0.742857143,single_overlap
69,1,0.921052632,1,0.657894737,single_overlap
70,1,1.0,1,1.0,single_overlap
71,1,1.0,1,1.0,single_overlap
72,1,1.0,1,0.961165049,single_overlap
73,1,1.0,1,1.0,single_overlap
74,1,1.0,1,1.0,single_overlap
75,1,0.9,0,0.0,no_overlap
76,1,0.837209302,1,0.725581395,single_overlap
77,1,0.833333333,1,0.933333333,single_overlap
78,1,0.99009901,1,0.99009901,single_overlap
79,1,1.0,1,1.0,single_overlap
80,1,0.986111111,1,1.0,single_overlap
81,1,1.0,1,0.875,single_overlap
82,1,0.965517241,1,1.0,single_overlap
83,1,0.75,1,0.1875,single_overlap
84,1,1.0,1,1.0,single_overlap
85,0,0.0,1,1.0,single_overlap
86,1,1.0,1,1.0,single_overlap
87,1,0.972222222,1,1.0,single_overlap
88,1,1.0,1,0.923076923,single_overlap
89,1,1.0,1,1.0,single_overlap
90,1,1.0,0,0.0,no_overlap
91,1,1.0,1,0.991596639,single_overlap
92,1,0.833333333,0,0.0,no_overlap
93,1,1.0,1,1.0,single_overlap
94,1,1.0,1,1.0,single_overlap
95,1,1.0,1,1.0,single_overlap
96,1,1.0,1,1.0,single_overlap
97,1,0.96969697,1,1.0,single_overlap
98,1,1.0,1,1.0,single_overlap
99,1,1.0,1,1.0,single_overlap
100,1,1.0,1,1.0,single_overlap
101,1,1.0,1,1.0,single_overlap
102,1,0.58974359,1,0.871794872,single_overlap
103,1,1.0,1,1.0,single_overlap
104,1,1.0,1,0.939393939,single_overlap
105,1,1.0,0,0.0,no_overlap
106,1,1.0,1,0.931034483,single_overlap
107,1,0.972477064,1,0.944954128,single_overlap
108,0,0.0,1,0.428571429,single_overlap
109,1,1.0,1,0.994219653,single_overlap
110,1,0.96875,0,0.0,no_overlap
111,1,0.888888889,0,0.0,no_overlap
112,1,0.943661972,2,0.591549296,multiple_overlaps
113,1,1.0,1,1.0,single_overlap
114,1,0.901234568,1,0.938271605,single_overlap
115,1,0.95,0,0.0,no_overlap
116,1,0.995841996,1,0.964656965,single_overlap
117,1,0.943925234,2,1.0,multiple_overlaps
118,1,1.0,1,1.0,single_overlap
119,1,0.895522388,1,1.0,single_overlap
120,1,1.0,1,1.0,single_overlap
121,1,0.928571429,1,1.0,single_overlap
122,1,0.9375,0,0.0,no_overlap
123,1,0.914893617,1,0.946808511,single_overlap
124,1,0.875,1,0.75,single_overlap
125,1,1.0,1,0.666666667,single_overlap
126,1,1.0,1,1.0,single_overlap
127,1,1.0,1,0.846153846,single_overlap
128,1,0.96,0,0.0,no_overlap
129,1,0.958333333,1,1.0,single_overlap
130,1,1.0,0,0.0,no_overlap
131,1,0.916666667,1,1.0,single_overlap
132,1,1.0,1,1.0,single_overlap
133,1,1.0,0,0.0,no_overlap
134,1,1.0,1,0.730769231,single_overlap
135,0,0.0,0,0.0,no_overlap
136,1,0.909090909,1,1.0,single_overlap
137,1,1.0,1,0.888888889,single_overlap
138,2,0.777777778,1,1.0,single_overlap
139,1,0.666666667,1,0.666666667,single_overlap
140,1,0.81402439,1,0.969512195,single_overlap
141,1,0.974025974,1,1.0,single_overlap
142,1,0.92,0,0.0,no_overlap
143,1,1.0,0,0.0,no_overlap
144,1,0.793650794,1,0.936507937,single_overlap
145,1,1.0,0,0.0,no_overlap
146,1,1.0,1,0.992592593,single_overlap
147,1,1.0,0,0.0,no_overlap
148,1,0.869565217,1,0.739130435,single_overlap
149,1,0.966666667,1,0.933333333,single_overlap
150,1,0.904761905,1,1.0,single_overlap
151,1,0.983870968,0,0.0,no_overlap
152,1,0.8125,1,0.5,single_overlap
153,1,1.0,0,0.0,no_overlap
154,1,1.0,1,1.0,single_overlap
155,1,1.0,0,0.0,no_overlap
156,0,0.0,0,0.0,no_overlap
157,0,0.0,0,0.0,no_overlap
158,0,0.0,0,0.0,no_overlap
159,1,0.99,1,1.0,single_overlap
160,1,1.0,1,1.0,single_overlap
161,1,1.0,1,0.944444444,single_overlap
162,1,1.0,1,1.0,single_overlap
163,1,0.96350365,1,0.98540146,single_overlap
164,1,0.952380952,1,0.523809524,single_overlap
165,1,0.970027248,1,0.989100817,single_overlap
166,1,1.0,1,1.0,single_overlap
167,1,1.0,1,1.0,single_overlap
168,1,1.0,1,1.0,single_overlap
169,1,1.0,1,0.96969697,single_overlap
170,1,0.970588235,1,1.0,single_overlap
171,1,1.0,1,0.821428571,single_overlap
172,1,0.97826087,1,1.0,single_overlap
173,1,1.0,1,0.954545455,single_overlap
174,0,0.0,0,0.0,no_overlap
175,1,1.0,1,0.743589744,single_overlap
176,1,0.958333333,0,0.0,no_overlap
177,1,1.0,0,0.0,no_overlap
178,1,1.0,1,1.0,single_overlap
179,1,0.80952381,1,1.0,single_overlap
180,1,1.0,1,1.0,single_overlap
181,1,0.869565217,1,1.0,single_overlap
182,1,1.0,1,1.0,single_overlap
183,1,0.869565217,1,1.0,single_overlap
184,1,1.0,1,1.0,single_overlap
185,1,1.0,1,1.0,single_overlap
186,1,0.894736842,1,0.789473684,single_overlap
187,1,0.967213115,1,1.0,single_overlap
188,1,0.943396226,1,1.0,single_overlap
189,1,1.0,0,0.0,no_overlap
190,1,1.0,1,1.0,single_overlap
191,1,1.0,1,1.0,single_overlap
192,1,1.0,1,1.0,single_overlap
193,1,1.0,1,1.0,single_overlap
194,1,1.0,1,1.0,single_overlap
195,1,1.0,1,1.0,single_overlap
196,1,0.972972973,1,1.0,single_overlap
197,1,0.989795918,1,1.0,single_overlap
198,1,1.0,1,1.0,single_overlap
199,1,1.0,1,1.0,single_overlap
200,1,1.0,1,1.0,single_overlap
201,1,0.976190476,1,0.928571429,single_overlap
202,1,0.961832061,1,0.987277354,single_overlap
203,1,1.0,1,0.92,single_overlap
204,1,1.0,0,0.0,no_overlap
205,1,0.89010989,1,0.978021978,single_overlap
206,1,1.0,1,1.0,single_overlap
207,1,0.946808511,1,0.914893617,single_overlap
208,1,0.947368421,1,1.0,single_overlap
209,1,0.833333333,1,1.0,single_overlap
210,1,0.789473684,1,1.0,single_overlap
211,1,1.0,1,0.888888889,single_overlap
212,1,0.923076923,1,0.923076923,single_overlap
213,1,1.0,1,1.0,single_overlap
214,1,1.0,1,0.9375,single_overlap
215,1,1.0,1,1.0,single_overlap
216,1,0.80952381,1,1.0,single_overlap
217,1,0.987080103,1,1.0,single_overlap
218,1,0.962962963,1,1.0,single_overlap
219,1,1.0,1,0.741935484,single_overlap
220,1,0.985815603,1,1.0,single_overlap
221,1,1.0,1,0.974358974,single_overlap
222,1,0.8125,1,1.0,single_overlap
223,1,0.820512821,1,0.487179487,single_overlap
224,0,0.0,0,0.0,no_overlap
225,1,0.846153846,1,0.384615385,single_overlap
226,1,1.0,1,1.0,single_overlap
227,1,0.9,1,1.0,single_overlap
228,1,1.0,1,0.994117647,single_overlap
229,1,1.0,1,1.0,single_overlap
230,1,1.0,1,1.0,single_overlap
231,1,1.0,1,0.973333333,single_overlap
232,0,0.0,1,1.0,single_overlap
233,1,0.975609756,1,1.0,single_overlap
234,1,1.0,1,1.0,single_overlap
235,1,1.0,0,0.0,no_overlap
236,1,1.0,1,1.0,single_overlap
237,1,0.80952381,0,0.0,no_overlap
238,0,0.0,0,0.0,no_overlap
239,1,0.956521739,1,0.77173913,single_overlap
240,1,1.0,1,1.0,single_overlap
241,1,1.0,0,0.0,no_overlap
242,1,1.0,1,1.0,single_overlap
243,1,0.863636364,1,0.75,single_overlap
244,1,1.0,1,1.0,single_overlap
245,1,1.0,1,1.0,single_overlap
246,0,0.0,0,0.0,no_overlap
247,1,0.8125,1,1.0,single_overlap
248,1,1.0,1,1.0,single_overlap
249,1,1.0,1,1.0,single_overlap
250,1,0.956521739,0,0.0,no_overlap
251,1,1.0,1,1.0,single_overlap
252,1,0.944444444,1,0.5,single_overlap
253,1,1.0,1,1.0,single_overlap
254,1,0.888888889,1,0.777777778,single_overlap
255,1,1.0,1,1.0,single_overlap
256,1,1.0,1,1.0,single_overlap
257,0,0.0,1,1.0,single_overlap
258,1,1.0,1,1.0,single_overlap
259,1,1.0,1,1.0,single_overlap
260,1,0.97260274,1,1.0,single_overlap
261,1,0.923076923,1,1.0,single_overlap
262,1,1.0,1,1.0,single_overlap
263,1,0.909090909,1,1.0,single_overlap
264,1,1.0,1,1.0,single_overlap
265,1,1.0,1,1.0,single_overlap
266,1,1.0,1,1.0,single_overlap
267,1,0.916666667,1,1.0,single_overlap
268,1,1.0,1,1.0,single_overlap
269,0,0.0,1,1.0,single_overlap
270,1,0.916666667,1,0.75,single_overlap
271,1,0.96,1,1.0,single_overlap
272,1,1.0,1,1.0,single_overlap
273,1,0.923076923,1,0.769230769,single_overlap
274,1,0.5,1,1.0,single_overlap
275,2,0.922165821,1,0.998307953,single_overlap
276,0,0.0,1,1.0,single_overlap
277,1,1.0,1,0.857142857,single_overlap
278,1,0.951612903,1,1.0,single_overlap
279,1,0.925675676,1,0.959459459,single_overlap
280,1,0.909090909,1,0.818181818,single_overlap
281,0,0.0,0,0.0,no_overlap
282,1,0.931034483,1,0.862068966,single_overlap
283,1,0.9375,0,0.0,no_overlap
284,1,0.934782609,1,1.0,single_overlap
285,1,0.959183673,1,0.918367347,single_overlap
286,1,0.914285714,1,1.0,single_overlap
287,1,1.0,1,1.0,single_overlap
288,1,0.933333333,0,0.0,no_overlap
289,1,1.0,1,0.818181818,single_overlap
290,1,0.931034483,1,1.0,single_overlap
291,0,0.0,1,0.5,single_overlap
292,1,1.0,0,0.0,no_overlap
293,1,1.0,1,1.0,single_overlap
294,1,1.0,1,0.857142857,single_overlap
295,1,1.0,1,0.384615385,single_overlap
296,0,0.0,1,1.0,single_overlap
297,0,0.0,0,0.0,no_overlap
298,1,1.0,0,0.0,no_overlap
299,1,1.0,1,0.955882353,single_overlap
300,1,1.0,0,0.0,no_overlap
301,0,0.0,0,0.0,no_overlap
302,0,0.0,0,0.0,no_overlap
303,1,0.833333333,0,0.0,no_overlap
304,1,1.0,1,0.785714286,single_overlap
305,1,0.929791271,1,0.986717268,single_overlap
306,1,0.9,1,0.9,single_overlap
307,1,0.666666667,0,0.0,no_overlap
308,1,0.884615385,1,0.923076923,single_overlap
309,2,0.847389558,1,0.97188755,single_overlap
310,1,0.916666667,1,1.0,single_overlap
311,1,1.0,0,0.0,no_overlap
312,1,1.0,1,0.833333333,single_overlap
313,1,1.0,1,0.925925926,single_overlap
314,0,0.0,0,0.0,no_overlap
315,1,1.0,1,1.0,single_overlap
316,1,1.0,1,1.0,single_overlap
317,1,1.0,0,0.0,no_overlap
318,1,0.944444444,0,0.0,no_overlap
319,1,0.964285714,1,1.0,single_overlap
320,1,0.975103734,1,0.979253112,single_overlap
321,1,0.75,0,0.0,no_overlap
322,1,0.636363636,1,0.727272727,single_overlap
323,1,0.913043478,1,1.0,single_overlap
324,1,1.0,1,1.0,single_overlap
325,1,1.0,1,1.0,single_overlap
326,1,0.797619048,1,0.988095238,single_overlap
327,1,0.985915493,1,1.0,single_overlap
328,0,0.0,1,1.0,single_overlap
329,1,0.983606557,2,1.0,multiple_overlaps
330,1,0.994604317,1,1.0,single_overlap
331,1,1.0,1,1.0,single_overlap
332,1,0.999113082,1,0.999556541,single_overlap
333,1,1.0,1,0.296296296,single_overlap
334,1,1.0,1,1.0,single_overlap
335,1,1.0,1,0.953488372,single_overlap
336,1,1.0,1,1.0,single_overlap
337,1,1.0,0,0.0,no_overlap
338,1,0.972222222,1,1.0,single_overlap
339,1,1.0,1,1.0,single_overlap
340,1,1.0,1,1.0,single_overlap
341,1,0.980769231,1,0.993589744,single_overlap
342,1,1.0,1,1.0,single_overlap
343,1,1.0,1,1.0,single_overlap
344,1,1.0,1,1.0,single_overlap
345,1,0.981818182,1,1.0,single_overlap
346,1,1.0,1,1.0,single_overlap
347,1,1.0,1,1.0,single_overlap
348,1,1.0,1,1.0,single_overlap
349,1,0.98,1,1.0,single_overlap
350,1,1.0,1,1.0,single_overlap
351,1,0.948717949,1,1.0,single_overlap
352,1,1.0,1,1.0,single_overlap
353,1,1.0,1,1.0,single_overlap
354,1,1.0,1,1.0,single_overlap
355,1,0.9,1,1.0,single_overlap
356,1,1.0,1,0.964285714,single_overlap
357,1,1.0,1,1.0,single_overlap
358,1,1.0,0,0.0,no_overlap
359,1,1.0,1,1.0,single_overlap
360,1,1.0,1,1.0,single_overlap
361,1,1.0,1,1.0,single_overlap
362,1,0.973684211,1,0.868421053,single_overlap
363,1,1.0,2,1.0,multiple_overlaps
364,1,0.852459016,1,0.983606557,single_overlap
365,0,0.0,1,0.363636364,single_overlap
366,1,0.967213115,1,1.0,single_overlap
367,1,1.0,1,1.0,single_overlap
368,1,0.8125,1,0.8125,single_overlap
369,1,0.909090909,1,0.545454545,single_overlap
370,1,1.0,0,0.0,no_overlap
371,0,0.0,0,0.0,no_overlap
372,1,1.0,0,0.0,no_overlap
373,1,1.0,1,0.933333333,single_overlap
374,3,0.944664032,1,0.97826087,single_overlap
375,1,0.959183673,1,1.0,single_overlap
376,1,0.861111111,1,1.0,single_overlap
377,1,0.963576159,1,1.0,single_overlap
378,1,1.0,1,0.858823529,single_overlap
379,1,1.0,1,1.0,single_overlap
380,1,1.0,1,0.71875,single_overlap
381,1,0.9,0,0.0,no_overlap
382,1,0.8,1,0.6,single_overlap
383,1,1.0,1,0.8125,single_overlap
384,1,1.0,0,0.0,no_overlap
385,1,0.967741935,1,1.0,single_overlap
386,1,0.916666667,0,0.0,no_overlap
387,1,0.990384615,1,1.0,single_overlap
388,1,0.964705882,1,1.0,single_overlap
389,1,1.0,1,1.0,single_overlap
390,1,1.0,0,0.0,no_overlap
391,1,1.0,1,1.0,single_overlap
392,1,1.0,1,1.0,single_overlap
393,1,1.0,1,1.0,single_overlap
394,1,0.918918919,1,1.0,single_overlap
395,1,1.0,1,1.0,single_overlap
396,1,0.965714286,1,0.948571429,single_overlap
397,1,0.941176471,1,1.0,single_overlap
398,1,1.0,1,1.0,single_overlap
399,1,1.0,1,1.0,single_overlap
400,1,0.956521739,1,0.995169082,single_overlap
401,1,0.833333333,0,0.0,no_overlap
402,1,1.0,1,1.0,single_overlap
403,1,0.9,0,0.0,no_overlap
404,0,0.0,1,1.0,single_overlap
405,1,1.0,1,1.0,single_overlap
406,1,1.0,0,0.0,no_overlap
407,1,0.924686192,1,0.891213389,single_overlap
408,1,1.0,1,1.0,single_overlap
409,1,0.819444444,1,1.0,single_overlap
410,1,0.4,0,0.0,no_overlap
411,1,0.986111111,1,1.0,single_overlap
412,1,1.0,1,1.0,single_overlap
413,1,0.966433566,1,0.997202797,single_overlap
414,1,1.0,1,1.0,single_overlap
415,1,0.964705882,1,1.0,single_overlap
416,1,1.0,1,1.0,single_overlap
417,1,1.0,1,1.0,single_overlap
418,1,1.0,1,1.0,single_overlap
419,1,1.0,1,1.0,single_overlap
420,1,1.0,1,1.0,single_overlap
421,1,1.0,1,1.0,single_overlap
422,1,1.0,1,1.0,single_overlap
423,1,0.944444444,1,1.0,single_overlap
424,1,1.0,1,1.0,single_overlap
425,0,0.0,1,0.333333333,single_overlap
426,1,1.0,1,1.0,single_overlap
427,1,1.0,0,0.0,no_overlap
428,1,1.0,1,1.0,single_overlap
429,1,0.954545455,1,0.931818182,single_overlap
430,1,0.846153846,1,1.0,single_overlap
431,1,1.0,1,1.0,single_overlap
432,1,1.0,1,1.0,single_overlap
433,1,1.0,1,1.0,single_overlap
434,2,0.948979592,2,1.0,multiple_overlaps
435,1,0.961538462,1,0.615384615,single_overlap
436,1,1.0,1,0.947368421,single_overlap
437,1,1.0,0,0.0,no_overlap
438,1,1.0,1,1.0,single_overlap
439,1,0.988059701,1,1.0,single_overlap
440,1,0.923076923,1,0.923076923,single_overlap
441,1,0.921296296,1,1.0,single_overlap
442,1,1.0,1,1.0,single_overlap
443,2,0.912621359,1,1.0,single_overlap
444,1,0.950704225,1,1.0,single_overlap
445,1,1.0,1,0.941176471,single_overlap
446,1,1.0,1,0.869565217,single_overlap
447,1,0.972972973,1,0.972972973,single_overlap
448,1,0.888888889,1,1.0,single_overlap
449,0,0.0,0,0.0,no_overlap
450,1,0.991071429,1,1.0,single_overlap
451,1,1.0,1,1.0,single_overlap
452,1,0.875,0,0.0,no_overlap
453,1,1.0,1,1.0,single_overlap
454,1,1.0,0,0.0,no_overlap
455,1,0.646341463,1,1.0,single_overlap
456,1,0.983050847,1,0.983050847,single_overlap
457,1,1.0,0,0.0,no_overlap
458,1,1.0,0,0.0,no_overlap
459,1,0.944444444,1,1.0,single_overlap
460,0,0.0,1,0.866666667,single_overlap
461,1,1.0,0,0.0,no_overlap
462,1,0.84,1,1.0,single_overlap
463,2,0.652173913,2,0.956521739,multiple_overlaps
464,1,1.0,0,0.0,no_overlap
465,1,1.0,0,0.0,no_overlap
466,1,1.0,1,1.0,single_overlap
467,0,0.0,0,0.0,no_overlap
468,1,1.0,0,0.0,no_overlap
469,1,1.0,1,1.0,single_overlap
470,0,0.0,0,0.0,no_overlap
471,1,0.671875,1,0.890625,single_overlap
472,1,0.823529412,1,0.941176471,single_overlap
473,1,1.0,0,0.0,no_overlap
474,1,0.681818182,1,0.681818182,single_overlap
475,1,1.0,1,1.0,single_overlap
476,1,1.0,1,1.0,single_overlap
477,1,0.967105263,1,1.0,single_overlap
478,1,0.8,1,1.0,single_overlap
479,1,0.85,1,0.875,single_overlap
480,1,1.0,1,1.0,single_overlap
481,1,1.0,0,0.0,no_overlap
482,1,1.0,1,1.0,single_overlap
483,1,0.972972973,0,0.0,no_overlap
484,1,1.0,1,1.0,single_overlap
485,1,0.9,1,0.7,single_overlap
486,1,0.914285714,1,0.971428571,single_overlap
487,1,0.975,1,1.0,single_overlap
488,1,0.982993197,2,0.996598639,multiple_overlaps
489,1,0.92,1,0.92,single_overlap
490,1,1.0,1,1.0,single_overlap
491,1,1.0,1,1.0,single_overlap
492,1,0.971962617,1,1.0,single_overlap
493,1,1.0,1,1.0,single_overlap
494,1,1.0,1,1.0,single_overlap
495,1,1.0,1,1.0,single_overlap
496,1,1.0,0,0.0,no_overlap
497,1,1.0,1,1.0,single_overlap
498,1,1.0,1,1.0,single_overlap
499,1,0.945945946,1,0.567567568,single_overlap
500,1,1.0,1,0.071428571,single_overlap
501,1,1.0,1,0.977777778,single_overlap
502,1,0.769230769,0,0.0,no_overlap
503,1,0.916666667,1,1.0,single_overlap
504,1,0.958333333,1,1.0,single_overlap
505,1,1.0,1,1.0,single_overlap
506,1,0.97752809,1,1.0,single_overlap
507,1,0.966942149,1,1.0,single_overlap
508,1,0.92,1,1.0,single_overlap
509,1,1.0,1,1.0,single_overlap
510,0,0.0,0,0.0,no_overlap
511,1,0.9,1,0.9,single_overlap
512,1,0.833333333,0,0.0,no_overlap
513,1,1.0,0,0.0,no_overlap
514,1,0.888888889,0,0.0,no_overlap
515,1,1.0,0,0.0,no_overlap
516,0,0.0,0,0.0,no_overlap
517,1,1.0,0,0.0,no_overlap
518,1,1.0,1,1.0,single_overlap
519,1,1.0,1,1.0,single_overlap
520,1,1.0,0,0.0,no_overlap
521,0,0.0,0,0.0,no_overlap
522,1,1.0,1,1.0,single_overlap
523,0,0.0,1,0.636363636,single_overlap
524,1,1.0,1,1.0,single_overlap
525,0,0.0,1,1.0,single_overlap
526,1,0.974358974,1,0.846153846,single_overlap
527,1,0.967741935,1,1.0,single_overlap
528,1,0.965517241,1,0.827586207,single_overlap
529,1,1.0,1,0.962962963,single_overlap
530,1,0.995475113,1,0.819004525,single_overlap
531,1,1.0,1,1.0,single_overlap
532,1,0.966666667,1,1.0,single_overlap
533,1,1.0,1,0.851851852,single_overlap
534,1,1.0,1,0.470588235,single_overlap
535,0,0.0,0,0.0,no_overlap
536,1,1.0,1,1.0,single_overlap
537,1,1.0,1,1.0,single_overlap
538,1,0.962962963,1,1.0,single_overlap
539,1,0.88,1,1.0,single_overlap
540,1,1.0,1,1.0,single_overlap
541,1,0.85,1,0.95,single_overlap
542,1,1.0,1,1.0,single_overlap
543,1,1.0,0,0.0,no_overlap
544,1,1.0,0,0.0,no_overlap
545,1,1.0,0,0.0,no_overlap
546,1,0.951456311,1,0.922330097,single_overlap
547,1,0.945454545,1,0.981818182,single_overlap
548,1,1.0,0,0.0,no_overlap
549,1,1.0,1,1.0,single_overlap
550,1,1.0,1,1.0,single_overlap
551,1,1.0,1,1.0,single_overlap
552,1,0.916666667,1,0.416666667,single_overlap
553,1,1.0,1,1.0,single_overlap
554,1,0.619565217,1,0.550724638,single_overlap
555,1,0.98944591,1,1.0,single_overlap
556,1,1.0,1,1.0,single_overlap
557,1,1.0,1,1.0,single_overlap
558,1,0.966666667,1,1.0,single_overlap
559,1,0.875,1,1.0,single_overlap
560,1,1.0,1,1.0,single_overlap
561,1,0.95,1,1.0,single_overlap
562,1,1.0,1,1.0,single_overlap
563,1,1.0,1,1.0,single_overlap
564,1,0.983193277,1,0.941176471,single_overlap
565,1,0.904761905,0,0.0,no_overlap
566,1,1.0,1,1.0,single_overlap
567,1,1.0,1,1.0,single_overlap
568,1,0.996070727,1,1.0,single_overlap
569,1,1.0,1,1.0,single_overlap
570,1,0.333333333,0,0.0,no_overlap
571,1,1.0,0,0.0,no_overlap
572,1,1.0,1,1.0,single_overlap
573,1,0.788461538,1,0.865384615,single_overlap
574,1,1.0,1,1.0,single_overlap
575,1,0.76,1,1.0,single_overlap
576,1,0.944444444,1,1.0,single_overlap
577,1,1.0,1,0.921052632,single_overlap
578,1,0.923076923,1,0.692307692,single_overlap
579,1,1.0,1,1.0,single_overlap
580,1,0.982578397,1,0.965156794,single_overlap
581,1,0.869565217,1,0.782608696,single_overlap
582,1,0.954545455,1,0.909090909,single_overlap
583,1,0.991869919,1,1.0,single_overlap
584,1,0.947368421,1,1.0,single_overlap
585,1,1.0,1,0.886792453,single_overlap
586,1,0.904761905,1,0.952380952,single_overlap
587,1,0.666666667,1,1.0,single_overlap
588,1,0.857142857,0,0.0,no_overlap
589,1,0.957446809,1,0.914893617,single_overlap
590,1,1.0,1,0.75,single_overlap
591,0,0.0,0,0.0,no_overlap
592,1,0.948717949,1,1.0,single_overlap
593,1,1.0,1,0.9,single_overlap
594,1,1.0,1,0.916666667,single_overlap
595,1,1.0,1,0.6875,single_overlap
596,1,1.0,1,1.0,single_overlap
597,1,1.0,1,1.0,single_overlap
598,1,0.821428571,1,0.285714286,single_overlap
599,0,0.0,0,0.0,no_overlap
600,1,1.0,0,0.0,no_overlap
601,1,0.896103896,1,0.636363636,single_overlap
602,1,1.0,0,0.0,no_overlap
603,1,1.0,1,1.0,single_overlap
604,1,0.888888889,1,1.0,single_overlap
605,1,1.0,1,0.932432432,single_overlap
606,1,0.85,1,1.0,single_overlap
607,1,0.865384615,1,1.0,single_overlap
608,0,0.0,0,0.0,no_overlap
609,1,0.954545455,1,0.954545455,single_overlap
610,1,1.0,1,1.0,single_overlap
611,1,0.52173913,1,1.0,single_overlap
612,1,1.0,1,1.0,single_overlap
613,1,1.0,1,1.0,single_overlap
614,0,0.0,0,0.0,no_overlap
615,2,0.915797317,1,0.998509687,single_overlap
616,1,0.888888889,1,0.888888889,single_overlap
617,1,0.724137931,1,0.689655172,single_overlap
618,1,1.0,1,1.0,single_overlap
619,1,1.0,1,1.0,single_overlap
620,1,0.96875,1,0.989583333,single_overlap
621,1,1.0,1,1.0,single_overlap
622,1,1.0,0,0.0,no_overlap
623,1,1.0,1,1.0,single_overlap
624,1,1.0,1,1.0,single_overlap
625,1,1.0,1,1.0,single_overlap
626,1,1.0,1,1.0,single_overlap
627,1,0.997222222,1,0.980555556,single_overlap
628,1,1.0,0,0.0,no_overlap
629,1,1.0,1,1.0,single_overlap
630,1,0.953488372,1,1.0,single_overlap
631,1,1.0,1,1.0,single_overlap
632,1,1.0,1,1.0,single_overlap
633,1,1.0,1,1.0,single_overlap
634,1,1.0,1,1.0,single_overlap
635,1,0.75,1,1.0,single_overlap
636,1,1.0,1,1.0,single_overlap
637,0,0.0,0,0.0,no_overlap
638,1,1.0,1,1.0,single_overlap
639,1,1.0,1,1.0,single_overlap
640,1,0.964285714,1,1.0,single_overlap
641,1,1.0,1,1.0,single_overlap
642,1,1.0,1,1.0,single_overlap
643,1,1.0,1,1.0,single_overlap
644,1,1.0,1,1.0,single_overlap
645,1,0.875,1,0.75,single_overlap
646,1,1.0,0,0.0,no_overlap
647,1,1.0,1,1.0,single_overlap
648,1,0.979865772,1,0.996644295,single_overlap
649,1,0.9,1,1.0,single_overlap
650,1,1.0,1,1.0,single_overlap
651,1,0.933333333,1,1.0,single_overlap
652,1,1.0,1,0.995670996,single_overlap
653,1,1.0,0,0.0,no_overlap
654,1,0.961538462,1,0.961538462,single_overlap
655,1,0.987012987,1,0.996753247,single_overlap
656,1,1.0,1,0.777777778,single_overlap
657,1,1.0,1,0.15,single_overlap
658,1,1.0,1,1.0,single_overlap
659,1,1.0,1,1.0,single_overlap
660,1,0.96969697,1,1.0,single_overlap
661,1,0.928571429,1,1.0,single_overlap
662,1,0.681818182,0,0.0,no_overlap
663,1,0.961538462,1,1.0,single_overlap
664,0,0.0,1,0.636363636,single_overlap
665,1,1.0,1,1.0,single_overlap
666,1,0.896551724,1,1.0,single_overlap
667,0,0.0,0,0.0,no_overlap
668,1,1.0,1,1.0,single_overlap
669,1,1.0,1,0.210526316,single_overlap
670,1,0.75,0,0.0,no_overlap
671,0,0.0,0,0.0,no_overlap
672,1,0.935483871,1,1.0,single_overlap
673,1,0.817307692,1,0.923076923,single_overlap
674,1,0.985074627,1,0.970149254,single_overlap
675,1,0.997719498,1,1.0,single_overlap
676,1,0.947368421,1,1.0,single_overlap
677,1,1.0,1,0.912280702,single_overlap
678,1,1.0,1,1.0,single_overlap
679,1,1.0,1,1.0,single_overlap
680,1,1.0,1,0.996575342,single_overlap
681,1,1.0,1,1.0,single_overlap
682,1,1.0,1,1.0,single_overlap
683,1,1.0,1,1.0,single_overlap
684,1,1.0,1,1.0,single_overlap
685,1,1.0,1,1.0,single_overlap
686,1,0.903225806,1,0.35483871,single_overlap
687,1,1.0,1,0.714285714,single_overlap
688,1,1.0,1,1.0,single_overlap
689,1,0.933333333,1,0.8,single_overlap
690,1,1.0,1,1.0,single_overlap
691,1,1.0,1,1.0,single_overlap
692,1,1.0,1,1.0,single_overlap
693,1,0.916666667,1,0.75,single_overlap
694,1,1.0,1,1.0,single_overlap
695,1,1.0,1,1.0,single_overlap
696,1,1.0,1,1.0,single_overlap
697,1,1.0,1,1.0,single_overlap
698,1,1.0,1,1.0,single_overlap
699,1,1.0,1,1.0,single_overlap
700,1,0.97029703,1,1.0,single_overlap
701,1,1.0,1,1.0,single_overlap
702,1,1.0,1,0.833333333,single_overlap
703,1,0.952380952,1,1.0,single_overlap
704,1,1.0,1,1.0,single_overlap
705,1,0.952380952,1,1.0,single_overlap
706,1,1.0,1,1.0,single_overlap
707,1,0.75,1,0.416666667,single_overlap
708,1,0.833333333,0,0.0,no_overlap
709,1,1.0,1,1.0,single_overlap
710,1,1.0,1,0.814814815,single_overlap
711,2,0.80952381,1,1.0,single_overlap
712,1,0.9375,0,0.0,no_overlap
713,1,0.823529412,1,0.823529412,single_overlap
714,0,0.0,1,0.9,single_overlap
715,1,1.0,0,0.0,no_overlap
716,1,0.957446809,1,0.914893617,single_overlap
717,1,1.0,2,1.0,multiple_overlaps
718,1,0.925,1,0.75,single_overlap
719,1,1.0,0,0.0,no_overlap
720,1,1.0,1,1.0,single_overlap
721,1,1.0,0,0.0,no_overlap
722,1,0.916666667,1,1.0,single_overlap
723,1,1.0,1,1.0,single_overlap
724,1,1.0,0,0.0,no_overlap
725,1,0.68852459,0,0.0,no_overlap
726,1,1.0,1,0.545454545,single_overlap
727,1,0.923076923,1,1.0,single_overlap
728,1,0.981273408,1,0.996254682,single_overlap
729,0,0.0,0,0.0,no_overlap
730,1,1.0,1,1.0,single_overlap
731,1,1.0,1,1.0,single_overlap
732,1,1.0,1,0.952380952,single_overlap
733,1,0.823529412,1,0.647058824,single_overlap
734,1,0.75,0,0.0,no_overlap
735,1,1.0,1,1.0,single_overlap
736,1,1.0,0,0.0,no_overlap
737,1,0.966666667,1,1.0,single_overlap
738,1,0.892857143,1,0.892857143,single_overlap
739,1,1.0,0,0.0,no_overlap
740,1,0.979591837,0,0.0,no_overlap
741,1,0.842105263,1,0.947368421,single_overlap
742,1,0.888888889,1,0.95959596,single_overlap
743,1,1.0,1,1.0,single_overlap
744,1,1.0,0,0.0,no_overlap
745,1,0.951219512,1,0.951219512,single_overlap
746,1,1.0,1,0.769230769,single_overlap
747,1,1.0,0,0.0,no_overlap
748,1,0.75,1,0.666666667,single_overlap
749,1,1.0,1,0.975609756,single_overlap
750,0,0.0,0,0.0,no_overlap
751,0,0.0,0,0.0,no_overlap
752,0,0.0,1,1.0,single_overlap
753,1,0.681818182,0,0.0,no_overlap
754,1,1.0,1,1.0,single_overlap
755,1,0.894736842,1,1.0,single_overlap
756,1,0.880597015,1,1.0,single_overlap
757,1,0.75,0,0.0,no_overlap
758,1,1.0,1,1.0,single_overlap
759,1,1.0,1,1.0,single_overlap
760,0,0.0,0,0.0,no_overlap
761,1,1.0,1,1.0,single_overlap
762,1,0.785714286,1,1.0,single_overlap
763,1,1.0,1,1.0,single_overlap
764,1,1.0,1,1.0,single_overlap
765,1,1.0,0,0.0,no_overlap
766,1,0.931818182,1,1.0,single_overlap
767,1,1.0,1,1.0,single_overlap
768,1,1.0,1,1.0,single_overlap
769,1,1.0,1,1.0,single_overlap
770,1,0.952380952,1,0.952380952,single_overlap
771,1,1.0,0,0.0,no_overlap
772,1,0.990322581,1,1.0,single_overlap
773,1,0.636363636,1,1.0,single_overlap
774,1,1.0,1,1.0,single_overlap
775,1,1.0,1,1.0,single_overlap
776,1,1.0,1,1.0,single_overlap
777,1,1.0,1,1.0,single_overlap
778,1,1.0,1,0.8,single_overlap
779,1,0.912698413,1,1.0,single_overlap
780,2,0.888888889,1,0.957264957,single_overlap
781,1,1.0,1,1.0,single_overlap
782,1,0.954545455,1,1.0,single_overlap
783,1,1.0,1,1.0,single_overlap
784,1,1.0,1,1.0,single_overlap
785,1,1.0,1,1.0,single_overlap
786,1,1.0,1,0.818181818,single_overlap
787,1,1.0,1,0.966666667,single_overlap
788,1,1.0,1,1.0,single_overlap
789,1,0.941176471,1,1.0,single_overlap
790,1,1.0,0,0.0,no_overlap
791,1,1.0,1,1.0,single_overlap
792,1,1.0,1,0.9375,single_overlap
793,1,0.894736842,1,0.736842105,single_overlap
794,1,0.875,1,0.791666667,single_overlap
795,1,1.0,0,0.0,no_overlap
796,1,0.9375,1,0.8125,single_overlap
797,1,0.996632997,1,1.0,single_overlap
798,0,0.0,0,0.0,no_overlap
799,1,1.0,1,1.0,single_overlap
800,1,0.941176471,1,1.0,single_overlap
801,2,0.974719101,1,0.983146067,single_overlap
802,1,1.0,1,0.875,single_overlap
803,1,0.904761905,1,0.952380952,single_overlap
804,0,0.0,1,1.0,single_overlap
805,1,1.0,1,0.857142857,single_overlap
806,1,0.967741935,1,1.0,single_overlap
807,1,1.0,2,1.0,multiple_overlaps
808,1,1.0,1,1.0,single_overlap
809,1,1.0,1,1.0,single_overlap
810,1,1.0,1,1.0,single_overlap
811,1,1.0,1,1.0,single_overlap
812,1,1.0,0,0.0,no_overlap
813,1,0.975438596,1,0.90877193,single_overlap
814,1,1.0,1,1.0,single_overlap
815,1,1.0,1,1.0,single_overlap
816,1,1.0,1,1.0,single_overlap
817,1,1.0,0,0.0,no_overlap
818,1,0.902439024,1,0.804878049,single_overlap
819,1,0.96969697,1,1.0,single_overlap
820,1,0.808510638,0,0.0,no_overlap
821,1,0.965517241,1,1.0,single_overlap
822,1,0.8,1,0.533333333,single_overlap
823,1,1.0,0,0.0,no_overlap
824,1,1.0,1,1.0,single_overlap
825,1,1.0,1,1.0,single_overlap
826,1,1.0,1,1.0,single_overlap
827,1,1.0,1,1.0,single_overlap
828,1,1.0,1,1.0,single_overlap
829,1,1.0,1,1.0,single_overlap
830,1,1.0,1,1.0,single_overlap
831,1,1.0,1,1.0,single_overlap
832,1,1.0,0,0.0,no_overlap
833,1,0.997524752,1,0.997524752,single_overlap
834,1,1.0,1,1.0,single_overlap
835,0,0.0,0,0.0,no_overlap
836,1,0.823529412,1,0.411764706,single_overlap
837,1,1.0,1,1.0,single_overlap
838,1,0.866666667,1,0.866666667,single_overlap
839,1,0.888888889,1,1.0,single_overlap
840,1,1.0,1,0.954545455,single_overlap
841,1,0.923076923,1,0.846153846,single_overlap
842,1,0.827586207,1,1.0,single_overlap
843,1,0.92,1,0.8,single_overlap
844,1,1.0,1,1.0,single_overlap
845,1,1.0,0,0.0,no_overlap
846,1,1.0,0,0.0,no_overlap
847,1,0.961538462,1,0.923076923,single_overlap
848,1,1.0,1,0.611111111,single_overlap
849,1,1.0,0,0.0,no_overlap
850,1,0.981132075,1,1.0,single_overlap
851,1,0.994736842,1,1.0,single_overlap
852,1,0.887323944,1,0.816901408,single_overlap
853,0,0.0,0,0.0,no_overlap
854,1,0.962962963,1,1.0,single_overlap
855,1,1.0,1,1.0,single_overlap
856,1,1.0,0,0.0,no_overlap
857,1,1.0,1,1.0,single_overlap
858,1,1.0,1,1.0,single_overlap
859,0,0.0,0,0.0,no_overlap
860,1,0.944444444,1,0.361111111,single_overlap
861,1,0.975609756,1,0.829268293,single_overlap
862,0,0.0,0,0.0,no_overlap
863,1,0.936170213,1,1.0,single_overlap
864,1,0.981481481,1,1.0,single_overlap
865,1,0.937984496,1,0.993355482,single_overlap
866,0,0.0,0,0.0,no_overlap
867,1,1.0,1,1.0,single_overlap
868,1,0.974683544,1,0.987341772,single_overlap
869,2,0.777777778,2,0.888888889,multiple_overlaps
870,1,1.0,1,0.988095238,single_overlap
871,1,1.0,1,1.0,single_overlap
872,1,1.0,1,1.0,single_overlap
873,1,1.0,1,0.21875,single_overlap
874,1,0.932432432,1,0.918918919,single_overlap
875,1,1.0,1,0.857142857,single_overlap
876,1,0.583333333,0,0.0,no_overlap
877,1,1.0,0,0.0,no_overlap
878,1,1.0,0,0.0,no_overlap
879,1,1.0,1,0.352941176,single_overlap
880,1,0.888888889,1,1.0,single_overlap
881,1,1.0,0,0.0,no_overlap
882,0,0.0,1,1.0,single_overlap
883,1,1.0,1,1.0,single_overlap
884,1,0.995545657,1,1.0,single_overlap
885,1,1.0,0,0.0,no_overlap
886,1,0.983333333,1,1.0,single_overlap
887,1,0.944444444,0,0.0,no_overlap
888,1,1.0,1,1.0,single_overlap
889,1,0.968253968,1,1.0,single_overlap
890,1,1.0,1,0.85,single_overlap
891,1,0.972222222,1,1.0,single_overlap
892,1,1.0,1,0.974358974,single_overlap
893,1,0.988721805,1,1.0,single_overlap
894,1,1.0,1,1.0,single_overlap
895,1,1.0,1,1.0,single_overlap
896,1,1.0,1,1.0,single_overlap
897,1,0.961538462,1,1.0,single_overlap
898,1,1.0,1,1.0,single_overlap
899,1,0.989361702,1,1.0,single_overlap
900,1,1.0,1,1.0,single_overlap
901,1,1.0,1,0.869565217,single_overlap
902,1,0.807692308,1,1.0,single_overlap
903,1,1.0,1,1.0,single_overlap
904,1,0.962962963,1,0.962962963,single_overlap
905,1,1.0,1,1.0,single_overlap
906,1,0.974358974,1,1.0,single_overlap
907,1,0.978723404,1,1.0,single_overlap
908,1,1.0,1,1.0,single_overlap
909,1,0.875,1,1.0,single_overlap
910,1,0.909090909,1,1.0,single_overlap
911,1,0.9,0,0.0,no_overlap
912,1,0.904761905,1,0.952380952,single_overlap
913,1,1.0,0,0.0,no_overlap
914,1,0.863636364,1,1.0,single_overlap
915,1,1.0,1,1.0,single_overlap
916,1,1.0,0,0.0,no_overlap
917,1,1.0,1,0.764705882,single_overlap
918,1,0.954545455,1,0.636363636,single_overlap
919,1,1.0,1,1.0,single_overlap
920,1,1.0,1,1.0,single_overlap
921,1,1.0,0,0.0,no_overlap
922,1,0.993548387,1,1.0,single_overlap
923,1,0.897435897,1,1.0,single_overlap
924,1,1.0,0,0.0,no_overlap
925,1,0.928571429,1,0.964285714,single_overlap
926,1,0.941176471,1,1.0,single_overlap
927,1,1.0,1,1.0,single_overlap
928,1,1.0,1,1.0,single_overlap
929,1,0.838709677,1,1.0,single_overlap
930,1,0.964285714,1,1.0,single_overlap
931,1,0.97188755,1,1.0,single_overlap
932,1,1.0,1,1.0,single_overlap
933,1,1.0,1,0.9,single_overlap
934,0,0.0,0,0.0,no_overlap
935,1,0.935483871,1,1.0,single_overlap
936,1,1.0,1,1.0,single_overlap
937,1,1.0,1,1.0,single_overlap
938,1,1.0,1,1.0,single_overlap
939,2,0.929740135,1,0.997112608,single_overlap
940,1,1.0,1,0.916666667,single_overlap
941,1,1.0,1,0.979591837,single_overlap
942,1,1.0,1,1.0,single_overlap
943,0,0.0,1,1.0,single_overlap
944,1,1.0,1,1.0,single_overlap
945,1,1.0,1,1.0,single_overlap
946,1,1.0,0,0.0,no_overlap
947,1,1.0,1,1.0,single_overlap
948,1,1.0,1,1.0,single_overlap
949,1,1.0,0,0.0,no_overlap
950,0,0.0,0,0.0,no_overlap
951,1,1.0,1,1.0,single_overlap
952,0,0.0,0,0.0,no_overlap
953,0,0.0,0,0.0,no_overlap
954,1,0.916666667,0,0.0,no_overlap
955,1,1.0,1,1.0,single_overlap
956,0,0.0,1,0.555555556,single_overlap
957,1,1.0,1,0.764705882,single_overlap
958,0,0.0,1,0.888888889,single_overlap
959,1,0.947368421,1,0.947368421,single_overlap
960,1,0.944444444,1,1.0,single_overlap
961,1,0.761904762,1,0.952380952,single_overlap
962,1,1.0,1,1.0,single_overlap
963,1,0.848484848,1,0.818181818,single_overlap
964,0,0.0,1,0.59375,single_overlap
965,1,0.933333333,0,0.0,no_overlap
966,1,1.0,1,0.897058824,single_overlap
967,1,1.0,1,1.0,single_overlap
968,1,0.941176471,1,0.882352941,single_overlap
969,1,0.964285714,1,0.785714286,single_overlap
970,1,1.0,1,0.428571429,single_overlap
971,1,1.0,0,0.0,no_overlap
972,1,1.0,1,1.0,single_overlap
973,0,0.0,0,0.0,no_overlap
974,1,0.904761905,1,1.0,single_overlap
975,0,0.0,0,0.0,no_overlap
976,0,0.0,0,0.0,no_overlap
977,0,0.0,0,0.0,no_overlap
978,1,1.0,0,0.0,no_overlap
979,0,0.0,0,0.0,no_overlap
980,1,0.8125,1,1.0,single_overlap
981,1,1.0,1,1.0,single_overlap
982,1,0.941176471,1,0.882352941,single_overlap
983,0,0.0,0,0.0,no_overlap
984,1,1.0,1,0.48,single_overlap
985,1,0.947368421,1,0.973684211,single_overlap
986,1,1.0,0,0.0,no_overlap
987,1,0.98,1,0.993333333,single_overlap
988,1,1.0,1,1.0,single_overlap
989,1,1.0,1,1.0,single_overlap
990,1,0.95,0,0.0,no_overlap
991,1,1.0,0,0.0,no_overlap
992,1,0.977272727,1,0.022727273,single_overlap
993,0,0.0,0,0.0,no_overlap
994,1,1.0,1,1.0,single_overlap
995,1,1.0,1,1.0,single_overlap
996,1,1.0,1,1.0,single_overlap
997,1,1.0,1,0.967741935,single_overlap
998,1,1.0,0,0.0,no_overlap
999,1,1.0,1,1.0,single_overlap
1000,1,1.0,1,1.0,single_overlap
1001,1,1.0,1,1.0,single_overlap
1002,1,0.55,1,0.775,single_overlap
1003,1,0.995337995,1,1.0,single_overlap
1004,1,1.0,1,0.625,single_overlap
1005,1,0.995037221,1,1.0,single_overlap
1006,1,1.0,1,1.0,single_overlap
1007,1,0.931818182,1,0.954545455,single_overlap
1008,1,0.829268293,1,1.0,single_overlap
1009,1,0.875,0,0.0,no_overlap
1010,1,1.0,1,1.0,single_overlap
1011,1,1.0,1,0.928571429,single_overlap
1012,1,1.0,1,1.0,single_overlap
1013,1,1.0,1,1.0,single_overlap
1014,1,0.989473684,1,0.989473684,single_overlap
1015,1,1.0,0,0.0,no_overlap
1016,1,1.0,1,0.727272727,single_overlap
1017,1,1.0,1,1.0,single_overlap
1018,1,1.0,1,0.95,single_overlap
1019,1,1.0,1,1.0,single_overlap
1020,1,0.980645161,1,0.993548387,single_overlap
1021,1,0.971428571,1,1.0,single_overlap
1022,1,1.0,1,0.923076923,single_overlap
1023,1,0.911111111,1,1.0,single_overlap
1024,2,0.972477064,2,0.990825688,multiple_overlaps
1025,1,1.0,1,0.541666667,single_overlap
1026,1,1.0,1,0.941176471,single_overlap
1027,1,1.0,1,1.0,single_overlap
1028,1,0.947368421,1,0.894736842,single_overlap
1029,1,1.0,1,0.888888889,single_overlap
1030,1,0.98615917,1,1.0,single_overlap
1031,0,0.0,0,0.0,no_overlap
1032,1,0.960784314,1,1.0,single_overlap
1033,1,0.890909091,1,0.945454545,single_overlap
1034,1,1.0,1,0.533333333,single_overlap
1035,1,1.0,1,1.0,single_overlap
1036,1,0.947368421,0,0.0,no_overlap
1037,1,1.0,1,1.0,single_overlap
1038,1,0.96969697,1,1.0,single_overlap
1039,1,0.973684211,1,0.894736842,single_overlap
1040,0,0.0,0,0.0,no_overlap
1041,1,1.0,1,0.933333333,single_overlap
1042,1,1.0,1,1.0,single_overlap
1043,1,1.0,1,1.0,single_overlap
1044,1,0.833333333,1,0.833333333,single_overlap
1045,1,1.0,2,1.0,multiple_overlaps
1046,1,0.755555556,2,0.977777778,multiple_overlaps
1047,1,1.0,1,1.0,single_overlap
1048,1,0.954545455,0,0.0,no_overlap
1049,1,1.0,1,1.0,single_overlap
1050,1,0.904761905,1,0.952380952,single_overlap
1051,1,1.0,1,1.0,single_overlap
1052,1,1.0,1,1.0,single_overlap
1053,1,1.0,0,0.0,no_overlap
1054,1,0.987538941,1,1.0,single_overlap
1055,1,0.84375,1,0.854166667,single_overlap
1056,1,0.972222222,1,0.833333333,single_overlap
1057,1,1.0,1,1.0,single_overlap
1058,1,1.0,1,1.0,single_overlap
1059,0,0.0,1,1.0,single_overlap
1060,1,1.0,1,1.0,single_overlap
1061,1,1.0,1,1.0,single_overlap
1062,1,1.0,1,1.0,single_overlap
1063,1,1.0,0,0.0,no_overlap
1064,1,1.0,1,1.0,single_overlap
1065,1,1.0,1,1.0,single_overlap
1066,1,1.0,1,1.0,single_overlap
1067,1,1.0,1,1.0,single_overlap
1068,0,0.0,0,0.0,no_overlap
1069,1,0.990291262,1,1.0,single_overlap
1070,1,1.0,1,0.941176471,single_overlap
1071,1,1.0,1,1.0,single_overlap
1072,1,1.0,1,0.958333333,single_overlap
1073,1,0.681818182,1,0.681818182,single_overlap
1074,1,1.0,0,0.0,no_overlap
1075,1,1.0,1,1.0,single_overlap
1076,1,0.849462366,1,1.0,single_overlap
1077,1,1.0,1,1.0,single_overlap
1078,1,1.0,0,0.0,no_overlap
1079,1,0.903225806,1,1.0,single_overlap
1080,1,1.0,0,0.0,no_overlap
1081,1,1.0,1,1.0,single_overlap
1082,1,1.0,0,0.0,no_overlap
1083,1,1.0,1,1.0,single_overlap
1084,1,0.883116883,1,0.974025974,single_overlap
1085,1,0.8125,1,0.8125,single_overlap
1086,1,0.992846924,1,0.988555079,single_overlap
1087,1,1.0,1,0.866666667,single_overlap
1088,1,1.0,1,0.818181818,single_overlap
1089,1,1.0,1,1.0,single_overlap
1090,0,0.0,0,0.0,no_overlap
1091,0,0.0,0,0.0,no_overlap
1092,1,1.0,0,0.0,no_overlap
1093,1,0.64516129,0,0.0,no_overlap
1094,1,1.0,1,1.0,single_overlap
1095,1,0.891304348,1,1.0,single_overlap
1096,1,1.0,1,1.0,single_overlap
1097,1,0.952380952,1,1.0,single_overlap
1098,0,0.0,0,0.0,no_overlap
1099,1,1.0,0,0.0,no_overlap
1100,1,1.0,1,0.818181818,single_overlap
1101,1,0.980519481,1,0.980519481,single_overlap
1102,1,0.80952381,1,1.0,single_overlap
1103,1,0.972972973,1,1.0,single_overlap
1104,1,1.0,1,0.947368421,single_overlap
1105,1,0.933333333,1,0.933333333,single_overlap
1106,1,0.933333333,0,0.0,no_overlap
1107,1,1.0,1,1.0,single_overlap
1108,1,0.727272727,1,0.636363636,single_overlap
1109,1,1.0,1,1.0,single_overlap
1110,1,0.888888889,1,1.0,single_overlap
1111,1,0.984375,1,1.0,single_overlap
1112,1,1.0,1,1.0,single_overlap
1113,1,1.0,1,0.941176471,single_overlap
1114,2,0.666666667,2,1.0,multiple_overlaps
1115,1,0.974358974,1,1.0,single_overlap
1116,0,0.0,1,0.25,single_overlap
1117,1,1.0,1,1.0,single_overlap
1118,1,1.0,1,1.0,single_overlap
1119,1,1.0,1,0.722222222,single_overlap
1120,1,0.983870968,1,1.0,single_overlap
1121,1,1.0,1,1.0,single_overlap
1122,1,0.925925926,1,0.987654321,single_overlap
1123,1,1.0,1,1.0,single_overlap
1124,1,1.0,1,1.0,single_overlap
1125,1,0.962962963,1,1.0,single_overlap
1126,1,0.971502591,1,1.0,single_overlap
1127,1,1.0,1,1.0,single_overlap
1128,1,1.0,1,1.0,single_overlap
1129,1,1.0,1,1.0,single_overlap
1130,1,1.0,1,1.0,single_overlap
1131,1,1.0,1,0.8,single_overlap
1132,1,0.996575342,1,0.993150685,single_overlap
1133,1,0.942307692,2,0.75,multiple_overlaps
1134,1,0.925925926,1,1.0,single_overlap
1135,1,1.0,1,1.0,single_overlap
1136,1,0.977272727,1,0.954545455,single_overlap
1137,1,0.8,1,1.0,single_overlap
1138,1,1.0,1,1.0,single_overlap
1139,1,1.0,1,0.565217391,single_overlap
1140,1,0.916666667,1,0.916666667,single_overlap
1141,1,0.95,1,1.0,single_overlap
1142,1,0.947368421,1,1.0,single_overlap
1143,1,1.0,1,1.0,single_overlap
1144,1,1.0,0,0.0,no_overlap
1145,1,0.791666667,1,1.0,single_overlap
1146,1,0.98,1,1.0,single_overlap
1147,1,1.0,0,0.0,no_overlap
1148,1,0.9375,0,0.0,no_overlap
1149,1,1.0,1,1.0,single_overlap
1150,1,1.0,1,0.53125,single_overlap
1151,1,1.0,1,0.977777778,single_overlap
1152,1,0.991735537,1,1.0,single_overlap
1153,1,1.0,1,1.0,single_overlap
1154,1,1.0,1,0.933333333,single_overlap
1155,1,1.0,1,1.0,single_overlap
1156,1,0.941176471,1,0.882352941,single_overlap
1157,1,1.0,1,1.0,single_overlap
1158,1,0.977272727,1,1.0,single_overlap
1159,1,1.0,1,1.0,single_overlap
1160,1,1.0,1,1.0,single_overlap
1161,1,1.0,1,1.0,single_overlap
1162,1,0.960784314,1,0.970588235,single_overlap
1163,1,1.0,1,1.0,single_overlap
1164,1,1.0,0,0.0,no_overlap
1165,1,0.952380952,1,0.904761905,single_overlap
1166,1,1.0,1,1.0,single_overlap
1167,1,1.0,1,1.0,single_overlap
1168,1,1.0,1,1.0,single_overlap
1169,1,0.863905325,1,0.893491124,single_overlap
1170,1,0.8125,0,0.0,no_overlap
1171,1,1.0,0,0.0,no_overlap
1172,1,0.833333333,0,0.0,no_overlap
1173,1,1.0,1,1.0,single_overlap
1174,1,1.0,1,1.0,single_overlap
1175,1,0.955414013,1,0.98089172,single_overlap
1176,1,1.0,1,1.0,single_overlap
1177,1,0.928571429,0,0.0,no_overlap
1178,1,1.0,1,1.0,single_overlap
1179,1,0.909090909,1,1.0,single_overlap
1180,1,1.0,1,1.0,single_overlap
1181,0,0.0,0,0.0,no_overlap
1182,1,1.0,1,1.0,single_overlap
1183,1,0.765625,1,0.90625,single_overlap
1184,1,0.818181818,1,0.909090909,single_overlap
1185,1,1.0,1,0.903225806,single_overlap
1186,1,0.928571429,1,0.928571429,single_overlap
1187,1,0.85,1,0.6,single_overlap
1188,0,0.0,2,1.0,multiple_overlaps
1189,1,0.95,1,0.95,single_overlap
1190,1,1.0,1,1.0,single_overlap
1191,1,1.0,1,0.3125,single_overlap
1192,1,0.882352941,1,1.0,single_overlap
1193,1,0.9375,1,1.0,single_overlap
1194,1,1.0,1,1.0,single_overlap
1195,1,0.945205479,1,0.739726027,single_overlap
1196,1,1.0,1,0.688888889,single_overlap
1197,1,1.0,1,0.818181818,single_overlap
1198,1,0.909090909,1,1.0,single_overlap
1199,1,1.0,0,0.0,no_overlap
1200,1,0.941176471,0,0.0,no_overlap
1201,1,1.0,1,1.0,single_overlap
1202,1,0.947368421,0,0.0,no_overlap
1203,0,0.0,0,0.0,no_overlap
1204,1,0.772727273,1,0.454545455,single_overlap
1205,1,1.0,1,0.794117647,single_overlap
1206,1,0.948717949,1,1.0,single_overlap
1207,1,1.0,1,1.0,single_overlap
1208,1,0.810606061,1,0.96969697,single_overlap
1209,1,0.934782609,1,1.0,single_overlap
1210,1,1.0,0,0.0,no_overlap
1211,1,1.0,0,0.0,no_overlap
1212,1,0.978609626,1,1.0,single_overlap
1213,0,0.0,0,0.0,no_overlap
1214,1,1.0,1,1.0,single_overlap
1215,1,0.826086957,1,1.0,single_overlap
1216,1,0.9375,0,0.0,no_overlap
1217,1,1.0,0,0.0,no_overlap
1218,1,0.888888889,1,0.925925926,single_overlap
1219,1,1.0,1,0.941176471,single_overlap
1220,0,0.0,0,0.0,no_overlap
1221,1,0.962962963,1,0.962962963,single_overlap
1222,0,0.0,0,0.0,no_overlap
1223,1,1.0,1,1.0,single_overlap
1224,1,1.0,1,0.816666667,single_overlap
1225,1,0.955431755,1,0.95821727,single_overlap
1226,1,1.0,0,0.0,no_overlap
1227,1,1.0,1,1.0,single_overlap
1228,1,0.921052632,1,1.0,single_overlap
1229,1,1.0,1,1.0,single_overlap
1230,1,0.962264151,1,1.0,single_overlap
1231,1,0.96,1,0.56,single_overlap
1232,1,1.0,1,1.0,single_overlap
1233,1,0.984699454,1,1.0,single_overlap
1234,1,0.96969697,1,1.0,single_overlap
1235,1,0.846153846,0,0.0,no_overlap
1236,1,1.0,1,1.0,single_overlap
1237,1,1.0,1,1.0,single_overlap
1238,1,1.0,1,1.0,single_overlap
1239,0,0.0,1,1.0,single_overlap
1240,1,0.875,1,1.0,single_overlap
1241,1,0.965517241,1,0.862068966,single_overlap
1242,1,1.0,1,1.0,single_overlap
1243,1,1.0,0,0.0,no_overlap
1244,1,1.0,1,1.0,single_overlap
1245,1,1.0,1,0.971428571,single_overlap
1246,1,0.944444444,1,1.0,single_overlap
1247,1,1.0,1,0.928571429,single_overlap
1248,1,0.965517241,1,1.0,single_overlap
1249,1,1.0,1,1.0,single_overlap
1250,1,1.0,1,0.875,single_overlap
1251,1,1.0,1,1.0,single_overlap
1252,1,1.0,1,1.0,single_overlap
1253,1,0.857142857,1,0.952380952,single_overlap
1254,1,1.0,1,1.0,single_overlap
1255,1,0.888888889,1,1.0,single_overlap
1256,1,1.0,1,0.8,single_overlap
1257,0,0.0,0,0.0,no_overlap
1258,1,1.0,1,1.0,single_overlap
1259,1,0.921568627,1,0.941176471,single_overlap
1260,1,0.931506849,1,0.98630137,single_overlap
1261,1,0.967741935,1,1.0,single_overlap
1262,1,1.0,1,1.0,single_overlap
1263,1,0.930232558,1,0.697674419,single_overlap
1264,1,0.930555556,1,1.0,single_overlap
1265,1,0.969130788,1,1.0,single_overlap
1266,1,1.0,1,1.0,single_overlap
1267,1,1.0,1,1.0,single_overlap
1268,1,1.0,1,0.741935484,single_overlap
1269,1,0.990990991,2,1.0,multiple_overlaps
1270,1,1.0,1,1.0,single_overlap
1271,1,1.0,1,1.0,single_overlap
1272,1,0.846153846,1,1.0,single_overlap
1273,1,0.941176471,1,1.0,single_overlap
1274,1,0.975609756,1,1.0,single_overlap
1275,1,1.0,1,1.0,single_overlap
1276,1,1.0,1,1.0,single_overlap
1277,1,0.923076923,1,1.0,single_overlap
1278,1,0.944444444,1,0.833333333,single_overlap
1279,1,0.954545455,1,0.636363636,single_overlap
1280,1,1.0,1,1.0,single_overlap
1281,1,0.979166667,1,1.0,single_overlap
1282,1,1.0,1,1.0,single_overlap
1283,1,1.0,1,1.0,single_overlap
1284,1,0.974358974,1,1.0,single_overlap
1285,1,1.0,1,1.0,single_overlap
1286,1,1.0,1,1.0,single_overlap
1287,1,1.0,1,1.0,single_overlap
1288,0,0.0,0,0.0,no_overlap
1289,1,1.0,1,1.0,single_overlap
1290,1,1.0,1,1.0,single_overlap
1291,1,0.5625,1,0.9375,single_overlap
1292,1,1.0,1,1.0,single_overlap
1293,1,0.8,1,0.6,single_overlap
1294,1,0.833333333,1,1.0,single_overlap
1295,1,1.0,1,0.266666667,single_overlap
1296,0,0.0,0,0.0,no_overlap
1297,1,0.916666667,1,0.5,single_overlap
1298,1,1.0,1,0.473684211,single_overlap
1299,0,0.0,0,0.0,no_overlap
1300,1,0.923076923,0,0.0,no_overlap
1301,1,1.0,1,0.681818182,single_overlap
1302,1,0.945652174,1,0.836956522,single_overlap
1303,0,0.0,0,0.0,no_overlap
1304,1,1.0,1,1.0,single_overlap
1305,1,0.96,1,1.0,single_overlap
1306,1,1.0,1,1.0,single_overlap
1307,1,1.0,0,0.0,no_overlap
1308,1,0.785714286,0,0.0,no_overlap
1309,0,0.0,0,0.0,no_overlap
1310,1,1.0,0,0.0,no_overlap
1311,1,0.933333333,1,0.866666667,single_overlap
1312,1,1.0,1,1.0,single_overlap
1313,1,0.761904762,1,1.0,single_overlap
1314,1,0.956521739,1,0.782608696,single_overlap
1315,0,0.0,0,0.0,no_overlap
1316,1,0.958041958,1,0.958041958,single_overlap
1317,1,1.0,1,0.214285714,single_overlap
1318,1,1.0,1,1.0,single_overlap
1319,1,1.0,0,0.0,no_overlap
1320,0,0.0,0,0.0,no_overlap
1321,1,1.0,1,0.967741935,single_overlap
1322,1,1.0,1,1.0,single_overlap
1323,1,0.849056604,1,1.0,single_overlap
1324,0,0.0,1,0.952380952,single_overlap
1325,1,1.0,0,0.0,no_overlap
1326,1,0.9375,0,0.0,no_overlap
1327,1,1.0,1,0.677419355,single_overlap
1328,1,1.0,1,1.0,single_overlap
1329,1,1.0,1,1.0,single_overlap
1330,1,1.0,1,1.0,single_overlap
1331,0,0.0,1,0.928571429,single_overlap
1332,1,1.0,1,1.0,single_overlap
1333,0,0.0,1,1.0,single_overlap
1334,1,1.0,1,1.0,single_overlap
1335,1,1.0,1,1.0,single_overlap
1336,1,1.0,1,0.975206612,single_overlap
1337,1,1.0,1,0.958333333,single_overlap
1338,1,1.0,1,1.0,single_overlap
1339,1,1.0,1,1.0,single_overlap
1340,1,0.987730061,1,0.993865031,single_overlap
1341,1,1.0,1,0.944444444,single_overlap
1342,1,1.0,1,1.0,single_overlap
1343,1,0.964497041,1,1.0,single_overlap
1344,0,0.0,1,1.0,single_overlap
1345,1,0.894736842,1,0.894736842,single_overlap
1346,1,0.916666667,1,1.0,single_overlap
1347,2,0.950819672,1,0.918032787,single_overlap
1348,1,1.0,0,0.0,no_overlap
1349,1,1.0,1,1.0,single_overlap
1350,1,0.961538462,1,0.961538462,single_overlap
1351,1,0.985454545,1,1.0,single_overlap
1352,1,1.0,1,1.0,single_overlap
1353,1,1.0,1,1.0,single_overlap
1354,1,0.968051118,1,1.0,single_overlap
1355,1,1.0,1,1.0,single_overlap
1356,1,0.965779468,1,1.0,single_overlap
1357,1,0.923076923,1,0.923076923,single_overlap
1358,1,1.0,0,0.0,no_overlap
1359,1,1.0,1,1.0,single_overlap
1360,1,0.923076923,1,1.0,single_overlap
1361,1,0.923076923,1,1.0,single_overlap
1362,1,1.0,1,1.0,single_overlap
1363,1,0.985507246,1,0.942028986,single_overlap
1364,1,1.0,1,1.0,single_overlap
1365,0,0.0,1,0.5,single_overlap
1366,1,0.846153846,1,1.0,single_overlap
1367,1,0.923076923,1,0.974358974,single_overlap
1368,1,1.0,1,0.956521739,single_overlap
1369,1,0.928571429,1,0.928571429,single_overlap
1370,1,1.0,1,1.0,single_overlap
1371,1,1.0,0,0.0,no_overlap
1372,1,0.977272727,1,1.0,single_overlap
1373,1,1.0,1,1.0,single_overlap
1374,1,1.0,0,0.0,no_overlap
1375,0,0.0,1,1.0,single_overlap
1376,1,1.0,1,0.545454545,single_overlap
1377,1,1.0,1,1.0,single_overlap
1378,1,0.970319635,1,1.0,single_overlap
1379,1,0.916666667,1,1.0,single_overlap
1380,1,1.0,0,0.0,no_overlap
1381,1,1.0,1,1.0,single_overlap
1382,1,1.0,1,1.0,single_overlap
1383,1,1.0,1,1.0,single_overlap
1384,1,1.0,0,0.0,no_overlap
1385,1,0.966666667,1,0.966666667,single_overlap
1386,1,1.0,1,1.0,single_overlap
1387,1,0.68,1,1.0,single_overlap
1388,1,1.0,1,1.0,single_overlap
1389,1,0.875,1,1.0,single_overlap
1390,1,1.0,1,1.0,single_overlap
1391,0,0.0,1,1.0,single_overlap
1392,1,1.0,1,1.0,single_overlap
1393,1,0.98,1,1.0,single_overlap
1394,1,0.857142857,1,0.714285714,single_overlap
1395,1,1.0,1,1.0,single_overlap
1396,1,1.0,1,1.0,single_overlap
1397,1,0.782608696,1,0.826086957,single_overlap
1398,1,0.995049505,1,0.988448845,single_overlap
1399,1,1.0,1,0.8125,single_overlap
1400,1,0.888888889,1,1.0,single_overlap
1401,1,0.9,0,0.0,no_overlap
1402,2,0.934065934,2,1.0,multiple_overlaps
1403,1,0.823529412,2,0.529411765,multiple_overlaps
1404,4,0.878378378,1,1.0,single_overlap
1405,1,1.0,0,0.0,no_overlap
1406,2,1.0,2,0.782608696,multiple_overlaps
1407,0,0.0,1,0.5,single_overlap
1408,1,1.0,0,0.0,no_overlap
1409,0,0.0,1,0.8,single_overlap
1410,1,0.921686747,1,0.975903614,single_overlap
1411,1,1.0,1,1.0,single_overlap
1412,1,0.981927711,1,1.0,single_overlap
1413,1,1.0,0,0.0,no_overlap
1414,0,0.0,0,0.0,no_overlap
1415,0,0.0,0,0.0,no_overlap
1416,1,0.964705882,0,0.0,no_overlap
1417,1,1.0,1,1.0,single_overlap
1418,1,0.972222222,1,0.944444444,single_overlap
1419,1,0.887445887,1,1.0,single_overlap
1420,1,0.953846154,1,1.0,single_overlap
1421,1,0.961038961,1,0.961038961,single_overlap
1422,1,1.0,1,0.904761905,single_overlap
1423,1,1.0,1,1.0,single_overlap
1424,1,0.681818182,1,0.636363636,single_overlap
1425,0,0.0,0,0.0,no_overlap
1426,1,1.0,0,0.0,no_overlap
1427,1,0.977272727,1,1.0,single_overlap
1428,1,1.0,1,0.853658537,single_overlap
1429,1,0.801526718,1,1.0,single_overlap
1430,1,0.95,1,1.0,single_overlap
1431,0,0.0,0,0.0,no_overlap
1432,1,1.0,1,0.888888889,single_overlap
1433,1,1.0,1,0.888888889,single_overlap
1434,1,1.0,1,1.0,single_overlap
1435,1,1.0,1,1.0,single_overlap
1436,1,1.0,0,0.0,no_overlap
1437,1,1.0,1,1.0,single_overlap
1438,1,1.0,1,1.0,single_overlap
1439,1,0.927272727,1,0.890909091,single_overlap
1440,1,1.0,1,1.0,single_overlap
1441,1,0.921052632,1,0.710526316,single_overlap
1442,1,1.0,1,1.0,single_overlap
1443,1,1.0,1,1.0,single_overlap
1444,1,1.0,1,1.0,single_overlap
1445,1,1.0,1,1.0,single_overlap
1446,1,0.928571429,1,1.0,single_overlap
1447,1,0.978723404,1,1.0,single_overlap
1448,1,1.0,1,0.769230769,single_overlap
1449,1,1.0,1,1.0,single_overlap
1450,1,0.909090909,1,0.818181818,single_overlap
1451,1,1.0,1,1.0,single_overlap
1452,1,1.0,1,1.0,single_overlap
1453,1,1.0,1,0.969230769,single_overlap
1454,1,0.857142857,1,1.0,single_overlap
1455,2,0.98828125,1,1.0,single_overlap
1456,1,1.0,1,1.0,single_overlap
1457,1,0.882352941,1,0.705882353,single_overlap
1458,1,1.0,1,1.0,single_overlap
1459,1,1.0,1,1.0,single_overlap
1460,1,0.888888889,1,0.962962963,single_overlap
1461,1,1.0,1,1.0,single_overlap
1462,1,0.952380952,1,1.0,single_overlap
1463,1,0.923076923,1,1.0,single_overlap
1464,1,1.0,1,1.0,single_overlap
1465,1,1.0,0,0.0,no_overlap
1466,1,0.956521739,1,1.0,single_overlap
1467,1,1.0,1,0.5,single_overlap
1468,1,0.990888383,1,1.0,single_overlap
1469,1,1.0,1,1.0,single_overlap
1470,1,0.954545455,1,1.0,single_overlap
1471,1,0.95,1,0.8,single_overlap
1472,1,1.0,1,0.941176471,single_overlap
1473,1,1.0,1,1.0,single_overlap
1474,1,1.0,1,1.0,single_overlap
1475,1,0.944444444,1,1.0,single_overlap
1476,1,1.0,1,0.846153846,single_overlap
1477,1,1.0,1,1.0,single_overlap
1478,1,1.0,1,1.0,single_overlap
1479,1,1.0,1,1.0,single_overlap
1480,1,1.0,1,1.0,single_overlap
1481,1,1.0,1,1.0,single_overlap
1482,1,0.973684211,1,1.0,single_overlap
1483,1,1.0,1,1.0,single_overlap
1484,1,0.955223881,1,0.925373134,single_overlap
1485,1,1.0,1,1.0,single_overlap
1486,1,0.769230769,1,1.0,single_overlap
1487,1,0.888888889,1,0.888888889,single_overlap
1488,1,1.0,1,1.0,single_overlap
1489,1,1.0,1,1.0,single_overlap
1490,1,1.0,1,1.0,single_overlap
1491,1,1.0,1,1.0,single_overlap
1492,1,0.96,1,1.0,single_overlap
1493,1,0.9375,1,1.0,single_overlap
1494,1,1.0,1,1.0,single_overlap
1495,1,1.0,1,1.0,single_overlap
1496,1,1.0,1,1.0,single_overlap
1497,0,0.0,0,0.0,no_overlap
1498,1,0.913705584,1,0.979695431,single_overlap
1499,1,1.0,1,1.0,single_overlap
1500,1,0.985074627,1,0.686567164,single_overlap
1501,1,1.0,0,0.0,no_overlap
1502,1,0.888888889,1,1.0,single_overlap
1503,1,0.868421053,1,0.947368421,single_overlap
1504,1,1.0,0,0.0,no_overlap
1505,1,1.0,0,0.0,no_overlap
1506,1,1.0,0,0.0,no_overlap
1507,1,1.0,0,0.0,no_overlap
1508,1,0.886363636,1,0.818181818,single_overlap
1509,1,0.909090909,1,0.818181818,single_overlap
1510,1,1.0,1,0.866666667,single_overlap
1511,1,1.0,0,0.0,no_overlap
1512,1,1.0,0,0.0,no_overlap
1513,1,0.991489362,1,1.0,single_overlap
1514,1,1.0,1,1.0,single_overlap
1515,1,1.0,0,0.0,no_overlap
1516,0,0.0,0,0.0,no_overlap
1517,1,1.0,0,0.0,no_overlap
1518,1,0.888888889,0,0.0,no_overlap
1519,1,1.0,1,0.619047619,single_overlap
1520,1,0.764705882,0,0.0,no_overlap
1521,1,0.897435897,0,0.0,no_overlap
1522,1,1.0,1,0.961538462,single_overlap
1523,1,1.0,0,0.0,no_overlap
1524,1,0.84,1,0.96,single_overlap
1525,1,1.0,1,1.0,single_overlap
1526,1,0.818181818,0,0.0,no_overlap
1527,1,1.0,0,0.0,no_overlap
1528,1,1.0,1,1.0,single_overlap
1529,1,1.0,1,1.0,single_overlap
1530,1,0.906354515,1,0.996655518,single_overlap
1531,1,1.0,0,0.0,no_overlap
1532,1,1.0,0,0.0,no_overlap
1533,1,0.990291262,1,1.0,single_overlap
1534,1,0.909090909,1,1.0,single_overlap
1535,1,1.0,1,1.0,single_overlap
1536,1,1.0,1,0.636363636,single_overlap
1537,1,1.0,1,0.916666667,single_overlap
1538,1,1.0,1,1.0,single_overlap
1539,1,1.0,1,1.0,single_overlap
1540,1,1.0,0,0.0,no_overlap
1541,1,1.0,1,1.0,single_overlap
1542,1,0.984,1,0.998,single_overlap
1543,1,1.0,1,1.0,single_overlap
1544,1,1.0,1,0.857142857,single_overlap
1545,1,0.962264151,1,1.0,single_overlap
1546,1,0.996987952,1,1.0,single_overlap
1547,1,0.888888889,1,0.888888889,single_overlap
1548,1,1.0,1,1.0,single_overlap
1549,1,1.0,1,0.964285714,single_overlap
1550,1,1.0,1,1.0,single_overlap
1551,1,1.0,1,1.0,single_overlap
1552,1,1.0,0,0.0,no_overlap
1553,0,0.0,0,0.0,no_overlap
1554,1,0.990196078,1,1.0,single_overlap
1555,1,0.647058824,2,1.0,multiple_overlaps
1556,1,1.0,1,1.0,single_overlap
1557,1,1.0,1,1.0,single_overlap
1558,1,1.0,0,0.0,no_overlap
1559,1,1.0,1,1.0,single_overlap
1560,0,0.0,0,0.0,no_overlap
1561,1,1.0,1,1.0,single_overlap
1562,1,0.959183673,1,0.897959184,single_overlap
1563,1,1.0,1,1.0,single_overlap
1564,1,1.0,1,0.411764706,single_overlap
1565,1,0.954545455,1,1.0,single_overlap
1566,1,0.989010989,1,1.0,single_overlap
1567,1,1.0,1,1.0,single_overlap
1568,1,0.714285714,0,0.0,no_overlap
1569,1,1.0,1,0.916666667,single_overlap
1570,1,0.960674157,1,1.0,single_overlap
1571,1,1.0,1,1.0,single_overlap
1572,1,1.0,1,1.0,single_overlap
1573,1,1.0,1,1.0,single_overlap
1574,1,1.0,0,0.0,no_overlap
1575,1,1.0,1,1.0,single_overlap
1576,1,1.0,1,1.0,single_overlap
1577,1,1.0,1,1.0,single_overlap
1578,1,0.894736842,1,0.947368421,single_overlap
1579,1,1.0,1,1.0,single_overlap
1580,1,1.0,1,1.0,single_overlap
1581,1,0.923076923,0,0.0,no_overlap
1582,1,0.9375,1,0.65625,single_overlap
1583,1,0.923076923,0,0.0,no_overlap
1584,1,1.0,1,1.0,single_overlap
1585,1,1.0,1,1.0,single_overlap
1586,1,1.0,0,0.0,no_overlap
1587,1,1.0,1,1.0,single_overlap
1588,1,0.972222222,1,1.0,single_overlap
1589,1,1.0,1,1.0,single_overlap
1590,1,1.0,1,1.0,single_overlap
1591,0,0.0,0,0.0,no_overlap
1592,1,1.0,0,0.0,no_overlap
1593,1,0.75,1,1.0,single_overlap
1594,1,0.511627907,1,0.930232558,single_overlap
1595,1,0.945945946,1,0.810810811,single_overlap
1596,1,0.92,1,0.76,single_overlap
1597,1,0.954545455,1,1.0,single_overlap
1598,0,0.0,0,0.0,no_overlap
1599,1,1.0,0,0.0,no_overlap
1600,1,0.75,1,0.75,single_overlap
1601,1,0.927480916,1,1.0,single_overlap
1602,1,1.0,1,1.0,single_overlap
1603,1,1.0,1,0.538461538,single_overlap
1604,1,1.0,1,0.621621622,single_overlap
1605,1,1.0,0,0.0,no_overlap
1606,0,0.0,1,0.75,single_overlap
1607,1,1.0,1,1.0,single_overlap
1608,1,1.0,1,1.0,single_overlap
1609,1,0.916666667,1,1.0,single_overlap
1610,1,1.0,1,1.0,single_overlap
1611,0,0.0,0,0.0,no_overlap
1612,1,0.333333333,0,0.0,no_overlap
1613,1,0.818181818,0,0.0,no_overlap
1614,1,0.949367089,1,0.962025316,single_overlap
1615,1,0.8,1,1.0,single_overlap
1616,1,0.943661972,1,1.0,single_overlap
1617,1,0.944444444,1,0.666666667,single_overlap
1618,1,0.846153846,1,0.038461538,single_overlap
1619,1,1.0,1,0.65,single_overlap
1620,1,0.992481203,0,0.0,no_overlap
1621,0,0.0,1,1.0,single_overlap
1622,1,1.0,1,0.941176471,single_overlap
1623,1,1.0,1,1.0,single_overlap
1624,0,0.0,1,1.0,single_overlap
1625,1,1.0,0,0.0,no_overlap
1626,1,1.0,1,1.0,single_overlap
1627,1,1.0,1,1.0,single_overlap
1628,1,0.984375,1,1.0,single_overlap
1629,1,0.991821561,1,1.0,single_overlap
1630,1,1.0,1,1.0,single_overlap
1631,1,1.0,1,1.0,single_overlap
1632,1,0.96969697,1,1.0,single_overlap
1633,1,1.0,1,1.0,single_overlap
1634,1,0.991156964,1,1.0,single_overlap
1635,1,1.0,1,1.0,single_overlap
1636,1,1.0,1,1.0,single_overlap
1637,1,0.888888889,1,1.0,single_overlap
1638,1,1.0,1,1.0,single_overlap
1639,1,1.0,1,1.0,single_overlap
1640,1,0.958333333,1,1.0,single_overlap
1641,1,0.961538462,1,1.0,single_overlap
1642,1,1.0,1,1.0,single_overlap
1643,1,1.0,1,1.0,single_overlap
1644,1,1.0,1,0.976190476,single_overlap
1645,1,1.0,1,1.0,single_overlap
1646,1,1.0,1,1.0,single_overlap
1647,1,0.909090909,1,0.909090909,single_overlap
1648,1,1.0,1,1.0,single_overlap
1649,1,1.0,1,1.0,single_overlap
1650,1,0.953488372,1,1.0,single_overlap
1651,1,0.944444444,1,1.0,single_overlap
1652,1,1.0,1,1.0,single_overlap
1653,1,0.823529412,1,0.529411765,single_overlap
1654,1,1.0,1,0.913043478,single_overlap
1655,1,0.842105263,1,0.894736842,single_overlap
1656,1,1.0,1,1.0,single_overlap
1657,1,1.0,0,0.0,no_overlap
1658,1,1.0,1,1.0,single_overlap
1659,1,0.955555556,1,1.0,single_overlap
1660,1,1.0,1,1.0,single_overlap
1661,1,0.92,1,0.12,single_overlap
1662,1,0.941176471,1,0.941176471,single_overlap
1663,1,1.0,1,1.0,single_overlap
1664,1,1.0,1,1.0,single_overlap
1665,1,1.0,1,0.05,single_overlap
1666,1,1.0,1,1.0,single_overlap
1667,1,1.0,0,0.0,no_overlap
1668,1,0.994505495,1,1.0,single_overlap
1669,1,1.0,1,1.0,single_overlap
1670,1,1.0,1,0.943396226,single_overlap
1671,1,1.0,1,1.0,single_overlap
1672,1,1.0,1,1.0,single_overlap
1673,1,1.0,1,1.0,single_overlap
1674,0,0.0,1,0.37037037,single_overlap
1675,1,0.965517241,1,0.620689655,single_overlap
1676,0,0.0,0,0.0,no_overlap
1677,1,1.0,1,1.0,single_overlap
1678,1,1.0,1,1.0,single_overlap
1679,1,1.0,1,1.0,single_overlap
1680,1,0.975609756,1,0.951219512,single_overlap
1681,1,1.0,1,1.0,single_overlap
1682,1,1.0,0,0.0,no_overlap
1683,1,0.923076923,0,0.0,no_overlap
1684,1,0.95,1,1.0,single_overlap
1685,1,1.0,0,0.0,no_overlap
1686,1,0.772727273,1,1.0,single_overlap
1687,0,0.0,0,0.0,no_overlap
1688,1,1.0,1,0.333333333,single_overlap
1689,1,0.705882353,1,0.882352941,single_overlap
1690,1,0.714285714,1,1.0,single_overlap
1691,0,0.0,0,0.0,no_overlap
1692,1,0.9,1,0.9,single_overlap
1693,1,1.0,1,0.8,single_overlap
1694,1,0.555555556,1,0.740740741,single_overlap
1695,1,0.764705882,0,0.0,no_overlap
1696,0,0.0,1,0.642857143,single_overlap
1697,1,0.925,1,1.0,single_overlap
1698,1,0.988636364,1,0.988636364,single_overlap
1699,1,0.916666667,1,1.0,single_overlap
1700,1,1.0,1,1.0,single_overlap
1701,0,0.0,0,0.0,no_overlap
1702,1,1.0,0,0.0,no_overlap
1703,1,0.888888889,0,0.0,no_overlap
1704,1,0.772727273,0,0.0,no_overlap
1705,1,1.0,1,1.0,single_overlap
1706,1,0.976744186,1,0.88372093,single_overlap
1707,0,0.0,0,0.0,no_overlap
1708,1,1.0,0,0.0,no_overlap
1709,1,0.888888889,0,0.0,no_overlap
1710,1,0.947368421,1,0.842105263,single_overlap
1711,1,1.0,1,1.0,single_overlap
1712,1,0.996941896,1,0.993883792,single_overlap
1713,1,0.852941176,1,1.0,single_overlap
1714,0,0.0,0,0.0,no_overlap
1715,1,1.0,0,0.0,no_overlap
1716,0,0.0,0,0.0,no_overlap
1717,1,0.933333333,1,1.0,single_overlap
1718,1,1.0,1,1.0,single_overlap
1719,1,0.982142857,1,0.910714286,single_overlap
1720,1,1.0,1,1.0,single_overlap
1721,1,1.0,1,1.0,single_overlap
1722,1,0.965517241,1,1.0,single_overlap
1723,1,1.0,0,0.0,no_overlap
1724,1,1.0,1,1.0,single_overlap
1725,1,0.99270073,1,1.0,single_overlap
1726,1,0.981481481,1,1.0,single_overlap
1727,1,1.0,1,1.0,single_overlap
1728,1,1.0,0,0.0,no_overlap
1729,1,1.0,1,1.0,single_overlap
1730,1,1.0,1,1.0,single_overlap
1731,1,1.0,1,1.0,single_overlap
1732,1,1.0,1,0.909090909,single_overlap
1733,1,1.0,1,1.0,single_overlap
1734,1,1.0,1,1.0,single_overlap
1735,1,1.0,1,0.857142857,single_overlap
1736,1,0.861111111,1,0.972222222,single_overlap
1737,1,1.0,1,0.973684211,single_overlap
1738,1,1.0,1,1.0,single_overlap
1739,1,1.0,1,1.0,single_overlap
1740,1,0.777777778,1,1.0,single_overlap
1741,1,0.9,0,0.0,no_overlap
1742,1,1.0,1,1.0,single_overlap
1743,1,0.966666667,1,0.933333333,single_overlap
1744,1,1.0,1,0.965517241,single_overlap
1745,1,0.9,1,0.9,single_overlap
1746,1,1.0,1,1.0,single_overlap
1747,1,0.895833333,1,1.0,single_overlap
1748,1,0.997983871,1,0.981854839,single_overlap
1749,1,0.96875,1,1.0,single_overlap
1750,1,0.956521739,1,1.0,single_overlap
1751,1,0.9,1,0.9,single_overlap
1752,1,0.953907816,1,0.875751503,single_overlap
1753,1,1.0,1,1.0,single_overlap
1754,1,0.979381443,1,1.0,single_overlap
1755,1,1.0,1,1.0,single_overlap
1756,1,0.913043478,1,1.0,single_overlap
1757,1,0.733333333,1,0.8,single_overlap
1758,1,1.0,1,1.0,single_overlap
1759,1,1.0,1,1.0,single_overlap
1760,1,1.0,1,1.0,single_overlap
1761,1,1.0,1,1.0,single_overlap
1762,1,1.0,1,1.0,single_overlap
1763,1,1.0,1,1.0,single_overlap
1764,1,1.0,1,1.0,single_overlap
1765,1,1.0,0,0.0,no_overlap
1766,1,0.714285714,0,0.0,no_overlap
1767,1,1.0,1,1.0,single_overlap
1768,1,1.0,1,1.0,single_overlap
1769,1,0.96,1,1.0,single_overlap
1770,1,1.0,1,1.0,single_overlap
1771,1,1.0,0,0.0,no_overlap
1772,1,1.0,1,0.666666667,single_overlap
1773,1,1.0,1,1.0,single_overlap
1774,1,1.0,1,0.991304348,single_overlap
1775,1,1.0,1,1.0,single_overlap
1776,1,1.0,1,0.952380952,single_overlap
1777,0,0.0,0,0.0,no_overlap
1778,1,1.0,1,0.625,single_overlap
1779,1,1.0,0,0.0,no_overlap
1780,1,0.958333333,1,0.625,single_overlap
1781,1,0.934782609,1,0.826086957,single_overlap
1782,1,1.0,0,0.0,no_overlap
1783,1,1.0,1,0.793103448,single_overlap
1784,1,0.888888889,1,0.444444444,single_overlap
1785,1,1.0,1,0.978723404,single_overlap
1786,1,0.916666667,1,1.0,single_overlap
1787,1,0.899082569,1,1.0,single_overlap
1788,1,1.0,1,1.0,single_overlap
1789,1,1.0,1,1.0,single_overlap
1790,1,1.0,0,0.0,no_overlap
1791,1,0.857142857,0,0.0,no_overlap
1792,0,0.0,0,0.0,no_overlap
1793,0,0.0,0,0.0,no_overlap
1794,1,1.0,1,0.136363636,single_overlap
1795,1,0.685714286,1,0.914285714,single_overlap
1796,1,0.9,0,0.0,no_overlap
1797,1,0.677419355,0,0.0,no_overlap
1798,1,1.0,0,0.0,no_overlap
1799,1,0.833333333,1,0.833333333,single_overlap
1800,1,1.0,1,1.0,single_overlap
1801,1,1.0,0,0.0,no_overlap
1802,0,0.0,0,0.0,no_overlap
1803,1,1.0,1,1.0,single_overlap
1804,0,0.0,0,0.0,no_overlap
1805,1,0.791666667,1,1.0,single_overlap
1806,1,0.993366501,1,1.0,single_overlap
1807,1,1.0,1,0.775,single_overlap
1808,1,1.0,1,0.2,single_overlap
1809,1,1.0,1,1.0,single_overlap
1810,1,1.0,1,1.0,single_overlap
1811,0,0.0,1,1.0,single_overlap
1812,1,1.0,1,1.0,single_overlap
1813,1,1.0,1,1.0,single_overlap
1814,1,0.96875,1,1.0,single_overlap
1815,1,1.0,1,1.0,single_overlap
1816,1,0.913043478,1,1.0,single_overlap
1817,1,1.0,0,0.0,no_overlap
1818,1,1.0,1,1.0,single_overlap
1819,1,1.0,1,1.0,single_overlap
1820,1,0.909090909,1,1.0,single_overlap
1821,1,0.952380952,1,1.0,single_overlap
1822,1,1.0,1,1.0,single_overlap
1823,1,1.0,1,1.0,single_overlap
1824,1,1.0,1,0.571428571,single_overlap
1825,1,0.948717949,1,1.0,single_overlap
1826,1,1.0,1,1.0,single_overlap
1827,1,1.0,1,1.0,single_overlap
1828,1,0.896551724,1,1.0,single_overlap
1829,1,0.958333333,1,0.869047619,single_overlap
1830,1,0.777777778,0,0.0,no_overlap
1831,1,1.0,1,1.0,single_overlap
1832,1,0.923076923,0,0.0,no_overlap
1833,0,0.0,1,1.0,single_overlap
1834,1,0.916666667,1,0.75,single_overlap
1835,1,1.0,1,1.0,single_overlap
1836,1,1.0,1,1.0,single_overlap
1837,1,1.0,1,0.307692308,single_overlap
1838,1,0.976744186,1,1.0,single_overlap
1839,1,1.0,1,1.0,single_overlap
1840,1,1.0,0,0.0,no_overlap
1841,0,0.0,0,0.0,no_overlap
1842,1,0.954545455,1,1.0,single_overlap
1843,1,1.0,1,1.0,single_overlap
1844,1,1.0,1,1.0,single_overlap
1845,1,0.940740741,1,1.0,single_overlap
1846,1,1.0,0,0.0,no_overlap
1847,1,0.965517241,1,1.0,single_overlap
1848,1,1.0,1,1.0,single_overlap
1849,1,0.992,1,1.0,single_overlap
1850,1,1.0,1,1.0,single_overlap
1851,1,1.0,1,1.0,single_overlap
1852,1,1.0,1,1.0,single_overlap
1853,0,0.0,1,0.9375,single_overlap
1854,2,0.954990215,1,0.911937378,single_overlap
1855,1,0.777777778,1,1.0,single_overlap
1856,1,1.0,1,1.0,single_overlap
1857,1,0.95,1,1.0,single_overlap
1858,1,1.0,1,1.0,single_overlap
1859,1,0.9375,1,1.0,single_overlap
1860,1,0.904761905,1,0.523809524,single_overlap
1861,1,1.0,1,1.0,single_overlap
1862,1,1.0,1,1.0,single_overlap
1863,0,0.0,0,0.0,no_overlap
1864,1,0.894736842,1,1.0,single_overlap
1865,1,0.714285714,1,1.0,single_overlap
1866,1,0.980392157,1,0.969362745,single_overlap
1867,1,0.857142857,0,0.0,no_overlap
1868,1,0.972067039,1,0.905027933,single_overlap
1869,1,0.868421053,2,0.719298246,multiple_overlaps
1870,1,1.0,1,0.8,single_overlap
1871,1,1.0,1,0.527777778,single_overlap
1872,1,0.882352941,0,0.0,no_overlap
1873,1,0.983050847,1,0.915254237,single_overlap
1874,1,1.0,1,1.0,single_overlap
1875,1,1.0,1,1.0,single_overlap
1876,1,1.0,0,0.0,no_overlap
1877,1,0.966666667,1,0.533333333,single_overlap
1878,1,0.882352941,1,0.529411765,single_overlap
1879,1,0.96,1,0.973333333,single_overlap
1880,1,0.984375,1,1.0,single_overlap
1881,1,1.0,0,0.0,no_overlap
1882,0,0.0,0,0.0,no_overlap
1883,1,1.0,0,0.0,no_overlap
1884,1,0.933333333,1,1.0,single_overlap
1885,1,1.0,1,1.0,single_overlap
1886,1,1.0,0,0.0,no_overlap
1887,1,0.9,1,0.95,single_overlap
1888,1,0.821428571,1,1.0,single_overlap
1889,0,0.0,0,0.0,no_overlap
1890,1,1.0,0,0.0,no_overlap
1891,1,1.0,1,1.0,single_overlap
1892,1,1.0,1,0.958333333,single_overlap
1893,1,1.0,1,1.0,single_overlap
1894,1,1.0,1,0.875,single_overlap
1895,1,1.0,1,1.0,single_overlap
1896,1,1.0,0,0.0,no_overlap
1897,1,0.962264151,1,1.0,single_overlap
1898,1,0.947368421,1,1.0,single_overlap
1899,1,1.0,1,1.0,single_overlap
1900,1,0.974683544,1,1.0,single_overlap
1901,1,0.92,1,1.0,single_overlap
1902,1,0.857142857,0,0.0,no_overlap
1903,1,1.0,1,1.0,single_overlap
1904,0,0.0,0,0.0,no_overlap
1905,1,1.0,1,1.0,single_overlap
1906,1,1.0,1,1.0,single_overlap
1907,1,1.0,1,1.0,single_overlap
1908,1,1.0,1,0.8,single_overlap
1909,1,0.961538462,1,1.0,single_overlap
1910,1,1.0,1,1.0,single_overlap
1911,1,1.0,1,0.958333333,single_overlap
1912,1,1.0,1,1.0,single_overlap
1913,1,1.0,1,0.727272727,single_overlap
1914,1,1.0,1,1.0,single_overlap
1915,1,1.0,1,0.9375,single_overlap
1916,1,1.0,1,1.0,single_overlap
1917,1,0.846153846,1,0.923076923,single_overlap
1918,1,0.909090909,0,0.0,no_overlap
1919,1,0.9375,1,0.875,single_overlap
1920,1,1.0,0,0.0,no_overlap
1921,0,0.0,1,0.538461538,single_overlap
1922,1,0.982758621,1,0.965517241,single_overlap
1923,1,1.0,1,1.0,single_overlap
1924,1,0.8,0,0.0,no_overlap
1925,1,1.0,0,0.0,no_overlap
1926,1,1.0,1,0.967213115,single_overlap
1927,1,1.0,1,1.0,single_overlap
1928,1,1.0,1,1.0,single_overlap
1929,1,1.0,0,0.0,no_overlap
1930,1,1.0,1,1.0,single_overlap
1931,1,1.0,1,1.0,single_overlap
1932,1,1.0,1,1.0,single_overlap
1933,1,1.0,1,1.0,single_overlap
1934,1,1.0,0,0.0,no_overlap
1935,1,0.98245614,1,1.0,single_overlap
1936,1,1.0,1,0.95,single_overlap
1937,0,0.0,0,0.0,no_overlap
1938,1,0.954545455,1,0.772727273,single_overlap
1939,1,1.0,1,1.0,single_overlap
1940,1,0.98245614,1,1.0,single_overlap
1941,1,1.0,1,1.0,single_overlap
1942,1,1.0,0,0.0,no_overlap
1943,1,1.0,0,0.0,no_overlap
1944,1,1.0,1,1.0,single_overlap
1945,1,0.973684211,1,0.960526316,single_overlap
1946,1,0.904761905,1,1.0,single_overlap
1947,1,0.818181818,3,1.0,multiple_overlaps
1948,0,0.0,1,1.0,single_overlap
1949,1,0.928571429,0,0.0,no_overlap
1950,0,0.0,0,0.0,no_overlap
1951,1,1.0,1,0.733333333,single_overlap
1952,1,0.875,1,1.0,single_overlap
1953,0,0.0,1,0.857142857,single_overlap
1954,0,0.0,0,0.0,no_overlap
1955,1,1.0,0,0.0,no_overlap
1956,1,1.0,1,1.0,single_overlap
1957,1,1.0,1,1.0,single_overlap
1958,1,1.0,1,1.0,single_overlap
1959,0,0.0,0,0.0,no_overlap
1960,1,0.884210526,1,0.642105263,single_overlap
1961,2,0.960954447,2,0.813449024,multiple_overlaps
1962,1,1.0,1,0.933333333,single_overlap
1963,1,1.0,1,1.0,single_overlap
1964,1,1.0,0,0.0,no_overlap
1965,1,0.846153846,0,0.0,no_overlap
1966,0,0.0,0,0.0,no_overlap
1967,1,0.987179487,1,1.0,single_overlap
1968,1,0.904761905,1,0.976190476,single_overlap
1969,1,0.848484848,1,0.848484848,single_overlap
1970,1,1.0,1,1.0,single_overlap
1971,1,0.782608696,0,0.0,no_overlap
1972,1,1.0,1,1.0,single_overlap
1973,1,1.0,1,1.0,single_overlap
1974,1,0.8125,1,1.0,single_overlap
1975,1,1.0,1,0.967816092,single_overlap
1976,0,0.0,1,1.0,single_overlap
1977,1,1.0,1,1.0,single_overlap
1978,1,1.0,1,1.0,single_overlap
1979,1,1.0,1,1.0,single_overlap
1980,1,1.0,1,1.0,single_overlap
1981,1,0.955555556,1,1.0,single_overlap
1982,1,0.96969697,1,1.0,single_overlap
1983,1,1.0,1,1.0,single_overlap
1984,1,1.0,1,1.0,single_overlap
1985,1,1.0,1,0.96969697,single_overlap
1986,1,0.882352941,0,0.0,no_overlap
1987,1,0.95711501,1,1.0,single_overlap
1988,1,1.0,1,1.0,single_overlap
1989,1,1.0,1,1.0,single_overlap
1990,1,1.0,1,1.0,single_overlap
1991,1,1.0,1,0.714285714,single_overlap
1992,1,1.0,1,1.0,single_overlap
1993,1,0.97979798,1,1.0,single_overlap
1994,1,1.0,1,1.0,single_overlap
1995,1,1.0,1,0.866666667,single_overlap
1996,1,1.0,0,0.0,no_overlap
1997,0,0.0,0,0.0,no_overlap
1998,1,1.0,0,0.0,no_overlap
1999,1,1.0,1,1.0,single_overlap
2000,1,0.923076923,1,0.846153846,single_overlap
2001,1,1.0,1,1.0,single_overlap
2002,1,0.842105263,1,0.842105263,single_overlap
2003,0,0.0,1,0.588235294,single_overlap
2004,1,1.0,1,1.0,single_overlap
2005,1,0.955555556,1,1.0,single_overlap
2006,0,0.0,1,1.0,single_overlap
2007,0,0.0,0,0.0,no_overlap
2008,1,0.961538462,1,1.0,single_overlap
2009,1,1.0,1,1.0,single_overlap
2010,1,0.875,1,0.875,single_overlap
2011,1,1.0,1,1.0,single_overlap
2012,1,1.0,1,1.0,single_overlap
2013,1,0.96,1,0.96,single_overlap
2014,1,1.0,1,1.0,single_overlap
2015,1,1.0,1,0.7,single_overlap
2016,1,0.727272727,0,0.0,no_overlap
2017,1,0.875,0,0.0,no_overlap
2018,1,1.0,1,1.0,single_overlap
2019,1,1.0,1,1.0,single_overlap
2020,1,0.993055556,1,1.0,single_overlap
2021,1,0.7,1,1.0,single_overlap
2022,1,1.0,0,0.0,no_overlap
2023,1,1.0,1,1.0,single_overlap
2024,1,0.65,1,0.5,single_overlap
2025,1,0.965517241,1,1.0,single_overlap
2026,1,1.0,1,1.0,single_overlap
2027,1,1.0,0,0.0,no_overlap
2028,1,0.970588235,1,0.941176471,single_overlap
2029,1,1.0,0,0.0,no_overlap
2030,1,0.95,1,1.0,single_overlap
2031,1,1.0,0,0.0,no_overlap
2032,0,0.0,0,0.0,no_overlap
2033,2,0.959247649,1,0.943573668,single_overlap
2034,1,0.777777778,1,1.0,single_overlap
2035,1,1.0,1,1.0,single_overlap
2036,1,0.95890411,1,1.0,single_overlap
2037,1,1.0,1,0.95,single_overlap
2038,1,0.9,0,0.0,no_overlap
2039,0,0.0,0,0.0,no_overlap
2040,1,0.846153846,1,0.384615385,single_overlap
2041,1,0.892857143,0,0.0,no_overlap
2042,1,1.0,1,1.0,single_overlap
2043,0,0.0,0,0.0,no_overlap
2044,0,0.0,0,0.0,no_overlap
2045,1,1.0,0,0.0,no_overlap
2046,1,0.951219512,1,1.0,single_overlap
2047,1,1.0,0,0.0,no_overlap
2048,1,0.954545455,1,1.0,single_overlap
2049,2,0.957142857,2,0.971428571,multiple_overlaps
2050,1,1.0,1,1.0,single_overlap
2051,1,1.0,1,1.0,single_overlap
2052,1,0.861111111,1,1.0,single_overlap
2053,1,1.0,1,0.166666667,single_overlap
2054,1,1.0,1,1.0,single_overlap
2055,1,1.0,1,1.0,single_overlap
2056,1,1.0,1,1.0,single_overlap
2057,1,1.0,1,1.0,single_overlap
2058,1,0.773333333,1,1.0,single_overlap
2059,1,0.952861953,2,0.983164983,multiple_overlaps
2060,1,1.0,1,1.0,single_overlap
2061,1,1.0,1,1.0,single_overlap
2062,1,1.0,1,1.0,single_overlap
2063,1,1.0,1,1.0,single_overlap
2064,1,0.98245614,1,1.0,single_overlap
2065,1,0.916666667,1,1.0,single_overlap
2066,1,0.96969697,1,1.0,single_overlap
2067,1,1.0,1,1.0,single_overlap
2068,1,1.0,0,0.0,no_overlap
2069,1,0.928571429,1,0.952380952,single_overlap
2070,1,1.0,1,1.0,single_overlap
2071,1,0.923076923,1,1.0,single_overlap
2072,1,1.0,1,1.0,single_overlap
2073,1,1.0,1,1.0,single_overlap
2074,1,1.0,1,0.833333333,single_overlap
2075,1,0.90625,1,0.90625,single_overlap
2076,1,0.99270073,1,0.98783455,single_overlap
2077,1,0.9,1,0.9,single_overlap
2078,1,1.0,1,1.0,single_overlap
2079,1,1.0,1,1.0,single_overlap
2080,1,1.0,1,1.0,single_overlap
2081,0,0.0,0,0.0,no_overlap
2082,1,1.0,1,0.785714286,single_overlap
2083,1,1.0,1,1.0,single_overlap
2084,1,0.8,1,1.0,single_overlap
2085,1,0.888888889,1,0.888888889,single_overlap
2086,1,1.0,1,1.0,single_overlap
2087,1,0.982608696,1,1.0,single_overlap
2088,1,1.0,1,1.0,single_overlap
2089,1,0.9,0,0.0,no_overlap
2090,1,1.0,1,1.0,single_overlap
2091,1,1.0,1,1.0,single_overlap
2092,1,1.0,1,1.0,single_overlap
2093,1,0.990566038,1,1.0,single_overlap
2094,1,0.95,1,1.0,single_overlap
2095,1,0.833333333,1,1.0,single_overlap
2096,1,0.736842105,1,0.789473684,single_overlap
2097,1,1.0,1,1.0,single_overlap
2098,1,1.0,1,1.0,single_overlap
2099,1,1.0,1,1.0,single_overlap
2100,1,0.95,1,1.0,single_overlap
2101,1,0.866666667,0,0.0,no_overlap
2102,1,0.777777778,0,0.0,no_overlap
2103,1,1.0,0,0.0,no_overlap
2104,1,0.96460177,1,0.96460177,single_overlap
2105,1,1.0,0,0.0,no_overlap
2106,1,0.938596491,1,1.0,single_overlap
2107,1,1.0,1,0.727272727,single_overlap
2108,1,0.8,1,0.8,single_overlap
2109,1,1.0,0,0.0,no_overlap
2110,1,1.0,0,0.0,no_overlap
2111,1,1.0,1,0.75,single_overlap
2112,1,0.894736842,1,0.842105263,single_overlap
2113,1,1.0,1,1.0,single_overlap
2114,1,0.928571429,1,1.0,single_overlap
2115,1,0.813559322,1,1.0,single_overlap
2116,1,0.697674419,1,0.988372093,single_overlap
2117,1,1.0,0,0.0,no_overlap
2118,1,1.0,0,0.0,no_overlap
2119,1,1.0,0,0.0,no_overlap
2120,1,0.959459459,1,0.905405405,single_overlap
2121,1,1.0,0,0.0,no_overlap
2122,1,1.0,0,0.0,no_overlap
2123,1,0.7,0,0.0,no_overlap
2124,1,0.9,1,1.0,single_overlap
2125,1,1.0,0,0.0,no_overlap
2126,1,0.979591837,1,0.979591837,single_overlap
2127,1,1.0,1,1.0,single_overlap
2128,1,0.909090909,1,0.818181818,single_overlap
2129,1,0.888888889,0,0.0,no_overlap
2130,1,1.0,0,0.0,no_overlap
2131,1,0.958333333,1,1.0,single_overlap
2132,1,1.0,1,0.928571429,single_overlap
2133,1,0.893333333,1,1.0,single_overlap
2134,1,1.0,1,1.0,single_overlap
2135,1,1.0,0,0.0,no_overlap
2136,1,1.0,1,1.0,single_overlap
2137,1,0.924528302,1,0.962264151,single_overlap
2138,1,1.0,1,0.52,single_overlap
2139,1,0.987091875,1,0.997722096,single_overlap
2140,1,0.986842105,1,1.0,single_overlap
2141,1,0.96875,1,1.0,single_overlap
2142,2,0.875,1,1.0,single_overlap
2143,1,1.0,1,1.0,single_overlap
2144,1,1.0,1,1.0,single_overlap
2145,1,1.0,1,1.0,single_overlap
2146,1,1.0,1,1.0,single_overlap
2147,1,0.875,1,0.75,single_overlap
2148,1,1.0,1,1.0,single_overlap
2149,2,0.96460177,2,0.991150442,multiple_overlaps
2150,1,1.0,1,1.0,single_overlap
2151,1,1.0,0,0.0,no_overlap
2152,1,1.0,1,1.0,single_overlap
2153,1,1.0,1,0.8,single_overlap
2154,1,0.891304348,1,0.608695652,single_overlap
2155,1,1.0,1,1.0,single_overlap
2156,1,0.944444444,1,1.0,single_overlap
2157,1,1.0,1,1.0,single_overlap
2158,1,1.0,1,1.0,single_overlap
2159,1,1.0,1,0.071428571,single_overlap
2160,1,0.885714286,1,0.742857143,single_overlap
2161,1,1.0,1,0.9,single_overlap
2162,1,0.985074627,1,1.0,single_overlap
2163,1,1.0,0,0.0,no_overlap
2164,1,1.0,0,0.0,no_overlap
2165,0,0.0,1,1.0,single_overlap
2166,1,0.964912281,1,1.0,single_overlap
2167,1,1.0,1,1.0,single_overlap
2168,1,0.970588235,1,0.941176471,single_overlap
2169,1,1.0,1,1.0,single_overlap
2170,1,0.983146067,1,0.988764045,single_overlap
2171,1,0.956521739,1,1.0,single_overlap
2172,1,1.0,1,1.0,single_overlap
2173,1,1.0,1,0.909090909,single_overlap
2174,1,1.0,1,1.0,single_overlap
2175,0,0.0,0,0.0,no_overlap
2176,1,1.0,1,1.0,single_overlap
2177,1,1.0,1,1.0,single_overlap
2178,1,0.997530864,1,1.0,single_overlap
2179,1,1.0,0,0.0,no_overlap
2180,0,0.0,0,0.0,no_overlap
2181,1,1.0,1,1.0,single_overlap
2182,1,0.764705882,1,1.0,single_overlap
2183,1,0.75,1,0.857142857,single_overlap
2184,1,1.0,1,0.95,single_overlap
2185,1,0.823529412,1,1.0,single_overlap
2186,1,1.0,1,0.625,single_overlap
2187,1,1.0,1,1.0,single_overlap
2188,0,0.0,0,0.0,no_overlap
2189,1,0.846153846,1,0.538461538,single_overlap
2190,1,1.0,1,0.818181818,single_overlap
2191,1,0.863636364,1,1.0,single_overlap
2192,1,1.0,0,0.0,no_overlap
2193,1,0.95,1,1.0,single_overlap
2194,1,1.0,1,1.0,single_overlap
2195,1,0.829268293,1,0.926829268,single_overlap
2196,1,1.0,0,0.0,no_overlap
2197,1,1.0,1,0.75,single_overlap
2198,1,0.789473684,0,0.0,no_overlap
2199,1,1.0,1,1.0,single_overlap
2200,1,0.951612903,1,1.0,single_overlap
2201,2,0.96,1,0.44,single_overlap
2202,1,0.95,1,1.0,single_overlap
2203,1,1.0,1,1.0,single_overlap
2204,1,0.95,1,1.0,single_overlap
2205,1,0.705882353,1,1.0,single_overlap
2206,0,0.0,0,0.0,no_overlap
2207,1,0.866666667,0,0.0,no_overlap
2208,1,0.888888889,1,1.0,single_overlap
2209,1,1.0,1,0.529411765,single_overlap
2210,1,1.0,1,1.0,single_overlap
2211,1,1.0,1,0.068965517,single_overlap
2212,1,0.86,1,0.986666667,single_overlap
2213,1,1.0,1,0.8,single_overlap
2214,1,1.0,1,1.0,single_overlap
2215,1,1.0,1,1.0,single_overlap
2216,1,0.931818182,2,0.863636364,multiple_overlaps
2217,1,0.969072165,1,1.0,single_overlap
2218,1,1.0,1,1.0,single_overlap
2219,1,1.0,1,1.0,single_overlap
2220,1,1.0,1,1.0,single_overlap
2221,1,1.0,1,0.988764045,single_overlap
2222,1,1.0,1,1.0,single_overlap
2223,1,1.0,1,1.0,single_overlap
2224,1,1.0,1,1.0,single_overlap
2225,1,1.0,1,1.0,single_overlap
2226,1,1.0,1,0.916666667,single_overlap
2227,1,1.0,1,1.0,single_overlap
2228,1,1.0,1,1.0,single_overlap
2229,1,1.0,1,1.0,single_overlap
2230,1,1.0,1,1.0,single_overlap
2231,1,1.0,1,0.962962963,single_overlap
2232,1,1.0,0,0.0,no_overlap
2233,1,1.0,1,1.0,single_overlap
2234,1,1.0,1,1.0,single_overlap
2235,1,1.0,1,1.0,single_overlap
2236,1,0.975609756,1,0.994579946,single_overlap
2237,1,0.984126984,1,1.0,single_overlap
2238,0,0.0,0,0.0,no_overlap
2239,1,1.0,1,1.0,single_overlap
2240,1,1.0,1,1.0,single_overlap
2241,1,1.0,1,0.884353741,single_overlap
2242,1,1.0,1,1.0,single_overlap
2243,0,0.0,2,1.0,multiple_overlaps
2244,1,1.0,1,1.0,single_overlap
2245,1,0.923076923,0,0.0,no_overlap
2246,1,1.0,1,1.0,single_overlap
2247,1,1.0,0,0.0,no_overlap
2248,1,0.944444444,1,1.0,single_overlap
2249,1,1.0,1,1.0,single_overlap
2250,1,0.84375,1,0.9375,single_overlap
2251,1,0.909090909,1,0.909090909,single_overlap
2252,1,0.7,1,0.6,single_overlap
2253,1,0.971428571,1,1.0,single_overlap
2254,1,0.9375,1,1.0,single_overlap
2255,1,1.0,1,1.0,single_overlap
2256,1,1.0,1,1.0,single_overlap
2257,0,0.0,0,0.0,no_overlap
2258,1,0.923076923,1,1.0,single_overlap
2259,1,0.888888889,1,1.0,single_overlap
2260,0,0.0,0,0.0,no_overlap
2261,1,1.0,1,0.214285714,single_overlap
2262,1,1.0,0,0.0,no_overlap
2263,1,0.960526316,1,0.921052632,single_overlap
2264,1,1.0,1,0.833333333,single_overlap
2265,1,1.0,0,0.0,no_overlap
2266,1,0.833333333,1,0.333333333,single_overlap
2267,1,1.0,1,0.96875,single_overlap
2268,1,1.0,1,0.833333333,single_overlap
2269,1,0.875,1,1.0,single_overlap
2270,1,1.0,1,1.0,single_overlap
2271,1,1.0,1,1.0,single_overlap
2272,1,1.0,1,1.0,single_overlap
2273,0,0.0,0,0.0,no_overlap
2274,1,1.0,1,0.8,single_overlap
2275,1,1.0,0,0.0,no_overlap
2276,1,0.871345029,1,0.988304094,single_overlap
2277,0,0.0,0,0.0,no_overlap
2278,1,1.0,1,1.0,single_overlap
2279,1,1.0,1,1.0,single_overlap
2280,1,1.0,1,0.875,single_overlap
2281,1,0.96969697,1,1.0,single_overlap
2282,1,1.0,1,1.0,single_overlap
2283,1,0.980392157,1,0.960784314,single_overlap
2284,1,0.950617284,0,0.0,no_overlap
2285,1,1.0,1,1.0,single_overlap
2286,1,0.973318301,1,1.0,single_overlap
2287,1,0.684210526,1,0.947368421,single_overlap
2288,1,1.0,1,1.0,single_overlap
2289,1,0.975369458,1,0.985221675,single_overlap
2290,1,1.0,1,1.0,single_overlap
2291,1,1.0,1,1.0,single_overlap
2292,1,1.0,0,0.0,no_overlap
2293,1,1.0,1,1.0,single_overlap
2294,1,1.0,1,1.0,single_overlap
2295,1,0.989825581,1,1.0,single_overlap
2296,1,1.0,1,1.0,single_overlap
2297,1,0.875,1,1.0,single_overlap
2298,1,0.972222222,1,0.916666667,single_overlap
2299,1,1.0,1,1.0,single_overlap
2300,1,1.0,1,1.0,single_overlap
2301,1,1.0,1,1.0,single_overlap
2302,1,1.0,1,1.0,single_overlap
2303,1,1.0,1,1.0,single_overlap
2304,1,1.0,1,1.0,single_overlap
2305,1,1.0,1,1.0,single_overlap
2306,1,0.925925926,1,0.944444444,single_overlap
2307,1,1.0,1,0.625,single_overlap
2308,1,1.0,1,1.0,single_overlap
2309,1,1.0,1,1.0,single_overlap
2310,1,0.944444444,1,1.0,single_overlap
2311,1,1.0,1,1.0,single_overlap
2312,1,0.984732824,1,1.0,single_overlap
2313,1,0.833333333,1,0.888888889,single_overlap
2314,0,0.0,1,1.0,single_overlap
2315,1,1.0,1,1.0,single_overlap
2316,1,1.0,1,1.0,single_overlap
2317,1,0.908045977,1,0.954022989,single_overlap
2318,1,0.964630225,1,0.993569132,single_overlap
2319,1,1.0,2,1.0,multiple_overlaps
2320,1,1.0,1,1.0,single_overlap
2321,1,0.857142857,1,0.714285714,single_overlap
2322,1,1.0,1,1.0,single_overlap
2323,1,1.0,1,0.952380952,single_overlap
2324,1,0.937125749,1,1.0,single_overlap
2325,1,1.0,1,1.0,single_overlap
2326,1,1.0,1,1.0,single_overlap
2327,1,1.0,0,0.0,no_overlap
2328,1,0.928571429,1,0.357142857,single_overlap
2329,1,1.0,1,1.0,single_overlap
2330,1,1.0,1,0.96,single_overlap
2331,1,1.0,1,1.0,single_overlap
2332,1,0.941176471,1,1.0,single_overlap
2333,0,0.0,0,0.0,no_overlap
2334,1,1.0,1,1.0,single_overlap
2335,1,1.0,1,1.0,single_overlap
2336,1,0.967741935,1,0.741935484,single_overlap
2337,0,0.0,0,0.0,no_overlap
2338,1,1.0,1,1.0,single_overlap
2339,1,0.96875,1,1.0,single_overlap
2340,1,1.0,0,0.0,no_overlap
2341,1,0.9375,1,0.375,single_overlap
2342,1,1.0,0,0.0,no_overlap
2343,1,0.8,0,0.0,no_overlap
2344,1,0.947368421,1,1.0,single_overlap
2345,1,0.949579832,1,1.0,single_overlap
2346,1,0.882352941,1,1.0,single_overlap
2347,1,1.0,0,0.0,no_overlap
2348,1,0.936781609,1,0.99137931,single_overlap
2349,0,0.0,0,0.0,no_overlap
2350,0,0.0,0,0.0,no_overlap
2351,1,0.882352941,0,0.0,no_overlap
2352,1,1.0,1,0.546511628,single_overlap
2353,1,1.0,1,0.964285714,single_overlap
2354,1,0.979591837,1,0.983673469,single_overlap
2355,1,1.0,1,0.947368421,single_overlap
2356,1,1.0,1,1.0,single_overlap
2357,1,1.0,0,0.0,no_overlap
2358,1,1.0,1,1.0,single_overlap
2359,1,0.846153846,1,1.0,single_overlap
2360,1,1.0,1,0.909090909,single_overlap
2361,1,1.0,1,0.888888889,single_overlap
2362,1,0.990909091,1,0.854545455,single_overlap
2363,1,0.909090909,1,0.272727273,single_overlap
2364,1,1.0,1,1.0,single_overlap
2365,1,0.9375,1,0.958333333,single_overlap
2366,1,1.0,1,1.0,single_overlap
2367,1,0.911764706,1,1.0,single_overlap
2368,1,0.931506849,1,1.0,single_overlap
2369,1,0.980311731,2,0.93683347,multiple_overlaps
2370,1,1.0,1,1.0,single_overlap
2371,0,0.0,1,1.0,single_overlap
2372,1,0.931972789,1,1.0,single_overlap
2373,1,1.0,1,0.916666667,single_overlap
2374,1,1.0,1,1.0,single_overlap
2375,1,1.0,1,0.852941176,single_overlap
2376,1,1.0,1,1.0,single_overlap
2377,1,1.0,1,1.0,single_overlap
2378,1,1.0,1,1.0,single_overlap
2379,1,1.0,1,1.0,single_overlap
2380,1,0.97882939,1,1.0,single_overlap
2381,1,0.996884735,1,1.0,single_overlap
2382,1,0.979166667,1,1.0,single_overlap
2383,1,0.888888889,1,0.777777778,single_overlap
2384,1,1.0,0,0.0,no_overlap
2385,1,1.0,1,1.0,single_overlap
2386,1,0.940298507,1,0.955223881,single_overlap
2387,1,1.0,1,1.0,single_overlap
2388,1,1.0,1,1.0,single_overlap
2389,1,0.818181818,1,1.0,single_overlap
2390,1,1.0,1,0.941176471,single_overlap
2391,1,0.989361702,1,1.0,single_overlap
2392,1,0.789473684,1,1.0,single_overlap
2393,1,1.0,1,1.0,single_overlap
2394,1,0.979166667,1,0.9375,single_overlap
2395,1,1.0,1,1.0,single_overlap
2396,1,1.0,1,1.0,single_overlap
2397,1,1.0,1,1.0,single_overlap
2398,1,1.0,1,1.0,single_overlap
2399,1,1.0,1,1.0,single_overlap
2400,1,0.777777778,1,1.0,single_overlap
2401,1,1.0,1,1.0,single_overlap
2402,1,0.833333333,1,0.833333333,single_overlap
2403,1,1.0,0,0.0,no_overlap
2404,1,0.878787879,1,0.878787879,single_overlap
2405,1,1.0,1,1.0,single_overlap
2406,1,0.946428571,1,1.0,single_overlap
2407,1,1.0,1,1.0,single_overlap
2408,1,1.0,0,0.0,no_overlap
2409,1,0.980952381,1,0.8,single_overlap
2410,1,1.0,0,0.0,no_overlap
2411,1,1.0,1,1.0,single_overlap
2412,1,1.0,1,0.980392157,single_overlap
2413,1,0.62745098,1,1.0,single_overlap
2414,0,0.0,0,0.0,no_overlap
2415,0,0.0,0,0.0,no_overlap
2416,1,0.84,1,0.68,single_overlap
2417,1,0.890909091,1,0.636363636,single_overlap
2418,1,0.954545455,1,0.727272727,single_overlap
2419,1,0.956521739,1,0.782608696,single_overlap
2420,1,0.916666667,1,0.944444444,single_overlap
2421,0,0.0,0,0.0,no_overlap
2422,1,1.0,1,1.0,single_overlap
2423,1,1.0,1,1.0,single_overlap
2424,1,0.875,0,0.0,no_overlap
2425,1,0.875,1,0.5,single_overlap
2426,1,1.0,0,0.0,no_overlap
2427,1,0.948051948,1,0.991341991,single_overlap
2428,1,1.0,0,0.0,no_overlap
2429,1,0.961538462,1,0.923076923,single_overlap
2430,1,0.888888889,0,0.0,no_overlap
2431,1,0.6875,0,0.0,no_overlap
2432,1,0.947368421,0,0.0,no_overlap
2433,1,0.947368421,1,1.0,single_overlap
2434,1,0.625,1,1.0,single_overlap
2435,1,0.967741935,0,0.0,no_overlap
2436,1,1.0,1,0.952380952,single_overlap
2437,1,0.777777778,1,1.0,single_overlap
2438,1,1.0,1,1.0,single_overlap
2439,1,0.90625,1,0.890625,single_overlap
2440,1,1.0,0,0.0,no_overlap
2441,1,1.0,1,1.0,single_overlap
2442,1,1.0,1,1.0,single_overlap
2443,1,1.0,1,1.0,single_overlap
2444,1,0.96969697,1,0.96969697,single_overlap
2445,1,1.0,1,1.0,single_overlap
2446,1,1.0,1,1.0,single_overlap
2447,1,0.987179487,1,1.0,single_overlap
2448,1,0.933333333,1,1.0,single_overlap
2449,1,1.0,1,1.0,single_overlap
2450,1,1.0,1,1.0,single_overlap
2451,1,0.970588235,1,0.970588235,single_overlap
2452,0,0.0,0,0.0,no_overlap
2453,1,1.0,1,1.0,single_overlap
2454,1,0.976190476,1,1.0,single_overlap
2455,1,1.0,1,1.0,single_overlap
2456,1,1.0,1,1.0,single_overlap
2457,1,1.0,0,0.0,no_overlap
2458,1,0.909090909,1,0.727272727,single_overlap
2459,1,1.0,1,1.0,single_overlap
2460,1,1.0,1,1.0,single_overlap
2461,1,0.9,1,0.9,single_overlap
2462,1,0.967741935,1,1.0,single_overlap
2463,1,0.966666667,1,1.0,single_overlap
2464,0,0.0,1,0.777777778,single_overlap
2465,1,0.96,1,0.52,single_overlap
2466,1,1.0,1,1.0,single_overlap
2467,1,0.971428571,1,1.0,single_overlap
2468,1,0.769230769,0,0.0,no_overlap
2469,1,0.851851852,1,0.888888889,single_overlap
2470,1,1.0,1,1.0,single_overlap
2471,1,0.8125,1,1.0,single_overlap
2472,1,1.0,1,1.0,single_overlap
2473,1,1.0,1,1.0,single_overlap
2474,1,1.0,0,0.0,no_overlap
2475,1,1.0,1,1.0,single_overlap
2476,1,1.0,1,1.0,single_overlap
2477,1,1.0,1,1.0,single_overlap
2478,1,1.0,1,0.921052632,single_overlap
2479,1,0.941176471,1,0.470588235,single_overlap
2480,1,1.0,1,1.0,single_overlap
2481,1,1.0,1,1.0,single_overlap
2482,1,1.0,0,0.0,no_overlap
2483,1,0.984375,1,1.0,single_overlap
2484,0,0.0,0,0.0,no_overlap
2485,1,0.98846893,1,1.0,single_overlap
2486,1,1.0,0,0.0,no_overlap
2487,0,0.0,1,0.294117647,single_overlap
2488,2,0.98630137,2,1.0,multiple_overlaps
2489,1,0.857142857,1,1.0,single_overlap
2490,1,0.952380952,1,0.523809524,single_overlap
2491,0,0.0,0,0.0,no_overlap
2492,2,0.681818182,2,0.409090909,multiple_overlaps
2493,1,0.941176471,0,0.0,no_overlap
2494,0,0.0,1,0.4,single_overlap
2495,1,0.918918919,1,1.0,single_overlap
2496,1,0.959459459,1,0.986486486,single_overlap
2497,1,1.0,1,1.0,single_overlap
2498,1,1.0,1,1.0,single_overlap
2499,1,1.0,0,0.0,no_overlap
2500,1,1.0,0,0.0,no_overlap
2501,0,0.0,0,0.0,no_overlap
2502,1,0.931034483,1,0.965517241,single_overlap
2503,1,1.0,0,0.0,no_overlap
2504,1,0.914285714,1,0.914285714,single_overlap
2505,1,0.951219512,1,0.975609756,single_overlap
2506,0,0.0,0,0.0,no_overlap
2507,1,1.0,1,1.0,single_overlap
2508,1,1.0,1,0.875,single_overlap
2509,1,0.923076923,1,0.923076923,single_overlap
2510,1,1.0,1,1.0,single_overlap
2511,1,1.0,1,0.571428571,single_overlap
2512,0,0.0,0,0.0,no_overlap
2513,1,1.0,1,1.0,single_overlap
2514,1,1.0,1,1.0,single_overlap
2515,1,0.820143885,1,0.870503597,single_overlap
2516,1,1.0,1,1.0,single_overlap
2517,1,1.0,1,1.0,single_overlap
2518,1,1.0,1,1.0,single_overlap
2519,1,1.0,0,0.0,no_overlap
2520,1,0.845714286,1,0.982857143,single_overlap
2521,1,1.0,1,1.0,single_overlap
2522,1,0.976744186,1,1.0,single_overlap
2523,1,0.923076923,1,1.0,single_overlap
2524,1,0.992167102,1,1.0,single_overlap
2525,1,0.995726496,1,1.0,single_overlap
2526,1,1.0,0,0.0,no_overlap
2527,1,1.0,0,0.0,no_overlap
2528,1,1.0,1,1.0,single_overlap
2529,1,1.0,1,1.0,single_overlap
2530,1,1.0,1,1.0,single_overlap
2531,1,1.0,1,1.0,single_overlap
2532,1,1.0,1,1.0,single_overlap
2533,1,0.966666667,1,0.866666667,single_overlap
2534,1,1.0,0,0.0,no_overlap
2535,1,1.0,1,1.0,single_overlap
2536,1,1.0,1,1.0,single_overlap
2537,1,1.0,1,1.0,single_overlap
2538,1,1.0,0,0.0,no_overlap
2539,1,1.0,1,0.533333333,single_overlap
2540,1,0.9375,1,1.0,single_overlap
2541,1,1.0,1,1.0,single_overlap
2542,1,1.0,1,0.647058824,single_overlap
2543,1,1.0,1,1.0,single_overlap
2544,0,0.0,1,1.0,single_overlap
2545,1,0.913043478,1,1.0,single_overlap
2546,1,0.964285714,1,0.678571429,single_overlap
2547,1,1.0,1,1.0,single_overlap
2548,1,1.0,1,0.647058824,single_overlap
2549,1,1.0,0,0.0,no_overlap
2550,1,0.875,0,0.0,no_overlap
2551,0,0.0,0,0.0,no_overlap
2552,1,0.8125,1,0.5,single_overlap
2553,1,1.0,1,1.0,single_overlap
2554,0,0.0,1,1.0,single_overlap
2555,1,1.0,0,0.0,no_overlap
2556,1,0.930434783,1,1.0,single_overlap
2557,0,0.0,0,0.0,no_overlap
2558,1,1.0,1,1.0,single_overlap
2559,0,0.0,0,0.0,no_overlap
2560,0,0.0,1,0.272727273,single_overlap
2561,1,0.916666667,0,0.0,no_overlap
2562,1,1.0,0,0.0,no_overlap
2563,1,1.0,0,0.0,no_overlap
2564,1,1.0,0,0.0,no_overlap
2565,1,0.962962963,1,0.194444444,single_overlap
2566,1,0.928571429,1,0.785714286,single_overlap
2567,1,1.0,1,0.9,single_overlap
2568,1,0.84,1,0.96,single_overlap
2569,1,1.0,1,0.928571429,single_overlap
2570,1,0.9,1,1.0,single_overlap
2571,1,1.0,1,1.0,single_overlap
2572,0,0.0,0,0.0,no_overlap
2573,1,0.9375,1,0.625,single_overlap
2574,0,0.0,0,0.0,no_overlap
2575,1,0.941176471,1,1.0,single_overlap
2576,1,1.0,1,0.481481481,single_overlap
2577,0,0.0,0,0.0,no_overlap
2578,1,0.955172414,1,1.0,single_overlap
2579,1,0.923076923,1,1.0,single_overlap
2580,1,0.9375,1,1.0,single_overlap
2581,1,1.0,0,0.0,no_overlap
2582,1,1.0,1,1.0,single_overlap
2583,1,0.985294118,1,0.970588235,single_overlap
2584,1,1.0,1,1.0,single_overlap
2585,1,1.0,1,0.3125,single_overlap
2586,1,0.975609756,1,0.902439024,single_overlap
2587,1,1.0,1,1.0,single_overlap
2588,1,0.953488372,1,1.0,single_overlap
2589,1,1.0,1,1.0,single_overlap
2590,1,1.0,1,0.944444444,single_overlap
2591,1,0.989130435,1,1.0,single_overlap
2592,1,0.947019868,1,1.0,single_overlap
2593,1,0.909090909,1,0.545454545,single_overlap
2594,1,1.0,1,1.0,single_overlap
2595,1,0.975,1,1.0,single_overlap
2596,1,1.0,1,1.0,single_overlap
2597,1,0.794871795,0,0.0,no_overlap
2598,1,1.0,1,1.0,single_overlap
2599,1,1.0,1,0.892857143,single_overlap
2600,1,1.0,1,1.0,single_overlap
2601,1,1.0,1,1.0,single_overlap
2602,1,1.0,1,1.0,single_overlap
2603,1,1.0,1,0.925925926,single_overlap
2604,1,0.923076923,1,0.615384615,single_overlap
2605,1,0.928571429,1,1.0,single_overlap
2606,1,0.965517241,1,0.965517241,single_overlap
2607,1,0.5,1,0.46875,single_overlap
2608,1,0.939393939,1,0.787878788,single_overlap
2609,1,0.8125,1,1.0,single_overlap
2610,0,0.0,1,0.375,single_overlap
2611,1,1.0,1,1.0,single_overlap
2612,1,1.0,1,1.0,single_overlap
2613,0,0.0,0,0.0,no_overlap
2614,1,1.0,1,1.0,single_overlap
2615,1,1.0,1,1.0,single_overlap
2616,1,1.0,1,1.0,single_overlap
2617,0,0.0,1,1.0,single_overlap
2618,1,1.0,1,1.0,single_overlap
2619,1,1.0,0,0.0,no_overlap
2620,1,1.0,1,1.0,single_overlap
2621,1,0.777777778,0,0.0,no_overlap
2622,1,0.846153846,0,0.0,no_overlap
2623,1,0.727272727,1,0.727272727,single_overlap
2624,1,1.0,1,1.0,single_overlap
2625,1,1.0,1,1.0,single_overlap
2626,1,0.996056782,1,0.997634069,single_overlap
2627,1,0.923076923,1,1.0,single_overlap
2628,1,1.0,0,0.0,no_overlap
2629,1,1.0,1,1.0,single_overlap
2630,1,0.880952381,1,0.976190476,single_overlap
2631,1,1.0,1,0.976744186,single_overlap
2632,1,1.0,1,1.0,single_overlap
2633,1,0.920529801,0,0.0,no_overlap
2634,1,1.0,1,0.6,single_overlap
2635,1,1.0,0,0.0,no_overlap
2636,1,0.944444444,1,0.388888889,single_overlap
2637,1,0.931034483,1,0.620689655,single_overlap
2638,1,1.0,1,1.0,single_overlap
2639,1,1.0,1,1.0,single_overlap
2640,1,1.0,1,1.0,single_overlap
2641,1,1.0,0,0.0,no_overlap
2642,0,0.0,0,0.0,no_overlap
2643,0,0.0,0,0.0,no_overlap
2644,1,1.0,0,0.0,no_overlap
2645,1,0.80952381,1,1.0,single_overlap
2646,1,1.0,0,0.0,no_overlap
2647,1,1.0,1,0.98630137,single_overlap
2648,1,1.0,1,0.666666667,single_overlap
2649,1,1.0,0,0.0,no_overlap
2650,1,1.0,1,1.0,single_overlap
2651,1,1.0,1,0.977777778,single_overlap
2652,1,1.0,1,1.0,single_overlap
2653,1,1.0,1,1.0,single_overlap
2654,2,0.942528736,1,1.0,single_overlap
2655,1,1.0,0,0.0,no_overlap
2656,1,1.0,1,1.0,single_overlap
2657,1,1.0,1,1.0,single_overlap
2658,1,1.0,0,0.0,no_overlap
2659,1,1.0,1,1.0,single_overlap
2660,1,0.977272727,1,1.0,single_overlap
2661,1,0.944444444,1,1.0,single_overlap
2662,1,0.923076923,1,1.0,single_overlap
2663,1,0.909090909,1,1.0,single_overlap
2664,1,1.0,1,1.0,single_overlap
2665,1,1.0,0,0.0,no_overlap
2666,1,1.0,0,0.0,no_overlap
2667,1,1.0,1,1.0,single_overlap
2668,1,1.0,1,1.0,single_overlap
2669,1,0.974358974,1,1.0,single_overlap
2670,1,1.0,1,1.0,single_overlap
2671,1,1.0,1,1.0,single_overlap
2672,1,1.0,1,1.0,single_overlap
2673,0,0.0,0,0.0,no_overlap
2674,1,0.959183673,1,1.0,single_overlap
2675,1,1.0,1,1.0,single_overlap
2676,1,1.0,1,0.909090909,single_overlap
2677,1,1.0,1,0.636363636,single_overlap
2678,1,1.0,1,0.961538462,single_overlap
2679,0,0.0,0,0.0,no_overlap
2680,1,0.789473684,1,0.736842105,single_overlap
2681,1,1.0,1,0.176470588,single_overlap
2682,1,1.0,1,1.0,single_overlap
2683,1,0.981481481,1,1.0,single_overlap
2684,1,1.0,1,1.0,single_overlap
2685,1,1.0,1,1.0,single_overlap
2686,1,0.916666667,1,1.0,single_overlap
2687,1,1.0,0,0.0,no_overlap
2688,0,0.0,1,1.0,single_overlap
2689,1,0.9,0,0.0,no_overlap
2690,0,0.0,0,0.0,no_overlap
2691,1,1.0,1,1.0,single_overlap
2692,1,1.0,1,1.0,single_overlap
2693,1,1.0,1,1.0,single_overlap
2694,2,0.903225806,1,0.983870968,single_overlap
2695,1,0.9375,0,0.0,no_overlap
2696,1,1.0,0,0.0,no_overlap
2697,1,1.0,1,0.692307692,single_overlap
2698,1,0.85,1,0.8,single_overlap
2699,1,0.96,1,1.0,single_overlap
2700,1,0.741935484,0,0.0,no_overlap
2701,1,1.0,1,1.0,single_overlap
2702,0,0.0,0,0.0,no_overlap
2703,1,1.0,1,1.0,single_overlap
2704,1,1.0,0,0.0,no_overlap
2705,1,0.923076923,0,0.0,no_overlap
2706,1,0.923076923,1,1.0,single_overlap
2707,1,0.947368421,0,0.0,no_overlap
2708,0,0.0,0,0.0,no_overlap
2709,1,1.0,0,0.0,no_overlap
2710,1,0.966666667,1,1.0,single_overlap
2711,0,0.0,0,0.0,no_overlap
2712,1,0.823529412,0,0.0,no_overlap
2713,1,0.769230769,1,1.0,single_overlap
2714,1,1.0,1,1.0,single_overlap
2715,1,1.0,1,1.0,single_overlap
2716,1,0.898550725,0,0.0,no_overlap
2717,1,1.0,1,1.0,single_overlap
2718,1,1.0,1,1.0,single_overlap
2719,1,1.0,1,1.0,single_overlap
2720,1,1.0,2,0.72,multiple_overlaps
2721,1,1.0,1,1.0,single_overlap
2722,1,0.857142857,1,0.857142857,single_overlap
2723,1,1.0,0,0.0,no_overlap
2724,1,0.987951807,1,0.963855422,single_overlap
2725,1,0.935483871,1,1.0,single_overlap
2726,1,1.0,1,1.0,single_overlap
2727,1,0.965517241,1,1.0,single_overlap
2728,1,0.941176471,1,0.941176471,single_overlap
2729,1,1.0,1,1.0,single_overlap
2730,1,1.0,1,0.894736842,single_overlap
2731,1,1.0,1,1.0,single_overlap
2732,1,0.864864865,1,0.905405405,single_overlap
2733,1,0.928571429,1,0.928571429,single_overlap
2734,1,1.0,1,1.0,single_overlap
2735,1,0.975308642,1,1.0,single_overlap
2736,1,1.0,1,1.0,single_overlap
2737,1,1.0,1,1.0,single_overlap
2738,1,1.0,1,1.0,single_overlap
2739,1,0.995049505,1,1.0,single_overlap
2740,1,0.916666667,1,0.944444444,single_overlap
2741,1,0.952380952,2,1.0,multiple_overlaps
2742,1,1.0,1,1.0,single_overlap
2743,1,1.0,1,0.9,single_overlap
2744,1,1.0,1,0.8125,single_overlap
2745,1,1.0,1,1.0,single_overlap
2746,1,1.0,1,1.0,single_overlap
2747,1,1.0,1,1.0,single_overlap
2748,1,1.0,1,1.0,single_overlap
2749,1,0.923076923,1,0.269230769,single_overlap
2750,1,1.0,1,1.0,single_overlap
2751,1,1.0,0,0.0,no_overlap
2752,1,1.0,1,1.0,single_overlap
2753,1,1.0,1,0.970149254,single_overlap
2754,1,1.0,1,1.0,single_overlap
2755,1,1.0,0,0.0,no_overlap
2756,1,0.972972973,1,0.972972973,single_overlap
2757,0,0.0,0,0.0,no_overlap
2758,1,1.0,1,1.0,single_overlap
2759,1,1.0,0,0.0,no_overlap
2760,1,1.0,1,1.0,single_overlap
2761,1,0.964285714,1,1.0,single_overlap
2762,1,1.0,1,0.64,single_overlap
2763,1,0.942307692,1,1.0,single_overlap
2764,1,1.0,1,1.0,single_overlap
2765,1,1.0,1,0.769230769,single_overlap
2766,1,0.888888889,1,1.0,single_overlap
2767,1,0.90625,1,0.59375,single_overlap
2768,1,0.6875,1,0.875,single_overlap
2769,0,0.0,1,1.0,single_overlap
2770,0,0.0,0,0.0,no_overlap
2771,1,1.0,1,1.0,single_overlap
2772,1,1.0,1,1.0,single_overlap
2773,1,1.0,1,0.987951807,single_overlap
2774,1,1.0,0,0.0,no_overlap
2775,1,0.9,1,1.0,single_overlap
2776,1,0.979591837,0,0.0,no_overlap
2777,1,0.925,1,0.75,single_overlap
2778,0,0.0,0,0.0,no_overlap
2779,1,1.0,1,1.0,single_overlap
2780,1,1.0,1,1.0,single_overlap
2781,1,1.0,1,1.0,single_overlap
2782,1,0.951219512,0,0.0,no_overlap
2783,0,0.0,0,0.0,no_overlap
2784,1,0.947368421,1,1.0,single_overlap
2785,1,0.916666667,1,1.0,single_overlap
2786,1,1.0,0,0.0,no_overlap
2787,1,1.0,1,0.92,single_overlap
2788,0,0.0,1,1.0,single_overlap
2789,1,1.0,1,1.0,single_overlap
2790,1,0.985714286,1,1.0,single_overlap
2791,1,1.0,1,1.0,single_overlap
2792,2,0.924528302,1,1.0,single_overlap
2793,1,0.875968992,1,1.0,single_overlap
2794,1,0.95,1,1.0,single_overlap
2795,1,1.0,1,1.0,single_overlap
2796,1,1.0,0,0.0,no_overlap
2797,1,1.0,1,1.0,single_overlap
2798,1,0.983606557,1,1.0,single_overlap
2799,1,1.0,1,1.0,single_overlap
2800,1,0.961538462,1,1.0,single_overlap
2801,1,1.0,1,1.0,single_overlap
2802,1,1.0,1,1.0,single_overlap
2803,1,1.0,1,1.0,single_overlap
2804,1,1.0,1,0.866666667,single_overlap
2805,1,1.0,1,0.95,single_overlap
2806,1,1.0,1,1.0,single_overlap
2807,1,1.0,1,1.0,single_overlap
2808,1,1.0,1,1.0,single_overlap
2809,1,0.96875,1,1.0,single_overlap
2810,1,1.0,1,1.0,single_overlap
2811,1,0.857142857,1,0.785714286,single_overlap
2812,1,1.0,1,1.0,single_overlap
2813,1,1.0,1,1.0,single_overlap
2814,1,0.980392157,1,1.0,single_overlap
2815,1,1.0,0,0.0,no_overlap
2816,1,0.875,1,0.625,single_overlap
2817,1,1.0,0,0.0,no_overlap
2818,1,1.0,1,1.0,single_overlap
2819,1,0.846153846,1,0.974358974,single_overlap
2820,1,1.0,0,0.0,no_overlap
2821,1,0.846153846,1,0.615384615,single_overlap
2822,1,0.986486486,1,1.0,single_overlap
2823,1,0.954545455,1,1.0,single_overlap
2824,0,0.0,1,1.0,single_overlap
2825,1,1.0,1,1.0,single_overlap
2826,1,0.985714286,1,0.914285714,single_overlap
2827,1,0.971428571,1,1.0,single_overlap
2828,1,1.0,0,0.0,no_overlap
2829,1,1.0,1,1.0,single_overlap
2830,1,0.888888889,1,1.0,single_overlap
2831,1,1.0,1,0.921568627,single_overlap
2832,1,1.0,1,0.880952381,single_overlap
2833,1,0.857142857,1,0.714285714,single_overlap
2834,1,0.833333333,1,0.958333333,single_overlap
2835,1,0.991525424,1,1.0,single_overlap
2836,1,1.0,0,0.0,no_overlap
2837,1,1.0,1,0.757575758,single_overlap
2838,1,1.0,1,1.0,single_overlap
2839,0,0.0,0,0.0,no_overlap
2840,0,0.0,1,1.0,single_overlap
2841,1,1.0,0,0.0,no_overlap
2842,1,1.0,1,1.0,single_overlap
2843,1,0.9,1,1.0,single_overlap
2844,1,1.0,0,0.0,no_overlap
2845,1,0.971014493,1,0.826086957,single_overlap
2846,1,1.0,0,0.0,no_overlap
2847,0,0.0,0,0.0,no_overlap
2848,1,0.943661972,1,1.0,single_overlap
2849,1,1.0,0,0.0,no_overlap
2850,1,0.904761905,1,1.0,single_overlap
2851,1,1.0,1,1.0,single_overlap
2852,1,1.0,1,1.0,single_overlap
2853,1,1.0,1,1.0,single_overlap
2854,1,1.0,1,1.0,single_overlap
2855,1,1.0,1,0.948275862,single_overlap
2856,1,1.0,1,1.0,single_overlap
2857,1,1.0,1,1.0,single_overlap
2858,1,0.984615385,1,1.0,single_overlap
2859,1,0.916666667,1,1.0,single_overlap
2860,1,0.916666667,1,1.0,single_overlap
2861,0,0.0,1,1.0,single_overlap
2862,1,1.0,1,1.0,single_overlap
2863,1,1.0,1,1.0,single_overlap
2864,1,0.961038961,1,1.0,single_overlap
2865,1,1.0,1,1.0,single_overlap
2866,1,0.941176471,1,1.0,single_overlap
2867,1,1.0,1,1.0,single_overlap
2868,1,1.0,1,1.0,single_overlap
2869,1,0.75,1,0.916666667,single_overlap
2870,1,1.0,1,1.0,single_overlap
2871,1,1.0,1,1.0,single_overlap
2872,1,1.0,1,0.909090909,single_overlap
2873,1,1.0,1,1.0,single_overlap
2874,1,0.928571429,1,1.0,single_overlap
2875,1,1.0,1,0.928571429,single_overlap
2876,1,1.0,2,1.0,multiple_overlaps
2877,1,0.931034483,1,1.0,single_overlap
2878,1,1.0,1,1.0,single_overlap
2879,1,1.0,1,0.6,single_overlap
2880,1,1.0,1,1.0,single_overlap
2881,1,1.0,1,1.0,single_overlap
2882,1,0.875,1,0.875,single_overlap
2883,1,1.0,1,0.888888889,single_overlap
2884,1,0.826086957,1,0.304347826,single_overlap
2885,1,1.0,1,1.0,single_overlap
2886,1,0.954545455,1,1.0,single_overlap
2887,0,0.0,1,1.0,single_overlap
2888,1,1.0,1,0.869565217,single_overlap
2889,1,0.989583333,1,1.0,single_overlap
2890,1,1.0,1,0.894736842,single_overlap
2891,1,1.0,0,0.0,no_overlap
2892,1,0.9375,1,1.0,single_overlap
2893,1,1.0,1,0.549019608,single_overlap
2894,1,1.0,1,0.733333333,single_overlap
2895,1,1.0,1,0.818181818,single_overlap
2896,1,0.292682927,0,0.0,no_overlap
2897,1,0.857142857,0,0.0,no_overlap
2898,1,1.0,1,1.0,single_overlap
2899,0,0.0,0,0.0,no_overlap
2900,1,1.0,1,1.0,single_overlap
2901,0,0.0,1,1.0,single_overlap
2902,1,0.909090909,1,0.96969697,single_overlap
2903,1,1.0,0,0.0,no_overlap
2904,1,0.953846154,1,1.0,single_overlap
2905,0,0.0,0,0.0,no_overlap
2906,0,0.0,1,0.647058824,single_overlap
2907,1,1.0,1,1.0,single_overlap
2908,1,1.0,1,1.0,single_overlap
2909,1,1.0,1,1.0,single_overlap
2910,1,1.0,1,1.0,single_overlap
2911,1,1.0,1,1.0,single_overlap
2912,1,1.0,1,0.96,single_overlap
2913,1,0.882352941,1,1.0,single_overlap
2914,0,0.0,1,0.666666667,single_overlap
2915,1,0.993055556,1,1.0,single_overlap
2916,1,1.0,1,1.0,single_overlap
2917,1,1.0,1,0.357142857,single_overlap
2918,1,1.0,1,1.0,single_overlap
2919,1,1.0,1,1.0,single_overlap
2920,1,1.0,1,1.0,single_overlap
2921,1,1.0,0,0.0,no_overlap
2922,1,1.0,1,1.0,single_overlap
2923,1,1.0,0,0.0,no_overlap
2924,1,1.0,1,1.0,single_overlap
2925,2,0.981617647,1,0.999264706,single_overlap
2926,1,1.0,1,1.0,single_overlap
2927,1,1.0,1,0.971428571,single_overlap
2928,1,0.879518072,1,0.975903614,single_overlap
2929,1,1.0,1,1.0,single_overlap
2930,1,1.0,0,0.0,no_overlap
2931,1,1.0,1,1.0,single_overlap
2932,1,0.928571429,1,1.0,single_overlap
2933,1,0.909090909,1,1.0,single_overlap
2934,1,1.0,1,1.0,single_overlap
2935,1,0.736842105,1,0.894736842,single_overlap
2936,1,1.0,1,1.0,single_overlap
2937,1,1.0,1,1.0,single_overlap
2938,1,1.0,1,1.0,single_overlap
2939,1,0.955555556,1,1.0,single_overlap
2940,1,0.93877551,1,0.979591837,single_overlap
2941,1,0.94,1,0.94,single_overlap
2942,1,1.0,1,1.0,single_overlap
2943,1,0.9375,1,1.0,single_overlap
2944,1,1.0,0,0.0,no_overlap
2945,1,0.826086957,1,0.608695652,single_overlap
2946,1,1.0,0,0.0,no_overlap
2947,1,0.904761905,1,1.0,single_overlap
2948,1,0.789473684,1,1.0,single_overlap
2949,1,0.928571429,1,0.714285714,single_overlap
2950,1,1.0,0,0.0,no_overlap
2951,1,1.0,1,1.0,single_overlap
2952,1,0.977777778,1,0.977777778,single_overlap
2953,1,0.823529412,1,1.0,single_overlap
2954,1,0.987654321,1,0.950617284,single_overlap
2955,1,1.0,0,0.0,no_overlap
2956,1,0.818181818,1,0.727272727,single_overlap
2957,1,1.0,1,1.0,single_overlap
2958,1,1.0,0,0.0,no_overlap
2959,1,0.96,1,0.986666667,single_overlap
2960,0,0.0,0,0.0,no_overlap
2961,1,0.995417049,1,1.0,single_overlap
2962,1,1.0,1,0.5,single_overlap
2963,1,0.971153846,1,1.0,single_overlap
2964,1,1.0,1,0.5,single_overlap
2965,1,0.979228487,1,1.0,single_overlap
2966,1,1.0,1,1.0,single_overlap
2967,1,1.0,0,0.0,no_overlap
2968,1,1.0,1,1.0,single_overlap
2969,1,1.0,0,0.0,no_overlap
2970,1,1.0,1,1.0,single_overlap
2971,1,0.954545455,1,1.0,single_overlap
2972,1,1.0,1,1.0,single_overlap
2973,1,0.92,1,1.0,single_overlap
2974,1,0.994962217,1,1.0,single_overlap
2975,1,1.0,1,1.0,single_overlap
2976,1,1.0,1,1.0,single_overlap
2977,1,1.0,1,1.0,single_overlap
2978,1,1.0,1,1.0,single_overlap
2979,1,1.0,1,1.0,single_overlap
2980,1,1.0,1,1.0,single_overlap
2981,1,1.0,1,1.0,single_overlap
2982,1,1.0,1,1.0,single_overlap
2983,1,1.0,0,0.0,no_overlap
2984,1,1.0,1,1.0,single_overlap
2985,1,1.0,1,1.0,single_overlap
2986,1,1.0,1,1.0,single_overlap
2987,1,1.0,1,1.0,single_overlap
2988,1,1.0,1,1.0,single_overlap
2989,1,1.0,1,1.0,single_overlap
2990,1,0.972477064,1,1.0,single_overlap
2991,1,1.0,1,1.0,single_overlap
2992,1,1.0,1,1.0,single_overlap
2993,1,0.954545455,1,1.0,single_overlap
2994,1,0.994207096,1,1.0,single_overlap
2995,1,1.0,0,0.0,no_overlap
2996,1,1.0,1,1.0,single_overlap
2997,1,1.0,1,1.0,single_overlap
2998,1,0.990825688,1,1.0,single_overlap
2999,1,1.0,0,0.0,no_overlap
3000,1,1.0,0,0.0,no_overlap
3001,1,0.857142857,1,0.523809524,single_overlap
3002,1,1.0,1,1.0,single_overlap
3003,1,0.642857143,1,1.0,single_overlap
3004,1,0.75,0,0.0,no_overlap
3005,1,0.888888889,0,0.0,no_overlap
3006,1,1.0,1,1.0,single_overlap
3007,1,1.0,1,1.0,single_overlap
3008,1,1.0,1,1.0,single_overlap
3009,0,0.0,0,0.0,no_overlap
3010,1,1.0,1,1.0,single_overlap
3011,1,0.947368421,1,1.0,single_overlap
3012,1,0.941176471,1,1.0,single_overlap
3013,1,0.913043478,1,1.0,single_overlap
3014,0,0.0,1,0.625,single_overlap
3015,1,0.903225806,1,0.903225806,single_overlap
3016,1,0.777777778,1,0.777777778,single_overlap
3017,1,1.0,0,0.0,no_overlap
3018,1,1.0,1,1.0,single_overlap
3019,1,1.0,1,0.875,single_overlap
3020,1,1.0,0,0.0,no_overlap
3021,1,1.0,1,0.909090909,single_overlap
3022,1,0.833333333,1,0.708333333,single_overlap
3023,1,1.0,1,1.0,single_overlap
3024,1,0.621621622,0,0.0,no_overlap
3025,1,1.0,1,1.0,single_overlap
3026,1,0.769230769,1,1.0,single_overlap
3027,1,0.981132075,0,0.0,no_overlap
3028,1,0.95,1,1.0,single_overlap
3029,1,0.981481481,1,1.0,single_overlap
3030,1,1.0,1,0.833333333,single_overlap
3031,1,1.0,1,1.0,single_overlap
3032,1,1.0,1,1.0,single_overlap
3033,1,0.833333333,1,1.0,single_overlap
3034,1,1.0,1,0.857142857,single_overlap
3035,1,0.977272727,1,1.0,single_overlap
3036,1,1.0,1,1.0,single_overlap
3037,1,1.0,1,1.0,single_overlap
3038,1,1.0,1,1.0,single_overlap
3039,1,1.0,1,1.0,single_overlap
3040,1,1.0,1,0.769230769,single_overlap
3041,1,1.0,1,1.0,single_overlap
3042,1,0.973684211,1,1.0,single_overlap
3043,1,1.0,1,1.0,single_overlap
3044,1,1.0,1,1.0,single_overlap
3045,1,1.0,1,1.0,single_overlap
3046,1,0.923076923,1,1.0,single_overlap
3047,1,1.0,1,1.0,single_overlap
3048,1,1.0,0,0.0,no_overlap
3049,0,0.0,0,0.0,no_overlap
3050,1,1.0,1,1.0,single_overlap
3051,1,1.0,1,1.0,single_overlap
3052,1,0.966666667,1,1.0,single_overlap
3053,1,1.0,1,1.0,single_overlap
3054,1,0.875,1,1.0,single_overlap
3055,1,1.0,1,0.909090909,single_overlap
3056,1,1.0,1,1.0,single_overlap
3057,1,1.0,1,1.0,single_overlap
3058,1,1.0,1,1.0,single_overlap
3059,1,0.875,0,0.0,no_overlap
3060,1,0.954545455,1,0.727272727,single_overlap
3061,1,1.0,1,1.0,single_overlap
3062,1,1.0,0,0.0,no_overlap
3063,1,0.928571429,0,0.0,no_overlap
3064,0,0.0,0,0.0,no_overlap
3065,1,0.947368421,1,0.578947368,single_overlap
3066,1,0.866666667,1,1.0,single_overlap
3067,1,1.0,1,1.0,single_overlap
3068,1,1.0,0,0.0,no_overlap
3069,1,1.0,1,1.0,single_overlap
3070,1,0.909090909,1,1.0,single_overlap
3071,1,1.0,1,1.0,single_overlap
3072,1,0.880952381,1,1.0,single_overlap
3073,0,0.0,1,0.75,single_overlap
3074,1,0.8125,1,0.5625,single_overlap
3075,0,0.0,1,1.0,single_overlap
3076,1,0.995726496,1,0.038461538,single_overlap
3077,1,0.967741935,1,0.913978495,single_overlap
3078,1,1.0,1,1.0,single_overlap
3079,1,0.8,1,0.6,single_overlap
3080,1,1.0,1,1.0,single_overlap
3081,1,1.0,0,0.0,no_overlap
3082,1,0.984974958,1,0.994991653,single_overlap
3083,1,1.0,1,1.0,single_overlap
3084,1,0.932038835,0,0.0,no_overlap
3085,1,0.944444444,0,0.0,no_overlap
3086,1,1.0,1,0.695652174,single_overlap
3087,1,1.0,1,1.0,single_overlap
3088,1,1.0,1,0.714285714,single_overlap
3089,1,1.0,1,1.0,single_overlap
3090,1,1.0,0,0.0,no_overlap
3091,0,0.0,0,0.0,no_overlap
3092,1,1.0,1,1.0,single_overlap
3093,1,1.0,1,1.0,single_overlap
3094,1,0.727272727,1,0.981818182,single_overlap
3095,1,1.0,1,1.0,single_overlap
3096,1,1.0,1,1.0,single_overlap
3097,1,1.0,1,1.0,single_overlap
3098,1,1.0,1,1.0,single_overlap
3099,1,0.991539763,1,1.0,single_overlap
3100,1,1.0,1,1.0,single_overlap
3101,0,0.0,1,1.0,single_overlap
3102,1,1.0,1,1.0,single_overlap
3103,1,1.0,1,1.0,single_overlap
3104,1,1.0,1,1.0,single_overlap
3105,1,1.0,1,1.0,single_overlap
3106,1,1.0,1,1.0,single_overlap
3107,1,0.909090909,0,0.0,no_overlap
3108,0,0.0,0,0.0,no_overlap
3109,1,1.0,1,1.0,single_overlap
3110,1,1.0,1,1.0,single_overlap
3111,1,0.9,1,0.7,single_overlap
3112,1,0.925925926,1,1.0,single_overlap
3113,1,1.0,0,0.0,no_overlap
3114,1,0.975409836,1,1.0,single_overlap
3115,1,1.0,1,1.0,single_overlap
3116,1,1.0,1,1.0,single_overlap
3117,1,1.0,1,1.0,single_overlap
3118,1,0.888888889,1,0.5,single_overlap
3119,1,1.0,1,0.818181818,single_overlap
3120,1,1.0,1,1.0,single_overlap
3121,1,0.9375,1,1.0,single_overlap
3122,1,0.769230769,1,0.846153846,single_overlap
3123,1,0.818181818,0,0.0,no_overlap
3124,1,0.990697674,1,1.0,single_overlap
3125,1,1.0,1,1.0,single_overlap
3126,0,0.0,0,0.0,no_overlap
3127,1,0.923076923,1,0.461538462,single_overlap
3128,1,1.0,1,1.0,single_overlap
3129,1,1.0,1,1.0,single_overlap
3130,1,0.933333333,0,0.0,no_overlap
3131,1,1.0,1,0.769230769,single_overlap
3132,1,0.830188679,1,0.698113208,single_overlap
3133,1,0.908108108,1,0.8,single_overlap
3134,1,1.0,1,1.0,single_overlap
3135,1,1.0,1,0.707317073,single_overlap
3136,0,0.0,0,0.0,no_overlap
3137,0,0.0,0,0.0,no_overlap
3138,1,0.983050847,1,1.0,single_overlap
3139,1,0.967741935,1,0.741935484,single_overlap
3140,1,0.944444444,0,0.0,no_overlap
3141,1,1.0,0,0.0,no_overlap
3142,1,1.0,1,1.0,single_overlap
3143,1,0.9,0,0.0,no_overlap
3144,1,0.911764706,1,0.882352941,single_overlap
3145,1,0.916666667,1,0.916666667,single_overlap
3146,1,0.954545455,0,0.0,no_overlap
3147,1,1.0,1,1.0,single_overlap
3148,1,1.0,1,1.0,single_overlap
3149,1,0.9,0,0.0,no_overlap
3150,1,1.0,1,1.0,single_overlap
3151,1,1.0,1,1.0,single_overlap
3152,1,0.577777778,1,1.0,single_overlap
3153,1,1.0,1,1.0,single_overlap
3154,1,1.0,1,1.0,single_overlap
3155,1,1.0,1,0.846153846,single_overlap
3156,1,1.0,1,1.0,single_overlap
3157,1,1.0,1,1.0,single_overlap
3158,1,1.0,1,0.9375,single_overlap
3159,0,0.0,1,1.0,single_overlap
3160,1,1.0,1,1.0,single_overlap
3161,1,0.965909091,1,1.0,single_overlap
3162,1,0.9,1,1.0,single_overlap
3163,1,1.0,1,1.0,single_overlap
3164,1,1.0,1,1.0,single_overlap
3165,1,1.0,1,1.0,single_overlap
3166,0,0.0,0,0.0,no_overlap
3167,1,1.0,1,1.0,single_overlap
3168,1,1.0,1,1.0,single_overlap
3169,1,1.0,1,1.0,single_overlap
3170,1,1.0,1,1.0,single_overlap
3171,1,0.927536232,1,1.0,single_overlap
3172,1,0.991666667,1,0.975,single_overlap
3173,1,0.980769231,1,1.0,single_overlap
3174,1,1.0,1,1.0,single_overlap
3175,1,1.0,1,1.0,single_overlap
3176,1,1.0,1,0.857142857,single_overlap
3177,1,1.0,1,0.846153846,single_overlap
3178,1,1.0,1,1.0,single_overlap
3179,1,0.72,1,1.0,single_overlap
3180,1,1.0,0,0.0,no_overlap
3181,1,0.923076923,1,0.538461538,single_overlap
3182,1,1.0,1,1.0,single_overlap
3183,1,1.0,1,1.0,single_overlap
3184,1,1.0,1,1.0,single_overlap
3185,1,1.0,0,0.0,no_overlap
3186,1,1.0,1,1.0,single_overlap
3187,3,0.685185185,1,0.444444444,single_overlap
3188,2,0.909090909,2,1.0,multiple_overlaps
3189,1,0.714285714,1,0.357142857,single_overlap
3190,1,1.0,1,0.833333333,single_overlap
3191,1,1.0,0,0.0,no_overlap
3192,1,0.9375,1,1.0,single_overlap
3193,1,0.846153846,1,0.538461538,single_overlap
3194,1,0.117647059,0,0.0,no_overlap
3195,0,0.0,0,0.0,no_overlap
3196,1,1.0,1,1.0,single_overlap
3197,1,0.902912621,1,0.567961165,single_overlap
3198,1,1.0,1,1.0,single_overlap
3199,0,0.0,0,0.0,no_overlap
3200,1,1.0,0,0.0,no_overlap
3201,0,0.0,1,1.0,single_overlap
3202,1,0.87037037,1,0.537037037,single_overlap
3203,1,1.0,1,1.0,single_overlap
3204,1,1.0,1,1.0,single_overlap
3205,1,1.0,0,0.0,no_overlap
3206,1,1.0,0,0.0,no_overlap
3207,1,1.0,1,0.87755102,single_overlap
3208,1,0.88,1,0.88,single_overlap
3209,0,0.0,1,0.9,single_overlap
3210,1,1.0,2,0.766666667,multiple_overlaps
3211,1,1.0,1,1.0,single_overlap
3212,1,1.0,1,0.80952381,single_overlap
3213,1,1.0,1,1.0,single_overlap
3214,1,0.96969697,1,1.0,single_overlap
3215,1,0.897637795,1,1.0,single_overlap
3216,1,1.0,1,1.0,single_overlap
3217,1,1.0,1,1.0,single_overlap
3218,1,0.991525424,1,1.0,single_overlap
3219,1,1.0,1,0.952380952,single_overlap
3220,1,1.0,1,0.935483871,single_overlap
3221,1,1.0,1,1.0,single_overlap
3222,1,0.923076923,1,1.0,single_overlap
3223,1,1.0,0,0.0,no_overlap
3224,1,1.0,1,1.0,single_overlap
3225,1,1.0,1,1.0,single_overlap
3226,1,1.0,1,1.0,single_overlap
3227,1,1.0,1,1.0,single_overlap
3228,1,1.0,1,1.0,single_overlap
3229,1,1.0,1,1.0,single_overlap
3230,1,0.925,2,1.0,multiple_overlaps
3231,1,1.0,1,1.0,single_overlap
3232,1,1.0,1,1.0,single_overlap
3233,1,0.942857143,1,0.957142857,single_overlap
3234,1,1.0,1,1.0,single_overlap
3235,0,0.0,0,0.0,no_overlap
3236,1,1.0,1,0.972972973,single_overlap
3237,1,0.75,1,0.5,single_overlap
3238,1,1.0,0,0.0,no_overlap
3239,1,1.0,1,1.0,single_overlap
3240,1,0.833333333,1,1.0,single_overlap
3241,1,0.980769231,1,0.673076923,single_overlap
3242,1,1.0,0,0.0,no_overlap
3243,2,0.931506849,1,1.0,single_overlap
3244,1,1.0,1,1.0,single_overlap
3245,1,1.0,1,1.0,single_overlap
3246,0,0.0,1,0.8,single_overlap
3247,1,0.985294118,1,0.691176471,single_overlap
3248,1,1.0,1,1.0,single_overlap
3249,0,0.0,1,0.75,single_overlap
3250,1,0.933333333,1,1.0,single_overlap
3251,0,0.0,0,0.0,no_overlap
3252,1,1.0,0,0.0,no_overlap
3253,1,1.0,1,1.0,single_overlap
3254,1,1.0,1,0.90625,single_overlap
3255,0,0.0,0,0.0,no_overlap
3256,1,0.714285714,1,1.0,single_overlap
3257,1,0.93258427,1,1.0,single_overlap
3258,1,0.979166667,1,1.0,single_overlap
3259,1,1.0,0,0.0,no_overlap
3260,1,1.0,1,1.0,single_overlap
3261,1,0.95,1,1.0,single_overlap
3262,1,1.0,1,0.995260664,single_overlap
3263,1,1.0,1,1.0,single_overlap
3264,1,1.0,1,0.833333333,single_overlap
3265,1,1.0,1,1.0,single_overlap
3266,2,0.879310345,1,0.5,single_overlap
3267,1,1.0,1,1.0,single_overlap
3268,1,1.0,1,0.154929577,single_overlap
3269,1,1.0,1,1.0,single_overlap
3270,1,1.0,1,1.0,single_overlap
3271,1,1.0,1,1.0,single_overlap
3272,1,0.988023952,1,0.994011976,single_overlap
3273,1,1.0,1,1.0,single_overlap
3274,1,0.882352941,1,1.0,single_overlap
3275,1,1.0,1,1.0,single_overlap
3276,1,1.0,1,1.0,single_overlap
3277,1,0.857142857,1,1.0,single_overlap
3278,0,0.0,0,0.0,no_overlap
3279,1,1.0,1,1.0,single_overlap
3280,1,1.0,1,1.0,single_overlap
3281,1,1.0,1,0.9,single_overlap
3282,1,1.0,1,1.0,single_overlap
3283,1,1.0,1,1.0,single_overlap
3284,0,0.0,1,1.0,single_overlap
3285,1,1.0,1,1.0,single_overlap
3286,0,0.0,1,1.0,single_overlap
3287,1,1.0,1,1.0,single_overlap
3288,1,1.0,1,1.0,single_overlap
3289,1,1.0,1,1.0,single_overlap
3290,0,0.0,1,1.0,single_overlap
3291,1,1.0,1,1.0,single_overlap
3292,1,0.8,0,0.0,no_overlap
3293,1,1.0,1,1.0,single_overlap
3294,1,0.756410256,1,0.91025641,single_overlap
3295,1,0.962962963,1,1.0,single_overlap
3296,1,1.0,0,0.0,no_overlap
3297,1,1.0,1,1.0,single_overlap
3298,1,0.765432099,1,1.0,single_overlap
3299,1,1.0,0,0.0,no_overlap
3300,0,0.0,1,1.0,single_overlap
3301,1,0.923076923,0,0.0,no_overlap
3302,0,0.0,0,0.0,no_overlap
3303,1,0.981455064,1,1.0,single_overlap
3304,1,1.0,1,0.586206897,single_overlap
3305,1,1.0,1,1.0,single_overlap
3306,1,0.833333333,0,0.0,no_overlap
3307,1,1.0,0,0.0,no_overlap
3308,1,0.833333333,1,0.854166667,single_overlap
3309,1,0.973684211,1,1.0,single_overlap
3310,0,0.0,0,0.0,no_overlap
3311,1,1.0,1,0.113636364,single_overlap
3312,1,0.916666667,1,0.916666667,single_overlap
3313,1,1.0,1,1.0,single_overlap
3314,1,0.885714286,1,1.0,single_overlap
3315,1,1.0,1,1.0,single_overlap
3316,0,0.0,0,0.0,no_overlap
3317,1,0.787234043,1,1.0,single_overlap
3318,0,0.0,0,0.0,no_overlap
3319,1,0.95,1,1.0,single_overlap
3320,1,1.0,1,1.0,single_overlap
3321,1,0.988304094,1,1.0,single_overlap
3322,1,1.0,1,1.0,single_overlap
3323,1,1.0,1,1.0,single_overlap
3324,1,1.0,1,1.0,single_overlap
3325,1,0.884615385,1,1.0,single_overlap
3326,1,1.0,1,1.0,single_overlap
3327,1,1.0,1,1.0,single_overlap
3328,1,1.0,1,1.0,single_overlap
3329,1,0.974358974,1,1.0,single_overlap
3330,1,1.0,1,1.0,single_overlap
3331,1,1.0,1,1.0,single_overlap
3332,1,1.0,1,1.0,single_overlap
3333,1,1.0,1,1.0,single_overlap
3334,1,1.0,1,1.0,single_overlap
3335,1,0.958333333,1,1.0,single_overlap
3336,1,0.99285076,1,0.99463807,single_overlap
3337,1,1.0,1,1.0,single_overlap
3338,1,1.0,2,1.0,multiple_overlaps
3339,1,0.962962963,1,0.962962963,single_overlap
3340,1,1.0,1,1.0,single_overlap
3341,1,1.0,1,1.0,single_overlap
3342,1,1.0,1,1.0,single_overlap
3343,1,1.0,1,0.625,single_overlap
3344,1,1.0,0,0.0,no_overlap
3345,1,0.836734694,1,0.632653061,single_overlap
3346,1,0.818181818,0,0.0,no_overlap
3347,1,1.0,0,0.0,no_overlap
3348,1,1.0,1,1.0,single_overlap
3349,1,1.0,1,1.0,single_overlap
3350,0,0.0,1,0.555555556,single_overlap
3351,1,1.0,1,1.0,single_overlap
3352,0,0.0,1,0.444444444,single_overlap
3353,1,1.0,1,0.625,single_overlap
3354,1,0.712962963,1,0.861111111,single_overlap
3355,1,1.0,1,1.0,single_overlap
3356,1,0.9,0,0.0,no_overlap
3357,1,0.962962963,1,0.925925926,single_overlap
3358,1,1.0,1,1.0,single_overlap
3359,0,0.0,0,0.0,no_overlap
3360,1,1.0,0,0.0,no_overlap
3361,1,0.967741935,1,1.0,single_overlap
3362,1,1.0,1,1.0,single_overlap
3363,1,1.0,0,0.0,no_overlap
3364,1,0.571428571,0,0.0,no_overlap
3365,1,0.526315789,1,0.947368421,single_overlap
3366,1,1.0,1,1.0,single_overlap
3367,1,1.0,0,0.0,no_overlap
3368,1,1.0,1,0.928571429,single_overlap
3369,0,0.0,1,1.0,single_overlap
3370,0,0.0,1,1.0,single_overlap
3371,1,1.0,0,0.0,no_overlap
3372,1,1.0,1,1.0,single_overlap
3373,1,1.0,1,1.0,single_overlap
3374,1,1.0,0,0.0,no_overlap
3375,1,1.0,1,1.0,single_overlap
3376,1,1.0,1,1.0,single_overlap
3377,1,1.0,1,1.0,single_overlap
3378,1,1.0,1,1.0,single_overlap
3379,1,1.0,1,1.0,single_overlap
3380,1,0.909090909,0,0.0,no_overlap
3381,1,1.0,1,1.0,single_overlap
3382,1,1.0,1,1.0,single_overlap
3383,1,1.0,1,1.0,single_overlap
3384,1,1.0,1,1.0,single_overlap
3385,1,1.0,1,0.7,single_overlap
3386,1,0.777777778,1,0.888888889,single_overlap
3387,1,1.0,1,1.0,single_overlap
3388,1,1.0,1,1.0,single_overlap
3389,1,0.9375,1,1.0,single_overlap
3390,1,0.718309859,1,1.0,single_overlap
3391,1,0.981481481,1,1.0,single_overlap
3392,1,0.777777778,1,0.777777778,single_overlap
3393,1,1.0,1,1.0,single_overlap
3394,1,1.0,1,1.0,single_overlap
3395,1,1.0,1,1.0,single_overlap
3396,1,1.0,1,1.0,single_overlap
3397,1,1.0,1,1.0,single_overlap
3398,1,0.9375,1,1.0,single_overlap
3399,1,1.0,0,0.0,no_overlap
3400,1,1.0,0,0.0,no_overlap
3401,1,0.92,1,1.0,single_overlap
3402,1,0.983870968,1,1.0,single_overlap
3403,1,1.0,1,0.666666667,single_overlap
3404,1,0.925925926,1,1.0,single_overlap
3405,2,0.782051282,1,0.679487179,single_overlap
3406,0,0.0,1,1.0,single_overlap
3407,1,0.962962963,1,0.851851852,single_overlap
3408,1,0.9,0,0.0,no_overlap
3409,1,1.0,1,1.0,single_overlap
3410,0,0.0,0,0.0,no_overlap
3411,1,1.0,1,1.0,single_overlap
3412,0,0.0,0,0.0,no_overlap
3413,0,0.0,0,0.0,no_overlap
3414,1,0.994318182,1,1.0,single_overlap
3415,1,1.0,1,1.0,single_overlap
3416,0,0.0,0,0.0,no_overlap
3417,1,0.88,0,0.0,no_overlap
3418,1,0.772727273,1,0.954545455,single_overlap
3419,1,0.953488372,1,1.0,single_overlap
3420,1,0.8,0,0.0,no_overlap
3421,1,1.0,1,1.0,single_overlap
3422,1,0.70212766,1,1.0,single_overlap
3423,1,1.0,1,0.823529412,single_overlap
3424,1,1.0,0,0.0,no_overlap
3425,1,1.0,0,0.0,no_overlap
3426,1,1.0,1,1.0,single_overlap
3427,1,0.98245614,1,0.842105263,single_overlap
3428,1,1.0,1,1.0,single_overlap
3429,1,0.971428571,1,0.514285714,single_overlap
3430,1,0.961538462,1,1.0,single_overlap
3431,1,0.947368421,1,1.0,single_overlap
3432,1,1.0,1,0.952380952,single_overlap
3433,1,1.0,1,1.0,single_overlap
3434,1,1.0,1,1.0,single_overlap
3435,1,1.0,1,1.0,single_overlap
3436,1,0.929577465,1,0.943661972,single_overlap
3437,1,1.0,1,1.0,single_overlap
3438,1,1.0,1,1.0,single_overlap
3439,1,0.946564885,1,0.992366412,single_overlap
3440,1,0.998449612,1,1.0,single_overlap
3441,1,1.0,1,1.0,single_overlap
3442,1,1.0,1,0.954545455,single_overlap
3443,1,1.0,1,1.0,single_overlap
3444,1,0.991507431,1,0.997876858,single_overlap
3445,1,0.884615385,1,1.0,single_overlap
3446,1,0.783783784,1,1.0,single_overlap
3447,1,1.0,1,1.0,single_overlap
3448,1,1.0,1,1.0,single_overlap
3449,1,1.0,0,0.0,no_overlap
3450,1,0.888888889,2,1.0,multiple_overlaps
3451,1,0.895238095,1,0.99047619,single_overlap
3452,1,0.5,0,0.0,no_overlap
3453,1,1.0,1,1.0,single_overlap
3454,0,0.0,0,0.0,no_overlap
3455,1,0.976377953,1,1.0,single_overlap
3456,0,0.0,0,0.0,no_overlap
3457,1,1.0,1,1.0,single_overlap
3458,1,1.0,1,1.0,single_overlap
3459,1,0.888888889,1,0.666666667,single_overlap
3460,1,0.959677419,1,0.919354839,single_overlap
3461,1,0.967741935,1,0.903225806,single_overlap
3462,1,0.954954955,1,0.981981982,single_overlap
3463,1,0.923076923,0,0.0,no_overlap
3464,1,1.0,1,1.0,single_overlap
3465,0,0.0,0,0.0,no_overlap
3466,1,0.75,0,0.0,no_overlap
3467,1,1.0,1,1.0,single_overlap
3468,1,1.0,1,1.0,single_overlap
3469,0,0.0,0,0.0,no_overlap
3470,1,1.0,1,1.0,single_overlap
3471,1,1.0,1,1.0,single_overlap
3472,1,1.0,0,0.0,no_overlap
3473,1,0.957446809,1,1.0,single_overlap
3474,1,1.0,1,1.0,single_overlap
3475,1,0.932432432,1,1.0,single_overlap
3476,1,1.0,0,0.0,no_overlap
3477,1,1.0,1,1.0,single_overlap
3478,1,1.0,1,1.0,single_overlap
3479,1,1.0,1,1.0,single_overlap
3480,1,0.985294118,1,0.970588235,single_overlap
3481,1,0.963768116,1,1.0,single_overlap
3482,0,0.0,1,1.0,single_overlap
3483,1,1.0,1,1.0,single_overlap
3484,1,1.0,0,0.0,no_overlap
3485,1,1.0,1,1.0,single_overlap
3486,1,0.961538462,1,1.0,single_overlap
3487,1,1.0,1,1.0,single_overlap
3488,1,1.0,1,1.0,single_overlap
3489,1,1.0,1,1.0,single_overlap
3490,1,1.0,1,1.0,single_overlap
3491,1,0.8,1,1.0,single_overlap
3492,1,1.0,1,1.0,single_overlap
3493,1,1.0,1,1.0,single_overlap
3494,1,1.0,1,1.0,single_overlap
3495,1,0.913043478,1,0.913043478,single_overlap
3496,1,1.0,1,1.0,single_overlap
3497,1,0.925925926,1,0.925925926,single_overlap
3498,1,1.0,1,0.857142857,single_overlap
3499,1,1.0,1,1.0,single_overlap
3500,1,1.0,1,1.0,single_overlap
3501,1,1.0,0,0.0,no_overlap
3502,1,1.0,1,1.0,single_overlap
3503,1,0.916666667,0,0.0,no_overlap
3504,1,0.894736842,1,0.947368421,single_overlap
3505,1,1.0,1,0.4,single_overlap
3506,1,1.0,1,1.0,single_overlap
3507,1,1.0,1,0.944444444,single_overlap
3508,1,1.0,1,1.0,single_overlap
3509,1,1.0,1,0.25,single_overlap
3510,1,1.0,1,1.0,single_overlap
3511,1,0.844444444,1,0.755555556,single_overlap
3512,1,1.0,0,0.0,no_overlap
3513,0,0.0,1,0.888888889,single_overlap
3514,1,0.833333333,0,0.0,no_overlap
3515,1,0.973333333,1,0.933333333,single_overlap
3516,1,1.0,0,0.0,no_overlap
3517,0,0.0,0,0.0,no_overlap
3518,1,0.71875,1,1.0,single_overlap
3519,1,0.846153846,0,0.0,no_overlap
3520,1,0.974903475,1,0.994208494,single_overlap
3521,1,0.944444444,0,0.0,no_overlap
3522,1,1.0,0,0.0,no_overlap
3523,1,1.0,1,1.0,single_overlap
3524,1,1.0,1,1.0,single_overlap
3525,1,0.807017544,0,0.0,no_overlap
3526,1,1.0,0,0.0,no_overlap
3527,1,0.916666667,1,1.0,single_overlap
3528,1,1.0,1,1.0,single_overlap
3529,1,1.0,1,1.0,single_overlap
3530,1,1.0,0,0.0,no_overlap
3531,1,1.0,1,1.0,single_overlap
3532,1,1.0,0,0.0,no_overlap
3533,1,1.0,1,1.0,single_overlap
3534,1,0.96,2,0.8,multiple_overlaps
3535,1,0.952380952,1,1.0,single_overlap
3536,1,1.0,1,1.0,single_overlap
3537,1,1.0,1,1.0,single_overlap
3538,1,0.833333333,1,1.0,single_overlap
3539,1,1.0,1,0.941176471,single_overlap
3540,1,1.0,1,1.0,single_overlap
3541,1,0.94,1,1.0,single_overlap
3542,1,1.0,1,1.0,single_overlap
3543,1,1.0,1,1.0,single_overlap
3544,1,0.933333333,1,1.0,single_overlap
3545,1,0.933333333,1,0.933333333,single_overlap
3546,1,1.0,1,1.0,single_overlap
3547,1,0.909090909,1,1.0,single_overlap
3548,1,0.901639344,1,0.93442623,single_overlap
3549,1,1.0,1,1.0,single_overlap
3550,1,1.0,1,1.0,single_overlap
3551,1,1.0,1,0.764705882,single_overlap
3552,1,0.952380952,1,1.0,single_overlap
3553,1,1.0,1,1.0,single_overlap
3554,1,1.0,1,1.0,single_overlap
3555,1,1.0,1,1.0,single_overlap
3556,1,0.9,1,1.0,single_overlap
3557,1,1.0,0,0.0,no_overlap
3558,1,0.916666667,0,0.0,no_overlap
3559,1,0.980392157,1,1.0,single_overlap
3560,1,1.0,1,1.0,single_overlap
3561,1,1.0,1,1.0,single_overlap
3562,1,1.0,0,0.0,no_overlap
3563,1,0.917647059,1,1.0,single_overlap
3564,0,0.0,1,1.0,single_overlap
3565,1,0.9,1,1.0,single_overlap
3566,1,0.98569857,2,0.97579758,multiple_overlaps
3567,1,0.692307692,1,0.846153846,single_overlap
3568,1,0.956521739,1,1.0,single_overlap
3569,1,1.0,0,0.0,no_overlap
3570,1,1.0,0,0.0,no_overlap
3571,1,1.0,1,1.0,single_overlap
3572,0,0.0,1,0.857142857,single_overlap
3573,1,0.80952381,0,0.0,no_overlap
3574,1,0.962962963,1,1.0,single_overlap
3575,1,1.0,0,0.0,no_overlap
3576,1,0.936170213,1,0.319148936,single_overlap
3577,1,1.0,1,1.0,single_overlap
3578,1,0.916666667,0,0.0,no_overlap
3579,1,1.0,1,0.961538462,single_overlap
3580,1,1.0,1,1.0,single_overlap
3581,1,1.0,0,0.0,no_overlap
3582,1,1.0,1,1.0,single_overlap
3583,1,1.0,0,0.0,no_overlap
3584,1,1.0,0,0.0,no_overlap
3585,1,1.0,1,1.0,single_overlap
3586,1,1.0,1,1.0,single_overlap
3587,1,1.0,1,0.944444444,single_overlap
3588,1,1.0,1,1.0,single_overlap
3589,1,1.0,1,1.0,single_overlap
3590,1,1.0,1,1.0,single_overlap
3591,1,1.0,1,1.0,single_overlap
3592,1,1.0,1,1.0,single_overlap
3593,1,1.0,1,1.0,single_overlap
3594,1,1.0,1,1.0,single_overlap
3595,1,1.0,1,1.0,single_overlap
3596,1,1.0,1,1.0,single_overlap
3597,1,1.0,1,1.0,single_overlap
3598,1,1.0,1,0.923076923,single_overlap
3599,1,0.929824561,1,1.0,single_overlap
3600,1,1.0,1,1.0,single_overlap
3601,1,0.777777778,1,0.666666667,single_overlap
3602,1,1.0,1,1.0,single_overlap
3603,1,1.0,1,1.0,single_overlap
3604,1,0.96,1,1.0,single_overlap
3605,1,1.0,1,1.0,single_overlap
3606,0,0.0,0,0.0,no_overlap
3607,1,1.0,1,1.0,single_overlap
3608,1,1.0,1,1.0,single_overlap
3609,1,0.875,1,0.875,single_overlap
3610,1,0.951807229,1,0.963855422,single_overlap
3611,1,0.818181818,1,0.681818182,single_overlap
3612,1,1.0,1,1.0,single_overlap
3613,1,1.0,1,1.0,single_overlap
3614,1,1.0,1,1.0,single_overlap
3615,1,0.983193277,1,1.0,single_overlap
3616,1,0.769230769,1,0.538461538,single_overlap
3617,2,0.848101266,1,0.772151899,single_overlap
3618,1,1.0,1,0.75,single_overlap
3619,1,0.582089552,1,0.686567164,single_overlap
3620,1,1.0,1,0.454545455,single_overlap
3621,1,1.0,1,1.0,single_overlap
3622,1,1.0,1,0.571428571,single_overlap
3623,0,0.0,0,0.0,no_overlap
3624,0,0.0,0,0.0,no_overlap
3625,1,0.916666667,1,0.25,single_overlap
3626,0,0.0,0,0.0,no_overlap
3627,1,0.941176471,1,0.941176471,single_overlap
3628,0,0.0,0,0.0,no_overlap
3629,1,0.736842105,1,0.052631579,single_overlap
3630,1,1.0,1,0.083333333,single_overlap
3631,1,0.939393939,0,0.0,no_overlap
3632,1,1.0,1,1.0,single_overlap
3633,1,0.956521739,1,0.956521739,single_overlap
3634,1,1.0,1,1.0,single_overlap
3635,1,0.85,1,1.0,single_overlap
3636,1,1.0,1,1.0,single_overlap
3637,1,1.0,1,1.0,single_overlap
3638,1,1.0,1,1.0,single_overlap
3639,1,1.0,1,1.0,single_overlap
3640,1,1.0,1,0.9375,single_overlap
3641,1,0.85,1,1.0,single_overlap
3642,1,1.0,1,1.0,single_overlap
3643,1,1.0,1,1.0,single_overlap
3644,1,1.0,1,1.0,single_overlap
3645,1,0.991501416,1,1.0,single_overlap
3646,1,1.0,1,1.0,single_overlap
3647,1,1.0,1,1.0,single_overlap
3648,1,0.833333333,1,1.0,single_overlap
3649,1,0.956521739,1,0.956521739,single_overlap
3650,1,1.0,1,1.0,single_overlap
3651,1,1.0,1,1.0,single_overlap
3652,1,1.0,1,0.714285714,single_overlap
3653,1,1.0,1,1.0,single_overlap
3654,1,1.0,1,1.0,single_overlap
3655,1,0.777777778,0,0.0,no_overlap
3656,1,0.96,1,1.0,single_overlap
3657,1,1.0,1,1.0,single_overlap
3658,1,1.0,1,1.0,single_overlap
3659,1,1.0,1,0.75,single_overlap
3660,1,1.0,1,1.0,single_overlap
3661,1,0.928571429,1,1.0,single_overlap
3662,1,0.945454545,1,1.0,single_overlap
3663,1,0.89010989,1,1.0,single_overlap
3664,1,0.976470588,1,1.0,single_overlap
3665,1,1.0,1,1.0,single_overlap
3666,1,1.0,1,1.0,single_overlap
3667,1,1.0,1,0.764705882,single_overlap
3668,2,0.864197531,1,1.0,single_overlap
3669,1,1.0,1,0.6,single_overlap
3670,1,0.975609756,1,0.975609756,single_overlap
3671,1,0.833333333,1,0.583333333,single_overlap
3672,1,0.9,0,0.0,no_overlap
3673,1,1.0,0,0.0,no_overlap
3674,0,0.0,0,0.0,no_overlap
3675,0,0.0,0,0.0,no_overlap
3676,1,1.0,1,1.0,single_overlap
3677,1,0.923076923,1,0.923076923,single_overlap
3678,1,1.0,1,1.0,single_overlap
3679,1,1.0,0,0.0,no_overlap
3680,1,1.0,1,1.0,single_overlap
3681,1,1.0,1,1.0,single_overlap
3682,1,1.0,0,0.0,no_overlap
3683,1,1.0,1,0.285714286,single_overlap
3684,0,0.0,1,1.0,single_overlap
3685,1,1.0,1,1.0,single_overlap
3686,1,0.892857143,1,0.928571429,single_overlap
3687,1,0.95,1,1.0,single_overlap
3688,1,0.9,1,1.0,single_overlap
3689,1,1.0,1,1.0,single_overlap
3690,1,0.852941176,1,1.0,single_overlap
3691,1,0.980769231,1,1.0,single_overlap
3692,1,0.919642857,1,1.0,single_overlap
3693,1,0.785714286,1,1.0,single_overlap
3694,1,1.0,1,0.888888889,single_overlap
3695,1,1.0,1,1.0,single_overlap
3696,1,1.0,1,1.0,single_overlap
3697,1,1.0,1,0.981132075,single_overlap
3698,1,0.95,1,1.0,single_overlap
3699,1,1.0,1,1.0,single_overlap
3700,1,1.0,1,1.0,single_overlap
3701,1,1.0,1,1.0,single_overlap
3702,1,1.0,1,1.0,single_overlap
3703,1,1.0,0,0.0,no_overlap
3704,1,1.0,1,1.0,single_overlap
3705,1,1.0,1,1.0,single_overlap
3706,1,0.934782609,1,1.0,single_overlap
3707,1,1.0,1,1.0,single_overlap
3708,1,0.967741935,1,1.0,single_overlap
3709,1,1.0,1,1.0,single_overlap
3710,1,1.0,1,1.0,single_overlap
3711,1,1.0,1,0.873417722,single_overlap
3712,1,1.0,0,0.0,no_overlap
3713,1,1.0,0,0.0,no_overlap
3714,1,0.952,1,1.0,single_overlap
3715,1,1.0,1,1.0,single_overlap
3716,1,1.0,0,0.0,no_overlap
3717,1,1.0,1,0.785714286,single_overlap
3718,1,1.0,1,0.911764706,single_overlap
3719,0,0.0,1,0.5,single_overlap
3720,1,1.0,1,1.0,single_overlap
3721,1,1.0,1,0.837837838,single_overlap
3722,1,1.0,0,0.0,no_overlap
3723,1,1.0,1,0.357142857,single_overlap
3724,0,0.0,0,0.0,no_overlap
3725,1,0.947368421,1,1.0,single_overlap
3726,0,0.0,0,0.0,no_overlap
3727,1,0.743589744,1,0.871794872,single_overlap
3728,0,0.0,0,0.0,no_overlap
3729,1,1.0,0,0.0,no_overlap
3730,1,1.0,0,0.0,no_overlap
3731,1,1.0,0,0.0,no_overlap
3732,1,1.0,1,1.0,single_overlap
3733,1,0.971428571,1,1.0,single_overlap
3734,1,1.0,1,0.971428571,single_overlap
3735,1,0.9,1,0.96,single_overlap
3736,1,1.0,1,1.0,single_overlap
3737,1,1.0,1,1.0,single_overlap
3738,1,1.0,1,1.0,single_overlap
3739,1,1.0,1,1.0,single_overlap
3740,1,0.923076923,2,0.948717949,multiple_overlaps
3741,1,1.0,1,1.0,single_overlap
3742,1,0.9,1,1.0,single_overlap
3743,1,0.85,1,0.95,single_overlap
3744,1,1.0,1,1.0,single_overlap
3745,1,1.0,1,1.0,single_overlap
3746,1,1.0,1,1.0,single_overlap
3747,1,0.941176471,1,1.0,single_overlap
3748,1,0.75,0,0.0,no_overlap
3749,1,1.0,1,1.0,single_overlap
3750,1,1.0,1,1.0,single_overlap
3751,1,1.0,1,1.0,single_overlap
3752,1,1.0,1,0.80952381,single_overlap
3753,1,1.0,1,1.0,single_overlap
3754,1,1.0,1,1.0,single_overlap
3755,1,0.96969697,1,1.0,single_overlap
3756,1,0.956521739,1,1.0,single_overlap
3757,1,1.0,1,1.0,single_overlap
3758,1,1.0,1,1.0,single_overlap
3759,1,1.0,1,1.0,single_overlap
3760,1,1.0,0,0.0,no_overlap
3761,1,1.0,1,1.0,single_overlap
3762,1,0.96,1,1.0,single_overlap
3763,1,0.99,1,1.0,single_overlap
3764,1,1.0,1,1.0,single_overlap
3765,1,0.96,1,0.76,single_overlap
3766,1,1.0,1,0.428571429,single_overlap
3767,1,0.96,1,0.78,single_overlap
3768,1,0.818181818,1,1.0,single_overlap
3769,1,0.971428571,1,0.8,single_overlap
3770,0,0.0,0,0.0,no_overlap
3771,1,0.689655172,1,0.620689655,single_overlap
3772,1,1.0,1,1.0,single_overlap
3773,1,0.888888889,1,1.0,single_overlap
3774,1,0.947368421,0,0.0,no_overlap
3775,1,1.0,1,0.989010989,single_overlap
3776,1,0.833333333,0,0.0,no_overlap
3777,1,1.0,1,1.0,single_overlap
3778,1,0.8,1,0.942857143,single_overlap
3779,1,1.0,1,1.0,single_overlap
3780,1,1.0,1,0.714285714,single_overlap
3781,1,1.0,0,0.0,no_overlap
3782,1,1.0,1,1.0,single_overlap
3783,1,0.966666667,0,0.0,no_overlap
3784,0,0.0,0,0.0,no_overlap
3785,1,0.995,1,1.0,single_overlap
3786,1,0.936507937,1,1.0,single_overlap
3787,1,0.783783784,1,0.702702703,single_overlap
3788,1,0.944444444,1,1.0,single_overlap
3789,1,1.0,1,1.0,single_overlap
3790,1,0.941176471,1,1.0,single_overlap
3791,1,1.0,1,1.0,single_overlap
3792,1,0.990654206,1,1.0,single_overlap
3793,1,1.0,1,1.0,single_overlap
3794,1,1.0,1,1.0,single_overlap
3795,1,1.0,1,1.0,single_overlap
3796,1,0.888888889,1,1.0,single_overlap
3797,1,0.869565217,1,1.0,single_overlap
3798,1,1.0,1,1.0,single_overlap
3799,1,0.941176471,1,1.0,single_overlap
3800,1,1.0,1,1.0,single_overlap
3801,1,1.0,1,0.977777778,single_overlap
3802,1,1.0,1,1.0,single_overlap
3803,1,1.0,1,1.0,single_overlap
3804,1,1.0,1,1.0,single_overlap
3805,1,1.0,1,1.0,single_overlap
3806,1,0.807692308,1,1.0,single_overlap
3807,1,1.0,1,0.454545455,single_overlap
3808,1,1.0,0,0.0,no_overlap
3809,1,1.0,1,0.954545455,single_overlap
3810,1,1.0,1,0.975903614,single_overlap
3811,1,1.0,0,0.0,no_overlap
3812,1,1.0,1,1.0,single_overlap
3813,1,0.9,1,0.5,single_overlap
3814,1,0.866666667,1,0.933333333,single_overlap
3815,1,1.0,1,1.0,single_overlap
3816,1,1.0,1,1.0,single_overlap
3817,0,0.0,0,0.0,no_overlap
3818,0,0.0,0,0.0,no_overlap
3819,1,0.916666667,1,1.0,single_overlap
3820,1,1.0,0,0.0,no_overlap
3821,1,0.923076923,0,0.0,no_overlap
3822,1,1.0,1,0.5,single_overlap
3823,1,1.0,1,0.928571429,single_overlap
3824,1,0.866666667,1,1.0,single_overlap
3825,1,0.946808511,1,0.457446809,single_overlap
3826,1,1.0,1,0.992647059,single_overlap
3827,1,1.0,1,0.888888889,single_overlap
3828,1,1.0,1,1.0,single_overlap
3829,1,1.0,1,0.666666667,single_overlap
3830,1,1.0,1,1.0,single_overlap
3831,1,1.0,0,0.0,no_overlap
3832,1,1.0,1,1.0,single_overlap
3833,1,1.0,0,0.0,no_overlap
3834,1,1.0,1,0.985507246,single_overlap
3835,1,1.0,1,1.0,single_overlap
3836,1,0.766666667,1,0.966666667,single_overlap
3837,1,1.0,1,1.0,single_overlap
3838,1,1.0,1,1.0,single_overlap
3839,1,1.0,1,1.0,single_overlap
3840,1,1.0,1,0.967741935,single_overlap
3841,1,1.0,1,1.0,single_overlap
3842,1,1.0,1,1.0,single_overlap
3843,1,1.0,1,1.0,single_overlap
3844,1,1.0,1,1.0,single_overlap
3845,1,1.0,1,0.8,single_overlap
3846,1,1.0,1,1.0,single_overlap
3847,1,1.0,1,1.0,single_overlap
3848,1,0.923076923,1,1.0,single_overlap
3849,1,1.0,1,1.0,single_overlap
3850,1,0.923076923,1,1.0,single_overlap
3851,1,1.0,1,1.0,single_overlap
3852,1,1.0,1,0.866666667,single_overlap
3853,1,1.0,1,1.0,single_overlap
3854,1,1.0,1,1.0,single_overlap
3855,1,0.951219512,2,0.926829268,multiple_overlaps
3856,1,1.0,1,1.0,single_overlap
3857,1,1.0,0,0.0,no_overlap
3858,0,0.0,2,0.214285714,multiple_overlaps
3859,1,1.0,1,0.636363636,single_overlap
3860,0,0.0,1,0.714285714,single_overlap
3861,1,0.963963964,1,0.662162162,single_overlap
3862,1,0.980392157,1,0.960784314,single_overlap
3863,1,1.0,1,0.5625,single_overlap
3864,0,0.0,0,0.0,no_overlap
3865,0,0.0,0,0.0,no_overlap
3866,1,1.0,1,0.9,single_overlap
3867,1,0.966666667,0,0.0,no_overlap
3868,1,0.869565217,0,0.0,no_overlap
3869,1,1.0,0,0.0,no_overlap
3870,1,0.982758621,1,0.931034483,single_overlap
3871,1,1.0,0,0.0,no_overlap
3872,1,1.0,0,0.0,no_overlap
3873,1,1.0,1,1.0,single_overlap
3874,1,1.0,0,0.0,no_overlap
3875,1,0.972222222,1,1.0,single_overlap
3876,1,0.935483871,1,1.0,single_overlap
3877,1,1.0,1,1.0,single_overlap
3878,1,0.977839335,1,0.986149584,single_overlap
3879,1,1.0,1,1.0,single_overlap
3880,1,1.0,1,1.0,single_overlap
3881,1,0.470588235,1,1.0,single_overlap
3882,1,1.0,1,1.0,single_overlap
3883,1,0.963099631,1,1.0,single_overlap
3884,1,1.0,1,1.0,single_overlap
3885,1,1.0,1,1.0,single_overlap
3886,1,1.0,1,1.0,single_overlap
3887,1,1.0,1,1.0,single_overlap
3888,1,0.988372093,1,1.0,single_overlap
3889,1,1.0,1,1.0,single_overlap
3890,1,1.0,1,1.0,single_overlap
3891,1,1.0,1,1.0,single_overlap
3892,1,0.981481481,1,1.0,single_overlap
3893,1,1.0,1,1.0,single_overlap
3894,1,0.92,1,1.0,single_overlap
3895,1,0.838709677,1,1.0,single_overlap
3896,1,1.0,1,1.0,single_overlap
3897,1,1.0,1,1.0,single_overlap
3898,1,0.987951807,1,0.855421687,single_overlap
3899,1,0.666666667,0,0.0,no_overlap
3900,1,1.0,1,1.0,single_overlap
3901,1,1.0,0,0.0,no_overlap
3902,1,1.0,1,1.0,single_overlap
3903,1,1.0,1,1.0,single_overlap
3904,1,0.9,1,1.0,single_overlap
3905,1,0.85,1,0.85,single_overlap
3906,1,0.75,0,0.0,no_overlap
3907,1,0.965517241,1,1.0,single_overlap
3908,1,1.0,0,0.0,no_overlap
3909,1,0.75,0,0.0,no_overlap
3910,1,0.981132075,1,1.0,single_overlap
3911,0,0.0,0,0.0,no_overlap
3912,0,0.0,0,0.0,no_overlap
3913,1,0.857142857,0,0.0,no_overlap
3914,1,0.857142857,1,0.714285714,single_overlap
3915,1,0.977272727,1,1.0,single_overlap
3916,1,1.0,1,1.0,single_overlap
3917,1,1.0,0,0.0,no_overlap
3918,1,0.75,0,0.0,no_overlap
3919,1,1.0,1,1.0,single_overlap
3920,1,0.954545455,1,1.0,single_overlap
3921,1,0.973684211,1,1.0,single_overlap
3922,1,1.0,0,0.0,no_overlap
3923,1,1.0,1,0.962962963,single_overlap
3924,1,0.945945946,1,1.0,single_overlap
3925,1,1.0,0,0.0,no_overlap
3926,1,1.0,1,1.0,single_overlap
3927,1,0.909090909,1,1.0,single_overlap
3928,1,0.951219512,1,1.0,single_overlap
3929,1,1.0,1,1.0,single_overlap
3930,1,1.0,1,1.0,single_overlap
3931,1,1.0,1,1.0,single_overlap
3932,1,1.0,1,1.0,single_overlap
3933,1,1.0,1,1.0,single_overlap
3934,1,1.0,1,1.0,single_overlap
3935,1,1.0,1,0.916666667,single_overlap
3936,1,0.916666667,0,0.0,no_overlap
3937,1,1.0,1,1.0,single_overlap
3938,1,1.0,1,1.0,single_overlap
3939,1,1.0,1,1.0,single_overlap
3940,1,1.0,1,1.0,single_overlap
3941,1,1.0,1,1.0,single_overlap
3942,1,1.0,0,0.0,no_overlap
3943,1,0.885245902,1,0.918032787,single_overlap
3944,1,0.888888889,1,0.666666667,single_overlap
3945,1,1.0,0,0.0,no_overlap
3946,1,1.0,0,0.0,no_overlap
3947,1,1.0,1,1.0,single_overlap
3948,1,1.0,1,1.0,single_overlap
3949,1,0.923076923,1,1.0,single_overlap
3950,1,0.894736842,1,0.736842105,single_overlap
3951,1,1.0,0,0.0,no_overlap
3952,1,0.96,1,0.8,single_overlap
3953,1,0.909090909,1,0.772727273,single_overlap
3954,0,0.0,0,0.0,no_overlap
3955,1,1.0,0,0.0,no_overlap
3956,0,0.0,0,0.0,no_overlap
3957,1,0.941176471,1,0.941176471,single_overlap
3958,1,0.951219512,1,1.0,single_overlap
3959,1,1.0,1,1.0,single_overlap
3960,1,0.976190476,1,1.0,single_overlap
3961,1,0.978723404,0,0.0,no_overlap
3962,1,1.0,0,0.0,no_overlap
3963,1,1.0,1,0.888888889,single_overlap
3964,1,1.0,0,0.0,no_overlap
3965,1,0.85,1,1.0,single_overlap
3966,1,0.897119342,1,1.0,single_overlap
3967,1,1.0,0,0.0,no_overlap
3968,1,0.945945946,1,1.0,single_overlap
3969,1,0.961538462,1,0.980769231,single_overlap
3970,1,1.0,1,1.0,single_overlap
3971,1,1.0,1,1.0,single_overlap
3972,1,1.0,0,0.0,no_overlap
3973,1,1.0,1,1.0,single_overlap
3974,1,0.971428571,1,1.0,single_overlap
3975,1,1.0,1,1.0,single_overlap
3976,1,1.0,1,1.0,single_overlap
3977,1,1.0,1,1.0,single_overlap
3978,1,0.615384615,2,1.0,multiple_overlaps
3979,1,1.0,1,1.0,single_overlap
3980,1,1.0,1,0.976744186,single_overlap
3981,1,1.0,1,1.0,single_overlap
3982,1,1.0,1,1.0,single_overlap
3983,0,0.0,0,0.0,no_overlap
3984,1,1.0,1,1.0,single_overlap
3985,1,1.0,1,1.0,single_overlap
3986,1,1.0,0,0.0,no_overlap
3987,1,0.875,0,0.0,no_overlap
3988,0,0.0,0,0.0,no_overlap
3989,1,0.931034483,1,1.0,single_overlap
3990,1,1.0,1,1.0,single_overlap
3991,1,1.0,1,1.0,single_overlap
3992,1,0.944444444,1,1.0,single_overlap
3993,1,0.769230769,2,0.967032967,multiple_overlaps
3994,1,0.95,1,0.95,single_overlap
3995,1,0.875,1,0.75,single_overlap
3996,1,0.935483871,1,0.483870968,single_overlap
3997,0,0.0,0,0.0,no_overlap
3998,1,0.913043478,1,1.0,single_overlap
3999,1,0.928571429,1,0.714285714,single_overlap
4000,1,0.964285714,1,1.0,single_overlap
4001,1,1.0,0,0.0,no_overlap
4002,1,1.0,1,1.0,single_overlap
4003,1,0.9921875,1,1.0,single_overlap
4004,1,1.0,0,0.0,no_overlap
4005,1,1.0,1,1.0,single_overlap
4006,1,1.0,1,0.888888889,single_overlap
4007,1,1.0,0,0.0,no_overlap
4008,1,1.0,1,1.0,single_overlap
4009,1,1.0,1,0.725490196,single_overlap
4010,1,1.0,1,1.0,single_overlap
4011,1,0.99047619,1,0.996825397,single_overlap
4012,1,0.966666667,0,0.0,no_overlap
4013,1,1.0,1,1.0,single_overlap
4014,1,0.916666667,0,0.0,no_overlap
4015,1,0.913793103,1,1.0,single_overlap
4016,1,1.0,1,1.0,single_overlap
4017,1,0.981132075,1,1.0,single_overlap
4018,1,1.0,0,0.0,no_overlap
4019,1,1.0,1,1.0,single_overlap
4020,1,1.0,1,1.0,single_overlap
4021,1,1.0,1,1.0,single_overlap
4022,1,1.0,1,1.0,single_overlap
4023,1,0.904761905,1,1.0,single_overlap
4024,1,0.875,1,1.0,single_overlap
4025,1,1.0,1,1.0,single_overlap
4026,1,0.923076923,1,1.0,single_overlap
4027,1,1.0,1,1.0,single_overlap
4028,1,0.935483871,1,1.0,single_overlap
4029,1,1.0,1,1.0,single_overlap
4030,1,0.857142857,1,0.619047619,single_overlap
4031,0,0.0,0,0.0,no_overlap
4032,1,0.989361702,1,1.0,single_overlap
4033,1,1.0,0,0.0,no_overlap
4034,1,1.0,1,1.0,single_overlap
4035,1,1.0,1,1.0,single_overlap
4036,1,0.482758621,1,1.0,single_overlap
4037,1,0.976470588,1,0.964705882,single_overlap
4038,0,0.0,0,0.0,no_overlap
4039,1,0.984251969,1,0.94488189,single_overlap
4040,1,1.0,0,0.0,no_overlap
4041,1,1.0,1,1.0,single_overlap
4042,1,1.0,1,0.842105263,single_overlap
4043,1,1.0,1,1.0,single_overlap
4044,0,0.0,0,0.0,no_overlap
4045,1,0.833333333,0,0.0,no_overlap
4046,1,1.0,1,1.0,single_overlap
4047,1,1.0,1,1.0,single_overlap
4048,1,1.0,1,1.0,single_overlap
4049,1,1.0,1,1.0,single_overlap
4050,1,1.0,0,0.0,no_overlap
4051,1,1.0,1,1.0,single_overlap
4052,1,0.962962963,0,0.0,no_overlap
4053,1,1.0,1,1.0,single_overlap
4054,1,1.0,1,1.0,single_overlap
4055,1,0.947368421,1,0.315789474,single_overlap
4056,1,1.0,1,1.0,single_overlap
4057,1,1.0,1,1.0,single_overlap
4058,1,0.9375,1,1.0,single_overlap
4059,1,1.0,1,1.0,single_overlap
4060,1,0.95,1,1.0,single_overlap
4061,1,1.0,1,1.0,single_overlap
4062,1,1.0,1,1.0,single_overlap
4063,1,1.0,1,1.0,single_overlap
4064,1,1.0,1,1.0,single_overlap
4065,1,1.0,1,1.0,single_overlap
4066,1,1.0,0,0.0,no_overlap
4067,1,1.0,0,0.0,no_overlap
4068,1,1.0,1,1.0,single_overlap
4069,1,1.0,0,0.0,no_overlap
4070,1,1.0,1,1.0,single_overlap
4071,1,1.0,1,1.0,single_overlap
4072,1,1.0,0,0.0,no_overlap
4073,1,0.933333333,1,1.0,single_overlap
4074,1,1.0,0,0.0,no_overlap
4075,1,1.0,0,0.0,no_overlap
4076,1,0.975,1,1.0,single_overlap
4077,1,1.0,1,1.0,single_overlap
4078,1,1.0,1,1.0,single_overlap
4079,1,0.677419355,1,0.935483871,single_overlap
4080,1,1.0,0,0.0,no_overlap
4081,1,1.0,0,0.0,no_overlap
4082,0,0.0,0,0.0,no_overlap
4083,0,0.0,0,0.0,no_overlap
4084,1,0.941176471,1,1.0,single_overlap
4085,1,1.0,1,0.714285714,single_overlap
4086,0,0.0,0,0.0,no_overlap
4087,1,1.0,0,0.0,no_overlap
4088,1,0.941176471,0,0.0,no_overlap
4089,1,1.0,1,1.0,single_overlap
4090,1,0.987179487,1,1.0,single_overlap
4091,1,1.0,0,0.0,no_overlap
4092,1,1.0,1,1.0,single_overlap
4093,1,0.933333333,0,0.0,no_overlap
4094,1,0.952380952,1,0.904761905,single_overlap
4095,1,1.0,1,1.0,single_overlap
4096,1,1.0,0,0.0,no_overlap
4097,1,1.0,1,1.0,single_overlap
4098,1,1.0,1,1.0,single_overlap
4099,1,1.0,1,1.0,single_overlap
4100,1,1.0,1,1.0,single_overlap
4101,1,1.0,1,1.0,single_overlap
4102,1,1.0,1,1.0,single_overlap
4103,1,0.995049505,1,1.0,single_overlap
4104,1,1.0,0,0.0,no_overlap
4105,1,1.0,1,1.0,single_overlap
4106,1,1.0,1,1.0,single_overlap
4107,1,1.0,1,1.0,single_overlap
4108,1,0.991150442,1,1.0,single_overlap
4109,0,0.0,0,0.0,no_overlap
4110,0,0.0,0,0.0,no_overlap
4111,1,1.0,1,1.0,single_overlap
4112,1,0.971428571,1,0.971428571,single_overlap
4113,1,1.0,1,1.0,single_overlap
4114,1,1.0,1,1.0,single_overlap
4115,1,1.0,0,0.0,no_overlap
4116,1,0.9,0,0.0,no_overlap
4117,1,1.0,0,0.0,no_overlap
4118,1,1.0,0,0.0,no_overlap
4119,1,1.0,1,1.0,single_overlap
4120,1,0.92,1,1.0,single_overlap
4121,1,0.943925234,1,1.0,single_overlap
4122,1,1.0,1,0.5,single_overlap
4123,1,1.0,1,0.875,single_overlap
4124,1,1.0,0,0.0,no_overlap
4125,1,0.952380952,1,1.0,single_overlap
4126,0,0.0,0,0.0,no_overlap
4127,1,1.0,1,1.0,single_overlap
4128,1,0.630136986,2,0.945205479,multiple_overlaps
4129,1,0.964285714,1,1.0,single_overlap
4130,1,0.893333333,2,0.906666667,multiple_overlaps
4131,1,1.0,1,1.0,single_overlap
4132,1,0.95,1,0.2,single_overlap
4133,1,1.0,1,0.714285714,single_overlap
4134,0,0.0,0,0.0,no_overlap
4135,1,1.0,0,0.0,no_overlap
4136,1,0.953488372,1,1.0,single_overlap
4137,1,1.0,1,0.580645161,single_overlap
4138,1,0.916666667,1,1.0,single_overlap
4139,1,0.826086957,1,1.0,single_overlap
4140,1,0.866666667,1,0.866666667,single_overlap
4141,1,1.0,1,1.0,single_overlap
4142,1,0.987654321,1,1.0,single_overlap
4143,1,1.0,1,1.0,single_overlap
4144,1,0.986013986,1,0.993006993,single_overlap
4145,1,1.0,1,1.0,single_overlap
4146,1,0.988636364,1,1.0,single_overlap
4147,1,1.0,0,0.0,no_overlap
4148,1,1.0,1,1.0,single_overlap
4149,1,1.0,1,1.0,single_overlap
4150,1,1.0,1,1.0,single_overlap
4151,1,1.0,1,1.0,single_overlap
4152,1,1.0,1,1.0,single_overlap
4153,1,1.0,1,1.0,single_overlap
4154,1,0.923076923,0,0.0,no_overlap
4155,1,1.0,1,1.0,single_overlap
4156,1,1.0,1,1.0,single_overlap
4157,1,1.0,0,0.0,no_overlap
4158,1,0.833333333,0,0.0,no_overlap
4159,1,1.0,1,0.555555556,single_overlap
4160,2,0.91588785,1,0.981308411,single_overlap
4161,1,1.0,1,1.0,single_overlap
4162,1,1.0,1,1.0,single_overlap
4163,1,1.0,1,1.0,single_overlap
4164,1,1.0,1,1.0,single_overlap
4165,1,1.0,1,1.0,single_overlap
4166,0,0.0,0,0.0,no_overlap
4167,1,1.0,1,0.909090909,single_overlap
4168,0,0.0,0,0.0,no_overlap
4169,1,1.0,1,0.9,single_overlap
4170,1,1.0,1,1.0,single_overlap
4171,1,0.933333333,1,0.933333333,single_overlap
4172,1,1.0,1,0.857142857,single_overlap
4173,1,1.0,1,1.0,single_overlap
4174,1,0.965517241,1,0.620689655,single_overlap
4175,0,0.0,0,0.0,no_overlap
4176,0,0.0,1,1.0,single_overlap
4177,1,1.0,1,1.0,single_overlap
4178,1,1.0,0,0.0,no_overlap
4179,1,1.0,1,1.0,single_overlap
4180,0,0.0,1,1.0,single_overlap
4181,1,1.0,1,1.0,single_overlap
4182,1,1.0,2,0.558139535,multiple_overlaps
4183,1,1.0,1,1.0,single_overlap
4184,1,0.941605839,1,1.0,single_overlap
4185,0,0.0,1,1.0,single_overlap
4186,1,1.0,1,1.0,single_overlap
4187,1,1.0,1,1.0,single_overlap
4188,1,0.93877551,1,1.0,single_overlap
4189,1,1.0,1,1.0,single_overlap
4190,1,1.0,1,1.0,single_overlap
4191,1,0.977272727,1,0.863636364,single_overlap
4192,1,1.0,1,1.0,single_overlap
4193,1,0.578947368,0,0.0,no_overlap
4194,1,1.0,1,1.0,single_overlap
4195,1,0.96,1,1.0,single_overlap
4196,1,0.956521739,1,0.97826087,single_overlap
4197,1,1.0,1,1.0,single_overlap
4198,1,1.0,1,1.0,single_overlap
4199,1,1.0,1,1.0,single_overlap
4200,1,0.806451613,1,0.64516129,single_overlap
4201,1,0.952380952,1,1.0,single_overlap
4202,1,1.0,0,0.0,no_overlap
4203,1,0.990712074,1,0.996904025,single_overlap
4204,1,0.928571429,1,1.0,single_overlap
4205,1,1.0,0,0.0,no_overlap
4206,1,1.0,1,1.0,single_overlap
4207,1,1.0,1,0.75,single_overlap
4208,0,0.0,1,0.5,single_overlap
4209,1,1.0,1,1.0,single_overlap
4210,0,0.0,0,0.0,no_overlap
4211,1,1.0,1,1.0,single_overlap
4212,2,0.928571429,1,0.757142857,single_overlap
4213,0,0.0,0,0.0,no_overlap
4214,1,1.0,0,0.0,no_overlap
4215,1,1.0,1,1.0,single_overlap
4216,2,0.96,0,0.0,no_overlap
4217,1,1.0,1,1.0,single_overlap
4218,1,1.0,0,0.0,no_overlap
4219,1,0.916666667,0,0.0,no_overlap
4220,1,1.0,1,0.956521739,single_overlap
4221,1,1.0,1,0.130434783,single_overlap
4222,1,1.0,0,0.0,no_overlap
4223,1,1.0,1,1.0,single_overlap
4224,1,0.95,1,1.0,single_overlap
4225,1,0.998347107,1,1.0,single_overlap
4226,1,1.0,1,1.0,single_overlap
4227,1,1.0,1,1.0,single_overlap
4228,1,1.0,0,0.0,no_overlap
4229,1,1.0,1,1.0,single_overlap
4230,1,1.0,1,1.0,single_overlap
4231,1,1.0,0,0.0,no_overlap
4232,1,1.0,1,1.0,single_overlap
4233,1,1.0,1,1.0,single_overlap
4234,1,1.0,1,0.6875,single_overlap
4235,1,1.0,1,1.0,single_overlap
4236,1,1.0,1,1.0,single_overlap
4237,1,1.0,1,0.952380952,single_overlap
4238,1,1.0,1,1.0,single_overlap
4239,1,1.0,1,1.0,single_overlap
4240,1,1.0,1,1.0,single_overlap
4241,1,0.833333333,1,0.888888889,single_overlap
4242,1,0.933333333,1,0.933333333,single_overlap
4243,1,0.90625,1,1.0,single_overlap
4244,1,0.995283019,2,1.0,multiple_overlaps
4245,1,1.0,1,1.0,single_overlap
4246,1,1.0,1,1.0,single_overlap
4247,1,1.0,1,1.0,single_overlap
4248,1,1.0,1,0.888888889,single_overlap
4249,1,1.0,1,0.9,single_overlap
4250,1,1.0,1,1.0,single_overlap
4251,0,0.0,0,0.0,no_overlap
4252,1,1.0,1,1.0,single_overlap
4253,1,1.0,1,0.944444444,single_overlap
4254,1,1.0,0,0.0,no_overlap
4255,1,0.84,1,0.866666667,single_overlap
4256,1,1.0,1,1.0,single_overlap
4257,1,1.0,1,0.066666667,single_overlap
4258,1,1.0,1,1.0,single_overlap
4259,1,1.0,1,1.0,single_overlap
4260,1,1.0,1,1.0,single_overlap
4261,1,0.888888889,1,0.844444444,single_overlap
4262,1,1.0,1,1.0,single_overlap
4263,1,1.0,1,1.0,single_overlap
4264,1,1.0,1,0.925925926,single_overlap
4265,1,1.0,1,1.0,single_overlap
4266,1,0.965517241,1,1.0,single_overlap
4267,1,1.0,1,1.0,single_overlap
4268,1,1.0,0,0.0,no_overlap
4269,1,1.0,1,1.0,single_overlap
4270,1,0.909090909,1,1.0,single_overlap
4271,1,1.0,1,1.0,single_overlap
4272,1,1.0,1,1.0,single_overlap
4273,1,0.951219512,1,1.0,single_overlap
4274,1,1.0,2,1.0,multiple_overlaps
4275,1,1.0,1,1.0,single_overlap
4276,1,0.982248521,1,1.0,single_overlap
4277,1,1.0,1,1.0,single_overlap
4278,1,0.997912317,1,1.0,single_overlap
4279,1,0.882352941,1,1.0,single_overlap
4280,1,1.0,1,1.0,single_overlap
4281,0,0.0,0,0.0,no_overlap
4282,1,1.0,1,1.0,single_overlap
4283,1,1.0,1,1.0,single_overlap
4284,1,1.0,1,0.941176471,single_overlap
4285,1,0.933333333,1,1.0,single_overlap
4286,1,0.985915493,1,1.0,single_overlap
4287,1,1.0,1,0.875,single_overlap
4288,0,0.0,0,0.0,no_overlap
4289,1,1.0,1,1.0,single_overlap
4290,0,0.0,0,0.0,no_overlap
4291,1,1.0,0,0.0,no_overlap
4292,1,0.923076923,0,0.0,no_overlap
4293,1,1.0,0,0.0,no_overlap
4294,1,1.0,1,1.0,single_overlap
4295,1,0.959183673,1,0.979591837,single_overlap
4296,1,1.0,1,1.0,single_overlap
4297,1,0.923076923,1,1.0,single_overlap
4298,1,1.0,1,1.0,single_overlap
4299,0,0.0,0,0.0,no_overlap
4300,1,0.930232558,1,0.906976744,single_overlap
4301,1,1.0,1,1.0,single_overlap
4302,1,0.946236559,1,0.946236559,single_overlap
4303,1,0.916666667,1,1.0,single_overlap
4304,1,1.0,1,1.0,single_overlap
4305,1,1.0,1,1.0,single_overlap
4306,1,0.952380952,1,1.0,single_overlap
4307,1,1.0,1,1.0,single_overlap
4308,1,1.0,1,1.0,single_overlap
4309,1,1.0,1,1.0,single_overlap
4310,1,1.0,1,1.0,single_overlap
4311,1,1.0,1,1.0,single_overlap
4312,1,1.0,1,1.0,single_overlap
4313,1,1.0,1,1.0,single_overlap
4314,1,1.0,1,1.0,single_overlap
4315,1,1.0,1,0.928571429,single_overlap
4316,1,1.0,1,1.0,single_overlap
4317,1,0.928571429,1,1.0,single_overlap
4318,1,1.0,0,0.0,no_overlap
4319,0,0.0,0,0.0,no_overlap
4320,1,1.0,1,1.0,single_overlap
4321,1,0.923076923,1,1.0,single_overlap
4322,0,0.0,1,0.333333333,single_overlap
4323,1,1.0,1,1.0,single_overlap
4324,1,1.0,1,1.0,single_overlap
4325,1,0.976313079,1,0.963954686,single_overlap
4326,1,0.888888889,0,0.0,no_overlap
4327,1,0.928571429,1,0.928571429,single_overlap
4328,1,0.919831224,1,0.995780591,single_overlap
4329,0,0.0,0,0.0,no_overlap
4330,1,1.0,0,0.0,no_overlap
4331,1,0.974358974,1,1.0,single_overlap
4332,1,0.651162791,0,0.0,no_overlap
4333,1,0.818181818,1,1.0,single_overlap
4334,1,0.962962963,1,1.0,single_overlap
4335,1,0.777777778,1,1.0,single_overlap
4336,1,0.846153846,1,0.461538462,single_overlap
4337,1,0.9,0,0.0,no_overlap
4338,1,1.0,0,0.0,no_overlap
4339,1,1.0,0,0.0,no_overlap
4340,1,0.911949686,1,1.0,single_overlap
4341,1,0.971428571,1,0.514285714,single_overlap
4342,1,1.0,1,1.0,single_overlap
4343,1,0.955357143,1,1.0,single_overlap
4344,1,1.0,1,1.0,single_overlap
4345,1,0.978494624,1,0.967741935,single_overlap
4346,1,1.0,1,1.0,single_overlap
4347,1,1.0,1,1.0,single_overlap
4348,1,1.0,1,1.0,single_overlap
4349,1,1.0,1,1.0,single_overlap
4350,1,1.0,1,1.0,single_overlap
4351,1,1.0,1,1.0,single_overlap
4352,1,0.981651376,1,1.0,single_overlap
4353,1,0.987951807,1,1.0,single_overlap
4354,1,1.0,1,1.0,single_overlap
4355,1,0.974358974,1,1.0,single_overlap
4356,1,1.0,0,0.0,no_overlap
4357,0,0.0,0,0.0,no_overlap
4358,1,0.971428571,1,0.942857143,single_overlap
4359,1,1.0,2,1.0,multiple_overlaps
4360,1,0.933333333,1,1.0,single_overlap
4361,1,1.0,1,1.0,single_overlap
4362,1,0.988826816,1,1.0,single_overlap
4363,1,0.846153846,1,0.846153846,single_overlap
4364,1,1.0,0,0.0,no_overlap
4365,1,0.909090909,1,0.090909091,single_overlap
4366,0,0.0,0,0.0,no_overlap
4367,1,0.948717949,1,1.0,single_overlap
4368,1,0.991416309,1,1.0,single_overlap
4369,1,1.0,0,0.0,no_overlap
4370,1,1.0,0,0.0,no_overlap
4371,1,0.916666667,1,1.0,single_overlap
4372,1,0.87804878,0,0.0,no_overlap
4373,1,1.0,1,1.0,single_overlap
4374,0,0.0,0,0.0,no_overlap
4375,1,1.0,1,1.0,single_overlap
4376,1,0.818181818,0,0.0,no_overlap
4377,1,1.0,1,1.0,single_overlap
4378,1,1.0,1,1.0,single_overlap
4379,1,0.891891892,1,0.756756757,single_overlap
4380,1,1.0,1,1.0,single_overlap
4381,1,1.0,1,1.0,single_overlap
4382,1,1.0,1,1.0,single_overlap
4383,1,1.0,1,0.981818182,single_overlap
4384,1,1.0,1,1.0,single_overlap
4385,1,1.0,1,1.0,single_overlap
4386,1,1.0,1,0.833333333,single_overlap
4387,1,1.0,1,1.0,single_overlap
4388,1,1.0,1,1.0,single_overlap
4389,1,1.0,0,0.0,no_overlap
4390,1,1.0,1,1.0,single_overlap
4391,1,0.933333333,1,1.0,single_overlap
4392,1,1.0,0,0.0,no_overlap
4393,1,1.0,1,1.0,single_overlap
4394,1,1.0,1,1.0,single_overlap
4395,1,0.7,1,1.0,single_overlap
4396,1,0.475,2,1.0,multiple_overlaps
4397,1,1.0,1,1.0,single_overlap
4398,2,0.95640327,3,0.948228883,multiple_overlaps
4399,1,1.0,1,1.0,single_overlap
4400,1,1.0,1,1.0,single_overlap
4401,1,0.928571429,0,0.0,no_overlap
4402,0,0.0,0,0.0,no_overlap
4403,1,1.0,1,1.0,single_overlap
4404,0,0.0,0,0.0,no_overlap
4405,1,0.863636364,1,1.0,single_overlap
4406,1,1.0,1,0.975609756,single_overlap
4407,1,1.0,0,0.0,no_overlap
4408,1,0.982,1,0.992,single_overlap
4409,1,1.0,1,0.962962963,single_overlap
4410,1,0.913043478,1,1.0,single_overlap
4411,1,1.0,1,1.0,single_overlap
4412,1,1.0,1,1.0,single_overlap
4413,1,1.0,1,0.933333333,single_overlap
4414,1,0.967741935,0,0.0,no_overlap
4415,1,1.0,1,1.0,single_overlap
4416,1,0.994152047,1,1.0,single_overlap
4417,1,0.942857143,1,0.985714286,single_overlap
4418,1,1.0,1,1.0,single_overlap
4419,1,1.0,1,1.0,single_overlap
4420,1,0.714285714,1,0.928571429,single_overlap
4421,1,1.0,1,1.0,single_overlap
4422,1,1.0,1,1.0,single_overlap
4423,1,1.0,1,1.0,single_overlap
4424,1,0.981481481,1,1.0,single_overlap
4425,1,0.99380805,1,1.0,single_overlap
4426,1,1.0,1,1.0,single_overlap
4427,1,0.970588235,1,1.0,single_overlap
4428,1,1.0,1,0.8,single_overlap
4429,1,1.0,1,1.0,single_overlap
4430,1,0.933333333,1,0.933333333,single_overlap
4431,1,1.0,1,1.0,single_overlap
4432,1,0.866666667,1,0.533333333,single_overlap
4433,1,0.992592593,1,1.0,single_overlap
4434,1,1.0,1,1.0,single_overlap
4435,2,0.97325228,1,0.997568389,single_overlap
4436,1,1.0,1,1.0,single_overlap
4437,1,0.95,1,1.0,single_overlap
4438,1,0.952380952,1,0.714285714,single_overlap
4439,1,0.923076923,1,0.538461538,single_overlap
4440,1,1.0,1,1.0,single_overlap
4441,2,0.904761905,1,0.904761905,single_overlap
4442,1,1.0,1,1.0,single_overlap
4443,1,1.0,1,0.96,single_overlap
4444,1,0.916666667,0,0.0,no_overlap
4445,1,1.0,1,1.0,single_overlap
4446,1,1.0,1,1.0,single_overlap
4447,1,1.0,1,0.101694915,single_overlap
4448,1,1.0,1,1.0,single_overlap
4449,1,1.0,1,1.0,single_overlap
4450,1,1.0,1,1.0,single_overlap
4451,1,0.931818182,1,1.0,single_overlap
4452,1,1.0,1,1.0,single_overlap
4453,1,0.983870968,1,1.0,single_overlap
4454,1,0.988372093,1,0.970930233,single_overlap
4455,1,1.0,1,1.0,single_overlap
4456,1,0.962962963,1,1.0,single_overlap
4457,1,0.981481481,1,1.0,single_overlap
4458,1,1.0,1,1.0,single_overlap
4459,1,0.999075786,1,1.0,single_overlap
4460,1,1.0,1,1.0,single_overlap
4461,1,1.0,1,1.0,single_overlap
4462,1,1.0,1,1.0,single_overlap
4463,1,1.0,1,1.0,single_overlap
4464,1,1.0,1,1.0,single_overlap
4465,1,0.989130435,1,0.989130435,single_overlap
4466,1,0.965517241,1,1.0,single_overlap
4467,1,1.0,1,1.0,single_overlap
4468,1,1.0,1,1.0,single_overlap
4469,0,0.0,0,0.0,no_overlap
4470,1,0.954545455,2,0.954545455,multiple_overlaps
4471,1,0.95,1,1.0,single_overlap
4472,1,1.0,1,0.047619048,single_overlap
4473,1,1.0,1,1.0,single_overlap
4474,1,1.0,0,0.0,no_overlap
4475,1,0.972972973,1,0.648648649,single_overlap
4476,1,0.80952381,0,0.0,no_overlap
4477,1,0.88,1,1.0,single_overlap
4478,0,0.0,0,0.0,no_overlap
4479,0,0.0,0,0.0,no_overlap
4480,1,1.0,1,0.983606557,single_overlap
4481,0,0.0,0,0.0,no_overlap
4482,1,1.0,1,0.416666667,single_overlap
4483,1,0.977099237,1,1.0,single_overlap
4484,1,1.0,1,1.0,single_overlap
4485,1,1.0,1,1.0,single_overlap
4486,1,0.761904762,1,1.0,single_overlap
4487,1,0.970588235,1,1.0,single_overlap
4488,1,0.785714286,1,1.0,single_overlap
4489,1,1.0,1,1.0,single_overlap
4490,1,0.991475998,1,1.0,single_overlap
4491,1,0.981132075,1,0.905660377,single_overlap
4492,1,1.0,1,1.0,single_overlap
4493,1,0.916666667,1,1.0,single_overlap
4494,1,0.96,1,1.0,single_overlap
4495,1,1.0,1,1.0,single_overlap
4496,1,1.0,1,1.0,single_overlap
4497,1,0.961267606,1,0.98943662,single_overlap
4498,1,1.0,1,0.9,single_overlap
4499,1,1.0,1,1.0,single_overlap
4500,1,0.923076923,1,0.923076923,single_overlap
4501,1,1.0,1,1.0,single_overlap
4502,0,0.0,0,0.0,no_overlap
4503,1,1.0,1,1.0,single_overlap
4504,1,0.9,1,1.0,single_overlap
4505,1,1.0,1,1.0,single_overlap
4506,1,0.875,0,0.0,no_overlap
4507,1,0.985915493,1,1.0,single_overlap
4508,1,1.0,1,0.995780591,single_overlap
4509,1,1.0,0,0.0,no_overlap
4510,1,1.0,1,1.0,single_overlap
4511,1,1.0,0,0.0,no_overlap
4512,1,1.0,0,0.0,no_overlap
4513,1,1.0,1,0.826086957,single_overlap
4514,1,0.923076923,1,1.0,single_overlap
4515,1,1.0,1,0.285714286,single_overlap
4516,1,1.0,1,1.0,single_overlap
4517,1,1.0,1,1.0,single_overlap
4518,1,1.0,0,0.0,no_overlap
4519,1,1.0,1,1.0,single_overlap
4520,0,0.0,1,0.785714286,single_overlap
4521,1,0.990196078,0,0.0,no_overlap
4522,1,0.925925926,1,1.0,single_overlap
4523,1,0.958333333,1,1.0,single_overlap
4524,1,1.0,1,1.0,single_overlap
4525,1,1.0,2,0.153846154,multiple_overlaps
4526,1,0.909090909,1,0.727272727,single_overlap
4527,1,0.926470588,1,1.0,single_overlap
4528,1,1.0,1,0.490196078,single_overlap
4529,1,1.0,1,1.0,single_overlap
4530,1,0.970588235,1,1.0,single_overlap
4531,1,1.0,1,1.0,single_overlap
4532,1,0.933333333,1,0.933333333,single_overlap
4533,1,1.0,0,0.0,no_overlap
4534,1,1.0,1,1.0,single_overlap
4535,1,1.0,1,1.0,single_overlap
4536,1,0.995633188,1,0.995633188,single_overlap
4537,1,1.0,1,1.0,single_overlap
4538,1,0.897959184,1,0.959183673,single_overlap
4539,1,0.75,0,0.0,no_overlap
4540,1,0.99,1,1.0,single_overlap
4541,1,1.0,1,1.0,single_overlap
4542,1,1.0,1,1.0,single_overlap
4543,1,0.888888889,1,0.888888889,single_overlap
4544,1,0.946428571,1,1.0,single_overlap
4545,0,0.0,0,0.0,no_overlap
4546,0,0.0,1,0.173913043,single_overlap
4547,1,1.0,1,1.0,single_overlap
4548,1,1.0,1,1.0,single_overlap
4549,1,1.0,0,0.0,no_overlap
4550,1,0.888888889,0,0.0,no_overlap
4551,1,0.785714286,0,0.0,no_overlap
4552,1,0.65,0,0.0,no_overlap
4553,1,0.93877551,1,1.0,single_overlap
4554,1,0.964285714,1,0.982142857,single_overlap
4555,1,1.0,1,0.85,single_overlap
4556,1,0.571428571,1,0.952380952,single_overlap
4557,1,1.0,1,0.875,single_overlap
4558,0,0.0,1,0.4,single_overlap
4559,1,1.0,1,1.0,single_overlap
4560,1,1.0,0,0.0,no_overlap
4561,1,0.952380952,1,0.80952381,single_overlap
4562,1,0.982142857,1,1.0,single_overlap
4563,0,0.0,0,0.0,no_overlap
4564,1,0.984615385,1,1.0,single_overlap
4565,1,1.0,0,0.0,no_overlap
4566,1,1.0,1,1.0,single_overlap
4567,2,0.948529412,1,0.977941176,single_overlap
4568,1,1.0,1,1.0,single_overlap
4569,1,1.0,1,1.0,single_overlap
4570,1,1.0,1,0.95049505,single_overlap
4571,1,0.916666667,1,1.0,single_overlap
4572,1,1.0,1,1.0,single_overlap
4573,1,1.0,1,1.0,single_overlap
4574,1,1.0,1,0.990430622,single_overlap
4575,1,1.0,1,1.0,single_overlap
4576,1,1.0,1,1.0,single_overlap
4577,1,1.0,1,1.0,single_overlap
4578,1,1.0,1,1.0,single_overlap
4579,1,1.0,1,1.0,single_overlap
4580,1,0.886792453,1,0.952830189,single_overlap
4581,1,0.923076923,1,1.0,single_overlap
4582,1,1.0,0,0.0,no_overlap
4583,1,1.0,0,0.0,no_overlap
4584,1,0.936170213,1,1.0,single_overlap
4585,1,1.0,0,0.0,no_overlap
4586,0,0.0,1,1.0,single_overlap
4587,0,0.0,1,0.571428571,single_overlap
4588,1,1.0,1,1.0,single_overlap
4589,0,0.0,0,0.0,no_overlap
4590,1,1.0,1,0.958333333,single_overlap
4591,1,0.96,1,1.0,single_overlap
4592,1,0.857142857,1,0.666666667,single_overlap
4593,1,1.0,0,0.0,no_overlap
4594,1,1.0,1,1.0,single_overlap
4595,1,0.822580645,2,0.806451613,multiple_overlaps
4596,1,1.0,1,1.0,single_overlap
4597,1,1.0,1,1.0,single_overlap
4598,0,0.0,0,0.0,no_overlap
4599,1,1.0,1,1.0,single_overlap
4600,1,1.0,1,0.8,single_overlap
4601,1,0.990384615,1,0.990384615,single_overlap
4602,1,1.0,2,0.9,multiple_overlaps
4603,1,1.0,1,1.0,single_overlap
4604,1,0.9375,1,1.0,single_overlap
4605,1,1.0,1,1.0,single_overlap
4606,1,0.823529412,1,1.0,single_overlap
4607,1,0.916666667,1,1.0,single_overlap
4608,1,1.0,1,1.0,single_overlap
4609,1,0.916666667,1,0.833333333,single_overlap
4610,1,1.0,1,1.0,single_overlap
4611,1,1.0,0,0.0,no_overlap
4612,1,0.916666667,0,0.0,no_overlap
4613,1,1.0,1,1.0,single_overlap
4614,2,0.9375,2,1.0,multiple_overlaps
4615,1,1.0,1,1.0,single_overlap
4616,1,0.991735537,1,1.0,single_overlap
4617,1,1.0,1,0.928571429,single_overlap
4618,0,0.0,1,0.631578947,single_overlap
4619,1,1.0,0,0.0,no_overlap
4620,0,0.0,0,0.0,no_overlap
4621,1,0.98630137,1,1.0,single_overlap
4622,1,1.0,1,1.0,single_overlap
4623,1,1.0,1,0.642857143,single_overlap
4624,0,0.0,0,0.0,no_overlap
4625,1,0.9,0,0.0,no_overlap
4626,1,1.0,1,0.593220339,single_overlap
4627,1,0.982532751,1,0.978165939,single_overlap
4628,1,0.925925926,1,0.833333333,single_overlap
4629,1,1.0,0,0.0,no_overlap
4630,1,0.40625,2,0.34375,multiple_overlaps
4631,1,0.818181818,1,1.0,single_overlap
4632,0,0.0,0,0.0,no_overlap
4633,1,1.0,1,1.0,single_overlap
4634,0,0.0,0,0.0,no_overlap
4635,1,0.925925926,1,0.814814815,single_overlap
4636,1,0.96875,1,1.0,single_overlap
4637,1,1.0,1,1.0,single_overlap
4638,1,1.0,1,1.0,single_overlap
4639,1,0.975609756,1,0.890243902,single_overlap
4640,1,1.0,1,1.0,single_overlap
4641,1,1.0,1,1.0,single_overlap
4642,1,0.933333333,1,1.0,single_overlap
4643,1,1.0,1,1.0,single_overlap
4644,1,0.966666667,1,0.933333333,single_overlap
4645,1,1.0,1,1.0,single_overlap
4646,1,1.0,1,1.0,single_overlap
4647,1,1.0,1,1.0,single_overlap
4648,1,1.0,1,1.0,single_overlap
4649,1,1.0,1,0.923076923,single_overlap
4650,1,1.0,0,0.0,no_overlap
4651,1,1.0,1,1.0,single_overlap
4652,1,1.0,1,1.0,single_overlap
4653,1,1.0,1,1.0,single_overlap
4654,1,0.857142857,1,0.642857143,single_overlap
4655,1,1.0,0,0.0,no_overlap
4656,1,0.846153846,0,0.0,no_overlap
4657,1,0.847826087,1,0.913043478,single_overlap
4658,1,0.992125984,1,1.0,single_overlap
4659,1,1.0,1,1.0,single_overlap
4660,1,1.0,1,0.88372093,single_overlap
4661,1,1.0,1,0.8,single_overlap
4662,1,0.888888889,1,0.722222222,single_overlap
4663,1,0.826086957,1,0.260869565,single_overlap
4664,1,1.0,1,1.0,single_overlap
4665,1,1.0,2,0.913043478,multiple_overlaps
4666,1,1.0,0,0.0,no_overlap
4667,1,1.0,1,1.0,single_overlap
4668,1,1.0,1,1.0,single_overlap
4669,1,1.0,1,1.0,single_overlap
4670,1,1.0,1,1.0,single_overlap
4671,1,1.0,1,1.0,single_overlap
4672,1,1.0,1,1.0,single_overlap
4673,1,1.0,1,1.0,single_overlap
4674,1,1.0,1,0.954545455,single_overlap
4675,1,1.0,1,0.48,single_overlap
4676,1,0.611940299,1,0.626865672,single_overlap
4677,1,1.0,1,1.0,single_overlap
4678,1,1.0,1,1.0,single_overlap
4679,1,0.930555556,1,1.0,single_overlap
4680,1,1.0,1,1.0,single_overlap
4681,1,1.0,1,1.0,single_overlap
4682,1,1.0,1,1.0,single_overlap
4683,1,1.0,0,0.0,no_overlap
4684,1,0.988372093,1,1.0,single_overlap
4685,1,1.0,1,1.0,single_overlap
4686,1,1.0,1,1.0,single_overlap
4687,1,0.916666667,1,1.0,single_overlap
4688,1,0.977777778,1,1.0,single_overlap
4689,1,1.0,0,0.0,no_overlap
4690,1,0.985074627,1,1.0,single_overlap
4691,1,1.0,0,0.0,no_overlap
4692,1,0.985507246,1,1.0,single_overlap
4693,1,1.0,1,0.911764706,single_overlap
4694,0,0.0,1,0.2,single_overlap
4695,1,1.0,1,1.0,single_overlap
4696,1,1.0,1,1.0,single_overlap
4697,1,1.0,1,1.0,single_overlap
4698,1,1.0,0,0.0,no_overlap
4699,1,0.977777778,1,1.0,single_overlap
4700,0,0.0,0,0.0,no_overlap
4701,1,0.928571429,0,0.0,no_overlap
4702,1,0.911111111,1,1.0,single_overlap
4703,1,0.955958549,1,0.96373057,single_overlap
4704,1,1.0,1,1.0,single_overlap
4705,1,0.926829268,1,1.0,single_overlap
4706,1,0.947368421,0,0.0,no_overlap
4707,1,1.0,1,1.0,single_overlap
4708,1,1.0,1,1.0,single_overlap
4709,1,0.666666667,1,0.416666667,single_overlap
4710,1,1.0,1,1.0,single_overlap
4711,1,1.0,1,1.0,single_overlap
4712,1,1.0,1,1.0,single_overlap
4713,1,0.984375,1,0.9765625,single_overlap
4714,1,0.99715505,1,1.0,single_overlap
4715,1,1.0,1,1.0,single_overlap
4716,1,1.0,1,1.0,single_overlap
4717,1,1.0,1,1.0,single_overlap
4718,1,1.0,1,1.0,single_overlap
4719,1,0.980392157,1,0.980392157,single_overlap
4720,1,1.0,1,1.0,single_overlap
4721,1,1.0,1,1.0,single_overlap
4722,0,0.0,0,0.0,no_overlap
4723,1,1.0,1,1.0,single_overlap
4724,1,1.0,1,1.0,single_overlap
4725,1,1.0,1,1.0,single_overlap
4726,1,0.998144712,1,1.0,single_overlap
4727,1,0.878787879,1,1.0,single_overlap
4728,1,1.0,1,1.0,single_overlap
4729,1,1.0,1,1.0,single_overlap
4730,0,0.0,1,1.0,single_overlap
4731,1,1.0,1,1.0,single_overlap
4732,0,0.0,1,1.0,single_overlap
4733,1,0.96,1,1.0,single_overlap
4734,0,0.0,0,0.0,no_overlap
4735,1,0.921875,1,1.0,single_overlap
4736,1,0.944444444,0,0.0,no_overlap
4737,1,1.0,0,0.0,no_overlap
4738,1,0.994565217,1,0.994565217,single_overlap
4739,1,0.928571429,0,0.0,no_overlap
4740,1,0.833333333,0,0.0,no_overlap
4741,1,0.989583333,1,1.0,single_overlap
4742,1,0.980392157,1,1.0,single_overlap
4743,1,1.0,1,0.692307692,single_overlap
4744,1,1.0,1,1.0,single_overlap
4745,1,0.95035461,1,0.971631206,single_overlap
4746,1,0.885167464,1,0.937799043,single_overlap
4747,0,0.0,1,1.0,single_overlap
4748,1,1.0,1,1.0,single_overlap
4749,1,1.0,1,1.0,single_overlap
4750,1,0.956521739,1,1.0,single_overlap
4751,1,0.933333333,1,1.0,single_overlap
4752,1,0.75,1,0.95,single_overlap
4753,1,1.0,0,0.0,no_overlap
4754,1,1.0,1,1.0,single_overlap
4755,1,1.0,1,1.0,single_overlap
4756,1,1.0,1,1.0,single_overlap
4757,1,1.0,1,1.0,single_overlap
4758,1,0.933333333,1,1.0,single_overlap
4759,1,0.863636364,1,1.0,single_overlap
4760,1,0.988505747,1,1.0,single_overlap
4761,1,1.0,1,1.0,single_overlap
4762,1,1.0,1,1.0,single_overlap
4763,1,0.923076923,0,0.0,no_overlap
4764,1,0.888888889,1,1.0,single_overlap
4765,1,1.0,0,0.0,no_overlap
4766,1,1.0,0,0.0,no_overlap
4767,1,1.0,1,1.0,single_overlap
4768,1,1.0,1,1.0,single_overlap
4769,1,1.0,1,0.5,single_overlap
4770,1,0.866666667,1,0.533333333,single_overlap
4771,1,1.0,1,1.0,single_overlap
4772,1,0.727272727,0,0.0,no_overlap
4773,1,1.0,0,0.0,no_overlap
4774,1,0.880434783,1,0.72826087,single_overlap
4775,1,1.0,0,0.0,no_overlap
4776,1,0.925925926,1,0.925925926,single_overlap
4777,1,1.0,1,0.833333333,single_overlap
4778,1,1.0,0,0.0,no_overlap
4779,1,0.949612403,1,1.0,single_overlap
4780,1,1.0,1,1.0,single_overlap
4781,1,1.0,0,0.0,no_overlap
4782,1,1.0,1,1.0,single_overlap
4783,1,0.891891892,1,1.0,single_overlap
4784,1,1.0,1,1.0,single_overlap
4785,1,0.987179487,1,0.987179487,single_overlap
4786,1,1.0,1,1.0,single_overlap
4787,1,1.0,1,1.0,single_overlap
4788,1,0.9,1,0.9,single_overlap
4789,1,1.0,1,1.0,single_overlap
4790,1,1.0,1,1.0,single_overlap
4791,1,1.0,1,1.0,single_overlap
4792,1,1.0,1,1.0,single_overlap
4793,1,1.0,1,1.0,single_overlap
4794,1,1.0,0,0.0,no_overlap
4795,1,1.0,1,1.0,single_overlap
4796,1,1.0,1,1.0,single_overlap
4797,1,1.0,1,1.0,single_overlap
4798,1,1.0,1,1.0,single_overlap
4799,1,0.916666667,1,0.916666667,single_overlap
4800,1,1.0,1,0.954545455,single_overlap
4801,1,1.0,1,1.0,single_overlap
4802,1,1.0,1,1.0,single_overlap
4803,1,1.0,1,1.0,single_overlap
4804,1,1.0,1,1.0,single_overlap
4805,1,0.961538462,1,0.961538462,single_overlap
4806,1,1.0,0,0.0,no_overlap
4807,1,1.0,1,1.0,single_overlap
4808,1,0.642857143,0,0.0,no_overlap
4809,1,0.944444444,0,0.0,no_overlap
4810,1,1.0,1,1.0,single_overlap
4811,1,1.0,0,0.0,no_overlap
4812,0,0.0,0,0.0,no_overlap
4813,1,0.642857143,1,0.928571429,single_overlap
4814,1,1.0,0,0.0,no_overlap
4815,1,1.0,1,1.0,single_overlap
4816,1,1.0,1,1.0,single_overlap
4817,1,1.0,1,1.0,single_overlap
4818,1,1.0,1,1.0,single_overlap
4819,1,1.0,1,1.0,single_overlap
4820,1,0.893333333,1,1.0,single_overlap
4821,1,0.742857143,1,0.714285714,single_overlap
4822,1,0.9375,1,1.0,single_overlap
4823,1,1.0,1,1.0,single_overlap
4824,1,0.96,1,0.98,single_overlap
4825,1,1.0,1,1.0,single_overlap
4826,1,1.0,1,1.0,single_overlap
4827,1,0.985294118,1,1.0,single_overlap
4828,1,1.0,1,1.0,single_overlap
4829,1,0.933333333,1,1.0,single_overlap
4830,1,1.0,1,1.0,single_overlap
4831,1,1.0,1,1.0,single_overlap
4832,1,1.0,1,1.0,single_overlap
4833,1,1.0,1,1.0,single_overlap
4834,1,1.0,1,1.0,single_overlap
4835,1,0.846153846,1,0.461538462,single_overlap
4836,1,0.982758621,1,1.0,single_overlap
4837,1,0.988636364,1,0.988636364,single_overlap
4838,1,1.0,0,0.0,no_overlap
4839,1,1.0,1,0.470588235,single_overlap
4840,1,1.0,1,1.0,single_overlap
4841,1,1.0,1,0.964285714,single_overlap
4842,0,0.0,0,0.0,no_overlap
4843,1,1.0,0,0.0,no_overlap
4844,2,0.710144928,0,0.0,no_overlap
4845,1,0.933333333,1,1.0,single_overlap
4846,1,0.947368421,0,0.0,no_overlap
4847,1,1.0,1,0.941176471,single_overlap
4848,1,1.0,0,0.0,no_overlap
4849,1,0.9375,0,0.0,no_overlap
4850,1,1.0,1,1.0,single_overlap
4851,1,1.0,1,1.0,single_overlap
4852,1,1.0,1,1.0,single_overlap
4853,1,0.9375,1,1.0,single_overlap
4854,1,1.0,1,0.794871795,single_overlap
4855,1,1.0,1,1.0,single_overlap
4856,1,1.0,1,1.0,single_overlap
4857,1,1.0,1,0.55,single_overlap
4858,1,1.0,1,1.0,single_overlap
4859,0,0.0,1,1.0,single_overlap
4860,1,0.913043478,1,0.956521739,single_overlap
4861,1,1.0,1,1.0,single_overlap
4862,1,1.0,1,1.0,single_overlap
4863,1,0.944444444,1,1.0,single_overlap
4864,1,1.0,1,1.0,single_overlap
4865,1,0.916666667,1,1.0,single_overlap
4866,1,1.0,1,1.0,single_overlap
4867,0,0.0,1,0.545454545,single_overlap
4868,1,1.0,1,1.0,single_overlap
4869,1,1.0,1,1.0,single_overlap
4870,1,1.0,0,0.0,no_overlap
4871,1,0.926829268,1,0.87804878,single_overlap
4872,1,1.0,1,1.0,single_overlap
4873,1,1.0,1,1.0,single_overlap
4874,1,1.0,1,1.0,single_overlap
4875,1,1.0,0,0.0,no_overlap
4876,1,0.984126984,1,1.0,single_overlap
4877,1,1.0,1,0.7,single_overlap
4878,1,0.8,1,1.0,single_overlap
4879,0,0.0,0,0.0,no_overlap
4880,1,1.0,1,1.0,single_overlap
4881,1,1.0,1,1.0,single_overlap
4882,1,1.0,0,0.0,no_overlap
4883,1,1.0,1,0.692307692,single_overlap
4884,1,1.0,1,1.0,single_overlap
4885,1,1.0,0,0.0,no_overlap
4886,1,0.722222222,1,1.0,single_overlap
4887,1,0.888888889,0,0.0,no_overlap
4888,1,1.0,0,0.0,no_overlap
4889,0,0.0,1,1.0,single_overlap
4890,0,0.0,0,0.0,no_overlap
4891,1,1.0,0,0.0,no_overlap
4892,1,0.928571429,1,0.892857143,single_overlap
4893,1,1.0,1,1.0,single_overlap
4894,1,1.0,1,1.0,single_overlap
4895,2,0.958333333,2,1.0,multiple_overlaps
4896,1,0.976377953,1,0.984251969,single_overlap
4897,1,1.0,1,1.0,single_overlap
4898,1,1.0,1,1.0,single_overlap
4899,1,1.0,1,1.0,single_overlap
4900,1,0.987341772,1,1.0,single_overlap
4901,1,1.0,1,1.0,single_overlap
4902,1,1.0,1,1.0,single_overlap
4903,1,1.0,1,1.0,single_overlap
4904,1,0.928571429,1,1.0,single_overlap
4905,1,0.857142857,0,0.0,no_overlap
4906,1,1.0,0,0.0,no_overlap
4907,1,1.0,1,1.0,single_overlap
4908,1,0.916666667,1,0.166666667,single_overlap
4909,1,1.0,1,1.0,single_overlap
4910,0,0.0,0,0.0,no_overlap
4911,1,0.836734694,1,0.959183673,single_overlap
4912,1,0.888888889,1,0.666666667,single_overlap
4913,1,0.933333333,1,0.8,single_overlap
4914,1,0.87804878,1,0.951219512,single_overlap
4915,1,1.0,1,1.0,single_overlap
4916,1,1.0,0,0.0,no_overlap
4917,1,1.0,1,0.296296296,single_overlap
4918,1,1.0,1,0.84,single_overlap
4919,0,0.0,0,0.0,no_overlap
4920,1,0.963855422,1,0.518072289,single_overlap
4921,0,0.0,1,1.0,single_overlap
4922,1,1.0,1,1.0,single_overlap
4923,1,0.877358491,1,0.981132075,single_overlap
4924,1,0.941391941,1,0.948717949,single_overlap
4925,1,1.0,0,0.0,no_overlap
4926,1,0.943661972,1,1.0,single_overlap
4927,1,0.966666667,0,0.0,no_overlap
4928,1,0.918032787,1,1.0,single_overlap
4929,1,0.984375,1,1.0,single_overlap
4930,1,1.0,1,0.888888889,single_overlap
4931,1,0.952380952,1,0.857142857,single_overlap
4932,1,1.0,1,1.0,single_overlap
4933,1,0.854166667,1,1.0,single_overlap
4934,1,0.785714286,1,1.0,single_overlap
4935,1,1.0,1,0.851851852,single_overlap
4936,1,1.0,1,1.0,single_overlap
4937,1,1.0,1,1.0,single_overlap
4938,1,1.0,1,1.0,single_overlap
4939,1,0.8,0,0.0,no_overlap
4940,1,1.0,1,1.0,single_overlap
4941,1,0.988919668,1,1.0,single_overlap
4942,1,1.0,1,1.0,single_overlap
4943,1,0.976190476,1,1.0,single_overlap
4944,1,1.0,1,1.0,single_overlap
4945,1,1.0,1,1.0,single_overlap
4946,0,0.0,0,0.0,no_overlap
4947,1,0.923076923,1,0.923076923,single_overlap
4948,1,0.583333333,0,0.0,no_overlap
4949,0,0.0,0,0.0,no_overlap
4950,1,0.925925926,1,0.888888889,single_overlap
4951,1,1.0,0,0.0,no_overlap
4952,1,0.774193548,0,0.0,no_overlap
4953,0,0.0,0,0.0,no_overlap
4954,1,1.0,1,0.714285714,single_overlap
4955,1,1.0,0,0.0,no_overlap
4956,1,1.0,1,1.0,single_overlap
4957,1,1.0,0,0.0,no_overlap
4958,1,1.0,1,1.0,single_overlap
4959,1,1.0,1,1.0,single_overlap
4960,1,1.0,1,1.0,single_overlap
4961,1,1.0,1,1.0,single_overlap
4962,1,0.928571429,0,0.0,no_overlap
4963,1,1.0,1,1.0,single_overlap
4964,1,1.0,1,1.0,single_overlap
4965,1,1.0,1,0.714285714,single_overlap
4966,1,0.913043478,1,0.913043478,single_overlap
4967,1,1.0,1,1.0,single_overlap
4968,1,1.0,1,1.0,single_overlap
4969,1,1.0,1,1.0,single_overlap
4970,1,1.0,0,0.0,no_overlap
4971,2,0.882352941,1,0.039215686,single_overlap
4972,1,1.0,0,0.0,no_overlap
4973,1,1.0,1,1.0,single_overlap
4974,1,1.0,0,0.0,no_overlap
4975,1,1.0,1,1.0,single_overlap
4976,1,1.0,0,0.0,no_overlap
4977,1,1.0,1,1.0,single_overlap
4978,1,1.0,1,1.0,single_overlap
4979,1,1.0,1,1.0,single_overlap
4980,1,1.0,1,0.904761905,single_overlap
4981,0,0.0,0,0.0,no_overlap
4982,1,0.875,0,0.0,no_overlap
4983,1,0.785714286,1,0.928571429,single_overlap
4984,1,1.0,1,1.0,single_overlap
4985,1,1.0,1,0.9375,single_overlap
4986,1,1.0,1,0.842105263,single_overlap
4987,0,0.0,1,1.0,single_overlap
4988,1,0.9,1,1.0,single_overlap
4989,1,1.0,1,1.0,single_overlap
4990,1,0.933333333,1,1.0,single_overlap
4991,1,0.666666667,0,0.0,no_overlap
4992,1,1.0,0,0.0,no_overlap
4993,1,1.0,1,1.0,single_overlap
4994,1,1.0,1,1.0,single_overlap
4995,1,1.0,1,0.992907801,single_overlap
4996,1,1.0,1,0.962264151,single_overlap
4997,1,0.995153473,1,1.0,single_overlap
4998,1,1.0,1,1.0,single_overlap
4999,1,0.95,1,1.0,single_overlap
5000,1,1.0,1,1.0,single_overlap
5001,1,1.0,1,1.0,single_overlap
5002,1,0.777777778,1,1.0,single_overlap
5003,0,0.0,0,0.0,no_overlap
5004,1,1.0,1,1.0,single_overlap
5005,1,1.0,1,1.0,single_overlap
5006,1,1.0,1,1.0,single_overlap
5007,1,0.842105263,1,0.842105263,single_overlap
5008,1,0.935185185,1,1.0,single_overlap
5009,1,1.0,1,1.0,single_overlap
5010,1,0.741935484,1,1.0,single_overlap
5011,1,1.0,1,1.0,single_overlap
5012,1,0.984375,1,1.0,single_overlap
5013,1,1.0,1,0.75,single_overlap
5014,1,0.894736842,1,0.842105263,single_overlap
5015,1,0.932432432,1,0.986486486,single_overlap
5016,0,0.0,0,0.0,no_overlap
5017,1,0.875,1,0.025,single_overlap
5018,1,1.0,1,1.0,single_overlap
5019,0,0.0,0,0.0,no_overlap
5020,1,0.8125,1,0.9375,single_overlap
5021,1,1.0,1,1.0,single_overlap
5022,1,1.0,0,0.0,no_overlap
5023,1,1.0,1,1.0,single_overlap
5024,1,1.0,0,0.0,no_overlap
5025,1,1.0,1,1.0,single_overlap
5026,1,1.0,1,1.0,single_overlap
5027,1,0.9,0,0.0,no_overlap
5028,1,0.956989247,1,1.0,single_overlap
5029,1,1.0,0,0.0,no_overlap
5030,1,1.0,1,1.0,single_overlap
5031,1,1.0,1,1.0,single_overlap
5032,1,1.0,1,1.0,single_overlap
5033,1,0.916666667,1,1.0,single_overlap
5034,1,1.0,1,1.0,single_overlap
5035,1,0.918918919,1,1.0,single_overlap
5036,1,0.888888889,1,0.777777778,single_overlap
5037,1,1.0,1,1.0,single_overlap
5038,1,0.96,1,1.0,single_overlap
5039,1,1.0,1,1.0,single_overlap
5040,0,0.0,0,0.0,no_overlap
5041,1,1.0,1,1.0,single_overlap
5042,1,0.85,1,1.0,single_overlap
5043,1,1.0,1,1.0,single_overlap
5044,1,1.0,0,0.0,no_overlap
5045,1,1.0,1,1.0,single_overlap
5046,1,1.0,1,0.923076923,single_overlap
5047,0,0.0,0,0.0,no_overlap
5048,1,0.842105263,1,0.947368421,single_overlap
5049,0,0.0,0,0.0,no_overlap
5050,1,1.0,1,1.0,single_overlap
5051,1,1.0,1,0.975609756,single_overlap
5052,0,0.0,0,0.0,no_overlap
5053,1,1.0,0,0.0,no_overlap
5054,1,0.96875,1,1.0,single_overlap
5055,1,1.0,0,0.0,no_overlap
5056,1,0.75,1,1.0,single_overlap
5057,1,1.0,1,1.0,single_overlap
5058,0,0.0,0,0.0,no_overlap
5059,1,1.0,1,1.0,single_overlap
5060,1,1.0,1,1.0,single_overlap
5061,1,1.0,1,1.0,single_overlap
5062,1,0.980952381,1,0.992857143,single_overlap
5063,1,0.989528796,1,1.0,single_overlap
5064,1,1.0,1,1.0,single_overlap
5065,1,0.866666667,2,1.0,multiple_overlaps
5066,1,1.0,1,1.0,single_overlap
5067,1,0.984126984,1,0.984126984,single_overlap
5068,2,0.984581498,1,1.0,single_overlap
5069,1,0.971428571,1,0.985714286,single_overlap
5070,1,0.913043478,1,0.956521739,single_overlap
5071,1,1.0,1,1.0,single_overlap
5072,1,0.990740741,1,1.0,single_overlap
5073,1,1.0,1,1.0,single_overlap
5074,1,1.0,1,1.0,single_overlap
5075,1,0.961538462,1,0.961538462,single_overlap
5076,1,0.940677966,1,0.991525424,single_overlap
5077,1,1.0,1,1.0,single_overlap
5078,1,1.0,0,0.0,no_overlap
5079,1,0.875,0,0.0,no_overlap
5080,1,0.985074627,1,1.0,single_overlap
5081,1,0.833333333,0,0.0,no_overlap
5082,1,1.0,1,0.744186047,single_overlap
5083,1,1.0,1,1.0,single_overlap
5084,1,1.0,0,0.0,no_overlap
5085,1,0.833333333,0,0.0,no_overlap
5086,1,1.0,1,0.956521739,single_overlap
5087,1,1.0,1,1.0,single_overlap
5088,1,1.0,1,1.0,single_overlap
5089,1,1.0,1,1.0,single_overlap
5090,1,0.875,0,0.0,no_overlap
5091,1,0.969072165,1,1.0,single_overlap
5092,0,0.0,1,1.0,single_overlap
5093,1,1.0,1,1.0,single_overlap
5094,1,1.0,1,0.977777778,single_overlap
5095,0,0.0,1,1.0,single_overlap
5096,1,1.0,1,1.0,single_overlap
5097,1,0.75,0,0.0,no_overlap
5098,1,1.0,1,1.0,single_overlap
5099,1,1.0,1,1.0,single_overlap
5100,1,0.962962963,1,1.0,single_overlap
5101,1,1.0,1,0.944444444,single_overlap
5102,1,1.0,0,0.0,no_overlap
5103,1,1.0,1,1.0,single_overlap
5104,1,0.869565217,1,0.956521739,single_overlap
5105,1,1.0,0,0.0,no_overlap
5106,1,1.0,1,1.0,single_overlap
5107,1,1.0,1,0.991304348,single_overlap
5108,1,0.833333333,0,0.0,no_overlap
5109,1,0.995475113,1,1.0,single_overlap
5110,1,0.975609756,1,0.926829268,single_overlap
5111,1,1.0,0,0.0,no_overlap
5112,1,0.8,1,0.733333333,single_overlap
5113,0,0.0,0,0.0,no_overlap
5114,1,0.92,1,1.0,single_overlap
5115,1,0.96,1,0.44,single_overlap
5116,1,1.0,0,0.0,no_overlap
5117,1,0.916666667,1,1.0,single_overlap
5118,1,0.947368421,1,0.368421053,single_overlap
5119,1,1.0,1,1.0,single_overlap
5120,1,1.0,0,0.0,no_overlap
5121,1,0.972222222,1,0.75,single_overlap
5122,0,0.0,1,1.0,single_overlap
5123,1,1.0,0,0.0,no_overlap
5124,1,1.0,0,0.0,no_overlap
5125,1,1.0,1,1.0,single_overlap
5126,1,0.903225806,1,0.919354839,single_overlap
5127,1,1.0,1,1.0,single_overlap
5128,1,1.0,1,1.0,single_overlap
5129,1,1.0,1,1.0,single_overlap
5130,1,1.0,2,1.0,multiple_overlaps
5131,1,1.0,1,1.0,single_overlap
5132,1,1.0,1,0.857142857,single_overlap
5133,1,1.0,0,0.0,no_overlap
5134,1,0.979381443,1,1.0,single_overlap
5135,1,1.0,1,0.96,single_overlap
5136,0,0.0,0,0.0,no_overlap
5137,1,1.0,1,1.0,single_overlap
5138,1,0.80952381,1,1.0,single_overlap
5139,1,1.0,1,1.0,single_overlap
5140,1,1.0,0,0.0,no_overlap
5141,1,1.0,1,0.9,single_overlap
5142,1,0.923076923,1,0.615384615,single_overlap
5143,1,1.0,1,0.9,single_overlap
5144,1,0.631578947,0,0.0,no_overlap
5145,1,1.0,1,1.0,single_overlap
5146,1,0.625,0,0.0,no_overlap
5147,1,0.842105263,1,0.973684211,single_overlap
5148,1,1.0,1,1.0,single_overlap
5149,1,1.0,0,0.0,no_overlap
5150,1,0.96,1,1.0,single_overlap
5151,1,1.0,1,0.909090909,single_overlap
5152,1,0.888888889,1,1.0,single_overlap
5153,1,0.875,1,1.0,single_overlap
5154,0,0.0,0,0.0,no_overlap
5155,1,0.994202899,1,1.0,single_overlap
5156,1,0.928571429,1,0.857142857,single_overlap
5157,1,0.998230088,1,1.0,single_overlap
5158,1,1.0,1,1.0,single_overlap
5159,1,1.0,1,1.0,single_overlap
5160,1,1.0,1,1.0,single_overlap
5161,1,0.888888889,1,1.0,single_overlap
5162,1,0.857142857,0,0.0,no_overlap
5163,1,0.953488372,1,1.0,single_overlap
5164,1,1.0,1,1.0,single_overlap
5165,1,0.957446809,1,1.0,single_overlap
5166,1,0.857142857,1,0.653061224,single_overlap
5167,1,0.9375,1,1.0,single_overlap
5168,1,1.0,1,1.0,single_overlap
5169,1,1.0,1,1.0,single_overlap
5170,1,1.0,1,1.0,single_overlap
5171,1,1.0,1,1.0,single_overlap
5172,0,0.0,1,0.8,single_overlap
5173,1,0.875,1,1.0,single_overlap
5174,0,0.0,0,0.0,no_overlap
5175,1,1.0,1,1.0,single_overlap
5176,1,0.968253968,1,0.849206349,single_overlap
5177,1,0.909090909,1,0.981818182,single_overlap
5178,1,0.8125,1,1.0,single_overlap
5179,1,0.708333333,0,0.0,no_overlap
5180,1,1.0,1,1.0,single_overlap
5181,1,1.0,1,1.0,single_overlap
5182,1,0.987903226,1,1.0,single_overlap
5183,1,0.75,1,1.0,single_overlap
5184,1,1.0,1,0.935483871,single_overlap
5185,1,1.0,0,0.0,no_overlap
5186,1,0.823529412,0,0.0,no_overlap
5187,1,1.0,1,1.0,single_overlap
5188,2,0.996415771,2,0.996415771,multiple_overlaps
5189,1,1.0,1,1.0,single_overlap
5190,0,0.0,2,1.0,multiple_overlaps
5191,1,0.988505747,1,1.0,single_overlap
5192,1,1.0,1,1.0,single_overlap
5193,1,1.0,1,1.0,single_overlap
5194,1,0.985915493,1,1.0,single_overlap
5195,1,1.0,1,1.0,single_overlap
5196,1,0.917808219,1,1.0,single_overlap
5197,1,1.0,1,0.962962963,single_overlap
5198,1,1.0,0,0.0,no_overlap
5199,1,1.0,1,1.0,single_overlap
5200,1,1.0,1,1.0,single_overlap
5201,1,0.909090909,1,0.454545455,single_overlap
5202,1,1.0,1,0.75,single_overlap
5203,1,0.818181818,0,0.0,no_overlap
5204,0,0.0,0,0.0,no_overlap
5205,1,1.0,1,1.0,single_overlap
5206,1,1.0,1,0.313432836,single_overlap
5207,1,1.0,1,0.822580645,single_overlap
5208,1,0.966666667,1,1.0,single_overlap
5209,1,1.0,1,0.730769231,single_overlap
5210,1,1.0,1,1.0,single_overlap
5211,1,1.0,1,1.0,single_overlap
5212,1,1.0,0,0.0,no_overlap
5213,1,0.857142857,1,0.93877551,single_overlap
5214,1,1.0,1,1.0,single_overlap
5215,1,0.946428571,1,1.0,single_overlap
5216,1,1.0,1,1.0,single_overlap
5217,1,1.0,1,1.0,single_overlap
5218,1,1.0,1,1.0,single_overlap
5219,1,1.0,1,1.0,single_overlap
5220,1,1.0,1,1.0,single_overlap
5221,1,0.962962963,1,1.0,single_overlap
5222,1,0.875,1,1.0,single_overlap
5223,1,1.0,1,1.0,single_overlap
5224,1,1.0,1,1.0,single_overlap
5225,1,1.0,1,0.909090909,single_overlap
5226,1,0.857142857,0,0.0,no_overlap
5227,1,0.991712707,1,1.0,single_overlap
5228,1,1.0,1,1.0,single_overlap
5229,1,1.0,1,1.0,single_overlap
5230,1,1.0,1,1.0,single_overlap
5231,0,0.0,0,0.0,no_overlap
5232,1,0.952380952,1,0.80952381,single_overlap
5233,1,1.0,1,1.0,single_overlap
5234,1,0.555555556,0,0.0,no_overlap
5235,1,0.913043478,1,1.0,single_overlap
5236,1,0.894736842,0,0.0,no_overlap
5237,1,0.966666667,1,1.0,single_overlap
5238,1,1.0,1,1.0,single_overlap
5239,1,1.0,1,1.0,single_overlap
5240,1,1.0,1,1.0,single_overlap
5241,1,1.0,0,0.0,no_overlap
5242,1,1.0,1,1.0,single_overlap
5243,1,0.8,2,0.963636364,multiple_overlaps
5244,1,0.954545455,1,1.0,single_overlap
5245,1,1.0,1,1.0,single_overlap
5246,1,1.0,0,0.0,no_overlap
5247,1,1.0,1,1.0,single_overlap
5248,1,1.0,1,1.0,single_overlap
5249,1,1.0,1,1.0,single_overlap
5250,1,1.0,1,1.0,single_overlap
5251,1,0.909090909,1,1.0,single_overlap
5252,1,0.970588235,1,1.0,single_overlap
5253,1,1.0,1,1.0,single_overlap
5254,1,1.0,1,1.0,single_overlap
5255,1,1.0,1,1.0,single_overlap
5256,1,0.98974359,1,0.974358974,single_overlap
5257,1,1.0,1,1.0,single_overlap
5258,1,1.0,1,1.0,single_overlap
5259,1,1.0,0,0.0,no_overlap
5260,1,0.983870968,1,1.0,single_overlap
5261,1,0.846153846,1,0.846153846,single_overlap
5262,1,0.921568627,1,1.0,single_overlap
5263,1,0.857142857,0,0.0,no_overlap
5264,1,0.994910941,1,1.0,single_overlap
5265,1,0.941176471,1,1.0,single_overlap
5266,1,1.0,1,0.933333333,single_overlap
5267,1,1.0,0,0.0,no_overlap
5268,1,1.0,1,1.0,single_overlap
5269,1,1.0,1,1.0,single_overlap
5270,1,1.0,1,1.0,single_overlap
5271,1,0.8,0,0.0,no_overlap
5272,1,1.0,1,1.0,single_overlap
5273,1,1.0,1,1.0,single_overlap
5274,1,1.0,1,1.0,single_overlap
5275,1,0.992857143,1,1.0,single_overlap
5276,1,1.0,1,1.0,single_overlap
5277,1,1.0,1,1.0,single_overlap
5278,1,1.0,1,1.0,single_overlap
5279,1,1.0,1,1.0,single_overlap
5280,1,1.0,0,0.0,no_overlap
5281,1,0.783783784,1,1.0,single_overlap
5282,1,1.0,1,1.0,single_overlap
5283,0,0.0,1,0.090909091,single_overlap
5284,1,1.0,1,1.0,single_overlap
5285,1,0.636363636,0,0.0,no_overlap
5286,1,0.952380952,1,1.0,single_overlap
5287,1,1.0,0,0.0,no_overlap
5288,1,1.0,1,0.88,single_overlap
5289,0,0.0,1,0.875,single_overlap
5290,1,1.0,1,1.0,single_overlap
5291,0,0.0,0,0.0,no_overlap
5292,0,0.0,1,1.0,single_overlap
5293,1,0.783505155,2,0.577319588,multiple_overlaps
5294,1,1.0,1,1.0,single_overlap
5295,0,0.0,0,0.0,no_overlap
5296,1,1.0,1,1.0,single_overlap
5297,1,1.0,1,1.0,single_overlap
5298,1,1.0,0,0.0,no_overlap
5299,1,0.958333333,1,1.0,single_overlap
5300,1,1.0,1,1.0,single_overlap
5301,1,1.0,1,1.0,single_overlap
5302,1,1.0,1,1.0,single_overlap
5303,1,0.996031746,1,1.0,single_overlap
5304,1,1.0,1,1.0,single_overlap
5305,1,1.0,1,1.0,single_overlap
5306,1,1.0,1,1.0,single_overlap
5307,1,1.0,1,0.857142857,single_overlap
5308,1,1.0,1,1.0,single_overlap
5309,1,1.0,1,1.0,single_overlap
5310,1,1.0,1,1.0,single_overlap
5311,1,1.0,0,0.0,no_overlap
5312,1,1.0,1,1.0,single_overlap
5313,1,1.0,1,1.0,single_overlap
5314,1,1.0,1,1.0,single_overlap
5315,1,1.0,1,1.0,single_overlap
5316,0,0.0,0,0.0,no_overlap
5317,1,0.818181818,1,0.666666667,single_overlap
5318,1,1.0,0,0.0,no_overlap
5319,1,0.818181818,1,0.545454545,single_overlap
5320,1,1.0,0,0.0,no_overlap
5321,1,1.0,0,0.0,no_overlap
5322,1,1.0,1,1.0,single_overlap
5323,1,0.919354839,1,0.959677419,single_overlap
5324,0,0.0,1,0.818181818,single_overlap
5325,1,1.0,0,0.0,no_overlap
5326,1,0.941176471,1,0.823529412,single_overlap
5327,0,0.0,0,0.0,no_overlap
5328,1,1.0,0,0.0,no_overlap
5329,1,0.943037975,1,1.0,single_overlap
5330,1,0.863636364,1,1.0,single_overlap
5331,1,0.941176471,1,1.0,single_overlap
5332,1,0.891891892,1,1.0,single_overlap
5333,1,1.0,1,1.0,single_overlap
5334,1,1.0,1,1.0,single_overlap
5335,1,1.0,1,1.0,single_overlap
5336,1,1.0,0,0.0,no_overlap
5337,1,1.0,1,1.0,single_overlap
5338,1,1.0,1,1.0,single_overlap
5339,1,0.9,0,0.0,no_overlap
5340,1,0.857142857,0,0.0,no_overlap
5341,1,0.965517241,0,0.0,no_overlap
5342,1,1.0,1,1.0,single_overlap
5343,1,1.0,0,0.0,no_overlap
5344,1,0.928571429,1,0.928571429,single_overlap
5345,1,0.8,1,0.4,single_overlap
5346,1,0.875,1,0.875,single_overlap
5347,1,0.923076923,1,1.0,single_overlap
5348,1,0.928571429,0,0.0,no_overlap
5349,1,1.0,1,1.0,single_overlap
5350,2,0.972972973,0,0.0,no_overlap
5351,1,1.0,0,0.0,no_overlap
5352,1,1.0,1,1.0,single_overlap
5353,0,0.0,1,0.05,single_overlap
5354,1,1.0,1,1.0,single_overlap
5355,1,1.0,1,1.0,single_overlap
5356,1,1.0,1,1.0,single_overlap
5357,1,1.0,1,0.932432432,single_overlap
5358,1,1.0,1,1.0,single_overlap
5359,1,1.0,1,1.0,single_overlap
5360,1,1.0,1,1.0,single_overlap
5361,1,1.0,1,1.0,single_overlap
5362,1,0.857142857,0,0.0,no_overlap
5363,1,1.0,1,1.0,single_overlap
5364,1,1.0,1,1.0,single_overlap
5365,1,1.0,1,1.0,single_overlap
5366,1,0.916666667,0,0.0,no_overlap
5367,1,1.0,1,1.0,single_overlap
5368,1,0.935779817,1,0.981651376,single_overlap
5369,0,0.0,0,0.0,no_overlap
5370,1,1.0,0,0.0,no_overlap
5371,0,0.0,0,0.0,no_overlap
5372,1,1.0,0,0.0,no_overlap
5373,0,0.0,0,0.0,no_overlap
5374,1,1.0,1,1.0,single_overlap
5375,1,0.928571429,1,0.928571429,single_overlap
5376,1,1.0,1,1.0,single_overlap
5377,1,1.0,1,1.0,single_overlap
5378,1,0.923076923,0,0.0,no_overlap
5379,1,1.0,2,0.75,multiple_overlaps
5380,1,1.0,1,1.0,single_overlap
5381,1,0.918367347,1,1.0,single_overlap
5382,1,0.956521739,1,0.913043478,single_overlap
5383,1,1.0,1,1.0,single_overlap
5384,1,0.96875,1,0.984375,single_overlap
5385,0,0.0,1,1.0,single_overlap
5386,1,0.973015873,1,1.0,single_overlap
5387,1,1.0,1,1.0,single_overlap
5388,1,0.936305732,1,1.0,single_overlap
5389,1,0.933333333,0,0.0,no_overlap
5390,1,1.0,1,1.0,single_overlap
5391,1,1.0,1,1.0,single_overlap
5392,1,1.0,1,1.0,single_overlap
5393,1,1.0,1,0.818181818,single_overlap
5394,1,0.981481481,1,0.925925926,single_overlap
5395,1,0.95,1,1.0,single_overlap
5396,1,1.0,1,1.0,single_overlap
5397,1,1.0,1,1.0,single_overlap
5398,1,0.888888889,0,0.0,no_overlap
5399,1,1.0,0,0.0,no_overlap
5400,1,1.0,0,0.0,no_overlap
5401,1,1.0,1,1.0,single_overlap
5402,1,1.0,1,0.277777778,single_overlap
5403,0,0.0,0,0.0,no_overlap
5404,1,1.0,1,1.0,single_overlap
5405,1,1.0,1,1.0,single_overlap
5406,1,1.0,1,1.0,single_overlap
5407,1,1.0,1,1.0,single_overlap
5408,1,0.860465116,1,0.976744186,single_overlap
5409,1,0.928571429,1,1.0,single_overlap
5410,1,1.0,1,1.0,single_overlap
5411,1,1.0,1,1.0,single_overlap
5412,1,0.98989899,1,1.0,single_overlap
5413,1,0.981012658,1,1.0,single_overlap
5414,1,1.0,1,1.0,single_overlap
5415,1,1.0,1,1.0,single_overlap
5416,1,1.0,0,0.0,no_overlap
5417,1,1.0,1,1.0,single_overlap
5418,1,1.0,1,1.0,single_overlap
5419,1,1.0,1,0.970588235,single_overlap
5420,1,0.833333333,0,0.0,no_overlap
5421,1,0.866666667,0,0.0,no_overlap
5422,0,0.0,0,0.0,no_overlap
5423,1,1.0,1,1.0,single_overlap
5424,1,1.0,1,1.0,single_overlap
5425,1,1.0,0,0.0,no_overlap
5426,1,0.976190476,1,0.714285714,single_overlap
5427,0,0.0,0,0.0,no_overlap
5428,1,1.0,1,1.0,single_overlap
5429,1,1.0,1,0.878787879,single_overlap
5430,1,1.0,0,0.0,no_overlap
5431,1,1.0,1,1.0,single_overlap
5432,1,1.0,1,1.0,single_overlap
5433,1,0.996086106,1,1.0,single_overlap
5434,1,0.96875,1,1.0,single_overlap
5435,1,0.961190168,1,1.0,single_overlap
5436,1,0.96,1,0.96,single_overlap
5437,1,1.0,1,1.0,single_overlap
5438,1,0.96,1,1.0,single_overlap
5439,1,0.996661898,1,1.0,single_overlap
5440,1,1.0,1,1.0,single_overlap
5441,1,1.0,1,1.0,single_overlap
5442,1,0.933333333,1,1.0,single_overlap
5443,1,1.0,1,1.0,single_overlap
5444,1,1.0,1,1.0,single_overlap
5445,1,1.0,1,1.0,single_overlap
5446,1,1.0,1,1.0,single_overlap
5447,1,0.857142857,1,0.857142857,single_overlap
5448,1,0.9,1,1.0,single_overlap
5449,1,0.875,1,1.0,single_overlap
5450,1,1.0,1,1.0,single_overlap
5451,1,1.0,1,1.0,single_overlap
5452,1,1.0,0,0.0,no_overlap
5453,1,0.857142857,0,0.0,no_overlap
5454,1,0.928571429,1,0.839285714,single_overlap
5455,1,0.981132075,1,1.0,single_overlap
5456,1,0.9,1,1.0,single_overlap
5457,1,0.941176471,1,1.0,single_overlap
5458,1,0.863636364,1,0.454545455,single_overlap
5459,1,1.0,1,1.0,single_overlap
5460,1,1.0,1,0.875,single_overlap
5461,1,1.0,1,1.0,single_overlap
5462,1,1.0,1,1.0,single_overlap
5463,1,1.0,1,0.833333333,single_overlap
5464,1,0.621621622,1,1.0,single_overlap
5465,1,1.0,1,1.0,single_overlap
5466,1,0.916666667,1,1.0,single_overlap
5467,1,1.0,1,1.0,single_overlap
5468,1,0.97826087,1,1.0,single_overlap
5469,1,1.0,1,1.0,single_overlap
5470,1,1.0,1,1.0,single_overlap
5471,1,1.0,1,1.0,single_overlap
5472,1,1.0,1,1.0,single_overlap
5473,1,1.0,1,1.0,single_overlap
5474,1,0.777777778,0,0.0,no_overlap
5475,1,0.916666667,1,1.0,single_overlap
5476,1,0.933333333,0,0.0,no_overlap
5477,0,0.0,0,0.0,no_overlap
5478,1,1.0,0,0.0,no_overlap
5479,0,0.0,0,0.0,no_overlap
5480,1,0.75,0,0.0,no_overlap
5481,0,0.0,0,0.0,no_overlap
5482,1,0.756756757,1,1.0,single_overlap
5483,1,0.995283019,2,0.985849057,multiple_overlaps
5484,1,1.0,1,1.0,single_overlap
5485,1,1.0,1,1.0,single_overlap
5486,1,1.0,1,1.0,single_overlap
5487,1,1.0,1,1.0,single_overlap
5488,0,0.0,1,1.0,single_overlap
5489,1,0.991150442,1,0.986725664,single_overlap
5490,0,0.0,0,0.0,no_overlap
5491,1,1.0,1,1.0,single_overlap
5492,1,1.0,1,0.407407407,single_overlap
5493,1,1.0,1,1.0,single_overlap
5494,1,1.0,1,1.0,single_overlap
5495,1,1.0,1,1.0,single_overlap
5496,1,1.0,1,1.0,single_overlap
5497,1,1.0,1,1.0,single_overlap
5498,1,0.967213115,1,1.0,single_overlap
5499,1,0.923076923,1,1.0,single_overlap
5500,1,1.0,1,1.0,single_overlap
5501,1,0.733333333,1,0.566666667,single_overlap
5502,0,0.0,1,1.0,single_overlap
5503,1,0.945945946,1,0.972972973,single_overlap
5504,1,1.0,1,1.0,single_overlap
5505,1,1.0,1,1.0,single_overlap
5506,0,0.0,0,0.0,no_overlap
5507,1,0.916666667,1,1.0,single_overlap
5508,1,0.722222222,1,0.777777778,single_overlap
5509,1,1.0,1,1.0,single_overlap
5510,1,0.666666667,1,0.761904762,single_overlap
5511,1,0.944444444,1,0.888888889,single_overlap
5512,1,1.0,1,1.0,single_overlap
5513,2,1.0,2,1.0,multiple_overlaps
5514,1,1.0,1,0.909090909,single_overlap
5515,1,0.842105263,1,0.894736842,single_overlap
5516,1,0.933333333,0,0.0,no_overlap
5517,1,1.0,1,1.0,single_overlap
5518,1,1.0,0,0.0,no_overlap
5519,1,1.0,0,0.0,no_overlap
5520,1,1.0,0,0.0,no_overlap
5521,1,1.0,1,1.0,single_overlap
5522,1,1.0,1,1.0,single_overlap
5523,1,1.0,1,1.0,single_overlap
5524,1,1.0,1,1.0,single_overlap
5525,1,1.0,1,1.0,single_overlap
5526,1,1.0,1,1.0,single_overlap
5527,0,0.0,0,0.0,no_overlap
5528,1,0.428571429,1,1.0,single_overlap
5529,1,0.916666667,1,1.0,single_overlap
5530,1,1.0,1,1.0,single_overlap
5531,1,1.0,1,0.769230769,single_overlap
5532,1,1.0,1,0.636363636,single_overlap
5533,1,1.0,0,0.0,no_overlap
5534,1,0.964285714,1,0.071428571,single_overlap
5535,1,0.947368421,1,0.947368421,single_overlap
5536,1,0.987179487,1,1.0,single_overlap
5537,1,1.0,0,0.0,no_overlap
5538,1,0.978723404,1,1.0,single_overlap
5539,1,1.0,0,0.0,no_overlap
5540,1,1.0,1,0.909090909,single_overlap
5541,1,0.783783784,1,0.918918919,single_overlap
5542,0,0.0,0,0.0,no_overlap
5543,1,1.0,1,1.0,single_overlap
5544,1,1.0,0,0.0,no_overlap
5545,1,1.0,1,1.0,single_overlap
5546,1,1.0,1,1.0,single_overlap
5547,1,1.0,1,1.0,single_overlap
5548,1,1.0,1,1.0,single_overlap
5549,1,1.0,1,1.0,single_overlap
5550,1,1.0,1,1.0,single_overlap
5551,1,1.0,1,1.0,single_overlap
5552,1,0.833333333,1,0.833333333,single_overlap
5553,1,0.952380952,1,1.0,single_overlap
5554,1,1.0,1,1.0,single_overlap
5555,1,0.99,1,1.0,single_overlap
5556,1,1.0,0,0.0,no_overlap
5557,1,0.933333333,1,0.533333333,single_overlap
5558,1,1.0,0,0.0,no_overlap
5559,1,1.0,1,1.0,single_overlap
5560,1,0.932773109,1,0.957983193,single_overlap
5561,0,0.0,0,0.0,no_overlap
5562,1,0.947368421,1,1.0,single_overlap
5563,1,1.0,0,0.0,no_overlap
5564,1,1.0,1,1.0,single_overlap
5565,1,1.0,0,0.0,no_overlap
5566,1,0.943396226,1,0.849056604,single_overlap
5567,1,1.0,1,1.0,single_overlap
5568,1,1.0,1,1.0,single_overlap
5569,1,1.0,0,0.0,no_overlap
5570,1,1.0,1,1.0,single_overlap
5571,1,0.985714286,1,1.0,single_overlap
5572,1,1.0,1,1.0,single_overlap
5573,1,1.0,1,1.0,single_overlap
5574,1,1.0,1,1.0,single_overlap
5575,1,1.0,1,1.0,single_overlap
5576,1,0.991253644,1,1.0,single_overlap
5577,1,0.931034483,1,0.965517241,single_overlap
5578,1,0.972222222,2,0.902777778,multiple_overlaps
5579,1,0.978723404,1,0.787234043,single_overlap
5580,1,1.0,1,1.0,single_overlap
5581,1,1.0,1,0.5,single_overlap
5582,1,1.0,1,0.571428571,single_overlap
5583,1,0.75,1,0.666666667,single_overlap
5584,1,0.774193548,0,0.0,no_overlap
5585,1,0.625,0,0.0,no_overlap
5586,1,1.0,1,1.0,single_overlap
5587,1,0.76744186,0,0.0,no_overlap
5588,1,1.0,1,1.0,single_overlap
5589,1,1.0,1,1.0,single_overlap
5590,2,0.971943477,6,0.998361663,multiple_overlaps
5591,1,1.0,0,0.0,no_overlap
5592,1,1.0,1,0.961538462,single_overlap
5593,1,0.993311037,1,1.0,single_overlap
5594,1,1.0,0,0.0,no_overlap
5595,1,1.0,1,1.0,single_overlap
5596,1,0.894736842,1,1.0,single_overlap
5597,1,0.979591837,1,1.0,single_overlap
5598,1,1.0,1,1.0,single_overlap
5599,1,1.0,0,0.0,no_overlap
5600,1,1.0,1,1.0,single_overlap
5601,1,1.0,1,1.0,single_overlap
5602,1,1.0,1,0.947368421,single_overlap
5603,1,0.769230769,1,0.846153846,single_overlap
5604,1,0.98630137,1,1.0,single_overlap
5605,1,1.0,1,1.0,single_overlap
5606,1,1.0,0,0.0,no_overlap
5607,1,0.727272727,1,0.909090909,single_overlap
5608,1,1.0,0,0.0,no_overlap
5609,1,1.0,1,1.0,single_overlap
5610,1,1.0,1,0.575,single_overlap
5611,1,0.947368421,1,1.0,single_overlap
5612,1,1.0,0,0.0,no_overlap
5613,1,1.0,1,1.0,single_overlap
5614,1,1.0,1,1.0,single_overlap
5615,1,1.0,0,0.0,no_overlap
5616,1,0.684210526,1,0.947368421,single_overlap
5617,1,1.0,1,1.0,single_overlap
5618,1,1.0,1,1.0,single_overlap
5619,1,0.84375,1,0.84375,single_overlap
5620,1,1.0,1,1.0,single_overlap
5621,1,1.0,1,1.0,single_overlap
5622,1,1.0,1,1.0,single_overlap
5623,1,1.0,1,1.0,single_overlap
5624,1,0.9375,1,0.9375,single_overlap
5625,1,1.0,1,1.0,single_overlap
5626,1,1.0,1,1.0,single_overlap
5627,1,0.975609756,1,0.756097561,single_overlap
5628,1,0.866666667,1,1.0,single_overlap
5629,1,1.0,1,1.0,single_overlap
5630,1,1.0,0,0.0,no_overlap
5631,0,0.0,0,0.0,no_overlap
5632,1,0.818181818,1,0.545454545,single_overlap
5633,1,1.0,1,1.0,single_overlap
5634,1,1.0,1,1.0,single_overlap
5635,2,0.933333333,1,0.985185185,single_overlap
5636,1,1.0,1,1.0,single_overlap
5637,1,1.0,0,0.0,no_overlap
5638,1,0.928571429,1,1.0,single_overlap
5639,1,1.0,1,1.0,single_overlap
5640,1,1.0,0,0.0,no_overlap
5641,1,1.0,2,0.875,multiple_overlaps
5642,1,0.666666667,1,0.619047619,single_overlap
5643,1,1.0,1,1.0,single_overlap
5644,1,0.9,1,1.0,single_overlap
5645,1,1.0,1,1.0,single_overlap
5646,1,0.953367876,1,1.0,single_overlap
5647,1,1.0,1,1.0,single_overlap
5648,1,1.0,1,1.0,single_overlap
5649,1,0.857142857,1,1.0,single_overlap
5650,1,1.0,1,1.0,single_overlap
5651,1,1.0,1,1.0,single_overlap
5652,1,0.98019802,1,0.940594059,single_overlap
5653,0,0.0,0,0.0,no_overlap
5654,1,1.0,1,1.0,single_overlap
5655,1,0.916666667,1,1.0,single_overlap
5656,1,0.961538462,1,0.75,single_overlap
5657,1,0.75,0,0.0,no_overlap
5658,1,1.0,1,1.0,single_overlap
5659,1,1.0,0,0.0,no_overlap
5660,1,0.851351351,1,1.0,single_overlap
5661,0,0.0,0,0.0,no_overlap
5662,1,1.0,0,0.0,no_overlap
5663,1,0.976190476,1,1.0,single_overlap
5664,1,1.0,1,0.888888889,single_overlap
5665,1,0.915254237,1,1.0,single_overlap
5666,1,0.8875,2,0.95,multiple_overlaps
5667,1,1.0,1,1.0,single_overlap
5668,1,1.0,1,1.0,single_overlap
5669,1,1.0,1,0.882352941,single_overlap
5670,1,1.0,1,1.0,single_overlap
5671,1,0.969026549,1,1.0,single_overlap
5672,1,1.0,1,1.0,single_overlap
5673,2,0.736111111,1,1.0,single_overlap
5674,1,1.0,1,1.0,single_overlap
5675,1,1.0,1,1.0,single_overlap
5676,0,0.0,1,0.375,single_overlap
5677,1,1.0,1,1.0,single_overlap
5678,1,1.0,1,1.0,single_overlap
5679,1,0.982758621,1,1.0,single_overlap
5680,1,1.0,1,0.25,single_overlap
5681,1,1.0,1,0.666666667,single_overlap
5682,0,0.0,0,0.0,no_overlap
5683,1,1.0,1,0.8,single_overlap
5684,1,1.0,1,1.0,single_overlap
5685,1,1.0,1,1.0,single_overlap
5686,1,0.928571429,0,0.0,no_overlap
5687,1,1.0,1,0.84,single_overlap
5688,1,1.0,1,1.0,single_overlap
5689,1,1.0,1,1.0,single_overlap
5690,1,0.963636364,1,0.945454545,single_overlap
5691,1,1.0,1,1.0,single_overlap
5692,1,1.0,1,0.72,single_overlap
5693,1,1.0,0,0.0,no_overlap
5694,1,1.0,1,1.0,single_overlap
5695,1,0.984375,1,1.0,single_overlap
5696,1,1.0,0,0.0,no_overlap
5697,1,1.0,1,1.0,single_overlap
5698,1,1.0,1,1.0,single_overlap
5699,1,0.987341772,1,1.0,single_overlap
5700,0,0.0,0,0.0,no_overlap
5701,1,1.0,1,1.0,single_overlap
5702,1,1.0,1,1.0,single_overlap
5703,1,1.0,1,1.0,single_overlap
5704,0,0.0,0,0.0,no_overlap
5705,1,1.0,1,1.0,single_overlap
5706,1,0.978723404,1,1.0,single_overlap
5707,0,0.0,0,0.0,no_overlap
5708,1,1.0,1,0.181818182,single_overlap
5709,1,1.0,1,1.0,single_overlap
5710,1,0.913043478,1,1.0,single_overlap
5711,1,1.0,0,0.0,no_overlap
5712,1,1.0,1,1.0,single_overlap
5713,1,0.836065574,2,0.93442623,multiple_overlaps
5714,1,1.0,1,1.0,single_overlap
5715,1,1.0,1,1.0,single_overlap
5716,1,0.944444444,1,1.0,single_overlap
5717,1,1.0,1,1.0,single_overlap
5718,1,1.0,0,0.0,no_overlap
5719,1,1.0,1,1.0,single_overlap
5720,1,0.979591837,1,1.0,single_overlap
5721,1,1.0,1,1.0,single_overlap
5722,1,0.944444444,1,1.0,single_overlap
5723,1,1.0,1,1.0,single_overlap
5724,1,0.921348315,1,0.93258427,single_overlap
5725,1,1.0,1,0.277777778,single_overlap
5726,0,0.0,1,1.0,single_overlap
5727,1,0.970588235,1,1.0,single_overlap
5728,0,0.0,0,0.0,no_overlap
5729,1,0.9,1,0.6,single_overlap
5730,1,1.0,1,1.0,single_overlap
5731,1,0.75,1,0.875,single_overlap
5732,1,1.0,0,0.0,no_overlap
5733,1,1.0,1,1.0,single_overlap
5734,2,0.797927461,1,0.906735751,single_overlap
5735,1,1.0,1,1.0,single_overlap
5736,1,1.0,1,0.615384615,single_overlap
5737,1,1.0,0,0.0,no_overlap
5738,1,0.913043478,1,1.0,single_overlap
5739,1,0.9375,1,1.0,single_overlap
5740,1,1.0,1,1.0,single_overlap
5741,1,1.0,1,0.666666667,single_overlap
5742,1,1.0,1,1.0,single_overlap
5743,1,1.0,1,1.0,single_overlap
5744,1,1.0,1,1.0,single_overlap
5745,1,1.0,1,1.0,single_overlap
5746,1,0.982142857,1,1.0,single_overlap
5747,1,1.0,1,1.0,single_overlap
5748,1,0.833333333,0,0.0,no_overlap
5749,1,1.0,1,1.0,single_overlap
5750,1,1.0,1,0.9875,single_overlap
5751,1,1.0,1,1.0,single_overlap
5752,0,0.0,0,0.0,no_overlap
5753,0,0.0,0,0.0,no_overlap
5754,0,0.0,1,1.0,single_overlap
5755,1,0.882352941,1,0.941176471,single_overlap
5756,1,0.925925926,1,0.888888889,single_overlap
5757,1,1.0,1,1.0,single_overlap
5758,1,0.882352941,1,1.0,single_overlap
5759,1,0.888888889,1,1.0,single_overlap
5760,1,1.0,0,0.0,no_overlap
5761,1,1.0,1,1.0,single_overlap
5762,1,1.0,1,1.0,single_overlap
5763,1,1.0,1,1.0,single_overlap
5764,1,0.971698113,1,1.0,single_overlap
5765,1,0.942857143,1,1.0,single_overlap
5766,1,1.0,1,1.0,single_overlap
5767,1,1.0,1,1.0,single_overlap
5768,1,1.0,1,1.0,single_overlap
5769,1,0.988439306,1,1.0,single_overlap
5770,1,1.0,1,1.0,single_overlap
5771,0,0.0,0,0.0,no_overlap
5772,1,0.954545455,1,0.909090909,single_overlap
5773,1,1.0,1,1.0,single_overlap
5774,1,1.0,0,0.0,no_overlap
5775,0,0.0,0,0.0,no_overlap
5776,1,0.897435897,1,1.0,single_overlap
5777,1,0.913043478,1,0.956521739,single_overlap
5778,1,1.0,1,0.428571429,single_overlap
5779,1,0.896551724,1,0.965517241,single_overlap
5780,1,0.909090909,0,0.0,no_overlap
5781,1,0.894736842,1,1.0,single_overlap
5782,1,1.0,1,1.0,single_overlap
5783,1,0.979591837,1,1.0,single_overlap
5784,1,0.871794872,1,1.0,single_overlap
5785,1,0.994219653,1,1.0,single_overlap
5786,1,1.0,1,0.916666667,single_overlap
5787,1,1.0,1,1.0,single_overlap
5788,1,0.921052632,1,1.0,single_overlap
5789,1,1.0,1,0.980392157,single_overlap
5790,1,1.0,1,1.0,single_overlap
5791,1,1.0,1,1.0,single_overlap
5792,1,1.0,1,1.0,single_overlap
5793,1,1.0,1,0.909090909,single_overlap
5794,1,1.0,1,0.727272727,single_overlap
5795,1,1.0,1,1.0,single_overlap
5796,1,1.0,1,1.0,single_overlap
5797,1,0.857142857,1,0.785714286,single_overlap
5798,1,1.0,1,1.0,single_overlap
5799,1,0.714285714,1,0.952380952,single_overlap
5800,1,1.0,1,0.777777778,single_overlap
5801,1,1.0,1,0.733333333,single_overlap
5802,1,1.0,0,0.0,no_overlap
5803,1,1.0,1,1.0,single_overlap
5804,1,1.0,1,1.0,single_overlap
5805,1,0.891891892,1,0.945945946,single_overlap
5806,1,0.884615385,0,0.0,no_overlap
5807,1,1.0,1,1.0,single_overlap
5808,1,1.0,0,0.0,no_overlap
5809,1,1.0,1,1.0,single_overlap
5810,1,1.0,1,1.0,single_overlap
5811,1,1.0,1,0.333333333,single_overlap
5812,1,1.0,1,1.0,single_overlap
5813,0,0.0,1,1.0,single_overlap
5814,1,1.0,0,0.0,no_overlap
5815,1,1.0,1,0.923076923,single_overlap
5816,1,1.0,0,0.0,no_overlap
5817,1,0.947368421,1,1.0,single_overlap
5818,1,1.0,0,0.0,no_overlap
5819,1,1.0,1,0.857142857,single_overlap
5820,1,1.0,0,0.0,no_overlap
5821,0,0.0,1,1.0,single_overlap
5822,1,0.986111111,1,0.986111111,single_overlap
5823,1,0.964285714,1,1.0,single_overlap
5824,1,1.0,0,0.0,no_overlap
5825,1,1.0,1,1.0,single_overlap
5826,1,1.0,1,1.0,single_overlap
5827,1,1.0,1,1.0,single_overlap
5828,0,0.0,0,0.0,no_overlap
5829,1,1.0,1,1.0,single_overlap
5830,0,0.0,1,0.125,single_overlap
5831,1,1.0,1,1.0,single_overlap
5832,1,0.987179487,1,1.0,single_overlap
5833,1,0.978632479,1,1.0,single_overlap
5834,1,1.0,1,1.0,single_overlap
5835,1,0.981651376,1,0.963302752,single_overlap
5836,1,0.933333333,1,1.0,single_overlap
5837,1,0.923076923,1,0.692307692,single_overlap
5838,2,0.938461538,2,0.876923077,multiple_overlaps
5839,1,0.75,1,1.0,single_overlap
5840,1,1.0,1,1.0,single_overlap
5841,1,1.0,1,0.75,single_overlap
5842,1,0.620689655,1,1.0,single_overlap
5843,1,1.0,0,0.0,no_overlap
5844,2,0.948453608,2,0.587628866,multiple_overlaps
5845,1,0.96969697,1,1.0,single_overlap
5846,0,0.0,0,0.0,no_overlap
5847,1,1.0,1,1.0,single_overlap
5848,1,0.875,1,1.0,single_overlap
5849,1,1.0,1,1.0,single_overlap
5850,1,0.923076923,1,1.0,single_overlap
5851,1,1.0,1,1.0,single_overlap
5852,1,0.986784141,1,0.969162996,single_overlap
5853,1,1.0,1,1.0,single_overlap
5854,1,0.98757764,1,1.0,single_overlap
5855,1,1.0,1,1.0,single_overlap
5856,1,1.0,1,1.0,single_overlap
5857,1,1.0,0,0.0,no_overlap
5858,1,0.818181818,1,0.818181818,single_overlap
5859,1,1.0,1,0.666666667,single_overlap
5860,1,1.0,1,1.0,single_overlap
5861,1,0.95,1,1.0,single_overlap
5862,1,1.0,1,0.888888889,single_overlap
5863,1,0.882352941,1,1.0,single_overlap
5864,1,0.9375,1,0.875,single_overlap
5865,1,0.909090909,1,1.0,single_overlap
5866,1,1.0,1,0.888888889,single_overlap
5867,1,1.0,2,0.474358974,multiple_overlaps
5868,1,1.0,1,1.0,single_overlap
5869,0,0.0,0,0.0,no_overlap
5870,1,1.0,1,1.0,single_overlap
5871,1,1.0,1,1.0,single_overlap
5872,1,1.0,1,1.0,single_overlap
5873,1,0.947368421,1,0.438596491,single_overlap
5874,1,1.0,1,1.0,single_overlap
5875,1,0.990566038,1,1.0,single_overlap
5876,1,1.0,1,0.961538462,single_overlap
5877,1,1.0,1,1.0,single_overlap
5878,1,0.75,1,1.0,single_overlap
5879,1,0.875,0,0.0,no_overlap
5880,1,1.0,1,1.0,single_overlap
5881,1,1.0,1,1.0,single_overlap
5882,1,1.0,1,1.0,single_overlap
5883,1,0.764705882,1,0.764705882,single_overlap
5884,1,0.961876833,1,1.0,single_overlap
5885,0,0.0,0,0.0,no_overlap
5886,1,1.0,1,1.0,single_overlap
5887,1,1.0,1,1.0,single_overlap
5888,1,0.818181818,0,0.0,no_overlap
5889,1,1.0,1,0.96969697,single_overlap
5890,1,1.0,1,1.0,single_overlap
5891,1,1.0,1,1.0,single_overlap
5892,1,0.970149254,1,0.985074627,single_overlap
5893,1,1.0,1,1.0,single_overlap
5894,1,0.959183673,1,1.0,single_overlap
5895,1,1.0,1,1.0,single_overlap
5896,1,1.0,1,1.0,single_overlap
5897,1,1.0,1,1.0,single_overlap
5898,1,1.0,1,1.0,single_overlap
5899,1,1.0,1,1.0,single_overlap
5900,0,0.0,0,0.0,no_overlap
5901,1,1.0,1,1.0,single_overlap
5902,1,1.0,1,0.8125,single_overlap
5903,1,0.986111111,1,1.0,single_overlap
5904,1,0.7,1,0.5,single_overlap
5905,1,1.0,1,1.0,single_overlap
5906,1,1.0,0,0.0,no_overlap
5907,1,1.0,1,1.0,single_overlap
5908,1,0.929411765,0,0.0,no_overlap
5909,1,1.0,1,1.0,single_overlap
5910,1,1.0,1,1.0,single_overlap
5911,1,1.0,1,1.0,single_overlap
5912,1,1.0,0,0.0,no_overlap
5913,1,1.0,1,1.0,single_overlap
5914,1,1.0,0,0.0,no_overlap
5915,1,1.0,1,1.0,single_overlap
5916,1,0.971014493,1,1.0,single_overlap
5917,1,1.0,1,1.0,single_overlap
5918,1,1.0,1,1.0,single_overlap
5919,1,1.0,1,1.0,single_overlap
5920,1,0.833333333,1,0.916666667,single_overlap
5921,2,0.869565217,1,0.782608696,single_overlap
5922,1,1.0,0,0.0,no_overlap
5923,1,0.976284585,1,1.0,single_overlap
5924,0,0.0,0,0.0,no_overlap
5925,1,1.0,1,1.0,single_overlap
5926,1,1.0,0,0.0,no_overlap
5927,0,0.0,1,1.0,single_overlap
5928,1,0.838709677,0,0.0,no_overlap
5929,1,0.95,1,1.0,single_overlap
5930,1,1.0,1,1.0,single_overlap
5931,1,0.923076923,1,1.0,single_overlap
5932,1,0.952380952,1,1.0,single_overlap
5933,1,1.0,1,1.0,single_overlap
5934,0,0.0,0,0.0,no_overlap
5935,1,1.0,0,0.0,no_overlap
5936,1,1.0,1,1.0,single_overlap
5937,1,0.981651376,1,1.0,single_overlap
5938,1,0.993317132,1,1.0,single_overlap
5939,1,1.0,1,0.916666667,single_overlap
5940,0,0.0,0,0.0,no_overlap
5941,1,1.0,1,1.0,single_overlap
5942,1,1.0,1,1.0,single_overlap
5943,1,1.0,1,1.0,single_overlap
5944,1,0.733333333,1,0.4,single_overlap
5945,1,0.941176471,1,1.0,single_overlap
5946,1,0.928571429,0,0.0,no_overlap
5947,1,1.0,1,1.0,single_overlap
5948,1,0.942307692,1,1.0,single_overlap
5949,1,1.0,1,1.0,single_overlap
5950,1,1.0,1,1.0,single_overlap
5951,1,1.0,1,0.941176471,single_overlap
5952,1,0.590909091,1,1.0,single_overlap
5953,1,1.0,1,1.0,single_overlap
5954,1,1.0,0,0.0,no_overlap
5955,1,1.0,1,1.0,single_overlap
5956,2,0.954022989,1,1.0,single_overlap
5957,1,1.0,1,1.0,single_overlap
5958,1,1.0,1,1.0,single_overlap
5959,1,1.0,1,1.0,single_overlap
5960,0,0.0,0,0.0,no_overlap
5961,1,1.0,1,1.0,single_overlap
5962,1,1.0,1,1.0,single_overlap
5963,1,1.0,1,1.0,single_overlap
5964,1,0.769230769,0,0.0,no_overlap
5965,1,1.0,1,1.0,single_overlap
5966,0,0.0,0,0.0,no_overlap
5967,0,0.0,0,0.0,no_overlap
5968,1,0.9625,0,0.0,no_overlap
5969,0,0.0,1,1.0,single_overlap
5970,1,1.0,1,1.0,single_overlap
5971,1,1.0,0,0.0,no_overlap
5972,1,1.0,1,1.0,single_overlap
5973,1,1.0,1,1.0,single_overlap
5974,1,0.95,1,1.0,single_overlap
5975,1,0.973913043,1,1.0,single_overlap
5976,1,1.0,1,1.0,single_overlap
5977,1,1.0,1,1.0,single_overlap
5978,1,1.0,1,1.0,single_overlap
5979,1,0.857142857,0,0.0,no_overlap
5980,1,1.0,1,1.0,single_overlap
5981,1,0.842105263,1,1.0,single_overlap
5982,1,0.980645161,1,1.0,single_overlap
5983,1,0.8,0,0.0,no_overlap
5984,1,1.0,2,0.4,multiple_overlaps
5985,1,0.705882353,0,0.0,no_overlap
5986,1,1.0,1,1.0,single_overlap
5987,1,0.769230769,0,0.0,no_overlap
5988,1,1.0,1,1.0,single_overlap
5989,1,1.0,1,1.0,single_overlap
5990,1,1.0,1,1.0,single_overlap
5991,1,0.970472441,1,1.0,single_overlap
5992,1,1.0,1,1.0,single_overlap
5993,1,1.0,1,1.0,single_overlap
5994,1,0.984126984,1,1.0,single_overlap
5995,1,1.0,1,0.991097923,single_overlap
5996,1,1.0,1,1.0,single_overlap
5997,1,1.0,1,0.6,single_overlap
5998,1,0.916666667,1,0.416666667,single_overlap
5999,2,0.926829268,1,0.951219512,single_overlap
6000,1,1.0,1,1.0,single_overlap
6001,1,1.0,1,1.0,single_overlap
6002,1,0.95,1,0.5,single_overlap
6003,1,1.0,1,1.0,single_overlap
6004,1,0.909090909,0,0.0,no_overlap
6005,1,1.0,1,0.965517241,single_overlap
6006,1,1.0,1,0.927419355,single_overlap
6007,1,1.0,1,1.0,single_overlap
6008,1,1.0,0,0.0,no_overlap
6009,1,0.823529412,1,0.117647059,single_overlap
6010,1,0.911504425,1,1.0,single_overlap
6011,1,0.962962963,1,1.0,single_overlap
6012,1,0.837837838,1,1.0,single_overlap
6013,1,1.0,1,1.0,single_overlap
6014,1,1.0,1,1.0,single_overlap
6015,1,0.884615385,1,1.0,single_overlap
6016,1,0.964285714,1,1.0,single_overlap
6017,1,0.910714286,1,0.821428571,single_overlap
6018,1,1.0,1,1.0,single_overlap
6019,1,1.0,1,1.0,single_overlap
6020,1,0.962962963,1,1.0,single_overlap
6021,1,0.9,1,0.55,single_overlap
6022,1,1.0,1,1.0,single_overlap
6023,1,1.0,1,1.0,single_overlap
6024,1,1.0,1,1.0,single_overlap
6025,1,0.985714286,0,0.0,no_overlap
6026,0,0.0,1,0.941176471,single_overlap
6027,1,1.0,1,1.0,single_overlap
6028,0,0.0,0,0.0,no_overlap
6029,1,0.892857143,1,0.357142857,single_overlap
6030,1,0.992812743,1,1.0,single_overlap
6031,1,1.0,1,1.0,single_overlap
6032,1,0.991744066,1,1.0,single_overlap
6033,1,1.0,1,1.0,single_overlap
6034,1,0.990740741,1,1.0,single_overlap
6035,1,0.9375,1,0.9375,single_overlap
6036,1,0.833333333,0,0.0,no_overlap
6037,1,0.819277108,3,0.891566265,multiple_overlaps
6038,1,1.0,1,1.0,single_overlap
6039,1,1.0,1,1.0,single_overlap
6040,1,1.0,0,0.0,no_overlap
6041,0,0.0,0,0.0,no_overlap
6042,1,0.65625,1,0.90625,single_overlap
6043,1,1.0,1,1.0,single_overlap
6044,1,1.0,1,0.08,single_overlap
6045,1,1.0,1,1.0,single_overlap
6046,1,0.882352941,1,0.823529412,single_overlap
6047,1,0.947368421,1,1.0,single_overlap
6048,0,0.0,1,1.0,single_overlap
6049,1,0.970588235,1,1.0,single_overlap
6050,1,1.0,1,1.0,single_overlap
6051,1,0.991883117,1,1.0,single_overlap
6052,1,1.0,1,0.902439024,single_overlap
6053,1,1.0,1,1.0,single_overlap
6054,0,0.0,1,1.0,single_overlap
6055,1,0.962962963,1,0.740740741,single_overlap
6056,1,1.0,1,1.0,single_overlap
6057,1,1.0,0,0.0,no_overlap
6058,1,0.95049505,1,1.0,single_overlap
6059,0,0.0,0,0.0,no_overlap
6060,1,0.96875,1,0.8125,single_overlap
6061,0,0.0,0,0.0,no_overlap
6062,1,0.657142857,1,0.714285714,single_overlap
6063,1,1.0,1,1.0,single_overlap
6064,1,1.0,1,1.0,single_overlap
6065,1,1.0,1,0.933333333,single_overlap
6066,1,0.912087912,1,0.857142857,single_overlap
6067,1,1.0,0,0.0,no_overlap
6068,1,1.0,0,0.0,no_overlap
6069,1,1.0,1,1.0,single_overlap
6070,1,1.0,1,1.0,single_overlap
6071,1,1.0,1,1.0,single_overlap
6072,1,0.964285714,1,1.0,single_overlap
6073,1,1.0,1,1.0,single_overlap
6074,1,1.0,1,0.454545455,single_overlap
6075,1,1.0,1,1.0,single_overlap
6076,1,0.916666667,1,0.041666667,single_overlap
6077,1,0.974358974,1,1.0,single_overlap
6078,1,1.0,1,0.571428571,single_overlap
6079,1,0.807692308,1,1.0,single_overlap
6080,1,1.0,1,0.545454545,single_overlap
6081,1,0.9,1,1.0,single_overlap
6082,1,1.0,1,1.0,single_overlap
6083,1,1.0,1,1.0,single_overlap
6084,1,1.0,1,1.0,single_overlap
6085,1,0.9,1,1.0,single_overlap
6086,2,0.961445783,1,0.985542169,single_overlap
6087,1,1.0,1,1.0,single_overlap
6088,1,1.0,1,1.0,single_overlap
6089,1,1.0,1,1.0,single_overlap
6090,1,0.918367347,1,1.0,single_overlap
6091,0,0.0,1,1.0,single_overlap
6092,1,1.0,1,1.0,single_overlap
6093,0,0.0,0,0.0,no_overlap
6094,1,0.806451613,1,0.967741935,single_overlap
6095,1,1.0,1,1.0,single_overlap
6096,1,1.0,1,1.0,single_overlap
6097,3,0.643835616,1,0.315068493,single_overlap
6098,1,1.0,1,0.931034483,single_overlap
6099,1,1.0,0,0.0,no_overlap
6100,1,1.0,1,1.0,single_overlap
6101,0,0.0,0,0.0,no_overlap
6102,1,0.972972973,1,1.0,single_overlap
6103,1,1.0,1,1.0,single_overlap
6104,1,0.944444444,1,0.861111111,single_overlap
6105,1,1.0,1,1.0,single_overlap
6106,1,1.0,1,1.0,single_overlap
6107,1,0.962962963,1,1.0,single_overlap
6108,1,0.961538462,1,1.0,single_overlap
6109,1,1.0,1,1.0,single_overlap
6110,1,0.981481481,1,1.0,single_overlap
6111,1,1.0,0,0.0,no_overlap
6112,1,0.923076923,1,0.769230769,single_overlap
6113,1,1.0,1,0.607843137,single_overlap
6114,1,1.0,1,1.0,single_overlap
6115,1,0.913043478,1,1.0,single_overlap
6116,1,0.941176471,1,0.588235294,single_overlap
6117,1,1.0,0,0.0,no_overlap
6118,1,1.0,0,0.0,no_overlap
6119,1,0.941176471,1,1.0,single_overlap
6120,1,0.972222222,1,0.958333333,single_overlap
6121,1,0.888888889,0,0.0,no_overlap
6122,1,1.0,0,0.0,no_overlap
6123,1,1.0,0,0.0,no_overlap
6124,0,0.0,2,0.307692308,multiple_overlaps
6125,1,0.9375,1,1.0,single_overlap
6126,1,1.0,1,1.0,single_overlap
6127,1,1.0,1,1.0,single_overlap
6128,1,1.0,1,1.0,single_overlap
6129,1,0.962962963,1,1.0,single_overlap
6130,1,1.0,1,1.0,single_overlap
6131,1,1.0,1,1.0,single_overlap
6132,1,1.0,0,0.0,no_overlap
6133,1,1.0,1,1.0,single_overlap
6134,1,1.0,1,1.0,single_overlap
6135,0,0.0,1,1.0,single_overlap
6136,1,0.904761905,1,0.976190476,single_overlap
6137,1,0.971428571,0,0.0,no_overlap
6138,1,1.0,1,0.909090909,single_overlap
6139,0,0.0,0,0.0,no_overlap
6140,0,0.0,0,0.0,no_overlap
6141,1,0.95,1,0.7,single_overlap
6142,1,1.0,1,1.0,single_overlap
6143,1,0.977777778,1,1.0,single_overlap
6144,1,1.0,1,1.0,single_overlap
6145,1,1.0,1,1.0,single_overlap
6146,1,1.0,1,1.0,single_overlap
6147,1,1.0,1,1.0,single_overlap
6148,1,0.961538462,1,1.0,single_overlap
6149,1,1.0,1,1.0,single_overlap
6150,1,1.0,1,1.0,single_overlap
6151,1,1.0,1,0.821428571,single_overlap
6152,1,0.916666667,0,0.0,no_overlap
6153,1,0.976744186,1,1.0,single_overlap
6154,1,0.956521739,1,0.434782609,single_overlap
6155,1,1.0,1,1.0,single_overlap
6156,1,0.958333333,0,0.0,no_overlap
6157,1,1.0,0,0.0,no_overlap
6158,1,0.951013514,3,0.998310811,multiple_overlaps
6159,1,1.0,1,1.0,single_overlap
6160,1,0.9375,1,0.875,single_overlap
6161,1,0.944444444,0,0.0,no_overlap
6162,1,0.928571429,0,0.0,no_overlap
6163,1,1.0,1,1.0,single_overlap
6164,1,1.0,0,0.0,no_overlap
6165,1,1.0,1,1.0,single_overlap
6166,1,0.928571429,1,1.0,single_overlap
6167,1,1.0,1,1.0,single_overlap
6168,0,0.0,0,0.0,no_overlap
6169,1,0.764705882,0,0.0,no_overlap
6170,1,0.888888889,0,0.0,no_overlap
6171,1,1.0,1,1.0,single_overlap
6172,1,0.925925926,1,1.0,single_overlap
6173,1,0.666666667,1,0.466666667,single_overlap
6174,1,1.0,1,1.0,single_overlap
6175,1,1.0,0,0.0,no_overlap
6176,1,0.951219512,1,1.0,single_overlap
6177,1,0.985294118,1,0.970588235,single_overlap
6178,1,1.0,1,1.0,single_overlap
6179,1,0.929824561,1,1.0,single_overlap
6180,1,1.0,1,1.0,single_overlap
6181,1,1.0,1,1.0,single_overlap
6182,1,1.0,1,1.0,single_overlap
6183,1,0.975609756,1,1.0,single_overlap
6184,1,1.0,1,1.0,single_overlap
6185,1,0.957446809,1,0.978723404,single_overlap
6186,1,0.974747475,1,0.997474747,single_overlap
6187,1,0.955882353,1,1.0,single_overlap
6188,1,0.916666667,1,1.0,single_overlap
6189,1,1.0,1,1.0,single_overlap
6190,1,1.0,1,1.0,single_overlap
6191,1,0.916666667,0,0.0,no_overlap
6192,0,0.0,0,0.0,no_overlap
6193,0,0.0,0,0.0,no_overlap
6194,1,1.0,1,1.0,single_overlap
6195,1,1.0,0,0.0,no_overlap
6196,1,1.0,0,0.0,no_overlap
6197,1,0.956521739,1,1.0,single_overlap
6198,1,0.783783784,1,1.0,single_overlap
6199,1,1.0,1,0.05,single_overlap
6200,1,1.0,1,1.0,single_overlap
6201,1,1.0,1,1.0,single_overlap
6202,1,1.0,1,1.0,single_overlap
6203,1,1.0,1,1.0,single_overlap
6204,1,0.960784314,1,1.0,single_overlap
6205,1,1.0,1,1.0,single_overlap
6206,1,0.903225806,1,1.0,single_overlap
6207,0,0.0,1,1.0,single_overlap
6208,1,1.0,1,1.0,single_overlap
6209,1,0.88,1,0.84,single_overlap
6210,1,1.0,0,0.0,no_overlap
6211,1,0.818181818,0,0.0,no_overlap
6212,1,0.972972973,1,1.0,single_overlap
6213,1,0.981481481,1,0.976851852,single_overlap
6214,1,1.0,1,1.0,single_overlap
6215,1,1.0,1,0.787878788,single_overlap
6216,1,0.825396825,1,0.873015873,single_overlap
6217,1,0.981818182,1,1.0,single_overlap
6218,1,1.0,1,1.0,single_overlap
6219,1,0.827586207,1,1.0,single_overlap
6220,1,1.0,1,1.0,single_overlap
6221,1,1.0,1,1.0,single_overlap
6222,0,0.0,0,0.0,no_overlap
6223,1,0.928571429,1,0.642857143,single_overlap
6224,1,1.0,1,0.2,single_overlap
6225,1,1.0,1,0.909090909,single_overlap
6226,1,1.0,1,1.0,single_overlap
6227,0,0.0,1,0.5,single_overlap
6228,1,0.95,1,1.0,single_overlap
6229,0,0.0,0,0.0,no_overlap
6230,1,1.0,0,0.0,no_overlap
6231,1,1.0,1,1.0,single_overlap
6232,1,1.0,1,1.0,single_overlap
6233,1,0.973684211,1,0.986842105,single_overlap
6234,1,0.990530303,1,1.0,single_overlap
6235,1,0.973333333,1,1.0,single_overlap
6236,1,1.0,1,1.0,single_overlap
6237,1,0.986734049,1,1.0,single_overlap
6238,1,1.0,1,1.0,single_overlap
6239,1,1.0,1,1.0,single_overlap
6240,1,0.94,1,1.0,single_overlap
6241,1,1.0,0,0.0,no_overlap
6242,1,1.0,1,1.0,single_overlap
6243,1,1.0,1,1.0,single_overlap
6244,1,0.96875,1,1.0,single_overlap
6245,1,0.666666667,1,0.333333333,single_overlap
6246,1,0.933333333,1,1.0,single_overlap
6247,1,1.0,0,0.0,no_overlap
6248,1,0.9375,1,1.0,single_overlap
6249,5,0.953024075,9,0.789489137,multiple_overlaps
6250,1,1.0,1,1.0,single_overlap
6251,0,0.0,1,0.761904762,single_overlap
6252,1,1.0,1,1.0,single_overlap
6253,1,0.965517241,1,1.0,single_overlap
6254,1,1.0,0,0.0,no_overlap
6255,1,1.0,1,1.0,single_overlap
6256,1,1.0,1,1.0,single_overlap
6257,1,0.973684211,1,1.0,single_overlap
6258,1,1.0,1,0.652173913,single_overlap
6259,1,0.75,1,0.625,single_overlap
6260,0,0.0,0,0.0,no_overlap
6261,1,0.875,1,1.0,single_overlap
6262,1,1.0,1,1.0,single_overlap
6263,0,0.0,0,0.0,no_overlap
6264,1,0.96875,1,1.0,single_overlap
6265,0,0.0,0,0.0,no_overlap
6266,1,1.0,1,1.0,single_overlap
6267,1,1.0,1,1.0,single_overlap
6268,1,1.0,1,1.0,single_overlap
6269,1,0.882352941,1,0.941176471,single_overlap
6270,1,1.0,1,0.928571429,single_overlap
6271,1,1.0,1,1.0,single_overlap
6272,1,1.0,1,1.0,single_overlap
6273,1,1.0,1,1.0,single_overlap
6274,1,1.0,1,1.0,single_overlap
6275,0,0.0,2,1.0,multiple_overlaps
6276,1,0.834677419,1,0.927419355,single_overlap
6277,1,1.0,0,0.0,no_overlap
6278,1,0.923076923,1,1.0,single_overlap
6279,1,1.0,1,1.0,single_overlap
6280,1,1.0,1,1.0,single_overlap
6281,1,1.0,1,0.625,single_overlap
6282,1,1.0,1,1.0,single_overlap
6283,1,1.0,0,0.0,no_overlap
6284,1,1.0,1,1.0,single_overlap
6285,1,1.0,1,0.054054054,single_overlap
6286,1,1.0,1,1.0,single_overlap
6287,1,0.85,1,0.95,single_overlap
6288,1,1.0,1,1.0,single_overlap
6289,1,1.0,1,1.0,single_overlap
6290,1,1.0,1,1.0,single_overlap
6291,1,1.0,1,1.0,single_overlap
6292,1,1.0,1,1.0,single_overlap
6293,1,0.96969697,1,1.0,single_overlap
6294,1,1.0,1,1.0,single_overlap
6295,1,0.933333333,1,0.866666667,single_overlap
6296,2,0.724137931,1,0.988505747,single_overlap
6297,1,1.0,1,1.0,single_overlap
6298,1,1.0,0,0.0,no_overlap
6299,1,0.951612903,1,0.887096774,single_overlap
6300,1,0.846560847,1,1.0,single_overlap
6301,0,0.0,1,1.0,single_overlap
6302,1,1.0,1,0.9375,single_overlap
6303,1,0.92,1,1.0,single_overlap
6304,1,1.0,1,1.0,single_overlap
6305,1,0.951923077,1,1.0,single_overlap
6306,1,1.0,1,1.0,single_overlap
6307,1,1.0,1,1.0,single_overlap
6308,1,1.0,1,1.0,single_overlap
6309,1,1.0,1,1.0,single_overlap
6310,1,0.916666667,1,1.0,single_overlap
6311,2,0.962962963,1,1.0,single_overlap
6312,1,0.941176471,1,1.0,single_overlap
6313,1,0.85,1,0.8,single_overlap
6314,1,1.0,0,0.0,no_overlap
6315,1,1.0,1,1.0,single_overlap
6316,1,1.0,1,1.0,single_overlap
6317,0,0.0,0,0.0,no_overlap
6318,1,1.0,0,0.0,no_overlap
6319,1,1.0,1,1.0,single_overlap
6320,1,1.0,1,1.0,single_overlap
6321,1,0.944444444,1,1.0,single_overlap
6322,1,1.0,1,1.0,single_overlap
6323,0,0.0,1,0.411764706,single_overlap
6324,1,1.0,1,0.980769231,single_overlap
6325,2,0.875,1,1.0,single_overlap
6326,1,1.0,0,0.0,no_overlap
6327,1,1.0,1,1.0,single_overlap
6328,1,1.0,1,0.947368421,single_overlap
6329,1,0.961538462,1,1.0,single_overlap
6330,1,0.933333333,1,0.966666667,single_overlap
6331,1,1.0,1,1.0,single_overlap
6332,1,0.976,2,0.256,multiple_overlaps
6333,1,1.0,1,1.0,single_overlap
6334,1,0.842105263,1,1.0,single_overlap
6335,1,0.727272727,1,0.454545455,single_overlap
6336,0,0.0,0,0.0,no_overlap
6337,1,1.0,1,0.695238095,single_overlap
6338,1,0.8,1,0.9,single_overlap
6339,1,1.0,1,1.0,single_overlap
6340,1,1.0,1,1.0,single_overlap
6341,1,0.625,1,0.916666667,single_overlap
6342,1,1.0,1,1.0,single_overlap
6343,1,0.944444444,1,1.0,single_overlap
6344,1,1.0,1,1.0,single_overlap
6345,1,1.0,1,1.0,single_overlap
6346,1,1.0,1,1.0,single_overlap
6347,1,1.0,1,1.0,single_overlap
6348,1,1.0,1,1.0,single_overlap
6349,1,1.0,0,0.0,no_overlap
6350,1,1.0,1,0.235294118,single_overlap
6351,1,0.942307692,1,1.0,single_overlap
6352,1,1.0,1,1.0,single_overlap
6353,1,0.950920245,1,0.99795501,single_overlap
6354,1,1.0,1,1.0,single_overlap
6355,1,1.0,1,1.0,single_overlap
6356,0,0.0,1,1.0,single_overlap
6357,1,0.965517241,1,0.034482759,single_overlap
6358,1,0.9375,1,1.0,single_overlap
6359,1,1.0,1,1.0,single_overlap
6360,1,1.0,0,0.0,no_overlap
6361,1,0.985915493,1,1.0,single_overlap
6362,1,1.0,1,1.0,single_overlap
6363,1,1.0,1,1.0,single_overlap
6364,1,1.0,1,1.0,single_overlap
6365,1,1.0,1,1.0,single_overlap
6366,1,1.0,0,0.0,no_overlap
6367,1,0.833333333,0,0.0,no_overlap
6368,1,1.0,1,1.0,single_overlap
6369,1,1.0,0,0.0,no_overlap
6370,1,0.970588235,1,1.0,single_overlap
6371,1,1.0,1,0.727272727,single_overlap
6372,0,0.0,0,0.0,no_overlap
6373,1,1.0,0,0.0,no_overlap
6374,1,1.0,1,1.0,single_overlap
6375,0,0.0,1,1.0,single_overlap
6376,1,1.0,1,0.928571429,single_overlap
6377,1,1.0,1,0.608695652,single_overlap
6378,1,1.0,1,1.0,single_overlap
6379,1,1.0,1,1.0,single_overlap
6380,1,1.0,1,1.0,single_overlap
6381,1,1.0,1,1.0,single_overlap
6382,1,1.0,1,1.0,single_overlap
6383,1,1.0,1,1.0,single_overlap
6384,1,1.0,0,0.0,no_overlap
6385,1,0.777777778,0,0.0,no_overlap
6386,1,1.0,1,0.866666667,single_overlap
6387,1,1.0,1,1.0,single_overlap
6388,1,1.0,1,1.0,single_overlap
6389,1,0.772727273,0,0.0,no_overlap
6390,0,0.0,0,0.0,no_overlap
6391,1,1.0,1,0.615384615,single_overlap
6392,1,0.972972973,1,1.0,single_overlap
6393,1,0.376344086,1,0.112903226,single_overlap
6394,0,0.0,1,0.9,single_overlap
6395,1,1.0,1,1.0,single_overlap
6396,1,0.954545455,1,1.0,single_overlap
6397,1,0.904761905,1,1.0,single_overlap
6398,1,1.0,1,1.0,single_overlap
6399,0,0.0,1,1.0,single_overlap
6400,1,0.909090909,1,0.818181818,single_overlap
6401,1,0.5,1,0.357142857,single_overlap
6402,1,1.0,1,1.0,single_overlap
6403,1,1.0,1,1.0,single_overlap
6404,1,1.0,1,1.0,single_overlap
6405,0,0.0,1,0.833333333,single_overlap
6406,1,1.0,1,1.0,single_overlap
6407,1,1.0,0,0.0,no_overlap
6408,1,0.994520548,1,1.0,single_overlap
6409,1,0.934210526,0,0.0,no_overlap
6410,1,1.0,1,1.0,single_overlap
6411,1,1.0,1,1.0,single_overlap
6412,1,0.98,1,1.0,single_overlap
6413,1,1.0,1,1.0,single_overlap
6414,1,1.0,1,1.0,single_overlap
6415,1,0.892857143,1,1.0,single_overlap
6416,1,1.0,1,0.894736842,single_overlap
6417,1,1.0,0,0.0,no_overlap
6418,0,0.0,1,0.066666667,single_overlap
6419,1,0.981132075,1,1.0,single_overlap
6420,1,1.0,1,1.0,single_overlap
6421,1,1.0,0,0.0,no_overlap
6422,1,1.0,0,0.0,no_overlap
6423,1,1.0,1,0.875,single_overlap
6424,1,1.0,1,0.952380952,single_overlap
6425,2,0.931623932,2,0.664529915,multiple_overlaps
6426,1,0.878787879,1,1.0,single_overlap
6427,1,1.0,1,0.996138996,single_overlap
6428,1,1.0,0,0.0,no_overlap
6429,1,1.0,1,1.0,single_overlap
6430,1,1.0,1,1.0,single_overlap
6431,1,0.963414634,1,0.963414634,single_overlap
6432,1,1.0,0,0.0,no_overlap
6433,1,0.933333333,1,0.666666667,single_overlap
6434,1,1.0,1,0.25,single_overlap
6435,1,1.0,1,1.0,single_overlap
6436,1,1.0,0,0.0,no_overlap
6437,1,0.953488372,1,0.976744186,single_overlap
6438,1,1.0,0,0.0,no_overlap
6439,1,1.0,0,0.0,no_overlap
6440,1,1.0,1,1.0,single_overlap
6441,1,1.0,0,0.0,no_overlap
6442,1,1.0,1,1.0,single_overlap
6443,1,1.0,1,0.994350282,single_overlap
6444,1,1.0,1,1.0,single_overlap
6445,1,1.0,1,1.0,single_overlap
6446,1,1.0,1,0.998191682,single_overlap
6447,1,0.886363636,1,1.0,single_overlap
6448,1,0.857142857,0,0.0,no_overlap
6449,1,1.0,0,0.0,no_overlap
6450,1,1.0,0,0.0,no_overlap
6451,1,1.0,1,1.0,single_overlap
6452,1,0.96969697,1,1.0,single_overlap
6453,0,0.0,0,0.0,no_overlap
6454,0,0.0,0,0.0,no_overlap
6455,1,0.951219512,1,0.975609756,single_overlap
6456,1,1.0,1,0.769230769,single_overlap
6457,1,1.0,0,0.0,no_overlap
6458,1,1.0,1,1.0,single_overlap
6459,1,1.0,1,1.0,single_overlap
6460,1,1.0,1,1.0,single_overlap
6461,1,1.0,1,1.0,single_overlap
6462,1,1.0,1,1.0,single_overlap
6463,1,0.961538462,1,1.0,single_overlap
6464,0,0.0,1,1.0,single_overlap
6465,1,0.9375,1,0.9375,single_overlap
6466,0,0.0,0,0.0,no_overlap
6467,1,0.857142857,1,1.0,single_overlap
6468,1,1.0,1,1.0,single_overlap
6469,1,0.692307692,2,0.846153846,multiple_overlaps
6470,0,0.0,0,0.0,no_overlap
6471,1,0.833333333,1,1.0,single_overlap
6472,0,0.0,0,0.0,no_overlap
6473,1,0.958333333,1,1.0,single_overlap
6474,1,1.0,1,1.0,single_overlap
6475,1,1.0,1,0.05,single_overlap
6476,1,1.0,1,1.0,single_overlap
6477,1,1.0,1,1.0,single_overlap
6478,1,1.0,1,1.0,single_overlap
6479,1,1.0,1,1.0,single_overlap
6480,1,1.0,1,0.833333333,single_overlap
6481,1,1.0,0,0.0,no_overlap
6482,1,1.0,1,1.0,single_overlap
6483,1,1.0,1,1.0,single_overlap
6484,1,1.0,1,1.0,single_overlap
6485,1,0.8,1,0.266666667,single_overlap
6486,0,0.0,0,0.0,no_overlap
6487,1,1.0,1,0.75,single_overlap
6488,1,1.0,1,1.0,single_overlap
6489,1,0.972222222,1,0.388888889,single_overlap
6490,1,1.0,1,1.0,single_overlap
6491,1,0.923076923,0,0.0,no_overlap
6492,1,0.975609756,1,1.0,single_overlap
6493,1,1.0,1,1.0,single_overlap
6494,1,1.0,1,1.0,single_overlap
6495,1,1.0,1,1.0,single_overlap
6496,1,1.0,1,0.181818182,single_overlap
6497,1,0.875,1,0.875,single_overlap
6498,1,0.92,1,1.0,single_overlap
6499,1,1.0,0,0.0,no_overlap
6500,1,1.0,1,1.0,single_overlap
6501,0,0.0,0,0.0,no_overlap
6502,0,0.0,0,0.0,no_overlap
6503,1,1.0,1,1.0,single_overlap
6504,1,1.0,1,1.0,single_overlap
6505,1,1.0,0,0.0,no_overlap
6506,1,1.0,1,1.0,single_overlap
6507,1,1.0,1,1.0,single_overlap
6508,1,1.0,1,1.0,single_overlap
6509,1,0.925925926,1,1.0,single_overlap
6510,1,1.0,1,1.0,single_overlap
6511,0,0.0,1,0.72,single_overlap
6512,1,1.0,0,0.0,no_overlap
6513,1,0.8,1,0.95,single_overlap
6514,1,1.0,1,1.0,single_overlap
6515,1,1.0,1,1.0,single_overlap
6516,1,0.807228916,1,1.0,single_overlap
6517,1,1.0,1,0.611111111,single_overlap
6518,0,0.0,0,0.0,no_overlap
6519,0,0.0,0,0.0,no_overlap
6520,1,1.0,1,1.0,single_overlap
6521,0,0.0,0,0.0,no_overlap
6522,1,0.967741935,1,1.0,single_overlap
6523,1,1.0,2,0.923076923,multiple_overlaps
6524,1,0.913043478,1,1.0,single_overlap
6525,1,1.0,1,1.0,single_overlap
6526,1,1.0,1,1.0,single_overlap
6527,1,0.833333333,1,1.0,single_overlap
6528,1,0.872340426,1,1.0,single_overlap
6529,1,0.903225806,1,0.612903226,single_overlap
6530,1,1.0,1,0.833333333,single_overlap
6531,1,1.0,1,1.0,single_overlap
6532,1,0.888888889,2,0.925925926,multiple_overlaps
6533,1,1.0,0,0.0,no_overlap
6534,0,0.0,0,0.0,no_overlap
6535,1,1.0,1,1.0,single_overlap
6536,1,1.0,1,1.0,single_overlap
6537,1,1.0,0,0.0,no_overlap
6538,1,1.0,1,1.0,single_overlap
6539,1,0.9375,1,0.78125,single_overlap
6540,1,0.983193277,1,0.966386555,single_overlap
6541,1,1.0,1,1.0,single_overlap
6542,1,1.0,1,1.0,single_overlap
6543,1,1.0,1,1.0,single_overlap
6544,1,1.0,1,1.0,single_overlap
6545,1,0.8,1,0.6,single_overlap
6546,0,0.0,1,1.0,single_overlap
6547,1,1.0,1,1.0,single_overlap
6548,1,1.0,1,1.0,single_overlap
6549,1,0.863636364,1,0.5,single_overlap
6550,0,0.0,0,0.0,no_overlap
6551,1,0.909090909,1,0.909090909,single_overlap
6552,1,1.0,1,1.0,single_overlap
6553,1,0.8,0,0.0,no_overlap
6554,1,0.939393939,1,1.0,single_overlap
6555,1,1.0,1,1.0,single_overlap
6556,1,0.924528302,1,0.962264151,single_overlap
6557,1,1.0,1,1.0,single_overlap
6558,1,1.0,1,1.0,single_overlap
6559,1,0.980769231,1,0.923076923,single_overlap
6560,1,1.0,1,1.0,single_overlap
6561,1,1.0,1,0.714285714,single_overlap
6562,2,0.911392405,1,1.0,single_overlap
6563,1,1.0,1,1.0,single_overlap
6564,1,1.0,1,1.0,single_overlap
6565,1,1.0,1,0.875,single_overlap
6566,0,0.0,0,0.0,no_overlap
6567,0,0.0,0,0.0,no_overlap
6568,1,1.0,1,1.0,single_overlap
6569,1,1.0,0,0.0,no_overlap
6570,1,1.0,1,1.0,single_overlap
6571,1,1.0,1,0.974358974,single_overlap
6572,1,1.0,1,1.0,single_overlap
6573,1,0.990654206,1,1.0,single_overlap
6574,1,1.0,1,1.0,single_overlap
6575,1,0.96,1,0.96,single_overlap
6576,1,1.0,1,0.916666667,single_overlap
6577,1,0.956756757,1,0.932432432,single_overlap
6578,1,1.0,0,0.0,no_overlap
6579,1,1.0,1,1.0,single_overlap
6580,1,1.0,1,1.0,single_overlap
6581,0,0.0,1,0.5,single_overlap
6582,0,0.0,0,0.0,no_overlap
6583,1,0.914285714,1,0.871428571,single_overlap
6584,1,1.0,1,1.0,single_overlap
6585,1,0.888888889,1,1.0,single_overlap
6586,1,1.0,1,1.0,single_overlap
6587,1,0.982142857,1,1.0,single_overlap
6588,1,0.892857143,1,1.0,single_overlap
6589,1,1.0,1,1.0,single_overlap
6590,1,1.0,1,1.0,single_overlap
6591,1,0.964285714,1,1.0,single_overlap
6592,1,1.0,0,0.0,no_overlap
6593,1,1.0,1,0.75,single_overlap
6594,1,1.0,1,1.0,single_overlap
6595,1,1.0,0,0.0,no_overlap
6596,1,1.0,1,1.0,single_overlap
6597,0,0.0,0,0.0,no_overlap
6598,1,1.0,1,1.0,single_overlap
6599,1,0.909090909,0,0.0,no_overlap
6600,1,1.0,1,1.0,single_overlap
6601,1,0.991935484,1,0.306451613,single_overlap
6602,1,0.987297921,1,1.0,single_overlap
6603,1,0.98019802,1,1.0,single_overlap
6604,1,1.0,1,1.0,single_overlap
6605,1,1.0,1,1.0,single_overlap
6606,1,1.0,1,1.0,single_overlap
6607,1,1.0,1,1.0,single_overlap
6608,1,1.0,0,0.0,no_overlap
6609,1,0.705882353,0,0.0,no_overlap
6610,1,1.0,1,1.0,single_overlap
6611,1,1.0,1,1.0,single_overlap
6612,0,0.0,1,0.8,single_overlap
6613,0,0.0,0,0.0,no_overlap
6614,1,0.962962963,1,0.888888889,single_overlap
6615,1,1.0,1,0.933333333,single_overlap
6616,1,1.0,0,0.0,no_overlap
6617,1,1.0,1,1.0,single_overlap
6618,1,1.0,1,1.0,single_overlap
6619,1,1.0,1,1.0,single_overlap
6620,1,1.0,1,1.0,single_overlap
6621,1,1.0,1,1.0,single_overlap
6622,1,1.0,0,0.0,no_overlap
6623,1,0.875,0,0.0,no_overlap
6624,1,1.0,1,1.0,single_overlap
6625,1,0.961038961,1,1.0,single_overlap
6626,1,0.8,0,0.0,no_overlap
6627,1,1.0,1,0.75,single_overlap
6628,1,0.958333333,1,1.0,single_overlap
6629,1,1.0,0,0.0,no_overlap
6630,1,0.944444444,1,1.0,single_overlap
6631,1,1.0,0,0.0,no_overlap
6632,1,1.0,1,1.0,single_overlap
6633,1,1.0,1,0.892857143,single_overlap
6634,1,1.0,1,1.0,single_overlap
6635,1,1.0,1,1.0,single_overlap
6636,1,1.0,1,1.0,single_overlap
6637,1,0.921052632,1,0.947368421,single_overlap
6638,1,1.0,0,0.0,no_overlap
6639,1,0.875,1,0.4375,single_overlap
6640,1,1.0,1,1.0,single_overlap
6641,1,1.0,0,0.0,no_overlap
6642,1,1.0,1,0.916666667,single_overlap
6643,0,0.0,0,0.0,no_overlap
6644,1,0.909090909,0,0.0,no_overlap
6645,1,1.0,1,1.0,single_overlap
6646,1,1.0,0,0.0,no_overlap
6647,1,1.0,1,1.0,single_overlap
6648,3,0.906521739,1,0.980434783,single_overlap
6649,1,1.0,1,1.0,single_overlap
6650,1,1.0,1,1.0,single_overlap
6651,1,0.95,1,1.0,single_overlap
6652,1,0.95,1,1.0,single_overlap
6653,0,0.0,0,0.0,no_overlap
6654,1,0.9,1,0.9,single_overlap
6655,1,0.964285714,1,1.0,single_overlap
6656,0,0.0,0,0.0,no_overlap
6657,1,1.0,1,0.714285714,single_overlap
6658,0,0.0,0,0.0,no_overlap
6659,0,0.0,0,0.0,no_overlap
6660,1,1.0,1,1.0,single_overlap
6661,1,1.0,0,0.0,no_overlap
6662,1,1.0,0,0.0,no_overlap
6663,1,1.0,1,1.0,single_overlap
6664,1,1.0,1,1.0,single_overlap
6665,1,1.0,1,1.0,single_overlap
6666,1,0.987654321,1,1.0,single_overlap
6667,1,0.9375,1,1.0,single_overlap
6668,0,0.0,1,1.0,single_overlap
6669,1,0.921568627,2,1.0,multiple_overlaps
6670,1,1.0,0,0.0,no_overlap
6671,1,1.0,1,1.0,single_overlap
6672,1,0.914285714,1,0.857142857,single_overlap
6673,0,0.0,0,0.0,no_overlap
6674,1,0.903225806,1,0.774193548,single_overlap
6675,0,0.0,1,1.0,single_overlap
6676,1,0.955555556,1,0.066666667,single_overlap
6677,1,0.944444444,1,1.0,single_overlap
6678,1,0.944444444,1,1.0,single_overlap
6679,1,1.0,1,1.0,single_overlap
6680,1,1.0,1,1.0,single_overlap
6681,1,1.0,1,1.0,single_overlap
6682,1,0.8125,0,0.0,no_overlap
6683,1,0.92,1,0.8,single_overlap
6684,0,0.0,1,0.6875,single_overlap
6685,1,1.0,1,1.0,single_overlap
6686,1,1.0,1,1.0,single_overlap
6687,0,0.0,1,0.5,single_overlap
6688,0,0.0,0,0.0,no_overlap
6689,0,0.0,1,1.0,single_overlap
6690,1,1.0,1,1.0,single_overlap
6691,1,0.880952381,0,0.0,no_overlap
6692,1,1.0,1,1.0,single_overlap
6693,1,0.923076923,1,0.957264957,single_overlap
6694,1,0.951219512,1,1.0,single_overlap
6695,1,1.0,1,1.0,single_overlap
6696,1,1.0,1,1.0,single_overlap
6697,1,1.0,0,0.0,no_overlap
6698,1,1.0,1,0.875,single_overlap
6699,1,0.694915254,1,0.949152542,single_overlap
6700,1,1.0,0,0.0,no_overlap
6701,1,1.0,1,1.0,single_overlap
6702,1,1.0,1,0.368421053,single_overlap
6703,1,1.0,0,0.0,no_overlap
6704,1,1.0,1,1.0,single_overlap
6705,1,1.0,0,0.0,no_overlap
6706,1,0.976744186,0,0.0,no_overlap
6707,1,1.0,1,1.0,single_overlap
6708,1,1.0,1,1.0,single_overlap
6709,1,0.695652174,1,1.0,single_overlap
6710,1,1.0,1,1.0,single_overlap
6711,1,1.0,1,1.0,single_overlap
6712,1,1.0,1,1.0,single_overlap
6713,1,0.555555556,1,0.555555556,single_overlap
6714,2,0.794117647,1,0.882352941,single_overlap
6715,1,1.0,0,0.0,no_overlap
6716,1,1.0,1,1.0,single_overlap
6717,1,0.9375,1,0.9375,single_overlap
6718,1,1.0,0,0.0,no_overlap
6719,1,1.0,1,1.0,single_overlap
6720,1,1.0,0,0.0,no_overlap
6721,3,0.891328211,4,0.93194292,multiple_overlaps
6722,1,1.0,1,0.818181818,single_overlap
6723,1,0.708333333,1,0.90625,single_overlap
6724,1,0.993288591,2,1.0,multiple_overlaps
6725,1,1.0,1,1.0,single_overlap
6726,1,1.0,1,1.0,single_overlap
6727,1,0.956521739,1,0.891304348,single_overlap
6728,1,1.0,0,0.0,no_overlap
6729,1,0.928571429,0,0.0,no_overlap
6730,1,1.0,1,1.0,single_overlap
6731,1,1.0,1,1.0,single_overlap
6732,0,0.0,0,0.0,no_overlap
6733,0,0.0,0,0.0,no_overlap
6734,1,1.0,1,1.0,single_overlap
6735,1,0.833333333,1,1.0,single_overlap
6736,1,0.932038835,0,0.0,no_overlap
6737,1,0.923076923,1,1.0,single_overlap
6738,1,1.0,1,1.0,single_overlap
6739,1,0.708333333,1,1.0,single_overlap
6740,1,1.0,1,1.0,single_overlap
6741,1,0.967213115,1,1.0,single_overlap
6742,1,0.941176471,1,1.0,single_overlap
6743,1,1.0,1,0.675675676,single_overlap
6744,2,0.825,1,1.0,single_overlap
6745,1,1.0,1,1.0,single_overlap
6746,1,0.888888889,1,1.0,single_overlap
6747,0,0.0,1,0.833333333,single_overlap
6748,0,0.0,0,0.0,no_overlap
6749,1,0.702702703,1,0.648648649,single_overlap
6750,1,1.0,1,1.0,single_overlap
6751,1,1.0,0,0.0,no_overlap
6752,1,0.954545455,1,1.0,single_overlap
6753,1,0.970588235,1,1.0,single_overlap
6754,1,0.96,1,1.0,single_overlap
6755,1,1.0,1,1.0,single_overlap
6756,1,0.933333333,1,1.0,single_overlap
6757,1,0.818181818,1,0.909090909,single_overlap
6758,1,1.0,0,0.0,no_overlap
6759,1,1.0,1,0.875,single_overlap
6760,2,0.928571429,2,0.928571429,multiple_overlaps
6761,1,1.0,1,1.0,single_overlap
6762,1,0.948275862,1,0.810344828,single_overlap
6763,1,1.0,1,1.0,single_overlap
6764,1,1.0,1,1.0,single_overlap
6765,1,0.777777778,1,0.944444444,single_overlap
6766,1,1.0,1,0.586206897,single_overlap
6767,1,0.905660377,1,1.0,single_overlap
6768,1,0.6,1,1.0,single_overlap
6769,0,0.0,1,0.666666667,single_overlap
6770,1,1.0,1,1.0,single_overlap
6771,1,1.0,1,1.0,single_overlap
6772,1,0.947368421,1,1.0,single_overlap
6773,1,0.954545455,1,0.954545455,single_overlap
6774,1,0.990384615,2,0.951923077,multiple_overlaps
6775,1,0.909090909,1,1.0,single_overlap
6776,1,1.0,1,1.0,single_overlap
6777,1,1.0,1,0.857142857,single_overlap
6778,1,1.0,1,1.0,single_overlap
6779,1,0.909090909,0,0.0,no_overlap
6780,1,1.0,1,0.928571429,single_overlap
6781,1,0.675496689,1,0.298013245,single_overlap
6782,1,1.0,1,1.0,single_overlap
6783,1,1.0,1,1.0,single_overlap
6784,1,1.0,1,1.0,single_overlap
6785,1,1.0,1,1.0,single_overlap
6786,1,1.0,1,1.0,single_overlap
6787,1,1.0,0,0.0,no_overlap
6788,0,0.0,0,0.0,no_overlap
6789,1,0.853658537,1,1.0,single_overlap
6790,1,1.0,1,1.0,single_overlap
6791,1,1.0,1,1.0,single_overlap
6792,1,0.888888889,0,0.0,no_overlap
6793,1,0.941176471,1,1.0,single_overlap
6794,1,0.82,0,0.0,no_overlap
6795,1,0.916666667,1,1.0,single_overlap
6796,1,1.0,0,0.0,no_overlap
6797,1,1.0,1,1.0,single_overlap
6798,1,1.0,1,1.0,single_overlap
6799,1,0.984375,1,0.984375,single_overlap
6800,1,1.0,1,1.0,single_overlap
6801,1,1.0,1,1.0,single_overlap
6802,1,1.0,0,0.0,no_overlap
6803,0,0.0,0,0.0,no_overlap
6804,1,0.7,1,0.75,single_overlap
6805,1,1.0,1,1.0,single_overlap
6806,1,1.0,1,1.0,single_overlap
6807,0,0.0,0,0.0,no_overlap
6808,1,1.0,1,1.0,single_overlap
6809,1,0.794117647,1,0.764705882,single_overlap
6810,1,1.0,1,1.0,single_overlap
6811,1,0.9375,1,1.0,single_overlap
6812,1,0.888888889,1,1.0,single_overlap
6813,1,1.0,1,1.0,single_overlap
6814,1,0.9,1,1.0,single_overlap
6815,1,1.0,1,1.0,single_overlap
6816,1,1.0,0,0.0,no_overlap
6817,1,1.0,1,0.866666667,single_overlap
6818,0,0.0,0,0.0,no_overlap
6819,1,0.8,1,0.9,single_overlap
6820,1,1.0,1,1.0,single_overlap
6821,1,1.0,1,1.0,single_overlap
6822,0,0.0,0,0.0,no_overlap
6823,0,0.0,0,0.0,no_overlap
6824,1,0.909090909,1,0.915584416,single_overlap
6825,1,0.866666667,1,1.0,single_overlap
6826,1,1.0,0,0.0,no_overlap
6827,1,1.0,1,1.0,single_overlap
6828,1,0.963414634,1,1.0,single_overlap
6829,1,1.0,0,0.0,no_overlap
6830,1,1.0,1,1.0,single_overlap
6831,1,1.0,1,1.0,single_overlap
6832,1,1.0,1,1.0,single_overlap
6833,1,0.75,1,0.666666667,single_overlap
6834,1,1.0,0,0.0,no_overlap
6835,1,0.909090909,1,1.0,single_overlap
6836,1,1.0,1,1.0,single_overlap
6837,1,0.882352941,1,0.941176471,single_overlap
6838,0,0.0,0,0.0,no_overlap
6839,1,1.0,1,1.0,single_overlap
6840,1,0.875,0,0.0,no_overlap
6841,1,1.0,1,0.958333333,single_overlap
6842,1,1.0,1,1.0,single_overlap
6843,1,1.0,1,1.0,single_overlap
6844,0,0.0,1,0.2,single_overlap
6845,1,1.0,1,1.0,single_overlap
6846,1,1.0,1,1.0,single_overlap
6847,1,0.976744186,1,0.976744186,single_overlap
6848,1,1.0,1,0.777777778,single_overlap
6849,0,0.0,0,0.0,no_overlap
6850,1,1.0,1,1.0,single_overlap
6851,1,1.0,1,1.0,single_overlap
6852,1,1.0,1,0.833333333,single_overlap
6853,0,0.0,0,0.0,no_overlap
6854,1,1.0,0,0.0,no_overlap
6855,1,1.0,1,1.0,single_overlap
6856,1,1.0,2,0.214285714,multiple_overlaps
6857,1,0.976744186,1,1.0,single_overlap
6858,1,1.0,1,1.0,single_overlap
6859,1,0.979591837,1,1.0,single_overlap
6860,1,1.0,1,1.0,single_overlap
6861,1,1.0,1,1.0,single_overlap
6862,0,0.0,0,0.0,no_overlap
6863,0,0.0,1,1.0,single_overlap
6864,1,0.901960784,1,1.0,single_overlap
6865,1,1.0,1,1.0,single_overlap
6866,1,1.0,0,0.0,no_overlap
6867,1,0.6875,1,0.875,single_overlap
6868,1,0.916666667,1,1.0,single_overlap
6869,1,0.818181818,1,0.909090909,single_overlap
6870,1,1.0,1,1.0,single_overlap
6871,1,1.0,0,0.0,no_overlap
6872,1,1.0,1,0.909090909,single_overlap
6873,1,1.0,0,0.0,no_overlap
6874,1,0.903225806,1,1.0,single_overlap
6875,1,1.0,1,1.0,single_overlap
6876,1,0.981481481,1,1.0,single_overlap
6877,1,0.928571429,1,1.0,single_overlap
6878,1,0.928571429,1,0.857142857,single_overlap
6879,1,0.875,1,1.0,single_overlap
6880,1,1.0,1,1.0,single_overlap
6881,1,1.0,0,0.0,no_overlap
6882,0,0.0,1,1.0,single_overlap
6883,1,0.956521739,0,0.0,no_overlap
6884,1,0.894736842,1,0.526315789,single_overlap
6885,1,0.970588235,1,1.0,single_overlap
6886,1,0.948717949,1,1.0,single_overlap
6887,1,0.927927928,1,1.0,single_overlap
6888,1,0.95,1,1.0,single_overlap
6889,1,0.981818182,1,1.0,single_overlap
6890,1,1.0,1,1.0,single_overlap
6891,1,1.0,1,1.0,single_overlap
6892,1,0.956043956,1,0.978021978,single_overlap
6893,1,1.0,0,0.0,no_overlap
6894,1,0.979166667,1,0.958333333,single_overlap
6895,1,1.0,1,1.0,single_overlap
6896,1,1.0,0,0.0,no_overlap
6897,0,0.0,1,0.714285714,single_overlap
6898,1,1.0,1,1.0,single_overlap
6899,1,0.914285714,1,1.0,single_overlap
6900,1,1.0,1,1.0,single_overlap
6901,2,0.815789474,1,1.0,single_overlap
6902,1,1.0,1,1.0,single_overlap
6903,1,0.986754967,1,1.0,single_overlap
6904,1,1.0,0,0.0,no_overlap
6905,1,1.0,1,1.0,single_overlap
6906,1,1.0,1,1.0,single_overlap
6907,1,1.0,1,1.0,single_overlap
6908,1,0.923076923,1,0.846153846,single_overlap
6909,2,0.908108108,1,0.989189189,single_overlap
6910,1,1.0,1,1.0,single_overlap
6911,1,1.0,1,1.0,single_overlap
6912,1,0.875,1,0.875,single_overlap
6913,1,0.9,0,0.0,no_overlap
6914,1,1.0,1,1.0,single_overlap
6915,0,0.0,1,1.0,single_overlap
6916,1,0.678571429,0,0.0,no_overlap
6917,1,1.0,1,1.0,single_overlap
6918,1,0.9,0,0.0,no_overlap
6919,1,0.947368421,1,1.0,single_overlap
6920,1,1.0,1,1.0,single_overlap
6921,1,0.977272727,1,0.977272727,single_overlap
6922,1,0.75,1,0.8125,single_overlap
6923,1,0.764705882,1,0.588235294,single_overlap
6924,1,0.792682927,1,0.987804878,single_overlap
6925,1,0.953125,1,0.953125,single_overlap
6926,1,1.0,1,1.0,single_overlap
6927,1,0.96,1,0.88,single_overlap
6928,1,1.0,1,1.0,single_overlap
6929,1,1.0,1,0.8,single_overlap
6930,1,1.0,1,1.0,single_overlap
6931,1,1.0,0,0.0,no_overlap
6932,1,1.0,1,0.833333333,single_overlap
6933,1,0.954545455,1,1.0,single_overlap
6934,1,0.979591837,1,1.0,single_overlap
6935,1,1.0,1,1.0,single_overlap
6936,1,1.0,1,1.0,single_overlap
6937,1,1.0,1,0.944444444,single_overlap
6938,1,0.777777778,1,0.555555556,single_overlap
6939,1,0.97826087,1,0.173913043,single_overlap
6940,1,1.0,1,1.0,single_overlap
6941,1,1.0,1,0.888888889,single_overlap
6942,1,0.919708029,1,0.98540146,single_overlap
6943,1,0.96,1,1.0,single_overlap
6944,1,0.977272727,1,0.931818182,single_overlap
6945,1,0.958333333,1,1.0,single_overlap
6946,1,1.0,1,0.589285714,single_overlap
6947,1,1.0,1,1.0,single_overlap
6948,1,0.935483871,1,1.0,single_overlap
6949,1,1.0,1,1.0,single_overlap
6950,1,1.0,1,1.0,single_overlap
6951,1,1.0,1,1.0,single_overlap
6952,1,1.0,1,1.0,single_overlap
6953,0,0.0,0,0.0,no_overlap
6954,1,0.981481481,1,1.0,single_overlap
6955,1,1.0,1,1.0,single_overlap
6956,1,1.0,1,1.0,single_overlap
6957,1,0.918918919,1,0.918918919,single_overlap
6958,0,0.0,0,0.0,no_overlap
6959,1,0.976744186,1,0.825581395,single_overlap
6960,1,1.0,1,1.0,single_overlap
6961,1,1.0,0,0.0,no_overlap
6962,1,1.0,1,1.0,single_overlap
6963,1,1.0,1,1.0,single_overlap
6964,1,1.0,0,0.0,no_overlap
6965,1,1.0,1,1.0,single_overlap
6966,1,1.0,1,1.0,single_overlap
6967,1,1.0,0,0.0,no_overlap
6968,1,0.555555556,0,0.0,no_overlap
6969,1,0.818181818,1,0.818181818,single_overlap
6970,1,1.0,1,1.0,single_overlap
6971,0,0.0,1,0.833333333,single_overlap
6972,1,0.954545455,1,1.0,single_overlap
6973,1,1.0,1,1.0,single_overlap
6974,1,1.0,1,0.5,single_overlap
6975,1,1.0,1,1.0,single_overlap
6976,1,1.0,0,0.0,no_overlap
6977,1,0.909090909,1,1.0,single_overlap
6978,1,1.0,1,1.0,single_overlap
6979,1,0.93877551,1,0.87755102,single_overlap
6980,1,1.0,1,1.0,single_overlap
6981,1,1.0,1,1.0,single_overlap
6982,1,0.928571429,1,0.071428571,single_overlap
6983,0,0.0,0,0.0,no_overlap
6984,0,0.0,1,0.916666667,single_overlap
6985,1,1.0,1,1.0,single_overlap
6986,0,0.0,1,1.0,single_overlap
6987,1,1.0,0,0.0,no_overlap
6988,1,1.0,1,1.0,single_overlap
6989,1,0.625,0,0.0,no_overlap
6990,1,0.983050847,1,1.0,single_overlap
6991,1,0.95,0,0.0,no_overlap
6992,1,0.875,1,1.0,single_overlap
6993,1,0.994505495,1,1.0,single_overlap
6994,1,1.0,1,1.0,single_overlap
6995,1,1.0,1,1.0,single_overlap
6996,1,1.0,1,1.0,single_overlap
6997,1,0.888888889,1,0.888888889,single_overlap
6998,1,0.894736842,1,1.0,single_overlap
6999,1,1.0,1,0.863636364,single_overlap
7000,1,0.939393939,1,0.96969697,single_overlap
7001,1,1.0,1,1.0,single_overlap
7002,1,1.0,1,1.0,single_overlap
7003,1,1.0,3,0.8,multiple_overlaps
7004,1,1.0,1,1.0,single_overlap
7005,1,1.0,1,0.9,single_overlap
7006,1,1.0,1,0.923076923,single_overlap
7007,1,1.0,1,1.0,single_overlap
7008,1,0.994475138,1,1.0,single_overlap
7009,1,1.0,1,1.0,single_overlap
7010,1,0.947368421,1,1.0,single_overlap
7011,1,1.0,1,0.909090909,single_overlap
7012,1,0.875,0,0.0,no_overlap
7013,1,0.823529412,0,0.0,no_overlap
7014,1,0.909090909,1,0.636363636,single_overlap
7015,1,1.0,1,1.0,single_overlap
7016,1,1.0,0,0.0,no_overlap
7017,1,0.983899821,1,0.992844365,single_overlap
7018,1,0.833333333,0,0.0,no_overlap
7019,1,1.0,0,0.0,no_overlap
7020,1,1.0,1,1.0,single_overlap
7021,2,0.959459459,1,1.0,single_overlap
7022,1,0.923076923,0,0.0,no_overlap
7023,1,0.982142857,1,1.0,single_overlap
7024,1,0.966666667,1,1.0,single_overlap
7025,1,1.0,1,1.0,single_overlap
7026,1,0.777777778,1,0.666666667,single_overlap
7027,1,0.961538462,1,1.0,single_overlap
7028,1,1.0,1,0.714285714,single_overlap
7029,1,1.0,1,1.0,single_overlap
7030,1,0.972972973,1,1.0,single_overlap
7031,1,0.916666667,1,1.0,single_overlap
7032,1,0.967741935,1,1.0,single_overlap
7033,1,0.923076923,1,0.903846154,single_overlap
7034,1,1.0,1,1.0,single_overlap
7035,1,0.981623277,1,1.0,single_overlap
7036,1,0.976190476,1,0.952380952,single_overlap
7037,1,1.0,1,1.0,single_overlap
7038,1,1.0,1,1.0,single_overlap
7039,1,1.0,1,1.0,single_overlap
7040,1,0.727272727,0,0.0,no_overlap
7041,2,0.796875,1,0.5,single_overlap
7042,1,1.0,1,0.727272727,single_overlap
7043,1,0.722222222,1,1.0,single_overlap
7044,1,1.0,1,1.0,single_overlap
7045,1,0.963963964,1,0.954954955,single_overlap
7046,1,0.933333333,1,1.0,single_overlap
7047,1,0.888888889,0,0.0,no_overlap
7048,0,0.0,1,1.0,single_overlap
7049,1,1.0,2,1.0,multiple_overlaps
7050,1,0.9375,1,1.0,single_overlap
7051,1,1.0,1,1.0,single_overlap
7052,1,1.0,0,0.0,no_overlap
7053,1,1.0,1,1.0,single_overlap
7054,0,0.0,0,0.0,no_overlap
7055,1,1.0,1,0.470588235,single_overlap
7056,1,0.846153846,1,0.769230769,single_overlap
7057,1,1.0,1,1.0,single_overlap
7058,1,1.0,1,1.0,single_overlap
7059,1,1.0,2,0.769230769,multiple_overlaps
7060,1,0.818181818,1,1.0,single_overlap
7061,1,0.975,0,0.0,no_overlap
7062,1,0.988235294,1,1.0,single_overlap
7063,1,0.956730769,1,0.995192308,single_overlap
7064,0,0.0,0,0.0,no_overlap
7065,1,1.0,1,1.0,single_overlap
7066,1,1.0,1,1.0,single_overlap
7067,1,1.0,1,1.0,single_overlap
7068,1,1.0,1,0.75,single_overlap
7069,0,0.0,0,0.0,no_overlap
7070,1,1.0,1,1.0,single_overlap
7071,1,1.0,1,1.0,single_overlap
7072,1,0.979253112,1,0.869294606,single_overlap
7073,1,0.953846154,2,1.0,multiple_overlaps
7074,1,0.951219512,1,1.0,single_overlap
7075,1,1.0,0,0.0,no_overlap
7076,1,1.0,1,1.0,single_overlap
7077,1,1.0,1,1.0,single_overlap
7078,1,0.904761905,1,1.0,single_overlap
7079,1,0.991243433,1,1.0,single_overlap
7080,1,1.0,1,1.0,single_overlap
7081,1,0.888888889,0,0.0,no_overlap
7082,1,0.902777778,1,0.888888889,single_overlap
7083,1,1.0,1,1.0,single_overlap
7084,1,1.0,1,0.636363636,single_overlap
7085,1,1.0,1,1.0,single_overlap
7086,1,0.915254237,1,1.0,single_overlap
7087,1,1.0,1,0.294117647,single_overlap
7088,1,1.0,1,1.0,single_overlap
7089,1,1.0,1,1.0,single_overlap
7090,1,1.0,1,1.0,single_overlap
7091,1,1.0,1,1.0,single_overlap
7092,1,1.0,1,0.85,single_overlap
7093,1,1.0,1,1.0,single_overlap
7094,1,1.0,1,1.0,single_overlap
7095,1,1.0,1,1.0,single_overlap
7096,0,0.0,1,0.875,single_overlap
7097,1,1.0,2,0.575342466,multiple_overlaps
7098,1,1.0,1,0.8,single_overlap
7099,1,1.0,1,1.0,single_overlap
7100,1,1.0,0,0.0,no_overlap
7101,1,0.740740741,1,0.962962963,single_overlap
7102,0,0.0,0,0.0,no_overlap
7103,2,0.936170213,0,0.0,no_overlap
7104,1,1.0,1,1.0,single_overlap
7105,1,0.92,1,1.0,single_overlap
7106,1,0.931034483,1,1.0,single_overlap
7107,1,0.974025974,1,1.0,single_overlap
7108,1,1.0,1,1.0,single_overlap
7109,1,1.0,1,1.0,single_overlap
7110,1,0.8,0,0.0,no_overlap
7111,1,0.918032787,1,0.950819672,single_overlap
7112,1,0.944444444,1,0.611111111,single_overlap
7113,1,0.988372093,1,1.0,single_overlap
7114,1,1.0,1,1.0,single_overlap
7115,0,0.0,0,0.0,no_overlap
7116,1,0.945945946,1,1.0,single_overlap
7117,1,0.935064935,1,1.0,single_overlap
7118,1,1.0,1,1.0,single_overlap
7119,1,0.868421053,1,0.921052632,single_overlap
7120,1,0.96875,1,1.0,single_overlap
7121,1,1.0,1,1.0,single_overlap
7122,0,0.0,0,0.0,no_overlap
7123,1,1.0,0,0.0,no_overlap
7124,1,0.904761905,1,1.0,single_overlap
7125,1,1.0,1,0.818181818,single_overlap
7126,1,1.0,1,1.0,single_overlap
7127,1,1.0,0,0.0,no_overlap
7128,1,0.875,1,0.96875,single_overlap
7129,1,0.966666667,1,1.0,single_overlap
7130,1,1.0,1,0.724137931,single_overlap
7131,1,0.980769231,1,0.788461538,single_overlap
7132,1,1.0,1,0.916666667,single_overlap
7133,1,1.0,1,1.0,single_overlap
7134,1,1.0,1,1.0,single_overlap
7135,1,0.875,1,1.0,single_overlap
7136,1,0.4,1,0.6,single_overlap
7137,1,0.973333333,1,1.0,single_overlap
7138,1,1.0,1,0.875,single_overlap
7139,1,0.952380952,0,0.0,no_overlap
7140,1,0.945945946,1,0.972972973,single_overlap
7141,1,0.888888889,1,0.962962963,single_overlap
7142,1,1.0,1,1.0,single_overlap
7143,1,0.928571429,1,1.0,single_overlap
7144,1,1.0,1,1.0,single_overlap
7145,1,0.95,1,1.0,single_overlap
7146,1,1.0,1,1.0,single_overlap
7147,1,1.0,1,1.0,single_overlap
7148,1,1.0,1,1.0,single_overlap
7149,1,1.0,0,0.0,no_overlap
7150,0,0.0,1,1.0,single_overlap
7151,1,0.818181818,1,0.727272727,single_overlap
7152,1,0.990049751,1,1.0,single_overlap
7153,1,1.0,0,0.0,no_overlap
7154,1,0.896551724,1,1.0,single_overlap
7155,1,0.9,1,1.0,single_overlap
7156,1,1.0,1,0.210526316,single_overlap
7157,1,1.0,1,1.0,single_overlap
7158,1,0.969072165,1,1.0,single_overlap
7159,1,0.969230769,1,1.0,single_overlap
7160,1,1.0,1,1.0,single_overlap
7161,1,0.979166667,1,0.8125,single_overlap
7162,1,0.75,1,0.875,single_overlap
7163,2,0.933333333,2,0.780952381,multiple_overlaps
7164,1,1.0,1,0.888888889,single_overlap
7165,1,1.0,0,0.0,no_overlap
7166,1,1.0,1,1.0,single_overlap
7167,1,0.9566787,1,1.0,single_overlap
7168,0,0.0,0,0.0,no_overlap
7169,1,0.95,0,0.0,no_overlap
7170,1,0.937062937,1,1.0,single_overlap
7171,0,0.0,1,1.0,single_overlap
7172,1,1.0,1,1.0,single_overlap
7173,1,1.0,1,1.0,single_overlap
7174,1,1.0,1,0.985294118,single_overlap
7175,1,0.6875,1,0.6875,single_overlap
7176,1,0.934210526,1,1.0,single_overlap
7177,1,1.0,1,1.0,single_overlap
7178,1,1.0,1,1.0,single_overlap
7179,1,1.0,1,0.970588235,single_overlap
7180,1,0.897435897,1,0.897435897,single_overlap
7181,1,1.0,1,1.0,single_overlap
7182,1,0.975308642,0,0.0,no_overlap
7183,1,0.947368421,1,1.0,single_overlap
7184,1,1.0,1,1.0,single_overlap
7185,1,1.0,1,1.0,single_overlap
7186,1,1.0,1,1.0,single_overlap
7187,1,1.0,1,1.0,single_overlap
7188,1,0.555555556,0,0.0,no_overlap
7189,0,0.0,0,0.0,no_overlap
7190,1,1.0,1,1.0,single_overlap
7191,1,1.0,0,0.0,no_overlap
7192,1,0.942857143,1,1.0,single_overlap
7193,1,1.0,1,0.958333333,single_overlap
7194,1,0.857142857,1,0.857142857,single_overlap
7195,1,1.0,0,0.0,no_overlap
7196,1,1.0,1,0.985915493,single_overlap
7197,1,1.0,1,1.0,single_overlap
7198,1,1.0,1,1.0,single_overlap
7199,1,1.0,1,1.0,single_overlap
7200,1,0.954545455,1,1.0,single_overlap
7201,1,1.0,1,0.909090909,single_overlap
7202,1,1.0,1,1.0,single_overlap
7203,1,0.875,0,0.0,no_overlap
7204,1,1.0,1,1.0,single_overlap
7205,0,0.0,0,0.0,no_overlap
7206,1,0.909090909,0,0.0,no_overlap
7207,1,1.0,1,1.0,single_overlap
7208,1,0.95,1,1.0,single_overlap
7209,1,1.0,0,0.0,no_overlap
7210,1,1.0,1,1.0,single_overlap
7211,1,1.0,1,1.0,single_overlap
7212,1,1.0,1,1.0,single_overlap
7213,1,1.0,1,1.0,single_overlap
7214,1,0.913043478,1,0.956521739,single_overlap
7215,1,1.0,1,1.0,single_overlap
7216,1,0.875,1,1.0,single_overlap
7217,1,1.0,1,1.0,single_overlap
7218,1,1.0,0,0.0,no_overlap
7219,1,1.0,1,1.0,single_overlap
7220,0,0.0,1,1.0,single_overlap
7221,1,0.756521739,1,1.0,single_overlap
7222,1,1.0,1,1.0,single_overlap
7223,1,0.6,1,1.0,single_overlap
7224,1,1.0,1,1.0,single_overlap
7225,1,1.0,1,1.0,single_overlap
7226,1,0.866666667,1,1.0,single_overlap
7227,1,0.909090909,1,0.909090909,single_overlap
7228,1,0.97752809,1,0.988764045,single_overlap
7229,1,1.0,1,0.866666667,single_overlap
7230,1,1.0,1,1.0,single_overlap
7231,1,1.0,1,1.0,single_overlap
7232,1,1.0,0,0.0,no_overlap
7233,1,0.989547038,1,0.961672474,single_overlap
7234,1,0.755555556,0,0.0,no_overlap
7235,1,1.0,1,0.666666667,single_overlap
7236,1,1.0,1,1.0,single_overlap
7237,1,1.0,1,1.0,single_overlap
7238,1,1.0,1,1.0,single_overlap
7239,1,1.0,0,0.0,no_overlap
7240,1,1.0,0,0.0,no_overlap
7241,1,1.0,1,1.0,single_overlap
7242,0,0.0,0,0.0,no_overlap
7243,1,1.0,1,1.0,single_overlap
7244,1,0.941176471,1,1.0,single_overlap
7245,1,1.0,0,0.0,no_overlap
7246,0,0.0,1,1.0,single_overlap
7247,1,0.891891892,0,0.0,no_overlap
7248,1,1.0,0,0.0,no_overlap
7249,1,1.0,1,1.0,single_overlap
7250,1,0.976190476,1,1.0,single_overlap
7251,1,1.0,1,1.0,single_overlap
7252,1,0.888888889,1,1.0,single_overlap
7253,1,0.944444444,1,0.851851852,single_overlap
7254,1,1.0,1,1.0,single_overlap
7255,1,0.75,1,0.625,single_overlap
7256,1,1.0,1,1.0,single_overlap
7257,1,1.0,1,1.0,single_overlap
7258,1,0.636363636,0,0.0,no_overlap
7259,0,0.0,0,0.0,no_overlap
7260,1,1.0,0,0.0,no_overlap
7261,0,0.0,1,1.0,single_overlap
7262,1,0.969512195,1,1.0,single_overlap
7263,1,1.0,1,1.0,single_overlap
7264,1,0.913043478,1,1.0,single_overlap
7265,1,0.8,0,0.0,no_overlap
7266,0,0.0,0,0.0,no_overlap
7267,1,0.948717949,1,1.0,single_overlap
7268,1,1.0,1,0.555555556,single_overlap
7269,1,0.989528796,1,1.0,single_overlap
7270,1,1.0,0,0.0,no_overlap
7271,0,0.0,0,0.0,no_overlap
7272,1,1.0,1,1.0,single_overlap
7273,1,0.40776699,0,0.0,no_overlap
7274,1,1.0,1,1.0,single_overlap
7275,1,0.970588235,1,1.0,single_overlap
7276,1,0.967213115,1,0.983606557,single_overlap
7277,1,1.0,1,1.0,single_overlap
7278,1,1.0,0,0.0,no_overlap
7279,1,0.96875,1,0.96875,single_overlap
7280,1,1.0,1,1.0,single_overlap
7281,0,0.0,0,0.0,no_overlap
7282,1,1.0,1,1.0,single_overlap
7283,1,1.0,0,0.0,no_overlap
7284,1,1.0,1,0.833333333,single_overlap
7285,1,0.986486486,1,1.0,single_overlap
7286,1,0.980392157,0,0.0,no_overlap
7287,1,1.0,2,0.924528302,multiple_overlaps
7288,1,0.9,1,1.0,single_overlap
7289,1,0.984298332,1,1.0,single_overlap
7290,1,1.0,1,1.0,single_overlap
7291,1,1.0,0,0.0,no_overlap
7292,1,1.0,1,0.714285714,single_overlap
7293,1,0.805555556,1,0.944444444,single_overlap
7294,1,1.0,1,0.6,single_overlap
7295,1,1.0,1,1.0,single_overlap
7296,1,1.0,0,0.0,no_overlap
7297,1,0.533333333,0,0.0,no_overlap
7298,1,0.866666667,1,1.0,single_overlap
7299,1,1.0,0,0.0,no_overlap
7300,1,0.882352941,1,1.0,single_overlap
7301,1,1.0,1,1.0,single_overlap
7302,1,0.995975855,1,1.0,single_overlap
7303,1,0.996575342,1,1.0,single_overlap
7304,1,0.909090909,1,1.0,single_overlap
7305,1,0.846153846,1,0.230769231,single_overlap
7306,1,1.0,1,1.0,single_overlap
7307,1,1.0,1,0.461538462,single_overlap
7308,1,1.0,1,1.0,single_overlap
7309,1,1.0,0,0.0,no_overlap
7310,1,0.944444444,1,0.666666667,single_overlap
7311,1,0.846153846,1,1.0,single_overlap
7312,1,0.896551724,1,1.0,single_overlap
7313,1,1.0,1,1.0,single_overlap
7314,1,0.9,1,1.0,single_overlap
7315,1,1.0,1,1.0,single_overlap
7316,1,1.0,1,1.0,single_overlap
7317,1,1.0,1,1.0,single_overlap
7318,1,0.866666667,1,0.6,single_overlap
7319,1,1.0,1,0.111111111,single_overlap
7320,0,0.0,0,0.0,no_overlap
7321,1,0.965517241,1,1.0,single_overlap
7322,1,1.0,0,0.0,no_overlap
7323,1,0.85,1,0.95,single_overlap
7324,1,1.0,1,1.0,single_overlap
7325,1,1.0,1,0.5,single_overlap
7326,1,1.0,1,1.0,single_overlap
7327,1,1.0,1,0.916666667,single_overlap
7328,1,0.974747475,1,1.0,single_overlap
7329,1,1.0,1,1.0,single_overlap
7330,1,0.990850869,2,0.969807868,multiple_overlaps
7331,1,1.0,0,0.0,no_overlap
7332,0,0.0,1,0.307692308,single_overlap
7333,1,0.888888889,1,0.611111111,single_overlap
7334,0,0.0,1,1.0,single_overlap
7335,1,0.985074627,1,1.0,single_overlap
7336,1,0.846153846,1,1.0,single_overlap
7337,1,0.995305164,1,1.0,single_overlap
7338,1,1.0,1,1.0,single_overlap
7339,1,1.0,1,0.948717949,single_overlap
7340,0,0.0,1,0.857142857,single_overlap
7341,1,0.96,1,1.0,single_overlap
7342,1,1.0,1,1.0,single_overlap
7343,1,1.0,0,0.0,no_overlap
7344,0,0.0,0,0.0,no_overlap
7345,0,0.0,1,1.0,single_overlap
7346,0,0.0,0,0.0,no_overlap
7347,1,1.0,0,0.0,no_overlap
7348,1,1.0,1,1.0,single_overlap
7349,1,1.0,1,1.0,single_overlap
7350,1,1.0,1,1.0,single_overlap
7351,1,1.0,0,0.0,no_overlap
7352,1,0.928571429,1,1.0,single_overlap
7353,1,1.0,1,0.8,single_overlap
7354,1,1.0,1,1.0,single_overlap
7355,1,0.935483871,1,1.0,single_overlap
7356,1,1.0,1,0.925925926,single_overlap
7357,1,1.0,0,0.0,no_overlap
7358,1,0.933333333,1,1.0,single_overlap
7359,1,1.0,1,1.0,single_overlap
7360,0,0.0,0,0.0,no_overlap
7361,0,0.0,0,0.0,no_overlap
7362,1,0.681818182,1,1.0,single_overlap
7363,1,1.0,1,1.0,single_overlap
7364,1,1.0,0,0.0,no_overlap
7365,0,0.0,1,1.0,single_overlap
7366,1,1.0,1,1.0,single_overlap
7367,1,0.987179487,1,1.0,single_overlap
7368,1,1.0,1,1.0,single_overlap
7369,1,0.953333333,3,0.94,multiple_overlaps
7370,1,0.962962963,1,0.987654321,single_overlap
7371,0,0.0,1,1.0,single_overlap
7372,1,0.888888889,1,0.777777778,single_overlap
7373,1,1.0,1,1.0,single_overlap
7374,1,1.0,1,1.0,single_overlap
7375,1,1.0,0,0.0,no_overlap
7376,1,0.978723404,1,1.0,single_overlap
7377,1,0.909090909,1,1.0,single_overlap
7378,1,0.941176471,1,1.0,single_overlap
7379,0,0.0,1,0.058823529,single_overlap
7380,1,0.99522293,1,1.0,single_overlap
7381,1,1.0,1,1.0,single_overlap
7382,1,0.428571429,0,0.0,no_overlap
7383,1,1.0,0,0.0,no_overlap
7384,1,0.923076923,1,1.0,single_overlap
7385,1,1.0,1,0.8,single_overlap
7386,1,1.0,0,0.0,no_overlap
7387,1,0.928571429,1,1.0,single_overlap
7388,1,0.846153846,0,0.0,no_overlap
7389,1,0.857142857,1,0.714285714,single_overlap
7390,1,0.96969697,0,0.0,no_overlap
7391,0,0.0,1,1.0,single_overlap
7392,1,1.0,1,1.0,single_overlap
7393,1,1.0,1,1.0,single_overlap
7394,1,1.0,1,1.0,single_overlap
7395,1,1.0,1,1.0,single_overlap
7396,1,0.9,0,0.0,no_overlap
7397,1,0.929411765,1,0.905882353,single_overlap
7398,0,0.0,0,0.0,no_overlap
7399,1,1.0,0,0.0,no_overlap
7400,1,0.862068966,1,0.896551724,single_overlap
7401,1,0.941176471,1,0.941176471,single_overlap
7402,1,1.0,0,0.0,no_overlap
7403,1,0.936170213,1,0.872340426,single_overlap
7404,1,1.0,1,1.0,single_overlap
7405,1,1.0,1,1.0,single_overlap
7406,1,1.0,1,1.0,single_overlap
7407,1,1.0,1,1.0,single_overlap
7408,1,0.7,1,0.9,single_overlap
7409,1,0.884615385,1,0.897435897,single_overlap
7410,1,0.761904762,1,1.0,single_overlap
7411,0,0.0,1,0.625,single_overlap
7412,1,0.930232558,1,1.0,single_overlap
7413,0,0.0,1,0.666666667,single_overlap
7414,1,1.0,0,0.0,no_overlap
7415,1,0.863636364,1,0.977272727,single_overlap
7416,1,0.88,0,0.0,no_overlap
7417,1,1.0,1,1.0,single_overlap
7418,1,0.96,1,1.0,single_overlap
7419,1,1.0,1,1.0,single_overlap
7420,1,0.983673469,1,0.995918367,single_overlap
7421,1,1.0,1,0.933333333,single_overlap
7422,1,0.913043478,1,0.391304348,single_overlap
7423,1,0.813953488,1,0.720930233,single_overlap
7424,1,1.0,1,0.833333333,single_overlap
7425,1,1.0,0,0.0,no_overlap
7426,1,1.0,0,0.0,no_overlap
7427,1,0.903225806,1,1.0,single_overlap
7428,1,1.0,1,1.0,single_overlap
7429,1,0.970149254,0,0.0,no_overlap
7430,1,0.952380952,1,1.0,single_overlap
7431,1,0.916666667,1,0.916666667,single_overlap
7432,1,0.992,1,1.0,single_overlap
7433,1,1.0,1,1.0,single_overlap
7434,1,0.981012658,1,0.816455696,single_overlap
7435,1,1.0,1,0.413793103,single_overlap
7436,2,0.777777778,1,1.0,single_overlap
7437,0,0.0,1,0.857142857,single_overlap
7438,1,1.0,1,1.0,single_overlap
7439,1,1.0,0,0.0,no_overlap
7440,1,1.0,1,1.0,single_overlap
7441,1,1.0,1,1.0,single_overlap
7442,1,1.0,0,0.0,no_overlap
7443,1,1.0,1,1.0,single_overlap
7444,1,1.0,1,1.0,single_overlap
7445,1,1.0,1,1.0,single_overlap
7446,1,0.769230769,1,1.0,single_overlap
7447,0,0.0,0,0.0,no_overlap
7448,1,1.0,1,1.0,single_overlap
7449,1,1.0,1,0.727272727,single_overlap
7450,1,1.0,1,1.0,single_overlap
7451,1,1.0,1,0.956521739,single_overlap
7452,1,0.923076923,1,1.0,single_overlap
7453,1,0.88,0,0.0,no_overlap
7454,1,1.0,1,1.0,single_overlap
7455,1,1.0,1,1.0,single_overlap
7456,1,1.0,1,1.0,single_overlap
7457,1,1.0,1,0.972972973,single_overlap
7458,1,1.0,1,1.0,single_overlap
7459,0,0.0,1,1.0,single_overlap
7460,1,0.454545455,1,1.0,single_overlap
7461,1,1.0,1,0.75,single_overlap
7462,1,0.910931174,1,1.0,single_overlap
7463,1,1.0,1,1.0,single_overlap
7464,1,1.0,1,1.0,single_overlap
7465,1,1.0,0,0.0,no_overlap
7466,1,1.0,1,1.0,single_overlap
7467,1,0.88,1,1.0,single_overlap
7468,1,0.84,1,1.0,single_overlap
7469,1,1.0,1,1.0,single_overlap
7470,1,1.0,1,0.916666667,single_overlap
7471,1,1.0,1,0.714285714,single_overlap
7472,1,0.75,0,0.0,no_overlap
7473,0,0.0,0,0.0,no_overlap
7474,1,1.0,1,1.0,single_overlap
7475,0,0.0,1,1.0,single_overlap
7476,1,0.945054945,1,1.0,single_overlap
7477,1,1.0,0,0.0,no_overlap
7478,1,1.0,1,1.0,single_overlap
7479,1,1.0,1,1.0,single_overlap
7480,1,0.790697674,1,1.0,single_overlap
7481,1,1.0,1,1.0,single_overlap
7482,1,1.0,0,0.0,no_overlap
7483,1,1.0,1,0.4,single_overlap
7484,1,1.0,1,1.0,single_overlap
7485,0,0.0,1,0.8,single_overlap
7486,1,1.0,1,1.0,single_overlap
7487,1,1.0,1,0.857142857,single_overlap
7488,1,0.941176471,1,0.980392157,single_overlap
7489,1,1.0,0,0.0,no_overlap
7490,1,1.0,1,1.0,single_overlap
7491,0,0.0,0,0.0,no_overlap
7492,1,0.948717949,1,1.0,single_overlap
7493,1,1.0,1,1.0,single_overlap
7494,1,0.785714286,1,0.857142857,single_overlap
7495,1,1.0,0,0.0,no_overlap
7496,1,0.78125,1,0.65625,single_overlap
7497,1,1.0,0,0.0,no_overlap
7498,1,1.0,1,1.0,single_overlap
7499,1,0.909090909,0,0.0,no_overlap
7500,1,1.0,0,0.0,no_overlap
7501,1,0.928571429,0,0.0,no_overlap
7502,1,1.0,0,0.0,no_overlap
7503,1,0.870967742,1,1.0,single_overlap
7504,1,1.0,1,1.0,single_overlap
7505,1,0.993006993,1,1.0,single_overlap
7506,1,0.840909091,1,1.0,single_overlap
7507,1,1.0,1,1.0,single_overlap
7508,1,0.928571429,0,0.0,no_overlap
7509,1,1.0,1,0.666666667,single_overlap
7510,1,1.0,1,1.0,single_overlap
7511,1,1.0,1,1.0,single_overlap
7512,1,1.0,1,0.833333333,single_overlap
7513,1,1.0,1,0.172413793,single_overlap
7514,1,1.0,1,1.0,single_overlap
7515,1,1.0,1,1.0,single_overlap
7516,1,1.0,1,1.0,single_overlap
7517,1,1.0,1,1.0,single_overlap
7518,1,0.946666667,1,1.0,single_overlap
7519,0,0.0,0,0.0,no_overlap
7520,1,0.952380952,1,1.0,single_overlap
7521,1,0.769230769,1,0.538461538,single_overlap
7522,1,1.0,1,1.0,single_overlap
7523,1,0.8,0,0.0,no_overlap
7524,1,1.0,1,1.0,single_overlap
7525,1,0.984375,0,0.0,no_overlap
7526,1,1.0,1,1.0,single_overlap
7527,1,0.909448819,2,1.0,multiple_overlaps
7528,1,1.0,1,1.0,single_overlap
7529,1,1.0,1,1.0,single_overlap
7530,1,1.0,1,1.0,single_overlap
7531,1,0.863013699,1,0.780821918,single_overlap
7532,1,0.96,1,0.72,single_overlap
7533,1,1.0,1,1.0,single_overlap
7534,1,0.86440678,1,1.0,single_overlap
7535,0,0.0,0,0.0,no_overlap
7536,1,0.789473684,1,1.0,single_overlap
7537,1,0.961832061,1,0.963740458,single_overlap
7538,1,0.888888889,1,1.0,single_overlap
7539,1,1.0,1,0.907801418,single_overlap
7540,1,0.962264151,1,1.0,single_overlap
7541,1,1.0,1,1.0,single_overlap
7542,1,0.833333333,0,0.0,no_overlap
7543,1,0.5,1,0.357142857,single_overlap
7544,1,0.8,1,0.666666667,single_overlap
7545,1,1.0,1,1.0,single_overlap
7546,0,0.0,0,0.0,no_overlap
7547,0,0.0,1,1.0,single_overlap
7548,1,1.0,1,1.0,single_overlap
7549,1,0.928571429,1,1.0,single_overlap
7550,1,1.0,1,1.0,single_overlap
7551,1,1.0,1,1.0,single_overlap
7552,1,1.0,1,1.0,single_overlap
7553,1,0.930555556,1,0.361111111,single_overlap
7554,1,0.823529412,1,1.0,single_overlap
7555,1,1.0,0,0.0,no_overlap
7556,1,0.870689655,1,1.0,single_overlap
7557,0,0.0,0,0.0,no_overlap
7558,1,1.0,1,1.0,single_overlap
7559,1,1.0,1,1.0,single_overlap
7560,1,1.0,1,1.0,single_overlap
7561,1,1.0,1,1.0,single_overlap
7562,1,1.0,1,1.0,single_overlap
7563,1,1.0,1,1.0,single_overlap
7564,1,0.923076923,1,0.730769231,single_overlap
7565,1,0.9375,1,0.875,single_overlap
7566,1,0.857142857,0,0.0,no_overlap
7567,1,1.0,0,0.0,no_overlap
7568,1,1.0,1,1.0,single_overlap
7569,1,1.0,1,1.0,single_overlap
7570,1,1.0,1,0.884615385,single_overlap
7571,1,1.0,1,0.307692308,single_overlap
7572,1,1.0,1,1.0,single_overlap
7573,1,0.978723404,1,1.0,single_overlap
7574,1,1.0,1,1.0,single_overlap
7575,1,0.75,1,1.0,single_overlap
7576,1,0.6875,1,0.5,single_overlap
7577,0,0.0,0,0.0,no_overlap
7578,1,1.0,0,0.0,no_overlap
7579,1,1.0,0,0.0,no_overlap
7580,1,1.0,1,0.96,single_overlap
7581,1,0.666666667,1,0.177083333,single_overlap
7582,1,1.0,1,0.947368421,single_overlap
7583,0,0.0,1,1.0,single_overlap
7584,1,0.866666667,1,1.0,single_overlap
7585,1,1.0,1,1.0,single_overlap
7586,2,0.944444444,2,0.351851852,multiple_overlaps
7587,0,0.0,1,0.571428571,single_overlap
7588,1,0.98,1,1.0,single_overlap
7589,1,0.833333333,0,0.0,no_overlap
7590,1,1.0,1,1.0,single_overlap
7591,1,0.988888889,1,0.344444444,single_overlap
7592,1,1.0,1,1.0,single_overlap
7593,1,0.756097561,1,1.0,single_overlap
7594,1,1.0,1,1.0,single_overlap
7595,1,1.0,1,1.0,single_overlap
7596,1,0.75,1,0.75,single_overlap
7597,1,0.461538462,1,0.384615385,single_overlap
7598,1,1.0,1,1.0,single_overlap
7599,1,0.916666667,1,0.972222222,single_overlap
7600,1,1.0,1,1.0,single_overlap
7601,2,0.930747922,1,0.019390582,single_overlap
7602,0,0.0,0,0.0,no_overlap
7603,1,1.0,1,1.0,single_overlap
7604,1,1.0,1,1.0,single_overlap
7605,1,1.0,1,1.0,single_overlap
7606,1,0.884615385,1,0.980769231,single_overlap
7607,0,0.0,0,0.0,no_overlap
7608,1,1.0,1,1.0,single_overlap
7609,1,1.0,1,1.0,single_overlap
7610,1,1.0,1,1.0,single_overlap
7611,1,1.0,0,0.0,no_overlap
7612,0,0.0,0,0.0,no_overlap
7613,1,0.903614458,1,1.0,single_overlap
7614,1,1.0,1,1.0,single_overlap
7615,1,1.0,1,1.0,single_overlap
7616,1,0.923076923,1,1.0,single_overlap
7617,1,0.75,1,0.5,single_overlap
7618,1,1.0,1,1.0,single_overlap
7619,1,1.0,1,1.0,single_overlap
7620,0,0.0,1,1.0,single_overlap
7621,2,0.916015625,1,0.109375,single_overlap
7622,1,1.0,1,1.0,single_overlap
7623,1,0.8,1,1.0,single_overlap
7624,1,1.0,1,1.0,single_overlap
7625,1,0.97260274,1,1.0,single_overlap
7626,1,0.92,1,0.9,single_overlap
7627,1,0.875,0,0.0,no_overlap
7628,1,0.9375,1,1.0,single_overlap
7629,1,0.888888889,1,0.944444444,single_overlap
7630,1,1.0,1,1.0,single_overlap
7631,1,1.0,0,0.0,no_overlap
7632,1,0.9375,1,1.0,single_overlap
7633,1,1.0,1,1.0,single_overlap
7634,1,1.0,1,1.0,single_overlap
7635,1,1.0,0,0.0,no_overlap
7636,1,1.0,1,0.857142857,single_overlap
7637,1,1.0,0,0.0,no_overlap
7638,1,1.0,1,1.0,single_overlap
7639,1,0.765957447,1,0.680851064,single_overlap
7640,1,0.95,1,1.0,single_overlap
7641,1,1.0,0,0.0,no_overlap
7642,1,1.0,1,1.0,single_overlap
7643,1,1.0,1,1.0,single_overlap
7644,1,0.933333333,1,1.0,single_overlap
7645,1,1.0,1,1.0,single_overlap
7646,1,1.0,1,1.0,single_overlap
7647,1,0.947368421,1,0.894736842,single_overlap
7648,1,1.0,1,1.0,single_overlap
7649,1,1.0,1,1.0,single_overlap
7650,0,0.0,1,1.0,single_overlap
7651,1,0.948979592,1,0.683673469,single_overlap
7652,1,0.882352941,1,0.882352941,single_overlap
7653,1,1.0,1,1.0,single_overlap
7654,1,1.0,1,1.0,single_overlap
7655,1,1.0,1,1.0,single_overlap
7656,1,0.950520833,1,0.9765625,single_overlap
7657,1,0.5625,1,0.8125,single_overlap
7658,1,0.955882353,1,1.0,single_overlap
7659,1,0.85,1,0.9,single_overlap
7660,1,0.875,1,0.9375,single_overlap
7661,1,0.88372093,0,0.0,no_overlap
7662,1,1.0,1,1.0,single_overlap
7663,1,1.0,1,0.826086957,single_overlap
7664,1,0.964285714,1,1.0,single_overlap
7665,1,0.857142857,1,1.0,single_overlap
7666,1,0.705882353,0,0.0,no_overlap
7667,1,0.928571429,1,0.964285714,single_overlap
7668,1,1.0,1,1.0,single_overlap
7669,1,0.84,1,1.0,single_overlap
7670,1,0.935483871,1,1.0,single_overlap
7671,1,1.0,0,0.0,no_overlap
7672,1,1.0,1,1.0,single_overlap
7673,1,1.0,1,1.0,single_overlap
7674,1,1.0,1,1.0,single_overlap
7675,1,1.0,1,1.0,single_overlap
7676,1,0.888888889,1,1.0,single_overlap
7677,1,1.0,0,0.0,no_overlap
7678,1,1.0,1,1.0,single_overlap
7679,1,0.909090909,1,1.0,single_overlap
7680,0,0.0,1,1.0,single_overlap
7681,1,0.88,1,0.4,single_overlap
7682,1,1.0,1,1.0,single_overlap
7683,0,0.0,1,1.0,single_overlap
7684,1,1.0,1,1.0,single_overlap
7685,1,1.0,1,1.0,single_overlap
7686,1,0.833333333,1,1.0,single_overlap
7687,0,0.0,0,0.0,no_overlap
7688,1,0.833333333,1,1.0,single_overlap
7689,1,1.0,1,1.0,single_overlap
7690,1,1.0,1,0.945945946,single_overlap
7691,1,1.0,0,0.0,no_overlap
7692,1,1.0,1,1.0,single_overlap
7693,1,1.0,1,1.0,single_overlap
7694,1,1.0,1,1.0,single_overlap
7695,1,1.0,1,0.5,single_overlap
7696,0,0.0,0,0.0,no_overlap
7697,1,0.918918919,1,1.0,single_overlap
7698,1,1.0,1,1.0,single_overlap
7699,1,1.0,1,1.0,single_overlap
7700,1,1.0,1,1.0,single_overlap
7701,1,1.0,1,1.0,single_overlap
7702,1,1.0,1,1.0,single_overlap
7703,1,1.0,0,0.0,no_overlap
7704,1,0.921965318,1,1.0,single_overlap
7705,1,0.875,1,0.75,single_overlap
7706,1,0.739130435,1,1.0,single_overlap
7707,1,1.0,1,0.909090909,single_overlap
7708,1,0.952380952,1,1.0,single_overlap
7709,1,1.0,1,1.0,single_overlap
7710,1,1.0,1,1.0,single_overlap
7711,1,1.0,1,1.0,single_overlap
7712,1,1.0,1,1.0,single_overlap
7713,1,1.0,0,0.0,no_overlap
7714,1,0.777777778,0,0.0,no_overlap
7715,1,0.980769231,1,1.0,single_overlap
7716,1,1.0,0,0.0,no_overlap
7717,1,1.0,0,0.0,no_overlap
7718,1,0.976190476,1,1.0,single_overlap
7719,1,1.0,0,0.0,no_overlap
7720,1,1.0,1,1.0,single_overlap
7721,1,1.0,1,1.0,single_overlap
7722,1,1.0,1,0.925925926,single_overlap
7723,1,1.0,1,0.375,single_overlap
7724,1,0.95601173,1,1.0,single_overlap
7725,1,1.0,1,1.0,single_overlap
7726,1,1.0,1,1.0,single_overlap
7727,1,1.0,1,1.0,single_overlap
7728,1,0.994627782,2,0.996162701,multiple_overlaps
7729,1,1.0,1,1.0,single_overlap
7730,1,1.0,1,1.0,single_overlap
7731,1,1.0,1,0.857142857,single_overlap
7732,0,0.0,0,0.0,no_overlap
7733,1,0.944444444,1,0.944444444,single_overlap
7734,1,1.0,1,0.966666667,single_overlap
7735,1,0.864864865,1,1.0,single_overlap
7736,1,1.0,1,1.0,single_overlap
7737,1,0.975757576,1,1.0,single_overlap
7738,1,1.0,1,1.0,single_overlap
7739,1,1.0,1,1.0,single_overlap
7740,1,1.0,0,0.0,no_overlap
7741,0,0.0,0,0.0,no_overlap
7742,1,0.789473684,1,1.0,single_overlap
7743,1,0.846153846,1,1.0,single_overlap
7744,1,0.99,1,1.0,single_overlap
7745,1,1.0,1,1.0,single_overlap
7746,1,1.0,1,1.0,single_overlap
7747,1,0.987124464,1,1.0,single_overlap
7748,1,1.0,1,1.0,single_overlap
7749,1,0.977491961,1,0.993569132,single_overlap
7750,0,0.0,0,0.0,no_overlap
7751,1,1.0,1,1.0,single_overlap
7752,1,1.0,1,1.0,single_overlap
7753,1,1.0,1,1.0,single_overlap
7754,1,1.0,1,1.0,single_overlap
7755,1,1.0,1,1.0,single_overlap
7756,1,1.0,1,1.0,single_overlap
7757,1,1.0,1,1.0,single_overlap
7758,0,0.0,0,0.0,no_overlap
7759,1,0.952380952,1,0.714285714,single_overlap
7760,1,1.0,0,0.0,no_overlap
7761,1,1.0,1,1.0,single_overlap
7762,1,0.833333333,1,1.0,single_overlap
7763,1,1.0,1,1.0,single_overlap
7764,1,1.0,1,1.0,single_overlap
7765,1,1.0,1,1.0,single_overlap
7766,1,1.0,1,1.0,single_overlap
7767,1,0.878787879,1,0.96969697,single_overlap
7768,0,0.0,0,0.0,no_overlap
7769,1,0.842105263,0,0.0,no_overlap
7770,1,0.981132075,1,0.858490566,single_overlap
7771,1,1.0,1,1.0,single_overlap
7772,1,1.0,0,0.0,no_overlap
7773,1,1.0,1,1.0,single_overlap
7774,1,1.0,1,1.0,single_overlap
7775,1,1.0,1,1.0,single_overlap
7776,1,1.0,1,0.9375,single_overlap
7777,0,0.0,0,0.0,no_overlap
7778,0,0.0,0,0.0,no_overlap
7779,1,1.0,1,1.0,single_overlap
7780,1,1.0,1,1.0,single_overlap
7781,1,1.0,1,1.0,single_overlap
7782,1,1.0,1,0.985714286,single_overlap
7783,1,1.0,1,1.0,single_overlap
7784,1,1.0,1,1.0,single_overlap
7785,1,0.989417989,1,0.899470899,single_overlap
7786,0,0.0,0,0.0,no_overlap
7787,1,1.0,0,0.0,no_overlap
7788,1,0.989583333,1,1.0,single_overlap
7789,1,0.9375,1,1.0,single_overlap
7790,1,1.0,1,1.0,single_overlap
7791,1,0.95,1,1.0,single_overlap
7792,0,0.0,1,1.0,single_overlap
7793,1,1.0,1,1.0,single_overlap
7794,1,0.933333333,1,1.0,single_overlap
7795,1,0.888888889,0,0.0,no_overlap
7796,1,0.962962963,1,0.925925926,single_overlap
7797,1,0.902439024,1,1.0,single_overlap
7798,1,0.96969697,1,1.0,single_overlap
7799,1,0.967741935,1,1.0,single_overlap
7800,1,1.0,1,0.955555556,single_overlap
7801,1,1.0,1,1.0,single_overlap
7802,1,1.0,1,1.0,single_overlap
7803,1,1.0,1,0.894736842,single_overlap
7804,1,0.875,0,0.0,no_overlap
7805,1,1.0,1,0.96,single_overlap
7806,1,1.0,1,1.0,single_overlap
7807,1,0.769230769,1,0.923076923,single_overlap
7808,1,0.987654321,1,1.0,single_overlap
7809,1,1.0,2,0.175,multiple_overlaps
7810,1,1.0,1,1.0,single_overlap
7811,1,1.0,1,1.0,single_overlap
7812,1,1.0,1,0.714285714,single_overlap
7813,1,1.0,1,0.666666667,single_overlap
7814,0,0.0,0,0.0,no_overlap
7815,1,0.980392157,1,1.0,single_overlap
7816,1,0.933333333,1,1.0,single_overlap
7817,1,1.0,1,1.0,single_overlap
7818,1,0.952380952,1,1.0,single_overlap
7819,1,0.960784314,1,1.0,single_overlap
7820,1,1.0,1,0.857142857,single_overlap
7821,1,1.0,1,1.0,single_overlap
7822,1,1.0,1,0.6,single_overlap
7823,1,0.8125,1,1.0,single_overlap
7824,1,1.0,1,1.0,single_overlap
7825,1,1.0,1,1.0,single_overlap
7826,1,1.0,1,1.0,single_overlap
7827,1,0.965517241,1,1.0,single_overlap
7828,1,0.953488372,1,1.0,single_overlap
7829,1,1.0,1,1.0,single_overlap
7830,1,0.984771574,2,0.527918782,multiple_overlaps
7831,0,0.0,0,0.0,no_overlap
7832,1,0.642857143,1,0.571428571,single_overlap
7833,1,1.0,1,1.0,single_overlap
7834,1,1.0,1,1.0,single_overlap
7835,1,0.980582524,1,1.0,single_overlap
7836,1,0.80952381,1,1.0,single_overlap
7837,1,0.971428571,1,1.0,single_overlap
7838,1,1.0,1,1.0,single_overlap
7839,1,1.0,0,0.0,no_overlap
7840,1,0.923076923,1,0.692307692,single_overlap
7841,1,1.0,1,0.967213115,single_overlap
7842,0,0.0,1,1.0,single_overlap
7843,1,1.0,1,1.0,single_overlap
7844,1,1.0,1,1.0,single_overlap
7845,1,1.0,1,1.0,single_overlap
7846,1,0.976833977,1,1.0,single_overlap
7847,1,1.0,1,1.0,single_overlap
7848,1,0.923076923,1,0.846153846,single_overlap
7849,0,0.0,0,0.0,no_overlap
7850,1,0.927536232,1,1.0,single_overlap
7851,1,1.0,1,0.941176471,single_overlap
7852,1,1.0,1,1.0,single_overlap
7853,1,0.926829268,1,1.0,single_overlap
7854,1,0.99122807,1,0.99122807,single_overlap
7855,1,1.0,1,1.0,single_overlap
7856,1,1.0,1,1.0,single_overlap
7857,1,1.0,2,0.769230769,multiple_overlaps
7858,0,0.0,0,0.0,no_overlap
7859,1,0.941176471,1,1.0,single_overlap
7860,1,1.0,1,1.0,single_overlap
7861,1,0.939393939,1,1.0,single_overlap
7862,1,0.842105263,1,1.0,single_overlap
7863,1,1.0,2,0.866666667,multiple_overlaps
7864,1,1.0,1,1.0,single_overlap
7865,1,1.0,1,1.0,single_overlap
7866,1,1.0,0,0.0,no_overlap
7867,1,0.875,1,0.6875,single_overlap
7868,1,0.754716981,1,1.0,single_overlap
7869,1,1.0,0,0.0,no_overlap
7870,1,0.947368421,1,1.0,single_overlap
7871,1,0.827586207,1,1.0,single_overlap
7872,1,0.953488372,1,0.976744186,single_overlap
7873,1,1.0,1,1.0,single_overlap
7874,1,1.0,1,1.0,single_overlap
7875,1,1.0,0,0.0,no_overlap
7876,0,0.0,0,0.0,no_overlap
7877,1,0.926829268,1,1.0,single_overlap
7878,1,1.0,1,1.0,single_overlap
7879,1,0.941176471,1,1.0,single_overlap
7880,1,1.0,1,1.0,single_overlap
7881,1,1.0,1,1.0,single_overlap
7882,1,1.0,1,1.0,single_overlap
7883,1,0.962962963,1,0.037037037,single_overlap
7884,0,0.0,0,0.0,no_overlap
7885,1,1.0,0,0.0,no_overlap
7886,1,1.0,1,0.962264151,single_overlap
7887,1,1.0,1,0.928571429,single_overlap
7888,1,0.955128205,1,1.0,single_overlap
7889,1,1.0,1,1.0,single_overlap
7890,1,1.0,1,1.0,single_overlap
7891,1,1.0,0,0.0,no_overlap
7892,0,0.0,0,0.0,no_overlap
7893,1,1.0,1,1.0,single_overlap
7894,0,0.0,1,1.0,single_overlap
7895,1,0.916666667,1,1.0,single_overlap
7896,1,0.88,0,0.0,no_overlap
7897,1,1.0,1,1.0,single_overlap
7898,1,1.0,1,1.0,single_overlap
7899,1,0.9,1,1.0,single_overlap
7900,1,1.0,1,0.363636364,single_overlap
7901,1,0.909090909,1,1.0,single_overlap
7902,0,0.0,1,1.0,single_overlap
7903,0,0.0,0,0.0,no_overlap
7904,1,1.0,1,0.333333333,single_overlap
7905,1,0.986111111,1,1.0,single_overlap
7906,1,1.0,1,1.0,single_overlap
7907,1,1.0,1,1.0,single_overlap
7908,0,0.0,0,0.0,no_overlap
7909,1,1.0,0,0.0,no_overlap
7910,1,1.0,1,1.0,single_overlap
7911,1,1.0,0,0.0,no_overlap
7912,1,1.0,0,0.0,no_overlap
7913,1,1.0,1,1.0,single_overlap
7914,1,1.0,1,1.0,single_overlap
7915,2,0.933333333,1,0.984615385,single_overlap
7916,1,1.0,1,0.8,single_overlap
7917,1,0.911764706,1,1.0,single_overlap
7918,1,1.0,1,1.0,single_overlap
7919,1,1.0,1,1.0,single_overlap
7920,1,1.0,1,1.0,single_overlap
7921,1,1.0,1,1.0,single_overlap
7922,1,0.956521739,0,0.0,no_overlap
7923,1,1.0,0,0.0,no_overlap
7924,1,0.971428571,1,1.0,single_overlap
7925,1,1.0,1,1.0,single_overlap
7926,1,0.989583333,1,1.0,single_overlap
7927,1,1.0,1,1.0,single_overlap
7928,1,1.0,1,1.0,single_overlap
7929,1,0.9375,0,0.0,no_overlap
7930,1,1.0,2,0.75,multiple_overlaps
7931,1,1.0,1,0.9375,single_overlap
7932,1,1.0,1,1.0,single_overlap
7933,1,0.968253968,1,0.984126984,single_overlap
7934,1,0.944444444,1,1.0,single_overlap
7935,1,0.995238095,1,0.998412698,single_overlap
7936,1,0.954545455,1,0.772727273,single_overlap
7937,0,0.0,0,0.0,no_overlap
7938,0,0.0,1,1.0,single_overlap
7939,1,0.875,0,0.0,no_overlap
7940,1,0.939393939,1,1.0,single_overlap
7941,1,0.961538462,1,1.0,single_overlap
7942,1,1.0,1,1.0,single_overlap
7943,1,0.985714286,2,0.785714286,multiple_overlaps
7944,1,1.0,0,0.0,no_overlap
7945,1,0.971621622,1,1.0,single_overlap
7946,1,0.833333333,1,1.0,single_overlap
7947,1,0.795454545,1,0.977272727,single_overlap
7948,1,1.0,1,1.0,single_overlap
7949,1,1.0,1,1.0,single_overlap
7950,1,1.0,0,0.0,no_overlap
7951,1,0.987179487,1,1.0,single_overlap
7952,1,1.0,1,1.0,single_overlap
7953,1,0.902173913,1,1.0,single_overlap
7954,1,0.904761905,1,1.0,single_overlap
7955,1,1.0,1,1.0,single_overlap
7956,1,1.0,1,1.0,single_overlap
7957,1,1.0,0,0.0,no_overlap
7958,1,1.0,1,1.0,single_overlap
7959,0,0.0,1,1.0,single_overlap
7960,1,1.0,1,1.0,single_overlap
7961,1,1.0,1,1.0,single_overlap
7962,1,1.0,1,1.0,single_overlap
7963,1,1.0,1,1.0,single_overlap
7964,1,0.979166667,1,1.0,single_overlap
7965,1,0.923076923,1,0.961538462,single_overlap
7966,0,0.0,0,0.0,no_overlap
7967,1,1.0,1,1.0,single_overlap
7968,1,1.0,1,1.0,single_overlap
7969,1,1.0,1,1.0,single_overlap
7970,1,1.0,1,1.0,single_overlap
7971,1,1.0,1,1.0,single_overlap
7972,1,1.0,0,0.0,no_overlap
7973,1,0.916666667,1,1.0,single_overlap
7974,1,1.0,1,0.285714286,single_overlap
7975,1,0.909090909,1,0.590909091,single_overlap
7976,1,1.0,1,1.0,single_overlap
7977,1,1.0,1,1.0,single_overlap
7978,1,0.916666667,0,0.0,no_overlap
7979,1,1.0,1,0.977777778,single_overlap
7980,1,1.0,1,1.0,single_overlap
7981,1,1.0,1,1.0,single_overlap
7982,1,0.928571429,1,1.0,single_overlap
7983,1,1.0,1,1.0,single_overlap
7984,1,1.0,1,1.0,single_overlap
7985,1,0.888888889,1,1.0,single_overlap
7986,1,0.964285714,1,1.0,single_overlap
7987,1,1.0,1,1.0,single_overlap
7988,1,1.0,1,0.958333333,single_overlap
7989,1,0.98245614,1,1.0,single_overlap
7990,1,1.0,1,1.0,single_overlap
7991,1,0.967741935,1,1.0,single_overlap
7992,1,0.929292929,1,0.98989899,single_overlap
7993,1,0.923076923,1,1.0,single_overlap
7994,1,1.0,1,0.909090909,single_overlap
7995,1,1.0,1,1.0,single_overlap
7996,1,1.0,1,0.977272727,single_overlap
7997,1,1.0,1,1.0,single_overlap
7998,1,1.0,1,1.0,single_overlap
7999,1,1.0,1,0.176470588,single_overlap
8000,1,0.727272727,1,1.0,single_overlap
8001,0,0.0,1,1.0,single_overlap
8002,1,1.0,1,1.0,single_overlap
8003,1,1.0,1,1.0,single_overlap
8004,1,1.0,1,1.0,single_overlap
8005,1,1.0,1,1.0,single_overlap
8006,1,1.0,0,0.0,no_overlap
8007,1,1.0,0,0.0,no_overlap
8008,1,1.0,0,0.0,no_overlap
8009,1,1.0,1,1.0,single_overlap
8010,1,1.0,1,1.0,single_overlap
8011,1,0.969387755,1,1.0,single_overlap
8012,1,1.0,1,1.0,single_overlap
8013,1,0.928571429,1,1.0,single_overlap
8014,1,0.6,1,0.8,single_overlap
8015,1,1.0,1,1.0,single_overlap
8016,1,1.0,1,1.0,single_overlap
8017,1,1.0,1,1.0,single_overlap
8018,1,1.0,1,1.0,single_overlap
8019,1,1.0,1,1.0,single_overlap
8020,0,0.0,0,0.0,no_overlap
8021,2,0.941054809,1,0.998965874,single_overlap
8022,1,1.0,1,1.0,single_overlap
8023,1,1.0,1,1.0,single_overlap
8024,1,1.0,1,1.0,single_overlap
8025,1,1.0,1,1.0,single_overlap
8026,1,0.967213115,1,0.993442623,single_overlap
8027,1,0.894736842,1,0.789473684,single_overlap
8028,1,1.0,0,0.0,no_overlap
8029,1,0.956521739,1,1.0,single_overlap
8030,1,1.0,1,1.0,single_overlap
8031,1,0.972972973,1,0.986486486,single_overlap
8032,1,1.0,1,1.0,single_overlap
8033,1,1.0,1,1.0,single_overlap
8034,1,1.0,0,0.0,no_overlap
8035,1,0.785714286,1,1.0,single_overlap
8036,1,0.95,1,1.0,single_overlap
8037,1,1.0,1,1.0,single_overlap
8038,3,0.9140625,1,0.998046875,single_overlap
8039,1,1.0,1,1.0,single_overlap
8040,1,1.0,1,1.0,single_overlap
8041,1,0.956521739,0,0.0,no_overlap
8042,1,0.99137931,1,1.0,single_overlap
8043,1,1.0,1,1.0,single_overlap
8044,1,1.0,1,1.0,single_overlap
8045,1,0.99122807,1,1.0,single_overlap
8046,1,1.0,1,1.0,single_overlap
8047,1,1.0,1,0.888888889,single_overlap
8048,1,1.0,1,1.0,single_overlap
8049,1,1.0,1,0.923076923,single_overlap
8050,0,0.0,1,1.0,single_overlap
8051,1,1.0,1,1.0,single_overlap
8052,1,0.68,1,1.0,single_overlap
8053,1,1.0,1,1.0,single_overlap
8054,1,1.0,1,1.0,single_overlap
8055,1,0.990291262,1,1.0,single_overlap
8056,1,1.0,1,1.0,single_overlap
8057,0,0.0,0,0.0,no_overlap
8058,1,0.944444444,1,1.0,single_overlap
8059,1,1.0,1,1.0,single_overlap
8060,1,1.0,1,1.0,single_overlap
8061,1,1.0,1,1.0,single_overlap
8062,1,1.0,0,0.0,no_overlap
8063,1,1.0,1,1.0,single_overlap
8064,1,0.993318486,1,0.971046771,single_overlap
8065,1,1.0,0,0.0,no_overlap
8066,1,0.947368421,1,1.0,single_overlap
8067,1,1.0,1,1.0,single_overlap
8068,1,1.0,1,1.0,single_overlap
8069,1,1.0,0,0.0,no_overlap
8070,1,1.0,0,0.0,no_overlap
8071,1,0.771428571,1,1.0,single_overlap
8072,1,1.0,1,1.0,single_overlap
8073,1,1.0,0,0.0,no_overlap
8074,1,0.977777778,1,1.0,single_overlap
8075,2,0.96875,1,1.0,single_overlap
8076,1,1.0,0,0.0,no_overlap
8077,1,1.0,1,1.0,single_overlap
8078,1,1.0,1,1.0,single_overlap
8079,1,1.0,1,1.0,single_overlap
8080,1,0.916666667,0,0.0,no_overlap
8081,1,1.0,1,1.0,single_overlap
8082,1,0.666666667,1,1.0,single_overlap
8083,1,0.727272727,1,0.954545455,single_overlap
8084,1,1.0,0,0.0,no_overlap
8085,1,0.967741935,1,1.0,single_overlap
8086,1,1.0,0,0.0,no_overlap
8087,1,1.0,1,1.0,single_overlap
8088,1,1.0,1,1.0,single_overlap
8089,1,1.0,1,1.0,single_overlap
8090,1,1.0,0,0.0,no_overlap
8091,1,1.0,1,1.0,single_overlap
8092,1,0.8125,1,1.0,single_overlap
8093,1,1.0,1,1.0,single_overlap
8094,1,0.952380952,1,1.0,single_overlap
8095,1,0.972972973,1,1.0,single_overlap
8096,1,1.0,1,1.0,single_overlap
8097,1,0.96350365,1,0.131386861,single_overlap
8098,1,1.0,1,1.0,single_overlap
8099,1,0.969230769,1,1.0,single_overlap
8100,1,1.0,1,1.0,single_overlap
8101,1,0.8,1,1.0,single_overlap
8102,1,0.977707006,1,1.0,single_overlap
8103,1,1.0,1,1.0,single_overlap
8104,1,1.0,1,1.0,single_overlap
8105,1,1.0,1,1.0,single_overlap
8106,1,1.0,1,1.0,single_overlap
8107,1,1.0,1,1.0,single_overlap
8108,1,1.0,1,1.0,single_overlap
8109,1,1.0,1,1.0,single_overlap
8110,1,1.0,1,1.0,single_overlap
8111,1,1.0,1,0.75,single_overlap
8112,1,1.0,1,0.904761905,single_overlap
8113,0,0.0,1,1.0,single_overlap
8114,1,1.0,0,0.0,no_overlap
8115,1,0.916666667,1,1.0,single_overlap
8116,1,0.961165049,1,1.0,single_overlap
8117,1,1.0,1,1.0,single_overlap
8118,1,1.0,1,0.857142857,single_overlap
8119,1,0.878787879,1,1.0,single_overlap
8120,1,1.0,1,1.0,single_overlap
8121,1,1.0,0,0.0,no_overlap
8122,1,0.956521739,0,0.0,no_overlap
8123,1,0.951939292,1,1.0,single_overlap
8124,1,1.0,1,1.0,single_overlap
8125,1,1.0,0,0.0,no_overlap
8126,1,0.972972973,1,1.0,single_overlap
8127,1,1.0,1,1.0,single_overlap
8128,1,1.0,1,1.0,single_overlap
8129,1,1.0,1,0.266666667,single_overlap
8130,1,1.0,1,1.0,single_overlap
8131,1,0.967741935,1,0.983870968,single_overlap
8132,0,0.0,0,0.0,no_overlap
8133,1,1.0,1,1.0,single_overlap
8134,1,0.846153846,1,0.974358974,single_overlap
8135,1,0.884615385,1,1.0,single_overlap
8136,1,0.954545455,2,0.409090909,multiple_overlaps
8137,1,1.0,1,1.0,single_overlap
8138,1,1.0,1,0.958333333,single_overlap
8139,1,1.0,0,0.0,no_overlap
8140,1,0.888888889,0,0.0,no_overlap
8141,1,0.9,1,1.0,single_overlap
8142,1,1.0,1,1.0,single_overlap
8143,1,0.929487179,1,0.993589744,single_overlap
8144,1,1.0,1,1.0,single_overlap
8145,1,1.0,0,0.0,no_overlap
8146,1,1.0,0,0.0,no_overlap
8147,1,1.0,1,1.0,single_overlap
8148,1,0.977011494,1,1.0,single_overlap
8149,1,1.0,1,1.0,single_overlap
8150,1,1.0,1,1.0,single_overlap
8151,1,1.0,1,1.0,single_overlap
8152,1,1.0,1,1.0,single_overlap
8153,1,0.966666667,1,0.9,single_overlap
8154,1,0.976190476,1,1.0,single_overlap
8155,1,0.985915493,1,1.0,single_overlap
8156,1,1.0,1,1.0,single_overlap
8157,1,0.777777778,1,1.0,single_overlap
8158,1,1.0,1,1.0,single_overlap
8159,1,1.0,1,1.0,single_overlap
8160,1,1.0,1,1.0,single_overlap
8161,1,0.956521739,1,1.0,single_overlap
8162,1,0.989583333,1,1.0,single_overlap
8163,1,1.0,1,1.0,single_overlap
8164,1,1.0,1,1.0,single_overlap
8165,1,1.0,1,1.0,single_overlap
8166,1,1.0,1,1.0,single_overlap
8167,1,0.951219512,0,0.0,no_overlap
8168,1,1.0,0,0.0,no_overlap
8169,1,0.941176471,1,1.0,single_overlap
8170,1,1.0,1,1.0,single_overlap
8171,1,1.0,1,0.857142857,single_overlap
8172,1,0.997630332,1,1.0,single_overlap
8173,1,0.96969697,1,1.0,single_overlap
8174,1,0.857142857,1,1.0,single_overlap
8175,1,1.0,0,0.0,no_overlap
8176,1,0.882352941,1,0.705882353,single_overlap
8177,1,0.948717949,1,1.0,single_overlap
8178,1,1.0,1,1.0,single_overlap
8179,1,1.0,1,1.0,single_overlap
8180,1,1.0,1,1.0,single_overlap
8181,0,0.0,0,0.0,no_overlap
8182,1,1.0,0,0.0,no_overlap
8183,1,0.692307692,0,0.0,no_overlap
8184,1,0.875,1,1.0,single_overlap
8185,1,1.0,1,1.0,single_overlap
8186,1,0.904761905,1,1.0,single_overlap
8187,1,1.0,1,1.0,single_overlap
8188,1,1.0,0,0.0,no_overlap
8189,0,0.0,1,1.0,single_overlap
8190,1,1.0,1,1.0,single_overlap
8191,1,1.0,1,1.0,single_overlap
8192,1,0.818181818,0,0.0,no_overlap
8193,1,0.956521739,1,1.0,single_overlap
8194,1,1.0,1,1.0,single_overlap
8195,1,0.954545455,1,0.818181818,single_overlap
8196,1,0.882352941,1,0.941176471,single_overlap
8197,1,1.0,1,1.0,single_overlap
8198,1,0.962962963,1,1.0,single_overlap
8199,1,0.805128205,1,1.0,single_overlap
8200,1,0.933333333,1,1.0,single_overlap
8201,1,1.0,1,1.0,single_overlap
8202,1,0.888888889,1,1.0,single_overlap
8203,1,1.0,1,1.0,single_overlap
8204,1,0.916666667,1,1.0,single_overlap
8205,0,0.0,1,1.0,single_overlap
8206,1,1.0,0,0.0,no_overlap
8207,1,1.0,1,1.0,single_overlap
8208,1,1.0,1,1.0,single_overlap
8209,1,0.965517241,1,1.0,single_overlap
8210,1,0.816326531,1,1.0,single_overlap
8211,1,1.0,1,0.923076923,single_overlap
8212,1,1.0,1,0.491803279,single_overlap
8213,1,0.548387097,1,0.580645161,single_overlap
8214,1,1.0,1,1.0,single_overlap
8215,1,1.0,0,0.0,no_overlap
8216,1,1.0,0,0.0,no_overlap
8217,1,0.925925926,1,0.925925926,single_overlap
8218,1,1.0,1,1.0,single_overlap
8219,1,1.0,1,1.0,single_overlap
8220,1,1.0,1,0.975,single_overlap
8221,1,1.0,1,1.0,single_overlap
8222,1,0.9,1,0.975,single_overlap
8223,1,0.933797909,2,0.62369338,multiple_overlaps
8224,1,0.95,1,0.95,single_overlap
8225,1,0.977272727,1,0.954545455,single_overlap
8226,1,0.988372093,1,1.0,single_overlap
8227,1,0.75,1,0.75,single_overlap
8228,1,1.0,1,1.0,single_overlap
8229,1,0.985365854,1,0.995121951,single_overlap
8230,1,1.0,1,1.0,single_overlap
8231,1,0.9,1,1.0,single_overlap
8232,1,1.0,1,1.0,single_overlap
8233,1,0.833333333,1,1.0,single_overlap
8234,1,1.0,1,0.884615385,single_overlap
8235,1,1.0,1,1.0,single_overlap
8236,1,0.769230769,0,0.0,no_overlap
8237,1,1.0,0,0.0,no_overlap
8238,1,1.0,0,0.0,no_overlap
8239,1,1.0,1,0.8,single_overlap
8240,1,1.0,1,1.0,single_overlap
8241,1,0.964285714,1,1.0,single_overlap
8242,1,1.0,1,1.0,single_overlap
8243,1,1.0,1,1.0,single_overlap
8244,1,1.0,1,0.733333333,single_overlap
8245,1,1.0,1,0.9,single_overlap
8246,1,1.0,0,0.0,no_overlap
8247,1,1.0,0,0.0,no_overlap
8248,1,1.0,1,1.0,single_overlap
8249,1,1.0,1,1.0,single_overlap
8250,1,1.0,1,0.857142857,single_overlap
8251,0,0.0,0,0.0,no_overlap
8252,1,1.0,1,1.0,single_overlap
8253,1,1.0,1,1.0,single_overlap
8254,1,1.0,1,1.0,single_overlap
8255,0,0.0,0,0.0,no_overlap
8256,1,0.962962963,1,1.0,single_overlap
8257,1,0.97260274,1,1.0,single_overlap
8258,1,0.978723404,1,0.425531915,single_overlap
8259,1,1.0,0,0.0,no_overlap
8260,1,0.9375,1,0.875,single_overlap
8261,1,1.0,1,1.0,single_overlap
8262,1,1.0,1,1.0,single_overlap
8263,1,1.0,1,1.0,single_overlap
8264,1,1.0,1,1.0,single_overlap
8265,1,0.875,1,0.833333333,single_overlap
8266,1,0.636363636,0,0.0,no_overlap
8267,1,1.0,1,1.0,single_overlap
8268,1,0.990196078,1,1.0,single_overlap
8269,0,0.0,1,0.933333333,single_overlap
8270,1,0.984771574,1,1.0,single_overlap
8271,1,1.0,1,1.0,single_overlap
8272,1,1.0,1,1.0,single_overlap
8273,1,0.909090909,1,1.0,single_overlap
8274,1,1.0,0,0.0,no_overlap
8275,1,1.0,1,1.0,single_overlap
8276,0,0.0,0,0.0,no_overlap
8277,1,0.97826087,1,1.0,single_overlap
8278,1,1.0,1,1.0,single_overlap
8279,0,0.0,0,0.0,no_overlap
8280,1,0.953125,1,0.96875,single_overlap
8281,1,0.923076923,1,1.0,single_overlap
8282,1,1.0,1,1.0,single_overlap
8283,1,1.0,1,0.913043478,single_overlap
8284,1,1.0,1,1.0,single_overlap
8285,1,1.0,1,0.992647059,single_overlap
8286,1,1.0,1,1.0,single_overlap
8287,1,0.88,1,0.96,single_overlap
8288,1,1.0,1,0.923076923,single_overlap
8289,1,1.0,1,1.0,single_overlap
8290,1,0.961538462,1,0.384615385,single_overlap
8291,1,1.0,1,1.0,single_overlap
8292,1,1.0,1,1.0,single_overlap
8293,1,1.0,0,0.0,no_overlap
8294,1,1.0,1,0.9,single_overlap
8295,1,1.0,0,0.0,no_overlap
8296,1,0.994350282,1,1.0,single_overlap
8297,1,0.947222222,1,0.958333333,single_overlap
8298,1,1.0,1,1.0,single_overlap
8299,1,1.0,1,1.0,single_overlap
8300,0,0.0,1,1.0,single_overlap
8301,1,1.0,1,0.833333333,single_overlap
8302,1,1.0,1,1.0,single_overlap
8303,1,1.0,1,1.0,single_overlap
8304,1,1.0,1,1.0,single_overlap
8305,1,0.95,1,1.0,single_overlap
8306,1,1.0,1,1.0,single_overlap
8307,0,0.0,0,0.0,no_overlap
8308,1,1.0,0,0.0,no_overlap
8309,1,1.0,1,0.9,single_overlap
8310,1,1.0,1,0.944444444,single_overlap
8311,1,1.0,1,0.954545455,single_overlap
8312,1,1.0,1,1.0,single_overlap
8313,1,1.0,1,1.0,single_overlap
8314,1,0.75,0,0.0,no_overlap
8315,1,0.833333333,1,1.0,single_overlap
8316,1,0.935483871,1,0.967741935,single_overlap
8317,1,1.0,1,1.0,single_overlap
8318,1,0.916666667,1,1.0,single_overlap
8319,1,1.0,1,1.0,single_overlap
8320,1,1.0,1,1.0,single_overlap
8321,1,1.0,0,0.0,no_overlap
8322,1,1.0,1,1.0,single_overlap
8323,0,0.0,1,1.0,single_overlap
8324,1,1.0,1,1.0,single_overlap
8325,1,0.952380952,1,1.0,single_overlap
8326,1,1.0,1,1.0,single_overlap
8327,1,1.0,1,1.0,single_overlap
8328,0,0.0,0,0.0,no_overlap
8329,1,1.0,1,1.0,single_overlap
8330,1,1.0,0,0.0,no_overlap
8331,1,1.0,1,1.0,single_overlap
8332,1,1.0,1,0.625,single_overlap
8333,1,1.0,1,1.0,single_overlap
8334,1,1.0,1,1.0,single_overlap
8335,1,1.0,1,0.685714286,single_overlap
8336,1,1.0,1,1.0,single_overlap
8337,1,0.980392157,1,1.0,single_overlap
8338,1,1.0,1,1.0,single_overlap
8339,1,0.538461538,1,0.961538462,single_overlap
8340,0,0.0,1,1.0,single_overlap
8341,1,0.428571429,1,0.942857143,single_overlap
8342,1,0.928571429,1,0.857142857,single_overlap
8343,1,0.9,1,1.0,single_overlap
8344,1,1.0,1,0.894736842,single_overlap
8345,1,0.916666667,1,1.0,single_overlap
8346,0,0.0,1,1.0,single_overlap
8347,1,1.0,1,1.0,single_overlap
8348,1,1.0,1,1.0,single_overlap
8349,1,1.0,1,0.933333333,single_overlap
8350,1,0.933333333,0,0.0,no_overlap
8351,1,1.0,1,1.0,single_overlap
8352,1,0.8,1,1.0,single_overlap
8353,1,0.971428571,1,0.971428571,single_overlap
8354,1,0.985135637,1,1.0,single_overlap
8355,1,1.0,1,1.0,single_overlap
8356,0,0.0,1,1.0,single_overlap
8357,1,0.904761905,1,1.0,single_overlap
8358,1,0.9,1,0.9,single_overlap
8359,1,1.0,0,0.0,no_overlap
8360,1,1.0,1,1.0,single_overlap
8361,1,0.983870968,1,1.0,single_overlap
8362,1,1.0,1,1.0,single_overlap
8363,1,0.6875,0,0.0,no_overlap
8364,1,0.991908615,1,1.0,single_overlap
8365,1,1.0,1,1.0,single_overlap
8366,1,1.0,1,1.0,single_overlap
8367,1,0.972972973,1,1.0,single_overlap
8368,1,1.0,1,1.0,single_overlap
8369,1,1.0,1,1.0,single_overlap
8370,1,0.909090909,0,0.0,no_overlap
8371,1,1.0,1,1.0,single_overlap
8372,1,0.961538462,1,1.0,single_overlap
8373,1,1.0,1,1.0,single_overlap
8374,1,0.996865204,1,0.990595611,single_overlap
8375,1,1.0,0,0.0,no_overlap
8376,1,0.979591837,1,1.0,single_overlap
8377,1,1.0,1,1.0,single_overlap
8378,1,0.823529412,1,1.0,single_overlap
8379,1,1.0,1,1.0,single_overlap
8380,1,1.0,1,1.0,single_overlap
8381,1,1.0,1,1.0,single_overlap
8382,1,0.705882353,1,1.0,single_overlap
8383,1,1.0,1,1.0,single_overlap
8384,1,1.0,0,0.0,no_overlap
8385,1,1.0,1,1.0,single_overlap
8386,1,1.0,1,1.0,single_overlap
8387,1,0.9375,1,0.9375,single_overlap
8388,1,1.0,1,1.0,single_overlap
8389,1,1.0,1,1.0,single_overlap
8390,1,0.916666667,1,1.0,single_overlap
8391,1,1.0,1,1.0,single_overlap
8392,1,1.0,1,1.0,single_overlap
8393,1,0.866666667,1,1.0,single_overlap
8394,1,0.95049505,1,1.0,single_overlap
8395,1,1.0,0,0.0,no_overlap
8396,1,0.866666667,1,1.0,single_overlap
8397,1,1.0,1,1.0,single_overlap
8398,1,1.0,1,1.0,single_overlap
8399,1,0.967741935,1,0.935483871,single_overlap
8400,0,0.0,1,1.0,single_overlap
8401,1,1.0,1,1.0,single_overlap
8402,1,1.0,1,1.0,single_overlap
8403,1,1.0,1,1.0,single_overlap
8404,1,1.0,1,1.0,single_overlap
8405,1,1.0,0,0.0,no_overlap
8406,1,0.916666667,1,1.0,single_overlap
8407,1,0.857142857,1,0.857142857,single_overlap
8408,1,0.84,1,0.88,single_overlap
8409,1,1.0,1,1.0,single_overlap
8410,1,1.0,1,1.0,single_overlap
8411,0,0.0,0,0.0,no_overlap
8412,1,0.952380952,1,1.0,single_overlap
8413,1,1.0,1,1.0,single_overlap
8414,1,1.0,1,1.0,single_overlap
8415,1,1.0,1,1.0,single_overlap
8416,1,1.0,1,1.0,single_overlap
8417,1,0.941176471,1,1.0,single_overlap
8418,1,1.0,1,1.0,single_overlap
8419,1,1.0,1,1.0,single_overlap
8420,1,0.714285714,1,1.0,single_overlap
8421,1,1.0,1,1.0,single_overlap
8422,1,1.0,0,0.0,no_overlap
8423,1,1.0,0,0.0,no_overlap
8424,1,1.0,1,1.0,single_overlap
8425,1,1.0,1,1.0,single_overlap
8426,1,0.954545455,1,0.613636364,single_overlap
8427,1,1.0,1,1.0,single_overlap
8428,1,1.0,1,1.0,single_overlap
8429,1,1.0,1,1.0,single_overlap
8430,1,0.959183673,1,1.0,single_overlap
8431,1,1.0,1,1.0,single_overlap
8432,1,0.941176471,1,0.941176471,single_overlap
8433,1,1.0,1,1.0,single_overlap
8434,1,1.0,1,1.0,single_overlap
8435,1,0.969767442,1,0.997674419,single_overlap
8436,1,0.945205479,1,1.0,single_overlap
8437,1,1.0,0,0.0,no_overlap
8438,0,0.0,0,0.0,no_overlap
8439,1,1.0,1,1.0,single_overlap
8440,1,1.0,1,1.0,single_overlap
8441,1,0.8,1,1.0,single_overlap
8442,1,0.842105263,1,0.947368421,single_overlap
8443,1,0.9,1,1.0,single_overlap
8444,1,0.954545455,1,1.0,single_overlap
8445,1,1.0,1,1.0,single_overlap
8446,1,0.970149254,1,1.0,single_overlap
8447,1,1.0,1,0.866666667,single_overlap
8448,1,1.0,1,1.0,single_overlap
8449,0,0.0,0,0.0,no_overlap
8450,1,0.894736842,1,0.947368421,single_overlap
8451,1,1.0,1,1.0,single_overlap
8452,1,1.0,1,1.0,single_overlap
8453,1,0.857142857,0,0.0,no_overlap
8454,1,1.0,1,1.0,single_overlap
8455,1,1.0,0,0.0,no_overlap
8456,1,0.956521739,1,1.0,single_overlap
8457,1,1.0,1,1.0,single_overlap
8458,1,1.0,1,1.0,single_overlap
8459,1,1.0,1,1.0,single_overlap
8460,1,0.923076923,1,1.0,single_overlap
8461,1,0.961538462,1,1.0,single_overlap
8462,1,1.0,1,1.0,single_overlap
8463,1,0.770833333,1,1.0,single_overlap
8464,1,1.0,1,1.0,single_overlap
8465,1,1.0,1,0.666666667,single_overlap
8466,1,0.84,1,1.0,single_overlap
8467,1,1.0,1,1.0,single_overlap
8468,1,0.875,1,1.0,single_overlap
8469,1,1.0,1,1.0,single_overlap
8470,1,1.0,1,1.0,single_overlap
8471,1,1.0,1,1.0,single_overlap
8472,0,0.0,1,1.0,single_overlap
8473,1,1.0,1,1.0,single_overlap
8474,1,1.0,0,0.0,no_overlap
8475,1,0.981595092,1,1.0,single_overlap
8476,1,1.0,1,1.0,single_overlap
8477,1,0.882352941,1,1.0,single_overlap
8478,1,1.0,1,0.958333333,single_overlap
8479,1,1.0,0,0.0,no_overlap
8480,1,0.647058824,1,0.941176471,single_overlap
8481,1,1.0,1,1.0,single_overlap
8482,1,1.0,1,1.0,single_overlap
8483,0,0.0,0,0.0,no_overlap
8484,1,1.0,1,1.0,single_overlap
8485,1,1.0,1,1.0,single_overlap
8486,1,1.0,1,0.863636364,single_overlap
8487,1,0.928571429,1,1.0,single_overlap
8488,1,1.0,1,1.0,single_overlap
8489,1,1.0,1,1.0,single_overlap
8490,1,0.952380952,1,1.0,single_overlap
8491,1,1.0,1,1.0,single_overlap
8492,1,1.0,1,1.0,single_overlap
8493,1,0.995762712,1,1.0,single_overlap
8494,1,0.993902439,1,0.993902439,single_overlap
8495,1,0.944444444,0,0.0,no_overlap
8496,1,0.967741935,1,1.0,single_overlap
8497,1,1.0,1,1.0,single_overlap
8498,1,0.974789916,1,0.941176471,single_overlap
8499,1,1.0,1,1.0,single_overlap
8500,1,1.0,1,1.0,single_overlap
8501,1,0.833333333,1,1.0,single_overlap
8502,1,1.0,1,1.0,single_overlap
8503,1,0.928571429,1,0.714285714,single_overlap
8504,1,0.833333333,1,0.791666667,single_overlap
8505,1,1.0,1,1.0,single_overlap
8506,1,0.990147783,1,0.97044335,single_overlap
8507,1,0.916666667,1,1.0,single_overlap
8508,1,0.994117647,1,0.976470588,single_overlap
8509,1,0.972222222,1,1.0,single_overlap
8510,1,0.823529412,0,0.0,no_overlap
8511,1,1.0,1,1.0,single_overlap
8512,1,1.0,1,1.0,single_overlap
8513,1,0.954545455,1,0.977272727,single_overlap
8514,1,0.888888889,1,1.0,single_overlap
8515,1,1.0,1,1.0,single_overlap
8516,1,1.0,1,1.0,single_overlap
8517,1,1.0,1,1.0,single_overlap
8518,1,1.0,1,1.0,single_overlap
8519,1,1.0,1,0.970873786,single_overlap
8520,1,1.0,1,1.0,single_overlap
8521,1,1.0,1,0.875,single_overlap
8522,1,0.96875,1,1.0,single_overlap
8523,1,0.971428571,1,1.0,single_overlap
8524,1,1.0,1,1.0,single_overlap
8525,1,1.0,1,0.875,single_overlap
8526,1,1.0,1,1.0,single_overlap
8527,0,0.0,0,0.0,no_overlap
8528,1,1.0,0,0.0,no_overlap
8529,1,1.0,1,1.0,single_overlap
8530,1,1.0,0,0.0,no_overlap
8531,1,1.0,1,1.0,single_overlap
8532,1,1.0,1,1.0,single_overlap
8533,1,1.0,0,0.0,no_overlap
8534,1,1.0,0,0.0,no_overlap
8535,1,0.993927126,1,0.995951417,single_overlap
8536,1,0.9,1,1.0,single_overlap
8537,1,1.0,1,1.0,single_overlap
8538,1,1.0,0,0.0,no_overlap
8539,1,1.0,1,1.0,single_overlap
8540,1,1.0,1,1.0,single_overlap
8541,0,0.0,0,0.0,no_overlap
8542,0,0.0,0,0.0,no_overlap
8543,1,1.0,1,1.0,single_overlap
8544,1,0.958333333,1,0.916666667,single_overlap
8545,1,1.0,1,1.0,single_overlap
8546,1,1.0,0,0.0,no_overlap
8547,1,0.9375,1,0.8125,single_overlap
8548,1,1.0,1,1.0,single_overlap
8549,1,1.0,1,1.0,single_overlap
8550,1,0.994818653,1,1.0,single_overlap
8551,0,0.0,0,0.0,no_overlap
8552,1,1.0,1,1.0,single_overlap
8553,1,1.0,0,0.0,no_overlap
8554,1,1.0,0,0.0,no_overlap
8555,1,1.0,1,0.833333333,single_overlap
8556,1,0.882352941,1,1.0,single_overlap
8557,1,1.0,1,1.0,single_overlap
8558,1,1.0,1,1.0,single_overlap
8559,1,0.944444444,1,1.0,single_overlap
8560,1,0.857142857,1,1.0,single_overlap
8561,1,0.869565217,1,1.0,single_overlap
8562,1,1.0,0,0.0,no_overlap
8563,0,0.0,1,1.0,single_overlap
8564,1,0.875,1,1.0,single_overlap
8565,1,0.925925926,1,1.0,single_overlap
8566,1,0.777777778,1,1.0,single_overlap
8567,1,0.9375,1,1.0,single_overlap
8568,1,1.0,1,0.869565217,single_overlap
8569,1,1.0,1,0.941176471,single_overlap
8570,1,0.833333333,1,1.0,single_overlap
8571,1,1.0,1,1.0,single_overlap
8572,1,0.95,1,1.0,single_overlap
8573,0,0.0,1,0.892857143,single_overlap
8574,1,0.974358974,1,1.0,single_overlap
8575,1,1.0,1,1.0,single_overlap
8576,1,1.0,1,1.0,single_overlap
8577,1,1.0,1,1.0,single_overlap
8578,1,1.0,0,0.0,no_overlap
8579,1,0.875,1,1.0,single_overlap
8580,0,0.0,1,1.0,single_overlap
8581,1,1.0,1,1.0,single_overlap
8582,1,0.891891892,1,0.810810811,single_overlap
8583,1,0.909090909,1,1.0,single_overlap
8584,0,0.0,1,1.0,single_overlap
8585,1,1.0,1,1.0,single_overlap
8586,0,0.0,0,0.0,no_overlap
8587,1,1.0,0,0.0,no_overlap
8588,1,0.75,1,0.9375,single_overlap
8589,1,0.866666667,1,0.966666667,single_overlap
8590,1,0.888888889,0,0.0,no_overlap
8591,1,0.5,1,0.142857143,single_overlap
8592,1,0.764705882,1,1.0,single_overlap
8593,1,0.9,1,1.0,single_overlap
8594,1,0.766666667,1,0.733333333,single_overlap
8595,1,1.0,1,1.0,single_overlap
8596,1,1.0,0,0.0,no_overlap
8597,1,1.0,1,0.9,single_overlap
8598,1,0.902439024,1,0.756097561,single_overlap
8599,1,1.0,1,1.0,single_overlap
8600,1,1.0,1,0.535714286,single_overlap
8601,1,1.0,1,1.0,single_overlap
8602,1,0.8,1,0.866666667,single_overlap
8603,1,0.984848485,1,1.0,single_overlap
8604,1,1.0,1,0.977272727,single_overlap
8605,1,1.0,1,1.0,single_overlap
8606,1,0.846153846,1,0.980769231,single_overlap
8607,1,0.882352941,1,1.0,single_overlap
8608,1,0.928571429,1,0.982142857,single_overlap
8609,1,1.0,1,1.0,single_overlap
8610,1,0.9,1,0.7,single_overlap
8611,1,0.875,1,1.0,single_overlap
8612,1,0.985915493,1,0.985915493,single_overlap
8613,1,0.977272727,1,1.0,single_overlap
8614,1,1.0,1,0.833333333,single_overlap
8615,1,0.9375,1,0.9375,single_overlap
8616,1,0.991452991,1,1.0,single_overlap
8617,1,1.0,1,1.0,single_overlap
8618,1,0.933333333,0,0.0,no_overlap
8619,1,0.956521739,1,1.0,single_overlap
8620,1,1.0,1,0.970588235,single_overlap
8621,1,1.0,1,1.0,single_overlap
8622,1,0.666666667,1,0.777777778,single_overlap
8623,1,1.0,1,1.0,single_overlap
8624,1,0.871794872,0,0.0,no_overlap
8625,1,1.0,0,0.0,no_overlap
8626,1,0.939393939,1,0.545454545,single_overlap
8627,1,0.88372093,1,1.0,single_overlap
8628,1,0.935483871,1,1.0,single_overlap
8629,1,1.0,1,1.0,single_overlap
8630,1,1.0,1,0.970588235,single_overlap
8631,1,1.0,1,1.0,single_overlap
8632,1,0.777777778,1,1.0,single_overlap
8633,1,0.75,1,1.0,single_overlap
8634,1,0.9,1,0.65,single_overlap
8635,1,1.0,1,1.0,single_overlap
8636,1,1.0,1,1.0,single_overlap
8637,1,0.871794872,1,1.0,single_overlap
8638,1,1.0,0,0.0,no_overlap
8639,1,1.0,1,0.7,single_overlap
8640,1,1.0,1,1.0,single_overlap
8641,1,1.0,1,1.0,single_overlap
8642,1,0.916666667,1,0.75,single_overlap
8643,1,1.0,1,1.0,single_overlap
8644,1,0.97029703,1,0.98019802,single_overlap
8645,1,1.0,1,1.0,single_overlap
8646,1,1.0,0,0.0,no_overlap
8647,1,1.0,1,0.555555556,single_overlap
8648,1,1.0,1,1.0,single_overlap
8649,1,1.0,1,1.0,single_overlap
8650,1,1.0,0,0.0,no_overlap
8651,1,0.75,1,1.0,single_overlap
8652,1,0.991189427,1,1.0,single_overlap
8653,1,1.0,1,1.0,single_overlap
8654,1,1.0,0,0.0,no_overlap
8655,1,0.625,1,1.0,single_overlap
8656,0,0.0,1,1.0,single_overlap
8657,1,1.0,1,0.8,single_overlap
8658,0,0.0,0,0.0,no_overlap
8659,1,0.923076923,1,0.923076923,single_overlap
8660,1,1.0,2,0.954545455,multiple_overlaps
8661,1,1.0,1,0.684210526,single_overlap
8662,1,0.933333333,1,0.4,single_overlap
8663,1,1.0,1,0.846153846,single_overlap
8664,1,1.0,1,1.0,single_overlap
8665,1,1.0,1,1.0,single_overlap
8666,1,1.0,0,0.0,no_overlap
8667,1,1.0,1,1.0,single_overlap
8668,1,1.0,1,0.923076923,single_overlap
8669,1,1.0,1,1.0,single_overlap
8670,1,0.705882353,0,0.0,no_overlap
8671,1,1.0,1,1.0,single_overlap
8672,1,1.0,1,1.0,single_overlap
8673,1,1.0,1,1.0,single_overlap
8674,1,0.974358974,1,0.743589744,single_overlap
8675,1,0.947368421,1,0.947368421,single_overlap
8676,1,1.0,1,1.0,single_overlap
8677,1,1.0,0,0.0,no_overlap
8678,1,1.0,1,1.0,single_overlap
8679,1,0.972727273,1,0.990909091,single_overlap
8680,1,1.0,1,0.928571429,single_overlap
8681,1,1.0,1,1.0,single_overlap
8682,1,0.851851852,1,0.703703704,single_overlap
8683,0,0.0,0,0.0,no_overlap
8684,1,1.0,1,1.0,single_overlap
8685,1,1.0,1,1.0,single_overlap
8686,1,0.805555556,1,0.916666667,single_overlap
8687,1,1.0,1,0.954545455,single_overlap
8688,1,1.0,1,1.0,single_overlap
8689,1,1.0,1,1.0,single_overlap
8690,1,0.96,1,1.0,single_overlap
8691,1,0.962962963,1,1.0,single_overlap
8692,1,1.0,1,1.0,single_overlap
8693,1,1.0,1,1.0,single_overlap
8694,1,1.0,1,1.0,single_overlap
8695,1,1.0,1,1.0,single_overlap
8696,1,1.0,0,0.0,no_overlap
8697,1,0.978723404,1,1.0,single_overlap
8698,1,1.0,1,1.0,single_overlap
8699,1,1.0,0,0.0,no_overlap
8700,1,1.0,1,1.0,single_overlap
8701,1,1.0,1,1.0,single_overlap
8702,1,1.0,1,1.0,single_overlap
8703,1,1.0,1,1.0,single_overlap
8704,1,0.888888889,1,1.0,single_overlap
8705,1,0.956521739,1,1.0,single_overlap
8706,1,1.0,1,0.96969697,single_overlap
8707,1,1.0,1,1.0,single_overlap
8708,1,1.0,1,0.833333333,single_overlap
8709,1,0.8,1,0.8,single_overlap
8710,1,1.0,0,0.0,no_overlap
8711,1,1.0,1,0.785714286,single_overlap
8712,1,1.0,1,0.714285714,single_overlap
8713,0,0.0,0,0.0,no_overlap
8714,1,0.944444444,1,1.0,single_overlap
8715,1,1.0,1,1.0,single_overlap
8716,1,0.833333333,1,1.0,single_overlap
8717,1,1.0,1,0.857142857,single_overlap
8718,1,0.884615385,1,0.807692308,single_overlap
8719,1,1.0,1,1.0,single_overlap
8720,1,0.8,1,0.7,single_overlap
8721,1,1.0,1,0.857142857,single_overlap
8722,1,0.974358974,1,1.0,single_overlap
8723,1,1.0,1,1.0,single_overlap
8724,1,0.666666667,1,1.0,single_overlap
8725,1,1.0,0,0.0,no_overlap
8726,1,0.888888889,1,1.0,single_overlap
8727,0,0.0,1,1.0,single_overlap
8728,1,0.9375,1,1.0,single_overlap
8729,1,0.769230769,1,0.846153846,single_overlap
8730,1,1.0,1,1.0,single_overlap
8731,1,1.0,1,0.189189189,single_overlap
8732,1,0.833333333,1,0.833333333,single_overlap
8733,1,0.857142857,1,1.0,single_overlap
8734,1,1.0,1,0.840909091,single_overlap
8735,1,1.0,1,1.0,single_overlap
8736,1,0.913793103,1,1.0,single_overlap
8737,1,1.0,1,1.0,single_overlap
8738,1,1.0,1,0.888888889,single_overlap
8739,1,1.0,1,1.0,single_overlap
8740,1,1.0,1,1.0,single_overlap
8741,1,0.818181818,1,0.909090909,single_overlap
8742,1,0.923076923,1,1.0,single_overlap
8743,1,1.0,1,1.0,single_overlap
8744,1,0.9375,1,0.9375,single_overlap
8745,1,1.0,0,0.0,no_overlap
8746,1,1.0,1,0.978723404,single_overlap
8747,1,1.0,0,0.0,no_overlap
8748,1,1.0,1,1.0,single_overlap
8749,1,0.954545455,1,1.0,single_overlap
8750,1,0.977272727,1,0.977272727,single_overlap
8751,1,1.0,1,1.0,single_overlap
8752,1,1.0,1,1.0,single_overlap
8753,1,0.974358974,1,0.935897436,single_overlap
8754,1,0.928571429,1,1.0,single_overlap
8755,2,0.971698113,1,1.0,single_overlap
8756,1,0.942857143,1,0.657142857,single_overlap
8757,1,0.833333333,1,1.0,single_overlap
8758,1,1.0,1,1.0,single_overlap
8759,0,0.0,0,0.0,no_overlap
8760,1,1.0,1,1.0,single_overlap
8761,1,1.0,1,1.0,single_overlap
8762,1,0.8125,0,0.0,no_overlap
8763,1,1.0,1,1.0,single_overlap
8764,1,1.0,1,1.0,single_overlap
8765,1,0.75,1,0.875,single_overlap
8766,1,1.0,1,1.0,single_overlap
8767,1,0.984375,1,1.0,single_overlap
8768,1,0.9375,1,0.9375,single_overlap
8769,1,1.0,1,1.0,single_overlap
8770,1,1.0,1,1.0,single_overlap
8771,1,0.909090909,1,0.727272727,single_overlap
8772,1,1.0,1,1.0,single_overlap
8773,0,0.0,1,1.0,single_overlap
8774,1,0.950819672,1,0.967213115,single_overlap
8775,1,1.0,1,0.916666667,single_overlap
8776,1,1.0,1,1.0,single_overlap
8777,1,1.0,1,0.888888889,single_overlap
8778,1,0.771428571,1,1.0,single_overlap
8779,1,1.0,1,1.0,single_overlap
8780,1,1.0,0,0.0,no_overlap
8781,1,1.0,1,1.0,single_overlap
8782,1,1.0,1,1.0,single_overlap
8783,1,1.0,1,0.875,single_overlap
8784,1,1.0,1,1.0,single_overlap
8785,1,1.0,1,1.0,single_overlap
8786,1,0.909090909,1,1.0,single_overlap
8787,1,1.0,1,1.0,single_overlap
8788,1,1.0,1,1.0,single_overlap
8789,1,1.0,0,0.0,no_overlap
8790,1,1.0,1,1.0,single_overlap
8791,1,1.0,1,1.0,single_overlap
8792,1,0.928571429,1,0.857142857,single_overlap
8793,0,0.0,1,1.0,single_overlap
8794,0,0.0,0,0.0,no_overlap
8795,1,1.0,1,1.0,single_overlap
8796,1,1.0,1,0.583333333,single_overlap
8797,1,1.0,1,1.0,single_overlap
8798,1,1.0,0,0.0,no_overlap
8799,1,0.882352941,1,1.0,single_overlap
8800,1,1.0,1,1.0,single_overlap
8801,1,1.0,1,1.0,single_overlap
8802,1,1.0,1,0.875,single_overlap
8803,1,0.8,1,1.0,single_overlap
8804,1,0.857142857,1,0.857142857,single_overlap
8805,1,1.0,1,0.846153846,single_overlap
8806,1,0.888888889,1,1.0,single_overlap
8807,1,1.0,1,0.941176471,single_overlap
8808,1,1.0,1,1.0,single_overlap
8809,0,0.0,1,1.0,single_overlap
8810,1,1.0,1,1.0,single_overlap
8811,1,1.0,1,1.0,single_overlap
8812,1,0.724137931,1,0.931034483,single_overlap
8813,1,0.944444444,1,0.944444444,single_overlap
8814,1,0.857142857,1,1.0,single_overlap
8815,1,1.0,1,1.0,single_overlap
8816,1,1.0,1,0.96,single_overlap
8817,1,1.0,1,1.0,single_overlap
8818,1,1.0,1,1.0,single_overlap
8819,0,0.0,1,1.0,single_overlap
8820,1,1.0,1,1.0,single_overlap
8821,0,0.0,0,0.0,no_overlap
8822,1,0.949152542,1,0.898305085,single_overlap
8823,1,1.0,1,1.0,single_overlap
8824,0,0.0,1,0.333333333,single_overlap
8825,1,0.833333333,0,0.0,no_overlap
8826,1,1.0,1,1.0,single_overlap
8827,1,0.888888889,1,1.0,single_overlap
8828,1,1.0,1,1.0,single_overlap
8829,1,1.0,1,0.75,single_overlap
8830,1,1.0,1,1.0,single_overlap
8831,0,0.0,1,0.142857143,single_overlap
8832,1,1.0,1,1.0,single_overlap
8833,1,1.0,1,1.0,single_overlap
8834,1,0.846153846,1,1.0,single_overlap
8835,1,1.0,1,1.0,single_overlap
8836,1,1.0,1,1.0,single_overlap
8837,1,0.8,1,0.8,single_overlap
8838,1,1.0,1,1.0,single_overlap
8839,1,1.0,1,1.0,single_overlap
8840,1,0.857142857,1,0.571428571,single_overlap
8841,1,1.0,1,1.0,single_overlap
8842,1,1.0,1,1.0,single_overlap
8843,1,1.0,1,0.916666667,single_overlap
8844,1,1.0,1,1.0,single_overlap
8845,1,1.0,1,1.0,single_overlap
8846,1,0.98125,1,0.95,single_overlap
8847,1,1.0,1,0.6,single_overlap
8848,1,1.0,1,1.0,single_overlap
8849,1,1.0,1,1.0,single_overlap
8850,1,1.0,1,1.0,single_overlap
8851,1,0.993421053,1,1.0,single_overlap
8852,1,1.0,1,0.948717949,single_overlap
8853,1,0.869565217,1,1.0,single_overlap
8854,1,1.0,0,0.0,no_overlap
8855,1,0.833333333,1,0.944444444,single_overlap
8856,1,0.909090909,1,0.727272727,single_overlap
8857,1,1.0,1,1.0,single_overlap
8858,0,0.0,1,0.9,single_overlap
8859,0,0.0,1,1.0,single_overlap
8860,1,1.0,1,0.923076923,single_overlap
8861,1,0.923076923,1,0.538461538,single_overlap
8862,1,1.0,1,1.0,single_overlap
8863,1,1.0,1,1.0,single_overlap
8864,1,1.0,1,0.777777778,single_overlap
8865,1,1.0,1,1.0,single_overlap
8866,1,1.0,1,1.0,single_overlap
8867,1,1.0,1,1.0,single_overlap
8868,1,1.0,1,1.0,single_overlap
8869,1,0.916666667,1,1.0,single_overlap
8870,1,1.0,1,1.0,single_overlap
8871,1,1.0,0,0.0,no_overlap
8872,1,1.0,1,1.0,single_overlap
8873,1,1.0,1,0.75,single_overlap
8874,1,0.875,1,0.9375,single_overlap
8875,1,1.0,1,1.0,single_overlap
8876,1,0.875,0,0.0,no_overlap
8877,1,0.980769231,1,0.990384615,single_overlap
8878,1,1.0,1,1.0,single_overlap
8879,1,1.0,0,0.0,no_overlap
8880,1,1.0,1,1.0,single_overlap
8881,1,1.0,1,1.0,single_overlap
8882,1,1.0,1,0.888888889,single_overlap
8883,1,0.96,1,1.0,single_overlap
8884,1,1.0,1,0.95,single_overlap
8885,2,1.0,2,0.72,multiple_overlaps
8886,1,0.989130435,1,1.0,single_overlap
8887,1,1.0,1,0.857142857,single_overlap
8888,1,0.8,2,1.0,multiple_overlaps
8889,1,1.0,1,1.0,single_overlap
8890,0,0.0,0,0.0,no_overlap
8891,1,1.0,1,1.0,single_overlap
8892,1,1.0,1,1.0,single_overlap
8893,1,0.823529412,1,1.0,single_overlap
8894,1,0.888888889,1,1.0,single_overlap
8895,1,1.0,1,1.0,single_overlap
8896,1,1.0,1,1.0,single_overlap
8897,1,1.0,1,0.846153846,single_overlap
8898,1,1.0,0,0.0,no_overlap
8899,1,0.943396226,1,0.981132075,single_overlap
8900,1,1.0,1,1.0,single_overlap
8901,1,1.0,1,1.0,single_overlap
8902,1,1.0,1,1.0,single_overlap
8903,1,0.97826087,1,0.913043478,single_overlap
8904,1,0.990384615,1,1.0,single_overlap
8905,1,0.928571429,1,1.0,single_overlap
8906,1,0.933333333,1,1.0,single_overlap
8907,1,0.75,1,1.0,single_overlap
8908,1,0.96,1,1.0,single_overlap
8909,1,1.0,1,1.0,single_overlap
8910,1,1.0,1,1.0,single_overlap
8911,1,0.923076923,1,1.0,single_overlap
8912,1,1.0,1,1.0,single_overlap
8913,1,1.0,1,1.0,single_overlap
8914,1,1.0,1,0.794117647,single_overlap
8915,1,1.0,1,1.0,single_overlap
8916,1,1.0,1,1.0,single_overlap
8917,1,1.0,1,1.0,single_overlap
8918,1,1.0,1,1.0,single_overlap
8919,1,1.0,1,1.0,single_overlap
8920,1,1.0,1,1.0,single_overlap
8921,1,1.0,1,1.0,single_overlap
8922,1,1.0,1,1.0,single_overlap
8923,1,1.0,1,1.0,single_overlap
8924,1,1.0,0,0.0,no_overlap
8925,1,1.0,1,1.0,single_overlap
8926,1,0.888888889,1,0.777777778,single_overlap
8927,1,1.0,1,1.0,single_overlap
8928,1,1.0,1,1.0,single_overlap
8929,1,1.0,1,1.0,single_overlap
8930,1,1.0,1,1.0,single_overlap
8931,1,1.0,1,1.0,single_overlap
8932,1,1.0,1,1.0,single_overlap
8933,1,1.0,1,0.888888889,single_overlap
8934,1,0.941176471,1,1.0,single_overlap
8935,1,0.954954955,1,1.0,single_overlap
8936,1,0.941176471,1,1.0,single_overlap
8937,1,1.0,1,1.0,single_overlap
8938,1,1.0,0,0.0,no_overlap
8939,0,0.0,2,0.75,multiple_overlaps
8940,1,1.0,1,1.0,single_overlap
8941,1,1.0,1,1.0,single_overlap
8942,1,1.0,1,1.0,single_overlap
8943,1,1.0,1,0.833333333,single_overlap
8944,1,1.0,1,1.0,single_overlap
8945,1,1.0,1,1.0,single_overlap
8946,1,1.0,1,1.0,single_overlap
8947,1,1.0,1,1.0,single_overlap
8948,1,0.961538462,1,1.0,single_overlap
8949,1,1.0,1,1.0,single_overlap
8950,1,1.0,1,1.0,single_overlap
8951,1,1.0,1,1.0,single_overlap
8952,1,1.0,1,1.0,single_overlap
8953,1,1.0,1,0.9,single_overlap
8954,1,1.0,1,1.0,single_overlap
8955,1,1.0,1,1.0,single_overlap
8956,1,1.0,1,1.0,single_overlap
8957,1,0.9,1,0.8,single_overlap
8958,1,1.0,1,1.0,single_overlap
8959,1,1.0,1,1.0,single_overlap
8960,1,1.0,1,1.0,single_overlap
8961,1,1.0,1,1.0,single_overlap
8962,1,1.0,0,0.0,no_overlap
8963,1,0.971428571,1,0.971428571,single_overlap
8964,0,0.0,0,0.0,no_overlap
8965,1,1.0,1,1.0,single_overlap
8966,1,1.0,1,1.0,single_overlap
8967,1,1.0,1,0.714285714,single_overlap
8968,1,1.0,1,1.0,single_overlap
8969,1,0.75,1,1.0,single_overlap
8970,1,1.0,1,1.0,single_overlap
8971,1,1.0,1,1.0,single_overlap
8972,1,1.0,1,1.0,single_overlap
8973,1,1.0,1,0.96875,single_overlap
8974,1,0.9,0,0.0,no_overlap
8975,0,0.0,1,1.0,single_overlap
8976,1,1.0,1,1.0,single_overlap
8977,1,1.0,1,1.0,single_overlap
8978,1,0.857142857,1,1.0,single_overlap
8979,1,1.0,1,1.0,single_overlap
8980,1,1.0,1,1.0,single_overlap
8981,1,1.0,1,1.0,single_overlap
8982,1,1.0,1,1.0,single_overlap
8983,1,1.0,1,1.0,single_overlap
8984,1,0.866666667,1,1.0,single_overlap
8985,1,1.0,1,1.0,single_overlap
8986,1,1.0,1,1.0,single_overlap
8987,1,1.0,1,1.0,single_overlap
8988,1,1.0,1,1.0,single_overlap
8989,1,1.0,1,1.0,single_overlap
8990,1,1.0,1,1.0,single_overlap
8991,1,1.0,1,1.0,single_overlap
8992,1,1.0,1,1.0,single_overlap
8993,1,1.0,1,0.941176471,single_overlap
8994,1,1.0,0,0.0,no_overlap
8995,1,0.928571429,1,0.928571429,single_overlap
8996,1,0.9,1,1.0,single_overlap
8997,1,1.0,1,1.0,single_overlap
8998,1,1.0,1,1.0,single_overlap
8999,1,1.0,1,1.0,single_overlap
9000,1,1.0,1,0.777777778,single_overlap
9001,1,1.0,1,1.0,single_overlap
9002,1,1.0,1,1.0,single_overlap
9003,1,0.857142857,1,1.0,single_overlap
9004,1,0.967213115,0,0.0,no_overlap
9005,1,1.0,1,1.0,single_overlap
9006,1,1.0,1,1.0,single_overlap
9007,1,1.0,1,0.988764045,single_overlap
9008,1,1.0,0,0.0,no_overlap
9009,1,0.9,1,0.9,single_overlap
9010,1,1.0,1,1.0,single_overlap
9011,1,1.0,1,1.0,single_overlap
9012,1,1.0,1,1.0,single_overlap
9013,1,1.0,0,0.0,no_overlap
9014,0,0.0,0,0.0,no_overlap
9015,1,0.964285714,1,1.0,single_overlap
9016,1,0.977272727,1,1.0,single_overlap
9017,1,1.0,1,1.0,single_overlap
9018,1,0.825,1,1.0,single_overlap
9019,1,0.857142857,1,0.714285714,single_overlap
9020,1,0.992994746,1,1.0,single_overlap
9021,1,1.0,1,0.583333333,single_overlap
9022,1,0.933333333,1,1.0,single_overlap
9023,1,1.0,0,0.0,no_overlap
9024,1,1.0,1,1.0,single_overlap
9025,1,1.0,1,1.0,single_overlap
9026,1,1.0,1,1.0,single_overlap
9027,1,0.9375,1,1.0,single_overlap
9028,1,1.0,1,1.0,single_overlap
9029,1,1.0,1,1.0,single_overlap
9030,1,1.0,1,1.0,single_overlap
9031,0,0.0,1,1.0,single_overlap
9032,1,0.921052632,1,1.0,single_overlap
9033,1,1.0,1,1.0,single_overlap
9034,1,1.0,1,1.0,single_overlap
9035,1,1.0,1,0.75,single_overlap
9036,1,0.96,1,1.0,single_overlap
9037,1,0.625,1,1.0,single_overlap
9038,1,0.954545455,1,1.0,single_overlap
9039,1,1.0,1,1.0,single_overlap
9040,1,0.933333333,1,1.0,single_overlap
9041,1,1.0,1,1.0,single_overlap
9042,1,0.888888889,1,1.0,single_overlap
9043,1,1.0,1,1.0,single_overlap
9044,1,1.0,1,1.0,single_overlap
9045,1,0.965517241,1,0.931034483,single_overlap
9046,1,1.0,1,1.0,single_overlap
9047,1,1.0,1,1.0,single_overlap
9048,1,0.870967742,1,1.0,single_overlap
9049,1,0.909090909,1,0.96969697,single_overlap
9050,1,1.0,1,0.875,single_overlap
9051,1,1.0,1,1.0,single_overlap
9052,2,0.908496732,1,1.0,single_overlap
9053,1,1.0,1,0.75,single_overlap
9054,1,1.0,0,0.0,no_overlap
9055,1,1.0,1,0.75,single_overlap
9056,1,1.0,0,0.0,no_overlap
9057,1,1.0,1,1.0,single_overlap
9058,1,0.997461929,1,1.0,single_overlap
9059,1,1.0,1,1.0,single_overlap
9060,1,1.0,1,1.0,single_overlap
9061,1,1.0,1,0.5,single_overlap
9062,1,1.0,1,1.0,single_overlap
9063,1,1.0,0,0.0,no_overlap
9064,1,1.0,1,1.0,single_overlap
9065,1,0.75,1,1.0,single_overlap
9066,1,1.0,0,0.0,no_overlap
9067,1,1.0,1,1.0,single_overlap
9068,1,1.0,1,1.0,single_overlap
9069,1,1.0,1,1.0,single_overlap
9070,0,0.0,0,0.0,no_overlap
9071,1,0.947368421,1,1.0,single_overlap
9072,1,0.941176471,1,1.0,single_overlap
9073,1,1.0,1,0.967741935,single_overlap
9074,1,1.0,1,1.0,single_overlap
9075,1,1.0,1,0.866666667,single_overlap
9076,1,0.944444444,1,1.0,single_overlap
9077,1,1.0,1,0.875,single_overlap
9078,1,1.0,1,1.0,single_overlap
9079,1,0.980769231,1,1.0,single_overlap
9080,2,0.778846154,1,0.971153846,single_overlap
9081,1,1.0,1,0.75,single_overlap
9082,1,1.0,1,1.0,single_overlap
9083,1,1.0,1,1.0,single_overlap
9084,1,1.0,0,0.0,no_overlap
9085,1,0.909090909,1,1.0,single_overlap
9086,1,1.0,1,1.0,single_overlap
9087,0,0.0,1,0.833333333,single_overlap
9088,1,1.0,1,1.0,single_overlap
9089,1,1.0,1,1.0,single_overlap
9090,1,1.0,1,1.0,single_overlap
9091,1,1.0,1,0.961538462,single_overlap
9092,0,0.0,1,0.054054054,single_overlap
9093,1,1.0,1,0.666666667,single_overlap
9094,1,0.982758621,1,1.0,single_overlap
9095,1,1.0,1,1.0,single_overlap
9096,1,1.0,1,1.0,single_overlap
9097,1,1.0,0,0.0,no_overlap
9098,1,0.974358974,1,1.0,single_overlap
9099,1,1.0,1,0.666666667,single_overlap
9100,1,1.0,1,0.928571429,single_overlap
9101,1,1.0,1,1.0,single_overlap
9102,1,1.0,1,1.0,single_overlap
9103,1,1.0,1,0.875,single_overlap
9104,1,0.846153846,1,1.0,single_overlap
9105,1,1.0,1,1.0,single_overlap
9106,1,1.0,1,1.0,single_overlap
9107,1,0.916666667,1,1.0,single_overlap
9108,1,1.0,1,1.0,single_overlap
9109,1,0.965517241,1,0.965517241,single_overlap
9110,2,0.884057971,1,1.0,single_overlap
9111,1,1.0,1,0.769230769,single_overlap
9112,1,0.888888889,1,1.0,single_overlap
9113,0,0.0,1,1.0,single_overlap
9114,0,0.0,0,0.0,no_overlap
9115,1,1.0,0,0.0,no_overlap
9116,1,1.0,1,1.0,single_overlap
9117,1,0.846153846,1,0.615384615,single_overlap
9118,1,1.0,1,1.0,single_overlap
9119,1,1.0,1,1.0,single_overlap
9120,1,0.913043478,1,1.0,single_overlap
9121,1,1.0,1,0.991735537,single_overlap
9122,1,1.0,1,1.0,single_overlap
9123,1,1.0,1,0.857142857,single_overlap
9124,1,0.99270073,1,1.0,single_overlap
9125,1,1.0,1,1.0,single_overlap
9126,1,1.0,1,0.8,single_overlap
9127,1,1.0,1,0.903225806,single_overlap
9128,1,1.0,1,1.0,single_overlap
9129,1,0.958333333,1,1.0,single_overlap
9130,1,1.0,1,1.0,single_overlap
9131,1,1.0,1,1.0,single_overlap
9132,1,0.875,1,1.0,single_overlap
9133,0,0.0,0,0.0,no_overlap
9134,1,1.0,1,1.0,single_overlap
9135,1,1.0,1,1.0,single_overlap
9136,0,0.0,0,0.0,no_overlap
9137,0,0.0,1,1.0,single_overlap
9138,1,1.0,1,1.0,single_overlap
9139,1,0.9,1,1.0,single_overlap
9140,1,1.0,0,0.0,no_overlap
9141,1,1.0,1,1.0,single_overlap
9142,1,1.0,1,1.0,single_overlap
9143,1,0.833333333,1,0.966666667,single_overlap
9144,1,0.892857143,1,1.0,single_overlap
9145,1,1.0,1,0.857142857,single_overlap
9146,0,0.0,1,1.0,single_overlap
9147,1,1.0,1,1.0,single_overlap
9148,1,1.0,1,1.0,single_overlap
9149,1,1.0,1,0.909090909,single_overlap
9150,1,0.9375,1,1.0,single_overlap
9151,1,1.0,1,1.0,single_overlap
9152,1,1.0,1,1.0,single_overlap
9153,1,1.0,1,0.947368421,single_overlap
9154,1,1.0,1,1.0,single_overlap
9155,1,1.0,0,0.0,no_overlap
9156,0,0.0,1,1.0,single_overlap
9157,1,1.0,1,0.75,single_overlap
9158,1,1.0,0,0.0,no_overlap
9159,1,1.0,0,0.0,no_overlap
9160,1,1.0,1,1.0,single_overlap
9161,1,0.9375,1,1.0,single_overlap
9162,1,1.0,1,1.0,single_overlap
9163,1,1.0,1,1.0,single_overlap
9164,1,1.0,1,1.0,single_overlap
9165,1,1.0,1,0.384615385,single_overlap
9166,1,1.0,1,1.0,single_overlap
9167,1,0.909090909,1,1.0,single_overlap
9168,1,0.785714286,1,0.964285714,single_overlap
9169,1,1.0,1,1.0,single_overlap
9170,1,1.0,1,1.0,single_overlap
9171,0,0.0,0,0.0,no_overlap
9172,1,1.0,1,1.0,single_overlap
9173,0,0.0,1,1.0,single_overlap
9174,1,1.0,1,1.0,single_overlap
9175,1,1.0,1,0.84,single_overlap
9176,1,1.0,1,1.0,single_overlap
9177,1,1.0,1,1.0,single_overlap
9178,1,1.0,1,1.0,single_overlap
9179,1,1.0,1,1.0,single_overlap
9180,1,1.0,1,1.0,single_overlap
9181,1,0.857142857,1,1.0,single_overlap
9182,1,1.0,1,1.0,single_overlap
9183,1,0.981927711,1,0.975903614,single_overlap
9184,1,1.0,1,1.0,single_overlap
9185,1,1.0,1,1.0,single_overlap
9186,1,1.0,1,1.0,single_overlap
9187,1,1.0,1,0.916666667,single_overlap
9188,1,1.0,1,1.0,single_overlap
9189,1,1.0,1,1.0,single_overlap
9190,1,1.0,0,0.0,no_overlap
9191,1,0.944444444,1,0.944444444,single_overlap
9192,1,1.0,1,1.0,single_overlap
9193,1,1.0,1,1.0,single_overlap
9194,1,1.0,1,1.0,single_overlap
9195,1,1.0,1,0.833333333,single_overlap
9196,1,1.0,1,1.0,single_overlap
9197,1,1.0,1,0.857142857,single_overlap
9198,1,1.0,1,1.0,single_overlap
9199,0,0.0,0,0.0,no_overlap
9200,1,1.0,1,1.0,single_overlap
9201,1,0.9,1,1.0,single_overlap
9202,1,0.823529412,0,0.0,no_overlap
9203,0,0.0,1,1.0,single_overlap
9204,1,1.0,1,1.0,single_overlap
9205,1,1.0,1,1.0,single_overlap
9206,1,1.0,1,1.0,single_overlap
9207,1,0.857142857,1,1.0,single_overlap
9208,1,0.921052632,1,1.0,single_overlap
9209,1,1.0,1,0.846153846,single_overlap
9210,1,1.0,1,1.0,single_overlap
9211,1,1.0,1,0.8,single_overlap
9212,1,0.923076923,1,1.0,single_overlap
9213,1,1.0,1,0.991525424,single_overlap
9214,1,1.0,1,0.625,single_overlap
9215,1,1.0,1,0.916666667,single_overlap
9216,1,1.0,1,1.0,single_overlap
9217,1,1.0,0,0.0,no_overlap
9218,1,1.0,1,1.0,single_overlap
9219,1,1.0,1,1.0,single_overlap
9220,1,1.0,1,1.0,single_overlap
9221,1,1.0,1,1.0,single_overlap
9222,0,0.0,1,1.0,single_overlap
9223,1,1.0,1,1.0,single_overlap
9224,1,0.990990991,1,1.0,single_overlap
9225,1,0.961538462,1,1.0,single_overlap
9226,1,1.0,1,0.951807229,single_overlap
9227,1,1.0,1,1.0,single_overlap
9228,1,1.0,1,1.0,single_overlap
9229,1,1.0,1,1.0,single_overlap
9230,1,1.0,1,1.0,single_overlap
9231,1,0.967741935,1,0.967741935,single_overlap
9232,1,1.0,1,1.0,single_overlap
9233,1,0.916666667,1,1.0,single_overlap
9234,1,1.0,1,1.0,single_overlap
9235,1,0.888888889,0,0.0,no_overlap
9236,1,1.0,1,1.0,single_overlap
9237,1,0.888888889,1,1.0,single_overlap
9238,1,0.928571429,0,0.0,no_overlap
9239,1,0.666666667,1,0.888888889,single_overlap
9240,1,1.0,1,1.0,single_overlap
9241,1,1.0,0,0.0,no_overlap
9242,1,0.913043478,1,1.0,single_overlap
9243,1,1.0,1,1.0,single_overlap
9244,1,1.0,1,1.0,single_overlap
9245,1,1.0,1,0.714285714,single_overlap
9246,0,0.0,1,1.0,single_overlap
9247,1,0.928571429,1,0.5,single_overlap
9248,0,0.0,0,0.0,no_overlap
9249,1,1.0,1,1.0,single_overlap
9250,0,0.0,0,0.0,no_overlap
9251,1,1.0,1,0.857142857,single_overlap
9252,1,1.0,1,1.0,single_overlap
9253,0,0.0,0,0.0,no_overlap
9254,1,0.80952381,1,1.0,single_overlap
9255,1,1.0,1,0.928571429,single_overlap
9256,1,1.0,1,0.9,single_overlap
9257,1,1.0,1,1.0,single_overlap
9258,1,1.0,1,1.0,single_overlap
9259,1,0.928571429,1,1.0,single_overlap
9260,1,0.956521739,1,1.0,single_overlap
9261,0,0.0,0,0.0,no_overlap
9262,1,1.0,1,1.0,single_overlap
9263,1,1.0,1,1.0,single_overlap
9264,1,1.0,1,1.0,single_overlap
9265,1,0.982683983,1,1.0,single_overlap
9266,1,1.0,0,0.0,no_overlap
9267,1,1.0,1,1.0,single_overlap
9268,1,1.0,0,0.0,no_overlap
9269,0,0.0,1,1.0,single_overlap
9270,1,1.0,1,1.0,single_overlap
9271,1,1.0,1,1.0,single_overlap
9272,1,0.896551724,1,1.0,single_overlap
9273,1,0.75,1,0.666666667,single_overlap
9274,1,1.0,1,1.0,single_overlap
9275,1,0.714285714,1,0.857142857,single_overlap
9276,1,0.941176471,1,1.0,single_overlap
9277,1,0.888888889,1,1.0,single_overlap
9278,1,0.879518072,1,0.975903614,single_overlap
9279,1,1.0,1,1.0,single_overlap
9280,1,1.0,1,1.0,single_overlap
9281,1,1.0,1,1.0,single_overlap
9282,0,0.0,1,1.0,single_overlap
9283,1,1.0,1,1.0,single_overlap
9284,1,1.0,1,1.0,single_overlap
9285,1,1.0,1,0.965517241,single_overlap
9286,1,1.0,1,1.0,single_overlap
9287,1,0.974358974,1,1.0,single_overlap
9288,1,1.0,1,1.0,single_overlap
9289,1,0.857142857,1,1.0,single_overlap
9290,1,1.0,1,1.0,single_overlap
9291,1,1.0,0,0.0,no_overlap
9292,1,1.0,1,1.0,single_overlap
9293,1,0.888888889,1,1.0,single_overlap
9294,1,1.0,1,1.0,single_overlap
9295,1,1.0,1,1.0,single_overlap
9296,1,1.0,1,1.0,single_overlap
9297,1,1.0,1,1.0,single_overlap
9298,1,0.911111111,1,1.0,single_overlap
9299,1,0.956521739,1,0.956521739,single_overlap
9300,1,0.996644295,1,1.0,single_overlap
9301,1,1.0,1,0.909090909,single_overlap
9302,1,1.0,1,1.0,single_overlap
9303,0,0.0,1,1.0,single_overlap
9304,0,0.0,1,1.0,single_overlap
9305,1,0.9,1,0.9,single_overlap
9306,1,1.0,1,1.0,single_overlap
9307,1,1.0,0,0.0,no_overlap
9308,1,0.985119048,1,1.0,single_overlap
9309,1,1.0,1,1.0,single_overlap
9310,1,1.0,1,1.0,single_overlap
9311,1,1.0,1,1.0,single_overlap
9312,1,1.0,1,0.985507246,single_overlap
9313,1,1.0,0,0.0,no_overlap
9314,1,1.0,1,1.0,single_overlap
9315,1,1.0,1,1.0,single_overlap
9316,1,1.0,1,1.0,single_overlap
9317,1,1.0,1,1.0,single_overlap
9318,1,1.0,1,1.0,single_overlap
9319,1,1.0,1,1.0,single_overlap
9320,1,1.0,1,1.0,single_overlap
9321,1,1.0,1,1.0,single_overlap
9322,1,1.0,1,1.0,single_overlap
9323,1,0.740740741,1,1.0,single_overlap
9324,1,1.0,0,0.0,no_overlap
9325,1,1.0,1,0.777777778,single_overlap
9326,1,1.0,1,1.0,single_overlap
9327,1,1.0,1,1.0,single_overlap
9328,1,1.0,1,1.0,single_overlap
9329,1,1.0,1,1.0,single_overlap
9330,1,1.0,1,1.0,single_overlap
9331,1,0.909090909,1,1.0,single_overlap
9332,1,0.923076923,1,1.0,single_overlap
9333,0,0.0,1,1.0,single_overlap
9334,1,0.991071429,1,0.991071429,single_overlap
9335,1,0.923076923,1,0.615384615,single_overlap
9336,1,1.0,1,1.0,single_overlap
9337,1,1.0,1,1.0,single_overlap
9338,1,1.0,1,1.0,single_overlap
9339,1,0.955882353,1,0.985294118,single_overlap
9340,1,1.0,1,1.0,single_overlap
9341,1,0.893617021,1,1.0,single_overlap
9342,1,1.0,1,1.0,single_overlap
9343,1,1.0,1,1.0,single_overlap
9344,1,0.931034483,1,1.0,single_overlap
9345,1,1.0,1,1.0,single_overlap
9346,1,1.0,1,1.0,single_overlap
9347,1,1.0,1,1.0,single_overlap
9348,1,1.0,1,1.0,single_overlap
9349,1,0.936507937,1,0.857142857,single_overlap
9350,1,1.0,1,1.0,single_overlap
9351,1,1.0,1,0.833333333,single_overlap
9352,1,1.0,1,1.0,single_overlap
9353,1,1.0,0,0.0,no_overlap
9354,1,0.892857143,1,1.0,single_overlap
9355,1,1.0,1,1.0,single_overlap
9356,0,0.0,0,0.0,no_overlap
9357,1,0.791666667,1,0.958333333,single_overlap
9358,1,0.944444444,1,1.0,single_overlap
9359,1,1.0,1,1.0,single_overlap
9360,1,1.0,1,1.0,single_overlap
9361,1,0.9,1,0.6,single_overlap
9362,1,1.0,1,1.0,single_overlap
9363,1,1.0,1,1.0,single_overlap
9364,1,1.0,1,1.0,single_overlap
9365,1,0.954545455,1,1.0,single_overlap
9366,1,1.0,1,1.0,single_overlap
9367,1,1.0,1,1.0,single_overlap
9368,1,1.0,0,0.0,no_overlap
9369,1,1.0,1,1.0,single_overlap
9370,1,0.965517241,1,1.0,single_overlap
9371,0,0.0,0,0.0,no_overlap
9372,1,1.0,1,1.0,single_overlap
9373,1,0.941176471,1,1.0,single_overlap
9374,1,1.0,1,1.0,single_overlap
9375,0,0.0,1,1.0,single_overlap
9376,1,1.0,1,1.0,single_overlap
9377,1,1.0,1,1.0,single_overlap
9378,1,1.0,1,1.0,single_overlap
9379,1,1.0,1,1.0,single_overlap
9380,1,1.0,1,1.0,single_overlap
9381,1,1.0,1,1.0,single_overlap
9382,1,1.0,1,1.0,single_overlap
9383,1,1.0,1,1.0,single_overlap
9384,1,1.0,1,1.0,single_overlap
9385,1,0.897959184,1,1.0,single_overlap
9386,1,1.0,1,1.0,single_overlap
9387,1,1.0,1,1.0,single_overlap
9388,1,0.953488372,1,1.0,single_overlap
9389,1,1.0,1,0.8,single_overlap
9390,1,1.0,1,1.0,single_overlap
9391,1,0.857142857,1,0.857142857,single_overlap
9392,1,1.0,1,0.833333333,single_overlap
9393,1,0.923076923,1,1.0,single_overlap
9394,1,1.0,1,1.0,single_overlap
9395,1,0.817073171,1,1.0,single_overlap
9396,1,1.0,1,1.0,single_overlap
9397,0,0.0,1,1.0,single_overlap
9398,1,0.967741935,2,0.35483871,multiple_overlaps
9399,1,1.0,1,1.0,single_overlap
9400,1,1.0,1,1.0,single_overlap
9401,1,1.0,1,1.0,single_overlap
9402,1,1.0,1,1.0,single_overlap
9403,1,1.0,1,0.933333333,single_overlap
9404,1,1.0,1,1.0,single_overlap
9405,1,0.875,1,1.0,single_overlap
9406,1,0.928571429,0,0.0,no_overlap
9407,1,1.0,1,0.959183673,single_overlap
9408,1,1.0,1,1.0,single_overlap
9409,1,0.8,1,0.866666667,single_overlap
9410,1,1.0,1,1.0,single_overlap
9411,1,1.0,1,1.0,single_overlap
9412,1,1.0,1,1.0,single_overlap
9413,1,1.0,1,1.0,single_overlap
9414,1,0.992606285,1,1.0,single_overlap
9415,1,1.0,1,1.0,single_overlap
9416,1,1.0,0,0.0,no_overlap
9417,1,1.0,1,1.0,single_overlap
9418,1,1.0,1,1.0,single_overlap
9419,1,1.0,1,1.0,single_overlap
9420,1,1.0,1,1.0,single_overlap
9421,1,1.0,1,1.0,single_overlap
9422,1,1.0,0,0.0,no_overlap
9423,1,1.0,1,1.0,single_overlap
9424,1,1.0,1,1.0,single_overlap
9425,0,0.0,1,1.0,single_overlap
9426,1,1.0,1,1.0,single_overlap
9427,1,1.0,1,1.0,single_overlap
9428,1,1.0,0,0.0,no_overlap
9429,1,1.0,1,1.0,single_overlap
9430,1,1.0,1,1.0,single_overlap
9431,1,1.0,1,0.95,single_overlap
9432,1,1.0,1,0.888888889,single_overlap
9433,1,1.0,1,1.0,single_overlap
9434,1,0.916666667,1,0.916666667,single_overlap
9435,1,1.0,0,0.0,no_overlap
9436,1,1.0,1,1.0,single_overlap
9437,1,1.0,1,0.875,single_overlap
9438,1,1.0,1,0.87755102,single_overlap
9439,1,1.0,1,1.0,single_overlap
9440,0,0.0,0,0.0,no_overlap
9441,1,0.722222222,1,0.388888889,single_overlap
9442,1,1.0,1,1.0,single_overlap
9443,1,0.954545455,1,1.0,single_overlap
9444,1,1.0,1,0.727272727,single_overlap
9445,1,1.0,1,1.0,single_overlap
9446,1,1.0,1,0.989247312,single_overlap
9447,1,0.884615385,1,1.0,single_overlap
9448,1,1.0,1,1.0,single_overlap
9449,0,0.0,1,1.0,single_overlap
9450,1,1.0,1,1.0,single_overlap
9451,1,1.0,1,1.0,single_overlap
9452,1,1.0,1,1.0,single_overlap
9453,1,1.0,1,1.0,single_overlap
9454,1,0.96,1,1.0,single_overlap
9455,2,0.905511811,1,1.0,single_overlap
9456,1,1.0,1,1.0,single_overlap
9457,1,1.0,1,1.0,single_overlap
9458,1,1.0,1,1.0,single_overlap
9459,1,1.0,1,1.0,single_overlap
9460,1,1.0,1,1.0,single_overlap
9461,1,0.833333333,1,1.0,single_overlap
9462,1,1.0,1,1.0,single_overlap
9463,1,0.933333333,1,1.0,single_overlap
9464,1,1.0,1,1.0,single_overlap
9465,1,1.0,1,1.0,single_overlap
9466,1,1.0,1,1.0,single_overlap
9467,1,0.913043478,1,0.869565217,single_overlap
9468,1,1.0,1,1.0,single_overlap
9469,1,1.0,1,1.0,single_overlap
9470,1,0.9,1,1.0,single_overlap
9471,1,1.0,0,0.0,no_overlap
9472,1,1.0,1,1.0,single_overlap
9473,1,1.0,1,1.0,single_overlap
9474,1,1.0,0,0.0,no_overlap
9475,1,0.914893617,1,1.0,single_overlap
9476,1,0.984210526,1,1.0,single_overlap
9477,1,1.0,1,1.0,single_overlap
9478,1,0.7,1,1.0,single_overlap
9479,1,1.0,1,1.0,single_overlap
9480,1,1.0,1,1.0,single_overlap
9481,1,1.0,1,0.818181818,single_overlap
9482,1,1.0,0,0.0,no_overlap
9483,1,1.0,1,1.0,single_overlap
9484,0,0.0,0,0.0,no_overlap
9485,1,0.970588235,1,0.970588235,single_overlap
9486,1,1.0,1,1.0,single_overlap
9487,1,1.0,1,1.0,single_overlap
9488,1,1.0,1,1.0,single_overlap
9489,1,1.0,1,1.0,single_overlap
9490,1,1.0,1,1.0,single_overlap
9491,1,1.0,1,1.0,single_overlap
9492,1,0.823529412,1,1.0,single_overlap
9493,0,0.0,1,0.75,single_overlap
9494,1,0.96875,1,1.0,single_overlap
9495,1,1.0,1,1.0,single_overlap
9496,1,1.0,1,1.0,single_overlap
9497,2,0.942583732,1,0.990430622,single_overlap
9498,1,1.0,1,1.0,single_overlap
9499,1,0.982142857,1,1.0,single_overlap
9500,1,1.0,1,1.0,single_overlap
9501,1,0.916666667,1,0.416666667,single_overlap
9502,1,1.0,1,1.0,single_overlap
9503,1,1.0,1,1.0,single_overlap
9504,1,1.0,1,0.988636364,single_overlap
9505,0,0.0,1,1.0,single_overlap
9506,1,0.909090909,1,1.0,single_overlap
9507,1,1.0,1,1.0,single_overlap
9508,1,1.0,1,1.0,single_overlap
9509,1,0.973684211,1,1.0,single_overlap
9510,1,1.0,1,1.0,single_overlap
9511,1,1.0,1,1.0,single_overlap
9512,1,1.0,1,1.0,single_overlap
9513,1,1.0,1,1.0,single_overlap
9514,1,1.0,1,1.0,single_overlap
9515,1,0.875,0,0.0,no_overlap
9516,0,0.0,1,0.909090909,single_overlap
9517,1,1.0,1,0.769230769,single_overlap
9518,1,1.0,1,1.0,single_overlap
9519,1,1.0,1,1.0,single_overlap
9520,1,1.0,1,1.0,single_overlap
9521,1,1.0,1,1.0,single_overlap
9522,1,0.928571429,1,1.0,single_overlap
9523,0,0.0,1,1.0,single_overlap
9524,1,1.0,0,0.0,no_overlap
9525,1,0.985507246,1,1.0,single_overlap
9526,1,1.0,1,1.0,single_overlap
9527,0,0.0,0,0.0,no_overlap
9528,1,1.0,1,1.0,single_overlap
9529,1,1.0,1,1.0,single_overlap
9530,1,1.0,1,1.0,single_overlap
9531,1,1.0,1,1.0,single_overlap
9532,1,1.0,1,1.0,single_overlap
9533,1,1.0,1,0.947368421,single_overlap
9534,1,1.0,1,1.0,single_overlap
9535,1,1.0,1,0.888888889,single_overlap
9536,1,0.903225806,1,1.0,single_overlap
9537,1,1.0,1,1.0,single_overlap
9538,0,0.0,0,0.0,no_overlap
9539,1,1.0,1,1.0,single_overlap
9540,1,0.99704142,1,1.0,single_overlap
9541,0,0.0,0,0.0,no_overlap
9542,1,1.0,1,1.0,single_overlap
9543,1,1.0,1,1.0,single_overlap
9544,1,0.981481481,1,1.0,single_overlap
9545,1,1.0,1,1.0,single_overlap
9546,1,1.0,1,1.0,single_overlap
9547,0,0.0,1,0.085714286,single_overlap
9548,1,0.75,0,0.0,no_overlap
9549,1,1.0,1,1.0,single_overlap
9550,1,1.0,1,1.0,single_overlap
9551,1,0.857142857,1,0.714285714,single_overlap
9552,1,1.0,1,1.0,single_overlap
9553,1,1.0,1,1.0,single_overlap
9554,1,0.928571429,1,1.0,single_overlap
9555,1,0.916666667,1,1.0,single_overlap
9556,1,1.0,1,1.0,single_overlap
9557,1,0.846153846,1,0.461538462,single_overlap
9558,1,1.0,1,1.0,single_overlap
9559,1,1.0,1,1.0,single_overlap
9560,1,1.0,1,1.0,single_overlap
9561,1,1.0,1,1.0,single_overlap
9562,1,1.0,1,1.0,single_overlap
9563,1,1.0,1,1.0,single_overlap
9564,1,1.0,1,1.0,single_overlap
9565,1,1.0,1,1.0,single_overlap
9566,1,1.0,1,1.0,single_overlap
9567,1,1.0,1,1.0,single_overlap
9568,1,1.0,1,1.0,single_overlap
9569,1,1.0,1,1.0,single_overlap
9570,0,0.0,1,0.076923077,single_overlap
9571,1,1.0,1,0.918367347,single_overlap
9572,1,1.0,1,1.0,single_overlap
9573,0,0.0,0,0.0,no_overlap
9574,1,0.991408935,1,1.0,single_overlap
9575,1,1.0,1,1.0,single_overlap
9576,1,1.0,1,1.0,single_overlap
9577,0,0.0,0,0.0,no_overlap
9578,1,1.0,1,1.0,single_overlap
9579,1,1.0,1,1.0,single_overlap
9580,2,0.913580247,1,1.0,single_overlap
9581,1,1.0,1,1.0,single_overlap
9582,1,1.0,1,1.0,single_overlap
9583,1,1.0,1,1.0,single_overlap
9584,1,1.0,1,1.0,single_overlap
9585,1,1.0,0,0.0,no_overlap
9586,1,1.0,1,1.0,single_overlap
9587,1,0.984230056,3,0.87012987,multiple_overlaps
9588,1,1.0,1,1.0,single_overlap
9589,1,1.0,1,1.0,single_overlap
9590,1,1.0,1,1.0,single_overlap
9591,0,0.0,1,1.0,single_overlap
9592,2,0.964705882,1,1.0,single_overlap
9593,1,1.0,1,1.0,single_overlap
9594,1,1.0,1,1.0,single_overlap
9595,1,0.960784314,1,0.960784314,single_overlap
9596,1,1.0,1,1.0,single_overlap
9597,0,0.0,1,1.0,single_overlap
9598,1,1.0,1,1.0,single_overlap
9599,1,1.0,1,1.0,single_overlap
9600,1,1.0,1,1.0,single_overlap
9601,1,0.913043478,1,1.0,single_overlap
9602,1,1.0,1,0.933333333,single_overlap
9603,1,0.996732026,2,1.0,multiple_overlaps
9604,1,1.0,1,1.0,single_overlap
9605,1,0.9,1,1.0,single_overlap
9606,1,1.0,1,1.0,single_overlap
9607,1,1.0,1,1.0,single_overlap
9608,1,1.0,1,1.0,single_overlap
9609,1,1.0,1,1.0,single_overlap
9610,1,0.87037037,1,0.962962963,single_overlap
9611,0,0.0,1,1.0,single_overlap
9612,1,1.0,1,1.0,single_overlap
9613,1,1.0,1,1.0,single_overlap
9614,1,0.944444444,1,1.0,single_overlap
9615,1,1.0,0,0.0,no_overlap
9616,1,0.956521739,1,1.0,single_overlap
9617,1,1.0,1,1.0,single_overlap
9618,1,1.0,1,1.0,single_overlap
9619,1,1.0,1,1.0,single_overlap
9620,1,0.954545455,1,1.0,single_overlap
9621,1,0.96,1,1.0,single_overlap
9622,1,0.95,0,0.0,no_overlap
9623,1,1.0,1,0.857142857,single_overlap
9624,1,0.882352941,1,1.0,single_overlap
9625,0,0.0,1,0.8,single_overlap
9626,1,0.9,1,1.0,single_overlap
9627,1,1.0,1,1.0,single_overlap
9628,1,1.0,1,1.0,single_overlap
9629,1,1.0,1,1.0,single_overlap
9630,1,1.0,1,1.0,single_overlap
9631,1,1.0,1,0.857142857,single_overlap
9632,1,1.0,1,0.9875,single_overlap
9633,1,1.0,0,0.0,no_overlap
9634,1,1.0,1,1.0,single_overlap
9635,1,1.0,1,1.0,single_overlap
9636,1,1.0,1,1.0,single_overlap
9637,1,1.0,1,1.0,single_overlap
9638,0,0.0,1,0.7,single_overlap
9639,1,1.0,1,1.0,single_overlap
9640,1,0.916666667,1,1.0,single_overlap
9641,0,0.0,1,1.0,single_overlap
9642,1,1.0,0,0.0,no_overlap
9643,1,0.716814159,1,1.0,single_overlap
9644,1,1.0,1,0.222222222,single_overlap
9645,1,1.0,1,0.875,single_overlap
9646,1,1.0,1,1.0,single_overlap
9647,1,1.0,1,0.894736842,single_overlap
9648,1,1.0,1,1.0,single_overlap
9649,1,0.928571429,0,0.0,no_overlap
9650,1,1.0,1,1.0,single_overlap
9651,1,0.95,1,1.0,single_overlap
9652,1,1.0,0,0.0,no_overlap
9653,1,1.0,1,0.525423729,single_overlap
9654,1,1.0,1,1.0,single_overlap
9655,1,1.0,1,1.0,single_overlap
9656,1,1.0,1,1.0,single_overlap
9657,1,1.0,1,1.0,single_overlap
9658,1,1.0,1,1.0,single_overlap
9659,1,1.0,1,0.916666667,single_overlap
9660,1,0.967741935,0,0.0,no_overlap
9661,1,1.0,1,1.0,single_overlap
9662,1,0.565217391,1,0.97826087,single_overlap
9663,1,0.979195562,3,0.94036061,multiple_overlaps
9664,1,1.0,1,1.0,single_overlap
9665,1,1.0,1,1.0,single_overlap
9666,1,1.0,0,0.0,no_overlap
9667,1,1.0,1,1.0,single_overlap
9668,1,0.944444444,1,1.0,single_overlap
9669,1,1.0,0,0.0,no_overlap
9670,1,1.0,1,1.0,single_overlap
9671,1,1.0,0,0.0,no_overlap
9672,1,1.0,1,1.0,single_overlap
9673,1,1.0,1,1.0,single_overlap
9674,1,1.0,1,1.0,single_overlap
9675,1,0.75,1,0.875,single_overlap
9676,1,1.0,0,0.0,no_overlap
9677,1,1.0,1,1.0,single_overlap
9678,0,0.0,0,0.0,no_overlap
9679,1,1.0,1,1.0,single_overlap
9680,1,0.975609756,1,1.0,single_overlap
9681,1,1.0,1,1.0,single_overlap
9682,1,0.987179487,1,1.0,single_overlap
9683,1,1.0,1,1.0,single_overlap
9684,1,0.942857143,1,1.0,single_overlap
9685,1,0.875,1,1.0,single_overlap
9686,1,1.0,1,1.0,single_overlap
9687,0,0.0,1,1.0,single_overlap
9688,1,1.0,1,1.0,single_overlap
9689,1,0.692307692,1,0.769230769,single_overlap
9690,1,1.0,1,1.0,single_overlap
9691,1,1.0,1,1.0,single_overlap
9692,1,1.0,1,0.987012987,single_overlap
9693,1,0.916666667,1,1.0,single_overlap
9694,1,1.0,1,1.0,single_overlap
9695,1,1.0,1,1.0,single_overlap
9696,1,1.0,1,1.0,single_overlap
9697,1,0.9,1,1.0,single_overlap
9698,1,1.0,1,0.392857143,single_overlap
9699,0,0.0,0,0.0,no_overlap
9700,1,1.0,1,1.0,single_overlap
9701,1,1.0,1,1.0,single_overlap
9702,1,0.944,1,1.0,single_overlap
9703,1,1.0,1,1.0,single_overlap
9704,1,0.958333333,1,1.0,single_overlap
9705,1,1.0,0,0.0,no_overlap
9706,1,1.0,0,0.0,no_overlap
9707,1,1.0,1,0.875,single_overlap
9708,1,1.0,1,1.0,single_overlap
9709,1,1.0,0,0.0,no_overlap
9710,1,0.9375,0,0.0,no_overlap
9711,1,1.0,1,1.0,single_overlap
9712,1,1.0,1,1.0,single_overlap
9713,1,0.875,1,1.0,single_overlap
9714,1,1.0,0,0.0,no_overlap
9715,1,0.857142857,1,1.0,single_overlap
9716,1,1.0,1,1.0,single_overlap
9717,1,0.988142292,1,1.0,single_overlap
9718,1,0.956521739,1,1.0,single_overlap
9719,1,1.0,1,0.833333333,single_overlap
9720,1,1.0,2,0.984615385,multiple_overlaps
9721,1,0.857142857,1,1.0,single_overlap
9722,1,1.0,1,1.0,single_overlap
9723,1,1.0,0,0.0,no_overlap
9724,1,0.931034483,1,1.0,single_overlap
9725,1,1.0,1,1.0,single_overlap
9726,1,1.0,1,1.0,single_overlap
9727,0,0.0,0,0.0,no_overlap
9728,1,1.0,1,1.0,single_overlap
9729,0,0.0,1,1.0,single_overlap
9730,1,1.0,1,0.888888889,single_overlap
9731,1,1.0,1,1.0,single_overlap
9732,1,1.0,1,1.0,single_overlap
9733,1,0.971428571,1,1.0,single_overlap
9734,1,1.0,1,1.0,single_overlap
9735,1,0.965517241,1,1.0,single_overlap
9736,1,1.0,1,1.0,single_overlap
9737,1,1.0,2,0.991341991,multiple_overlaps
9738,1,1.0,1,1.0,single_overlap
9739,1,1.0,1,1.0,single_overlap
9740,1,1.0,0,0.0,no_overlap
9741,1,1.0,1,0.5,single_overlap
9742,1,1.0,1,1.0,single_overlap
9743,1,1.0,1,0.956521739,single_overlap
9744,1,1.0,1,1.0,single_overlap
9745,1,1.0,1,1.0,single_overlap
9746,1,0.993710692,1,1.0,single_overlap
9747,1,1.0,1,1.0,single_overlap
9748,1,1.0,1,1.0,single_overlap
9749,1,1.0,1,1.0,single_overlap
9750,2,0.931506849,1,1.0,single_overlap
9751,1,1.0,1,0.888888889,single_overlap
9752,1,1.0,1,1.0,single_overlap
9753,1,1.0,1,1.0,single_overlap
9754,1,1.0,1,0.481481481,single_overlap
9755,1,1.0,1,1.0,single_overlap
9756,1,1.0,1,1.0,single_overlap
9757,0,0.0,1,0.6,single_overlap
9758,1,0.942857143,1,1.0,single_overlap
9759,1,1.0,1,1.0,single_overlap
9760,1,0.9375,1,1.0,single_overlap
9761,1,0.9375,1,1.0,single_overlap
9762,1,0.875,0,0.0,no_overlap
9763,1,1.0,1,1.0,single_overlap
9764,1,0.9,0,0.0,no_overlap
9765,2,0.979381443,2,0.989690722,multiple_overlaps
9766,1,1.0,1,1.0,single_overlap
9767,1,1.0,1,1.0,single_overlap
9768,1,1.0,1,1.0,single_overlap
9769,1,0.979310345,1,1.0,single_overlap
9770,1,0.983739837,1,1.0,single_overlap
9771,1,1.0,1,1.0,single_overlap
9772,1,1.0,0,0.0,no_overlap
9773,1,0.829268293,1,1.0,single_overlap
9774,1,0.944444444,1,1.0,single_overlap
9775,1,0.769230769,1,0.923076923,single_overlap
9776,1,1.0,1,1.0,single_overlap
9777,0,0.0,1,1.0,single_overlap
9778,1,1.0,1,1.0,single_overlap
9779,1,0.8,1,1.0,single_overlap
9780,1,1.0,1,1.0,single_overlap
9781,0,0.0,1,0.555555556,single_overlap
9782,1,0.962962963,1,1.0,single_overlap
9783,1,0.882352941,0,0.0,no_overlap
9784,1,1.0,1,1.0,single_overlap
9785,1,0.909090909,1,1.0,single_overlap
9786,1,1.0,1,1.0,single_overlap
9787,1,0.88,1,0.92,single_overlap
9788,1,1.0,1,1.0,single_overlap
9789,1,1.0,1,0.875,single_overlap
9790,1,1.0,1,0.992481203,single_overlap
9791,1,1.0,1,1.0,single_overlap
9792,1,1.0,1,1.0,single_overlap
9793,1,0.996415771,1,1.0,single_overlap
9794,0,0.0,0,0.0,no_overlap
9795,1,1.0,1,1.0,single_overlap
9796,1,0.992063492,1,0.992063492,single_overlap
9797,1,1.0,1,1.0,single_overlap
9798,0,0.0,0,0.0,no_overlap
9799,1,0.9375,1,1.0,single_overlap
9800,1,0.972972973,1,1.0,single_overlap
9801,1,1.0,1,1.0,single_overlap
9802,1,0.901960784,1,1.0,single_overlap
9803,1,1.0,1,1.0,single_overlap
9804,1,1.0,1,1.0,single_overlap
9805,1,1.0,1,1.0,single_overlap
9806,1,1.0,1,1.0,single_overlap
9807,0,0.0,1,1.0,single_overlap
9808,1,1.0,1,1.0,single_overlap
9809,1,0.576923077,0,0.0,no_overlap
9810,1,0.965517241,1,1.0,single_overlap
9811,1,1.0,1,1.0,single_overlap
9812,1,1.0,1,1.0,single_overlap
9813,1,1.0,0,0.0,no_overlap
9814,1,1.0,1,1.0,single_overlap
9815,1,1.0,1,1.0,single_overlap
9816,1,1.0,1,1.0,single_overlap
9817,0,0.0,0,0.0,no_overlap
9818,1,0.882352941,1,1.0,single_overlap
9819,1,1.0,1,0.454545455,single_overlap
9820,1,1.0,1,1.0,single_overlap
9821,1,1.0,1,1.0,single_overlap
9822,0,0.0,0,0.0,no_overlap
9823,1,0.863636364,1,1.0,single_overlap
9824,1,0.941176471,1,1.0,single_overlap
9825,1,1.0,1,0.794117647,single_overlap
9826,1,1.0,1,1.0,single_overlap
9827,1,1.0,0,0.0,no_overlap
9828,1,1.0,1,1.0,single_overlap
9829,1,0.9,1,0.8,single_overlap
9830,1,1.0,1,1.0,single_overlap
9831,1,0.857142857,1,0.857142857,single_overlap
9832,1,1.0,1,1.0,single_overlap
9833,1,0.866666667,1,1.0,single_overlap
9834,1,0.96,1,1.0,single_overlap
9835,1,1.0,1,1.0,single_overlap
9836,1,1.0,1,1.0,single_overlap
9837,1,1.0,0,0.0,no_overlap
9838,1,1.0,1,1.0,single_overlap
9839,1,1.0,1,1.0,single_overlap
9840,1,1.0,1,1.0,single_overlap
9841,0,0.0,0,0.0,no_overlap
9842,1,1.0,1,1.0,single_overlap
9843,1,1.0,1,0.5,single_overlap
9844,1,1.0,1,1.0,single_overlap
9845,1,1.0,1,1.0,single_overlap
9846,1,1.0,1,1.0,single_overlap
9847,1,0.989928058,2,0.935251799,multiple_overlaps
9848,1,0.9375,1,1.0,single_overlap
9849,1,1.0,1,1.0,single_overlap
9850,1,0.941176471,1,1.0,single_overlap
9851,1,1.0,1,1.0,single_overlap
9852,1,1.0,1,1.0,single_overlap
9853,0,0.0,1,1.0,single_overlap
9854,1,1.0,1,1.0,single_overlap
9855,1,1.0,1,1.0,single_overlap
9856,1,0.92,1,1.0,single_overlap
9857,1,0.933333333,2,1.0,multiple_overlaps
9858,1,1.0,1,1.0,single_overlap
9859,1,0.8,1,1.0,single_overlap
9860,1,1.0,1,1.0,single_overlap
9861,1,1.0,0,0.0,no_overlap
9862,1,1.0,1,1.0,single_overlap
9863,1,1.0,1,1.0,single_overlap
9864,1,1.0,1,1.0,single_overlap
9865,1,0.925925926,0,0.0,no_overlap
9866,1,1.0,1,1.0,single_overlap
9867,1,0.875,1,1.0,single_overlap
9868,1,0.916666667,1,1.0,single_overlap
9869,1,0.888888889,1,0.888888889,single_overlap
9870,1,1.0,1,1.0,single_overlap
9871,1,1.0,1,0.909090909,single_overlap
9872,1,1.0,1,1.0,single_overlap
9873,1,1.0,1,1.0,single_overlap
9874,1,1.0,1,1.0,single_overlap
9875,0,0.0,0,0.0,no_overlap
9876,1,1.0,1,1.0,single_overlap
9877,1,1.0,1,0.769230769,single_overlap
9878,1,0.769230769,1,1.0,single_overlap
9879,1,0.956521739,1,1.0,single_overlap
9880,1,1.0,1,1.0,single_overlap
9881,1,0.903225806,1,1.0,single_overlap
9882,1,0.904255319,1,1.0,single_overlap
9883,1,0.975609756,1,1.0,single_overlap
9884,1,1.0,0,0.0,no_overlap
9885,1,1.0,1,1.0,single_overlap
9886,1,1.0,0,0.0,no_overlap
9887,1,1.0,1,0.866666667,single_overlap
9888,1,1.0,1,1.0,single_overlap
9889,1,1.0,1,1.0,single_overlap
9890,1,1.0,1,1.0,single_overlap
9891,1,1.0,1,0.923076923,single_overlap
9892,1,1.0,1,1.0,single_overlap
9893,1,0.875,1,0.625,single_overlap
9894,1,1.0,1,1.0,single_overlap
9895,1,1.0,1,0.987714988,single_overlap
9896,1,1.0,1,1.0,single_overlap
9897,1,0.862068966,0,0.0,no_overlap
9898,1,1.0,1,1.0,single_overlap
9899,1,0.733333333,0,0.0,no_overlap
9900,1,1.0,0,0.0,no_overlap
9901,0,0.0,1,1.0,single_overlap
9902,1,1.0,1,1.0,single_overlap
9903,1,0.97826087,1,1.0,single_overlap
9904,1,1.0,1,1.0,single_overlap
9905,1,0.882352941,1,1.0,single_overlap
9906,1,1.0,1,1.0,single_overlap
9907,1,0.816326531,1,0.306122449,single_overlap
9908,1,1.0,1,1.0,single_overlap
9909,1,1.0,1,1.0,single_overlap
9910,0,0.0,1,1.0,single_overlap
9911,1,0.733333333,1,0.066666667,single_overlap
9912,1,1.0,1,1.0,single_overlap
9913,1,0.997750281,1,1.0,single_overlap
9914,1,1.0,1,1.0,single_overlap
9915,1,0.923076923,1,0.923076923,single_overlap
9916,1,1.0,1,1.0,single_overlap
9917,1,1.0,1,0.956521739,single_overlap
9918,1,1.0,1,1.0,single_overlap
9919,1,1.0,1,1.0,single_overlap
9920,1,0.888888889,1,1.0,single_overlap
9921,1,1.0,1,1.0,single_overlap
9922,1,0.972972973,1,1.0,single_overlap
9923,1,0.979591837,1,1.0,single_overlap
9924,1,1.0,1,1.0,single_overlap
9925,1,1.0,1,1.0,single_overlap
9926,1,1.0,1,1.0,single_overlap
9927,1,0.8,0,0.0,no_overlap
9928,1,1.0,1,1.0,single_overlap
9929,1,1.0,1,1.0,single_overlap
9930,1,0.970588235,1,1.0,single_overlap
9931,1,1.0,1,0.636363636,single_overlap
9932,1,1.0,1,1.0,single_overlap
9933,1,1.0,1,1.0,single_overlap
9934,1,0.916666667,1,1.0,single_overlap
9935,1,1.0,1,0.9,single_overlap
9936,1,1.0,1,1.0,single_overlap
9937,1,1.0,1,0.925925926,single_overlap
9938,1,1.0,1,1.0,single_overlap
9939,0,0.0,0,0.0,no_overlap
9940,1,1.0,1,1.0,single_overlap
9941,0,0.0,0,0.0,no_overlap
9942,1,1.0,1,1.0,single_overlap
9943,1,1.0,1,0.928571429,single_overlap
9944,0,0.0,0,0.0,no_overlap
9945,1,1.0,1,1.0,single_overlap
9946,0,0.0,0,0.0,no_overlap
9947,1,1.0,0,0.0,no_overlap
9948,1,1.0,1,1.0,single_overlap
9949,1,1.0,1,1.0,single_overlap
9950,1,1.0,1,1.0,single_overlap
9951,1,1.0,1,1.0,single_overlap
9952,1,0.814814815,1,0.962962963,single_overlap
9953,1,1.0,1,1.0,single_overlap
9954,1,0.869565217,1,1.0,single_overlap
9955,1,0.894736842,1,0.947368421,single_overlap
9956,1,1.0,0,0.0,no_overlap
9957,0,0.0,0,0.0,no_overlap
9958,1,1.0,1,1.0,single_overlap
9959,1,1.0,1,1.0,single_overlap
9960,1,1.0,1,1.0,single_overlap
9961,1,0.903846154,1,1.0,single_overlap
9962,1,1.0,1,1.0,single_overlap
9963,1,1.0,1,1.0,single_overlap
9964,1,1.0,1,1.0,single_overlap
9965,1,0.978723404,1,1.0,single_overlap
9966,1,0.952380952,1,1.0,single_overlap
9967,1,0.6,1,1.0,single_overlap
9968,1,1.0,1,1.0,single_overlap
9969,1,1.0,1,1.0,single_overlap
9970,1,1.0,1,1.0,single_overlap
9971,1,1.0,1,0.923076923,single_overlap
9972,1,0.925925926,1,1.0,single_overlap
9973,1,1.0,0,0.0,no_overlap
9974,1,0.9375,1,1.0,single_overlap
9975,1,0.928571429,1,0.857142857,single_overlap
9976,1,1.0,1,1.0,single_overlap
9977,1,1.0,1,1.0,single_overlap
9978,1,1.0,1,1.0,single_overlap
9979,1,1.0,1,1.0,single_overlap
9980,1,1.0,1,1.0,single_overlap
9981,1,0.986842105,1,1.0,single_overlap
9982,1,1.0,1,1.0,single_overlap
9983,1,0.964285714,1,0.892857143,single_overlap
9984,1,1.0,1,1.0,single_overlap
9985,1,0.833333333,1,1.0,single_overlap
9986,1,1.0,1,0.666666667,single_overlap
9987,1,1.0,1,1.0,single_overlap
9988,1,1.0,1,1.0,single_overlap
9989,1,1.0,1,1.0,single_overlap
9990,1,1.0,1,1.0,single_overlap
9991,1,1.0,1,1.0,single_overlap
9992,1,1.0,1,1.0,single_overlap
9993,0,0.0,0,0.0,no_overlap
9994,1,1.0,1,1.0,single_overlap
9995,1,1.0,1,1.0,single_overlap
9996,1,1.0,1,1.0,single_overlap
9997,1,1.0,1,1.0,single_overlap
9998,1,1.0,1,1.0,single_overlap
9999,1,1.0,1,1.0,single_overlap
10000,1,1.0,1,1.0,single_overlap
10001,0,0.0,1,1.0,single_overlap
10002,1,0.976190476,1,1.0,single_overlap
10003,1,1.0,1,1.0,single_overlap
10004,0,0.0,0,0.0,no_overlap
10005,1,0.911764706,1,0.882352941,single_overlap
10006,1,1.0,1,1.0,single_overlap
10007,1,1.0,0,0.0,no_overlap
10008,0,0.0,1,1.0,single_overlap
10009,0,0.0,1,1.0,single_overlap
10010,1,1.0,1,1.0,single_overlap
10011,1,0.722222222,0,0.0,no_overlap
10012,1,0.980769231,1,0.923076923,single_overlap
10013,2,0.967914439,1,1.0,single_overlap
10014,1,1.0,1,1.0,single_overlap
10015,0,0.0,0,0.0,no_overlap
10016,1,1.0,1,1.0,single_overlap
10017,1,0.75,0,0.0,no_overlap
10018,1,1.0,1,1.0,single_overlap
10019,1,1.0,1,1.0,single_overlap
10020,1,1.0,1,1.0,single_overlap
10021,1,0.92,1,1.0,single_overlap
10022,1,1.0,1,1.0,single_overlap
10023,1,1.0,1,0.642857143,single_overlap
10024,1,1.0,1,1.0,single_overlap
10025,1,1.0,1,0.947368421,single_overlap
10026,1,0.990909091,1,1.0,single_overlap
10027,1,1.0,1,1.0,single_overlap
10028,1,1.0,1,1.0,single_overlap
10029,1,0.90625,1,0.875,single_overlap
10030,1,1.0,0,0.0,no_overlap
10031,1,1.0,1,0.916666667,single_overlap
10032,1,1.0,1,1.0,single_overlap
10033,1,1.0,1,1.0,single_overlap
10034,1,1.0,1,1.0,single_overlap
10035,1,1.0,1,1.0,single_overlap
10036,1,1.0,1,1.0,single_overlap
10037,0,0.0,1,1.0,single_overlap
10038,1,1.0,1,1.0,single_overlap
10039,1,0.916666667,1,1.0,single_overlap
10040,1,1.0,1,1.0,single_overlap
10041,1,1.0,1,1.0,single_overlap
10042,1,1.0,1,1.0,single_overlap
10043,1,0.909090909,0,0.0,no_overlap
10044,1,1.0,1,1.0,single_overlap
10045,1,1.0,0,0.0,no_overlap
10046,1,1.0,1,0.285714286,single_overlap
10047,1,1.0,1,0.984126984,single_overlap
10048,1,1.0,1,1.0,single_overlap
10049,1,0.95,1,1.0,single_overlap
10050,1,1.0,1,1.0,single_overlap
10051,1,0.944444444,1,0.611111111,single_overlap
10052,1,1.0,1,1.0,single_overlap
10053,1,1.0,1,1.0,single_overlap
10054,1,1.0,1,1.0,single_overlap
10055,1,1.0,0,0.0,no_overlap
10056,1,0.939393939,1,1.0,single_overlap
10057,1,0.904761905,1,1.0,single_overlap
10058,1,0.925925926,1,1.0,single_overlap
10059,1,1.0,1,1.0,single_overlap
10060,1,1.0,1,1.0,single_overlap
10061,1,1.0,1,0.846153846,single_overlap
10062,1,1.0,1,1.0,single_overlap
10063,1,1.0,0,0.0,no_overlap
10064,1,1.0,1,1.0,single_overlap
10065,1,1.0,1,0.987341772,single_overlap
10066,1,1.0,1,1.0,single_overlap
10067,1,1.0,0,0.0,no_overlap
10068,1,1.0,1,1.0,single_overlap
10069,1,1.0,1,1.0,single_overlap
10070,1,1.0,1,1.0,single_overlap
10071,1,1.0,1,1.0,single_overlap
10072,1,0.954545455,1,1.0,single_overlap
10073,1,1.0,1,0.97826087,single_overlap
10074,1,1.0,1,1.0,single_overlap
10075,1,1.0,1,0.571428571,single_overlap
10076,1,1.0,1,1.0,single_overlap
10077,1,1.0,1,1.0,single_overlap
10078,1,1.0,1,1.0,single_overlap
10079,1,1.0,1,1.0,single_overlap
10080,1,1.0,1,1.0,single_overlap
10081,1,0.981481481,3,0.37037037,multiple_overlaps
10082,1,1.0,1,1.0,single_overlap
10083,1,1.0,1,0.909090909,single_overlap
10084,1,1.0,1,1.0,single_overlap
10085,0,0.0,0,0.0,no_overlap
10086,1,1.0,1,1.0,single_overlap
10087,1,1.0,1,1.0,single_overlap
10088,1,1.0,1,1.0,single_overlap
10089,1,1.0,1,1.0,single_overlap
10090,1,1.0,1,1.0,single_overlap
10091,1,1.0,1,0.927272727,single_overlap
10092,1,1.0,1,1.0,single_overlap
10093,1,1.0,1,1.0,single_overlap
10094,1,1.0,1,1.0,single_overlap
10095,1,1.0,1,1.0,single_overlap
10096,1,1.0,1,1.0,single_overlap
10097,1,0.848837209,1,0.76744186,single_overlap
10098,1,0.993762994,1,1.0,single_overlap
10099,1,1.0,1,1.0,single_overlap
10100,1,0.970588235,1,1.0,single_overlap
10101,1,1.0,1,1.0,single_overlap
10102,1,1.0,1,1.0,single_overlap
10103,1,0.8125,1,1.0,single_overlap
10104,1,1.0,1,1.0,single_overlap
10105,1,0.9,1,1.0,single_overlap
10106,0,0.0,1,1.0,single_overlap
10107,1,0.928571429,1,1.0,single_overlap
10108,1,1.0,1,1.0,single_overlap
10109,1,1.0,0,0.0,no_overlap
10110,1,1.0,1,1.0,single_overlap
10111,1,1.0,1,1.0,single_overlap
10112,1,0.971698113,1,1.0,single_overlap
10113,1,1.0,1,1.0,single_overlap
10114,1,1.0,1,1.0,single_overlap
10115,1,1.0,1,1.0,single_overlap
10116,1,1.0,1,1.0,single_overlap
10117,1,1.0,1,0.866666667,single_overlap
10118,1,1.0,1,1.0,single_overlap
10119,1,0.974842767,1,0.987421384,single_overlap
10120,1,0.984084881,1,1.0,single_overlap
10121,1,0.97515528,1,1.0,single_overlap
10122,1,1.0,1,0.916666667,single_overlap
10123,1,1.0,1,1.0,single_overlap
10124,1,0.964285714,1,1.0,single_overlap
10125,1,0.958333333,1,0.916666667,single_overlap
10126,1,1.0,1,1.0,single_overlap
10127,1,1.0,1,1.0,single_overlap
10128,1,0.941176471,1,1.0,single_overlap
10129,1,1.0,1,0.941176471,single_overlap
10130,1,1.0,1,0.977272727,single_overlap
10131,1,0.9,1,1.0,single_overlap
10132,1,1.0,1,0.966666667,single_overlap
10133,1,0.957446809,1,0.638297872,single_overlap
10134,1,1.0,1,1.0,single_overlap
10135,1,1.0,1,1.0,single_overlap
10136,1,0.952380952,1,1.0,single_overlap
10137,1,1.0,1,0.533333333,single_overlap
10138,1,1.0,1,1.0,single_overlap
10139,1,0.888888889,1,1.0,single_overlap
10140,1,0.941176471,1,1.0,single_overlap
10141,1,1.0,1,0.757575758,single_overlap
10142,1,1.0,1,1.0,single_overlap
10143,1,1.0,1,1.0,single_overlap
10144,1,1.0,1,1.0,single_overlap
10145,1,0.987179487,0,0.0,no_overlap
10146,0,0.0,1,1.0,single_overlap
10147,1,0.967741935,1,1.0,single_overlap
10148,1,1.0,1,1.0,single_overlap
10149,1,1.0,1,0.75,single_overlap
10150,1,1.0,1,1.0,single_overlap
10151,1,1.0,1,1.0,single_overlap
10152,1,1.0,1,1.0,single_overlap
10153,1,1.0,1,0.416666667,single_overlap
10154,1,1.0,1,1.0,single_overlap
10155,1,1.0,1,1.0,single_overlap
10156,1,1.0,1,1.0,single_overlap
10157,1,1.0,0,0.0,no_overlap
10158,1,1.0,1,1.0,single_overlap
10159,1,1.0,1,1.0,single_overlap
10160,1,0.947368421,1,1.0,single_overlap
10161,1,1.0,1,1.0,single_overlap
10162,1,1.0,1,1.0,single_overlap
10163,0,0.0,1,1.0,single_overlap
10164,1,1.0,1,1.0,single_overlap
10165,1,1.0,1,1.0,single_overlap
10166,1,0.995798319,1,1.0,single_overlap
10167,1,0.970149254,1,0.447761194,single_overlap
10168,1,1.0,1,1.0,single_overlap
10169,1,1.0,1,0.5,single_overlap
10170,1,1.0,1,1.0,single_overlap
10171,1,1.0,0,0.0,no_overlap
10172,1,1.0,1,1.0,single_overlap
10173,1,0.9,1,1.0,single_overlap
10174,0,0.0,1,1.0,single_overlap
10175,1,1.0,0,0.0,no_overlap
10176,1,1.0,1,1.0,single_overlap
10177,1,0.95,0,0.0,no_overlap
10178,1,0.964912281,1,1.0,single_overlap
10179,1,1.0,1,1.0,single_overlap
10180,1,1.0,0,0.0,no_overlap
10181,0,0.0,1,0.470588235,single_overlap
10182,1,1.0,1,1.0,single_overlap
10183,0,0.0,0,0.0,no_overlap
10184,1,1.0,1,1.0,single_overlap
10185,1,1.0,1,1.0,single_overlap
10186,1,1.0,1,1.0,single_overlap
10187,1,1.0,1,0.405063291,single_overlap
10188,1,1.0,1,1.0,single_overlap
10189,1,1.0,1,0.941176471,single_overlap
10190,1,0.965517241,1,1.0,single_overlap
10191,1,1.0,1,1.0,single_overlap
10192,1,1.0,0,0.0,no_overlap
10193,1,1.0,1,1.0,single_overlap
10194,1,1.0,1,1.0,single_overlap
10195,1,1.0,1,1.0,single_overlap
10196,1,1.0,1,1.0,single_overlap
10197,1,0.923076923,1,1.0,single_overlap
10198,1,1.0,1,1.0,single_overlap
10199,1,0.909090909,1,1.0,single_overlap
10200,1,0.96969697,1,1.0,single_overlap
10201,1,1.0,0,0.0,no_overlap
10202,1,1.0,1,1.0,single_overlap
10203,1,0.913043478,1,1.0,single_overlap
10204,1,1.0,1,1.0,single_overlap
10205,1,1.0,1,1.0,single_overlap
10206,1,1.0,1,0.966666667,single_overlap
10207,1,1.0,1,0.846153846,single_overlap
10208,1,1.0,1,1.0,single_overlap
10209,0,0.0,0,0.0,no_overlap
10210,1,1.0,1,1.0,single_overlap
10211,0,0.0,1,1.0,single_overlap
10212,1,1.0,1,1.0,single_overlap
10213,1,1.0,1,0.954545455,single_overlap
10214,1,1.0,1,1.0,single_overlap
10215,1,1.0,1,0.948387097,single_overlap
10216,1,1.0,1,0.833333333,single_overlap
10217,1,0.96,1,0.88,single_overlap
10218,1,1.0,1,1.0,single_overlap
10219,1,0.925925926,1,1.0,single_overlap
10220,1,1.0,1,1.0,single_overlap
10221,1,1.0,1,0.974358974,single_overlap
10222,0,0.0,1,1.0,single_overlap
10223,0,0.0,1,1.0,single_overlap
10224,1,1.0,1,1.0,single_overlap
10225,1,0.931034483,1,1.0,single_overlap
10226,1,1.0,1,1.0,single_overlap
10227,1,1.0,1,1.0,single_overlap
10228,1,1.0,1,1.0,single_overlap
10229,1,1.0,1,0.932432432,single_overlap
10230,1,1.0,1,1.0,single_overlap
10231,1,0.961904762,1,1.0,single_overlap
10232,1,0.989795918,1,1.0,single_overlap
10233,1,1.0,0,0.0,no_overlap
10234,1,1.0,1,1.0,single_overlap
10235,1,1.0,0,0.0,no_overlap
10236,1,1.0,1,1.0,single_overlap
10237,1,1.0,1,1.0,single_overlap
10238,1,1.0,1,1.0,single_overlap
10239,1,1.0,1,1.0,single_overlap
10240,0,0.0,1,0.941176471,single_overlap
10241,1,1.0,1,1.0,single_overlap
10242,1,1.0,1,1.0,single_overlap
10243,1,1.0,1,0.487179487,single_overlap
10244,1,0.988764045,1,1.0,single_overlap
10245,1,1.0,1,0.92,single_overlap
10246,1,1.0,1,1.0,single_overlap
10247,1,1.0,0,0.0,no_overlap
10248,1,1.0,1,1.0,single_overlap
10249,1,1.0,0,0.0,no_overlap
10250,1,1.0,1,1.0,single_overlap
10251,1,1.0,1,1.0,single_overlap
10252,1,1.0,1,1.0,single_overlap
10253,1,0.987804878,0,0.0,no_overlap
10254,1,1.0,1,0.871794872,single_overlap
10255,1,1.0,1,1.0,single_overlap
10256,1,1.0,1,1.0,single_overlap
10257,1,1.0,1,0.980769231,single_overlap
10258,1,1.0,1,1.0,single_overlap
10259,1,1.0,1,0.076923077,single_overlap
10260,1,0.961538462,1,1.0,single_overlap
10261,1,1.0,1,1.0,single_overlap
10262,1,1.0,1,1.0,single_overlap
10263,1,1.0,1,1.0,single_overlap
10264,1,1.0,1,1.0,single_overlap
10265,1,0.947368421,1,1.0,single_overlap
10266,1,1.0,1,1.0,single_overlap
10267,1,0.977777778,1,0.6,single_overlap
10268,1,1.0,1,1.0,single_overlap
10269,1,1.0,1,1.0,single_overlap
10270,1,1.0,1,1.0,single_overlap
10271,1,1.0,1,1.0,single_overlap
10272,1,1.0,1,1.0,single_overlap
10273,1,1.0,1,1.0,single_overlap
10274,1,0.961538462,1,1.0,single_overlap
10275,1,0.571428571,1,0.785714286,single_overlap
10276,1,0.975961538,1,1.0,single_overlap
10277,1,0.857142857,1,1.0,single_overlap
10278,1,1.0,1,1.0,single_overlap
10279,1,0.948717949,0,0.0,no_overlap
10280,2,1.0,1,0.909090909,single_overlap
10281,1,0.980314961,1,0.100393701,single_overlap
10282,1,1.0,1,1.0,single_overlap
10283,1,0.75,1,0.6875,single_overlap
10284,1,0.95,1,1.0,single_overlap
10285,1,1.0,1,0.9,single_overlap
10286,1,1.0,1,1.0,single_overlap
10287,1,1.0,1,1.0,single_overlap
10288,1,1.0,1,1.0,single_overlap
10289,1,0.739130435,1,0.304347826,single_overlap
10290,1,0.97260274,1,1.0,single_overlap
10291,1,1.0,1,1.0,single_overlap
10292,1,1.0,1,1.0,single_overlap
10293,1,1.0,1,0.888888889,single_overlap
10294,1,1.0,1,1.0,single_overlap
10295,1,1.0,1,1.0,single_overlap
10296,1,0.904761905,1,1.0,single_overlap
10297,1,0.857142857,1,1.0,single_overlap
10298,1,0.962962963,1,1.0,single_overlap
10299,1,1.0,0,0.0,no_overlap
10300,1,1.0,1,1.0,single_overlap
10301,1,1.0,2,0.96713615,multiple_overlaps
10302,1,1.0,1,0.086956522,single_overlap
10303,1,1.0,0,0.0,no_overlap
10304,1,1.0,1,0.857142857,single_overlap
10305,0,0.0,1,0.875,single_overlap
10306,1,1.0,1,1.0,single_overlap
10307,1,1.0,1,1.0,single_overlap
10308,1,1.0,1,1.0,single_overlap
10309,0,0.0,0,0.0,no_overlap
10310,1,1.0,1,1.0,single_overlap
10311,1,1.0,1,0.05,single_overlap
10312,1,1.0,1,1.0,single_overlap
10313,1,1.0,1,0.47826087,single_overlap
10314,1,0.947368421,1,1.0,single_overlap
10315,1,0.965517241,1,0.931034483,single_overlap
10316,1,1.0,1,1.0,single_overlap
10317,0,0.0,0,0.0,no_overlap
10318,1,0.892857143,1,1.0,single_overlap
10319,1,1.0,1,1.0,single_overlap
10320,1,1.0,1,0.222222222,single_overlap
10321,1,1.0,1,0.972222222,single_overlap
10322,1,1.0,1,1.0,single_overlap
10323,1,1.0,1,1.0,single_overlap
10324,1,0.833333333,1,1.0,single_overlap
10325,1,0.913043478,1,0.956521739,single_overlap
10326,1,1.0,1,1.0,single_overlap
10327,0,0.0,1,1.0,single_overlap
10328,1,0.933333333,1,1.0,single_overlap
10329,0,0.0,0,0.0,no_overlap
10330,1,0.969387755,1,1.0,single_overlap
10331,1,1.0,1,1.0,single_overlap
10332,1,1.0,1,0.941176471,single_overlap
10333,1,1.0,1,1.0,single_overlap
10334,1,1.0,1,1.0,single_overlap
10335,1,0.947368421,1,1.0,single_overlap
10336,1,0.985714286,1,1.0,single_overlap
10337,1,1.0,1,0.8,single_overlap
10338,1,1.0,1,1.0,single_overlap
10339,0,0.0,1,1.0,single_overlap
10340,1,1.0,1,1.0,single_overlap
10341,0,0.0,0,0.0,no_overlap
10342,1,1.0,1,1.0,single_overlap
10343,1,0.939393939,1,0.151515152,single_overlap
10344,1,0.875,1,1.0,single_overlap
10345,1,1.0,1,1.0,single_overlap
10346,1,1.0,1,1.0,single_overlap
10347,1,1.0,1,0.4,single_overlap
10348,1,1.0,1,1.0,single_overlap
10349,0,0.0,1,0.75,single_overlap
10350,1,1.0,1,1.0,single_overlap
10351,1,1.0,1,1.0,single_overlap
10352,1,1.0,1,1.0,single_overlap
10353,1,1.0,1,0.973684211,single_overlap
10354,1,1.0,1,1.0,single_overlap
10355,1,0.833333333,1,1.0,single_overlap
10356,1,1.0,1,1.0,single_overlap
10357,1,0.962962963,0,0.0,no_overlap
10358,1,1.0,1,1.0,single_overlap
10359,1,0.959183673,1,1.0,single_overlap
10360,1,1.0,1,1.0,single_overlap
10361,1,1.0,1,1.0,single_overlap
10362,1,1.0,1,0.780701754,single_overlap
10363,1,1.0,0,0.0,no_overlap
10364,1,1.0,1,1.0,single_overlap
10365,1,0.979591837,1,1.0,single_overlap
10366,1,1.0,0,0.0,no_overlap
10367,1,0.970588235,1,0.950980392,single_overlap
10368,1,1.0,1,1.0,single_overlap
10369,1,1.0,1,1.0,single_overlap
10370,1,1.0,1,1.0,single_overlap
10371,1,1.0,0,0.0,no_overlap
10372,1,1.0,1,1.0,single_overlap
10373,1,0.913043478,1,0.391304348,single_overlap
10374,1,1.0,1,1.0,single_overlap
10375,1,1.0,1,1.0,single_overlap
10376,1,0.865853659,1,1.0,single_overlap
10377,1,0.785714286,1,1.0,single_overlap
10378,1,1.0,1,1.0,single_overlap
10379,1,0.96,0,0.0,no_overlap
10380,1,1.0,1,1.0,single_overlap
10381,1,0.657142857,1,0.342857143,single_overlap
10382,1,1.0,1,1.0,single_overlap
10383,1,1.0,0,0.0,no_overlap
10384,1,1.0,1,1.0,single_overlap
10385,1,1.0,1,1.0,single_overlap
10386,1,1.0,1,1.0,single_overlap
10387,1,0.952380952,1,1.0,single_overlap
10388,1,1.0,1,0.8,single_overlap
10389,1,1.0,0,0.0,no_overlap
10390,1,1.0,1,1.0,single_overlap
10391,1,1.0,1,1.0,single_overlap
10392,0,0.0,1,1.0,single_overlap
10393,1,1.0,1,1.0,single_overlap
10394,0,0.0,1,1.0,single_overlap
10395,0,0.0,0,0.0,no_overlap
10396,1,1.0,1,1.0,single_overlap
10397,1,1.0,0,0.0,no_overlap
10398,1,1.0,0,0.0,no_overlap
10399,1,0.986013986,1,1.0,single_overlap
10400,1,1.0,1,0.9375,single_overlap
10401,0,0.0,0,0.0,no_overlap
10402,1,1.0,1,1.0,single_overlap
10403,1,0.888888889,1,1.0,single_overlap
10404,1,1.0,1,1.0,single_overlap
10405,1,0.875,0,0.0,no_overlap
10406,1,1.0,1,1.0,single_overlap
10407,1,1.0,1,0.657894737,single_overlap
10408,1,1.0,1,1.0,single_overlap
10409,1,0.863636364,0,0.0,no_overlap
10410,0,0.0,1,1.0,single_overlap
10411,0,0.0,1,1.0,single_overlap
10412,1,1.0,1,1.0,single_overlap
10413,1,1.0,1,0.636363636,single_overlap
10414,1,1.0,1,1.0,single_overlap
10415,1,1.0,1,0.986577181,single_overlap
10416,1,1.0,1,1.0,single_overlap
10417,1,1.0,1,0.466666667,single_overlap
10418,1,1.0,1,1.0,single_overlap
10419,0,0.0,0,0.0,no_overlap
10420,1,1.0,1,1.0,single_overlap
10421,1,1.0,0,0.0,no_overlap
10422,1,1.0,1,1.0,single_overlap
10423,1,0.724137931,1,1.0,single_overlap
10424,1,1.0,1,1.0,single_overlap
10425,1,1.0,1,0.375,single_overlap
10426,1,1.0,1,1.0,single_overlap
10427,1,0.990654206,1,0.093457944,single_overlap
10428,1,1.0,1,1.0,single_overlap
10429,1,0.978723404,1,0.957446809,single_overlap
10430,1,1.0,1,1.0,single_overlap
10431,1,0.75862069,0,0.0,no_overlap
10432,1,1.0,1,1.0,single_overlap
10433,1,1.0,1,1.0,single_overlap
10434,1,0.9375,1,1.0,single_overlap
10435,1,1.0,2,1.0,multiple_overlaps
10436,1,1.0,1,1.0,single_overlap
10437,0,0.0,1,0.470588235,single_overlap
10438,0,0.0,1,1.0,single_overlap
10439,1,1.0,0,0.0,no_overlap
10440,1,1.0,1,1.0,single_overlap
10441,1,1.0,1,0.448275862,single_overlap
10442,1,1.0,1,1.0,single_overlap
10443,1,1.0,1,1.0,single_overlap
10444,1,1.0,1,0.696202532,single_overlap
10445,1,0.948453608,1,1.0,single_overlap
10446,1,1.0,1,1.0,single_overlap
10447,1,0.994382022,1,1.0,single_overlap
10448,1,1.0,1,1.0,single_overlap
10449,1,1.0,1,1.0,single_overlap
10450,1,1.0,1,1.0,single_overlap
10451,0,0.0,1,1.0,single_overlap
10452,1,0.980620155,1,1.0,single_overlap
10453,1,1.0,1,0.75,single_overlap
10454,1,1.0,1,1.0,single_overlap
10455,1,1.0,1,1.0,single_overlap
10456,1,0.928571429,1,1.0,single_overlap
10457,1,1.0,1,1.0,single_overlap
10458,1,1.0,1,1.0,single_overlap
10459,1,1.0,1,0.315789474,single_overlap
10460,1,1.0,1,1.0,single_overlap
10461,0,0.0,0,0.0,no_overlap
10462,1,1.0,1,1.0,single_overlap
10463,1,1.0,1,0.5,single_overlap
10464,1,0.88,1,1.0,single_overlap
10465,1,1.0,1,1.0,single_overlap
10466,1,1.0,1,1.0,single_overlap
10467,1,1.0,1,1.0,single_overlap
10468,1,0.834951456,1,0.990291262,single_overlap
10469,1,0.588235294,0,0.0,no_overlap
10470,1,0.833333333,1,1.0,single_overlap
10471,1,0.9,1,0.633333333,single_overlap
10472,1,1.0,1,1.0,single_overlap
10473,1,1.0,1,1.0,single_overlap
10474,1,1.0,1,1.0,single_overlap
10475,1,1.0,1,1.0,single_overlap
10476,1,1.0,1,1.0,single_overlap
10477,1,1.0,0,0.0,no_overlap
10478,1,1.0,1,1.0,single_overlap
10479,1,1.0,1,0.256410256,single_overlap
10480,0,0.0,1,1.0,single_overlap
10481,1,1.0,1,0.373134328,single_overlap
10482,1,1.0,1,1.0,single_overlap
10483,1,0.777777778,1,1.0,single_overlap
10484,1,1.0,1,1.0,single_overlap
10485,1,1.0,0,0.0,no_overlap
10486,1,1.0,1,1.0,single_overlap
10487,1,1.0,1,0.9,single_overlap
10488,1,1.0,1,1.0,single_overlap
10489,1,0.973684211,1,1.0,single_overlap
10490,1,1.0,1,1.0,single_overlap
10491,1,1.0,0,0.0,no_overlap
10492,1,0.619047619,1,0.857142857,single_overlap
10493,1,1.0,1,1.0,single_overlap
10494,1,1.0,1,1.0,single_overlap
10495,1,0.928571429,0,0.0,no_overlap
10496,1,0.95,1,1.0,single_overlap
10497,1,1.0,1,0.378378378,single_overlap
10498,1,1.0,1,1.0,single_overlap
10499,1,0.914285714,1,0.742857143,single_overlap
10500,1,1.0,1,1.0,single_overlap
10501,0,0.0,0,0.0,no_overlap
10502,1,1.0,1,1.0,single_overlap
10503,1,0.75,1,1.0,single_overlap
10504,1,0.846153846,1,1.0,single_overlap
10505,1,1.0,1,0.985915493,single_overlap
10506,1,0.978723404,1,1.0,single_overlap
10507,1,1.0,1,0.068965517,single_overlap
10508,1,0.903225806,1,1.0,single_overlap
10509,1,1.0,1,1.0,single_overlap
10510,1,1.0,1,1.0,single_overlap
10511,1,1.0,0,0.0,no_overlap
10512,1,1.0,1,1.0,single_overlap
10513,1,0.908045977,1,0.850574713,single_overlap
10514,1,1.0,0,0.0,no_overlap
10515,1,0.92,1,1.0,single_overlap
10516,1,0.882352941,1,1.0,single_overlap
10517,1,1.0,1,0.5,single_overlap
10518,1,1.0,1,1.0,single_overlap
10519,1,1.0,1,0.8,single_overlap
10520,1,1.0,1,1.0,single_overlap
10521,1,0.909090909,1,0.909090909,single_overlap
10522,1,1.0,1,1.0,single_overlap
10523,1,0.994252874,1,1.0,single_overlap
10524,1,0.978723404,1,1.0,single_overlap
10525,0,0.0,1,0.727272727,single_overlap
10526,0,0.0,1,0.033333333,single_overlap
10527,1,0.954545455,1,1.0,single_overlap
10528,1,1.0,1,0.983870968,single_overlap
10529,1,1.0,1,0.666666667,single_overlap
10530,1,1.0,1,1.0,single_overlap
10531,1,1.0,1,1.0,single_overlap
10532,1,1.0,1,0.157894737,single_overlap
10533,1,1.0,1,0.727272727,single_overlap
10534,1,1.0,1,1.0,single_overlap
10535,1,1.0,0,0.0,no_overlap
10536,1,1.0,1,1.0,single_overlap
10537,1,1.0,1,1.0,single_overlap
10538,1,1.0,1,0.90625,single_overlap
10539,1,1.0,1,1.0,single_overlap
10540,1,1.0,1,1.0,single_overlap
10541,1,1.0,1,0.666666667,single_overlap
10542,1,1.0,1,1.0,single_overlap
10543,1,1.0,0,0.0,no_overlap
10544,1,1.0,1,1.0,single_overlap
10545,1,1.0,1,0.777777778,single_overlap
10546,1,1.0,1,1.0,single_overlap
10547,1,1.0,1,0.838709677,single_overlap
10548,0,0.0,0,0.0,no_overlap
10549,1,0.96875,1,0.703125,single_overlap
10550,1,1.0,1,1.0,single_overlap
10551,1,1.0,1,1.0,single_overlap
10552,1,0.535714286,1,1.0,single_overlap
10553,2,0.969230769,2,0.415384615,multiple_overlaps
10554,1,1.0,1,1.0,single_overlap
10555,1,0.901639344,1,0.836065574,single_overlap
10556,1,0.928571429,1,1.0,single_overlap
10557,1,0.875,1,1.0,single_overlap
10558,1,1.0,1,1.0,single_overlap
10559,1,0.952380952,1,1.0,single_overlap
10560,1,1.0,1,1.0,single_overlap
10561,0,0.0,0,0.0,no_overlap
10562,1,1.0,1,1.0,single_overlap
10563,1,0.84375,1,1.0,single_overlap
10564,1,1.0,1,1.0,single_overlap
10565,1,0.875,1,0.875,single_overlap
10566,1,1.0,1,1.0,single_overlap
10567,1,1.0,1,1.0,single_overlap
10568,1,1.0,1,1.0,single_overlap
10569,1,0.933333333,1,1.0,single_overlap
10570,1,1.0,1,1.0,single_overlap
10571,1,1.0,0,0.0,no_overlap
10572,1,1.0,1,1.0,single_overlap
10573,1,0.714285714,1,0.857142857,single_overlap
10574,1,1.0,1,1.0,single_overlap
10575,1,0.75,0,0.0,no_overlap
10576,1,1.0,1,1.0,single_overlap
10577,1,1.0,1,1.0,single_overlap
10578,1,1.0,1,1.0,single_overlap
10579,1,0.925925926,1,0.925925926,single_overlap
10580,1,1.0,1,1.0,single_overlap
10581,1,1.0,1,1.0,single_overlap
10582,1,1.0,1,1.0,single_overlap
10583,0,0.0,0,0.0,no_overlap
10584,1,1.0,1,1.0,single_overlap
10585,1,1.0,1,1.0,single_overlap
10586,1,1.0,1,1.0,single_overlap
10587,1,1.0,0,0.0,no_overlap
10588,1,0.977667494,1,1.0,single_overlap
10589,1,1.0,1,1.0,single_overlap
10590,1,1.0,1,1.0,single_overlap
10591,1,0.733333333,1,1.0,single_overlap
10592,1,1.0,1,1.0,single_overlap
10593,1,1.0,1,1.0,single_overlap
10594,1,1.0,1,1.0,single_overlap
10595,1,1.0,1,1.0,single_overlap
10596,1,1.0,1,1.0,single_overlap
10597,1,0.939393939,1,0.96969697,single_overlap
10598,1,1.0,1,1.0,single_overlap
10599,1,0.9,1,0.9,single_overlap
10600,1,1.0,1,1.0,single_overlap
10601,1,1.0,1,1.0,single_overlap
10602,1,1.0,1,1.0,single_overlap
10603,1,1.0,0,0.0,no_overlap
10604,1,1.0,1,1.0,single_overlap
10605,2,0.74789916,0,0.0,no_overlap
10606,1,1.0,1,1.0,single_overlap
10607,1,1.0,1,1.0,single_overlap
10608,1,0.744186047,1,0.860465116,single_overlap
10609,1,1.0,1,1.0,single_overlap
10610,1,1.0,1,1.0,single_overlap
10611,1,1.0,1,1.0,single_overlap
10612,1,1.0,1,1.0,single_overlap
10613,1,1.0,1,0.909090909,single_overlap
10614,1,1.0,1,1.0,single_overlap
10615,1,1.0,1,1.0,single_overlap
10616,1,1.0,1,1.0,single_overlap
10617,1,1.0,1,0.923076923,single_overlap
10618,1,1.0,1,1.0,single_overlap
10619,1,1.0,1,0.8,single_overlap
10620,1,1.0,0,0.0,no_overlap
10621,1,0.807692308,1,0.807692308,single_overlap
10622,1,1.0,1,1.0,single_overlap
10623,1,1.0,0,0.0,no_overlap
10624,1,1.0,1,1.0,single_overlap
10625,0,0.0,0,0.0,no_overlap
10626,1,1.0,0,0.0,no_overlap
10627,1,0.93902439,1,1.0,single_overlap
10628,1,1.0,1,1.0,single_overlap
10629,1,0.97752809,1,1.0,single_overlap
10630,1,0.916666667,1,1.0,single_overlap
10631,1,1.0,0,0.0,no_overlap
10632,1,1.0,0,0.0,no_overlap
10633,1,0.894736842,1,0.842105263,single_overlap
10634,1,1.0,1,1.0,single_overlap
10635,0,0.0,1,1.0,single_overlap
10636,1,1.0,1,1.0,single_overlap
10637,1,1.0,1,0.636363636,single_overlap
10638,1,1.0,1,1.0,single_overlap
10639,1,1.0,1,0.958333333,single_overlap
10640,1,1.0,1,1.0,single_overlap
10641,1,1.0,1,0.902439024,single_overlap
10642,1,1.0,1,1.0,single_overlap
10643,1,1.0,1,1.0,single_overlap
10644,1,1.0,0,0.0,no_overlap
10645,1,1.0,1,1.0,single_overlap
10646,1,0.929824561,1,1.0,single_overlap
10647,1,1.0,1,0.875,single_overlap
10648,1,1.0,1,1.0,single_overlap
10649,1,0.705882353,1,0.823529412,single_overlap
10650,1,1.0,1,1.0,single_overlap
10651,1,0.9375,1,1.0,single_overlap
10652,1,0.833333333,1,1.0,single_overlap
10653,1,0.936170213,1,0.978723404,single_overlap
10654,1,1.0,1,0.885714286,single_overlap
10655,1,1.0,1,1.0,single_overlap
10656,1,1.0,0,0.0,no_overlap
10657,1,1.0,1,0.925,single_overlap
10658,1,1.0,0,0.0,no_overlap
10659,1,0.96,1,1.0,single_overlap
10660,1,1.0,1,1.0,single_overlap
10661,1,0.827586207,1,0.917241379,single_overlap
10662,1,1.0,1,1.0,single_overlap
10663,1,1.0,0,0.0,no_overlap
10664,1,1.0,1,1.0,single_overlap
10665,1,0.875,0,0.0,no_overlap
10666,1,0.95,1,0.55,single_overlap
10667,1,1.0,1,0.75,single_overlap
10668,1,0.916666667,1,1.0,single_overlap
10669,1,1.0,1,1.0,single_overlap
10670,1,1.0,1,0.916666667,single_overlap
10671,1,1.0,1,1.0,single_overlap
10672,1,1.0,1,1.0,single_overlap
10673,1,0.846153846,1,0.307692308,single_overlap
10674,1,1.0,1,0.85,single_overlap
10675,0,0.0,1,1.0,single_overlap
10676,1,1.0,1,1.0,single_overlap
10677,1,0.950413223,1,1.0,single_overlap
10678,1,1.0,1,1.0,single_overlap
10679,1,1.0,1,0.944444444,single_overlap
10680,1,1.0,1,1.0,single_overlap
10681,1,0.979487179,1,0.030769231,single_overlap
10682,1,1.0,1,1.0,single_overlap
10683,0,0.0,0,0.0,no_overlap
10684,1,1.0,1,1.0,single_overlap
10685,1,1.0,1,1.0,single_overlap
10686,1,0.84,1,1.0,single_overlap
10687,1,1.0,1,1.0,single_overlap
10688,1,1.0,1,1.0,single_overlap
10689,1,1.0,1,1.0,single_overlap
10690,1,1.0,1,1.0,single_overlap
10691,1,0.888888889,1,0.833333333,single_overlap
10692,1,1.0,1,1.0,single_overlap
10693,1,1.0,1,1.0,single_overlap
10694,1,1.0,1,1.0,single_overlap
10695,1,0.975609756,2,0.536585366,multiple_overlaps
10696,1,0.971014493,1,1.0,single_overlap
10697,1,0.933333333,0,0.0,no_overlap
10698,1,0.88,1,1.0,single_overlap
10699,1,1.0,1,1.0,single_overlap
10700,1,0.84,1,1.0,single_overlap
10701,1,1.0,1,0.1875,single_overlap
10702,1,1.0,1,1.0,single_overlap
10703,1,1.0,1,0.95,single_overlap
10704,1,1.0,1,1.0,single_overlap
10705,1,1.0,1,1.0,single_overlap
10706,1,1.0,1,1.0,single_overlap
10707,1,1.0,1,0.588235294,single_overlap
10708,1,1.0,1,1.0,single_overlap
10709,1,1.0,1,0.846153846,single_overlap
10710,1,1.0,1,1.0,single_overlap
10711,1,1.0,1,0.777777778,single_overlap
10712,1,1.0,1,1.0,single_overlap
10713,1,1.0,1,0.785714286,single_overlap
10714,1,0.846153846,1,1.0,single_overlap
10715,1,0.973684211,1,1.0,single_overlap
10716,1,0.970588235,1,0.970588235,single_overlap
10717,1,0.967741935,1,0.967741935,single_overlap
10718,1,0.986784141,1,1.0,single_overlap
10719,1,1.0,1,1.0,single_overlap
10720,1,1.0,0,0.0,no_overlap
10721,1,0.75,1,0.916666667,single_overlap
10722,1,1.0,1,1.0,single_overlap
10723,2,0.918367347,1,0.489795918,single_overlap
10724,0,0.0,1,1.0,single_overlap
10725,2,0.807017544,0,0.0,no_overlap
10726,1,1.0,1,1.0,single_overlap
10727,1,0.947368421,1,0.842105263,single_overlap
10728,1,1.0,1,1.0,single_overlap
10729,1,0.846153846,1,0.846153846,single_overlap
10730,1,1.0,1,1.0,single_overlap
10731,1,1.0,1,0.818181818,single_overlap
10732,1,1.0,0,0.0,no_overlap
10733,1,1.0,0,0.0,no_overlap
10734,1,1.0,1,1.0,single_overlap
10735,1,1.0,1,0.465346535,single_overlap
10736,1,1.0,1,1.0,single_overlap
10737,1,0.958762887,0,0.0,no_overlap
10738,1,1.0,1,1.0,single_overlap
10739,1,1.0,1,1.0,single_overlap
10740,1,1.0,1,1.0,single_overlap
10741,1,0.97752809,1,0.988764045,single_overlap
10742,1,1.0,1,1.0,single_overlap
10743,1,0.960526316,1,0.789473684,single_overlap
10744,1,0.892857143,1,1.0,single_overlap
10745,1,1.0,1,1.0,single_overlap
10746,1,1.0,1,1.0,single_overlap
10747,1,0.974504249,1,0.999055713,single_overlap
10748,1,1.0,1,0.928571429,single_overlap
10749,0,0.0,0,0.0,no_overlap
10750,0,0.0,1,1.0,single_overlap
10751,1,1.0,1,1.0,single_overlap
10752,1,1.0,1,1.0,single_overlap
10753,1,1.0,0,0.0,no_overlap
10754,1,1.0,1,1.0,single_overlap
10755,1,1.0,2,0.347457627,multiple_overlaps
10756,1,1.0,1,1.0,single_overlap
10757,1,1.0,1,0.888888889,single_overlap
10758,1,1.0,1,1.0,single_overlap
10759,1,1.0,1,1.0,single_overlap
10760,1,1.0,1,1.0,single_overlap
10761,1,0.933333333,1,0.933333333,single_overlap
10762,1,0.915151515,1,1.0,single_overlap
10763,1,0.857142857,0,0.0,no_overlap
10764,1,0.733333333,1,1.0,single_overlap
10765,1,0.983606557,1,0.18852459,single_overlap
10766,0,0.0,0,0.0,no_overlap
10767,1,1.0,0,0.0,no_overlap
10768,1,1.0,1,1.0,single_overlap
10769,1,0.962962963,1,1.0,single_overlap
10770,1,1.0,1,1.0,single_overlap
10771,1,1.0,1,1.0,single_overlap
10772,1,1.0,1,1.0,single_overlap
10773,1,1.0,1,0.083333333,single_overlap
10774,1,1.0,1,1.0,single_overlap
10775,1,1.0,1,1.0,single_overlap
10776,1,1.0,0,0.0,no_overlap
10777,1,1.0,1,0.111111111,single_overlap
10778,1,1.0,1,1.0,single_overlap
10779,1,1.0,1,1.0,single_overlap
10780,1,1.0,1,0.976190476,single_overlap
10781,1,0.855670103,1,0.907216495,single_overlap
10782,1,1.0,1,1.0,single_overlap
10783,1,1.0,0,0.0,no_overlap
10784,1,1.0,1,1.0,single_overlap
10785,1,1.0,1,0.65,single_overlap
10786,1,1.0,1,1.0,single_overlap
10787,1,1.0,1,0.96875,single_overlap
10788,1,1.0,1,1.0,single_overlap
10789,1,0.967391304,1,0.013975155,single_overlap
10790,1,1.0,1,1.0,single_overlap
10791,1,1.0,0,0.0,no_overlap
10792,1,0.970588235,1,1.0,single_overlap
10793,1,1.0,0,0.0,no_overlap
10794,1,1.0,1,1.0,single_overlap
10795,1,1.0,0,0.0,no_overlap
10796,1,1.0,1,1.0,single_overlap
10797,1,1.0,1,1.0,single_overlap
10798,1,1.0,1,0.971428571,single_overlap
10799,1,1.0,1,0.846153846,single_overlap
10800,1,1.0,1,1.0,single_overlap
10801,1,1.0,1,0.25,single_overlap
10802,2,1.0,2,1.0,multiple_overlaps
10803,1,1.0,1,0.391304348,single_overlap
10804,1,0.977777778,1,0.992592593,single_overlap
10805,1,0.96969697,0,0.0,no_overlap
10806,1,1.0,1,1.0,single_overlap
10807,1,1.0,1,1.0,single_overlap
10808,1,1.0,0,0.0,no_overlap
10809,1,0.892857143,1,0.964285714,single_overlap
10810,1,1.0,1,1.0,single_overlap
10811,1,1.0,1,0.25,single_overlap
10812,1,1.0,1,1.0,single_overlap
10813,1,0.961538462,1,1.0,single_overlap
10814,1,1.0,1,0.142857143,single_overlap
10815,1,1.0,1,1.0,single_overlap
10816,1,1.0,1,1.0,single_overlap
10817,1,0.888888889,1,1.0,single_overlap
10818,1,1.0,1,0.971014493,single_overlap
10819,1,1.0,1,1.0,single_overlap
10820,1,1.0,0,0.0,no_overlap
10821,1,0.961538462,1,0.192307692,single_overlap
10822,1,0.992424242,1,1.0,single_overlap
10823,1,0.902439024,1,0.829268293,single_overlap
10824,1,1.0,1,1.0,single_overlap
10825,1,1.0,0,0.0,no_overlap
10826,1,1.0,1,1.0,single_overlap
10827,1,1.0,0,0.0,no_overlap
10828,1,1.0,1,1.0,single_overlap
10829,1,1.0,2,0.694117647,multiple_overlaps
10830,1,1.0,0,0.0,no_overlap
10831,1,0.962962963,0,0.0,no_overlap
10832,1,1.0,1,1.0,single_overlap
10833,0,0.0,0,0.0,no_overlap
10834,1,1.0,1,1.0,single_overlap
10835,1,1.0,1,0.06,single_overlap
10836,1,1.0,1,1.0,single_overlap
10837,0,0.0,0,0.0,no_overlap
10838,1,0.939393939,1,1.0,single_overlap
10839,1,0.92,0,0.0,no_overlap
10840,1,1.0,1,1.0,single_overlap
10841,1,1.0,1,1.0,single_overlap
10842,1,1.0,1,1.0,single_overlap
10843,1,1.0,1,1.0,single_overlap
10844,1,1.0,0,0.0,no_overlap
10845,1,1.0,0,0.0,no_overlap
10846,1,1.0,1,1.0,single_overlap
10847,1,1.0,0,0.0,no_overlap
10848,1,0.909090909,1,1.0,single_overlap
10849,1,1.0,0,0.0,no_overlap
10850,1,1.0,0,0.0,no_overlap
10851,1,1.0,0,0.0,no_overlap
10852,1,1.0,1,1.0,single_overlap
10853,0,0.0,0,0.0,no_overlap
10854,1,0.974358974,0,0.0,no_overlap
10855,1,0.984126984,0,0.0,no_overlap
10856,0,0.0,1,0.833333333,single_overlap
10857,1,0.955357143,0,0.0,no_overlap
10858,1,0.961165049,1,1.0,single_overlap
10859,1,1.0,1,1.0,single_overlap
10860,1,0.9,1,1.0,single_overlap
10861,1,1.0,0,0.0,no_overlap
10862,1,1.0,0,0.0,no_overlap
10863,1,0.984848485,1,0.575757576,single_overlap
10864,1,1.0,1,1.0,single_overlap
10865,1,1.0,1,0.793103448,single_overlap
10866,1,0.983333333,1,0.966666667,single_overlap
10867,1,0.791666667,1,0.583333333,single_overlap
10868,1,1.0,1,1.0,single_overlap
10869,1,1.0,0,0.0,no_overlap
10870,1,1.0,1,1.0,single_overlap
10871,1,1.0,0,0.0,no_overlap
10872,1,1.0,1,1.0,single_overlap
10873,2,0.933333333,1,0.155555556,single_overlap
10874,1,1.0,1,1.0,single_overlap
10875,1,1.0,1,1.0,single_overlap
10876,1,1.0,0,0.0,no_overlap
10877,1,1.0,1,1.0,single_overlap
10878,1,1.0,1,1.0,single_overlap
10879,1,0.914285714,0,0.0,no_overlap
10880,1,1.0,1,1.0,single_overlap
10881,1,1.0,0,0.0,no_overlap
10882,1,1.0,1,1.0,single_overlap
10883,1,1.0,1,0.909090909,single_overlap
10884,1,1.0,1,1.0,single_overlap
10885,1,1.0,0,0.0,no_overlap
10886,1,0.964285714,1,0.857142857,single_overlap
10887,1,0.977272727,1,0.840909091,single_overlap
10888,1,1.0,1,1.0,single_overlap
10889,3,0.917098446,1,0.001036269,single_overlap
10890,1,1.0,0,0.0,no_overlap
10891,1,1.0,1,1.0,single_overlap
10892,1,1.0,1,1.0,single_overlap
10893,1,0.671641791,1,0.641791045,single_overlap
10894,1,1.0,0,0.0,no_overlap
10895,1,1.0,1,0.426229508,single_overlap
10896,1,1.0,1,1.0,single_overlap
10897,1,1.0,0,0.0,no_overlap
10898,2,0.990825688,1,1.0,single_overlap
10899,1,0.976744186,1,0.837209302,single_overlap
10900,1,1.0,1,1.0,single_overlap
10901,0,0.0,0,0.0,no_overlap
10902,1,0.833333333,1,1.0,single_overlap
10903,1,0.8,0,0.0,no_overlap
10904,1,1.0,1,1.0,single_overlap
10905,1,1.0,0,0.0,no_overlap
10906,1,1.0,1,1.0,single_overlap
10907,1,1.0,1,1.0,single_overlap
10908,1,1.0,1,1.0,single_overlap
10909,1,1.0,1,0.9,single_overlap
10910,1,1.0,1,1.0,single_overlap
10911,1,1.0,0,0.0,no_overlap
10912,0,0.0,0,0.0,no_overlap
10913,1,1.0,0,0.0,no_overlap
10914,1,1.0,1,1.0,single_overlap
10915,1,1.0,0,0.0,no_overlap
10916,1,1.0,1,1.0,single_overlap
10917,1,0.977272727,1,0.840909091,single_overlap
10918,1,0.965517241,1,1.0,single_overlap
10919,1,1.0,1,1.0,single_overlap
10920,1,1.0,0,0.0,no_overlap
10921,0,0.0,0,0.0,no_overlap
10922,1,1.0,1,1.0,single_overlap
10923,1,1.0,1,0.329545455,single_overlap
10924,1,1.0,1,1.0,single_overlap
10925,1,1.0,1,1.0,single_overlap
10926,1,1.0,1,1.0,single_overlap
10927,2,0.939393939,1,0.136363636,single_overlap
10928,1,1.0,1,1.0,single_overlap
10929,1,0.725806452,1,0.629032258,single_overlap
10930,1,1.0,1,1.0,single_overlap
10931,0,0.0,0,0.0,no_overlap
10932,1,1.0,1,1.0,single_overlap
10933,1,0.982758621,0,0.0,no_overlap
10934,1,0.972972973,1,1.0,single_overlap
10935,1,1.0,1,0.888888889,single_overlap
10936,1,0.909090909,1,1.0,single_overlap
10937,0,0.0,0,0.0,no_overlap
10938,1,1.0,1,1.0,single_overlap
10939,1,1.0,0,0.0,no_overlap
10940,1,0.956521739,1,0.97826087,single_overlap
10941,1,0.952380952,0,0.0,no_overlap
10942,1,0.875,1,1.0,single_overlap
10943,1,0.788732394,1,0.521126761,single_overlap
10944,1,1.0,1,1.0,single_overlap
10945,1,1.0,1,0.914285714,single_overlap
10946,0,0.0,0,0.0,no_overlap
10947,1,1.0,0,0.0,no_overlap
10948,1,1.0,1,0.961038961,single_overlap
10949,0,0.0,0,0.0,no_overlap
10950,1,1.0,1,1.0,single_overlap
10951,2,0.913461538,0,0.0,no_overlap
10952,1,0.928571429,1,0.928571429,single_overlap
10953,1,0.952380952,1,1.0,single_overlap
10954,1,1.0,1,1.0,single_overlap
10955,1,1.0,1,1.0,single_overlap
10956,1,1.0,0,0.0,no_overlap
10957,1,1.0,1,0.681818182,single_overlap
10958,1,1.0,1,1.0,single_overlap
10959,1,1.0,0,0.0,no_overlap
10960,1,1.0,0,0.0,no_overlap
10961,1,1.0,0,0.0,no_overlap
10962,1,1.0,1,1.0,single_overlap
10963,1,1.0,0,0.0,no_overlap
10964,1,0.971428571,1,1.0,single_overlap
10965,2,0.979591837,1,0.020408163,single_overlap
10966,1,1.0,1,1.0,single_overlap
10967,1,0.987012987,0,0.0,no_overlap
10968,1,1.0,1,1.0,single_overlap
10969,1,1.0,0,0.0,no_overlap
10970,1,1.0,0,0.0,no_overlap
10971,3,0.925742574,1,0.097772277,single_overlap
10972,1,1.0,1,1.0,single_overlap
10973,1,1.0,1,1.0,single_overlap
10974,1,1.0,1,1.0,single_overlap
10975,1,1.0,0,0.0,no_overlap
10976,1,0.923076923,1,1.0,single_overlap
10977,1,0.985915493,1,0.971830986,single_overlap
10978,1,1.0,1,1.0,single_overlap
10979,2,0.975308642,0,0.0,no_overlap
10980,1,1.0,1,1.0,single_overlap
10981,1,1.0,0,0.0,no_overlap
10982,1,0.85,1,1.0,single_overlap
10983,1,1.0,1,1.0,single_overlap
10984,1,0.915254237,1,1.0,single_overlap
10985,1,1.0,0,0.0,no_overlap
10986,1,1.0,1,1.0,single_overlap
10987,1,1.0,0,0.0,no_overlap
10988,1,1.0,1,1.0,single_overlap
10989,2,0.929577465,0,0.0,no_overlap
10990,1,0.996,1,1.0,single_overlap
10991,1,1.0,1,1.0,single_overlap
10992,1,1.0,1,1.0,single_overlap
10993,1,0.875,1,0.625,single_overlap
10994,1,1.0,0,0.0,no_overlap
10995,1,1.0,1,0.432432432,single_overlap
10996,1,1.0,1,1.0,single_overlap
10997,1,1.0,1,1.0,single_overlap
10998,1,1.0,0,0.0,no_overlap
10999,1,1.0,1,0.9375,single_overlap
11000,1,0.933333333,1,1.0,single_overlap
11001,1,1.0,1,0.80952381,single_overlap
11002,1,1.0,1,1.0,single_overlap
11003,1,1.0,0,0.0,no_overlap
11004,1,0.909090909,1,1.0,single_overlap
11005,1,1.0,0,0.0,no_overlap
11006,1,0.974683544,1,1.0,single_overlap
11007,1,0.454545455,1,0.590909091,single_overlap
11008,1,1.0,1,1.0,single_overlap
11009,1,0.916666667,0,0.0,no_overlap
11010,1,1.0,1,1.0,single_overlap
11011,1,1.0,0,0.0,no_overlap
11012,1,0.964285714,1,1.0,single_overlap
11013,1,1.0,1,1.0,single_overlap
11014,1,1.0,1,1.0,single_overlap
11015,1,0.956521739,1,0.565217391,single_overlap
11016,1,0.986842105,1,1.0,single_overlap
11017,1,1.0,0,0.0,no_overlap
11018,0,0.0,1,1.0,single_overlap
11019,1,0.964285714,0,0.0,no_overlap
11020,1,1.0,1,1.0,single_overlap
11021,1,1.0,1,0.103448276,single_overlap
11022,1,1.0,1,1.0,single_overlap
11023,1,1.0,1,0.090909091,single_overlap
11024,1,1.0,1,0.9,single_overlap
11025,1,1.0,0,0.0,no_overlap
11026,1,1.0,1,1.0,single_overlap
11027,2,0.98156533,7,0.185963777,multiple_overlaps
11028,1,0.966666667,1,0.966666667,single_overlap
11029,1,1.0,0,0.0,no_overlap
11030,1,1.0,1,1.0,single_overlap
11031,1,1.0,1,1.0,single_overlap
11032,1,1.0,0,0.0,no_overlap
11033,1,0.984693878,2,0.637755102,multiple_overlaps
11034,1,1.0,1,1.0,single_overlap
11035,1,1.0,0,0.0,no_overlap
11036,0,0.0,1,1.0,single_overlap
11037,1,1.0,0,0.0,no_overlap
11038,1,1.0,1,0.958333333,single_overlap
11039,1,1.0,1,0.929961089,single_overlap
11040,1,1.0,1,1.0,single_overlap
11041,1,1.0,1,1.0,single_overlap
11042,1,1.0,1,1.0,single_overlap
11043,1,0.833333333,1,1.0,single_overlap
11044,1,0.941176471,1,1.0,single_overlap
11045,1,1.0,1,1.0,single_overlap
11046,1,1.0,1,0.961538462,single_overlap
11047,1,0.433333333,0,0.0,no_overlap
11048,1,1.0,1,1.0,single_overlap
11049,1,1.0,0,0.0,no_overlap
11050,1,0.916256158,1,1.0,single_overlap
11051,1,1.0,1,0.264705882,single_overlap
11052,1,1.0,1,1.0,single_overlap
11053,1,1.0,1,0.933333333,single_overlap
11054,1,1.0,1,1.0,single_overlap
11055,1,1.0,1,1.0,single_overlap
11056,1,0.933333333,1,1.0,single_overlap
11057,1,1.0,1,1.0,single_overlap
11058,1,1.0,1,1.0,single_overlap
11059,1,1.0,0,0.0,no_overlap
11060,1,0.928571429,1,1.0,single_overlap
11061,3,0.891089109,1,0.158415842,single_overlap
11062,1,1.0,1,1.0,single_overlap
11063,1,1.0,1,1.0,single_overlap
11064,1,0.92,1,1.0,single_overlap
11065,1,1.0,0,0.0,no_overlap
11066,1,1.0,1,1.0,single_overlap
11067,1,1.0,1,1.0,single_overlap
11068,1,1.0,0,0.0,no_overlap
11069,1,1.0,0,0.0,no_overlap
11070,1,0.99270073,1,1.0,single_overlap
11071,1,1.0,0,0.0,no_overlap
11072,1,1.0,1,1.0,single_overlap
11073,0,0.0,0,0.0,no_overlap
11074,1,1.0,1,1.0,single_overlap
11075,1,1.0,1,1.0,single_overlap
11076,1,0.98,1,1.0,single_overlap
11077,0,0.0,1,1.0,single_overlap
11078,1,1.0,1,1.0,single_overlap
11079,1,1.0,0,0.0,no_overlap
11080,1,1.0,1,1.0,single_overlap
11081,1,1.0,1,1.0,single_overlap
11082,1,1.0,1,1.0,single_overlap
11083,1,1.0,1,1.0,single_overlap
11084,1,0.947368421,1,1.0,single_overlap
11085,1,0.879518072,0,0.0,no_overlap
11086,1,1.0,1,1.0,single_overlap
11087,1,1.0,0,0.0,no_overlap
11088,1,1.0,1,1.0,single_overlap
11089,1,0.875862069,1,0.84137931,single_overlap
11090,1,1.0,1,1.0,single_overlap
11091,1,1.0,1,0.72,single_overlap
11092,0,0.0,1,1.0,single_overlap
11093,0,0.0,0,0.0,no_overlap
11094,1,1.0,1,1.0,single_overlap
11095,0,0.0,0,0.0,no_overlap
11096,1,1.0,1,0.045454545,single_overlap
11097,1,1.0,1,1.0,single_overlap
11098,1,1.0,1,1.0,single_overlap
11099,1,0.85,0,0.0,no_overlap
11100,1,1.0,1,1.0,single_overlap
11101,1,1.0,1,0.954545455,single_overlap
11102,1,1.0,1,1.0,single_overlap
11103,1,1.0,1,1.0,single_overlap
11104,1,0.941176471,1,1.0,single_overlap
11105,1,1.0,0,0.0,no_overlap
11106,1,1.0,1,1.0,single_overlap
11107,1,1.0,0,0.0,no_overlap
11108,1,1.0,1,1.0,single_overlap
11109,1,0.791666667,0,0.0,no_overlap
11110,1,0.875,1,1.0,single_overlap
11111,1,1.0,1,0.407407407,single_overlap
11112,1,1.0,0,0.0,no_overlap
11113,1,1.0,1,1.0,single_overlap
11114,1,1.0,1,0.9,single_overlap
11115,1,1.0,1,0.923076923,single_overlap
11116,1,1.0,1,1.0,single_overlap
11117,1,0.515151515,0,0.0,no_overlap
11118,1,1.0,1,1.0,single_overlap
11119,1,1.0,0,0.0,no_overlap
11120,1,0.947368421,1,1.0,single_overlap
11121,2,0.831683168,1,0.01980198,single_overlap
11122,1,1.0,1,1.0,single_overlap
11123,1,0.993288591,0,0.0,no_overlap
11124,1,1.0,1,0.916666667,single_overlap
11125,0,0.0,0,0.0,no_overlap
11126,1,0.942857143,1,1.0,single_overlap
11127,1,0.923076923,1,1.0,single_overlap
11128,1,1.0,1,1.0,single_overlap
11129,1,0.771428571,0,0.0,no_overlap
11130,1,1.0,1,1.0,single_overlap
11131,1,1.0,1,1.0,single_overlap
11132,1,0.928571429,1,1.0,single_overlap
11133,1,1.0,1,0.916666667,single_overlap
11134,1,0.99047619,1,1.0,single_overlap
11135,1,0.909090909,1,1.0,single_overlap
11136,1,1.0,1,1.0,single_overlap
11137,1,1.0,0,0.0,no_overlap
11138,1,1.0,1,1.0,single_overlap
11139,1,0.944444444,1,1.0,single_overlap
11140,1,1.0,1,1.0,single_overlap
11141,0,0.0,0,0.0,no_overlap
11142,0,0.0,0,0.0,no_overlap
11143,1,0.888888889,0,0.0,no_overlap
11144,1,1.0,1,1.0,single_overlap
11145,1,1.0,0,0.0,no_overlap
11146,1,1.0,1,1.0,single_overlap
11147,1,0.98630137,1,0.273972603,single_overlap
11148,1,1.0,1,1.0,single_overlap
11149,1,1.0,1,1.0,single_overlap
11150,1,1.0,1,1.0,single_overlap
11151,1,1.0,0,0.0,no_overlap
11152,0,0.0,0,0.0,no_overlap
11153,1,1.0,1,0.834645669,single_overlap
11154,1,1.0,1,1.0,single_overlap
11155,1,1.0,0,0.0,no_overlap
11156,1,1.0,1,1.0,single_overlap
11157,1,0.647058824,0,0.0,no_overlap
11158,1,1.0,1,1.0,single_overlap
11159,1,0.944444444,1,1.0,single_overlap
11160,1,1.0,1,1.0,single_overlap
11161,1,0.6,1,0.4,single_overlap
11162,1,1.0,1,0.983606557,single_overlap
11163,1,0.956521739,0,0.0,no_overlap
11164,1,1.0,1,1.0,single_overlap
11165,1,0.785714286,0,0.0,no_overlap
11166,1,0.897959184,1,1.0,single_overlap
11167,1,1.0,1,0.954545455,single_overlap
11168,1,0.945205479,1,1.0,single_overlap
11169,1,0.944444444,1,1.0,single_overlap
11170,1,1.0,1,1.0,single_overlap
11171,1,1.0,1,0.137931034,single_overlap
11172,1,1.0,1,1.0,single_overlap
11173,1,1.0,0,0.0,no_overlap
11174,1,1.0,1,1.0,single_overlap
11175,1,1.0,0,0.0,no_overlap
11176,0,0.0,0,0.0,no_overlap
11177,1,0.9,1,1.0,single_overlap
11178,1,1.0,0,0.0,no_overlap
11179,1,0.956521739,0,0.0,no_overlap
11180,1,1.0,0,0.0,no_overlap
11181,1,1.0,1,0.80952381,single_overlap
11182,1,0.761904762,1,1.0,single_overlap
11183,1,0.953488372,1,1.0,single_overlap
11184,1,1.0,1,1.0,single_overlap
11185,1,0.964705882,1,0.058823529,single_overlap
11186,1,0.75,1,1.0,single_overlap
11187,1,1.0,1,0.037037037,single_overlap
11188,1,1.0,1,1.0,single_overlap
11189,1,0.904761905,1,0.904761905,single_overlap
11190,1,1.0,1,1.0,single_overlap
11191,1,1.0,0,0.0,no_overlap
11192,1,1.0,1,1.0,single_overlap
11193,1,0.59375,0,0.0,no_overlap
11194,1,1.0,1,1.0,single_overlap
11195,1,1.0,0,0.0,no_overlap
11196,1,1.0,1,1.0,single_overlap
11197,1,1.0,0,0.0,no_overlap
11198,1,0.947368421,1,1.0,single_overlap
11199,1,0.75,1,0.583333333,single_overlap
11200,1,1.0,1,1.0,single_overlap
11201,1,0.826086957,1,0.014492754,single_overlap
11202,1,1.0,0,0.0,no_overlap
11203,1,1.0,0,0.0,no_overlap
11204,1,0.823529412,1,1.0,single_overlap
11205,1,1.0,0,0.0,no_overlap
11206,1,1.0,1,1.0,single_overlap
11207,1,1.0,0,0.0,no_overlap
11208,1,0.942528736,1,0.988505747,single_overlap
11209,1,1.0,1,0.966666667,single_overlap
11210,1,1.0,1,1.0,single_overlap
11211,1,1.0,1,1.0,single_overlap
11212,1,1.0,1,1.0,single_overlap
11213,1,0.787878788,1,0.484848485,single_overlap
11214,1,1.0,1,1.0,single_overlap
11215,0,0.0,0,0.0,no_overlap
11216,1,0.983606557,1,1.0,single_overlap
11217,1,1.0,0,0.0,no_overlap
11218,1,1.0,1,1.0,single_overlap
11219,1,1.0,1,1.0,single_overlap
11220,1,0.985611511,1,1.0,single_overlap
11221,1,0.995065789,1,0.037828947,single_overlap
11222,1,1.0,1,1.0,single_overlap
11223,1,1.0,1,0.428571429,single_overlap
11224,1,1.0,1,0.470588235,single_overlap
11225,1,1.0,1,0.769230769,single_overlap
11226,1,0.939393939,1,1.0,single_overlap
11227,1,0.740740741,1,0.037037037,single_overlap
11228,1,0.818181818,1,1.0,single_overlap
11229,1,0.903225806,0,0.0,no_overlap
11230,1,1.0,1,1.0,single_overlap
11231,1,0.971428571,0,0.0,no_overlap
11232,1,1.0,1,1.0,single_overlap
11233,1,0.916666667,0,0.0,no_overlap
11234,1,1.0,1,1.0,single_overlap
11235,0,0.0,0,0.0,no_overlap
11236,1,1.0,1,1.0,single_overlap
11237,1,0.9375,0,0.0,no_overlap
11238,1,1.0,1,0.615384615,single_overlap
11239,1,1.0,0,0.0,no_overlap
11240,1,1.0,1,1.0,single_overlap
11241,1,1.0,0,0.0,no_overlap
11242,1,1.0,1,1.0,single_overlap
11243,1,0.722222222,0,0.0,no_overlap
11244,1,0.84375,1,1.0,single_overlap
11245,1,1.0,1,0.555555556,single_overlap
11246,1,1.0,1,0.96,single_overlap
11247,1,1.0,0,0.0,no_overlap
11248,1,1.0,1,1.0,single_overlap
11249,1,0.888888889,1,1.0,single_overlap
11250,1,0.990740741,1,1.0,single_overlap
11251,1,1.0,1,1.0,single_overlap
11252,1,1.0,1,0.954545455,single_overlap
11253,1,1.0,1,1.0,single_overlap
11254,1,0.995850622,2,0.987551867,multiple_overlaps
11255,1,0.985576923,1,0.995192308,single_overlap
11256,1,1.0,1,1.0,single_overlap
11257,1,0.862745098,1,0.941176471,single_overlap
11258,1,1.0,1,1.0,single_overlap
11259,1,1.0,1,1.0,single_overlap
11260,1,1.0,1,1.0,single_overlap
11261,1,1.0,0,0.0,no_overlap
11262,1,1.0,1,1.0,single_overlap
11263,1,0.888888889,0,0.0,no_overlap
11264,1,1.0,1,1.0,single_overlap
11265,1,1.0,1,0.444444444,single_overlap
11266,1,1.0,1,1.0,single_overlap
11267,1,0.875,0,0.0,no_overlap
11268,1,1.0,1,1.0,single_overlap
11269,1,0.995260664,1,0.819905213,single_overlap
11270,1,1.0,1,1.0,single_overlap
11271,1,1.0,0,0.0,no_overlap
11272,1,1.0,1,1.0,single_overlap
11273,1,0.942857143,1,0.514285714,single_overlap
11274,1,1.0,1,1.0,single_overlap
11275,1,1.0,1,1.0,single_overlap
11276,1,0.722222222,1,1.0,single_overlap
11277,1,0.88372093,1,0.11627907,single_overlap
11278,1,1.0,1,1.0,single_overlap
11279,1,0.708333333,0,0.0,no_overlap
11280,0,0.0,0,0.0,no_overlap
11281,1,0.923076923,0,0.0,no_overlap
11282,1,1.0,1,1.0,single_overlap
11283,1,1.0,1,1.0,single_overlap
11284,1,1.0,1,1.0,single_overlap
11285,2,0.797979798,0,0.0,no_overlap
11286,0,0.0,0,0.0,no_overlap
11287,0,0.0,0,0.0,no_overlap
11288,1,1.0,1,1.0,single_overlap
11289,1,1.0,0,0.0,no_overlap
11290,0,0.0,1,1.0,single_overlap
11291,1,0.961165049,1,1.0,single_overlap
11292,0,0.0,1,0.166666667,single_overlap
11293,1,1.0,1,1.0,single_overlap
11294,1,0.953846154,1,1.0,single_overlap
11295,1,0.958333333,0,0.0,no_overlap
11296,1,1.0,1,1.0,single_overlap
11297,0,0.0,0,0.0,no_overlap
11298,1,1.0,1,0.978723404,single_overlap
11299,1,1.0,1,1.0,single_overlap
11300,1,1.0,1,1.0,single_overlap
11301,1,0.833333333,1,1.0,single_overlap
11302,1,1.0,1,1.0,single_overlap
11303,1,0.875,1,0.9375,single_overlap
11304,1,1.0,1,1.0,single_overlap
11305,1,0.925,1,0.175,single_overlap
11306,2,0.987230295,7,1.0,multiple_overlaps
11307,1,1.0,1,0.5,single_overlap
11308,1,1.0,1,1.0,single_overlap
11309,1,1.0,1,1.0,single_overlap
11310,1,1.0,2,1.0,multiple_overlaps
11311,1,1.0,1,0.131578947,single_overlap
11312,1,0.983471074,1,1.0,single_overlap
11313,1,1.0,1,0.958333333,single_overlap
11314,1,0.995169082,1,1.0,single_overlap
11315,0,0.0,1,0.833333333,single_overlap
11316,1,1.0,0,0.0,no_overlap
11317,1,1.0,1,0.928571429,single_overlap
11318,1,1.0,1,1.0,single_overlap
11319,1,0.982758621,0,0.0,no_overlap
11320,1,0.978723404,1,1.0,single_overlap
11321,1,1.0,1,0.975,single_overlap
11322,1,1.0,1,0.857142857,single_overlap
11323,1,1.0,1,0.9,single_overlap
11324,1,1.0,1,1.0,single_overlap
11325,1,1.0,1,0.454545455,single_overlap
11326,1,1.0,1,1.0,single_overlap
11327,1,1.0,0,0.0,no_overlap
11328,1,1.0,1,1.0,single_overlap
11329,1,1.0,0,0.0,no_overlap
11330,1,1.0,1,1.0,single_overlap
11331,1,1.0,0,0.0,no_overlap
11332,1,1.0,1,1.0,single_overlap
11333,1,0.95,1,0.65,single_overlap
11334,1,0.958333333,1,1.0,single_overlap
11335,0,0.0,0,0.0,no_overlap
11336,1,1.0,1,1.0,single_overlap
11337,1,1.0,0,0.0,no_overlap
11338,1,1.0,1,1.0,single_overlap
11339,1,1.0,1,0.671641791,single_overlap
11340,1,0.933333333,1,1.0,single_overlap
11341,1,1.0,0,0.0,no_overlap
11342,1,1.0,1,1.0,single_overlap
11343,1,0.916666667,0,0.0,no_overlap
11344,1,1.0,1,1.0,single_overlap
11345,1,1.0,0,0.0,no_overlap
11346,1,0.935483871,1,1.0,single_overlap
11347,1,0.857142857,0,0.0,no_overlap
11348,1,1.0,2,0.263157895,multiple_overlaps
11349,1,1.0,0,0.0,no_overlap
11350,1,1.0,1,1.0,single_overlap
11351,1,1.0,1,0.777777778,single_overlap
11352,1,1.0,1,1.0,single_overlap
11353,1,1.0,0,0.0,no_overlap
11354,1,1.0,1,1.0,single_overlap
11355,1,1.0,0,0.0,no_overlap
11356,1,1.0,1,1.0,single_overlap
11357,1,1.0,0,0.0,no_overlap
11358,1,1.0,1,1.0,single_overlap
11359,1,1.0,1,0.583333333,single_overlap
11360,1,0.948717949,1,1.0,single_overlap
11361,1,1.0,1,0.45,single_overlap
11362,1,1.0,1,1.0,single_overlap
11363,1,0.99047619,1,0.60952381,single_overlap
11364,1,1.0,0,0.0,no_overlap
11365,1,0.892857143,1,1.0,single_overlap
11366,1,1.0,1,1.0,single_overlap
11367,1,1.0,1,0.861111111,single_overlap
11368,1,1.0,1,1.0,single_overlap
11369,1,1.0,0,0.0,no_overlap
11370,1,1.0,1,0.911111111,single_overlap
11371,1,0.898734177,1,0.379746835,single_overlap
11372,1,1.0,1,1.0,single_overlap
11373,1,0.714285714,1,1.0,single_overlap
11374,1,1.0,1,1.0,single_overlap
11375,1,1.0,1,0.875,single_overlap
11376,1,1.0,0,0.0,no_overlap
11377,1,1.0,0,0.0,no_overlap
11378,1,1.0,1,1.0,single_overlap
11379,1,1.0,1,0.888888889,single_overlap
11380,1,0.95,1,1.0,single_overlap
11381,1,1.0,0,0.0,no_overlap
11382,1,1.0,1,1.0,single_overlap
11383,1,1.0,0,0.0,no_overlap
11384,1,1.0,1,1.0,single_overlap
11385,1,1.0,0,0.0,no_overlap
11386,1,1.0,1,1.0,single_overlap
11387,1,1.0,0,0.0,no_overlap
11388,1,0.892857143,1,1.0,single_overlap
11389,1,1.0,1,1.0,single_overlap
11390,1,1.0,1,1.0,single_overlap
11391,1,0.8125,0,0.0,no_overlap
11392,1,1.0,1,1.0,single_overlap
11393,1,1.0,0,0.0,no_overlap
11394,1,1.0,1,1.0,single_overlap
11395,1,1.0,1,0.9,single_overlap
11396,1,1.0,1,1.0,single_overlap
11397,1,1.0,0,0.0,no_overlap
11398,1,1.0,1,1.0,single_overlap
11399,1,1.0,0,0.0,no_overlap
11400,1,0.888888889,1,1.0,single_overlap
11401,1,1.0,1,1.0,single_overlap
11402,0,0.0,0,0.0,no_overlap
11403,1,1.0,0,0.0,no_overlap
11404,1,1.0,1,0.92,single_overlap
11405,1,1.0,1,1.0,single_overlap
11406,1,1.0,1,1.0,single_overlap
11407,1,1.0,1,0.944444444,single_overlap
11408,1,1.0,1,1.0,single_overlap
11409,1,0.733333333,2,0.933333333,multiple_overlaps
11410,1,1.0,1,1.0,single_overlap
11411,1,1.0,1,1.0,single_overlap
11412,1,1.0,1,1.0,single_overlap
11413,1,1.0,0,0.0,no_overlap
11414,1,1.0,1,1.0,single_overlap
11415,1,0.783333333,0,0.0,no_overlap
11416,1,1.0,1,1.0,single_overlap
11417,1,1.0,1,0.97979798,single_overlap
11418,1,0.928571429,1,1.0,single_overlap
11419,1,1.0,0,0.0,no_overlap
11420,1,0.988461538,2,1.0,multiple_overlaps
11421,1,1.0,1,1.0,single_overlap
11422,1,1.0,1,1.0,single_overlap
11423,1,1.0,1,0.916666667,single_overlap
11424,1,1.0,1,1.0,single_overlap
11425,1,0.975609756,0,0.0,no_overlap
11426,1,1.0,1,0.9,single_overlap
11427,1,1.0,0,0.0,no_overlap
11428,1,0.620689655,1,1.0,single_overlap
11429,1,1.0,0,0.0,no_overlap
11430,1,0.917808219,1,1.0,single_overlap
11431,1,0.775510204,0,0.0,no_overlap
11432,1,0.777777778,1,0.777777778,single_overlap
11433,1,0.96969697,1,1.0,single_overlap
11434,1,1.0,1,1.0,single_overlap
11435,1,1.0,1,1.0,single_overlap
11436,1,1.0,1,1.0,single_overlap
11437,1,1.0,1,1.0,single_overlap
11438,1,0.969230769,1,0.984615385,single_overlap
11439,1,1.0,1,0.777777778,single_overlap
11440,1,1.0,1,1.0,single_overlap
11441,1,0.947368421,1,0.736842105,single_overlap
11442,1,1.0,1,1.0,single_overlap
11443,1,1.0,0,0.0,no_overlap
11444,1,1.0,1,1.0,single_overlap
11445,1,0.992366412,3,0.893129771,multiple_overlaps
11446,1,1.0,1,1.0,single_overlap
11447,1,0.978021978,1,0.186813187,single_overlap
11448,1,1.0,1,1.0,single_overlap
11449,1,1.0,1,0.785714286,single_overlap
11450,1,0.933333333,1,1.0,single_overlap
11451,1,1.0,0,0.0,no_overlap
11452,1,0.785714286,0,0.0,no_overlap
11453,1,1.0,0,0.0,no_overlap
11454,1,0.777777778,1,1.0,single_overlap
11455,1,0.78125,0,0.0,no_overlap
11456,0,0.0,1,1.0,single_overlap
11457,1,1.0,1,1.0,single_overlap
11458,1,1.0,1,1.0,single_overlap
11459,1,1.0,1,1.0,single_overlap
11460,1,0.980916031,2,0.946564885,multiple_overlaps
11461,1,0.915254237,1,0.847457627,single_overlap
11462,1,1.0,1,1.0,single_overlap
11463,1,1.0,1,0.685714286,single_overlap
11464,1,1.0,1,1.0,single_overlap
11465,1,0.96875,1,0.5625,single_overlap
11466,1,0.916666667,1,1.0,single_overlap
11467,1,1.0,1,0.964285714,single_overlap
11468,1,0.916666667,1,1.0,single_overlap
11469,1,1.0,1,1.0,single_overlap
11470,1,1.0,1,1.0,single_overlap
11471,1,1.0,0,0.0,no_overlap
11472,1,1.0,1,1.0,single_overlap
11473,1,0.944444444,1,0.888888889,single_overlap
11474,1,1.0,1,1.0,single_overlap
11475,1,1.0,1,1.0,single_overlap
11476,1,1.0,1,1.0,single_overlap
11477,1,0.962121212,0,0.0,no_overlap
11478,1,0.995887594,4,0.992460589,multiple_overlaps
11479,1,1.0,0,0.0,no_overlap
11480,1,1.0,1,1.0,single_overlap
11481,1,0.973684211,0,0.0,no_overlap
11482,1,1.0,1,1.0,single_overlap
11483,1,0.993670886,1,0.993670886,single_overlap
11484,1,0.962962963,2,1.0,multiple_overlaps
11485,1,1.0,1,0.75,single_overlap
11486,1,1.0,1,1.0,single_overlap
11487,1,1.0,0,0.0,no_overlap
11488,1,1.0,1,1.0,single_overlap
11489,1,0.975,0,0.0,no_overlap
11490,1,1.0,1,1.0,single_overlap
11491,1,1.0,1,0.851851852,single_overlap
11492,1,0.958333333,1,1.0,single_overlap
11493,1,0.925,0,0.0,no_overlap
11494,1,1.0,2,1.0,multiple_overlaps
11495,1,0.983870968,1,0.903225806,single_overlap
11496,1,0.8125,0,0.0,no_overlap
11497,1,1.0,0,0.0,no_overlap
11498,1,1.0,1,1.0,single_overlap
11499,1,0.944444444,1,0.388888889,single_overlap
11500,1,1.0,1,1.0,single_overlap
11501,1,1.0,1,1.0,single_overlap
11502,1,1.0,1,1.0,single_overlap
11503,1,1.0,0,0.0,no_overlap
11504,1,1.0,0,0.0,no_overlap
11505,1,0.740740741,0,0.0,no_overlap
11506,1,1.0,1,1.0,single_overlap
11507,1,0.984848485,1,0.136363636,single_overlap
11508,1,1.0,1,1.0,single_overlap
11509,1,1.0,0,0.0,no_overlap
11510,1,1.0,1,1.0,single_overlap
11511,1,0.976744186,0,0.0,no_overlap
11512,1,0.921052632,1,1.0,single_overlap
11513,1,1.0,0,0.0,no_overlap
11514,1,0.97696737,1,1.0,single_overlap
11515,1,0.928571429,0,0.0,no_overlap
11516,0,0.0,2,0.666666667,multiple_overlaps
11517,1,1.0,0,0.0,no_overlap
11518,1,1.0,1,1.0,single_overlap
11519,1,1.0,1,1.0,single_overlap
11520,1,1.0,1,1.0,single_overlap
11521,1,1.0,1,0.466666667,single_overlap
11522,1,1.0,1,1.0,single_overlap
11523,1,0.724137931,0,0.0,no_overlap
11524,1,1.0,1,1.0,single_overlap
11525,1,1.0,1,0.615384615,single_overlap
11526,1,0.923076923,1,1.0,single_overlap
11527,1,1.0,1,0.933333333,single_overlap
11528,1,0.967741935,1,1.0,single_overlap
11529,1,1.0,1,0.87804878,single_overlap
11530,1,0.928571429,1,1.0,single_overlap
11531,1,0.995884774,1,1.0,single_overlap
11532,1,1.0,1,0.923076923,single_overlap
11533,1,1.0,1,1.0,single_overlap
11534,1,0.925925926,1,1.0,single_overlap
11535,1,1.0,0,0.0,no_overlap
11536,1,1.0,1,1.0,single_overlap
11537,1,0.717948718,0,0.0,no_overlap
11538,1,0.983870968,1,0.991935484,single_overlap
11539,1,1.0,0,0.0,no_overlap
11540,1,1.0,1,1.0,single_overlap
11541,0,0.0,0,0.0,no_overlap
11542,1,1.0,1,1.0,single_overlap
11543,1,0.892857143,1,1.0,single_overlap
11544,1,1.0,1,1.0,single_overlap
11545,1,1.0,0,0.0,no_overlap
11546,1,0.913043478,1,1.0,single_overlap
11547,1,0.851851852,1,1.0,single_overlap
11548,1,1.0,2,1.0,multiple_overlaps
11549,1,0.966666667,0,0.0,no_overlap
11550,1,1.0,1,1.0,single_overlap
11551,1,1.0,0,0.0,no_overlap
11552,1,0.967741935,1,1.0,single_overlap
11553,1,1.0,0,0.0,no_overlap
11554,1,1.0,1,1.0,single_overlap
11555,1,1.0,0,0.0,no_overlap
11556,1,1.0,1,1.0,single_overlap
11557,1,1.0,0,0.0,no_overlap
11558,1,0.970588235,0,0.0,no_overlap
11559,1,1.0,1,0.8,single_overlap
11560,1,1.0,1,1.0,single_overlap
11561,1,0.953846154,1,1.0,single_overlap
11562,1,1.0,1,1.0,single_overlap
11563,1,1.0,1,0.956521739,single_overlap
11564,1,1.0,1,1.0,single_overlap
11565,1,0.941176471,0,0.0,no_overlap
11566,1,0.98630137,1,1.0,single_overlap
11567,1,1.0,1,0.846153846,single_overlap
11568,1,1.0,1,1.0,single_overlap
11569,1,1.0,1,1.0,single_overlap
11570,1,1.0,1,1.0,single_overlap
11571,1,1.0,1,1.0,single_overlap
11572,1,1.0,1,1.0,single_overlap
11573,1,0.993464052,1,1.0,single_overlap
11574,1,1.0,1,0.9375,single_overlap
11575,1,1.0,0,0.0,no_overlap
11576,1,1.0,1,1.0,single_overlap
11577,1,1.0,1,0.066666667,single_overlap
11578,1,1.0,1,1.0,single_overlap
11579,0,0.0,0,0.0,no_overlap
11580,1,0.995525727,1,1.0,single_overlap
11581,1,0.59375,1,1.0,single_overlap
11582,1,1.0,1,1.0,single_overlap
11583,1,1.0,1,0.941176471,single_overlap
11584,1,0.96969697,1,0.878787879,single_overlap
11585,1,1.0,0,0.0,no_overlap
11586,1,1.0,0,0.0,no_overlap
11587,1,0.884615385,0,0.0,no_overlap
11588,1,0.992753623,1,1.0,single_overlap
11589,0,0.0,0,0.0,no_overlap
11590,1,1.0,1,1.0,single_overlap
11591,1,1.0,1,1.0,single_overlap
11592,1,0.8,1,1.0,single_overlap
11593,1,1.0,1,1.0,single_overlap
11594,1,0.96969697,1,1.0,single_overlap
11595,1,0.948453608,0,0.0,no_overlap
11596,1,1.0,1,1.0,single_overlap
11597,1,1.0,0,0.0,no_overlap
11598,0,0.0,0,0.0,no_overlap
11599,1,1.0,1,0.923076923,single_overlap
11600,1,1.0,0,0.0,no_overlap
11601,1,0.915492958,1,0.647887324,single_overlap
11602,1,1.0,1,1.0,single_overlap
11603,1,1.0,0,0.0,no_overlap
11604,1,1.0,1,0.965517241,single_overlap
11605,1,1.0,0,0.0,no_overlap
11606,1,1.0,1,0.997282609,single_overlap
11607,1,0.568627451,0,0.0,no_overlap
11608,1,0.984126984,1,1.0,single_overlap
11609,4,0.819494585,1,0.126353791,single_overlap
11610,1,1.0,1,1.0,single_overlap
11611,1,1.0,0,0.0,no_overlap
11612,1,1.0,1,1.0,single_overlap
11613,1,0.875,1,0.875,single_overlap
11614,1,1.0,1,1.0,single_overlap
11615,1,1.0,1,1.0,single_overlap
11616,1,0.947368421,1,1.0,single_overlap
11617,1,1.0,0,0.0,no_overlap
11618,1,1.0,1,1.0,single_overlap
11619,1,1.0,0,0.0,no_overlap
11620,1,1.0,1,1.0,single_overlap
11621,1,1.0,0,0.0,no_overlap
11622,1,0.965517241,1,1.0,single_overlap
11623,1,1.0,1,1.0,single_overlap
11624,1,0.728571429,1,1.0,single_overlap
11625,1,1.0,1,0.981481481,single_overlap
11626,1,1.0,1,1.0,single_overlap
11627,1,0.878787879,0,0.0,no_overlap
11628,1,1.0,1,1.0,single_overlap
11629,1,0.965517241,1,1.0,single_overlap
11630,1,0.914285714,1,1.0,single_overlap
11631,1,1.0,1,0.928571429,single_overlap
11632,1,0.98289136,1,1.0,single_overlap
11633,2,0.986710963,2,0.667774086,multiple_overlaps
11634,1,0.866666667,1,1.0,single_overlap
11635,1,1.0,1,0.24137931,single_overlap
11636,0,0.0,1,0.166666667,single_overlap
11637,1,1.0,1,1.0,single_overlap
11638,1,1.0,1,1.0,single_overlap
11639,1,1.0,1,0.875,single_overlap
11640,1,1.0,1,1.0,single_overlap
11641,1,0.888888889,0,0.0,no_overlap
11642,1,1.0,1,0.6875,single_overlap
11643,1,1.0,1,1.0,single_overlap
11644,1,0.975609756,1,1.0,single_overlap
11645,1,1.0,1,1.0,single_overlap
11646,1,1.0,1,1.0,single_overlap
11647,1,1.0,0,0.0,no_overlap
11648,1,1.0,2,1.0,multiple_overlaps
11649,1,1.0,1,1.0,single_overlap
11650,1,1.0,1,1.0,single_overlap
11651,1,1.0,0,0.0,no_overlap
11652,1,1.0,1,1.0,single_overlap
11653,1,0.642857143,1,0.071428571,single_overlap
11654,1,1.0,1,1.0,single_overlap
11655,1,1.0,0,0.0,no_overlap
11656,1,1.0,1,1.0,single_overlap
11657,1,1.0,1,1.0,single_overlap
11658,1,1.0,1,1.0,single_overlap
11659,1,0.976190476,0,0.0,no_overlap
11660,1,1.0,1,1.0,single_overlap
11661,1,1.0,0,0.0,no_overlap
11662,1,0.896551724,1,1.0,single_overlap
11663,0,0.0,1,1.0,single_overlap
11664,1,0.981818182,1,1.0,single_overlap
11665,1,1.0,1,1.0,single_overlap
11666,1,0.974358974,1,0.897435897,single_overlap
11667,1,1.0,0,0.0,no_overlap
11668,1,1.0,1,1.0,single_overlap
11669,1,0.916666667,1,1.0,single_overlap
11670,1,1.0,1,1.0,single_overlap
11671,1,1.0,0,0.0,no_overlap
11672,1,0.966666667,1,1.0,single_overlap
11673,1,0.714285714,0,0.0,no_overlap
11674,1,1.0,1,1.0,single_overlap
11675,1,0.75862069,0,0.0,no_overlap
11676,1,1.0,1,1.0,single_overlap
11677,1,0.928571429,0,0.0,no_overlap
11678,1,1.0,1,0.263157895,single_overlap
11679,0,0.0,0,0.0,no_overlap
11680,1,1.0,1,1.0,single_overlap
11681,1,1.0,0,0.0,no_overlap
11682,1,1.0,1,1.0,single_overlap
11683,1,1.0,0,0.0,no_overlap
11684,1,1.0,1,1.0,single_overlap
11685,1,1.0,1,1.0,single_overlap
11686,1,1.0,1,1.0,single_overlap
11687,1,0.921052632,1,1.0,single_overlap
11688,1,1.0,1,1.0,single_overlap
11689,1,1.0,0,0.0,no_overlap
11690,1,1.0,1,1.0,single_overlap
11691,0,0.0,0,0.0,no_overlap
11692,1,0.974358974,1,1.0,single_overlap
11693,1,1.0,0,0.0,no_overlap
11694,1,1.0,1,0.256410256,single_overlap
11695,1,1.0,1,1.0,single_overlap
11696,1,0.886792453,1,1.0,single_overlap
11697,1,0.65,0,0.0,no_overlap
11698,1,1.0,1,1.0,single_overlap
11699,1,0.909090909,1,1.0,single_overlap
11700,2,0.936024845,1,1.0,single_overlap
11701,1,0.8125,0,0.0,no_overlap
11702,1,0.625,1,1.0,single_overlap
11703,0,0.0,0,0.0,no_overlap
11704,0,0.0,1,1.0,single_overlap
11705,1,1.0,1,1.0,single_overlap
11706,0,0.0,0,0.0,no_overlap
11707,1,1.0,0,0.0,no_overlap
11708,1,0.916666667,1,1.0,single_overlap
11709,1,1.0,0,0.0,no_overlap
11710,1,1.0,1,1.0,single_overlap
11711,1,0.942307692,1,1.0,single_overlap
11712,1,1.0,1,1.0,single_overlap
11713,1,1.0,1,1.0,single_overlap
11714,1,1.0,1,1.0,single_overlap
11715,1,1.0,1,0.80952381,single_overlap
11716,1,0.896551724,1,1.0,single_overlap
11717,1,1.0,0,0.0,no_overlap
11718,1,1.0,1,0.333333333,single_overlap
11719,1,1.0,1,1.0,single_overlap
11720,1,0.966666667,1,1.0,single_overlap
11721,1,0.947368421,0,0.0,no_overlap
11722,1,1.0,1,1.0,single_overlap
11723,0,0.0,0,0.0,no_overlap
11724,1,1.0,1,1.0,single_overlap
11725,1,0.875,1,0.875,single_overlap
11726,1,0.963414634,1,1.0,single_overlap
11727,0,0.0,0,0.0,no_overlap
11728,1,0.988636364,1,0.954545455,single_overlap
11729,0,0.0,0,0.0,no_overlap
11730,1,1.0,0,0.0,no_overlap
11731,1,0.916666667,1,1.0,single_overlap
11732,1,0.95,1,0.05,single_overlap
11733,1,0.917910448,1,0.970149254,single_overlap
11734,1,0.9375,1,0.979166667,single_overlap
11735,1,1.0,1,1.0,single_overlap
11736,1,0.959183673,1,0.979591837,single_overlap
11737,1,1.0,1,1.0,single_overlap
11738,1,0.989776358,1,0.998402556,single_overlap
11739,1,1.0,0,0.0,no_overlap
11740,1,1.0,1,1.0,single_overlap
11741,1,1.0,1,1.0,single_overlap
11742,1,1.0,1,1.0,single_overlap
11743,1,0.956521739,1,1.0,single_overlap
11744,1,1.0,1,1.0,single_overlap
11745,1,1.0,0,0.0,no_overlap
11746,1,1.0,1,1.0,single_overlap
11747,1,0.859649123,1,0.894736842,single_overlap
11748,1,0.964285714,1,1.0,single_overlap
11749,1,0.625,0,0.0,no_overlap
11750,1,0.952380952,1,1.0,single_overlap
11751,1,1.0,0,0.0,no_overlap
11752,1,1.0,1,1.0,single_overlap
11753,1,0.555555556,1,0.962962963,single_overlap
11754,1,1.0,1,0.862068966,single_overlap
11755,2,0.932828761,2,0.61589404,multiple_overlaps
11756,1,0.929411765,1,1.0,single_overlap
11757,1,1.0,1,1.0,single_overlap
11758,1,1.0,1,1.0,single_overlap
11759,1,1.0,1,0.909090909,single_overlap
11760,1,0.95862069,1,1.0,single_overlap
11761,1,0.956521739,0,0.0,no_overlap
11762,1,0.913043478,1,1.0,single_overlap
11763,1,0.938461538,1,0.907692308,single_overlap
11764,1,1.0,1,1.0,single_overlap
11765,1,0.88,1,1.0,single_overlap
11766,1,1.0,1,1.0,single_overlap
11767,1,1.0,1,1.0,single_overlap
11768,1,1.0,1,1.0,single_overlap
11769,1,0.617647059,0,0.0,no_overlap
11770,1,1.0,1,1.0,single_overlap
11771,2,0.890625,1,0.0234375,single_overlap
11772,1,0.982142857,1,1.0,single_overlap
11773,1,0.865168539,0,0.0,no_overlap
11774,1,1.0,1,1.0,single_overlap
11775,1,0.777777778,0,0.0,no_overlap
11776,1,1.0,1,1.0,single_overlap
11777,1,1.0,1,0.75,single_overlap
11778,1,1.0,1,0.964285714,single_overlap
11779,1,1.0,0,0.0,no_overlap
11780,1,1.0,1,1.0,single_overlap
11781,0,0.0,0,0.0,no_overlap
11782,1,1.0,1,1.0,single_overlap
11783,1,0.954545455,1,1.0,single_overlap
11784,1,1.0,1,1.0,single_overlap
11785,1,0.694915254,0,0.0,no_overlap
11786,1,1.0,0,0.0,no_overlap
11787,1,0.730769231,0,0.0,no_overlap
11788,1,0.980392157,1,1.0,single_overlap
11789,0,0.0,0,0.0,no_overlap
11790,1,0.966666667,1,1.0,single_overlap
11791,1,1.0,0,0.0,no_overlap
11792,1,1.0,1,1.0,single_overlap
11793,1,0.761904762,1,0.571428571,single_overlap
11794,1,1.0,1,1.0,single_overlap
11795,1,0.631578947,0,0.0,no_overlap
11796,1,0.980392157,1,1.0,single_overlap
11797,1,0.666666667,0,0.0,no_overlap
11798,1,1.0,1,1.0,single_overlap
11799,0,0.0,0,0.0,no_overlap
11800,1,0.993458708,1,1.0,single_overlap
11801,0,0.0,0,0.0,no_overlap
11802,1,1.0,1,1.0,single_overlap
11803,1,0.975308642,1,1.0,single_overlap
11804,1,1.0,1,1.0,single_overlap
11805,1,1.0,1,1.0,single_overlap
11806,1,1.0,1,1.0,single_overlap
11807,1,1.0,0,0.0,no_overlap
11808,1,1.0,1,1.0,single_overlap
11809,1,1.0,1,1.0,single_overlap
11810,1,0.9,1,1.0,single_overlap
11811,1,1.0,1,0.952380952,single_overlap
11812,1,0.916666667,1,1.0,single_overlap
11813,1,0.928571429,1,1.0,single_overlap
11814,1,1.0,1,1.0,single_overlap
11815,1,0.92,1,0.32,single_overlap
11816,1,1.0,1,1.0,single_overlap
11817,1,0.897435897,0,0.0,no_overlap
11818,1,0.913043478,1,1.0,single_overlap
11819,1,1.0,1,1.0,single_overlap
11820,1,0.992774566,1,1.0,single_overlap
11821,3,0.972949764,3,0.996135681,multiple_overlaps
11822,1,1.0,1,0.181818182,single_overlap
11823,1,1.0,1,1.0,single_overlap
11824,1,0.466666667,1,1.0,single_overlap
11825,1,1.0,1,0.933333333,single_overlap
11826,1,1.0,1,1.0,single_overlap
11827,1,1.0,1,1.0,single_overlap
11828,1,1.0,2,0.285714286,multiple_overlaps
11829,1,1.0,1,0.78125,single_overlap
11830,1,1.0,1,1.0,single_overlap
11831,1,0.975308642,0,0.0,no_overlap
11832,1,0.948717949,1,1.0,single_overlap
11833,1,1.0,1,1.0,single_overlap
11834,1,1.0,1,1.0,single_overlap
11835,1,1.0,1,0.8,single_overlap
11836,1,0.95,1,1.0,single_overlap
11837,1,1.0,1,1.0,single_overlap
11838,1,1.0,1,1.0,single_overlap
11839,1,1.0,1,0.928571429,single_overlap
11840,1,1.0,1,1.0,single_overlap
11841,1,0.818181818,1,1.0,single_overlap
11842,1,0.944444444,1,1.0,single_overlap
11843,1,0.904761905,1,0.920634921,single_overlap
11844,1,1.0,1,1.0,single_overlap
11845,1,1.0,1,0.782608696,single_overlap
11846,1,1.0,1,1.0,single_overlap
11847,1,0.888888889,1,0.925925926,single_overlap
11848,1,0.967741935,1,1.0,single_overlap
11849,1,1.0,1,1.0,single_overlap
11850,1,1.0,1,1.0,single_overlap
11851,1,1.0,2,0.98245614,multiple_overlaps
11852,1,0.944444444,1,1.0,single_overlap
11853,1,1.0,1,0.53125,single_overlap
11854,1,1.0,1,1.0,single_overlap
11855,1,0.695652174,0,0.0,no_overlap
11856,1,1.0,1,1.0,single_overlap
11857,1,0.938271605,1,0.938271605,single_overlap
11858,1,1.0,1,1.0,single_overlap
11859,1,0.75,1,1.0,single_overlap
11860,1,0.933333333,1,1.0,single_overlap
11861,1,1.0,1,1.0,single_overlap
11862,1,1.0,1,1.0,single_overlap
11863,1,0.966666667,1,1.0,single_overlap
11864,1,1.0,1,1.0,single_overlap
11865,1,0.780487805,1,1.0,single_overlap
11866,1,0.953488372,1,1.0,single_overlap
11867,1,0.875,0,0.0,no_overlap
11868,1,0.985915493,1,1.0,single_overlap
11869,1,0.99382716,1,0.87654321,single_overlap
11870,1,1.0,1,1.0,single_overlap
11871,1,1.0,1,0.782608696,single_overlap
11872,1,1.0,1,1.0,single_overlap
11873,1,1.0,1,0.227272727,single_overlap
11874,0,0.0,0,0.0,no_overlap
11875,1,0.933333333,1,0.466666667,single_overlap
11876,1,0.909090909,1,1.0,single_overlap
11877,1,0.964285714,0,0.0,no_overlap
11878,1,1.0,1,1.0,single_overlap
11879,1,0.794871795,0,0.0,no_overlap
11880,1,1.0,1,0.95,single_overlap
11881,1,1.0,0,0.0,no_overlap
11882,1,0.957446809,1,1.0,single_overlap
11883,1,0.842105263,0,0.0,no_overlap
11884,1,0.986486486,1,1.0,single_overlap
11885,1,1.0,1,1.0,single_overlap
11886,2,0.937007874,1,1.0,single_overlap
11887,1,1.0,0,0.0,no_overlap
11888,1,1.0,1,1.0,single_overlap
11889,2,0.866666667,1,0.708333333,single_overlap
11890,1,1.0,1,1.0,single_overlap
11891,1,0.993865031,1,0.36809816,single_overlap
11892,1,1.0,1,1.0,single_overlap
11893,1,0.946428571,0,0.0,no_overlap
11894,1,1.0,1,1.0,single_overlap
11895,1,1.0,1,0.866197183,single_overlap
11896,1,1.0,1,1.0,single_overlap
11897,1,0.951219512,0,0.0,no_overlap
11898,1,1.0,1,1.0,single_overlap
11899,1,0.973684211,1,1.0,single_overlap
11900,1,1.0,1,1.0,single_overlap
11901,1,0.942857143,1,0.485714286,single_overlap
11902,1,0.97761194,1,1.0,single_overlap
11903,1,0.947368421,0,0.0,no_overlap
11904,1,1.0,1,1.0,single_overlap
11905,1,1.0,1,0.933333333,single_overlap
11906,1,1.0,1,1.0,single_overlap
11907,1,0.857142857,0,0.0,no_overlap
11908,1,1.0,1,1.0,single_overlap
11909,1,0.928571429,0,0.0,no_overlap
11910,1,1.0,1,1.0,single_overlap
11911,1,0.941176471,0,0.0,no_overlap
11912,1,1.0,1,1.0,single_overlap
11913,1,0.967741935,0,0.0,no_overlap
11914,1,1.0,1,1.0,single_overlap
11915,1,0.904761905,0,0.0,no_overlap
11916,1,1.0,1,1.0,single_overlap
11917,1,0.909090909,0,0.0,no_overlap
11918,1,1.0,1,1.0,single_overlap
11919,1,1.0,0,0.0,no_overlap
11920,1,0.944444444,1,1.0,single_overlap
11921,1,0.875,0,0.0,no_overlap
11922,1,1.0,1,1.0,single_overlap
11923,1,1.0,0,0.0,no_overlap
11924,1,1.0,1,1.0,single_overlap
11925,1,0.857142857,0,0.0,no_overlap
11926,1,1.0,1,1.0,single_overlap
11927,0,0.0,0,0.0,no_overlap
11928,1,0.914285714,1,1.0,single_overlap
11929,1,0.972972973,0,0.0,no_overlap
11930,1,1.0,2,1.0,multiple_overlaps
11931,1,0.906976744,0,0.0,no_overlap
11932,1,1.0,0,0.0,no_overlap
11933,1,1.0,1,1.0,single_overlap
11934,1,1.0,1,1.0,single_overlap
11935,1,0.895522388,0,0.0,no_overlap
11936,1,1.0,1,1.0,single_overlap
11937,1,1.0,1,1.0,single_overlap
11938,1,1.0,1,1.0,single_overlap
11939,1,0.986111111,0,0.0,no_overlap
11940,1,1.0,1,1.0,single_overlap
11941,1,1.0,0,0.0,no_overlap
11942,1,1.0,1,1.0,single_overlap
11943,1,0.7,1,0.85,single_overlap
11944,1,0.966666667,1,1.0,single_overlap
11945,1,1.0,0,0.0,no_overlap
11946,1,1.0,1,0.346153846,single_overlap
11947,1,1.0,0,0.0,no_overlap
11948,1,1.0,1,1.0,single_overlap
11949,1,1.0,1,1.0,single_overlap
11950,1,1.0,1,1.0,single_overlap
11951,1,1.0,0,0.0,no_overlap
11952,1,1.0,1,1.0,single_overlap
11953,1,0.954545455,1,1.0,single_overlap
11954,1,0.958333333,1,1.0,single_overlap
11955,1,0.75,1,1.0,single_overlap
11956,1,0.981096408,1,0.998109641,single_overlap
11957,1,1.0,1,1.0,single_overlap
11958,1,0.923076923,1,1.0,single_overlap
11959,1,0.816091954,1,1.0,single_overlap
11960,1,1.0,1,1.0,single_overlap
11961,1,1.0,0,0.0,no_overlap
11962,1,1.0,1,1.0,single_overlap
11963,1,1.0,0,0.0,no_overlap
11964,1,0.95,1,1.0,single_overlap
11965,1,0.923076923,1,1.0,single_overlap
11966,1,0.981132075,1,1.0,single_overlap
11967,2,0.981818182,2,0.990909091,multiple_overlaps
11968,1,0.971428571,1,1.0,single_overlap
11969,1,0.976377953,1,0.818897638,single_overlap
11970,1,1.0,1,1.0,single_overlap
11971,1,1.0,1,1.0,single_overlap
11972,1,1.0,1,1.0,single_overlap
11973,1,1.0,1,1.0,single_overlap
11974,1,0.975,1,1.0,single_overlap
11975,1,0.923076923,1,1.0,single_overlap
11976,1,1.0,1,1.0,single_overlap
11977,1,0.958333333,0,0.0,no_overlap
11978,1,1.0,1,1.0,single_overlap
11979,0,0.0,0,0.0,no_overlap
11980,1,1.0,1,1.0,single_overlap
11981,1,1.0,1,0.115384615,single_overlap
11982,1,0.986486486,1,1.0,single_overlap
11983,1,1.0,1,1.0,single_overlap
11984,1,1.0,1,1.0,single_overlap
11985,1,0.85,0,0.0,no_overlap
11986,1,1.0,1,1.0,single_overlap
11987,0,0.0,0,0.0,no_overlap
11988,1,1.0,1,1.0,single_overlap
11989,1,1.0,1,1.0,single_overlap
11990,1,1.0,1,1.0,single_overlap
11991,1,0.970588235,0,0.0,no_overlap
11992,1,1.0,1,1.0,single_overlap
11993,1,0.888888889,1,0.666666667,single_overlap
11994,1,0.987261146,1,1.0,single_overlap
11995,1,1.0,1,0.92,single_overlap
11996,1,1.0,1,1.0,single_overlap
11997,1,1.0,0,0.0,no_overlap
11998,1,0.978494624,1,1.0,single_overlap
11999,1,1.0,1,1.0,single_overlap
12000,1,1.0,1,1.0,single_overlap
12001,1,0.736842105,0,0.0,no_overlap
12002,1,1.0,1,1.0,single_overlap
12003,1,1.0,1,1.0,single_overlap
12004,0,0.0,1,1.0,single_overlap
12005,1,1.0,1,1.0,single_overlap
12006,1,1.0,1,1.0,single_overlap
12007,1,1.0,0,0.0,no_overlap
12008,1,1.0,0,0.0,no_overlap
12009,1,1.0,1,1.0,single_overlap
12010,1,1.0,0,0.0,no_overlap
12011,1,0.9375,1,1.0,single_overlap
12012,1,1.0,1,1.0,single_overlap
12013,1,0.933333333,0,0.0,no_overlap
12014,1,1.0,1,1.0,single_overlap
12015,1,1.0,0,0.0,no_overlap
12016,1,0.920353982,1,0.973451327,single_overlap
12017,1,1.0,0,0.0,no_overlap
12018,1,1.0,1,1.0,single_overlap
12019,1,1.0,1,1.0,single_overlap
12020,1,1.0,1,1.0,single_overlap
12021,1,0.888888889,0,0.0,no_overlap
12022,1,0.980392157,1,1.0,single_overlap
12023,1,0.9375,1,1.0,single_overlap
12024,1,0.994091581,1,1.0,single_overlap
12025,1,1.0,1,1.0,single_overlap
12026,1,1.0,1,1.0,single_overlap
12027,1,0.9375,0,0.0,no_overlap
12028,1,0.851851852,1,0.888888889,single_overlap
12029,1,0.777777778,1,0.944444444,single_overlap
12030,1,1.0,1,1.0,single_overlap
12031,1,1.0,1,1.0,single_overlap
12032,1,0.954971857,1,1.0,single_overlap
12033,1,1.0,1,0.931034483,single_overlap
12034,1,1.0,1,1.0,single_overlap
12035,1,1.0,1,1.0,single_overlap
12036,1,1.0,1,1.0,single_overlap
12037,1,1.0,0,0.0,no_overlap
12038,0,0.0,1,1.0,single_overlap
12039,1,0.9,0,0.0,no_overlap
12040,1,1.0,1,1.0,single_overlap
12041,1,0.916666667,0,0.0,no_overlap
12042,1,1.0,1,1.0,single_overlap
12043,1,0.925925926,0,0.0,no_overlap
12044,1,1.0,1,1.0,single_overlap
12045,1,1.0,1,1.0,single_overlap
12046,1,0.981927711,1,1.0,single_overlap
12047,1,1.0,0,0.0,no_overlap
12048,1,0.98245614,1,1.0,single_overlap
12049,1,0.888888889,1,1.0,single_overlap
12050,1,0.955882353,1,0.985294118,single_overlap
12051,0,0.0,0,0.0,no_overlap
12052,1,0.739130435,1,1.0,single_overlap
12053,0,0.0,0,0.0,no_overlap
12054,1,1.0,1,1.0,single_overlap
12055,1,1.0,1,1.0,single_overlap
12056,1,1.0,1,1.0,single_overlap
12057,1,0.888888889,0,0.0,no_overlap
12058,1,1.0,1,1.0,single_overlap
12059,1,1.0,1,1.0,single_overlap
12060,1,1.0,1,1.0,single_overlap
12061,1,1.0,1,1.0,single_overlap
12062,1,0.939393939,1,1.0,single_overlap
12063,1,1.0,1,0.935323383,single_overlap
12064,1,1.0,1,1.0,single_overlap
12065,1,1.0,1,1.0,single_overlap
12066,1,0.983606557,1,0.93442623,single_overlap
12067,1,1.0,1,1.0,single_overlap
12068,1,1.0,1,1.0,single_overlap
12069,1,1.0,1,0.677419355,single_overlap
12070,1,1.0,1,1.0,single_overlap
12071,1,0.952380952,1,1.0,single_overlap
12072,1,1.0,1,1.0,single_overlap
12073,1,1.0,1,0.461538462,single_overlap
12074,1,1.0,1,1.0,single_overlap
12075,1,1.0,0,0.0,no_overlap
12076,1,0.956521739,1,1.0,single_overlap
12077,1,1.0,1,1.0,single_overlap
12078,1,0.995708155,1,1.0,single_overlap
12079,1,0.9375,1,1.0,single_overlap
12080,1,0.890243902,1,1.0,single_overlap
12081,1,0.916666667,0,0.0,no_overlap
12082,1,1.0,1,1.0,single_overlap
12083,1,0.947368421,1,0.894736842,single_overlap
12084,1,1.0,1,1.0,single_overlap
12085,0,0.0,1,1.0,single_overlap
12086,1,0.982142857,1,1.0,single_overlap
12087,1,1.0,1,0.959183673,single_overlap
12088,1,1.0,1,1.0,single_overlap
12089,1,1.0,1,1.0,single_overlap
12090,1,1.0,1,1.0,single_overlap
12091,1,0.953846154,1,1.0,single_overlap
12092,1,0.906976744,1,0.953488372,single_overlap
12093,1,1.0,1,1.0,single_overlap
12094,1,1.0,1,1.0,single_overlap
12095,1,0.846153846,1,1.0,single_overlap
12096,1,1.0,1,1.0,single_overlap
12097,1,1.0,1,0.819444444,single_overlap
12098,1,0.960244648,1,0.996941896,single_overlap
12099,1,0.828571429,1,0.942857143,single_overlap
12100,1,0.968253968,1,0.968253968,single_overlap
12101,1,1.0,1,1.0,single_overlap
12102,1,1.0,1,1.0,single_overlap
12103,1,0.956521739,1,1.0,single_overlap
12104,1,1.0,1,0.28,single_overlap
12105,1,1.0,1,0.129032258,single_overlap
12106,1,1.0,1,1.0,single_overlap
12107,1,1.0,1,1.0,single_overlap
12108,1,0.875,1,0.982142857,single_overlap
12109,1,0.822222222,1,1.0,single_overlap
12110,1,1.0,1,1.0,single_overlap
12111,1,1.0,1,1.0,single_overlap
12112,1,1.0,1,0.842105263,single_overlap
12113,1,0.78,1,0.98,single_overlap
12114,1,1.0,1,1.0,single_overlap
12115,1,0.857142857,1,0.920634921,single_overlap
12116,1,1.0,1,1.0,single_overlap
12117,1,1.0,1,1.0,single_overlap
12118,1,0.909090909,1,0.878787879,single_overlap
12119,1,0.928571429,1,1.0,single_overlap
12120,1,1.0,1,0.885057471,single_overlap
12121,1,0.930555556,1,1.0,single_overlap
12122,0,0.0,1,0.133333333,single_overlap
12123,1,0.972789116,1,0.993197279,single_overlap
12124,1,1.0,1,1.0,single_overlap
12125,1,1.0,1,1.0,single_overlap
12126,1,1.0,1,1.0,single_overlap
12127,1,0.894308943,1,1.0,single_overlap
12128,1,1.0,1,0.998932764,single_overlap
12129,1,1.0,1,1.0,single_overlap
12130,1,1.0,1,1.0,single_overlap
12131,1,1.0,1,1.0,single_overlap
12132,1,0.995073892,1,1.0,single_overlap
12133,1,1.0,1,1.0,single_overlap
12134,1,1.0,1,1.0,single_overlap
12135,1,0.986631016,1,0.997326203,single_overlap
12136,1,0.977272727,1,1.0,single_overlap
12137,1,1.0,1,1.0,single_overlap
12138,1,0.875,1,1.0,single_overlap
12139,1,0.963636364,1,1.0,single_overlap
12140,1,1.0,1,1.0,single_overlap
