efua_id,source_name,directory_point_airports,scheduled_nonclosed_directory_points,status
1,Herat,0,0,no_in_area_point_not_no_transport
2,Namibe,0,0,no_in_area_point_not_no_transport
3,Shkoder,1,0,directory_points_only
4,Madinat Zayed,2,0,directory_points_only
6,Gyumri,1,1,directory_points_only
7,Mandurah,1,0,directory_points_only
8,Innsbruck,6,1,directory_points_only
9,Nakhchivan,0,0,no_in_area_point_not_no_transport
10,Rugombo,0,0,no_in_area_point_not_no_transport
11,Bredene,2,1,directory_points_only
12,Cobli,0,0,no_in_area_point_not_no_transport
13,Niangoloko,0,0,no_in_area_point_not_no_transport
14,Atwari,0,0,no_in_area_point_not_no_transport
15,Sofia,6,1,directory_points_only
16,Manama,18,1,directory_points_only
17,Nassau,5,1,directory_points_only
18,Banja Luka,2,0,directory_points_only
19,Hrodna,2,0,directory_points_only
20,Belize City,2,1,directory_points_only
22,Cruzeiro do Sul,0,0,no_in_area_point_not_no_transport
23,Bridgetown,2,1,directory_points_only
24,Bandar Seri Begawan,4,1,directory_points_only
26,Maun,1,1,directory_points_only
28,Victoria,10,4,directory_points_only
29,Geneva,2,0,directory_points_only
30,Arica,1,0,directory_points_only
31,Kashgar,1,1,directory_points_only
32,Danané,0,0,no_in_area_point_not_no_transport
33,Limbé,1,0,directory_points_only
34,Moanda,1,0,directory_points_only
35,Pointe-Noire,1,1,directory_points_only
36,San Andrés,1,1,directory_points_only
37,Moroni,1,0,directory_points_only
38,Mindelo,0,0,no_in_area_point_not_no_transport
39,Barranca,1,0,directory_points_only
40,Pinar del Rio,1,0,directory_points_only
41,Willemstad,0,0,no_in_area_point_not_no_transport
42,Limassol,2,0,directory_points_only
43,Pilsen,9,0,directory_points_only
44,Heerlen,4,0,directory_points_only
45,Djibouti,6,1,directory_points_only
46,Aalborg,3,1,directory_points_only
48,Tinduf,0,0,no_in_area_point_not_no_transport
49,Santa Elena,0,0,no_in_area_point_not_no_transport
50,Marsa Matruh‎,0,0,no_in_area_point_not_no_transport
51,Teseney,1,0,directory_points_only
52,Dakhla,1,1,directory_points_only
53,Los Cristianos,1,0,directory_points_only
54,Tallinn,8,2,directory_points_only
55,Asosa,0,0,no_in_area_point_not_no_transport
56,Turku,2,1,directory_points_only
57,Suva,0,0,no_in_area_point_not_no_transport
58,Brest,4,1,directory_points_only
59,Port-Gentil,1,1,directory_points_only
60,Londonderry/Derry,5,0,directory_points_only
62,Dormaa Ahenkro,0,0,no_in_area_point_not_no_transport
64,Kamsar,0,0,no_in_area_point_not_no_transport
65,Les Abymes,4,1,directory_points_only
66,Serrekunda,0,0,no_in_area_point_not_no_transport
67,Bissau,1,1,directory_points_only
68,Malabo,1,1,directory_points_only
69,Ioannina,1,1,directory_points_only
70,Malacatán,1,0,directory_points_only
71,Cayenne,1,0,directory_points_only
72,Georgetown,0,0,no_in_area_point_not_no_transport
73,Hong Kong,69,1,directory_points_only
74,Santa Rosa,1,0,directory_points_only
75,Rijeka,2,0,directory_points_only
76,Jérémie,0,0,no_in_area_point_not_no_transport
77,Sopron,1,0,directory_points_only
78,Banda Aceh,2,1,directory_points_only
79,Nakhatrana,0,0,no_in_area_point_not_no_transport
80,Galway,3,0,directory_points_only
81,Salmas,0,0,no_in_area_point_not_no_transport
82,Al Baaj,0,0,no_in_area_point_not_no_transport
83,Reykjavik,2,1,directory_points_only
84,Ashkelon,0,0,no_in_area_point_not_no_transport
85,Turin,22,1,directory_points_only
86,Montego Bay,1,1,directory_points_only
87,Saint Helier,2,1,directory_points_only
88,Aqaba,3,0,directory_points_only
89,Otaru,2,0,directory_points_only
90,Oral,0,0,no_in_area_point_not_no_transport
91,Busia,1,0,directory_points_only
92,Kerben,0,0,no_in_area_point_not_no_transport
93,Poipet,0,0,no_in_area_point_not_no_transport
94,Seoul,603,2,directory_points_only
96,Luang Prabang,1,1,directory_points_only
97,Tyre,1,0,directory_points_only
98,Monrovia,1,1,directory_points_only
100,Jaffna,0,0,no_in_area_point_not_no_transport
101,Maseru,1,0,directory_points_only
102,Klaipėda,1,0,directory_points_only
103,Luxembourg,7,1,directory_points_only
104,Liepaja,3,0,directory_points_only
105,Zhuhai,2,0,directory_points_only
106,Guelmim,0,0,no_in_area_point_not_no_transport
108,Bălți,1,0,directory_points_only
109,Toliara,0,0,no_in_area_point_not_no_transport
110,Malé,0,0,no_in_area_point_not_no_transport
112,Gostivar,0,0,no_in_area_point_not_no_transport
113,Kayes,1,0,directory_points_only
114,Valletta,6,1,directory_points_only
115,Kyauktaw,0,0,no_in_area_point_not_no_transport
116,Podgorica,1,0,directory_points_only
117,Ulaanbaatar,0,0,no_in_area_point_not_no_transport
118,Maputo,1,1,directory_points_only
119,Nouadhibou,1,1,directory_points_only
120,Fort-de-France,1,1,directory_points_only
121,Port Louis,1,0,directory_points_only
123,George Town,1,1,directory_points_only
124,Mamoudzou,0,0,no_in_area_point_not_no_transport
125,Walvis Bay,0,0,no_in_area_point_not_no_transport
126,Nouméa,3,1,directory_points_only
127,Téra,0,0,no_in_area_point_not_no_transport
128,Idiroko,0,0,no_in_area_point_not_no_transport
131,Bergen,8,1,directory_points_only
132,Nepalgunj,0,0,no_in_area_point_not_no_transport
133,Dunedin,3,0,directory_points_only
134,Salalah,1,1,directory_points_only
135,Gwadar,0,0,no_in_area_point_not_no_transport
136,David,1,1,directory_points_only
137,Talara,1,1,directory_points_only
138,Laoag,0,0,no_in_area_point_not_no_transport
139,Mendi,1,1,directory_points_only
140,Szczecin,2,0,directory_points_only
141,Ponce,2,1,directory_points_only
142,Dandong,1,0,directory_points_only
143,Funchal,1,0,directory_points_only
144,Concepcion,2,0,directory_points_only
146,Doha,7,1,directory_points_only
147,Le Port,0,0,no_in_area_point_not_no_transport
148,Timișoara,2,1,directory_points_only
149,Kaliningrad,2,0,directory_points_only
151,Tabuk,1,1,directory_points_only
152,Geneina,0,0,no_in_area_point_not_no_transport
153,Dakar,3,0,directory_points_only
154,Singapore,7,2,directory_points_only
155,Honiara,0,0,no_in_area_point_not_no_transport
156,Freetown,4,0,directory_points_only
157,Ahuachapan,0,0,no_in_area_point_not_no_transport
159,Subotica,0,0,no_in_area_point_not_no_transport
160,Raja,1,0,directory_points_only
161,São Tomé,0,0,no_in_area_point_not_no_transport
162,Paramaribo,3,2,directory_points_only
163,Bratislava,4,1,directory_points_only
164,Ljubljana,4,1,directory_points_only
165,Gothenburg,7,1,directory_points_only
167,Latakia,0,0,no_in_area_point_not_no_transport
168,Lere,0,0,no_in_area_point_not_no_transport
169,Cinkassé,0,0,no_in_area_point_not_no_transport
170,Chiang Mai,1,1,directory_points_only
171,UNNAMED,0,0,no_in_area_point_not_no_transport
172,Turkmenbashy,0,0,no_in_area_point_not_no_transport
173,Dili,3,1,directory_points_only
174,Port of Spain,1,1,directory_points_only
175,El Kef,0,0,no_in_area_point_not_no_transport
176,Edirne,0,0,no_in_area_point_not_no_transport
178,Kilima Hewa,1,1,directory_points_only
179,Kasese,1,0,directory_points_only
180,Uzhhorod,1,0,directory_points_only
181,Concordia,0,0,no_in_area_point_not_no_transport
182,Honolulu,29,1,directory_points_only
183,Khujayli,0,0,no_in_area_point_not_no_transport
185,Dien Bien Phu,1,1,directory_points_only
186,Pejë,1,0,directory_points_only
187,Nicosia,5,0,directory_points_only
188,Harad,0,0,no_in_area_point_not_no_transport
189,Cape Town,10,1,directory_points_only
190,Mongu,1,0,directory_points_only
191,Bulawayo,1,0,directory_points_only
192,Guzarah,1,1,directory_points_only
193,Cabinda,1,1,directory_points_only
194,Durrës,1,0,directory_points_only
195,Abu Dhabi,53,0,directory_points_only
196,San Juan,2,1,directory_points_only
197,Vanadzor,0,0,no_in_area_point_not_no_transport
198,Rockingham,0,0,no_in_area_point_not_no_transport
199,Salzburg,4,1,directory_points_only
200,Ganja,1,1,directory_points_only
201,Gatumba,0,0,no_in_area_point_not_no_transport
202,Bruges,8,0,directory_points_only
203,Tanguieta,0,0,no_in_area_point_not_no_transport
204,Banfora,0,0,no_in_area_point_not_no_transport
205,Thakurgaon,0,0,no_in_area_point_not_no_transport
206,Pleven,1,0,directory_points_only
208,Brest,1,0,directory_points_only
209,El Alto [La Paz],2,1,directory_points_only
212,Kanye,0,0,no_in_area_point_not_no_transport
213,Bouar,0,0,no_in_area_point_not_no_transport
214,Nanaimo,7,3,directory_points_only
215,Lausanne,1,0,directory_points_only
216,Iquique,2,0,directory_points_only
217,Artush,0,0,no_in_area_point_not_no_transport
218,Man,0,0,no_in_area_point_not_no_transport
219,Mamfe,0,0,no_in_area_point_not_no_transport
220,Tshela,1,0,directory_points_only
222,Tumaco,0,0,no_in_area_point_not_no_transport
223,Fomboni,1,0,directory_points_only
224,San José,7,2,directory_points_only
225,Havana,7,1,directory_points_only
226,Nicosia,6,0,directory_points_only
227,Ústí nad Labem,6,0,directory_points_only
229,Aarhus,7,1,directory_points_only
230,Barahona,2,0,directory_points_only
231,Bashar,1,0,directory_points_only
232,Manta,7,1,directory_points_only
233,Alexandria,3,0,directory_points_only
234,Barentu,0,0,no_in_area_point_not_no_transport
235,Boujdour,0,0,no_in_area_point_not_no_transport
236,Puerto de la Cruz,1,0,directory_points_only
237,Tartu,1,1,directory_points_only
238,Beigi,0,0,no_in_area_point_not_no_transport
239,Oulu,2,1,directory_points_only
240,Lorient,3,0,directory_points_only
241,Libreville,1,1,directory_points_only
242,Belfast,11,2,directory_points_only
244,Berekum,0,0,no_in_area_point_not_no_transport
245,Boké,1,0,directory_points_only
247,Bafatá,1,0,directory_points_only
248,Bata,2,1,directory_points_only
249,Patras,0,0,no_in_area_point_not_no_transport
250,Coatepeque,1,0,directory_points_only
251,Sparendaam [Paradise],0,0,no_in_area_point_not_no_transport
252,Tung Chung,2,0,directory_points_only
253,Barrio El Centro,0,0,no_in_area_point_not_no_transport
254,Zadar,1,1,directory_points_only
255,Les Cayes,0,0,no_in_area_point_not_no_transport
256,Szombathely,2,0,directory_points_only
257,Sigli,0,0,no_in_area_point_not_no_transport
258,Mithapur,1,0,directory_points_only
259,Cork,1,1,directory_points_only
260,Khoy,0,0,no_in_area_point_not_no_transport
261,Sinjar,0,0,no_in_area_point_not_no_transport
262,Ashdod,3,0,directory_points_only
263,Sanremo,0,0,no_in_area_point_not_no_transport
264,Mandeville,2,0,directory_points_only
265,Irbid,0,0,no_in_area_point_not_no_transport
266,Sapporo,17,1,directory_points_only
267,Atyrau,0,0,no_in_area_point_not_no_transport
270,Sisophon,0,0,no_in_area_point_not_no_transport
271,Dongducheon-si,21,0,directory_points_only
273,Vientiane,1,1,directory_points_only
274,Saida,0,0,no_in_area_point_not_no_transport
275,Kakata,0,0,no_in_area_point_not_no_transport
276,Al Zawiyah,0,0,no_in_area_point_not_no_transport
278,Šiauliai,1,0,directory_points_only
279,Riga,6,1,directory_points_only
280,Coloane,2,0,directory_points_only
281,Tiznit,0,0,no_in_area_point_not_no_transport
282,Chișinău,1,1,directory_points_only
283,Mahajanga,0,0,no_in_area_point_not_no_transport
284,Ensenada,3,0,directory_points_only
285,Tetovo,0,0,no_in_area_point_not_no_transport
286,Kita,1,0,directory_points_only
287,Sittwe,1,1,directory_points_only
288,Chibuto,0,0,no_in_area_point_not_no_transport
289,Nouakchott,1,0,directory_points_only
291,Alor Setar,1,1,directory_points_only
292,Windhoek,1,1,directory_points_only
293,Tillabéri,0,0,no_in_area_point_not_no_transport
294,Meko,0,0,no_in_area_point_not_no_transport
295,Chinandega,1,0,directory_points_only
296,Rotterdam [The Hague],26,1,directory_points_only
298,Stavanger,4,1,directory_points_only
300,Christchurch,8,1,directory_points_only
302,Chib,0,0,no_in_area_point_not_no_transport
303,Colón,1,1,directory_points_only
304,Paita,0,0,no_in_area_point_not_no_transport
305,Vigan,1,0,directory_points_only
306,Mount Hagen,0,0,no_in_area_point_not_no_transport
308,Río Piedras [San Juan],25,3,directory_points_only
309,Tǒktaedonggok,0,0,no_in_area_point_not_no_transport
310,Lisbon,20,2,directory_points_only
312,Gaza,1,0,directory_points_only
313,Al Khor,0,0,no_in_area_point_not_no_transport
314,Le Tampon,0,0,no_in_area_point_not_no_transport
315,Arad,1,1,directory_points_only
316,Murmansk,0,0,no_in_area_point_not_no_transport
318,Al Qurayyat,1,1,directory_points_only
319,For Baranga,0,0,no_in_area_point_not_no_transport
320,MBour,1,0,directory_points_only
322,Mahera,1,1,directory_points_only
323,Sonsonate,0,0,no_in_area_point_not_no_transport
325,Novi Sad,2,0,directory_points_only
326,Aweil,0,0,no_in_area_point_not_no_transport
327,Trnava,2,0,directory_points_only
328,Maribor,2,1,directory_points_only
329,Helsingborg,2,0,directory_points_only
330,Manzini,1,0,directory_points_only
331,Jablah,1,1,directory_points_only
332,Bol,0,0,no_in_area_point_not_no_transport
333,Dapaong,0,0,no_in_area_point_not_no_transport
335,Shahrinav,0,0,no_in_area_point_not_no_transport
336,Balkanabat,0,0,no_in_area_point_not_no_transport
337,San Fernando,0,0,no_in_area_point_not_no_transport
338,Jendouba,0,0,no_in_area_point_not_no_transport
339,Çanakkale,3,1,directory_points_only
341,Murubona,1,0,directory_points_only
342,Fort Portal,0,0,no_in_area_point_not_no_transport
343,Mukachevo,1,0,directory_points_only
344,Paysandú,0,0,no_in_area_point_not_no_transport
345,Santa Maria,6,1,directory_points_only
346,Nukus,1,1,directory_points_only
347,Cúcuta,1,1,directory_points_only
348,Lào Cai,0,0,no_in_area_point_not_no_transport
349,Gjakovë,2,0,directory_points_only
350,Hodeidah,1,0,directory_points_only
351,Atlantis,0,0,no_in_area_point_not_no_transport
352,Zambezi,1,0,directory_points_only
353,Gweru,0,0,no_in_area_point_not_no_transport
354,Shindand,0,0,no_in_area_point_not_no_transport
355,Soyo,1,1,directory_points_only
356,Vlora,1,0,directory_points_only
357,Dubai,68,3,directory_points_only
358,Mendoza,4,1,directory_points_only
359,Yerevan,4,1,directory_points_only
360,Perth,10,1,directory_points_only
361,Linz,4,1,directory_points_only
362,Sheki,0,0,no_in_area_point_not_no_transport
363,Bujumbura,1,1,directory_points_only
365,Natitingou,0,0,no_in_area_point_not_no_transport
366,Bobo-Dioulasso,1,1,directory_points_only
367,Panchagarh,0,0,no_in_area_point_not_no_transport
368,Plovdiv,0,0,no_in_area_point_not_no_transport
370,Baranovichi,1,0,directory_points_only
371,Caranavi,0,0,no_in_area_point_not_no_transport
373,Lobatse,0,0,no_in_area_point_not_no_transport
374,Carnot,0,0,no_in_area_point_not_no_transport
375,Vancouver,22,4,directory_points_only
376,Montreux,1,0,directory_points_only
377,Antofagasta,2,0,directory_points_only
378,Tacheng/Sawesek,0,0,no_in_area_point_not_no_transport
379,Guiglo,0,0,no_in_area_point_not_no_transport
380,Tiko,1,0,directory_points_only
381,Lemba Village,0,0,no_in_area_point_not_no_transport
382,Nkayi,0,0,no_in_area_point_not_no_transport
383,Ipiales,0,0,no_in_area_point_not_no_transport
386,Larnaca,1,1,directory_points_only
387,Kladno,3,0,directory_points_only
388,Mönchengladbach,11,0,directory_points_only
389,Odense,3,1,directory_points_only
390,San Juan de la Maguana,1,0,directory_points_only
391,Maghnia,0,0,no_in_area_point_not_no_transport
392,Portoviejo,1,0,directory_points_only
393,Idku,0,0,no_in_area_point_not_no_transport
394,Keren,0,0,no_in_area_point_not_no_transport
395,Santa Cruz de Tenerife,4,1,directory_points_only
396,K'Idame Gebeya,0,0,no_in_area_point_not_no_transport
397,Tampere,2,1,directory_points_only
398,Saint-Brieuc,2,0,directory_points_only
399,Moanda,0,0,no_in_area_point_not_no_transport
400,Bangor,2,0,directory_points_only
401,Zugdidi,0,0,no_in_area_point_not_no_transport
402,Wa,1,0,directory_points_only
403,Sangarédi,1,0,directory_points_only
404,Brikama,0,0,no_in_area_point_not_no_transport
405,Gabú,1,0,directory_points_only
406,Larissa,2,0,directory_points_only
407,San Pedro Sacatepéquez [San Marcos],1,0,directory_points_only
409,Siguatepeque,1,0,directory_points_only
410,Zagreb,5,1,directory_points_only
411,Petit-Goâve,0,0,no_in_area_point_not_no_transport
412,Győr,4,1,directory_points_only
413,Meulaboh,0,0,no_in_area_point_not_no_transport
414,Dwarka,2,0,directory_points_only
415,Dublin,17,1,directory_points_only
417,Urmia,1,1,directory_points_only
419,Tel Aviv,11,1,directory_points_only
420,Asti,0,0,no_in_area_point_not_no_transport
421,May Pen,0,0,no_in_area_point_not_no_transport
422,Al Salt,0,0,no_in_area_point_not_no_transport
423,Sasebo,5,0,directory_points_only
424,Aktau,0,0,no_in_area_point_not_no_transport
425,Bungoma,1,0,directory_points_only
426,Kara-Balta,2,0,directory_points_only
427,Battambang,1,1,directory_points_only
429,Kuwait City,25,1,directory_points_only
431,Beirut,7,1,directory_points_only
432,Buchanan,2,0,directory_points_only
433,Tripoli,1,1,directory_points_only
434,Colombo,8,4,directory_points_only
435,Kaunas,4,1,directory_points_only
436,Daugavpils,1,0,directory_points_only
437,Essaouira,0,0,no_in_area_point_not_no_transport
438,Rybnitsa,0,0,no_in_area_point_not_no_transport
439,Antsirabe,0,0,no_in_area_point_not_no_transport
440,Tijuana,10,1,directory_points_only
441,Skopje,8,1,directory_points_only
443,Minbya,0,0,no_in_area_point_not_no_transport
444,Xai-Xai,0,0,no_in_area_point_not_no_transport
446,Lilongwe,1,0,directory_points_only
447,Bukit Mertajam,1,0,directory_points_only
448,Niamey,0,0,no_in_area_point_not_no_transport
450,León,1,0,directory_points_only
452,Trondheim,4,1,directory_points_only
454,Wellington,5,1,directory_points_only
455,Al Ain,1,0,directory_points_only
456,Turbat,0,0,no_in_area_point_not_no_transport
458,Sullana,1,0,directory_points_only
459,San Fernando,7,0,directory_points_only
460,Kundiawa,1,1,directory_points_only
461,Gorzów Wielkopolski,3,0,directory_points_only
462,Caguas,1,0,directory_points_only
463,Ryongchon,0,0,no_in_area_point_not_no_transport
465,Asuncion,29,1,directory_points_only
466,Tulkarm,0,0,no_in_area_point_not_no_transport
468,Saint-Denis,1,1,directory_points_only
469,Oradea,4,1,directory_points_only
470,Pskov,3,1,directory_points_only
472,Yanbu,0,0,no_in_area_point_not_no_transport
474,Thiès,1,0,directory_points_only
475,Waterloo,0,0,no_in_area_point_not_no_transport
476,Chalchuapa,0,0,no_in_area_point_not_no_transport
477,Kismayo,0,0,no_in_area_point_not_no_transport
478,Valjevo,1,0,directory_points_only
479,Tambura,1,0,directory_points_only
480,Žilina,2,0,directory_points_only
481,Malmö,5,0,directory_points_only
482,Baniyas,0,0,no_in_area_point_not_no_transport
483,N'Djamena,1,1,directory_points_only
484,Sansanné-Mango,0,0,no_in_area_point_not_no_transport
486,Proletar,0,0,no_in_area_point_not_no_transport
487,Serdar,0,0,no_in_area_point_not_no_transport
488,Chaguanas,0,0,no_in_area_point_not_no_transport
489,Kasserine,0,0,no_in_area_point_not_no_transport
490,Tekirdağ,1,0,directory_points_only
491,Hsinchu,3,0,directory_points_only
492,Mpanda,1,0,directory_points_only
493,Mbarara,0,0,no_in_area_point_not_no_transport
494,Drohobych,1,0,directory_points_only
496,Monterey,5,1,directory_points_only
497,Khiva,0,0,no_in_area_point_not_no_transport
498,Rubio,0,0,no_in_area_point_not_no_transport
499,Sông Mã,0,0,no_in_area_point_not_no_transport
500,Prizren,2,0,directory_points_only
501,Abs,0,0,no_in_area_point_not_no_transport
502,Somerset West,0,0,no_in_area_point_not_no_transport
503,Mwinilunga,0,0,no_in_area_point_not_no_transport
504,Kwekwe,1,0,directory_points_only
505,Qala i Naw,1,0,directory_points_only
506,Luanda,3,2,directory_points_only
507,Fier,0,0,no_in_area_point_not_no_transport
509,San Salvador de Jujuy,1,0,directory_points_only
510,Hobart,2,1,directory_points_only
511,Klagenfurt,8,1,directory_points_only
512,Mingachevir,0,0,no_in_area_point_not_no_transport
513,Bubanza,0,0,no_in_area_point_not_no_transport
514,Kortrijk,15,0,directory_points_only
515,Djougou,1,0,directory_points_only
516,Sidéradougou,0,0,no_in_area_point_not_no_transport
517,Pirganj (পীরগঞ্জ),0,0,no_in_area_point_not_no_transport
518,Ruse,0,0,no_in_area_point_not_no_transport
519,Zenica,0,0,no_in_area_point_not_no_transport
520,Maladziečna,0,0,no_in_area_point_not_no_transport
521,Riberalta,1,1,directory_points_only
522,Rio Branco,4,1,directory_points_only
524,Bangui,1,1,directory_points_only
525,White Rock,0,0,no_in_area_point_not_no_transport
526,Freiburg im Üechtland,1,0,directory_points_only
527,Calama,1,0,directory_points_only
528,Yining/Qulja,2,1,directory_points_only
529,Duekoue,0,0,no_in_area_point_not_no_transport
530,Muyuka,0,0,no_in_area_point_not_no_transport
531,Boma,1,0,directory_points_only
532,Sibiti,0,0,no_in_area_point_not_no_transport
533,Pasto,1,0,directory_points_only
534,Matanzas,2,0,directory_points_only
535,Prague,32,1,directory_points_only
536,Dortmund,40,1,directory_points_only
537,Copenhagen,18,3,directory_points_only
538,Mao,0,0,no_in_area_point_not_no_transport
539,Tlemcen,0,0,no_in_area_point_not_no_transport
541,Abu Huminus,0,0,no_in_area_point_not_no_transport
542,Asmara,1,1,directory_points_only
543,Las Palmas de Gran Canaria,4,1,directory_points_only
544,Gambela,0,0,no_in_area_point_not_no_transport
545,Jyväskylä,2,1,directory_points_only
547,Greenock,1,0,directory_points_only
548,Batumi,1,1,directory_points_only
549,Bole,0,0,no_in_area_point_not_no_transport
550,Conakry,1,1,directory_points_only
551,Farafenni,0,0,no_in_area_point_not_no_transport
552,Thessaloniki,5,1,directory_points_only
553,Retalhuleu,1,1,directory_points_only
555,San Pedro Sula,5,1,directory_points_only
556,Split,6,1,directory_points_only
557,Anse-à-Galets,1,0,directory_points_only
558,Székesfehérvár,1,0,directory_points_only
559,Bireuen,0,0,no_in_area_point_not_no_transport
560,Handwara,0,0,no_in_area_point_not_no_transport
562,Marand,0,0,no_in_area_point_not_no_transport
563,Zakho,0,0,no_in_area_point_not_no_transport
564,Haifa,5,1,directory_points_only
565,Savona,1,0,directory_points_only
566,Kingston,4,1,directory_points_only
567,Amman,4,1,directory_points_only
568,Asahikawa,7,1,directory_points_only
569,Aktobe,2,1,directory_points_only
570,Kimilili,0,0,no_in_area_point_not_no_transport
572,Siem Reap,0,0,no_in_area_point_not_no_transport
573,Chuncheon-si,6,0,directory_points_only
576,Nabatieh,0,0,no_in_area_point_not_no_transport
577,Gbarnga,0,0,no_in_area_point_not_no_transport
580,Panevėžys,1,0,directory_points_only
581,Agadir,2,1,directory_points_only
583,Manakara,0,0,no_in_area_point_not_no_transport
586,Bamako,0,0,no_in_area_point_not_no_transport
587,Monywa,0,0,no_in_area_point_not_no_transport
588,Messica,0,0,no_in_area_point_not_no_transport
589,Podor,0,0,no_in_area_point_not_no_transport
590,Mzuzu,1,0,directory_points_only
591,Sungai Petani,1,0,directory_points_only
592,Baléyara,0,0,no_in_area_point_not_no_transport
593,Owode,0,0,no_in_area_point_not_no_transport
594,Managua,2,1,directory_points_only
595,Roosendaal,2,0,directory_points_only
596,Oslo,20,1,directory_points_only
597,Tulsipur,0,0,no_in_area_point_not_no_transport
598,Palmerston North,3,1,directory_points_only
599,Sohar,1,1,directory_points_only
600,Panjgur,0,0,no_in_area_point_not_no_transport
601,Nuevo Arraiján,0,0,no_in_area_point_not_no_transport
602,Piura,1,1,directory_points_only
604,Dagupan,3,0,directory_points_only
605,Goroka,1,1,directory_points_only
607,Yomju,0,0,no_in_area_point_not_no_transport
611,Saint-André,1,0,directory_points_only
612,Satu Mare,0,0,no_in_area_point_not_no_transport
613,Peterhof,1,0,directory_points_only
614,Goma,1,0,directory_points_only
615,Madīnat Yanbu‘ aş Şinā‘īyah,0,0,no_in_area_point_not_no_transport
616,Murnei,0,0,no_in_area_point_not_no_transport
617,Tivaouane,0,0,no_in_area_point_not_no_transport
618,Mile 91,0,0,no_in_area_point_not_no_transport
619,Santa Ana,0,0,no_in_area_point_not_no_transport
620,Borama,0,0,no_in_area_point_not_no_transport
621,Zrenjanin,1,0,directory_points_only
622,Ezo,0,0,no_in_area_point_not_no_transport
623,Banská Bystrica,2,1,directory_points_only
624,Lund,3,0,directory_points_only
625,Tartus,1,0,directory_points_only
626,Pala,0,0,no_in_area_point_not_no_transport
627,Kpalimé,0,0,no_in_area_point_not_no_transport
628,Chiang Rai,2,1,directory_points_only
629,Khujand,1,1,directory_points_only
630,Konye-Urgench,0,0,no_in_area_point_not_no_transport
632,Qafsa,1,0,directory_points_only
633,Izmir,11,1,directory_points_only
635,Sumbawanga,1,0,directory_points_only
637,Novovolynsk,0,0,no_in_area_point_not_no_transport
638,Rivera,0,0,no_in_area_point_not_no_transport
639,Santa Barbara,5,1,directory_points_only
640,Urgench,1,1,directory_points_only
641,Machiques,0,0,no_in_area_point_not_no_transport
642,Sơn La,0,0,no_in_area_point_not_no_transport
643,Mitrovicë,1,0,directory_points_only
644,Sa'dah,0,0,no_in_area_point_not_no_transport
645,Stellenbosch,1,0,directory_points_only
646,Kaoma,0,0,no_in_area_point_not_no_transport
648,Farah,0,0,no_in_area_point_not_no_transport
649,Benguela,1,0,directory_points_only
650,Tirana,6,1,directory_points_only
651,Ras Al Khaimah,5,0,directory_points_only
652,Salta,6,1,directory_points_only
654,Graz,3,1,directory_points_only
655,Barda,0,0,no_in_area_point_not_no_transport
656,Rumonge,0,0,no_in_area_point_not_no_transport
657,Ghent,22,0,directory_points_only
659,Solenzo,0,0,no_in_area_point_not_no_transport
660,Bholarhat,0,0,no_in_area_point_not_no_transport
661,Stara Zagora,1,0,directory_points_only
662,Mostar,0,0,no_in_area_point_not_no_transport
663,Pinsk,1,0,directory_points_only
664,Oruro,1,1,directory_points_only
665,Porto Velho,3,1,directory_points_only
666,Gaborone,2,0,directory_points_only
669,Biel/Bienne,2,0,directory_points_only
670,Copiapó,1,0,directory_points_only
671,Emin/Dörbiljin,0,0,no_in_area_point_not_no_transport
672,San-Pédro,1,1,directory_points_only
673,Kumba,0,0,no_in_area_point_not_no_transport
674,Kinzao,0,0,no_in_area_point_not_no_transport
676,La Hormiga,0,0,no_in_area_point_not_no_transport
677,Cienfuegos,1,1,directory_points_only
678,České Budějovice,6,1,directory_points_only
679,Duren,1,0,directory_points_only
680,Azua,1,0,directory_points_only
681,Ain Temouchent,0,0,no_in_area_point_not_no_transport
682,Chone,1,0,directory_points_only
684,Adi Guadad,0,0,no_in_area_point_not_no_transport
685,Arinaga,1,0,directory_points_only
686,Dambidollo,0,0,no_in_area_point_not_no_transport
687,Helsinki,9,1,directory_points_only
689,Ayr,6,1,directory_points_only
690,Kutaisi,1,0,directory_points_only
691,Sunyani,1,1,directory_points_only
692,Fria,1,0,directory_points_only
693,Volos,1,0,directory_points_only
695,Quetzaltenango,1,1,directory_points_only
696,Sha Tin,25,0,directory_points_only
697,Villanueva,0,0,no_in_area_point_not_no_transport
699,Léogâne,0,0,no_in_area_point_not_no_transport
700,Pécs,2,1,directory_points_only
701,Uteun Geulinggang,0,0,no_in_area_point_not_no_transport
702,Mandvi,0,0,no_in_area_point_not_no_transport
703,Piranshahr,1,0,directory_points_only
704,Tal Afar,0,0,no_in_area_point_not_no_transport
705,Netanya,3,0,directory_points_only
706,Novara,5,0,directory_points_only
707,Jerash,0,0,no_in_area_point_not_no_transport
708,Fukuoka,24,1,directory_points_only
710,Zhanaozen,0,0,no_in_area_point_not_no_transport
711,Kakamega,0,0,no_in_area_point_not_no_transport
712,Jalalabat,2,1,directory_points_only
713,Sihanoukville,0,0,no_in_area_point_not_no_transport
716,Tripoli,0,0,no_in_area_point_not_no_transport
717,Ganta,1,0,directory_points_only
718,Qabilat alturki,0,0,no_in_area_point_not_no_transport
719,Ambalangoda,0,0,no_in_area_point_not_no_transport
720,Alytus,1,0,directory_points_only
721,Ouled-Teima,0,0,no_in_area_point_not_no_transport
722,Tiraspol,1,0,directory_points_only
723,Antananarivo,1,1,directory_points_only
724,Tecate,1,0,directory_points_only
725,Bitola,0,0,no_in_area_point_not_no_transport
727,Mohnyin,0,0,no_in_area_point_not_no_transport
728,Sussundenga,1,0,directory_points_only
729,Kaédi,1,0,directory_points_only
730,Blantyre,0,0,no_in_area_point_not_no_transport
732,Dosso,0,0,no_in_area_point_not_no_transport
733,Ilaro,0,0,no_in_area_point_not_no_transport
734,Jinotepe,0,0,no_in_area_point_not_no_transport
737,Hamilton,3,1,directory_points_only
738,Ibri,0,0,no_in_area_point_not_no_transport
739,Chaman,0,0,no_in_area_point_not_no_transport
740,Panama City,5,3,directory_points_only
741,Tumbes,0,0,no_in_area_point_not_no_transport
743,Madang,0,0,no_in_area_point_not_no_transport
744,Koszalin,2,0,directory_points_only
746,Setúbal,0,0,no_in_area_point_not_no_transport
747,Pedro Juan Caballero,0,0,no_in_area_point_not_no_transport
749,Drobeta-Turnu Severin,1,0,directory_points_only
750,Saint Petersburg,22,1,directory_points_only
751,Nyundo,0,0,no_in_area_point_not_no_transport
752,Dawmat al Jandal,0,0,no_in_area_point_not_no_transport
753,UNNAMED,0,0,no_in_area_point_not_no_transport
754,Bambey,0,0,no_in_area_point_not_no_transport
755,Makeni,0,0,no_in_area_point_not_no_transport
757,Baidoa,0,0,no_in_area_point_not_no_transport
758,Belgrade,7,1,directory_points_only
759,Malualkon,0,0,no_in_area_point_not_no_transport
760,Prešov,3,0,directory_points_only
761,Örebro,1,1,directory_points_only
762,Idlib,0,0,no_in_area_point_not_no_transport
763,فيانكا Fianga,0,0,no_in_area_point_not_no_transport
764,Bassar,0,0,no_in_area_point_not_no_transport
765,Lampang,1,1,directory_points_only
766,Hisor,0,0,no_in_area_point_not_no_transport
767,Gurbansoltan Eje,0,0,no_in_area_point_not_no_transport
768,Béja,0,0,no_in_area_point_not_no_transport
769,Çorlu,0,0,no_in_area_point_not_no_transport
770,Taichung,8,1,directory_points_only
771,Bukoba,1,1,directory_points_only
772,Arua,1,1,directory_points_only
773,Lviv,1,0,directory_points_only
775,Santa Cruz,6,0,directory_points_only
776,Beruniy,0,0,no_in_area_point_not_no_transport
777,San Cristóbal,6,0,directory_points_only
778,Phù Yên,0,0,no_in_area_point_not_no_transport
779,Pristina,4,1,directory_points_only
780,Hajja,0,0,no_in_area_point_not_no_transport
781,Paarl,0,0,no_in_area_point_not_no_transport
782,Livingstone,0,0,no_in_area_point_not_no_transport
783,Chakari,0,0,no_in_area_point_not_no_transport
784,Zaranj,1,0,directory_points_only
785,Lubango,1,1,directory_points_only
786,Elbasan,0,0,no_in_area_point_not_no_transport
787,Al Ain,12,0,directory_points_only
788,La Rioja,1,0,directory_points_only
789,Adelaide,20,1,directory_points_only
790,Vienna,21,1,directory_points_only
791,Kurdamir,0,0,no_in_area_point_not_no_transport
792,Nyanza Lac,1,0,directory_points_only
795,Nouna,0,0,no_in_area_point_not_no_transport
796,UNNAMED,0,0,no_in_area_point_not_no_transport
797,Burgas,1,1,directory_points_only
798,Sarajevo,3,1,directory_points_only
799,Minsk,7,0,directory_points_only
800,Cochabamba,1,1,directory_points_only
801,Coari,1,0,directory_points_only
802,Palapye,0,0,no_in_area_point_not_no_transport
803,Bambari,0,0,no_in_area_point_not_no_transport
805,Bern,3,1,directory_points_only
806,La Serena,1,1,directory_points_only
807,Shache,0,0,no_in_area_point_not_no_transport
808,Soubré,0,0,no_in_area_point_not_no_transport
809,Douala,1,1,directory_points_only
810,Matadi,0,0,no_in_area_point_not_no_transport
811,Brazzaville,1,1,directory_points_only
812,El esfuerzo,0,0,no_in_area_point_not_no_transport
813,Santa Clara,0,0,no_in_area_point_not_no_transport
814,Liberec,6,0,directory_points_only
815,Dusseldorf,5,1,directory_points_only
816,Santiago de los Caballeros,2,1,directory_points_only
817,Ain Turk,1,0,directory_points_only
818,Guayaquil,11,1,directory_points_only
819,Hawsh Isa,0,0,no_in_area_point_not_no_transport
820,دقمحري Dekemhare,0,0,no_in_area_point_not_no_transport
821,Arrecife,1,1,directory_points_only
822,Mendi,0,0,no_in_area_point_not_no_transport
823,Kuopio,2,1,directory_points_only
824,Rennes,5,1,directory_points_only
825,Plymouth,6,0,directory_points_only
826,Tbilisi,4,1,directory_points_only
827,Wenchi,0,0,no_in_area_point_not_no_transport
828,Kindia,0,0,no_in_area_point_not_no_transport
829,Chalkida,0,0,no_in_area_point_not_no_transport
830,Mazatenango,0,0,no_in_area_point_not_no_transport
832,Comayagua,2,1,directory_points_only
833,Osijek,1,0,directory_points_only
834,Jacmel,1,0,directory_points_only
836,Lhokseumawe,0,0,no_in_area_point_not_no_transport
837,Jaisalmer,0,0,no_in_area_point_not_no_transport
838,Naqadeh,0,0,no_in_area_point_not_no_transport
839,Duhok,0,0,no_in_area_point_not_no_transport
841,Alessandria,1,0,directory_points_only
842,Madaba,0,0,no_in_area_point_not_no_transport
843,Kitakyushu,20,1,directory_points_only
844,Rudny,0,0,no_in_area_point_not_no_transport
845,Kisii,0,0,no_in_area_point_not_no_transport
846,Nookat,0,0,no_in_area_point_not_no_transport
847,Kampong Chhnang,0,0,no_in_area_point_not_no_transport
849,Pakse,1,1,directory_points_only
850,Zahlé,0,0,no_in_area_point_not_no_transport
851,Zliten,0,0,no_in_area_point_not_no_transport
852,Galle,0,0,no_in_area_point_not_no_transport
853,Vilnius,1,1,directory_points_only
854,Safi,1,0,directory_points_only
856,Cabo San Lucas,3,1,directory_points_only
857,Kumanovo,2,0,directory_points_only
858,Bougouni,0,0,no_in_area_point_not_no_transport
859,Chauk,0,0,no_in_area_point_not_no_transport
860,Catandica,0,0,no_in_area_point_not_no_transport
861,Kiffa,0,0,no_in_area_point_not_no_transport
863,Taiping,1,0,directory_points_only
864,Filingué,0,0,no_in_area_point_not_no_transport
865,Lagos,4,1,directory_points_only
866,Esteli,1,0,directory_points_only
868,Tilottama,0,0,no_in_area_point_not_no_transport
869,Auckland,14,1,directory_points_only
870,Nizwa,2,0,directory_points_only
875,Port Moresby,1,1,directory_points_only
876,Jelenia Góra,3,0,directory_points_only
877,Tongrim,0,0,no_in_area_point_not_no_transport
878,Póvoa de Varzim,1,0,directory_points_only
879,Coronel Oviedo,0,0,no_in_area_point_not_no_transport
881,Baia Mare,3,1,directory_points_only
883,Musanze,1,0,directory_points_only
884,Sakaka,0,0,no_in_area_point_not_no_transport
885,Saraf `Umrah,0,0,no_in_area_point_not_no_transport
886,Saint-Louis,0,0,no_in_area_point_not_no_transport
887,Bo,1,0,directory_points_only
888,San Salvador,4,1,directory_points_only
889,Hargeisa,1,1,directory_points_only
890,Čačak,1,0,directory_points_only
891,Akon,0,0,no_in_area_point_not_no_transport
892,Košice,8,1,directory_points_only
893,Linköping,3,1,directory_points_only
894,Halfaya,0,0,no_in_area_point_not_no_transport
895,Mao,0,0,no_in_area_point_not_no_transport
896,Sotouboua,0,0,no_in_area_point_not_no_transport
897,Kamphaeng Phet,0,0,no_in_area_point_not_no_transport
899,Dashoguz,0,0,no_in_area_point_not_no_transport
900,Sbeitla,0,0,no_in_area_point_not_no_transport
901,Kapaklı,1,0,directory_points_only
902,Miaoli,0,0,no_in_area_point_not_no_transport
903,Katoro,0,0,no_in_area_point_not_no_transport
904,Koboko,1,0,directory_points_only
905,Stryi,1,0,directory_points_only
906,Montevideo,6,1,directory_points_only
907,Salinas,3,0,directory_points_only
908,Xonqa,0,0,no_in_area_point_not_no_transport
909,San Juan de Colón,0,0,no_in_area_point_not_no_transport
910,Yên Bái,0,0,no_in_area_point_not_no_transport
911,Ferizaj,2,0,directory_points_only
912,Amran,0,0,no_in_area_point_not_no_transport
913,Worcester,0,0,no_in_area_point_not_no_transport
914,Kalomo,0,0,no_in_area_point_not_no_transport
915,Kadoma,0,0,no_in_area_point_not_no_transport
916,Maymana,0,0,no_in_area_point_not_no_transport
918,Khor Fakkan,1,0,directory_points_only
919,San Martín,1,0,directory_points_only
920,Geelong,17,1,directory_points_only
921,Shamakhi,0,0,no_in_area_point_not_no_transport
922,Muramvya,0,0,no_in_area_point_not_no_transport
923,Mons,6,0,directory_points_only
924,Lokossa,0,0,no_in_area_point_not_no_transport
925,Houndé,1,0,directory_points_only
926,Burimari,0,0,no_in_area_point_not_no_transport
927,Varna,3,1,directory_points_only
928,Tuzla,0,0,no_in_area_point_not_no_transport
929,Zhodzina,0,0,no_in_area_point_not_no_transport
930,Trinidad,1,1,directory_points_only
931,Ariquemes,1,0,directory_points_only
932,Francistown,0,0,no_in_area_point_not_no_transport
933,Bria,1,0,directory_points_only
934,Abbotsford,7,1,directory_points_only
935,Basel,4,0,directory_points_only
936,Ovalle,2,0,directory_points_only
937,Kargilik,0,0,no_in_area_point_not_no_transport
938,Issia,0,0,no_in_area_point_not_no_transport
939,Kribi,0,0,no_in_area_point_not_no_transport
940,Kimpese,0,0,no_in_area_point_not_no_transport
942,Orito,1,0,directory_points_only
943,Sancti Spiritus,1,0,directory_points_only
944,Pardubice,8,1,directory_points_only
945,Trier,2,0,directory_points_only
946,Baní,0,0,no_in_area_point_not_no_transport
947,Oran,2,1,directory_points_only
949,Daule,0,0,no_in_area_point_not_no_transport
950,Rosetta,0,0,no_in_area_point_not_no_transport
951,Adi Keyh,0,0,no_in_area_point_not_no_transport
952,Vigo,2,1,directory_points_only
953,Meti Chafi / Tilk u Meti,0,0,no_in_area_point_not_no_transport
954,Nantes,8,1,directory_points_only
955,Glasgow,12,1,directory_points_only
956,Rustavi,0,0,no_in_area_point_not_no_transport
957,Techiman,0,0,no_in_area_point_not_no_transport
958,Labé,1,0,directory_points_only
959,Athens,11,1,directory_points_only
960,Totonicapán,0,0,no_in_area_point_not_no_transport
962,Puerto Cortés,0,0,no_in_area_point_not_no_transport
963,Saint-Marc,0,0,no_in_area_point_not_no_transport
964,Budapest,22,1,directory_points_only
965,Gunungsitoli,0,0,no_in_area_point_not_no_transport
966,Baramulla,0,0,no_in_area_point_not_no_transport
967,Tabriz,1,1,directory_points_only
968,Zawa,0,0,no_in_area_point_not_no_transport
971,Ar Ramtha,0,0,no_in_area_point_not_no_transport
972,Ōmura,3,1,directory_points_only
973,Kostanay,1,0,directory_points_only
974,Kisumu,1,1,directory_points_only
975,Osh,2,0,directory_points_only
976,Phnom Penh,3,0,directory_points_only
978,Baalbek,0,0,no_in_area_point_not_no_transport
979,Sabha,1,1,directory_points_only
980,Rathnapura,0,0,no_in_area_point_not_no_transport
981,Taroudant,0,0,no_in_area_point_not_no_transport
982,Ambohidrabiby,0,0,no_in_area_point_not_no_transport
983,La Paz,2,1,directory_points_only
984,Prilep,1,0,directory_points_only
985,Virage de Dioila,0,0,no_in_area_point_not_no_transport
986,Pakokku,0,0,no_in_area_point_not_no_transport
987,Chimoio,0,0,no_in_area_point_not_no_transport
988,Zomba,0,0,no_in_area_point_not_no_transport
989,Sitiawan,1,0,directory_points_only
990,Gaya,0,0,no_in_area_point_not_no_transport
991,Aiyetoro,0,0,no_in_area_point_not_no_transport
992,Masaya,0,0,no_in_area_point_not_no_transport
993,Alphen aan den Rijn,0,0,no_in_area_point_not_no_transport
994,Pokhara,2,2,directory_points_only
996,Seeb,1,1,directory_points_only
997,UNNAMED,0,0,no_in_area_point_not_no_transport
998,Tambogrande,0,0,no_in_area_point_not_no_transport
999,Baguio,5,0,directory_points_only
1000,Lae,2,0,directory_points_only
1001,Lubin,1,0,directory_points_only
1002,Ji'an,0,0,no_in_area_point_not_no_transport
1003,Porto,9,1,directory_points_only
1004,Villarrica,0,0,no_in_area_point_not_no_transport
1005,Hebron,0,0,no_in_area_point_not_no_transport
1006,Cluj-Napoca,3,1,directory_points_only
1008,Huye,0,0,no_in_area_point_not_no_transport
1009,Medina,2,1,directory_points_only
1010,Zalingei,0,0,no_in_area_point_not_no_transport
1011,Fatick,0,0,no_in_area_point_not_no_transport
1012,Kenema,1,0,directory_points_only
1013,San Juan Nonualco [Zacatecoluca],0,0,no_in_area_point_not_no_transport
1014,Barawa,0,0,no_in_area_point_not_no_transport
1015,Pancevo,1,0,directory_points_only
1016,Kuajok,0,0,no_in_area_point_not_no_transport
1017,Norrköping,2,1,directory_points_only
1018,Damascus,6,0,directory_points_only
1019,Bongor,1,0,directory_points_only
1020,Blitta-Gare,0,0,no_in_area_point_not_no_transport
1021,Phitsanulok,1,1,directory_points_only
1022,Dushanbe,1,1,directory_points_only
1023,Garadaşaýak,0,0,no_in_area_point_not_no_transport
1024,Sidi Bouzid,0,0,no_in_area_point_not_no_transport
1025,Manisa,0,0,no_in_area_point_not_no_transport
1027,Geita,0,0,no_in_area_point_not_no_transport
1028,Hoima,0,0,no_in_area_point_not_no_transport
1029,Chervonohrad,0,0,no_in_area_point_not_no_transport
1031,Oxnard,14,0,directory_points_only
1032,Turtkul,1,0,directory_points_only
1033,Villa del Rosario,1,0,directory_points_only
1034,Tuyên Quang,0,0,no_in_area_point_not_no_transport
1035,Gjilan,2,0,directory_points_only
1036,Sana'a,1,1,directory_points_only
1037,Upington,0,0,no_in_area_point_not_no_transport
1038,Solwezi,1,1,directory_points_only
1039,Chegutu,0,0,no_in_area_point_not_no_transport
1040,Sheberghan,0,0,no_in_area_point_not_no_transport
1041,Lobito,1,0,directory_points_only
1042,Libertador Gral. San Martín,0,0,no_in_area_point_not_no_transport
1043,Ballarat,2,0,directory_points_only
1044,Saatli,0,0,no_in_area_point_not_no_transport
1045,Kayanza,0,0,no_in_area_point_not_no_transport
1047,Savalou,0,0,no_in_area_point_not_no_transport
1048,Dédougou,0,0,no_in_area_point_not_no_transport
1049,Chapainawabganj,1,0,directory_points_only
1050,Barysaw,0,0,no_in_area_point_not_no_transport
1051,Potosí,0,0,no_in_area_point_not_no_transport
1052,Ji-Paraná,0,0,no_in_area_point_not_no_transport
1053,Lethbridge,3,0,directory_points_only
1054,Thun,1,0,directory_points_only
1055,Viña del Mar [Valparaíso],10,0,directory_points_only
1056,Aksu,1,0,directory_points_only
1057,Méagui,0,0,no_in_area_point_not_no_transport
1058,Nkongsamba,1,0,directory_points_only
1059,Kwilu-Ngongo,0,0,no_in_area_point_not_no_transport
1061,Popayán,1,1,directory_points_only
1062,Ciego de Ávila,1,0,directory_points_only
1063,Hradec Králové,6,0,directory_points_only
1064,Cologne,30,1,directory_points_only
1065,Puerto Plata,0,0,no_in_area_point_not_no_transport
1066,Sidi Bel Abbes,1,0,directory_points_only
1067,Machala,3,0,directory_points_only
1068,Damanhur,0,0,no_in_area_point_not_no_transport
1069,A Coruña,3,1,directory_points_only
1070,Nedjo,0,0,no_in_area_point_not_no_transport
1071,Cherbourg,4,0,directory_points_only
1072,Swansea,4,0,directory_points_only
1073,Takoradi [Sekondi-Takoradi],1,1,directory_points_only
1074,Mamou,0,0,no_in_area_point_not_no_transport
1075,Xanthi,1,0,directory_points_only
1076,Huehuetenango,0,0,no_in_area_point_not_no_transport
1078,El Progreso,0,0,no_in_area_point_not_no_transport
1079,Port-de-Paix,1,0,directory_points_only
1080,Szeged,4,0,directory_points_only
1081,Langsa,0,0,no_in_area_point_not_no_transport
1082,Poonch,1,0,directory_points_only
1083,Ajab Shir,0,0,no_in_area_point_not_no_transport
1084,Mosul,1,0,directory_points_only
1085,Beer Sheva,2,0,directory_points_only
1087,Al Mafraq,0,0,no_in_area_point_not_no_transport
1088,Nagasaki,2,0,directory_points_only
1089,Petropavl,0,0,no_in_area_point_not_no_transport
1090,Kakuma,0,0,no_in_area_point_not_no_transport
1091,Bishkek,5,0,directory_points_only
1092,Kampong Cham,0,0,no_in_area_point_not_no_transport
1094,Misrata,1,1,directory_points_only
1095,Kandy,1,1,directory_points_only
1096,Youssoufia ⵍⵉⵡⵙⵓⴼⵉⵢⴰ اليوسفية,0,0,no_in_area_point_not_no_transport
1097,Andoany,0,0,no_in_area_point_not_no_transport
1098,San José del Cabo,0,0,no_in_area_point_not_no_transport
1099,Ségou,0,0,no_in_area_point_not_no_transport
1100,Katha,0,0,no_in_area_point_not_no_transport
1101,Tete,0,0,no_in_area_point_not_no_transport
1102,Mangochi,1,0,directory_points_only
1103,Ipoh,1,1,directory_points_only
1104,Dogondoutchi,0,0,no_in_area_point_not_no_transport
1105,Aiyete,0,0,no_in_area_point_not_no_transport
1106,Tipitapa,0,0,no_in_area_point_not_no_transport
1108,Bharatpur,1,1,directory_points_only
1109,Tauranga,2,1,directory_points_only
1110,Al Ghubra,2,0,directory_points_only
1112,Quetta,2,1,directory_points_only
1113,Chulucanas,1,0,directory_points_only
1114,Bayambang,0,0,no_in_area_point_not_no_transport
1115,Alotau,0,0,no_in_area_point_not_no_transport
1116,Legnica,1,0,directory_points_only
1117,Cholsan,0,0,no_in_area_point_not_no_transport
1118,Coimbra,3,0,directory_points_only
1119,Caaguazú,0,0,no_in_area_point_not_no_transport
1121,Sibiu,3,1,directory_points_only
1122,Veliky Novgorod,1,0,directory_points_only
1123,Muhanga,0,0,no_in_area_point_not_no_transport
1124,Arar,0,0,no_in_area_point_not_no_transport
1125,Kebkabiya,0,0,no_in_area_point_not_no_transport
1126,Ziguinchor,1,1,directory_points_only
1127,Koidu Town,0,0,no_in_area_point_not_no_transport
1128,Usulután,1,0,directory_points_only
1129,Buurhakaba,0,0,no_in_area_point_not_no_transport
1130,Novi Pazar,0,0,no_in_area_point_not_no_transport
1131,Wau,1,1,directory_points_only
1132,Västerås,3,1,directory_points_only
1133,Aleppo,4,1,directory_points_only
1134,Guélendeng,0,0,no_in_area_point_not_no_transport
1135,Atakpamé,0,0,no_in_area_point_not_no_transport
1136,Kanchanaburi,0,0,no_in_area_point_not_no_transport
1137,Khistevarz,0,0,no_in_area_point_not_no_transport
1138,Ashgabat,13,1,directory_points_only
1139,Manzil Bourguiba,0,0,no_in_area_point_not_no_transport
1140,Bandırma,1,0,directory_points_only
1141,New Taipei [Taipei],26,2,directory_points_only
1142,Tunduma,0,0,no_in_area_point_not_no_transport
1143,Mubende,0,0,no_in_area_point_not_no_transport
1144,Kovel,0,0,no_in_area_point_not_no_transport
1145,Maldonado,1,0,directory_points_only
1146,Watsonville,3,0,directory_points_only
1147,Hazorasp,0,0,no_in_area_point_not_no_transport
1148,Santa Bárbara del Zulia,0,0,no_in_area_point_not_no_transport
1150,Ta'izz,0,0,no_in_area_point_not_no_transport
1151,Mossel Bay,0,0,no_in_area_point_not_no_transport
1152,Choma,0,0,no_in_area_point_not_no_transport
1153,Chinhoyi,0,0,no_in_area_point_not_no_transport
1154,Sar-e Pol,0,0,no_in_area_point_not_no_transport
1155,Caxito,0,0,no_in_area_point_not_no_transport
1156,San Pedro,0,0,no_in_area_point_not_no_transport
1158,Sabirabad,0,0,no_in_area_point_not_no_transport
1159,Makamba,0,0,no_in_area_point_not_no_transport
1160,Antwerp,33,1,directory_points_only
1161,Bohicon,0,0,no_in_area_point_not_no_transport
1162,Gaoua,0,0,no_in_area_point_not_no_transport
1163,Dinajpur,0,0,no_in_area_point_not_no_transport
1164,Babruysk,1,0,directory_points_only
1165,Sucre,1,0,directory_points_only
1166,Boa Vista,3,1,directory_points_only
1168,Olten,3,0,directory_points_only
1169,San Antonio,0,0,no_in_area_point_not_no_transport
1170,Karamay,0,0,no_in_area_point_not_no_transport
1171,Vavoua,0,0,no_in_area_point_not_no_transport
1172,Dschang,1,0,directory_points_only
1173,Mbanza-Ngungu,0,0,no_in_area_point_not_no_transport
1175,Puerto Asís,1,1,directory_points_only
1176,Camagüey,1,1,directory_points_only
1177,Brno,16,1,directory_points_only
1178,Wuppertal,3,0,directory_points_only
1179,La Vega,0,0,no_in_area_point_not_no_transport
1180,Ain Sefra,0,0,no_in_area_point_not_no_transport
1181,Balzar,0,0,no_in_area_point_not_no_transport
1182,Mutubis,0,0,no_in_area_point_not_no_transport
1183,Ferrol,0,0,no_in_area_point_not_no_transport
1184,Gulisso,0,0,no_in_area_point_not_no_transport
1185,Anglet,5,1,directory_points_only
1187,Dunkwa-on-Ofin,0,0,no_in_area_point_not_no_transport
1188,Faranah,1,0,directory_points_only
1189,Chania,0,0,no_in_area_point_not_no_transport
1190,Aguacatán,0,0,no_in_area_point_not_no_transport
1192,Choluteca,1,0,directory_points_only
1193,Gonaïves,0,0,no_in_area_point_not_no_transport
1194,Miskolc,2,0,directory_points_only
1195,Teluk Dalam,0,0,no_in_area_point_not_no_transport
1196,Bhuj,1,1,directory_points_only
1197,Sardasht,0,0,no_in_area_point_not_no_transport
1202,Saga,9,0,directory_points_only
1203,Ayteke Bi,0,0,no_in_area_point_not_no_transport
1204,Kitale,0,0,no_in_area_point_not_no_transport
1206,Cheonan-si,7,0,directory_points_only
1207,Sirte,0,0,no_in_area_point_not_no_transport
1208,Matara,0,0,no_in_area_point_not_no_transport
1209,El Jadida,1,0,directory_points_only
1210,Maroantsetra,0,0,no_in_area_point_not_no_transport
1211,Mexicali,6,0,directory_points_only
1212,Niono,0,0,no_in_area_point_not_no_transport
1213,Taungup,0,0,no_in_area_point_not_no_transport
1214,Moatize,0,0,no_in_area_point_not_no_transport
1215,Teluk Intan,0,0,no_in_area_point_not_no_transport
1216,Tahoua,1,0,directory_points_only
1217,Abeokuta,2,0,directory_points_only
1218,Granada,0,0,no_in_area_point_not_no_transport
1220,Pokhariya,0,0,no_in_area_point_not_no_transport
1221,Al Amerat,0,0,no_in_area_point_not_no_transport
1222,Khuzdar,0,0,no_in_area_point_not_no_transport
1224,Urdaneta,2,0,directory_points_only
1225,Kimbe,0,0,no_in_area_point_not_no_transport
1226,Piła,3,0,directory_points_only
1227,Sonchon,0,0,no_in_area_point_not_no_transport
1228,Braga,2,0,directory_points_only
1229,Encarnacion,2,0,directory_points_only
1230,Nablus,0,0,no_in_area_point_not_no_transport
1231,Craiova,4,1,directory_points_only
1232,Velikiye Luki,1,0,directory_points_only
1233,Ruhango,0,0,no_in_area_point_not_no_transport
1234,Jeddah,3,1,directory_points_only
1235,Kas,0,0,no_in_area_point_not_no_transport
1236,Bignona,0,0,no_in_area_point_not_no_transport
1237,Daru,0,0,no_in_area_point_not_no_transport
1238,San Miguel,2,0,directory_points_only
1239,Qoryooley,0,0,no_in_area_point_not_no_transport
1240,Kraljevo,1,0,directory_points_only
1241,Nzara,1,0,directory_points_only
1242,Uppsala,2,0,directory_points_only
1243,Hama,1,0,directory_points_only
1244,UNNAMED,0,0,no_in_area_point_not_no_transport
1245,Lomé,1,1,directory_points_only
1246,Ranong,0,0,no_in_area_point_not_no_transport
1247,Qabodiyon,0,0,no_in_area_point_not_no_transport
1248,Mary,2,1,directory_points_only
1249,Bizerte,1,0,directory_points_only
1250,Silivri,1,0,directory_points_only
1252,Kahama,0,0,no_in_area_point_not_no_transport
1253,Masaka,0,0,no_in_area_point_not_no_transport
1254,Lutsk,2,0,directory_points_only
1255,San Jose,85,4,directory_points_only
1256,Gijduvan,0,0,no_in_area_point_not_no_transport
1257,El Vigía,1,1,directory_points_only
1260,Oudtshoorn,0,0,no_in_area_point_not_no_transport
1261,UNNAMED,0,0,no_in_area_point_not_no_transport
1262,King Mine,0,0,no_in_area_point_not_no_transport
1263,Lashkar Gah,0,0,no_in_area_point_not_no_transport
1264,Porto Amboim,1,0,directory_points_only
1265,San Ramón de la Nueva Orán,1,0,directory_points_only
1266,Melbourne,37,3,directory_points_only
1267,Cəlilabad,0,0,no_in_area_point_not_no_transport
1268,Ngozi,0,0,no_in_area_point_not_no_transport
1269,Brussels,20,1,directory_points_only
1270,Whydah,0,0,no_in_area_point_not_no_transport
1271,Tougan,0,0,no_in_area_point_not_no_transport
1273,Vitebsk,2,0,directory_points_only
1275,Cacoal,2,0,directory_points_only
1276,Calgary,28,1,directory_points_only
1278,La Calera,0,0,no_in_area_point_not_no_transport
1279,Baicheng,0,0,no_in_area_point_not_no_transport
1280,Daloa,0,0,no_in_area_point_not_no_transport
1281,Wum,0,0,no_in_area_point_not_no_transport
1282,Kisantu,0,0,no_in_area_point_not_no_transport
1284,Cali,6,1,directory_points_only
1285,Manzanillo,0,0,no_in_area_point_not_no_transport
1286,Olomouc,5,0,directory_points_only
1287,Saarbruecken,2,1,directory_points_only
1288,Moca,0,0,no_in_area_point_not_no_transport
1289,Arzew,0,0,no_in_area_point_not_no_transport
1290,Vinces,0,0,no_in_area_point_not_no_transport
1292,Ourense,2,0,directory_points_only
1293,Tepi,1,1,directory_points_only
1294,La Rochelle,4,1,directory_points_only
1296,Kumasi,2,1,directory_points_only
1297,Guéckédou,0,0,no_in_area_point_not_no_transport
1298,Heraklion,1,1,directory_points_only
1299,Panajachel [Sololá],0,0,no_in_area_point_not_no_transport
1301,Tegucigalpa,3,1,directory_points_only
1302,Port-au-Prince,2,1,directory_points_only
1303,Nyíregyháza,1,0,directory_points_only
1304,Karang Baru,0,0,no_in_area_point_not_no_transport
1306,Mahabad,0,0,no_in_area_point_not_no_transport
1308,Modi'in Illit,1,0,directory_points_only
1309,Genoa,4,1,directory_points_only
1310,Iizuka,1,0,directory_points_only
1311,Kokshetau,0,0,no_in_area_point_not_no_transport
1312,Eldoret,0,0,no_in_area_point_not_no_transport
1313,Uzgen,0,0,no_in_area_point_not_no_transport
1314,Sokcho-si,1,0,directory_points_only
1315,Benghazi,2,1,directory_points_only
1317,Sidi Bennour,0,0,no_in_area_point_not_no_transport
1318,San Luis Río Colorado,2,0,directory_points_only
1319,Sikasso,1,0,directory_points_only
1320,Shwebo,0,0,no_in_area_point_not_no_transport
1321,Gorongosa,0,0,no_in_area_point_not_no_transport
1322,Kuala Lumpur,6,1,directory_points_only
1323,Birni N'Konni,0,0,no_in_area_point_not_no_transport
1324,Igbo Ora,0,0,no_in_area_point_not_no_transport
1325,Jinotega,1,0,directory_points_only
1326,Alkmaar,2,0,directory_points_only
1327,Hetauda,0,0,no_in_area_point_not_no_transport
1328,Balad Bani Bu Ali,0,0,no_in_area_point_not_no_transport
1329,Qila Saifullah,0,0,no_in_area_point_not_no_transport
1330,Chiclayo,1,1,directory_points_only
1331,Puerto Princesa,1,1,directory_points_only
1332,Wałbrzych,2,0,directory_points_only
1333,Kusong,0,0,no_in_area_point_not_no_transport
1334,Ciudad del Este,2,0,directory_points_only
1335,Jerusalem,5,0,directory_points_only
1336,Târgu Mureș,2,1,directory_points_only
1337,Petrozavodsk,1,0,directory_points_only
1338,Kigali,1,1,directory_points_only
1340,Nyala,0,0,no_in_area_point_not_no_transport
1341,Diourbel,0,0,no_in_area_point_not_no_transport
1342,Berbera,0,0,no_in_area_point_not_no_transport
1343,Kragujevac,1,0,directory_points_only
1344,Yambio,1,0,directory_points_only
1345,Södertälje,0,0,no_in_area_point_not_no_transport
1346,Homs,0,0,no_in_area_point_not_no_transport
1347,Massakory,0,0,no_in_area_point_not_no_transport
1348,Sokodé,1,0,directory_points_only
1349,Phuket,0,0,no_in_area_point_not_no_transport
1350,Vahdat,0,0,no_in_area_point_not_no_transport
1351,Turkmenabat,3,0,directory_points_only
1352,Regueb,0,0,no_in_area_point_not_no_transport
1353,Balıkesir,1,1,directory_points_only
1355,Bukala,0,0,no_in_area_point_not_no_transport
1357,Ivano-Frankivsk,1,0,directory_points_only
1359,Bukhara,2,1,directory_points_only
1360,La Concepción,1,0,directory_points_only
1362,Ibb,0,0,no_in_area_point_not_no_transport
1363,George,0,0,no_in_area_point_not_no_transport
1364,Mumbwa,0,0,no_in_area_point_not_no_transport
1365,Masvingo,0,0,no_in_area_point_not_no_transport
1366,Girishk,0,0,no_in_area_point_not_no_transport
1367,Sumbe,1,0,directory_points_only
1368,Concepción,1,0,directory_points_only
1369,Woden,3,0,directory_points_only
1370,Şirvan,0,0,no_in_area_point_not_no_transport
1371,Gitega,1,1,directory_points_only
1372,Charleroi,9,1,directory_points_only
1373,Tindji,0,0,no_in_area_point_not_no_transport
1374,Ouahigouya,0,0,no_in_area_point_not_no_transport
1375,Nilphamari,0,0,no_in_area_point_not_no_transport
1376,Orsha,0,0,no_in_area_point_not_no_transport
1377,Tarija,1,1,directory_points_only
1378,Manacapuru,0,0,no_in_area_point_not_no_transport
1380,Lucerne,4,0,directory_points_only
1381,Quillota,2,0,directory_points_only
1382,Aral ئارال,0,0,no_in_area_point_not_no_transport
1383,Tengréla,0,0,no_in_area_point_not_no_transport
1384,Bamenda,0,0,no_in_area_point_not_no_transport
1385,Kinshasa,2,1,directory_points_only
1386,Owando,0,0,no_in_area_point_not_no_transport
1387,Jamundí,0,0,no_in_area_point_not_no_transport
1388,Nuevitas,1,0,directory_points_only
1389,Ostrava,12,1,directory_points_only
1391,Bonao,0,0,no_in_area_point_not_no_transport
1392,Adrar,0,0,no_in_area_point_not_no_transport
1393,Pasaje,1,0,directory_points_only
1394,Delingat,0,0,no_in_area_point_not_no_transport
1395,Huelva,0,0,no_in_area_point_not_no_transport
1396,Duba,0,0,no_in_area_point_not_no_transport
1397,Bordeaux,8,1,directory_points_only
1399,Kintampo,0,0,no_in_area_point_not_no_transport
1400,Kissidougou,0,0,no_in_area_point_not_no_transport
1401,Santa Lucía Cotzumalguapa,0,0,no_in_area_point_not_no_transport
1402,Danli,0,0,no_in_area_point_not_no_transport
1403,Saint-Louis-du-Nord,0,0,no_in_area_point_not_no_transport
1404,Debrecen,1,1,directory_points_only
1405,Pangkalan Brandan,0,0,no_in_area_point_not_no_transport
1406,Mendhar,0,0,no_in_area_point_not_no_transport
1407,Bonab,0,0,no_in_area_point_not_no_transport
1408,Hamam al Alil,0,0,no_in_area_point_not_no_transport
1409,Nazareth,0,0,no_in_area_point_not_no_transport
1410,Vigevano,1,0,directory_points_only
1412,Kyzylorda,1,0,directory_points_only
1414,Gul'cha,0,0,no_in_area_point_not_no_transport
1415,Wonju-si,9,1,directory_points_only
1416,Ajdabiya,0,0,no_in_area_point_not_no_transport
1418,Azemmour,0,0,no_in_area_point_not_no_transport
1419,Puerto Peñasco,3,0,directory_points_only
1420,Koutiala,0,0,no_in_area_point_not_no_transport
1421,Kyaukpadaung,0,0,no_in_area_point_not_no_transport
1422,Nhamatanda,0,0,no_in_area_point_not_no_transport
1424,Galmi,0,0,no_in_area_point_not_no_transport
1425,Ilero,0,0,no_in_area_point_not_no_transport
1426,Matagalpa,0,0,no_in_area_point_not_no_transport
1427,Amsterdam,12,1,directory_points_only
1429,Sur,1,0,directory_points_only
1430,Sibi,0,0,no_in_area_point_not_no_transport
1431,Trujillo,1,1,directory_points_only
1433,Leszno,4,0,directory_points_only
1434,Kanggye,0,0,no_in_area_point_not_no_transport
1435,Jenin,0,0,no_in_area_point_not_no_transport
1436,Slatina,0,0,no_in_area_point_not_no_transport
1437,Smolensk,2,0,directory_points_only
1440,Buram,0,0,no_in_area_point_not_no_transport
1441,Louga,0,0,no_in_area_point_not_no_transport
1442,Merca,0,0,no_in_area_point_not_no_transport
1443,Kruševac,1,0,directory_points_only
1444,Rumbek,1,0,directory_points_only
1445,Stockholm,15,2,directory_points_only
1446,`Uthman,0,0,no_in_area_point_not_no_transport
1447,كيلو Kelo,1,0,directory_points_only
1448,Notsé,0,0,no_in_area_point_not_no_transport
1449,Nakhon Sawan,1,0,directory_points_only
1450,Vakhsh,0,0,no_in_area_point_not_no_transport
1451,El Hamma,0,0,no_in_area_point_not_no_transport
1452,Turgutlu,0,0,no_in_area_point_not_no_transport
1454,Vwawa,0,0,no_in_area_point_not_no_transport
1456,Kolomyia,2,0,directory_points_only
1458,Navoiy,1,0,directory_points_only
1459,Maracaibo,6,1,directory_points_only
1463,Monze,0,0,no_in_area_point_not_no_transport
1464,Norton,0,0,no_in_area_point_not_no_transport
1465,Mazar i sharif,0,0,no_in_area_point_not_no_transport
1466,Bocoio,0,0,no_in_area_point_not_no_transport
1467,San Miguel de Tucumán,4,1,directory_points_only
1468,Belconnen,1,0,directory_points_only
1469,Masallı,0,0,no_in_area_point_not_no_transport
1470,Kayogoro,0,0,no_in_area_point_not_no_transport
1472,Allada,0,0,no_in_area_point_not_no_transport
1473,Koudougou,1,0,directory_points_only
1474,Saidpur,1,1,directory_points_only
1475,Mahilyow,0,0,no_in_area_point_not_no_transport
1476,Montero,0,0,no_in_area_point_not_no_transport
1477,Manaus,10,1,directory_points_only
1478,Red Deer,7,0,directory_points_only
1479,Zurich,23,1,directory_points_only
1480,Concepción,4,1,directory_points_only
1481,Wusu,0,0,no_in_area_point_not_no_transport
1482,Bonon,0,0,no_in_area_point_not_no_transport
1483,Edéa,0,0,no_in_area_point_not_no_transport
1485,Ouésso,0,0,no_in_area_point_not_no_transport
1486,Quibdó,0,0,no_in_area_point_not_no_transport
1487,Las Tunas,1,1,directory_points_only
1488,Havířov,2,0,directory_points_only
1491,Mecheria,0,0,no_in_area_point_not_no_transport
1492,Esmeraldas,1,1,directory_points_only
1493,Al Zayyatin al Qibliyah,0,0,no_in_area_point_not_no_transport
1494,Badajoz,0,0,no_in_area_point_not_no_transport
1495,Gore,0,0,no_in_area_point_not_no_transport
1496,Angers,6,0,directory_points_only
1498,Nkoranza,0,0,no_in_area_point_not_no_transport
1499,Macenta,0,0,no_in_area_point_not_no_transport
1500,Santa Cruz del Quiché,1,0,directory_points_only
1501,La Ceiba,1,1,directory_points_only
1502,Gros Morne,0,0,no_in_area_point_not_no_transport
1503,Sidikalang,0,0,no_in_area_point_not_no_transport
1504,Bandipora,0,0,no_in_area_point_not_no_transport
1505,Malekan,0,0,no_in_area_point_not_no_transport
1506,Qaryat Arfaylah,0,0,no_in_area_point_not_no_transport
1507,Jerusalem,1,0,directory_points_only
1508,Sassari,0,0,no_in_area_point_not_no_transport
1509,Isahaya,2,0,directory_points_only
1510,Nur-Sultan,3,0,directory_points_only
1512,Gunsan-si,2,0,directory_points_only
1513,Marj,1,0,directory_points_only
1515,Marrakesh,1,1,directory_points_only
1516,Guaymas,2,1,directory_points_only
1517,San,0,0,no_in_area_point_not_no_transport
1518,Myingyan,0,0,no_in_area_point_not_no_transport
1519,Maxixe,0,0,no_in_area_point_not_no_transport
1521,Keïta,0,0,no_in_area_point_not_no_transport
1522,Iwere,0,0,no_in_area_point_not_no_transport
1523,Juigalpa,1,0,directory_points_only
1524,Breda,0,0,no_in_area_point_not_no_transport
1525,Kathmandu,1,1,directory_points_only
1526,Parachinar,0,0,no_in_area_point_not_no_transport
1527,Jaén,0,0,no_in_area_point_not_no_transport
1528,Olongapo,1,0,directory_points_only
1529,Poznan,12,1,directory_points_only
1530,Kwaksan,0,0,no_in_area_point_not_no_transport
1531,Pitești,4,0,directory_points_only
1532,Severodvinsk,1,0,directory_points_only
1534,Al-Fashir,1,1,directory_points_only
1535,Kaolack,1,0,directory_points_only
1536,Dara Salaam,0,0,no_in_area_point_not_no_transport
1537,Niš,4,1,directory_points_only
1538,Yei,0,0,no_in_area_point_not_no_transport
1540,As Safirah,0,0,no_in_area_point_not_no_transport
1541,Moundou,0,0,no_in_area_point_not_no_transport
1542,Kara,0,0,no_in_area_point_not_no_transport
1543,Ratchaburi,0,0,no_in_area_point_not_no_transport
1544,Danghara,1,0,directory_points_only
1545,Tunis,2,1,directory_points_only
1546,Akhisar,0,0,no_in_area_point_not_no_transport
1547,Xinying District,0,0,no_in_area_point_not_no_transport
1548,Tabora,0,0,no_in_area_point_not_no_transport
1549,Mityana,0,0,no_in_area_point_not_no_transport
1550,Ternopil,1,0,directory_points_only
1552,Koson,0,0,no_in_area_point_not_no_transport
1553,San Rafael del Mojan,0,0,no_in_area_point_not_no_transport
1554,Phúc Thọ,0,0,no_in_area_point_not_no_transport
1555,Al Milhi,0,0,no_in_area_point_not_no_transport
1557,Mazabuka,0,0,no_in_area_point_not_no_transport
1558,Harare,4,1,directory_points_only
1559,Kandahar,0,0,no_in_area_point_not_no_transport
1560,Cubal,0,0,no_in_area_point_not_no_transport
1561,Yacuiba,0,0,no_in_area_point_not_no_transport
1562,Wollongong,4,0,directory_points_only
1564,Kirundo,0,0,no_in_area_point_not_no_transport
1565,Leuven,6,0,directory_points_only
1566,Dassa-Zoumé,0,0,no_in_area_point_not_no_transport
1567,Gourcy,0,0,no_in_area_point_not_no_transport
1569,Homel,1,1,directory_points_only
1570,Santa Cruz de la Sierra,2,2,directory_points_only
1571,Vilhena,0,0,no_in_area_point_not_no_transport
1572,Edmonton,26,2,directory_points_only
1574,Coronel,0,0,no_in_area_point_not_no_transport
1575,Altay,0,0,no_in_area_point_not_no_transport
1576,Gagnoa,1,0,directory_points_only
1577,Mbouda,0,0,no_in_area_point_not_no_transport
1578,Kasongo-Lunda,1,0,directory_points_only
1579,Dongou,0,0,no_in_area_point_not_no_transport
1580,Santander de Quilichao,0,0,no_in_area_point_not_no_transport
1581,Bayamo,1,1,directory_points_only
1583,San Francisco de Macoris,0,0,no_in_area_point_not_no_transport
1584,Sig,0,0,no_in_area_point_not_no_transport
1585,El Empalme,0,0,no_in_area_point_not_no_transport
1586,Desouk,0,0,no_in_area_point_not_no_transport
1587,Cádiz,1,0,directory_points_only
1588,Metu,0,0,no_in_area_point_not_no_transport
1589,Pau,4,1,directory_points_only
1591,Obuasi,1,0,directory_points_only
1592,Banankoro,0,0,no_in_area_point_not_no_transport
1593,Chichicastenango,0,0,no_in_area_point_not_no_transport
1594,Juticalpa,1,0,directory_points_only
1595,Dessalines,0,0,no_in_area_point_not_no_transport
1596,Medan,2,0,directory_points_only
1597,Mundra,0,0,no_in_area_point_not_no_transport
1598,Maragheh,0,0,no_in_area_point_not_no_transport
1599,Al Khan,0,0,no_in_area_point_not_no_transport
1600,Milan,27,2,directory_points_only
1602,Shieli,0,0,no_in_area_point_not_no_transport
1603,Molo,0,0,no_in_area_point_not_no_transport
1604,Cheongju-si,8,1,directory_points_only
1605,Bayda,0,0,no_in_area_point_not_no_transport
1607,Ben Guerir,0,0,no_in_area_point_not_no_transport
1608,Los Mochis,7,0,directory_points_only
1609,Mopti,0,0,no_in_area_point_not_no_transport
1610,Magway,2,1,directory_points_only
1611,Dondo,0,0,no_in_area_point_not_no_transport
1613,Madaoua,0,0,no_in_area_point_not_no_transport
1614,Saki,0,0,no_in_area_point_not_no_transport
1615,Siuna,1,0,directory_points_only
1618,Wana,0,0,no_in_area_point_not_no_transport
1619,Cutervo,0,0,no_in_area_point_not_no_transport
1620,Tarlac City,6,0,directory_points_only
1621,Świdnica,1,0,directory_points_only
1622,Jongju,0,0,no_in_area_point_not_no_transport
1623,Brasov,10,1,directory_points_only
1624,Arkhangelsk,2,1,directory_points_only
1625,Mecca,10,0,directory_points_only
1626,Mellit,0,0,no_in_area_point_not_no_transport
1627,Gossas,0,0,no_in_area_point_not_no_transport
1628,Xawo Tako,0,0,no_in_area_point_not_no_transport
1629,Leskovac,1,0,directory_points_only
1630,Kaya,0,0,no_in_area_point_not_no_transport
1631,Bza`a,0,0,no_in_area_point_not_no_transport
1632,Laï,1,0,directory_points_only
1633,Anié,0,0,no_in_area_point_not_no_transport
1634,Chumphon,0,0,no_in_area_point_not_no_transport
1635,Isfara,1,0,directory_points_only
1636,Sidi Amor Bou Hajla,0,0,no_in_area_point_not_no_transport
1637,Istanbul,48,1,directory_points_only
1639,Mwanza,0,0,no_in_area_point_not_no_transport
1640,Nimule,0,0,no_in_area_point_not_no_transport
1641,Rivne,0,0,no_in_area_point_not_no_transport
1642,Los Angeles,643,7,directory_points_only
1644,Santa Rita,0,0,no_in_area_point_not_no_transport
1645,Hòa Bình,0,0,no_in_area_point_not_no_transport
1646,Dhamar,0,0,no_in_area_point_not_no_transport
1647,Port Elizabeth,3,1,directory_points_only
1650,Samangan,0,0,no_in_area_point_not_no_transport
1651,Vila Nova do Seles,0,0,no_in_area_point_not_no_transport
1652,Tartagal,0,0,no_in_area_point_not_no_transport
1653,Campbelltown,8,0,directory_points_only
1654,Lankaran,1,1,directory_points_only
1655,Ruyigi,0,0,no_in_area_point_not_no_transport
1656,Liège,10,1,directory_points_only
1657,Cotonou,1,1,directory_points_only
1658,Yako,0,0,no_in_area_point_not_no_transport
1659,Bodorganj,0,0,no_in_area_point_not_no_transport
1661,Yacuiba,1,0,directory_points_only
1662,Itacoatiara,0,0,no_in_area_point_not_no_transport
1663,Regina,3,1,directory_points_only
1665,Chiguayante,0,0,no_in_area_point_not_no_transport
1666,Kuytun,0,0,no_in_area_point_not_no_transport
1667,Sinfra,0,0,no_in_area_point_not_no_transport
1668,Bafoussam,0,0,no_in_area_point_not_no_transport
1669,Kenge,1,0,directory_points_only
1670,Impfondo,1,0,directory_points_only
1671,Chigorodó,0,0,no_in_area_point_not_no_transport
1672,Contramaestre,0,0,no_in_area_point_not_no_transport
1674,Santo Domingo,6,2,directory_points_only
1675,Mostaganem,1,0,directory_points_only
1676,Milagro,3,0,directory_points_only
1677,Sadat City,0,0,no_in_area_point_not_no_transport
1679,Uallaga,0,0,no_in_area_point_not_no_transport
1680,Caen,4,1,directory_points_only
1681,Torquay,4,0,directory_points_only
1682,Mampong,0,0,no_in_area_point_not_no_transport
1683,Kankan,1,0,directory_points_only
1684,Santa Cruz Barillas,1,0,directory_points_only
1685,Petite-Rivière-de-l'Artibonite,0,0,no_in_area_point_not_no_transport
1687,Salaya,0,0,no_in_area_point_not_no_transport
1688,Miandoab,0,0,no_in_area_point_not_no_transport
1689,Gaiyara,1,0,directory_points_only
1690,Como,3,0,directory_points_only
1691,Ube,4,1,directory_points_only
1692,Temirtau,0,0,no_in_area_point_not_no_transport
1693,Narok,0,0,no_in_area_point_not_no_transport
1694,Chungju-si,1,0,directory_points_only
1695,Derna,0,0,no_in_area_point_not_no_transport
1696,Trincomalee,0,0,no_in_area_point_not_no_transport
1698,Heroica Caborca,1,0,directory_points_only
1699,Socoura,1,1,directory_points_only
1700,Myitkyina,1,1,directory_points_only
1701,Inhambane,1,1,directory_points_only
1702,Seremban,0,0,no_in_area_point_not_no_transport
1703,Guidan Roumdji,0,0,no_in_area_point_not_no_transport
1705,Bilwi (Puerto Cabezas),1,1,directory_points_only
1706,Hoorn,0,0,no_in_area_point_not_no_transport
1708,Hub,0,0,no_in_area_point_not_no_transport
1709,Cajamarca,0,0,no_in_area_point_not_no_transport
1711,Wroclaw,8,1,directory_points_only
1712,Taechon,0,0,no_in_area_point_not_no_transport
1713,Suceava,2,1,directory_points_only
1714,Tver,2,0,directory_points_only
1716,UNNAMED,0,0,no_in_area_point_not_no_transport
1717,Darou Mousti,0,0,no_in_area_point_not_no_transport
1718,Beledweyne,0,0,no_in_area_point_not_no_transport
1720,Malakal,0,0,no_in_area_point_not_no_transport
1721,As Suwayda,0,0,no_in_area_point_not_no_transport
1722,Gore,0,0,no_in_area_point_not_no_transport
1723,Tsévié,0,0,no_in_area_point_not_no_transport
1724,Nakhon Pathom,0,0,no_in_area_point_not_no_transport
1725,Kulob,0,0,no_in_area_point_not_no_transport
1726,Kairouan,0,0,no_in_area_point_not_no_transport
1728,Chiayi,2,1,directory_points_only
1729,Nansio,0,0,no_in_area_point_not_no_transport
1731,Chernivtsi,2,0,directory_points_only
1732,Petaluma,1,0,directory_points_only
1733,Katta-Kurgan,2,0,directory_points_only
1734,Mérida,1,0,directory_points_only
1736,Yarim,0,0,no_in_area_point_not_no_transport
1737,Kimberley,0,0,no_in_area_point_not_no_transport
1738,Chililabombwe,0,0,no_in_area_point_not_no_transport
1739,Triangle,0,0,no_in_area_point_not_no_transport
1740,Kunduz,0,0,no_in_area_point_not_no_transport
1741,M'banza Congo,1,1,directory_points_only
1742,San Fernando del Valle de Catamarca,0,0,no_in_area_point_not_no_transport
1744,Baku,4,1,directory_points_only
1745,Butihinda,0,0,no_in_area_point_not_no_transport
1747,Banikoara,0,0,no_in_area_point_not_no_transport
1748,Leo,1,0,directory_points_only
1749,Rajshahi,1,1,directory_points_only
1750,Parintins,0,0,no_in_area_point_not_no_transport
1751,Saskatoon,4,1,directory_points_only
1752,Lugano,1,1,directory_points_only
1753,Melipilla,4,0,directory_points_only
1754,Kuqa,0,0,no_in_area_point_not_no_transport
1755,Bouaflé,0,0,no_in_area_point_not_no_transport
1756,Ndop,0,0,no_in_area_point_not_no_transport
1757,Bandundu,1,1,directory_points_only
1758,Bétou,1,0,directory_points_only
1759,Palmira,2,0,directory_points_only
1760,Holguín,0,0,no_in_area_point_not_no_transport
1761,Münster,4,1,directory_points_only
1762,San Pedro de Macorís,1,0,directory_points_only
1763,Mohammadia,0,0,no_in_area_point_not_no_transport
1764,Babahoyo,0,0,no_in_area_point_not_no_transport
1765,Itay el-Barud,0,0,no_in_area_point_not_no_transport
1766,Cáceres,0,0,no_in_area_point_not_no_transport
1767,Guyi,0,0,no_in_area_point_not_no_transport
1768,Le Havre,7,1,directory_points_only
1769,Bridgend,1,0,directory_points_only
1770,Ejura,0,0,no_in_area_point_not_no_transport
1771,Siguiri,0,0,no_in_area_point_not_no_transport
1772,Santa María Nebaj,0,0,no_in_area_point_not_no_transport
1773,Saint Michel de l’Attalaye,0,0,no_in_area_point_not_no_transport
1774,Lepar Samura,0,0,no_in_area_point_not_no_transport
1775,Khambhaliya,0,0,no_in_area_point_not_no_transport
1776,Baneh,1,0,directory_points_only
1777,Hajiruk,0,0,no_in_area_point_not_no_transport
1778,Pavia,0,0,no_in_area_point_not_no_transport
1779,Muroran,4,0,directory_points_only
1780,Karaganda,1,0,directory_points_only
1781,Nakuru,1,0,directory_points_only
1782,Daejeon,19,0,directory_points_only
1783,Tobruk,0,0,no_in_area_point_not_no_transport
1784,Badulla,0,0,no_in_area_point_not_no_transport
1785,Casablanca,3,0,directory_points_only
1786,Hermosillo,1,1,directory_points_only
1787,Timbuktu,0,0,no_in_area_point_not_no_transport
1788,UNNAMED,0,0,no_in_area_point_not_no_transport
1789,Beira,0,0,no_in_area_point_not_no_transport
1790,Kota Bharu,1,1,directory_points_only
1792,Ago Are,0,0,no_in_area_point_not_no_transport
1793,Utrecht,4,0,directory_points_only
1795,Usta Muhammad,0,0,no_in_area_point_not_no_transport
1796,Chimbote,1,1,directory_points_only
1797,Angeles [San Fernando],26,1,directory_points_only
1798,Gniezno,2,0,directory_points_only
1799,Jonchon,0,0,no_in_area_point_not_no_transport
1800,Târgoviște,0,0,no_in_area_point_not_no_transport
1801,Bryansk,3,0,directory_points_only
1802,At Taif,1,0,directory_points_only
1803,UNNAMED,0,0,no_in_area_point_not_no_transport
1804,Guinguinéo,0,0,no_in_area_point_not_no_transport
1805,Burao,1,0,directory_points_only
1807,Bor,0,0,no_in_area_point_not_no_transport
1808,Manbij,0,0,no_in_area_point_not_no_transport
1809,Doba,0,0,no_in_area_point_not_no_transport
1810,Tchamba,0,0,no_in_area_point_not_no_transport
1811,Phetchaburi,0,0,no_in_area_point_not_no_transport
1812,Khorugh,0,0,no_in_area_point_not_no_transport
1813,Gabes,0,0,no_in_area_point_not_no_transport
1814,Aydin,1,0,directory_points_only
1815,Tainan,2,1,directory_points_only
1816,Iwambi,0,0,no_in_area_point_not_no_transport
1817,Gulu,0,0,no_in_area_point_not_no_transport
1818,Kamianets-Podilskyi,1,0,directory_points_only
1820,Qarshi,2,1,directory_points_only
1821,Cabimas,3,0,directory_points_only
1822,Thái Nguyên,0,0,no_in_area_point_not_no_transport
1823,Ad Dala,0,0,no_in_area_point_not_no_transport
1825,Chingola,0,0,no_in_area_point_not_no_transport
1827,Puli Khumri,0,0,no_in_area_point_not_no_transport
1828,Gabela,0,0,no_in_area_point_not_no_transport
1829,San Rafael,1,1,directory_points_only
1830,Sydney,49,2,directory_points_only
1832,Muyinga,0,0,no_in_area_point_not_no_transport
1833,Ouèssè,0,0,no_in_area_point_not_no_transport
1834,Ouagadougou,1,1,directory_points_only
1835,Joypurhat,0,0,no_in_area_point_not_no_transport
1836,Tangará da Serra,2,0,directory_points_only
1837,Winnipeg,6,2,directory_points_only
1839,San Felipe,2,0,directory_points_only
1840,Karakash,0,0,no_in_area_point_not_no_transport
1841,Lakota,0,0,no_in_area_point_not_no_transport
1842,Foumbot,0,0,no_in_area_point_not_no_transport
1843,Mbandaka,0,0,no_in_area_point_not_no_transport
1844,Buga,1,0,directory_points_only
1845,Palma Soriano,1,0,directory_points_only
1846,Koblenz,10,0,directory_points_only
1847,La Romana,1,0,directory_points_only
1848,Mascara,0,0,no_in_area_point_not_no_transport
1849,El Carmen,0,0,no_in_area_point_not_no_transport
1850,Shubra Khit,0,0,no_in_area_point_not_no_transport
1852,Shewa Ghimira,0,0,no_in_area_point_not_no_transport
1853,Angoulême,3,0,directory_points_only
1854,Exeter,2,1,directory_points_only
1855,Cape Coast,0,0,no_in_area_point_not_no_transport
1856,Nzérékoré,0,0,no_in_area_point_not_no_transport
1857,Escuintla,0,0,no_in_area_point_not_no_transport
1858,La Croix,0,0,no_in_area_point_not_no_transport
1860,Ramsar,0,0,no_in_area_point_not_no_transport
1861,بوکان,0,0,no_in_area_point_not_no_transport
1862,Hīt,0,0,no_in_area_point_not_no_transport
1863,Lecco,1,0,directory_points_only
1864,Izumo,7,1,directory_points_only
1865,Turkestan,0,0,no_in_area_point_not_no_transport
1867,Iksan-si,0,0,no_in_area_point_not_no_transport
1868,Valaichchenai EP,1,0,directory_points_only
1869,Settat,0,0,no_in_area_point_not_no_transport
1870,Ciudad Obregón,6,1,directory_points_only
1871,Gao,0,0,no_in_area_point_not_no_transport
1872,Mandalay,1,0,directory_points_only
1873,Massinga,0,0,no_in_area_point_not_no_transport
1874,Melaka City,1,1,directory_points_only
1875,Maradi,1,0,directory_points_only
1876,Eruwa Titun,0,0,no_in_area_point_not_no_transport
1877,Tilburg,3,0,directory_points_only
1879,Shahdadkot,0,0,no_in_area_point_not_no_transport
1880,Huamachuco,1,0,directory_points_only
1882,Wejherowo,1,0,directory_points_only
1883,Unsan,0,0,no_in_area_point_not_no_transport
1884,Piatra Neamț,1,0,directory_points_only
1885,Cherepovets,0,0,no_in_area_point_not_no_transport
1886,Hail,1,1,directory_points_only
1887,Ad Da'ein,0,0,no_in_area_point_not_no_transport
1888,Goudomp,0,0,no_in_area_point_not_no_transport
1889,Mogadishu,1,1,directory_points_only
1890,Juba,0,0,no_in_area_point_not_no_transport
1891,Kobani,0,0,no_in_area_point_not_no_transport
1892,Kokanti,0,0,no_in_area_point_not_no_transport
1894,Bangkok,11,2,directory_points_only
1896,Arnavutköy,0,0,no_in_area_point_not_no_transport
1897,Kaohsiung,7,2,directory_points_only
1898,Nzega,0,0,no_in_area_point_not_no_transport
1899,Kampala,3,1,directory_points_only
1900,Khmelnytskyi,2,0,directory_points_only
1901,Santa Rosa,10,1,directory_points_only
1903,Ciudad Ojeda,0,0,no_in_area_point_not_no_transport
1905,Rada'a,0,0,no_in_area_point_not_no_transport
1906,Makhanda (Grahamstown),0,0,no_in_area_point_not_no_transport
1907,Kafue,0,0,no_in_area_point_not_no_transport
1908,Glenclova,0,0,no_in_area_point_not_no_transport
1909,Khanabad,0,0,no_in_area_point_not_no_transport
1910,Quipungo,0,0,no_in_area_point_not_no_transport
1911,San Carlos de Bariloche,2,0,directory_points_only
1912,Newcastle,7,1,directory_points_only
1913,Parakou,1,0,directory_points_only
1914,Djibo,0,0,no_in_area_point_not_no_transport
1915,Naogaon,0,0,no_in_area_point_not_no_transport
1916,Cáceres,0,0,no_in_area_point_not_no_transport
1917,Thunder Bay,3,1,directory_points_only
1918,Sankt Gallen,5,1,directory_points_only
1919,Los Andes,1,0,directory_points_only
1920,Hotan,0,0,no_in_area_point_not_no_transport
1921,Korhogo,0,0,no_in_area_point_not_no_transport
1922,Kumbo,0,0,no_in_area_point_not_no_transport
1924,Apartadó,0,0,no_in_area_point_not_no_transport
1925,Santiago de Cuba,1,1,directory_points_only
1926,Hamm,1,0,directory_points_only
1927,Higüey,1,0,directory_points_only
1928,Saida,1,0,directory_points_only
1929,San Jacinto de Buena Fe,0,0,no_in_area_point_not_no_transport
1930,Ezbet Ahmad al Ballasi,0,0,no_in_area_point_not_no_transport
1931,Jerez,1,1,directory_points_only
1932,Berciuma,0,0,no_in_area_point_not_no_transport
1933,Le Mans,3,0,directory_points_only
1934,Larbert,4,0,directory_points_only
1935,Assin Fosu,0,0,no_in_area_point_not_no_transport
1936,Sinko,0,0,no_in_area_point_not_no_transport
1937,Chimaltenango,0,0,no_in_area_point_not_no_transport
1938,Mirebalais,0,0,no_in_area_point_not_no_transport
1940,Rajouri,1,0,directory_points_only
1941,Ahar,0,0,no_in_area_point_not_no_transport
1942,Baiji,0,0,no_in_area_point_not_no_transport
1943,Bergamo,5,1,directory_points_only
1944,Ōmuta,1,0,directory_points_only
1945,Pavlodar,0,0,no_in_area_point_not_no_transport
1946,Nyahururu,0,0,no_in_area_point_not_no_transport
1947,Gangneung-si,3,0,directory_points_only
1948,Batticaloa,1,1,directory_points_only
1949,Berrechid,0,0,no_in_area_point_not_no_transport
1950,Navojoa,1,0,directory_points_only
1951,Madaya,0,0,no_in_area_point_not_no_transport
1952,Manga,0,0,no_in_area_point_not_no_transport
1953,Muar,0,0,no_in_area_point_not_no_transport
1955,Ikorodu,0,0,no_in_area_point_not_no_transport
1956,Almere,1,0,directory_points_only
1958,Dera Murad Jamali,0,0,no_in_area_point_not_no_transport
1959,Barranca,1,0,directory_points_only
1960,Bayombong,0,0,no_in_area_point_not_no_transport
1961,Bydgoszcz,4,1,directory_points_only
1962,Unjon,0,0,no_in_area_point_not_no_transport
1963,Botoșani,1,0,directory_points_only
1964,Kaluga,1,0,directory_points_only
1965,Al Hawiyah,2,1,directory_points_only
1966,UNNAMED,0,0,no_in_area_point_not_no_transport
1967,Touba,0,0,no_in_area_point_not_no_transport
1968,Dhuusamareeb دوسمريب,0,0,no_in_area_point_not_no_transport
1969,Nimule,0,0,no_in_area_point_not_no_transport
1970,Al-Tabqah,0,0,no_in_area_point_not_no_transport
1971,بيجوندو Bedjomo,0,0,no_in_area_point_not_no_transport
1973,Surat Thani,0,0,no_in_area_point_not_no_transport
1974,Hammamet,0,0,no_in_area_point_not_no_transport
1975,Ödemiş,0,0,no_in_area_point_not_no_transport
1977,Mbeya,1,0,directory_points_only
1979,Zhytomyr,1,0,directory_points_only
1980,Concord,21,1,directory_points_only
1981,Samarkand,3,1,directory_points_only
1982,Arauca,0,0,no_in_area_point_not_no_transport
1984,Al Mansurah,3,1,directory_points_only
1985,Mafikeng,1,0,directory_points_only
1986,Lusaka,4,1,directory_points_only
1988,Chaman,0,0,no_in_area_point_not_no_transport
1989,Ganda,1,0,directory_points_only
1990,Santiago del Estero,2,0,directory_points_only
1991,Toowoomba,5,0,directory_points_only
1992,Porto-Novo,0,0,no_in_area_point_not_no_transport
1993,Kongoussi,0,0,no_in_area_point_not_no_transport
1995,Itaituba,1,1,directory_points_only
1996,Detroit,6,1,directory_points_only
1998,Shihezi,1,0,directory_points_only
1999,Diégonéfla,0,0,no_in_area_point_not_no_transport
2000,Nkambe,0,0,no_in_area_point_not_no_transport
2001,Kikwit,1,1,directory_points_only
2002,Tuluá,1,0,directory_points_only
2003,Guantanamo,0,0,no_in_area_point_not_no_transport
2004,Osnabrück,2,0,directory_points_only
2005,Relizane,0,0,no_in_area_point_not_no_transport
2006,Quevedo,5,0,directory_points_only
2007,Al Balakus,0,0,no_in_area_point_not_no_transport
2008,Seville,5,1,directory_points_only
2009,Shehibi,0,0,no_in_area_point_not_no_transport
2010,Poitiers,3,1,directory_points_only
2011,Livingston,2,0,directory_points_only
2012,Konongo,0,0,no_in_area_point_not_no_transport
2013,Ciudad Vieja [Antigua Guatemala],0,0,no_in_area_point_not_no_transport
2014,Cap-Haitien,1,1,directory_points_only
2015,Pandan,0,0,no_in_area_point_not_no_transport
2017,Saqqez,0,0,no_in_area_point_not_no_transport
2018,Erbil,2,1,directory_points_only
2019,Cagliari,3,1,directory_points_only
2020,Tomakomai,2,0,directory_points_only
2021,Jetisay,0,0,no_in_area_point_not_no_transport
2022,Naivasha,0,0,no_in_area_point_not_no_transport
2023,Jecheon-si,1,0,directory_points_only
2025,Deroua,0,0,no_in_area_point_not_no_transport
2026,Guasave,2,0,directory_points_only
2028,Caia,1,0,directory_points_only
2029,Kuala Terengganu,1,1,directory_points_only
2030,Tchadoua,0,0,no_in_area_point_not_no_transport
2031,Iseyin,0,0,no_in_area_point_not_no_transport
2032,Hilversum,1,0,directory_points_only
2033,Itahari,1,1,directory_points_only
2034,Karachi,9,1,directory_points_only
2035,Huaraz,0,0,no_in_area_point_not_no_transport
2037,Gdansk,5,1,directory_points_only
2039,Ploiești,3,0,directory_points_only
2040,Obninsk,1,0,directory_points_only
2041,Al Lith,0,0,no_in_area_point_not_no_transport
2042,Umm Kadadah,0,0,no_in_area_point_not_no_transport
2044,Erigavo,0,0,no_in_area_point_not_no_transport
2047,Koumra,0,0,no_in_area_point_not_no_transport
2048,Lopburi,0,0,no_in_area_point_not_no_transport
2049,Sousse,0,0,no_in_area_point_not_no_transport
2050,Salihli,0,0,no_in_area_point_not_no_transport
2052,Shinyanga,0,0,no_in_area_point_not_no_transport
2054,Berdychiv,0,0,no_in_area_point_not_no_transport
2056,Guzar,1,0,directory_points_only
2057,Socopó,0,0,no_in_area_point_not_no_transport
2060,Bloemfontein,0,0,no_in_area_point_not_no_transport
2061,Kitwe,0,0,no_in_area_point_not_no_transport
2062,Bindura,0,0,no_in_area_point_not_no_transport
2064,Balombo,1,0,directory_points_only
2065,San Luis,1,1,directory_points_only
2066,Aitkenvale,3,1,directory_points_only
2067,Kétou,0,0,no_in_area_point_not_no_transport
2068,Kombissiri,0,0,no_in_area_point_not_no_transport
2069,Meherpur,0,0,no_in_area_point_not_no_transport
2070,Corumbá,2,1,directory_points_only
2072,Santiago,79,1,directory_points_only
2073,Changji/Sanji,0,0,no_in_area_point_not_no_transport
2074,Oumé,0,0,no_in_area_point_not_no_transport
2075,Foumban,0,0,no_in_area_point_not_no_transport
2076,Makanza,0,0,no_in_area_point_not_no_transport
2077,Pitalito,0,0,no_in_area_point_not_no_transport
2078,Baracoa,1,1,directory_points_only
2079,Kaiserslautern,6,0,directory_points_only
2080,El Abiodh Sidi Cheikh,0,0,no_in_area_point_not_no_transport
2081,Cantón Santo Domingo de los Tsachilas,1,0,directory_points_only
2084,K'Umbabe,0,0,no_in_area_point_not_no_transport
2085,Tours,7,1,directory_points_only
2086,Cardiff,10,1,directory_points_only
2087,Navrongo,0,0,no_in_area_point_not_no_transport
2088,Joyabaj,1,0,directory_points_only
2089,Hinche,1,0,directory_points_only
2090,Tarutung,0,0,no_in_area_point_not_no_transport
2091,Srinagar,1,1,directory_points_only
2092,Shahindezh,0,0,no_in_area_point_not_no_transport
2093,Ramadi,1,0,directory_points_only
2094,Piacenza,6,0,directory_points_only
2095,Hōfu,4,0,directory_points_only
2096,Shymkent,3,1,directory_points_only
2098,Jeonju,3,0,directory_points_only
2099,Kalmunai,0,0,no_in_area_point_not_no_transport
2100,El Kelaa des Sraghna,0,0,no_in_area_point_not_no_transport
2101,Guamúchil,1,0,directory_points_only
2102,Mogok,0,0,no_in_area_point_not_no_transport
2103,Morrumbala,0,0,no_in_area_point_not_no_transport
2104,Batu Pahat,0,0,no_in_area_point_not_no_transport
2105,Mayahi,0,0,no_in_area_point_not_no_transport
2106,Kamba,0,0,no_in_area_point_not_no_transport
2107,'s-Hertogenbosch,6,0,directory_points_only
2109,Khairpur Nathan Shah,0,0,no_in_area_point_not_no_transport
2110,Huacho,0,0,no_in_area_point_not_no_transport
2112,Ostrów Wielkopolski,1,0,directory_points_only
2113,Chongnam,0,0,no_in_area_point_not_no_transport
2114,Bucharest,25,2,directory_points_only
2115,Zelenograd,1,0,directory_points_only
2116,Qunfudhah,0,0,no_in_area_point_not_no_transport
2117,UNNAMED,0,0,no_in_area_point_not_no_transport
2118,Sédhiou,0,0,no_in_area_point_not_no_transport
2119,Las Anod,0,0,no_in_area_point_not_no_transport
2120,Renk,0,0,no_in_area_point_not_no_transport
2121,Ar Raqqah,0,0,no_in_area_point_not_no_transport
2122,مويسالا Moïssala,0,0,no_in_area_point_not_no_transport
2123,Phra Nakhon Si Ayutthaya,0,0,no_in_area_point_not_no_transport
2126,Luodong,1,0,directory_points_only
2127,Kyela,0,0,no_in_area_point_not_no_transport
2129,Vinnytsia,1,0,directory_points_only
2131,Shahrisabz,4,0,directory_points_only
2132,Ciudad Bolivia,0,0,no_in_area_point_not_no_transport
2135,Komani (Queenstown),1,0,directory_points_only
2136,Mufulira,0,0,no_in_area_point_not_no_transport
2137,Marondera,0,0,no_in_area_point_not_no_transport
2138,Taloqan,0,0,no_in_area_point_not_no_transport
2139,Matala,1,0,directory_points_only
2140,Villa Carlos Paz,2,0,directory_points_only
2141,Cairns,2,1,directory_points_only
2142,Pobè,0,0,no_in_area_point_not_no_transport
2143,Ziniaré,0,0,no_in_area_point_not_no_transport
2144,নাটোর,0,0,no_in_area_point_not_no_transport
2145,Sorriso,0,0,no_in_area_point_not_no_transport
2146,Sarnia,6,0,directory_points_only
2148,Keriya,0,0,no_in_area_point_not_no_transport
2149,Divo,0,0,no_in_area_point_not_no_transport
2150,Ebolowa,0,0,no_in_area_point_not_no_transport
2151,Idiofa,1,0,directory_points_only
2152,La Plata,0,0,no_in_area_point_not_no_transport
2153,Oldenburg,4,0,directory_points_only
2154,Oued Rhiou,0,0,no_in_area_point_not_no_transport
2155,City of Loja,0,0,no_in_area_point_not_no_transport
2156,Qaryat Salah al Din,0,0,no_in_area_point_not_no_transport
2157,Avilés,0,0,no_in_area_point_not_no_transport
2158,Sigmo,0,0,no_in_area_point_not_no_transport
2159,Rouen,6,0,directory_points_only
2160,Dunfermline,6,0,directory_points_only
2161,Atebubu,0,0,no_in_area_point_not_no_transport
2162,Guatemala City,1,1,directory_points_only
2163,Thomassique,0,0,no_in_area_point_not_no_transport
2164,Pematang Siantar,0,0,no_in_area_point_not_no_transport
2165,Porbandar,1,1,directory_points_only
2166,Marivan,0,0,no_in_area_point_not_no_transport
2167,Tikrit,1,0,directory_points_only
2168,La Spezia,1,0,directory_points_only
2169,Matsue,9,0,directory_points_only
2170,Saryagash,1,0,directory_points_only
2171,Nairobi,6,2,directory_points_only
2172,Mokpo-si,1,0,directory_points_only
2173,Akkaraipattu,0,0,no_in_area_point_not_no_transport
2174,Ouarzazate,1,1,directory_points_only
2175,Culiacán,18,1,directory_points_only
2176,Bhamo,1,1,directory_points_only
2177,Lichinga,1,1,directory_points_only
2178,Kuantan,1,1,directory_points_only
2179,Aguié,0,0,no_in_area_point_not_no_transport
2180,Sagamu,0,0,no_in_area_point_not_no_transport
2181,Amersfoort,3,0,directory_points_only
2183,Johi,0,0,no_in_area_point_not_no_transport
2184,Moyobamba,1,0,directory_points_only
2185,Balanga,1,0,directory_points_only
2186,Inowrocław,2,0,directory_points_only
2187,Huichon,0,0,no_in_area_point_not_no_transport
2188,Ruse,0,0,no_in_area_point_not_no_transport
2190,Rafha,1,1,directory_points_only
2191,Ghubaysh,0,0,no_in_area_point_not_no_transport
2192,Richard-Toll,0,0,no_in_area_point_not_no_transport
2193,Galkayo,0,0,no_in_area_point_not_no_transport
2194,Torit,1,0,directory_points_only
2196,نيتكتن Bitkine,0,0,no_in_area_point_not_no_transport
2198,Tataouine,0,0,no_in_area_point_not_no_transport
2199,Bursa,6,0,directory_points_only
2200,Hualien,2,1,directory_points_only
2201,Musoma,1,1,directory_points_only
2202,Lira,1,0,directory_points_only
2203,Kyiv,13,0,directory_points_only
2204,Tijuana,98,2,directory_points_only
2205,Gallaorol,0,0,no_in_area_point_not_no_transport
2206,Valera,1,1,directory_points_only
2207,Hanoi,11,1,directory_points_only
2208,Al Beidha,0,0,no_in_area_point_not_no_transport
2210,Kabwe,0,0,no_in_area_point_not_no_transport
2211,Mutare,1,0,directory_points_only
2212,Charikar,0,0,no_in_area_point_not_no_transport
2213,Calulo,0,0,no_in_area_point_not_no_transport
2214,Villa Mercedes,0,0,no_in_area_point_not_no_transport
2217,Kaya,1,0,directory_points_only
2218,Ulipur,0,0,no_in_area_point_not_no_transport
2219,Cuiabá,5,1,directory_points_only
2220,London,12,1,directory_points_only
2221,Talca,1,0,directory_points_only
2222,Wujiaqu,0,0,no_in_area_point_not_no_transport
2223,Yamoussoukro,0,0,no_in_area_point_not_no_transport
2224,Bafia,1,0,directory_points_only
2225,Gemena,1,1,directory_points_only
2226,Cartago,0,0,no_in_area_point_not_no_transport
2227,Basel,1,0,directory_points_only
2228,Frenda,0,0,no_in_area_point_not_no_transport
2229,Cuenca,1,1,directory_points_only
2230,Geziret Nikla,0,0,no_in_area_point_not_no_transport
2231,Oviedo,2,0,directory_points_only
2232,UNNAMED,0,0,no_in_area_point_not_no_transport
2233,Limoges,2,1,directory_points_only
2234,Taunton,8,0,directory_points_only
2235,Akim Oda,0,0,no_in_area_point_not_no_transport
2237,Ouanaminthe,1,0,directory_points_only
2238,Tebing Tinggi,0,0,no_in_area_point_not_no_transport
2239,Gandhidham,1,1,directory_points_only
2240,Sarpol-e Zahab,1,0,directory_points_only
2241,Soran,0,0,no_in_area_point_not_no_transport
2242,Cremona,1,0,directory_points_only
2243,Hakodate,4,1,directory_points_only
2245,Ongata Rongai,0,0,no_in_area_point_not_no_transport
2246,Gwangju,4,1,directory_points_only
2247,Khouribga,0,0,no_in_area_point_not_no_transport
2248,Mazatlán,4,0,directory_points_only
2249,Aunglan,0,0,no_in_area_point_not_no_transport
2250,Milange,0,0,no_in_area_point_not_no_transport
2251,Dungun,1,0,directory_points_only
2252,Agadez,0,0,no_in_area_point_not_no_transport
2253,Ishara,0,0,no_in_area_point_not_no_transport
2254,Eindhoven,8,1,directory_points_only
2255,Damak,0,0,no_in_area_point_not_no_transport
2256,Mehar,0,0,no_in_area_point_not_no_transport
2257,Huaral,0,0,no_in_area_point_not_no_transport
2258,San Jose,0,0,no_in_area_point_not_no_transport
2259,Kalisz,0,0,no_in_area_point_not_no_transport
2260,Anju,0,0,no_in_area_point_not_no_transport
2261,Bacău,5,1,directory_points_only
2262,Moscow,77,4,directory_points_only
2263,Al Makhwah,0,0,no_in_area_point_not_no_transport
2264,UNNAMED,0,0,no_in_area_point_not_no_transport
2265,Kaffrine,0,0,no_in_area_point_not_no_transport
2266,Garoowe,0,0,no_in_area_point_not_no_transport
2267,Deir Ez Zor,0,0,no_in_area_point_not_no_transport
2268,Ati,0,0,no_in_area_point_not_no_transport
2269,Saraburi,1,0,directory_points_only
2270,Medenine,0,0,no_in_area_point_not_no_transport
2271,Nazilli,0,0,no_in_area_point_not_no_transport
2272,Taitung,1,1,directory_points_only
2273,Igunga,0,0,no_in_area_point_not_no_transport
2274,Lugazi,0,0,no_in_area_point_not_no_transport
2275,Bila Tserkva,1,0,directory_points_only
2276,Santa Clarita,12,0,directory_points_only
2277,Urgut,0,0,no_in_area_point_not_no_transport
2278,Barinas,2,1,directory_points_only
2279,Đại Nghĩa,0,0,no_in_area_point_not_no_transport
2280,Lawdar,0,0,no_in_area_point_not_no_transport
2281,Botshabelo,0,0,no_in_area_point_not_no_transport
2282,Luanshya,1,0,directory_points_only
2283,Ghazni,1,0,directory_points_only
2284,N'dalatando,0,0,no_in_area_point_not_no_transport
2285,Cordoba,14,1,directory_points_only
2286,Gold Coast,12,1,directory_points_only
2287,Kandi,1,0,directory_points_only
2288,Boulsa,1,0,directory_points_only
2289,Bogura,1,0,directory_points_only
2290,Sinop,0,0,no_in_area_point_not_no_transport
2291,Sault Ste. Marie,4,0,directory_points_only
2292,Curicó,4,0,directory_points_only
2293,Ürümqi,1,1,directory_points_only
2294,Ferkéssédougou,0,0,no_in_area_point_not_no_transport
2295,Yaounde,2,1,directory_points_only
2296,Basankusu,1,0,directory_points_only
2297,Pereira,1,1,directory_points_only
2298,Siegen,4,0,directory_points_only
2300,Guaranda,0,0,no_in_area_point_not_no_transport
2301,Al Kafr al Bahri,0,0,no_in_area_point_not_no_transport
2302,Algeciras,4,1,directory_points_only
2303,Chagni,0,0,no_in_area_point_not_no_transport
2304,Toulouse,22,1,directory_points_only
2305,Edinburgh,15,1,directory_points_only
2306,Tamale,0,0,no_in_area_point_not_no_transport
2307,Cubulco,0,0,no_in_area_point_not_no_transport
2308,Padang Sidempuan,0,0,no_in_area_point_not_no_transport
2309,Bhanvad,0,0,no_in_area_point_not_no_transport
2310,Pars Abad,0,0,no_in_area_point_not_no_transport
2311,Samarra,0,0,no_in_area_point_not_no_transport
2312,Brescia,3,0,directory_points_only
2313,Shunan,2,0,directory_points_only
2314,Taraz,0,0,no_in_area_point_not_no_transport
2316,Gumi-si,2,0,directory_points_only
2317,Rabat,1,1,directory_points_only
2318,Puerto Vallarta,4,1,directory_points_only
2319,UNNAMED,0,0,no_in_area_point_not_no_transport
2320,Nicoadala,0,0,no_in_area_point_not_no_transport
2321,Chukai,0,0,no_in_area_point_not_no_transport
2322,Gazaoua,0,0,no_in_area_point_not_no_transport
2324,Veenendaal,2,0,directory_points_only
2325,Birtamod,0,0,no_in_area_point_not_no_transport
2326,Qambar,0,0,no_in_area_point_not_no_transport
2327,Lima,9,1,directory_points_only
2328,Tuguegarao,2,1,directory_points_only
2329,Tczew,0,0,no_in_area_point_not_no_transport
2331,Buzău,1,0,directory_points_only
2332,Vologda,4,0,directory_points_only
2333,Afif,0,0,no_in_area_point_not_no_transport
2334,Muglad,0,0,no_in_area_point_not_no_transport
2335,Dahra Djoloff,0,0,no_in_area_point_not_no_transport
2336,Bosaso,0,0,no_in_area_point_not_no_transport
2337,Al-Hasakah,0,0,no_in_area_point_not_no_transport
2338,Sarh,1,0,directory_points_only
2340,Sfax,1,1,directory_points_only
2341,Gemlik,2,0,directory_points_only
2342,Bunda,0,0,no_in_area_point_not_no_transport
2343,Jinja,1,0,directory_points_only
2345,Napa,1,0,directory_points_only
2346,Jizzax,4,0,directory_points_only
2347,Boconó,1,0,directory_points_only
2349,Al Qatn,0,0,no_in_area_point_not_no_transport
2350,Jouberton,1,0,directory_points_only
2351,Ndola,1,0,directory_points_only
2352,Kabul,5,1,directory_points_only
2353,Caconda,0,0,no_in_area_point_not_no_transport
2354,Neuquén,1,1,directory_points_only
2355,Brisbane,25,0,directory_points_only
2356,Nikki,0,0,no_in_area_point_not_no_transport
2357,Pouytenga,0,0,no_in_area_point_not_no_transport
2358,Gaibandha,0,0,no_in_area_point_not_no_transport
2359,Santarém,1,0,directory_points_only
2360,Kitchener,5,0,directory_points_only
2361,San Fernando,1,0,directory_points_only
2362,Fukang,0,0,no_in_area_point_not_no_transport
2363,Ouangolodougou,0,0,no_in_area_point_not_no_transport
2364,Mbalmayo,0,0,no_in_area_point_not_no_transport
2365,Karawa,0,0,no_in_area_point_not_no_transport
2366,Garzón,0,0,no_in_area_point_not_no_transport
2368,Ash Shalif,0,0,no_in_area_point_not_no_transport
2369,Riobamba,1,0,directory_points_only
2370,Kafr Dinshawai,0,0,no_in_area_point_not_no_transport
2371,Salamanca,2,0,directory_points_only
2372,Bedele,1,0,directory_points_only
2373,Chartres,6,0,directory_points_only
2374,Liverpool,7,1,directory_points_only
2375,Bolgatanga,0,0,no_in_area_point_not_no_transport
2377,Kisaran,1,0,directory_points_only
2378,Pampore,0,0,no_in_area_point_not_no_transport
2379,Meshginshahr,0,0,no_in_area_point_not_no_transport
2380,Kirkuk,2,1,directory_points_only
2381,Massa,5,0,directory_points_only
2382,Kumamoto,12,1,directory_points_only
2383,Semey,1,1,directory_points_only
2385,Suncheon-si,0,0,no_in_area_point_not_no_transport
2386,Ain El Aouda,0,0,no_in_area_point_not_no_transport
2387,Manzanillo,2,0,directory_points_only
2388,Tan Soe တံစိုး,0,0,no_in_area_point_not_no_transport
2389,Quelimane,1,1,directory_points_only
2390,Kluang,1,0,directory_points_only
2391,Tessaoua,1,0,directory_points_only
2393,Leeuwarden,2,0,directory_points_only
2394,Nasirabad,0,0,no_in_area_point_not_no_transport
2395,Tarapoto,1,1,directory_points_only
2397,Opole,1,0,directory_points_only
2398,Mundok,0,0,no_in_area_point_not_no_transport
2399,Iași,4,1,directory_points_only
2400,Oryol,2,0,directory_points_only
2401,Muhayil,0,0,no_in_area_point_not_no_transport
2402,Babanusah,0,0,no_in_area_point_not_no_transport
2403,Dagana,0,0,no_in_area_point_not_no_transport
2404,Qardho City,0,0,no_in_area_point_not_no_transport
2405,Qamishli,1,1,directory_points_only
2406,Mongo,0,0,no_in_area_point_not_no_transport
2407,Thung Song,0,0,no_in_area_point_not_no_transport
2408,Al Munastir,1,1,directory_points_only
2410,Tarime,0,0,no_in_area_point_not_no_transport
2411,Iganga,0,0,no_in_area_point_not_no_transport
2412,Chernihiv,1,0,directory_points_only
2413,Antioch,10,0,directory_points_only
2414,Sirdaryo,1,0,directory_points_only
2415,Carora,1,0,directory_points_only
2417,Seiyun,0,0,no_in_area_point_not_no_transport
2418,Uitkomsdal,2,0,directory_points_only
2419,Kapiri Mposhi,0,0,no_in_area_point_not_no_transport
2420,Bagram,1,0,directory_points_only
2421,Waku Kungo,0,0,no_in_area_point_not_no_transport
2424,Malanville,0,0,no_in_area_point_not_no_transport
2425,Tenkodogo,1,0,directory_points_only
2426,Chuadanga,0,0,no_in_area_point_not_no_transport
2427,Rondonópolis,2,0,directory_points_only
2428,Brantford,1,0,directory_points_only
2429,Chillán,3,0,directory_points_only
2430,Tianshan,0,0,no_in_area_point_not_no_transport
2431,Bouaké,1,1,directory_points_only
2432,Banyo,0,0,no_in_area_point_not_no_transport
2433,Ilebo,1,1,directory_points_only
2434,Florencia,0,0,no_in_area_point_not_no_transport
2435,Freiburg im Breisgau,4,0,directory_points_only
2436,Tiaret,0,0,no_in_area_point_not_no_transport
2437,Ambato,1,0,directory_points_only
2439,Gijón,1,0,directory_points_only
2440,Nekemte,0,0,no_in_area_point_not_no_transport
2441,Boulogne-sur-Mer,3,0,directory_points_only
2443,Savelugu,0,0,no_in_area_point_not_no_transport
2444,Playa Grande Ixcán,0,0,no_in_area_point_not_no_transport
2445,Panyabungan,0,0,no_in_area_point_not_no_transport
2446,Jamnagar,1,1,directory_points_only
2447,Javanrud,1,0,directory_points_only
2448,Fallujah,0,0,no_in_area_point_not_no_transport
2449,Parma,1,1,directory_points_only
2450,Yonago,5,1,directory_points_only
2451,Ayagoz,0,0,no_in_area_point_not_no_transport
2453,Daegu,29,1,directory_points_only
2454,Souk Sebt Oulad Nemma,0,0,no_in_area_point_not_no_transport
2455,Heroica Nogales,1,0,directory_points_only
2456,Meiktila,1,0,directory_points_only
2457,Cuamba,1,0,directory_points_only
2460,Igboho,0,0,no_in_area_point_not_no_transport
2462,Dera Allah Yaar,0,0,no_in_area_point_not_no_transport
2463,Yurimaguas,1,1,directory_points_only
2465,Toruń,2,0,directory_points_only
2466,Kujang,0,0,no_in_area_point_not_no_transport
2467,Oltenița,0,0,no_in_area_point_not_no_transport
2468,Serpukhov,0,0,no_in_area_point_not_no_transport
2469,البدائع,1,0,directory_points_only
2470,En Nahud,0,0,no_in_area_point_not_no_transport
2471,Kolda,1,0,directory_points_only
2472,Al Qurayya,0,0,no_in_area_point_not_no_transport
2473,Faya-Largeau,0,0,no_in_area_point_not_no_transport
2474,Trang,1,1,directory_points_only
2475,Ksar Hellal,0,0,no_in_area_point_not_no_transport
2476,Yalova,1,0,directory_points_only
2478,Opuyo,1,1,directory_points_only
2479,Uman,0,0,no_in_area_point_not_no_transport
2481,Tashkent,4,2,directory_points_only
2482,Punto Fijo,1,1,directory_points_only
2483,Thọ Xuân,0,0,no_in_area_point_not_no_transport
2484,Tarim,0,0,no_in_area_point_not_no_transport
2485,Kutlwanong,0,0,no_in_area_point_not_no_transport
2486,Nchelenge,1,0,directory_points_only
2488,Uíge,1,0,directory_points_only
2489,General Roca,0,0,no_in_area_point_not_no_transport
2491,Koupéla,0,0,no_in_area_point_not_no_transport
2492,Ishurdi,0,0,no_in_area_point_not_no_transport
2493,Pedro Juan Caballero,1,1,directory_points_only
2495,Rancagua,2,0,directory_points_only
2496,Yanqi,0,0,no_in_area_point_not_no_transport
2497,Dabou,0,0,no_in_area_point_not_no_transport
2498,Sangmélima,0,0,no_in_area_point_not_no_transport
2499,Tshikapa,2,0,directory_points_only
2500,Tierralta,0,0,no_in_area_point_not_no_transport
2501,Bremerhaven,2,0,directory_points_only
2502,Sougueur,0,0,no_in_area_point_not_no_transport
2503,Latacunga,1,1,directory_points_only
2504,Kafr Al-Sheikh,1,0,directory_points_only
2505,Ceuta,2,1,directory_points_only
2506,Dembi,0,0,no_in_area_point_not_no_transport
2507,Mantes-la-Jolie,2,0,directory_points_only
2508,Weston-super-Mare,4,0,directory_points_only
2509,Walewale,0,0,no_in_area_point_not_no_transport
2511,Tanjung Balai,0,0,no_in_area_point_not_no_transport
2512,Chauhatan,0,0,no_in_area_point_not_no_transport
2513,Tikab,0,0,no_in_area_point_not_no_transport
2514,Chamchamal,0,0,no_in_area_point_not_no_transport
2515,Viareggio,3,0,directory_points_only
2516,Kitami,1,0,directory_points_only
2517,Oskemen,1,1,directory_points_only
2518,Nyeri,0,0,no_in_area_point_not_no_transport
2519,Geumseong-myeon,1,0,directory_points_only
2520,Fkih Ben Salah,0,0,no_in_area_point_not_no_transport
2521,Tecoman,1,0,directory_points_only
2522,Taungdwingyi,0,0,no_in_area_point_not_no_transport
2523,Namacurra,0,0,no_in_area_point_not_no_transport
2524,Singapore,2,1,directory_points_only
2525,Tanout,0,0,no_in_area_point_not_no_transport
2526,Ibadan,1,1,directory_points_only
2528,Dadu,0,0,no_in_area_point_not_no_transport
2531,Gronowo Górne,1,0,directory_points_only
2533,Focșani,0,0,no_in_area_point_not_no_transport
2535,Bisha,1,1,directory_points_only
2536,UNNAMED,0,0,no_in_area_point_not_no_transport
2537,Podor,0,0,no_in_area_point_not_no_transport
2538,Abu Kamal,1,0,directory_points_only
2539,كيابي Kyabé,1,0,directory_points_only
2540,Chonburi,3,0,directory_points_only
2541,Mahdia,0,0,no_in_area_point_not_no_transport
2542,İnegöl,0,0,no_in_area_point_not_no_transport
2543,Makambako,0,0,no_in_area_point_not_no_transport
2544,Busesa,0,0,no_in_area_point_not_no_transport
2545,Nizhyn,1,0,directory_points_only
2546,Fairfield,9,0,directory_points_only
2548,Guanare,3,0,directory_points_only
2550,Al Mutadarririn,0,0,no_in_area_point_not_no_transport
2551,Bronville,0,0,no_in_area_point_not_no_transport
2552,Mansa,0,0,no_in_area_point_not_no_transport
2553,Fayzabad,0,0,no_in_area_point_not_no_transport
2554,Negage,0,0,no_in_area_point_not_no_transport
2555,Río Cuarto,0,0,no_in_area_point_not_no_transport
2557,Bitou,0,0,no_in_area_point_not_no_transport
2558,Alamdanga,0,0,no_in_area_point_not_no_transport
2559,Campo Grande,3,1,directory_points_only
2560,Guelph,5,0,directory_points_only
2561,Linares,1,0,directory_points_only
2562,Qitai,0,0,no_in_area_point_not_no_transport
2563,Agboville,0,0,no_in_area_point_not_no_transport
2564,Ngaoundal,0,0,no_in_area_point_not_no_transport
2565,Businga,0,0,no_in_area_point_not_no_transport
2566,Armenia,0,0,no_in_area_point_not_no_transport
2568,Lardjem,0,0,no_in_area_point_not_no_transport
2569,Quito,7,1,directory_points_only
2571,León,1,1,directory_points_only
2572,Agaro,0,0,no_in_area_point_not_no_transport
2573,Calais,11,0,directory_points_only
2574,Blackpool,3,0,directory_points_only
2575,Nkawkaw,0,0,no_in_area_point_not_no_transport
2576,San Cristobal Verapaz,0,0,no_in_area_point_not_no_transport
2577,Gunung Tua,0,0,no_in_area_point_not_no_transport
2578,Pulwama,0,0,no_in_area_point_not_no_transport
2579,Divandarreh,0,0,no_in_area_point_not_no_transport
2580,Tuz Khormato,0,0,no_in_area_point_not_no_transport
2581,Livorno,1,0,directory_points_only
2582,Yatsushiro,3,0,directory_points_only
2583,Almaty,6,1,directory_points_only
2585,Sora-myeon,1,1,directory_points_only
2586,Kenitra,1,0,directory_points_only
2587,Tepic,4,1,directory_points_only
2588,Myittha,0,0,no_in_area_point_not_no_transport
2589,Mocuba,0,0,no_in_area_point_not_no_transport
2591,Magaria,0,0,no_in_area_point_not_no_transport
2592,Kishi,0,0,no_in_area_point_not_no_transport
2593,Maastricht,2,1,directory_points_only
2594,Jacobabad,1,0,directory_points_only
2595,Huánuco,2,1,directory_points_only
2596,Cabanatuan,2,0,directory_points_only
2597,Rybnik,2,0,directory_points_only
2599,Călărași,1,0,directory_points_only
2601,Buraydah,0,0,no_in_area_point_not_no_transport
2602,UNNAMED,0,0,no_in_area_point_not_no_transport
2605,Umm Hajar,0,0,no_in_area_point_not_no_transport
2606,Laem Chabang,1,0,directory_points_only
2607,Ben Gardane,0,0,no_in_area_point_not_no_transport
2608,İzmit,4,0,directory_points_only
2609,Singida,0,0,no_in_area_point_not_no_transport
2610,Busia,0,0,no_in_area_point_not_no_transport
2611,Pervomaisk,0,0,no_in_area_point_not_no_transport
2612,Tracy,1,0,directory_points_only
2613,Sherobod,1,0,directory_points_only
2614,El Tocuyo,0,0,no_in_area_point_not_no_transport
2619,Pul-i-Alam,1,0,directory_points_only
2620,Ondjiva,0,0,no_in_area_point_not_no_transport
2621,Villa María,3,0,directory_points_only
2622,Maroochydore,7,1,directory_points_only
2623,Manni,0,0,no_in_area_point_not_no_transport
2624,Barkhada,0,0,no_in_area_point_not_no_transport
2625,Uruguaiana,1,1,directory_points_only
2626,Toronto,99,3,directory_points_only
2627,Los Ángeles,1,0,directory_points_only
2628,Turpan,0,0,no_in_area_point_not_no_transport
2629,Abidjan,2,1,directory_points_only
2630,Garoua,1,1,directory_points_only
2631,Boende,1,1,directory_points_only
2632,Calarcá,0,0,no_in_area_point_not_no_transport
2634,Tissemsilt,0,0,no_in_area_point_not_no_transport
2636,Qotur,0,0,no_in_area_point_not_no_transport
2637,Marbella,0,0,no_in_area_point_not_no_transport
2638,Shahura (Alefa),0,0,no_in_area_point_not_no_transport
2639,Orléans,7,0,directory_points_only
2640,Southport,2,0,directory_points_only
2641,Agona Swedru,0,0,no_in_area_point_not_no_transport
2642,Salamá,0,0,no_in_area_point_not_no_transport
2643,Rantau Prapat,0,0,no_in_area_point_not_no_transport
2644,Bhachau,0,0,no_in_area_point_not_no_transport
2645,Mianeh,1,0,directory_points_only
2646,Saab Al Bour,0,0,no_in_area_point_not_no_transport
2647,Pisa,4,1,directory_points_only
2648,Hiroshima,46,1,directory_points_only
2649,Taldykorgan,0,0,no_in_area_point_not_no_transport
2650,Kitengela,0,0,no_in_area_point_not_no_transport
2651,Jinju-si,3,1,directory_points_only
2652,Oued Zem,0,0,no_in_area_point_not_no_transport
2653,Colima,2,0,directory_points_only
2654,Wundwin,0,0,no_in_area_point_not_no_transport
2655,Gurue,0,0,no_in_area_point_not_no_transport
2656,Kuching,1,1,directory_points_only
2657,Zinder,1,1,directory_points_only
2658,Oyo,0,0,no_in_area_point_not_no_transport
2659,Arnhem,13,0,directory_points_only
2660,Bannu,1,0,directory_points_only
2661,Cerro de Pasco,0,0,no_in_area_point_not_no_transport
2663,Katowice,6,1,directory_points_only
2664,Kaechon,0,0,no_in_area_point_not_no_transport
2665,Galați,4,0,directory_points_only
2667,Unaizah,0,0,no_in_area_point_not_no_transport
2668,Dilling,0,0,no_in_area_point_not_no_transport
2669,Koungheul,0,0,no_in_area_point_not_no_transport
2670,Am Timan,1,0,directory_points_only
2671,Nakhon Si Thammarat,2,0,directory_points_only
2673,Songea,0,0,no_in_area_point_not_no_transport
2674,Mbale,0,0,no_in_area_point_not_no_transport
2675,Bilhorod-Dnistrovskyi,0,0,no_in_area_point_not_no_transport
2676,Bakersfield,19,1,directory_points_only
2677,Gulistan,1,0,directory_points_only
2678,Quíbor,0,0,no_in_area_point_not_no_transport
2680,Al Juwaibiyat,0,0,no_in_area_point_not_no_transport
2681,East London,2,1,directory_points_only
2682,Mkushi,0,0,no_in_area_point_not_no_transport
2683,Mihtarlam,0,0,no_in_area_point_not_no_transport
2684,Calilongue,0,0,no_in_area_point_not_no_transport
2685,Presidencia Roque Sáenz Peña,2,0,directory_points_only
2686,Bogandé,0,0,no_in_area_point_not_no_transport
2688,Dourados,2,0,directory_points_only
2690,Temuco,2,0,directory_points_only
2691,Hami,0,0,no_in_area_point_not_no_transport
2692,Daoukro,0,0,no_in_area_point_not_no_transport
2693,Ngaoundéré,1,1,directory_points_only
2694,Gbadolite,0,0,no_in_area_point_not_no_transport
2695,Santa Rosa de Cabal,0,0,no_in_area_point_not_no_transport
2697,Ain Defla,0,0,no_in_area_point_not_no_transport
2698,Otavalo,0,0,no_in_area_point_not_no_transport
2699,Shamma,0,0,no_in_area_point_not_no_transport
2700,Córdoba,3,1,directory_points_only
2701,Dangla,0,0,no_in_area_point_not_no_transport
2702,Paris,47,2,directory_points_only
2704,Asamankese,0,0,no_in_area_point_not_no_transport
2705,Cobán,1,0,directory_points_only
2706,Padang,1,1,directory_points_only
2707,Shupiyan,0,0,no_in_area_point_not_no_transport
2708,Eslamabad-e Gharb,0,0,no_in_area_point_not_no_transport
2709,Baghdad,9,1,directory_points_only
2710,Reggio nell'Emilia,4,0,directory_points_only
2712,Thika,0,0,no_in_area_point_not_no_transport
2713,Jeju-si,3,1,directory_points_only
2714,Beni Mellal,0,0,no_in_area_point_not_no_transport
2715,Ciudad Guzmán,2,0,directory_points_only
2716,Pyin Oo Lwin,0,0,no_in_area_point_not_no_transport
2717,Maganja,1,0,directory_points_only
2718,Sibu,1,0,directory_points_only
2719,Diffa,0,0,no_in_area_point_not_no_transport
2720,Ijebu-Ode,0,0,no_in_area_point_not_no_transport
2722,Larkana,0,0,no_in_area_point_not_no_transport
2723,Tingo María,1,0,directory_points_only
2724,Gapan,0,0,no_in_area_point_not_no_transport
2725,Częstochowa,4,0,directory_points_only
2727,Brăila,0,0,no_in_area_point_not_no_transport
2728,Kursk,2,0,directory_points_only
2729,Abha,1,0,directory_points_only
2730,Kaduqli,0,0,no_in_area_point_not_no_transport
2731,Vélingara,0,0,no_in_area_point_not_no_transport
2732,Abéché,1,0,directory_points_only
2733,Chachoengsao,0,0,no_in_area_point_not_no_transport
2734,Denizli,3,0,directory_points_only
2735,Ndiuka,0,0,no_in_area_point_not_no_transport
2736,Amagoro B Central,0,0,no_in_area_point_not_no_transport
2737,Odesa,3,0,directory_points_only
2740,Coro,1,1,directory_points_only
2741,Phủ Lý,0,0,no_in_area_point_not_no_transport
2742,Shihr,0,0,no_in_area_point_not_no_transport
2743,Potchefstroom,0,0,no_in_area_point_not_no_transport
2744,Samfya,1,0,directory_points_only
2745,Jalalabad,1,0,directory_points_only
2746,Huambo,2,1,directory_points_only
2747,San Francisco,0,0,no_in_area_point_not_no_transport
2748,Dori,0,0,no_in_area_point_not_no_transport
2750,Altamira,0,0,no_in_area_point_not_no_transport
2751,St. Catharines,10,1,directory_points_only
2752,Valdivia,2,1,directory_points_only
2753,Dunhuang,1,0,directory_points_only
2754,Adzopé,0,0,no_in_area_point_not_no_transport
2755,Bertoua,0,0,no_in_area_point_not_no_transport
2756,Lwebo,0,0,no_in_area_point_not_no_transport
2757,Medellín,7,1,directory_points_only
2759,Aflou,0,0,no_in_area_point_not_no_transport
2760,Ibarra,1,0,directory_points_only
2761,Tala,0,0,no_in_area_point_not_no_transport
2762,Talavera de la Reina,0,0,no_in_area_point_not_no_transport
2763,Bitilta Zebraro,0,0,no_in_area_point_not_no_transport
2764,Dunkirk,13,0,directory_points_only
2765,Chester,6,0,directory_points_only
2766,Yeji,0,0,no_in_area_point_not_no_transport
2768,Bagan Batu,0,0,no_in_area_point_not_no_transport
2769,Jam Jodhpur,0,0,no_in_area_point_not_no_transport
2770,Ilam,0,0,no_in_area_point_not_no_transport
2772,Verona,2,1,directory_points_only
2773,Beppu,3,0,directory_points_only
2774,Machakos,0,0,no_in_area_point_not_no_transport
2775,Pohang-si,4,1,directory_points_only
2776,Bejaad,0,0,no_in_area_point_not_no_transport
2777,Agua Prieta,0,0,no_in_area_point_not_no_transport
2778,Pyay,1,0,directory_points_only
2779,Malema,0,0,no_in_area_point_not_no_transport
2780,Bintulu,0,0,no_in_area_point_not_no_transport
2781,N'Guigmi,0,0,no_in_area_point_not_no_transport
2783,Apeldoorn,4,0,directory_points_only
2784,Khar,0,0,no_in_area_point_not_no_transport
2785,Chincha Alta,0,0,no_in_area_point_not_no_transport
2787,Lodz,6,1,directory_points_only
2788,Sukchon,0,0,no_in_area_point_not_no_transport
2789,Tulcea,0,0,no_in_area_point_not_no_transport
2790,Elektrostal,1,0,directory_points_only
2791,Khamis Mushait,3,1,directory_points_only
2792,Dongola,0,0,no_in_area_point_not_no_transport
2793,Madina Gounass,0,0,no_in_area_point_not_no_transport
2794,أدري Adré,0,0,no_in_area_point_not_no_transport
2795,Pattaya,3,0,directory_points_only
2796,Uşak,1,0,directory_points_only
2797,Dodoma,1,1,directory_points_only
2798,Pryluky,0,0,no_in_area_point_not_no_transport
2800,Chirchiq,0,0,no_in_area_point_not_no_transport
2801,Barquisimeto,2,1,directory_points_only
2802,Do Luong,0,0,no_in_area_point_not_no_transport
2803,Kroonstad,1,0,directory_points_only
2804,Luwingu,1,0,directory_points_only
2805,Khost,1,1,directory_points_only
2806,Bailundo,0,0,no_in_area_point_not_no_transport
2807,Santa Rosa,1,1,directory_points_only
2808,Cinkassé,0,0,no_in_area_point_not_no_transport
2810,São Félix do Xingu,0,0,no_in_area_point_not_no_transport
2812,Osorno,4,0,directory_points_only
2813,Shigatse,0,0,no_in_area_point_not_no_transport
2814,Grand-Bassam,0,0,no_in_area_point_not_no_transport
2815,Mokolo,0,0,no_in_area_point_not_no_transport
2816,Lisala,0,0,no_in_area_point_not_no_transport
2818,Bielefeld,5,0,directory_points_only
2819,Khemis Miliana,0,0,no_in_area_point_not_no_transport
2820,Tulcán,1,1,directory_points_only
2821,Faiyum,1,0,directory_points_only
2822,Málaga,2,1,directory_points_only
2823,UNNAMED,0,0,no_in_area_point_not_no_transport
2824,Amiens,3,0,directory_points_only
2825,Carlisle,5,0,directory_points_only
2826,Winneba,0,0,no_in_area_point_not_no_transport
2827,Jalapa,0,0,no_in_area_point_not_no_transport
2828,Bukittinggi,0,0,no_in_area_point_not_no_transport
2829,Tral,0,0,no_in_area_point_not_no_transport
2830,Sanandaj,1,1,directory_points_only
2831,Karbala,0,0,no_in_area_point_not_no_transport
2832,Modena,2,0,directory_points_only
2833,Kure,4,0,directory_points_only
2834,Embu,1,0,directory_points_only
2835,Changwon,9,0,directory_points_only
2836,Kasba Tadla,0,0,no_in_area_point_not_no_transport
2837,Guadalajara,18,2,directory_points_only
2838,Thazi,0,0,no_in_area_point_not_no_transport
2839,Alto Molócue,0,0,no_in_area_point_not_no_transport
2840,Tanjung Kidurong,0,0,no_in_area_point_not_no_transport
2841,Kaiama,0,0,no_in_area_point_not_no_transport
2842,Zwolle,4,0,directory_points_only
2843,Wali Khel,0,0,no_in_area_point_not_no_transport
2844,Huancayo,1,0,directory_points_only
2845,Quezon City [Manila],295,1,directory_points_only
2848,Ont’an-nodongjagu,0,0,no_in_area_point_not_no_transport
2849,Constanța,15,0,directory_points_only
2850,Yaroslavl,2,1,directory_points_only
2851,Sabya,0,0,no_in_area_point_not_no_transport
2852,Al-Ubayyid,1,1,directory_points_only
2853,Tambacounda,1,0,directory_points_only
2854,Tina,0,0,no_in_area_point_not_no_transport
2855,Phanat Nikhom,0,0,no_in_area_point_not_no_transport
2856,Fethiye,1,0,directory_points_only
2857,Karatu,0,0,no_in_area_point_not_no_transport
2858,Smila,0,0,no_in_area_point_not_no_transport
2859,Palmdale,18,0,directory_points_only
2860,Jarqurgon,0,0,no_in_area_point_not_no_transport
2862,Hưng Yên,0,0,no_in_area_point_not_no_transport
2863,Rustenburg,1,0,directory_points_only
2864,Serenje,0,0,no_in_area_point_not_no_transport
2865,Katchiungo,0,0,no_in_area_point_not_no_transport
2866,General Pico,0,0,no_in_area_point_not_no_transport
2867,Fada N'Gourma,1,0,directory_points_only
2869,São Borja,1,0,directory_points_only
2871,Puerto Montt,4,0,directory_points_only
2872,Golmud,0,0,no_in_area_point_not_no_transport
2873,Abengourou,1,0,directory_points_only
2874,Guider,0,0,no_in_area_point_not_no_transport
2875,Mweka,1,0,directory_points_only
2876,Montería,1,1,directory_points_only
2877,Bremen,6,1,directory_points_only
2878,Ksar Chellala,0,0,no_in_area_point_not_no_transport
2879,Nueva Loja,1,0,directory_points_only
2881,Valladolid,0,0,no_in_area_point_not_no_transport
2882,Jinka,0,0,no_in_area_point_not_no_transport
2883,Creil,4,0,directory_points_only
2884,Dundee,9,1,directory_points_only
2885,Salaga,0,0,no_in_area_point_not_no_transport
2886,Jutiapa,1,0,directory_points_only
2887,Ujung Batu,0,0,no_in_area_point_not_no_transport
2888,Barmer,0,0,no_in_area_point_not_no_transport
2889,Ardabil,0,0,no_in_area_point_not_no_transport
2890,At Tarimiyah,0,0,no_in_area_point_not_no_transport
2891,Trento,1,1,directory_points_only
2892,Ōita,6,0,directory_points_only
2893,Meru,0,0,no_in_area_point_not_no_transport
2894,Gyeongju-si,1,0,directory_points_only
2895,Tiflet,0,0,no_in_area_point_not_no_transport
2897,Pyawbwe,0,0,no_in_area_point_not_no_transport
2898,Marrupa,0,0,no_in_area_point_not_no_transport
2899,Kampong Luak,1,1,directory_points_only
2900,Epe,0,0,no_in_area_point_not_no_transport
2901,Heerlen,2,0,directory_points_only
2902,Moro,0,0,no_in_area_point_not_no_transport
2903,Pucallpa,3,1,directory_points_only
2904,Santiago,0,0,no_in_area_point_not_no_transport
2906,Phyongwon,0,0,no_in_area_point_not_no_transport
2907,Tula,2,0,directory_points_only
2909,Barah,0,0,no_in_area_point_not_no_transport
2912,Nasuhlar,2,0,directory_points_only
2913,Babati,0,0,no_in_area_point_not_no_transport
2914,Cherkasy,1,0,directory_points_only
2915,Manteca,3,0,directory_points_only
2916,Termez,2,1,directory_points_only
2917,Acarigua,4,0,directory_points_only
2918,Hải Dương,0,0,no_in_area_point_not_no_transport
2919,Khutsong,0,0,no_in_area_point_not_no_transport
2920,UNNAMED,0,0,no_in_area_point_not_no_transport
2921,UNNAMED,0,0,no_in_area_point_not_no_transport
2922,Rafaela,1,0,directory_points_only
2923,Kompienga,0,0,no_in_area_point_not_no_transport
2924,Pabna,0,0,no_in_area_point_not_no_transport
2927,Coyhaique,1,0,directory_points_only
2928,Jiayuguan,0,0,no_in_area_point_not_no_transport
2929,Aboisso,1,0,directory_points_only
2930,Karewa,0,0,no_in_area_point_not_no_transport
2931,Kakenge,0,0,no_in_area_point_not_no_transport
2932,Manizales,3,1,directory_points_only
2935,Tanta,1,0,directory_points_only
2936,Palencia,0,0,no_in_area_point_not_no_transport
2937,Addis Kidan,0,0,no_in_area_point_not_no_transport
2938,Melun,3,0,directory_points_only
2939,Lancaster,3,0,directory_points_only
2940,Accra,5,1,directory_points_only
2941,Fray Bartolomé de las Casas,1,0,directory_points_only
2942,Payakumbuh,0,0,no_in_area_point_not_no_transport
2943,Rapar,0,0,no_in_area_point_not_no_transport
2944,Kamyaran,0,0,no_in_area_point_not_no_transport
2946,Pistoia,1,0,directory_points_only
2947,Obihiro,5,0,directory_points_only
2950,Sidi Yahya du Gharb,0,0,no_in_area_point_not_no_transport
2952,Pathein,1,1,directory_points_only
2953,Iapala,0,0,no_in_area_point_not_no_transport
2954,Miri,1,0,directory_points_only
2955,Bunza,0,0,no_in_area_point_not_no_transport
2956,Deventer,0,0,no_in_area_point_not_no_transport
2957,Dir,0,0,no_in_area_point_not_no_transport
2958,Pichanaki,0,0,no_in_area_point_not_no_transport
2959,Nasugbu,1,0,directory_points_only
2960,Płock,2,0,directory_points_only
2961,Musan,0,0,no_in_area_point_not_no_transport
2962,Orekhovo-Zouïevo,0,0,no_in_area_point_not_no_transport
2963,Damad,0,0,no_in_area_point_not_no_transport
2964,Al Rahad,0,0,no_in_area_point_not_no_transport
2965,Kedougou,0,0,no_in_area_point_not_no_transport
2966,Prachin Buri,1,0,directory_points_only
2967,Kütahya,2,0,directory_points_only
2968,Ifakara,0,0,no_in_area_point_not_no_transport
2969,Shostka,0,0,no_in_area_point_not_no_transport
2970,Stockton,10,1,directory_points_only
2971,Denov,1,0,directory_points_only
2972,Yaritagua,1,0,directory_points_only
2973,Thanh Hóa,0,0,no_in_area_point_not_no_transport
2976,Kasama,0,0,no_in_area_point_not_no_transport
2977,Chinguar,0,0,no_in_area_point_not_no_transport
2978,Venado Tuerto,1,0,directory_points_only
2980,Ciudad del Este,6,1,directory_points_only
2982,Punta Arenas,2,0,directory_points_only
2983,Nagqu,0,0,no_in_area_point_not_no_transport
2984,Agnibilékrou,0,0,no_in_area_point_not_no_transport
2985,Mora,0,0,no_in_area_point_not_no_transport
2986,Dilolo,0,0,no_in_area_point_not_no_transport
2987,Neiva,1,1,directory_points_only
2988,Karlsruhe,9,0,directory_points_only
2989,Medea,0,0,no_in_area_point_not_no_transport
2991,Collado Villalba,0,0,no_in_area_point_not_no_transport
2992,Katab,0,0,no_in_area_point_not_no_transport
2993,Lens,21,0,directory_points_only
2994,Shrewsbury,6,0,directory_points_only
2995,Suhum,0,0,no_in_area_point_not_no_transport
2996,Chiquimula,1,0,directory_points_only
2997,Solok,0,0,no_in_area_point_not_no_transport
2998,Anantnag,0,0,no_in_area_point_not_no_transport
3000,Kermanshah,2,1,directory_points_only
3001,Al Khalis,0,0,no_in_area_point_not_no_transport
3002,Bolzano - Bozen,2,1,directory_points_only
3003,Tottori,7,1,directory_points_only
3004,Ukunda,1,0,directory_points_only
3006,Larache,0,0,no_in_area_point_not_no_transport
3007,Lázaro Cárdenas,1,0,directory_points_only
3008,Nawnghkio,0,0,no_in_area_point_not_no_transport
3009,Gilé,0,0,no_in_area_point_not_no_transport
3010,Kota Kinabalu,1,1,directory_points_only
3011,Ijebu-Igbo,0,0,no_in_area_point_not_no_transport
3013,Naudero,0,0,no_in_area_point_not_no_transport
3014,Ayacucho,1,1,directory_points_only
3016,Bielsko-Biała,5,0,directory_points_only
3017,Onchon,0,0,no_in_area_point_not_no_transport
3018,Kolomna,2,0,directory_points_only
3019,Abu Arish,0,0,no_in_area_point_not_no_transport
3020,Umm Ruwaba,0,0,no_in_area_point_not_no_transport
3022,Sakarya [Adapazarı],3,0,directory_points_only
3023,Arusha,0,0,no_in_area_point_not_no_transport
3024,Konotop,1,0,directory_points_only
3025,Modesto,11,0,directory_points_only
3026,Uzun,0,0,no_in_area_point_not_no_transport
3027,Duaca,0,0,no_in_area_point_not_no_transport
3028,Ninh Bình,0,0,no_in_area_point_not_no_transport
3030,Mpulungu,0,0,no_in_area_point_not_no_transport
3031,Malanje,1,1,directory_points_only
3032,Santa Fe,2,1,directory_points_only
3033,Sirajganj,0,0,no_in_area_point_not_no_transport
3035,Barrie,15,1,directory_points_only
3036,Lhasa,0,0,no_in_area_point_not_no_transport
3037,Bouna,0,0,no_in_area_point_not_no_transport
3038,Banki,0,0,no_in_area_point_not_no_transport
3039,Demba,0,0,no_in_area_point_not_no_transport
3040,Cereté,1,0,directory_points_only
3041,Mannheim,21,1,directory_points_only
3042,Blida,2,0,directory_points_only
3044,Ciudad Real,1,0,directory_points_only
3045,Durbete,0,0,no_in_area_point_not_no_transport
3047,Hereford,4,0,directory_points_only
3048,Karaga,0,0,no_in_area_point_not_no_transport
3049,Flores,1,1,directory_points_only
3050,Bagan Siapi-api,0,0,no_in_area_point_not_no_transport
3051,Pokaran,0,0,no_in_area_point_not_no_transport
3052,Bijar,0,0,no_in_area_point_not_no_transport
3053,Baqubah,1,0,directory_points_only
3055,Kagoshima,5,0,directory_points_only
3056,Mombasa,1,1,directory_points_only
3057,Busan,178,1,directory_points_only
3058,Khemisset,0,0,no_in_area_point_not_no_transport
3059,Durango,4,0,directory_points_only
3060,Myan Aung,0,0,no_in_area_point_not_no_transport
3061,Ribaue,0,0,no_in_area_point_not_no_transport
3062,Tawau,0,0,no_in_area_point_not_no_transport
3063,Dakingari,0,0,no_in_area_point_not_no_transport
3064,Venlo,4,0,directory_points_only
3065,Munda Qala,0,0,no_in_area_point_not_no_transport
3066,Andahuaylas,0,0,no_in_area_point_not_no_transport
3067,Lemery,1,0,directory_points_only
3068,Olsztyn,1,0,directory_points_only
3069,Hyesan,0,0,no_in_area_point_not_no_transport
3070,Belgorod,2,0,directory_points_only
3071,Samitah,0,0,no_in_area_point_not_no_transport
3072,Abu Jibeha,0,0,no_in_area_point_not_no_transport
3074,Eskisehir,4,1,directory_points_only
3075,Mirerani,0,0,no_in_area_point_not_no_transport
3076,Kropyvnytskyi,1,0,directory_points_only
3077,Turlock,2,0,directory_points_only
3078,Kokand,0,0,no_in_area_point_not_no_transport
3079,Sabana de Parra,0,0,no_in_area_point_not_no_transport
3080,Lạng Sơn,0,0,no_in_area_point_not_no_transport
3081,Vanderbijlpark,1,0,directory_points_only
3082,UNNAMED,0,0,no_in_area_point_not_no_transport
3083,Chitembo,1,0,directory_points_only
3085,Kotchadpur,0,0,no_in_area_point_not_no_transport
3086,Macapá,3,1,directory_points_only
3088,Jiuquan,0,0,no_in_area_point_not_no_transport
3089,Bondoukou,0,0,no_in_area_point_not_no_transport
3090,Gamboru,0,0,no_in_area_point_not_no_transport
3091,Luiza,1,0,directory_points_only
3092,Lorica,0,0,no_in_area_point_not_no_transport
3093,Frankfurt am Main,41,1,directory_points_only
3094,Ksar El Boukhari,0,0,no_in_area_point_not_no_transport
3096,Torrelavega,0,0,no_in_area_point_not_no_transport
3097,Aykel,0,0,no_in_area_point_not_no_transport
3098,Arras,5,0,directory_points_only
3099,Bristol,26,1,directory_points_only
3100,New Tafo Akim,0,0,no_in_area_point_not_no_transport
3101,El Estor,0,0,no_in_area_point_not_no_transport
3102,Bangkinang,0,0,no_in_area_point_not_no_transport
3105,Al Musaiyib,0,0,no_in_area_point_not_no_transport
3106,Florence,2,1,directory_points_only
3108,Garissa,1,0,directory_points_only
3110,Souk El Arba Du Gharb,0,0,no_in_area_point_not_no_transport
3111,Apatzingán,2,0,directory_points_only
3112,Yamethin,0,0,no_in_area_point_not_no_transport
3113,Murrupula,0,0,no_in_area_point_not_no_transport
3115,Igbeti,0,0,no_in_area_point_not_no_transport
3116,Groningen,2,1,directory_points_only
3117,Hangu,0,0,no_in_area_point_not_no_transport
3118,Abancay,0,0,no_in_area_point_not_no_transport
3119,Puray,0,0,no_in_area_point_not_no_transport
3120,Tomaszów Mazowiecki,1,0,directory_points_only
3121,Tokchon,0,0,no_in_area_point_not_no_transport
3122,Kostroma,2,1,directory_points_only
3123,Dawadimi,1,0,directory_points_only
3124,Al ‘Abbāsiyya,0,0,no_in_area_point_not_no_transport
3126,Afyonkarahisar,4,0,directory_points_only
3127,Moshi,1,0,directory_points_only
3128,Mykolaiv,2,0,directory_points_only
3129,Temecula,15,0,directory_points_only
3130,Yaypan,0,0,no_in_area_point_not_no_transport
3131,San Carlos,2,0,directory_points_only
3132,Nga Sơn,0,0,no_in_area_point_not_no_transport
3133,Modderspruit,0,0,no_in_area_point_not_no_transport
3134,Mbala,1,0,directory_points_only
3135,Andulo,0,0,no_in_area_point_not_no_transport
3136,Reconquista,1,0,directory_points_only
3137,Benapole,0,0,no_in_area_point_not_no_transport
3138,Barra do Garças,1,0,directory_points_only
3139,Peterborough,2,1,directory_points_only
3140,Zhangye,0,0,no_in_area_point_not_no_transport
3141,Tcholliré,0,0,no_in_area_point_not_no_transport
3142,Kananga,1,1,directory_points_only
3143,Rionegro,0,0,no_in_area_point_not_no_transport
3144,Paderborn,3,1,directory_points_only
3145,Algiers,5,1,directory_points_only
3147,Madrid,23,1,directory_points_only
3148,Enjebara,0,0,no_in_area_point_not_no_transport
3149,Meaux,3,0,directory_points_only
3151,Nalerigu,0,0,no_in_area_point_not_no_transport
3152,Poptún,1,0,directory_points_only
3153,Duri,0,0,no_in_area_point_not_no_transport
3154,Manavadar,0,0,no_in_area_point_not_no_transport
3155,Songhor,1,0,directory_points_only
3157,Bologna,6,1,directory_points_only
3159,Mtwapa,0,0,no_in_area_point_not_no_transport
3160,Geoje-si,1,0,directory_points_only
3161,Zagora,0,0,no_in_area_point_not_no_transport
3162,Sahuayo de Morelos,0,0,no_in_area_point_not_no_transport
3163,Ngathaingchaung,0,0,no_in_area_point_not_no_transport
3164,UNNAMED,0,0,no_in_area_point_not_no_transport
3165,Sandakan,1,1,directory_points_only
3166,Birnin Kebbi,0,0,no_in_area_point_not_no_transport
3168,Kandiaro,0,0,no_in_area_point_not_no_transport
3169,Cusco,1,1,directory_points_only
3171,Krakow,7,1,directory_points_only
3172,Sillyeonpo,0,0,no_in_area_point_not_no_transport
3173,Livny,0,0,no_in_area_point_not_no_transport
3174,Hafar Al-Batin,0,0,no_in_area_point_not_no_transport
3175,Tandalti,0,0,no_in_area_point_not_no_transport
3177,Burdur,0,0,no_in_area_point_not_no_transport
3178,Morogoro,1,0,directory_points_only
3179,Oleksandriia,0,0,no_in_area_point_not_no_transport
3180,Hanford,5,0,directory_points_only
3181,Chust,0,0,no_in_area_point_not_no_transport
3182,Marín,0,0,no_in_area_point_not_no_transport
3183,Chũ,0,0,no_in_area_point_not_no_transport
3184,Sasolburg,0,0,no_in_area_point_not_no_transport
3185,Chinsali,0,0,no_in_area_point_not_no_transport
3186,Kuito,1,0,directory_points_only
3187,Resistencia,1,0,directory_points_only
3188,Jhenaidah,0,0,no_in_area_point_not_no_transport
3189,Mineiros,1,0,directory_points_only
3190,Kingston,4,0,directory_points_only
3191,Jinchang,0,0,no_in_area_point_not_no_transport
3192,Rey Bouba,0,0,no_in_area_point_not_no_transport
3193,Yakoma,0,0,no_in_area_point_not_no_transport
3194,Ibagué,3,1,directory_points_only
3198,Jaén,0,0,no_in_area_point_not_no_transport
3199,Yebu,0,0,no_in_area_point_not_no_transport
3200,Lille,12,1,directory_points_only
3201,Preston,4,0,directory_points_only
3203,Morales,1,0,directory_points_only
3204,Semurup,0,0,no_in_area_point_not_no_transport
3205,Upleta,0,0,no_in_area_point_not_no_transport
3206,Talesh,0,0,no_in_area_point_not_no_transport
3207,Hindiya,0,0,no_in_area_point_not_no_transport
3208,Grosseto,1,0,directory_points_only
3209,Matsuyama,10,1,directory_points_only
3210,Kilifi,0,0,no_in_area_point_not_no_transport
3211,Ulsan,8,1,directory_points_only
3212,Sidi Slimane,0,0,no_in_area_point_not_no_transport
3213,Ocotlán,1,0,directory_points_only
3214,Kyaukme,0,0,no_in_area_point_not_no_transport
3215,Namuno,0,0,no_in_area_point_not_no_transport
3216,Lahad Datu,1,1,directory_points_only
3217,Iwo,0,0,no_in_area_point_not_no_transport
3220,Sicuani,0,0,no_in_area_point_not_no_transport
3221,Batangas City,9,0,directory_points_only
3222,Warsaw,19,1,directory_points_only
3223,UNNAMED,0,0,no_in_area_point_not_no_transport
3224,Ivanovo,3,1,directory_points_only
3225,Najran,0,0,no_in_area_point_not_no_transport
3226,Khartoum,3,1,directory_points_only
3227,Rayong,0,0,no_in_area_point_not_no_transport
3228,Düzce,1,0,directory_points_only
3230,Kremenchuk,1,0,directory_points_only
3231,Merced,9,1,directory_points_only
3232,Kosonsoy,0,0,no_in_area_point_not_no_transport
3233,Tinaquillo,0,0,no_in_area_point_not_no_transport
3234,Nam Định,0,0,no_in_area_point_not_no_transport
3236,Chipata,0,0,no_in_area_point_not_no_transport
3237,Catabola,0,0,no_in_area_point_not_no_transport
3238,Paraná,5,1,directory_points_only
3239,কালীগঞ্জ,0,0,no_in_area_point_not_no_transport
3240,Toledo,0,0,no_in_area_point_not_no_transport
3242,Minqin,0,0,no_in_area_point_not_no_transport
3243,Maroua,0,0,no_in_area_point_not_no_transport
3244,Bumba,1,0,directory_points_only
3245,Planeta Rica,1,0,directory_points_only
3246,Gießen,6,0,directory_points_only
3247,Laghouat,0,0,no_in_area_point_not_no_transport
3249,Santander,1,1,directory_points_only
3250,Seka,0,0,no_in_area_point_not_no_transport
3253,Koforidua,0,0,no_in_area_point_not_no_transport
3254,Puerto Barrios,1,1,directory_points_only
3255,Pekanbaru,1,1,directory_points_only
3256,Mangrol,0,0,no_in_area_point_not_no_transport
3257,Zanjan,0,0,no_in_area_point_not_no_transport
3259,Vicenza,3,0,directory_points_only
3260,Kirishima,1,1,directory_points_only
3261,Wajir,0,0,no_in_area_point_not_no_transport
3262,웅상,0,0,no_in_area_point_not_no_transport
3263,Ksar el-Kebir,0,0,no_in_area_point_not_no_transport
3264,Cuauhtémoc,1,0,directory_points_only
3265,Namhkam,0,0,no_in_area_point_not_no_transport
3266,Moma,1,0,directory_points_only
3267,Semporna,1,0,directory_points_only
3268,Ikire,0,0,no_in_area_point_not_no_transport
3269,Enschede,3,0,directory_points_only
3270,Peshawar,2,1,directory_points_only
3271,Arequipa,1,1,directory_points_only
3274,P'yŏngsŏng,0,0,no_in_area_point_not_no_transport
3275,Vladimir,2,0,directory_points_only
3276,Wadi Ad Dawasir,1,0,directory_points_only
3277,Ghaliya,0,0,no_in_area_point_not_no_transport
3278,Udon Thani,2,1,directory_points_only
3279,Ereğli,3,0,directory_points_only
3280,Dar es Salaam,1,1,directory_points_only
3281,Kherson,1,0,directory_points_only
3282,Davis,3,0,directory_points_only
3283,Yangikurgan,0,0,no_in_area_point_not_no_transport
3284,Valencia,10,1,directory_points_only
3285,Diễn Châu,0,0,no_in_area_point_not_no_transport
3286,Evaton,0,0,no_in_area_point_not_no_transport
3288,Camacupa,1,0,directory_points_only
3289,Corrientes,1,1,directory_points_only
3290,Jamalpur,0,0,no_in_area_point_not_no_transport
3291,Rivera,0,0,no_in_area_point_not_no_transport
3293,Wuwei,1,0,directory_points_only
3294,Meiganga,0,0,no_in_area_point_not_no_transport
3295,Sandoa,0,0,no_in_area_point_not_no_transport
3296,Montelíbano,1,0,directory_points_only
3297,Darmstadt,4,0,directory_points_only
3298,Berrouaghia,0,0,no_in_area_point_not_no_transport
3300,Granada,2,1,directory_points_only
3301,Delgi,0,0,no_in_area_point_not_no_transport
3302,Perpignan,13,1,directory_points_only
3304,Manchester,16,1,directory_points_only
3306,Bawku,0,0,no_in_area_point_not_no_transport
3307,Dumai,0,0,no_in_area_point_not_no_transport
3308,Katra,0,0,no_in_area_point_not_no_transport
3309,Kuhdasht,0,0,no_in_area_point_not_no_transport
3310,Sulaymaniyah,0,0,no_in_area_point_not_no_transport
3311,Ferrara,7,0,directory_points_only
3312,Aomori,5,1,directory_points_only
3313,Malindi,1,1,directory_points_only
3315,Tangier,1,1,directory_points_only
3316,Zihuatanejo,1,1,directory_points_only
3317,Labutta,0,0,no_in_area_point_not_no_transport
3318,Chalaua,0,0,no_in_area_point_not_no_transport
3319,Bagudo,0,0,no_in_area_point_not_no_transport
3320,Timergara,0,0,no_in_area_point_not_no_transport
3321,Ilo,1,0,directory_points_only
3323,Kielce,1,0,directory_points_only
3324,Pyongyang,5,0,directory_points_only
3326,Ryazan,3,0,directory_points_only
3327,Riyadh,23,1,directory_points_only
3329,Nakhon Ratchasima,2,0,directory_points_only
3330,Isparta,3,0,directory_points_only
3331,UNNAMED,0,0,no_in_area_point_not_no_transport
3332,Kryvyi Rih,1,0,directory_points_only
3335,Puerto Ayacucho,2,0,directory_points_only
3336,Phat Diem,0,0,no_in_area_point_not_no_transport
3337,Johannesburg,33,2,directory_points_only
3339,Menongue,1,1,directory_points_only
3340,Rosario,16,1,directory_points_only
3341,Jessore,1,1,directory_points_only
3342,Umuarama,1,1,directory_points_only
3343,Ottawa,28,3,directory_points_only
3344,Huangjiazhai,0,0,no_in_area_point_not_no_transport
3345,Kaele,0,0,no_in_area_point_not_no_transport
3346,Tshimbulu,0,0,no_in_area_point_not_no_transport
3347,Sahagún,0,0,no_in_area_point_not_no_transport
3349,Ain Oussara,0,0,no_in_area_point_not_no_transport
3350,6th of October,1,0,directory_points_only
3351,Burgos,1,0,directory_points_only
3352,Shendie Gebreal,0,0,no_in_area_point_not_no_transport
3353,Clermont-Ferrand,5,1,directory_points_only
3354,Telford,6,0,directory_points_only
3355,Gushiegu,0,0,no_in_area_point_not_no_transport
3356,Perawang,0,0,no_in_area_point_not_no_transport
3357,Jammu,1,1,directory_points_only
3358,kangavar,0,0,no_in_area_point_not_no_transport
3360,Padua,8,0,directory_points_only
3361,Fukuyama,11,0,directory_points_only
3362,Dadaab,0,0,no_in_area_point_not_no_transport
3363,Sidi Kacem,0,0,no_in_area_point_not_no_transport
3364,Tepatitlán,0,0,no_in_area_point_not_no_transport
3365,Myaungmya,0,0,no_in_area_point_not_no_transport
3366,Montepuez,0,0,no_in_area_point_not_no_transport
3367,Ogbomosho,0,0,no_in_area_point_not_no_transport
3368,Shikarpur,0,0,no_in_area_point_not_no_transport
3369,Juliaca,1,1,directory_points_only
3371,Radom,2,1,directory_points_only
3372,Hoeryong,0,0,no_in_area_point_not_no_transport
3373,Yelets,0,0,no_in_area_point_not_no_transport
3375,Ed Dueim,0,0,no_in_area_point_not_no_transport
3376,Hat Yai,0,0,no_in_area_point_not_no_transport
3377,Zonguldak,1,0,directory_points_only
3379,Sumy,1,0,directory_points_only
3380,Lodi,2,0,directory_points_only
3382,Puerto Cabello,3,0,directory_points_only
3385,Isoka,0,0,no_in_area_point_not_no_transport
3386,Cafunfo,0,0,no_in_area_point_not_no_transport
3387,Goya,0,0,no_in_area_point_not_no_transport
3388,Magura,0,0,no_in_area_point_not_no_transport
3389,Breves,0,0,no_in_area_point_not_no_transport
3392,Batouri,0,0,no_in_area_point_not_no_transport
3393,Kasaji,1,0,directory_points_only
3394,Cartagena,4,1,directory_points_only
3395,Flensburg,2,0,directory_points_only
3396,El Menia,0,0,no_in_area_point_not_no_transport
3397,Shimm al Basal al Bahari,0,0,no_in_area_point_not_no_transport
3399,Cima,0,0,no_in_area_point_not_no_transport
3400,Valenciennes,7,0,directory_points_only
3401,Blackburn,1,0,directory_points_only
3402,Garu,0,0,no_in_area_point_not_no_transport
3403,Pangkalan Kerinci,0,0,no_in_area_point_not_no_transport
3404,Baetu,0,0,no_in_area_point_not_no_transport
3405,Gheydar,0,0,no_in_area_point_not_no_transport
3406,Al Kifl,0,0,no_in_area_point_not_no_transport
3407,Arezzo,1,0,directory_points_only
3408,Imabari,0,0,no_in_area_point_not_no_transport
3409,Hagadera Refugee Camp,1,0,directory_points_only
3410,Khenifra,0,0,no_in_area_point_not_no_transport
3412,Nattalin,0,0,no_in_area_point_not_no_transport
3413,Nampula,1,1,directory_points_only
3414,Ejigbo,0,0,no_in_area_point_not_no_transport
3415,Thul,0,0,no_in_area_point_not_no_transport
3416,Puno,0,0,no_in_area_point_not_no_transport
3418,Nowy Sącz,3,0,directory_points_only
3420,Kovrov,0,0,no_in_area_point_not_no_transport
3421,Al-Kharj,0,0,no_in_area_point_not_no_transport
3422,Jebel Aulia,0,0,no_in_area_point_not_no_transport
3423,Songkhla,1,0,directory_points_only
3424,Bolu,2,0,directory_points_only
3425,Tanga,1,1,directory_points_only
3426,Poltava,2,0,directory_points_only
3427,Madera,2,0,directory_points_only
3428,Namangan,2,1,directory_points_only
3429,Güigüe,0,0,no_in_area_point_not_no_transport
3430,Minh Tân,0,0,no_in_area_point_not_no_transport
3432,Tunduma,0,0,no_in_area_point_not_no_transport
3433,Luena,1,0,directory_points_only
3434,Formosa,1,1,directory_points_only
3435,Tangail,0,0,no_in_area_point_not_no_transport
3436,Cascavel,2,1,directory_points_only
3438,Xining,0,0,no_in_area_point_not_no_transport
3440,Kahinda,0,0,no_in_area_point_not_no_transport
3441,Sincelejo,0,0,no_in_area_point_not_no_transport
3442,Pforzheim,2,0,directory_points_only
3443,Hassi Bahbah,0,0,no_in_area_point_not_no_transport
3445,Guadalajara,1,0,directory_points_only
3446,Jimma,1,1,directory_points_only
3447,Béziers,4,1,directory_points_only
3448,Crewe,6,0,directory_points_only
3449,Kete Krachi,0,0,no_in_area_point_not_no_transport
3450,Muara Bungo,0,0,no_in_area_point_not_no_transport
3451,Keshod,0,0,no_in_area_point_not_no_transport
3452,Asadabad,1,0,directory_points_only
3453,Najaf,1,1,directory_points_only
3454,Mestre,2,0,directory_points_only
3455,Hirosaki,2,0,directory_points_only
3456,El Wak,1,0,directory_points_only
3457,Meknes,1,0,directory_points_only
3458,Nuevo Casas Grandes,1,0,directory_points_only
3459,Tatkon,0,0,no_in_area_point_not_no_transport
3460,Nametil,0,0,no_in_area_point_not_no_transport
3461,Awbere,0,0,no_in_area_point_not_no_transport
3463,Puerto Maldonado,0,0,no_in_area_point_not_no_transport
3465,Ostrowiec Świętokrzyski,0,0,no_in_area_point_not_no_transport
3466,UNNAMED,0,0,no_in_area_point_not_no_transport
3467,Kineshma,1,0,directory_points_only
3468,Al Khafji,4,0,directory_points_only
3470,Khon Kaen,1,1,directory_points_only
3471,Antalya,8,1,directory_points_only
3472,Zanzibar City,1,1,directory_points_only
3473,Kamianske,0,0,no_in_area_point_not_no_transport
3475,Rishtan,0,0,no_in_area_point_not_no_transport
3476,Biruaca,2,0,directory_points_only
3479,Lundazi,1,0,directory_points_only
3480,Saurimo,1,0,directory_points_only
3483,Mymensingh,0,0,no_in_area_point_not_no_transport
3484,Jataí,0,0,no_in_area_point_not_no_transport
3485,Montreal,49,3,directory_points_only
3486,Manzhouli,1,1,directory_points_only
3487,N'Djamena,0,0,no_in_area_point_not_no_transport
3488,Mwene-Ditu,0,0,no_in_area_point_not_no_transport
3489,Espinal,1,0,directory_points_only
3490,Aschaffenburg,5,0,directory_points_only
3493,Melilla,1,0,directory_points_only
3494,Kuch,0,0,no_in_area_point_not_no_transport
3495,Reims,4,0,directory_points_only
3497,Yendi,0,0,no_in_area_point_not_no_transport
3498,Bengkalis,0,0,no_in_area_point_not_no_transport
3499,Dhoraji,0,0,no_in_area_point_not_no_transport
3500,Nurabad,0,0,no_in_area_point_not_no_transport
3501,Kalar,0,0,no_in_area_point_not_no_transport
3502,Treviso,6,1,directory_points_only
3503,Nobeoka,1,0,directory_points_only
3504,Mandera,1,0,directory_points_only
3505,M'rirt,0,0,no_in_area_point_not_no_transport
3506,Hidalgo del Parral,0,0,no_in_area_point_not_no_transport
3507,Muse,0,0,no_in_area_point_not_no_transport
3508,Chiure-Sede,0,0,no_in_area_point_not_no_transport
3509,Jega,0,0,no_in_area_point_not_no_transport
3510,UNNAMED,0,0,no_in_area_point_not_no_transport
3511,Tacna,1,1,directory_points_only
3513,Elk,0,0,no_in_area_point_not_no_transport
3514,Nampo,0,0,no_in_area_point_not_no_transport
3515,Lipetsk,1,0,directory_points_only
3516,Sharurah,0,0,no_in_area_point_not_no_transport
3517,Giad Industrial Complex,0,0,no_in_area_point_not_no_transport
3518,Chanthaburi,0,0,no_in_area_point_not_no_transport
3519,Karabük,0,0,no_in_area_point_not_no_transport
3520,Mtwara,0,0,no_in_area_point_not_no_transport
3521,Yevpatoriya,1,0,directory_points_only
3522,Fresno,31,1,directory_points_only
3527,Lucapa,1,0,directory_points_only
3528,Junín,2,0,directory_points_only
3529,Khulna,1,0,directory_points_only
3530,Santo Ângelo,0,0,no_in_area_point_not_no_transport
3531,Saint-Jérôme,2,0,directory_points_only
3532,Minhe,0,0,no_in_area_point_not_no_transport
3533,Yokadouma,0,0,no_in_area_point_not_no_transport
3534,Mbuji-Mayi,1,1,directory_points_only
3535,Caucasia,2,0,directory_points_only
3539,Bilbao,2,1,directory_points_only
3540,Burie,0,0,no_in_area_point_not_no_transport
3541,Montpellier,7,1,directory_points_only
3543,Somanya,0,0,no_in_area_point_not_no_transport
3544,Arga Makmur,0,0,no_in_area_point_not_no_transport
3545,Phalodi,2,0,directory_points_only
3546,Bandar-e Anzali,0,0,no_in_area_point_not_no_transport
3547,As Suwayrah,0,0,no_in_area_point_not_no_transport
3548,Forlì,2,1,directory_points_only
3549,Okayama,25,1,directory_points_only
3550,Ouazzane,0,0,no_in_area_point_not_no_transport
3551,Zamora,1,0,directory_points_only
3552,Hsipaw,0,0,no_in_area_point_not_no_transport
3553,Namialo,0,0,no_in_area_point_not_no_transport
3554,Gbongan,0,0,no_in_area_point_not_no_transport
3555,Pir Jo Goth,0,0,no_in_area_point_not_no_transport
3556,Ilave,0,0,no_in_area_point_not_no_transport
3557,Calapan,1,0,directory_points_only
3558,Rzeszów,3,1,directory_points_only
3559,Taean,0,0,no_in_area_point_not_no_transport
3560,Voronezh,7,1,directory_points_only
3561,Al Jubayl Industrial City,2,0,directory_points_only
3562,Kosti,0,0,no_in_area_point_not_no_transport
3564,Manavgat,5,0,directory_points_only
3565,Nikopol,0,0,no_in_area_point_not_no_transport
3566,Woodland,3,0,directory_points_only
3567,Altiarik,0,0,no_in_area_point_not_no_transport
3568,Mariara,0,0,no_in_area_point_not_no_transport
3569,Haiphong,2,1,directory_points_only
3570,Bethlehem,0,0,no_in_area_point_not_no_transport
3571,Dundo,2,1,directory_points_only
3572,Pergamino,1,0,directory_points_only
3573,Faridpur,0,0,no_in_area_point_not_no_transport
3574,Cianorte,0,0,no_in_area_point_not_no_transport
3576,Hanggin Rear Banner,0,0,no_in_area_point_not_no_transport
3577,Yagoua,1,0,directory_points_only
3579,San Vicente del Caguán,0,0,no_in_area_point_not_no_transport
3580,Stuttgart,29,1,directory_points_only
3583,Vitoria-Gasteiz,1,1,directory_points_only
3584,Bila,0,0,no_in_area_point_not_no_transport
3585,Troyes,2,0,directory_points_only
3586,Gloucester,12,0,directory_points_only
3587,Wulensi,0,0,no_in_area_point_not_no_transport
3588,Unit 1,0,0,no_in_area_point_not_no_transport
3589,Morbi,0,0,no_in_area_point_not_no_transport
3590,Fuman,0,0,no_in_area_point_not_no_transport
3591,Al-Manathera,0,0,no_in_area_point_not_no_transport
3592,Venice,2,0,directory_points_only
3593,Miyakonojo,6,0,directory_points_only
3594,Tétouan,1,1,directory_points_only
3595,Uruapan,1,1,directory_points_only
3596,Naypyidaw,0,0,no_in_area_point_not_no_transport
3597,Monapo,0,0,no_in_area_point_not_no_transport
3599,Gambat,0,0,no_in_area_point_not_no_transport
3600,Candelaria,0,0,no_in_area_point_not_no_transport
3601,Białystok,2,0,directory_points_only
3602,Songnim,0,0,no_in_area_point_not_no_transport
3603,Murom,0,0,no_in_area_point_not_no_transport
3605,Rabak,1,0,directory_points_only
3607,Sincan,4,0,directory_points_only
3608,Dnipro,2,0,directory_points_only
3609,Visalia,13,0,directory_points_only
3610,Yozyovon,0,0,no_in_area_point_not_no_transport
3611,Maracay,12,0,directory_points_only
3612,Vinh,1,1,directory_points_only
3614,Luau,1,0,directory_points_only
3615,Comodoro Rivadavia,2,1,directory_points_only
3617,Paranavaí,2,0,directory_points_only
3618,Saint-Jean-sur-Richelieu,4,0,directory_points_only
3619,Bayannur,0,0,no_in_area_point_not_no_transport
3621,Lukalaba,0,0,no_in_area_point_not_no_transport
3622,Morroa,1,1,directory_points_only
3624,Djelfa,0,0,no_in_area_point_not_no_transport
3626,Almeria,1,1,directory_points_only
3627,Chwahit,0,0,no_in_area_point_not_no_transport
3628,Saint-Étienne,8,0,directory_points_only
3631,Bengkulu,1,1,directory_points_only
3632,Junagadh,0,0,no_in_area_point_not_no_transport
3633,Hamedan,2,1,directory_points_only
3634,Al Madhatiyah,0,0,no_in_area_point_not_no_transport
3635,Ravenna,1,0,directory_points_only
3636,Niihama,4,0,directory_points_only
3637,Ceuta,0,0,no_in_area_point_not_no_transport
3638,Arandas,1,0,directory_points_only
3639,Lewe,0,0,no_in_area_point_not_no_transport
3640,Mocímboa da Praia,1,0,directory_points_only
3643,San Jose,1,1,directory_points_only
3644,Lublin,3,1,directory_points_only
3645,Unchon,0,0,no_in_area_point_not_no_transport
3646,Michurinsk,0,0,no_in_area_point_not_no_transport
3647,Hofuf,4,0,directory_points_only
3648,Al Managil,0,0,no_in_area_point_not_no_transport
3649,Pattani,0,0,no_in_area_point_not_no_transport
3650,Ankara,11,1,directory_points_only
3651,Sevastopol,8,0,directory_points_only
3652,Sacramento,51,0,directory_points_only
3654,Calabozo,2,0,directory_points_only
3655,Uông Bí,0,0,no_in_area_point_not_no_transport
3656,Klipgat,1,0,directory_points_only
3657,Cazombo,1,0,directory_points_only
3658,San Nicolás de los Arroyos,4,0,directory_points_only
3661,Ijuí,0,0,no_in_area_point_not_no_transport
3663,Dengkou,1,0,directory_points_only
3664,Touboro,0,0,no_in_area_point_not_no_transport
3665,Bondo,1,0,directory_points_only
3666,Girardot,2,0,directory_points_only
3667,Hanover,6,1,directory_points_only
3670,Logroño,0,0,no_in_area_point_not_no_transport
3671,Merawi,0,0,no_in_area_point_not_no_transport
3672,Nimes,4,1,directory_points_only
3675,Bangko,0,0,no_in_area_point_not_no_transport
3676,Udhampur,1,0,directory_points_only
3677,Rasht,1,1,directory_points_only
3678,Al Mishkhab,0,0,no_in_area_point_not_no_transport
3679,Pordenone,3,0,directory_points_only
3680,Miyazaki,6,1,directory_points_only
3682,La Piedad de Cabadas,1,0,directory_points_only
3683,UNNAMED,0,0,no_in_area_point_not_no_transport
3684,UNNAMED,1,1,directory_points_only
3685,Koko,0,0,no_in_area_point_not_no_transport
3686,UNNAMED,0,0,no_in_area_point_not_no_transport
3687,Lucena,3,0,directory_points_only
3689,Kangdong,0,0,no_in_area_point_not_no_transport
3690,Dzerzhinsk,0,0,no_in_area_point_not_no_transport
3691,Dammam,6,0,directory_points_only
3692,UNNAMED,1,0,directory_points_only
3693,Yala,0,0,no_in_area_point_not_no_transport
3695,Enerhodar,0,0,no_in_area_point_not_no_transport
3696,Hemet,6,0,directory_points_only
3697,Fergana,2,1,directory_points_only
3699,Hà Tĩnh,0,0,no_in_area_point_not_no_transport
3700,Pretoria,3,0,directory_points_only
3701,Puerto Madryn,1,1,directory_points_only
3702,Dhaka,0,0,no_in_area_point_not_no_transport
3703,Dhaka,0,0,no_in_area_point_not_no_transport
3705,Dhaka,3,1,directory_points_only
3707,Dhaka,0,0,no_in_area_point_not_no_transport
3708,Parauapebas,0,0,no_in_area_point_not_no_transport
3709,Sherbrooke,8,0,directory_points_only
3710,Jishishan,0,0,no_in_area_point_not_no_transport
3711,Aketi,0,0,no_in_area_point_not_no_transport
3712,Turbaco,0,0,no_in_area_point_not_no_transport
3713,Kassel,7,1,directory_points_only
3714,Messaad,0,0,no_in_area_point_not_no_transport
3715,El Mahalla El Kubra,0,0,no_in_area_point_not_no_transport
3716,Donostia / San Sebastián,1,1,directory_points_only
3717,UNNAMED,0,0,no_in_area_point_not_no_transport
3718,Lyon,18,1,directory_points_only
3719,Stoke-on-Trent,3,0,directory_points_only
3720,Bimbila,0,0,no_in_area_point_not_no_transport
3721,Curup,0,0,no_in_area_point_not_no_transport
3722,Rajkot,1,0,directory_points_only
3723,Toyserkan,0,0,no_in_area_point_not_no_transport
3724,Ash Shamiya,0,0,no_in_area_point_not_no_transport
3725,Perugia,0,0,no_in_area_point_not_no_transport
3726,Kushiro,8,1,directory_points_only
3727,Azrou,0,0,no_in_area_point_not_no_transport
3728,San Juan de los Lagos,0,0,no_in_area_point_not_no_transport
3729,Hinthada,1,0,directory_points_only
3730,Nacala,0,0,no_in_area_point_not_no_transport
3731,Argungu,0,0,no_in_area_point_not_no_transport
3732,Khatako Shah,0,0,no_in_area_point_not_no_transport
3733,Jolo,1,1,directory_points_only
3735,Anak,0,0,no_in_area_point_not_no_transport
3736,Nizhny Novgorod,7,1,directory_points_only
3738,Wad Rawah,0,0,no_in_area_point_not_no_transport
3740,Alanya,1,0,directory_points_only
3741,Novomoskovsk,0,0,no_in_area_point_not_no_transport
3742,Porterville,6,0,directory_points_only
3743,Chimyon,0,0,no_in_area_point_not_no_transport
3744,Los Tanques,1,0,directory_points_only
3745,Ha Long,1,0,directory_points_only
3747,Trelew,0,0,no_in_area_point_not_no_transport
3749,Redenção,0,0,no_in_area_point_not_no_transport
3750,Trois-Rivières,4,0,directory_points_only
3751,Alxa Left Banner,0,0,no_in_area_point_not_no_transport
3752,Ngandajika,0,0,no_in_area_point_not_no_transport
3753,Arjona,0,0,no_in_area_point_not_no_transport
3754,Heilbronn,7,0,directory_points_only
3755,Bordj Menaiel,0,0,no_in_area_point_not_no_transport
3757,Albacete,2,0,directory_points_only
3758,UNNAMED,0,0,no_in_area_point_not_no_transport
3759,Avignon,4,1,directory_points_only
3760,Worcester,7,0,directory_points_only
3761,UNNAMED,0,0,no_in_area_point_not_no_transport
3762,Sarolangun,0,0,no_in_area_point_not_no_transport
3763,Jetpur,0,0,no_in_area_point_not_no_transport
3764,Nahavand,0,0,no_in_area_point_not_no_transport
3765,Ghammas,0,0,no_in_area_point_not_no_transport
3766,Rimini,4,1,directory_points_only
3767,Shikoku-Chuo,3,0,directory_points_only
3768,Chefchaouen,0,0,no_in_area_point_not_no_transport
3769,Pátzcuaro,1,0,directory_points_only
3770,Wakema,0,0,no_in_area_point_not_no_transport
3771,New Bussa,0,0,no_in_area_point_not_no_transport
3772,Kohat,1,0,directory_points_only
3773,Daet,0,0,no_in_area_point_not_no_transport
3774,Chełm,0,0,no_in_area_point_not_no_transport
3775,Kyonghung,0,0,no_in_area_point_not_no_transport
3776,Tambov,2,0,directory_points_only
3777,Al Kamilin,0,0,no_in_area_point_not_no_transport
3779,Konya,2,1,directory_points_only
3780,Zaporizhzhia,4,0,directory_points_only
3781,Hesperia,9,0,directory_points_only
3782,Shahrixon,0,0,no_in_area_point_not_no_transport
3786,Bahía Blanca,3,1,directory_points_only
3788,Francisco Beltrão,1,1,directory_points_only
3789,Quebec,16,1,directory_points_only
3790,Hekou,0,0,no_in_area_point_not_no_transport
3791,Kanyama,0,0,no_in_area_point_not_no_transport
3792,El Carmen de Bolívar,0,0,no_in_area_point_not_no_transport
3793,Hamburg,17,1,directory_points_only
3794,Ghardaia,0,0,no_in_area_point_not_no_transport
3797,Limmu,0,0,no_in_area_point_not_no_transport
3798,Dijon,6,0,directory_points_only
3799,Birmingham,10,1,directory_points_only
3800,Dambai,0,0,no_in_area_point_not_no_transport
3801,Selatpanjang,0,0,no_in_area_point_not_no_transport
3802,Veraval,0,0,no_in_area_point_not_no_transport
3803,Khorramdarreh,1,0,directory_points_only
3804,Al ‘Azīzīyah,0,0,no_in_area_point_not_no_transport
3807,Ain Taoujdate,0,0,no_in_area_point_not_no_transport
3808,Chihuahua,6,1,directory_points_only
3809,Lawksawk,0,0,no_in_area_point_not_no_transport
3810,Ilorin,1,1,directory_points_only
3811,Chakdara,0,0,no_in_area_point_not_no_transport
3812,Kalibo,1,1,directory_points_only
3813,Sinhung,1,0,directory_points_only
3814,Yeysk,1,0,directory_points_only
3815,Shendi,1,0,directory_points_only
3817,Kastamonu,0,0,no_in_area_point_not_no_transport
3818,Kharkiv,4,0,directory_points_only
3819,Yuba City,5,0,directory_points_only
3820,Poytugh,0,0,no_in_area_point_not_no_transport
3824,Viedma,1,0,directory_points_only
3826,Tucuruí,0,0,no_in_area_point_not_no_transport
3827,Moncton,3,1,directory_points_only
3828,Lanzhou,1,0,directory_points_only
3829,Kabinda,0,0,no_in_area_point_not_no_transport
3830,La Dorada,0,0,no_in_area_point_not_no_transport
3832,Sidi Aissa,0,0,no_in_area_point_not_no_transport
3835,Bako,0,0,no_in_area_point_not_no_transport
3836,Valence,7,0,directory_points_only
3838,Ho,0,0,no_in_area_point_not_no_transport
3839,Manna,0,0,no_in_area_point_not_no_transport
3840,Sindari,0,0,no_in_area_point_not_no_transport
3841,Abhar,2,0,directory_points_only
3842,Ad Diwaniyah,0,0,no_in_area_point_not_no_transport
3844,Kan'onji,1,0,directory_points_only
3845,Fez,2,1,directory_points_only
3846,Aguascalientes,10,0,directory_points_only
3847,Aungpan,0,0,no_in_area_point_not_no_transport
3848,Osogbo,1,0,directory_points_only
3850,Naga,1,1,directory_points_only
3851,Sinchon,0,0,no_in_area_point_not_no_transport
3852,Novorossiysk,1,0,directory_points_only
3853,Al Hilaliyah,0,0,no_in_area_point_not_no_transport
3854,Ubon Ratchathani,1,1,directory_points_only
3855,Çankırı,0,0,no_in_area_point_not_no_transport
3856,Simferopol,3,0,directory_points_only
3857,Indio,18,1,directory_points_only
3858,Quva,0,0,no_in_area_point_not_no_transport
3859,San Juan de Los Morros,2,0,directory_points_only
3860,Hoàn Lão,0,0,no_in_area_point_not_no_transport
3861,Tsakane,1,0,directory_points_only
3862,Concordia,0,0,no_in_area_point_not_no_transport
3863,Gopalganj,0,0,no_in_area_point_not_no_transport
3864,Três Lagoas,0,0,no_in_area_point_not_no_transport
3865,Halifax,8,0,directory_points_only
3866,Linxia,0,0,no_in_area_point_not_no_transport
3867,Buta,0,0,no_in_area_point_not_no_transport
3868,Puerto Boyacá,0,0,no_in_area_point_not_no_transport
3869,Reutlingen,7,0,directory_points_only
3870,Bouira,0,0,no_in_area_point_not_no_transport
3872,Pamplona,2,1,directory_points_only
3873,Shambu,0,0,no_in_area_point_not_no_transport
3875,Stafford,4,0,directory_points_only
3876,Hohoe,0,0,no_in_area_point_not_no_transport
3877,Lubuklinggau,1,0,directory_points_only
3878,Shapar - Veraval,0,0,no_in_area_point_not_no_transport
3879,Khorramabad,1,1,directory_points_only
3880,Halabja,0,0,no_in_area_point_not_no_transport
3881,Rome,25,1,directory_points_only
3882,Akita,7,1,directory_points_only
3883,Sefrou,0,0,no_in_area_point_not_no_transport
3884,Fresnillo,0,0,no_in_area_point_not_no_transport
3885,Za Lun,0,0,no_in_area_point_not_no_transport
3886,Ife,0,0,no_in_area_point_not_no_transport
3888,Iloilo City,2,0,directory_points_only
3889,Sariwŏn,0,0,no_in_area_point_not_no_transport
3890,Taganrog,2,0,directory_points_only
3891,Al Uk,0,0,no_in_area_point_not_no_transport
3892,Keskin,0,0,no_in_area_point_not_no_transport
3893,Yalta,7,0,directory_points_only
3895,Andijan,1,1,directory_points_only
3897,Chaudok City,0,0,no_in_area_point_not_no_transport
3899,Zárate,3,0,directory_points_only
3900,Bagerhat,0,0,no_in_area_point_not_no_transport
3901,Campo Mourão,1,0,directory_points_only
3902,St. John's,5,1,directory_points_only
3903,Wuhai,0,0,no_in_area_point_not_no_transport
3904,Kamina,1,1,directory_points_only
3905,Fusagasugá,0,0,no_in_area_point_not_no_transport
3906,Constance,2,0,directory_points_only
3907,Tizi Ouzou,0,0,no_in_area_point_not_no_transport
3909,Murcia,3,1,directory_points_only
3910,Dembea,0,0,no_in_area_point_not_no_transport
3911,Marseille,12,1,directory_points_only
3912,Bournemouth,12,1,directory_points_only
3913,Akatsi,0,0,no_in_area_point_not_no_transport
3914,Pagar Alam,0,0,no_in_area_point_not_no_transport
3915,Wankaner,0,0,no_in_area_point_not_no_transport
3916,Malayer,1,0,directory_points_only
3917,Tall Mundhir,0,0,no_in_area_point_not_no_transport
3918,Terni,2,0,directory_points_only
3919,Takamatsu,15,1,directory_points_only
3920,Midelt,0,0,no_in_area_point_not_no_transport
3921,San Francisco del Rincón,0,0,no_in_area_point_not_no_transport
3922,Kutkai,0,0,no_in_area_point_not_no_transport
3923,Tambawal,0,0,no_in_area_point_not_no_transport
3924,Sukkur,1,1,directory_points_only
3925,Roxas City,1,1,directory_points_only
3926,Jaeryong,0,0,no_in_area_point_not_no_transport
3927,Slavyansk-na-Kubani,0,0,no_in_area_point_not_no_transport
3929,Karaman,0,0,no_in_area_point_not_no_transport
3930,Pavlohrad,0,0,no_in_area_point_not_no_transport
3931,Chico,9,0,directory_points_only
3934,Sông Đốc,0,0,no_in_area_point_not_no_transport
3936,Olavarría,2,0,directory_points_only
3937,Netrokona,0,0,no_in_area_point_not_no_transport
3938,Rio Verde,1,0,directory_points_only
3939,Wuyuan,0,0,no_in_area_point_not_no_transport
3940,Kolwezi,0,0,no_in_area_point_not_no_transport
3941,Facatativá,0,0,no_in_area_point_not_no_transport
3942,Kiel,1,0,directory_points_only
3943,Bou Saada,0,0,no_in_area_point_not_no_transport
3946,Cartagena,0,0,no_in_area_point_not_no_transport
3947,Aszimew,0,0,no_in_area_point_not_no_transport
3948,Aix-en-Provence,3,0,directory_points_only
3949,Aberdeen,5,1,directory_points_only
3950,Lomé,0,0,no_in_area_point_not_no_transport
3951,Tembilahan,0,0,no_in_area_point_not_no_transport
3952,Fazilka,1,0,directory_points_only
3953,Lahijan,0,0,no_in_area_point_not_no_transport
3954,An Numaniyah,0,0,no_in_area_point_not_no_transport
3955,Udine,7,0,directory_points_only
3956,Osaka [Kyoto],627,3,directory_points_only
3957,Errachidia,1,1,directory_points_only
3958,Zacatecas,0,0,no_in_area_point_not_no_transport
3959,Pantanaw,0,0,no_in_area_point_not_no_transport
3962,Iriga,0,0,no_in_area_point_not_no_transport
3963,Thaethan,0,0,no_in_area_point_not_no_transport
3964,Arzamas,0,0,no_in_area_point_not_no_transport
3965,Al Hasahisa,0,0,no_in_area_point_not_no_transport
3966,Kırşehir,0,0,no_in_area_point_not_no_transport
3967,Melitopol,0,0,no_in_area_point_not_no_transport
3969,Pakhtaobod,0,0,no_in_area_point_not_no_transport
3971,Cái Đôi Vàm,0,0,no_in_area_point_not_no_transport
3972,Phuthaditjhaba,0,0,no_in_area_point_not_no_transport
3973,Gualeguaychu,0,0,no_in_area_point_not_no_transport
3974,Madaripur,0,0,no_in_area_point_not_no_transport
3975,Santa Maria,1,0,directory_points_only
3976,Baiyin,0,0,no_in_area_point_not_no_transport
3977,Kisangani,1,0,directory_points_only
3978,Magangué,0,0,no_in_area_point_not_no_transport
3979,Fulda,3,0,directory_points_only
3980,M'Sila,0,0,no_in_area_point_not_no_transport
3981,Cairo,13,1,directory_points_only
3982,Zaragoza,2,1,directory_points_only
3983,Gonder,0,0,no_in_area_point_not_no_transport
3984,Grenoble,7,0,directory_points_only
3986,Tanjung Balai Karimun,0,0,no_in_area_point_not_no_transport
3987,Gondal,0,0,no_in_area_point_not_no_transport
3988,Borujerd,0,0,no_in_area_point_not_no_transport
3989,Al-Rumaitha,0,0,no_in_area_point_not_no_transport
3990,Pesaro,0,0,no_in_area_point_not_no_transport
3991,Kanazawa,9,0,directory_points_only
3992,Taza,0,0,no_in_area_point_not_no_transport
3993,Morelia,5,0,directory_points_only
3994,Mawlamyinegyunn,0,0,no_in_area_point_not_no_transport
3995,Iragbiji,0,0,no_in_area_point_not_no_transport
3996,Khairpur,0,0,no_in_area_point_not_no_transport
3997,Cawit,1,0,directory_points_only
3998,Hoechang,0,0,no_in_area_point_not_no_transport
3999,Azov,1,0,directory_points_only
4000,UNNAMED,0,0,no_in_area_point_not_no_transport
4001,Aksaray,0,0,no_in_area_point_not_no_transport
4002,Lozova,0,0,no_in_area_point_not_no_transport
4003,Yuma,7,1,directory_points_only
4004,Buloqboshi,0,0,no_in_area_point_not_no_transport
4005,Catia La Mar,7,1,directory_points_only
4007,KwaMhlanga,0,0,no_in_area_point_not_no_transport
4008,Concepción del Uruguay,1,0,directory_points_only
4009,Kishoreganj,0,0,no_in_area_point_not_no_transport
4010,Maringá,3,1,directory_points_only
4011,Shizuishan,0,0,no_in_area_point_not_no_transport
4012,Kabongo,0,0,no_in_area_point_not_no_transport
4013,Sabanalarga,0,0,no_in_area_point_not_no_transport
4014,Hildesheim,1,0,directory_points_only
4015,Guerrara,0,0,no_in_area_point_not_no_transport
4016,Samalut,0,0,no_in_area_point_not_no_transport
4017,Elda,0,0,no_in_area_point_not_no_transport
4018,Bahir Dar,0,0,no_in_area_point_not_no_transport
4019,Thionville,4,0,directory_points_only
4020,Redditch,3,0,directory_points_only
4021,Lahat,0,0,no_in_area_point_not_no_transport
4022,Shergarh,0,0,no_in_area_point_not_no_transport
4024,As Samawah,0,0,no_in_area_point_not_no_transport
4025,Anzio,2,0,directory_points_only
4026,Kōchi,15,1,directory_points_only
4027,Al Hoceima,0,0,no_in_area_point_not_no_transport
4028,Delicias,1,0,directory_points_only
4029,Lashio,1,1,directory_points_only
4030,Ijagbo Offa,0,0,no_in_area_point_not_no_transport
4031,Takht-e-Bhai,0,0,no_in_area_point_not_no_transport
4032,Isabela City,2,0,directory_points_only
4033,Rason,1,0,directory_points_only
4034,Rostov-on-Don,4,0,directory_points_only
4036,Çorum,0,0,no_in_area_point_not_no_transport
4038,Reno,16,1,directory_points_only
4040,Caracas,46,0,directory_points_only
4041,Rạch Giá,1,1,directory_points_only
4042,eMbalenhle,0,0,no_in_area_point_not_no_transport
4044,Tarail,0,0,no_in_area_point_not_no_transport
4045,Pato Branco,1,1,directory_points_only
4046,Hezuo,0,0,no_in_area_point_not_no_transport
4047,Kabondo-Dianda,0,0,no_in_area_point_not_no_transport
4048,Bogota,23,1,directory_points_only
4050,Bordj Bou Arreridjj,0,0,no_in_area_point_not_no_transport
4052,Elx / Elche,0,0,no_in_area_point_not_no_transport
4053,Jiga,0,0,no_in_area_point_not_no_transport
4054,Besançon,4,0,directory_points_only
4056,Kuala Tungkal,1,0,directory_points_only
4057,UNNAMED,0,0,no_in_area_point_not_no_transport
4058,Shush,0,0,no_in_area_point_not_no_transport
4059,Kut,0,0,no_in_area_point_not_no_transport
4061,Hachinohe,4,0,directory_points_only
4062,Guercif,0,0,no_in_area_point_not_no_transport
4063,Lagos de Moreno,0,0,no_in_area_point_not_no_transport
4064,Danu Phyu,0,0,no_in_area_point_not_no_transport
4065,Yelwa,0,0,no_in_area_point_not_no_transport
4066,Thana,0,0,no_in_area_point_not_no_transport
4067,Zamboanga City,6,1,directory_points_only
4068,Yangdok,0,0,no_in_area_point_not_no_transport
4069,Kamensk-Shakhtinsky,0,0,no_in_area_point_not_no_transport
4070,Wad Madanī,2,0,directory_points_only
4071,Eregli,0,0,no_in_area_point_not_no_transport
4072,Feodosia,1,0,directory_points_only
4073,Medford,8,1,directory_points_only
4076,Standerton,1,0,directory_points_only
4077,Luján,2,0,directory_points_only
4078,Shariatpur,0,0,no_in_area_point_not_no_transport
4079,Bagé,1,0,directory_points_only
4080,Zhongwei,0,0,no_in_area_point_not_no_transport
4081,Kabongo,0,0,no_in_area_point_not_no_transport
4082,Barranquilla,2,1,directory_points_only
4083,Göttingen,1,0,directory_points_only
4084,Bejaia,1,1,directory_points_only
4086,Torrevieja,0,0,no_in_area_point_not_no_transport
4087,Tarcha,0,0,no_in_area_point_not_no_transport
4088,Metz,6,1,directory_points_only
4090,Jambi,1,1,directory_points_only
4091,Sri Ganganagar,0,0,no_in_area_point_not_no_transport
4092,Takestan,0,0,no_in_area_point_not_no_transport
4093,Al Khidhr,0,0,no_in_area_point_not_no_transport
4094,Latina,0,0,no_in_area_point_not_no_transport
4096,Nador,1,0,directory_points_only
4097,León,6,0,directory_points_only
4098,Taunggyi,0,0,no_in_area_point_not_no_transport
4099,Ilesa,0,0,no_in_area_point_not_no_transport
4101,Bacolod,1,0,directory_points_only
4102,Chŏngjin,0,0,no_in_area_point_not_no_transport
4104,UNNAMED,0,0,no_in_area_point_not_no_transport
4105,Vezirköprü,0,0,no_in_area_point_not_no_transport
4106,Pokrovsk,0,0,no_in_area_point_not_no_transport
4107,Lake Havasu City,2,0,directory_points_only
4108,Charallave,1,0,directory_points_only
4109,Núi Sập,0,0,no_in_area_point_not_no_transport
4110,Vosman,0,0,no_in_area_point_not_no_transport
4114,Presidente Prudente,1,0,directory_points_only
4115,Huinong,0,0,no_in_area_point_not_no_transport
4116,Luena,0,0,no_in_area_point_not_no_transport
4118,Göppingen,2,0,directory_points_only
4119,Ras El Oued,0,0,no_in_area_point_not_no_transport
4121,Banha,0,0,no_in_area_point_not_no_transport
4122,Alacant / Alicante,2,1,directory_points_only
4123,Seyo,0,0,no_in_area_point_not_no_transport
4124,Chambéry,4,1,directory_points_only
4125,Swindon,27,0,directory_points_only
4126,Muara Enim,0,0,no_in_area_point_not_no_transport
4127,Tharad,0,0,no_in_area_point_not_no_transport
4128,Dezful,0,0,no_in_area_point_not_no_transport
4129,Al Hai,0,0,no_in_area_point_not_no_transport
4130,Trapani,0,0,no_in_area_point_not_no_transport
4131,Fukui,10,0,directory_points_only
4132,Melilla,1,1,directory_points_only
4133,Uriangato,0,0,no_in_area_point_not_no_transport
4134,Nyaung Shwe,0,0,no_in_area_point_not_no_transport
4135,Eripa,0,0,no_in_area_point_not_no_transport
4136,Ghauspur,0,0,no_in_area_point_not_no_transport
4138,Unpha,0,0,no_in_area_point_not_no_transport
4139,Krasnodar,8,1,directory_points_only
4140,ad-Damer,0,0,no_in_area_point_not_no_transport
4141,Nevşehir,0,0,no_in_area_point_not_no_transport
4142,Sloviansk,0,0,no_in_area_point_not_no_transport
4143,Las Vegas,44,1,directory_points_only
4144,Ocumare del Tuy,2,0,directory_points_only
4146,Emalahleni,2,0,directory_points_only
4148,Brahmanbaria,1,0,directory_points_only
4149,Chapecó,3,1,directory_points_only
4150,Yinchuan,2,0,directory_points_only
4151,Lubao,1,0,directory_points_only
4152,Zipaquirá,0,0,no_in_area_point_not_no_transport
4153,Würzburg,7,0,directory_points_only
4154,Ouled Djellal,0,0,no_in_area_point_not_no_transport
4156,Valencia,6,1,directory_points_only
4157,Maksegnit,0,0,no_in_area_point_not_no_transport
4158,Toulon,12,1,directory_points_only
4159,Leeds,23,1,directory_points_only
4160,Tanjung Enim,0,0,no_in_area_point_not_no_transport
4161,Kolayat,0,0,no_in_area_point_not_no_transport
4162,Susangerd,0,0,no_in_area_point_not_no_transport
4163,Qalat Sukkar,0,0,no_in_area_point_not_no_transport
4164,Triest,2,0,directory_points_only
4165,Tokushima,17,1,directory_points_only
4166,Taourirt,0,0,no_in_area_point_not_no_transport
4167,Irapuato,6,0,directory_points_only
4168,Maubin,0,0,no_in_area_point_not_no_transport
4169,Okitipupa,0,0,no_in_area_point_not_no_transport
4170,Nawabshah,0,0,no_in_area_point_not_no_transport
4171,Tabaco,0,0,no_in_area_point_not_no_transport
4172,Hamhung,0,0,no_in_area_point_not_no_transport
4173,Shakhty,1,0,directory_points_only
4174,Atbara,0,0,no_in_area_point_not_no_transport
4175,Niğde,0,0,no_in_area_point_not_no_transport
4176,Kramatorsk,0,0,no_in_area_point_not_no_transport
4178,Santa Teresa del Tuy,0,0,no_in_area_point_not_no_transport
4179,Dong Ha,0,0,no_in_area_point_not_no_transport
4180,Mokopane,0,0,no_in_area_point_not_no_transport
4183,Maraba,2,1,directory_points_only
4185,Kitenge,0,0,no_in_area_point_not_no_transport
4186,Tiquisio,0,0,no_in_area_point_not_no_transport
4187,Lüneburg,1,0,directory_points_only
4188,Aïn Oulmane,0,0,no_in_area_point_not_no_transport
4190,Gandia,1,0,directory_points_only
4191,Digna,0,0,no_in_area_point_not_no_transport
4192,Nancy,8,0,directory_points_only
4193,Fazeley,3,0,directory_points_only
4194,Batam City,1,1,directory_points_only
4195,Halvad,0,0,no_in_area_point_not_no_transport
4196,Qazvin,2,0,directory_points_only
4197,Al-Rifa'i,0,0,no_in_area_point_not_no_transport
4198,Ancona,0,0,no_in_area_point_not_no_transport
4199,Naha,21,1,directory_points_only
4200,Berkane,0,0,no_in_area_point_not_no_transport
4201,Acapulco,17,1,directory_points_only
4202,Taungoo,0,0,no_in_area_point_not_no_transport
4203,Ondo,0,0,no_in_area_point_not_no_transport
4204,Kandhkot,0,0,no_in_area_point_not_no_transport
4205,Legazpi,5,0,directory_points_only
4206,Hamju,0,0,no_in_area_point_not_no_transport
4207,Novocherkassk,0,0,no_in_area_point_not_no_transport
4208,Sennar,0,0,no_in_area_point_not_no_transport
4209,Bafra,0,0,no_in_area_point_not_no_transport
4210,Druzhkivka,0,0,no_in_area_point_not_no_transport
4211,Phoenix,220,2,directory_points_only
4212,Guarenas,2,0,directory_points_only
4213,Cái Nước,0,0,no_in_area_point_not_no_transport
4214,Middelburg,0,0,no_in_area_point_not_no_transport
4215,Buenos Aires,62,2,directory_points_only
4218,Pingluo,0,0,no_in_area_point_not_no_transport
4219,Kindu,1,1,directory_points_only
4220,Manuela,0,0,no_in_area_point_not_no_transport
4221,Lübeck,1,1,directory_points_only
4222,Setif,1,1,directory_points_only
4224,Benidorm,1,0,directory_points_only
4225,Adet,0,0,no_in_area_point_not_no_transport
4226,Annecy,3,1,directory_points_only
4227,Newcastle upon Tyne,14,1,directory_points_only
4228,Baturaja,0,0,no_in_area_point_not_no_transport
4229,Ramnagar,0,0,no_in_area_point_not_no_transport
4230,Dorud,0,0,no_in_area_point_not_no_transport
4231,Al-Shatrah,0,0,no_in_area_point_not_no_transport
4232,Palermo,1,0,directory_points_only
4234,Oujda,0,0,no_in_area_point_not_no_transport
4235,Silao,2,1,directory_points_only
4236,Hopong,0,0,no_in_area_point_not_no_transport
4237,Ebute Irele,0,0,no_in_area_point_not_no_transport
4238,Swat City,1,0,directory_points_only
4239,Masbate City,1,1,directory_points_only
4240,Jongphyong,0,0,no_in_area_point_not_no_transport
4241,Syktyvkar,1,1,directory_points_only
4242,UNNAMED,0,0,no_in_area_point_not_no_transport
4243,Mersin,5,0,directory_points_only
4244,Berdiansk,2,0,directory_points_only
4245,Eugene,24,0,directory_points_only
4246,Altagracia de Orituco,3,0,directory_points_only
4247,Ca Mau,1,1,directory_points_only
4248,Ezakheni,0,0,no_in_area_point_not_no_transport
4249,Posadas,2,1,directory_points_only
4250,Homna,0,0,no_in_area_point_not_no_transport
4251,Tailândia,0,0,no_in_area_point_not_no_transport
4252,Qipanjing,0,0,no_in_area_point_not_no_transport
4253,Fungurume,0,0,no_in_area_point_not_no_transport
4254,Granada,0,0,no_in_area_point_not_no_transport
4255,Ulm,4,0,directory_points_only
4256,Barika,0,0,no_in_area_point_not_no_transport
4258,Castellón de la Plana,2,0,directory_points_only
4259,Ejaji,0,0,no_in_area_point_not_no_transport
4261,Burton-on-Trent,5,0,directory_points_only
4262,Prabumulih,0,0,no_in_area_point_not_no_transport
4263,Sanchore,0,0,no_in_area_point_not_no_transport
4264,Alvand,0,0,no_in_area_point_not_no_transport
4265,Nasiriyah,0,0,no_in_area_point_not_no_transport
4267,Toyama,14,1,directory_points_only
4268,Valle de Santiago,0,0,no_in_area_point_not_no_transport
4269,Kyaiklat,0,0,no_in_area_point_not_no_transport
4270,Ile Oluji,0,0,no_in_area_point_not_no_transport
4271,Thatta,1,0,directory_points_only
4272,Cadiz,0,0,no_in_area_point_not_no_transport
4273,Ongjin,0,0,no_in_area_point_not_no_transport
4274,Balashov,0,0,no_in_area_point_not_no_transport
4275,El Suki,0,0,no_in_area_point_not_no_transport
4276,Amasya,0,0,no_in_area_point_not_no_transport
4278,Tucson,45,1,directory_points_only
4279,Valle de la Pascua,1,0,directory_points_only
4280,Long Xuyen,1,0,directory_points_only
4281,Edendale,1,1,directory_points_only
4283,Barisal,0,0,no_in_area_point_not_no_transport
4284,Abaetetuba,0,0,no_in_area_point_not_no_transport
4285,Pingchuan,0,0,no_in_area_point_not_no_transport
4286,Kakanda,0,0,no_in_area_point_not_no_transport
4287,Chiquinquirá,0,0,no_in_area_point_not_no_transport
4288,Brunswick,5,0,directory_points_only
4289,Tulqa,0,0,no_in_area_point_not_no_transport
4290,Nazlet Abu Haseiba,0,0,no_in_area_point_not_no_transport
4291,Lleida,0,0,no_in_area_point_not_no_transport
4292,Omonada,0,0,no_in_area_point_not_no_transport
4293,Geneva,2,0,directory_points_only
4294,Warwick,14,0,directory_points_only
4295,Tanjung Pinang,0,0,no_in_area_point_not_no_transport
4296,Jalalabad,0,0,no_in_area_point_not_no_transport
4298,Suq al Shyukh,0,0,no_in_area_point_not_no_transport
4299,Pescara,2,1,directory_points_only
4301,Salamanca,0,0,no_in_area_point_not_no_transport
4302,Pyapon,0,0,no_in_area_point_not_no_transport
4303,Ore,0,0,no_in_area_point_not_no_transport
4305,Sorsogon City,1,0,directory_points_only
4306,Pyoksong,0,0,no_in_area_point_not_no_transport
4307,Saransk,1,1,directory_points_only
4308,Singa,0,0,no_in_area_point_not_no_transport
4309,Samsun,3,0,directory_points_only
4310,Kerch,1,0,directory_points_only
4312,Zaraza,0,0,no_in_area_point_not_no_transport
4313,Giồng Riềng,0,0,no_in_area_point_not_no_transport
4314,Polokwane,2,2,directory_points_only
4315,Río Gallegos,1,0,directory_points_only
4316,Comilla,1,0,directory_points_only
4317,Carazinho,1,0,directory_points_only
4318,Yuzhong,0,0,no_in_area_point_not_no_transport
4319,Kikondja,0,0,no_in_area_point_not_no_transport
4320,Barrancabermeja,1,0,directory_points_only
4321,Wolfsburg,0,0,no_in_area_point_not_no_transport
4322,Ouargla,0,0,no_in_area_point_not_no_transport
4323,Al-Minya,1,0,directory_points_only
4326,Botor,0,0,no_in_area_point_not_no_transport
4327,Montbéliard,1,0,directory_points_only
4328,Coventry,10,0,directory_points_only
4329,Sidogede,0,0,no_in_area_point_not_no_transport
4330,Balotra,0,0,no_in_area_point_not_no_transport
4331,Abadan,1,1,directory_points_only
4332,Amarah,0,0,no_in_area_point_not_no_transport
4333,Naples,9,1,directory_points_only
4334,Morioka,6,0,directory_points_only
4335,Torreon,11,1,directory_points_only
4336,Pyu,0,0,no_in_area_point_not_no_transport
4337,Ila Orangun,0,0,no_in_area_point_not_no_transport
4338,Khwazakhela,0,0,no_in_area_point_not_no_transport
4339,Dumaguete,1,1,directory_points_only
4340,Kumya,0,0,no_in_area_point_not_no_transport
4341,Maykop,1,0,directory_points_only
4342,Al Fao,0,0,no_in_area_point_not_no_transport
4343,Tarsus,0,0,no_in_area_point_not_no_transport
4344,Donetsk,1,0,directory_points_only
4346,Barcelona,17,1,directory_points_only
4347,Đầm Dơi,0,0,no_in_area_point_not_no_transport
4348,Osizweni,0,0,no_in_area_point_not_no_transport
4349,La Plata,7,0,directory_points_only
4350,Sunamganj District,0,0,no_in_area_point_not_no_transport
4351,Arapongas,0,0,no_in_area_point_not_no_transport
4352,Yongning,0,0,no_in_area_point_not_no_transport
4353,Kambove,0,0,no_in_area_point_not_no_transport
4354,Villavicencio,1,1,directory_points_only
4355,Kempten (Allgäu),1,0,directory_points_only
4356,El Eulma,0,0,no_in_area_point_not_no_transport
4358,Tarragona,7,1,directory_points_only
4359,Gedo,0,0,no_in_area_point_not_no_transport
4360,Belfort,3,0,directory_points_only
4362,Kalibening,0,0,no_in_area_point_not_no_transport
4363,Doda,0,0,no_in_area_point_not_no_transport
4364,Shoushtar,0,0,no_in_area_point_not_no_transport
4365,Al Majar al Kabir,0,0,no_in_area_point_not_no_transport
4367,Moriyama [Otsu],11,0,directory_points_only
4368,Guanajuato,1,0,directory_points_only
4369,UNNAMED,0,0,no_in_area_point_not_no_transport
4370,Effon Alaiye,0,0,no_in_area_point_not_no_transport
4371,Mardan,0,0,no_in_area_point_not_no_transport
4372,Cebu City,6,1,directory_points_only
4373,Haeju,0,0,no_in_area_point_not_no_transport
4374,Sochi,0,0,no_in_area_point_not_no_transport
4375,Al Quwaysi,0,0,no_in_area_point_not_no_transport
4376,Kayseri,3,1,directory_points_only
4377,Bakhmut,0,0,no_in_area_point_not_no_transport
4378,Salem,41,1,directory_points_only
4379,Anaco,2,0,directory_points_only
4380,Cao Lanh,0,0,no_in_area_point_not_no_transport
4382,Tandil,0,0,no_in_area_point_not_no_transport
4384,Apucarana,1,0,directory_points_only
4386,Samba,0,0,no_in_area_point_not_no_transport
4387,Ciénaga,2,0,directory_points_only
4388,Erfurt,3,1,directory_points_only
4389,Jijel,1,1,directory_points_only
4391,Ibiza,4,1,directory_points_only
4392,Wereta,0,0,no_in_area_point_not_no_transport
4393,Mulhouse,4,1,directory_points_only
4395,Palembang,1,1,directory_points_only
4396,Amritsar,1,1,directory_points_only
4397,Ahwaz,3,1,directory_points_only
4398,قضاء الجبايش,0,0,no_in_area_point_not_no_transport
4400,Niigata,9,1,directory_points_only
4401,Cortazar,0,0,no_in_area_point_not_no_transport
4402,Twante,0,0,no_in_area_point_not_no_transport
4403,Imorun,0,0,no_in_area_point_not_no_transport
4404,Pano Aqil,0,0,no_in_area_point_not_no_transport
4405,Dipolog,1,1,directory_points_only
4406,Kowon,0,0,no_in_area_point_not_no_transport
4407,Penza,1,1,directory_points_only
4408,Ad-Damazin,1,0,directory_points_only
4410,Horlivka,0,0,no_in_area_point_not_no_transport
4411,St. George,8,0,directory_points_only
4412,Cumana,10,1,directory_points_only
4414,Ermelo,1,0,directory_points_only
4415,Oberá,1,0,directory_points_only
4417,Londrina,7,1,directory_points_only
4418,Lintao,0,0,no_in_area_point_not_no_transport
4419,Likasi,0,0,no_in_area_point_not_no_transport
4420,Fundación,0,0,no_in_area_point_not_no_transport
4421,Bamberg,3,0,directory_points_only
4422,Biskra,1,1,directory_points_only
4423,Maghagheh,0,0,no_in_area_point_not_no_transport
4424,Igualada,2,0,directory_points_only
4425,Amanuel,0,0,no_in_area_point_not_no_transport
4426,Nice,23,2,directory_points_only
4427,Darlington,5,1,directory_points_only
4428,Kotabumi,0,0,no_in_area_point_not_no_transport
4429,Bhabhar,0,0,no_in_area_point_not_no_transport
4430,Arak,0,0,no_in_area_point_not_no_transport
4431,Qalat Saleh,0,0,no_in_area_point_not_no_transport
4432,Gela,1,0,directory_points_only
4433,Kinokawa [Wakayama],16,0,directory_points_only
4434,Acámbaro,0,0,no_in_area_point_not_no_transport
4435,Yangon,1,1,directory_points_only
4436,Mahuta,0,0,no_in_area_point_not_no_transport
4438,Pagadian,1,1,directory_points_only
4439,Hongwon,0,0,no_in_area_point_not_no_transport
4440,Vesyoloye,1,1,directory_points_only
4441,Er Roseires,0,0,no_in_area_point_not_no_transport
4442,Günyurdu,0,0,no_in_area_point_not_no_transport
4444,Portland,140,1,directory_points_only
4445,Porlamar,8,1,directory_points_only
4446,Gia Rai,0,0,no_in_area_point_not_no_transport
4447,Mpumalanga,0,0,no_in_area_point_not_no_transport
4448,Eldorado,1,0,directory_points_only
4450,Erechim,1,0,directory_points_only
4451,Zhongning,0,0,no_in_area_point_not_no_transport
4452,Punia,0,0,no_in_area_point_not_no_transport
4454,Nuremberg,15,1,directory_points_only
4455,Aïn Touta,0,0,no_in_area_point_not_no_transport
4457,Vilanova i la Geltrú,0,0,no_in_area_point_not_no_transport
4458,Debark,0,0,no_in_area_point_not_no_transport
4459,Colmar,3,0,directory_points_only
4460,Sheffield,5,0,directory_points_only
4461,Pringsewu,0,0,no_in_area_point_not_no_transport
4462,Balesar,0,0,no_in_area_point_not_no_transport
4463,Shadegan,1,0,directory_points_only
4464,Al Qurna,0,0,no_in_area_point_not_no_transport
4465,Avellino,0,0,no_in_area_point_not_no_transport
4466,Joetsu,1,0,directory_points_only
4468,Dedaye,0,0,no_in_area_point_not_no_transport
4469,Salka,0,0,no_in_area_point_not_no_transport
4470,Dera Ismail Khan,0,0,no_in_area_point_not_no_transport
4471,Tagbilaran,1,0,directory_points_only
4472,Chonnae,0,0,no_in_area_point_not_no_transport
4473,Cheboksary,1,1,directory_points_only
4475,Adana,7,0,directory_points_only
4476,Mariupol,1,0,directory_points_only
4477,Olympia,16,1,directory_points_only
4478,Ciudad Bolívar,5,0,directory_points_only
4479,Gành Hào,0,0,no_in_area_point_not_no_transport
4480,Mankweng,0,0,no_in_area_point_not_no_transport
4481,Necochea,0,0,no_in_area_point_not_no_transport
4483,Belém,12,1,directory_points_only
4484,Erenhot,0,0,no_in_area_point_not_no_transport
4485,Lwambo,0,0,no_in_area_point_not_no_transport
4486,Santa Marta,2,0,directory_points_only
4488,Tadjenanet,0,0,no_in_area_point_not_no_transport
4490,Manresa,3,0,directory_points_only
4491,UNNAMED,0,0,no_in_area_point_not_no_transport
4494,Tebing Suluh,0,0,no_in_area_point_not_no_transport
4495,Radhanpur,0,0,no_in_area_point_not_no_transport
4496,Nazarabad,0,0,no_in_area_point_not_no_transport
4497,Basra,1,0,directory_points_only
4498,Salerno,2,0,directory_points_only
4499,Hikone,6,0,directory_points_only
4500,Ciudad Hidalgo,0,0,no_in_area_point_not_no_transport
4501,Panglong,0,0,no_in_area_point_not_no_transport
4502,Share,0,0,no_in_area_point_not_no_transport
4504,Calbayog,1,1,directory_points_only
4505,UNNAMED,0,0,no_in_area_point_not_no_transport
4507,El Hawata,0,0,no_in_area_point_not_no_transport
4508,Çarşamba,0,0,no_in_area_point_not_no_transport
4510,Seattle,162,7,directory_points_only
4511,Punta de Mata,2,0,directory_points_only
4512,Long Mỹ,0,0,no_in_area_point_not_no_transport
4513,Durban,11,0,directory_points_only
4514,Mar del Plata,4,1,directory_points_only
4515,Lakshmipur,0,0,no_in_area_point_not_no_transport
4516,Passo Fundo,0,0,no_in_area_point_not_no_transport
4517,Wuzhong,0,0,no_in_area_point_not_no_transport
4518,Lubutu,1,0,directory_points_only
4519,Tunja,1,0,directory_points_only
4520,Augsburg,5,0,directory_points_only
4521,Tamanrasset,0,0,no_in_area_point_not_no_transport
4523,Barcelona,21,1,directory_points_only
4524,Debre Markos,1,1,directory_points_only
4526,Harrogate,2,0,directory_points_only
4528,Than,0,0,no_in_area_point_not_no_transport
4529,Aligudarz,1,0,directory_points_only
4530,Az Zubayr,0,0,no_in_area_point_not_no_transport
4532,Nagoya,212,2,directory_points_only
4533,Celaya,1,0,directory_points_only
4534,Laukkaing,0,0,no_in_area_point_not_no_transport
4535,Aramoko-Ekiti,0,0,no_in_area_point_not_no_transport
4537,Ozamiz,1,1,directory_points_only
4538,Koksan,0,0,no_in_area_point_not_no_transport
4539,Yoshkar-Ola,2,0,directory_points_only
4540,Al-Qadarif,0,0,no_in_area_point_not_no_transport
4541,Erbaa,0,0,no_in_area_point_not_no_transport
4542,Sievierodonetsk,1,0,directory_points_only
4544,Maturin,6,1,directory_points_only
4545,Can Tho,2,1,directory_points_only
4546,Tongaat,0,0,no_in_area_point_not_no_transport
4547,Rio Grande,1,1,directory_points_only
4548,Bhola,0,0,no_in_area_point_not_no_transport
4549,Gurupi,0,0,no_in_area_point_not_no_transport
4550,Lingwu,0,0,no_in_area_point_not_no_transport
4551,Kasongo,0,0,no_in_area_point_not_no_transport
4552,Aguachica,0,0,no_in_area_point_not_no_transport
4553,Magdeburg,5,0,directory_points_only
4554,Batna,0,0,no_in_area_point_not_no_transport
4555,Beni Mazar,0,0,no_in_area_point_not_no_transport
4557,Yejube,0,0,no_in_area_point_not_no_transport
4558,Strasbourg,9,1,directory_points_only
4561,Abohar,1,0,directory_points_only
4562,Hashtgerd,0,0,no_in_area_point_not_no_transport
4564,Ragusa,0,0,no_in_area_point_not_no_transport
4565,Nagaoka,6,0,directory_points_only
4566,Zitácuaro,0,0,no_in_area_point_not_no_transport
4567,Hlegu,0,0,no_in_area_point_not_no_transport
4568,Igbara-Odo,0,0,no_in_area_point_not_no_transport
4569,Hala,0,0,no_in_area_point_not_no_transport
4570,Ormoc,1,0,directory_points_only
4571,Sinpho,0,0,no_in_area_point_not_no_transport
4572,Kirov,0,0,no_in_area_point_not_no_transport
4573,New Halfa,0,0,no_in_area_point_not_no_transport
4574,Tokat,0,0,no_in_area_point_not_no_transport
4575,Yenakiieve,0,0,no_in_area_point_not_no_transport
4576,Ciudad Juárez,23,1,directory_points_only
4577,Carúpano,3,1,directory_points_only
4578,Sa Dec City,1,0,directory_points_only
4579,Stanger,0,0,no_in_area_point_not_no_transport
4580,Ushuaia,0,0,no_in_area_point_not_no_transport
4581,Habiganj,0,0,no_in_area_point_not_no_transport
4582,Cachoeira do Sul,1,0,directory_points_only
4583,Hulunbuir,0,0,no_in_area_point_not_no_transport
4584,Malemba Nkulu,0,0,no_in_area_point_not_no_transport
4585,Ocaña,0,0,no_in_area_point_not_no_transport
4586,Rostock,2,0,directory_points_only
4587,Tamacine,0,0,no_in_area_point_not_no_transport
4589,Palma de Mallorca,6,1,directory_points_only
4590,Gesuba,0,0,no_in_area_point_not_no_transport
4593,Bandar Lampung,1,1,directory_points_only
4594,Kodinar,0,0,no_in_area_point_not_no_transport
4595,Saveh,0,0,no_in_area_point_not_no_transport
4597,San Severo,0,0,no_in_area_point_not_no_transport
4598,Nagano,8,0,directory_points_only
4599,Dolores Hidalgo,0,0,no_in_area_point_not_no_transport
4600,Kyauktaga,0,0,no_in_area_point_not_no_transport
4601,Isarun,0,0,no_in_area_point_not_no_transport
4603,Catbalogan,1,0,directory_points_only
4604,Sinpyong,0,0,no_in_area_point_not_no_transport
4605,Novocheboksarsk,0,0,no_in_area_point_not_no_transport
4606,Khashm El Girba,0,0,no_in_area_point_not_no_transport
4607,Kozan,0,0,no_in_area_point_not_no_transport
4609,Las Cruces,7,1,directory_points_only
4610,Ciudad Guayana,12,1,directory_points_only
4611,Tây Ninh,0,0,no_in_area_point_not_no_transport
4614,Guarapuava,0,0,no_in_area_point_not_no_transport
4615,Dingxi,0,0,no_in_area_point_not_no_transport
4616,Kingombe,0,0,no_in_area_point_not_no_transport
4617,Bucaramanga,5,1,directory_points_only
4618,Jena,3,0,directory_points_only
4619,Chelghoum Laid,0,0,no_in_area_point_not_no_transport
4620,Nazlat Dahrut,0,0,no_in_area_point_not_no_transport
4621,Girona,2,1,directory_points_only
4622,UNNAMED,0,0,no_in_area_point_not_no_transport
4625,Gunung Sugih,0,0,no_in_area_point_not_no_transport
4626,Chotila,0,0,no_in_area_point_not_no_transport
4627,Masjed Soleyman,0,0,no_in_area_point_not_no_transport
4628,Foggia,2,1,directory_points_only
4630,Chilpancingo,1,0,directory_points_only
4631,Loikaw,1,1,directory_points_only
4632,Gummi,0,0,no_in_area_point_not_no_transport
4634,Iligan,0,0,no_in_area_point_not_no_transport
4635,Munchon,0,0,no_in_area_point_not_no_transport
4636,Labinsk,1,0,directory_points_only
4637,UNNAMED,0,0,no_in_area_point_not_no_transport
4638,Ceyhan,0,0,no_in_area_point_not_no_transport
4639,Brianka,0,0,no_in_area_point_not_no_transport
4642,Bạc Liêu,0,0,no_in_area_point_not_no_transport
4643,Salubindza,0,0,no_in_area_point_not_no_transport
4644,Sylhet,1,1,directory_points_only
4645,Araçatuba,2,0,directory_points_only
4646,Tongxin,0,0,no_in_area_point_not_no_transport
4647,Mukanga,0,0,no_in_area_point_not_no_transport
4648,Duitama,0,0,no_in_area_point_not_no_transport
4649,Bayreuth,4,0,directory_points_only
4650,Touggourt,1,1,directory_points_only
4651,Ihnasya al Madinah,0,0,no_in_area_point_not_no_transport
4652,Arba Minch,0,0,no_in_area_point_not_no_transport
4653,Ajaccio,4,1,directory_points_only
4655,Metro,0,0,no_in_area_point_not_no_transport
4656,Firozpur,0,0,no_in_area_point_not_no_transport
4658,Catania,1,1,directory_points_only
4659,Yamagata,7,1,directory_points_only
4660,San Miguel de Allende,3,0,directory_points_only
4661,Tangyan,1,0,directory_points_only
4662,Ijero-Ekiti,0,0,no_in_area_point_not_no_transport
4663,Bindi,0,0,no_in_area_point_not_no_transport
4664,Tacloban,2,1,directory_points_only
4665,Chongdan,0,0,no_in_area_point_not_no_transport
4666,Volgodonsk,0,0,no_in_area_point_not_no_transport
4667,Kassala,0,0,no_in_area_point_not_no_transport
4668,Yumurtalık,0,0,no_in_area_point_not_no_transport
4669,Alchevsk,0,0,no_in_area_point_not_no_transport
4671,Upata,0,0,no_in_area_point_not_no_transport
4672,Hue,1,0,directory_points_only
4673,eGobhoza,0,0,no_in_area_point_not_no_transport
4674,Moulvibazar,0,0,no_in_area_point_not_no_transport
4675,Fernandópolis,1,0,directory_points_only
4676,Haiyuan,0,0,no_in_area_point_not_no_transport
4677,Kabalo,0,0,no_in_area_point_not_no_transport
4678,Piedecuesta,0,0,no_in_area_point_not_no_transport
4679,Ingolstadt,5,0,directory_points_only
4680,Mila,0,0,no_in_area_point_not_no_transport
4681,Bilqas,0,0,no_in_area_point_not_no_transport
4682,Mota,0,0,no_in_area_point_not_no_transport
4685,Bikaner,0,0,no_in_area_point_not_no_transport
4686,Tehran,26,3,directory_points_only
4688,Matsumoto,7,1,directory_points_only
4689,San Pedro de las Colonias,4,0,directory_points_only
4690,Nansang,1,0,directory_points_only
4691,Bodinga,0,0,no_in_area_point_not_no_transport
4692,Hyderabad,1,1,directory_points_only
4693,Marawi,2,0,directory_points_only
4694,Riwon,0,0,no_in_area_point_not_no_transport
4695,Armavir,2,0,directory_points_only
4696,Sinkāt,0,0,no_in_area_point_not_no_transport
4697,Ünye,1,0,directory_points_only
4698,Luhansk,2,0,directory_points_only
4699,Yakima,8,1,directory_points_only
4700,Tucupita,0,0,no_in_area_point_not_no_transport
4702,Sikhalasenkosi,0,0,no_in_area_point_not_no_transport
4704,Tupã,0,0,no_in_area_point_not_no_transport
4705,Hanggin,0,0,no_in_area_point_not_no_transport
4706,Mulongo,1,0,directory_points_only
4707,Sogamoso,0,0,no_in_area_point_not_no_transport
4708,Halle (Saale),7,0,directory_points_only
4709,Constantine,1,1,directory_points_only
4710,Mansoura,2,0,directory_points_only
4711,Gouder,0,0,no_in_area_point_not_no_transport
4713,Muntok,0,0,no_in_area_point_not_no_transport
4714,Deoder,0,0,no_in_area_point_not_no_transport
4716,Syracuse,1,0,directory_points_only
4717,Ueda,3,0,directory_points_only
4718,Querétaro,11,0,directory_points_only
4720,Omu Aran,0,0,no_in_area_point_not_no_transport
4722,Cotabato,1,1,directory_points_only
4723,Phyongsan,0,0,no_in_area_point_not_no_transport
4724,Kirovo-Chepetsk,0,0,no_in_area_point_not_no_transport
4725,Port Sudan,1,0,directory_points_only
4726,Kadirli,1,0,directory_points_only
4727,Rovenky,0,0,no_in_area_point_not_no_transport
4728,Nampa,11,0,directory_points_only
4729,Tra On,0,0,no_in_area_point_not_no_transport
4730,Naas,0,0,no_in_area_point_not_no_transport
4731,Beanibazar,0,0,no_in_area_point_not_no_transport
4733,Shangri-La,0,0,no_in_area_point_not_no_transport
4734,Mukubu,0,0,no_in_area_point_not_no_transport
4735,San José del Guaviare,1,1,directory_points_only
4736,Munich,31,1,directory_points_only
4738,Fashn,0,0,no_in_area_point_not_no_transport
4739,Hadero,0,0,no_in_area_point_not_no_transport
4740,Middlesbrough,7,0,directory_points_only
4741,Kalianda,0,0,no_in_area_point_not_no_transport
4742,Bhaderwah,0,0,no_in_area_point_not_no_transport
4743,Khomein,0,0,no_in_area_point_not_no_transport
4744,Cerignola,1,0,directory_points_only
4746,Iguala,1,0,directory_points_only
4747,Bago,0,0,no_in_area_point_not_no_transport
4748,Otun,0,0,no_in_area_point_not_no_transport
4749,Shahdadpur,0,0,no_in_area_point_not_no_transport
4750,Cagayan de Oro,6,0,directory_points_only
4751,Kimch'aek,0,0,no_in_area_point_not_no_transport
4752,Stavropol,1,1,directory_points_only
4753,Sawakin,0,0,no_in_area_point_not_no_transport
4754,Sivas,0,0,no_in_area_point_not_no_transport
4755,Krasnodon,0,0,no_in_area_point_not_no_transport
4756,Boise,15,1,directory_points_only
4757,Cai Lậy,0,0,no_in_area_point_not_no_transport
4758,Feni,0,0,no_in_area_point_not_no_transport
4759,Birigui,1,0,directory_points_only
4760,Baotou,1,1,directory_points_only
4761,Kipushi,0,0,no_in_area_point_not_no_transport
4762,Valledupar,1,1,directory_points_only
4763,Gera,2,0,directory_points_only
4764,Ain Mlila,0,0,no_in_area_point_not_no_transport
4766,Debre Tabor,0,0,no_in_area_point_not_no_transport
4767,Nottingham,17,0,directory_points_only
4768,Mekarsari,0,0,no_in_area_point_not_no_transport
4769,Tarn Taran Sahib,0,0,no_in_area_point_not_no_transport
4770,Chalus,2,1,directory_points_only
4771,Messina,0,0,no_in_area_point_not_no_transport
4772,Okaya,2,0,directory_points_only
4773,Taxco,0,0,no_in_area_point_not_no_transport
4774,Nyaunglebin,0,0,no_in_area_point_not_no_transport
4775,Ilawe-Ekiti,0,0,no_in_area_point_not_no_transport
4776,Tarakai,0,0,no_in_area_point_not_no_transport
4777,Surigao City,1,1,directory_points_only
4778,Tanchon,0,0,no_in_area_point_not_no_transport
4779,Kuznetsk,1,0,directory_points_only
4780,Fatsa,0,0,no_in_area_point_not_no_transport
4781,Kennewick,6,1,directory_points_only
4782,Sóc Trăng,1,0,directory_points_only
4785,Yakeshi/Yaysi,0,0,no_in_area_point_not_no_transport
4786,Kongolo,1,0,directory_points_only
4787,Pamplona,0,0,no_in_area_point_not_no_transport
4788,Leipzig,18,1,directory_points_only
4791,Ginido,0,0,no_in_area_point_not_no_transport
4792,Oxford,21,0,directory_points_only
4793,Mekarjaya,0,0,no_in_area_point_not_no_transport
4794,Dhrangadhra,0,0,no_in_area_point_not_no_transport
4795,Bandar-e Mahshahr,1,1,directory_points_only
4796,Reggio Calabria,1,1,directory_points_only
4798,Ciudad Juárez,5,1,directory_points_only
4799,Daik-U,0,0,no_in_area_point_not_no_transport
4801,Sowari,0,0,no_in_area_point_not_no_transport
4802,Koronadal,1,0,directory_points_only
4803,Rahŭng,0,0,no_in_area_point_not_no_transport
4804,Nevinnomyssk,0,0,no_in_area_point_not_no_transport
4805,Osmaniye,1,0,directory_points_only
4806,Anchorage,18,2,directory_points_only
4809,Goiânia,34,1,directory_points_only
4810,Longxi,0,0,no_in_area_point_not_no_transport
4811,UNNAMED,0,0,no_in_area_point_not_no_transport
4812,Yopal,1,1,directory_points_only
4813,Regensburg,4,0,directory_points_only
4814,Skikda,1,0,directory_points_only
4816,UNNAMED,0,0,no_in_area_point_not_no_transport
4817,Rugby,3,0,directory_points_only
4818,Mekarjaya,0,0,no_in_area_point_not_no_transport
4819,Siwana,0,0,no_in_area_point_not_no_transport
4820,Ramhormoz,0,0,no_in_area_point_not_no_transport
4821,Barletta,1,0,directory_points_only
4822,Sendai,15,1,directory_points_only
4823,San Luis Potosí,6,1,directory_points_only
4824,Thanatpin,0,0,no_in_area_point_not_no_transport
4825,Idanre,0,0,no_in_area_point_not_no_transport
4826,Tando Adam,0,0,no_in_area_point_not_no_transport
4827,Valencia,1,0,directory_points_only
4828,Wonsan,1,1,directory_points_only
4829,Kazan,3,0,directory_points_only
4830,Samandağ,0,0,no_in_area_point_not_no_transport
4831,Bellingham,7,1,directory_points_only
4832,Trang Bang,0,0,no_in_area_point_not_no_transport
4833,Chattogram,5,1,directory_points_only
4834,Santa Cruz do Sul,2,0,directory_points_only
4835,Muse,0,0,no_in_area_point_not_no_transport
4836,Kyolo,0,0,no_in_area_point_not_no_transport
4837,Cúcuta,1,1,directory_points_only
4838,Landshut,3,0,directory_points_only
4839,Ain Fakroun,0,0,no_in_area_point_not_no_transport
4840,Al Inab al Saghirah,0,0,no_in_area_point_not_no_transport
4841,Ebbenat,0,0,no_in_area_point_not_no_transport
4843,Cilegon,0,0,no_in_area_point_not_no_transport
4844,Dhire Kot,0,0,no_in_area_point_not_no_transport
4845,Qom,2,0,directory_points_only
4846,Andria,0,0,no_in_area_point_not_no_transport
4847,Aizu-Wakamatsu,5,0,directory_points_only
4848,Toluca,9,1,directory_points_only
4849,Shwegyin,0,0,no_in_area_point_not_no_transport
4850,Sokoto,0,0,no_in_area_point_not_no_transport
4852,Butuan,1,1,directory_points_only
4853,Omong-ri,0,0,no_in_area_point_not_no_transport
4854,Saratov,5,0,directory_points_only
4855,İskenderun,5,0,directory_points_only
4856,Provo,15,1,directory_points_only
4857,My Tho,0,0,no_in_area_point_not_no_transport
4858,Khagrachhari,0,0,no_in_area_point_not_no_transport
4859,Goianésia,0,0,no_in_area_point_not_no_transport
4860,Tengchong,0,0,no_in_area_point_not_no_transport
4861,Lubumbashi,1,1,directory_points_only
4863,Zwickau,6,0,directory_points_only
4864,El Oued,0,0,no_in_area_point_not_no_transport
4865,Minshat al Maghaliqah,0,0,no_in_area_point_not_no_transport
4866,Welkite,0,0,no_in_area_point_not_no_transport
4867,Portsmouth,26,1,directory_points_only
4868,Pandeglang,0,0,no_in_area_point_not_no_transport
4869,Un,0,0,no_in_area_point_not_no_transport
4871,Trani,0,0,no_in_area_point_not_no_transport
4872,Ise,8,0,directory_points_only
4873,San Luis de la Paz,0,0,no_in_area_point_not_no_transport
4874,Kayan,0,0,no_in_area_point_not_no_transport
4875,Akure,0,0,no_in_area_point_not_no_transport
4876,Jand,0,0,no_in_area_point_not_no_transport
4877,Polomolok,0,0,no_in_area_point_not_no_transport
4878,Yonan,0,0,no_in_area_point_not_no_transport
4879,Cherkessk,1,0,directory_points_only
4880,Antakya,0,0,no_in_area_point_not_no_transport
4881,Salt Lake City,41,0,directory_points_only
4884,Votuporanga,1,0,directory_points_only
4885,Xiji,0,0,no_in_area_point_not_no_transport
4886,Wamaza,0,0,no_in_area_point_not_no_transport
4887,Riohacha,1,1,directory_points_only
4888,Rosenheim,3,0,directory_points_only
4889,Oum El Bouaghi,0,0,no_in_area_point_not_no_transport
4890,Atmeeda,0,0,no_in_area_point_not_no_transport
4891,Areka,0,0,no_in_area_point_not_no_transport
4892,Loughborough,2,0,directory_points_only
4894,Jakarta,3,0,directory_points_only
4897,Jakarta,9,2,directory_points_only
4898,Jakarta,1,0,directory_points_only
4899,Jakarta,0,0,no_in_area_point_not_no_transport
4900,Jakarta,1,0,directory_points_only
4902,Jasdan,0,0,no_in_area_point_not_no_transport
4903,Izeh,0,0,no_in_area_point_not_no_transport
4904,Bisceglie,0,0,no_in_area_point_not_no_transport
4905,Takamori,5,0,directory_points_only
4906,San Juan del Río,1,0,directory_points_only
4907,Thongwa,0,0,no_in_area_point_not_no_transport
4908,Ido Ekiti,0,0,no_in_area_point_not_no_transport
4909,Swabi,0,0,no_in_area_point_not_no_transport
4910,General Santos,4,1,directory_points_only
4911,Paechon,0,0,no_in_area_point_not_no_transport
4913,Düziçi,0,0,no_in_area_point_not_no_transport
4914,Albuquerque,27,1,directory_points_only
4916,Chakaria,1,0,directory_points_only
4917,Araguaína,3,1,directory_points_only
4918,Yanchi,0,0,no_in_area_point_not_no_transport
4919,Mpose,0,0,no_in_area_point_not_no_transport
4920,Saravena,1,1,directory_points_only
4922,Khenchela,0,0,no_in_area_point_not_no_transport
4924,Shire,0,0,no_in_area_point_not_no_transport
4925,Leicester,6,0,directory_points_only
4926,Rangkasbitung,0,0,no_in_area_point_not_no_transport
4927,Sri Muktsar Sahib,0,0,no_in_area_point_not_no_transport
4928,Omidieh,0,0,no_in_area_point_not_no_transport
4929,Cosenza,0,0,no_in_area_point_not_no_transport
4930,Fukushima,5,0,directory_points_only
4932,Kyaikto,0,0,no_in_area_point_not_no_transport
4933,Gwadabawa,0,0,no_in_area_point_not_no_transport
4934,Sinijhoro,0,0,no_in_area_point_not_no_transport
4935,Digos,1,0,directory_points_only
4936,Kosan,0,0,no_in_area_point_not_no_transport
4937,Volgograd,4,1,directory_points_only
4938,Kırıkhan,0,0,no_in_area_point_not_no_transport
4940,Lịch Hội Thượng,0,0,no_in_area_point_not_no_transport
4941,Bandarban,1,0,directory_points_only
4942,Assis,0,0,no_in_area_point_not_no_transport
4943,Dalad,0,0,no_in_area_point_not_no_transport
4944,Manono,1,0,directory_points_only
4945,Manaure,0,0,no_in_area_point_not_no_transport
4946,Berlin,24,1,directory_points_only
4947,Guelma,1,0,directory_points_only
4949,Ambo,0,0,no_in_area_point_not_no_transport
4951,Palabuhanratu,1,0,directory_points_only
4952,Dhanera,0,0,no_in_area_point_not_no_transport
4953,Qarchak,3,0,directory_points_only
4954,Molfetta,0,0,no_in_area_point_not_no_transport
4955,Ishinomaki,3,0,directory_points_only
4957,Pauk Taw,0,0,no_in_area_point_not_no_transport
4958,Ado Ekiti,1,0,directory_points_only
4959,Totalai,0,0,no_in_area_point_not_no_transport
4961,Kaesong,0,0,no_in_area_point_not_no_transport
4962,Kamyshin,1,0,directory_points_only
4963,Ordu,0,0,no_in_area_point_not_no_transport
4964,Ogden,15,1,directory_points_only
4966,রামু Ramu,3,1,directory_points_only
4967,Castanhal,0,0,no_in_area_point_not_no_transport
4968,Luomen,0,0,no_in_area_point_not_no_transport
4969,UNNAMED,0,0,no_in_area_point_not_no_transport
4970,Maicao,1,0,directory_points_only
4971,Chemnitz,5,0,directory_points_only
4972,Ain Beida,0,0,no_in_area_point_not_no_transport
4974,Lumame,0,0,no_in_area_point_not_no_transport
4976,Pangkalpinang,1,1,directory_points_only
4977,Batala,0,0,no_in_area_point_not_no_transport
4978,Pardis,2,0,directory_points_only
4979,Altamura,1,0,directory_points_only
4981,Cuernavaca,13,0,directory_points_only
4982,Thaton,0,0,no_in_area_point_not_no_transport
4983,Zuru,0,0,no_in_area_point_not_no_transport
4984,Tando Muhammad Khan,0,0,no_in_area_point_not_no_transport
4985,Davao City,6,1,directory_points_only
4986,P'yŏnghwa-ri,0,0,no_in_area_point_not_no_transport
4988,Kahramanmaraş,1,1,directory_points_only
4989,Grand Junction,7,1,directory_points_only
4991,Teknaf,0,0,no_in_area_point_not_no_transport
4992,Penápolis,0,0,no_in_area_point_not_no_transport
4993,Jingning,0,0,no_in_area_point_not_no_transport
4994,Shabunda,0,0,no_in_area_point_not_no_transport
4995,Uribia,0,0,no_in_area_point_not_no_transport
4996,Dresden,15,1,directory_points_only
4997,Sedrata,0,0,no_in_area_point_not_no_transport
4999,Mekane Yesus,0,0,no_in_area_point_not_no_transport
5000,Basingstoke,7,0,directory_points_only
5002,Osiyan,0,0,no_in_area_point_not_no_transport
5003,Pakdasht,0,0,no_in_area_point_not_no_transport
5004,Bari,8,1,directory_points_only
5005,Takasaki [Maebashi],34,0,directory_points_only
5006,Mexico City,232,4,directory_points_only
5008,Sar Hpo Su,0,0,no_in_area_point_not_no_transport
5009,Ikerre,0,0,no_in_area_point_not_no_transport
5010,Layyah,0,0,no_in_area_point_not_no_transport
5011,Panabo,2,0,directory_points_only
5013,Türkoğlu,0,0,no_in_area_point_not_no_transport
5015,Trà Vinh City,0,0,no_in_area_point_not_no_transport
5016,Palmas,2,0,directory_points_only
5017,Dingbian,0,0,no_in_area_point_not_no_transport
5018,Kasumbalesa,0,0,no_in_area_point_not_no_transport
5019,Arauca,1,1,directory_points_only
5020,Cottbus,2,0,directory_points_only
5021,Annaba,1,1,directory_points_only
5023,Sodo,0,0,no_in_area_point_not_no_transport
5024,York,18,0,directory_points_only
5025,Toboali,1,0,directory_points_only
5026,Kathua,0,0,no_in_area_point_not_no_transport
5028,Taranto,3,0,directory_points_only
5029,Toyohashi,16,0,directory_points_only
5030,Tlapa de Comonfort,0,0,no_in_area_point_not_no_transport
5031,Hpa-An,0,0,no_in_area_point_not_no_transport
5032,Tuga Nama,0,0,no_in_area_point_not_no_transport
5033,Daharki,1,0,directory_points_only
5034,Tagum,4,0,directory_points_only
5035,Ulyanovsk,2,1,directory_points_only
5036,Reyhanlı,1,0,directory_points_only
5037,Odessa,3,0,directory_points_only
5038,Ho Chi Minh City,11,1,directory_points_only
5039,Taquaralto,0,0,no_in_area_point_not_no_transport
5040,Tumed Right Banner,0,0,no_in_area_point_not_no_transport
5041,Isiro,1,0,directory_points_only
5044,Cheria,0,0,no_in_area_point_not_no_transport
5046,Shinshicho,0,0,no_in_area_point_not_no_transport
5047,Reading,9,0,directory_points_only
5049,Bhinmal,0,0,no_in_area_point_not_no_transport
5050,Amol,2,0,directory_points_only
5051,Brindisi,2,1,directory_points_only
5052,Koriyama,6,0,directory_points_only
5053,Cuautla,4,0,directory_points_only
5054,Mawlamyine,1,1,directory_points_only
5055,Rijau,0,0,no_in_area_point_not_no_transport
5056,Attock,1,0,directory_points_only
5058,Elbistan,0,0,no_in_area_point_not_no_transport
5059,Nuevo Laredo,6,1,directory_points_only
5061,Senador Canedo,1,0,directory_points_only
5062,Guyuan,0,0,no_in_area_point_not_no_transport
5063,Nyunzu,0,0,no_in_area_point_not_no_transport
5064,M'Daourouch,0,0,no_in_area_point_not_no_transport
5066,Gunchire,0,0,no_in_area_point_not_no_transport
5067,Northampton,8,0,directory_points_only
5069,Gurdaspur,0,0,no_in_area_point_not_no_transport
5070,Kashan,0,0,no_in_area_point_not_no_transport
5071,Lecce,0,0,no_in_area_point_not_no_transport
5072,Kai [Kofu],20,0,directory_points_only
5073,Tula de Allende,0,0,no_in_area_point_not_no_transport
5074,Mudon,0,0,no_in_area_point_not_no_transport
5075,Egosi,0,0,no_in_area_point_not_no_transport
5076,Tando Allayhar,0,0,no_in_area_point_not_no_transport
5077,Kislovodsk,0,0,no_in_area_point_not_no_transport
5078,Giresun,0,0,no_in_area_point_not_no_transport
5079,Midland,3,0,directory_points_only
5080,Đà Nẵng,3,1,directory_points_only
5081,Telêmaco Borba,1,0,directory_points_only
5082,Gangu,0,0,no_in_area_point_not_no_transport
5083,Walikale,1,0,directory_points_only
5084,Souk Ahras,0,0,no_in_area_point_not_no_transport
5086,Hossana,0,0,no_in_area_point_not_no_transport
5087,Milton Keynes,11,0,directory_points_only
5089,Faridkot,0,0,no_in_area_point_not_no_transport
5090,Behbahan,1,0,directory_points_only
5091,Hamamatsu,25,0,directory_points_only
5093,Kengtung,0,0,no_in_area_point_not_no_transport
5094,Wurno,0,0,no_in_area_point_not_no_transport
5095,Kamra,2,0,directory_points_only
5096,Yessentuki,1,0,directory_points_only
5097,Kilis,1,0,directory_points_only
5098,McAllen,28,1,directory_points_only
5100,Ituiutaba,1,0,directory_points_only
5101,Baoshan,2,1,directory_points_only
5102,Elila,0,0,no_in_area_point_not_no_transport
5103,Tebessa,1,1,directory_points_only
5104,Zayyan,0,0,no_in_area_point_not_no_transport
5105,Boditi,0,0,no_in_area_point_not_no_transport
5106,Aylesbury,11,0,directory_points_only
5107,Bandung,4,1,directory_points_only
5108,Malout,0,0,no_in_area_point_not_no_transport
5109,Shahr-e Kord,0,0,no_in_area_point_not_no_transport
5112,War Kha Yu,0,0,no_in_area_point_not_no_transport
5113,Lafiagi,0,0,no_in_area_point_not_no_transport
5114,Sanghar,0,0,no_in_area_point_not_no_transport
5115,Pyatigorsk,1,0,directory_points_only
5118,Đồng Xoài,0,0,no_in_area_point_not_no_transport
5119,Anápolis,8,0,directory_points_only
5120,Dorbod,0,0,no_in_area_point_not_no_transport
5121,Kilwa,1,0,directory_points_only
5122,Bir El Ater,0,0,no_in_area_point_not_no_transport
5123,Kafr al Hajj Shirbini,0,0,no_in_area_point_not_no_transport
5124,UNNAMED,0,0,no_in_area_point_not_no_transport
5125,Blackwater,6,0,directory_points_only
5127,Sayla,0,0,no_in_area_point_not_no_transport
5128,Babol,0,0,no_in_area_point_not_no_transport
5129,Tokyo,1053,3,directory_points_only
5132,Rioverde,0,0,no_in_area_point_not_no_transport
5133,Ye,0,0,no_in_area_point_not_no_transport
5134,Mara-Mawa,0,0,no_in_area_point_not_no_transport
5135,Wan Bhachran,0,0,no_in_area_point_not_no_transport
5136,Mineralnye Vody,1,1,directory_points_only
5137,Gaziantep,1,1,directory_points_only
5138,Spokane,30,1,directory_points_only
5139,Go Cong,0,0,no_in_area_point_not_no_transport
5140,União da Vitória,1,1,directory_points_only
5141,Dongsheng,0,0,no_in_area_point_not_no_transport
5142,Kamituga,0,0,no_in_area_point_not_no_transport
5143,Beni Suef,1,0,directory_points_only
5144,Waliso,0,0,no_in_area_point_not_no_transport
5146,Mandalakasih,0,0,no_in_area_point_not_no_transport
5147,Amreli,1,0,directory_points_only
5148,Dehdasht,0,0,no_in_area_point_not_no_transport
5149,Utsunomiya,18,0,directory_points_only
5151,Myawaddy,0,0,no_in_area_point_not_no_transport
5152,Kontagora,0,0,no_in_area_point_not_no_transport
5153,Topi,0,0,no_in_area_point_not_no_transport
5154,Elista,0,0,no_in_area_point_not_no_transport
5155,Malatya,2,0,directory_points_only
5156,Idaho Falls,3,1,directory_points_only
5157,Hoi An,0,0,no_in_area_point_not_no_transport
5158,Lajeado,1,0,directory_points_only
5159,Ordos,0,0,no_in_area_point_not_no_transport
5160,Mutabi,0,0,no_in_area_point_not_no_transport
5162,Durame,0,0,no_in_area_point_not_no_transport
5165,Diu,0,0,no_in_area_point_not_no_transport
5166,Lordegan,0,0,no_in_area_point_not_no_transport
5168,Tepetlixpa,0,0,no_in_area_point_not_no_transport
5169,Tachileik,1,1,directory_points_only
5170,Ise,0,0,no_in_area_point_not_no_transport
5171,Dera Ghazi Khan,0,0,no_in_area_point_not_no_transport
5172,Syzran,0,0,no_in_area_point_not_no_transport
5173,Nizip,0,0,no_in_area_point_not_no_transport
5174,Brownsville,12,1,directory_points_only
5175,Hiệp Phước,0,0,no_in_area_point_not_no_transport
5176,Itumbiara,0,0,no_in_area_point_not_no_transport
5177,Lijiang,0,0,no_in_area_point_not_no_transport
5178,Kasenga,0,0,no_in_area_point_not_no_transport
5180,Gojo Town,0,0,no_in_area_point_not_no_transport
5182,Garut,0,0,no_in_area_point_not_no_transport
5184,Harij,0,0,no_in_area_point_not_no_transport
5185,Najafabad,0,0,no_in_area_point_not_no_transport
5188,Payathonzu,0,0,no_in_area_point_not_no_transport
5189,Dirinbaji,0,0,no_in_area_point_not_no_transport
5190,Kot Chutta,0,0,no_in_area_point_not_no_transport
5191,Glazov,1,0,directory_points_only
5192,Adiyaman,0,0,no_in_area_point_not_no_transport
5193,Lubbock,16,1,directory_points_only
5194,Kon Tum,1,0,directory_points_only
5195,Marília,2,1,directory_points_only
5196,Uxin Banner,0,0,no_in_area_point_not_no_transport
5197,Dungu,0,0,no_in_area_point_not_no_transport
5199,UNNAMED,0,0,no_in_area_point_not_no_transport
5201,Subang,0,0,no_in_area_point_not_no_transport
5202,Hanumanangarh Junction,0,0,no_in_area_point_not_no_transport
5203,Qaem Shahr,1,0,directory_points_only
5206,Dawei,1,1,directory_points_only
5207,Ribah,0,0,no_in_area_point_not_no_transport
5208,Battagram,0,0,no_in_area_point_not_no_transport
5209,Balakovo,0,0,no_in_area_point_not_no_transport
5211,San Angelo,4,0,directory_points_only
5212,Phú Mỹ,0,0,no_in_area_point_not_no_transport
5213,Caçador,1,0,directory_points_only
5214,Qin'an,0,0,no_in_area_point_not_no_transport
5215,Misisi,0,0,no_in_area_point_not_no_transport
5217,Gut'O,0,0,no_in_area_point_not_no_transport
5220,Surendranagar,0,0,no_in_area_point_not_no_transport
5221,Zarrinshahr,0,0,no_in_area_point_not_no_transport
5222,Shizuoka,47,1,directory_points_only
5223,Matehuala,1,0,directory_points_only
5224,Myeik,1,1,directory_points_only
5225,Koko Town,0,0,no_in_area_point_not_no_transport
5226,Ghāzi,0,0,no_in_area_point_not_no_transport
5227,Georgiyevsk,0,0,no_in_area_point_not_no_transport
5228,Trabzon,3,1,directory_points_only
5229,San Antonio,112,1,directory_points_only
5230,Gia Kiệm,0,0,no_in_area_point_not_no_transport
5231,Lins,1,0,directory_points_only
5232,Tumed Left Banner,1,0,directory_points_only
5233,Pweto,0,0,no_in_area_point_not_no_transport
5235,Dejen,0,0,no_in_area_point_not_no_transport
5236,Corby,13,0,directory_points_only
5238,Una,0,0,no_in_area_point_not_no_transport
5239,Shahin Shahr,0,0,no_in_area_point_not_no_transport
5240,Oyama,5,0,directory_points_only
5242,Kawthaung,0,0,no_in_area_point_not_no_transport
5244,Pindi Gheb,0,0,no_in_area_point_not_no_transport
5245,Dimitrovgrad,0,0,no_in_area_point_not_no_transport
5246,Kahta,0,0,no_in_area_point_not_no_transport
5247,Corpus Christi,24,1,directory_points_only
5248,Cây Xăng,0,0,no_in_area_point_not_no_transport
5249,São José do Rio Preto,5,1,directory_points_only
5250,Zhuanglang,0,0,no_in_area_point_not_no_transport
5251,Mululu,1,0,directory_points_only
5253,Shone,0,0,no_in_area_point_not_no_transport
5254,Scunthorpe,5,0,directory_points_only
5256,Pathankot,1,1,directory_points_only
5257,Fuladshahr,0,0,no_in_area_point_not_no_transport
5258,Mishima,25,0,directory_points_only
5259,Atlixco,1,0,directory_points_only
5260,Ikole,0,0,no_in_area_point_not_no_transport
5261,Jampur,0,0,no_in_area_point_not_no_transport
5262,Tolyatti,0,0,no_in_area_point_not_no_transport
5263,Suruç,0,0,no_in_area_point_not_no_transport
5264,Pueblo,3,0,directory_points_only
5265,Tam Kỳ,0,0,no_in_area_point_not_no_transport
5266,Ourinhos,0,0,no_in_area_point_not_no_transport
5267,Jiagedaqi,0,0,no_in_area_point_not_no_transport
5268,Bukavu,0,0,no_in_area_point_not_no_transport
5269,Mallawi,0,0,no_in_area_point_not_no_transport
5270,Bechena,0,0,no_in_area_point_not_no_transport
5272,Sumuradem,0,0,no_in_area_point_not_no_transport
5273,Deesa,0,0,no_in_area_point_not_no_transport
5274,Sari,0,0,no_in_area_point_not_no_transport
5275,泉町黒須野,3,0,directory_points_only
5277,Egbe,0,0,no_in_area_point_not_no_transport
5278,Rajanpur,0,0,no_in_area_point_not_no_transport
5279,Baksan,0,0,no_in_area_point_not_no_transport
5280,Erzincan,0,0,no_in_area_point_not_no_transport
5281,Amarillo,8,1,directory_points_only
5282,Pleiku,1,1,directory_points_only
5283,Açailândia,1,0,directory_points_only
5284,Tianshui,1,1,directory_points_only
5285,Rubaya,0,0,no_in_area_point_not_no_transport
5287,Gezaber,0,0,no_in_area_point_not_no_transport
5288,London,78,4,directory_points_only
5290,Kotkapura,0,0,no_in_area_point_not_no_transport
5291,Isfahan,2,0,directory_points_only
5293,Pachuca,4,0,directory_points_only
5294,Benin City,1,1,directory_points_only
5295,Kot Addu,1,0,directory_points_only
5296,Budyonnovsk,0,0,no_in_area_point_not_no_transport
5297,Elazig,1,1,directory_points_only
5298,Abilene,8,1,directory_points_only
5299,Vung Tau,1,0,directory_points_only
5300,Bento Gonçalves,2,0,directory_points_only
5301,Xihe,0,0,no_in_area_point_not_no_transport
5302,Kamanyola,0,0,no_in_area_point_not_no_transport
5304,Mertule Mariam,0,0,no_in_area_point_not_no_transport
5306,Tasikmalaya,1,0,directory_points_only
5307,Nokha,0,0,no_in_area_point_not_no_transport
5308,Dogonbadan,0,0,no_in_area_point_not_no_transport
5309,Mito,21,0,directory_points_only
5310,Texmelucan,2,0,directory_points_only
5311,Owo,0,0,no_in_area_point_not_no_transport
5312,Wah Cantonment,0,0,no_in_area_point_not_no_transport
5313,Nalchik,1,1,directory_points_only
5314,Şanlıurfa,1,0,directory_points_only
5315,Colorado Springs,15,1,directory_points_only
5317,Pelotas,2,1,directory_points_only
5318,Longnan,0,0,no_in_area_point_not_no_transport
5319,Butondo,0,0,no_in_area_point_not_no_transport
5320,Al-Zaqaziq‎,0,0,no_in_area_point_not_no_transport
5321,Ginsi,0,0,no_in_area_point_not_no_transport
5322,Lincoln,25,0,directory_points_only
5323,Tanjung Pandan,0,0,no_in_area_point_not_no_transport
5324,Jodhpur,1,1,directory_points_only
5325,Bandar Ganaveh,0,0,no_in_area_point_not_no_transport
5327,Puebla,18,1,directory_points_only
5328,Goronyo,0,0,no_in_area_point_not_no_transport
5331,Akçakale,0,0,no_in_area_point_not_no_transport
5332,Denver,122,2,directory_points_only
5333,Long Khanh,1,0,directory_points_only
5334,Imperatriz,4,1,directory_points_only
5335,Hohhot,1,1,directory_points_only
5336,Mambasa,0,0,no_in_area_point_not_no_transport
5338,Alaba Kulito,0,0,no_in_area_point_not_no_transport
5341,Jalore,0,0,no_in_area_point_not_no_transport
5344,Saltillo,0,0,no_in_area_point_not_no_transport
5345,Sapele,0,0,no_in_area_point_not_no_transport
5346,Mithankot,0,0,no_in_area_point_not_no_transport
5347,Prokhladny,0,0,no_in_area_point_not_no_transport
5348,Rize,1,0,directory_points_only
5349,Austin,120,2,directory_points_only
5350,Đăk Mil,1,0,directory_points_only
5351,Paragominas,0,0,no_in_area_point_not_no_transport
5352,Pingliang,0,0,no_in_area_point_not_no_transport
5353,Baraka,0,0,no_in_area_point_not_no_transport
5355,Tulu Bolo,0,0,no_in_area_point_not_no_transport
5356,Luton,3,1,directory_points_only
5359,Neka,0,0,no_in_area_point_not_no_transport
5360,Kamisu,4,0,directory_points_only
5361,Huajuapan,1,0,directory_points_only
5363,Sadiqabad,1,0,directory_points_only
5364,Nizhnekamsk,0,0,no_in_area_point_not_no_transport
5365,Siverek,0,0,no_in_area_point_not_no_transport
5367,Định Quán,0,0,no_in_area_point_not_no_transport
5368,Ponta Grossa,3,0,directory_points_only
5370,Sake,0,0,no_in_area_point_not_no_transport
5372,Nefas Meewcha,0,0,no_in_area_point_not_no_transport
5373,Bedford,11,0,directory_points_only
5375,Patan,0,0,no_in_area_point_not_no_transport
5376,Baharestan,0,0,no_in_area_point_not_no_transport
5377,Mobara,3,0,directory_points_only
5379,Warri,1,1,directory_points_only
5380,Mirpur Khas,0,0,no_in_area_point_not_no_transport
5382,Ergani,0,0,no_in_area_point_not_no_transport
5383,Longmont,15,0,directory_points_only
5384,Ngai Giao,0,0,no_in_area_point_not_no_transport
5385,Águas Lindas de Goiás,1,0,directory_points_only
5386,Zhangjiachuan,0,0,no_in_area_point_not_no_transport
5387,Kalemie,0,0,no_in_area_point_not_no_transport
5389,Gorabee,0,0,no_in_area_point_not_no_transport
5391,Indramayu,0,0,no_in_area_point_not_no_transport
5392,Kundla,0,0,no_in_area_point_not_no_transport
5393,Behshahr,1,0,directory_points_only
5395,Omuo-Obadore,0,0,no_in_area_point_not_no_transport
5396,Haripur,0,0,no_in_area_point_not_no_transport
5398,Viranşehir,0,0,no_in_area_point_not_no_transport
5399,Killeen,16,1,directory_points_only
5400,Tan Phu,0,0,no_in_area_point_not_no_transport
5401,Caldas Novas,1,1,directory_points_only
5402,Dali,0,0,no_in_area_point_not_no_transport
5403,Uvira,0,0,no_in_area_point_not_no_transport
5405,Kokir,0,0,no_in_area_point_not_no_transport
5406,Brighton,23,0,directory_points_only
5407,Cirebon,1,0,directory_points_only
5408,Chanasma,0,0,no_in_area_point_not_no_transport
5409,Bagh-e Zahra,3,1,directory_points_only
5410,Ramos Arizpe,1,1,directory_points_only
5411,Igbe,0,0,no_in_area_point_not_no_transport
5412,Fateh Jang,0,0,no_in_area_point_not_no_transport
5413,Samara,3,0,directory_points_only
5414,Diyarbakir,4,1,directory_points_only
5415,Loveland,4,0,directory_points_only
5416,Chư Sê,0,0,no_in_area_point_not_no_transport
5417,Santo Antônio do Descoberto,0,0,no_in_area_point_not_no_transport
5418,Qingshui,0,0,no_in_area_point_not_no_transport
5419,Goma,1,1,directory_points_only
5421,Axum,0,0,no_in_area_point_not_no_transport
5422,Hull,14,0,directory_points_only
5424,Bechraji,0,0,no_in_area_point_not_no_transport
5425,Shahreza,0,0,no_in_area_point_not_no_transport
5428,Badin,0,0,no_in_area_point_not_no_transport
5429,Izhevsk,1,1,directory_points_only
5430,Bingöl,1,0,directory_points_only
5431,Fort Collins,14,0,directory_points_only
5432,Buôn Ma Thuột,0,0,no_in_area_point_not_no_transport
5433,Caxias do Sul,5,1,directory_points_only
5434,Togtoh,0,0,no_in_area_point_not_no_transport
5435,Kirumba,0,0,no_in_area_point_not_no_transport
5437,Aleltu,0,0,no_in_area_point_not_no_transport
5440,Botad,0,0,no_in_area_point_not_no_transport
5442,Tulancingo,0,0,no_in_area_point_not_no_transport
5443,Pategi,0,0,no_in_area_point_not_no_transport
5444,Kot Najib Ullah,0,0,no_in_area_point_not_no_transport
5447,Greeley,6,0,directory_points_only
5448,Quảng Ngãi,1,0,directory_points_only
5449,Rio Grande,2,0,directory_points_only
5450,Huating,0,0,no_in_area_point_not_no_transport
5451,Kanyabayonga,0,0,no_in_area_point_not_no_transport
5453,Yabelo,0,0,no_in_area_point_not_no_transport
5454,Peterborough,20,0,directory_points_only
5455,Kuningan,0,0,no_in_area_point_not_no_transport
5456,Kapurthala,0,0,no_in_area_point_not_no_transport
5457,Ab Pakhsh,1,0,directory_points_only
5458,Monclova,2,0,directory_points_only
5460,Rahimyar Khan,1,1,directory_points_only
5461,Naberezhnye Chelny,1,0,directory_points_only
5462,Erzurum,2,0,directory_points_only
5463,Waco,28,1,directory_points_only
5464,Quảng Phú,0,0,no_in_area_point_not_no_transport
5465,Ceilândia,23,0,directory_points_only
5466,Jingbian,0,0,no_in_area_point_not_no_transport
5467,Butembo,1,0,directory_points_only
5469,Dalocha,0,0,no_in_area_point_not_no_transport
5471,Banjar,0,0,no_in_area_point_not_no_transport
5472,Mandi Dabwali,0,0,no_in_area_point_not_no_transport
5474,Ciudad Valles,2,0,directory_points_only
5476,Munda,0,0,no_in_area_point_not_no_transport
5477,Vladikavkaz,1,0,directory_points_only
5478,Kızıltepe,1,1,directory_points_only
5479,Cheyenne,4,1,directory_points_only
5480,Bảo Lộc,0,0,no_in_area_point_not_no_transport
5482,Datian,0,0,no_in_area_point_not_no_transport
5483,Beni,1,0,directory_points_only
5485,Gebre gurach,0,0,no_in_area_point_not_no_transport
5486,Stevenage,7,0,directory_points_only
5487,Ciherang,0,0,no_in_area_point_not_no_transport
5488,Ahore,0,0,no_in_area_point_not_no_transport
5489,Semnan,2,0,directory_points_only
5490,Huamantla,0,0,no_in_area_point_not_no_transport
5491,Isanlu Mopo,0,0,no_in_area_point_not_no_transport
5492,Talagang,0,0,no_in_area_point_not_no_transport
5493,Nazran,0,0,no_in_area_point_not_no_transport
5494,Batman,1,1,directory_points_only
5495,Wichita Falls,8,0,directory_points_only
5496,La Gi,0,0,no_in_area_point_not_no_transport
5497,Guaíba,0,0,no_in_area_point_not_no_transport
5498,Yingjing,0,0,no_in_area_point_not_no_transport
5499,Butusande,0,0,no_in_area_point_not_no_transport
5501,Addis Alem,0,0,no_in_area_point_not_no_transport
5504,Limbdi,0,0,no_in_area_point_not_no_transport
5505,Yasuj,2,0,directory_points_only
5506,Huauchinango,0,0,no_in_area_point_not_no_transport
5507,Ekinrin,0,0,no_in_area_point_not_no_transport
5509,Votkinsk,0,0,no_in_area_point_not_no_transport
5510,Muş,1,0,directory_points_only
5511,Houston,359,2,directory_points_only
5512,An Khê,0,0,no_in_area_point_not_no_transport
5513,Catanduva,3,0,directory_points_only
5514,Dujiangyan,1,0,directory_points_only
5515,Oicha,0,0,no_in_area_point_not_no_transport
5517,ቡሌ ሆራ / Bule Hora,0,0,no_in_area_point_not_no_transport
5518,Grimsby,9,0,directory_points_only
5520,Moga,0,0,no_in_area_point_not_no_transport
5521,Bandar-e Torkaman,0,0,no_in_area_point_not_no_transport
5522,Tehuacán,1,0,directory_points_only
5523,Oburigbene,0,0,no_in_area_point_not_no_transport
5524,Digri,0,0,no_in_area_point_not_no_transport
5525,Sunzha,1,1,directory_points_only
5526,Qamishli,0,0,no_in_area_point_not_no_transport
5527,College Station,8,1,directory_points_only
5528,Ea Kar,0,0,no_in_area_point_not_no_transport
5529,Novo Hamburgo,4,0,directory_points_only
5530,Ya'an,0,0,no_in_area_point_not_no_transport
5531,Kalimva,0,0,no_in_area_point_not_no_transport
5533,The State Of Tigray,0,0,no_in_area_point_not_no_transport
5535,Majenang,0,0,no_in_area_point_not_no_transport
5536,Palanpur,0,0,no_in_area_point_not_no_transport
5537,Nurabad Mamasani,0,0,no_in_area_point_not_no_transport
5538,García,0,0,no_in_area_point_not_no_transport
5539,Bena,0,0,no_in_area_point_not_no_transport
5541,Almetyevsk,0,0,no_in_area_point_not_no_transport
5542,Midyat,0,0,no_in_area_point_not_no_transport
5543,Dallas,464,3,directory_points_only
5544,Đinh Văn,0,0,no_in_area_point_not_no_transport
5545,Gama,2,0,directory_points_only
5546,Fengqing County,0,0,no_in_area_point_not_no_transport
5547,Nyamilima,0,0,no_in_area_point_not_no_transport
5549,Gedeb,0,0,no_in_area_point_not_no_transport
5550,Cambridge,24,0,directory_points_only
5552,Viramgam,0,0,no_in_area_point_not_no_transport
5553,Gorgan,0,0,no_in_area_point_not_no_transport
5554,Monterrey,32,1,directory_points_only
5555,Bida,1,0,directory_points_only
5556,Balakot,0,0,no_in_area_point_not_no_transport
5557,Sarapul,0,0,no_in_area_point_not_no_transport
5558,Siirt,0,0,no_in_area_point_not_no_transport
5559,Lawton,7,1,directory_points_only
5560,Phan Thiet,1,0,directory_points_only
5562,Binchuan,0,0,no_in_area_point_not_no_transport
5563,Ndalama,0,0,no_in_area_point_not_no_transport
5565,Butajira,0,0,no_in_area_point_not_no_transport
5566,Royal Tunbridge Wells,2,0,directory_points_only
5567,Tegal,0,0,no_in_area_point_not_no_transport
5568,Bathinda,0,0,no_in_area_point_not_no_transport
5569,Kazerun,0,0,no_in_area_point_not_no_transport
5570,Ciudad Mante,1,0,directory_points_only
5571,Aiyetoro,0,0,no_in_area_point_not_no_transport
5572,Abbottabad,16,0,directory_points_only
5573,Berezniki,0,0,no_in_area_point_not_no_transport
5574,Kars,1,1,directory_points_only
5576,Tam Quan,0,0,no_in_area_point_not_no_transport
5578,Hengshan,0,0,no_in_area_point_not_no_transport
5579,Makosa,0,0,no_in_area_point_not_no_transport
5581,Dilla,0,0,no_in_area_point_not_no_transport
5582,Eastbourne,7,0,directory_points_only
5583,Cilacap,1,1,directory_points_only
5584,Siddhapur,0,0,no_in_area_point_not_no_transport
5585,Aghghala,0,0,no_in_area_point_not_no_transport
5586,Oaxaca,1,1,directory_points_only
5587,Ughelli,0,0,no_in_area_point_not_no_transport
5588,Muzaffargarh,0,0,no_in_area_point_not_no_transport
5589,Grozny,1,0,directory_points_only
5590,Tatvan,1,0,directory_points_only
5592,Phú Phong,0,0,no_in_area_point_not_no_transport
5593,Porto Alegre,15,1,directory_points_only
5594,Chengxian,0,0,no_in_area_point_not_no_transport
5595,Mongbwalu,0,0,no_in_area_point_not_no_transport
5597,Adwa,0,0,no_in_area_point_not_no_transport
5599,Pagojengan,0,0,no_in_area_point_not_no_transport
5600,Rajula,0,0,no_in_area_point_not_no_transport
5601,Aliabad-e Katul,0,0,no_in_area_point_not_no_transport
5602,Orizaba,0,0,no_in_area_point_not_no_transport
5603,Mafara,0,0,no_in_area_point_not_no_transport
5604,Havelian,1,0,directory_points_only
5605,Bugulma,0,0,no_in_area_point_not_no_transport
5606,Ağrı,0,0,no_in_area_point_not_no_transport
5608,Dalat,1,0,directory_points_only
5610,Dayi,1,0,directory_points_only
5611,Bunia,1,1,directory_points_only
5613,Damietta,0,0,no_in_area_point_not_no_transport
5614,Ejere,0,0,no_in_area_point_not_no_transport
5615,Chelmsford,9,0,directory_points_only
5617,Jalandhar,1,0,directory_points_only
5618,Abadeh,0,0,no_in_area_point_not_no_transport
5619,Ciudad Victoria,3,0,directory_points_only
5620,Kabba,0,0,no_in_area_point_not_no_transport
5621,Rawalpindi [Islamabad],4,0,directory_points_only
5622,Kultaevo,1,1,directory_points_only
5623,Patnos,0,0,no_in_area_point_not_no_transport
5624,Billings,13,1,directory_points_only
5625,Liên Khương,1,1,directory_points_only
5626,Bauru,3,0,directory_points_only
5627,Jungar,0,0,no_in_area_point_not_no_transport
5628,Iga Barriere,0,0,no_in_area_point_not_no_transport
5629,Beni Adi,0,0,no_in_area_point_not_no_transport
5630,ፊንጫዋ / Finchawa,0,0,no_in_area_point_not_no_transport
5631,St Leonards,2,0,directory_points_only
5633,Sri Dungargarh,0,0,no_in_area_point_not_no_transport
5634,Gonbad-e Qabus,0,0,no_in_area_point_not_no_transport
5635,Cadereyta Jiménez,0,0,no_in_area_point_not_no_transport
5636,Ekpoma,0,0,no_in_area_point_not_no_transport
5637,Alipur,0,0,no_in_area_point_not_no_transport
5638,Neftekamsk,0,0,no_in_area_point_not_no_transport
5639,Cizre,0,0,no_in_area_point_not_no_transport
5641,Quy Nhơn,0,0,no_in_area_point_not_no_transport
5643,Qionglai,0,0,no_in_area_point_not_no_transport
5644,Ariwara,0,0,no_in_area_point_not_no_transport
5645,An Nazlah,1,0,directory_points_only
5646,Chucko,0,0,no_in_area_point_not_no_transport
5649,Shihi Village,0,0,no_in_area_point_not_no_transport
5650,Azadshahr,0,0,no_in_area_point_not_no_transport
5651,San Luis,0,0,no_in_area_point_not_no_transport
5652,Ekogboro,0,0,no_in_area_point_not_no_transport
5653,Garhi Habibullah,0,0,no_in_area_point_not_no_transport
5654,Perm,2,0,directory_points_only
5655,Şırnak,0,0,no_in_area_point_not_no_transport
5657,Phan Rí Cửa,0,0,no_in_area_point_not_no_transport
5659,Midu,0,0,no_in_area_point_not_no_transport
5660,Jupujuro-sii,0,0,no_in_area_point_not_no_transport
5662,Holeta,0,0,no_in_area_point_not_no_transport
5665,Mahesana,1,0,directory_points_only
5666,Shiraz,1,1,directory_points_only
5667,Teziutlán,1,0,directory_points_only
5668,Enwan,0,0,no_in_area_point_not_no_transport
5669,Khanpur,1,0,directory_points_only
5671,Silopi,0,0,no_in_area_point_not_no_transport
5672,Port Arthur,24,1,directory_points_only
5673,Tuy Hòa,0,0,no_in_area_point_not_no_transport
5674,Bragança,1,0,directory_points_only
5675,Xiangyun,0,0,no_in_area_point_not_no_transport
5676,Aru,0,0,no_in_area_point_not_no_transport
5678,T'Ora,0,0,no_in_area_point_not_no_transport
5679,Southend-on-Sea,6,1,directory_points_only
5680,Purwokerto,1,0,directory_points_only
5681,Nagaur,1,0,directory_points_only
5682,Shahrud,2,0,directory_points_only
5683,General Zuazua,0,0,no_in_area_point_not_no_transport
5684,Okene,0,0,no_in_area_point_not_no_transport
5685,Khushab,0,0,no_in_area_point_not_no_transport
5686,Astrakhan,3,1,directory_points_only
5687,Erciş,0,0,no_in_area_point_not_no_transport
5689,Ninh Hòa,0,0,no_in_area_point_not_no_transport
5691,Horinger,0,0,no_in_area_point_not_no_transport
5692,Mahagi,0,0,no_in_area_point_not_no_transport
5694,Yirgalem,0,0,no_in_area_point_not_no_transport
5695,Colchester,21,0,directory_points_only
5698,Raman Mandi,0,0,no_in_area_point_not_no_transport
5699,Gilan Tappeh,0,0,no_in_area_point_not_no_transport
5700,Linares,0,0,no_in_area_point_not_no_transport
5701,Agbor,0,0,no_in_area_point_not_no_transport
5702,Gilgit,2,1,directory_points_only
5703,Oktjabrski,0,0,no_in_area_point_not_no_transport
5704,Van,1,1,directory_points_only
5705,Oklahoma City,74,1,directory_points_only
5706,Nha Trang,1,0,directory_points_only
5707,Luziânia,1,0,directory_points_only
5710,Filakit Gereger,0,0,no_in_area_point_not_no_transport
5711,Ashford,13,0,directory_points_only
5713,Asop,0,0,no_in_area_point_not_no_transport
5714,Kangan Seaport,1,0,directory_points_only
5715,Córdoba,2,0,directory_points_only
5716,Obinomba,0,0,no_in_area_point_not_no_transport
5717,Multan,1,1,directory_points_only
5718,Сылва,0,0,no_in_area_point_not_no_transport
5719,Iğdır,0,0,no_in_area_point_not_no_transport
5721,Vạn Giã,0,0,no_in_area_point_not_no_transport
5723,Chengdu,5,1,directory_points_only
5725,Enseno,0,0,no_in_area_point_not_no_transport
5726,Canterbury,4,0,directory_points_only
5728,Sirohi,0,0,no_in_area_point_not_no_transport
5729,Marvdasht,0,0,no_in_area_point_not_no_transport
5730,Poza Rica,3,1,directory_points_only
5731,Irri,0,0,no_in_area_point_not_no_transport
5732,Muzaffarabad,2,1,directory_points_only
5733,Kizlyar,0,0,no_in_area_point_not_no_transport
5734,Doğubayazıt,0,0,no_in_area_point_not_no_transport
5735,Longview,13,1,directory_points_only
5736,Phan Rang - Tháp Chàm,0,0,no_in_area_point_not_no_transport
5737,Sobradinho,1,0,directory_points_only
5738,Hangyulu,1,0,directory_points_only
5740,Aletawendo,0,0,no_in_area_point_not_no_transport
5741,Ipswich,12,0,directory_points_only
5743,Kadi,0,0,no_in_area_point_not_no_transport
5744,Firuzabad,1,0,directory_points_only
5745,Coatepec,0,0,no_in_area_point_not_no_transport
5746,Agwa,0,0,no_in_area_point_not_no_transport
5747,Shujaabad,0,0,no_in_area_point_not_no_transport
5748,Tujmazy,0,0,no_in_area_point_not_no_transport
5749,Hakkâri,0,0,no_in_area_point_not_no_transport
5750,Lake Charles,22,1,directory_points_only
5751,Cam Ranh,0,0,no_in_area_point_not_no_transport
5752,Uberlândia,6,1,directory_points_only
5755,Morocho,0,0,no_in_area_point_not_no_transport
5756,Folkestone,7,0,directory_points_only
5757,Pemangkat,0,0,no_in_area_point_not_no_transport
5758,Abu Road,1,0,directory_points_only
5759,Ardakan,1,0,directory_points_only
5760,Papantla de Olarte,0,0,no_in_area_point_not_no_transport
5761,Magagindoke,0,0,no_in_area_point_not_no_transport
5763,Buzuluk,1,0,directory_points_only
5764,Yüksekova,0,0,no_in_area_point_not_no_transport
5765,Shreveport,27,1,directory_points_only
5766,Barretos,0,0,no_in_area_point_not_no_transport
5767,Longxian,0,0,no_in_area_point_not_no_transport
5769,Hawassa,1,0,directory_points_only
5770,Norwich,27,1,directory_points_only
5771,Singkawang,0,0,no_in_area_point_not_no_transport
5772,Pali,0,0,no_in_area_point_not_no_transport
5773,Yazd,2,1,directory_points_only
5774,Xalapa,5,0,directory_points_only
5775,Ozoro,0,0,no_in_area_point_not_no_transport
5776,Chakwal,1,0,directory_points_only
5777,Khasavyurt,0,0,no_in_area_point_not_no_transport
5779,Lages,2,1,directory_points_only
5780,Yun,0,0,no_in_area_point_not_no_transport
5781,Asyut,1,0,directory_points_only
5782,Bui,0,0,no_in_area_point_not_no_transport
5783,Margate,3,0,directory_points_only
5785,Visnagar,0,0,no_in_area_point_not_no_transport
5786,Ashkhaneh,0,0,no_in_area_point_not_no_transport
5787,Túxpam,1,0,directory_points_only
5788,Auchi,0,0,no_in_area_point_not_no_transport
5789,Farzand,0,0,no_in_area_point_not_no_transport
5790,Lysva,0,0,no_in_area_point_not_no_transport
5791,Wichita,49,1,directory_points_only
5792,Itapoã,0,0,no_in_area_point_not_no_transport
5793,Mianzhu,0,0,no_in_area_point_not_no_transport
5794,Al-Manzala,0,0,no_in_area_point_not_no_transport
5795,Gundo Meskel,0,0,no_in_area_point_not_no_transport
5796,Great Yarmouth,4,0,directory_points_only
5797,Kebumen,0,0,no_in_area_point_not_no_transport
5798,Jagraon,0,0,no_in_area_point_not_no_transport
5799,Fasa,0,0,no_in_area_point_not_no_transport
5800,Martínez de la Torre,1,0,directory_points_only
5801,Brass,0,0,no_in_area_point_not_no_transport
5802,Rana Khemraj,0,0,no_in_area_point_not_no_transport
5803,Buynaksk,0,0,no_in_area_point_not_no_transport
5804,Tulsa,56,1,directory_points_only
5805,Ibitinga,0,0,no_in_area_point_not_no_transport
5806,Qingyang,0,0,no_in_area_point_not_no_transport
5808,Fital,0,0,no_in_area_point_not_no_transport
5809,Lowestoft,3,0,directory_points_only
5810,Pekalongan,0,0,no_in_area_point_not_no_transport
5811,Piparcity,0,0,no_in_area_point_not_no_transport
5812,Jahrom,0,0,no_in_area_point_not_no_transport
5813,Tampico,3,1,directory_points_only
5814,Yenagoa,0,0,no_in_area_point_not_no_transport
5815,Kahuta,0,0,no_in_area_point_not_no_transport
5816,Makhachkala,1,0,directory_points_only
5817,Lafayette,63,1,directory_points_only
5818,São Sebastião,2,0,directory_points_only
5819,蒲江县,0,0,no_in_area_point_not_no_transport
5820,9th,0,0,no_in_area_point_not_no_transport
5821,Addis Ababa,3,1,directory_points_only
5823,Palitana,0,0,no_in_area_point_not_no_transport
5824,Bojnurd,2,1,directory_points_only
5826,Agaie,0,0,no_in_area_point_not_no_transport
5827,Ahmadpur East,0,0,no_in_area_point_not_no_transport
5829,Fort Smith,10,1,directory_points_only
5830,Araguari,1,0,directory_points_only
5831,Shenmu,0,0,no_in_area_point_not_no_transport
5833,Melkane Selam,0,0,no_in_area_point_not_no_transport
5834,Pontianak,2,1,directory_points_only
5835,Sumerpur,0,0,no_in_area_point_not_no_transport
5836,Esfarayen,1,0,directory_points_only
5837,Tierra Blanca,1,0,directory_points_only
5838,Uromi,0,0,no_in_area_point_not_no_transport
5839,Sargodha,1,0,directory_points_only
5840,Serov,0,0,no_in_area_point_not_no_transport
5841,Houma,23,0,directory_points_only
5842,Planaltina,0,0,no_in_area_point_not_no_transport
5843,Shifang,0,0,no_in_area_point_not_no_transport
5845,Lemen,0,0,no_in_area_point_not_no_transport
5846,Purworejo,0,0,no_in_area_point_not_no_transport
5847,Hoshiarpur,0,0,no_in_area_point_not_no_transport
5848,Shirvan,0,0,no_in_area_point_not_no_transport
5849,Tuxtepec,2,0,directory_points_only
5850,Owerre,0,0,no_in_area_point_not_no_transport
5851,Kabirwala,0,0,no_in_area_point_not_no_transport
5853,Baton Rouge,60,1,directory_points_only
5854,Planaltina,0,0,no_in_area_point_not_no_transport
5855,Xilinhot,1,1,directory_points_only
5856,Kafr al Hawi,0,0,no_in_area_point_not_no_transport
5857,Wogdi,0,0,no_in_area_point_not_no_transport
5859,Mahuva,0,0,no_in_area_point_not_no_transport
5860,Darab,1,0,directory_points_only
5861,Veracruz,8,1,directory_points_only
5862,Isa,0,0,no_in_area_point_not_no_transport
5863,Gujar Khan,0,0,no_in_area_point_not_no_transport
5864,Ufa,2,0,directory_points_only
5865,New Orleans,49,1,directory_points_only
5866,Campo Largo,4,0,directory_points_only
5867,Hongya,0,0,no_in_area_point_not_no_transport
5868,Dayr Abu Maqrufah,0,0,no_in_area_point_not_no_transport
5869,Agre Salam,0,0,no_in_area_point_not_no_transport
5871,Phagwara,0,0,no_in_area_point_not_no_transport
5872,Shahr-e Babak,0,0,no_in_area_point_not_no_transport
5875,Jhang,0,0,no_in_area_point_not_no_transport
5876,Yugorsk,0,0,no_in_area_point_not_no_transport
5877,Springdale,12,0,directory_points_only
5878,Bebedouro,0,0,no_in_area_point_not_no_transport
5879,Xinjin,1,0,directory_points_only
5880,Abu Tig,0,0,no_in_area_point_not_no_transport
5881,Shashamane,0,0,no_in_area_point_not_no_transport
5882,Wates,0,0,no_in_area_point_not_no_transport
5883,Vadnagar,0,0,no_in_area_point_not_no_transport
5884,Sabzevar,0,0,no_in_area_point_not_no_transport
5885,Santo Domingo Tehuantepec,0,0,no_in_area_point_not_no_transport
5886,Biantubu,0,0,no_in_area_point_not_no_transport
5887,Khanewal,0,0,no_in_area_point_not_no_transport
5888,Derbent,1,0,directory_points_only
5889,Rogers,14,0,directory_points_only
5890,Catalão,0,0,no_in_area_point_not_no_transport
5891,Xichang,1,1,directory_points_only
5892,الغنايم,0,0,no_in_area_point_not_no_transport
5893,Basha,0,0,no_in_area_point_not_no_transport
5894,Temanggung,0,0,no_in_area_point_not_no_transport
5895,Sihor,0,0,no_in_area_point_not_no_transport
5896,Tabas,0,0,no_in_area_point_not_no_transport
5897,Salina Cruz,1,0,directory_points_only
5898,Shinkafi,0,0,no_in_area_point_not_no_transport
5899,Bagh,0,0,no_in_area_point_not_no_transport
5900,Nizhny Tagil,0,0,no_in_area_point_not_no_transport
5901,Topeka,6,0,directory_points_only
5902,Avaré,0,0,no_in_area_point_not_no_transport
5903,Jiangyou,0,0,no_in_area_point_not_no_transport
5905,Sululta,0,0,no_in_area_point_not_no_transport
5906,Semarang,1,1,directory_points_only
5907,Sardarshahar,0,0,no_in_area_point_not_no_transport
5908,Quchan,0,0,no_in_area_point_not_no_transport
5909,Ciudad Acuña,1,0,directory_points_only
5910,Opaetensm,0,0,no_in_area_point_not_no_transport
5911,Jahanian,0,0,no_in_area_point_not_no_transport
5912,Sterlitamak,0,0,no_in_area_point_not_no_transport
5913,Little Rock,36,1,directory_points_only
5914,Lençóis Paulista,0,0,no_in_area_point_not_no_transport
5915,Lincang,0,0,no_in_area_point_not_no_transport
5916,Nazlet al Mughrebi,0,0,no_in_area_point_not_no_transport
5917,Arsi Negelle,0,0,no_in_area_point_not_no_transport
5918,Yogyakarta,2,2,directory_points_only
5919,Pindwara,0,0,no_in_area_point_not_no_transport
5920,Rafsanjan,0,0,no_in_area_point_not_no_transport
5921,Piedras Negras,0,0,no_in_area_point_not_no_transport
5922,Minna,0,0,no_in_area_point_not_no_transport
5923,Bhalwal,0,0,no_in_area_point_not_no_transport
5924,Salavat,0,0,no_in_area_point_not_no_transport
5925,Lawrence,5,0,directory_points_only
5926,Curitiba,39,2,directory_points_only
5927,Hequ,0,0,no_in_area_point_not_no_transport
5928,Nazlet Imran Khamis,0,0,no_in_area_point_not_no_transport
5929,Ziway,0,0,no_in_area_point_not_no_transport
5930,Magelang,0,0,no_in_area_point_not_no_transport
5931,Ambaji,0,0,no_in_area_point_not_no_transport
5932,Sirjan,1,0,directory_points_only
5933,Juchitán,0,0,no_in_area_point_not_no_transport
5934,Ungwan Shekaro,0,0,no_in_area_point_not_no_transport
5935,Lodhran,0,0,no_in_area_point_not_no_transport
5936,Orenburg,1,0,directory_points_only
5937,Lincoln,15,1,directory_points_only
5939,Deyang,0,0,no_in_area_point_not_no_transport
5941,Lalibela,0,0,no_in_area_point_not_no_transport
5943,Kalol,1,0,directory_points_only
5944,Bardaskan,0,0,no_in_area_point_not_no_transport
5945,Nuevo Laredo,2,1,directory_points_only
5946,Kaura-Namoda,0,0,no_in_area_point_not_no_transport
5947,Sohawa,0,0,no_in_area_point_not_no_transport
5949,Biloxi,20,1,directory_points_only
5950,Jaú,0,0,no_in_area_point_not_no_transport
5952,Port Said,0,0,no_in_area_point_not_no_transport
5953,Muketuri,0,0,no_in_area_point_not_no_transport
5954,Wonosari,1,0,directory_points_only
5955,Sirsa,1,0,directory_points_only
5956,Dargaz,0,0,no_in_area_point_not_no_transport
5957,San Andrés Tuxtla,0,0,no_in_area_point_not_no_transport
5958,Ogwashi Uku,0,0,no_in_area_point_not_no_transport
5959,Bahawalpur,1,1,directory_points_only
5960,Novouralsk,0,0,no_in_area_point_not_no_transport
5961,Kansas City,114,1,directory_points_only
5962,Jaboticabal,0,0,no_in_area_point_not_no_transport
5963,Mianyang,1,1,directory_points_only
5965,Arbe Gona,0,0,no_in_area_point_not_no_transport
5966,Ketapang,1,1,directory_points_only
5967,Dharamshala,0,0,no_in_area_point_not_no_transport
5968,Neyshabur,0,0,no_in_area_point_not_no_transport
5969,Reynosa,2,1,directory_points_only
5970,Tudun Wada,0,0,no_in_area_point_not_no_transport
5971,Mithi,0,0,no_in_area_point_not_no_transport
5972,Yekaterinburg,2,1,directory_points_only
5973,Springfield,30,1,directory_points_only
5974,Formosa,1,0,directory_points_only
5975,Shangdu,0,0,no_in_area_point_not_no_transport
5976,Al Ismailiya,2,0,directory_points_only
5977,Meki,0,0,no_in_area_point_not_no_transport
5978,Ngabang,0,0,no_in_area_point_not_no_transport
5979,Kangra,0,0,no_in_area_point_not_no_transport
5980,Zarand,1,0,directory_points_only
5981,Acayucan,0,0,no_in_area_point_not_no_transport
5982,Gusau,1,0,directory_points_only
5983,Toba Tek Singh,0,0,no_in_area_point_not_no_transport
5985,Omaha,44,1,directory_points_only
5986,Fazenda Rio Grande,0,0,no_in_area_point_not_no_transport
5988,Fazarah bil Qaryah,0,0,no_in_area_point_not_no_transport
5989,Kefole,0,0,no_in_area_point_not_no_transport
5991,Ahmedabad,7,1,directory_points_only
5992,Chenaran,0,0,no_in_area_point_not_no_transport
5993,Río Bravo,1,0,directory_points_only
5994,Uduagba,0,0,no_in_area_point_not_no_transport
5995,Kahror Pakka,0,0,no_in_area_point_not_no_transport
5996,Zlatoust,0,0,no_in_area_point_not_no_transport
5997,Mobile,20,1,directory_points_only
5998,Matão,1,0,directory_points_only
6004,Kashmar,0,0,no_in_area_point_not_no_transport
6005,Minatitlán,0,0,no_in_area_point_not_no_transport
6006,Akabuka,0,0,no_in_area_point_not_no_transport
6008,Miass,0,0,no_in_area_point_not_no_transport
6009,Sioux City,8,1,directory_points_only
6010,Itapeva,1,0,directory_points_only
6011,Liangcheng,0,0,no_in_area_point_not_no_transport
6012,Sohag,1,0,directory_points_only
6013,Girga,1,0,directory_points_only
6014,Alem Ketema,0,0,no_in_area_point_not_no_transport
6015,Pati,0,0,no_in_area_point_not_no_transport
6016,Bhavnagar,1,1,directory_points_only
6018,Coatzacoalcos,1,0,directory_points_only
6020,Pir Mahal,0,0,no_in_area_point_not_no_transport
6021,Magnitogorsk,0,0,no_in_area_point_not_no_transport
6022,Pensacola,30,1,directory_points_only
6023,Uberaba,2,1,directory_points_only
6024,Dayangshu,0,0,no_in_area_point_not_no_transport
6027,Kokosa Bota,0,0,no_in_area_point_not_no_transport
6029,Bidasar,0,0,no_in_area_point_not_no_transport
6030,Mashhad,2,1,directory_points_only
6031,Matamoros,0,0,no_in_area_point_not_no_transport
6032,Omoko,0,0,no_in_area_point_not_no_transport
6033,Dina,1,0,directory_points_only
6034,Kamensk-Uralsky,1,0,directory_points_only
6035,Bismarck,4,1,directory_points_only
6037,Baode,0,0,no_in_area_point_not_no_transport
6038,Suez,1,0,directory_points_only
6039,Bishoftu,0,0,no_in_area_point_not_no_transport
6041,Mansa,0,0,no_in_area_point_not_no_transport
6042,Kerman,3,1,directory_points_only
6043,Tuxtla Gutiérrez,4,0,directory_points_only
6044,Omenama,0,0,no_in_area_point_not_no_transport
6045,Gojra,0,0,no_in_area_point_not_no_transport
6046,Chelyabinsk,2,1,directory_points_only
6047,Memphis,50,1,directory_points_only
6048,Botucatu,1,0,directory_points_only
6049,Changshun,0,0,no_in_area_point_not_no_transport
6051,Bonsa Bota,0,0,no_in_area_point_not_no_transport
6052,Purwodadi,0,0,no_in_area_point_not_no_transport
6053,Dholka,1,0,directory_points_only
6054,Torbate Heydariye,1,0,directory_points_only
6055,Cárdenas,2,0,directory_points_only
6056,Agenebode,0,0,no_in_area_point_not_no_transport
6057,Mian Channu,0,0,no_in_area_point_not_no_transport
6058,Novy Urengoy,1,1,directory_points_only
6060,Araraquara,2,1,directory_points_only
6061,Jiajiang,1,0,directory_points_only
6063,Adigrat,0,0,no_in_area_point_not_no_transport
6064,Sragen,0,0,no_in_area_point_not_no_transport
6065,Ludhiana,1,0,directory_points_only
6066,Bandar Abbas,6,1,directory_points_only
6067,Tapachula,3,0,directory_points_only
6068,Lokoja,0,0,no_in_area_point_not_no_transport
6069,Kotli,0,0,no_in_area_point_not_no_transport
6071,Sioux Falls,9,1,directory_points_only
6072,Sertãozinho,0,0,no_in_area_point_not_no_transport
6073,Pengshan,0,0,no_in_area_point_not_no_transport
6075,Wegel Tena,0,0,no_in_area_point_not_no_transport
6076,Pacitan,1,0,directory_points_only
6077,Vijapur,0,0,no_in_area_point_not_no_transport
6078,Qeshm,0,0,no_in_area_point_not_no_transport
6079,San Cristóbal,0,0,no_in_area_point_not_no_transport
6080,Awala,0,0,no_in_area_point_not_no_transport
6081,Chiniot,0,0,no_in_area_point_not_no_transport
6082,Orsk,0,0,no_in_area_point_not_no_transport
6083,Navarre,17,2,directory_points_only
6084,Tramandaí,0,0,no_in_area_point_not_no_transport
6085,Emeishan,0,0,no_in_area_point_not_no_transport
6087,K'Ore / Qoree,0,0,no_in_area_point_not_no_transport
6088,Sanggau,0,0,no_in_area_point_not_no_transport
6089,Barnala,0,0,no_in_area_point_not_no_transport
6090,Qaen,0,0,no_in_area_point_not_no_transport
6091,Villahermosa,6,1,directory_points_only
6092,Idah,0,0,no_in_area_point_not_no_transport
6093,Mirpur,0,0,no_in_area_point_not_no_transport
6095,Panama City,17,0,directory_points_only
6096,Jaraguá do Sul,12,0,directory_points_only
6097,Panzhihua,1,1,directory_points_only
6099,Akesta,0,0,no_in_area_point_not_no_transport
6100,Alasdowo,0,0,no_in_area_point_not_no_transport
6102,Roudan,0,0,no_in_area_point_not_no_transport
6103,Comitán,1,0,directory_points_only
6104,Okwuzu,0,0,no_in_area_point_not_no_transport
6105,Mandi Bahauddin,1,0,directory_points_only
6106,Tyumen,3,1,directory_points_only
6107,Tuscaloosa,6,0,directory_points_only
6108,Ribeirao Preto,22,1,directory_points_only
6109,Ulanqab,0,0,no_in_area_point_not_no_transport
6113,Talaja,0,0,no_in_area_point_not_no_transport
6114,Birjand,0,0,no_in_area_point_not_no_transport
6115,Ciudad del Carmen,1,1,directory_points_only
6116,Onitsha,2,2,directory_points_only
6117,Mailsi,0,0,no_in_area_point_not_no_transport
6118,Norilsk,0,0,no_in_area_point_not_no_transport
6119,Des Moines,21,1,directory_points_only
6120,Balsas,2,0,directory_points_only
6121,Dechang,0,0,no_in_area_point_not_no_transport
6123,Kersa,0,0,no_in_area_point_not_no_transport
6124,Madiun,1,0,directory_points_only
6125,Mansa,0,0,no_in_area_point_not_no_transport
6126,Jiroft,0,0,no_in_area_point_not_no_transport
6127,Campeche,1,1,directory_points_only
6128,Krakrama,0,0,no_in_area_point_not_no_transport
6129,Jhelum,0,0,no_in_area_point_not_no_transport
6130,Kurgan,1,1,directory_points_only
6131,Ames,4,0,directory_points_only
6132,Blumenau,15,0,directory_points_only
6133,Meishan,0,0,no_in_area_point_not_no_transport
6134,Abu Manna Gharb,0,0,no_in_area_point_not_no_transport
6135,Chefedonsa,0,0,no_in_area_point_not_no_transport
6137,Sojat,0,0,no_in_area_point_not_no_transport
6138,Khaf,0,0,no_in_area_point_not_no_transport
6139,Mérida,2,1,directory_points_only
6141,Pir Murad,0,0,no_in_area_point_not_no_transport
6142,Ishim,1,0,directory_points_only
6143,Montgomery,15,0,directory_points_only
6144,São Carlos,4,0,directory_points_only
6145,Lueyang,0,0,no_in_area_point_not_no_transport
6147,Mojo,0,0,no_in_area_point_not_no_transport
6148,Rembang,0,0,no_in_area_point_not_no_transport
6150,Sarakhs,1,0,directory_points_only
6151,Chetumal,1,1,directory_points_only
6152,Amaigbo,0,0,no_in_area_point_not_no_transport
6153,Faisalabad,2,1,directory_points_only
6154,Nizhnevartovsk,1,1,directory_points_only
6156,Unaí,1,0,directory_points_only
6157,Pianguan,0,0,no_in_area_point_not_no_transport
6160,Kibre Mengist,0,0,no_in_area_point_not_no_transport
6161,Ngawi,0,0,no_in_area_point_not_no_transport
6162,Palampur,0,0,no_in_area_point_not_no_transport
6163,Kahnuj,0,0,no_in_area_point_not_no_transport
6164,Valladolid,0,0,no_in_area_point_not_no_transport
6165,Elele,0,0,no_in_area_point_not_no_transport
6166,Kamalia,0,0,no_in_area_point_not_no_transport
6167,Omsk,2,1,directory_points_only
6169,Joinville,12,1,directory_points_only
6170,Jintang,0,0,no_in_area_point_not_no_transport
6172,Quiha,2,1,directory_points_only
6173,Blora,0,0,no_in_area_point_not_no_transport
6174,Ratangarh,0,0,no_in_area_point_not_no_transport
6175,Torbat-e Jam,0,0,no_in_area_point_not_no_transport
6176,Playa del Carmen,1,0,directory_points_only
6179,Tomsk,0,0,no_in_area_point_not_no_transport
6180,Birmingham,33,1,directory_points_only
6181,Batatais,1,0,directory_points_only
6182,Dayao,0,0,no_in_area_point_not_no_transport
6184,Degolo,0,0,no_in_area_point_not_no_transport
6185,Trenggalek,0,0,no_in_area_point_not_no_transport
6186,Merta City,0,0,no_in_area_point_not_no_transport
6187,Bam,0,0,no_in_area_point_not_no_transport
6188,San Miguel de Cozumel,0,0,no_in_area_point_not_no_transport
6189,Chafe,0,0,no_in_area_point_not_no_transport
6190,Dijkot,0,0,no_in_area_point_not_no_transport
6191,Novosibirsk,6,1,directory_points_only
6192,St. Louis,91,2,directory_points_only
6193,Criciúma,5,0,directory_points_only
6195,Isna,0,0,no_in_area_point_not_no_transport
6196,Adi Gudom,0,0,no_in_area_point_not_no_transport
6197,Purworejo,0,0,no_in_area_point_not_no_transport
6198,Sujangarh,0,0,no_in_area_point_not_no_transport
6199,Taybad,0,0,no_in_area_point_not_no_transport
6200,Cancún,4,0,directory_points_only
6202,Dinga,0,0,no_in_area_point_not_no_transport
6205,Paracatu,1,1,directory_points_only
6206,Baoji,1,0,directory_points_only
6207,Qena,0,0,no_in_area_point_not_no_transport
6208,Wukro,0,0,no_in_area_point_not_no_transport
6209,Tulungagung,0,0,no_in_area_point_not_no_transport
6210,Khedbrahma,0,0,no_in_area_point_not_no_transport
6211,Zahedan,1,0,directory_points_only
6212,Bugama,0,0,no_in_area_point_not_no_transport
6213,Samundri,0,0,no_in_area_point_not_no_transport
6215,Tallahassee,6,1,directory_points_only
6216,Paranaguá,4,0,directory_points_only
6219,Asella,0,0,no_in_area_point_not_no_transport
6221,Idar,0,0,no_in_area_point_not_no_transport
6222,Zabol,2,0,directory_points_only
6223,Abaji,0,0,no_in_area_point_not_no_transport
6224,Chichawatni,0,0,no_in_area_point_not_no_transport
6226,Bradenton,25,1,directory_points_only
6227,Franca,3,0,directory_points_only
6228,Shawan,0,0,no_in_area_point_not_no_transport
6229,Luxor,1,1,directory_points_only
6230,Maychew,0,0,no_in_area_point_not_no_transport
6231,Bojonegoro,0,0,no_in_area_point_not_no_transport
6232,Prantij,0,0,no_in_area_point_not_no_transport
6233,Zehak,0,0,no_in_area_point_not_no_transport
6234,Omo,0,0,no_in_area_point_not_no_transport
6235,Kharian,2,0,directory_points_only
6236,Yurga,0,0,no_in_area_point_not_no_transport
6237,Tampa,74,2,directory_points_only
6238,Itapetininga,0,0,no_in_area_point_not_no_transport
6239,Leshan,0,0,no_in_area_point_not_no_transport
6241,Korem,0,0,no_in_area_point_not_no_transport
6243,Vadali,0,0,no_in_area_point_not_no_transport
6244,Iranshahr,0,0,no_in_area_point_not_no_transport
6247,Anzhero-Sudzhensk,1,0,directory_points_only
6248,Huntsville,16,0,directory_points_only
6249,Patrocínio,0,0,no_in_area_point_not_no_transport
6250,中江县,0,0,no_in_area_point_not_no_transport
6252,Sagure,0,0,no_in_area_point_not_no_transport
6254,Una,0,0,no_in_area_point_not_no_transport
6255,Khash,0,0,no_in_area_point_not_no_transport
6256,Port Harcourt,3,1,directory_points_only
6257,Sangla Hill,0,0,no_in_area_point_not_no_transport
6258,Kemerovo,2,1,directory_points_only
6259,Cape Coral,29,2,directory_points_only
6260,Tatuí,3,0,directory_points_only
6261,Lancang,0,0,no_in_area_point_not_no_transport
6262,Al Arish,1,0,directory_points_only
6263,Shano,0,0,no_in_area_point_not_no_transport
6265,Himatnagar,0,0,no_in_area_point_not_no_transport
6266,Chabahar,0,0,no_in_area_point_not_no_transport
6267,UNNAMED,0,0,no_in_area_point_not_no_transport
6268,Burewala,0,0,no_in_area_point_not_no_transport
6269,Rubtsovsk,0,0,no_in_area_point_not_no_transport
6270,Naples,8,0,directory_points_only
6271,Piracicaba,3,0,directory_points_only
6272,Zitong,0,0,no_in_area_point_not_no_transport
6273,Faris,0,0,no_in_area_point_not_no_transport
6274,Adama,0,0,no_in_area_point_not_no_transport
6276,Dahegam,0,0,no_in_area_point_not_no_transport
6277,Mehrestan,0,0,no_in_area_point_not_no_transport
6280,Barnaul,2,1,directory_points_only
6281,Columbus,7,1,directory_points_only
6282,Itajaí,42,1,directory_points_only
6283,淮口镇,1,0,directory_points_only
6284,Gaza,0,0,no_in_area_point_not_no_transport
6285,Alamata,0,0,no_in_area_point_not_no_transport
6287,Malerkotla,0,0,no_in_area_point_not_no_transport
6288,Saravan,1,0,directory_points_only
6289,Omema,0,0,no_in_area_point_not_no_transport
6290,Mangowal,0,0,no_in_area_point_not_no_transport
6291,Biysk,1,0,directory_points_only
6292,Fargo,10,1,directory_points_only
6293,Rio Claro,1,0,directory_points_only
6294,Mizhi,0,0,no_in_area_point_not_no_transport
6295,Ezbet al Sibil Qiblli,0,0,no_in_area_point_not_no_transport
6296,Itiya,0,0,no_in_area_point_not_no_transport
6297,Sintang,1,0,directory_points_only
6298,Talod,0,0,no_in_area_point_not_no_transport
6299,Gwagwalada,0,0,no_in_area_point_not_no_transport
6300,Hasilpur,0,0,no_in_area_point_not_no_transport
6301,Achinsk,1,0,directory_points_only
6302,Waterloo,13,1,directory_points_only
6303,Santa Inês,0,0,no_in_area_point_not_no_transport
6304,Fengxiang,0,0,no_in_area_point_not_no_transport
6305,Aswan,0,0,no_in_area_point_not_no_transport
6306,Dodolla,0,0,no_in_area_point_not_no_transport
6308,Hamirpur,0,0,no_in_area_point_not_no_transport
6310,Hafizabad,1,0,directory_points_only
6311,Novokuznetsk,0,0,no_in_area_point_not_no_transport
6312,Iowa City,5,0,directory_points_only
6314,Zichang,0,0,no_in_area_point_not_no_transport
6316,Asassa,0,0,no_in_area_point_not_no_transport
6318,Fatehabad,0,0,no_in_area_point_not_no_transport
6319,Doka Ashafa,0,0,no_in_area_point_not_no_transport
6320,Ali Pur Chatha,0,0,no_in_area_point_not_no_transport
6322,Cedar Rapids,15,1,directory_points_only
6323,Pirassununga,1,0,directory_points_only
6325,Hurghada,0,0,no_in_area_point_not_no_transport
6327,Tuban,0,0,no_in_area_point_not_no_transport
6328,Khambhat,0,0,no_in_area_point_not_no_transport
6330,Gujrat,1,0,directory_points_only
6331,Mezhdurechensk,0,0,no_in_area_point_not_no_transport
6332,Spring Hill,10,0,directory_points_only
6333,Tubarão,1,0,directory_points_only
6334,Gongnong,0,0,no_in_area_point_not_no_transport
6335,Haro,0,0,no_in_area_point_not_no_transport
6336,Pangkalan Bun,0,0,no_in_area_point_not_no_transport
6337,Dhuri,0,0,no_in_area_point_not_no_transport
6339,Sahiwal,0,0,no_in_area_point_not_no_transport
6340,Krasnoyarsk,6,0,directory_points_only
6341,Springfield,23,1,directory_points_only
6342,Araxá,0,0,no_in_area_point_not_no_transport
6343,Renshou,0,0,no_in_area_point_not_no_transport
6344,Passo Saefti,0,0,no_in_area_point_not_no_transport
6345,Jombang,3,1,directory_points_only
6346,Sangrur,0,0,no_in_area_point_not_no_transport
6348,Jaranwala,0,0,no_in_area_point_not_no_transport
6349,Chernogorsk,0,0,no_in_area_point_not_no_transport
6350,Nashville,24,1,directory_points_only
6352,龙台镇,0,0,no_in_area_point_not_no_transport
6353,Bekoji,0,0,no_in_area_point_not_no_transport
6354,Babat,0,0,no_in_area_point_not_no_transport
6355,Churu,0,0,no_in_area_point_not_no_transport
6356,Oyigbo,0,0,no_in_area_point_not_no_transport
6358,Abakan,1,1,directory_points_only
6359,Lakeland,36,1,directory_points_only
6360,Leme,0,0,no_in_area_point_not_no_transport
6361,五通桥区,0,0,no_in_area_point_not_no_transport
6362,Dera,0,0,no_in_area_point_not_no_transport
6363,Sungai Tendang,0,0,no_in_area_point_not_no_transport
6364,Didwana,0,0,no_in_area_point_not_no_transport
6365,Djibia,0,0,no_in_area_point_not_no_transport
6366,Manawala,0,0,no_in_area_point_not_no_transport
6367,Minusinsk,0,0,no_in_area_point_not_no_transport
6368,Murfreesboro,6,0,directory_points_only
6369,Florianópolis,16,2,directory_points_only
6370,Guangyuan,0,0,no_in_area_point_not_no_transport
6371,Weldiya,0,0,no_in_area_point_not_no_transport
6372,Nanga Pinoh,1,1,directory_points_only
6373,Sunam,0,0,no_in_area_point_not_no_transport
6375,Arifwala,0,0,no_in_area_point_not_no_transport
6376,Kansk,1,0,directory_points_only
6377,Davenport,22,1,directory_points_only
6378,Limeira,2,0,directory_points_only
6379,Jianyang,0,0,no_in_area_point_not_no_transport
6380,Kobo,0,0,no_in_area_point_not_no_transport
6382,Nadiad,0,0,no_in_area_point_not_no_transport
6383,Alesa,0,0,no_in_area_point_not_no_transport
6385,Kyzyl,1,1,directory_points_only
6386,Evansville,24,1,directory_points_only
6387,Araras,2,0,directory_points_only
6388,Huili,0,0,no_in_area_point_not_no_transport
6389,Huruta,0,0,no_in_area_point_not_no_transport
6390,Mojokerto,0,0,no_in_area_point_not_no_transport
6392,Petlad,0,0,no_in_area_point_not_no_transport
6395,Bratsk,1,0,directory_points_only
6398,Jingyan,0,0,no_in_area_point_not_no_transport
6399,Arerti,0,0,no_in_area_point_not_no_transport
6401,Surabaya,6,2,directory_points_only
6402,Bhiloda,0,0,no_in_area_point_not_no_transport
6403,Bonny,2,0,directory_points_only
6405,Angarsk,0,0,no_in_area_point_not_no_transport
6406,Peoria,17,1,directory_points_only
6407,São Sebastião do Paraíso,1,0,directory_points_only
6408,Xingxian,0,0,no_in_area_point_not_no_transport
6409,Mersa,0,0,no_in_area_point_not_no_transport
6410,Lamongan,0,0,no_in_area_point_not_no_transport
6411,Deogarh,0,0,no_in_area_point_not_no_transport
6412,Batsari,0,0,no_in_area_point_not_no_transport
6413,Qila Didar Singh,0,0,no_in_area_point_not_no_transport
6415,Saint Cloud,9,0,directory_points_only
6416,Sorocaba,26,1,directory_points_only
6417,Kangbao,0,0,no_in_area_point_not_no_transport
6418,Dessie,0,0,no_in_area_point_not_no_transport
6420,Kathlal,0,0,no_in_area_point_not_no_transport
6421,Ayangba,0,0,no_in_area_point_not_no_transport
6422,Gujranwala,1,0,directory_points_only
6423,Irkutsk,2,1,directory_points_only
6425,Patos de Minas,0,0,no_in_area_point_not_no_transport
6426,三台县,0,0,no_in_area_point_not_no_transport
6427,Welenchete,0,0,no_in_area_point_not_no_transport
6429,Fatehpur Shekhawati,0,0,no_in_area_point_not_no_transport
6430,Onne,0,0,no_in_area_point_not_no_transport
6431,Nankana Sahib,0,0,no_in_area_point_not_no_transport
6432,Ulan-Ude,2,1,directory_points_only
6433,Minneapolis [Saint Paul],144,1,directory_points_only
6435,Jinggu,0,0,no_in_area_point_not_no_transport
6436,Debre Birhan,0,0,no_in_area_point_not_no_transport
6438,Anand,0,0,no_in_area_point_not_no_transport
6441,Yakutsk,1,1,directory_points_only
6442,Miami,176,4,directory_points_only
6443,Cosmópolis,0,0,no_in_area_point_not_no_transport
6444,Fengzhen,0,0,no_in_area_point_not_no_transport
6445,Adaba,0,0,no_in_area_point_not_no_transport
6446,Bangkalan,0,0,no_in_area_point_not_no_transport
6449,Nowshera Virkan,0,0,no_in_area_point_not_no_transport
6450,Chita,2,0,directory_points_only
6451,Atlanta,184,2,directory_points_only
6452,Salto,0,0,no_in_area_point_not_no_transport
6453,Lucheng,1,0,directory_points_only
6454,Kombolcha,1,0,directory_points_only
6456,Kapadvanj,0,0,no_in_area_point_not_no_transport
6457,Kuje,0,0,no_in_area_point_not_no_transport
6458,Lahore,4,1,directory_points_only
6459,Blagoveshchensk,0,0,no_in_area_point_not_no_transport
6460,Rochester,8,1,directory_points_only
6461,Campinas,58,1,directory_points_only
6462,Suide,0,0,no_in_area_point_not_no_transport
6463,Gobesa,0,0,no_in_area_point_not_no_transport
6465,Bhim,0,0,no_in_area_point_not_no_transport
6466,Oboama Nguru,1,1,directory_points_only
6467,Okara,0,0,no_in_area_point_not_no_transport
6468,Magadan,2,0,directory_points_only
6469,Owensboro,6,1,directory_points_only
6470,Itu,8,0,directory_points_only
6471,Zalantun,0,0,no_in_area_point_not_no_transport
6472,Deksis,0,0,no_in_area_point_not_no_transport
6474,Borsad,0,0,no_in_area_point_not_no_transport
6475,Lawmu Umunze,0,0,no_in_area_point_not_no_transport
6476,Sialkot,2,1,directory_points_only
6477,Birobidzhan,0,0,no_in_area_point_not_no_transport
6479,Indaiatuba,9,0,directory_points_only
6480,Zuoyun,0,0,no_in_area_point_not_no_transport
6481,Harbu,0,0,no_in_area_point_not_no_transport
6482,Lumajang,0,0,no_in_area_point_not_no_transport
6483,Mandi Gobindgarh,0,0,no_in_area_point_not_no_transport
6484,Funtua,0,0,no_in_area_point_not_no_transport
6485,UNNAMED,0,0,no_in_area_point_not_no_transport
6486,Komsomolsk-on-Amur,1,0,directory_points_only
6487,Orlando,140,2,directory_points_only
6488,Passos,0,0,no_in_area_point_not_no_transport
6489,Yan'an,1,0,directory_points_only
6490,Debre Sina,0,0,no_in_area_point_not_no_transport
6491,Probolinggo,1,0,directory_points_only
6492,Udaipur,0,0,no_in_area_point_not_no_transport
6493,Wakama,0,0,no_in_area_point_not_no_transport
6495,Khabarovsk,4,1,directory_points_only
6496,Bloomington,14,1,directory_points_only
6497,Mogi Guaçu,0,0,no_in_area_point_not_no_transport
6498,Caijiapo,0,0,no_in_area_point_not_no_transport
6499,Robe,0,0,no_in_area_point_not_no_transport
6501,Nabha,0,0,no_in_area_point_not_no_transport
6502,Abuja,2,0,directory_points_only
6507,Mianxian,0,0,no_in_area_point_not_no_transport
6508,Arboye,0,0,no_in_area_point_not_no_transport
6509,Sampang,0,0,no_in_area_point_not_no_transport
6510,Rajsamand,0,0,no_in_area_point_not_no_transport
6512,Renala Khurd,0,0,no_in_area_point_not_no_transport
6513,Ussurijsk,2,0,directory_points_only
6514,Dubuque,7,0,directory_points_only
6515,Bacabal,0,0,no_in_area_point_not_no_transport
6516,Qianwei,0,0,no_in_area_point_not_no_transport
6517,Kemse,0,0,no_in_area_point_not_no_transport
6518,Jember,1,1,directory_points_only
6520,Mogho,0,0,no_in_area_point_not_no_transport
6521,Pakpattan,0,0,no_in_area_point_not_no_transport
6522,Vladivostok,14,1,directory_points_only
6524,São Roque,6,0,directory_points_only
6525,Pinglu,0,0,no_in_area_point_not_no_transport
6526,Kula,0,0,no_in_area_point_not_no_transport
6527,Pamekasan,0,0,no_in_area_point_not_no_transport
6528,Modasa,0,0,no_in_area_point_not_no_transport
6529,Kaduna,1,0,directory_points_only
6530,Bahawalnagar,1,0,directory_points_only
6531,Nahodka,0,0,no_in_area_point_not_no_transport
6532,Deltona,7,0,directory_points_only
6533,São João da Boa Vista,1,0,directory_points_only
6535,Negele,0,0,no_in_area_point_not_no_transport
6536,Sampit,1,1,directory_points_only
6537,Bayad,0,0,no_in_area_point_not_no_transport
6538,Ikolo,0,0,no_in_area_point_not_no_transport
6540,Yuzhno-Sakhalinsk,2,1,directory_points_only
6541,Champaign,20,1,directory_points_only
6543,Ziyang,0,0,no_in_area_point_not_no_transport
6544,Shoa Robit,0,0,no_in_area_point_not_no_transport
6545,Besuki,0,0,no_in_area_point_not_no_transport
6546,Makrana,0,0,no_in_area_point_not_no_transport
6548,Depalpur,0,0,no_in_area_point_not_no_transport
6549,Petropavlovsk-Kamchatsky,1,0,directory_points_only
6551,Itapira,1,0,directory_points_only
6552,盐亭县,0,0,no_in_area_point_not_no_transport
6553,Bati,0,0,no_in_area_point_not_no_transport
6554,Bondowoso,0,0,no_in_area_point_not_no_transport
6555,Beawar,0,0,no_in_area_point_not_no_transport
6556,Aba,0,0,no_in_area_point_not_no_transport
6558,Port St. Lucie,17,0,directory_points_only
6560,Cangshan,0,0,no_in_area_point_not_no_transport
6561,Ataye,0,0,no_in_area_point_not_no_transport
6562,Situbondo,0,0,no_in_area_point_not_no_transport
6563,Rajgarh,0,0,no_in_area_point_not_no_transport
6564,Bwari,0,0,no_in_area_point_not_no_transport
6565,Pattoki,0,0,no_in_area_point_not_no_transport
6566,Palm Bay,33,1,directory_points_only
6567,São Paulo,437,3,directory_points_only
6568,Lin,0,0,no_in_area_point_not_no_transport
6569,Abomsa,0,0,no_in_area_point_not_no_transport
6570,Sumenep,1,0,directory_points_only
6571,Laxmangarh,0,0,no_in_area_point_not_no_transport
6572,Umu Lawlaw,0,0,no_in_area_point_not_no_transport
6574,Jacksonville,39,2,directory_points_only
6575,Itatiba,6,0,directory_points_only
6576,Fufeng,0,0,no_in_area_point_not_no_transport
6577,Sambatee,0,0,no_in_area_point_not_no_transport
6578,Genteng,0,0,no_in_area_point_not_no_transport
6579,Tohana,0,0,no_in_area_point_not_no_transport
6580,Kura,0,0,no_in_area_point_not_no_transport
6583,Poços de Caldas,4,0,directory_points_only
6584,Wangcang,0,0,no_in_area_point_not_no_transport
6585,Agarfa,0,0,no_in_area_point_not_no_transport
6587,Umreth,0,0,no_in_area_point_not_no_transport
6592,Yongshan,0,0,no_in_area_point_not_no_transport
6593,Sinkille,0,0,no_in_area_point_not_no_transport
6594,Muncar,0,0,no_in_area_point_not_no_transport
6595,Rupnagar,0,0,no_in_area_point_not_no_transport
6596,Kauran Yankwani,0,0,no_in_area_point_not_no_transport
6597,Haveli Lakha,0,0,no_in_area_point_not_no_transport
6598,Palm Coast,7,0,directory_points_only
6599,Barreiras,1,0,directory_points_only
6600,Cangxi,0,0,no_in_area_point_not_no_transport
6601,Adele,0,0,no_in_area_point_not_no_transport
6602,Asembagus,0,0,no_in_area_point_not_no_transport
6603,Dakor,0,0,no_in_area_point_not_no_transport
6604,Nsukka,0,0,no_in_area_point_not_no_transport
6605,Chunian,1,0,directory_points_only
6606,Daytona Beach,12,1,directory_points_only
6608,Rongxian,0,0,no_in_area_point_not_no_transport
6609,Meslo,0,0,no_in_area_point_not_no_transport
6610,Banyuwangi,0,0,no_in_area_point_not_no_transport
6611,Surat,1,1,directory_points_only
6612,Bori,0,0,no_in_area_point_not_no_transport
6613,Pasrur,0,0,no_in_area_point_not_no_transport
6614,La Crosse,7,1,directory_points_only
6616,Shuozhou,0,0,no_in_area_point_not_no_transport
6617,Bale,0,0,no_in_area_point_not_no_transport
6618,Negara,0,0,no_in_area_point_not_no_transport
6619,Patran,0,0,no_in_area_point_not_no_transport
6620,Ungwan Maidawa,0,0,no_in_area_point_not_no_transport
6621,Chawinda,0,0,no_in_area_point_not_no_transport
6622,Jacksonville Beach,6,0,directory_points_only
6624,射洪县,0,0,no_in_area_point_not_no_transport
6625,Goba,0,0,no_in_area_point_not_no_transport
6626,Palangka Raya,1,1,directory_points_only
6627,Mandi,0,0,no_in_area_point_not_no_transport
6630,Louisville,56,1,directory_points_only
6632,Hanzhong,1,0,directory_points_only
6633,Robe,0,0,no_in_area_point_not_no_transport
6635,Fatehgarh Sahib,0,0,no_in_area_point_not_no_transport
6636,Shema,0,0,no_in_area_point_not_no_transport
6637,Allahabad,0,0,no_in_area_point_not_no_transport
6638,Bloomington,5,0,directory_points_only
6639,São Luís,20,1,directory_points_only
6640,Datong,1,0,directory_points_only
6641,UNNAMED,0,0,no_in_area_point_not_no_transport
6642,Kuala Kapuas,0,0,no_in_area_point_not_no_transport
6643,Hisar,2,1,directory_points_only
6644,Enugu,1,1,directory_points_only
6645,Zafarwal,0,0,no_in_area_point_not_no_transport
6646,Rockford,43,1,directory_points_only
6649,Meliyu,0,0,no_in_area_point_not_no_transport
6651,Vadodara,1,1,directory_points_only
6652,Enugu-Ezike,0,0,no_in_area_point_not_no_transport
6653,Narowal,0,0,no_in_area_point_not_no_transport
6654,Chicago,230,4,directory_points_only
6655,Bragança Paulista,1,0,directory_points_only
6656,Qiaojia,0,0,no_in_area_point_not_no_transport
6657,Gelemso,0,0,no_in_area_point_not_no_transport
6658,Singaraja,1,0,directory_points_only
6659,Nerchowk,0,0,no_in_area_point_not_no_transport
6663,Atibaia,4,0,directory_points_only
6664,Lezhi,0,0,no_in_area_point_not_no_transport
6665,Jara,0,0,no_in_area_point_not_no_transport
6666,Denpasar,19,2,directory_points_only
6667,Samana,0,0,no_in_area_point_not_no_transport
6668,Umuahia,0,0,no_in_area_point_not_no_transport
6669,Kasur,0,0,no_in_area_point_not_no_transport
6670,Kankakee,12,0,directory_points_only
6671,Alfenas,1,0,directory_points_only
6672,大英县,0,0,no_in_area_point_not_no_transport
6673,Bosana,0,0,no_in_area_point_not_no_transport
6674,Banjarmasin,1,1,directory_points_only
6675,Kuchaman,0,0,no_in_area_point_not_no_transport
6676,Katsina,1,1,directory_points_only
6677,Shakar Garh,0,0,no_in_area_point_not_no_transport
6678,Madison,36,1,directory_points_only
6680,Suijiang,0,0,no_in_area_point_not_no_transport
6681,Ginir,0,0,no_in_area_point_not_no_transport
6683,Kullu,0,0,no_in_area_point_not_no_transport
6684,Awgu,0,0,no_in_area_point_not_no_transport
6685,Knoxville,21,1,directory_points_only
6688,Chiro,0,0,no_in_area_point_not_no_transport
6689,Pelaihari,0,0,no_in_area_point_not_no_transport
6690,Sundernagar,0,0,no_in_area_point_not_no_transport
6692,Janesville,12,0,directory_points_only
6694,Langzhong,0,0,no_in_area_point_not_no_transport
6695,Mesela,0,0,no_in_area_point_not_no_transport
6697,Parbatsar,0,0,no_in_area_point_not_no_transport
6698,Umundi,0,0,no_in_area_point_not_no_transport
6700,Santos,37,0,directory_points_only
6701,Lufeng,0,0,no_in_area_point_not_no_transport
6702,Asaita,0,0,no_in_area_point_not_no_transport
6703,Marabahan,0,0,no_in_area_point_not_no_transport
6704,Ajmer,1,0,directory_points_only
6707,Codó,3,0,directory_points_only
6708,Qianxian,0,0,no_in_area_point_not_no_transport
6709,Karamile,0,0,no_in_area_point_not_no_transport
6710,Muaratewe,1,0,directory_points_only
6711,Mukandgarh,0,0,no_in_area_point_not_no_transport
6713,Lafayette,18,1,directory_points_only
6714,Pouso Alegre,6,0,directory_points_only
6715,Ning'er,0,0,no_in_area_point_not_no_transport
6716,Deder,0,0,no_in_area_point_not_no_transport
6717,Amuntai,0,0,no_in_area_point_not_no_transport
6718,Balasinor,0,0,no_in_area_point_not_no_transport
6719,Malumfashi,0,0,no_in_area_point_not_no_transport
6720,Indianapolis,136,1,directory_points_only
6721,Pirapora,0,0,no_in_area_point_not_no_transport
6722,Huairen,0,0,no_in_area_point_not_no_transport
6723,Dire Dawa,1,1,directory_points_only
6724,Kandangan,0,0,no_in_area_point_not_no_transport
6725,Patiala,1,0,directory_points_only
6726,Ishiagu,0,0,no_in_area_point_not_no_transport
6728,Sao Jose dos Campos,22,1,directory_points_only
6729,Shanyin,0,0,no_in_area_point_not_no_transport
6730,Didimtu,0,0,no_in_area_point_not_no_transport
6731,Mataram,1,0,directory_points_only
6732,Barwala,0,0,no_in_area_point_not_no_transport
6733,Amaba,0,0,no_in_area_point_not_no_transport
6734,Savannah,10,1,directory_points_only
6735,Formiga,0,0,no_in_area_point_not_no_transport
6736,Yangling,0,0,no_in_area_point_not_no_transport
6737,Harar,0,0,no_in_area_point_not_no_transport
6738,Barabai,0,0,no_in_area_point_not_no_transport
6739,Sikar,0,0,no_in_area_point_not_no_transport
6740,Umuokorola,0,0,no_in_area_point_not_no_transport
6741,Waukegan,35,0,directory_points_only
6742,Varginha,2,0,directory_points_only
6743,Pu'er,1,1,directory_points_only
6744,Dolo,0,0,no_in_area_point_not_no_transport
6745,Selong,0,0,no_in_area_point_not_no_transport
6746,Pilol,0,0,no_in_area_point_not_no_transport
6747,Ikot Akpanata,0,0,no_in_area_point_not_no_transport
6748,Lexington,31,1,directory_points_only
6749,Caçapava,2,0,directory_points_only
6750,威远县,0,0,no_in_area_point_not_no_transport
6751,Fik',0,0,no_in_area_point_not_no_transport
6753,Bharuch,0,0,no_in_area_point_not_no_transport
6755,Duluth,5,1,directory_points_only
6756,Nova Serrana,1,0,directory_points_only
6757,Nenjiang,0,0,no_in_area_point_not_no_transport
6758,Jijiga,1,0,directory_points_only
6759,Batu Licin,1,1,directory_points_only
6760,Jhunjhunu,1,0,directory_points_only
6761,Ankpa,0,0,no_in_area_point_not_no_transport
6763,Taubaté,5,0,directory_points_only
6764,Jiulongba,0,0,no_in_area_point_not_no_transport
6765,Hartishek,0,0,no_in_area_point_not_no_transport
6766,Kotabaru,0,0,no_in_area_point_not_no_transport
6767,Nawalgarh,0,0,no_in_area_point_not_no_transport
6768,Zaria,1,0,directory_points_only
6769,Milwaukee,48,1,directory_points_only
6770,Itajubá,4,0,directory_points_only
6771,Yanggao,0,0,no_in_area_point_not_no_transport
6772,Dasgahbur,0,0,no_in_area_point_not_no_transport
6773,Tana Paser,0,0,no_in_area_point_not_no_transport
6774,Dungarpur,0,0,no_in_area_point_not_no_transport
6775,Tamaha,0,0,no_in_area_point_not_no_transport
6776,Racine,13,0,directory_points_only
6777,Caxias,2,0,directory_points_only
6778,Liulin,0,0,no_in_area_point_not_no_transport
6779,Gode,0,0,no_in_area_point_not_no_transport
6780,Sumbawa Besar,1,1,directory_points_only
6781,Chandigarh,2,1,directory_points_only
6782,Ikot Ekpene,0,0,no_in_area_point_not_no_transport
6784,Três Corações,0,0,no_in_area_point_not_no_transport
6785,Chenggu,0,0,no_in_area_point_not_no_transport
6786,Kebri Dehar,0,0,no_in_area_point_not_no_transport
6787,Balikpapan,3,1,directory_points_only
6788,Karjan,0,0,no_in_area_point_not_no_transport
6789,Doka,0,0,no_in_area_point_not_no_transport
6790,Cincinnati,85,2,directory_points_only
6792,Zigong,0,0,no_in_area_point_not_no_transport
6793,Cabudwaaq,0,0,no_in_area_point_not_no_transport
6794,Samarinda,1,0,directory_points_only
6795,Ankleshwar,0,0,no_in_area_point_not_no_transport
6796,Abiriba,0,0,no_in_area_point_not_no_transport
6797,Muncie,13,0,directory_points_only
6798,Divinópolis,4,0,directory_points_only
6799,Zhangbei,0,0,no_in_area_point_not_no_transport
6800,Tanjung Redeb,0,0,no_in_area_point_not_no_transport
6801,Kosamba,0,0,no_in_area_point_not_no_transport
6802,Tukurwa,0,0,no_in_area_point_not_no_transport
6804,Lavras,1,0,directory_points_only
6806,Tarakan,1,1,directory_points_only
6807,Narwana,0,0,no_in_area_point_not_no_transport
6808,Ugbokolo,0,0,no_in_area_point_not_no_transport
6809,Columbia,10,1,directory_points_only
6810,Guaratinguetá,4,0,directory_points_only
6811,Nanbu,0,0,no_in_area_point_not_no_transport
6812,Nunukan,1,0,directory_points_only
6813,Gangapur,0,0,no_in_area_point_not_no_transport
6814,Ediene,0,0,no_in_area_point_not_no_transport
6815,Oshkosh,15,0,directory_points_only
6816,Curvelo,1,0,directory_points_only
6817,Liquan,0,0,no_in_area_point_not_no_transport
6818,Lok Tuan,0,0,no_in_area_point_not_no_transport
6819,Nawa,0,0,no_in_area_point_not_no_transport
6820,Ungwan Tamowa,0,0,no_in_area_point_not_no_transport
6821,South Bend,40,1,directory_points_only
6822,Pará de Minas,1,0,directory_points_only
6823,Jinghong,0,0,no_in_area_point_not_no_transport
6824,Bontang,1,1,directory_points_only
6825,Pilani,2,0,directory_points_only
6826,Mashi,0,0,no_in_area_point_not_no_transport
6827,Appleton,11,1,directory_points_only
6830,Sangatta,0,0,no_in_area_point_not_no_transport
6831,Baddi,0,0,no_in_area_point_not_no_transport
6832,Elu,0,0,no_in_area_point_not_no_transport
6833,Charleston,12,1,directory_points_only
6834,Itaúna,0,0,no_in_area_point_not_no_transport
6835,Yunzhou,0,0,no_in_area_point_not_no_transport
6836,Dompu,0,0,no_in_area_point_not_no_transport
6837,Rajpura,0,0,no_in_area_point_not_no_transport
6838,Keffi,0,0,no_in_area_point_not_no_transport
6840,Floriano,0,0,no_in_area_point_not_no_transport
6841,Xiaohe,0,0,no_in_area_point_not_no_transport
6842,Bima,0,0,no_in_area_point_not_no_transport
6843,Kishangarh,0,0,no_in_area_point_not_no_transport
6844,Gwarzo,0,0,no_in_area_point_not_no_transport
6845,Dayton,71,1,directory_points_only
6846,Cruzeiro,2,0,directory_points_only
6847,蓬溪县,0,0,no_in_area_point_not_no_transport
6848,Kecamatan Sape,0,0,no_in_area_point_not_no_transport
6851,Charlotte,62,2,directory_points_only
6852,Teresina,10,1,directory_points_only
6853,Lüliang,0,0,no_in_area_point_not_no_transport
6854,Tambolaka,1,1,directory_points_only
6855,Nasirabad,0,0,no_in_area_point_not_no_transport
6856,Ikot Ide,0,0,no_in_area_point_not_no_transport
6857,Fort Wayne,55,1,directory_points_only
6858,Montes Claros,2,1,directory_points_only
6859,Xichong,0,0,no_in_area_point_not_no_transport
6860,Mamuju,0,0,no_in_area_point_not_no_transport
6861,Hansi,0,0,no_in_area_point_not_no_transport
6862,Tsanyawa,0,0,no_in_area_point_not_no_transport
6863,Green Bay,8,1,directory_points_only
6864,Sete Lagoas,1,0,directory_points_only
6865,Suining,1,0,directory_points_only
6866,Majene,0,0,no_in_area_point_not_no_transport
6867,Lunavada,0,0,no_in_area_point_not_no_transport
6868,Amakofia,1,0,directory_points_only
6869,Holland,6,0,directory_points_only
6870,Belo Horizonte,70,1,directory_points_only
6871,Jingle,0,0,no_in_area_point_not_no_transport
6872,Sidorejo,0,0,no_in_area_point_not_no_transport
6873,Navsari,0,0,no_in_area_point_not_no_transport
6874,Uyo,0,0,no_in_area_point_not_no_transport
6875,Kalamazoo,23,1,directory_points_only
6877,安居镇,0,0,no_in_area_point_not_no_transport
6878,Makassar,1,1,directory_points_only
6879,Bijainagar,0,0,no_in_area_point_not_no_transport
6880,Kadafa,0,0,no_in_area_point_not_no_transport
6881,Grand Rapids,31,1,directory_points_only
6882,Icaivera,0,0,no_in_area_point_not_no_transport
6883,Yangxian,0,0,no_in_area_point_not_no_transport
6884,Labuan Bajo,1,1,directory_points_only
6885,Kalol,0,0,no_in_area_point_not_no_transport
6886,Ozizza,0,0,no_in_area_point_not_no_transport
6887,Columbus,112,2,directory_points_only
6889,Ying,0,0,no_in_area_point_not_no_transport
6890,Takatidung,0,0,no_in_area_point_not_no_transport
6892,Eket,1,0,directory_points_only
6893,Winston-Salem,13,0,directory_points_only
6894,São João del-Rei,2,0,directory_points_only
6895,Xingping,0,0,no_in_area_point_not_no_transport
6896,Waingapu,1,1,directory_points_only
6897,Halol,0,0,no_in_area_point_not_no_transport
6898,Koi,0,0,no_in_area_point_not_no_transport
6899,Greensboro,19,1,directory_points_only
6900,Resende,2,0,directory_points_only
6901,Xiangjiaba,0,0,no_in_area_point_not_no_transport
6903,Tosham,0,0,no_in_area_point_not_no_transport
6904,Soba,0,0,no_in_area_point_not_no_transport
6905,Lansing,30,1,directory_points_only
6906,Janaúba,0,0,no_in_area_point_not_no_transport
6907,Anyue,0,0,no_in_area_point_not_no_transport
6908,Pangkajene,0,0,no_in_area_point_not_no_transport
6909,Chirawa,0,0,no_in_area_point_not_no_transport
6911,Fayetteville,19,1,directory_points_only
6912,Angra dos Reis,10,0,directory_points_only
6913,Tianzhen,0,0,no_in_area_point_not_no_transport
6914,Pasangkayu,0,0,no_in_area_point_not_no_transport
6915,Vns HOSTEL,0,0,no_in_area_point_not_no_transport
6916,Utunkon,0,0,no_in_area_point_not_no_transport
6917,Toledo,42,1,directory_points_only
6918,Volta Redonda,5,0,directory_points_only
6919,Tongchuan,0,0,no_in_area_point_not_no_transport
6920,Pare-Pare,0,0,no_in_area_point_not_no_transport
6921,Kaithal,0,0,no_in_area_point_not_no_transport
6922,Idembia,0,0,no_in_area_point_not_no_transport
6923,Roanoke,9,1,directory_points_only
6924,Conselheiro Lafaiete,0,0,no_in_area_point_not_no_transport
6925,Neijiang,0,0,no_in_area_point_not_no_transport
6926,Pinrang,0,0,no_in_area_point_not_no_transport
6927,Salumbar,0,0,no_in_area_point_not_no_transport
6928,Ugep,0,0,no_in_area_point_not_no_transport
6929,Ann Arbor,13,0,directory_points_only
6930,Guanambi,1,0,directory_points_only
6931,Ludian,0,0,no_in_area_point_not_no_transport
6932,Bantaeng,0,0,no_in_area_point_not_no_transport
6933,Kapasan,0,0,no_in_area_point_not_no_transport
6934,Abakaliki,0,0,no_in_area_point_not_no_transport
6936,Barbacena,1,0,directory_points_only
6937,Yintai,0,0,no_in_area_point_not_no_transport
6938,Pangkajene,0,0,no_in_area_point_not_no_transport
6939,Udaipurwati,0,0,no_in_area_point_not_no_transport
6940,Otukpo,0,0,no_in_area_point_not_no_transport
6942,Raleigh,34,1,directory_points_only
6943,Parnaíba,2,1,directory_points_only
6944,Zhaotong,2,1,directory_points_only
6945,Ruteng,1,1,directory_points_only
6946,Valsad,0,0,no_in_area_point_not_no_transport
6947,Maturrumi,0,0,no_in_area_point_not_no_transport
6948,Detroit,120,1,directory_points_only
6949,Itabira,0,0,no_in_area_point_not_no_transport
6950,Yibin,0,0,no_in_area_point_not_no_transport
6951,Bulukumba,0,0,no_in_area_point_not_no_transport
6953,Bichi,0,0,no_in_area_point_not_no_transport
6956,Jincheng,0,0,no_in_area_point_not_no_transport
6957,Rantepao,0,0,no_in_area_point_not_no_transport
6958,Umargam road,0,0,no_in_area_point_not_no_transport
6959,Ungwan Sarki,0,0,no_in_area_point_not_no_transport
6960,Flint,18,1,directory_points_only
6961,Rio de Janeiro,116,2,directory_points_only
6962,Zhongyang,0,0,no_in_area_point_not_no_transport
6963,Palu,1,1,directory_points_only
6964,Bhinder,0,0,no_in_area_point_not_no_transport
6965,Achara Ndiagu Omegio,0,0,no_in_area_point_not_no_transport
6966,Saginaw,11,1,directory_points_only
6967,Juiz de Fora,5,1,directory_points_only
6968,Enyang,0,0,no_in_area_point_not_no_transport
6969,Sengkang,0,0,no_in_area_point_not_no_transport
6970,Kalka,1,0,directory_points_only
6971,Tarzoho,0,0,no_in_area_point_not_no_transport
6972,Lorain,11,0,directory_points_only
6974,Xinping,0,0,no_in_area_point_not_no_transport
6975,Balangnipa,0,0,no_in_area_point_not_no_transport
6976,Bilimora,0,0,no_in_area_point_not_no_transport
6977,Daura,1,0,directory_points_only
6979,Irecê,0,0,no_in_area_point_not_no_transport
6980,Blagoveshchensk,0,0,no_in_area_point_not_no_transport
6981,Watampone,0,0,no_in_area_point_not_no_transport
6982,Godhra,0,0,no_in_area_point_not_no_transport
6983,Oron,0,0,no_in_area_point_not_no_transport
6984,Canton,36,1,directory_points_only
6985,Três Rios,2,0,directory_points_only
6986,Huize,0,0,no_in_area_point_not_no_transport
6987,Palopo,0,0,no_in_area_point_not_no_transport
6988,Dabhoi,0,0,no_in_area_point_not_no_transport
6989,Kafanchan,0,0,no_in_area_point_not_no_transport
6990,Cleveland,97,1,directory_points_only
6991,Ubá,1,0,directory_points_only
6992,Anning,0,0,no_in_area_point_not_no_transport
6993,Bajawa,0,0,no_in_area_point_not_no_transport
6995,Kano,1,1,directory_points_only
6996,Akron,32,0,directory_points_only
6998,Mojiang Hani Autonomous County,0,0,no_in_area_point_not_no_transport
6999,Parigi,0,0,no_in_area_point_not_no_transport
7000,Boisar,0,0,no_in_area_point_not_no_transport
7001,kazaure,0,0,no_in_area_point_not_no_transport
7002,Greenville,5,1,directory_points_only
7003,Viçosa,2,0,directory_points_only
7004,渭城区,1,1,directory_points_only
7005,Poso,0,0,no_in_area_point_not_no_transport
7006,Renwal,0,0,no_in_area_point_not_no_transport
7007,Tudun Wada,0,0,no_in_area_point_not_no_transport
7010,Yilong,0,0,no_in_area_point_not_no_transport
7011,Ende,1,1,directory_points_only
7012,Bardoli,0,0,no_in_area_point_not_no_transport
7013,Anchau,0,0,no_in_area_point_not_no_transport
7014,Youngstown,36,0,directory_points_only
7015,Ipatinga,8,1,directory_points_only
7017,Tolitoli,0,0,no_in_area_point_not_no_transport
7019,Doma,0,0,no_in_area_point_not_no_transport
7020,Pittsburgh,93,1,directory_points_only
7021,Sao Goncalo,16,0,directory_points_only
7022,Bazhong,0,0,no_in_area_point_not_no_transport
7023,Maumere,1,1,directory_points_only
7025,Calabar,1,1,directory_points_only
7028,UNNAMED,0,0,no_in_area_point_not_no_transport
7029,Kolaka,0,0,no_in_area_point_not_no_transport
7030,Ambala,1,0,directory_points_only
7031,Kura,0,0,no_in_area_point_not_no_transport
7032,Richmond,44,1,directory_points_only
7033,Teresópolis,3,0,directory_points_only
7034,Fushun,0,0,no_in_area_point_not_no_transport
7035,Buol,0,0,no_in_area_point_not_no_transport
7036,Sambhar,0,0,no_in_area_point_not_no_transport
7039,Cataguases,0,0,no_in_area_point_not_no_transport
7041,Ampana,0,0,no_in_area_point_not_no_transport
7042,Pehowa,0,0,no_in_area_point_not_no_transport
7043,Adum East,0,0,no_in_area_point_not_no_transport
7044,Erie,16,1,directory_points_only
7045,Muriaé,1,0,directory_points_only
7046,Dai,0,0,no_in_area_point_not_no_transport
7047,Larantuka,0,0,no_in_area_point_not_no_transport
7048,Khandela,0,0,no_in_area_point_not_no_transport
7049,Akwanga,0,0,no_in_area_point_not_no_transport
7050,Virginia Beach,58,2,directory_points_only
7051,Caratinga,1,0,directory_points_only
7052,Nanchong,1,1,directory_points_only
7053,Baubau,1,0,directory_points_only
7054,Bhilwara,0,0,no_in_area_point_not_no_transport
7055,Zango,0,0,no_in_area_point_not_no_transport
7057,Governador Valadares,1,1,directory_points_only
7058,Dongchuan,0,0,no_in_area_point_not_no_transport
7059,Kendari,1,1,directory_points_only
7060,Shimla,1,0,directory_points_only
7061,Dambarta,0,0,no_in_area_point_not_no_transport
7063,Nova Friburgo,1,0,directory_points_only
7064,三原县,0,0,no_in_area_point_not_no_transport
7065,Kupang,1,1,directory_points_only
7066,Jind,0,0,no_in_area_point_not_no_transport
7067,Kpam,0,0,no_in_area_point_not_no_transport
7068,Washington D.C.,121,2,directory_points_only
7069,Manhuaçu,0,0,no_in_area_point_not_no_transport
7070,Yiliang,0,0,no_in_area_point_not_no_transport
7071,Raha,0,0,no_in_area_point_not_no_transport
7072,Phulera,0,0,no_in_area_point_not_no_transport
7073,Lafia,0,0,no_in_area_point_not_no_transport
7075,Sobral,2,0,directory_points_only
7076,Kunming,2,0,directory_points_only
7077,Luwuk,0,0,no_in_area_point_not_no_transport
7078,Sagwara,0,0,no_in_area_point_not_no_transport
7079,Makurdi,1,1,directory_points_only
7081,Teófilo Otoni,2,0,directory_points_only
7082,Linxi,0,0,no_in_area_point_not_no_transport
7084,Palghar,0,0,no_in_area_point_not_no_transport
7085,Rano,0,0,no_in_area_point_not_no_transport
7087,Araruama,0,0,no_in_area_point_not_no_transport
7088,Zhangjiakou,1,1,directory_points_only
7089,Gorontalo,0,0,no_in_area_point_not_no_transport
7090,Solan,0,0,no_in_area_point_not_no_transport
7092,Hagerstown,14,1,directory_points_only
7093,Petrolina,2,1,directory_points_only
7094,Xi'an,3,0,directory_points_only
7095,Kalabahi,1,0,directory_points_only
7097,Nassarawan Eggon,0,0,no_in_area_point_not_no_transport
7098,Frederick,9,0,directory_points_only
7099,Itaperuna,2,0,directory_points_only
7100,Huyi,1,0,directory_points_only
7101,Atambua,1,1,directory_points_only
7102,Bhiwani,0,0,no_in_area_point_not_no_transport
7103,Ungwan Bahagu,0,0,no_in_area_point_not_no_transport
7105,Vitória da Conquista,5,1,directory_points_only
7106,Yuanping,0,0,no_in_area_point_not_no_transport
7107,Kotamobagu,1,0,directory_points_only
7108,Silvassa,6,0,directory_points_only
7109,Samunakar,0,0,no_in_area_point_not_no_transport
7112,Cabo Frio,6,1,directory_points_only
7114,Manado,1,1,directory_points_only
7115,Singhana,0,0,no_in_area_point_not_no_transport
7116,Ikom,0,0,no_in_area_point_not_no_transport
7117,State College,10,1,directory_points_only
7118,Rio das Ostras,5,0,directory_points_only
7119,Nehe,0,0,no_in_area_point_not_no_transport
7120,Tomohon,0,0,no_in_area_point_not_no_transport
7121,Khetri,0,0,no_in_area_point_not_no_transport
7122,Garko,0,0,no_in_area_point_not_no_transport
7123,Baltimore,59,1,directory_points_only
7124,Macaé,7,0,directory_points_only
7125,Hunyuan,0,0,no_in_area_point_not_no_transport
7126,Tondano,0,0,no_in_area_point_not_no_transport
7127,Mandvi,0,0,no_in_area_point_not_no_transport
7128,Wudil,0,0,no_in_area_point_not_no_transport
7129,Harrisburg,63,1,directory_points_only
7130,Itapipoca,0,0,no_in_area_point_not_no_transport
7131,Xixiang,0,0,no_in_area_point_not_no_transport
7132,Bitung,0,0,no_in_area_point_not_no_transport
7133,Rajpipla,0,0,no_in_area_point_not_no_transport
7134,Okuku Lepuole,0,0,no_in_area_point_not_no_transport
7135,York,22,0,directory_points_only
7136,Campos dos Goytacazes,4,1,directory_points_only
7137,Longjiang,0,0,no_in_area_point_not_no_transport
7138,Ternate,1,1,directory_points_only
7139,Vasai-Virar,0,0,no_in_area_point_not_no_transport
7140,Jos,0,0,no_in_area_point_not_no_transport
7141,Buffalo,51,2,directory_points_only
7142,Cachoeiro de Itapemirim,1,0,directory_points_only
7143,Yangyuan,0,0,no_in_area_point_not_no_transport
7144,Tobelo,0,0,no_in_area_point_not_no_transport
7145,Sarwar,0,0,no_in_area_point_not_no_transport
7146,Keana,0,0,no_in_area_point_not_no_transport
7148,Jequié,2,0,directory_points_only
7151,Shri Madhopur,0,0,no_in_area_point_not_no_transport
7152,Nshebori,0,0,no_in_area_point_not_no_transport
7154,Itapetinga,0,0,no_in_area_point_not_no_transport
7156,Kel Rijali,0,0,no_in_area_point_not_no_transport
7157,Ringas,0,0,no_in_area_point_not_no_transport
7158,Barakin Gangare,0,0,no_in_area_point_not_no_transport
7159,Lancaster,20,1,directory_points_only
7161,筠连县,0,0,no_in_area_point_not_no_transport
7163,Mumbai,11,2,directory_points_only
7164,Yarogye,0,0,no_in_area_point_not_no_transport
7165,Philadelphia,302,3,directory_points_only
7166,Colatina,1,0,directory_points_only
7167,Fanshi,0,0,no_in_area_point_not_no_transport
7168,Masohi,0,0,no_in_area_point_not_no_transport
7169,Shahabad Markanda,0,0,no_in_area_point_not_no_transport
7170,Gaya,0,0,no_in_area_point_not_no_transport
7171,Reading,29,0,directory_points_only
7172,Iguatu,1,0,directory_points_only
7174,Sorong,1,1,directory_points_only
7175,Chittorgarh,0,0,no_in_area_point_not_no_transport
7176,Bokkos,0,0,no_in_area_point_not_no_transport
7177,West Chester,17,0,directory_points_only
7178,Juazeiro do Norte,1,1,directory_points_only
7179,Gongxian,0,0,no_in_area_point_not_no_transport
7180,Fakfak,0,0,no_in_area_point_not_no_transport
7181,Neem Ka Thana,0,0,no_in_area_point_not_no_transport
7182,Gboko,0,0,no_in_area_point_not_no_transport
7183,Rochester,35,1,directory_points_only
7184,Guarapari,1,1,directory_points_only
7185,蓬安县,0,0,no_in_area_point_not_no_transport
7186,Tual,1,0,directory_points_only
7187,Partapur,0,0,no_in_area_point_not_no_transport
7188,Vande Ikya,0,0,no_in_area_point_not_no_transport
7190,Vila Velha,15,2,directory_points_only
7191,Tongnan,0,0,no_in_area_point_not_no_transport
7192,Manokwari,1,1,directory_points_only
7193,Bodeli,0,0,no_in_area_point_not_no_transport
7194,Ringim,0,0,no_in_area_point_not_no_transport
7195,Allentown,111,1,directory_points_only
7197,Baishui,0,0,no_in_area_point_not_no_transport
7198,Nabire,1,1,directory_points_only
7199,Shahpura,0,0,no_in_area_point_not_no_transport
7200,Mongu Arna,0,0,no_in_area_point_not_no_transport
7201,Atlantic City,25,1,directory_points_only
7203,Longchang,0,0,no_in_area_point_not_no_transport
7204,Biak Kota,3,1,directory_points_only
7205,Kurukshetra,0,0,no_in_area_point_not_no_transport
7206,Obudu,0,0,no_in_area_point_not_no_transport
7207,Wilkes-Barre,9,0,directory_points_only
7208,Santo Antônio de Jesus,1,0,directory_points_only
7209,Nanxi,0,0,no_in_area_point_not_no_transport
7210,Serui Kota,1,0,directory_points_only
7211,Bari Sadri,0,0,no_in_area_point_not_no_transport
7212,Arafu,0,0,no_in_area_point_not_no_transport
7214,Linhares,1,0,directory_points_only
7215,Zhehai,0,0,no_in_area_point_not_no_transport
7216,Timika,1,1,directory_points_only
7217,Vyara,0,0,no_in_area_point_not_no_transport
7218,Adikpo,0,0,no_in_area_point_not_no_transport
7219,Scranton,13,1,directory_points_only
7221,新兴街道,1,0,directory_points_only
7222,Kogimage,0,0,no_in_area_point_not_no_transport
7223,Devgadh Baria,0,0,no_in_area_point_not_no_transport
7224,Dutse,0,0,no_in_area_point_not_no_transport
7226,Fortaleza,43,1,directory_points_only
7227,Yuxi,0,0,no_in_area_point_not_no_transport
7228,Wamena,0,0,no_in_area_point_not_no_transport
7229,UNNAMED,0,0,no_in_area_point_not_no_transport
7230,Katsina Ala,0,0,no_in_area_point_not_no_transport
7231,Binghamton,7,1,directory_points_only
7232,Teixeira de Freitas,0,0,no_in_area_point_not_no_transport
7234,Merauke,1,1,directory_points_only
7235,Naraingarh,0,0,no_in_area_point_not_no_transport
7236,Gumel,0,0,no_in_area_point_not_no_transport
7239,Eunápolis,1,0,directory_points_only
7240,Gujiao,0,0,no_in_area_point_not_no_transport
7241,Asikie,0,0,no_in_area_point_not_no_transport
7242,Charkhi Dadri,0,0,no_in_area_point_not_no_transport
7243,Maigatari,0,0,no_in_area_point_not_no_transport
7244,New York,406,10,directory_points_only
7245,São Mateus,1,0,directory_points_only
7246,Changning,0,0,no_in_area_point_not_no_transport
7247,Sentani,3,1,directory_points_only
7248,Kekri,0,0,no_in_area_point_not_no_transport
7249,Ugba,0,0,no_in_area_point_not_no_transport
7251,Itabuna,2,0,directory_points_only
7253,Kotaraja,0,0,no_in_area_point_not_no_transport
7254,Barara,0,0,no_in_area_point_not_no_transport
7255,Gwolong,0,0,no_in_area_point_not_no_transport
7256,Syracuse,30,1,directory_points_only
7257,Feira de Santana,3,0,directory_points_only
7258,Yingshan,0,0,no_in_area_point_not_no_transport
7259,Jayapura,0,0,no_in_area_point_not_no_transport
7260,UNNAMED,0,0,no_in_area_point_not_no_transport
7261,Birnin Kudu,0,0,no_in_area_point_not_no_transport
7263,Valença,0,0,no_in_area_point_not_no_transport
7264,Pucheng,0,0,no_in_area_point_not_no_transport
7265,Mahendragarh,0,0,no_in_area_point_not_no_transport
7266,Bununu Dass,0,0,no_in_area_point_not_no_transport
7267,Utica,11,0,directory_points_only
7268,Pacajus,1,0,directory_points_only
7269,Xinzhou,0,0,no_in_area_point_not_no_transport
7270,Bagru,0,0,no_in_area_point_not_no_transport
7271,Ningi,0,0,no_in_area_point_not_no_transport
7273,Ilhéus,2,1,directory_points_only
7274,Tongjiang,0,0,no_in_area_point_not_no_transport
7275,Nimbahera,0,0,no_in_area_point_not_no_transport
7276,Shendam,0,0,no_in_area_point_not_no_transport
7277,Bridgeport,30,1,directory_points_only
7278,Porto Seguro,4,1,directory_points_only
7279,Dazu,0,0,no_in_area_point_not_no_transport
7280,Narnaul,0,0,no_in_area_point_not_no_transport
7281,Tafawa-Balewa,0,0,no_in_area_point_not_no_transport
7283,Serra Talhada,0,0,no_in_area_point_not_no_transport
7284,Luxian,0,0,no_in_area_point_not_no_transport
7285,Chomu,0,0,no_in_area_point_not_no_transport
7286,Jahun,0,0,no_in_area_point_not_no_transport
7287,Waterbury,17,0,directory_points_only
7288,Candeias,0,0,no_in_area_point_not_no_transport
7289,Xuanhua,0,0,no_in_area_point_not_no_transport
7290,Malpura,0,0,no_in_area_point_not_no_transport
7291,Samammiya,0,0,no_in_area_point_not_no_transport
7292,Albany,22,1,directory_points_only
7293,Paulo Afonso,1,1,directory_points_only
7295,Songadh,0,0,no_in_area_point_not_no_transport
7296,Zaki Biam,0,0,no_in_area_point_not_no_transport
7298,Alagoinhas,1,0,directory_points_only
7299,Taihe,0,0,no_in_area_point_not_no_transport
7300,Uran,0,0,no_in_area_point_not_no_transport
7301,Bauchi,1,0,directory_points_only
7302,Hartford,50,1,directory_points_only
7303,Salvador,29,1,directory_points_only
7304,Rongchang,0,0,no_in_area_point_not_no_transport
7305,Alibag,0,0,no_in_area_point_not_no_transport
7306,Langtang,0,0,no_in_area_point_not_no_transport
7307,Springfield,42,0,directory_points_only
7309,Pingchang,0,0,no_in_area_point_not_no_transport
7310,Rohtak,0,0,no_in_area_point_not_no_transport
7311,Wukari,0,0,no_in_area_point_not_no_transport
7312,Providence,54,2,directory_points_only
7313,Dias d'Ávila,1,0,directory_points_only
7314,Yousuo,0,0,no_in_area_point_not_no_transport
7315,Jawhar,0,0,no_in_area_point_not_no_transport
7316,Anguwan Ari,0,0,no_in_area_point_not_no_transport
7317,Worcester,17,1,directory_points_only
7318,Camaçari,0,0,no_in_area_point_not_no_transport
7319,Longshui,0,0,no_in_area_point_not_no_transport
7320,Jaipur,1,1,directory_points_only
7321,Malummaduri,0,0,no_in_area_point_not_no_transport
7323,Mossoró,3,1,directory_points_only
7324,Dajie,0,0,no_in_area_point_not_no_transport
7325,Gohana,0,0,no_in_area_point_not_no_transport
7326,Jemma’are,0,0,no_in_area_point_not_no_transport
7327,Leominster,15,0,directory_points_only
7328,Patos,0,0,no_in_area_point_not_no_transport
7329,Fenyang,0,0,no_in_area_point_not_no_transport
7330,Banswara,0,0,no_in_area_point_not_no_transport
7331,Hadejia,0,0,no_in_area_point_not_no_transport
7333,Itabaiana,0,0,no_in_area_point_not_no_transport
7334,Chengcheng,0,0,no_in_area_point_not_no_transport
7335,Chhota Udaipur,0,0,no_in_area_point_not_no_transport
7336,Dengi,0,0,no_in_area_point_not_no_transport
7337,Framingham,26,0,directory_points_only
7338,Caicó,1,0,directory_points_only
7339,武胜县,0,0,no_in_area_point_not_no_transport
7340,Karnal,1,0,directory_points_only
7341,Wase,0,0,no_in_area_point_not_no_transport
7342,New Bedford,7,1,directory_points_only
7343,Arcoverde,1,0,directory_points_only
7344,岳池县,0,0,no_in_area_point_not_no_transport
7345,Sithana,0,0,no_in_area_point_not_no_transport
7346,Bela,0,0,no_in_area_point_not_no_transport
7347,Boston,64,2,directory_points_only
7349,Shiping,0,0,no_in_area_point_not_no_transport
7350,Bilaspur,0,0,no_in_area_point_not_no_transport
7351,Shira,0,0,no_in_area_point_not_no_transport
7352,Brockton,9,0,directory_points_only
7353,Aracaju,3,1,directory_points_only
7354,Guangling,0,0,no_in_area_point_not_no_transport
7355,Shahpur,0,0,no_in_area_point_not_no_transport
7356,Takum,0,0,no_in_area_point_not_no_transport
7357,Nashua,19,0,directory_points_only
7358,Arapiraca,1,0,directory_points_only
7359,Taiyuan,3,1,directory_points_only
7360,Dahod,1,0,directory_points_only
7361,Donga,0,0,no_in_area_point_not_no_transport
7362,Lowell,8,0,directory_points_only
7363,Garanhuns,1,0,directory_points_only
7364,Weinan,0,0,no_in_area_point_not_no_transport
7365,Yamunanagar,0,0,no_in_area_point_not_no_transport
7366,Azare,0,0,no_in_area_point_not_no_transport
7367,Manchester,26,1,directory_points_only
7368,Belo Jardim,1,0,directory_points_only
7369,通海县,0,0,no_in_area_point_not_no_transport
7370,Manoharpur,0,0,no_in_area_point_not_no_transport
7371,Giade,0,0,no_in_area_point_not_no_transport
7372,Lawrence,19,0,directory_points_only
7373,Santa Cruz do Capibaribe,1,0,directory_points_only
7375,Panipat,0,0,no_in_area_point_not_no_transport
7376,Soro,0,0,no_in_area_point_not_no_transport
7377,Portland,20,1,directory_points_only
7378,São Miguel dos Campos,0,0,no_in_area_point_not_no_transport
7379,Luzhou,0,0,no_in_area_point_not_no_transport
7380,Neemuch,0,0,no_in_area_point_not_no_transport
7381,Katagum,0,0,no_in_area_point_not_no_transport
7382,Caruaru,1,1,directory_points_only
7383,Wenshui,1,0,directory_points_only
7385,Masuri,0,0,no_in_area_point_not_no_transport
7386,Campina Grande,4,1,directory_points_only
7387,Xiaoyi,0,0,no_in_area_point_not_no_transport
7388,Kotputli,0,0,no_in_area_point_not_no_transport
7389,Nguru,0,0,no_in_area_point_not_no_transport
7390,Maceió,10,1,directory_points_only
7391,Yiliang,0,0,no_in_area_point_not_no_transport
7392,Deoli,0,0,no_in_area_point_not_no_transport
7393,Katsiro,0,0,no_in_area_point_not_no_transport
7394,Gravatá,5,0,directory_points_only
7396,Navapur,0,0,no_in_area_point_not_no_transport
7397,Misau,0,0,no_in_area_point_not_no_transport
7399,Tongliang,0,0,no_in_area_point_not_no_transport
7400,Behror,0,0,no_in_area_point_not_no_transport
7401,Gamawa,0,0,no_in_area_point_not_no_transport
7404,Pen,0,0,no_in_area_point_not_no_transport
7405,Dundewa,0,0,no_in_area_point_not_no_transport
7406,Natal,6,0,directory_points_only
7407,Jalaid,0,0,no_in_area_point_not_no_transport
7409,Damban,0,0,no_in_area_point_not_no_transport
7410,Vitória de Santo Antão,0,0,no_in_area_point_not_no_transport
7411,Fula'erji,0,0,no_in_area_point_not_no_transport
7413,Jakusko,0,0,no_in_area_point_not_no_transport
7414,Carpina,0,0,no_in_area_point_not_no_transport
7415,Bairin Right Banner,0,0,no_in_area_point_not_no_transport
7416,Pratapgarh,0,0,no_in_area_point_not_no_transport
7417,Dukku,0,0,no_in_area_point_not_no_transport
7418,Recife,30,1,directory_points_only
7419,Ulan Hot,0,0,no_in_area_point_not_no_transport
7420,Ahwa,0,0,no_in_area_point_not_no_transport
7421,Mutum Biyu,0,0,no_in_area_point_not_no_transport
7422,Goiana,0,0,no_in_area_point_not_no_transport
7423,威宁县,0,0,no_in_area_point_not_no_transport
7424,Jhajjar,0,0,no_in_area_point_not_no_transport
7425,Gashua,0,0,no_in_area_point_not_no_transport
7426,Cabo de Santo Agostinho,2,0,directory_points_only
7427,Lantian,0,0,no_in_area_point_not_no_transport
7428,Neemrana,0,0,no_in_area_point_not_no_transport
7429,Potiskum,0,0,no_in_area_point_not_no_transport
7432,Gangoh,0,0,no_in_area_point_not_no_transport
7433,Gombe,0,0,no_in_area_point_not_no_transport
7434,João Pessoa,5,1,directory_points_only
7435,Hechuan,0,0,no_in_area_point_not_no_transport
7436,Trimbak,0,0,no_in_area_point_not_no_transport
7437,Biliri,0,0,no_in_area_point_not_no_transport
7438,Guang'an,0,0,no_in_area_point_not_no_transport
7439,Paonta Sahib,0,0,no_in_area_point_not_no_transport
7440,Damagum,0,0,no_in_area_point_not_no_transport
7441,Qiqihar,1,1,directory_points_only
7442,Roha,0,0,no_in_area_point_not_no_transport
7443,Kaltungo,0,0,no_in_area_point_not_no_transport
7444,Xiangning,0,0,no_in_area_point_not_no_transport
7445,Bansur,0,0,no_in_area_point_not_no_transport
7446,Gembu,0,0,no_in_area_point_not_no_transport
7447,Hancheng,0,0,no_in_area_point_not_no_transport
7448,Murbad,0,0,no_in_area_point_not_no_transport
7449,Jalingo,0,0,no_in_area_point_not_no_transport
7450,Yuxian,0,0,no_in_area_point_not_no_transport
7451,UNNAMED,0,0,no_in_area_point_not_no_transport
7452,Bajoga,0,0,no_in_area_point_not_no_transport
7453,Yongchuan,0,0,no_in_area_point_not_no_transport
7454,Rewari,0,0,no_in_area_point_not_no_transport
7455,UNNAMED,0,0,no_in_area_point_not_no_transport
7456,Xingwen,0,0,no_in_area_point_not_no_transport
7457,Bassi,0,0,no_in_area_point_not_no_transport
7458,UNNAMED,0,0,no_in_area_point_not_no_transport
7459,Lingqiu,0,0,no_in_area_point_not_no_transport
7460,Chaksu,0,0,no_in_area_point_not_no_transport
7461,Deba Kowa,0,0,no_in_area_point_not_no_transport
7462,Dali,0,0,no_in_area_point_not_no_transport
7463,Thandla,0,0,no_in_area_point_not_no_transport
7464,UNNAMED,0,0,no_in_area_point_not_no_transport
7465,Jiexiu,0,0,no_in_area_point_not_no_transport
7466,Delhi [New Delhi],6,2,directory_points_only
7467,Zinna,0,0,no_in_area_point_not_no_transport
7468,Shilin,0,0,no_in_area_point_not_no_transport
7469,Bawal,0,0,no_in_area_point_not_no_transport
7470,Geidam,0,0,no_in_area_point_not_no_transport
7471,Quxian,0,0,no_in_area_point_not_no_transport
7472,Alirajpur,0,0,no_in_area_point_not_no_transport
7473,Damaturu,0,0,no_in_area_point_not_no_transport
7474,Huazhou,0,0,no_in_area_point_not_no_transport
7475,Tonk,0,0,no_in_area_point_not_no_transport
7476,Buni Yadi,0,0,no_in_area_point_not_no_transport
7477,Weixin,0,0,no_in_area_point_not_no_transport
7478,Kairana,0,0,no_in_area_point_not_no_transport
7479,Shellem,0,0,no_in_area_point_not_no_transport
7480,Xuanwei,0,0,no_in_area_point_not_no_transport
7481,Manasa,0,0,no_in_area_point_not_no_transport
7482,Numan,0,0,no_in_area_point_not_no_transport
7483,Pingyao,0,0,no_in_area_point_not_no_transport
7484,Thanagazi,0,0,no_in_area_point_not_no_transport
7485,Maya Belwa,0,0,no_in_area_point_not_no_transport
7486,Hejin,0,0,no_in_area_point_not_no_transport
7488,Sangasumi,0,0,no_in_area_point_not_no_transport
7489,Qi,0,0,no_in_area_point_not_no_transport
7490,Saharanpur,0,0,no_in_area_point_not_no_transport
7491,Biu,0,0,no_in_area_point_not_no_transport
7492,Qujing,1,0,directory_points_only
7493,Dakpathar,0,0,no_in_area_point_not_no_transport
7494,Jada,0,0,no_in_area_point_not_no_transport
7495,Jianshui,0,0,no_in_area_point_not_no_transport
7496,Niwai,0,0,no_in_area_point_not_no_transport
7497,Jimeta,1,1,directory_points_only
7498,Huaying,0,0,no_in_area_point_not_no_transport
7499,Nashik,4,0,directory_points_only
7500,Damask,0,0,no_in_area_point_not_no_transport
7501,Zhenxiong,0,0,no_in_area_point_not_no_transport
7502,Mandsaur,0,0,no_in_area_point_not_no_transport
7505,Jhabua,0,0,no_in_area_point_not_no_transport
7506,UNNAMED,0,0,no_in_area_point_not_no_transport
7507,Hezhang,0,0,no_in_area_point_not_no_transport
7508,Shamli,0,0,no_in_area_point_not_no_transport
7509,Song,0,0,no_in_area_point_not_no_transport
7510,Jinzhong,0,0,no_in_area_point_not_no_transport
7511,Lonavala,0,0,no_in_area_point_not_no_transport
7512,Gubio,0,0,no_in_area_point_not_no_transport
7513,Beibei,0,0,no_in_area_point_not_no_transport
7514,Kandhla,0,0,no_in_area_point_not_no_transport
7515,Damboa,0,0,no_in_area_point_not_no_transport
7517,Bhiwadi,0,0,no_in_area_point_not_no_transport
7518,Gombi,0,0,no_in_area_point_not_no_transport
7519,Wanyuan,0,0,no_in_area_point_not_no_transport
7520,Thana Bhawan,0,0,no_in_area_point_not_no_transport
7521,Goniri,0,0,no_in_area_point_not_no_transport
7523,Bundi,0,0,no_in_area_point_not_no_transport
7524,Maiduguri,1,1,directory_points_only
7525,Huailai,0,0,no_in_area_point_not_no_transport
7526,Dapoli,0,0,no_in_area_point_not_no_transport
7527,Uba,0,0,no_in_area_point_not_no_transport
7528,Huozhou,0,0,no_in_area_point_not_no_transport
7529,Sela Kui,0,0,no_in_area_point_not_no_transport
7530,Mubi,0,0,no_in_area_point_not_no_transport
7531,Hejiang,0,0,no_in_area_point_not_no_transport
7532,Khairthal,0,0,no_in_area_point_not_no_transport
7533,Michika,0,0,no_in_area_point_not_no_transport
7534,Xuyong,0,0,no_in_area_point_not_no_transport
7536,Gulak,0,0,no_in_area_point_not_no_transport
7538,Nandurbar,0,0,no_in_area_point_not_no_transport
7539,Monguno,0,0,no_in_area_point_not_no_transport
7540,Dazhou,0,0,no_in_area_point_not_no_transport
7541,Pimpalner,0,0,no_in_area_point_not_no_transport
7542,Madagali,0,0,no_in_area_point_not_no_transport
7543,Chishui,0,0,no_in_area_point_not_no_transport
7544,Baraut,0,0,no_in_area_point_not_no_transport
7545,Jaudiri,0,0,no_in_area_point_not_no_transport
7546,Daiwan,0,0,no_in_area_point_not_no_transport
7548,Gwoza,0,0,no_in_area_point_not_no_transport
7549,Taigu,0,0,no_in_area_point_not_no_transport
7550,Petlawad,0,0,no_in_area_point_not_no_transport
7551,Baga,0,0,no_in_area_point_not_no_transport
7552,Tuquan,0,0,no_in_area_point_not_no_transport
7553,Alwar,0,0,no_in_area_point_not_no_transport
7554,Ngoshe,0,0,no_in_area_point_not_no_transport
7556,Dausa,0,0,no_in_area_point_not_no_transport
7557,Dikwa,0,0,no_in_area_point_not_no_transport
7559,Nainwa,0,0,no_in_area_point_not_no_transport
7560,Banki,0,0,no_in_area_point_not_no_transport
7561,Sanchahe,1,0,directory_points_only
7562,Chutmalpur,0,0,no_in_area_point_not_no_transport
7563,Gamboru,0,0,no_in_area_point_not_no_transport
7564,Jishan,0,0,no_in_area_point_not_no_transport
7566,Jiangjin,0,0,no_in_area_point_not_no_transport
7567,Rawatbhata,0,0,no_in_area_point_not_no_transport
7568,Mile,0,0,no_in_area_point_not_no_transport
7569,Pimpalgaon Basvant,0,0,no_in_area_point_not_no_transport
7570,Huayin,0,0,no_in_area_point_not_no_transport
7571,Jaora,0,0,no_in_area_point_not_no_transport
7572,Dazhu,0,0,no_in_area_point_not_no_transport
7573,Bhagwānpur,0,0,no_in_area_point_not_no_transport
7574,LinShui,0,0,no_in_area_point_not_no_transport
7575,Ratlam,1,0,directory_points_only
7577,Budhana,0,0,no_in_area_point_not_no_transport
7578,Chongqing,3,1,directory_points_only
7579,Deoband,0,0,no_in_area_point_not_no_transport
7581,Dehradun,2,0,directory_points_only
7582,Baisha,0,0,no_in_area_point_not_no_transport
7583,Shahada,0,0,no_in_area_point_not_no_transport
7584,Yi'an,0,0,no_in_area_point_not_no_transport
7586,Shouyang,0,0,no_in_area_point_not_no_transport
7587,UNNAMED,0,0,no_in_area_point_not_no_transport
7589,Sinnar,0,0,no_in_area_point_not_no_transport
7590,Linfen,1,0,directory_points_only
7591,Rajgarh,0,0,no_in_area_point_not_no_transport
7592,Yongji,0,0,no_in_area_point_not_no_transport
7593,Sakri,0,0,no_in_area_point_not_no_transport
7594,Xuanhan,0,0,no_in_area_point_not_no_transport
7595,Satana,0,0,no_in_area_point_not_no_transport
7596,Hongtong,0,0,no_in_area_point_not_no_transport
7597,Lalsot,0,0,no_in_area_point_not_no_transport
7599,Sohna,0,0,no_in_area_point_not_no_transport
7600,Fengning,1,0,directory_points_only
7601,Kota,1,0,directory_points_only
7602,Yu,0,0,no_in_area_point_not_no_transport
7603,Muzaffarnagar,0,0,no_in_area_point_not_no_transport
7604,Wangjiazhai,0,0,no_in_area_point_not_no_transport
7605,Bandikui,0,0,no_in_area_point_not_no_transport
7606,Laiyuan,0,0,no_in_area_point_not_no_transport
7607,Roorkee,0,0,no_in_area_point_not_no_transport
7608,Fuyuan,0,0,no_in_area_point_not_no_transport
7609,Ramgarh,0,0,no_in_area_point_not_no_transport
7610,Kaiyuan,0,0,no_in_area_point_not_no_transport
7611,Ratnagiri,1,0,directory_points_only
7612,Linyi,0,0,no_in_area_point_not_no_transport
7615,Junnar,0,0,no_in_area_point_not_no_transport
7616,Liupanshui,0,0,no_in_area_point_not_no_transport
7617,Pune,4,1,directory_points_only
7618,Ankang,1,0,directory_points_only
7619,Ferozepur Jhirka,0,0,no_in_area_point_not_no_transport
7620,Gejiu,0,0,no_in_area_point_not_no_transport
7621,Sardhana,0,0,no_in_area_point_not_no_transport
7622,Yanqing,1,0,directory_points_only
7623,Dondaicha,0,0,no_in_area_point_not_no_transport
7624,Luxi,0,0,no_in_area_point_not_no_transport
7625,Chiplun,0,0,no_in_area_point_not_no_transport
7626,Bijie,0,0,no_in_area_point_not_no_transport
7627,Lasalgaon,0,0,no_in_area_point_not_no_transport
7628,Houma,0,0,no_in_area_point_not_no_transport
7629,Uttarkashi,0,0,no_in_area_point_not_no_transport
7630,Tailai,0,0,no_in_area_point_not_no_transport
7631,Haridwar,0,0,no_in_area_point_not_no_transport
7632,Jarud,0,0,no_in_area_point_not_no_transport
7633,Khatauli,0,0,no_in_area_point_not_no_transport
7634,Nanba,0,0,no_in_area_point_not_no_transport
7635,Lachhmangarh,0,0,no_in_area_point_not_no_transport
7636,Keshan,0,0,no_in_area_point_not_no_transport
7637,Narayangaon,0,0,no_in_area_point_not_no_transport
7638,Weichang,0,0,no_in_area_point_not_no_transport
7639,Manchar,0,0,no_in_area_point_not_no_transport
7640,Gulin,0,0,no_in_area_point_not_no_transport
7641,Lakheri,0,0,no_in_area_point_not_no_transport
7642,Panzhou,0,0,no_in_area_point_not_no_transport
7643,Meerut,1,0,directory_points_only
7644,Shangluo,0,0,no_in_area_point_not_no_transport
7646,新宁镇,0,0,no_in_area_point_not_no_transport
7647,Bamanwas,0,0,no_in_area_point_not_no_transport
7648,Yangquan,0,0,no_in_area_point_not_no_transport
7649,Sawai Madhopur,0,0,no_in_area_point_not_no_transport
7650,Luonan,0,0,no_in_area_point_not_no_transport
7652,Dianjiang,0,0,no_in_area_point_not_no_transport
7653,Barwani,0,0,no_in_area_point_not_no_transport
7654,Wenxi,0,0,no_in_area_point_not_no_transport
7655,Laksar,0,0,no_in_area_point_not_no_transport
7656,Yuncheng,1,1,directory_points_only
7657,Govindgarh,0,0,no_in_area_point_not_no_transport
7658,Quwo,0,0,no_in_area_point_not_no_transport
7659,Nagda,1,0,directory_points_only
7660,Ruicheng,0,0,no_in_area_point_not_no_transport
7661,Sangamner,0,0,no_in_area_point_not_no_transport
7662,Ongniud,0,0,no_in_area_point_not_no_transport
7663,Morana,0,0,no_in_area_point_not_no_transport
7664,Changshou,0,0,no_in_area_point_not_no_transport
7665,Palwal,0,0,no_in_area_point_not_no_transport
7666,Mengzi,1,0,directory_points_only
7668,Bei'an,0,0,no_in_area_point_not_no_transport
7670,Yicheng,0,0,no_in_area_point_not_no_transport
7671,Punhana,0,0,no_in_area_point_not_no_transport
7672,Qijiang,0,0,no_in_area_point_not_no_transport
7673,Sikari,0,0,no_in_area_point_not_no_transport
7674,Xishui,0,0,no_in_area_point_not_no_transport
7675,Malegaon,0,0,no_in_area_point_not_no_transport
7678,Shanyang,0,0,no_in_area_point_not_no_transport
7679,Todabhim,0,0,no_in_area_point_not_no_transport
7680,Xia,0,0,no_in_area_point_not_no_transport
7681,Bhawani Mandi,0,0,no_in_area_point_not_no_transport
7682,Xunyang,0,0,no_in_area_point_not_no_transport
7683,Manmad,0,0,no_in_area_point_not_no_transport
7684,Liangping,1,0,directory_points_only
7685,Bhor,0,0,no_in_area_point_not_no_transport
7687,Manawar,0,0,no_in_area_point_not_no_transport
7688,Jinping,0,0,no_in_area_point_not_no_transport
7689,New Tehri,0,0,no_in_area_point_not_no_transport
7690,Yushe,0,0,no_in_area_point_not_no_transport
7691,Aurangabad,0,0,no_in_area_point_not_no_transport
7692,Qin,0,0,no_in_area_point_not_no_transport
7693,Suket,0,0,no_in_area_point_not_no_transport
7694,Luoxiong,0,0,no_in_area_point_not_no_transport
7695,Mahwa,0,0,no_in_area_point_not_no_transport
7696,Dafang,0,0,no_in_area_point_not_no_transport
7697,Miranpur,0,0,no_in_area_point_not_no_transport
7698,Nayong,0,0,no_in_area_point_not_no_transport
7699,Nagar,0,0,no_in_area_point_not_no_transport
7700,Pingshan,0,0,no_in_area_point_not_no_transport
7701,Gangapur,0,0,no_in_area_point_not_no_transport
7703,Kherli,0,0,no_in_area_point_not_no_transport
7704,Beijing,9,1,directory_points_only
7705,Shirpur,0,0,no_in_area_point_not_no_transport
7706,Baicheng,0,0,no_in_area_point_not_no_transport
7707,Yeola,0,0,no_in_area_point_not_no_transport
7708,Jingxing Mining,0,0,no_in_area_point_not_no_transport
7710,Lingbao,0,0,no_in_area_point_not_no_transport
7711,Dhule,1,0,directory_points_only
7712,Zhenlai,0,0,no_in_area_point_not_no_transport
7713,Mawana,0,0,no_in_area_point_not_no_transport
7715,Hodal,0,0,no_in_area_point_not_no_transport
7717,Itawa,0,0,no_in_area_point_not_no_transport
7718,Lingshou,0,0,no_in_area_point_not_no_transport
7719,Dhar,0,0,no_in_area_point_not_no_transport
7720,Xiyang,0,0,no_in_area_point_not_no_transport
7721,Saswad,0,0,no_in_area_point_not_no_transport
7723,Sikandarabad,0,0,no_in_area_point_not_no_transport
7724,Quyang,0,0,no_in_area_point_not_no_transport
7725,Kaman,0,0,no_in_area_point_not_no_transport
7726,Xingtang,0,0,no_in_area_point_not_no_transport
7727,Kopargaon,0,0,no_in_area_point_not_no_transport
7728,Sanmenxia,0,0,no_in_area_point_not_no_transport
7729,Mehidpur,0,0,no_in_area_point_not_no_transport
7730,Kaizhou,0,0,no_in_area_point_not_no_transport
7731,Shirdi,0,0,no_in_area_point_not_no_transport
7732,Wansheng,0,0,no_in_area_point_not_no_transport
7733,Bijnor,0,0,no_in_area_point_not_no_transport
7734,Danfeng,0,0,no_in_area_point_not_no_transport
7735,Kiratpur,0,0,no_in_area_point_not_no_transport
7736,Yi,0,0,no_in_area_point_not_no_transport
7737,Jewar,0,0,no_in_area_point_not_no_transport
7738,Yuanqu,0,0,no_in_area_point_not_no_transport
7739,Nandgaon,0,0,no_in_area_point_not_no_transport
7740,Tang,0,0,no_in_area_point_not_no_transport
7741,Sendhwa,0,0,no_in_area_point_not_no_transport
7742,Nanchuan,0,0,no_in_area_point_not_no_transport
7743,Gulavthi,0,0,no_in_area_point_not_no_transport
7744,Shijiazhuang,2,0,directory_points_only
7745,Kosi Kalan,0,0,no_in_area_point_not_no_transport
7746,Huairou,0,0,no_in_area_point_not_no_transport
7747,Najibabad,0,0,no_in_area_point_not_no_transport
7748,Chifeng,2,1,directory_points_only
7749,Nadbai,0,0,no_in_area_point_not_no_transport
7750,Anzhou,0,0,no_in_area_point_not_no_transport
7751,Jhalawar,0,0,no_in_area_point_not_no_transport
7752,Taonan,0,0,no_in_area_point_not_no_transport
7753,Karegaon,0,0,no_in_area_point_not_no_transport
7754,Liuzhi,0,0,no_in_area_point_not_no_transport
7755,Satara,0,0,no_in_area_point_not_no_transport
7756,Xinle,1,1,directory_points_only
7757,Deeg,0,0,no_in_area_point_not_no_transport
7758,Laishui,0,0,no_in_area_point_not_no_transport
7759,Hindaun,0,0,no_in_area_point_not_no_transport
7760,Wanzhou,1,1,directory_points_only
7762,Baiquan,0,0,no_in_area_point_not_no_transport
7763,Bulandshahr,0,0,no_in_area_point_not_no_transport
7764,Mancheng,0,0,no_in_area_point_not_no_transport
7765,Chhata,0,0,no_in_area_point_not_no_transport
7766,Fengdu,0,0,no_in_area_point_not_no_transport
7767,Singhawali,0,0,no_in_area_point_not_no_transport
7768,Xingyi,0,0,no_in_area_point_not_no_transport
7769,Karauli,0,0,no_in_area_point_not_no_transport
7770,Renhuai,0,0,no_in_area_point_not_no_transport
7771,Sheopur,0,0,no_in_area_point_not_no_transport
7772,Zhong,0,0,no_in_area_point_not_no_transport
7773,UNNAMED,0,0,no_in_area_point_not_no_transport
7774,Miyun,1,0,directory_points_only
7775,Shrirampur,0,0,no_in_area_point_not_no_transport
7777,Kotdwar,0,0,no_in_area_point_not_no_transport
7778,Jinsha,0,0,no_in_area_point_not_no_transport
7779,Govardhan,0,0,no_in_area_point_not_no_transport
7780,Zhijin,0,0,no_in_area_point_not_no_transport
7781,Kumher,0,0,no_in_area_point_not_no_transport
7782,Dingzhou,0,0,no_in_area_point_not_no_transport
7783,Ujjain,0,0,no_in_area_point_not_no_transport
7784,Qianxi,0,0,no_in_area_point_not_no_transport
7785,Amalner,0,0,no_in_area_point_not_no_transport
7786,Xiangyuan,0,0,no_in_area_point_not_no_transport
7787,Vaijapur,0,0,no_in_area_point_not_no_transport
7788,Zhuozhou,1,0,directory_points_only
7789,Baran,0,0,no_in_area_point_not_no_transport
7790,Ranghulu,0,0,no_in_area_point_not_no_transport
7791,Srinagar,0,0,no_in_area_point_not_no_transport
7792,Gaobeidian,2,0,directory_points_only
7793,Khurja,0,0,no_in_area_point_not_no_transport
7795,UNNAMED,0,0,no_in_area_point_not_no_transport
7796,Xingren,0,0,no_in_area_point_not_no_transport
7797,Chandpur,0,0,no_in_area_point_not_no_transport
7798,Baoding,1,0,directory_points_only
7799,Garhmuktesar,0,0,no_in_area_point_not_no_transport
7800,Tongzi,0,0,no_in_area_point_not_no_transport
7801,Agar,0,0,no_in_area_point_not_no_transport
7803,Nagina,0,0,no_in_area_point_not_no_transport
7804,Xushui,0,0,no_in_area_point_not_no_transport
7805,Bayana,0,0,no_in_area_point_not_no_transport
7806,Yunyang,0,0,no_in_area_point_not_no_transport
7807,Supe,0,0,no_in_area_point_not_no_transport
7808,Puding,0,0,no_in_area_point_not_no_transport
7809,Pauri,0,0,no_in_area_point_not_no_transport
7810,Wenshan,0,0,no_in_area_point_not_no_transport
7811,Nahtaur,0,0,no_in_area_point_not_no_transport
7812,Zhuxi,0,0,no_in_area_point_not_no_transport
7813,Rahuri,0,0,no_in_area_point_not_no_transport
7814,Shuangluan,0,0,no_in_area_point_not_no_transport
7815,Siyana,0,0,no_in_area_point_not_no_transport
7816,Zhangzi,0,0,no_in_area_point_not_no_transport
7819,Parola,0,0,no_in_area_point_not_no_transport
7820,Shizhu,0,0,no_in_area_point_not_no_transport
7821,Chalisgaon,0,0,no_in_area_point_not_no_transport
7823,Dhanaura,0,0,no_in_area_point_not_no_transport
7824,Zanhuang,0,0,no_in_area_point_not_no_transport
7825,UNNAMED,0,0,no_in_area_point_not_no_transport
7826,Yangcheng,0,0,no_in_area_point_not_no_transport
7827,Uchain,0,0,no_in_area_point_not_no_transport
7828,Yuanshi,0,0,no_in_area_point_not_no_transport
7830,明水县,0,0,no_in_area_point_not_no_transport
7831,Bharatpur,0,0,no_in_area_point_not_no_transport
7832,Daqing,0,0,no_in_area_point_not_no_transport
7833,Gajraula,0,0,no_in_area_point_not_no_transport
7834,Babaishang,0,0,no_in_area_point_not_no_transport
7835,Mathura,1,0,directory_points_only
7836,Lucheng,0,0,no_in_area_point_not_no_transport
7837,Karad,1,0,directory_points_only
7838,Changzhi,1,1,directory_points_only
7839,Indore,1,1,directory_points_only
7840,Wulong,0,0,no_in_area_point_not_no_transport
7841,Panaji,2,0,directory_points_only
7842,Zhenning,0,0,no_in_area_point_not_no_transport
7843,Chopda,0,0,no_in_area_point_not_no_transport
7844,Wuji,0,0,no_in_area_point_not_no_transport
7845,Noorpur,0,0,no_in_area_point_not_no_transport
7847,Shikarpur,0,0,no_in_area_point_not_no_transport
7849,Mant,0,0,no_in_area_point_not_no_transport
7850,Licheng,0,0,no_in_area_point_not_no_transport
7851,Ahmadnagar,5,0,directory_points_only
7852,Yima,0,0,no_in_area_point_not_no_transport
7853,Dhampur,0,0,no_in_area_point_not_no_transport
7854,Anshun,1,1,directory_points_only
7855,Jahangirabad,0,0,no_in_area_point_not_no_transport
7856,Chengde,0,0,no_in_area_point_not_no_transport
7857,Vasco da Gama,1,1,directory_points_only
7858,Gaocheng,0,0,no_in_area_point_not_no_transport
7859,Phaltan,0,0,no_in_area_point_not_no_transport
7860,Shangnan,0,0,no_in_area_point_not_no_transport
7861,Hasanpur,0,0,no_in_area_point_not_no_transport
7862,Yunxi,0,0,no_in_area_point_not_no_transport
7864,Gu'an,0,0,no_in_area_point_not_no_transport
7865,Sherkot,0,0,no_in_area_point_not_no_transport
7866,Shangdang,0,0,no_in_area_point_not_no_transport
7867,Daund,0,0,no_in_area_point_not_no_transport
7868,Yuanbaoshan,0,0,no_in_area_point_not_no_transport
7869,Pahasu,0,0,no_in_area_point_not_no_transport
7870,Pinggu,0,0,no_in_area_point_not_no_transport
7871,Khargone,0,0,no_in_area_point_not_no_transport
7872,Liangmatai,0,0,no_in_area_point_not_no_transport
7873,Bhadgaon,0,0,no_in_area_point_not_no_transport
7874,Anguo,0,0,no_in_area_point_not_no_transport
7875,Islampur,0,0,no_in_area_point_not_no_transport
7876,Luoning,0,0,no_in_area_point_not_no_transport
7877,Kodoli,0,0,no_in_area_point_not_no_transport
7878,Gaoyi,0,0,no_in_area_point_not_no_transport
7879,Kannad,0,0,no_in_area_point_not_no_transport
7880,Daozhen,0,0,no_in_area_point_not_no_transport
7881,Kolhapur,1,1,directory_points_only
7882,Majiadu,0,0,no_in_area_point_not_no_transport
7883,Seohara,0,0,no_in_area_point_not_no_transport
7884,Zunyi,0,0,no_in_area_point_not_no_transport
7885,Dewas,0,0,no_in_area_point_not_no_transport
7886,Gaoping,0,0,no_in_area_point_not_no_transport
7887,Amroha,0,0,no_in_area_point_not_no_transport
7888,Jinzhou,0,0,no_in_area_point_not_no_transport
7889,Rupbas,0,0,no_in_area_point_not_no_transport
7890,Zhao,0,0,no_in_area_point_not_no_transport
7891,Aklera,0,0,no_in_area_point_not_no_transport
7893,Baramati,0,0,no_in_area_point_not_no_transport
7895,Aligarh,1,0,directory_points_only
7896,Sanhe,0,0,no_in_area_point_not_no_transport
7898,Maguan,0,0,no_in_area_point_not_no_transport
7899,Iglas,0,0,no_in_area_point_not_no_transport
7900,She,0,0,no_in_area_point_not_no_transport
7901,Fatehpur Sikri,0,0,no_in_area_point_not_no_transport
7902,Mingu,0,0,no_in_area_point_not_no_transport
7903,Baseri,0,0,no_in_area_point_not_no_transport
7904,Li,0,0,no_in_area_point_not_no_transport
7905,Margao,0,0,no_in_area_point_not_no_transport
7906,Xinghua,0,0,no_in_area_point_not_no_transport
7907,Sahaspur,0,0,no_in_area_point_not_no_transport
7908,Gaoyang,0,0,no_in_area_point_not_no_transport
7909,Anupshahr,0,0,no_in_area_point_not_no_transport
7910,Pingba,0,0,no_in_area_point_not_no_transport
7911,Pachora,0,0,no_in_area_point_not_no_transport
7912,Langfang,0,0,no_in_area_point_not_no_transport
7914,Xiong,0,0,no_in_area_point_not_no_transport
7915,Chhipabarod,0,0,no_in_area_point_not_no_transport
7916,Suiyang,0,0,no_in_area_point_not_no_transport
7917,Shajapur,0,0,no_in_area_point_not_no_transport
7918,Jincheng,0,0,no_in_area_point_not_no_transport
7919,Kanth,0,0,no_in_area_point_not_no_transport
7920,Xin'an,0,0,no_in_area_point_not_no_transport
7921,Dibai,0,0,no_in_area_point_not_no_transport
7922,Yongqing,0,0,no_in_area_point_not_no_transport
7924,Xianghe,0,0,no_in_area_point_not_no_transport
7925,Ponda,0,0,no_in_area_point_not_no_transport
7926,Xiuwen,0,0,no_in_area_point_not_no_transport
7927,Sabalgarh,0,0,no_in_area_point_not_no_transport
7929,Jalgaon,1,1,directory_points_only
7930,Zhushan,0,0,no_in_area_point_not_no_transport
7931,Kiraoli,0,0,no_in_area_point_not_no_transport
7932,Pengshui,0,0,no_in_area_point_not_no_transport
7933,Moradabad,0,0,no_in_area_point_not_no_transport
7934,Jiyuan,0,0,no_in_area_point_not_no_transport
7936,Chengxiang,0,0,no_in_area_point_not_no_transport
7938,Ningjin,0,0,no_in_area_point_not_no_transport
7939,Hathras,0,0,no_in_area_point_not_no_transport
7940,Anda,0,0,no_in_area_point_not_no_transport
7941,Bari,0,0,no_in_area_point_not_no_transport
7942,Bazhou,0,0,no_in_area_point_not_no_transport
7943,Bijeypur,0,0,no_in_area_point_not_no_transport
7944,Chengde,0,0,no_in_area_point_not_no_transport
7946,Jizhou,0,0,no_in_area_point_not_no_transport
7947,Jaspur,0,0,no_in_area_point_not_no_transport
7948,Anping,0,0,no_in_area_point_not_no_transport
7949,Chhabra,0,0,no_in_area_point_not_no_transport
7950,Xinji,0,0,no_in_area_point_not_no_transport
7951,Vita,0,0,no_in_area_point_not_no_transport
7952,Guiyang,1,1,directory_points_only
7953,Atrauli,0,0,no_in_area_point_not_no_transport
7954,Hailun,0,0,no_in_area_point_not_no_transport
7955,Sadabad,0,0,no_in_area_point_not_no_transport
7956,Yiyang,0,0,no_in_area_point_not_no_transport
7957,Agra,1,1,directory_points_only
7958,Naiman Banner,0,0,no_in_area_point_not_no_transport
7959,Sarangpur,0,0,no_in_area_point_not_no_transport
7960,Xingtai,0,0,no_in_area_point_not_no_transport
7961,Aurangabad,1,1,directory_points_only
7962,Luoyang,1,1,directory_points_only
7963,Sambhal,0,0,no_in_area_point_not_no_transport
7964,Shiyan,1,1,directory_points_only
7966,Babrala,0,0,no_in_area_point_not_no_transport
7967,Lichuan,0,0,no_in_area_point_not_no_transport
7968,Jairampur,0,0,no_in_area_point_not_no_transport
7969,Yunyang,0,0,no_in_area_point_not_no_transport
7970,Kheragarh,0,0,no_in_area_point_not_no_transport
7971,Renqiu,0,0,no_in_area_point_not_no_transport
7972,Barwaha,0,0,no_in_area_point_not_no_transport
7974,Ichalkaranji,0,0,no_in_area_point_not_no_transport
7975,Luanchuan,0,0,no_in_area_point_not_no_transport
7976,Nippani,0,0,no_in_area_point_not_no_transport
7977,Wu'an,0,0,no_in_area_point_not_no_transport
7978,Gadahinglaj,0,0,no_in_area_point_not_no_transport
7979,Longyao,0,0,no_in_area_point_not_no_transport
7980,Thakurdwara,0,0,no_in_area_point_not_no_transport
7982,Yawal,0,0,no_in_area_point_not_no_transport
7983,Baidi,0,0,no_in_area_point_not_no_transport
7985,Kaiyang,0,0,no_in_area_point_not_no_transport
7986,Kailaras,0,0,no_in_area_point_not_no_transport
7987,Ningcheng,0,0,no_in_area_point_not_no_transport
7988,Sanawad,0,0,no_in_area_point_not_no_transport
7989,宝坻区,0,0,no_in_area_point_not_no_transport
7990,UNNAMED,0,0,no_in_area_point_not_no_transport
7991,Da'an,0,0,no_in_area_point_not_no_transport
7992,Sonkach,0,0,no_in_area_point_not_no_transport
7994,Rajgarh,0,0,no_in_area_point_not_no_transport
7995,Pingquan,0,0,no_in_area_point_not_no_transport
7996,Sangli,0,0,no_in_area_point_not_no_transport
7998,Shevgaon,0,0,no_in_area_point_not_no_transport
7999,Meitan,0,0,no_in_area_point_not_no_transport
8000,Pathardi,0,0,no_in_area_point_not_no_transport
8001,Shengzhou,0,0,no_in_area_point_not_no_transport
8002,Tasgaon,0,0,no_in_area_point_not_no_transport
8003,Yongnian,1,0,directory_points_only
8006,UNNAMED,0,0,no_in_area_point_not_no_transport
8007,Qinggang,0,0,no_in_area_point_not_no_transport
8008,Karjat,0,0,no_in_area_point_not_no_transport
8009,Qinyang,0,0,no_in_area_point_not_no_transport
8010,Chharra,0,0,no_in_area_point_not_no_transport
8011,Song,0,0,no_in_area_point_not_no_transport
8012,Dhaulpur,0,0,no_in_area_point_not_no_transport
8013,Shengfang,0,0,no_in_area_point_not_no_transport
8014,Bhusawal,0,0,no_in_area_point_not_no_transport
8015,Mengzhou,0,0,no_in_area_point_not_no_transport
8016,UNNAMED,0,0,no_in_area_point_not_no_transport
8017,Zuogezhuang,0,0,no_in_area_point_not_no_transport
8018,Bahjoi,0,0,no_in_area_point_not_no_transport
8019,Linzhou,0,0,no_in_area_point_not_no_transport
8020,Sankeshwara,0,0,no_in_area_point_not_no_transport
8021,Xixia,0,0,no_in_area_point_not_no_transport
8022,Rāmnagar,0,0,no_in_area_point_not_no_transport
8024,Kundarkhi,0,0,no_in_area_point_not_no_transport
8025,Hejian,0,0,no_in_area_point_not_no_transport
8026,Pachore,0,0,no_in_area_point_not_no_transport
8027,Fengfeng,0,0,no_in_area_point_not_no_transport
8028,Tanda,0,0,no_in_area_point_not_no_transport
8029,凤冈县,0,0,no_in_area_point_not_no_transport
8030,Bilari,0,0,no_in_area_point_not_no_transport
8031,Zunhua,0,0,no_in_area_point_not_no_transport
8032,Jamner,0,0,no_in_area_point_not_no_transport
8033,Yichuan,0,0,no_in_area_point_not_no_transport
8034,Sikandra Rao,0,0,no_in_area_point_not_no_transport
8036,Chikkodi,0,0,no_in_area_point_not_no_transport
8037,Qianjiang,1,1,directory_points_only
8038,Paithan,0,0,no_in_area_point_not_no_transport
8039,Jiaozuo,0,0,no_in_area_point_not_no_transport
8040,Joura,0,0,no_in_area_point_not_no_transport
8041,Suiling,0,0,no_in_area_point_not_no_transport
8042,UNNAMED,0,0,no_in_area_point_not_no_transport
8043,Handan,1,1,directory_points_only
8044,Jalesar,0,0,no_in_area_point_not_no_transport
8045,Wushan,0,0,no_in_area_point_not_no_transport
8046,Etmadpur,0,0,no_in_area_point_not_no_transport
8047,Wangkui,0,0,no_in_area_point_not_no_transport
8048,Sillod,0,0,no_in_area_point_not_no_transport
8049,Yutian,0,0,no_in_area_point_not_no_transport
8050,Indapur,0,0,no_in_area_point_not_no_transport
8052,Belagavi,0,0,no_in_area_point_not_no_transport
8053,Xichuan,0,0,no_in_area_point_not_no_transport
8054,Chandausi,0,0,no_in_area_point_not_no_transport
8055,Tianjin,2,1,directory_points_only
8056,Shamsabad,0,0,no_in_area_point_not_no_transport
8057,Anyang,1,0,directory_points_only
8058,Suar,0,0,no_in_area_point_not_no_transport
8060,Islamnagar,0,0,no_in_area_point_not_no_transport
8062,Biaora,0,0,no_in_area_point_not_no_transport
8063,Tongliao,1,1,directory_points_only
8064,Akluj,0,0,no_in_area_point_not_no_transport
8065,Enshi,1,1,directory_points_only
8066,Bajpur,0,0,no_in_area_point_not_no_transport
8067,Xitao,0,0,no_in_area_point_not_no_transport
8068,Shujalpur,0,0,no_in_area_point_not_no_transport
8069,Fangxian,0,0,no_in_area_point_not_no_transport
8070,UNNAMED,0,0,no_in_area_point_not_no_transport
8071,Dejiang,0,0,no_in_area_point_not_no_transport
8072,Morena,0,0,no_in_area_point_not_no_transport
8073,Wen,0,0,no_in_area_point_not_no_transport
8074,Raver,0,0,no_in_area_point_not_no_transport
8075,Hengshui,0,0,no_in_area_point_not_no_transport
8076,Khanapur,0,0,no_in_area_point_not_no_transport
8077,Ci,0,0,no_in_area_point_not_no_transport
8078,Karmala,0,0,no_in_area_point_not_no_transport
8079,Jinghai,0,0,no_in_area_point_not_no_transport
8080,Rampur,0,0,no_in_area_point_not_no_transport
8081,Jize,0,0,no_in_area_point_not_no_transport
8082,Jamkhed,0,0,no_in_area_point_not_no_transport
8083,Jianshi,0,0,no_in_area_point_not_no_transport
8084,Rajakhera,0,0,no_in_area_point_not_no_transport
8085,Gongyi,0,0,no_in_area_point_not_no_transport
8086,Kusnal,0,0,no_in_area_point_not_no_transport
8087,Lingyuan,0,0,no_in_area_point_not_no_transport
8088,Guna,1,0,directory_points_only
8089,Ruyang,0,0,no_in_area_point_not_no_transport
8090,Sahaswan,0,0,no_in_area_point_not_no_transport
8091,瓮安县,0,0,no_in_area_point_not_no_transport
8092,Khandwa,0,0,no_in_area_point_not_no_transport
8093,Jianping,0,0,no_in_area_point_not_no_transport
8094,Maktainagar,0,0,no_in_area_point_not_no_transport
8095,Jizhou,0,0,no_in_area_point_not_no_transport
8096,Kasganj,0,0,no_in_area_point_not_no_transport
8097,Xianfeng,0,0,no_in_area_point_not_no_transport
8098,Firozabad,0,0,no_in_area_point_not_no_transport
8099,Funing,0,0,no_in_area_point_not_no_transport
8100,Fatehabad,0,0,no_in_area_point_not_no_transport
8102,Ashta,0,0,no_in_area_point_not_no_transport
8103,Qianxi,0,0,no_in_area_point_not_no_transport
8104,UNNAMED,0,0,no_in_area_point_not_no_transport
8106,Surajpur,0,0,no_in_area_point_not_no_transport
8107,Zhaozhou,0,0,no_in_area_point_not_no_transport
8108,Sahabad,0,0,no_in_area_point_not_no_transport
8109,Quzhou,0,0,no_in_area_point_not_no_transport
8110,Shivpuri,0,0,no_in_area_point_not_no_transport
8112,Bamaur,0,0,no_in_area_point_not_no_transport
8113,Linzhang,0,0,no_in_area_point_not_no_transport
8114,Burhanpur,0,0,no_in_area_point_not_no_transport
8115,Shancheng,0,0,no_in_area_point_not_no_transport
8116,Bisauli,0,0,no_in_area_point_not_no_transport
8118,Soron,0,0,no_in_area_point_not_no_transport
8119,Cheng'an,0,0,no_in_area_point_not_no_transport
8120,Ambah,0,0,no_in_area_point_not_no_transport
8122,Gokak,0,0,no_in_area_point_not_no_transport
8123,Youyang,0,0,no_in_area_point_not_no_transport
8124,Dandeli,0,0,no_in_area_point_not_no_transport
8125,UNNAMED,1,0,directory_points_only
8126,Bilaspur,0,0,no_in_area_point_not_no_transport
8127,Neixiang,0,0,no_in_area_point_not_no_transport
8128,UNNAMED,0,0,no_in_area_point_not_no_transport
8129,Zaoqiang,0,0,no_in_area_point_not_no_transport
8130,Etah,0,0,no_in_area_point_not_no_transport
8132,Narsinghgarh,0,0,no_in_area_point_not_no_transport
8133,Fengrun,0,0,no_in_area_point_not_no_transport
8134,UNNAMED,0,0,no_in_area_point_not_no_transport
8135,Dengfeng,0,0,no_in_area_point_not_no_transport
8136,Milak,0,0,no_in_area_point_not_no_transport
8137,Qing,0,0,no_in_area_point_not_no_transport
8138,Jalna,0,0,no_in_area_point_not_no_transport
8139,Badong,0,0,no_in_area_point_not_no_transport
8140,Sangole,0,0,no_in_area_point_not_no_transport
8141,Sinan,0,0,no_in_area_point_not_no_transport
8142,Almora,0,0,no_in_area_point_not_no_transport
8143,Danjiangkou,0,0,no_in_area_point_not_no_transport
8144,Gwalior,1,1,directory_points_only
8145,Fuquan,0,0,no_in_area_point_not_no_transport
8146,Ambad,0,0,no_in_area_point_not_no_transport
8147,Zhaodong,0,0,no_in_area_point_not_no_transport
8148,Haldwani,0,0,no_in_area_point_not_no_transport
8149,Tangyin,0,0,no_in_area_point_not_no_transport
8150,Rudrapur,1,1,directory_points_only
8152,Malkapur,0,0,no_in_area_point_not_no_transport
8153,Ruzhou,0,0,no_in_area_point_not_no_transport
8154,Aron,0,0,no_in_area_point_not_no_transport
8155,Lanxi,0,0,no_in_area_point_not_no_transport
8156,UNNAMED,0,0,no_in_area_point_not_no_transport
8157,Xinxiang,1,0,directory_points_only
8158,Paranda,0,0,no_in_area_point_not_no_transport
8159,Tangshan,2,1,directory_points_only
8160,Athani,0,0,no_in_area_point_not_no_transport
8161,Hebi,0,0,no_in_area_point_not_no_transport
8162,Kurduvadi,0,0,no_in_area_point_not_no_transport
8164,Pandharpur,0,0,no_in_area_point_not_no_transport
8165,Songyuan,0,0,no_in_area_point_not_no_transport
8166,Bailahongala,0,0,no_in_area_point_not_no_transport
8168,Wazirganj,0,0,no_in_area_point_not_no_transport
8169,Harqin,0,0,no_in_area_point_not_no_transport
8170,Porsa,0,0,no_in_area_point_not_no_transport
8172,Georai,0,0,no_in_area_point_not_no_transport
8174,Shikohabad,0,0,no_in_area_point_not_no_transport
8176,UNNAMED,0,0,no_in_area_point_not_no_transport
8177,Longshan,0,0,no_in_area_point_not_no_transport
8178,Yellapur,0,0,no_in_area_point_not_no_transport
8179,Suihua,0,0,no_in_area_point_not_no_transport
8180,Ujhani,0,0,no_in_area_point_not_no_transport
8181,Qixian,0,0,no_in_area_point_not_no_transport
8182,Jasrana,0,0,no_in_area_point_not_no_transport
8183,Botou,0,0,no_in_area_point_not_no_transport
8184,Malanpur,0,0,no_in_area_point_not_no_transport
8185,Cangzhou,1,0,directory_points_only
8186,Buldhana,0,0,no_in_area_point_not_no_transport
8187,Wei,0,0,no_in_area_point_not_no_transport
8188,Jath,0,0,no_in_area_point_not_no_transport
8189,Zhengzhou,2,0,directory_points_only
8190,Sehore,0,0,no_in_area_point_not_no_transport
8192,Beed,0,0,no_in_area_point_not_no_transport
8193,Binhai,2,0,directory_points_only
8194,Aonla,0,0,no_in_area_point_not_no_transport
8195,Nanzhao,0,0,no_in_area_point_not_no_transport
8196,Leteri,0,0,no_in_area_point_not_no_transport
8198,Rabakavi Banahatti,0,0,no_in_area_point_not_no_transport
8199,Xinmi,0,0,no_in_area_point_not_no_transport
8200,Ganj Dundwara,0,0,no_in_area_point_not_no_transport
8201,Duyun,0,0,no_in_area_point_not_no_transport
8202,Kichha,0,0,no_in_area_point_not_no_transport
8205,Chaoyang,1,1,directory_points_only
8206,Bah,0,0,no_in_area_point_not_no_transport
8207,中塘镇,0,0,no_in_area_point_not_no_transport
8208,Sirsaganj,0,0,no_in_area_point_not_no_transport
8209,Qinghe,0,0,no_in_area_point_not_no_transport
8210,Baheri,0,0,no_in_area_point_not_no_transport
8211,Jing,0,0,no_in_area_point_not_no_transport
8212,Budaun,0,0,no_in_area_point_not_no_transport
8213,Gucheng,0,0,no_in_area_point_not_no_transport
8214,Gormi,0,0,no_in_area_point_not_no_transport
8215,Beipiao,0,0,no_in_area_point_not_no_transport
8216,Gohad,0,0,no_in_area_point_not_no_transport
8218,Paul Pothen Nagar,0,0,no_in_area_point_not_no_transport
8219,Gucheng,1,0,directory_points_only
8220,Chikhli,0,0,no_in_area_point_not_no_transport
8221,Qian'an,0,0,no_in_area_point_not_no_transport
8222,Mangalwedha,0,0,no_in_area_point_not_no_transport
8224,Bareilly,1,1,directory_points_only
8225,Shilong,0,0,no_in_area_point_not_no_transport
8226,Dharwad,0,0,no_in_area_point_not_no_transport
8227,庆安县,0,0,no_in_area_point_not_no_transport
8228,Ashoknagar,0,0,no_in_area_point_not_no_transport
8229,Zhenping,0,0,no_in_area_point_not_no_transport
8230,Barshi,0,0,no_in_area_point_not_no_transport
8232,UNNAMED,0,0,no_in_area_point_not_no_transport
8233,Guantao,0,0,no_in_area_point_not_no_transport
8234,Sirsi,0,0,no_in_area_point_not_no_transport
8236,UNNAMED,0,0,no_in_area_point_not_no_transport
8237,Yuanyang,0,0,no_in_area_point_not_no_transport
8238,Nandura,0,0,no_in_area_point_not_no_transport
8239,Xiushan,0,0,no_in_area_point_not_no_transport
8240,Jalgaon Jamod,0,0,no_in_area_point_not_no_transport
8242,Jamakhandi,0,0,no_in_area_point_not_no_transport
8243,Lushan,0,0,no_in_area_point_not_no_transport
8244,Karera,0,0,no_in_area_point_not_no_transport
8245,Dengzhou,0,0,no_in_area_point_not_no_transport
8246,Berasia,0,0,no_in_area_point_not_no_transport
8248,Saundatti,0,0,no_in_area_point_not_no_transport
8249,Dezhou,0,0,no_in_area_point_not_no_transport
8250,Jaithra,0,0,no_in_area_point_not_no_transport
8251,Daming,0,0,no_in_area_point_not_no_transport
8252,Kakrala,0,0,no_in_area_point_not_no_transport
8253,Linqing,0,0,no_in_area_point_not_no_transport
8254,UNNAMED,0,0,no_in_area_point_not_no_transport
8255,Huaxian,0,0,no_in_area_point_not_no_transport
8256,Dabra,0,0,no_in_area_point_not_no_transport
8257,Kaili,0,0,no_in_area_point_not_no_transport
8258,Bhopal,1,1,directory_points_only
8259,Jianchang,0,0,no_in_area_point_not_no_transport
8260,Mahgawan,0,0,no_in_area_point_not_no_transport
8262,Sitarganj,0,0,no_in_area_point_not_no_transport
8263,Dushan,1,0,directory_points_only
8264,Mudhol,0,0,no_in_area_point_not_no_transport
8265,Neihuang,0,0,no_in_area_point_not_no_transport
8266,UNNAMED,0,0,no_in_area_point_not_no_transport
8267,Xinglong,0,0,no_in_area_point_not_no_transport
8268,Sironj,0,0,no_in_area_point_not_no_transport
8269,Yanjin,0,0,no_in_area_point_not_no_transport
8271,Luanzhou,0,0,no_in_area_point_not_no_transport
8273,Khamgaon,0,0,no_in_area_point_not_no_transport
8274,Nanyang,1,1,directory_points_only
8275,Hubballi,0,0,no_in_area_point_not_no_transport
8276,Jia,0,0,no_in_area_point_not_no_transport
8277,Sainthal,0,0,no_in_area_point_not_no_transport
8278,Guanxian,0,0,no_in_area_point_not_no_transport
8279,Mainpuri,0,0,no_in_area_point_not_no_transport
8280,Yuzhou,0,0,no_in_area_point_not_no_transport
8281,Udupi,1,0,directory_points_only
8282,Baise,0,0,no_in_area_point_not_no_transport
8283,Harda,0,0,no_in_area_point_not_no_transport
8284,Tieli,0,0,no_in_area_point_not_no_transport
8285,Nawabganj,0,0,no_in_area_point_not_no_transport
8286,Huanghua,1,0,directory_points_only
8287,Karhal,0,0,no_in_area_point_not_no_transport
8288,夏津县,0,0,no_in_area_point_not_no_transport
8289,Dataganj,0,0,no_in_area_point_not_no_transport
8290,Xiaoxiang,0,0,no_in_area_point_not_no_transport
8291,Aliganj,0,0,no_in_area_point_not_no_transport
8292,Xinzheng,0,0,no_in_area_point_not_no_transport
8293,Jaswantnagar,0,0,no_in_area_point_not_no_transport
8294,Zhongmu,0,0,no_in_area_point_not_no_transport
8295,Khaniadhana,0,0,no_in_area_point_not_no_transport
8297,Bhind,0,0,no_in_area_point_not_no_transport
8298,Pingdingshan,0,0,no_in_area_point_not_no_transport
8299,Saifai,0,0,no_in_area_point_not_no_transport
8300,Luannan,0,0,no_in_area_point_not_no_transport
8301,Faridpur,0,0,no_in_area_point_not_no_transport
8302,Puyang,0,0,no_in_area_point_not_no_transport
8303,Datia,0,0,no_in_area_point_not_no_transport
8304,Huayuan,0,0,no_in_area_point_not_no_transport
8305,Shegaon,1,0,directory_points_only
8306,Ningjin,0,0,no_in_area_point_not_no_transport
8307,Majalgaon,0,0,no_in_area_point_not_no_transport
8308,Jingxi,0,0,no_in_area_point_not_no_transport
8309,Pithoragarh,1,0,directory_points_only
8310,陵城区,0,0,no_in_area_point_not_no_transport
8311,Etawah,0,0,no_in_area_point_not_no_transport
8312,Fengqiu,0,0,no_in_area_point_not_no_transport
8313,Indergarh,0,0,no_in_area_point_not_no_transport
8314,Changge,0,0,no_in_area_point_not_no_transport
8315,Hanagal,0,0,no_in_area_point_not_no_transport
8316,Xinye,0,0,no_in_area_point_not_no_transport
8317,Sagara,1,0,directory_points_only
8318,Shuangliao,0,0,no_in_area_point_not_no_transport
8319,Mangaluru,1,1,directory_points_only
8320,Fuxin,2,0,directory_points_only
8321,Pilibhit,0,0,no_in_area_point_not_no_transport
8322,Fangcheng,0,0,no_in_area_point_not_no_transport
8323,Bhongaon,0,0,no_in_area_point_not_no_transport
8324,Baojing,0,0,no_in_area_point_not_no_transport
8325,Mandideep,0,0,no_in_area_point_not_no_transport
8326,Yongshun,0,0,no_in_area_point_not_no_transport
8327,Khatīma,0,0,no_in_area_point_not_no_transport
8328,Pingyuan,0,0,no_in_area_point_not_no_transport
8329,Chanderi,0,0,no_in_area_point_not_no_transport
8330,Kaifeng,1,0,directory_points_only
8331,Nargund,0,0,no_in_area_point_not_no_transport
8332,Harbin,3,0,directory_points_only
8333,Shiggaon,0,0,no_in_area_point_not_no_transport
8334,Fancheng,1,1,directory_points_only
8335,Kaimganj,0,0,no_in_area_point_not_no_transport
8336,Nanzhang,0,0,no_in_area_point_not_no_transport
8337,Mehkar,0,0,no_in_area_point_not_no_transport
8338,Changyuan,0,0,no_in_area_point_not_no_transport
8339,Osmanabad,0,0,no_in_area_point_not_no_transport
8340,Sangzhi,0,0,no_in_area_point_not_no_transport
8341,Solapur,1,0,directory_points_only
8342,高唐县,0,0,no_in_area_point_not_no_transport
8343,Vijayapura,0,0,no_in_area_point_not_no_transport
8344,Shenxian,0,0,no_in_area_point_not_no_transport
8345,Rafiabad Kalan,0,0,no_in_area_point_not_no_transport
8346,Ye,0,0,no_in_area_point_not_no_transport
8347,Balapur,0,0,no_in_area_point_not_no_transport
8348,Sheqi,0,0,no_in_area_point_not_no_transport
8349,Seondha,0,0,no_in_area_point_not_no_transport
8350,Changli,0,0,no_in_area_point_not_no_transport
8351,Sailu,0,0,no_in_area_point_not_no_transport
8353,Jhansi,1,0,directory_points_only
8354,Tongren,0,0,no_in_area_point_not_no_transport
8355,UNNAMED,0,0,no_in_area_point_not_no_transport
8356,Xuchang,0,0,no_in_area_point_not_no_transport
8357,Shamshabad,0,0,no_in_area_point_not_no_transport
8358,Liaocheng,0,0,no_in_area_point_not_no_transport
8359,Bewar,0,0,no_in_area_point_not_no_transport
8360,Yixian,0,0,no_in_area_point_not_no_transport
8361,Basoda,0,0,no_in_area_point_not_no_transport
8362,Laoting,0,0,no_in_area_point_not_no_transport
8363,Vidisha,0,0,no_in_area_point_not_no_transport
8364,Laoling,0,0,no_in_area_point_not_no_transport
8366,Yichang,1,0,directory_points_only
8367,Miranpur Katra,0,0,no_in_area_point_not_no_transport
8368,Weishi,0,0,no_in_area_point_not_no_transport
8369,Tuljapur,0,0,no_in_area_point_not_no_transport
8370,Shuangcheng,1,0,directory_points_only
8371,Bisalpur,0,0,no_in_area_point_not_no_transport
8372,Qinhuangdao,0,0,no_in_area_point_not_no_transport
8374,Tanghe,0,0,no_in_area_point_not_no_transport
8375,Raisen,0,0,no_in_area_point_not_no_transport
8376,Yanggu,0,0,no_in_area_point_not_no_transport
8377,Bagalkot,1,0,directory_points_only
8378,Jishou,0,0,no_in_area_point_not_no_transport
8379,Akot,0,0,no_in_area_point_not_no_transport
8380,Chiping,0,0,no_in_area_point_not_no_transport
8381,Bhander,0,0,no_in_area_point_not_no_transport
8382,Xinhuang,0,0,no_in_area_point_not_no_transport
8383,Bakewar,0,0,no_in_area_point_not_no_transport
8385,Lahar,0,0,no_in_area_point_not_no_transport
8386,Yucheng,0,0,no_in_area_point_not_no_transport
8387,Tilhar,0,0,no_in_area_point_not_no_transport
8388,Dongming,0,0,no_in_area_point_not_no_transport
8389,Bharthana,0,0,no_in_area_point_not_no_transport
8390,Tiandong County,0,0,no_in_area_point_not_no_transport
8391,Ambajogai,0,0,no_in_area_point_not_no_transport
8392,Nong'an,0,0,no_in_area_point_not_no_transport
8393,Lakshmeshvara,0,0,no_in_area_point_not_no_transport
8394,Linyi,0,0,no_in_area_point_not_no_transport
8395,Haveri,0,0,no_in_area_point_not_no_transport
8396,Jinzhou,2,0,directory_points_only
8397,Indi,0,0,no_in_area_point_not_no_transport
8398,Linying,0,0,no_in_area_point_not_no_transport
8399,Akola,1,0,directory_points_only
8400,Wuyang,0,0,no_in_area_point_not_no_transport
8401,Neeleshwaram,0,0,no_in_area_point_not_no_transport
8402,Yicheng,0,0,no_in_area_point_not_no_transport
8403,Jalalabad,0,0,no_in_area_point_not_no_transport
8404,Tongxu,0,0,no_in_area_point_not_no_transport
8405,Bina Etawa,0,0,no_in_area_point_not_no_transport
8406,Yanling,0,0,no_in_area_point_not_no_transport
8407,Lalitpur,1,0,directory_points_only
8408,Fuyu,0,0,no_in_area_point_not_no_transport
8409,Tirthahalli,0,0,no_in_area_point_not_no_transport
8410,Wugang,0,0,no_in_area_point_not_no_transport
8411,Nigohi,0,0,no_in_area_point_not_no_transport
8412,Taiqian,0,0,no_in_area_point_not_no_transport
8413,Risod,0,0,no_in_area_point_not_no_transport
8414,Lankao,0,0,no_in_area_point_not_no_transport
8415,Jintur,0,0,no_in_area_point_not_no_transport
8416,Zhangjiajie,1,1,directory_points_only
8417,UNNAMED,0,0,no_in_area_point_not_no_transport
8418,Huludao,1,0,directory_points_only
8419,Farrukhabad,0,0,no_in_area_point_not_no_transport
8420,Juancheng,0,0,no_in_area_point_not_no_transport
8421,Hoshangabad,0,0,no_in_area_point_not_no_transport
8422,无棣县,0,0,no_in_area_point_not_no_transport
8423,Parli,0,0,no_in_area_point_not_no_transport
8424,Shanghe,0,0,no_in_area_point_not_no_transport
8425,Gadag,1,0,directory_points_only
8426,Dong'e,0,0,no_in_area_point_not_no_transport
8427,Chhibramau,0,0,no_in_area_point_not_no_transport
8428,Suizhong,1,0,directory_points_only
8429,Chirgaon,0,0,no_in_area_point_not_no_transport
8430,Nancha,0,0,no_in_area_point_not_no_transport
8431,Puranpur,0,0,no_in_area_point_not_no_transport
8432,Acheng,0,0,no_in_area_point_not_no_transport
8433,Shahjahanpur,1,0,directory_points_only
8434,Xingcheng,1,0,directory_points_only
8435,Allahganj,0,0,no_in_area_point_not_no_transport
8436,齐河县,0,0,no_in_area_point_not_no_transport
8437,Rampura,0,0,no_in_area_point_not_no_transport
8438,Qixian,0,0,no_in_area_point_not_no_transport
8439,Akkalkot,0,0,no_in_area_point_not_no_transport
8440,Yidu,0,0,no_in_area_point_not_no_transport
8441,Itarsi,0,0,no_in_area_point_not_no_transport
8442,Zaoyang,0,0,no_in_area_point_not_no_transport
8443,Sarai Ajitmal,0,0,no_in_area_point_not_no_transport
8444,Dangyang,2,0,directory_points_only
8445,Madhogarh,0,0,no_in_area_point_not_no_transport
8447,Moth,0,0,no_in_area_point_not_no_transport
8448,Luohe,0,0,no_in_area_point_not_no_transport
8449,Niwari,0,0,no_in_area_point_not_no_transport
8450,Mayang,0,0,no_in_area_point_not_no_transport
8451,Puttur,0,0,no_in_area_point_not_no_transport
8452,Fugou,0,0,no_in_area_point_not_no_transport
8453,Kamalganj,0,0,no_in_area_point_not_no_transport
8454,Huji,0,0,no_in_area_point_not_no_transport
8455,Anjangaon,0,0,no_in_area_point_not_no_transport
8456,Heze,0,0,no_in_area_point_not_no_transport
8457,Khurai,0,0,no_in_area_point_not_no_transport
8458,Dehui,0,0,no_in_area_point_not_no_transport
8459,Banda,0,0,no_in_area_point_not_no_transport
8460,Biyang,0,0,no_in_area_point_not_no_transport
8461,Parbhani,0,0,no_in_area_point_not_no_transport
8462,Zhicheng,0,0,no_in_area_point_not_no_transport
8464,Bin,0,0,no_in_area_point_not_no_transport
8465,Latur,0,0,no_in_area_point_not_no_transport
8466,Longzhou,0,0,no_in_area_point_not_no_transport
8467,Konch,0,0,no_in_area_point_not_no_transport
8468,Heishan,0,0,no_in_area_point_not_no_transport
8469,Bidhuna,0,0,no_in_area_point_not_no_transport
8470,Jīnchéngjiāng,0,0,no_in_area_point_not_no_transport
8471,Ausa,0,0,no_in_area_point_not_no_transport
8472,平阴县,1,0,directory_points_only
8473,Ranebennur,0,0,no_in_area_point_not_no_transport
8474,Zhijiang,1,1,directory_points_only
8475,UNNAMED,0,0,no_in_area_point_not_no_transport
8476,Jinan,1,1,directory_points_only
8477,Pawayan,0,0,no_in_area_point_not_no_transport
8478,Jiyang,0,0,no_in_area_point_not_no_transport
8479,Daryapur,0,0,no_in_area_point_not_no_transport
8481,UNNAMED,0,0,no_in_area_point_not_no_transport
8482,Daxin,0,0,no_in_area_point_not_no_transport
8483,Gangakhed,0,0,no_in_area_point_not_no_transport
8484,Xiping,0,0,no_in_area_point_not_no_transport
8485,UNNAMED,0,0,no_in_area_point_not_no_transport
8486,Jingmen,0,0,no_in_area_point_not_no_transport
8487,Shahabad,0,0,no_in_area_point_not_no_transport
8488,Zhijiang,0,0,no_in_area_point_not_no_transport
8489,Shivamogga,0,0,no_in_area_point_not_no_transport
8490,Yuanling,0,0,no_in_area_point_not_no_transport
8491,Gursahaiganj,0,0,no_in_area_point_not_no_transport
8492,郓城县,0,0,no_in_area_point_not_no_transport
8493,Sindagi,0,0,no_in_area_point_not_no_transport
8494,石横镇,0,0,no_in_area_point_not_no_transport
8495,Washim,0,0,no_in_area_point_not_no_transport
8496,梁山县,0,0,no_in_area_point_not_no_transport
8497,Kannur,2,0,directory_points_only
8498,Minquan,0,0,no_in_area_point_not_no_transport
8499,Gajendragad,0,0,no_in_area_point_not_no_transport
8500,Cili,0,0,no_in_area_point_not_no_transport
8501,Honnali,0,0,no_in_area_point_not_no_transport
8502,Chenxi,0,0,no_in_area_point_not_no_transport
8504,Lishu,0,0,no_in_area_point_not_no_transport
8505,Jalaun,0,0,no_in_area_point_not_no_transport
8506,Huaihua,0,0,no_in_area_point_not_no_transport
8507,Rahatgarh,0,0,no_in_area_point_not_no_transport
8508,Pingguo,0,0,no_in_area_point_not_no_transport
8509,Achalpur,0,0,no_in_area_point_not_no_transport
8510,Changchun,3,0,directory_points_only
8511,Murtijapur,0,0,no_in_area_point_not_no_transport
8512,Xinmin,0,0,no_in_area_point_not_no_transport
8513,Muddebihala,0,0,no_in_area_point_not_no_transport
8514,Suiping,0,0,no_in_area_point_not_no_transport
8515,Begamganj,0,0,no_in_area_point_not_no_transport
8516,Sui,0,0,no_in_area_point_not_no_transport
8517,Khular,0,0,no_in_area_point_not_no_transport
8518,Songzi,0,0,no_in_area_point_not_no_transport
8519,Auraiya,0,0,no_in_area_point_not_no_transport
8520,Ningming,0,0,no_in_area_point_not_no_transport
8521,Mundaragi,0,0,no_in_area_point_not_no_transport
8522,Shimen,0,0,no_in_area_point_not_no_transport
8523,Tikamgarh,0,0,no_in_area_point_not_no_transport
8524,肥城市,0,0,no_in_area_point_not_no_transport
8525,Gursarai,0,0,no_in_area_point_not_no_transport
8526,Dongping,0,0,no_in_area_point_not_no_transport
8527,Sulya,0,0,no_in_area_point_not_no_transport
8528,Tongbai,0,0,no_in_area_point_not_no_transport
8529,Mohmadi,0,0,no_in_area_point_not_no_transport
8530,Hongjiang,0,0,no_in_area_point_not_no_transport
8531,Harihara,1,0,directory_points_only
8532,Yushu,0,0,no_in_area_point_not_no_transport
8533,Tirwaganj,0,0,no_in_area_point_not_no_transport
8534,魏桥镇,0,0,no_in_area_point_not_no_transport
8535,Hingoli,0,0,no_in_area_point_not_no_transport
8536,Gongzhuling,1,0,directory_points_only
8537,Huvina Hadagali,0,0,no_in_area_point_not_no_transport
8538,Siping,1,0,directory_points_only
8539,Bhadravathi,0,0,no_in_area_point_not_no_transport
8540,Hegang,0,0,no_in_area_point_not_no_transport
8541,Sandi,0,0,no_in_area_point_not_no_transport
8542,Taikang,0,0,no_in_area_point_not_no_transport
8543,Bareli,0,0,no_in_area_point_not_no_transport
8545,Mangrul Pir,0,0,no_in_area_point_not_no_transport
8546,Caoxian,0,0,no_in_area_point_not_no_transport
8547,Umarga,0,0,no_in_area_point_not_no_transport
8548,Zhongxiang,0,0,no_in_area_point_not_no_transport
8550,Shangcai,0,0,no_in_area_point_not_no_transport
8551,Alanda,0,0,no_in_area_point_not_no_transport
8552,Zhumadian,0,0,no_in_area_point_not_no_transport
8553,Purna,0,0,no_in_area_point_not_no_transport
8555,Orai,0,0,no_in_area_point_not_no_transport
8556,Binzhou,0,0,no_in_area_point_not_no_transport
8557,Mau Ranipur,0,0,no_in_area_point_not_no_transport
8558,Juye,0,0,no_in_area_point_not_no_transport
8559,Betul,0,0,no_in_area_point_not_no_transport
8560,Dahua,0,0,no_in_area_point_not_no_transport
8561,Kannauj,0,0,no_in_area_point_not_no_transport
8562,Diaobingshan,0,0,no_in_area_point_not_no_transport
8563,Nilanga,0,0,no_in_area_point_not_no_transport
8564,Anyang,0,0,no_in_area_point_not_no_transport
8565,Sikandra,0,0,no_in_area_point_not_no_transport
8566,Zhoukou,0,0,no_in_area_point_not_no_transport
8567,Ahmadpur,0,0,no_in_area_point_not_no_transport
8568,Panjin,0,0,no_in_area_point_not_no_transport
8569,Davanagere,1,0,directory_points_only
8570,Ningling,0,0,no_in_area_point_not_no_transport
8571,Pihani,0,0,no_in_area_point_not_no_transport
8572,Wenshang,0,0,no_in_area_point_not_no_transport
8573,Karanja,0,0,no_in_area_point_not_no_transport
8574,Jiutai,0,0,no_in_area_point_not_no_transport
8575,Mudigere,0,0,no_in_area_point_not_no_transport
8576,Changtu,0,0,no_in_area_point_not_no_transport
8577,Palia,0,0,no_in_area_point_not_no_transport
8578,Jingzhou,1,0,directory_points_only
8579,Jhinjhak,0,0,no_in_area_point_not_no_transport
8580,Xiazhou,0,0,no_in_area_point_not_no_transport
8581,Kushtagi,0,0,no_in_area_point_not_no_transport
8582,Jingzhou,0,0,no_in_area_point_not_no_transport
8583,Harapanahalli,0,0,no_in_area_point_not_no_transport
8584,Mashan,0,0,no_in_area_point_not_no_transport
8585,Chandur Bazar,0,0,no_in_area_point_not_no_transport
8586,Zhangqiu,0,0,no_in_area_point_not_no_transport
8587,Hardoi,0,0,no_in_area_point_not_no_transport
8588,成武县,0,0,no_in_area_point_not_no_transport
8589,Basmat,0,0,no_in_area_point_not_no_transport
8590,Lixian,0,0,no_in_area_point_not_no_transport
8591,Bilgram,0,0,no_in_area_point_not_no_transport
8592,Xupu,0,0,no_in_area_point_not_no_transport
8593,Koppala,0,0,no_in_area_point_not_no_transport
8594,Huaiyang,0,0,no_in_area_point_not_no_transport
8595,Thalassery,0,0,no_in_area_point_not_no_transport
8596,嘉祥县,0,0,no_in_area_point_not_no_transport
8597,Sansarpur,0,0,no_in_area_point_not_no_transport
8599,Tarikere,0,0,no_in_area_point_not_no_transport
8600,Hechi,0,0,no_in_area_point_not_no_transport
8601,Sagar,0,0,no_in_area_point_not_no_transport
8602,Linli,0,0,no_in_area_point_not_no_transport
8603,Chikkamagaluru,0,0,no_in_area_point_not_no_transport
8604,Tai'an,0,0,no_in_area_point_not_no_transport
8605,Maigalganj,0,0,no_in_area_point_not_no_transport
8606,Liaozhong,0,0,no_in_area_point_not_no_transport
8607,Loha,0,0,no_in_area_point_not_no_transport
8608,Runan,0,0,no_in_area_point_not_no_transport
8609,Pipariya,0,0,no_in_area_point_not_no_transport
8610,Suizhou,0,0,no_in_area_point_not_no_transport
8611,Amravati,1,1,directory_points_only
8613,UNNAMED,0,0,no_in_area_point_not_no_transport
8614,Kaiyuan,1,0,directory_points_only
8615,Udaipura,0,0,no_in_area_point_not_no_transport
8616,Wuchang,0,0,no_in_area_point_not_no_transport
8617,Amla,1,0,directory_points_only
8618,宁阳县,0,0,no_in_area_point_not_no_transport
8619,Hagaribommanahalli,0,0,no_in_area_point_not_no_transport
8620,Shangqiu,0,0,no_in_area_point_not_no_transport
8621,Sakleshpur,0,0,no_in_area_point_not_no_transport
8622,Zhecheng,0,0,no_in_area_point_not_no_transport
8623,Mallanwan,0,0,no_in_area_point_not_no_transport
8624,Gong'an,0,0,no_in_area_point_not_no_transport
8625,Bilhaur,0,0,no_in_area_point_not_no_transport
8626,东营区,0,0,no_in_area_point_not_no_transport
8627,Kalpi,0,0,no_in_area_point_not_no_transport
8628,Boxing,0,0,no_in_area_point_not_no_transport
8629,Nanded-Waghala,1,1,directory_points_only
8630,Shenyang,4,1,directory_points_only
8631,Belur,0,0,no_in_area_point_not_no_transport
8633,Pukhrayan,0,0,no_in_area_point_not_no_transport
8635,Rath,0,0,no_in_area_point_not_no_transport
8636,Xinchengzi,0,0,no_in_area_point_not_no_transport
8637,Basavakalyana,0,0,no_in_area_point_not_no_transport
8638,Tonghe,0,0,no_in_area_point_not_no_transport
8639,Kalaburagi,1,0,directory_points_only
8640,Minggang,0,0,no_in_area_point_not_no_transport
8641,Lingasugur,0,0,no_in_area_point_not_no_transport
8642,Tieling,0,0,no_in_area_point_not_no_transport
8643,Maholi,0,0,no_in_area_point_not_no_transport
8644,Jining,0,0,no_in_area_point_not_no_transport
8645,Banda,0,0,no_in_area_point_not_no_transport
8646,Jinxiang,0,0,no_in_area_point_not_no_transport
8647,Udgir,0,0,no_in_area_point_not_no_transport
8648,Taoyuan,0,0,no_in_area_point_not_no_transport
8649,Biruru,0,0,no_in_area_point_not_no_transport
8650,Fusui,0,0,no_in_area_point_not_no_transport
8651,Morshi,0,0,no_in_area_point_not_no_transport
8652,兖州区,1,1,directory_points_only
8653,Pusad,0,0,no_in_area_point_not_no_transport
8654,Shanxian,0,0,no_in_area_point_not_no_transport
8655,Jevaragi,0,0,no_in_area_point_not_no_transport
8656,Xiangcheng,0,0,no_in_area_point_not_no_transport
8658,Changde,0,0,no_in_area_point_not_no_transport
8659,Hosapete,0,0,no_in_area_point_not_no_transport
8660,Anhua,0,0,no_in_area_point_not_no_transport
8661,Kaduru,0,0,no_in_area_point_not_no_transport
8663,Jainpur,0,0,no_in_area_point_not_no_transport
8664,Zibo,1,0,directory_points_only
8665,Bangarmau,0,0,no_in_area_point_not_no_transport
8666,Rongshui,0,0,no_in_area_point_not_no_transport
8667,Nowgaon,0,0,no_in_area_point_not_no_transport
8668,Yitong,0,0,no_in_area_point_not_no_transport
8669,UNNAMED,0,0,no_in_area_point_not_no_transport
8670,京山市,0,0,no_in_area_point_not_no_transport
8671,Darwha,0,0,no_in_area_point_not_no_transport
8672,Dancheng,0,0,no_in_area_point_not_no_transport
8673,Kozhikode,1,1,directory_points_only
8674,Guruvayur,0,0,no_in_area_point_not_no_transport
8675,Malappuram,0,0,no_in_area_point_not_no_transport
8677,Wuming,0,0,no_in_area_point_not_no_transport
8678,Multai,0,0,no_in_area_point_not_no_transport
8680,Digras,0,0,no_in_area_point_not_no_transport
8683,Pingyu,0,0,no_in_area_point_not_no_transport
8684,Shorapur,0,0,no_in_area_point_not_no_transport
8686,Lakhimpur,0,0,no_in_area_point_not_no_transport
8687,Rongan,0,0,no_in_area_point_not_no_transport
8688,Gangawati,0,0,no_in_area_point_not_no_transport
8689,Jiamusi,2,1,directory_points_only
8690,Shahabad,0,0,no_in_area_point_not_no_transport
8691,Shanhe,0,0,no_in_area_point_not_no_transport
8692,Kulpahar,0,0,no_in_area_point_not_no_transport
8693,Zhengyang,0,0,no_in_area_point_not_no_transport
8694,Humanabad,0,0,no_in_area_point_not_no_transport
8696,Shahapura,0,0,no_in_area_point_not_no_transport
8698,Maski,0,0,no_in_area_point_not_no_transport
8699,Xinyang,0,0,no_in_area_point_not_no_transport
8701,Fangzheng,0,0,no_in_area_point_not_no_transport
8702,Jagaluru,0,0,no_in_area_point_not_no_transport
8703,Shangzhi,0,0,no_in_area_point_not_no_transport
8704,Kushalanagara,0,0,no_in_area_point_not_no_transport
8705,Shuangyang,0,0,no_in_area_point_not_no_transport
8706,Muskira,0,0,no_in_area_point_not_no_transport
8708,Bhalki,0,0,no_in_area_point_not_no_transport
8709,Xifeng,0,0,no_in_area_point_not_no_transport
8711,Guangrao,0,0,no_in_area_point_not_no_transport
8712,Sitapur,0,0,no_in_area_point_not_no_transport
8713,Fuhe,0,0,no_in_area_point_not_no_transport
8714,Gadarwara,0,0,no_in_area_point_not_no_transport
8715,Yingkou,0,0,no_in_area_point_not_no_transport
8716,Warud,0,0,no_in_area_point_not_no_transport
8717,Nanning,1,0,directory_points_only
8718,Wadi,0,0,no_in_area_point_not_no_transport
8719,Laiwu,0,0,no_in_area_point_not_no_transport
8720,Hassan,0,0,no_in_area_point_not_no_transport
8721,Luyi,0,0,no_in_area_point_not_no_transport
8722,Kanpur,3,1,directory_points_only
8723,Dongkou,0,0,no_in_area_point_not_no_transport
8724,Charkhari,0,0,no_in_area_point_not_no_transport
8725,Shulan,0,0,no_in_area_point_not_no_transport
8726,Umarkhed,0,0,no_in_area_point_not_no_transport
8728,Hadgaon,0,0,no_in_area_point_not_no_transport
8729,Zoucheng,0,0,no_in_area_point_not_no_transport
8730,Kampli,0,0,no_in_area_point_not_no_transport
8732,Kurara,0,0,no_in_area_point_not_no_transport
8733,Qianjiang,0,0,no_in_area_point_not_no_transport
8734,Rehli,0,0,no_in_area_point_not_no_transport
8735,Anxiang,0,0,no_in_area_point_not_no_transport
8736,Sandila,0,0,no_in_area_point_not_no_transport
8738,Safipur,0,0,no_in_area_point_not_no_transport
8739,Tianmen,0,0,no_in_area_point_not_no_transport
8740,Chhatarpur,0,0,no_in_area_point_not_no_transport
8741,Shishou,0,0,no_in_area_point_not_no_transport
8742,Garhakota,0,0,no_in_area_point_not_no_transport
8743,Xihe,0,0,no_in_area_point_not_no_transport
8744,Chitradurga,0,0,no_in_area_point_not_no_transport
8745,Liaoyuan,0,0,no_in_area_point_not_no_transport
8746,Deori Khas,0,0,no_in_area_point_not_no_transport
8747,Fushun,0,0,no_in_area_point_not_no_transport
8748,Bijawar,0,0,no_in_area_point_not_no_transport
8749,Guangshui,1,0,directory_points_only
8750,Sindhanur,0,0,no_in_area_point_not_no_transport
8753,Anshan,1,1,directory_points_only
8754,Bhokar,0,0,no_in_area_point_not_no_transport
8755,Sishui,0,0,no_in_area_point_not_no_transport
8756,Arvi,0,0,no_in_area_point_not_no_transport
8757,鱼台县,0,0,no_in_area_point_not_no_transport
8758,Arasikere,0,0,no_in_area_point_not_no_transport
8759,大王镇,0,0,no_in_area_point_not_no_transport
8760,Ghatampur,0,0,no_in_area_point_not_no_transport
8761,Gaosha,0,0,no_in_area_point_not_no_transport
8762,Toranagallu,1,0,directory_points_only
8763,Lijiazui,0,0,no_in_area_point_not_no_transport
8764,Arni,0,0,no_in_area_point_not_no_transport
8765,Hanshou,0,0,no_in_area_point_not_no_transport
8766,Laharpur,0,0,no_in_area_point_not_no_transport
8767,Dengta,0,0,no_in_area_point_not_no_transport
8768,Yavatmal,0,0,no_in_area_point_not_no_transport
8769,Liaoyang,1,0,directory_points_only
8770,Mahoba,0,0,no_in_area_point_not_no_transport
8772,Pandhurna,0,0,no_in_area_point_not_no_transport
8773,Haicheng,0,0,no_in_area_point_not_no_transport
8774,Degloor,0,0,no_in_area_point_not_no_transport
8776,Holenarasipura,0,0,no_in_area_point_not_no_transport
8777,Jilin,0,0,no_in_area_point_not_no_transport
8778,Parasia,0,0,no_in_area_point_not_no_transport
8780,Unnao,0,0,no_in_area_point_not_no_transport
8781,Bozhou,0,0,no_in_area_point_not_no_transport
8782,Yadgir,0,0,no_in_area_point_not_no_transport
8783,Anlu,0,0,no_in_area_point_not_no_transport
8784,Bharwa Sumerpur,0,0,no_in_area_point_not_no_transport
8785,Wugang,0,0,no_in_area_point_not_no_transport
8786,Maudaha,0,0,no_in_area_point_not_no_transport
8787,Dashiqiao,0,0,no_in_area_point_not_no_transport
8788,Kareli,0,0,no_in_area_point_not_no_transport
8790,Siruguppa,0,0,no_in_area_point_not_no_transport
8791,Xiayi,0,0,no_in_area_point_not_no_transport
8792,Bidar,1,0,directory_points_only
8793,Wushengguan,0,0,no_in_area_point_not_no_transport
8794,Sidhauli,0,0,no_in_area_point_not_no_transport
8795,Nanxian,0,0,no_in_area_point_not_no_transport
8796,Pulgaon,0,0,no_in_area_point_not_no_transport
8797,Xinhua,0,0,no_in_area_point_not_no_transport
8798,Damoh,0,0,no_in_area_point_not_no_transport
8799,Bayuquan,0,0,no_in_area_point_not_no_transport
8800,Challakere,0,0,no_in_area_point_not_no_transport
8801,Dangshan,0,0,no_in_area_point_not_no_transport
8802,Malihabad,0,0,no_in_area_point_not_no_transport
8803,Binyang,0,0,no_in_area_point_not_no_transport
8804,Jahanbad,0,0,no_in_area_point_not_no_transport
8805,钢城区,0,0,no_in_area_point_not_no_transport
8806,Manvi,0,0,no_in_area_point_not_no_transport
8807,Jieshou,0,0,no_in_area_point_not_no_transport
8808,Channarayapattana,0,0,no_in_area_point_not_no_transport
8809,Liuzhou,1,1,directory_points_only
8810,Ballari,1,0,directory_points_only
8811,Fengxian,0,0,no_in_area_point_not_no_transport
8812,Tipaturu,0,0,no_in_area_point_not_no_transport
8813,Xincai,0,0,no_in_area_point_not_no_transport
8814,Hunsur,0,0,no_in_area_point_not_no_transport
8815,Mong Cai,0,0,no_in_area_point_not_no_transport
8816,Biswan,0,0,no_in_area_point_not_no_transport
8817,Loushan,0,0,no_in_area_point_not_no_transport
8818,Hiriyur,0,0,no_in_area_point_not_no_transport
8820,Nawab Ganj,0,0,no_in_area_point_not_no_transport
8821,Qingzhou,0,0,no_in_area_point_not_no_transport
8822,Hatta,0,0,no_in_area_point_not_no_transport
8823,Xintai,0,0,no_in_area_point_not_no_transport
8824,Katol,0,0,no_in_area_point_not_no_transport
8825,Yingcheng,0,0,no_in_area_point_not_no_transport
8826,Narsinghpur,0,0,no_in_area_point_not_no_transport
8827,Huarong,0,0,no_in_area_point_not_no_transport
8828,Tambaur,0,0,no_in_area_point_not_no_transport
8829,Linquan,0,0,no_in_area_point_not_no_transport
8830,Krishnarajanagara,0,0,no_in_area_point_not_no_transport
8831,梅城镇,0,0,no_in_area_point_not_no_transport
8833,Longhui,0,0,no_in_area_point_not_no_transport
8835,Dawu,0,0,no_in_area_point_not_no_transport
8836,Chhindwara,2,0,directory_points_only
8838,Khatgaon,0,0,no_in_area_point_not_no_transport
8839,Shouguang,0,0,no_in_area_point_not_no_transport
8840,Rayadurg,0,0,no_in_area_point_not_no_transport
8841,Xi,0,0,no_in_area_point_not_no_transport
8842,Sausar,0,0,no_in_area_point_not_no_transport
8843,Yunmeng,0,0,no_in_area_point_not_no_transport
8844,Zaheerabad,0,0,no_in_area_point_not_no_transport
8845,大屯街道,0,0,no_in_area_point_not_no_transport
8847,监利县,0,0,no_in_area_point_not_no_transport
8848,Lucknow,2,1,directory_points_only
8849,Jiangjiazui,0,0,no_in_area_point_not_no_transport
8850,Chikkanayakanahalli,0,0,no_in_area_point_not_no_transport
8851,Xiaochang,0,0,no_in_area_point_not_no_transport
8853,Tengzhou,0,0,no_in_area_point_not_no_transport
8855,Laibin,0,0,no_in_area_point_not_no_transport
8856,Bodhan,0,0,no_in_area_point_not_no_transport
8857,Yiyuan,0,0,no_in_area_point_not_no_transport
8858,Krishnarajapete,0,0,no_in_area_point_not_no_transport
8859,Luorong,0,0,no_in_area_point_not_no_transport
8860,Kinwat,0,0,no_in_area_point_not_no_transport
8861,Linqu,1,0,directory_points_only
8862,Thrissur,1,0,directory_points_only
8863,Taojiang,0,0,no_in_area_point_not_no_transport
8864,Tanduru,0,0,no_in_area_point_not_no_transport
8865,Gongchangling,0,0,no_in_area_point_not_no_transport
8866,Banda,0,0,no_in_area_point_not_no_transport
8868,Banswada,0,0,no_in_area_point_not_no_transport
8869,Xiantao,1,0,directory_points_only
8870,Narayankhed,0,0,no_in_area_point_not_no_transport
8871,平邑县,0,0,no_in_area_point_not_no_transport
8872,Mahmudabad,0,0,no_in_area_point_not_no_transport
8873,Weihe,0,0,no_in_area_point_not_no_transport
8874,Wardha,0,0,no_in_area_point_not_no_transport
8875,Taihe,0,0,no_in_area_point_not_no_transport
8877,Yuanjiang,0,0,no_in_area_point_not_no_transport
8878,Bindki,0,0,no_in_area_point_not_no_transport
8879,Xinning,0,0,no_in_area_point_not_no_transport
8880,Raichur,0,0,no_in_area_point_not_no_transport
8881,Luzhai,0,0,no_in_area_point_not_no_transport
8882,Purwa,0,0,no_in_area_point_not_no_transport
8883,Fangcheng,0,0,no_in_area_point_not_no_transport
8889,Lianyuan,0,0,no_in_area_point_not_no_transport
8890,Tendukheda,0,0,no_in_area_point_not_no_transport
8891,Guilin,1,0,directory_points_only
8892,Narayanapet,0,0,no_in_area_point_not_no_transport
8893,Benxi,0,0,no_in_area_point_not_no_transport
8894,Nizamabad,0,0,no_in_area_point_not_no_transport
8895,Xiaogan,1,0,directory_points_only
8896,Mysuru,1,1,directory_points_only
8897,Litang,0,0,no_in_area_point_not_no_transport
8898,Adoni,0,0,no_in_area_point_not_no_transport
8899,Fenshui,0,0,no_in_area_point_not_no_transport
8900,Kochi,7,1,directory_points_only
8901,昌乐县,0,0,no_in_area_point_not_no_transport
8902,Shridham,0,0,no_in_area_point_not_no_transport
8903,蒙阴县,0,0,no_in_area_point_not_no_transport
8904,Nanpara,0,0,no_in_area_point_not_no_transport
8907,Yiyang,0,0,no_in_area_point_not_no_transport
8908,UNNAMED,0,0,no_in_area_point_not_no_transport
8909,Shaoyang,0,0,no_in_area_point_not_no_transport
8910,Saoner,0,0,no_in_area_point_not_no_transport
8911,Shaoyang,0,0,no_in_area_point_not_no_transport
8912,Makhtal,0,0,no_in_area_point_not_no_transport
8914,Sira,0,0,no_in_area_point_not_no_transport
8916,Rupadiya,0,0,no_in_area_point_not_no_transport
8917,Yongcheng,0,0,no_in_area_point_not_no_transport
8918,Fatehpur,0,0,no_in_area_point_not_no_transport
8919,Dongfeng,0,0,no_in_area_point_not_no_transport
8920,Maurawan,0,0,no_in_area_point_not_no_transport
8922,Kalmeshwar,0,0,no_in_area_point_not_no_transport
8923,Qinzhou,0,0,no_in_area_point_not_no_transport
8924,Chikkade,0,0,no_in_area_point_not_no_transport
8925,Fujin,0,0,no_in_area_point_not_no_transport
8926,Ajaigarh,0,0,no_in_area_point_not_no_transport
8927,Hanchuan,0,0,no_in_area_point_not_no_transport
8928,Panna,0,0,no_in_area_point_not_no_transport
8929,Wafangdian,0,0,no_in_area_point_not_no_transport
8930,Mannarkkad,0,0,no_in_area_point_not_no_transport
8931,Shuangyashan,0,0,no_in_area_point_not_no_transport
8932,Kalyandurg,0,0,no_in_area_point_not_no_transport
8934,Pandharkawada,0,0,no_in_area_point_not_no_transport
8935,Weifang,1,1,directory_points_only
8936,Amethi,0,0,no_in_area_point_not_no_transport
8938,Nanjanagudu,0,0,no_in_area_point_not_no_transport
8939,Huangchuan,0,0,no_in_area_point_not_no_transport
8941,Guangshan,0,0,no_in_area_point_not_no_transport
8942,Bhitoni,0,0,no_in_area_point_not_no_transport
8943,Huishangang,0,0,no_in_area_point_not_no_transport
8944,Adilabad,3,0,directory_points_only
8945,马口镇,0,0,no_in_area_point_not_no_transport
8946,Nirmal,0,0,no_in_area_point_not_no_transport
8947,Huanan,0,0,no_in_area_point_not_no_transport
8948,Alappuzha,2,0,directory_points_only
8949,Qingyuan,0,0,no_in_area_point_not_no_transport
8950,Fatehpur,0,0,no_in_area_point_not_no_transport
8952,Nagpur,1,1,directory_points_only
8953,Xing'an,0,0,no_in_area_point_not_no_transport
8954,Emmiganuru,0,0,no_in_area_point_not_no_transport
8955,Panshi,0,0,no_in_area_point_not_no_transport
8956,Gubbi,0,0,no_in_area_point_not_no_transport
8957,Louxing,0,0,no_in_area_point_not_no_transport
8958,Butibori,0,0,no_in_area_point_not_no_transport
8959,Guoyang,0,0,no_in_area_point_not_no_transport
8960,Armoor,0,0,no_in_area_point_not_no_transport
8961,Dengfeng,0,0,no_in_area_point_not_no_transport
8962,Sadasivpet,0,0,no_in_area_point_not_no_transport
8963,Fuyang,1,1,directory_points_only
8964,Bachhrawan,0,0,no_in_area_point_not_no_transport
8965,Huaibin,0,0,no_in_area_point_not_no_transport
8966,Gundlupet,0,0,no_in_area_point_not_no_transport
8967,Yueyang,1,0,directory_points_only
8968,Atarra Buzurg,0,0,no_in_area_point_not_no_transport
8969,Wufengpu,0,0,no_in_area_point_not_no_transport
8970,Hinganghat,0,0,no_in_area_point_not_no_transport
8971,Benxi Manchu Autonomous County,0,0,no_in_area_point_not_no_transport
8972,Guntakal,0,0,no_in_area_point_not_no_transport
8973,Dalian,1,1,directory_points_only
8974,Pawai,0,0,no_in_area_point_not_no_transport
8976,Masauli,0,0,no_in_area_point_not_no_transport
8977,Pulandian,0,0,no_in_area_point_not_no_transport
8978,Bahraich,0,0,no_in_area_point_not_no_transport
8979,Shaodong,0,0,no_in_area_point_not_no_transport
8980,Lalganj,0,0,no_in_area_point_not_no_transport
8981,市中区,1,0,directory_points_only
8982,Baberu,0,0,no_in_area_point_not_no_transport
8983,Funan,0,0,no_in_area_point_not_no_transport
8984,Mandya,0,0,no_in_area_point_not_no_transport
8985,Wuxuan,0,0,no_in_area_point_not_no_transport
8986,Udhagamandalam,0,0,no_in_area_point_not_no_transport
8987,Honghu,0,0,no_in_area_point_not_no_transport
8988,Tumakuru,0,0,no_in_area_point_not_no_transport
8989,Wuhan,2,1,directory_points_only
8990,Palakkad,0,0,no_in_area_point_not_no_transport
8991,Meihekou,0,0,no_in_area_point_not_no_transport
8992,UNNAMED,0,0,no_in_area_point_not_no_transport
8993,Huaibei,0,0,no_in_area_point_not_no_transport
8995,Kunigal,0,0,no_in_area_point_not_no_transport
8997,Kollam,2,0,directory_points_only
8999,Sangareddy,0,0,no_in_area_point_not_no_transport
9000,东安县,0,0,no_in_area_point_not_no_transport
9001,UNNAMED,0,0,no_in_area_point_not_no_transport
9002,Hengxian,0,0,no_in_area_point_not_no_transport
9003,Tirumakudalu Narasipura,0,0,no_in_area_point_not_no_transport
9004,Xin,0,0,no_in_area_point_not_no_transport
9005,Kaisarganj,0,0,no_in_area_point_not_no_transport
9006,Hong'an,0,0,no_in_area_point_not_no_transport
9007,Jabalpur,0,0,no_in_area_point_not_no_transport
9008,Xuzhou,2,0,directory_points_only
9009,Pavagada,0,0,no_in_area_point_not_no_transport
9010,Feixian,0,0,no_in_area_point_not_no_transport
9011,Muvattupuzha,0,0,no_in_area_point_not_no_transport
9012,Yueyang,0,0,no_in_area_point_not_no_transport
9013,Ettumanoor,1,0,directory_points_only
9014,Quanzhou,0,0,no_in_area_point_not_no_transport
9015,Kamareddy,0,0,no_in_area_point_not_no_transport
9016,Jiaohe,0,0,no_in_area_point_not_no_transport
9017,Madhugiri,0,0,no_in_area_point_not_no_transport
9018,Sangyuan Wangjia,0,0,no_in_area_point_not_no_transport
9019,Kamptee,0,0,no_in_area_point_not_no_transport
9020,Huangpi,0,0,no_in_area_point_not_no_transport
9021,Medak,0,0,no_in_area_point_not_no_transport
9023,Gadwal,0,0,no_in_area_point_not_no_transport
9024,Baoshan,0,0,no_in_area_point_not_no_transport
9025,Ramtek,0,0,no_in_area_point_not_no_transport
9026,Ningxiang,0,0,no_in_area_point_not_no_transport
9027,Sivani,0,0,no_in_area_point_not_no_transport
9028,Lixin,0,0,no_in_area_point_not_no_transport
9030,Guigang,0,0,no_in_area_point_not_no_transport
9031,Haidargarh,0,0,no_in_area_point_not_no_transport
9033,Chamarajanagara,0,0,no_in_area_point_not_no_transport
9034,Huinan,0,0,no_in_area_point_not_no_transport
9035,Mahbubnagar,0,0,no_in_area_point_not_no_transport
9036,Xiangyin,0,0,no_in_area_point_not_no_transport
9037,Sihora,0,0,no_in_area_point_not_no_transport
9038,Lingshan,0,0,no_in_area_point_not_no_transport
9039,Rae Bareli,0,0,no_in_area_point_not_no_transport
9040,Laizhou,0,0,no_in_area_point_not_no_transport
9041,Warora,0,0,no_in_area_point_not_no_transport
9042,Lipu,0,0,no_in_area_point_not_no_transport
9043,Wani,0,0,no_in_area_point_not_no_transport
9044,兴安街道,0,0,no_in_area_point_not_no_transport
9045,Hyderabad,6,1,directory_points_only
9046,沂水县,0,0,no_in_area_point_not_no_transport
9048,Xiuyan,0,0,no_in_area_point_not_no_transport
9049,Bhinga,0,0,no_in_area_point_not_no_transport
9050,沂南县,0,0,no_in_area_point_not_no_transport
9051,Dariyabad,0,0,no_in_area_point_not_no_transport
9053,Nagod,0,0,no_in_area_point_not_no_transport
9054,Shuangfeng,0,0,no_in_area_point_not_no_transport
9055,Anantapur,0,0,no_in_area_point_not_no_transport
9056,Yongzhou,0,0,no_in_area_point_not_no_transport
9057,UNNAMED,0,0,no_in_area_point_not_no_transport
9058,Jiawang,0,0,no_in_area_point_not_no_transport
9059,Colonelganj,0,0,no_in_area_point_not_no_transport
9060,Jiayu,0,0,no_in_area_point_not_no_transport
9061,Khaga,0,0,no_in_area_point_not_no_transport
9062,Linyi,1,1,directory_points_only
9063,Magadi,0,0,no_in_area_point_not_no_transport
9064,Wangcheng,0,0,no_in_area_point_not_no_transport
9065,Channapattana,0,0,no_in_area_point_not_no_transport
9066,Longkou,0,0,no_in_area_point_not_no_transport
9067,Mettupalayam,0,0,no_in_area_point_not_no_transport
9068,Liuhe,1,0,directory_points_only
9069,Coimbatore,3,1,directory_points_only
9070,Xinshi,0,0,no_in_area_point_not_no_transport
9071,Chitrakoot Dham,0,0,no_in_area_point_not_no_transport
9072,Gushi,0,0,no_in_area_point_not_no_transport
9073,Kollegal,0,0,no_in_area_point_not_no_transport
9074,Mengcheng,0,0,no_in_area_point_not_no_transport
9076,Penglai,1,0,directory_points_only
9077,Katni,0,0,no_in_area_point_not_no_transport
9079,Shadnagar,0,0,no_in_area_point_not_no_transport
9080,Xiangxiang,0,0,no_in_area_point_not_no_transport
9081,Umred,0,0,no_in_area_point_not_no_transport
9082,Boli,0,0,no_in_area_point_not_no_transport
9083,UNNAMED,1,0,directory_points_only
9084,Shangcheng,0,0,no_in_area_point_not_no_transport
9085,Korutla,0,0,no_in_area_point_not_no_transport
9087,Jadcherla,0,0,no_in_area_point_not_no_transport
9089,Bhadravati,0,0,no_in_area_point_not_no_transport
9090,Guanyang,0,0,no_in_area_point_not_no_transport
9091,Wanaparthy,0,0,no_in_area_point_not_no_transport
9092,Beihai,0,0,no_in_area_point_not_no_transport
9093,Hindupur,0,0,no_in_area_point_not_no_transport
9094,Huadian,0,0,no_in_area_point_not_no_transport
9095,Ramanagara,0,0,no_in_area_point_not_no_transport
9096,Chibi,0,0,no_in_area_point_not_no_transport
9097,UNNAMED,0,0,no_in_area_point_not_no_transport
9098,Qiyang,0,0,no_in_area_point_not_no_transport
9099,Bengaluru,7,1,directory_points_only
9100,Changsha,1,0,directory_points_only
9101,Dhone,0,0,no_in_area_point_not_no_transport
9102,Lingling,0,0,no_in_area_point_not_no_transport
9103,Rudauli,0,0,no_in_area_point_not_no_transport
9104,Zhaoyuan,0,0,no_in_area_point_not_no_transport
9105,Unchahar,0,0,no_in_area_point_not_no_transport
9106,兰陵县,0,0,no_in_area_point_not_no_transport
9107,Pathanamthitta,1,0,directory_points_only
9108,Suzhou,0,0,no_in_area_point_not_no_transport
9109,Gowribidanur,0,0,no_in_area_point_not_no_transport
9110,Macheng,0,0,no_in_area_point_not_no_transport
9111,Pollachi,0,0,no_in_area_point_not_no_transport
9112,Guiping,1,0,directory_points_only
9113,Kurnool,1,0,directory_points_only
9114,Mengshan,0,0,no_in_area_point_not_no_transport
9116,Pubei,0,0,no_in_area_point_not_no_transport
9117,Satna,1,0,directory_points_only
9118,Xinzhou,0,0,no_in_area_point_not_no_transport
9119,Dharmavaram,0,0,no_in_area_point_not_no_transport
9120,Zhuanghe,0,0,no_in_area_point_not_no_transport
9121,Jais,0,0,no_in_area_point_not_no_transport
9122,Pingdu,0,0,no_in_area_point_not_no_transport
9124,Qidong,0,0,no_in_area_point_not_no_transport
9126,Xinxing,0,0,no_in_area_point_not_no_transport
9127,Salon,0,0,no_in_area_point_not_no_transport
9128,Yingshan,0,0,no_in_area_point_not_no_transport
9129,Gonda,0,0,no_in_area_point_not_no_transport
9130,Juxian,0,0,no_in_area_point_not_no_transport
9131,Chimur,0,0,no_in_area_point_not_no_transport
9132,Xingye,0,0,no_in_area_point_not_no_transport
9133,UNNAMED,0,0,no_in_area_point_not_no_transport
9134,Huarong,0,0,no_in_area_point_not_no_transport
9135,Maihar,0,0,no_in_area_point_not_no_transport
9136,Xiangtan,0,0,no_in_area_point_not_no_transport
9137,Doddaballapura,0,0,no_in_area_point_not_no_transport
9138,Tongcheng,0,0,no_in_area_point_not_no_transport
9139,Uchahera,0,0,no_in_area_point_not_no_transport
9140,平南县,0,0,no_in_area_point_not_no_transport
9141,Kanakapura,0,0,no_in_area_point_not_no_transport
9143,Bhandara,0,0,no_in_area_point_not_no_transport
9144,Xianning,0,0,no_in_area_point_not_no_transport
9145,Shamirpet,0,0,no_in_area_point_not_no_transport
9146,Chongyang,0,0,no_in_area_point_not_no_transport
9147,Satyamangalam,0,0,no_in_area_point_not_no_transport
9148,Hengyang,0,0,no_in_area_point_not_no_transport
9149,Jagtial,0,0,no_in_area_point_not_no_transport
9151,Chandrapur,0,0,no_in_area_point_not_no_transport
9152,Linkou,0,0,no_in_area_point_not_no_transport
9153,Sirsilla,0,0,no_in_area_point_not_no_transport
9154,Zucheng,1,0,directory_points_only
9155,Nagarkurnool,0,0,no_in_area_point_not_no_transport
9156,Gaomi,1,0,directory_points_only
9157,Thiruvananthapuram,1,1,directory_points_only
9158,Tuanfeng,0,0,no_in_area_point_not_no_transport
9159,Balrampur,0,0,no_in_area_point_not_no_transport
9160,Fengcheng,0,0,no_in_area_point_not_no_transport
9161,Gajwel,0,0,no_in_area_point_not_no_transport
9162,Wulian,0,0,no_in_area_point_not_no_transport
9163,Tadipatri,0,0,no_in_area_point_not_no_transport
9164,Automobile City,1,1,directory_points_only
9165,Tiruppur,0,0,no_in_area_point_not_no_transport
9166,Zhaoping,0,0,no_in_area_point_not_no_transport
9167,Manjhanpur,0,0,no_in_area_point_not_no_transport
9169,UNNAMED,0,0,no_in_area_point_not_no_transport
9170,Nanjiang,0,0,no_in_area_point_not_no_transport
9171,Gauriganj,0,0,no_in_area_point_not_no_transport
9174,Pizhou,0,0,no_in_area_point_not_no_transport
9175,Ballarpur,0,0,no_in_area_point_not_no_transport
9176,Pingjiang,0,0,no_in_area_point_not_no_transport
9177,Siddipet,0,0,no_in_area_point_not_no_transport
9178,Huoqiu,0,0,no_in_area_point_not_no_transport
9179,Bethamcherla,0,0,no_in_area_point_not_no_transport
9180,Yeji,0,0,no_in_area_point_not_no_transport
9181,Bagepalli,0,0,no_in_area_point_not_no_transport
9182,Yulin,0,0,no_in_area_point_not_no_transport
9183,Chikkaballapura,0,0,no_in_area_point_not_no_transport
9184,Ezhou,0,0,no_in_area_point_not_no_transport
9186,Zhuzhou,0,0,no_in_area_point_not_no_transport
9187,Musarfirkhana,0,0,no_in_area_point_not_no_transport
9189,Kunda,0,0,no_in_area_point_not_no_transport
9190,Gushan,0,0,no_in_area_point_not_no_transport
9191,Nandikotkur,0,0,no_in_area_point_not_no_transport
9192,Hengyang,0,0,no_in_area_point_not_no_transport
9194,Da’an,0,0,no_in_area_point_not_no_transport
9195,Faizabad,1,1,directory_points_only
9196,Bobai,0,0,no_in_area_point_not_no_transport
9197,Udumalaippettai,0,0,no_in_area_point_not_no_transport
9198,莒南县,0,0,no_in_area_point_not_no_transport
9199,UNNAMED,0,0,no_in_area_point_not_no_transport
9200,Qixia,0,0,no_in_area_point_not_no_transport
9201,Kalwakurthy,0,0,no_in_area_point_not_no_transport
9202,郯城县,0,0,no_in_area_point_not_no_transport
9203,Bharwari,0,0,no_in_area_point_not_no_transport
9204,临沭县,0,0,no_in_area_point_not_no_transport
9205,Gobichettipalayam,0,0,no_in_area_point_not_no_transport
9207,Mau,0,0,no_in_area_point_not_no_transport
9208,Yantai,1,0,directory_points_only
9209,Mandla,0,0,no_in_area_point_not_no_transport
9210,Meishan,0,0,no_in_area_point_not_no_transport
9211,Tulsipur,0,0,no_in_area_point_not_no_transport
9212,Mudanjiang,1,1,directory_points_only
9213,Amethi,0,0,no_in_area_point_not_no_transport
9215,Hoskote,0,0,no_in_area_point_not_no_transport
9218,Panji,0,0,no_in_area_point_not_no_transport
9219,Karimnagar,1,0,directory_points_only
9220,Jianghua,0,0,no_in_area_point_not_no_transport
9221,Derwa,0,0,no_in_area_point_not_no_transport
9222,Dongfang,1,0,directory_points_only
9223,Balaghat,0,0,no_in_area_point_not_no_transport
9225,Utraula,0,0,no_in_area_point_not_no_transport
9227,Cumbum,0,0,no_in_area_point_not_no_transport
9228,Hengshanxian,0,0,no_in_area_point_not_no_transport
9229,Umaria,0,0,no_in_area_point_not_no_transport
9231,Bhongir,0,0,no_in_area_point_not_no_transport
9232,Baoqing,0,0,no_in_area_point_not_no_transport
9233,Pudukadai,0,0,no_in_area_point_not_no_transport
9234,Huanren,0,0,no_in_area_point_not_no_transport
9235,Bodinayakkanur,0,0,no_in_area_point_not_no_transport
9237,"Rewa, Madhya Pradesh",1,1,directory_points_only
9238,Tonghua,0,0,no_in_area_point_not_no_transport
9239,Sakoli,0,0,no_in_area_point_not_no_transport
9240,Tongshan,0,0,no_in_area_point_not_no_transport
9241,Mul,0,0,no_in_area_point_not_no_transport
9242,Changning,0,0,no_in_area_point_not_no_transport
9243,Brahmapuri,0,0,no_in_area_point_not_no_transport
9244,Zhongshan,0,0,no_in_area_point_not_no_transport
9245,Perundurai,0,0,no_in_area_point_not_no_transport
9246,Laiyang,0,0,no_in_area_point_not_no_transport
9247,Kangeyam,0,0,no_in_area_point_not_no_transport
9248,Lingbi,0,0,no_in_area_point_not_no_transport
9250,Tenkasi,0,0,no_in_area_point_not_no_transport
9252,Kaghaznagar,0,0,no_in_area_point_not_no_transport
9253,Ningyuan,0,0,no_in_area_point_not_no_transport
9254,Dharapuram,0,0,no_in_area_point_not_no_transport
9256,Maluru,0,0,no_in_area_point_not_no_transport
9257,Kuandian,0,0,no_in_area_point_not_no_transport
9258,Sultanpur,1,0,directory_points_only
9259,Xinyi,0,0,no_in_area_point_not_no_transport
9260,Gondia,0,0,no_in_area_point_not_no_transport
9261,Tianjia‘an,0,0,no_in_area_point_not_no_transport
9262,Pulivendula,0,0,no_in_area_point_not_no_transport
9263,Huangshi,1,1,directory_points_only
9264,Kadiri,0,0,no_in_area_point_not_no_transport
9265,Suining,0,0,no_in_area_point_not_no_transport
9266,Erode,0,0,no_in_area_point_not_no_transport
9267,Luotian,0,0,no_in_area_point_not_no_transport
9268,Nandyal,0,0,no_in_area_point_not_no_transport
9269,Changshou,0,0,no_in_area_point_not_no_transport
9270,Atmakur,0,0,no_in_area_point_not_no_transport
9271,Ning'an,0,0,no_in_area_point_not_no_transport
9272,Kodaikanal,0,0,no_in_area_point_not_no_transport
9273,Xintian,0,0,no_in_area_point_not_no_transport
9274,Theni,0,0,no_in_area_point_not_no_transport
9275,Luchuan,0,0,no_in_area_point_not_no_transport
9276,Jammalamadugu,0,0,no_in_area_point_not_no_transport
9278,Chintamani,0,0,no_in_area_point_not_no_transport
9279,Liuyang,0,0,no_in_area_point_not_no_transport
9280,Palani,0,0,no_in_area_point_not_no_transport
9281,Rongxian,0,0,no_in_area_point_not_no_transport
9282,Prayagraj,3,1,directory_points_only
9283,Dongjingcheng,0,0,no_in_area_point_not_no_transport
9284,Mancherial,0,0,no_in_area_point_not_no_transport
9285,Hengdong,0,0,no_in_area_point_not_no_transport
9286,Kadayanallur,0,0,no_in_area_point_not_no_transport
9287,Jixi,0,0,no_in_area_point_not_no_transport
9288,Bellampalli,0,0,no_in_area_point_not_no_transport
9289,浠水县,0,0,no_in_area_point_not_no_transport
9290,Pratapgarh,0,0,no_in_area_point_not_no_transport
9291,Dunhua,1,0,directory_points_only
9292,Mettur,0,0,no_in_area_point_not_no_transport
9294,Peddapalli,0,0,no_in_area_point_not_no_transport
9295,Jiangyuan,0,0,no_in_area_point_not_no_transport
9296,Periyakulam,0,0,no_in_area_point_not_no_transport
9297,Baishan,0,0,no_in_area_point_not_no_transport
9298,Puliyangudi,0,0,no_in_area_point_not_no_transport
9299,Rizhao,0,0,no_in_area_point_not_no_transport
9300,Mau Aimma,0,0,no_in_area_point_not_no_transport
9301,Tengxian,0,0,no_in_area_point_not_no_transport
9302,Phaphamau,0,0,no_in_area_point_not_no_transport
9303,Baimajing,0,0,no_in_area_point_not_no_transport
9304,Allagadda,0,0,no_in_area_point_not_no_transport
9305,Dandong,1,1,directory_points_only
9307,Bengbu,2,0,directory_points_only
9308,Ramagundam,0,0,no_in_area_point_not_no_transport
9309,Qingdao,5,1,directory_points_only
9310,Jangaon,0,0,no_in_area_point_not_no_transport
9311,Anpu,0,0,no_in_area_point_not_no_transport
9312,Vikramasingapuram,0,0,no_in_area_point_not_no_transport
9314,Edappadi,0,0,no_in_area_point_not_no_transport
9315,Hezhou,0,0,no_in_area_point_not_no_transport
9316,Kolar,0,0,no_in_area_point_not_no_transport
9318,Domariaganj,0,0,no_in_area_point_not_no_transport
9319,Liling,0,0,no_in_area_point_not_no_transport
9320,Barhni,0,0,no_in_area_point_not_no_transport
9321,Muling,0,0,no_in_area_point_not_no_transport
9322,Samda,0,0,no_in_area_point_not_no_transport
9323,Donghai,1,0,directory_points_only
9324,UNNAMED,0,0,no_in_area_point_not_no_transport
9325,Suqian,0,0,no_in_area_point_not_no_transport
9327,Donggang,0,0,no_in_area_point_not_no_transport
9328,Jakkampatty,0,0,no_in_area_point_not_no_transport
9329,Huangdao,0,0,no_in_area_point_not_no_transport
9331,岚山区,1,0,directory_points_only
9332,Amgaon,0,0,no_in_area_point_not_no_transport
9333,Lu'an,0,0,no_in_area_point_not_no_transport
9334,Sankari,0,0,no_in_area_point_not_no_transport
9335,Dayao,0,0,no_in_area_point_not_no_transport
9336,Rajapalaiyam,0,0,no_in_area_point_not_no_transport
9338,Nagercoil,0,0,no_in_area_point_not_no_transport
9339,Sixian,0,0,no_in_area_point_not_no_transport
9340,Gadchiroli,0,0,no_in_area_point_not_no_transport
9341,Yingshan,0,0,no_in_area_point_not_no_transport
9342,Sankarankovil,0,0,no_in_area_point_not_no_transport
9343,Hengche,0,0,no_in_area_point_not_no_transport
9344,Proddatur,0,0,no_in_area_point_not_no_transport
9345,华亭村,0,0,no_in_area_point_not_no_transport
9346,Byohari,0,0,no_in_area_point_not_no_transport
9347,Ganyu,0,0,no_in_area_point_not_no_transport
9349,Lanshanxian,0,0,no_in_area_point_not_no_transport
9350,Palacode,0,0,no_in_area_point_not_no_transport
9351,Leiyang,0,0,no_in_area_point_not_no_transport
9354,Dharmapuri,0,0,no_in_area_point_not_no_transport
9355,Lianjiang,0,0,no_in_area_point_not_no_transport
9356,Kolar Gold Fields,0,0,no_in_area_point_not_no_transport
9357,Qichun,0,0,no_in_area_point_not_no_transport
9358,Batlagundu,0,0,no_in_area_point_not_no_transport
9359,Yangxin,0,0,no_in_area_point_not_no_transport
9360,Kadipur,0,0,no_in_area_point_not_no_transport
9361,Shangli,0,0,no_in_area_point_not_no_transport
9362,Iltifatganj,0,0,no_in_area_point_not_no_transport
9363,Jiahe,0,0,no_in_area_point_not_no_transport
9364,Krishnagiri,0,0,no_in_area_point_not_no_transport
9365,Cenxi,0,0,no_in_area_point_not_no_transport
9367,Changfeng,0,0,no_in_area_point_not_no_transport
9368,Salem,1,0,directory_points_only
9369,Wuzhou,1,0,directory_points_only
9370,Akbarpur,1,0,directory_points_only
9371,Huoshan,0,0,no_in_area_point_not_no_transport
9372,Usilampatti,0,0,no_in_area_point_not_no_transport
9373,Kunshe,0,0,no_in_area_point_not_no_transport
9374,UNNAMED,0,0,no_in_area_point_not_no_transport
9375,宁州镇,0,0,no_in_area_point_not_no_transport
9376,Warangal,1,0,directory_points_only
9378,Nalgonda,0,0,no_in_area_point_not_no_transport
9379,遂溪县,0,0,no_in_area_point_not_no_transport
9380,Anichampalayam,0,0,no_in_area_point_not_no_transport
9381,Pingxiang,0,0,no_in_area_point_not_no_transport
9382,Basti,0,0,no_in_area_point_not_no_transport
9383,Youxian,0,0,no_in_area_point_not_no_transport
9384,Tirunelveli,0,0,no_in_area_point_not_no_transport
9385,Leizhou,0,0,no_in_area_point_not_no_transport
9386,Mulabagilu,0,0,no_in_area_point_not_no_transport
9387,洋河镇,0,0,no_in_area_point_not_no_transport
9388,Sivakasi,0,0,no_in_area_point_not_no_transport
9389,东村街道办事处,0,0,no_in_area_point_not_no_transport
9390,Bansi,0,0,no_in_area_point_not_no_transport
9391,Ledong,0,0,no_in_area_point_not_no_transport
9392,Mydukuru,0,0,no_in_area_point_not_no_transport
9393,Lianyungang,0,0,no_in_area_point_not_no_transport
9394,Tanda,0,0,no_in_area_point_not_no_transport
9395,石地村,0,0,no_in_area_point_not_no_transport
9396,Madanapalle,0,0,no_in_area_point_not_no_transport
9397,Sihong,0,0,no_in_area_point_not_no_transport
9398,Vedasandur,0,0,no_in_area_point_not_no_transport
9399,Wuhe,0,0,no_in_area_point_not_no_transport
9400,Kuppam,0,0,no_in_area_point_not_no_transport
9401,Zhanjiang,1,0,directory_points_only
9402,Karur,0,0,no_in_area_point_not_no_transport
9403,Lingao,0,0,no_in_area_point_not_no_transport
9404,Giddalur,0,0,no_in_area_point_not_no_transport
9405,Anren,0,0,no_in_area_point_not_no_transport
9406,Dindigul,0,0,no_in_area_point_not_no_transport
9408,Shahdol,0,0,no_in_area_point_not_no_transport
9409,Matian,0,0,no_in_area_point_not_no_transport
9410,Rasipuram,0,0,no_in_area_point_not_no_transport
9411,Danzhou,0,0,no_in_area_point_not_no_transport
9412,Naugarh,0,0,no_in_area_point_not_no_transport
9413,Mishan,0,0,no_in_area_point_not_no_transport
9414,Namakkal,0,0,no_in_area_point_not_no_transport
9415,Shuyang,0,0,no_in_area_point_not_no_transport
9416,Kovilpatti,0,0,no_in_area_point_not_no_transport
9418,Punganuru,0,0,no_in_area_point_not_no_transport
9419,Meichuan,0,0,no_in_area_point_not_no_transport
9420,Machhlishahr,0,0,no_in_area_point_not_no_transport
9421,Guiyang,0,0,no_in_area_point_not_no_transport
9422,Sidhi,0,0,no_in_area_point_not_no_transport
9423,Weihai,0,0,no_in_area_point_not_no_transport
9424,Kadapa,0,0,no_in_area_point_not_no_transport
9425,Xinyi,0,0,no_in_area_point_not_no_transport
9426,Sattur,0,0,no_in_area_point_not_no_transport
9427,Linjiang,0,0,no_in_area_point_not_no_transport
9428,Rayachoti,0,0,no_in_area_point_not_no_transport
9429,Huazhou,0,0,no_in_area_point_not_no_transport
9430,Tirumangalam,0,0,no_in_area_point_not_no_transport
9432,Virudhunagar,0,0,no_in_area_point_not_no_transport
9433,Xinning,0,0,no_in_area_point_not_no_transport
9434,Makhdumnagar,0,0,no_in_area_point_not_no_transport
9435,Rushan,0,0,no_in_area_point_not_no_transport
9436,Cumbum,0,0,no_in_area_point_not_no_transport
9437,Linwu,0,0,no_in_area_point_not_no_transport
9438,Jalalpur,0,0,no_in_area_point_not_no_transport
9439,Wuxue,0,0,no_in_area_point_not_no_transport
9440,Porumamilla,0,0,no_in_area_point_not_no_transport
9441,Yongxing,0,0,no_in_area_point_not_no_transport
9442,Dongargarh,0,0,no_in_area_point_not_no_transport
9443,Ji'an,0,0,no_in_area_point_not_no_transport
9444,Madurai,1,1,directory_points_only
9445,Gaozhou,0,0,no_in_area_point_not_no_transport
9446,Shahganj,0,0,no_in_area_point_not_no_transport
9447,Chaling,0,0,no_in_area_point_not_no_transport
9448,UNNAMED,0,0,no_in_area_point_not_no_transport
9449,Yunan,0,0,no_in_area_point_not_no_transport
9450,Khalilabad,0,0,no_in_area_point_not_no_transport
9451,Changqi,0,0,no_in_area_point_not_no_transport
9452,Markapur,0,0,no_in_area_point_not_no_transport
9453,Siyang,0,0,no_in_area_point_not_no_transport
9454,Suryapet,0,0,no_in_area_point_not_no_transport
9455,Lianzhou,0,0,no_in_area_point_not_no_transport
9456,Miryalaguda,0,0,no_in_area_point_not_no_transport
9457,Dingyuan,0,0,no_in_area_point_not_no_transport
9458,Macherla,0,0,no_in_area_point_not_no_transport
9459,Hefei,1,0,directory_points_only
9460,Jolarpet,0,0,no_in_area_point_not_no_transport
9461,Xuwen County,0,0,no_in_area_point_not_no_transport
9462,Harur,0,0,no_in_area_point_not_no_transport
9463,Wanzai,0,0,no_in_area_point_not_no_transport
9464,Gopiganj,0,0,no_in_area_point_not_no_transport
9466,Vaniyambadi,0,0,no_in_area_point_not_no_transport
9467,Guanyun,0,0,no_in_area_point_not_no_transport
9468,Uthangarai,0,0,no_in_area_point_not_no_transport
9469,Chenzhou,0,0,no_in_area_point_not_no_transport
9470,Aruppukkottai,0,0,no_in_area_point_not_no_transport
9471,Maoming,0,0,no_in_area_point_not_no_transport
9472,Musiri,0,0,no_in_area_point_not_no_transport
9473,Sanya,3,1,directory_points_only
9474,Palamaneru,0,0,no_in_area_point_not_no_transport
9475,Wendeng,1,0,directory_points_only
9476,UNNAMED,0,0,no_in_area_point_not_no_transport
9477,Shucheng,0,0,no_in_area_point_not_no_transport
9478,Narsampet,0,0,no_in_area_point_not_no_transport
9479,Wuchuan,0,0,no_in_area_point_not_no_transport
9480,Jaunpur,0,0,no_in_area_point_not_no_transport
9482,Pernampattu,0,0,no_in_area_point_not_no_transport
9483,Jinjiang,0,0,no_in_area_point_not_no_transport
9484,Nautanwa,0,0,no_in_area_point_not_no_transport
9485,Huangmei,0,0,no_in_area_point_not_no_transport
9486,Anand Nagar,0,0,no_in_area_point_not_no_transport
9487,Yichun,1,1,directory_points_only
9488,Mariahu,0,0,no_in_area_point_not_no_transport
9489,Antu,0,0,no_in_area_point_not_no_transport
9490,Ambur,0,0,no_in_area_point_not_no_transport
9491,招信镇,0,0,no_in_area_point_not_no_transport
9492,Bhadohi,0,0,no_in_area_point_not_no_transport
9493,Ruichang,0,0,no_in_area_point_not_no_transport
9494,Kawardha,0,0,no_in_area_point_not_no_transport
9496,Campierganj,0,0,no_in_area_point_not_no_transport
9497,Yifeng,0,0,no_in_area_point_not_no_transport
9498,Thoothukudi,0,0,no_in_area_point_not_no_transport
9499,Zixing,0,0,no_in_area_point_not_no_transport
9500,Gorakhpur,3,1,directory_points_only
9501,Yizhang,0,0,no_in_area_point_not_no_transport
9502,Mirzapur,0,0,no_in_area_point_not_no_transport
9503,Taihu,0,0,no_in_area_point_not_no_transport
9504,Pileru,0,0,no_in_area_point_not_no_transport
9507,Susong,0,0,no_in_area_point_not_no_transport
9508,Attur,0,0,no_in_area_point_not_no_transport
9509,Huaiji,0,0,no_in_area_point_not_no_transport
9510,Manapparai,0,0,no_in_area_point_not_no_transport
9511,Haikou,2,1,directory_points_only
9512,UNNAMED,0,0,no_in_area_point_not_no_transport
9513,Luoding,0,0,no_in_area_point_not_no_transport
9514,Tiruchchendur,0,0,no_in_area_point_not_no_transport
9515,Deqing,0,0,no_in_area_point_not_no_transport
9516,UNNAMED,0,0,no_in_area_point_not_no_transport
9518,Pandaria,0,0,no_in_area_point_not_no_transport
9519,Shayuan,0,0,no_in_area_point_not_no_transport
9520,Rajnandgaon,0,0,no_in_area_point_not_no_transport
9521,Guannan,0,0,no_in_area_point_not_no_transport
9522,Gudiyatham,0,0,no_in_area_point_not_no_transport
9523,Qianshan,0,0,no_in_area_point_not_no_transport
9524,Rajampet,0,0,no_in_area_point_not_no_transport
9525,Huai'an,0,0,no_in_area_point_not_no_transport
9526,Mahabubabad,0,0,no_in_area_point_not_no_transport
9527,Tunchang,0,0,no_in_area_point_not_no_transport
9528,Thuraiyur,0,0,no_in_area_point_not_no_transport
9530,Pamuru,0,0,no_in_area_point_not_no_transport
9531,Jiujiang,1,0,directory_points_only
9532,Maharajganj,0,0,no_in_area_point_not_no_transport
9533,Xuyi,0,0,no_in_area_point_not_no_transport
9534,Huzurnagar,0,0,no_in_area_point_not_no_transport
9535,Shanggao,0,0,no_in_area_point_not_no_transport
9536,Kanigiri,0,0,no_in_area_point_not_no_transport
9537,Tongcheng,0,0,no_in_area_point_not_no_transport
9538,Kadam Tola,0,0,no_in_area_point_not_no_transport
9539,Fenyi,0,0,no_in_area_point_not_no_transport
9540,Chittoor,0,0,no_in_area_point_not_no_transport
9541,阳山县,0,0,no_in_area_point_not_no_transport
9542,Ponnamaravati,0,0,no_in_area_point_not_no_transport
9543,Xiangshui,0,0,no_in_area_point_not_no_transport
9544,Tiruchirappalli,1,1,directory_points_only
9545,Dingan,1,0,directory_points_only
9546,Sivaganga,0,0,no_in_area_point_not_no_transport
9547,Rongcheng,0,0,no_in_area_point_not_no_transport
9548,Podili,0,0,no_in_area_point_not_no_transport
9549,Lianshui,0,0,no_in_area_point_not_no_transport
9550,Kodada,0,0,no_in_area_point_not_no_transport
9551,De'an,0,0,no_in_area_point_not_no_transport
9552,Bansgaon,0,0,no_in_area_point_not_no_transport
9553,Huaining,0,0,no_in_area_point_not_no_transport
9554,Vinukonda,0,0,no_in_area_point_not_no_transport
9555,Bohe,0,0,no_in_area_point_not_no_transport
9556,Darsi,0,0,no_in_area_point_not_no_transport
9557,Suifenhe,0,0,no_in_area_point_not_no_transport
9558,Manachanallur,0,0,no_in_area_point_not_no_transport
9559,Fengxin,0,0,no_in_area_point_not_no_transport
9560,Azamgarh,0,0,no_in_area_point_not_no_transport
9562,Varanasi,2,1,directory_points_only
9564,Durg,0,0,no_in_area_point_not_no_transport
9565,Lujiang,0,0,no_in_area_point_not_no_transport
9566,Partawal,0,0,no_in_area_point_not_no_transport
9567,Gongqingcheng,0,0,no_in_area_point_not_no_transport
9568,Piduguralla,0,0,no_in_area_point_not_no_transport
9569,Diancheng,0,0,no_in_area_point_not_no_transport
9570,Vellore,1,0,directory_points_only
9571,Anyi,0,0,no_in_area_point_not_no_transport
9572,Sankarapuram,0,0,no_in_area_point_not_no_transport
9573,Wangqing,0,0,no_in_area_point_not_no_transport
9574,Chinnasalem,0,0,no_in_area_point_not_no_transport
9575,Yunfu,0,0,no_in_area_point_not_no_transport
9576,Gola Bazar,0,0,no_in_area_point_not_no_transport
9577,Anfu,0,0,no_in_area_point_not_no_transport
9578,Khammam,0,0,no_in_area_point_not_no_transport
9579,Lingshui,0,0,no_in_area_point_not_no_transport
9580,Kodur,0,0,no_in_area_point_not_no_transport
9581,Hukou,0,0,no_in_area_point_not_no_transport
9582,Bemetara,0,0,no_in_area_point_not_no_transport
9583,Xinyu,0,0,no_in_area_point_not_no_transport
9584,Balod,0,0,no_in_area_point_not_no_transport
9585,Lushan,0,0,no_in_area_point_not_no_transport
9586,Siswa Bazar,0,0,no_in_area_point_not_no_transport
9587,Guangning,0,0,no_in_area_point_not_no_transport
9588,Perambalur,0,0,no_in_area_point_not_no_transport
9589,Gaoan,0,0,no_in_area_point_not_no_transport
9590,Paramakkudi,0,0,no_in_area_point_not_no_transport
9591,Yongxiu,0,0,no_in_area_point_not_no_transport
9592,Mubarakpur,0,0,no_in_area_point_not_no_transport
9593,Yangchun,0,0,no_in_area_point_not_no_transport
9594,Mungeli,0,0,no_in_area_point_not_no_transport
9595,Chuzhou,0,0,no_in_area_point_not_no_transport
9596,Kallakkurichi,0,0,no_in_area_point_not_no_transport
9597,Lechang,0,0,no_in_area_point_not_no_transport
9598,Tiruvannamalai,0,0,no_in_area_point_not_no_transport
9599,Qionghai,0,0,no_in_area_point_not_no_transport
9600,Jianpur,0,0,no_in_area_point_not_no_transport
9601,Yanji,1,1,directory_points_only
9602,Polur,0,0,no_in_area_point_not_no_transport
9603,Binhai,0,0,no_in_area_point_not_no_transport
9604,Murera,0,0,no_in_area_point_not_no_transport
9605,Wangjiang,0,0,no_in_area_point_not_no_transport
9606,Yellandu,0,0,no_in_area_point_not_no_transport
9607,Yangxi,0,0,no_in_area_point_not_no_transport
9608,Tirupati,1,1,directory_points_only
9609,Chaohu,0,0,no_in_area_point_not_no_transport
9610,Pudukkottai,0,0,no_in_area_point_not_no_transport
9611,Wanning,0,0,no_in_area_point_not_no_transport
9613,Helong,0,0,no_in_area_point_not_no_transport
9614,Nibua Raiganj,0,0,no_in_area_point_not_no_transport
9615,Jinhu,0,0,no_in_area_point_not_no_transport
9616,Muhammadabad,0,0,no_in_area_point_not_no_transport
9617,Anqing,1,1,directory_points_only
9618,Manendragarh,0,0,no_in_area_point_not_no_transport
9619,Quanjiao,0,0,no_in_area_point_not_no_transport
9620,Raipur,2,1,directory_points_only
9621,Zongyang,0,0,no_in_area_point_not_no_transport
9622,Dohrighat,0,0,no_in_area_point_not_no_transport
9623,Wenchengzhen,0,0,no_in_area_point_not_no_transport
9624,Chiraiyakot,0,0,no_in_area_point_not_no_transport
9625,Xinxing,0,0,no_in_area_point_not_no_transport
9627,Baoying,0,0,no_in_area_point_not_no_transport
9628,Waidhan,0,0,no_in_area_point_not_no_transport
9629,Nanchang,4,1,directory_points_only
9630,Narasaraopet,0,0,no_in_area_point_not_no_transport
9631,Zhaoqing,0,0,no_in_area_point_not_no_transport
9632,Arni,0,0,no_in_area_point_not_no_transport
9633,Funing,0,0,no_in_area_point_not_no_transport
9634,Rudarpur,0,0,no_in_area_point_not_no_transport
9635,Longjing,0,0,no_in_area_point_not_no_transport
9636,Singrauli,0,0,no_in_area_point_not_no_transport
9637,益林镇,0,0,no_in_area_point_not_no_transport
9638,Addanki,0,0,no_in_area_point_not_no_transport
9639,Hanshan,0,0,no_in_area_point_not_no_transport
9640,Pudhuvayal,0,0,no_in_area_point_not_no_transport
9642,Devakottai,0,0,no_in_area_point_not_no_transport
9643,Yangjiang,1,0,directory_points_only
9644,Kushinagar,1,0,directory_points_only
9645,Wuwei,0,0,no_in_area_point_not_no_transport
9646,UNNAMED,0,0,no_in_area_point_not_no_transport
9647,Tumen,0,0,no_in_area_point_not_no_transport
9648,Sattenapalle,0,0,no_in_area_point_not_no_transport
9649,Zhangshu,0,0,no_in_area_point_not_no_transport
9650,Tirukkovilur,0,0,no_in_area_point_not_no_transport
9651,Shaoguan,0,0,no_in_area_point_not_no_transport
9652,Venkatagiri,0,0,no_in_area_point_not_no_transport
9653,Tianchang,0,0,no_in_area_point_not_no_transport
9657,Qingyuan,0,0,no_in_area_point_not_no_transport
9658,Ariyalur,0,0,no_in_area_point_not_no_transport
9660,Ghosi,0,0,no_in_area_point_not_no_transport
9662,Kandukur,0,0,no_in_area_point_not_no_transport
9663,Dongzhi,0,0,no_in_area_point_not_no_transport
9664,Kilakkarai,0,0,no_in_area_point_not_no_transport
9665,拖船镇,0,0,no_in_area_point_not_no_transport
9666,Ramanathapuram,1,0,directory_points_only
9667,Ji'an,0,0,no_in_area_point_not_no_transport
9668,Sakhaldia,0,0,no_in_area_point_not_no_transport
9669,Chizhou,0,0,no_in_area_point_not_no_transport
9670,Anpara,0,0,no_in_area_point_not_no_transport
9671,Xingan,0,0,no_in_area_point_not_no_transport
9672,Ongole,2,0,directory_points_only
9673,Jianhu,1,0,directory_points_only
9674,Deoria,0,0,no_in_area_point_not_no_transport
9676,Chilakaluripet,0,0,no_in_area_point_not_no_transport
9678,Bagaha,0,0,no_in_area_point_not_no_transport
9679,Pukou,1,0,directory_points_only
9681,Suichuan,0,0,no_in_area_point_not_no_transport
9682,Kopaganj,0,0,no_in_area_point_not_no_transport
9684,Mau,1,0,directory_points_only
9685,Taihe,0,0,no_in_area_point_not_no_transport
9686,Tilda Neora,0,0,no_in_area_point_not_no_transport
9687,Hexian,0,0,no_in_area_point_not_no_transport
9688,Nagari,0,0,no_in_area_point_not_no_transport
9690,Dhamtari,0,0,no_in_area_point_not_no_transport
9691,Jishui,0,0,no_in_area_point_not_no_transport
9692,Barhaj,0,0,no_in_area_point_not_no_transport
9694,Thanjavur,1,0,directory_points_only
9695,Enping,0,0,no_in_area_point_not_no_transport
9696,Sri Kalahasti,0,0,no_in_area_point_not_no_transport
9697,Tongling,0,0,no_in_area_point_not_no_transport
9698,UNNAMED,0,0,no_in_area_point_not_no_transport
9699,Yingde,0,0,no_in_area_point_not_no_transport
9700,Kothagudem,0,0,no_in_area_point_not_no_transport
9701,Nanjing,5,1,directory_points_only
9702,Robertsganj,0,0,no_in_area_point_not_no_transport
9703,Ma'anshan,0,0,no_in_area_point_not_no_transport
9704,Chakia,0,0,no_in_area_point_not_no_transport
9705,Sheyang,1,0,directory_points_only
9706,Obra,0,0,no_in_area_point_not_no_transport
9707,Wan'an,0,0,no_in_area_point_not_no_transport
9708,Bhatpara,0,0,no_in_area_point_not_no_transport
9710,Bilaspur,0,0,no_in_area_point_not_no_transport
9711,Guangzhou,4,1,directory_points_only
9715,Guangzhou,1,0,directory_points_only
9716,Guangzhou,1,0,directory_points_only
9718,Guangzhou,0,0,no_in_area_point_not_no_transport
9719,Guangzhou,0,0,no_in_area_point_not_no_transport
9721,Guangzhou,1,1,directory_points_only
9724,Guangzhou,5,0,directory_points_only
9725,Guangzhou,22,0,directory_points_only
9726,Chellayapalem,0,0,no_in_area_point_not_no_transport
9728,Gingee,0,0,no_in_area_point_not_no_transport
9729,Gaoyou,0,0,no_in_area_point_not_no_transport
9730,Chopan,0,0,no_in_area_point_not_no_transport
9731,Wuhu,1,0,directory_points_only
9732,Guntur,1,0,directory_points_only
9734,Kavali,0,0,no_in_area_point_not_no_transport
9735,Yongfeng,0,0,no_in_area_point_not_no_transport
9736,Tiruttani,0,0,no_in_area_point_not_no_transport
9738,Tondi,0,0,no_in_area_point_not_no_transport
9739,Qingyang,0,0,no_in_area_point_not_no_transport
9740,Palwancha,0,0,no_in_area_point_not_no_transport
9741,花都区,1,1,directory_points_only
9742,Vriddhachalam,0,0,no_in_area_point_not_no_transport
9743,Yancheng,1,1,directory_points_only
9744,Kanker,0,0,no_in_area_point_not_no_transport
9745,Dongshan,0,0,no_in_area_point_not_no_transport
9746,Gudur,0,0,no_in_area_point_not_no_transport
9747,Kaiping,0,0,no_in_area_point_not_no_transport
9748,Tiruvethipuram,0,0,no_in_area_point_not_no_transport
9749,Yizhen,0,0,no_in_area_point_not_no_transport
9750,Lauiyah Nandangarh,0,0,no_in_area_point_not_no_transport
9751,Shixing,0,0,no_in_area_point_not_no_transport
9752,UNNAMED,0,0,no_in_area_point_not_no_transport
9753,Fanchang,0,0,no_in_area_point_not_no_transport
9754,Ghazipur,1,0,directory_points_only
9755,Jinxian,0,0,no_in_area_point_not_no_transport
9756,Nellore,1,0,directory_points_only
9757,Poyang,0,0,no_in_area_point_not_no_transport
9758,Arakkonam,0,0,no_in_area_point_not_no_transport
9759,Dayu,0,0,no_in_area_point_not_no_transport
9760,Tiruvuru,0,0,no_in_area_point_not_no_transport
9762,Belthara Road,0,0,no_in_area_point_not_no_transport
9764,Viluppuram,0,0,no_in_area_point_not_no_transport
9765,Fogang,0,0,no_in_area_point_not_no_transport
9766,Salempur,0,0,no_in_area_point_not_no_transport
9767,Hunchun,0,0,no_in_area_point_not_no_transport
9768,Renukut,0,0,no_in_area_point_not_no_transport
9769,Yangzhou,0,0,no_in_area_point_not_no_transport
9770,Chirala,0,0,no_in_area_point_not_no_transport
9771,Xinghua,0,0,no_in_area_point_not_no_transport
9772,Vandavasi,0,0,no_in_area_point_not_no_transport
9773,Nanxiong,0,0,no_in_area_point_not_no_transport
9774,Rajim,0,0,no_in_area_point_not_no_transport
9775,Taishan,0,0,no_in_area_point_not_no_transport
9776,Kumbakonam,0,0,no_in_area_point_not_no_transport
9778,Ramnagar,0,0,no_in_area_point_not_no_transport
9780,Kanchipuram,0,0,no_in_area_point_not_no_transport
9781,Yugan,0,0,no_in_area_point_not_no_transport
9782,Kuchai Kot,0,0,no_in_area_point_not_no_transport
9784,Neyveli,1,0,directory_points_only
9785,Chongren,0,0,no_in_area_point_not_no_transport
9786,Panruti,0,0,no_in_area_point_not_no_transport
9787,Conghua,0,0,no_in_area_point_not_no_transport
9788,UNNAMED,0,0,no_in_area_point_not_no_transport
9789,Nanling,0,0,no_in_area_point_not_no_transport
9790,Bhadrachalam,0,0,no_in_area_point_not_no_transport
9791,Le'an,0,0,no_in_area_point_not_no_transport
9792,Madavaram,0,0,no_in_area_point_not_no_transport
9793,Ganzhou,2,1,directory_points_only
9794,Vijayawada,0,0,no_in_area_point_not_no_transport
9795,Jingdezhen,1,1,directory_points_only
9797,Nankang,0,0,no_in_area_point_not_no_transport
9798,UNNAMED,0,0,no_in_area_point_not_no_transport
9800,Muhammadabad,0,0,no_in_area_point_not_no_transport
9801,Jurong,1,0,directory_points_only
9802,Tindivanam,0,0,no_in_area_point_not_no_transport
9804,Rasra,0,0,no_in_area_point_not_no_transport
9805,Zhenjiang,0,0,no_in_area_point_not_no_transport
9806,Bapatla,0,0,no_in_area_point_not_no_transport
9807,Wuhu,0,0,no_in_area_point_not_no_transport
9808,Sathupally,0,0,no_in_area_point_not_no_transport
9810,Ramgarh,0,0,no_in_area_point_not_no_transport
9811,Lishui,0,0,no_in_area_point_not_no_transport
9812,Ponnur,0,0,no_in_area_point_not_no_transport
9814,Kurinjippadi,0,0,no_in_area_point_not_no_transport
9815,Fuzhou,0,0,no_in_area_point_not_no_transport
9816,Mannargudi,0,0,no_in_area_point_not_no_transport
9817,Wengyuan,0,0,no_in_area_point_not_no_transport
9818,Adirampattinam,0,0,no_in_area_point_not_no_transport
9820,Narkatiaganj,0,0,no_in_area_point_not_no_transport
9821,Gaochun,0,0,no_in_area_point_not_no_transport
9822,Lalpet,0,0,no_in_area_point_not_no_transport
9823,Xingguo,0,0,no_in_area_point_not_no_transport
9824,Mohania,0,0,no_in_area_point_not_no_transport
9825,Dongxian,0,0,no_in_area_point_not_no_transport
9826,Thiruvallur,0,0,no_in_area_point_not_no_transport
9827,Zhongxin,0,0,no_in_area_point_not_no_transport
9828,Tenali,1,0,directory_points_only
9829,Leping,0,0,no_in_area_point_not_no_transport
9830,Nellikkuppam,0,0,no_in_area_point_not_no_transport
9831,Taizhou,1,0,directory_points_only
9832,Mahasamund,0,0,no_in_area_point_not_no_transport
9833,Dafeng,0,0,no_in_area_point_not_no_transport
9834,Puducherry,3,1,directory_points_only
9835,Jingxian,0,0,no_in_area_point_not_no_transport
9836,Bhabua,0,0,no_in_area_point_not_no_transport
9837,戴南镇,0,0,no_in_area_point_not_no_transport
9838,Sikandarpur,0,0,no_in_area_point_not_no_transport
9839,Zhongshan,2,0,directory_points_only
9840,Rameswaram,0,0,no_in_area_point_not_no_transport
9841,Yihuang,0,0,no_in_area_point_not_no_transport
9842,Nuzvid,0,0,no_in_area_point_not_no_transport
9843,Xinfeng,0,0,no_in_area_point_not_no_transport
9844,Chausa,0,0,no_in_area_point_not_no_transport
9845,Danyang,0,0,no_in_area_point_not_no_transport
9846,Mayiladuthurai,0,0,no_in_area_point_not_no_transport
9847,Chengxiang,0,0,no_in_area_point_not_no_transport
9848,Kondagaon,0,0,no_in_area_point_not_no_transport
9849,Wannian,0,0,no_in_area_point_not_no_transport
9850,Chennai,8,1,directory_points_only
9852,Cuddalore,1,0,directory_points_only
9853,Qianjin Committee,0,0,no_in_area_point_not_no_transport
9854,Malapalli,1,1,directory_points_only
9855,Xuancheng,0,0,no_in_area_point_not_no_transport
9856,Chidambaram,0,0,no_in_area_point_not_no_transport
9858,Buxar,0,0,no_in_area_point_not_no_transport
9860,Gummidipundi,0,0,no_in_area_point_not_no_transport
9861,Dongtai,0,0,no_in_area_point_not_no_transport
9862,Thiruvarur,0,0,no_in_area_point_not_no_transport
9863,Xinfeng,0,0,no_in_area_point_not_no_transport
9864,Bettiah,0,0,no_in_area_point_not_no_transport
9865,Yangzhong,1,0,directory_points_only
9866,Mirganj,0,0,no_in_area_point_not_no_transport
9867,尖锋村,0,0,no_in_area_point_not_no_transport
9870,Korba,1,0,directory_points_only
9871,Zhuhai,1,0,directory_points_only
9872,Sirkazhi,0,0,no_in_area_point_not_no_transport
9874,Vuyyuru,0,0,no_in_area_point_not_no_transport
9875,于都县,0,0,no_in_area_point_not_no_transport
9876,Ballia,0,0,no_in_area_point_not_no_transport
9877,Longnan,0,0,no_in_area_point_not_no_transport
9878,Gopalganj,0,0,no_in_area_point_not_no_transport
9879,Xinqiao,0,0,no_in_area_point_not_no_transport
9880,Champa,0,0,no_in_area_point_not_no_transport
9881,Lianping,0,0,no_in_area_point_not_no_transport
9883,Jintan,0,0,no_in_area_point_not_no_transport
9884,Siwan,0,0,no_in_area_point_not_no_transport
9885,Jinxi,0,0,no_in_area_point_not_no_transport
9886,Repalle,0,0,no_in_area_point_not_no_transport
9887,Longmen,0,0,no_in_area_point_not_no_transport
9888,Bansdih,0,0,no_in_area_point_not_no_transport
9889,Taixing,0,0,no_in_area_point_not_no_transport
9890,Eluru,0,0,no_in_area_point_not_no_transport
9891,Yingtan,0,0,no_in_area_point_not_no_transport
9892,Gudivada,0,0,no_in_area_point_not_no_transport
9893,Liyang,1,0,directory_points_only
9894,Karaikal,0,0,no_in_area_point_not_no_transport
9895,Dexing,0,0,no_in_area_point_not_no_transport
9896,Manjha,0,0,no_in_area_point_not_no_transport
9897,Nancheng,0,0,no_in_area_point_not_no_transport
9898,Hasanpura,0,0,no_in_area_point_not_no_transport
9900,Nagapattinam,2,0,directory_points_only
9902,Dumraon,0,0,no_in_area_point_not_no_transport
9904,Ambikapur,0,0,no_in_area_point_not_no_transport
9905,Ningdu,0,0,no_in_area_point_not_no_transport
9906,Kalpakkam,0,0,no_in_area_point_not_no_transport
9907,Haian,0,0,no_in_area_point_not_no_transport
9908,Sagauli,0,0,no_in_area_point_not_no_transport
9910,Birgunj,0,0,no_in_area_point_not_no_transport
9911,Nanfeng,0,0,no_in_area_point_not_no_transport
9912,Madhobani,0,0,no_in_area_point_not_no_transport
9913,Lishi,0,0,no_in_area_point_not_no_transport
9914,Pithora,0,0,no_in_area_point_not_no_transport
9916,Jangareddygudem,0,0,no_in_area_point_not_no_transport
9917,Changzhou,1,1,directory_points_only
9918,Sasaram,0,0,no_in_area_point_not_no_transport
9919,Ningguo,0,0,no_in_area_point_not_no_transport
9920,Maharajganj,0,0,no_in_area_point_not_no_transport
9921,Guangchang,0,0,no_in_area_point_not_no_transport
9922,Machilipatnam,0,0,no_in_area_point_not_no_transport
9923,Huangshan,1,1,directory_points_only
9925,Shexian,0,0,no_in_area_point_not_no_transport
9926,Bikramganj,0,0,no_in_area_point_not_no_transport
9927,Heping,0,0,no_in_area_point_not_no_transport
9928,Garhwa,0,0,no_in_area_point_not_no_transport
9930,Tilouthu,0,0,no_in_area_point_not_no_transport
9931,Yiyang,0,0,no_in_area_point_not_no_transport
9932,Jagdalpur,1,1,directory_points_only
9933,Rugao,0,0,no_in_area_point_not_no_transport
9934,Motihari,0,0,no_in_area_point_not_no_transport
9935,Anyuan,0,0,no_in_area_point_not_no_transport
9938,Umerkot,0,0,no_in_area_point_not_no_transport
9939,Jiangyin,0,0,no_in_area_point_not_no_transport
9940,Dehri,0,0,no_in_area_point_not_no_transport
9941,Heyuan,0,0,no_in_area_point_not_no_transport
9942,Piprakothi,0,0,no_in_area_point_not_no_transport
9943,和桥镇,0,0,no_in_area_point_not_no_transport
9944,Jagdispur,0,0,no_in_area_point_not_no_transport
9945,Hongxingcun,0,0,no_in_area_point_not_no_transport
9946,Baruraj,0,0,no_in_area_point_not_no_transport
9947,Huizhou,0,0,no_in_area_point_not_no_transport
9949,Guangde,0,0,no_in_area_point_not_no_transport
9951,Hengfeng,0,0,no_in_area_point_not_no_transport
9952,Piro,0,0,no_in_area_point_not_no_transport
9953,Yixing,1,0,directory_points_only
9954,Ghorasahan,0,0,no_in_area_point_not_no_transport
9955,会昌县,0,0,no_in_area_point_not_no_transport
9956,Tadepallegudem,1,0,directory_points_only
9957,Lichuan,0,0,no_in_area_point_not_no_transport
9959,Ruijin,0,0,no_in_area_point_not_no_transport
9960,Chhapra,0,0,no_in_area_point_not_no_transport
9962,Bhimavaram,0,0,no_in_area_point_not_no_transport
9963,Suzhou,3,1,directory_points_only
9964,Daudnagar,0,0,no_in_area_point_not_no_transport
9965,Shicheng,0,0,no_in_area_point_not_no_transport
9966,UNNAMED,0,0,no_in_area_point_not_no_transport
9968,Arrah,0,0,no_in_area_point_not_no_transport
9969,Zhangjiagang,0,0,no_in_area_point_not_no_transport
9970,Dhaka,0,0,no_in_area_point_not_no_transport
9972,Obra,0,0,no_in_area_point_not_no_transport
9974,Aurangabad,0,0,no_in_area_point_not_no_transport
9975,惠阳区,0,0,no_in_area_point_not_no_transport
9976,Nidadavolu,0,0,no_in_area_point_not_no_transport
9977,Xunwu,0,0,no_in_area_point_not_no_transport
9978,Bairgania,0,0,no_in_area_point_not_no_transport
9980,Medininagar,1,0,directory_points_only
9981,Shangrao,1,1,directory_points_only
9982,UNNAMED,0,0,no_in_area_point_not_no_transport
9983,Longchuan,0,0,no_in_area_point_not_no_transport
9986,Tanuku,0,0,no_in_area_point_not_no_transport
9987,Nantong,1,1,directory_points_only
9988,Rajamahendravaram,0,0,no_in_area_point_not_no_transport
9989,惠东县,1,1,directory_points_only
9990,Raigarh,1,0,directory_points_only
9991,Changxing,0,0,no_in_area_point_not_no_transport
9992,Narasapuram,0,0,no_in_area_point_not_no_transport
9993,Anji,1,0,directory_points_only
9994,Sheohar,0,0,no_in_area_point_not_no_transport
9996,Bihta,1,0,directory_points_only
9997,Changting,0,0,no_in_area_point_not_no_transport
9998,Palakollu,0,0,no_in_area_point_not_no_transport
9999,Yushan,0,0,no_in_area_point_not_no_transport
10001,Ninghua,0,0,no_in_area_point_not_no_transport
10002,UNNAMED,0,0,no_in_area_point_not_no_transport
10004,Ravulapalem,0,0,no_in_area_point_not_no_transport
10007,Muzaffarpur,1,0,directory_points_only
10008,Guangfeng,0,0,no_in_area_point_not_no_transport
10009,Rafiganj,0,0,no_in_area_point_not_no_transport
10010,Zijin,0,0,no_in_area_point_not_no_transport
10011,Mandapeta,0,0,no_in_area_point_not_no_transport
10012,Rudong,0,0,no_in_area_point_not_no_transport
10013,Sitamarhi,0,0,no_in_area_point_not_no_transport
10014,Chun'an,0,0,no_in_area_point_not_no_transport
10015,UNNAMED,0,0,no_in_area_point_not_no_transport
10017,Patna,1,1,directory_points_only
10018,Wuping,0,0,no_in_area_point_not_no_transport
10019,Jeypore,1,0,directory_points_only
10020,Changshu,0,0,no_in_area_point_not_no_transport
10021,Yeleswaram,0,0,no_in_area_point_not_no_transport
10022,Shaowu,0,0,no_in_area_point_not_no_transport
10023,UNNAMED,0,0,no_in_area_point_not_no_transport
10024,Huzhou,0,0,no_in_area_point_not_no_transport
10025,Ramachandrapuram,0,0,no_in_area_point_not_no_transport
10029,Masaurhi,0,0,no_in_area_point_not_no_transport
10030,Jilong,0,0,no_in_area_point_not_no_transport
10031,Hajipur,0,0,no_in_area_point_not_no_transport
10033,Jehanabad,0,0,no_in_area_point_not_no_transport
10034,平远县,0,0,no_in_area_point_not_no_transport
10035,Amalapuram,0,0,no_in_area_point_not_no_transport
10036,Huacheng,0,0,no_in_area_point_not_no_transport
10038,分水镇,0,0,no_in_area_point_not_no_transport
10039,Samarlakota,0,0,no_in_area_point_not_no_transport
10041,Tengar,0,0,no_in_area_point_not_no_transport
10042,Lin'an,0,0,no_in_area_point_not_no_transport
10044,Xingning,1,0,directory_points_only
10045,Titlagarh,0,0,no_in_area_point_not_no_transport
10046,Huangbu,0,0,no_in_area_point_not_no_transport
10047,Sursand,0,0,no_in_area_point_not_no_transport
10048,Deqing,0,0,no_in_area_point_not_no_transport
10049,Dobhi,0,0,no_in_area_point_not_no_transport
10050,Jiangshan,0,0,no_in_area_point_not_no_transport
10051,Koraput,0,0,no_in_area_point_not_no_transport
10052,Quzhou,1,1,directory_points_only
10053,Pithapuram,0,0,no_in_area_point_not_no_transport
10055,Kakinada,1,0,directory_points_only
10056,"Wuyishan, Fujian",1,1,directory_points_only
10057,Bhogapuram,0,0,no_in_area_point_not_no_transport
10058,Haimen,0,0,no_in_area_point_not_no_transport
10059,Pupri,0,0,no_in_area_point_not_no_transport
10060,Jiande,0,0,no_in_area_point_not_no_transport
10061,Mahua,0,0,no_in_area_point_not_no_transport
10062,‎Jiaolin,0,0,no_in_area_point_not_no_transport
10063,UNNAMED,0,0,no_in_area_point_not_no_transport
10064,Shanghang,0,0,no_in_area_point_not_no_transport
10065,Gaya,0,0,no_in_area_point_not_no_transport
10066,Wuhua,0,0,no_in_area_point_not_no_transport
10067,Chandrapur,0,0,no_in_area_point_not_no_transport
10068,Nanxun,0,0,no_in_area_point_not_no_transport
10069,Yanam,1,0,directory_points_only
10071,Fatwah,0,0,no_in_area_point_not_no_transport
10072,Meilong Town,0,0,no_in_area_point_not_no_transport
10073,Bhawanipatna,0,0,no_in_area_point_not_no_transport
10074,新登镇,0,0,no_in_area_point_not_no_transport
10076,Anliu,0,0,no_in_area_point_not_no_transport
10077,Shahpur Paton,0,0,no_in_area_point_not_no_transport
10078,Hangzhou,3,1,directory_points_only
10079,Sunabeda,1,0,directory_points_only
10080,Meizhou,2,1,directory_points_only
10081,Balangir,0,0,no_in_area_point_not_no_transport
10082,海丰县,0,0,no_in_area_point_not_no_transport
10083,Islampur,0,0,no_in_area_point_not_no_transport
10084,Shaxi,0,0,no_in_area_point_not_no_transport
10085,Sundargarh,0,0,no_in_area_point_not_no_transport
10086,Tonglu,0,0,no_in_area_point_not_no_transport
10087,Brajarajnagar,0,0,no_in_area_point_not_no_transport
10088,Gongping,0,0,no_in_area_point_not_no_transport
10089,Chatra,0,0,no_in_area_point_not_no_transport
10090,Fuyang,0,0,no_in_area_point_not_no_transport
10091,Narsipatnam,0,0,no_in_area_point_not_no_transport
10092,Shanwei,0,0,no_in_area_point_not_no_transport
10093,Tuni,0,0,no_in_area_point_not_no_transport
10094,Lvsigang,0,0,no_in_area_point_not_no_transport
10095,Jharsuguda,0,0,no_in_area_point_not_no_transport
10097,Shanghai,10,2,directory_points_only
10101,Darbhanga,1,1,directory_points_only
10103,Lohardaga,0,0,no_in_area_point_not_no_transport
10104,陆河县,0,0,no_in_area_point_not_no_transport
10105,Gumla,0,0,no_in_area_point_not_no_transport
10106,Jianyang,0,0,no_in_area_point_not_no_transport
10107,Samastipur,0,0,no_in_area_point_not_no_transport
10108,Lanxi,0,0,no_in_area_point_not_no_transport
10109,Sambalpur,0,0,no_in_area_point_not_no_transport
10110,Lili,0,0,no_in_area_point_not_no_transport
10111,Keotiranway,0,0,no_in_area_point_not_no_transport
10113,Rajgir,0,0,no_in_area_point_not_no_transport
10115,Jaynagar,0,0,no_in_area_point_not_no_transport
10116,Pucheng,0,0,no_in_area_point_not_no_transport
10117,Bihar Sharif,0,0,no_in_area_point_not_no_transport
10118,Jiaxing,1,1,directory_points_only
10119,Madhubani,1,0,directory_points_only
10120,揭西县,0,0,no_in_area_point_not_no_transport
10121,Hisua,0,0,no_in_area_point_not_no_transport
10122,Lufeng,0,0,no_in_area_point_not_no_transport
10123,Komatlapeta,0,0,no_in_area_point_not_no_transport
10125,Nawada,0,0,no_in_area_point_not_no_transport
10126,Chongming,0,0,no_in_area_point_not_no_transport
10127,Rayagada,0,0,no_in_area_point_not_no_transport
10128,Yong'an,0,0,no_in_area_point_not_no_transport
10129,Anakapalle,0,0,no_in_area_point_not_no_transport
10130,Fengshun,0,0,no_in_area_point_not_no_transport
10131,Jhajharr,0,0,no_in_area_point_not_no_transport
10132,Qidong,0,0,no_in_area_point_not_no_transport
10133,Bar Bigha,0,0,no_in_area_point_not_no_transport
10134,Sanming,0,0,no_in_area_point_not_no_transport
10135,Warisaliganj,0,0,no_in_area_point_not_no_transport
10136,Jinhua,0,0,no_in_area_point_not_no_transport
10137,Rusera,0,0,no_in_area_point_not_no_transport
10138,UNNAMED,0,0,no_in_area_point_not_no_transport
10139,Bobbili,0,0,no_in_area_point_not_no_transport
10142,Visakhapatnam,2,0,directory_points_only
10143,Haining,0,0,no_in_area_point_not_no_transport
10144,UNNAMED,0,0,no_in_area_point_not_no_transport
10145,Pujiang,0,0,no_in_area_point_not_no_transport
10146,Parvathipuram,0,0,no_in_area_point_not_no_transport
10147,Longyan,0,0,no_in_area_point_not_no_transport
10148,Mokama,0,0,no_in_area_point_not_no_transport
10149,Shaxian,0,0,no_in_area_point_not_no_transport
10150,Bhagwanpur,0,0,no_in_area_point_not_no_transport
10151,Suichang,0,0,no_in_area_point_not_no_transport
10152,Begusarai,1,0,directory_points_only
10153,Jieyang,2,1,directory_points_only
10154,Hazaribagh,0,0,no_in_area_point_not_no_transport
10155,Zhuji,0,0,no_in_area_point_not_no_transport
10156,Shaikhpura,0,0,no_in_area_point_not_no_transport
10157,Diankou,0,0,no_in_area_point_not_no_transport
10158,Jhumri Tilaiya,0,0,no_in_area_point_not_no_transport
10159,Jieshi,0,0,no_in_area_point_not_no_transport
10161,Jian'ou,0,0,no_in_area_point_not_no_transport
10162,Vizianagaram,0,0,no_in_area_point_not_no_transport
10164,Barhiya,0,0,no_in_area_point_not_no_transport
10165,Pinghu,0,0,no_in_area_point_not_no_transport
10166,Rourkela,1,0,directory_points_only
10167,Dapu,0,0,no_in_area_point_not_no_transport
10168,Ranchi,1,1,directory_points_only
10169,Kuitan,0,0,no_in_area_point_not_no_transport
10170,Endada,0,0,no_in_area_point_not_no_transport
10172,UNNAMED,0,0,no_in_area_point_not_no_transport
10174,Phulbani,0,0,no_in_area_point_not_no_transport
10175,Nanping,0,0,no_in_area_point_not_no_transport
10176,Nirmali,0,0,no_in_area_point_not_no_transport
10177,Haiyan,0,0,no_in_area_point_not_no_transport
10178,Bakhri,0,0,no_in_area_point_not_no_transport
10179,Longquan,0,0,no_in_area_point_not_no_transport
10180,Matihani,0,0,no_in_area_point_not_no_transport
10181,Yiwu,1,1,directory_points_only
10182,Lakhisarai,0,0,no_in_area_point_not_no_transport
10184,Chipurupalle,0,0,no_in_area_point_not_no_transport
10185,Fengqiao,0,0,no_in_area_point_not_no_transport
10186,Gunupur,0,0,no_in_area_point_not_no_transport
10187,Jiazi,0,0,no_in_area_point_not_no_transport
10188,Rajam,1,0,directory_points_only
10190,Ramgarh,0,0,no_in_area_point_not_no_transport
10192,Supaul,0,0,no_in_area_point_not_no_transport
10193,Zhangping,0,0,no_in_area_point_not_no_transport
10194,UNNAMED,0,0,no_in_area_point_not_no_transport
10195,Songyang,0,0,no_in_area_point_not_no_transport
10196,Saharsa,1,0,directory_points_only
10198,Khagaria,0,0,no_in_area_point_not_no_transport
10200,Bagodar,0,0,no_in_area_point_not_no_transport
10202,Jamui,0,0,no_in_area_point_not_no_transport
10204,Ganpatganj,0,0,no_in_area_point_not_no_transport
10205,惠来县,0,0,no_in_area_point_not_no_transport
10207,Munger,0,0,no_in_area_point_not_no_transport
10209,Srikakulam,1,0,directory_points_only
10212,Raoyang,0,0,no_in_area_point_not_no_transport
10214,Yongkang,1,0,directory_points_only
10215,Bundu,0,0,no_in_area_point_not_no_transport
10217,Madhepura,0,0,no_in_area_point_not_no_transport
10218,Youxi,0,0,no_in_area_point_not_no_transport
10219,Mansa Nagar,0,0,no_in_area_point_not_no_transport
10220,Cixi,0,0,no_in_area_point_not_no_transport
10221,Paralakhemundi,0,0,no_in_area_point_not_no_transport
10223,Bhanjanagar,0,0,no_in_area_point_not_no_transport
10224,华兴乡,0,0,no_in_area_point_not_no_transport
10225,Barbil,0,0,no_in_area_point_not_no_transport
10227,UNNAMED,0,0,no_in_area_point_not_no_transport
10229,Chakradharpur,0,0,no_in_area_point_not_no_transport
10231,Sultanganj,0,0,no_in_area_point_not_no_transport
10232,Yunhe,0,0,no_in_area_point_not_no_transport
10233,Giridih,1,0,directory_points_only
10234,京陇村,0,0,no_in_area_point_not_no_transport
10235,Tekkali,0,0,no_in_area_point_not_no_transport
10236,Heyang,0,0,no_in_area_point_not_no_transport
10237,Bokaro,1,0,directory_points_only
10238,Nanjing,0,0,no_in_area_point_not_no_transport
10239,Biratnagar,0,0,no_in_area_point_not_no_transport
10240,Lishui,0,0,no_in_area_point_not_no_transport
10241,Forbesganj,0,0,no_in_area_point_not_no_transport
10242,Pinghe,0,0,no_in_area_point_not_no_transport
10243,Dhanbad,1,0,directory_points_only
10245,Angul,0,0,no_in_area_point_not_no_transport
10247,Akbarnagar,0,0,no_in_area_point_not_no_transport
10249,Raniganj,0,0,no_in_area_point_not_no_transport
10250,Jinyun,0,0,no_in_area_point_not_no_transport
10251,Palasa-Kasibugga,0,0,no_in_area_point_not_no_transport
10253,Barhara Kothi,0,0,no_in_area_point_not_no_transport
10254,Shengzhou,0,0,no_in_area_point_not_no_transport
10255,Banmankhi,0,0,no_in_area_point_not_no_transport
10256,壶镇镇,0,0,no_in_area_point_not_no_transport
10257,Talcher,0,0,no_in_area_point_not_no_transport
10258,Gutian,0,0,no_in_area_point_not_no_transport
10259,Chaibasa,0,0,no_in_area_point_not_no_transport
10261,Bhagalpur,1,0,directory_points_only
10262,Zhangzhou,1,0,directory_points_only
10263,UNNAMED,0,0,no_in_area_point_not_no_transport
10265,Amarpur,0,0,no_in_area_point_not_no_transport
10266,Dehua,0,0,no_in_area_point_not_no_transport
10267,Naugachia,0,0,no_in_area_point_not_no_transport
10268,Yunxiao,0,0,no_in_area_point_not_no_transport
10269,Deoghar,0,0,no_in_area_point_not_no_transport
10270,Yongchun,0,0,no_in_area_point_not_no_transport
10271,Ichchapuram,0,0,no_in_area_point_not_no_transport
10273,UNNAMED,0,0,no_in_area_point_not_no_transport
10275,Brahmapur,1,0,directory_points_only
10276,Taishun,0,0,no_in_area_point_not_no_transport
10277,Araria,0,0,no_in_area_point_not_no_transport
10278,Zhangpu,0,0,no_in_area_point_not_no_transport
10279,Madhupur,0,0,no_in_area_point_not_no_transport
10280,Anxi,0,0,no_in_area_point_not_no_transport
10281,Kendujhargarh,0,0,no_in_area_point_not_no_transport
10282,Ningbo,2,1,directory_points_only
10283,UNNAMED,0,0,no_in_area_point_not_no_transport
10284,Xikou,0,0,no_in_area_point_not_no_transport
10285,Jamshedpur,1,0,directory_points_only
10286,Xiamen,1,1,directory_points_only
10287,Nayagarh,0,0,no_in_area_point_not_no_transport
10288,XianJu,0,0,no_in_area_point_not_no_transport
10289,Bhojudih,0,0,no_in_area_point_not_no_transport
10290,Jiudongshan,0,0,no_in_area_point_not_no_transport
10291,UNNAMED,0,0,no_in_area_point_not_no_transport
10292,Jiuzhen,0,0,no_in_area_point_not_no_transport
10293,Sindri,0,0,no_in_area_point_not_no_transport
10294,Fenghua,0,0,no_in_area_point_not_no_transport
10295,Santaldih,0,0,no_in_area_point_not_no_transport
10296,Tiantai,0,0,no_in_area_point_not_no_transport
10297,Puruliya,0,0,no_in_area_point_not_no_transport
10298,Qingtian,0,0,no_in_area_point_not_no_transport
10299,Jalalgarh,0,0,no_in_area_point_not_no_transport
10301,Bausi,0,0,no_in_area_point_not_no_transport
10302,Wencheng,0,0,no_in_area_point_not_no_transport
10303,Purnia,0,0,no_in_area_point_not_no_transport
10304,Fu'an,0,0,no_in_area_point_not_no_transport
10305,Kahalgaon,0,0,no_in_area_point_not_no_transport
10307,Chhatrapur,0,0,no_in_area_point_not_no_transport
10309,Kasba,0,0,no_in_area_point_not_no_transport
10310,Xianyou,0,0,no_in_area_point_not_no_transport
10313,Asansol,2,0,directory_points_only
10315,Bahadurganj,0,0,no_in_area_point_not_no_transport
10317,Jamtara,0,0,no_in_area_point_not_no_transport
10319,Godda,0,0,no_in_area_point_not_no_transport
10320,赛岐镇,0,0,no_in_area_point_not_no_transport
10321,Karanjia,0,0,no_in_area_point_not_no_transport
10323,Pirpainti,0,0,no_in_area_point_not_no_transport
10324,Ningde,0,0,no_in_area_point_not_no_transport
10325,Pirpainti,0,0,no_in_area_point_not_no_transport
10327,Dhenkanal,0,0,no_in_area_point_not_no_transport
10328,Fuzhou,6,2,directory_points_only
10330,Darjeeling,1,0,directory_points_only
10331,Quanzhou,2,1,directory_points_only
10332,Katihar,0,0,no_in_area_point_not_no_transport
10333,Ninghai,0,0,no_in_area_point_not_no_transport
10334,Adra,0,0,no_in_area_point_not_no_transport
10335,Linhai,0,0,no_in_area_point_not_no_transport
10336,Kishanganj,1,0,directory_points_only
10337,Daishan,1,0,directory_points_only
10338,Bhuban,0,0,no_in_area_point_not_no_transport
10339,Wenzhou,1,1,directory_points_only
10340,Gangtok,2,0,directory_points_only
10341,Sanmen,0,0,no_in_area_point_not_no_transport
10342,Siliguri,2,1,directory_points_only
10343,Luoyuan,0,0,no_in_area_point_not_no_transport
10344,Sahibganj,0,0,no_in_area_point_not_no_transport
10345,Yongjia,0,0,no_in_area_point_not_no_transport
10346,Dumka,0,0,no_in_area_point_not_no_transport
10347,Shuitou,0,0,no_in_area_point_not_no_transport
10348,Jatani Town,0,0,no_in_area_point_not_no_transport
10349,Zhoushan,0,0,no_in_area_point_not_no_transport
10350,Cuttack,0,0,no_in_area_point_not_no_transport
10352,Islampur,0,0,no_in_area_point_not_no_transport
10353,Putian,0,0,no_in_area_point_not_no_transport
10354,Bhubaneshwar,1,1,directory_points_only
10357,Fuding,0,0,no_in_area_point_not_no_transport
10360,Bankura,0,0,no_in_area_point_not_no_transport
10362,UNNAMED,0,0,no_in_area_point_not_no_transport
10363,Xiapu,0,0,no_in_area_point_not_no_transport
10364,Raiganj,0,0,no_in_area_point_not_no_transport
10365,Lianjiang,0,0,no_in_area_point_not_no_transport
10366,Puri,1,0,directory_points_only
10368,Mal Bazaar,0,0,no_in_area_point_not_no_transport
10371,龙港市,0,0,no_in_area_point_not_no_transport
10373,Jalpaiguri,0,0,no_in_area_point_not_no_transport
10374,Yueqing,0,0,no_in_area_point_not_no_transport
10375,Durgapur,0,0,no_in_area_point_not_no_transport
10377,Siuri,0,0,no_in_area_point_not_no_transport
10379,Jajpur,0,0,no_in_area_point_not_no_transport
10380,Xiangshan,0,0,no_in_area_point_not_no_transport
10381,Baripada,0,0,no_in_area_point_not_no_transport
10382,Fuqing,0,0,no_in_area_point_not_no_transport
10383,Jagatsinghpur,0,0,no_in_area_point_not_no_transport
10385,Kaliyaganj,0,0,no_in_area_point_not_no_transport
10387,UNNAMED,0,0,no_in_area_point_not_no_transport
10388,Dajing,0,0,no_in_area_point_not_no_transport
10389,Dhulian,0,0,no_in_area_point_not_no_transport
10391,Jhargram,0,0,no_in_area_point_not_no_transport
10392,Taizhou,1,1,directory_points_only
10393,Bhadrak,0,0,no_in_area_point_not_no_transport
10397,Malda,1,0,directory_points_only
10398,龙田镇,1,0,directory_points_only
10399,Sujapur,0,0,no_in_area_point_not_no_transport
10401,Bishnupur,0,0,no_in_area_point_not_no_transport
10402,Shipu,0,0,no_in_area_point_not_no_transport
10405,Sonamukhi,0,0,no_in_area_point_not_no_transport
10407,Rampur Hat,0,0,no_in_area_point_not_no_transport
10409,Kendrapara,0,0,no_in_area_point_not_no_transport
10411,Dhupguri,0,0,no_in_area_point_not_no_transport
10412,Yuhuan,0,0,no_in_area_point_not_no_transport
10413,Bolpur,0,0,no_in_area_point_not_no_transport
10414,Dongtou,0,0,no_in_area_point_not_no_transport
10416,松门镇,0,0,no_in_area_point_not_no_transport
10418,石塘镇,0,0,no_in_area_point_not_no_transport
10419,Jangipur,0,0,no_in_area_point_not_no_transport
10420,Pingtan,0,0,no_in_area_point_not_no_transport
10421,Chandrakona Road,0,0,no_in_area_point_not_no_transport
10422,Balasore,0,0,no_in_area_point_not_no_transport
10423,Kharagpur,0,0,no_in_area_point_not_no_transport
10424,Medinipur,0,0,no_in_area_point_not_no_transport
10425,Falakata,0,0,no_in_area_point_not_no_transport
10426,Kandi,0,0,no_in_area_point_not_no_transport
10428,Jaigaon,1,0,directory_points_only
10429,Matabhanga,0,0,no_in_area_point_not_no_transport
10430,Bardhaman,0,0,no_in_area_point_not_no_transport
10432,Berhampore,0,0,no_in_area_point_not_no_transport
10434,UNNAMED,0,0,no_in_area_point_not_no_transport
10435,UNNAMED,0,0,no_in_area_point_not_no_transport
10436,Balurghat,1,0,directory_points_only
10437,Ghatal,0,0,no_in_area_point_not_no_transport
10439,Katwa,0,0,no_in_area_point_not_no_transport
10440,Cooch Behar,1,0,directory_points_only
10441,Tamluk,0,0,no_in_area_point_not_no_transport
10443,Notun Digha,1,0,directory_points_only
10444,UNNAMED,0,0,no_in_area_point_not_no_transport
10445,Alipurduar,0,0,no_in_area_point_not_no_transport
10446,UNNAMED,0,0,no_in_area_point_not_no_transport
10447,Dinhata,0,0,no_in_area_point_not_no_transport
10449,UNNAMED,0,0,no_in_area_point_not_no_transport
10450,Bethuadahari,0,0,no_in_area_point_not_no_transport
10451,Contai,0,0,no_in_area_point_not_no_transport
10452,Kolkata,4,1,directory_points_only
10453,Kolkata,0,0,no_in_area_point_not_no_transport
10454,Nabadwip,0,0,no_in_area_point_not_no_transport
10456,Tufanganj,0,0,no_in_area_point_not_no_transport
10457,Karimpur,0,0,no_in_area_point_not_no_transport
10458,Kalna,0,0,no_in_area_point_not_no_transport
10459,Pandua,0,0,no_in_area_point_not_no_transport
10461,Krishnanagar,0,0,no_in_area_point_not_no_transport
10462,Shantipur,0,0,no_in_area_point_not_no_transport
10463,Chapra,0,0,no_in_area_point_not_no_transport
10465,Badkulla,0,0,no_in_area_point_not_no_transport
10467,Gossaigaon,0,0,no_in_area_point_not_no_transport
10468,Haldia,1,0,directory_points_only
10469,Ranaghat,0,0,no_in_area_point_not_no_transport
10472,Dhubri,0,0,no_in_area_point_not_no_transport
10474,Kakdwip,0,0,no_in_area_point_not_no_transport
10475,Jaynagar Majilpur,0,0,no_in_area_point_not_no_transport
10476,Habra,1,0,directory_points_only
10478,Bilasipara,0,0,no_in_area_point_not_no_transport
10479,Mankachar,0,0,no_in_area_point_not_no_transport
10481,Bangaon,0,0,no_in_area_point_not_no_transport
10484,Canning,0,0,no_in_area_point_not_no_transport
10488,Basirhat,0,0,no_in_area_point_not_no_transport
10489,Bongaigaon,0,0,no_in_area_point_not_no_transport
10491,Tura,0,0,no_in_area_point_not_no_transport
10492,UNNAMED,0,0,no_in_area_point_not_no_transport
10493,Nalbari,0,0,no_in_area_point_not_no_transport
10495,Nongstoin,0,0,no_in_area_point_not_no_transport
10496,Guwahati,1,1,directory_points_only
10498,Kharupetia,0,0,no_in_area_point_not_no_transport
10499,Shillong,2,0,directory_points_only
10500,Dhing,0,0,no_in_area_point_not_no_transport
10501,Marigaon,0,0,no_in_area_point_not_no_transport
10502,Agartala,1,1,directory_points_only
10503,Bisalgarh,0,0,no_in_area_point_not_no_transport
10505,Tezpur,1,1,directory_points_only
10509,Jowai,0,0,no_in_area_point_not_no_transport
10511,Udaipur,1,0,directory_points_only
10513,Bishwanath Charaili,0,0,no_in_area_point_not_no_transport
10514,Zakiganj,0,0,no_in_area_point_not_no_transport
10515,Hojai,0,0,no_in_area_point_not_no_transport
10516,Dharmanagar,0,0,no_in_area_point_not_no_transport
10517,Badarpur,0,0,no_in_area_point_not_no_transport
10518,Hailakandi,0,0,no_in_area_point_not_no_transport
10519,Lumding,0,0,no_in_area_point_not_no_transport
10520,Silchar,0,0,no_in_area_point_not_no_transport
10521,North Lakhimpur,0,0,no_in_area_point_not_no_transport
10522,Diphu,0,0,no_in_area_point_not_no_transport
10523,Kolasib,0,0,no_in_area_point_not_no_transport
10524,Golaghat,0,0,no_in_area_point_not_no_transport
10525,Dimapur,1,1,directory_points_only
10526,Jorhat,1,1,directory_points_only
10527,Aizawl,2,0,directory_points_only
10528,Dibrugarh,0,0,no_in_area_point_not_no_transport
10529,Wokha,0,0,no_in_area_point_not_no_transport
10530,Nazira,0,0,no_in_area_point_not_no_transport
10531,Mokokchung,0,0,no_in_area_point_not_no_transport
10532,Senapati,0,0,no_in_area_point_not_no_transport
10533,Imphal,3,1,directory_points_only
10534,LAMKA,1,0,directory_points_only
10535,Sonari,0,0,no_in_area_point_not_no_transport
10536,Tinsukia,0,0,no_in_area_point_not_no_transport
10538,Duliajan,1,0,directory_points_only
10540,Ukhrul,0,0,no_in_area_point_not_no_transport
10541,Digboi,0,0,no_in_area_point_not_no_transport
10542,Port Blair,2,1,directory_points_only
