nct_id,study_type,status,phases,conditions,last_update_posted,registry_results_section_present,listed_location_count,location_evidence_status,lon_relevance,fua_assignment
NCT00000175,INTERVENTIONAL,TERMINATED,NA,"[""Cognition Disorders"", ""Mood Disorders""]",2009-12-11,False,1,listed_not_verified,not_adjudicated,not_assigned
NCT00001260,OBSERVATIONAL,TERMINATED,,"[""Bipolar Disorder"", ""Depression"", ""Anxiety Disorders"", ""Schizophrenia"", ""Tourette's Syndrome"", ""Brain Diseases""]",2019-12-09,False,3,listed_not_verified,not_adjudicated,not_assigned
NCT00001617,OBSERVATIONAL,COMPLETED,,"[""Cataract"", ""Healthy""]",2008-03-04,False,1,listed_not_verified,not_adjudicated,not_assigned
NCT00001917,OBSERVATIONAL,COMPLETED,,"[""Alzheimer's Disease"", ""Healthy""]",2008-03-04,False,1,listed_not_verified,not_adjudicated,not_assigned
NCT00004640,INTERVENTIONAL,COMPLETED,PHASE3,"[""Tooth Loss"", ""Periodontal Disease"", ""Tooth Decay""]",2012-06-20,False,2,listed_not_verified,not_adjudicated,not_assigned
NCT00005004,OBSERVATIONAL,COMPLETED,,"[""Central Nervous System Disease"", ""Cerebrovascular Accident"", ""Craniocerebral Trauma"", ""Head Injury"", ""Healthy"", ""Stroke""]",2008-03-04,False,1,listed_not_verified,not_adjudicated,not_assigned
NCT00006144,INTERVENTIONAL,COMPLETED,PHASE2,"[""HIV Infections""]",2021-11-01,False,45,listed_not_verified,not_adjudicated,not_assigned
NCT00006156,INTERVENTIONAL,COMPLETED,NA,"[""Healthy"", ""Premature Ovarian Failure""]",2013-05-16,True,1,listed_not_verified,not_adjudicated,not_assigned
NCT00010998,INTERVENTIONAL,COMPLETED,PHASE2,"[""Multiple Sclerosis""]",2006-08-18,False,1,listed_not_verified,not_adjudicated,not_assigned
NCT00011544,INTERVENTIONAL,COMPLETED,PHASE2,"[""Spinal Cord Injury""]",2009-01-21,False,1,listed_not_verified,not_adjudicated,not_assigned
NCT00013351,OBSERVATIONAL,COMPLETED,,"[""Vision Impairment""]",2009-01-21,False,1,listed_not_verified,not_adjudicated,not_assigned
NCT00013429,INTERVENTIONAL,COMPLETED,PHASE2,"[""Blindness""]",2009-01-21,False,1,listed_not_verified,not_adjudicated,not_assigned
NCT00013442,OBSERVATIONAL,COMPLETED,,"[""Stroke""]",2009-01-21,False,1,listed_not_verified,not_adjudicated,not_assigned
NCT00013507,INTERVENTIONAL,COMPLETED,PHASE2,"[""Aging""]",2009-01-21,False,1,listed_not_verified,not_adjudicated,not_assigned
NCT00018239,INTERVENTIONAL,COMPLETED,NA,"[""Diabetes Mellitus""]",2009-01-21,False,1,listed_not_verified,not_adjudicated,not_assigned
NCT00018265,INTERVENTIONAL,COMPLETED,PHASE3,"[""Cardiovascular Disease""]",2009-01-21,False,1,listed_not_verified,not_adjudicated,not_assigned
NCT00018343,INTERVENTIONAL,COMPLETED,PHASE2,"[""Alzheimer's Disease""]",2009-01-21,False,1,listed_not_verified,not_adjudicated,not_assigned
NCT00018356,INTERVENTIONAL,COMPLETED,PHASE4,"[""Muscle Weakness"", ""Muscular Atrophy""]",2011-06-23,False,1,listed_not_verified,not_adjudicated,not_assigned
NCT00018369,OBSERVATIONAL,COMPLETED,,"[""Physiological Processes"", ""Aging""]",2009-01-21,False,1,listed_not_verified,not_adjudicated,not_assigned
NCT00018629,INTERVENTIONAL,COMPLETED,PHASE2,"[""Schizoaffective Disorder"", ""Schizophrenia""]",2009-01-07,False,1,listed_not_verified,not_adjudicated,not_assigned
NCT00026195,INTERVENTIONAL,COMPLETED,PHASE1,"[""Unspecified Adult Solid Tumor, Protocol Specific""]",2016-07-06,False,47,listed_not_verified,not_adjudicated,not_assigned
NCT00029120,OBSERVATIONAL,COMPLETED,,"[""Alzheimer Disease"", ""Dementia"", ""Memory Disorder"", ""Healthy""]",2017-07-02,False,1,listed_not_verified,not_adjudicated,not_assigned
NCT00034567,OBSERVATIONAL,COMPLETED,,"[""Alzheimer Disease""]",2007-09-18,False,39,listed_not_verified,not_adjudicated,not_assigned
NCT00037167,INTERVENTIONAL,COMPLETED,PHASE1|PHASE2,"[""Movement Disorders"", ""Aging""]",2009-04-09,False,1,listed_not_verified,not_adjudicated,not_assigned
NCT00037999,INTERVENTIONAL,COMPLETED,PHASE2,"[""Aging"", ""Frail Elderly"", ""Rehabilitation""]",2009-01-21,False,1,listed_not_verified,not_adjudicated,not_assigned
NCT00038155,INTERVENTIONAL,COMPLETED,PHASE2,"[""Aging"", ""Frail Elderly""]",2010-09-24,False,1,listed_not_verified,not_adjudicated,not_assigned
NCT00038363,INTERVENTIONAL,COMPLETED,PHASE2,"[""Aging""]",2009-01-21,False,1,listed_not_verified,not_adjudicated,not_assigned
NCT00040196,OBSERVATIONAL,COMPLETED,,"[""Parkinson Disease""]",2017-07-02,False,1,listed_not_verified,not_adjudicated,not_assigned
NCT00040443,INTERVENTIONAL,COMPLETED,PHASE2,"[""Mild Cognitive Impairment""]",2018-07-23,True,8,listed_not_verified,not_adjudicated,not_assigned
NCT00042133,OBSERVATIONAL,COMPLETED,,"[""Healthy""]",2015-04-14,False,1,listed_not_verified,not_adjudicated,not_assigned
NCT00043589,INTERVENTIONAL,COMPLETED,NA,"[""Memory Disorders""]",2013-12-05,False,1,listed_not_verified,not_adjudicated,not_assigned
NCT00056329,INTERVENTIONAL,UNKNOWN,PHASE3,"[""Down Syndrome"", ""Alzheimer Disease""]",2012-05-04,False,22,listed_not_verified,not_adjudicated,not_assigned
NCT00056485,INTERVENTIONAL,COMPLETED,NA,"[""Depression""]",2017-04-13,False,1,listed_not_verified,not_adjudicated,not_assigned
NCT00059436,INTERVENTIONAL,COMPLETED,PHASE1,"[""Aging"", ""Muscle Strength""]",2016-09-26,False,1,listed_not_verified,not_adjudicated,not_assigned
NCT00059501,OBSERVATIONAL,COMPLETED,,"[""Musculoskeletal Physiology"", ""Healthy""]",2008-03-04,False,1,listed_not_verified,not_adjudicated,not_assigned
NCT00063310,INTERVENTIONAL,COMPLETED,PHASE2,"[""Alzheimer Disease""]",2009-12-11,False,3,listed_not_verified,not_adjudicated,not_assigned
NCT00081991,OBSERVATIONAL,COMPLETED,,"[""Cataract""]",2008-03-04,False,1,listed_not_verified,not_adjudicated,not_assigned
NCT00094042,INTERVENTIONAL,COMPLETED,NA,"[""Aging""]",2010-01-27,False,1,listed_not_verified,not_adjudicated,not_assigned
NCT00094393,OBSERVATIONAL,COMPLETED,,"[""Progeria""]",2019-11-15,False,1,listed_not_verified,not_adjudicated,not_assigned
NCT00094731,INTERVENTIONAL,COMPLETED,PHASE3,"[""Aging""]",2009-12-11,False,1,listed_not_verified,not_adjudicated,not_assigned
NCT00094913,OBSERVATIONAL,UNKNOWN,,"[""Alzheimer Disease""]",2009-05-27,False,1,listed_not_verified,not_adjudicated,not_assigned
NCT00094939,OBSERVATIONAL,UNKNOWN,,"[""Alzheimer Disease"", ""Dementia""]",2009-12-14,False,1,listed_not_verified,not_adjudicated,not_assigned
NCT00097058,OBSERVATIONAL,COMPLETED,,"[""Aging"", ""Menopause""]",2014-11-19,False,1,listed_not_verified,not_adjudicated,not_assigned
NCT00097630,INTERVENTIONAL,COMPLETED,NA,"[""Aging"", ""Respiration, Artificial""]",2009-12-11,False,4,listed_not_verified,not_adjudicated,not_assigned
NCT00097643,INTERVENTIONAL,COMPLETED,PHASE3,"[""Aging""]",2008-08-13,False,0,not_listed_not_absent,not_adjudicated,not_assigned
NCT00099099,INTERVENTIONAL,COMPLETED,PHASE1,"[""Aging""]",2009-12-11,False,1,listed_not_verified,not_adjudicated,not_assigned
NCT00099138,INTERVENTIONAL,COMPLETED,PHASE1,"[""Aging""]",2009-12-11,False,1,listed_not_verified,not_adjudicated,not_assigned
NCT00099151,INTERVENTIONAL,COMPLETED,NA,"[""Aging"", ""Cardiovascular Disease"", ""Diabetes Mellitus""]",2009-12-11,False,1,listed_not_verified,not_adjudicated,not_assigned
NCT00099697,INTERVENTIONAL,COMPLETED,NA,"[""Aging"", ""Obesity"", ""Insulin Resistance""]",2009-12-11,False,1,listed_not_verified,not_adjudicated,not_assigned
NCT00100451,INTERVENTIONAL,COMPLETED,NA,"[""Cardiovascular Disease""]",2009-01-21,False,1,listed_not_verified,not_adjudicated,not_assigned
NCT00104169,INTERVENTIONAL,TERMINATED,PHASE2,"[""Anemia"", ""Aging""]",2008-08-29,False,1,listed_not_verified,not_adjudicated,not_assigned
NCT00105612,INTERVENTIONAL,COMPLETED,NA,"[""Alzheimer's Disease"", ""Aging""]",2009-12-29,False,1,listed_not_verified,not_adjudicated,not_assigned
NCT00106067,INTERVENTIONAL,COMPLETED,NA,"[""Aging"", ""Neoplasms""]",2015-04-07,False,1,listed_not_verified,not_adjudicated,not_assigned
NCT00108329,INTERVENTIONAL,COMPLETED,NA,"[""Metabolic Syndrome X""]",2009-01-21,False,1,listed_not_verified,not_adjudicated,not_assigned
NCT00114114,INTERVENTIONAL,COMPLETED,NA,"[""Healthy Volunteers""]",2019-10-08,True,1,listed_not_verified,not_adjudicated,not_assigned
NCT00116194,INTERVENTIONAL,COMPLETED,PHASE1|PHASE2,"[""Physically Challenged"", ""Aging""]",2010-03-25,False,4,listed_not_verified,not_adjudicated,not_assigned
NCT00117000,INTERVENTIONAL,UNKNOWN,PHASE3,"[""Malnutrition"", ""Aging""]",2006-09-11,False,1,listed_not_verified,not_adjudicated,not_assigned
NCT00117585,INTERVENTIONAL,COMPLETED,NA,"[""Hypotension, Orthostatic""]",2016-04-18,True,1,listed_not_verified,not_adjudicated,not_assigned
NCT00118885,INTERVENTIONAL,COMPLETED,PHASE2,"[""Aging"", ""Herpes Zoster""]",2009-12-11,False,1,listed_not_verified,not_adjudicated,not_assigned
NCT00119483,INTERVENTIONAL,COMPLETED,NA,"[""Hypogonadism""]",2011-09-05,False,1,listed_not_verified,not_adjudicated,not_assigned
NCT00121511,INTERVENTIONAL,COMPLETED,NA,"[""Photo-aging"", ""Keratosis""]",2015-05-27,False,1,listed_not_verified,not_adjudicated,not_assigned
NCT00126087,INTERVENTIONAL,TERMINATED,PHASE4,"[""Stroke""]",2013-01-21,False,1,listed_not_verified,not_adjudicated,not_assigned
NCT00131092,INTERVENTIONAL,COMPLETED,PHASE2,"[""Health Behavior"", ""Healthy""]",2009-12-11,False,1,listed_not_verified,not_adjudicated,not_assigned
NCT00131105,INTERVENTIONAL,COMPLETED,PHASE2,"[""Health Behavior"", ""Psychological Stress"", ""Healthy""]",2008-12-23,False,1,listed_not_verified,not_adjudicated,not_assigned
NCT00132288,INTERVENTIONAL,COMPLETED,NA,"[""Diabetes Mellitus"", ""Aging""]",2007-12-19,False,1,listed_not_verified,not_adjudicated,not_assigned
NCT00136695,INTERVENTIONAL,COMPLETED,PHASE2,"[""Hypogonadism""]",2022-09-13,True,1,listed_not_verified,not_adjudicated,not_assigned
NCT00146107,INTERVENTIONAL,COMPLETED,PHASE3,"[""Obesity""]",2013-04-23,False,1,listed_not_verified,not_adjudicated,not_assigned
NCT00146133,INTERVENTIONAL,COMPLETED,PHASE3,"[""Obesity"", ""Frailty"", ""Elderly""]",2006-05-03,False,1,listed_not_verified,not_adjudicated,not_assigned
NCT00148239,INTERVENTIONAL,COMPLETED,PHASE2|PHASE3,"[""Spinal Cord Injuries""]",2015-12-02,False,2,listed_not_verified,not_adjudicated,not_assigned
NCT00154453,INTERVENTIONAL,COMPLETED,PHASE1,"[""Aging""]",2005-09-12,False,0,not_listed_not_absent,not_adjudicated,not_assigned
NCT00155493,INTERVENTIONAL,UNKNOWN,PHASE1,"[""Aging""]",2005-09-12,False,0,not_listed_not_absent,not_adjudicated,not_assigned
NCT00158119,INTERVENTIONAL,COMPLETED,PHASE3,"[""Mobility Limitations"", ""Aging""]",2010-07-26,False,1,listed_not_verified,not_adjudicated,not_assigned
NCT00161304,INTERVENTIONAL,COMPLETED,PHASE2|PHASE3,"[""Men With Low Testosterone Levels""]",2021-04-28,False,1,listed_not_verified,not_adjudicated,not_assigned
NCT00173251,INTERVENTIONAL,UNKNOWN,PHASE1,"[""Aging""]",2005-09-15,False,0,not_listed_not_absent,not_adjudicated,not_assigned
NCT00176319,INTERVENTIONAL,COMPLETED,PHASE2,"[""Heart Failure"", ""Ageing""]",2009-07-15,False,1,listed_not_verified,not_adjudicated,not_assigned
NCT00177385,INTERVENTIONAL,COMPLETED,NA,"[""Sleep"", ""Health Promotion""]",2015-05-28,False,0,not_listed_not_absent,not_adjudicated,not_assigned
NCT00182845,INTERVENTIONAL,COMPLETED,PHASE4,"[""Postoperative Complications"", ""Delirium""]",2008-03-03,False,1,listed_not_verified,not_adjudicated,not_assigned
NCT00182871,INTERVENTIONAL,COMPLETED,PHASE4,"[""Aging"", ""Frailty"", ""Osteoporosis""]",2009-10-30,False,1,listed_not_verified,not_adjudicated,not_assigned
NCT00182884,INTERVENTIONAL,COMPLETED,PHASE4,"[""Postoperative Complications"", ""Delirium""]",2008-03-03,False,1,listed_not_verified,not_adjudicated,not_assigned
NCT00182936,INTERVENTIONAL,COMPLETED,PHASE3,"[""Delirium"", ""Aging""]",2006-11-20,False,1,listed_not_verified,not_adjudicated,not_assigned
NCT00182949,OBSERVATIONAL,COMPLETED,,"[""Heart Disease"", ""Physical Frailty"", ""Exaggerated Personality Traits""]",2018-04-05,False,1,listed_not_verified,not_adjudicated,not_assigned
NCT00182962,INTERVENTIONAL,COMPLETED,NA,"[""Functional Decline"", ""Aging""]",2006-11-20,False,1,listed_not_verified,not_adjudicated,not_assigned
NCT00182975,INTERVENTIONAL,COMPLETED,PHASE3,"[""Aging""]",2008-08-25,False,1,listed_not_verified,not_adjudicated,not_assigned
NCT00183014,INTERVENTIONAL,COMPLETED,NA,"[""Aging"", ""Sedentary Lifestyle""]",2012-05-18,False,1,listed_not_verified,not_adjudicated,not_assigned
NCT00183027,INTERVENTIONAL,COMPLETED,NA,"[""Obesity""]",2006-11-09,False,1,listed_not_verified,not_adjudicated,not_assigned
NCT00183040,INTERVENTIONAL,COMPLETED,PHASE2,"[""Sarcopenia"", ""Muscle Weakness"", ""Frailty""]",2009-06-02,False,2,listed_not_verified,not_adjudicated,not_assigned
NCT00183053,INTERVENTIONAL,COMPLETED,NA,"[""Aging""]",2009-11-02,False,1,listed_not_verified,not_adjudicated,not_assigned
NCT00183066,OBSERVATIONAL,COMPLETED,,"[""Aging""]",2012-08-06,False,1,listed_not_verified,not_adjudicated,not_assigned
NCT00185198,INTERVENTIONAL,COMPLETED,PHASE3,"[""Androgens (Deficiency)"", ""Male""]",2014-04-02,False,30,listed_not_verified,not_adjudicated,not_assigned
NCT00194805,INTERVENTIONAL,COMPLETED,NA,"[""Diabetes"", ""Aging""]",2007-11-14,False,1,listed_not_verified,not_adjudicated,not_assigned
NCT00204880,OBSERVATIONAL,COMPLETED,,"[""Breast Cancer"", ""Lung Cancer""]",2015-10-05,False,1,listed_not_verified,not_adjudicated,not_assigned
NCT00205595,INTERVENTIONAL,UNKNOWN,PHASE1,"[""Normal Aging""]",2008-07-08,False,1,listed_not_verified,not_adjudicated,not_assigned
NCT00205686,INTERVENTIONAL,COMPLETED,PHASE3,"[""Healthy Volunteers""]",2006-01-06,False,1,listed_not_verified,not_adjudicated,not_assigned
NCT00214682,INTERVENTIONAL,COMPLETED,PHASE2,"[""Depression"", ""Depressive Disorder""]",2011-09-13,False,1,listed_not_verified,not_adjudicated,not_assigned
NCT00220441,INTERVENTIONAL,COMPLETED,PHASE2,"[""Impaired Glucose Tolerance""]",2008-07-30,False,2,listed_not_verified,not_adjudicated,not_assigned
NCT00220454,INTERVENTIONAL,COMPLETED,PHASE2,"[""Aging""]",2007-02-27,False,0,not_listed_not_absent,not_adjudicated,not_assigned
NCT00220467,INTERVENTIONAL,COMPLETED,PHASE2,"[""Mild Cognitive Impairment""]",2008-07-30,False,2,listed_not_verified,not_adjudicated,not_assigned
NCT00228995,INTERVENTIONAL,TERMINATED,PHASE2,"[""Anemia"", ""Aged"", ""Hemoglobins""]",2011-06-10,False,0,not_listed_not_absent,not_adjudicated,not_assigned
NCT00233272,OBSERVATIONAL,RECRUITING,,"[""Aging""]",2026-09-01,False,1,listed_not_verified,not_adjudicated,not_assigned
NCT00233311,OBSERVATIONAL,COMPLETED,,"[""Heart Diseases"", ""Diabetes"", ""Obesity""]",2012-08-06,False,1,listed_not_verified,not_adjudicated,not_assigned
NCT00239694,INTERVENTIONAL,COMPLETED,PHASE4,"[""Aging""]",2015-08-04,False,1,listed_not_verified,not_adjudicated,not_assigned
NCT00240981,INTERVENTIONAL,TERMINATED,PHASE4,"[""Sarcopenia"", ""Hypogonadism"", ""Muscular Diseases""]",2017-02-23,True,2,listed_not_verified,not_adjudicated,not_assigned
NCT00241293,OBSERVATIONAL,COMPLETED,,"[""Aging"", ""Alzheimer's Disease""]",2005-10-18,False,1,listed_not_verified,not_adjudicated,not_assigned
NCT00241306,OBSERVATIONAL,UNKNOWN,,"[""Aging""]",2005-10-18,False,1,listed_not_verified,not_adjudicated,not_assigned
NCT00241761,OBSERVATIONAL,COMPLETED,,"[""Cardiovascular Diseases"", ""Heart Diseases"", ""Heart Failure"", ""Heart Failure, Congestive"", ""Depression"", ""Coronary Disease""]",2016-08-08,False,0,not_listed_not_absent,not_adjudicated,not_assigned
NCT00242255,OBSERVATIONAL,COMPLETED,,"[""Aging""]",2021-02-09,False,4,listed_not_verified,not_adjudicated,not_assigned
NCT00242684,OBSERVATIONAL,COMPLETED,,"[""Aging""]",2015-04-24,True,1,listed_not_verified,not_adjudicated,not_assigned
NCT00246493,OBSERVATIONAL,TERMINATED,,"[""Atherosclerosis"", ""Cardiovascular Disease"", ""Vascular Diseases""]",2019-12-09,False,2,listed_not_verified,not_adjudicated,not_assigned
NCT00247559,INTERVENTIONAL,COMPLETED,PHASE2,"[""Lateral Canthal Lines""]",2019-11-22,False,9,listed_not_verified,not_adjudicated,not_assigned
NCT00248781,INTERVENTIONAL,COMPLETED,PHASE3,"[""Functional Limitation""]",2014-01-10,True,1,listed_not_verified,not_adjudicated,not_assigned
NCT00248989,INTERVENTIONAL,COMPLETED,PHASE3,"[""Skin Aging"", ""Quality of Life""]",2017-04-07,False,1,listed_not_verified,not_adjudicated,not_assigned
NCT00251615,OBSERVATIONAL,COMPLETED,,"[""Atherosclerosis""]",2012-08-06,False,1,listed_not_verified,not_adjudicated,not_assigned
NCT00253760,INTERVENTIONAL,COMPLETED,NA,"[""Oxidative Stress"", ""Diabetes"", ""Heart Diseases""]",2010-03-18,False,1,listed_not_verified,not_adjudicated,not_assigned
NCT00254371,INTERVENTIONAL,COMPLETED,NA,"[""Aging"", ""Low DHEA for Women"", ""Low Testosterone and DHEA for Men""]",2011-05-23,False,1,listed_not_verified,not_adjudicated,not_assigned
NCT00257712,INTERVENTIONAL,COMPLETED,PHASE2,"[""Aging"", ""Mild Cognitive Impairment""]",2013-12-19,False,1,listed_not_verified,not_adjudicated,not_assigned
NCT00260442,INTERVENTIONAL,COMPLETED,NA,"[""Sarcopenia"", ""Cardiovascular Disease""]",2025-09-29,False,1,listed_not_verified,not_adjudicated,not_assigned
NCT00261768,INTERVENTIONAL,COMPLETED,NA,"[""Sensorineural Hearing Loss""]",2010-03-23,False,2,listed_not_verified,not_adjudicated,not_assigned
NCT00264407,OBSERVATIONAL,COMPLETED,,"[""Progesterone"", ""Estrogens"", ""Hearing"", ""Psychoacoustics"", ""Auditory Perceptual Disorders""]",2005-12-12,False,2,listed_not_verified,not_adjudicated,not_assigned
NCT00267124,OBSERVATIONAL,COMPLETED,,"[""Alzheimer's Disease""]",2017-04-06,False,1,listed_not_verified,not_adjudicated,not_assigned
NCT00267163,INTERVENTIONAL,COMPLETED,PHASE4,"[""Cognition Disorders""]",2008-08-29,False,1,listed_not_verified,not_adjudicated,not_assigned
NCT00272610,INTERVENTIONAL,COMPLETED,PHASE2,"[""Skin Aging"", ""Purpura""]",2015-06-24,False,1,listed_not_verified,not_adjudicated,not_assigned
NCT00277875,INTERVENTIONAL,COMPLETED,PHASE2,"[""Cardiovascular Disease""]",2009-08-27,False,1,listed_not_verified,not_adjudicated,not_assigned
NCT00279929,INTERVENTIONAL,COMPLETED,NA,"[""Aging"", ""Dehydroepiandosterone Replacement"", ""DHEA Replacement""]",2011-05-23,False,1,listed_not_verified,not_adjudicated,not_assigned
NCT00280020,INTERVENTIONAL,COMPLETED,NA,"[""Aging"", ""Insomnia""]",2012-07-11,False,1,listed_not_verified,not_adjudicated,not_assigned
NCT00280267,INTERVENTIONAL,COMPLETED,PHASE2,"[""Hip Fracture"", ""Testosterone Deficiency"", ""Muscle Weakness""]",2009-02-04,False,1,listed_not_verified,not_adjudicated,not_assigned
NCT00283010,INTERVENTIONAL,COMPLETED,NA,"[""Aging""]",2015-11-02,False,1,listed_not_verified,not_adjudicated,not_assigned
NCT00283673,INTERVENTIONAL,COMPLETED,NA,"[""Aging""]",2011-06-06,False,1,listed_not_verified,not_adjudicated,not_assigned
NCT00285935,INTERVENTIONAL,COMPLETED,NA,"[""Major Depressive Disorder""]",2025-09-23,False,1,listed_not_verified,not_adjudicated,not_assigned
NCT00298558,INTERVENTIONAL,COMPLETED,PHASE2|PHASE3,"[""Aging"", ""Healthy""]",2014-04-16,True,7,listed_not_verified,not_adjudicated,not_assigned
NCT00299624,OBSERVATIONAL,COMPLETED,,"[""Aging""]",2010-09-14,False,2,listed_not_verified,not_adjudicated,not_assigned
NCT00302939,OBSERVATIONAL,TERMINATED,,"[""Anemia""]",2019-08-26,False,1,listed_not_verified,not_adjudicated,not_assigned
NCT00303277,INTERVENTIONAL,COMPLETED,PHASE4,"[""Alzheimer's Disease"", ""Aging""]",2010-04-13,False,1,listed_not_verified,not_adjudicated,not_assigned
NCT00304213,INTERVENTIONAL,WITHDRAWN,PHASE4,"[""Hypogonadism""]",2015-02-13,False,1,listed_not_verified,not_adjudicated,not_assigned
NCT00309855,INTERVENTIONAL,COMPLETED,PHASE1,"[""Aging""]",2012-07-31,False,1,listed_not_verified,not_adjudicated,not_assigned
NCT00315575,OBSERVATIONAL,COMPLETED,,"[""Alzheimer's Disease""]",2009-01-26,False,1,listed_not_verified,not_adjudicated,not_assigned
NCT00316966,INTERVENTIONAL,COMPLETED,NA,"[""Aging""]",2010-08-10,False,1,listed_not_verified,not_adjudicated,not_assigned
NCT00318864,INTERVENTIONAL,COMPLETED,NA,"[""Depression"", ""Hypertension"", ""Hypercholesterolemia""]",2006-04-27,False,1,listed_not_verified,not_adjudicated,not_assigned
NCT00319397,OBSERVATIONAL,UNKNOWN,,"[""Cardiovascular Disease"", ""Aging""]",2009-12-14,False,1,listed_not_verified,not_adjudicated,not_assigned
NCT00328055,INTERVENTIONAL,COMPLETED,NA,"[""Aging""]",2011-04-25,False,1,listed_not_verified,not_adjudicated,not_assigned
NCT00333762,INTERVENTIONAL,COMPLETED,NA,"[""Blindness"", ""Spinal Cord Injury""]",2015-12-03,True,2,listed_not_verified,not_adjudicated,not_assigned
NCT00336232,INTERVENTIONAL,COMPLETED,NA,"[""Aging"", ""Osteoporosis""]",2023-11-29,True,1,listed_not_verified,not_adjudicated,not_assigned
NCT00337909,INTERVENTIONAL,COMPLETED,NA,"[""Aging""]",2015-11-02,False,1,listed_not_verified,not_adjudicated,not_assigned
NCT00337974,INTERVENTIONAL,COMPLETED,NA,"[""Aging""]",2015-11-02,False,1,listed_not_verified,not_adjudicated,not_assigned
NCT00352157,INTERVENTIONAL,COMPLETED,PHASE4,"[""Skin Aging"", ""Weight Loss""]",2009-07-21,False,1,listed_not_verified,not_adjudicated,not_assigned
NCT00355498,OBSERVATIONAL,COMPLETED,,"[""Memory Disorders"", ""Alzheimer's Disease""]",2020-05-06,False,1,listed_not_verified,not_adjudicated,not_assigned
NCT00355823,OBSERVATIONAL,COMPLETED,,"[""Wounds""]",2008-05-21,False,1,listed_not_verified,not_adjudicated,not_assigned
NCT00365794,INTERVENTIONAL,COMPLETED,PHASE2,"[""Aging"", ""Obesity"", ""Insulin Resistance"", ""Hypogonadism""]",2019-08-26,True,1,listed_not_verified,not_adjudicated,not_assigned
NCT00372047,OBSERVATIONAL,UNKNOWN,,"[""Skin Aging""]",2008-06-04,False,1,listed_not_verified,not_adjudicated,not_assigned
NCT00379093,INTERVENTIONAL,COMPLETED,PHASE2,"[""Alcohol Related Disorders"", ""Alcohol Drug Interactions""]",2009-07-13,False,1,listed_not_verified,not_adjudicated,not_assigned
NCT00380562,INTERVENTIONAL,COMPLETED,NA,"[""Aging"", ""Generativity""]",2013-09-19,False,1,listed_not_verified,not_adjudicated,not_assigned
NCT00383357,INTERVENTIONAL,COMPLETED,NA,"[""Aging"", ""Balance"", ""Sleep""]",2007-09-20,False,1,listed_not_verified,not_adjudicated,not_assigned
NCT00386022,INTERVENTIONAL,UNKNOWN,PHASE2|PHASE3,"[""Healthy""]",2017-04-13,True,1,listed_not_verified,not_adjudicated,not_assigned
NCT00387452,INTERVENTIONAL,COMPLETED,NA,"[""Cardiovascular"", ""Diabetic""]",2017-04-14,False,1,listed_not_verified,not_adjudicated,not_assigned
NCT00392795,OBSERVATIONAL,ACTIVE_NOT_RECRUITING,,"[""Delirium"", ""Cognition Disorders"", ""Dementia""]",2026-02-02,False,2,listed_not_verified,not_adjudicated,not_assigned
NCT00395837,INTERVENTIONAL,COMPLETED,NA,"[""Aging""]",2006-11-03,False,1,listed_not_verified,not_adjudicated,not_assigned
NCT00396305,INTERVENTIONAL,TERMINATED,PHASE4,"[""Influenza""]",2010-08-27,False,1,listed_not_verified,not_adjudicated,not_assigned
NCT00400062,OBSERVATIONAL,COMPLETED,,"[""Delirium"", ""Aging"", ""Dementia""]",2019-04-19,False,3,listed_not_verified,not_adjudicated,not_assigned
NCT00409279,INTERVENTIONAL,UNKNOWN,NA,"[""Alzheimer Disease""]",2008-03-03,False,1,listed_not_verified,not_adjudicated,not_assigned
NCT00421343,INTERVENTIONAL,COMPLETED,PHASE3,"[""Osteoporosis""]",2020-02-05,True,1,listed_not_verified,not_adjudicated,not_assigned
NCT00421681,INTERVENTIONAL,UNKNOWN,NA,"[""Osteoarthritis""]",2009-12-14,False,1,listed_not_verified,not_adjudicated,not_assigned
NCT00421759,INTERVENTIONAL,UNKNOWN,NA,"[""Aging"", ""Somatosensory Deficit""]",2009-12-14,False,1,listed_not_verified,not_adjudicated,not_assigned
NCT00422981,INTERVENTIONAL,COMPLETED,PHASE2,"[""Mild Cognitive Impairment, So Stated""]",2012-10-24,False,17,listed_not_verified,not_adjudicated,not_assigned
NCT00427193,INTERVENTIONAL,COMPLETED,NA,"[""Aging""]",2022-03-16,True,3,listed_not_verified,not_adjudicated,not_assigned
NCT00427323,INTERVENTIONAL,SUSPENDED,NA,"[""Sleep Initiation and Maintenance Disorders"", ""Circadian Rhythm Sleep Disorders"", ""Hypersomnia""]",2009-12-11,False,1,listed_not_verified,not_adjudicated,not_assigned
NCT00430976,INTERVENTIONAL,COMPLETED,PHASE3,"[""Cognition"", ""Aging""]",2009-12-11,False,1,listed_not_verified,not_adjudicated,not_assigned
NCT00434824,INTERVENTIONAL,COMPLETED,PHASE2,"[""Hypogonadism"", ""Androgens""]",2015-04-16,False,0,not_listed_not_absent,not_adjudicated,not_assigned
NCT00434863,INTERVENTIONAL,COMPLETED,PHASE4,"[""Aging""]",2007-02-13,False,1,listed_not_verified,not_adjudicated,not_assigned
NCT00434915,INTERVENTIONAL,COMPLETED,NA,"[""Aging""]",2011-03-23,False,1,listed_not_verified,not_adjudicated,not_assigned
NCT00435188,INTERVENTIONAL,COMPLETED,NA,"[""Aging"", ""Mobility Limitations""]",2015-01-09,True,1,listed_not_verified,not_adjudicated,not_assigned
NCT00438321,INTERVENTIONAL,TERMINATED,PHASE1,"[""Metabolic Syndrome""]",2017-04-18,False,1,listed_not_verified,not_adjudicated,not_assigned
NCT00438347,OBSERVATIONAL,COMPLETED,,"[""Aging"", ""Cognitive Ability, General""]",2016-11-08,False,2,listed_not_verified,not_adjudicated,not_assigned
NCT00438724,INTERVENTIONAL,UNKNOWN,NA,"[""Aging"", ""Alzheimer Disease"", ""Dementia""]",2007-09-20,False,1,listed_not_verified,not_adjudicated,not_assigned
NCT00447551,INTERVENTIONAL,COMPLETED,PHASE4,"[""Skin Aging""]",2019-11-19,False,1,listed_not_verified,not_adjudicated,not_assigned
NCT00455741,INTERVENTIONAL,COMPLETED,PHASE1|PHASE2,"[""Postmenopause"", ""Aging""]",2018-05-18,True,1,listed_not_verified,not_adjudicated,not_assigned
NCT00459589,INTERVENTIONAL,COMPLETED,NA,"[""Cancer"", ""Undernutrition"", ""Aging""]",2012-06-20,False,2,listed_not_verified,not_adjudicated,not_assigned
NCT00460993,INTERVENTIONAL,COMPLETED,PHASE4,"[""Poor Quality Sleep""]",2014-07-15,True,0,not_listed_not_absent,not_adjudicated,not_assigned
NCT00461695,INTERVENTIONAL,COMPLETED,PHASE4,"[""Immune Senescence""]",2013-08-27,False,1,listed_not_verified,not_adjudicated,not_assigned
NCT00462722,INTERVENTIONAL,COMPLETED,NA,"[""Aging"", ""Physical Fitness""]",2015-11-02,True,1,listed_not_verified,not_adjudicated,not_assigned
NCT00463255,INTERVENTIONAL,COMPLETED,PHASE3,"[""Healthy""]",2011-11-08,False,1,listed_not_verified,not_adjudicated,not_assigned
NCT00463411,OBSERVATIONAL,UNKNOWN,,"[""Osteoporosis""]",2007-04-20,False,1,listed_not_verified,not_adjudicated,not_assigned
NCT00463658,INTERVENTIONAL,COMPLETED,PHASE1,"[""Injuries""]",2008-05-07,False,1,listed_not_verified,not_adjudicated,not_assigned
NCT00465153,INTERVENTIONAL,COMPLETED,PHASE3,"[""Inflammation"", ""Sarcopenia""]",2007-11-05,False,1,listed_not_verified,not_adjudicated,not_assigned
NCT00472823,INTERVENTIONAL,COMPLETED,NA,"[""Osteoporosis"", ""Aging""]",2016-03-14,False,1,listed_not_verified,not_adjudicated,not_assigned
NCT00474279,INTERVENTIONAL,COMPLETED,PHASE1|PHASE2,"[""Aging""]",2007-05-16,False,1,listed_not_verified,not_adjudicated,not_assigned
NCT00476593,INTERVENTIONAL,COMPLETED,NA,"[""Uveitis"", ""Iritis"", ""Iridocyclitis"", ""Anterior Uveitis"", ""Macular Edema""]",2017-05-01,True,2,listed_not_verified,not_adjudicated,not_assigned
NCT00478439,INTERVENTIONAL,TERMINATED,PHASE4,"[""Aging"", ""Age-Related Macular Degeneration""]",2010-10-27,False,1,listed_not_verified,not_adjudicated,not_assigned
NCT00492479,INTERVENTIONAL,TERMINATED,PHASE4,"[""Skin Aging""]",2007-12-24,False,1,listed_not_verified,not_adjudicated,not_assigned
NCT00501800,OBSERVATIONAL,COMPLETED,,"[""Infertility""]",2026-09-15,False,1,listed_not_verified,not_adjudicated,not_assigned
NCT00506428,INTERVENTIONAL,UNKNOWN,NA,"[""Aging"", ""Sleep Deprivation"", ""Metabolic Syndrome""]",2009-04-29,False,1,listed_not_verified,not_adjudicated,not_assigned
NCT00506662,INTERVENTIONAL,TERMINATED,PHASE4,"[""Diabetes"", ""Diabetes Mellitus, Type 2""]",2023-08-14,True,2,listed_not_verified,not_adjudicated,not_assigned
NCT00512447,OBSERVATIONAL,COMPLETED,,"[""Cerebral Arterial Disease""]",2010-09-14,False,1,listed_not_verified,not_adjudicated,not_assigned
NCT00520910,INTERVENTIONAL,COMPLETED,PHASE2,"[""Aging"", ""Skin Abnormalities""]",2019-06-18,True,1,listed_not_verified,not_adjudicated,not_assigned
NCT00526942,INTERVENTIONAL,UNKNOWN,PHASE1|PHASE2,"[""Healthy""]",2007-09-11,False,1,listed_not_verified,not_adjudicated,not_assigned
NCT00527046,INTERVENTIONAL,TERMINATED,PHASE2,"[""Aging"", ""Frail Older Adults""]",2012-02-02,False,12,listed_not_verified,not_adjudicated,not_assigned
NCT00533065,INTERVENTIONAL,COMPLETED,NA,"[""Elderly""]",2009-08-07,False,1,listed_not_verified,not_adjudicated,not_assigned
NCT00541931,INTERVENTIONAL,COMPLETED,NA,"[""Skin Diseases""]",2017-11-20,True,1,listed_not_verified,not_adjudicated,not_assigned
NCT00548990,INTERVENTIONAL,COMPLETED,NA,"[""Immune Response""]",2009-01-27,False,1,listed_not_verified,not_adjudicated,not_assigned
NCT00554112,INTERVENTIONAL,TERMINATED,NA,"[""Aging"", ""Glucose Intolerance""]",2011-08-11,False,0,not_listed_not_absent,not_adjudicated,not_assigned
NCT00557388,INTERVENTIONAL,COMPLETED,NA,"[""Sarcopenia""]",2011-09-14,False,1,listed_not_verified,not_adjudicated,not_assigned
NCT00559780,INTERVENTIONAL,COMPLETED,NA,"[""Rehabilitation Strategies for Elderly Post-Operative Patients""]",2007-11-16,False,1,listed_not_verified,not_adjudicated,not_assigned
NCT00559806,INTERVENTIONAL,COMPLETED,NA,"[""Healthy""]",2007-11-16,False,1,listed_not_verified,not_adjudicated,not_assigned
NCT00560924,INTERVENTIONAL,TERMINATED,PHASE3,"[""Menopause"", ""Urinary Infections""]",2017-02-28,False,1,listed_not_verified,not_adjudicated,not_assigned
NCT00561145,INTERVENTIONAL,COMPLETED,NA,"[""Anorexia of Ageing""]",2016-03-11,True,1,listed_not_verified,not_adjudicated,not_assigned
NCT00570427,INTERVENTIONAL,COMPLETED,NA,"[""Depression""]",2009-02-25,False,1,listed_not_verified,not_adjudicated,not_assigned
NCT00574574,INTERVENTIONAL,COMPLETED,NA,"[""Cardiovascular Disease"", ""Skin Health"", ""Postmenopause""]",2009-07-14,False,1,listed_not_verified,not_adjudicated,not_assigned
NCT00579618,OBSERVATIONAL,COMPLETED,,"[""Non-cancer Affected Volunteers""]",2017-07-31,False,1,listed_not_verified,not_adjudicated,not_assigned
NCT00579774,INTERVENTIONAL,COMPLETED,NA,"[""Aging""]",2014-04-09,False,1,listed_not_verified,not_adjudicated,not_assigned
NCT00594399,INTERVENTIONAL,COMPLETED,PHASE2|PHASE3,"[""Impaired Glucose Tolerance"", ""Obesity"", ""Diabetes""]",2015-04-27,True,1,listed_not_verified,not_adjudicated,not_assigned
NCT00599508,INTERVENTIONAL,COMPLETED,NA,"[""Cognitive Aging""]",2016-10-10,False,1,listed_not_verified,not_adjudicated,not_assigned
NCT00601445,INTERVENTIONAL,COMPLETED,NA,"[""Healthy"", ""Aging""]",2008-05-30,False,1,listed_not_verified,not_adjudicated,not_assigned
NCT00603720,INTERVENTIONAL,COMPLETED,NA,"[""Cardiovascular Diseases""]",2018-09-12,True,1,listed_not_verified,not_adjudicated,not_assigned
NCT00605072,INTERVENTIONAL,COMPLETED,PHASE2,"[""Cognitive Impairment"", ""Hypertension"", ""Aging""]",2013-02-15,True,2,listed_not_verified,not_adjudicated,not_assigned
NCT00608062,INTERVENTIONAL,COMPLETED,NA,"[""Arterial Stiffening"", ""Aging"", ""Menopause""]",2020-12-24,True,1,listed_not_verified,not_adjudicated,not_assigned
NCT00618670,INTERVENTIONAL,COMPLETED,NA,"[""Intermittent Claudication""]",2018-04-02,False,1,listed_not_verified,not_adjudicated,not_assigned
NCT00623532,INTERVENTIONAL,COMPLETED,NA,"[""Aging"", ""Frailty""]",2009-05-19,False,1,listed_not_verified,not_adjudicated,not_assigned
NCT00626379,OBSERVATIONAL,COMPLETED,,"[""Coronary Disease"", ""Cardiovascular Diseases""]",2023-05-03,False,1,listed_not_verified,not_adjudicated,not_assigned
NCT00627653,INTERVENTIONAL,UNKNOWN,NA,"[""Cardiovascular Diseases""]",2009-02-19,False,1,listed_not_verified,not_adjudicated,not_assigned
NCT00629317,INTERVENTIONAL,COMPLETED,PHASE3,"[""Skin Aging""]",2009-03-16,False,1,listed_not_verified,not_adjudicated,not_assigned
NCT00631332,OBSERVATIONAL,COMPLETED,,"[""Healthy""]",2017-11-06,False,1,listed_not_verified,not_adjudicated,not_assigned
NCT00643266,INTERVENTIONAL,COMPLETED,NA,"[""Amnestic Mild Cognitive Impairment"", ""Aging""]",2018-11-16,False,1,listed_not_verified,not_adjudicated,not_assigned
NCT00644826,INTERVENTIONAL,COMPLETED,NA,"[""Aging""]",2010-06-03,False,2,listed_not_verified,not_adjudicated,not_assigned
NCT00650754,INTERVENTIONAL,TERMINATED,PHASE2|PHASE3,"[""Primary Ovarian Insufficiency"", ""Unexplained Infertility""]",2015-09-30,False,1,listed_not_verified,not_adjudicated,not_assigned
NCT00655577,INTERVENTIONAL,COMPLETED,NA,"[""Bone Mineral Density"", ""Strength"", ""Balance"", ""Osteoporosis"", ""Fractures""]",2008-04-10,False,1,listed_not_verified,not_adjudicated,not_assigned
NCT00666055,OBSERVATIONAL,COMPLETED,,"[""HIV Infections""]",2012-09-20,False,1,listed_not_verified,not_adjudicated,not_assigned
NCT00667030,INTERVENTIONAL,COMPLETED,NA,"[""Inflammation"", ""Aging"", ""Metabolism"", ""Exercise""]",2026-02-20,False,1,listed_not_verified,not_adjudicated,not_assigned
NCT00675766,OBSERVATIONAL,COMPLETED,,"[""HIV Infections""]",2015-05-04,True,1,listed_not_verified,not_adjudicated,not_assigned
NCT00676767,INTERVENTIONAL,COMPLETED,NA,"[""Hyperglycemia""]",2008-05-23,False,1,listed_not_verified,not_adjudicated,not_assigned
NCT00680797,INTERVENTIONAL,COMPLETED,NA,"[""Aging"", ""Insulin Resistance""]",2017-06-15,True,1,listed_not_verified,not_adjudicated,not_assigned
NCT00687102,INTERVENTIONAL,COMPLETED,PHASE3,"[""Cognition"", ""Aging""]",2018-09-12,True,134,listed_not_verified,not_adjudicated,not_assigned
NCT00688350,INTERVENTIONAL,COMPLETED,NA,"[""Hypertension""]",2016-10-04,False,1,listed_not_verified,not_adjudicated,not_assigned
NCT00690183,OBSERVATIONAL,COMPLETED,,"[""Aging""]",2023-09-28,False,1,listed_not_verified,not_adjudicated,not_assigned
NCT00690534,INTERVENTIONAL,COMPLETED,PHASE1,"[""Sarcopenia""]",2016-12-12,False,1,listed_not_verified,not_adjudicated,not_assigned
NCT00701051,INTERVENTIONAL,COMPLETED,NA,"[""Type 2 Diabetes Mellitus"", ""Impaired Glucose Tolerance (Prediabetes)""]",2015-04-06,True,1,listed_not_verified,not_adjudicated,not_assigned
NCT00710957,OBSERVATIONAL,COMPLETED,,"[""Vitamin D"", ""Physical Function""]",2018-07-06,False,0,not_listed_not_absent,not_adjudicated,not_assigned
NCT00712075,INTERVENTIONAL,TERMINATED,NA,"[""Schizophrenia"", ""Aging""]",2015-06-01,True,1,listed_not_verified,not_adjudicated,not_assigned
NCT00725166,OBSERVATIONAL,COMPLETED,,"[""Elderly"", ""Sarcopenia""]",2009-06-11,False,1,listed_not_verified,not_adjudicated,not_assigned
NCT00726947,INTERVENTIONAL,COMPLETED,EARLY_PHASE1,"[""Thrombosis""]",2016-05-24,False,1,listed_not_verified,not_adjudicated,not_assigned
NCT00732199,INTERVENTIONAL,COMPLETED,NA,"[""Sleep Apnea"", ""Age""]",2017-06-28,True,1,listed_not_verified,not_adjudicated,not_assigned
NCT00742417,INTERVENTIONAL,COMPLETED,PHASE2,"[""Alzheimer's Disease""]",2016-06-14,True,4,listed_not_verified,not_adjudicated,not_assigned
NCT00744094,INTERVENTIONAL,COMPLETED,PHASE1|PHASE2,"[""Sarcopenia"", ""Atrophy"", ""Aging""]",2015-09-23,False,1,listed_not_verified,not_adjudicated,not_assigned
NCT00759304,OBSERVATIONAL,ACTIVE_NOT_RECRUITING,,"[""Healthy""]",2025-04-29,False,1,listed_not_verified,not_adjudicated,not_assigned
NCT00761553,INTERVENTIONAL,COMPLETED,NA,"[""Exercise""]",2013-01-17,False,1,listed_not_verified,not_adjudicated,not_assigned
NCT00761878,INTERVENTIONAL,COMPLETED,NA,"[""Skin Aging""]",2009-07-07,False,1,listed_not_verified,not_adjudicated,not_assigned
NCT00765739,INTERVENTIONAL,COMPLETED,PHASE2,"[""Muscle Fiber Atrophy, Type II""]",2013-01-24,False,1,listed_not_verified,not_adjudicated,not_assigned
NCT00766376,INTERVENTIONAL,UNKNOWN,NA,"[""Skin Aging""]",2010-01-29,True,5,listed_not_verified,not_adjudicated,not_assigned
NCT00766584,OBSERVATIONAL,ACTIVE_NOT_RECRUITING,,"[""Healthy""]",2025-03-18,False,1,listed_not_verified,not_adjudicated,not_assigned
NCT00767156,INTERVENTIONAL,UNKNOWN,NA,"[""Skin Aging""]",2008-10-06,False,1,listed_not_verified,not_adjudicated,not_assigned
NCT00777010,INTERVENTIONAL,COMPLETED,NA,"[""Mild Cognitive Impairment""]",2017-03-24,False,1,listed_not_verified,not_adjudicated,not_assigned
NCT00779207,INTERVENTIONAL,COMPLETED,PHASE3,"[""Obesity""]",2008-10-24,False,1,listed_not_verified,not_adjudicated,not_assigned
NCT00781729,INTERVENTIONAL,COMPLETED,PHASE2,"[""Kyphosis""]",2008-10-29,False,1,listed_not_verified,not_adjudicated,not_assigned
NCT00804518,INTERVENTIONAL,COMPLETED,NA,"[""Diastolic Dysfunction""]",2016-07-18,False,1,listed_not_verified,not_adjudicated,not_assigned
NCT00804804,INTERVENTIONAL,COMPLETED,NA,"[""BIOLOGICAL CLOCKS""]",2026-06-01,False,3,listed_not_verified,not_adjudicated,not_assigned
NCT00807365,INTERVENTIONAL,TERMINATED,PHASE2,"[""Elderly""]",2017-04-27,True,2,listed_not_verified,not_adjudicated,not_assigned
NCT00807508,INTERVENTIONAL,COMPLETED,PHASE1|PHASE2,"[""Sarcopenia"", ""Atrophy"", ""Aging""]",2008-12-12,False,1,listed_not_verified,not_adjudicated,not_assigned
NCT00817193,INTERVENTIONAL,COMPLETED,NA,"[""Disability""]",2025-02-11,False,10,listed_not_verified,not_adjudicated,not_assigned
NCT00817700,INTERVENTIONAL,COMPLETED,NA,"[""Sleep Restriction""]",2017-01-11,False,1,listed_not_verified,not_adjudicated,not_assigned
NCT00818246,INTERVENTIONAL,COMPLETED,PHASE2|PHASE3,"[""Skin Aging"", ""Photoaging of Skin""]",2009-11-16,True,1,listed_not_verified,not_adjudicated,not_assigned
NCT00818311,INTERVENTIONAL,COMPLETED,NA,"[""Radiation Tolerance"", ""Skin Aging"", ""Rhytids""]",2009-01-07,False,1,listed_not_verified,not_adjudicated,not_assigned
NCT00818545,INTERVENTIONAL,COMPLETED,NA,"[""Aging""]",2009-01-07,False,1,listed_not_verified,not_adjudicated,not_assigned
NCT00823381,INTERVENTIONAL,COMPLETED,NA,"[""Obesity"", ""Metabolic Syndrome"", ""Diabetes"", ""Aging""]",2013-12-10,False,1,listed_not_verified,not_adjudicated,not_assigned
NCT00823589,INTERVENTIONAL,COMPLETED,NA,"[""Aging""]",2014-02-25,False,1,listed_not_verified,not_adjudicated,not_assigned
NCT00824330,INTERVENTIONAL,COMPLETED,NA,"[""Cardiovascular"", ""Diabetes"", ""Orthostatic Hypotension"", ""Type 2 Diabetes""]",2017-04-14,False,2,listed_not_verified,not_adjudicated,not_assigned
NCT00843232,OBSERVATIONAL,COMPLETED,,"[""Diabetes Mellitus, Type 2"", ""Insulin Resistance""]",2011-02-04,False,1,listed_not_verified,not_adjudicated,not_assigned
NCT00843479,OBSERVATIONAL,COMPLETED,,"[""Diabetes Mellitus, Type 2"", ""Insulin Resistance""]",2013-04-22,True,1,listed_not_verified,not_adjudicated,not_assigned
NCT00845377,INTERVENTIONAL,UNKNOWN,PHASE2,"[""Depression"", ""Psychological Well-Being""]",2009-02-18,False,1,listed_not_verified,not_adjudicated,not_assigned
NCT00846729,OBSERVATIONAL,COMPLETED,,"[""Kidney Diseases""]",2018-04-30,False,1,listed_not_verified,not_adjudicated,not_assigned
NCT00847743,INTERVENTIONAL,COMPLETED,NA,"[""Oxidative Stress"", ""Antioxidant Capacity"", ""Inflammation""]",2009-02-19,False,1,listed_not_verified,not_adjudicated,not_assigned
NCT00849758,OBSERVATIONAL,COMPLETED,,"[""Breast Cancer"", ""Elderly""]",2014-12-09,False,2,listed_not_verified,not_adjudicated,not_assigned
NCT00854893,INTERVENTIONAL,COMPLETED,NA,"[""Stroke"", ""Aphasia"", ""Aging""]",2024-12-11,False,1,listed_not_verified,not_adjudicated,not_assigned
NCT00856414,INTERVENTIONAL,COMPLETED,PHASE4,"[""Skin Aging""]",2019-01-29,True,2,listed_not_verified,not_adjudicated,not_assigned
NCT00857974,INTERVENTIONAL,COMPLETED,NA,"[""Renal Transplant Candidate""]",2018-08-15,False,1,listed_not_verified,not_adjudicated,not_assigned
NCT00862615,INTERVENTIONAL,UNKNOWN,NA,"[""Age-related Degenerated Disease""]",2010-09-29,False,1,listed_not_verified,not_adjudicated,not_assigned
NCT00872911,INTERVENTIONAL,COMPLETED,PHASE1,"[""Sarcopenia""]",2016-12-12,False,1,listed_not_verified,not_adjudicated,not_assigned
NCT00880451,OBSERVATIONAL,COMPLETED,,"[""Alzheimer's Disease""]",2021-03-16,False,1,listed_not_verified,not_adjudicated,not_assigned
NCT00884936,OBSERVATIONAL,COMPLETED,,"[""Hyperpigmentation"", ""Skin Aging""]",2015-03-31,False,1,listed_not_verified,not_adjudicated,not_assigned
NCT00891488,OBSERVATIONAL,COMPLETED,,"[""Oxidative Stress"", ""Aging""]",2010-08-03,False,1,listed_not_verified,not_adjudicated,not_assigned
NCT00891514,INTERVENTIONAL,COMPLETED,NA,"[""Stroke"", ""Insulin Resistance"", ""Sedentary Lifestyle""]",2018-10-11,False,1,listed_not_verified,not_adjudicated,not_assigned
NCT00891696,INTERVENTIONAL,COMPLETED,PHASE1,"[""Sarcopenia""]",2017-05-04,False,1,listed_not_verified,not_adjudicated,not_assigned
NCT00906711,OBSERVATIONAL,COMPLETED,,"[""Aging""]",2009-05-21,False,0,not_listed_not_absent,not_adjudicated,not_assigned
NCT00907010,OBSERVATIONAL,COMPLETED,,"[""Sarcopenia""]",2009-05-21,False,0,not_listed_not_absent,not_adjudicated,not_assigned
NCT00911872,INTERVENTIONAL,COMPLETED,NA,"[""Aging""]",2009-06-02,False,1,listed_not_verified,not_adjudicated,not_assigned
NCT00918684,INTERVENTIONAL,COMPLETED,PHASE4,"[""Depression""]",2017-05-12,True,0,not_listed_not_absent,not_adjudicated,not_assigned
NCT00925158,INTERVENTIONAL,UNKNOWN,NA,"[""Aging"", ""Premature Aging""]",2012-07-24,False,1,listed_not_verified,not_adjudicated,not_assigned
NCT00926666,INTERVENTIONAL,UNKNOWN,PHASE4,"[""Femoral Neck Fractures""]",2009-08-04,False,1,listed_not_verified,not_adjudicated,not_assigned
NCT00929071,INTERVENTIONAL,COMPLETED,NA,"[""Aging"", ""Pain""]",2014-08-07,True,1,listed_not_verified,not_adjudicated,not_assigned
NCT00929929,INTERVENTIONAL,COMPLETED,NA,"[""Ageing""]",2014-10-09,False,1,listed_not_verified,not_adjudicated,not_assigned
NCT00932581,OBSERVATIONAL,COMPLETED,,"[""Parkinson's Disease""]",2023-04-07,False,0,not_listed_not_absent,not_adjudicated,not_assigned
NCT00935493,INTERVENTIONAL,COMPLETED,NA,"[""Cognitive Aging""]",2014-08-13,True,1,listed_not_verified,not_adjudicated,not_assigned
NCT00935610,INTERVENTIONAL,COMPLETED,PHASE2,"[""Aging"", ""Sarcopenia""]",2021-02-09,False,1,listed_not_verified,not_adjudicated,not_assigned
NCT00935935,OBSERVATIONAL,COMPLETED,,"[""Osteopenia"", ""Osteoporosis"", ""HIV Infection"", ""Aging"", ""HIV Infections""]",2012-08-03,False,1,listed_not_verified,not_adjudicated,not_assigned
NCT00940407,INTERVENTIONAL,COMPLETED,PHASE2,"[""Nonexudative Age-related Macular Degeneration""]",2011-11-18,False,2,listed_not_verified,not_adjudicated,not_assigned
NCT00944788,INTERVENTIONAL,COMPLETED,NA,"[""Quality of Life"", ""Behavioral Symptoms"", ""Patient Compliance""]",2013-06-13,False,1,listed_not_verified,not_adjudicated,not_assigned
NCT00945256,INTERVENTIONAL,COMPLETED,PHASE1,"[""Aging""]",2016-02-03,True,0,not_listed_not_absent,not_adjudicated,not_assigned
NCT00945685,INTERVENTIONAL,COMPLETED,NA,"[""Skin Aging"", ""Skin Wrinkling""]",2009-07-24,False,1,listed_not_verified,not_adjudicated,not_assigned
NCT00947232,INTERVENTIONAL,COMPLETED,NA,"[""Multiple Sclerosis"", ""Spinal Cord Injury""]",2017-05-05,False,1,listed_not_verified,not_adjudicated,not_assigned
NCT00948857,INTERVENTIONAL,TERMINATED,PHASE2|PHASE3,"[""Premature Ovarian Failure""]",2012-09-10,True,1,listed_not_verified,not_adjudicated,not_assigned
NCT00950430,INTERVENTIONAL,ENROLLING_BY_INVITATION,PHASE4,"[""Alzheimer's Disease"", ""Dementia With Lewy Bodies"", ""Frontotemporal Dementia"", ""Vascular Dementia""]",2026-06-23,False,1,listed_not_verified,not_adjudicated,not_assigned
NCT00951392,INTERVENTIONAL,COMPLETED,NA,"[""Insulin Sensitivity"", ""Aging""]",2019-05-28,False,1,listed_not_verified,not_adjudicated,not_assigned
NCT00956020,INTERVENTIONAL,COMPLETED,PHASE1|PHASE2,"[""Aging""]",2015-12-16,True,1,listed_not_verified,not_adjudicated,not_assigned
NCT00957528,INTERVENTIONAL,COMPLETED,PHASE1,"[""Hypogonadism""]",2012-09-10,True,1,listed_not_verified,not_adjudicated,not_assigned
NCT00957801,INTERVENTIONAL,COMPLETED,PHASE4,"[""Sarcopenia""]",2018-05-08,True,1,listed_not_verified,not_adjudicated,not_assigned
NCT00959712,INTERVENTIONAL,COMPLETED,NA,"[""Aging""]",2023-06-29,False,0,not_listed_not_absent,not_adjudicated,not_assigned
NCT00966199,INTERVENTIONAL,UNKNOWN,PHASE4,"[""Hypertension""]",2009-08-26,False,1,listed_not_verified,not_adjudicated,not_assigned
NCT00970736,OBSERVATIONAL,COMPLETED,,"[""Swallowing""]",2015-04-08,True,1,listed_not_verified,not_adjudicated,not_assigned
NCT00974480,INTERVENTIONAL,COMPLETED,NA,"[""Skin Aging""]",2011-09-20,True,1,listed_not_verified,not_adjudicated,not_assigned
NCT00975104,INTERVENTIONAL,WITHDRAWN,PHASE2,"[""Age-associated Muscle Loss""]",2018-10-04,False,0,not_listed_not_absent,not_adjudicated,not_assigned
NCT00977418,INTERVENTIONAL,COMPLETED,NA,"[""Hearing Impaired""]",2016-07-11,False,1,listed_not_verified,not_adjudicated,not_assigned
NCT00978042,INTERVENTIONAL,COMPLETED,NA,"[""Mid-facial Volume Deficit Related to Aging""]",2015-11-03,True,2,listed_not_verified,not_adjudicated,not_assigned
NCT00979069,INTERVENTIONAL,COMPLETED,NA,"[""Aging""]",2014-11-26,True,2,listed_not_verified,not_adjudicated,not_assigned
NCT00981734,INTERVENTIONAL,COMPLETED,NA,"[""Aging""]",2009-09-22,False,1,listed_not_verified,not_adjudicated,not_assigned
NCT00985413,OBSERVATIONAL,TERMINATED,,"[""Cockayne Syndrome""]",2011-06-23,False,4,listed_not_verified,not_adjudicated,not_assigned
NCT00986570,INTERVENTIONAL,COMPLETED,PHASE3,"[""Skin Aging""]",2015-12-11,True,1,listed_not_verified,not_adjudicated,not_assigned
NCT00986739,OBSERVATIONAL,COMPLETED,,"[""Ageing""]",2017-09-12,False,2,listed_not_verified,not_adjudicated,not_assigned
NCT00988299,INTERVENTIONAL,COMPLETED,NA,"[""Aging""]",2011-12-06,False,1,listed_not_verified,not_adjudicated,not_assigned
NCT00988611,OBSERVATIONAL,COMPLETED,,"[""Reproductive Aging""]",2017-03-20,False,1,listed_not_verified,not_adjudicated,not_assigned
NCT00990431,INTERVENTIONAL,COMPLETED,PHASE4,"[""Peri-orbital Rhytides""]",2009-10-14,False,1,listed_not_verified,not_adjudicated,not_assigned
NCT00994474,INTERVENTIONAL,COMPLETED,PHASE4,"[""Skin Aging""]",2009-10-14,False,1,listed_not_verified,not_adjudicated,not_assigned
NCT00995631,INTERVENTIONAL,COMPLETED,NA,"[""Menopause"", ""Pre-menopause""]",2017-01-11,False,1,listed_not_verified,not_adjudicated,not_assigned
NCT00996229,INTERVENTIONAL,UNKNOWN,PHASE3,"[""Healthy""]",2013-04-19,False,1,listed_not_verified,not_adjudicated,not_assigned
NCT01001156,INTERVENTIONAL,COMPLETED,PHASE2|PHASE3,"[""In Brazil, Which Has an Increasing Number of Elderly People."", ""The Physiological Alterations of Aging Are Systemic.""]",2009-10-23,False,1,listed_not_verified,not_adjudicated,not_assigned
NCT01004107,INTERVENTIONAL,COMPLETED,NA,"[""Aging Hands""]",2018-07-13,True,4,listed_not_verified,not_adjudicated,not_assigned
NCT01014572,INTERVENTIONAL,COMPLETED,PHASE2,"[""Ventricular Function""]",2020-08-07,False,1,listed_not_verified,not_adjudicated,not_assigned
NCT01016210,INTERVENTIONAL,COMPLETED,PHASE4,"[""Pregnancy Result Rape""]",2014-01-17,False,1,listed_not_verified,not_adjudicated,not_assigned
NCT01023906,OBSERVATIONAL,COMPLETED,,"[""Cardiovascular Disease"", ""Diabetes"", ""Obesity"", ""Metabolic Syndrome"", ""Aging""]",2014-05-23,False,1,listed_not_verified,not_adjudicated,not_assigned
NCT01028430,OBSERVATIONAL,COMPLETED,,"[""Chronic Lymphocytic Leukemia""]",2024-03-27,False,1,listed_not_verified,not_adjudicated,not_assigned
NCT01029301,INTERVENTIONAL,COMPLETED,NA,"[""Skin Aging"", ""Skin Wrinkling""]",2009-12-09,False,0,not_listed_not_absent,not_adjudicated,not_assigned
NCT01030380,INTERVENTIONAL,COMPLETED,PHASE3,"[""Facial Muscle Toning""]",2009-12-11,False,1,listed_not_verified,not_adjudicated,not_assigned
NCT01030419,INTERVENTIONAL,COMPLETED,NA,"[""Aging""]",2017-02-23,False,1,listed_not_verified,not_adjudicated,not_assigned
NCT01030874,INTERVENTIONAL,COMPLETED,NA,"[""Orthostatic Hypotension"", ""Falls""]",2021-07-01,True,1,listed_not_verified,not_adjudicated,not_assigned
NCT01031394,INTERVENTIONAL,COMPLETED,NA,"[""Aging""]",2015-10-27,False,1,listed_not_verified,not_adjudicated,not_assigned
NCT01032733,INTERVENTIONAL,COMPLETED,PHASE2,"[""Obesity"", ""Sarcopenia""]",2012-06-14,True,1,listed_not_verified,not_adjudicated,not_assigned
NCT01038700,OBSERVATIONAL,COMPLETED,,"[""Healthy""]",2015-10-01,False,1,listed_not_verified,not_adjudicated,not_assigned
NCT01038726,INTERVENTIONAL,COMPLETED,NA,"[""Aging"", ""Alzheimer's Disease""]",2013-09-18,False,1,listed_not_verified,not_adjudicated,not_assigned
NCT01038999,OBSERVATIONAL,COMPLETED,,"[""HIV Infection"", ""Aging Accelerated"", ""Antiretroviral Therapies""]",2012-12-27,False,1,listed_not_verified,not_adjudicated,not_assigned
NCT01040442,INTERVENTIONAL,COMPLETED,NA,"[""Deficit Elderly Women With Body Balance""]",2009-12-29,False,0,not_listed_not_absent,not_adjudicated,not_assigned
NCT01044758,INTERVENTIONAL,COMPLETED,PHASE2,"[""Mild Cognitive Impairment (MCI)""]",2017-08-21,True,1,listed_not_verified,not_adjudicated,not_assigned
NCT01045031,OBSERVATIONAL,UNKNOWN,,"[""Cognitive Decline""]",2018-06-26,True,0,not_listed_not_absent,not_adjudicated,not_assigned
NCT01045512,INTERVENTIONAL,TERMINATED,PHASE2,"[""Aging"", ""Inflammation""]",2015-01-28,False,1,listed_not_verified,not_adjudicated,not_assigned
NCT01048606,INTERVENTIONAL,COMPLETED,PHASE4,"[""Overweight""]",2014-02-12,True,1,listed_not_verified,not_adjudicated,not_assigned
NCT01057082,INTERVENTIONAL,COMPLETED,NA,"[""Sarcopenia""]",2012-03-19,False,1,listed_not_verified,not_adjudicated,not_assigned
NCT01057680,INTERVENTIONAL,COMPLETED,PHASE3,"[""Osteoporosis"", ""Sarcopenia""]",2012-12-27,False,2,listed_not_verified,not_adjudicated,not_assigned
NCT01059994,INTERVENTIONAL,COMPLETED,NA,"[""Fatigue"", ""Aging""]",2019-02-11,True,1,listed_not_verified,not_adjudicated,not_assigned
NCT01066377,INTERVENTIONAL,UNKNOWN,NA,"[""Influenza""]",2011-07-13,False,1,listed_not_verified,not_adjudicated,not_assigned
NCT01067248,OBSERVATIONAL,COMPLETED,,"[""Pulmonary Disease, Chronic Obstructive"", ""Osteoporosis""]",2015-07-29,False,0,not_listed_not_absent,not_adjudicated,not_assigned
NCT01072500,INTERVENTIONAL,COMPLETED,PHASE3,"[""Sedentary Lifestyle"", ""Risk of Disability"", ""Aging""]",2018-05-07,True,8,listed_not_verified,not_adjudicated,not_assigned
NCT01083901,INTERVENTIONAL,COMPLETED,NA,"[""Sarcopenia"", ""Osteoporosis"", ""Aging""]",2013-06-24,True,1,listed_not_verified,not_adjudicated,not_assigned
NCT01094509,INTERVENTIONAL,COMPLETED,NA,"[""Aging""]",2014-11-20,False,1,listed_not_verified,not_adjudicated,not_assigned
NCT01110213,INTERVENTIONAL,COMPLETED,NA,"[""Physical Activity"", ""Diet""]",2010-04-26,False,1,listed_not_verified,not_adjudicated,not_assigned
NCT01110863,OBSERVATIONAL,COMPLETED,,"[""Chronic Lymphocytic Leukemia""]",2021-03-03,False,1,listed_not_verified,not_adjudicated,not_assigned
NCT01120860,OBSERVATIONAL,COMPLETED,,"[""Age-related Cognitive Decline""]",2017-02-28,False,1,listed_not_verified,not_adjudicated,not_assigned
NCT01123278,INTERVENTIONAL,COMPLETED,PHASE4,"[""Hypogonadism"", ""Metabolic Syndrome"", ""Obesity"", ""Erectile Dysfunction""]",2014-10-28,False,2,listed_not_verified,not_adjudicated,not_assigned
NCT01123421,OBSERVATIONAL,COMPLETED,,"[""Osteoporosis"", ""Fracture"", ""Aging""]",2012-10-15,False,1,listed_not_verified,not_adjudicated,not_assigned
NCT01126229,INTERVENTIONAL,COMPLETED,PHASE1,"[""Memory""]",2013-12-11,False,1,listed_not_verified,not_adjudicated,not_assigned
NCT01138345,OBSERVATIONAL,COMPLETED,,"[""Breast Cancer""]",2014-02-27,False,1,listed_not_verified,not_adjudicated,not_assigned
NCT01142154,INTERVENTIONAL,COMPLETED,PHASE1|PHASE2,"[""Cockayne Syndrome""]",2011-06-23,False,1,listed_not_verified,not_adjudicated,not_assigned
NCT01144767,INTERVENTIONAL,COMPLETED,NA,"[""Communication"", ""Health Behavior"", ""Sedentary Lifestyle""]",2015-12-09,False,1,listed_not_verified,not_adjudicated,not_assigned
NCT01145131,INTERVENTIONAL,COMPLETED,NA,"[""Aging""]",2011-09-14,False,1,listed_not_verified,not_adjudicated,not_assigned
NCT01150188,INTERVENTIONAL,COMPLETED,NA,"[""Hypertriglyceridemia""]",2016-10-27,False,1,listed_not_verified,not_adjudicated,not_assigned
NCT01163279,INTERVENTIONAL,COMPLETED,NA,"[""Aging""]",2017-12-18,True,1,listed_not_verified,not_adjudicated,not_assigned
NCT01164020,INTERVENTIONAL,COMPLETED,NA,"[""Cognition"", ""Aging""]",2013-01-18,False,1,listed_not_verified,not_adjudicated,not_assigned
NCT01165463,INTERVENTIONAL,COMPLETED,NA,"[""Visual Processing Speed""]",2019-06-21,False,1,listed_not_verified,not_adjudicated,not_assigned
NCT01169831,INTERVENTIONAL,COMPLETED,NA,"[""Aging"", ""Exercise"", ""Cardiovascular Disease""]",2024-08-22,False,1,listed_not_verified,not_adjudicated,not_assigned
NCT01177189,INTERVENTIONAL,TERMINATED,NA,"[""Aging""]",2019-02-21,True,0,not_listed_not_absent,not_adjudicated,not_assigned
NCT01179178,OBSERVATIONAL,COMPLETED,,"[""Pulmonary Disease, Chronic Obstructive""]",2010-08-11,False,1,listed_not_verified,not_adjudicated,not_assigned
NCT01180075,OBSERVATIONAL,COMPLETED,,"[""Human Immunodeficiency Virus""]",2014-12-02,False,1,listed_not_verified,not_adjudicated,not_assigned
NCT01181180,INTERVENTIONAL,COMPLETED,NA,"[""Aging"", ""Dehydration""]",2024-04-19,False,1,listed_not_verified,not_adjudicated,not_assigned
NCT01186042,OBSERVATIONAL,COMPLETED,,"[""HIV"", ""Aging""]",2023-09-06,False,1,listed_not_verified,not_adjudicated,not_assigned
NCT01198600,INTERVENTIONAL,COMPLETED,NA,"[""Refractive Error""]",2012-08-29,True,1,listed_not_verified,not_adjudicated,not_assigned
NCT01204021,INTERVENTIONAL,COMPLETED,NA,"[""Stress""]",2016-11-18,False,0,not_listed_not_absent,not_adjudicated,not_assigned
NCT01209884,OBSERVATIONAL,COMPLETED,,"[""Healthy""]",2014-01-09,False,1,listed_not_verified,not_adjudicated,not_assigned
NCT01211496,INTERVENTIONAL,COMPLETED,NA,"[""Aging""]",2016-10-04,False,0,not_listed_not_absent,not_adjudicated,not_assigned
NCT01212809,INTERVENTIONAL,COMPLETED,PHASE4,"[""Intrinsic Aging of Skin""]",2011-09-12,False,1,listed_not_verified,not_adjudicated,not_assigned
NCT01212978,INTERVENTIONAL,COMPLETED,NA,"[""Aging"", ""Cardiology"", ""Nitric Oxide""]",2019-02-28,False,1,listed_not_verified,not_adjudicated,not_assigned
NCT01213316,OBSERVATIONAL,COMPLETED,,"[""HIV-1 Infection""]",2016-05-23,True,0,not_listed_not_absent,not_adjudicated,not_assigned
NCT01216917,OBSERVATIONAL,COMPLETED,,"[""Ageing Process"", ""Muscle Quality""]",2012-10-04,False,1,listed_not_verified,not_adjudicated,not_assigned
NCT01224574,OBSERVATIONAL,COMPLETED,,"[""Atrial Fibrillation""]",2010-10-20,False,1,listed_not_verified,not_adjudicated,not_assigned
NCT01224886,INTERVENTIONAL,RECRUITING,NA,"[""Obesity"", ""Physical Inactivity"", ""Aging""]",2024-12-05,False,2,listed_not_verified,not_adjudicated,not_assigned
NCT01225965,INTERVENTIONAL,COMPLETED,NA,"[""COPD"", ""Particulate Matter Induced Inflammation of the Lung""]",2026-01-29,False,1,listed_not_verified,not_adjudicated,not_assigned
NCT01226212,INTERVENTIONAL,COMPLETED,NA,"[""Aging""]",2013-05-03,False,1,listed_not_verified,not_adjudicated,not_assigned
NCT01230879,INTERVENTIONAL,TERMINATED,NA,"[""Aging""]",2021-11-30,False,1,listed_not_verified,not_adjudicated,not_assigned
NCT01233063,INTERVENTIONAL,COMPLETED,NA,"[""Cardiovascular Disease"", ""Diabetes"", ""Obesity"", ""Aging""]",2014-08-29,False,1,listed_not_verified,not_adjudicated,not_assigned
NCT01234506,INTERVENTIONAL,COMPLETED,PHASE2,"[""Oxidative Stress"", ""Inflammation"", ""Aging"", ""Dementia"", ""Pain""]",2018-10-25,False,1,listed_not_verified,not_adjudicated,not_assigned
NCT01235312,OBSERVATIONAL,COMPLETED,,"[""Cutaneous Microcirculation in Vascular Diseases""]",2011-06-22,False,1,listed_not_verified,not_adjudicated,not_assigned
NCT01236664,INTERVENTIONAL,WITHDRAWN,NA,"[""Cognition - Other"", ""Ageing""]",2011-10-12,False,1,listed_not_verified,not_adjudicated,not_assigned
NCT01237626,OBSERVATIONAL,UNKNOWN,,"[""Aging and Health and Impact on Driving""]",2017-04-05,False,7,listed_not_verified,not_adjudicated,not_assigned
NCT01237977,INTERVENTIONAL,COMPLETED,PHASE3,"[""Skin Aging""]",2019-03-28,False,6,listed_not_verified,not_adjudicated,not_assigned
NCT01239277,INTERVENTIONAL,COMPLETED,NA,"[""Aging""]",2011-09-14,False,1,listed_not_verified,not_adjudicated,not_assigned
NCT01243840,OBSERVATIONAL,UNKNOWN,,"[""Healthy""]",2012-01-25,False,1,listed_not_verified,not_adjudicated,not_assigned
NCT01243879,INTERVENTIONAL,COMPLETED,NA,"[""Calorie Restriction"", ""Aging""]",2020-02-21,False,0,not_listed_not_absent,not_adjudicated,not_assigned
NCT01246531,OBSERVATIONAL,COMPLETED,,"[""Urolithiasis and Aging"", ""Renal Calcul and Metabolic Diseases"", ""Urolithiasis and Osteoporosis""]",2010-11-23,False,1,listed_not_verified,not_adjudicated,not_assigned
NCT01250509,INTERVENTIONAL,COMPLETED,PHASE2,"[""Obesity""]",2013-02-18,True,1,listed_not_verified,not_adjudicated,not_assigned
NCT01253031,OBSERVATIONAL,COMPLETED,,"[""Aging"", ""Hearing Loss""]",2015-12-23,False,1,listed_not_verified,not_adjudicated,not_assigned
NCT01256840,OBSERVATIONAL,COMPLETED,,"[""Aging""]",2017-10-13,True,1,listed_not_verified,not_adjudicated,not_assigned
NCT01268046,INTERVENTIONAL,COMPLETED,PHASE1|PHASE2,"[""Memory Loss"", ""Cognitive Changes"", ""Postmenopausal Symptoms""]",2018-08-22,True,1,listed_not_verified,not_adjudicated,not_assigned
NCT01268254,OBSERVATIONAL,UNKNOWN,,"[""Coronary Disease""]",2010-12-29,False,1,listed_not_verified,not_adjudicated,not_assigned
NCT01270269,INTERVENTIONAL,COMPLETED,NA,"[""Brain Injuries"", ""Dementia"", ""Myopathies"", ""Muscle Disorders""]",2017-03-03,False,1,listed_not_verified,not_adjudicated,not_assigned
NCT01273311,OBSERVATIONAL,COMPLETED,,"[""Brain Aging"", ""Obesity"", ""Diabetes""]",2018-04-05,False,1,listed_not_verified,not_adjudicated,not_assigned
NCT01277809,INTERVENTIONAL,COMPLETED,NA,"[""Accidental Falls"", ""Muscle Weakness"", ""Gait, Unsteady"", ""Depression"", ""Behavior""]",2018-10-23,False,1,listed_not_verified,not_adjudicated,not_assigned
NCT01286623,OBSERVATIONAL,COMPLETED,,"[""HIV Infection""]",2017-06-27,False,1,listed_not_verified,not_adjudicated,not_assigned
NCT01289925,INTERVENTIONAL,TERMINATED,NA,"[""Inflammation""]",2018-04-09,False,1,listed_not_verified,not_adjudicated,not_assigned
NCT01294137,INTERVENTIONAL,COMPLETED,NA,"[""Ageing"", ""Sleep Apnea""]",2013-05-09,False,1,listed_not_verified,not_adjudicated,not_assigned
NCT01297114,OBSERVATIONAL,COMPLETED,,"[""Alzheimer's Disease""]",2017-11-01,False,1,listed_not_verified,not_adjudicated,not_assigned
NCT01298817,INTERVENTIONAL,COMPLETED,NA,"[""Abdominal Obesity""]",2018-08-15,False,1,listed_not_verified,not_adjudicated,not_assigned
NCT01305187,INTERVENTIONAL,COMPLETED,PHASE4,"[""Physiological Stress"", ""Disorder of Aging"", ""Skin Diseases"", ""Wrinkles"", ""Nasolabial Folds""]",2011-06-20,False,1,listed_not_verified,not_adjudicated,not_assigned
NCT01307865,INTERVENTIONAL,COMPLETED,PHASE4,"[""Problem of Aging""]",2013-10-16,False,1,listed_not_verified,not_adjudicated,not_assigned
NCT01309659,INTERVENTIONAL,TERMINATED,PHASE2,"[""Anemia"", ""Unexplained Anemia (UAE)""]",2016-02-05,True,5,listed_not_verified,not_adjudicated,not_assigned
NCT01322568,OBSERVATIONAL,COMPLETED,,"[""Atherosclerosis"", ""Osteoporosis"", ""Obesity"", ""Glucose Abnormalities"", ""Alzheimer's Disease"", ""Vascular Dimentia""]",2019-11-12,False,1,listed_not_verified,not_adjudicated,not_assigned
NCT01322672,OBSERVATIONAL,COMPLETED,,"[""Postoperative Cognitive Dysfunction"", ""Delirium"", ""Dementia"", ""Neurotoxicity""]",2019-02-05,False,1,listed_not_verified,not_adjudicated,not_assigned
NCT01323322,OBSERVATIONAL,ACTIVE_NOT_RECRUITING,,"[""Diabetes"", ""Cerebrovascular Disease"", ""Age-Associated Decline"", ""Cardiovascular Disease""]",2026-09-28,False,1,listed_not_verified,not_adjudicated,not_assigned
NCT01324024,INTERVENTIONAL,COMPLETED,PHASE4,"[""Symptomatic Menopause"", ""Cognitive Impairments""]",2017-06-28,True,1,listed_not_verified,not_adjudicated,not_assigned
NCT01327196,OBSERVATIONAL,COMPLETED,,"[""Cognitive Impairment"", ""Cardiovascular Risk Factor""]",2020-02-24,False,1,listed_not_verified,not_adjudicated,not_assigned
NCT01328340,INTERVENTIONAL,COMPLETED,NA,"[""Knee Osteoarthritis""]",2016-10-04,False,1,listed_not_verified,not_adjudicated,not_assigned
NCT01329653,INTERVENTIONAL,COMPLETED,NA,"[""Cognitive Deterioration"", ""Disorder of Aging""]",2020-03-26,False,1,listed_not_verified,not_adjudicated,not_assigned
NCT01331512,OBSERVATIONAL,COMPLETED,,"[""Aging"", ""Decrease in Ambulation""]",2018-04-05,False,1,listed_not_verified,not_adjudicated,not_assigned
NCT01333644,OBSERVATIONAL,COMPLETED,,"[""HIV Infection"", ""Cardiovascular Disease"", ""Inflammation""]",2015-06-02,False,1,listed_not_verified,not_adjudicated,not_assigned
NCT01340365,INTERVENTIONAL,COMPLETED,PHASE2,"[""Healthy Aging""]",2013-11-28,False,1,listed_not_verified,not_adjudicated,not_assigned
NCT01345110,OBSERVATIONAL,COMPLETED,,"[""Dementia"", ""Alzheimer Disease"", ""Vascular Dementia""]",2015-12-11,False,1,listed_not_verified,not_adjudicated,not_assigned
NCT01350505,INTERVENTIONAL,COMPLETED,NA,"[""Falls"", ""Balance"", ""Insomnia"", ""Aging""]",2019-02-15,True,1,listed_not_verified,not_adjudicated,not_assigned
NCT01355861,INTERVENTIONAL,WITHDRAWN,NA,"[""Sarcopenia""]",2015-06-26,False,1,listed_not_verified,not_adjudicated,not_assigned
NCT01361633,INTERVENTIONAL,COMPLETED,PHASE2,"[""Treatment"", ""Placebo""]",2021-02-18,True,1,listed_not_verified,not_adjudicated,not_assigned
NCT01363141,INTERVENTIONAL,COMPLETED,NA,"[""Metabolic Syndrome""]",2015-05-08,False,1,listed_not_verified,not_adjudicated,not_assigned
NCT01365104,INTERVENTIONAL,COMPLETED,EARLY_PHASE1,"[""Stroke"", ""Problem of Aging""]",2015-01-28,False,1,listed_not_verified,not_adjudicated,not_assigned
NCT01369797,INTERVENTIONAL,COMPLETED,NA,"[""the Elderly of 75 Years and Older Living at Home""]",2016-02-24,False,1,listed_not_verified,not_adjudicated,not_assigned
NCT01370174,INTERVENTIONAL,COMPLETED,NA,"[""Accidental Falls""]",2021-10-05,True,2,listed_not_verified,not_adjudicated,not_assigned
NCT01375790,INTERVENTIONAL,COMPLETED,PHASE3,"[""Aging""]",2012-08-29,False,10,listed_not_verified,not_adjudicated,not_assigned
NCT01376011,INTERVENTIONAL,COMPLETED,EARLY_PHASE1,"[""Stroke"", ""Problem of Aging""]",2015-01-28,False,1,listed_not_verified,not_adjudicated,not_assigned
NCT01379001,INTERVENTIONAL,COMPLETED,NA,"[""Cholinergic Function""]",2013-01-04,False,0,not_listed_not_absent,not_adjudicated,not_assigned
NCT01379365,INTERVENTIONAL,COMPLETED,PHASE2|PHASE3,"[""Facial Wrinkles"", ""Skin Aging""]",2015-03-24,False,1,listed_not_verified,not_adjudicated,not_assigned
NCT01384526,OBSERVATIONAL,COMPLETED,,"[""Breast Cancer"", ""Fertility""]",2015-03-09,False,1,listed_not_verified,not_adjudicated,not_assigned
NCT01384591,INTERVENTIONAL,COMPLETED,PHASE1|PHASE2,"[""Aging""]",2018-05-08,True,1,listed_not_verified,not_adjudicated,not_assigned
NCT01386060,INTERVENTIONAL,COMPLETED,NA,"[""Aging""]",2018-12-19,False,1,listed_not_verified,not_adjudicated,not_assigned
NCT01389141,OBSERVATIONAL,COMPLETED,,"[""Aging""]",2018-11-01,False,1,listed_not_verified,not_adjudicated,not_assigned
NCT01395277,INTERVENTIONAL,COMPLETED,NA,"[""Aging""]",2015-08-10,True,1,listed_not_verified,not_adjudicated,not_assigned
NCT01397682,OBSERVATIONAL,UNKNOWN,,"[""Aging"", ""Inpatients""]",2023-10-23,False,4,listed_not_verified,not_adjudicated,not_assigned
NCT01401348,OBSERVATIONAL,COMPLETED,,"[""Acquired Immunodeficiency Syndrome""]",2021-03-17,False,1,listed_not_verified,not_adjudicated,not_assigned
NCT01403597,INTERVENTIONAL,COMPLETED,NA,"[""Laser Therapy"", ""Rejuvenation""]",2014-12-02,False,0,not_listed_not_absent,not_adjudicated,not_assigned
NCT01405716,INTERVENTIONAL,COMPLETED,NA,"[""Low Back Pain""]",2017-10-03,False,1,listed_not_verified,not_adjudicated,not_assigned
NCT01407926,OBSERVATIONAL,COMPLETED,,"[""Depressive Symptoms""]",2019-06-07,True,1,listed_not_verified,not_adjudicated,not_assigned
NCT01408654,INTERVENTIONAL,COMPLETED,PHASE2,"[""Suicidal Ideation"", ""Depression""]",2016-04-22,False,1,listed_not_verified,not_adjudicated,not_assigned
NCT01410799,INTERVENTIONAL,TERMINATED,PHASE2,"[""Hormone Deficiency"", ""Aging""]",2019-05-24,True,1,listed_not_verified,not_adjudicated,not_assigned
NCT01417364,INTERVENTIONAL,WITHDRAWN,PHASE4,"[""Sarcopenia""]",2015-10-02,False,1,listed_not_verified,not_adjudicated,not_assigned
NCT01417663,INTERVENTIONAL,COMPLETED,PHASE2|PHASE3,"[""Cardiovascular Disease"", ""Aging"", ""Endothelial Dysfunction"", ""Physical Activity""]",2013-09-09,False,1,listed_not_verified,not_adjudicated,not_assigned
NCT01418469,INTERVENTIONAL,COMPLETED,NA,"[""Chronic Obstructive Pulmonary Disease""]",2011-08-17,False,1,listed_not_verified,not_adjudicated,not_assigned
NCT01422863,INTERVENTIONAL,COMPLETED,NA,"[""Obstructive Sleep Apnea""]",2017-08-18,False,1,listed_not_verified,not_adjudicated,not_assigned
NCT01431677,INTERVENTIONAL,TERMINATED,NA,"[""Sarcopenia"", ""Frailty"", ""Aging""]",2019-12-17,False,1,listed_not_verified,not_adjudicated,not_assigned
NCT01437696,INTERVENTIONAL,COMPLETED,PHASE4,"[""Vitamin D Deficiency""]",2014-09-05,False,1,listed_not_verified,not_adjudicated,not_assigned
NCT01439451,INTERVENTIONAL,COMPLETED,NA,"[""Accidental Falls""]",2015-08-06,False,2,listed_not_verified,not_adjudicated,not_assigned
NCT01447342,INTERVENTIONAL,COMPLETED,PHASE2|PHASE3,"[""Facial Wrinkles"", ""Skin Aging""]",2015-03-24,False,3,listed_not_verified,not_adjudicated,not_assigned
NCT01451476,OBSERVATIONAL,COMPLETED,,"[""Ageing""]",2024-02-09,False,1,listed_not_verified,not_adjudicated,not_assigned
NCT01452854,OBSERVATIONAL,TERMINATED,,"[""Low Grade Glioma""]",2022-07-08,True,1,listed_not_verified,not_adjudicated,not_assigned
NCT01453127,INTERVENTIONAL,ENROLLING_BY_INVITATION,PHASE4,"[""Dementia"", ""Parkinsonism"", ""Mild Cognitive Impairment"", ""REM Sleep Behavior Disorder""]",2026-03-10,False,1,listed_not_verified,not_adjudicated,not_assigned
NCT01459536,OBSERVATIONAL,COMPLETED,,"[""Rotator Cuff Tear""]",2017-11-07,False,1,listed_not_verified,not_adjudicated,not_assigned
NCT01463657,INTERVENTIONAL,COMPLETED,PHASE1|PHASE2,"[""Aging""]",2013-01-24,False,2,listed_not_verified,not_adjudicated,not_assigned
NCT01466413,INTERVENTIONAL,COMPLETED,PHASE1,"[""Intrinsic Aging of Skin""]",2012-10-15,False,1,listed_not_verified,not_adjudicated,not_assigned
NCT01466582,OBSERVATIONAL,ACTIVE_NOT_RECRUITING,,"[""HIV-1-infection"", ""Comorbidity"", ""Ageing""]",2024-07-31,False,2,listed_not_verified,not_adjudicated,not_assigned
NCT01472744,INTERVENTIONAL,COMPLETED,NA,"[""Aging""]",2017-02-23,False,1,listed_not_verified,not_adjudicated,not_assigned
NCT01474616,INTERVENTIONAL,COMPLETED,NA,"[""Mobility Limitation""]",2017-01-26,False,4,listed_not_verified,not_adjudicated,not_assigned
NCT01475396,INTERVENTIONAL,UNKNOWN,PHASE3,"[""Aerobic Exercise"", ""Anaerobic Exercise"", ""Unchanged Condition""]",2012-06-19,False,1,listed_not_verified,not_adjudicated,not_assigned
NCT01475448,INTERVENTIONAL,COMPLETED,NA,"[""Physical Activity"", ""Aging""]",2015-05-05,False,1,listed_not_verified,not_adjudicated,not_assigned
NCT01477164,INTERVENTIONAL,COMPLETED,NA,"[""Sarcopenia""]",2017-08-08,False,1,listed_not_verified,not_adjudicated,not_assigned
NCT01480037,OBSERVATIONAL,COMPLETED,,"[""Aging; Without Mention of Psychosis""]",2015-01-14,False,1,listed_not_verified,not_adjudicated,not_assigned
NCT01481246,OBSERVATIONAL,UNKNOWN,,"[""Aging"", ""Memory Impairment"", ""Cognitive Decline"", ""Mild Cognitive Disorder""]",2023-08-22,False,1,listed_not_verified,not_adjudicated,not_assigned
NCT01484821,INTERVENTIONAL,COMPLETED,NA,"[""Sarcopenia""]",2026-06-02,False,2,listed_not_verified,not_adjudicated,not_assigned
NCT01486303,INTERVENTIONAL,UNKNOWN,NA,"[""Skin Aging"", ""Skin Wrinklings""]",2011-12-07,False,1,listed_not_verified,not_adjudicated,not_assigned
NCT01489930,INTERVENTIONAL,COMPLETED,NA,"[""Sarcopenia""]",2011-12-12,False,1,listed_not_verified,not_adjudicated,not_assigned
NCT01490554,INTERVENTIONAL,UNKNOWN,NA,"[""Skin Aging""]",2012-07-24,False,0,not_listed_not_absent,not_adjudicated,not_assigned
NCT01504828,INTERVENTIONAL,COMPLETED,NA,"[""Left Ventricular Function Systolic Dysfunction"", ""Left Ventricular Function Diastolic Dysfunction"", ""Ageing""]",2017-03-30,False,1,listed_not_verified,not_adjudicated,not_assigned
NCT01505621,OBSERVATIONAL,COMPLETED,,"[""Aging""]",2014-04-10,False,1,listed_not_verified,not_adjudicated,not_assigned
NCT01506726,INTERVENTIONAL,TERMINATED,PHASE2,"[""Anemia""]",2016-10-18,True,12,listed_not_verified,not_adjudicated,not_assigned
NCT01508091,INTERVENTIONAL,UNKNOWN,NA,"[""Obesity""]",2012-10-23,False,1,listed_not_verified,not_adjudicated,not_assigned
NCT01517113,OBSERVATIONAL,TERMINATED,,"[""Hypertension"", ""Atherosclerosis""]",2018-04-05,False,2,listed_not_verified,not_adjudicated,not_assigned
NCT01525472,OBSERVATIONAL,COMPLETED,,"[""Morbid Obesity""]",2026-08-21,False,1,listed_not_verified,not_adjudicated,not_assigned
NCT01529203,INTERVENTIONAL,COMPLETED,PHASE3,"[""Aging""]",2021-02-18,True,5,listed_not_verified,not_adjudicated,not_assigned
NCT01529788,INTERVENTIONAL,COMPLETED,PHASE4,"[""Intrinsic Aging of Skin"", ""Solar Elastosis""]",2014-09-30,False,1,listed_not_verified,not_adjudicated,not_assigned
NCT01532596,INTERVENTIONAL,COMPLETED,EARLY_PHASE1,"[""Aging""]",2012-02-14,False,1,listed_not_verified,not_adjudicated,not_assigned
NCT01532739,INTERVENTIONAL,UNKNOWN,NA,"[""Mild Cognitive Impairment""]",2024-08-21,False,1,listed_not_verified,not_adjudicated,not_assigned
NCT01536808,INTERVENTIONAL,COMPLETED,NA,"[""Type 2 Diabetes Mellitus""]",2025-09-03,False,1,listed_not_verified,not_adjudicated,not_assigned
NCT01546441,INTERVENTIONAL,UNKNOWN,NA,"[""Aging""]",2012-03-07,False,0,not_listed_not_absent,not_adjudicated,not_assigned
NCT01547988,INTERVENTIONAL,COMPLETED,NA,"[""Accidental Falls""]",2026-07-21,False,1,listed_not_verified,not_adjudicated,not_assigned
NCT01550536,INTERVENTIONAL,COMPLETED,NA,"[""Postmenopausal Metabolic Health""]",2023-11-29,False,3,listed_not_verified,not_adjudicated,not_assigned
NCT01550731,INTERVENTIONAL,COMPLETED,NA,"[""Aging""]",2019-07-18,True,1,listed_not_verified,not_adjudicated,not_assigned
NCT01557738,INTERVENTIONAL,COMPLETED,NA,"[""Aging""]",2014-06-25,False,1,listed_not_verified,not_adjudicated,not_assigned
NCT01558401,INTERVENTIONAL,COMPLETED,NA,"[""Aging""]",2012-03-20,False,1,listed_not_verified,not_adjudicated,not_assigned
NCT01562392,INTERVENTIONAL,COMPLETED,NA,"[""Metabolic Syndrome"", ""Inflammation"", ""Aging"", ""Fermentation""]",2014-02-27,False,1,listed_not_verified,not_adjudicated,not_assigned
NCT01567176,INTERVENTIONAL,COMPLETED,NA,"[""Aging""]",2019-05-28,False,2,listed_not_verified,not_adjudicated,not_assigned
NCT01572025,INTERVENTIONAL,COMPLETED,PHASE3,"[""Infertility"", ""Ovarian Aging"", ""Diminished Ovarian Reserve (DOR)"", ""Predicted Poor-responders""]",2015-12-09,False,1,listed_not_verified,not_adjudicated,not_assigned
NCT01574794,INTERVENTIONAL,COMPLETED,NA,"[""Aging"", ""Physical Activity""]",2014-12-03,False,1,listed_not_verified,not_adjudicated,not_assigned
NCT01575288,INTERVENTIONAL,COMPLETED,NA,"[""Vascular Aging""]",2015-12-11,False,1,listed_not_verified,not_adjudicated,not_assigned
NCT01583478,INTERVENTIONAL,UNKNOWN,PHASE4,"[""Skin Aging"", ""Elastosis Senilis""]",2014-09-30,False,1,listed_not_verified,not_adjudicated,not_assigned
NCT01588808,INTERVENTIONAL,COMPLETED,NA,"[""Disuse Atrophy"", ""Aging""]",2013-07-10,False,1,listed_not_verified,not_adjudicated,not_assigned
NCT01590706,OBSERVATIONAL,COMPLETED,,"[""Aging"", ""Mild Cognitive Impairment"", ""Angina Pectoris""]",2014-04-02,False,1,listed_not_verified,not_adjudicated,not_assigned
NCT01594086,INTERVENTIONAL,COMPLETED,NA,"[""Cognitive Impairment""]",2013-07-16,False,1,listed_not_verified,not_adjudicated,not_assigned
NCT01594346,INTERVENTIONAL,COMPLETED,PHASE3,"[""Alzheimer's Disease"", ""Down Syndrome""]",2012-05-09,False,0,not_listed_not_absent,not_adjudicated,not_assigned
NCT01598272,INTERVENTIONAL,COMPLETED,PHASE4,"[""Anti Aging""]",2014-12-11,False,1,listed_not_verified,not_adjudicated,not_assigned
NCT01609764,INTERVENTIONAL,COMPLETED,NA,"[""Aging"", ""Movement Efficiency"", ""Sleep""]",2016-03-16,False,1,listed_not_verified,not_adjudicated,not_assigned
NCT01611103,INTERVENTIONAL,COMPLETED,NA,"[""Aging""]",2015-09-01,False,1,listed_not_verified,not_adjudicated,not_assigned
NCT01615276,INTERVENTIONAL,COMPLETED,NA,"[""Sarcopenia""]",2013-05-31,False,1,listed_not_verified,not_adjudicated,not_assigned
NCT01616433,INTERVENTIONAL,COMPLETED,PHASE2,"[""Arthritis"", ""Diabetes"", ""Hypertension"", ""Preventive Behaviors""]",2014-12-18,False,1,listed_not_verified,not_adjudicated,not_assigned
NCT01633814,INTERVENTIONAL,TERMINATED,NA,"[""Menopause"", ""Aging"", ""Blood Pressure""]",2017-08-10,True,1,listed_not_verified,not_adjudicated,not_assigned
NCT01634841,INTERVENTIONAL,COMPLETED,NA,"[""Age Related Cognitive Decline"", ""Age Related Macular Degeneration""]",2021-06-24,False,2,listed_not_verified,not_adjudicated,not_assigned
NCT01636635,INTERVENTIONAL,COMPLETED,NA,"[""Obesity"", ""Aging""]",2015-11-16,False,1,listed_not_verified,not_adjudicated,not_assigned
NCT01638884,INTERVENTIONAL,UNKNOWN,NA,"[""Alzheimer Disease""]",2014-04-09,False,3,listed_not_verified,not_adjudicated,not_assigned
NCT01641263,INTERVENTIONAL,COMPLETED,NA,"[""Depression""]",2020-09-30,False,1,listed_not_verified,not_adjudicated,not_assigned
NCT01642719,INTERVENTIONAL,COMPLETED,PHASE1,"[""Sleep Disturbance"", ""Aging""]",2019-07-18,False,4,listed_not_verified,not_adjudicated,not_assigned
NCT01644279,OBSERVATIONAL,COMPLETED,,"[""Sarcopenia""]",2016-11-03,False,1,listed_not_verified,not_adjudicated,not_assigned
NCT01649960,INTERVENTIONAL,COMPLETED,PHASE1,"[""Aging"", ""CAD""]",2016-12-07,False,1,listed_not_verified,not_adjudicated,not_assigned
NCT01650532,INTERVENTIONAL,COMPLETED,NA,"[""Aging""]",2017-02-23,False,1,listed_not_verified,not_adjudicated,not_assigned
NCT01653353,INTERVENTIONAL,COMPLETED,NA,"[""Aging"", ""Vitamin Deficiency""]",2013-10-07,False,1,listed_not_verified,not_adjudicated,not_assigned
NCT01665716,OBSERVATIONAL,COMPLETED,,"[""Type 1 Diabetes Mellitus""]",2014-04-11,False,1,listed_not_verified,not_adjudicated,not_assigned
NCT01666340,INTERVENTIONAL,ACTIVE_NOT_RECRUITING,NA,"[""Ageing""]",2025-09-15,False,1,listed_not_verified,not_adjudicated,not_assigned
NCT01669590,OBSERVATIONAL,COMPLETED,,"[""Healthy""]",2016-11-16,False,1,listed_not_verified,not_adjudicated,not_assigned
NCT01672177,INTERVENTIONAL,COMPLETED,NA,"[""Health Services, Geriatric""]",2015-04-16,False,12,listed_not_verified,not_adjudicated,not_assigned
NCT01673958,INTERVENTIONAL,COMPLETED,NA,"[""Aging"", ""Heart Failure"", ""Sarcopenia""]",2012-08-28,False,1,listed_not_verified,not_adjudicated,not_assigned
NCT01681719,INTERVENTIONAL,COMPLETED,NA,"[""Aging""]",2012-09-10,False,1,listed_not_verified,not_adjudicated,not_assigned
NCT01682330,OBSERVATIONAL,COMPLETED,,"[""Training"", ""Ageing"", ""Muscle Strength"", ""Functionality""]",2012-09-10,False,0,not_listed_not_absent,not_adjudicated,not_assigned
NCT01686516,OBSERVATIONAL,COMPLETED,,"[""Brain Aging""]",2026-07-22,False,1,listed_not_verified,not_adjudicated,not_assigned
NCT01687153,OBSERVATIONAL,COMPLETED,,"[""Traumatic Brain Injury"", ""Post Traumatic Stress Disorder"", ""Alzheimer's Disease"", ""Mild Cognitive Impairment""]",2021-11-29,False,19,listed_not_verified,not_adjudicated,not_assigned
NCT01688323,OBSERVATIONAL,COMPLETED,,"[""Head and Neck Cancer""]",2017-09-12,False,1,listed_not_verified,not_adjudicated,not_assigned
NCT01689012,INTERVENTIONAL,COMPLETED,NA,"[""Aging""]",2021-12-06,False,1,listed_not_verified,not_adjudicated,not_assigned
NCT01693874,INTERVENTIONAL,COMPLETED,PHASE1|PHASE2,"[""Anxiety Disorders"", ""Depression""]",2014-07-23,False,2,listed_not_verified,not_adjudicated,not_assigned
NCT01703117,INTERVENTIONAL,COMPLETED,PHASE2,"[""Alzheimer's Disease""]",2021-09-22,True,2,listed_not_verified,not_adjudicated,not_assigned
NCT01708304,INTERVENTIONAL,COMPLETED,NA,"[""Alzheimer's Disease"", ""Dementia"", ""Memory Impairment"", ""Cognitive Impairment""]",2017-09-15,False,1,listed_not_verified,not_adjudicated,not_assigned
NCT01709799,INTERVENTIONAL,COMPLETED,NA,"[""Aged""]",2015-06-22,True,1,listed_not_verified,not_adjudicated,not_assigned
NCT01712230,INTERVENTIONAL,COMPLETED,NA,"[""Obesity""]",2019-11-22,True,1,listed_not_verified,not_adjudicated,not_assigned
NCT01713816,OBSERVATIONAL,COMPLETED,,"[""Oxidative Stress"", ""Alzheimer's Disease"", ""Aging""]",2019-05-03,False,1,listed_not_verified,not_adjudicated,not_assigned
NCT01720472,OBSERVATIONAL,COMPLETED,,"[""Aging"", ""Physical Functioning"", ""Cognitive Functioning"", ""Fitness""]",2026-04-07,False,6,listed_not_verified,not_adjudicated,not_assigned
NCT01728675,INTERVENTIONAL,COMPLETED,NA,"[""Aging"", ""Muscle Damage"", ""Oxidative Stress""]",2012-11-20,False,1,listed_not_verified,not_adjudicated,not_assigned
NCT01734616,INTERVENTIONAL,COMPLETED,NA,"[""Regional Blood Flow""]",2012-11-28,False,1,listed_not_verified,not_adjudicated,not_assigned
NCT01737047,OBSERVATIONAL,COMPLETED,,"[""HIV Positive"", ""Ageing""]",2025-09-18,True,8,listed_not_verified,not_adjudicated,not_assigned
NCT01737606,INTERVENTIONAL,COMPLETED,NA,"[""Aging"", ""Cerebral Pulsatility""]",2025-12-23,False,1,listed_not_verified,not_adjudicated,not_assigned
NCT01738568,INTERVENTIONAL,COMPLETED,NA,"[""Dementia""]",2021-08-30,False,1,listed_not_verified,not_adjudicated,not_assigned
NCT01740440,INTERVENTIONAL,COMPLETED,PHASE4,"[""Ageing""]",2016-06-30,True,1,listed_not_verified,not_adjudicated,not_assigned
NCT01745263,INTERVENTIONAL,COMPLETED,PHASE3,"[""Improve Healthy Ageing in Seniors; Prevent Disease at Older Age""]",2018-08-09,False,7,listed_not_verified,not_adjudicated,not_assigned
NCT01752868,INTERVENTIONAL,COMPLETED,NA,"[""Healthy Volunteers""]",2012-12-19,False,1,listed_not_verified,not_adjudicated,not_assigned
NCT01754012,INTERVENTIONAL,COMPLETED,NA,"[""Aging""]",2016-02-18,False,5,listed_not_verified,not_adjudicated,not_assigned
NCT01754415,INTERVENTIONAL,COMPLETED,NA,"[""Diabetes"", ""Hypertension"", ""Osteoporosis"", ""Osteoarthritis""]",2013-11-15,False,1,listed_not_verified,not_adjudicated,not_assigned
NCT01755052,OBSERVATIONAL,COMPLETED,,"[""Acute Myocardial Infarction""]",2019-05-28,False,81,listed_not_verified,not_adjudicated,not_assigned
NCT01765816,INTERVENTIONAL,COMPLETED,NA,"[""Ageing""]",2020-09-28,False,1,listed_not_verified,not_adjudicated,not_assigned
NCT01765946,INTERVENTIONAL,COMPLETED,PHASE4,"[""Insulin Resistance"", ""Prediabetes"", ""Aging"", ""Inflammation""]",2013-03-13,False,1,listed_not_verified,not_adjudicated,not_assigned
NCT01766596,INTERVENTIONAL,COMPLETED,NA,"[""AMD"", ""Glaucoma""]",2024-05-01,False,1,listed_not_verified,not_adjudicated,not_assigned
NCT01768819,INTERVENTIONAL,COMPLETED,NA,"[""Aging"", ""Physical Activity""]",2013-01-23,False,0,not_listed_not_absent,not_adjudicated,not_assigned
NCT01771679,INTERVENTIONAL,UNKNOWN,PHASE1|PHASE2,"[""Chronic Effect of Ultraviolet Radiation on Photoaged Skin"", ""Dermatologic Disorders""]",2022-10-31,False,2,listed_not_verified,not_adjudicated,not_assigned
NCT01775111,INTERVENTIONAL,UNKNOWN,NA,"[""Aging""]",2013-01-24,False,1,listed_not_verified,not_adjudicated,not_assigned
NCT01775865,INTERVENTIONAL,COMPLETED,PHASE2,"[""Vascular Stiffness"", ""Endothelial Dysfunction"", ""Diastolic Dysfunction""]",2018-05-31,True,1,listed_not_verified,not_adjudicated,not_assigned
NCT01776606,INTERVENTIONAL,COMPLETED,PHASE3,"[""Skin Aging""]",2014-05-07,False,1,listed_not_verified,not_adjudicated,not_assigned
NCT01776983,OBSERVATIONAL,COMPLETED,,"[""Photosensitivity Disorders""]",2015-06-16,False,1,listed_not_verified,not_adjudicated,not_assigned
NCT01778205,OBSERVATIONAL,COMPLETED,,"[""Intrauterine Development""]",2021-09-23,False,2,listed_not_verified,not_adjudicated,not_assigned
NCT01783496,INTERVENTIONAL,COMPLETED,NA,"[""Skin Aging""]",2017-06-09,True,1,listed_not_verified,not_adjudicated,not_assigned
NCT01787292,INTERVENTIONAL,COMPLETED,NA,"[""Aging"", ""Exercise""]",2020-02-20,True,1,listed_not_verified,not_adjudicated,not_assigned
NCT01788423,INTERVENTIONAL,COMPLETED,NA,"[""Presbycusis"", ""Aging"", ""Hearing Loss""]",2019-07-23,True,1,listed_not_verified,not_adjudicated,not_assigned
NCT01791010,INTERVENTIONAL,COMPLETED,NA,"[""Muscular Atrophy"", ""Sensitivity Training Groups"", ""Aging""]",2013-02-13,False,1,listed_not_verified,not_adjudicated,not_assigned
NCT01791920,INTERVENTIONAL,COMPLETED,PHASE3,"[""Skin Aging""]",2022-04-15,False,6,listed_not_verified,not_adjudicated,not_assigned
NCT01793493,INTERVENTIONAL,COMPLETED,NA,"[""Mild Cognitive Impairment"", ""Healthy Subjects With Family History for Dementia""]",2023-09-13,False,1,listed_not_verified,not_adjudicated,not_assigned
NCT01793896,INTERVENTIONAL,TERMINATED,NA,"[""Metabolic Syndrome""]",2018-02-14,False,1,listed_not_verified,not_adjudicated,not_assigned
NCT01816880,OBSERVATIONAL,COMPLETED,,"[""Antibodies Involved in Healthy Aging""]",2015-10-16,False,1,listed_not_verified,not_adjudicated,not_assigned
NCT01818076,INTERVENTIONAL,TERMINATED,PHASE3,"[""Skin Aging""]",2014-05-07,False,1,listed_not_verified,not_adjudicated,not_assigned
NCT01823146,INTERVENTIONAL,COMPLETED,NA,"[""Aging""]",2016-08-25,True,1,listed_not_verified,not_adjudicated,not_assigned
NCT01826825,OBSERVATIONAL,COMPLETED,,"[""Cognitive Impairment""]",2021-04-14,True,1,listed_not_verified,not_adjudicated,not_assigned
NCT01828723,INTERVENTIONAL,COMPLETED,PHASE1,"[""Lipoatrophy"", ""Aging"", ""Wrinkles""]",2015-01-27,False,1,listed_not_verified,not_adjudicated,not_assigned
NCT01832090,INTERVENTIONAL,COMPLETED,NA,"[""Aging Hands""]",2017-10-19,True,6,listed_not_verified,not_adjudicated,not_assigned
NCT01833078,INTERVENTIONAL,COMPLETED,PHASE2,"[""Frailty in Aging""]",2015-10-08,True,1,listed_not_verified,not_adjudicated,not_assigned
NCT01837004,INTERVENTIONAL,COMPLETED,NA,"[""Patient Compliance""]",2014-12-10,False,1,listed_not_verified,not_adjudicated,not_assigned
NCT01840839,INTERVENTIONAL,COMPLETED,NA,"[""Older Adults (50-90 Years)""]",2018-01-30,False,1,listed_not_verified,not_adjudicated,not_assigned
NCT01842399,INTERVENTIONAL,TERMINATED,PHASE1|PHASE2,"[""Vascular Resistance"", ""Hypertension""]",2022-12-23,False,1,listed_not_verified,not_adjudicated,not_assigned
NCT01846117,INTERVENTIONAL,COMPLETED,PHASE1|PHASE2,"[""Oxidative Stress"", ""Inflammation"", ""Aging"", ""Pain""]",2018-06-14,False,1,listed_not_verified,not_adjudicated,not_assigned
NCT01847027,INTERVENTIONAL,COMPLETED,PHASE2,"[""Adult Stem Cell Proliferation""]",2019-05-29,True,1,listed_not_verified,not_adjudicated,not_assigned
NCT01847066,INTERVENTIONAL,UNKNOWN,NA,"[""Wrinkles"", ""Acne Scars"", ""Pigmentation""]",2013-05-06,False,1,listed_not_verified,not_adjudicated,not_assigned
NCT01850251,INTERVENTIONAL,TERMINATED,PHASE4,"[""Hip Fractures""]",2015-08-19,False,1,listed_not_verified,not_adjudicated,not_assigned
NCT01850992,INTERVENTIONAL,WITHDRAWN,NA,"[""Obstructive Sleep Apnea""]",2025-09-11,False,1,listed_not_verified,not_adjudicated,not_assigned
NCT01857830,INTERVENTIONAL,COMPLETED,NA,"[""Stress"", ""Ageing"", ""Wellbeing""]",2013-08-21,False,1,listed_not_verified,not_adjudicated,not_assigned
NCT01860261,INTERVENTIONAL,COMPLETED,NA,"[""HIV""]",2023-11-08,False,1,listed_not_verified,not_adjudicated,not_assigned
NCT01867112,INTERVENTIONAL,UNKNOWN,NA,"[""Aging""]",2013-06-03,False,1,listed_not_verified,not_adjudicated,not_assigned
NCT01867346,OBSERVATIONAL,COMPLETED,,"[""Alzheimer's Disease""]",2018-04-05,False,1,listed_not_verified,not_adjudicated,not_assigned
NCT01868165,OBSERVATIONAL,COMPLETED,,"[""Cognitive Ability, General"", ""High Blood Pressure""]",2019-09-23,True,7,listed_not_verified,not_adjudicated,not_assigned
NCT01869179,INTERVENTIONAL,COMPLETED,NA,"[""Well Being""]",2020-01-18,False,1,listed_not_verified,not_adjudicated,not_assigned
NCT01869348,INTERVENTIONAL,COMPLETED,NA,"[""Obesity"", ""Cardiovascular Disease"", ""Cancer"", ""Diabetes"", ""Sarcopenia""]",2017-10-04,True,1,listed_not_verified,not_adjudicated,not_assigned
NCT01870193,INTERVENTIONAL,COMPLETED,EARLY_PHASE1,"[""Aging""]",2023-02-15,False,1,listed_not_verified,not_adjudicated,not_assigned
NCT01874886,OBSERVATIONAL,COMPLETED,,"[""Study Focuses on Brain Morphology and Cognition in Older Subjects""]",2020-11-03,False,1,listed_not_verified,not_adjudicated,not_assigned
NCT01883271,INTERVENTIONAL,COMPLETED,NA,"[""Aging""]",2019-02-25,False,1,listed_not_verified,not_adjudicated,not_assigned
NCT01887236,INTERVENTIONAL,UNKNOWN,NA,"[""Aging""]",2013-06-26,False,1,listed_not_verified,not_adjudicated,not_assigned
NCT01888848,INTERVENTIONAL,COMPLETED,NA,"[""Aging"", ""Age-Related Memory Disorders""]",2015-05-27,False,1,listed_not_verified,not_adjudicated,not_assigned
NCT01890382,INTERVENTIONAL,COMPLETED,NA,"[""Frail Elderly Syndrome""]",2019-02-15,False,1,listed_not_verified,not_adjudicated,not_assigned
NCT01891513,OBSERVATIONAL,COMPLETED,,"[""Hypertension"", ""Aging""]",2017-07-05,False,1,listed_not_verified,not_adjudicated,not_assigned
NCT01895582,OBSERVATIONAL,TERMINATED,,"[""Ageing"", ""Tuberculosis""]",2021-05-28,False,3,listed_not_verified,not_adjudicated,not_assigned
NCT01896466,INTERVENTIONAL,COMPLETED,NA,"[""Aging"", ""Accidental Falls""]",2019-07-31,False,1,listed_not_verified,not_adjudicated,not_assigned
NCT01897298,INTERVENTIONAL,COMPLETED,NA,"[""Chronic Obstructive Pulmonary Disease (COPD)""]",2018-04-27,False,5,listed_not_verified,not_adjudicated,not_assigned
NCT01898611,INTERVENTIONAL,COMPLETED,PHASE2,"[""Frailty Syndrome""]",2019-12-11,True,1,listed_not_verified,not_adjudicated,not_assigned
NCT01899586,INTERVENTIONAL,COMPLETED,NA,"[""Elderly"", ""Sedentary""]",2014-03-04,False,2,listed_not_verified,not_adjudicated,not_assigned
NCT01901939,INTERVENTIONAL,WITHDRAWN,NA,"[""Aging""]",2017-04-20,False,1,listed_not_verified,not_adjudicated,not_assigned
NCT01902004,INTERVENTIONAL,COMPLETED,PHASE4,"[""Mild Cognitive Impairment (MCI)"", ""Depression""]",2019-10-15,True,1,listed_not_verified,not_adjudicated,not_assigned
NCT01910831,INTERVENTIONAL,COMPLETED,PHASE4,"[""Purpura""]",2019-12-02,True,1,listed_not_verified,not_adjudicated,not_assigned
NCT01915290,OBSERVATIONAL,COMPLETED,,"[""Aging""]",2014-08-13,False,0,not_listed_not_absent,not_adjudicated,not_assigned
NCT01922167,INTERVENTIONAL,COMPLETED,NA,"[""Frail Elderly""]",2019-03-08,False,2,listed_not_verified,not_adjudicated,not_assigned
NCT01922973,OBSERVATIONAL,COMPLETED,,"[""Aging""]",2013-08-14,False,0,not_listed_not_absent,not_adjudicated,not_assigned
NCT01925287,INTERVENTIONAL,COMPLETED,EARLY_PHASE1,"[""Pharmacokinetics of Novel Curcumin Formulations"", ""Safety of Novel Curcumin Formulations""]",2016-10-25,False,1,listed_not_verified,not_adjudicated,not_assigned
NCT01931111,OBSERVATIONAL,COMPLETED,,"[""Aging""]",2017-09-19,False,1,listed_not_verified,not_adjudicated,not_assigned
NCT01931124,INTERVENTIONAL,COMPLETED,NA,"[""Ageing""]",2018-09-19,False,1,listed_not_verified,not_adjudicated,not_assigned
NCT01931540,INTERVENTIONAL,COMPLETED,NA,"[""Maternal-Fetal Relations"", ""Muscle Weakness"", ""Insulin Resistance""]",2016-03-22,False,2,listed_not_verified,not_adjudicated,not_assigned
NCT01940055,INTERVENTIONAL,COMPLETED,PHASE2,"[""Aging""]",2016-01-08,False,1,listed_not_verified,not_adjudicated,not_assigned
NCT01940991,INTERVENTIONAL,COMPLETED,PHASE2,"[""Skin Aging""]",2014-01-31,False,1,listed_not_verified,not_adjudicated,not_assigned
NCT01950013,INTERVENTIONAL,COMPLETED,NA,"[""Presbycusis"", ""Aging"", ""Hearing Loss""]",2019-07-16,True,1,listed_not_verified,not_adjudicated,not_assigned
NCT01953705,INTERVENTIONAL,UNKNOWN,PHASE2,"[""Age Related Cognitive Decline"", ""Alzheimer's Disease"", ""Vascular Dementia"", ""Endothelial Dysfunction"", ""Executive Dysfunction""]",2020-09-04,False,1,listed_not_verified,not_adjudicated,not_assigned
NCT01954550,INTERVENTIONAL,COMPLETED,NA,"[""Alzheimer's Disease, Late Onset""]",2022-02-11,False,1,listed_not_verified,not_adjudicated,not_assigned
NCT01958437,INTERVENTIONAL,COMPLETED,NA,"[""Mild Cognitive Impairment"", ""Alzheimer's Disease""]",2018-08-31,True,2,listed_not_verified,not_adjudicated,not_assigned
NCT01959126,INTERVENTIONAL,COMPLETED,NA,"[""Stress"", ""Aging"", ""Well-being""]",2021-01-26,False,1,listed_not_verified,not_adjudicated,not_assigned
NCT01962038,INTERVENTIONAL,COMPLETED,NA,"[""Amnestic Mild Cognitive Impairment""]",2018-04-05,False,1,listed_not_verified,not_adjudicated,not_assigned
NCT01962064,INTERVENTIONAL,UNKNOWN,NA,"[""Frontotemporal Lobar Degeneration"", ""Aging""]",2013-10-14,False,1,listed_not_verified,not_adjudicated,not_assigned
NCT01962779,INTERVENTIONAL,COMPLETED,NA,"[""Sleep Disordered Breathing"", ""Alzheimer's Disease""]",2020-07-21,False,2,listed_not_verified,not_adjudicated,not_assigned
NCT01963221,INTERVENTIONAL,COMPLETED,NA,"[""Aging"", ""Inflammation""]",2013-10-16,False,1,listed_not_verified,not_adjudicated,not_assigned
NCT01963767,INTERVENTIONAL,COMPLETED,PHASE2,"[""Aging""]",2014-07-04,True,1,listed_not_verified,not_adjudicated,not_assigned
NCT01964118,INTERVENTIONAL,COMPLETED,NA,"[""Obesity"", ""Overweight""]",2021-05-24,False,1,listed_not_verified,not_adjudicated,not_assigned
NCT01966562,INTERVENTIONAL,COMPLETED,NA,"[""Aged""]",2013-10-21,False,1,listed_not_verified,not_adjudicated,not_assigned
NCT01968564,INTERVENTIONAL,UNKNOWN,NA,"[""Vascular Aging""]",2017-03-20,False,1,listed_not_verified,not_adjudicated,not_assigned
NCT01974219,OBSERVATIONAL,COMPLETED,,"[""HIV"", ""COPD"", ""Chronic Obstructive Pulmonary Disease"", ""Smoking""]",2021-06-18,False,1,listed_not_verified,not_adjudicated,not_assigned
NCT01974557,INTERVENTIONAL,COMPLETED,NA,"[""Hemodynamics""]",2015-10-22,False,1,listed_not_verified,not_adjudicated,not_assigned
NCT01977885,INTERVENTIONAL,COMPLETED,NA,"[""Metabolic Syndrome""]",2015-09-25,False,1,listed_not_verified,not_adjudicated,not_assigned
NCT01981980,INTERVENTIONAL,COMPLETED,NA,"[""Skin Aging"", ""Skin Rejuvenation""]",2013-11-13,False,1,listed_not_verified,not_adjudicated,not_assigned
NCT01982734,INTERVENTIONAL,COMPLETED,EARLY_PHASE1,"[""Pharmacokinetics of New Curcumin Formulations"", ""Safety of New Curcumin Formulations""]",2016-10-25,False,1,listed_not_verified,not_adjudicated,not_assigned
NCT01983384,INTERVENTIONAL,COMPLETED,NA,"[""Delirium"", ""Cognitive Disorders""]",2019-12-18,False,1,listed_not_verified,not_adjudicated,not_assigned
NCT01984060,INTERVENTIONAL,COMPLETED,NA,"[""HIV""]",2016-05-12,False,1,listed_not_verified,not_adjudicated,not_assigned
NCT01985399,OBSERVATIONAL,COMPLETED,,"[""HIV"", ""AIDS""]",2016-10-17,False,1,listed_not_verified,not_adjudicated,not_assigned
NCT01986634,INTERVENTIONAL,COMPLETED,NA,"[""Facial Aging""]",2023-07-05,False,1,listed_not_verified,not_adjudicated,not_assigned
NCT01988233,INTERVENTIONAL,COMPLETED,NA,"[""Mobility Limitation""]",2022-07-27,True,12,listed_not_verified,not_adjudicated,not_assigned
NCT01990235,INTERVENTIONAL,COMPLETED,NA,"[""Chronic Disease""]",2018-10-17,False,1,listed_not_verified,not_adjudicated,not_assigned
NCT01993082,INTERVENTIONAL,COMPLETED,NA,"[""Aging"", ""Stress"", ""Disease Risk""]",2022-06-13,False,1,listed_not_verified,not_adjudicated,not_assigned
NCT01994655,INTERVENTIONAL,UNKNOWN,PHASE1|PHASE2,"[""Hot Flashes""]",2013-11-26,False,0,not_listed_not_absent,not_adjudicated,not_assigned
NCT01997021,INTERVENTIONAL,COMPLETED,NA,"[""Metabolic Syndrome"", ""Diabetes"", ""Aging""]",2021-08-24,False,1,listed_not_verified,not_adjudicated,not_assigned
NCT01997320,INTERVENTIONAL,COMPLETED,NA,"[""Ageing""]",2015-10-12,False,1,listed_not_verified,not_adjudicated,not_assigned
NCT02001402,OBSERVATIONAL,UNKNOWN,,"[""Lipid Depletion"", ""Excessive Physical Exercise, Unspecified"", ""Menopausal Syndrome""]",2013-12-04,False,0,not_listed_not_absent,not_adjudicated,not_assigned
NCT02001441,OBSERVATIONAL,COMPLETED,,"[""Mild Cognitive Impairment""]",2018-05-02,False,1,listed_not_verified,not_adjudicated,not_assigned
NCT02001831,INTERVENTIONAL,UNKNOWN,NA,"[""Physical Disability""]",2013-12-05,False,1,listed_not_verified,not_adjudicated,not_assigned
NCT02003833,INTERVENTIONAL,COMPLETED,PHASE4,"[""Skin Aging""]",2015-11-20,False,2,listed_not_verified,not_adjudicated,not_assigned
NCT02007616,INTERVENTIONAL,COMPLETED,NA,"[""Aging"", ""Healthy""]",2015-05-28,False,1,listed_not_verified,not_adjudicated,not_assigned
NCT02010164,INTERVENTIONAL,UNKNOWN,NA,"[""Reproductive Physiological Phenomena""]",2017-03-01,False,1,listed_not_verified,not_adjudicated,not_assigned
NCT02012322,INTERVENTIONAL,COMPLETED,NA,"[""Age Related Symptoms"", ""Age Related Quality of Life Issues""]",2013-12-18,False,1,listed_not_verified,not_adjudicated,not_assigned
NCT02015611,INTERVENTIONAL,COMPLETED,NA,"[""Neuromuscular Function""]",2022-11-15,True,1,listed_not_verified,not_adjudicated,not_assigned
NCT02016014,INTERVENTIONAL,COMPLETED,NA,"[""Healthy Subjects Without Cardiovascular Disease""]",2024-05-31,False,1,listed_not_verified,not_adjudicated,not_assigned
NCT02022670,INTERVENTIONAL,COMPLETED,PHASE1|PHASE2,"[""Vascular Aging""]",2015-07-15,True,1,listed_not_verified,not_adjudicated,not_assigned
NCT02023645,INTERVENTIONAL,UNKNOWN,NA,"[""Mild Cognitive Impairment""]",2015-05-27,False,1,listed_not_verified,not_adjudicated,not_assigned
NCT02023944,INTERVENTIONAL,COMPLETED,NA,"[""Healthy People Programs""]",2019-05-31,True,1,listed_not_verified,not_adjudicated,not_assigned
NCT02027285,INTERVENTIONAL,COMPLETED,NA,"[""Aging""]",2014-01-08,False,1,listed_not_verified,not_adjudicated,not_assigned
NCT02031757,INTERVENTIONAL,UNKNOWN,NA,"[""Cerebrovascular Disorders"", ""Peripheral Nervous System Diseases"", ""Musculoskeletal Diseases"", ""Joint Diseases""]",2016-04-05,False,1,listed_not_verified,not_adjudicated,not_assigned
NCT02034760,INTERVENTIONAL,COMPLETED,NA,"[""Sarcopenia"", ""Muscle Loss""]",2019-11-29,False,1,listed_not_verified,not_adjudicated,not_assigned
NCT02039154,INTERVENTIONAL,COMPLETED,NA,"[""Aging""]",2020-05-19,False,1,listed_not_verified,not_adjudicated,not_assigned
NCT02039830,INTERVENTIONAL,ACTIVE_NOT_RECRUITING,NA,"[""Urinary Incontinence"", ""Urinary Stress Incontinence""]",2025-09-08,False,1,listed_not_verified,not_adjudicated,not_assigned
NCT02042196,INTERVENTIONAL,COMPLETED,EARLY_PHASE1,"[""Menopause"", ""Aging""]",2019-07-11,False,1,listed_not_verified,not_adjudicated,not_assigned
NCT02050386,OBSERVATIONAL,WITHDRAWN,,"[""Healthy Volunteers""]",2016-12-19,False,1,listed_not_verified,not_adjudicated,not_assigned
NCT02051140,INTERVENTIONAL,COMPLETED,NA,"[""Aging"", ""Age-related Memory Disorders""]",2015-09-02,False,1,listed_not_verified,not_adjudicated,not_assigned
NCT02051634,INTERVENTIONAL,COMPLETED,PHASE1,"[""Systemic Inflammation"", ""Aging""]",2018-04-09,False,1,listed_not_verified,not_adjudicated,not_assigned
NCT02051725,INTERVENTIONAL,COMPLETED,NA,"[""Functionally Impaired Elderly"", ""Aging""]",2016-06-28,False,1,listed_not_verified,not_adjudicated,not_assigned
NCT02057354,INTERVENTIONAL,COMPLETED,NA,"[""Aging""]",2018-04-25,False,1,listed_not_verified,not_adjudicated,not_assigned
NCT02058654,INTERVENTIONAL,COMPLETED,PHASE1,"[""Nutritional Status""]",2018-03-23,False,1,listed_not_verified,not_adjudicated,not_assigned
NCT02060097,INTERVENTIONAL,COMPLETED,NA,"[""Ageing"", ""Photo-aging""]",2016-06-14,False,1,listed_not_verified,not_adjudicated,not_assigned
NCT02063646,INTERVENTIONAL,COMPLETED,NA,"[""Healthy Elderly""]",2015-05-27,False,2,listed_not_verified,not_adjudicated,not_assigned
NCT02063971,INTERVENTIONAL,UNKNOWN,NA,"[""Skin Aging""]",2014-02-17,False,1,listed_not_verified,not_adjudicated,not_assigned
NCT02065245,INTERVENTIONAL,COMPLETED,PHASE1|PHASE2,"[""Frailty""]",2021-07-14,True,1,listed_not_verified,not_adjudicated,not_assigned
NCT02068612,INTERVENTIONAL,COMPLETED,NA,"[""Aging""]",2020-03-27,False,1,listed_not_verified,not_adjudicated,not_assigned
NCT02069431,INTERVENTIONAL,TERMINATED,PHASE1,"[""Inflammation""]",2020-06-19,False,2,listed_not_verified,not_adjudicated,not_assigned
NCT02072941,INTERVENTIONAL,COMPLETED,NA,"[""Chronic Disease""]",2019-07-11,True,1,listed_not_verified,not_adjudicated,not_assigned
NCT02073201,OBSERVATIONAL,COMPLETED,,"[""Aging""]",2018-04-05,False,1,listed_not_verified,not_adjudicated,not_assigned
NCT02077660,INTERVENTIONAL,COMPLETED,NA,"[""Aging""]",2014-03-12,False,1,listed_not_verified,not_adjudicated,not_assigned
NCT02079948,INTERVENTIONAL,WITHDRAWN,PHASE2,"[""Inflammation"", ""Aging""]",2022-01-11,False,0,not_listed_not_absent,not_adjudicated,not_assigned
NCT02087137,INTERVENTIONAL,COMPLETED,NA,"[""Aging""]",2016-01-13,False,1,listed_not_verified,not_adjudicated,not_assigned
NCT02088190,OBSERVATIONAL,COMPLETED,,"[""Insulin Resistance"", ""Cognitive Impairment""]",2022-06-27,False,1,listed_not_verified,not_adjudicated,not_assigned
NCT02093130,INTERVENTIONAL,COMPLETED,PHASE2,"[""Impact of Pomegranate Juice on Memory in Older Adults""]",2020-03-02,False,1,listed_not_verified,not_adjudicated,not_assigned
NCT02093754,INTERVENTIONAL,COMPLETED,NA,"[""HIV Infection"", ""Liver Injuries""]",2016-07-12,False,7,listed_not_verified,not_adjudicated,not_assigned
NCT02095873,INTERVENTIONAL,COMPLETED,PHASE1|PHASE2,"[""Glucose Intolerance"", ""Aortic Stiffness"", ""Vasodilation""]",2017-03-06,True,1,listed_not_verified,not_adjudicated,not_assigned
NCT02101060,INTERVENTIONAL,COMPLETED,NA,"[""HIV""]",2026-10-07,True,2,listed_not_verified,not_adjudicated,not_assigned
NCT02102724,INTERVENTIONAL,COMPLETED,NA,"[""HIV Infection""]",2019-03-26,True,1,listed_not_verified,not_adjudicated,not_assigned
NCT02104960,OBSERVATIONAL,COMPLETED,,"[""Skin Aging""]",2015-01-14,False,1,listed_not_verified,not_adjudicated,not_assigned
NCT02105922,INTERVENTIONAL,COMPLETED,NA,"[""Sarcopenia"", ""Muscle Loss""]",2018-02-28,False,1,listed_not_verified,not_adjudicated,not_assigned
NCT02107118,INTERVENTIONAL,WITHDRAWN,PHASE1,"[""Erectile Dysfunction"", ""Cardiac Disease""]",2015-05-25,False,1,listed_not_verified,not_adjudicated,not_assigned
NCT02113215,OBSERVATIONAL,TERMINATED,,"[""Aging""]",2016-05-12,False,1,listed_not_verified,not_adjudicated,not_assigned
NCT02114372,OBSERVATIONAL,COMPLETED,,"[""Alzheimer's Disease"", ""Plaque, Amyloid""]",2025-04-25,False,2,listed_not_verified,not_adjudicated,not_assigned
NCT02115698,INTERVENTIONAL,COMPLETED,NA,"[""Sarcopenia"", ""Muscle Loss""]",2023-04-20,False,1,listed_not_verified,not_adjudicated,not_assigned
NCT02116166,OBSERVATIONAL,COMPLETED,,"[""Sarcopenia""]",2018-04-05,False,1,listed_not_verified,not_adjudicated,not_assigned
NCT02116270,INTERVENTIONAL,COMPLETED,NA,"[""Renal Failure""]",2018-04-05,False,1,listed_not_verified,not_adjudicated,not_assigned
NCT02121158,INTERVENTIONAL,TERMINATED,NA,"[""Cardiomyopathy"", ""Coronary Artery Disease"", ""Congestive Heart Failure"", ""Myocardial Infarction""]",2024-07-31,True,5,listed_not_verified,not_adjudicated,not_assigned
NCT02122653,INTERVENTIONAL,COMPLETED,NA,"[""Fatigue""]",2014-04-24,False,1,listed_not_verified,not_adjudicated,not_assigned
NCT02123043,INTERVENTIONAL,COMPLETED,NA,"[""Aging"", ""Wheelchair Training""]",2018-05-02,False,1,listed_not_verified,not_adjudicated,not_assigned
NCT02123056,INTERVENTIONAL,UNKNOWN,PHASE4,"[""Vasovagal Syncope""]",2024-05-09,False,2,listed_not_verified,not_adjudicated,not_assigned
NCT02123121,INTERVENTIONAL,COMPLETED,PHASE2,"[""Mitochondrial Function"", ""Physical Function""]",2024-04-26,True,1,listed_not_verified,not_adjudicated,not_assigned
NCT02128789,INTERVENTIONAL,COMPLETED,NA,"[""65 Years Older"", ""Requires IADL Support"", ""Past Year History of Falls and/or Hospitalization""]",2016-10-27,False,1,listed_not_verified,not_adjudicated,not_assigned
NCT02130154,OBSERVATIONAL,COMPLETED,,"[""Obesity"", ""Ageing""]",2014-05-05,False,1,listed_not_verified,not_adjudicated,not_assigned
NCT02132091,INTERVENTIONAL,COMPLETED,NA,"[""Aging"", ""Metabolism""]",2015-12-14,False,1,listed_not_verified,not_adjudicated,not_assigned
NCT02136732,INTERVENTIONAL,UNKNOWN,NA,"[""Any Condition in N73.0 Specified as Chronic""]",2017-05-18,False,1,listed_not_verified,not_adjudicated,not_assigned
NCT02137460,OBSERVATIONAL,COMPLETED,,"[""Alzheimer's Disease"", ""Mild Cognitive Impairment""]",2024-05-03,False,1,listed_not_verified,not_adjudicated,not_assigned
NCT02140983,INTERVENTIONAL,COMPLETED,PHASE1,"[""Insulin Resistance"", ""Dementia""]",2018-01-25,False,1,listed_not_verified,not_adjudicated,not_assigned
NCT02143011,INTERVENTIONAL,COMPLETED,NA,"[""Metabolic Syndrome"", ""Insulin Resistance"", ""Dyslipidemia""]",2019-01-16,False,1,listed_not_verified,not_adjudicated,not_assigned
NCT02144896,INTERVENTIONAL,COMPLETED,NA,"[""Aging""]",2018-04-05,False,1,listed_not_verified,not_adjudicated,not_assigned
NCT02145949,INTERVENTIONAL,COMPLETED,PHASE2,"[""Muscle Atrophy"", ""Quality of Life""]",2024-07-23,True,2,listed_not_verified,not_adjudicated,not_assigned
NCT02147171,INTERVENTIONAL,COMPLETED,PHASE2|PHASE3,"[""Retinal Ageing""]",2014-05-26,False,1,listed_not_verified,not_adjudicated,not_assigned
NCT02147847,INTERVENTIONAL,COMPLETED,NA,"[""Presbycusis""]",2016-10-18,False,3,listed_not_verified,not_adjudicated,not_assigned
NCT02152839,INTERVENTIONAL,COMPLETED,NA,"[""Healthy""]",2015-07-31,False,1,listed_not_verified,not_adjudicated,not_assigned
NCT02154880,OBSERVATIONAL,COMPLETED,,"[""HIV"", ""COPD"", ""Pulmonary Disease"", ""Aging""]",2020-10-08,False,1,listed_not_verified,not_adjudicated,not_assigned
NCT02155946,INTERVENTIONAL,COMPLETED,NA,"[""Mild Cognitive Impairment"", ""Alzheimer's Disease""]",2023-11-30,True,1,listed_not_verified,not_adjudicated,not_assigned
NCT02157207,INTERVENTIONAL,COMPLETED,NA,"[""Healthy""]",2015-06-16,False,1,listed_not_verified,not_adjudicated,not_assigned
NCT02157805,INTERVENTIONAL,COMPLETED,NA,"[""Sarcopenia""]",2014-06-06,False,1,listed_not_verified,not_adjudicated,not_assigned
NCT02160093,OBSERVATIONAL,COMPLETED,,"[""Ambulatory Geriatric Outpatients at High Risk of Frailty""]",2016-11-10,False,1,listed_not_verified,not_adjudicated,not_assigned
NCT02166307,OBSERVATIONAL,COMPLETED,,"[""Aging""]",2014-06-18,False,0,not_listed_not_absent,not_adjudicated,not_assigned
NCT02167932,OBSERVATIONAL,COMPLETED,,"[""Breast Cancer"", ""Aging""]",2018-06-06,False,1,listed_not_verified,not_adjudicated,not_assigned
NCT02171273,INTERVENTIONAL,COMPLETED,NA,"[""Aging"", ""Sleep Restriction"", ""Circadian Disruption""]",2019-08-20,False,1,listed_not_verified,not_adjudicated,not_assigned
NCT02176941,OBSERVATIONAL,UNKNOWN,,"[""Atherosclerotic Disease""]",2016-06-16,False,2,listed_not_verified,not_adjudicated,not_assigned
NCT02177968,OBSERVATIONAL,COMPLETED,,"[""Accidental Falls"", ""Aging""]",2014-06-30,False,1,listed_not_verified,not_adjudicated,not_assigned
NCT02189460,OBSERVATIONAL,TERMINATED,,"[""Cognition""]",2018-10-12,False,1,listed_not_verified,not_adjudicated,not_assigned
NCT02194907,INTERVENTIONAL,COMPLETED,NA,"[""Aging"", ""Emotion""]",2020-01-22,False,1,listed_not_verified,not_adjudicated,not_assigned
NCT02195856,INTERVENTIONAL,COMPLETED,NA,"[""Type 2 Diabetes"", ""Ageing""]",2019-03-19,False,2,listed_not_verified,not_adjudicated,not_assigned
NCT02202057,OBSERVATIONAL,COMPLETED,,"[""Parkinson's Disease"", ""Aging""]",2016-09-19,False,1,listed_not_verified,not_adjudicated,not_assigned
NCT02203656,INTERVENTIONAL,COMPLETED,PHASE1,"[""Aging""]",2019-04-04,False,2,listed_not_verified,not_adjudicated,not_assigned
NCT02210013,OBSERVATIONAL,COMPLETED,,"[""Age of the Patients and the Body Mass Index in Both Groups""]",2014-08-06,False,0,not_listed_not_absent,not_adjudicated,not_assigned
NCT02218411,INTERVENTIONAL,COMPLETED,PHASE1,"[""Healthy Aging""]",2014-08-18,False,0,not_listed_not_absent,not_adjudicated,not_assigned
NCT02222649,INTERVENTIONAL,UNKNOWN,PHASE2,"[""Disorder of Aging""]",2015-03-06,False,1,listed_not_verified,not_adjudicated,not_assigned
NCT02224222,OBSERVATIONAL,UNKNOWN,,"[""Intellectual Frailty of Aging"", ""Cardiovascular Diseases"", ""Myocardial Infarction"", ""Vascular Diseases"", ""Heart; Dysfunction Postoperative, Cardiac Surgery""]",2019-04-09,False,1,listed_not_verified,not_adjudicated,not_assigned
NCT02224963,INTERVENTIONAL,COMPLETED,NA,"[""Age-related Macular Degeneration""]",2019-04-16,False,1,listed_not_verified,not_adjudicated,not_assigned
NCT02230397,INTERVENTIONAL,COMPLETED,PHASE3,"[""Healthy""]",2014-09-03,False,1,listed_not_verified,not_adjudicated,not_assigned
NCT02230839,INTERVENTIONAL,ACTIVE_NOT_RECRUITING,NA,"[""Insulin Resistance"", ""Sarcopenia""]",2025-08-03,False,1,listed_not_verified,not_adjudicated,not_assigned
NCT02236416,INTERVENTIONAL,COMPLETED,NA,"[""Memory Disorders"", ""Mild Cognitive Impairment"", ""Aging""]",2021-07-21,False,1,listed_not_verified,not_adjudicated,not_assigned
NCT02240043,INTERVENTIONAL,COMPLETED,NA,"[""Aging""]",2014-09-15,False,0,not_listed_not_absent,not_adjudicated,not_assigned
NCT02245035,OBSERVATIONAL,COMPLETED,,"[""Aged Healthy Volunteer""]",2017-03-21,False,1,listed_not_verified,not_adjudicated,not_assigned
NCT02253329,INTERVENTIONAL,COMPLETED,NA,"[""Sarcopenia""]",2015-05-21,False,1,listed_not_verified,not_adjudicated,not_assigned
NCT02253615,INTERVENTIONAL,COMPLETED,NA,"[""Aging"", ""Older Adults""]",2015-05-13,False,1,listed_not_verified,not_adjudicated,not_assigned
NCT02256072,INTERVENTIONAL,COMPLETED,NA,"[""Alzheimers, Falls, Aging in Place""]",2017-04-14,True,2,listed_not_verified,not_adjudicated,not_assigned
NCT02258776,INTERVENTIONAL,COMPLETED,NA,"[""Skin Photoaging, Inflammation and Skin Pathogenic Bacteria""]",2017-03-01,False,1,listed_not_verified,not_adjudicated,not_assigned
NCT02260466,INTERVENTIONAL,COMPLETED,NA,"[""Heart Disease"", ""Aging"", ""Amyloidosis"", ""Aortic Valve Stenosis""]",2026-10-09,False,5,listed_not_verified,not_adjudicated,not_assigned
NCT02261818,INTERVENTIONAL,COMPLETED,NA,"[""Depression""]",2017-10-02,True,1,listed_not_verified,not_adjudicated,not_assigned
NCT02261961,INTERVENTIONAL,COMPLETED,NA,"[""Sarcopenia"", ""Aging"", ""Immune Function""]",2021-09-28,True,1,listed_not_verified,not_adjudicated,not_assigned
NCT02263716,OBSERVATIONAL,COMPLETED,,"[""Disability"", ""Physical Activity"", ""Aging"", ""Critical Illness""]",2017-01-06,False,1,listed_not_verified,not_adjudicated,not_assigned
NCT02276183,INTERVENTIONAL,COMPLETED,NA,"[""Joint Pain""]",2016-11-28,False,1,listed_not_verified,not_adjudicated,not_assigned
NCT02277236,OBSERVATIONAL,UNKNOWN,,"[""Sarcopenia""]",2019-12-19,False,1,listed_not_verified,not_adjudicated,not_assigned
NCT02281331,INTERVENTIONAL,COMPLETED,NA,"[""Aging""]",2018-08-16,False,1,listed_not_verified,not_adjudicated,not_assigned
NCT02283723,INTERVENTIONAL,COMPLETED,NA,"[""Aging""]",2018-01-03,False,2,listed_not_verified,not_adjudicated,not_assigned
NCT02291081,OBSERVATIONAL,COMPLETED,,"[""HIV-infection"", ""Coronary Heart Disease"", ""Myocardial Infarction"", ""HIV-encephalopathy"", ""Heart Failure"", ""Aging""]",2019-10-01,False,7,listed_not_verified,not_adjudicated,not_assigned
NCT02295241,OBSERVATIONAL,COMPLETED,,"[""Sarcopenia""]",2016-03-28,False,1,listed_not_verified,not_adjudicated,not_assigned
NCT02300064,INTERVENTIONAL,COMPLETED,NA,"[""Chronic Obstructive Pulmonary Disease""]",2016-06-01,False,1,listed_not_verified,not_adjudicated,not_assigned
NCT02300272,OBSERVATIONAL,COMPLETED,,"[""Alteration of Cognitive Function"", ""Ageing""]",2019-12-13,False,1,listed_not_verified,not_adjudicated,not_assigned
NCT02303496,INTERVENTIONAL,UNKNOWN,PHASE1|PHASE2,"[""Chronological Aging of Skin"", ""Photoaging of Skin""]",2014-12-01,False,2,listed_not_verified,not_adjudicated,not_assigned
NCT02304263,OBSERVATIONAL,COMPLETED,,"[""HIV"", ""Aging""]",2016-09-26,False,0,not_listed_not_absent,not_adjudicated,not_assigned
NCT02308228,INTERVENTIONAL,COMPLETED,EARLY_PHASE1,"[""Aging""]",2019-09-17,True,2,listed_not_verified,not_adjudicated,not_assigned
NCT02308696,INTERVENTIONAL,COMPLETED,NA,"[""Wellness Programs"", ""Hospitalization"", ""Emergency Room""]",2019-10-04,True,5,listed_not_verified,not_adjudicated,not_assigned
NCT02312154,INTERVENTIONAL,COMPLETED,PHASE4,"[""Aging""]",2015-04-03,True,0,not_listed_not_absent,not_adjudicated,not_assigned
NCT02312843,INTERVENTIONAL,COMPLETED,NA,"[""Mild Cognitive Impairment"", ""Prediabetes""]",2018-08-15,False,1,listed_not_verified,not_adjudicated,not_assigned
NCT02316223,INTERVENTIONAL,COMPLETED,NA,"[""Asthma""]",2021-10-06,True,3,listed_not_verified,not_adjudicated,not_assigned
NCT02319850,OBSERVATIONAL,COMPLETED,,"[""Sarcopenia""]",2018-03-01,False,1,listed_not_verified,not_adjudicated,not_assigned
NCT02328313,INTERVENTIONAL,COMPLETED,NA,"[""Breast Cancer"", ""Aging"", ""Physical Activity""]",2020-04-30,False,1,listed_not_verified,not_adjudicated,not_assigned
NCT02329561,INTERVENTIONAL,COMPLETED,PHASE1,"[""Aging"", ""Pain""]",2014-12-31,False,0,not_listed_not_absent,not_adjudicated,not_assigned
NCT02331784,INTERVENTIONAL,COMPLETED,NA,"[""Older Adults, Aging Brain""]",2019-04-19,False,1,listed_not_verified,not_adjudicated,not_assigned
NCT02333942,OBSERVATIONAL,COMPLETED,,"[""Alzheimer Disease"", ""Mild Cognitive Impairment"", ""Frontotemporal Lobar Degeneration"", ""Memory Disorders""]",2019-09-13,False,1,listed_not_verified,not_adjudicated,not_assigned
NCT02335333,OBSERVATIONAL,COMPLETED,,"[""Delayed Graft Function"", ""Other Complications of Kidney Transplant""]",2016-03-08,False,2,listed_not_verified,not_adjudicated,not_assigned
NCT02339012,OBSERVATIONAL,RECRUITING,,"[""Healthy Volunteers"", ""Non-Healthy/Non-Frail"", ""Frail""]",2026-10-08,False,1,listed_not_verified,not_adjudicated,not_assigned
NCT02345083,OBSERVATIONAL,UNKNOWN,,"[""Frailty"", ""Quality of Life""]",2015-08-26,False,1,listed_not_verified,not_adjudicated,not_assigned
NCT02346136,INTERVENTIONAL,TERMINATED,NA,"[""Aging""]",2020-02-21,True,1,listed_not_verified,not_adjudicated,not_assigned
NCT02348762,INTERVENTIONAL,COMPLETED,PHASE1,"[""Aging"", ""Erythrocyte Glutathione Deficiency"", ""Muscle Weakness""]",2022-02-11,False,1,listed_not_verified,not_adjudicated,not_assigned
NCT02348801,INTERVENTIONAL,COMPLETED,NA,"[""Diabetes Mellitus"", ""Aging"", ""Overweight""]",2021-01-14,False,1,listed_not_verified,not_adjudicated,not_assigned
NCT02349113,INTERVENTIONAL,COMPLETED,PHASE1,"[""Bone Loss, Age-related""]",2015-02-16,False,0,not_listed_not_absent,not_adjudicated,not_assigned
NCT02350465,INTERVENTIONAL,UNKNOWN,NA,"[""Sarcopenia""]",2023-06-02,False,3,listed_not_verified,not_adjudicated,not_assigned
NCT02353624,OBSERVATIONAL,COMPLETED,,"[""Aging""]",2015-02-03,False,1,listed_not_verified,not_adjudicated,not_assigned
NCT02355821,INTERVENTIONAL,COMPLETED,NA,"[""Osteopenia"", ""Arterial Hypertension""]",2021-09-01,True,1,listed_not_verified,not_adjudicated,not_assigned
NCT02356211,INTERVENTIONAL,COMPLETED,NA,"[""Aging""]",2020-03-10,True,1,listed_not_verified,not_adjudicated,not_assigned
NCT02357472,INTERVENTIONAL,TERMINATED,NA,"[""Infertility""]",2025-06-24,True,1,listed_not_verified,not_adjudicated,not_assigned
NCT02358811,OBSERVATIONAL,TERMINATED,,"[""Obstructive Sleep Apnea (SAOS)"", ""Aging""]",2024-03-13,False,1,listed_not_verified,not_adjudicated,not_assigned
NCT02364440,INTERVENTIONAL,COMPLETED,NA,"[""Wrinkles""]",2015-05-08,False,1,listed_not_verified,not_adjudicated,not_assigned
NCT02366104,OBSERVATIONAL,COMPLETED,,"[""Healthy""]",2019-03-25,False,2,listed_not_verified,not_adjudicated,not_assigned
NCT02368626,INTERVENTIONAL,UNKNOWN,NA,"[""Aging""]",2015-02-23,False,0,not_listed_not_absent,not_adjudicated,not_assigned
NCT02369718,INTERVENTIONAL,COMPLETED,NA,"[""Hard of Hearing""]",2025-09-03,False,1,listed_not_verified,not_adjudicated,not_assigned
NCT02371278,INTERVENTIONAL,COMPLETED,NA,"[""Aging"", ""Sarcopenia""]",2016-03-16,False,1,listed_not_verified,not_adjudicated,not_assigned
NCT02373111,INTERVENTIONAL,COMPLETED,NA,"[""Ageing"", ""Photo-aging""]",2016-06-14,False,1,listed_not_verified,not_adjudicated,not_assigned
NCT02375711,INTERVENTIONAL,TERMINATED,NA,"[""Chronic Renal Disease""]",2018-04-05,False,1,listed_not_verified,not_adjudicated,not_assigned
NCT02376270,INTERVENTIONAL,COMPLETED,PHASE4,"[""Healthy Young Adults"", ""Healthy Elderly""]",2016-07-15,False,1,listed_not_verified,not_adjudicated,not_assigned
NCT02379403,OBSERVATIONAL,WITHDRAWN,,"[""Cardiovascular Disease"", ""Coronary Heart Disease"", ""Aging""]",2017-10-06,False,0,not_listed_not_absent,not_adjudicated,not_assigned
NCT02380573,INTERVENTIONAL,COMPLETED,PHASE2,"[""Mild Cognitive Impairment"", ""MCI"", ""Aging"", ""Alzheimer's Disease"", ""AD""]",2024-09-19,True,1,listed_not_verified,not_adjudicated,not_assigned
NCT02381600,INTERVENTIONAL,TERMINATED,NA,"[""VITAMIN D DEFICIENCY""]",2021-02-25,False,1,listed_not_verified,not_adjudicated,not_assigned
NCT02384174,INTERVENTIONAL,WITHDRAWN,NA,"[""Aging""]",2020-07-27,False,1,listed_not_verified,not_adjudicated,not_assigned
NCT02384993,INTERVENTIONAL,COMPLETED,NA,"[""Alzheimer's Disease"", ""Aging""]",2024-03-18,True,1,listed_not_verified,not_adjudicated,not_assigned
NCT02391311,INTERVENTIONAL,COMPLETED,NA,"[""HIV"", ""Aging""]",2017-05-15,True,1,listed_not_verified,not_adjudicated,not_assigned
NCT02391935,INTERVENTIONAL,COMPLETED,PHASE1,"[""Intrinsic Aging of Skin"", ""Skin Wrinkling"", ""Solar Degeneration of Skin""]",2017-10-11,False,1,listed_not_verified,not_adjudicated,not_assigned
NCT02393742,INTERVENTIONAL,COMPLETED,NA,"[""Ageing""]",2019-12-05,False,1,listed_not_verified,not_adjudicated,not_assigned
NCT02396992,INTERVENTIONAL,COMPLETED,NA,"[""Oropharyngeal Dysphagia""]",2019-05-01,False,1,listed_not_verified,not_adjudicated,not_assigned
NCT02399475,INTERVENTIONAL,COMPLETED,NA,"[""Subclinical Hypothyroidism""]",2021-03-09,True,1,listed_not_verified,not_adjudicated,not_assigned
NCT02401893,OBSERVATIONAL,COMPLETED,,"[""Aging""]",2026-06-01,False,0,not_listed_not_absent,not_adjudicated,not_assigned
NCT02404792,INTERVENTIONAL,COMPLETED,NA,"[""HIV"", ""Inflammation"", ""Obesity"", ""Aging, Biological""]",2019-01-16,True,1,listed_not_verified,not_adjudicated,not_assigned
NCT02408614,OBSERVATIONAL,COMPLETED,,"[""Aging""]",2019-01-25,False,1,listed_not_verified,not_adjudicated,not_assigned
NCT02409862,INTERVENTIONAL,WITHDRAWN,PHASE2|PHASE3,"[""Socioemotional Aging""]",2018-11-26,False,1,listed_not_verified,not_adjudicated,not_assigned
NCT02410161,INTERVENTIONAL,COMPLETED,NA,"[""Healthy""]",2019-02-18,True,0,not_listed_not_absent,not_adjudicated,not_assigned
NCT02412254,INTERVENTIONAL,COMPLETED,NA,"[""Hearing Loss""]",2021-04-08,False,1,listed_not_verified,not_adjudicated,not_assigned
NCT02413112,INTERVENTIONAL,COMPLETED,NA,"[""Aging"", ""Muscle Strength""]",2016-10-25,False,0,not_listed_not_absent,not_adjudicated,not_assigned
NCT02415582,INTERVENTIONAL,COMPLETED,NA,"[""Hypertension""]",2018-05-31,False,1,listed_not_verified,not_adjudicated,not_assigned
NCT02416401,INTERVENTIONAL,COMPLETED,NA,"[""Age-related Cognitive Decline""]",2018-01-09,False,2,listed_not_verified,not_adjudicated,not_assigned
NCT02418013,INTERVENTIONAL,UNKNOWN,PHASE1,"[""Aging""]",2016-01-13,False,1,listed_not_verified,not_adjudicated,not_assigned
NCT02422836,INTERVENTIONAL,COMPLETED,NA,"[""Skin Manifestations""]",2015-04-21,False,0,not_listed_not_absent,not_adjudicated,not_assigned
NCT02425345,INTERVENTIONAL,COMPLETED,NA,"[""Myocardial Infarction"", ""Stroke"", ""Cardiovascular Mortality"", ""Hip Fractures"", ""Falls"", ""Mortality"", ""Venous Thromboembolic Event"", ""Peripheral Artery Disease"", ""Physical Function"", ""Coronary Revascularization"", ""Mobility and Independence"", ""Clinical (Non-hip) Fractures"", ""Sleep"", ""Depressive Symptoms""]",2026-07-31,True,0,not_listed_not_absent,not_adjudicated,not_assigned
NCT02432287,INTERVENTIONAL,COMPLETED,PHASE4,"[""Aging""]",2021-05-21,True,1,listed_not_verified,not_adjudicated,not_assigned
NCT02436915,INTERVENTIONAL,COMPLETED,NA,"[""Aging""]",2019-06-05,True,1,listed_not_verified,not_adjudicated,not_assigned
NCT02437903,INTERVENTIONAL,COMPLETED,NA,"[""Aging""]",2018-02-15,True,1,listed_not_verified,not_adjudicated,not_assigned
NCT02441205,INTERVENTIONAL,COMPLETED,NA,"[""Aging"", ""Disease""]",2017-11-09,False,1,listed_not_verified,not_adjudicated,not_assigned
NCT02442479,INTERVENTIONAL,COMPLETED,NA,"[""Aging"", ""Muscular Atrophy""]",2016-04-25,False,1,listed_not_verified,not_adjudicated,not_assigned
NCT02445079,OBSERVATIONAL,COMPLETED,,"[""HIV"", ""Cardiovascular Disease"", ""Chronic Obstructive Pulmonary Disease"", ""Atherosclerosis"", ""Hypertension"", ""Diabetes Mellitus""]",2019-03-07,False,1,listed_not_verified,not_adjudicated,not_assigned
NCT02445560,INTERVENTIONAL,COMPLETED,NA,"[""Aging""]",2018-03-29,False,2,listed_not_verified,not_adjudicated,not_assigned
NCT02453178,INTERVENTIONAL,COMPLETED,NA,"[""Sedentary Lifestyle""]",2018-01-30,False,1,listed_not_verified,not_adjudicated,not_assigned
NCT02455258,INTERVENTIONAL,COMPLETED,NA,"[""Aging""]",2016-07-27,False,1,listed_not_verified,not_adjudicated,not_assigned
NCT02456870,INTERVENTIONAL,COMPLETED,NA,"[""Aging"", ""Obesity""]",2019-06-13,False,1,listed_not_verified,not_adjudicated,not_assigned
NCT02464254,INTERVENTIONAL,UNKNOWN,NA,"[""Chronic Illnesses""]",2019-06-21,False,1,listed_not_verified,not_adjudicated,not_assigned
NCT02467491,INTERVENTIONAL,COMPLETED,NA,"[""Aging""]",2016-06-28,True,1,listed_not_verified,not_adjudicated,not_assigned
NCT02472340,OBSERVATIONAL,COMPLETED,,"[""Aging"", ""Frailty"", ""Mitophagy""]",2016-08-01,False,1,listed_not_verified,not_adjudicated,not_assigned
NCT02487667,INTERVENTIONAL,UNKNOWN,NA,"[""Functional Insufficiency"", ""Aging""]",2015-07-01,False,1,listed_not_verified,not_adjudicated,not_assigned
NCT02488148,INTERVENTIONAL,COMPLETED,NA,"[""Aging""]",2018-10-12,False,1,listed_not_verified,not_adjudicated,not_assigned
NCT02490137,INTERVENTIONAL,COMPLETED,NA,"[""Aging"", ""Dementia""]",2019-01-10,False,1,listed_not_verified,not_adjudicated,not_assigned
NCT02496234,OBSERVATIONAL,COMPLETED,,"[""Coronary Artery Disease""]",2016-11-23,False,1,listed_not_verified,not_adjudicated,not_assigned
NCT02502292,INTERVENTIONAL,COMPLETED,NA,"[""Health Behavior"", ""Attitude to Health"", ""Impaired Health""]",2017-04-21,False,1,listed_not_verified,not_adjudicated,not_assigned
NCT02505438,INTERVENTIONAL,UNKNOWN,NA,"[""Healthy""]",2015-12-09,False,1,listed_not_verified,not_adjudicated,not_assigned
NCT02505529,INTERVENTIONAL,COMPLETED,NA,"[""Aging""]",2019-03-13,False,1,listed_not_verified,not_adjudicated,not_assigned
NCT02513680,INTERVENTIONAL,COMPLETED,NA,"[""Aging"", ""Wrinkles""]",2015-08-03,False,0,not_listed_not_absent,not_adjudicated,not_assigned
NCT02516189,INTERVENTIONAL,COMPLETED,NA,"[""Aging""]",2016-08-15,False,0,not_listed_not_absent,not_adjudicated,not_assigned
NCT02520232,INTERVENTIONAL,COMPLETED,NA,"[""Alzheimer's Disease""]",2026-06-01,False,2,listed_not_verified,not_adjudicated,not_assigned
NCT02520661,INTERVENTIONAL,COMPLETED,NA,"[""Emergencies"", ""Aging""]",2022-07-22,True,2,listed_not_verified,not_adjudicated,not_assigned
NCT02522091,INTERVENTIONAL,UNKNOWN,NA,"[""Alzheimer's Disease""]",2015-08-13,False,1,listed_not_verified,not_adjudicated,not_assigned
NCT02523274,INTERVENTIONAL,COMPLETED,PHASE2,"[""Aging""]",2022-01-13,True,1,listed_not_verified,not_adjudicated,not_assigned
NCT02525198,INTERVENTIONAL,COMPLETED,NA,"[""Mild Cognitive Impairment"", ""Subjective Memory Impairment""]",2024-05-14,False,3,listed_not_verified,not_adjudicated,not_assigned
NCT02526082,OBSERVATIONAL,ACTIVE_NOT_RECRUITING,,"[""Quality of Life"", ""Syndromes"", ""Aging"", ""Cardiovascular Disease"", ""Death""]",2015-08-18,False,0,not_listed_not_absent,not_adjudicated,not_assigned
NCT02529124,INTERVENTIONAL,COMPLETED,NA,"[""Sarcopenia"", ""Osteopenia""]",2016-06-27,False,0,not_listed_not_absent,not_adjudicated,not_assigned
NCT02530177,OBSERVATIONAL,ACTIVE_NOT_RECRUITING,,"[""Non-Metastatic Breast Cancer""]",2025-12-04,False,1,listed_not_verified,not_adjudicated,not_assigned
NCT02532725,OBSERVATIONAL,COMPLETED,,"[""Obesity"", ""Gender"", ""Problem of Aging""]",2015-08-26,False,1,listed_not_verified,not_adjudicated,not_assigned
NCT02533063,INTERVENTIONAL,COMPLETED,NA,"[""Sarcopenia"", ""Aging""]",2019-04-02,True,1,listed_not_verified,not_adjudicated,not_assigned
NCT02533804,OBSERVATIONAL,RECRUITING,,"[""Health Behavior"", ""Quality of Life"", ""Aging""]",2024-12-06,False,1,listed_not_verified,not_adjudicated,not_assigned
NCT02539446,INTERVENTIONAL,COMPLETED,NA,"[""Parkinson""]",2019-12-16,False,2,listed_not_verified,not_adjudicated,not_assigned
NCT02544295,INTERVENTIONAL,UNKNOWN,NA,"[""Aging"", ""Addiction"", ""Attention Deficit Disorder With Hyperactivity"", ""Sleep Disorders"", ""Anxiety"", ""Depression"", ""Attention Deficit""]",2015-09-09,False,1,listed_not_verified,not_adjudicated,not_assigned
NCT02547818,INTERVENTIONAL,COMPLETED,PHASE3,"[""Alzheimer's Disease""]",2021-11-10,False,121,listed_not_verified,not_adjudicated,not_assigned
NCT02554695,INTERVENTIONAL,COMPLETED,EARLY_PHASE1,"[""Bone Loss"", ""Aging""]",2018-01-05,False,1,listed_not_verified,not_adjudicated,not_assigned
NCT02556450,INTERVENTIONAL,COMPLETED,PHASE2,"[""Heart Failure""]",2022-03-08,False,9,listed_not_verified,not_adjudicated,not_assigned
NCT02558751,INTERVENTIONAL,COMPLETED,EARLY_PHASE1,"[""Pneumococcal Infection""]",2015-09-24,False,1,listed_not_verified,not_adjudicated,not_assigned
NCT02559063,INTERVENTIONAL,COMPLETED,NA,"[""Mild Cognitive Impairment""]",2019-10-02,False,1,listed_not_verified,not_adjudicated,not_assigned
NCT02559700,INTERVENTIONAL,COMPLETED,NA,"[""Dementia"", ""Mild Cognitive Impairment""]",2019-11-07,False,0,not_listed_not_absent,not_adjudicated,not_assigned
NCT02561403,INTERVENTIONAL,COMPLETED,NA,"[""TBI (Traumatic Brain Injury)""]",2019-04-29,False,2,listed_not_verified,not_adjudicated,not_assigned
NCT02564601,INTERVENTIONAL,COMPLETED,NA,"[""Aging""]",2019-05-01,False,1,listed_not_verified,not_adjudicated,not_assigned
NCT02566239,INTERVENTIONAL,COMPLETED,NA,"[""Aging""]",2021-08-04,True,1,listed_not_verified,not_adjudicated,not_assigned
NCT02566538,OBSERVATIONAL,COMPLETED,,"[""Aging""]",2020-07-31,False,1,listed_not_verified,not_adjudicated,not_assigned
NCT02572063,OBSERVATIONAL,TERMINATED,,"[""Malnutrition"", ""Intellectual Frailty of Aging"", ""Bone Fragility""]",2018-08-16,False,1,listed_not_verified,not_adjudicated,not_assigned
NCT02572323,INTERVENTIONAL,COMPLETED,PHASE2,"[""Mild Cognitive Impairment""]",2026-03-12,True,4,listed_not_verified,not_adjudicated,not_assigned
NCT02574416,OBSERVATIONAL,COMPLETED,,"[""Aging"", ""Dietary Habits"", ""Life Style""]",2018-12-06,False,1,listed_not_verified,not_adjudicated,not_assigned
NCT02575742,OBSERVATIONAL,COMPLETED,,"[""Ageing"", ""Constipation""]",2023-01-13,False,1,listed_not_verified,not_adjudicated,not_assigned
NCT02577042,INTERVENTIONAL,COMPLETED,PHASE4,"[""Aging-related Inflammation in HIV-infected Patients""]",2020-10-29,True,1,listed_not_verified,not_adjudicated,not_assigned
NCT02580370,INTERVENTIONAL,COMPLETED,PHASE3,"[""Skin Aging""]",2016-09-09,False,1,listed_not_verified,not_adjudicated,not_assigned
NCT02580409,INTERVENTIONAL,COMPLETED,NA,"[""Mobility Limitation""]",2025-12-15,True,1,listed_not_verified,not_adjudicated,not_assigned
NCT02582593,INTERVENTIONAL,COMPLETED,NA,"[""Aging""]",2025-02-19,True,2,listed_not_verified,not_adjudicated,not_assigned
NCT02584439,INTERVENTIONAL,COMPLETED,PHASE3,"[""Healthy"", ""Vascular Stiffness"", ""Aging""]",2026-04-17,False,1,listed_not_verified,not_adjudicated,not_assigned
NCT02585284,OBSERVATIONAL,COMPLETED,,"[""Aging""]",2019-06-24,False,1,listed_not_verified,not_adjudicated,not_assigned
NCT02592525,INTERVENTIONAL,COMPLETED,NA,"[""Aging""]",2019-12-20,False,1,listed_not_verified,not_adjudicated,not_assigned
NCT02592564,INTERVENTIONAL,UNKNOWN,NA,"[""Anxiety Disorders"", ""Social Anxiety Disorder""]",2017-09-01,False,1,listed_not_verified,not_adjudicated,not_assigned
NCT02593305,INTERVENTIONAL,COMPLETED,NA,"[""Aging""]",2019-10-14,True,1,listed_not_verified,not_adjudicated,not_assigned
NCT02596672,INTERVENTIONAL,COMPLETED,NA,"[""Physical Activity"", ""Aging"", ""Health Behaviour"", ""Social Isolation""]",2017-09-19,False,1,listed_not_verified,not_adjudicated,not_assigned
NCT02597023,INTERVENTIONAL,COMPLETED,NA,"[""Aging""]",2018-04-12,False,1,listed_not_verified,not_adjudicated,not_assigned
NCT02603029,INTERVENTIONAL,COMPLETED,NA,"[""Wrinkles"", ""Ageing"", ""Photoprotection"", ""Skin Care"", ""Skin Cream""]",2016-03-08,False,0,not_listed_not_absent,not_adjudicated,not_assigned
NCT02604563,OBSERVATIONAL,RECRUITING,,"[""Geriatrics"", ""Aged"", ""Geriatric Syndromes"", ""Cardiovascular Diseases""]",2026-07-13,False,1,listed_not_verified,not_adjudicated,not_assigned
NCT02604641,INTERVENTIONAL,COMPLETED,NA,"[""Wrinkles"", ""Ageing"", ""Photoprotection""]",2021-10-08,False,0,not_listed_not_absent,not_adjudicated,not_assigned
NCT02605980,OBSERVATIONAL,COMPLETED,,"[""Ageing""]",2019-06-11,False,1,listed_not_verified,not_adjudicated,not_assigned
NCT02606279,INTERVENTIONAL,TERMINATED,NA,"[""HIV"", ""Aging"", ""Sarcopenia"", ""Angiotensin Receptor Antagonists""]",2018-08-28,True,1,listed_not_verified,not_adjudicated,not_assigned
NCT02609516,OBSERVATIONAL,UNKNOWN,,"[""Multimorbidity""]",2015-11-20,False,1,listed_not_verified,not_adjudicated,not_assigned
NCT02613195,INTERVENTIONAL,UNKNOWN,PHASE3,"[""Evidence of Liver Transplantation""]",2015-11-24,False,2,listed_not_verified,not_adjudicated,not_assigned
NCT02617719,OBSERVATIONAL,UNKNOWN,,"[""Ageing""]",2016-03-02,False,0,not_listed_not_absent,not_adjudicated,not_assigned
NCT02621697,INTERVENTIONAL,COMPLETED,NA,"[""Aging""]",2015-12-03,False,0,not_listed_not_absent,not_adjudicated,not_assigned
NCT02623894,OBSERVATIONAL,COMPLETED,,"[""Healthy""]",2020-02-21,False,2,listed_not_verified,not_adjudicated,not_assigned
NCT02626078,OBSERVATIONAL,COMPLETED,,"[""Malnutrition""]",2017-08-22,False,8,listed_not_verified,not_adjudicated,not_assigned
NCT02626247,INTERVENTIONAL,UNKNOWN,NA,"[""Healthy""]",2015-12-11,False,1,listed_not_verified,not_adjudicated,not_assigned
NCT02628145,INTERVENTIONAL,COMPLETED,NA,"[""Sarcopenia""]",2023-10-04,True,1,listed_not_verified,not_adjudicated,not_assigned
NCT02628548,INTERVENTIONAL,COMPLETED,NA,"[""Aging""]",2022-09-07,False,1,listed_not_verified,not_adjudicated,not_assigned
NCT02629666,INTERVENTIONAL,COMPLETED,NA,"[""Physical Activity"", ""Biological Aging"", ""Frail Older Adults"", ""Controlled Clinical Trials, Randomized"", ""Sedentary Behaviour"", ""Exercise Referral Schemes"", ""Physical Function""]",2020-03-25,False,1,listed_not_verified,not_adjudicated,not_assigned
NCT02632604,INTERVENTIONAL,UNKNOWN,NA,"[""Aging""]",2018-01-17,False,1,listed_not_verified,not_adjudicated,not_assigned
NCT02636296,INTERVENTIONAL,COMPLETED,NA,"[""Aging""]",2015-12-21,False,0,not_listed_not_absent,not_adjudicated,not_assigned
NCT02640872,OBSERVATIONAL,COMPLETED,,"[""Aging"", ""Sarcopenia""]",2021-03-30,False,1,listed_not_verified,not_adjudicated,not_assigned
NCT02642094,INTERVENTIONAL,TERMINATED,PHASE2,"[""Cancer of Breast""]",2023-12-05,True,1,listed_not_verified,not_adjudicated,not_assigned
NCT02650258,OBSERVATIONAL,COMPLETED,,"[""Aging"", ""Walking"", ""Motor Activity"", ""Activities of Daily Living""]",2022-12-06,False,1,listed_not_verified,not_adjudicated,not_assigned
NCT02650336,OBSERVATIONAL,COMPLETED,,"[""Contrast Induced Nephropathy""]",2016-01-08,False,1,listed_not_verified,not_adjudicated,not_assigned
NCT02651233,OBSERVATIONAL,COMPLETED,,"[""Problem of Aging"", ""Smoking"", ""Physical Activity"", ""Gender""]",2016-01-08,False,0,not_listed_not_absent,not_adjudicated,not_assigned
NCT02653638,INTERVENTIONAL,COMPLETED,EARLY_PHASE1,"[""Cerebrovascular Circulation""]",2019-12-18,False,1,listed_not_verified,not_adjudicated,not_assigned
NCT02655393,INTERVENTIONAL,COMPLETED,PHASE1,"[""Aging"", ""Mitochondrial Dysfunction"", ""Muscle Function""]",2022-08-26,False,1,listed_not_verified,not_adjudicated,not_assigned
NCT02655497,INTERVENTIONAL,COMPLETED,NA,"[""Aging""]",2016-11-18,False,1,listed_not_verified,not_adjudicated,not_assigned
NCT02657642,OBSERVATIONAL,UNKNOWN,,"[""Ageing""]",2016-01-18,False,0,not_listed_not_absent,not_adjudicated,not_assigned
NCT02660723,INTERVENTIONAL,COMPLETED,NA,"[""Healthy""]",2018-07-23,False,1,listed_not_verified,not_adjudicated,not_assigned
NCT02663778,INTERVENTIONAL,COMPLETED,NA,"[""Gait, Unsteady""]",2021-09-20,False,1,listed_not_verified,not_adjudicated,not_assigned
NCT02663856,OBSERVATIONAL,UNKNOWN,,"[""HIV Infection"", ""Aging""]",2019-04-17,False,1,listed_not_verified,not_adjudicated,not_assigned
NCT02663869,OBSERVATIONAL,COMPLETED,,"[""HIV Infection"", ""Aging""]",2019-04-17,False,3,listed_not_verified,not_adjudicated,not_assigned
NCT02665169,INTERVENTIONAL,COMPLETED,NA,"[""Accidental Falls"", ""Health Behavior"", ""Aging""]",2019-08-20,False,1,listed_not_verified,not_adjudicated,not_assigned
NCT02667314,INTERVENTIONAL,COMPLETED,NA,"[""Cognitive Impairment""]",2018-11-30,False,1,listed_not_verified,not_adjudicated,not_assigned
NCT02670369,INTERVENTIONAL,COMPLETED,NA,"[""Sedentary Lifestyle""]",2017-10-13,False,1,listed_not_verified,not_adjudicated,not_assigned
NCT02674230,OBSERVATIONAL,RECRUITING,,"[""Obesity"", ""Circadian Dysregulation"", ""Aging"", ""Cardiovascular Disease""]",2026-06-23,False,1,listed_not_verified,not_adjudicated,not_assigned
NCT02675192,OBSERVATIONAL,COMPLETED,,"[""HEALTHY""]",2021-11-17,False,1,listed_not_verified,not_adjudicated,not_assigned
NCT02675608,OBSERVATIONAL,COMPLETED,,"[""Inflammation""]",2017-01-13,False,1,listed_not_verified,not_adjudicated,not_assigned
NCT02677363,INTERVENTIONAL,COMPLETED,NA,"[""Quality of Life"", ""Aging"", ""Memory Loss"", ""Cardiovascular Diseases""]",2018-04-03,False,1,listed_not_verified,not_adjudicated,not_assigned
NCT02677831,OBSERVATIONAL,UNKNOWN,,"[""Cardiovascular Diseases"", ""Metabolic Diseases""]",2017-03-31,False,0,not_listed_not_absent,not_adjudicated,not_assigned
NCT02679235,INTERVENTIONAL,COMPLETED,PHASE1|PHASE2,"[""Frontal Lobe Hypometabolism""]",2020-07-23,True,1,listed_not_verified,not_adjudicated,not_assigned
NCT02679274,INTERVENTIONAL,TERMINATED,EARLY_PHASE1,"[""Aging""]",2019-02-18,True,2,listed_not_verified,not_adjudicated,not_assigned
NCT02679924,INTERVENTIONAL,UNKNOWN,NA,"[""Problem of Aging""]",2017-03-01,False,1,listed_not_verified,not_adjudicated,not_assigned
NCT02681744,INTERVENTIONAL,UNKNOWN,NA,"[""Sarcopenia"", ""Aging"", ""Obesity""]",2016-02-15,False,1,listed_not_verified,not_adjudicated,not_assigned
NCT02683447,OBSERVATIONAL,COMPLETED,,"[""Ageing""]",2025-01-20,True,2,listed_not_verified,not_adjudicated,not_assigned
NCT02692235,INTERVENTIONAL,COMPLETED,PHASE3,"[""Sarcopenia""]",2019-05-23,True,1,listed_not_verified,not_adjudicated,not_assigned
NCT02692612,OBSERVATIONAL,COMPLETED,,"[""Sarcopenia""]",2022-05-19,False,1,listed_not_verified,not_adjudicated,not_assigned
NCT02692833,OBSERVATIONAL,COMPLETED,,"[""Acute Kidney Injury"", ""Heart Valve Diseases"", ""Coronary Artery Disease""]",2017-09-20,False,1,listed_not_verified,not_adjudicated,not_assigned
NCT02693782,INTERVENTIONAL,COMPLETED,NA,"[""Hypercholesterolemia"", ""Flatulence"", ""Intestinal Diseases""]",2017-05-02,False,1,listed_not_verified,not_adjudicated,not_assigned
NCT02694471,INTERVENTIONAL,COMPLETED,NA,"[""Muscular Atrophy""]",2016-03-01,False,1,listed_not_verified,not_adjudicated,not_assigned
NCT02695511,INTERVENTIONAL,COMPLETED,PHASE2,"[""Aging""]",2016-03-01,False,1,listed_not_verified,not_adjudicated,not_assigned
NCT02700672,OBSERVATIONAL,COMPLETED,,"[""Accidental Falls""]",2016-03-07,False,0,not_listed_not_absent,not_adjudicated,not_assigned
NCT02702570,INTERVENTIONAL,COMPLETED,NA,"[""Brain Aging""]",2020-03-18,False,1,listed_not_verified,not_adjudicated,not_assigned
NCT02706496,OBSERVATIONAL,COMPLETED,,"[""Aging""]",2016-03-11,False,1,listed_not_verified,not_adjudicated,not_assigned
NCT02708498,INTERVENTIONAL,COMPLETED,NA,"[""Ageing""]",2020-10-28,True,30,listed_not_verified,not_adjudicated,not_assigned
NCT02714426,INTERVENTIONAL,COMPLETED,NA,"[""Cognitive Aging""]",2019-03-07,True,1,listed_not_verified,not_adjudicated,not_assigned
NCT02714452,INTERVENTIONAL,COMPLETED,NA,"[""Aging""]",2018-10-11,False,1,listed_not_verified,not_adjudicated,not_assigned
NCT02716350,INTERVENTIONAL,COMPLETED,NA,"[""Healthy""]",2019-02-06,False,1,listed_not_verified,not_adjudicated,not_assigned
NCT02717819,INTERVENTIONAL,COMPLETED,NA,"[""Sarcopenia""]",2018-08-21,False,3,listed_not_verified,not_adjudicated,not_assigned
NCT02721303,INTERVENTIONAL,COMPLETED,NA,"[""Obesity"", ""Aging""]",2021-01-06,False,1,listed_not_verified,not_adjudicated,not_assigned
NCT02721368,INTERVENTIONAL,COMPLETED,NA,"[""Aging""]",2020-10-14,False,1,listed_not_verified,not_adjudicated,not_assigned
NCT02726906,INTERVENTIONAL,COMPLETED,NA,"[""Aging"", ""Cognitive Ability, General""]",2024-10-02,True,1,listed_not_verified,not_adjudicated,not_assigned
NCT02729220,INTERVENTIONAL,COMPLETED,NA,"[""Pulmonary Disease, Chronic Obstructive""]",2016-04-06,False,1,listed_not_verified,not_adjudicated,not_assigned
NCT02729428,OBSERVATIONAL,COMPLETED,,"[""Cerebrovascular Circulation""]",2019-12-09,False,1,listed_not_verified,not_adjudicated,not_assigned
NCT02730520,OBSERVATIONAL,COMPLETED,,"[""Allergy""]",2016-09-12,False,1,listed_not_verified,not_adjudicated,not_assigned
NCT02733523,INTERVENTIONAL,COMPLETED,NA,"[""Health Status Disparities"", ""Subjective Health"", ""Self Care"", ""Social Capital"", ""Health Literacy"", ""Aging""]",2018-02-07,False,0,not_listed_not_absent,not_adjudicated,not_assigned
NCT02735005,INTERVENTIONAL,COMPLETED,NA,"[""Disabled People"", ""Aging"", ""Mental Handicap""]",2019-06-18,False,30,listed_not_verified,not_adjudicated,not_assigned
NCT02739971,INTERVENTIONAL,COMPLETED,NA,"[""Cognitive Decline"", ""Aging"", ""Type 2 Diabetes""]",2021-03-23,False,1,listed_not_verified,not_adjudicated,not_assigned
NCT02745275,INTERVENTIONAL,COMPLETED,NA,"[""Health Behavior"", ""Ageing""]",2019-11-04,False,1,listed_not_verified,not_adjudicated,not_assigned
NCT02745886,INTERVENTIONAL,UNKNOWN,PHASE4,"[""Overweight Subjects"", ""Metformin"", ""Aging""]",2016-04-26,False,1,listed_not_verified,not_adjudicated,not_assigned
NCT02751866,INTERVENTIONAL,ACTIVE_NOT_RECRUITING,NA,"[""Overweight, Obesity and Other Hyperalimentation (E65-E68)""]",2025-04-01,False,1,listed_not_verified,not_adjudicated,not_assigned
NCT02755584,OBSERVATIONAL,COMPLETED,,"[""Healthy Volunteers""]",2026-06-18,False,1,listed_not_verified,not_adjudicated,not_assigned
NCT02761603,INTERVENTIONAL,UNKNOWN,NA,"[""Hypertension"", ""Prehypertension""]",2022-01-21,False,0,not_listed_not_absent,not_adjudicated,not_assigned
NCT02764905,OBSERVATIONAL,COMPLETED,,"[""Cognitive Rehabilitation"", ""Physical Rehabilitation""]",2019-10-30,False,1,listed_not_verified,not_adjudicated,not_assigned
NCT02765763,INTERVENTIONAL,COMPLETED,PHASE4,"[""Skin Aging"", ""Photoaging of Skin""]",2018-01-11,False,1,listed_not_verified,not_adjudicated,not_assigned
NCT02767323,INTERVENTIONAL,COMPLETED,NA,"[""Aging""]",2021-04-05,True,1,listed_not_verified,not_adjudicated,not_assigned
NCT02771366,INTERVENTIONAL,COMPLETED,PHASE2,"[""Metabolism - Cerebral Energy""]",2019-10-17,True,1,listed_not_verified,not_adjudicated,not_assigned
NCT02772900,INTERVENTIONAL,COMPLETED,NA,"[""Aging"", ""Hypertension"", ""Dyslipidemia"", ""Abdominal Obesity""]",2016-05-17,False,0,not_listed_not_absent,not_adjudicated,not_assigned
NCT02773121,INTERVENTIONAL,COMPLETED,NA,"[""Aging""]",2020-04-21,False,1,listed_not_verified,not_adjudicated,not_assigned
NCT02775331,INTERVENTIONAL,COMPLETED,NA,"[""Work Stress"", ""Sleep Disturbance""]",2023-03-01,False,0,not_listed_not_absent,not_adjudicated,not_assigned
NCT02775760,INTERVENTIONAL,TERMINATED,NA,"[""Aging""]",2023-05-10,True,1,listed_not_verified,not_adjudicated,not_assigned
NCT02777138,OBSERVATIONAL,UNKNOWN,,"[""Inflammation"", ""Aging""]",2018-08-24,False,1,listed_not_verified,not_adjudicated,not_assigned
NCT02779972,OBSERVATIONAL,COMPLETED,,"[""Aging"", ""Exercise Tolerance""]",2018-02-15,False,1,listed_not_verified,not_adjudicated,not_assigned
NCT02784769,INTERVENTIONAL,COMPLETED,NA,"[""Aortic Aneurysm""]",2026-01-21,False,1,listed_not_verified,not_adjudicated,not_assigned
NCT02786394,INTERVENTIONAL,COMPLETED,NA,"[""Aging"", ""Activity"", ""Lifestyle""]",2023-05-10,True,1,listed_not_verified,not_adjudicated,not_assigned
NCT02787655,INTERVENTIONAL,COMPLETED,NA,"[""Sedentary Lifestyle""]",2020-11-16,True,1,listed_not_verified,not_adjudicated,not_assigned
NCT02788370,INTERVENTIONAL,UNKNOWN,NA,"[""Aging""]",2017-08-22,False,0,not_listed_not_absent,not_adjudicated,not_assigned
NCT02788695,OBSERVATIONAL,COMPLETED,,"[""Aging""]",2019-08-13,False,1,listed_not_verified,not_adjudicated,not_assigned
NCT02790541,INTERVENTIONAL,COMPLETED,NA,"[""Aging""]",2026-04-22,False,1,listed_not_verified,not_adjudicated,not_assigned
NCT02791139,OBSERVATIONAL,UNKNOWN,,"[""Ageing""]",2016-06-16,False,1,listed_not_verified,not_adjudicated,not_assigned
NCT02795624,OBSERVATIONAL,COMPLETED,,"[""Vascular Aging"", ""Secondhand Smoking""]",2021-08-23,False,1,listed_not_verified,not_adjudicated,not_assigned
NCT02796508,INTERVENTIONAL,COMPLETED,NA,"[""Ageing""]",2017-10-30,False,1,listed_not_verified,not_adjudicated,not_assigned
NCT02796521,INTERVENTIONAL,TERMINATED,NA,"[""Malnutrition""]",2018-10-15,False,1,listed_not_verified,not_adjudicated,not_assigned
NCT02796976,INTERVENTIONAL,COMPLETED,NA,"[""Cardiovascular Disease"", ""Obesity"", ""Atherosclerosis"", ""Heart; Disease, Activity""]",2018-12-06,False,1,listed_not_verified,not_adjudicated,not_assigned
NCT02803125,INTERVENTIONAL,COMPLETED,NA,"[""Posttraumatic Stress Disorder""]",2024-08-01,True,1,listed_not_verified,not_adjudicated,not_assigned
NCT02803554,INTERVENTIONAL,COMPLETED,NA,"[""Aging""]",2018-05-11,False,0,not_listed_not_absent,not_adjudicated,not_assigned
NCT02804841,INTERVENTIONAL,COMPLETED,NA,"[""Healthy""]",2016-11-22,False,1,listed_not_verified,not_adjudicated,not_assigned
NCT02804971,OBSERVATIONAL,COMPLETED,,"[""Bronchiectasis""]",2026-06-29,False,1,listed_not_verified,not_adjudicated,not_assigned
NCT02805959,OBSERVATIONAL,UNKNOWN,,"[""Constipation""]",2016-06-21,False,0,not_listed_not_absent,not_adjudicated,not_assigned
NCT02806765,INTERVENTIONAL,WITHDRAWN,NA,"[""Aging""]",2023-02-01,False,1,listed_not_verified,not_adjudicated,not_assigned
NCT02807506,INTERVENTIONAL,COMPLETED,NA,"[""Aging""]",2023-03-21,True,1,listed_not_verified,not_adjudicated,not_assigned
NCT02810769,INTERVENTIONAL,COMPLETED,NA,"[""Ageing""]",2016-06-23,False,1,listed_not_verified,not_adjudicated,not_assigned
NCT02810821,OBSERVATIONAL,UNKNOWN,,"[""Aging"", ""Menopause""]",2023-04-18,False,1,listed_not_verified,not_adjudicated,not_assigned
NCT02811445,OBSERVATIONAL,COMPLETED,,"[""Sarcopenia""]",2020-08-06,True,1,listed_not_verified,not_adjudicated,not_assigned
NCT02813291,INTERVENTIONAL,COMPLETED,NA,"[""Aging"", ""Motor Learning""]",2025-09-03,False,1,listed_not_verified,not_adjudicated,not_assigned
NCT02815566,INTERVENTIONAL,COMPLETED,PHASE4,"[""Osteoporosis"", ""HIV"", ""Menopause""]",2024-12-19,True,7,listed_not_verified,not_adjudicated,not_assigned
NCT02815878,INTERVENTIONAL,COMPLETED,NA,"[""Multiple Sclerosis"", ""Muscular Dystrophy"", ""Post-polio Syndrome"", ""Spinal Cord Injury""]",2018-04-03,False,1,listed_not_verified,not_adjudicated,not_assigned
NCT02816723,INTERVENTIONAL,COMPLETED,NA,"[""Aging""]",2020-04-07,True,1,listed_not_verified,not_adjudicated,not_assigned
NCT02825602,OBSERVATIONAL,UNKNOWN,,"[""Aging"", ""Combat Disorders""]",2019-04-24,False,1,listed_not_verified,not_adjudicated,not_assigned
NCT02830854,INTERVENTIONAL,COMPLETED,PHASE3,"[""Cognitive Impairments"", ""Aging""]",2016-10-28,False,1,listed_not_verified,not_adjudicated,not_assigned
NCT02831283,INTERVENTIONAL,COMPLETED,PHASE2,"[""Alzheimer's Disease""]",2025-03-05,True,1,listed_not_verified,not_adjudicated,not_assigned
NCT02831335,OBSERVATIONAL,RECRUITING,,"[""Aging""]",2025-10-15,False,1,listed_not_verified,not_adjudicated,not_assigned
NCT02839759,INTERVENTIONAL,COMPLETED,NA,"[""Hearing Loss""]",2020-05-14,False,2,listed_not_verified,not_adjudicated,not_assigned
NCT02840851,OBSERVATIONAL,COMPLETED,,"[""Healthy"", ""Aging""]",2019-12-09,False,1,listed_not_verified,not_adjudicated,not_assigned
NCT02841787,INTERVENTIONAL,COMPLETED,NA,"[""Depression""]",2018-10-29,True,1,listed_not_verified,not_adjudicated,not_assigned
NCT02843009,INTERVENTIONAL,COMPLETED,NA,"[""Ageing""]",2016-07-25,False,1,listed_not_verified,not_adjudicated,not_assigned
NCT02844478,INTERVENTIONAL,COMPLETED,NA,"[""Stress, Psychological"", ""Telomere Shortening"", ""Stress, Physiological""]",2018-10-16,False,1,listed_not_verified,not_adjudicated,not_assigned
NCT02851511,INTERVENTIONAL,COMPLETED,NA,"[""Aging""]",2024-04-17,True,3,listed_not_verified,not_adjudicated,not_assigned
NCT02857153,INTERVENTIONAL,UNKNOWN,NA,"[""Aging"", ""Surgery"", ""Blood Pressure"", ""Anesthesia"", ""Blood Loss, Surgical"", ""Postoperative Delirium""]",2016-08-16,False,7,listed_not_verified,not_adjudicated,not_assigned
NCT02857387,INTERVENTIONAL,COMPLETED,NA,"[""Acute Coronary Syndrome""]",2018-10-25,False,1,listed_not_verified,not_adjudicated,not_assigned
NCT02861742,INTERVENTIONAL,COMPLETED,NA,"[""Aging"", ""Breast Cancer""]",2026-03-18,False,32,listed_not_verified,not_adjudicated,not_assigned
NCT02863224,OBSERVATIONAL,COMPLETED,,"[""Primary Open Angle Glaucoma"", ""Normal Tension Glaucoma"", ""Ocular Hypertension""]",2019-04-16,False,1,listed_not_verified,not_adjudicated,not_assigned
NCT02865499,INTERVENTIONAL,COMPLETED,PHASE2,"[""Aging""]",2019-03-14,True,1,listed_not_verified,not_adjudicated,not_assigned
NCT02871921,INTERVENTIONAL,COMPLETED,NA,"[""Aging"", ""Mild Cognitive Impairment""]",2024-04-02,True,2,listed_not_verified,not_adjudicated,not_assigned
NCT02874924,INTERVENTIONAL,COMPLETED,PHASE2,"[""Aging""]",2018-12-04,True,1,listed_not_verified,not_adjudicated,not_assigned
NCT02875496,OBSERVATIONAL,UNKNOWN,,"[""Early Onset Alzheimer Disease"", ""Mild Cognitive Impairment"", ""Depression"", ""Aging""]",2019-11-27,False,1,listed_not_verified,not_adjudicated,not_assigned
NCT02876653,INTERVENTIONAL,COMPLETED,NA,"[""Obstructive Sleep Apnea""]",2016-08-24,False,1,listed_not_verified,not_adjudicated,not_assigned
NCT02876809,OBSERVATIONAL,COMPLETED,,"[""Aging""]",2021-03-23,False,1,listed_not_verified,not_adjudicated,not_assigned
NCT02877758,INTERVENTIONAL,UNKNOWN,PHASE1|PHASE2,"[""Aging""]",2016-08-25,False,0,not_listed_not_absent,not_adjudicated,not_assigned
NCT02879396,INTERVENTIONAL,COMPLETED,NA,"[""Aging"", ""Emergencies""]",2018-11-01,False,1,listed_not_verified,not_adjudicated,not_assigned
NCT02884492,INTERVENTIONAL,TERMINATED,PHASE2,"[""Alzheimer's Disease""]",2018-11-19,True,1,listed_not_verified,not_adjudicated,not_assigned
NCT02888600,INTERVENTIONAL,COMPLETED,NA,"[""Psychological Stress"", ""Loneliness""]",2024-10-23,False,3,listed_not_verified,not_adjudicated,not_assigned
NCT02890290,INTERVENTIONAL,COMPLETED,NA,"[""Sarcopenia""]",2019-08-28,False,0,not_listed_not_absent,not_adjudicated,not_assigned
NCT02897102,INTERVENTIONAL,COMPLETED,NA,"[""Aging""]",2016-09-13,False,0,not_listed_not_absent,not_adjudicated,not_assigned
NCT02898701,INTERVENTIONAL,COMPLETED,NA,"[""Aging""]",2021-06-15,False,1,listed_not_verified,not_adjudicated,not_assigned
NCT02900612,INTERVENTIONAL,COMPLETED,NA,"[""Dyslipidemias""]",2016-09-14,False,0,not_listed_not_absent,not_adjudicated,not_assigned
NCT02902718,INTERVENTIONAL,UNKNOWN,NA,"[""Skin Aging"", ""Skin Rejuvenation""]",2017-03-03,False,1,listed_not_verified,not_adjudicated,not_assigned
NCT02903992,INTERVENTIONAL,COMPLETED,NA,"[""Aging""]",2021-10-29,False,1,listed_not_verified,not_adjudicated,not_assigned
NCT02906566,INTERVENTIONAL,COMPLETED,PHASE4,"[""Intrinsic Aging of Skin""]",2019-04-16,True,1,listed_not_verified,not_adjudicated,not_assigned
NCT02907268,INTERVENTIONAL,COMPLETED,PHASE2,"[""Facial Rhytids""]",2017-10-13,True,0,not_listed_not_absent,not_adjudicated,not_assigned
NCT02909699,OBSERVATIONAL,COMPLETED,,"[""Aging""]",2018-11-29,False,1,listed_not_verified,not_adjudicated,not_assigned
NCT02912130,INTERVENTIONAL,COMPLETED,NA,"[""Sarcopenia"", ""Muscular Atrophy""]",2025-09-11,False,1,listed_not_verified,not_adjudicated,not_assigned
NCT02918981,INTERVENTIONAL,COMPLETED,NA,"[""Aging""]",2020-11-03,False,1,listed_not_verified,not_adjudicated,not_assigned
NCT02919514,INTERVENTIONAL,COMPLETED,NA,"[""Falls, Accidental"", ""Aging""]",2019-03-12,False,1,listed_not_verified,not_adjudicated,not_assigned
NCT02921659,INTERVENTIONAL,COMPLETED,PHASE1|PHASE2,"[""Aging""]",2016-12-01,False,1,listed_not_verified,not_adjudicated,not_assigned
NCT02926157,INTERVENTIONAL,COMPLETED,NA,"[""Sleep"", ""Aging""]",2019-05-09,False,1,listed_not_verified,not_adjudicated,not_assigned
NCT02932059,INTERVENTIONAL,UNKNOWN,NA,"[""Schizophrenia"", ""Aging""]",2017-07-27,False,1,listed_not_verified,not_adjudicated,not_assigned
NCT02942888,INTERVENTIONAL,COMPLETED,NA,"[""Mild Cognitive Impairment"", ""NAD""]",2021-09-02,False,2,listed_not_verified,not_adjudicated,not_assigned
NCT02945293,OBSERVATIONAL,UNKNOWN,,"[""Mild to Heavy Alcohol Consumption""]",2021-05-13,False,1,listed_not_verified,not_adjudicated,not_assigned
NCT02947230,INTERVENTIONAL,COMPLETED,NA,"[""Mobility Limitation""]",2020-02-21,False,1,listed_not_verified,not_adjudicated,not_assigned
NCT02949115,INTERVENTIONAL,UNKNOWN,PHASE2,"[""Overweight"", ""Obesity"", ""Aging"", ""Menopause""]",2018-11-13,False,1,listed_not_verified,not_adjudicated,not_assigned
NCT02950441,INTERVENTIONAL,UNKNOWN,PHASE2,"[""Aging""]",2017-06-07,False,1,listed_not_verified,not_adjudicated,not_assigned
NCT02953093,INTERVENTIONAL,TERMINATED,PHASE2,"[""Aging""]",2025-06-24,True,1,listed_not_verified,not_adjudicated,not_assigned
NCT02956694,INTERVENTIONAL,COMPLETED,NA,"[""Dementia"", ""Professional-Patient Relations"", ""Professional-Family Relations"", ""Aging""]",2020-03-23,False,1,listed_not_verified,not_adjudicated,not_assigned
NCT02957188,OBSERVATIONAL,COMPLETED,,"[""Healthy Volunteers""]",2016-11-07,False,0,not_listed_not_absent,not_adjudicated,not_assigned
NCT02957422,INTERVENTIONAL,COMPLETED,NA,"[""Brain Aging""]",2021-05-19,False,1,listed_not_verified,not_adjudicated,not_assigned
NCT02965469,INTERVENTIONAL,COMPLETED,NA,"[""HIV"", ""Aging"", ""Stress, Psychological"", ""Frailty""]",2022-04-15,False,1,listed_not_verified,not_adjudicated,not_assigned
NCT02970188,INTERVENTIONAL,UNKNOWN,PHASE1|PHASE2,"[""Aging""]",2019-06-14,False,1,listed_not_verified,not_adjudicated,not_assigned
NCT02974985,INTERVENTIONAL,UNKNOWN,NA,"[""Esthetic & Topographic Shifts From Facial Fillers""]",2018-07-10,False,1,listed_not_verified,not_adjudicated,not_assigned
NCT02977819,INTERVENTIONAL,COMPLETED,NA,"[""Cognitive Aging""]",2025-02-10,False,1,listed_not_verified,not_adjudicated,not_assigned
NCT02980094,INTERVENTIONAL,COMPLETED,NA,"[""Nutrient Deficiency"", ""Age-Related Immunodeficiency"", ""Vitamin E Deficiency"", ""Selenium Deficiency"", ""Fatty Acid Deficiency"", ""Institutionalization; Disinhibited Attachment""]",2018-03-30,False,1,listed_not_verified,not_adjudicated,not_assigned
NCT02980354,OBSERVATIONAL,UNKNOWN,,"[""Stroke""]",2019-05-03,False,2,listed_not_verified,not_adjudicated,not_assigned
NCT02981771,INTERVENTIONAL,COMPLETED,NA,"[""Aging"", ""Cardiovascular Diseases""]",2018-10-17,False,1,listed_not_verified,not_adjudicated,not_assigned
NCT02982915,INTERVENTIONAL,COMPLETED,PHASE1|PHASE2,"[""Aging Frailty""]",2022-11-04,False,6,listed_not_verified,not_adjudicated,not_assigned
NCT02985580,INTERVENTIONAL,COMPLETED,NA,"[""Cognitive Aging""]",2016-12-07,False,0,not_listed_not_absent,not_adjudicated,not_assigned
NCT02986386,INTERVENTIONAL,COMPLETED,NA,"[""Malocclusion"", ""Dementia""]",2026-05-12,False,1,listed_not_verified,not_adjudicated,not_assigned
NCT02987868,INTERVENTIONAL,COMPLETED,NA,"[""Growth Hormone Treatment"", ""Aging""]",2018-02-08,True,0,not_listed_not_absent,not_adjudicated,not_assigned
NCT02988908,INTERVENTIONAL,COMPLETED,PHASE4,"[""Memory""]",2017-02-10,False,1,listed_not_verified,not_adjudicated,not_assigned
NCT02990533,INTERVENTIONAL,COMPLETED,PHASE1,"[""Aging""]",2024-12-17,False,1,listed_not_verified,not_adjudicated,not_assigned
NCT02995668,INTERVENTIONAL,COMPLETED,NA,"[""Knee Osteoarthritis"", ""Aging""]",2022-11-29,False,1,listed_not_verified,not_adjudicated,not_assigned
NCT02996578,INTERVENTIONAL,COMPLETED,NA,"[""Healthy Ageing""]",2023-03-28,False,1,listed_not_verified,not_adjudicated,not_assigned
NCT02997007,INTERVENTIONAL,UNKNOWN,NA,"[""Mild Cognitive Impairment""]",2018-03-26,False,1,listed_not_verified,not_adjudicated,not_assigned
NCT02999802,INTERVENTIONAL,COMPLETED,NA,"[""Nutrient Sensing""]",2018-06-13,False,1,listed_not_verified,not_adjudicated,not_assigned
NCT03001778,INTERVENTIONAL,COMPLETED,NA,"[""Aging"", ""Physical Activity""]",2018-09-20,True,1,listed_not_verified,not_adjudicated,not_assigned
NCT03002714,INTERVENTIONAL,COMPLETED,NA,"[""Resistance Exercise Pressor and Neural Responses in Older Women""]",2016-12-26,False,0,not_listed_not_absent,not_adjudicated,not_assigned
NCT03004170,INTERVENTIONAL,UNKNOWN,NA,"[""HIV Seropositivity""]",2021-04-09,False,1,listed_not_verified,not_adjudicated,not_assigned
NCT03004807,INTERVENTIONAL,COMPLETED,NA,"[""Vitamin Deficiency"", ""Mineral Deficiency"", ""Aging""]",2025-06-08,False,1,listed_not_verified,not_adjudicated,not_assigned
NCT03005236,INTERVENTIONAL,UNKNOWN,PHASE4,"[""Kidney Transplant Failure and Rejection""]",2016-12-29,False,0,not_listed_not_absent,not_adjudicated,not_assigned
NCT03010410,OBSERVATIONAL,UNKNOWN,,"[""Sepsis"", ""Influenza""]",2019-08-13,False,1,listed_not_verified,not_adjudicated,not_assigned
NCT03011957,OBSERVATIONAL,UNKNOWN,,"[""HIV""]",2018-01-18,False,1,listed_not_verified,not_adjudicated,not_assigned
NCT03015870,INTERVENTIONAL,COMPLETED,NA,"[""Aging""]",2017-01-10,False,1,listed_not_verified,not_adjudicated,not_assigned
NCT03018106,INTERVENTIONAL,TERMINATED,PHASE4,"[""Sexual Dysfunction, Physiological""]",2018-01-23,True,4,listed_not_verified,not_adjudicated,not_assigned
NCT03023163,OBSERVATIONAL,COMPLETED,,"[""Spinal Cord Injury""]",2023-06-26,False,1,listed_not_verified,not_adjudicated,not_assigned
NCT03025126,INTERVENTIONAL,COMPLETED,NA,"[""Rehabilitation"", ""Technology"", ""Telerehabilitation"", ""Nervous System Diseases""]",2018-02-19,False,3,listed_not_verified,not_adjudicated,not_assigned
NCT03029975,INTERVENTIONAL,COMPLETED,NA,"[""Aging""]",2019-11-13,False,1,listed_not_verified,not_adjudicated,not_assigned
NCT03030053,INTERVENTIONAL,UNKNOWN,NA,"[""Mental Processes""]",2018-05-24,False,1,listed_not_verified,not_adjudicated,not_assigned
NCT03030456,INTERVENTIONAL,UNKNOWN,NA,"[""Aging"", ""Oxidative Stress""]",2017-01-25,False,0,not_listed_not_absent,not_adjudicated,not_assigned
NCT03034746,INTERVENTIONAL,COMPLETED,NA,"[""Alzheimer Disease"", ""Cognitive Impairment"", ""Physical Activity""]",2017-01-30,False,0,not_listed_not_absent,not_adjudicated,not_assigned
NCT03035201,OBSERVATIONAL,COMPLETED,,"[""Cognitive Impairment"", ""Dementia"", ""Aging""]",2023-08-22,True,1,listed_not_verified,not_adjudicated,not_assigned
NCT03039491,INTERVENTIONAL,COMPLETED,EARLY_PHASE1,"[""HIV Lipodystrophy"", ""Aging""]",2020-06-16,False,1,listed_not_verified,not_adjudicated,not_assigned
NCT03039647,OBSERVATIONAL,COMPLETED,,"[""Insulin Resistance""]",2022-05-09,False,1,listed_not_verified,not_adjudicated,not_assigned
NCT03050957,INTERVENTIONAL,COMPLETED,PHASE2,"[""Deglutition Disorders""]",2017-05-10,False,0,not_listed_not_absent,not_adjudicated,not_assigned
NCT03052192,OBSERVATIONAL,UNKNOWN,,"[""Aging"", ""Polypharmacy"", ""Malnutrition"", ""Inflammation"", ""Emergency Service, Hospital""]",2019-10-15,False,1,listed_not_verified,not_adjudicated,not_assigned
NCT03054168,INTERVENTIONAL,UNKNOWN,PHASE3,"[""Sarcopenia"", ""Muscle Hypotrophy"", ""Muscle Atrophy""]",2019-02-26,False,1,listed_not_verified,not_adjudicated,not_assigned
NCT03055429,INTERVENTIONAL,COMPLETED,NA,"[""Aging Problems""]",2023-02-06,False,2,listed_not_verified,not_adjudicated,not_assigned
NCT03056105,OBSERVATIONAL,COMPLETED,,"[""Aging""]",2017-05-30,False,1,listed_not_verified,not_adjudicated,not_assigned
NCT03056508,INTERVENTIONAL,TERMINATED,NA,"[""Subjective Cognitive Decline"", ""Age-Related Cognitive Decline""]",2020-10-14,False,4,listed_not_verified,not_adjudicated,not_assigned
NCT03058146,INTERVENTIONAL,TERMINATED,NA,"[""Physical Activity"", ""Aging""]",2023-07-17,True,1,listed_not_verified,not_adjudicated,not_assigned
NCT03060798,OBSERVATIONAL,COMPLETED,,"[""Healthy"", ""Aging""]",2020-04-14,False,1,listed_not_verified,not_adjudicated,not_assigned
NCT03062384,INTERVENTIONAL,COMPLETED,NA,"[""Oxidative Stress""]",2019-08-20,False,1,listed_not_verified,not_adjudicated,not_assigned
NCT03064503,INTERVENTIONAL,COMPLETED,NA,"[""Healthy""]",2026-03-12,False,1,listed_not_verified,not_adjudicated,not_assigned
NCT03065088,INTERVENTIONAL,COMPLETED,NA,"[""Young Older Adults""]",2019-03-26,False,3,listed_not_verified,not_adjudicated,not_assigned
NCT03069391,INTERVENTIONAL,UNKNOWN,NA,"[""Alzheimer Disease, Early Onset"", ""MCI"", ""Aging"", ""Mild Cognitive Impairment"", ""Neurocognitive Disorder"", ""Cognitive Impairment"", ""Cognitive Change""]",2020-03-31,False,1,listed_not_verified,not_adjudicated,not_assigned
NCT03071562,INTERVENTIONAL,COMPLETED,NA,"[""HIV/AIDS"", ""Cognitive Impairment"", ""Aging"", ""Mobility Limitation"", ""Medication Adherence"", ""Depression"", ""Quality of Life"", ""Balance Problems""]",2020-01-23,False,1,listed_not_verified,not_adjudicated,not_assigned
NCT03071835,OBSERVATIONAL,COMPLETED,,"[""Cardiomyopathies"", ""Heart Diseases"", ""Aging Frailty""]",2023-10-18,False,1,listed_not_verified,not_adjudicated,not_assigned
NCT03072108,INTERVENTIONAL,COMPLETED,NA,"[""Knee Discomfort"", ""Knee Pain""]",2018-10-09,False,1,listed_not_verified,not_adjudicated,not_assigned
NCT03072485,INTERVENTIONAL,COMPLETED,PHASE1,"[""Aging""]",2019-04-01,False,1,listed_not_verified,not_adjudicated,not_assigned
NCT03072862,OBSERVATIONAL,COMPLETED,,"[""Hearing Loss""]",2024-01-08,True,8,listed_not_verified,not_adjudicated,not_assigned
NCT03074643,INTERVENTIONAL,COMPLETED,NA,"[""Obesity"", ""Weight Loss"", ""Diet Modification"", ""Aging"", ""Weight Change, Body"", ""Dietary Habits""]",2023-05-22,True,1,listed_not_verified,not_adjudicated,not_assigned
NCT03075007,OBSERVATIONAL,COMPLETED,,"[""Alzheimer Disease"", ""White Matter Hyperintensities"", ""Dementia"", ""Aging""]",2019-09-12,False,1,listed_not_verified,not_adjudicated,not_assigned
NCT03076606,OBSERVATIONAL,TERMINATED,,"[""Visual Acuity"", ""Accidental Fall"", ""Aging"", ""Nurse's Role""]",2023-09-15,False,1,listed_not_verified,not_adjudicated,not_assigned
NCT03077529,INTERVENTIONAL,COMPLETED,NA,"[""Healthy Young Adults"", ""Prefrail Elderly""]",2018-09-07,False,1,listed_not_verified,not_adjudicated,not_assigned
NCT03079180,INTERVENTIONAL,UNKNOWN,NA,"[""Aging"", ""Exercise Training"", ""Connective Tissue"", ""Skeletal Muscle""]",2017-03-14,False,1,listed_not_verified,not_adjudicated,not_assigned
NCT03080675,INTERVENTIONAL,COMPLETED,NA,"[""Cognitive Decline""]",2019-05-23,False,1,listed_not_verified,not_adjudicated,not_assigned
NCT03080818,INTERVENTIONAL,COMPLETED,NA,"[""Aging""]",2020-02-20,False,1,listed_not_verified,not_adjudicated,not_assigned
NCT03081533,INTERVENTIONAL,UNKNOWN,NA,"[""Family Caregiver""]",2019-03-25,False,1,listed_not_verified,not_adjudicated,not_assigned
NCT03084107,INTERVENTIONAL,COMPLETED,NA,"[""Elderly""]",2017-06-21,False,1,listed_not_verified,not_adjudicated,not_assigned
NCT03085680,INTERVENTIONAL,COMPLETED,PHASE2|PHASE3,"[""Older Adults"", ""Physical Function"", ""Cognitive Function""]",2022-07-26,True,1,listed_not_verified,not_adjudicated,not_assigned
NCT03087643,INTERVENTIONAL,COMPLETED,NA,"[""Endothelial Dysfunction"", ""Aging"", ""Bed Rest""]",2019-08-06,True,3,listed_not_verified,not_adjudicated,not_assigned
NCT03092219,INTERVENTIONAL,COMPLETED,NA,"[""Perioral Rhytids"", ""Aging"", ""Wrinkle""]",2023-06-22,True,8,listed_not_verified,not_adjudicated,not_assigned
NCT03092570,INTERVENTIONAL,UNKNOWN,NA,"[""Stroke""]",2017-10-19,False,2,listed_not_verified,not_adjudicated,not_assigned
NCT03092687,OBSERVATIONAL,TERMINATED,,"[""Schizophrenia"", ""Major Depression"", ""Bipolar Disorder"", ""PTSD""]",2019-09-06,False,1,listed_not_verified,not_adjudicated,not_assigned
NCT03092869,INTERVENTIONAL,COMPLETED,NA,"[""Aging Problems""]",2018-06-08,False,2,listed_not_verified,not_adjudicated,not_assigned
NCT03095417,INTERVENTIONAL,COMPLETED,NA,"[""Delirium"", ""Alzheimer Disease""]",2024-03-27,True,6,listed_not_verified,not_adjudicated,not_assigned
NCT03095534,INTERVENTIONAL,COMPLETED,NA,"[""Frail Elderly"", ""Muscle Weakness""]",2018-04-17,False,1,listed_not_verified,not_adjudicated,not_assigned
NCT03100175,INTERVENTIONAL,UNKNOWN,NA,"[""Strength Aerobic Training Elderly Lymphoma Sarcopenia Aging""]",2017-04-04,False,0,not_listed_not_absent,not_adjudicated,not_assigned
NCT03102177,INTERVENTIONAL,COMPLETED,EARLY_PHASE1,"[""Hypothyroidism Primary""]",2017-04-06,False,0,not_listed_not_absent,not_adjudicated,not_assigned
NCT03102567,INTERVENTIONAL,COMPLETED,PHASE1,"[""Healthy"", ""Elderly""]",2017-04-05,False,1,listed_not_verified,not_adjudicated,not_assigned
NCT03104075,INTERVENTIONAL,COMPLETED,PHASE4,"[""Pneumonia"", ""Aging""]",2025-08-22,True,1,listed_not_verified,not_adjudicated,not_assigned
NCT03107884,INTERVENTIONAL,ACTIVE_NOT_RECRUITING,EARLY_PHASE1,"[""Muscle Atrophy"", ""Insulin Resistance""]",2025-12-05,False,1,listed_not_verified,not_adjudicated,not_assigned
NCT03108898,OBSERVATIONAL,COMPLETED,,"[""Progenitor Cells"", ""Aging, Cells"", ""Esophagus Disorder""]",2022-12-05,False,1,listed_not_verified,not_adjudicated,not_assigned
NCT03109275,INTERVENTIONAL,COMPLETED,NA,"[""Healthy""]",2025-10-02,False,1,listed_not_verified,not_adjudicated,not_assigned
NCT03109665,OBSERVATIONAL,COMPLETED,,"[""Glaucoma""]",2019-03-21,False,1,listed_not_verified,not_adjudicated,not_assigned
NCT03111719,OBSERVATIONAL,UNKNOWN,,"[""Mitochondrial Metabolism Disorders"", ""Adipose Tissue, Brown"", ""Aging"", ""Obesity""]",2020-02-21,False,1,listed_not_verified,not_adjudicated,not_assigned
NCT03112876,OBSERVATIONAL,COMPLETED,,"[""Smoking"", ""Acne"", ""Atopic Dermatitis"", ""Aging""]",2017-04-13,False,1,listed_not_verified,not_adjudicated,not_assigned
NCT03114150,INTERVENTIONAL,COMPLETED,NA,"[""Sedentary Lifestyle""]",2025-08-13,True,1,listed_not_verified,not_adjudicated,not_assigned
NCT03114709,INTERVENTIONAL,COMPLETED,NA,"[""Physical Inactivity""]",2019-11-01,False,3,listed_not_verified,not_adjudicated,not_assigned
NCT03118050,INTERVENTIONAL,COMPLETED,NA,"[""Sarcopenia"", ""Diabetes Mellitus"", ""Aging""]",2025-12-05,True,1,listed_not_verified,not_adjudicated,not_assigned
NCT03119610,INTERVENTIONAL,COMPLETED,PHASE1|PHASE2,"[""Obesity"", ""Sarcopenic Obesity"", ""Sarcopenia"", ""Aging"", ""Sedentary Lifestyle""]",2021-10-22,True,1,listed_not_verified,not_adjudicated,not_assigned
NCT03120143,INTERVENTIONAL,COMPLETED,NA,"[""Physical Activity""]",2017-10-27,False,0,not_listed_not_absent,not_adjudicated,not_assigned
NCT03121326,OBSERVATIONAL,UNKNOWN,,"[""Sarcopenia"", ""Aging""]",2017-05-19,False,1,listed_not_verified,not_adjudicated,not_assigned
NCT03122288,INTERVENTIONAL,COMPLETED,NA,"[""HIV-Associated Cognitive Motor Complex"", ""Aging"", ""Cognitive Impairment"", ""Cognitive Decline"", ""Attention Impaired"", ""Processing, Visual Spatial"", ""Cognitive Deficit in Attention"", ""Cognitive Disorder in Remission""]",2021-10-19,False,1,listed_not_verified,not_adjudicated,not_assigned
NCT03122912,INTERVENTIONAL,TERMINATED,PHASE1,"[""Aging Problems""]",2021-05-06,False,1,listed_not_verified,not_adjudicated,not_assigned
NCT03123900,INTERVENTIONAL,COMPLETED,NA,"[""Aging"", ""Cognitive Function 1, Social""]",2018-10-23,False,1,listed_not_verified,not_adjudicated,not_assigned
NCT03124537,INTERVENTIONAL,COMPLETED,NA,"[""Sedentary Lifestyle"", ""Self Efficacy"", ""Control Locus"", ""Aging""]",2020-10-20,True,1,listed_not_verified,not_adjudicated,not_assigned
NCT03124563,INTERVENTIONAL,COMPLETED,NA,"[""Sedentary Lifestyle"", ""Self Efficacy"", ""Control Locus""]",2019-01-14,True,0,not_listed_not_absent,not_adjudicated,not_assigned
NCT03124667,INTERVENTIONAL,COMPLETED,NA,"[""Patient Compliance""]",2020-12-10,False,1,listed_not_verified,not_adjudicated,not_assigned
NCT03126539,INTERVENTIONAL,TERMINATED,PHASE2,"[""Aging""]",2023-06-29,True,1,listed_not_verified,not_adjudicated,not_assigned
NCT03127917,INTERVENTIONAL,COMPLETED,NA,"[""Citrulline"", ""Blood Flow"", ""Aging""]",2018-05-04,False,0,not_listed_not_absent,not_adjudicated,not_assigned
NCT03133117,INTERVENTIONAL,TERMINATED,NA,"[""Macular Degeneration"", ""Glaucoma""]",2019-12-27,False,1,listed_not_verified,not_adjudicated,not_assigned
NCT03138018,INTERVENTIONAL,UNKNOWN,NA,"[""Mild Cognitive Impairment (MCI)""]",2018-07-26,False,1,listed_not_verified,not_adjudicated,not_assigned
NCT03139162,OBSERVATIONAL,COMPLETED,,"[""Frail Elderly Syndrome""]",2023-04-12,False,0,not_listed_not_absent,not_adjudicated,not_assigned
NCT03139461,INTERVENTIONAL,COMPLETED,NA,"[""Physical Activity"", ""Aging""]",2020-02-28,False,1,listed_not_verified,not_adjudicated,not_assigned
NCT03140319,INTERVENTIONAL,UNKNOWN,PHASE1|PHASE2,"[""Nasolabial Folds"", ""Skin Aging""]",2020-10-27,False,1,listed_not_verified,not_adjudicated,not_assigned
NCT03140852,INTERVENTIONAL,COMPLETED,NA,"[""Fecal Incontinence in Old Age"", ""Urinary Incontinence in Old Age""]",2025-08-22,False,1,listed_not_verified,not_adjudicated,not_assigned
NCT03141281,INTERVENTIONAL,COMPLETED,NA,"[""Cognitive Aging""]",2021-06-07,True,1,listed_not_verified,not_adjudicated,not_assigned
NCT03141866,INTERVENTIONAL,UNKNOWN,NA,"[""Frail Elderly Syndrome"", ""Frailty"", ""Physical Activity""]",2019-07-26,False,1,listed_not_verified,not_adjudicated,not_assigned
NCT03141957,OBSERVATIONAL,COMPLETED,,"[""Non-small Cell Lung Carcinoma""]",2017-05-08,False,1,listed_not_verified,not_adjudicated,not_assigned
NCT03142048,INTERVENTIONAL,COMPLETED,NA,"[""Social Isolation"", ""Aging""]",2017-05-05,False,0,not_listed_not_absent,not_adjudicated,not_assigned
NCT03147625,INTERVENTIONAL,UNKNOWN,NA,"[""Elderly""]",2017-05-10,False,0,not_listed_not_absent,not_adjudicated,not_assigned
NCT03150225,INTERVENTIONAL,UNKNOWN,NA,"[""Androgen Deficiency"", ""Depressive Symptoms"", ""Stress, Psychological"", ""Abdominal Obesity"", ""Testosterone Deficiency"", ""Erectile Dysfunction""]",2019-08-14,False,1,listed_not_verified,not_adjudicated,not_assigned
NCT03154073,INTERVENTIONAL,COMPLETED,NA,"[""PreDiabetes"", ""Aging""]",2021-07-08,False,1,listed_not_verified,not_adjudicated,not_assigned
NCT03158337,INTERVENTIONAL,UNKNOWN,NA,"[""Aging"", ""Physical Activity"", ""Cognitive Function""]",2022-11-04,False,1,listed_not_verified,not_adjudicated,not_assigned
NCT03162848,INTERVENTIONAL,COMPLETED,NA,"[""Medication Adherence"", ""Heart Failure"", ""Aging""]",2019-05-28,False,1,listed_not_verified,not_adjudicated,not_assigned
NCT03162913,INTERVENTIONAL,COMPLETED,NA,"[""Aging"", ""Age-related Cognitive Decline"", ""Obesity""]",2024-03-28,False,1,listed_not_verified,not_adjudicated,not_assigned
NCT03166150,INTERVENTIONAL,COMPLETED,NA,"[""Urinary Incontinence""]",2025-03-24,False,1,listed_not_verified,not_adjudicated,not_assigned
NCT03166371,INTERVENTIONAL,WITHDRAWN,NA,"[""Malnutrition""]",2022-01-25,False,0,not_listed_not_absent,not_adjudicated,not_assigned
NCT03169231,INTERVENTIONAL,COMPLETED,PHASE2,"[""Aging Frailty""]",2022-03-07,False,7,listed_not_verified,not_adjudicated,not_assigned
NCT03169400,OBSERVATIONAL,UNKNOWN,,"[""End Stage Renal Failure on Dialysis"", ""Vascular Calcification"", ""Oxidative Stress""]",2017-05-30,False,1,listed_not_verified,not_adjudicated,not_assigned
NCT03170752,INTERVENTIONAL,COMPLETED,NA,"[""Cardiovascular Risk Factor"", ""Smoking"", ""Diabetes Mellitus"", ""Dyslipidemias"", ""Hypertension"", ""Physical Activity"", ""Stress, Psychological""]",2019-03-13,False,1,listed_not_verified,not_adjudicated,not_assigned
NCT03175874,INTERVENTIONAL,COMPLETED,NA,"[""Osteoporosis""]",2026-03-24,False,1,listed_not_verified,not_adjudicated,not_assigned
NCT03176030,OBSERVATIONAL,WITHDRAWN,,"[""Malnutrition"", ""Dementia"", ""Aging"", ""Frail Elderly Syndrome""]",2018-09-07,False,1,listed_not_verified,not_adjudicated,not_assigned
NCT03177785,INTERVENTIONAL,COMPLETED,NA,"[""Multiple Sclerosis""]",2017-06-06,False,0,not_listed_not_absent,not_adjudicated,not_assigned
NCT03178695,INTERVENTIONAL,COMPLETED,PHASE1,"[""Perimenopausal Disorder"", ""Menopause"", ""Menopause, Premature"", ""Menopause Related Conditions"", ""Menopause Premature Symptomatic"", ""Menopause Premature Asymptomatic"", ""Premature Ovarian Failure"", ""Premature Ovarian Failure, Familial"", ""Premature Ovarian Failure 2A"", ""Premature Ovarian Failure 3"", ""Premature Ovarian Failure 4"", ""Premature Ovarian Failure 1"", ""Premature Ovarian Failure 5"", ""Premature Ovarian Failure 6"", ""Premature Ovarian Failure 7"", ""Premature Ovarian Failure 9"", ""Premature Ovarian Failure 8"", ""Infertility"", ""Infertility, Female"", ""Infertility Unexplained""]",2020-04-20,False,1,listed_not_verified,not_adjudicated,not_assigned
NCT03179722,INTERVENTIONAL,COMPLETED,NA,"[""Aging""]",2019-07-24,False,0,not_listed_not_absent,not_adjudicated,not_assigned
NCT03180645,INTERVENTIONAL,COMPLETED,NA,"[""Skin Aging""]",2019-07-01,True,1,listed_not_verified,not_adjudicated,not_assigned
NCT03180814,INTERVENTIONAL,COMPLETED,NA,"[""Healthy"", ""Aging""]",2018-01-03,False,1,listed_not_verified,not_adjudicated,not_assigned
NCT03186703,INTERVENTIONAL,COMPLETED,NA,"[""Cancer""]",2020-02-21,False,1,listed_not_verified,not_adjudicated,not_assigned
NCT03186833,OBSERVATIONAL,COMPLETED,,"[""Heart Failure With Normal Ejection Fraction""]",2019-09-27,False,1,listed_not_verified,not_adjudicated,not_assigned
NCT03189485,OBSERVATIONAL,ACTIVE_NOT_RECRUITING,,"[""Normal Controls"", ""MCI""]",2026-08-31,False,1,listed_not_verified,not_adjudicated,not_assigned
NCT03189628,INTERVENTIONAL,UNKNOWN,PHASE1|PHASE2,"[""Skin"", ""Aging""]",2017-06-16,False,1,listed_not_verified,not_adjudicated,not_assigned
NCT03191812,INTERVENTIONAL,COMPLETED,NA,"[""Aging""]",2022-03-15,False,2,listed_not_verified,not_adjudicated,not_assigned
NCT03197454,INTERVENTIONAL,COMPLETED,NA,"[""Age-related Cognitive Decline""]",2023-10-31,False,2,listed_not_verified,not_adjudicated,not_assigned
NCT03199729,INTERVENTIONAL,ACTIVE_NOT_RECRUITING,NA,"[""Older Adults""]",2026-07-08,False,1,listed_not_verified,not_adjudicated,not_assigned
NCT03206580,INTERVENTIONAL,COMPLETED,NA,"[""Aging""]",2024-06-10,False,1,listed_not_verified,not_adjudicated,not_assigned
NCT03211845,INTERVENTIONAL,COMPLETED,NA,"[""Undernutrition"", ""Aging""]",2017-07-07,False,1,listed_not_verified,not_adjudicated,not_assigned
NCT03212391,INTERVENTIONAL,UNKNOWN,NA,"[""Abdominal Obesity"", ""Metabolic Syndrome"", ""Disability Physical"", ""Sarcopenic Obesity"", ""Hypertension"", ""Overweight and Obesity"", ""Cardiovascular Risk Factor""]",2017-07-11,False,1,listed_not_verified,not_adjudicated,not_assigned
NCT03213340,INTERVENTIONAL,COMPLETED,NA,"[""Biological Aging""]",2020-01-31,False,1,listed_not_verified,not_adjudicated,not_assigned
NCT03224988,OBSERVATIONAL,COMPLETED,,"[""Alzheimer Disease"", ""Aging"", ""MCI""]",2022-03-03,False,1,listed_not_verified,not_adjudicated,not_assigned
NCT03226548,INTERVENTIONAL,COMPLETED,NA,"[""Poverty"", ""Tax Policy""]",2022-04-06,False,1,listed_not_verified,not_adjudicated,not_assigned
NCT03228550,INTERVENTIONAL,COMPLETED,PHASE2,"[""Aging"", ""Cognitive Decline""]",2019-01-16,False,1,listed_not_verified,not_adjudicated,not_assigned
NCT03229785,INTERVENTIONAL,UNKNOWN,PHASE1,"[""Aging""]",2018-01-24,False,0,not_listed_not_absent,not_adjudicated,not_assigned
NCT03240094,INTERVENTIONAL,COMPLETED,NA,"[""Undernutrition"", ""Aging""]",2017-08-04,False,1,listed_not_verified,not_adjudicated,not_assigned
NCT03243422,INTERVENTIONAL,COMPLETED,NA,"[""Aging"", ""Cognitive Decline""]",2024-02-01,True,4,listed_not_verified,not_adjudicated,not_assigned
NCT03243981,INTERVENTIONAL,COMPLETED,NA,"[""Aging""]",2019-10-01,True,1,listed_not_verified,not_adjudicated,not_assigned
NCT03244488,OBSERVATIONAL,COMPLETED,,"[""HIV-1-infection"", ""Aging, Premature"", ""Cognitive Impairment"", ""Memory Impairment"", ""HIV-Associated Cognitive Motor Complex""]",2019-02-25,False,1,listed_not_verified,not_adjudicated,not_assigned
NCT03246204,OBSERVATIONAL,UNKNOWN,,"[""Chronic Kidney Disease""]",2017-08-11,False,0,not_listed_not_absent,not_adjudicated,not_assigned
NCT03247192,INTERVENTIONAL,COMPLETED,NA,"[""Body Composition"", ""Healthy""]",2017-08-14,False,0,not_listed_not_absent,not_adjudicated,not_assigned
NCT03253042,INTERVENTIONAL,COMPLETED,NA,"[""Neuromuscular Performance and Balance""]",2019-04-05,False,1,listed_not_verified,not_adjudicated,not_assigned
NCT03253341,INTERVENTIONAL,COMPLETED,NA,"[""Aging"", ""Health Behavior""]",2023-09-14,False,1,listed_not_verified,not_adjudicated,not_assigned
NCT03256292,OBSERVATIONAL,COMPLETED,,"[""Hypogonadism"", ""Aging"", ""Overweight and Obesity""]",2021-03-10,False,1,listed_not_verified,not_adjudicated,not_assigned
NCT03256539,INTERVENTIONAL,TERMINATED,NA,"[""Sleep"", ""Alzheimer Disease"", ""Cognitive Impairment"", ""Aging"", ""CBT""]",2025-11-14,True,1,listed_not_verified,not_adjudicated,not_assigned
NCT03256760,INTERVENTIONAL,COMPLETED,PHASE1,"[""Depression in Old Age""]",2024-09-05,False,1,listed_not_verified,not_adjudicated,not_assigned
NCT03258164,INTERVENTIONAL,COMPLETED,PHASE3,"[""Breast Hypoplasia and Facial Ageing""]",2022-11-28,False,1,listed_not_verified,not_adjudicated,not_assigned
NCT03262506,INTERVENTIONAL,UNKNOWN,NA,"[""Aging""]",2017-08-25,False,1,listed_not_verified,not_adjudicated,not_assigned
NCT03262714,INTERVENTIONAL,UNKNOWN,NA,"[""Aging"", ""Cardiovascular Risk Factor"", ""Physical Activity""]",2017-08-25,False,1,listed_not_verified,not_adjudicated,not_assigned
NCT03263169,OBSERVATIONAL,UNKNOWN,,"[""Aging"", ""Disability or Chronic Disease Leading to Disablement""]",2017-08-28,False,1,listed_not_verified,not_adjudicated,not_assigned
NCT03264443,INTERVENTIONAL,UNKNOWN,NA,"[""Hypertension""]",2020-02-12,False,2,listed_not_verified,not_adjudicated,not_assigned
NCT03264508,INTERVENTIONAL,COMPLETED,NA,"[""Aging""]",2021-10-28,False,1,listed_not_verified,not_adjudicated,not_assigned
NCT03265678,OBSERVATIONAL,COMPLETED,,"[""Skin Cancer""]",2024-04-23,False,1,listed_not_verified,not_adjudicated,not_assigned
NCT03266237,INTERVENTIONAL,COMPLETED,PHASE4,"[""Influenza""]",2017-08-30,False,9,listed_not_verified,not_adjudicated,not_assigned
NCT03266510,INTERVENTIONAL,COMPLETED,NA,"[""Hypertension"", ""Prehypertension"", ""Aging""]",2021-05-07,False,1,listed_not_verified,not_adjudicated,not_assigned
NCT03271190,INTERVENTIONAL,ACTIVE_NOT_RECRUITING,NA,"[""Subjective Cognitive Decline""]",2026-03-17,False,2,listed_not_verified,not_adjudicated,not_assigned
NCT03272867,INTERVENTIONAL,COMPLETED,NA,"[""Healthy Volunteers"", ""Age Group: 60-70"", ""Overweight""]",2017-09-06,False,1,listed_not_verified,not_adjudicated,not_assigned
NCT03274154,INTERVENTIONAL,COMPLETED,NA,"[""Moderate-severe Skin Aging/Photoaging""]",2017-09-06,False,0,not_listed_not_absent,not_adjudicated,not_assigned
NCT03275038,INTERVENTIONAL,UNKNOWN,NA,"[""Physical Activity""]",2017-09-07,False,1,listed_not_verified,not_adjudicated,not_assigned
NCT03275363,OBSERVATIONAL,UNKNOWN,,"[""Neurocognitive Disorder"", ""Mild Cognitive Impairment"", ""Alzheimer Dementia"", ""Vascular Dementia"", ""Age-related Cognitive Decline""]",2017-09-07,False,1,listed_not_verified,not_adjudicated,not_assigned
NCT03276897,INTERVENTIONAL,COMPLETED,NA,"[""Face Aging/Photo Aging of Moderate Grade""]",2017-09-08,False,1,listed_not_verified,not_adjudicated,not_assigned
NCT03278119,OBSERVATIONAL,ACTIVE_NOT_RECRUITING,,"[""Alzheimer Disease"", ""Sleep Apnea""]",2026-03-30,False,1,listed_not_verified,not_adjudicated,not_assigned
NCT03280875,INTERVENTIONAL,COMPLETED,NA,"[""Aging""]",2021-07-28,False,1,listed_not_verified,not_adjudicated,not_assigned
NCT03281434,INTERVENTIONAL,COMPLETED,NA,"[""Aging""]",2020-02-10,False,2,listed_not_verified,not_adjudicated,not_assigned
NCT03282682,INTERVENTIONAL,COMPLETED,NA,"[""Hypogonadism, Male"", ""Physical Activity"", ""Testosterone Deficiency""]",2021-07-30,True,1,listed_not_verified,not_adjudicated,not_assigned
NCT03283462,INTERVENTIONAL,COMPLETED,NA,"[""Mitochondrial Function, Bioenergetics"", ""Muscle Function"", ""Aging""]",2022-08-22,False,1,listed_not_verified,not_adjudicated,not_assigned
NCT03285737,INTERVENTIONAL,COMPLETED,NA,"[""Aging"", ""Muscle Loss""]",2018-03-22,False,1,listed_not_verified,not_adjudicated,not_assigned
NCT03288220,OBSERVATIONAL,RECRUITING,,"[""Healthy"", ""Stroke"", ""Normal Physiology"", ""Aging""]",2026-10-05,False,1,listed_not_verified,not_adjudicated,not_assigned
NCT03289091,INTERVENTIONAL,COMPLETED,NA,"[""Elderly Women""]",2019-01-15,False,1,listed_not_verified,not_adjudicated,not_assigned
NCT03289832,INTERVENTIONAL,COMPLETED,NA,"[""Healthy Adults""]",2020-07-21,False,1,listed_not_verified,not_adjudicated,not_assigned
NCT03293823,INTERVENTIONAL,COMPLETED,NA,"[""Aging"", ""Social Isolation""]",2019-07-05,False,4,listed_not_verified,not_adjudicated,not_assigned
NCT03294655,INTERVENTIONAL,COMPLETED,NA,"[""Community Dwelling Adults Aged 50 and Older""]",2019-04-03,False,1,listed_not_verified,not_adjudicated,not_assigned
NCT03295435,OBSERVATIONAL,COMPLETED,,"[""Oral Health of Older Men"", ""Dietary Assessment of Older Men""]",2017-09-27,False,1,listed_not_verified,not_adjudicated,not_assigned
NCT03295734,INTERVENTIONAL,COMPLETED,PHASE2,"[""Hypertension"", ""Aging"", ""Sedentary Lifestyle""]",2025-07-22,True,2,listed_not_verified,not_adjudicated,not_assigned
NCT03299374,INTERVENTIONAL,UNKNOWN,NA,"[""Aging Problems""]",2018-05-09,False,1,listed_not_verified,not_adjudicated,not_assigned
NCT03300388,INTERVENTIONAL,COMPLETED,NA,"[""Obesity"", ""Aging"", ""Inflammation""]",2020-11-30,False,1,listed_not_verified,not_adjudicated,not_assigned
NCT03301337,INTERVENTIONAL,COMPLETED,NA,"[""Amino Acid Metabolism""]",2022-11-21,False,1,listed_not_verified,not_adjudicated,not_assigned
NCT03304301,INTERVENTIONAL,UNKNOWN,NA,"[""Aging"", ""Nursing Homes"", ""Depression in Old Age"", ""Cognitive Impairment"", ""Quality of Life""]",2017-10-10,False,1,listed_not_verified,not_adjudicated,not_assigned
NCT03305042,OBSERVATIONAL,COMPLETED,,"[""Vitamin A Deficiency"", ""Vitamin A Toxicity""]",2017-10-17,False,1,listed_not_verified,not_adjudicated,not_assigned
NCT03308747,INTERVENTIONAL,COMPLETED,NA,"[""Inflammaging"", ""Sarcopenia""]",2018-07-19,False,1,listed_not_verified,not_adjudicated,not_assigned
NCT03309007,INTERVENTIONAL,COMPLETED,PHASE3,"[""PreDiabetes"", ""Aging""]",2023-12-11,True,1,listed_not_verified,not_adjudicated,not_assigned
NCT03310034,INTERVENTIONAL,TERMINATED,NA,"[""Aging"", ""Mitochondrial Function""]",2020-08-20,False,1,listed_not_verified,not_adjudicated,not_assigned
NCT03311711,INTERVENTIONAL,COMPLETED,NA,"[""Dementia""]",2023-04-11,True,5,listed_not_verified,not_adjudicated,not_assigned
NCT03312439,INTERVENTIONAL,UNKNOWN,NA,"[""Cardiovascular Diseases"", ""Non-communicable Disease""]",2017-10-18,False,0,not_listed_not_absent,not_adjudicated,not_assigned
NCT03312543,INTERVENTIONAL,COMPLETED,NA,"[""Skin Aging""]",2019-03-05,True,1,listed_not_verified,not_adjudicated,not_assigned
NCT03312699,INTERVENTIONAL,COMPLETED,PHASE1,"[""Influenza"", ""Hepatitis A"", ""Typhoid"", ""Healthy Adults""]",2024-12-16,False,1,listed_not_verified,not_adjudicated,not_assigned
NCT03315325,INTERVENTIONAL,COMPLETED,PHASE3,"[""Sterility, Reproductive""]",2017-10-23,False,1,listed_not_verified,not_adjudicated,not_assigned
NCT03320005,INTERVENTIONAL,UNKNOWN,NA,"[""Aging Disorder""]",2017-10-24,False,0,not_listed_not_absent,not_adjudicated,not_assigned
NCT03320746,INTERVENTIONAL,COMPLETED,NA,"[""Exercise"", ""Aging"", ""Retirement""]",2020-06-30,False,1,listed_not_verified,not_adjudicated,not_assigned
NCT03321006,INTERVENTIONAL,COMPLETED,PHASE4,"[""Hearing Loss"", ""Depression""]",2021-10-04,True,1,listed_not_verified,not_adjudicated,not_assigned
NCT03323008,INTERVENTIONAL,COMPLETED,NA,"[""Aging Problems""]",2019-12-10,False,2,listed_not_verified,not_adjudicated,not_assigned
NCT03325699,INTERVENTIONAL,UNKNOWN,NA,"[""Mild Dementia"", ""Cognitive Impairment, Mild""]",2019-01-17,False,5,listed_not_verified,not_adjudicated,not_assigned
NCT03326635,OBSERVATIONAL,COMPLETED,,"[""Resuscitation""]",2019-08-14,False,37,listed_not_verified,not_adjudicated,not_assigned
NCT03328455,INTERVENTIONAL,NOT_YET_RECRUITING,NA,"[""Healthy Aging""]",2026-05-01,False,0,not_listed_not_absent,not_adjudicated,not_assigned
NCT03329963,INTERVENTIONAL,COMPLETED,NA,"[""Aging"", ""Obesity""]",2025-06-06,False,1,listed_not_verified,not_adjudicated,not_assigned
NCT03334201,INTERVENTIONAL,UNKNOWN,NA,"[""Aging""]",2021-10-28,False,1,listed_not_verified,not_adjudicated,not_assigned
NCT03334357,INTERVENTIONAL,COMPLETED,NA,"[""Physical Activity"", ""Aging""]",2018-10-12,False,0,not_listed_not_absent,not_adjudicated,not_assigned
NCT03338179,INTERVENTIONAL,COMPLETED,NA,"[""Schizophrenia"", ""Aging""]",2026-08-03,False,1,listed_not_verified,not_adjudicated,not_assigned
NCT03341611,OBSERVATIONAL,COMPLETED,,"[""Healthy Aging""]",2019-05-22,False,1,listed_not_verified,not_adjudicated,not_assigned
NCT03342326,INTERVENTIONAL,TERMINATED,NA,"[""Alzheimer Disease""]",2020-09-11,False,1,listed_not_verified,not_adjudicated,not_assigned
NCT03342729,INTERVENTIONAL,COMPLETED,NA,"[""Aging"", ""Older Adults"", ""Healthy""]",2019-12-10,False,5,listed_not_verified,not_adjudicated,not_assigned
NCT03342976,INTERVENTIONAL,COMPLETED,NA,"[""Frail Elderly Syndrome"", ""Cognitive Impairment"", ""Physical Dependence""]",2023-11-30,False,1,listed_not_verified,not_adjudicated,not_assigned
NCT03343886,OBSERVATIONAL,ACTIVE_NOT_RECRUITING,,"[""Health, Subjective"", ""Disability, Evaluation"", ""Chronic Disease"", ""Mental Disorder"", ""Aging"", ""Loneliness"", ""Well-being"", ""Cognitive Decline""]",2024-10-15,True,3,listed_not_verified,not_adjudicated,not_assigned
NCT03345290,INTERVENTIONAL,COMPLETED,NA,"[""Aging Disorder""]",2022-08-24,False,1,listed_not_verified,not_adjudicated,not_assigned
NCT03348202,OBSERVATIONAL,COMPLETED,,"[""Ageing""]",2018-08-31,False,1,listed_not_verified,not_adjudicated,not_assigned
NCT03349229,OBSERVATIONAL,UNKNOWN,,"[""Oncology"", ""Aging""]",2020-11-13,False,1,listed_not_verified,not_adjudicated,not_assigned
NCT03353597,INTERVENTIONAL,UNKNOWN,PHASE1|PHASE2,"[""Aging""]",2018-01-17,False,1,listed_not_verified,not_adjudicated,not_assigned
NCT03353870,OBSERVATIONAL,COMPLETED,,"[""Qualitative Research"", ""Euthanasia"", ""Assisted Suicide"", ""Aging""]",2023-09-14,False,1,listed_not_verified,not_adjudicated,not_assigned
NCT03356418,INTERVENTIONAL,COMPLETED,NA,"[""Neuromuscular Performance and Balance""]",2019-06-18,False,1,listed_not_verified,not_adjudicated,not_assigned
NCT03366129,OBSERVATIONAL,COMPLETED,,"[""Cerebrovascular Disorder"", ""Stroke"", ""Aging""]",2026-09-28,False,3,listed_not_verified,not_adjudicated,not_assigned
NCT03369496,OBSERVATIONAL,UNKNOWN,,"[""Obesity"", ""Depression"", ""Physical Activity"", ""Hypertension"", ""Health Behavior"", ""Subjective Health""]",2019-01-11,False,0,not_listed_not_absent,not_adjudicated,not_assigned
NCT03370224,INTERVENTIONAL,ENROLLING_BY_INVITATION,NA,"[""Aging"", ""Mild Cognitive Impairment""]",2025-08-11,False,1,listed_not_verified,not_adjudicated,not_assigned
NCT03370471,INTERVENTIONAL,COMPLETED,NA,"[""Aging"", ""Aphasia""]",2021-09-05,True,1,listed_not_verified,not_adjudicated,not_assigned
NCT03370991,INTERVENTIONAL,COMPLETED,NA,"[""Menopause"", ""Elevated Blood Pressure"", ""Hypertension"", ""Endothelial Dysfunction""]",2022-09-14,False,1,listed_not_verified,not_adjudicated,not_assigned
NCT03371134,OBSERVATIONAL,UNKNOWN,,"[""Sarcopenia""]",2017-12-14,False,0,not_listed_not_absent,not_adjudicated,not_assigned
NCT03371238,INTERVENTIONAL,UNKNOWN,NA,"[""Aging Problems""]",2019-05-29,False,1,listed_not_verified,not_adjudicated,not_assigned
NCT03371966,INTERVENTIONAL,COMPLETED,NA,"[""Aging""]",2019-05-06,False,1,listed_not_verified,not_adjudicated,not_assigned
NCT03372031,INTERVENTIONAL,COMPLETED,NA,"[""Aging"", ""Manual Dexterity"", ""Piano Therapy""]",2017-12-15,False,1,listed_not_verified,not_adjudicated,not_assigned
NCT03372317,OBSERVATIONAL,RECRUITING,,"[""Mild Cognitive Impairment"", ""Aging""]",2026-02-11,False,1,listed_not_verified,not_adjudicated,not_assigned
NCT03373604,INTERVENTIONAL,COMPLETED,PHASE2,"[""Alzheimer Disease""]",2025-05-08,True,1,listed_not_verified,not_adjudicated,not_assigned
NCT03373838,OBSERVATIONAL,COMPLETED,,"[""Aging"", ""Refusal, Treatment"", ""Qualitative Research"", ""Epidemiology""]",2020-12-11,False,1,listed_not_verified,not_adjudicated,not_assigned
NCT03383549,INTERVENTIONAL,COMPLETED,NA,"[""Cognitive Dysfunction"", ""Mild Cognitive Impairment"", ""Vascular Cognitive Impairment""]",2020-01-29,False,1,listed_not_verified,not_adjudicated,not_assigned
NCT03384732,OBSERVATIONAL,COMPLETED,,"[""Old and Very Old People"", ""Independent Living"", ""Functioning""]",2019-05-20,False,1,listed_not_verified,not_adjudicated,not_assigned
NCT03390751,OBSERVATIONAL,COMPLETED,,"[""Aging""]",2026-04-29,False,1,listed_not_verified,not_adjudicated,not_assigned
NCT03393650,INTERVENTIONAL,COMPLETED,NA,"[""Dynapenia"", ""Aging"", ""Physical Impairment""]",2018-01-08,False,0,not_listed_not_absent,not_adjudicated,not_assigned
NCT03394599,INTERVENTIONAL,COMPLETED,NA,"[""Physical Activity"", ""Aging"", ""Geriatrics""]",2021-09-05,False,2,listed_not_verified,not_adjudicated,not_assigned
NCT03395509,OBSERVATIONAL,ENROLLING_BY_INVITATION,,"[""Aging"", ""Aortic Aneurysm, Abdominal"", ""Hypertension"", ""Mass Screening"", ""Peripheral Arterial Disease"", ""Arrythmia"", ""Diabetes"", ""Carotid Atherosclerosis""]",2024-02-01,False,1,listed_not_verified,not_adjudicated,not_assigned
NCT03397667,INTERVENTIONAL,COMPLETED,NA,"[""Traumatic Brain Injury"", ""Alzheimer Disease"", ""Veterans"", ""Family Caregivers"", ""Caregiver Burden"", ""Quality of Life""]",2025-12-31,False,1,listed_not_verified,not_adjudicated,not_assigned
NCT03397836,INTERVENTIONAL,COMPLETED,NA,"[""Aging""]",2021-06-10,False,1,listed_not_verified,not_adjudicated,not_assigned
NCT03398642,INTERVENTIONAL,COMPLETED,NA,"[""Community-dwelling Older Adults""]",2018-01-17,False,0,not_listed_not_absent,not_adjudicated,not_assigned
NCT03399136,INTERVENTIONAL,COMPLETED,NA,"[""HIV-1-infection"", ""Aging""]",2022-12-06,False,0,not_listed_not_absent,not_adjudicated,not_assigned
NCT03399812,INTERVENTIONAL,COMPLETED,NA,"[""Aging""]",2018-07-17,False,1,listed_not_verified,not_adjudicated,not_assigned
NCT03401775,INTERVENTIONAL,COMPLETED,NA,"[""Aging""]",2018-01-17,False,1,listed_not_verified,not_adjudicated,not_assigned
NCT03403478,INTERVENTIONAL,COMPLETED,NA,"[""Hypertension"", ""Aging"", ""Obesity""]",2019-07-05,False,1,listed_not_verified,not_adjudicated,not_assigned
NCT03405675,OBSERVATIONAL,UNKNOWN,,"[""Cognitive Changes Due to Organic Disorder (Finding)"", ""Dementia"", ""Mild Cognitive Impairment"", ""Frailty"", ""Depression"", ""Healthy Ageing"", ""Biological Ageing""]",2019-03-14,False,1,listed_not_verified,not_adjudicated,not_assigned
NCT03406195,INTERVENTIONAL,WITHDRAWN,NA,"[""Aging""]",2018-09-06,False,1,listed_not_verified,not_adjudicated,not_assigned
NCT03408509,INTERVENTIONAL,UNKNOWN,PHASE2,"[""Aging"", ""Mild Cognitive Impairment""]",2018-01-26,False,1,listed_not_verified,not_adjudicated,not_assigned
NCT03408574,INTERVENTIONAL,COMPLETED,PHASE1,"[""Healthy Aging""]",2023-05-09,False,1,listed_not_verified,not_adjudicated,not_assigned
NCT03411382,INTERVENTIONAL,COMPLETED,NA,"[""Aging"", ""Physical Disability"", ""Dementia"", ""Elderly""]",2022-07-05,False,1,listed_not_verified,not_adjudicated,not_assigned
NCT03412084,INTERVENTIONAL,COMPLETED,NA,"[""Sedentary Lifestyle""]",2020-12-16,True,1,listed_not_verified,not_adjudicated,not_assigned
NCT03416881,OBSERVATIONAL,COMPLETED,,"[""HIV Infections""]",2018-01-31,False,0,not_listed_not_absent,not_adjudicated,not_assigned
NCT03417700,INTERVENTIONAL,COMPLETED,NA,"[""Vitamin D3 Deficiency""]",2021-05-11,False,2,listed_not_verified,not_adjudicated,not_assigned
NCT03419988,INTERVENTIONAL,COMPLETED,NA,"[""Aging""]",2020-08-26,False,1,listed_not_verified,not_adjudicated,not_assigned
NCT03420365,INTERVENTIONAL,UNKNOWN,NA,"[""Aging"", ""Cognitive Decline""]",2018-02-05,False,1,listed_not_verified,not_adjudicated,not_assigned
NCT03423108,INTERVENTIONAL,UNKNOWN,NA,"[""Type2 Diabetes""]",2018-09-06,False,1,listed_not_verified,not_adjudicated,not_assigned
NCT03424148,INTERVENTIONAL,COMPLETED,NA,"[""Scarring"", ""Skin Aging""]",2023-09-14,True,2,listed_not_verified,not_adjudicated,not_assigned
NCT03426098,INTERVENTIONAL,UNKNOWN,NA,"[""Aging"", ""Wrinkle""]",2019-05-10,False,1,listed_not_verified,not_adjudicated,not_assigned
NCT03428893,INTERVENTIONAL,COMPLETED,NA,"[""Osteoarthritis of Knee"", ""Osteoarthritis Of Hip""]",2021-09-28,False,1,listed_not_verified,not_adjudicated,not_assigned
NCT03430115,OBSERVATIONAL,COMPLETED,,"[""Weight Loss"", ""Obesity"", ""Aging""]",2021-10-15,False,1,listed_not_verified,not_adjudicated,not_assigned
NCT03430271,INTERVENTIONAL,COMPLETED,NA,"[""Mobility Limitation""]",2018-02-14,False,2,listed_not_verified,not_adjudicated,not_assigned
NCT03435029,INTERVENTIONAL,COMPLETED,NA,"[""Aging""]",2019-07-18,False,1,listed_not_verified,not_adjudicated,not_assigned
NCT03439852,INTERVENTIONAL,COMPLETED,NA,"[""Physical Activity and Sedentary Behavior"", ""Healthy Aging""]",2023-06-18,True,1,listed_not_verified,not_adjudicated,not_assigned
NCT03440099,INTERVENTIONAL,UNKNOWN,NA,"[""Biological Aging""]",2022-06-28,False,1,listed_not_verified,not_adjudicated,not_assigned
NCT03442179,OBSERVATIONAL,UNKNOWN,,"[""Elderly"", ""General Anesthesia""]",2023-08-01,False,1,listed_not_verified,not_adjudicated,not_assigned
NCT03443375,INTERVENTIONAL,COMPLETED,NA,"[""Aging"", ""Physical Activity"", ""Sarcopenia"", ""Cognitive Decline"", ""Blood Pressure"", ""Physical Disability""]",2018-02-23,False,0,not_listed_not_absent,not_adjudicated,not_assigned
NCT03445819,INTERVENTIONAL,UNKNOWN,NA,"[""Patella Fracture"", ""Aging""]",2021-06-18,False,3,listed_not_verified,not_adjudicated,not_assigned
NCT03446079,INTERVENTIONAL,COMPLETED,NA,"[""Genetics"", ""Skin Aging""]",2023-07-03,False,1,listed_not_verified,not_adjudicated,not_assigned
NCT03446924,INTERVENTIONAL,COMPLETED,NA,"[""Sarcopenia""]",2018-02-27,False,1,listed_not_verified,not_adjudicated,not_assigned
NCT03448055,INTERVENTIONAL,UNKNOWN,NA,"[""Mild Cognitive Impairment (MCI)""]",2021-02-10,False,1,listed_not_verified,not_adjudicated,not_assigned
NCT03451006,INTERVENTIONAL,TERMINATED,PHASE2,"[""Aging"", ""Inflammation"", ""Frailty""]",2022-11-17,True,1,listed_not_verified,not_adjudicated,not_assigned
NCT03452436,OBSERVATIONAL,COMPLETED,,"[""Cancer-related Cognitive Impairment""]",2020-03-25,False,1,listed_not_verified,not_adjudicated,not_assigned
NCT03454074,INTERVENTIONAL,UNKNOWN,NA,"[""Health Behavior"", ""Aging""]",2018-10-09,False,1,listed_not_verified,not_adjudicated,not_assigned
NCT03455179,INTERVENTIONAL,COMPLETED,NA,"[""Aging""]",2018-10-24,False,3,listed_not_verified,not_adjudicated,not_assigned
NCT03455478,INTERVENTIONAL,RECRUITING,NA,"[""Blindness,Visual Impairment, Refractive Error, Cataract, High Myopia, Aging""]",2022-05-24,False,1,listed_not_verified,not_adjudicated,not_assigned
NCT03457870,INTERVENTIONAL,COMPLETED,NA,"[""Aging"", ""Cognitive Decline""]",2021-02-18,False,1,listed_not_verified,not_adjudicated,not_assigned
NCT03458429,INTERVENTIONAL,ENROLLING_BY_INVITATION,PHASE1|PHASE2,"[""Frailty""]",2026-05-01,False,1,listed_not_verified,not_adjudicated,not_assigned
NCT03458793,INTERVENTIONAL,COMPLETED,NA,"[""Loneliness"", ""Ageing"", ""Physical Activity""]",2019-04-18,False,1,listed_not_verified,not_adjudicated,not_assigned
NCT03459027,INTERVENTIONAL,COMPLETED,NA,"[""Vasodilation"", ""Blood Pressure"", ""Active Hyperemia"", ""Aging""]",2019-01-09,False,1,listed_not_verified,not_adjudicated,not_assigned
NCT03460860,INTERVENTIONAL,COMPLETED,NA,"[""Skin Aging"", ""Wrinkles""]",2019-06-26,False,1,listed_not_verified,not_adjudicated,not_assigned
NCT03461198,INTERVENTIONAL,UNKNOWN,NA,"[""Wrinkle""]",2019-05-03,False,1,listed_not_verified,not_adjudicated,not_assigned
NCT03464500,INTERVENTIONAL,COMPLETED,NA,"[""Muscle Function, Mitochondrial Function"", ""Overweight"", ""Healthy Aging""]",2022-08-17,False,1,listed_not_verified,not_adjudicated,not_assigned
NCT03465202,INTERVENTIONAL,UNKNOWN,PHASE4,"[""Breast Cancer"", ""Colorectal Cancer""]",2018-03-14,False,0,not_listed_not_absent,not_adjudicated,not_assigned
NCT03467698,INTERVENTIONAL,COMPLETED,NA,"[""Associative Memory in Healthy Subjects""]",2024-01-09,True,1,listed_not_verified,not_adjudicated,not_assigned
NCT03468660,INTERVENTIONAL,COMPLETED,NA,"[""Auditory Perceptual Disorders"", ""Aging Problems""]",2022-03-14,False,1,listed_not_verified,not_adjudicated,not_assigned
NCT03473145,INTERVENTIONAL,COMPLETED,NA,"[""Sedentary Lifestyle""]",2025-11-03,True,1,listed_not_verified,not_adjudicated,not_assigned
NCT03474302,INTERVENTIONAL,COMPLETED,NA,"[""Aging""]",2020-06-25,False,1,listed_not_verified,not_adjudicated,not_assigned
NCT03475043,INTERVENTIONAL,COMPLETED,NA,"[""Auditory Perceptual Disorders"", ""Aging Problems""]",2025-04-08,False,1,listed_not_verified,not_adjudicated,not_assigned
NCT03476785,INTERVENTIONAL,COMPLETED,NA,"[""Lv Hypertrophy"", ""Heart Failure, Diastolic"", ""Stiffness, Vascular""]",2019-10-14,False,1,listed_not_verified,not_adjudicated,not_assigned
NCT03483740,INTERVENTIONAL,COMPLETED,NA,"[""HIV/AIDS"", ""Aging"", ""Mild Cognitive Impairment"", ""Group, Peer""]",2024-03-29,True,3,listed_not_verified,not_adjudicated,not_assigned
NCT03484156,INTERVENTIONAL,COMPLETED,NA,"[""Aging""]",2019-07-12,False,2,listed_not_verified,not_adjudicated,not_assigned
NCT03485872,INTERVENTIONAL,COMPLETED,NA,"[""Urinary Incontinence""]",2020-11-04,False,1,listed_not_verified,not_adjudicated,not_assigned
NCT03485989,INTERVENTIONAL,COMPLETED,NA,"[""Nutrition Poor"", ""Micronutrient Deficiency"", ""Aging""]",2019-08-28,False,1,listed_not_verified,not_adjudicated,not_assigned
NCT03487302,OBSERVATIONAL,COMPLETED,,"[""Aging, Premature"", ""Congenital Heart Disease"", ""White Matter Hyperintensities""]",2022-09-13,False,1,listed_not_verified,not_adjudicated,not_assigned
NCT03487835,INTERVENTIONAL,COMPLETED,NA,"[""Older Adult""]",2018-04-04,False,0,not_listed_not_absent,not_adjudicated,not_assigned
NCT03489083,INTERVENTIONAL,COMPLETED,NA,"[""Type 2 Diabetes Mellitus"", ""Aging""]",2018-04-05,False,1,listed_not_verified,not_adjudicated,not_assigned
NCT03489421,OBSERVATIONAL,COMPLETED,,"[""Human Immunodeficiency Virus (HIV)"", ""Mitochondrial Diseases""]",2019-09-26,False,1,listed_not_verified,not_adjudicated,not_assigned
NCT03490825,INTERVENTIONAL,COMPLETED,NA,"[""Improving Cardiometabolic Outcomes in Older Adults""]",2025-05-23,False,1,listed_not_verified,not_adjudicated,not_assigned
NCT03500640,INTERVENTIONAL,COMPLETED,NA,"[""Obesity"", ""PreDiabetes"", ""Aging""]",2025-03-28,True,1,listed_not_verified,not_adjudicated,not_assigned
NCT03501433,INTERVENTIONAL,COMPLETED,NA,"[""Aging"", ""Lipemia""]",2020-09-25,False,1,listed_not_verified,not_adjudicated,not_assigned
NCT03504813,INTERVENTIONAL,COMPLETED,NA,"[""Aging"", ""Age Problem""]",2020-10-19,False,1,listed_not_verified,not_adjudicated,not_assigned
NCT03507036,INTERVENTIONAL,COMPLETED,NA,"[""Skin Laxity""]",2020-12-03,True,1,listed_not_verified,not_adjudicated,not_assigned
NCT03510377,INTERVENTIONAL,COMPLETED,NA,"[""Aging"", ""Falling"", ""Pedestrian Accidents"", ""Physical Activity""]",2020-01-18,False,1,listed_not_verified,not_adjudicated,not_assigned
NCT03511352,INTERVENTIONAL,UNKNOWN,NA,"[""Sedentary Lifestyle""]",2024-06-14,False,1,listed_not_verified,not_adjudicated,not_assigned
NCT03511417,INTERVENTIONAL,WITHDRAWN,NA,"[""Hearing Loss, Functional""]",2021-10-20,False,1,listed_not_verified,not_adjudicated,not_assigned
NCT03513302,INTERVENTIONAL,COMPLETED,NA,"[""Aging"", ""Sarcopenia""]",2025-02-19,True,1,listed_not_verified,not_adjudicated,not_assigned
NCT03513354,INTERVENTIONAL,COMPLETED,NA,"[""Elderly""]",2019-04-09,False,0,not_listed_not_absent,not_adjudicated,not_assigned
NCT03514537,INTERVENTIONAL,SUSPENDED,NA,"[""Frail Elderly Syndrome"", ""Aging"", ""Degenerative Disease""]",2025-09-12,False,1,listed_not_verified,not_adjudicated,not_assigned
NCT03515395,OBSERVATIONAL,WITHDRAWN,,"[""Hip Fractures"", ""Exercise"", ""Aging""]",2021-08-06,False,1,listed_not_verified,not_adjudicated,not_assigned
NCT03518580,OBSERVATIONAL,COMPLETED,,"[""Aging""]",2018-05-08,False,1,listed_not_verified,not_adjudicated,not_assigned
NCT03522493,INTERVENTIONAL,UNKNOWN,NA,"[""Aging""]",2018-05-11,False,1,listed_not_verified,not_adjudicated,not_assigned
NCT03526757,INTERVENTIONAL,COMPLETED,NA,"[""Aging"", ""Mobility Limitation"", ""Postural Balance""]",2021-09-21,False,1,listed_not_verified,not_adjudicated,not_assigned
NCT03528538,INTERVENTIONAL,COMPLETED,NA,"[""Aging"", ""Testosterone Deficiency""]",2018-05-18,False,1,listed_not_verified,not_adjudicated,not_assigned
NCT03529292,INTERVENTIONAL,COMPLETED,NA,"[""Skin Aging""]",2021-12-06,False,1,listed_not_verified,not_adjudicated,not_assigned
NCT03529344,INTERVENTIONAL,COMPLETED,NA,"[""Muscle Weakness"", ""Muscle Loss"", ""Blood Sugar; High"", ""Inflammation"", ""Aging""]",2022-01-04,False,0,not_listed_not_absent,not_adjudicated,not_assigned
NCT03529929,INTERVENTIONAL,WITHDRAWN,PHASE3,"[""Aging""]",2020-03-11,False,1,listed_not_verified,not_adjudicated,not_assigned
NCT03530202,INTERVENTIONAL,UNKNOWN,PHASE2,"[""Sarcopenia""]",2018-05-21,False,1,listed_not_verified,not_adjudicated,not_assigned
NCT03530592,INTERVENTIONAL,NOT_YET_RECRUITING,NA,"[""Peripheral Nervous System Diseases"", ""Gait Disorders, Neurologic"", ""Foot Drop"", ""Mobility Limitation""]",2018-05-21,False,1,listed_not_verified,not_adjudicated,not_assigned
NCT03530774,INTERVENTIONAL,COMPLETED,NA,"[""Sarcopenia"", ""Aging""]",2024-12-20,False,1,listed_not_verified,not_adjudicated,not_assigned
NCT03532113,INTERVENTIONAL,COMPLETED,NA,"[""Inhibition (Psychology)"", ""Updating"", ""General Knowledge"", ""No Training""]",2020-01-23,False,1,listed_not_verified,not_adjudicated,not_assigned
NCT03532984,OBSERVATIONAL,UNKNOWN,,"[""Aging"", ""Parkinson Disease"", ""Stroke"", ""Dementia"", ""Diagnoses Disease"", ""Cognitive Impairment"", ""Postural; Defect""]",2018-05-22,False,5,listed_not_verified,not_adjudicated,not_assigned
NCT03535844,INTERVENTIONAL,COMPLETED,NA,"[""Cardiovascular Diseases"", ""Aging""]",2020-04-22,True,2,listed_not_verified,not_adjudicated,not_assigned
NCT03536871,INTERVENTIONAL,COMPLETED,NA,"[""Sarcopenia"", ""Healthy Elderly"", ""Healthy Young""]",2023-05-16,False,1,listed_not_verified,not_adjudicated,not_assigned
NCT03537677,INTERVENTIONAL,COMPLETED,NA,"[""Sedentary Lifestyle""]",2018-05-25,False,1,listed_not_verified,not_adjudicated,not_assigned
NCT03538158,INTERVENTIONAL,COMPLETED,NA,"[""Social Isolation"", ""Aging"", ""Physical Activity""]",2022-10-12,True,2,listed_not_verified,not_adjudicated,not_assigned
NCT03538574,INTERVENTIONAL,COMPLETED,NA,"[""Insomnia Chronic""]",2022-10-04,False,1,listed_not_verified,not_adjudicated,not_assigned
NCT03540082,INTERVENTIONAL,UNKNOWN,NA,"[""Fall Prevention"", ""Fall Injury"", ""Fall Safety""]",2019-05-14,False,0,not_listed_not_absent,not_adjudicated,not_assigned
NCT03541460,OBSERVATIONAL,COMPLETED,,"[""LONGEVITY 1""]",2023-04-04,False,1,listed_not_verified,not_adjudicated,not_assigned
NCT03542786,INTERVENTIONAL,COMPLETED,NA,"[""HIV"", ""Premature Aging""]",2020-07-08,False,1,listed_not_verified,not_adjudicated,not_assigned
NCT03544424,OBSERVATIONAL,COMPLETED,,"[""Physical Activity"", ""Aging"", ""Cardiac Disease""]",2025-05-21,True,1,listed_not_verified,not_adjudicated,not_assigned
NCT03544879,INTERVENTIONAL,COMPLETED,NA,"[""Aging"", ""Mobility Limitation"", ""Sedentary Lifestyle""]",2019-10-21,True,0,not_listed_not_absent,not_adjudicated,not_assigned
NCT03548168,OBSERVATIONAL,COMPLETED,,"[""Low Back Pain"", ""Aging""]",2021-09-09,False,1,listed_not_verified,not_adjudicated,not_assigned
NCT03549078,INTERVENTIONAL,COMPLETED,NA,"[""Functional Aging"", ""Subjective Cognitive Concerns"", ""Compensation Strategies"", ""Brain Health Activities""]",2020-06-11,False,1,listed_not_verified,not_adjudicated,not_assigned
NCT03550131,INTERVENTIONAL,COMPLETED,NA,"[""Alzheimer Disease"", ""Dementia"", ""Mild Cognitive Impairment"", ""Parkinson Disease Dementia"", ""Lewy Body Dementia"", ""Vascular Dementia""]",2024-07-25,True,1,listed_not_verified,not_adjudicated,not_assigned
NCT03550144,INTERVENTIONAL,COMPLETED,NA,"[""Awe"", ""Compassion"", ""Anxiety""]",2022-03-22,False,1,listed_not_verified,not_adjudicated,not_assigned
NCT03551392,INTERVENTIONAL,COMPLETED,NA,"[""Aging""]",2026-08-05,False,2,listed_not_verified,not_adjudicated,not_assigned
NCT03551483,INTERVENTIONAL,UNKNOWN,NA,"[""Cognitive Impairment"", ""Mild Cognitive Impairment"", ""Dementia"", ""Age-related Cognitive Decline"", ""Aging""]",2019-02-27,False,1,listed_not_verified,not_adjudicated,not_assigned
NCT03552042,INTERVENTIONAL,COMPLETED,NA,"[""Aging""]",2021-07-27,False,1,listed_not_verified,not_adjudicated,not_assigned
NCT03554499,INTERVENTIONAL,COMPLETED,NA,"[""Aging""]",2018-06-15,False,0,not_listed_not_absent,not_adjudicated,not_assigned
NCT03556709,INTERVENTIONAL,NOT_YET_RECRUITING,NA,"[""Foot Drop"", ""Peripheral Nervous System Diseases"", ""Gait Disorders, Neurologic"", ""Mobility Limitation""]",2018-06-14,False,0,not_listed_not_absent,not_adjudicated,not_assigned
NCT03559101,INTERVENTIONAL,COMPLETED,NA,"[""Dehydration""]",2018-06-15,False,1,listed_not_verified,not_adjudicated,not_assigned
NCT03560284,OBSERVATIONAL,UNKNOWN,,"[""Follow-up Care""]",2018-06-26,False,1,listed_not_verified,not_adjudicated,not_assigned
NCT03560648,INTERVENTIONAL,COMPLETED,NA,"[""Healthy Volunteers"", ""Skeletal Muscle""]",2022-09-01,False,1,listed_not_verified,not_adjudicated,not_assigned
NCT03564600,INTERVENTIONAL,COMPLETED,NA,"[""Chronic Low Back Pain""]",2025-03-20,True,3,listed_not_verified,not_adjudicated,not_assigned
NCT03566719,INTERVENTIONAL,COMPLETED,NA,"[""Elderly"", ""Fall Risk"", ""Fall""]",2018-06-25,False,0,not_listed_not_absent,not_adjudicated,not_assigned
NCT03579485,OBSERVATIONAL,UNKNOWN,,"[""Hiv""]",2023-02-08,False,1,listed_not_verified,not_adjudicated,not_assigned
NCT03580551,INTERVENTIONAL,COMPLETED,NA,"[""Quality of Life"", ""Aging""]",2022-05-20,False,1,listed_not_verified,not_adjudicated,not_assigned
NCT03592420,INTERVENTIONAL,COMPLETED,NA,"[""Fall"", ""Aging"", ""Parkinson Disease"", ""Stroke""]",2018-07-19,False,2,listed_not_verified,not_adjudicated,not_assigned
NCT03592563,OBSERVATIONAL,RECRUITING,,"[""Stroke, Ischemic"", ""Stroke Syndrome"", ""Stroke"", ""Stroke, Acute"", ""Dementia"", ""Brain Ischemia"", ""Brain Diseases"", ""Alzheimer Disease"", ""Health Attitude"", ""Health Knowledge, Attitudes, Practice"", ""Health Personnel Attitude"", ""Healthy Aging""]",2026-02-24,False,2,listed_not_verified,not_adjudicated,not_assigned
NCT03593941,OBSERVATIONAL,COMPLETED,,"[""Dementia Alzheimers""]",2021-03-09,False,1,listed_not_verified,not_adjudicated,not_assigned
NCT03594097,INTERVENTIONAL,TERMINATED,NA,"[""Healthy Ageing""]",2023-03-20,False,2,listed_not_verified,not_adjudicated,not_assigned
NCT03595774,INTERVENTIONAL,COMPLETED,PHASE1,"[""Aging"", ""Sarcopenia""]",2024-07-29,True,1,listed_not_verified,not_adjudicated,not_assigned
NCT03600402,INTERVENTIONAL,COMPLETED,NA,"[""Aging Problems""]",2019-01-04,False,1,listed_not_verified,not_adjudicated,not_assigned
NCT03600545,INTERVENTIONAL,COMPLETED,NA,"[""Memory Problems""]",2021-02-24,False,1,listed_not_verified,not_adjudicated,not_assigned
NCT03602768,INTERVENTIONAL,COMPLETED,NA,"[""Aging"", ""Cognitive Decline""]",2021-07-27,False,1,listed_not_verified,not_adjudicated,not_assigned
NCT03603587,INTERVENTIONAL,TERMINATED,NA,"[""Skin Aging"", ""Skin Cancer""]",2020-03-05,False,1,listed_not_verified,not_adjudicated,not_assigned
NCT03604185,INTERVENTIONAL,TERMINATED,NA,"[""Hearing Loss"", ""Auditory Perception"", ""Music Therapy"", ""Aging""]",2025-04-06,False,1,listed_not_verified,not_adjudicated,not_assigned
NCT03605446,INTERVENTIONAL,UNKNOWN,NA,"[""Acceptance, Social""]",2018-07-30,False,3,listed_not_verified,not_adjudicated,not_assigned
NCT03612167,INTERVENTIONAL,SUSPENDED,NA,"[""Subjective Cognitive Complaints""]",2020-09-10,False,1,listed_not_verified,not_adjudicated,not_assigned
NCT03614988,INTERVENTIONAL,UNKNOWN,NA,"[""Aging"", ""Primary Hypothyroidism"", ""Interaction Drug Food""]",2019-10-14,False,1,listed_not_verified,not_adjudicated,not_assigned
NCT03615625,INTERVENTIONAL,COMPLETED,NA,"[""Hypertension""]",2021-01-14,False,1,listed_not_verified,not_adjudicated,not_assigned
NCT03617302,INTERVENTIONAL,COMPLETED,EARLY_PHASE1,"[""Aging"", ""Arterial Stiffness"", ""Endothelial Dysfunction"", ""Hypertension"", ""Cognitive Decline""]",2026-03-04,True,1,listed_not_verified,not_adjudicated,not_assigned
NCT03619070,INTERVENTIONAL,UNKNOWN,NA,"[""Aging""]",2018-08-08,False,1,listed_not_verified,not_adjudicated,not_assigned
NCT03624777,INTERVENTIONAL,COMPLETED,NA,"[""Accidental Fall"", ""Injury Prevention"", ""Healthy Aging""]",2022-05-27,False,3,listed_not_verified,not_adjudicated,not_assigned
NCT03625167,INTERVENTIONAL,COMPLETED,NA,"[""Healthy Skin""]",2025-02-19,True,1,listed_not_verified,not_adjudicated,not_assigned
NCT03625349,OBSERVATIONAL,ACTIVE_NOT_RECRUITING,,"[""Aging"", ""Cardiovascular Disease""]",2025-12-03,False,1,listed_not_verified,not_adjudicated,not_assigned
NCT03626532,INTERVENTIONAL,COMPLETED,NA,"[""Aging""]",2023-08-31,False,1,listed_not_verified,not_adjudicated,not_assigned
NCT03629912,INTERVENTIONAL,COMPLETED,NA,"[""Activities of Daily Living"", ""Accidental Fall"", ""Sarcopenia"", ""Arteriosclerosis"", ""Diabetes Mellitus, Type 2"", ""Hypertension"", ""Cognitive Decline"", ""Executive Function"", ""Cognitive Aging""]",2024-03-12,True,4,listed_not_verified,not_adjudicated,not_assigned
NCT03633721,INTERVENTIONAL,COMPLETED,PHASE2,"[""HIV"", ""AIDS"", ""Aging""]",2025-10-15,True,1,listed_not_verified,not_adjudicated,not_assigned
NCT03634033,INTERVENTIONAL,COMPLETED,NA,"[""Independent Living""]",2022-11-30,True,18,listed_not_verified,not_adjudicated,not_assigned
NCT03634163,INTERVENTIONAL,UNKNOWN,NA,"[""Chronic Disease"", ""Aging""]",2018-08-16,False,1,listed_not_verified,not_adjudicated,not_assigned
NCT03636672,INTERVENTIONAL,COMPLETED,NA,"[""Accidental Falls""]",2021-07-30,False,1,listed_not_verified,not_adjudicated,not_assigned
NCT03637751,INTERVENTIONAL,COMPLETED,NA,"[""Gene Expression in Response to Acute Stress""]",2021-09-28,False,1,listed_not_verified,not_adjudicated,not_assigned
NCT03640117,OBSERVATIONAL,UNKNOWN,,"[""Aging"", ""Breast Cancer"", ""Chemotherapeutic Toxicity"", ""Survival""]",2019-05-29,False,1,listed_not_verified,not_adjudicated,not_assigned
NCT03643237,INTERVENTIONAL,COMPLETED,NA,"[""Aging"", ""Aging Problems""]",2020-03-24,False,1,listed_not_verified,not_adjudicated,not_assigned
NCT03644745,INTERVENTIONAL,UNKNOWN,NA,"[""Aging""]",2018-08-23,False,2,listed_not_verified,not_adjudicated,not_assigned
NCT03647917,INTERVENTIONAL,COMPLETED,EARLY_PHASE1,"[""Skin Aging of Face and Hands""]",2021-11-24,False,1,listed_not_verified,not_adjudicated,not_assigned
NCT03649698,INTERVENTIONAL,UNKNOWN,NA,"[""Sarcopenia""]",2024-06-28,False,1,listed_not_verified,not_adjudicated,not_assigned
NCT03650387,INTERVENTIONAL,COMPLETED,NA,"[""Signs of Facial Aging With Volume Loss in the Upper Cheeks, Nasolabial Folds and Marionette Lines""]",2023-12-05,True,7,listed_not_verified,not_adjudicated,not_assigned
NCT03653156,OBSERVATIONAL,RECRUITING,,"[""Mild Cognitive Impairment(MCI)"", ""Alzheimer Disease, Late Onset"", ""Familial Alzheimer Disease (FAD)"", ""Vascular Dementia (VaD)"", ""Normal Control"", ""Non-Alzheimer Degenerative Dementia""]",2026-03-23,False,65,listed_not_verified,not_adjudicated,not_assigned
NCT03655769,INTERVENTIONAL,ACTIVE_NOT_RECRUITING,NA,"[""Transcranial Direct Current Stimulation""]",2025-12-11,False,0,not_listed_not_absent,not_adjudicated,not_assigned
NCT03656107,INTERVENTIONAL,TERMINATED,NA,"[""Dementia"", ""Alzheimer Disease"", ""Mild Cognitive Impairment"", ""Aging"", ""Cognitive Impairment""]",2022-05-27,True,2,listed_not_verified,not_adjudicated,not_assigned
NCT03657212,INTERVENTIONAL,TERMINATED,PHASE4,"[""Aging""]",2025-02-05,True,1,listed_not_verified,not_adjudicated,not_assigned
NCT03658187,INTERVENTIONAL,COMPLETED,NA,"[""Deficiency Growth Hormone""]",2019-05-31,False,1,listed_not_verified,not_adjudicated,not_assigned
NCT03661190,INTERVENTIONAL,COMPLETED,NA,"[""Healthy Aging""]",2026-05-04,True,1,listed_not_verified,not_adjudicated,not_assigned
NCT03666013,OBSERVATIONAL,COMPLETED,,"[""Muscle Weakness""]",2021-04-20,False,1,listed_not_verified,not_adjudicated,not_assigned
NCT03667573,INTERVENTIONAL,COMPLETED,PHASE1,"[""Aging""]",2023-09-13,True,1,listed_not_verified,not_adjudicated,not_assigned
NCT03672448,OBSERVATIONAL,UNKNOWN,,"[""Mild Cognitive Impairment"", ""Alzheimer Disease"", ""Dementia, Vascular"", ""Dementia With Lewy Bodies"", ""Dementia Frontal"", ""Depression"", ""Anxiety""]",2020-01-10,False,1,listed_not_verified,not_adjudicated,not_assigned
NCT03675490,INTERVENTIONAL,UNKNOWN,NA,"[""Aging"", ""Fall"", ""Muscle Weakness"", ""Mobility Limitation""]",2018-09-18,False,0,not_listed_not_absent,not_adjudicated,not_assigned
NCT03675724,INTERVENTIONAL,ENROLLING_BY_INVITATION,PHASE2,"[""Frail Elderly Syndrome""]",2026-05-22,False,1,listed_not_verified,not_adjudicated,not_assigned
NCT03676452,INTERVENTIONAL,COMPLETED,NA,"[""Fall Prevention in Healthy Aging""]",2019-04-19,False,1,listed_not_verified,not_adjudicated,not_assigned
NCT03677258,INTERVENTIONAL,COMPLETED,NA,"[""Skin Aging""]",2018-09-19,False,1,listed_not_verified,not_adjudicated,not_assigned
NCT03677726,INTERVENTIONAL,COMPLETED,NA,"[""Sleep Initiation and Maintenance Disorders"", ""Cognitive Aging""]",2021-06-15,False,1,listed_not_verified,not_adjudicated,not_assigned
NCT03678831,OBSERVATIONAL,COMPLETED,,"[""Osteoarthritis, Knee"", ""Prosthesis User""]",2025-12-05,False,1,listed_not_verified,not_adjudicated,not_assigned
NCT03679026,OBSERVATIONAL,UNKNOWN,,"[""Cognition Disorders in Old Age"", ""Cardiovascular Diseases"", ""Dementia""]",2024-04-05,False,1,listed_not_verified,not_adjudicated,not_assigned
NCT03679325,INTERVENTIONAL,UNKNOWN,NA,"[""Copd"", ""Aging""]",2018-09-24,False,1,listed_not_verified,not_adjudicated,not_assigned
NCT03679533,INTERVENTIONAL,COMPLETED,NA,"[""Aging"", ""Cognitive Decline""]",2020-09-30,False,1,listed_not_verified,not_adjudicated,not_assigned
NCT03680768,OBSERVATIONAL,COMPLETED,,"[""Aging"", ""Healthy""]",2020-02-19,False,1,listed_not_verified,not_adjudicated,not_assigned
NCT03682133,OBSERVATIONAL,TERMINATED,,"[""Colon Cancer"", ""Aging"", ""Postoperative Complications""]",2019-09-13,False,2,listed_not_verified,not_adjudicated,not_assigned
NCT03682874,OBSERVATIONAL,TERMINATED,,"[""Delirium"", ""Dementia Alzheimers"", ""Respiratory Failure""]",2021-06-30,False,1,listed_not_verified,not_adjudicated,not_assigned
NCT03684330,INTERVENTIONAL,UNKNOWN,NA,"[""COPD"", ""Aging""]",2018-09-25,False,1,listed_not_verified,not_adjudicated,not_assigned
NCT03684837,INTERVENTIONAL,UNKNOWN,NA,"[""COPD"", ""Aging""]",2018-09-26,False,1,listed_not_verified,not_adjudicated,not_assigned
NCT03688932,INTERVENTIONAL,COMPLETED,NA,"[""Frail Elderly Syndrome""]",2019-09-25,False,1,listed_not_verified,not_adjudicated,not_assigned
NCT03689322,INTERVENTIONAL,COMPLETED,NA,"[""Frail Elderly Syndrome""]",2019-09-25,False,1,listed_not_verified,not_adjudicated,not_assigned
NCT03690258,INTERVENTIONAL,UNKNOWN,NA,"[""Sarcopenia"", ""Hypertension"", ""Muscle Atrophy""]",2019-09-26,False,2,listed_not_verified,not_adjudicated,not_assigned
NCT03690999,INTERVENTIONAL,COMPLETED,NA,"[""Microbiome"", ""Immune Function"", ""Inflammation""]",2023-02-17,False,1,listed_not_verified,not_adjudicated,not_assigned
NCT03695081,INTERVENTIONAL,COMPLETED,NA,"[""Hip Fractures"", ""Aging"", ""Patient Fall""]",2023-06-29,False,1,listed_not_verified,not_adjudicated,not_assigned
NCT03696082,INTERVENTIONAL,TERMINATED,NA,"[""Cognition Disorders"", ""Brain Pathology"", ""Physical Disability"", ""Physical Activity"", ""Aging""]",2023-03-22,False,1,listed_not_verified,not_adjudicated,not_assigned
NCT03699020,INTERVENTIONAL,COMPLETED,NA,"[""HIV/AIDS"", ""Chronic Pain""]",2023-11-18,True,1,listed_not_verified,not_adjudicated,not_assigned
NCT03702335,INTERVENTIONAL,UNKNOWN,NA,"[""Aging"", ""Age Problem"", ""Age-related Cognitive Decline"", ""Age-Related Atrophy""]",2021-09-02,False,2,listed_not_verified,not_adjudicated,not_assigned
NCT03702907,OBSERVATIONAL,RECRUITING,,"[""Alzheimer Disease"", ""Dementia"", ""Mild Cognitive Impairment"", ""Aging"", ""Aging Disorder""]",2019-10-24,False,1,listed_not_verified,not_adjudicated,not_assigned
NCT03704090,INTERVENTIONAL,COMPLETED,NA,"[""Postoperative Delirium"", ""Aging Disorder""]",2021-04-28,False,1,listed_not_verified,not_adjudicated,not_assigned
NCT03707145,INTERVENTIONAL,COMPLETED,NA,"[""Frailty"", ""Sarcopenia"", ""Aging""]",2024-10-21,True,1,listed_not_verified,not_adjudicated,not_assigned
NCT03708640,INTERVENTIONAL,COMPLETED,NA,"[""HIV""]",2022-07-05,False,1,listed_not_verified,not_adjudicated,not_assigned
NCT03713801,INTERVENTIONAL,COMPLETED,PHASE1,"[""Aging"", ""Vaccine Response Impaired""]",2024-08-20,False,1,listed_not_verified,not_adjudicated,not_assigned
NCT03717324,OBSERVATIONAL,UNKNOWN,,"[""Emergencies"", ""Aging""]",2018-10-24,False,1,listed_not_verified,not_adjudicated,not_assigned
NCT03723902,INTERVENTIONAL,COMPLETED,NA,"[""Aging""]",2019-03-14,False,1,listed_not_verified,not_adjudicated,not_assigned
NCT03724461,INTERVENTIONAL,COMPLETED,NA,"[""Aging"", ""Sarcopenia"", ""Frail Elderly Syndrome""]",2020-06-16,False,1,listed_not_verified,not_adjudicated,not_assigned
NCT03727737,INTERVENTIONAL,COMPLETED,NA,"[""Brain Injuries, Traumatic"", ""Repetitive Transcranial Magnetic Stimulation"", ""Memory Deficits"", ""Aging""]",2023-04-11,False,1,listed_not_verified,not_adjudicated,not_assigned
NCT03729778,INTERVENTIONAL,ACTIVE_NOT_RECRUITING,EARLY_PHASE1,"[""HIV-1-infection"", ""Human Immunodeficiency Virus"", ""HIV/AIDS"", ""HIV Infections""]",2026-07-29,False,1,listed_not_verified,not_adjudicated,not_assigned
NCT03730649,INTERVENTIONAL,ACTIVE_NOT_RECRUITING,EARLY_PHASE1,"[""Skin Aging""]",2026-09-04,False,1,listed_not_verified,not_adjudicated,not_assigned
NCT03731572,INTERVENTIONAL,COMPLETED,NA,"[""Accidental Falls""]",2026-01-26,False,1,listed_not_verified,not_adjudicated,not_assigned
NCT03734419,OBSERVATIONAL,WITHDRAWN,,"[""Healthy""]",2023-12-21,False,0,not_listed_not_absent,not_adjudicated,not_assigned
NCT03737760,OBSERVATIONAL,COMPLETED,,"[""Effect of Age-related Changes in the Brain on Walking Ability""]",2025-07-17,False,1,listed_not_verified,not_adjudicated,not_assigned
NCT03737903,OBSERVATIONAL,UNKNOWN,,"[""Surgery"", ""Physical Activity"", ""Aging""]",2018-11-13,False,1,listed_not_verified,not_adjudicated,not_assigned
NCT03739398,INTERVENTIONAL,COMPLETED,NA,"[""Wrinkle""]",2020-09-29,False,1,listed_not_verified,not_adjudicated,not_assigned
NCT03739762,INTERVENTIONAL,COMPLETED,NA,"[""Sedentary Lifestyle""]",2024-06-25,True,1,listed_not_verified,not_adjudicated,not_assigned
NCT03741283,INTERVENTIONAL,UNKNOWN,NA,"[""Aging"", ""Malnutrition"", ""Drug Prescribing""]",2021-08-25,False,1,listed_not_verified,not_adjudicated,not_assigned
NCT03742479,INTERVENTIONAL,UNKNOWN,NA,"[""Wrinkle""]",2019-05-03,False,1,listed_not_verified,not_adjudicated,not_assigned
NCT03743792,INTERVENTIONAL,COMPLETED,NA,"[""Aging"", ""Age-related Cognitive Decline"", ""Obesity""]",2023-05-10,False,1,listed_not_verified,not_adjudicated,not_assigned
NCT03743857,INTERVENTIONAL,COMPLETED,NA,"[""Aging Problems""]",2019-01-29,False,1,listed_not_verified,not_adjudicated,not_assigned
NCT03748797,INTERVENTIONAL,COMPLETED,NA,"[""HIV/AIDS""]",2018-11-23,False,1,listed_not_verified,not_adjudicated,not_assigned
NCT03750682,INTERVENTIONAL,COMPLETED,NA,"[""Motoric Cognitive Risk Syndrome""]",2022-02-14,False,1,listed_not_verified,not_adjudicated,not_assigned
NCT03750903,INTERVENTIONAL,COMPLETED,NA,"[""Aging""]",2025-04-03,True,1,listed_not_verified,not_adjudicated,not_assigned
NCT03756194,INTERVENTIONAL,UNKNOWN,NA,"[""Aging""]",2019-10-14,False,1,listed_not_verified,not_adjudicated,not_assigned
NCT03758846,INTERVENTIONAL,COMPLETED,NA,"[""Chronic Stroke"", ""Healthy Aging""]",2019-11-08,False,1,listed_not_verified,not_adjudicated,not_assigned
NCT03761446,INTERVENTIONAL,RECRUITING,NA,"[""Type 2 Diabetes"", ""Muscle Atrophy"", ""Aging"", ""Sedentary Behavior"", ""Pre-diabetes""]",2025-03-13,False,1,listed_not_verified,not_adjudicated,not_assigned
NCT03761706,INTERVENTIONAL,COMPLETED,NA,"[""Breast Cancer""]",2025-04-01,False,1,listed_not_verified,not_adjudicated,not_assigned
NCT03767400,OBSERVATIONAL,COMPLETED,,"[""Skin Care""]",2019-10-31,False,1,listed_not_verified,not_adjudicated,not_assigned
NCT03769779,INTERVENTIONAL,COMPLETED,NA,"[""Aging"", ""Wrinkle"", ""Skin Elasticity"", ""Healthy"", ""Hydration""]",2021-02-03,False,1,listed_not_verified,not_adjudicated,not_assigned
NCT03771105,INTERVENTIONAL,RECRUITING,EARLY_PHASE1,"[""Hypophosphatemia"", ""Rickets"", ""Hypercalciuria"", ""XLH"", ""HHRH""]",2026-05-27,False,1,listed_not_verified,not_adjudicated,not_assigned
NCT03771131,INTERVENTIONAL,COMPLETED,NA,"[""Age-related Cognitive Decline""]",2018-12-10,False,1,listed_not_verified,not_adjudicated,not_assigned
NCT03771261,INTERVENTIONAL,COMPLETED,NA,"[""Pre Diabetes"", ""Obesity""]",2023-09-11,False,1,listed_not_verified,not_adjudicated,not_assigned
NCT03771417,INTERVENTIONAL,COMPLETED,NA,"[""Aging"", ""Sarcopenia"", ""Disability Physical"", ""Cardiovascular Diseases"", ""Insulin Resistance"", ""Diabetes Mellitus""]",2025-03-19,True,2,listed_not_verified,not_adjudicated,not_assigned
NCT03772418,INTERVENTIONAL,UNKNOWN,PHASE1,"[""Skin and Subcutaneous Tissue Disorders""]",2018-12-11,False,3,listed_not_verified,not_adjudicated,not_assigned
NCT03775382,INTERVENTIONAL,COMPLETED,NA,"[""Aging""]",2023-05-10,False,1,listed_not_verified,not_adjudicated,not_assigned
NCT03775941,OBSERVATIONAL,COMPLETED,,"[""Cognitive Decline"", ""Executive Dysfunction"", ""Cardiovascular Risk Factor""]",2018-12-19,False,0,not_listed_not_absent,not_adjudicated,not_assigned
NCT03777111,INTERVENTIONAL,COMPLETED,NA,"[""Aging""]",2021-01-14,False,1,listed_not_verified,not_adjudicated,not_assigned
NCT03782779,INTERVENTIONAL,COMPLETED,NA,"[""Aging""]",2020-05-20,False,1,listed_not_verified,not_adjudicated,not_assigned
NCT03784053,OBSERVATIONAL,UNKNOWN,,"[""Aging""]",2019-01-16,False,1,listed_not_verified,not_adjudicated,not_assigned
NCT03785639,OBSERVATIONAL,COMPLETED,,"[""Aging""]",2020-09-18,False,1,listed_not_verified,not_adjudicated,not_assigned
NCT03786185,INTERVENTIONAL,UNKNOWN,NA,"[""Dyslexia"", ""Aging Problems""]",2024-03-01,False,1,listed_not_verified,not_adjudicated,not_assigned
NCT03786250,OBSERVATIONAL,UNKNOWN,,"[""Emergencies"", ""Aging"", ""Geriatric Assessment"", ""Patient Discharge""]",2018-12-26,False,1,listed_not_verified,not_adjudicated,not_assigned
NCT03790657,INTERVENTIONAL,COMPLETED,PHASE1,"[""Aging""]",2025-09-22,True,1,listed_not_verified,not_adjudicated,not_assigned
NCT03791502,INTERVENTIONAL,COMPLETED,NA,"[""Aging"", ""Exercise Movement Techniques""]",2020-02-05,False,1,listed_not_verified,not_adjudicated,not_assigned
NCT03793127,OBSERVATIONAL,ACTIVE_NOT_RECRUITING,,"[""Aging""]",2025-06-11,False,1,listed_not_verified,not_adjudicated,not_assigned
NCT03796923,INTERVENTIONAL,COMPLETED,NA,"[""Frail Elderly Syndrome"", ""Transitional Care"", ""Frailty"", ""Readmission"", ""Aging"", ""Elderly""]",2021-04-30,False,1,listed_not_verified,not_adjudicated,not_assigned
NCT03799952,INTERVENTIONAL,COMPLETED,NA,"[""Aging"", ""Fall""]",2021-07-14,True,1,listed_not_verified,not_adjudicated,not_assigned
NCT03800186,OBSERVATIONAL,COMPLETED,,"[""FEMORAL FRACTURES""]",2019-01-11,False,1,listed_not_verified,not_adjudicated,not_assigned
NCT03802396,INTERVENTIONAL,COMPLETED,PHASE2,"[""Postoperative Delirium"", ""Postoperative Cognitive Dysfunction""]",2024-10-16,True,1,listed_not_verified,not_adjudicated,not_assigned
NCT03802994,INTERVENTIONAL,TERMINATED,EARLY_PHASE1,"[""Renal Transplantation"", ""Aging""]",2021-04-30,True,2,listed_not_verified,not_adjudicated,not_assigned
NCT03803566,INTERVENTIONAL,WITHDRAWN,NA,"[""Aging""]",2021-11-16,False,1,listed_not_verified,not_adjudicated,not_assigned
NCT03803878,OBSERVATIONAL,UNKNOWN,,"[""Questionnaire"", ""Mixed Urinary Incontinence"", ""Urgency-predominant Mixed Urinary Incontinence""]",2020-09-16,False,1,listed_not_verified,not_adjudicated,not_assigned
NCT03803904,INTERVENTIONAL,COMPLETED,NA,"[""Aging""]",2026-06-09,True,1,listed_not_verified,not_adjudicated,not_assigned
NCT03810170,INTERVENTIONAL,COMPLETED,PHASE2,"[""Hiv"", ""Sexually Transmitted Diseases"", ""Aging""]",2023-09-07,False,1,listed_not_verified,not_adjudicated,not_assigned
NCT03810534,INTERVENTIONAL,COMPLETED,NA,"[""Transitional Care"", ""Caregivers"", ""Patient Discharge"", ""Aging"", ""Frailty""]",2022-08-23,True,1,listed_not_verified,not_adjudicated,not_assigned
NCT03812172,OBSERVATIONAL,COMPLETED,,"[""Amyloid Cardiomyopathy, Transthyretin-Related""]",2025-11-19,True,4,listed_not_verified,not_adjudicated,not_assigned
NCT03813082,INTERVENTIONAL,COMPLETED,NA,"[""Sleep Deprivation""]",2021-01-26,False,0,not_listed_not_absent,not_adjudicated,not_assigned
NCT03813654,INTERVENTIONAL,TERMINATED,NA,"[""Shift-Work Sleep Disorder"", ""Shift-Work Related Sleep Disturbance""]",2025-08-15,True,1,listed_not_verified,not_adjudicated,not_assigned
NCT03814304,INTERVENTIONAL,COMPLETED,NA,"[""Accidental Falls"", ""Aging""]",2026-07-28,True,1,listed_not_verified,not_adjudicated,not_assigned
NCT03817450,INTERVENTIONAL,COMPLETED,NA,"[""Aging"", ""Nursing Home"", ""Pneumonia""]",2019-11-13,False,0,not_listed_not_absent,not_adjudicated,not_assigned
NCT03818802,INTERVENTIONAL,COMPLETED,NA,"[""Healthy Elderly Volunteers""]",2025-02-26,False,1,listed_not_verified,not_adjudicated,not_assigned
NCT03819478,INTERVENTIONAL,COMPLETED,NA,"[""Obesity"", ""Weight Loss"", ""Diet Modification"", ""Aging"", ""Weight Change, Body"", ""Dietary Habits"", ""Osteopenia, Osteoporosis"", ""Bone Loss"", ""Fractures, Bone""]",2024-01-19,True,1,listed_not_verified,not_adjudicated,not_assigned
NCT03821623,INTERVENTIONAL,ACTIVE_NOT_RECRUITING,PHASE2,"[""Hypertension"", ""Aging""]",2026-10-02,False,1,listed_not_verified,not_adjudicated,not_assigned
NCT03821857,INTERVENTIONAL,RECRUITING,PHASE4,"[""Alzheimer Disease""]",2025-11-24,False,2,listed_not_verified,not_adjudicated,not_assigned
NCT03823183,INTERVENTIONAL,UNKNOWN,NA,"[""Executive Functions"", ""Memory Functions""]",2019-02-01,False,1,listed_not_verified,not_adjudicated,not_assigned
NCT03824041,INTERVENTIONAL,COMPLETED,NA,"[""Endothelial Dysfunction"", ""Aging""]",2023-07-03,False,1,listed_not_verified,not_adjudicated,not_assigned
NCT03824106,INTERVENTIONAL,RECRUITING,NA,"[""Frailty""]",2025-07-06,False,1,listed_not_verified,not_adjudicated,not_assigned
NCT03825120,OBSERVATIONAL,ENROLLING_BY_INVITATION,,"[""Infertility"", ""Cardiovascular Risk Factor""]",2026-09-15,False,1,listed_not_verified,not_adjudicated,not_assigned
NCT03827499,INTERVENTIONAL,COMPLETED,NA,"[""Aging"", ""Frail Elderly Syndrome"", ""Physical Activity""]",2023-05-10,False,1,listed_not_verified,not_adjudicated,not_assigned
NCT03830762,INTERVENTIONAL,COMPLETED,PHASE1,"[""Safety"", ""Peripheral Neuropathy"", ""Cortisol"", ""Central Nervous System"", ""Cognitive Function"", ""Healthy Ageing"", ""Small Fibre Neuropathy"", ""Cerebrospinal Fluid"", ""Electrocardiography""]",2025-01-22,False,1,listed_not_verified,not_adjudicated,not_assigned
NCT03831373,INTERVENTIONAL,COMPLETED,NA,"[""Quality of Life"", ""Aging""]",2019-04-17,False,1,listed_not_verified,not_adjudicated,not_assigned
NCT03834207,INTERVENTIONAL,UNKNOWN,NA,"[""Diabetes Type 2"", ""Renal Failure"", ""Heart Failure"", ""Depression"", ""Chronic Disease"", ""Aging""]",2019-02-07,False,3,listed_not_verified,not_adjudicated,not_assigned
NCT03836638,INTERVENTIONAL,UNKNOWN,NA,"[""Aging"", ""Botulinum Toxin"", ""Facial Wrinkles""]",2019-02-11,False,1,listed_not_verified,not_adjudicated,not_assigned
NCT03838211,INTERVENTIONAL,COMPLETED,NA,"[""Aging""]",2021-05-03,False,1,listed_not_verified,not_adjudicated,not_assigned
NCT03839329,INTERVENTIONAL,COMPLETED,NA,"[""Aging"", ""Quality of Life""]",2020-11-13,False,1,listed_not_verified,not_adjudicated,not_assigned
NCT03839628,INTERVENTIONAL,COMPLETED,NA,"[""Physical Inactivity""]",2022-06-22,True,1,listed_not_verified,not_adjudicated,not_assigned
NCT03840083,INTERVENTIONAL,RECRUITING,NA,"[""Sleep""]",2025-04-03,False,1,listed_not_verified,not_adjudicated,not_assigned
NCT03840330,INTERVENTIONAL,COMPLETED,NA,"[""Aging"", ""Healthy"", ""Cardiovascular Risk Factor"", ""Physical Activity""]",2019-03-06,False,0,not_listed_not_absent,not_adjudicated,not_assigned
NCT03840525,INTERVENTIONAL,COMPLETED,EARLY_PHASE1,"[""Mental Health"", ""Physical Health""]",2024-04-04,True,1,listed_not_verified,not_adjudicated,not_assigned
NCT03842579,INTERVENTIONAL,UNKNOWN,NA,"[""Physical Frailty""]",2020-05-18,False,1,listed_not_verified,not_adjudicated,not_assigned
NCT03846245,OBSERVATIONAL,COMPLETED,,"[""Aging""]",2021-06-09,False,1,listed_not_verified,not_adjudicated,not_assigned
NCT03846440,OBSERVATIONAL,COMPLETED,,"[""Aging""]",2019-03-12,False,1,listed_not_verified,not_adjudicated,not_assigned
NCT03848715,INTERVENTIONAL,COMPLETED,PHASE1,"[""Anhedonia"", ""Depression""]",2026-01-27,True,1,listed_not_verified,not_adjudicated,not_assigned
NCT03848741,INTERVENTIONAL,UNKNOWN,NA,"[""Aging"", ""Skeletal Muscle""]",2019-07-17,False,1,listed_not_verified,not_adjudicated,not_assigned
NCT03848897,INTERVENTIONAL,UNKNOWN,NA,"[""Aging Disorder"", ""Parkinson Disease""]",2019-04-16,False,1,listed_not_verified,not_adjudicated,not_assigned
NCT03849417,OBSERVATIONAL,UNKNOWN,,"[""Depression""]",2024-06-25,False,1,listed_not_verified,not_adjudicated,not_assigned
NCT03853148,INTERVENTIONAL,COMPLETED,NA,"[""Pain, Chronic"", ""Fatigue Syndrome, Chronic"", ""Aging""]",2022-07-29,True,1,listed_not_verified,not_adjudicated,not_assigned
NCT03855475,INTERVENTIONAL,COMPLETED,NA,"[""Mild Cognitive Impairment""]",2024-05-14,False,1,listed_not_verified,not_adjudicated,not_assigned
NCT03858114,INTERVENTIONAL,COMPLETED,NA,"[""Aging"", ""Chronic Disease"", ""Cognitive Decline"", ""Quality of Life"", ""Physical Activity""]",2020-11-10,False,3,listed_not_verified,not_adjudicated,not_assigned
NCT03860441,INTERVENTIONAL,COMPLETED,NA,"[""Cognitive Decline"", ""Cognitive Impairment"", ""Aging"", ""Motor Coordination or Function""]",2019-03-05,False,1,listed_not_verified,not_adjudicated,not_assigned
NCT03860857,INTERVENTIONAL,RECRUITING,PHASE3,"[""Alzheimer Disease"", ""Cognitive Impairment"", ""Cognitive Decline""]",2026-01-23,False,1,listed_not_verified,not_adjudicated,not_assigned
NCT03861767,INTERVENTIONAL,TERMINATED,PHASE3,"[""Aging""]",2024-06-18,True,1,listed_not_verified,not_adjudicated,not_assigned
NCT03862222,OBSERVATIONAL,COMPLETED,,"[""Alzheimer Disease"", ""Mild Cognitive Impairment"", ""Mild Dementia"", ""Aging"", ""Cognitive Change""]",2025-06-05,False,4,listed_not_verified,not_adjudicated,not_assigned
NCT03862872,INTERVENTIONAL,WITHDRAWN,NA,"[""Inflammation"", ""Skin Abnormalities"", ""Skin Pigment"", ""Inflammatory Response"", ""Skin Inflammation""]",2020-07-16,False,1,listed_not_verified,not_adjudicated,not_assigned
NCT03868878,INTERVENTIONAL,COMPLETED,NA,"[""Physical Conditioning, Human"", ""Lipid Metabolism"", ""Aged""]",2019-03-12,False,1,listed_not_verified,not_adjudicated,not_assigned
NCT03871296,OBSERVATIONAL,UNKNOWN,,"[""Aging"", ""Stem Cell Transplant Complications""]",2023-05-30,False,1,listed_not_verified,not_adjudicated,not_assigned
NCT03871582,OBSERVATIONAL,COMPLETED,,"[""Aging""]",2019-03-21,False,1,listed_not_verified,not_adjudicated,not_assigned
NCT03872414,INTERVENTIONAL,COMPLETED,NA,"[""Aging"", ""Emotions"", ""Parkinson Disease""]",2023-05-17,False,1,listed_not_verified,not_adjudicated,not_assigned
NCT03874182,OBSERVATIONAL,UNKNOWN,,"[""Dental Trauma""]",2019-04-22,False,0,not_listed_not_absent,not_adjudicated,not_assigned
NCT03874728,OBSERVATIONAL,COMPLETED,,"[""Falls"", ""Aging""]",2020-07-07,False,1,listed_not_verified,not_adjudicated,not_assigned
NCT03883425,OBSERVATIONAL,COMPLETED,,"[""Frail Elderly Syndrome""]",2020-12-02,False,1,listed_not_verified,not_adjudicated,not_assigned
NCT03886558,INTERVENTIONAL,COMPLETED,NA,"[""Quality of Life"", ""Healthy"", ""Aging"", ""Physical Activity""]",2026-06-17,False,1,listed_not_verified,not_adjudicated,not_assigned
NCT03888040,INTERVENTIONAL,UNKNOWN,NA,"[""Aging""]",2025-02-11,False,1,listed_not_verified,not_adjudicated,not_assigned
NCT03889158,INTERVENTIONAL,TERMINATED,PHASE4,"[""Aging"", ""Inflammation""]",2021-11-12,True,1,listed_not_verified,not_adjudicated,not_assigned
NCT03890861,INTERVENTIONAL,RECRUITING,NA,"[""Dementia, Alzheimer Type""]",2024-11-25,False,1,listed_not_verified,not_adjudicated,not_assigned
NCT03892200,INTERVENTIONAL,COMPLETED,NA,"[""Aging"", ""Long-Term Care""]",2026-04-16,True,1,listed_not_verified,not_adjudicated,not_assigned
NCT03892278,INTERVENTIONAL,UNKNOWN,NA,"[""Elderly Women""]",2020-01-21,False,1,listed_not_verified,not_adjudicated,not_assigned
NCT03892395,INTERVENTIONAL,COMPLETED,NA,"[""Bone Health""]",2023-12-08,False,1,listed_not_verified,not_adjudicated,not_assigned
NCT03893864,INTERVENTIONAL,COMPLETED,PHASE1,"[""Coenzyme Q10"", ""Oxidative Stress"", ""Aging""]",2019-03-28,False,1,listed_not_verified,not_adjudicated,not_assigned
NCT03895346,INTERVENTIONAL,COMPLETED,NA,"[""Mild Cognitive Impairment"", ""Aging""]",2022-09-15,False,1,listed_not_verified,not_adjudicated,not_assigned
NCT03896035,INTERVENTIONAL,COMPLETED,NA,"[""Chronic Back Pain"", ""Depression"", ""Aging""]",2024-03-15,True,1,listed_not_verified,not_adjudicated,not_assigned
NCT03896529,INTERVENTIONAL,RECRUITING,NA,"[""Aging"", ""Anxiety"", ""Memory Impairment""]",2026-09-23,False,1,listed_not_verified,not_adjudicated,not_assigned
NCT03898817,OBSERVATIONAL,TERMINATED,,"[""Age Problem""]",2021-12-29,False,1,listed_not_verified,not_adjudicated,not_assigned
NCT03898999,OBSERVATIONAL,COMPLETED,,"[""Aging Problems""]",2019-12-09,False,1,listed_not_verified,not_adjudicated,not_assigned
NCT03900702,INTERVENTIONAL,UNKNOWN,NA,"[""Cognitive Enhancement"", ""Aging""]",2019-04-03,False,1,listed_not_verified,not_adjudicated,not_assigned
NCT03900936,OBSERVATIONAL,UNKNOWN,,"[""Alzheimer Disease"", ""MCI"", ""Aging""]",2019-04-03,False,1,listed_not_verified,not_adjudicated,not_assigned
NCT03902743,INTERVENTIONAL,UNKNOWN,NA,"[""Aging""]",2019-11-07,False,1,listed_not_verified,not_adjudicated,not_assigned
NCT03904615,INTERVENTIONAL,COMPLETED,PHASE1,"[""Aging""]",2024-12-19,False,2,listed_not_verified,not_adjudicated,not_assigned
NCT03906162,INTERVENTIONAL,COMPLETED,NA,"[""Aging"", ""Physical Activity"", ""Older Adults""]",2020-10-08,False,1,listed_not_verified,not_adjudicated,not_assigned
NCT03906253,INTERVENTIONAL,RECRUITING,NA,"[""Actinic Keratoses"", ""Aging"", ""Non-Melanoma Skin Cancer""]",2026-07-17,False,1,listed_not_verified,not_adjudicated,not_assigned
NCT03907553,OBSERVATIONAL,COMPLETED,,"[""Anemia"", ""Clonal Hematopoiesis""]",2019-04-22,False,1,listed_not_verified,not_adjudicated,not_assigned
NCT03907592,INTERVENTIONAL,COMPLETED,NA,"[""Sarcopenia""]",2019-04-10,False,1,listed_not_verified,not_adjudicated,not_assigned
NCT03908918,INTERVENTIONAL,COMPLETED,NA,"[""Psychological Stress"", ""Psychological Distress"", ""Rehabilitation""]",2019-12-18,False,1,listed_not_verified,not_adjudicated,not_assigned
NCT03909347,INTERVENTIONAL,COMPLETED,NA,"[""Dementia""]",2026-08-03,True,2,listed_not_verified,not_adjudicated,not_assigned
NCT03911765,INTERVENTIONAL,UNKNOWN,PHASE1,"[""Mild Cognitive Impairment"", ""Aging""]",2019-04-17,False,1,listed_not_verified,not_adjudicated,not_assigned
NCT03912571,OBSERVATIONAL,COMPLETED,,"[""Sleep Disorder""]",2021-09-05,False,1,listed_not_verified,not_adjudicated,not_assigned
NCT03913624,INTERVENTIONAL,COMPLETED,NA,"[""Stroke""]",2019-04-12,False,1,listed_not_verified,not_adjudicated,not_assigned
NCT03913637,INTERVENTIONAL,COMPLETED,NA,"[""Mild Cognitive Impairment""]",2026-03-04,False,1,listed_not_verified,not_adjudicated,not_assigned
NCT03914040,INTERVENTIONAL,UNKNOWN,NA,"[""Healthy Aging"", ""Interprofessional Relations"", ""Education, Professional""]",2019-05-10,False,1,listed_not_verified,not_adjudicated,not_assigned
NCT03916887,INTERVENTIONAL,COMPLETED,NA,"[""Exercise Training""]",2019-06-25,False,1,listed_not_verified,not_adjudicated,not_assigned
NCT03919201,INTERVENTIONAL,COMPLETED,NA,"[""Hypertension"", ""Hormone Disturbance"", ""Adiposity""]",2020-10-29,False,1,listed_not_verified,not_adjudicated,not_assigned
NCT03923712,INTERVENTIONAL,COMPLETED,NA,"[""Mild Cognitive Impairment"", ""Alzheimer Dementia""]",2021-04-27,False,1,listed_not_verified,not_adjudicated,not_assigned
NCT03925844,OBSERVATIONAL,UNKNOWN,,"[""Risk Factor, Cardiovascular"", ""Cognitive Decline""]",2021-02-09,False,1,listed_not_verified,not_adjudicated,not_assigned
NCT03928769,OBSERVATIONAL,SUSPENDED,,"[""Atherosclerosis of Artery""]",2021-04-15,False,1,listed_not_verified,not_adjudicated,not_assigned
NCT03929393,INTERVENTIONAL,COMPLETED,NA,"[""Physical Inactivty"", ""Wellbeing"", ""Mindfulness""]",2023-07-21,True,5,listed_not_verified,not_adjudicated,not_assigned
NCT03929692,INTERVENTIONAL,COMPLETED,NA,"[""Atherosclerosis"", ""Life Style""]",2019-04-29,False,2,listed_not_verified,not_adjudicated,not_assigned
NCT03931148,INTERVENTIONAL,UNKNOWN,NA,"[""Decision Making"", ""Dementia"", ""Aging""]",2021-08-23,False,2,listed_not_verified,not_adjudicated,not_assigned
NCT03932162,INTERVENTIONAL,RECRUITING,EARLY_PHASE1,"[""UVB Phototherapy Burn"", ""Insulin-like Growth Factor 1"", ""Aging""]",2025-02-06,False,1,listed_not_verified,not_adjudicated,not_assigned
NCT03938727,OBSERVATIONAL,COMPLETED,,"[""Dementia""]",2022-05-20,False,1,listed_not_verified,not_adjudicated,not_assigned
NCT03938870,OBSERVATIONAL,COMPLETED,,"[""Alzheimer's Disease"", ""Brain Diseases"", ""Central Nervous System Diseases"", ""Delirium, Dementia, Amnestic, Cognitive Disorders"", ""Dementia"", ""Mental Disorders"", ""Nervous System Diseases"", ""Neurodegenerative Diseases"", ""Tauopathies""]",2024-02-13,False,1,listed_not_verified,not_adjudicated,not_assigned
NCT03940079,INTERVENTIONAL,COMPLETED,NA,"[""Aging"", ""Cognitive Function""]",2020-08-11,False,1,listed_not_verified,not_adjudicated,not_assigned
NCT03942289,INTERVENTIONAL,UNKNOWN,NA,"[""Parkinson Disease""]",2019-06-24,False,1,listed_not_verified,not_adjudicated,not_assigned
NCT03944603,OBSERVATIONAL,UNKNOWN,,"[""Healthy Older Adults Ages 60-89""]",2024-04-02,False,1,listed_not_verified,not_adjudicated,not_assigned
NCT03949647,OBSERVATIONAL,RECRUITING,,"[""Normal Aging""]",2026-10-08,False,1,listed_not_verified,not_adjudicated,not_assigned
NCT03951857,INTERVENTIONAL,COMPLETED,NA,"[""Obesity""]",2020-03-11,False,1,listed_not_verified,not_adjudicated,not_assigned
NCT03954899,INTERVENTIONAL,RECRUITING,NA,"[""Mild Cognitive Impairment"", ""Cognitive Decline"", ""Healthy Aging""]",2026-09-28,False,1,listed_not_verified,not_adjudicated,not_assigned
NCT03956745,OBSERVATIONAL,TERMINATED,,"[""Sleep Wake Disorders"", ""Sleep Disorders, Circadian Rhythm"", ""Sleep Disorders, Intrinsic"", ""Advanced Sleep Phase Syndrome (ASPS)"", ""Advanced Sleep Phase Syndrome"", ""Advanced Sleep Phase"", ""Delayed Sleep Phase"", ""Delayed Sleep Phase Syndrome"", ""Non-24 Hour Sleep-Wake Disorder"", ""Irregular Sleep-Wake Syndrome"", ""Shift-Work Sleep Disorder"", ""Shift Work Type Circadian Rhythm Sleep Disorder"", ""Delayed Phase Sleep Syndrome""]",2025-08-03,False,1,listed_not_verified,not_adjudicated,not_assigned
NCT03957213,INTERVENTIONAL,COMPLETED,NA,"[""Aging""]",2022-01-04,False,1,listed_not_verified,not_adjudicated,not_assigned
NCT03960476,INTERVENTIONAL,COMPLETED,NA,"[""Alzheimer Disease"", ""Mild Cognitive Impairment"", ""Long-Term Care Planning""]",2026-04-17,True,1,listed_not_verified,not_adjudicated,not_assigned
NCT03962439,INTERVENTIONAL,TERMINATED,NA,"[""Cognitive Change""]",2025-06-19,True,1,listed_not_verified,not_adjudicated,not_assigned
NCT03962621,INTERVENTIONAL,COMPLETED,NA,"[""Facial Rejuvenation""]",2019-05-24,False,0,not_listed_not_absent,not_adjudicated,not_assigned
NCT03962985,INTERVENTIONAL,COMPLETED,NA,"[""Well Aging"", ""Health Impairment"", ""Social Isolation"", ""Old Age""]",2024-07-23,False,1,listed_not_verified,not_adjudicated,not_assigned
NCT03963050,INTERVENTIONAL,UNKNOWN,NA,"[""Frailty Syndrome"", ""Cognitive Impairment"", ""Sarcopenia""]",2020-11-04,False,1,listed_not_verified,not_adjudicated,not_assigned
NCT03966820,OBSERVATIONAL,COMPLETED,,"[""Fibromyalgia""]",2020-01-28,False,1,listed_not_verified,not_adjudicated,not_assigned
NCT03967912,INTERVENTIONAL,COMPLETED,NA,"[""Body Weight"", ""Healthy Diet"", ""Physical Activity"", ""Health Behavior"", ""Healthy Aging""]",2021-12-02,False,1,listed_not_verified,not_adjudicated,not_assigned
NCT03969043,INTERVENTIONAL,COMPLETED,NA,"[""Aging""]",2025-12-22,False,1,listed_not_verified,not_adjudicated,not_assigned
NCT03978104,INTERVENTIONAL,UNKNOWN,NA,"[""Microbiota"", ""Gastrointestinal Microbiome"", ""Blood Glucose"", ""Aging""]",2022-03-24,False,1,listed_not_verified,not_adjudicated,not_assigned
NCT03978572,INTERVENTIONAL,SUSPENDED,NA,"[""Sarcopenia"", ""Aging"", ""Disability Physical""]",2020-09-16,False,1,listed_not_verified,not_adjudicated,not_assigned
NCT03981965,INTERVENTIONAL,COMPLETED,NA,"[""Frail Elderly Syndrome"", ""Mood"", ""Quality of Life"", ""Cognitive Decline"", ""Social Interaction"", ""Adherence, Patient""]",2019-06-12,False,1,listed_not_verified,not_adjudicated,not_assigned
NCT03986307,INTERVENTIONAL,COMPLETED,NA,"[""Aging""]",2019-06-14,False,1,listed_not_verified,not_adjudicated,not_assigned
NCT03986840,INTERVENTIONAL,COMPLETED,NA,"[""Frailty"", ""Exercise Addiction""]",2020-01-13,False,1,listed_not_verified,not_adjudicated,not_assigned
NCT03986892,OBSERVATIONAL,COMPLETED,,"[""Aging"", ""Heart Failure""]",2020-04-24,False,1,listed_not_verified,not_adjudicated,not_assigned
NCT03987360,OBSERVATIONAL,UNKNOWN,,"[""Older Adults"", ""Depression"", ""Cognitive Decline""]",2024-09-19,False,1,listed_not_verified,not_adjudicated,not_assigned
NCT03988829,INTERVENTIONAL,COMPLETED,NA,"[""Cognitive Aging"", ""Functional Magnetic Resonance Imaging""]",2022-01-28,False,1,listed_not_verified,not_adjudicated,not_assigned
NCT03991806,OBSERVATIONAL,UNKNOWN,,"[""Frailty"", ""Cognitive Decline"", ""Injuries"", ""Fall Injury""]",2024-02-23,False,1,listed_not_verified,not_adjudicated,not_assigned
NCT03996083,INTERVENTIONAL,COMPLETED,NA,"[""Aging""]",2019-06-24,False,1,listed_not_verified,not_adjudicated,not_assigned
NCT03996538,INTERVENTIONAL,COMPLETED,PHASE1,"[""Aging"", ""Age-Related Immunodeficiency"", ""Vaccine Response Impaired""]",2020-07-23,False,1,listed_not_verified,not_adjudicated,not_assigned
NCT04001647,INTERVENTIONAL,TERMINATED,EARLY_PHASE1,"[""Vasodilation"", ""Arterial Stiffness""]",2025-04-08,False,1,listed_not_verified,not_adjudicated,not_assigned
NCT04003935,OBSERVATIONAL,TERMINATED,,"[""Overweight or Obesity""]",2020-05-29,False,2,listed_not_verified,not_adjudicated,not_assigned
NCT04004598,INTERVENTIONAL,COMPLETED,NA,"[""Exercise Training""]",2019-08-09,False,2,listed_not_verified,not_adjudicated,not_assigned
NCT04004936,INTERVENTIONAL,COMPLETED,NA,"[""Aging""]",2026-02-25,True,4,listed_not_verified,not_adjudicated,not_assigned
NCT04005742,OBSERVATIONAL,COMPLETED,,"[""Colorectal Cancer""]",2019-07-02,False,1,listed_not_verified,not_adjudicated,not_assigned
NCT04008693,INTERVENTIONAL,COMPLETED,NA,"[""Aging"", ""Hypertension"", ""Dyslipidemias"", ""Abdominal Obesity""]",2020-05-19,False,1,listed_not_verified,not_adjudicated,not_assigned
NCT04009629,INTERVENTIONAL,COMPLETED,NA,"[""Alzheimer Disease 2 Due to Apoe4 Isoform"", ""Healthy Aging""]",2022-05-03,True,1,listed_not_verified,not_adjudicated,not_assigned
NCT04013022,OBSERVATIONAL,UNKNOWN,,"[""Healthy Aging"", ""Cardiovascular Risk Factor""]",2019-07-09,False,1,listed_not_verified,not_adjudicated,not_assigned
NCT04013776,INTERVENTIONAL,UNKNOWN,NA,"[""Cardiovascular Diseases"", ""Aging"", ""Nutrient; Excess""]",2019-07-12,False,1,listed_not_verified,not_adjudicated,not_assigned
NCT04015063,INTERVENTIONAL,UNKNOWN,NA,"[""Skin Aging""]",2019-07-10,False,1,listed_not_verified,not_adjudicated,not_assigned
NCT04015479,INTERVENTIONAL,COMPLETED,NA,"[""Aging"", ""Sarcopenia""]",2021-01-12,False,1,listed_not_verified,not_adjudicated,not_assigned
NCT04015830,INTERVENTIONAL,COMPLETED,NA,"[""HIV Dementia""]",2024-05-10,False,1,listed_not_verified,not_adjudicated,not_assigned
NCT04016090,INTERVENTIONAL,COMPLETED,NA,"[""Healthy Aging"", ""Aging"", ""Menopause""]",2024-12-12,False,1,listed_not_verified,not_adjudicated,not_assigned
NCT04018092,INTERVENTIONAL,COMPLETED,PHASE2,"[""Cognitive Aging"", ""Alzheimer Disease, Protection Against""]",2026-09-21,True,2,listed_not_verified,not_adjudicated,not_assigned
NCT04018196,INTERVENTIONAL,TERMINATED,NA,"[""Aging""]",2022-03-15,False,1,listed_not_verified,not_adjudicated,not_assigned
NCT04019132,OBSERVATIONAL,COMPLETED,,"[""Aging""]",2022-05-19,False,1,listed_not_verified,not_adjudicated,not_assigned
NCT04022369,INTERVENTIONAL,COMPLETED,NA,"[""Heart Failure"", ""Old Age; Debility""]",2019-07-17,False,0,not_listed_not_absent,not_adjudicated,not_assigned
NCT04023513,INTERVENTIONAL,UNKNOWN,NA,"[""Aging""]",2019-07-22,False,1,listed_not_verified,not_adjudicated,not_assigned
NCT04025489,INTERVENTIONAL,UNKNOWN,NA,"[""Vitamin D Supplementation"", ""PreDiabetes"", ""Aging""]",2023-06-15,False,1,listed_not_verified,not_adjudicated,not_assigned
NCT04026503,INTERVENTIONAL,COMPLETED,NA,"[""Mobility Limitation""]",2026-02-20,True,1,listed_not_verified,not_adjudicated,not_assigned
NCT04026607,INTERVENTIONAL,COMPLETED,NA,"[""Sarcopenia""]",2023-04-20,False,1,listed_not_verified,not_adjudicated,not_assigned
NCT04026815,OBSERVATIONAL,UNKNOWN,,"[""Aging Disorder"", ""Age Problem"", ""Healthy Aging"", ""Immunity Disorders"", ""Frailty Syndrome"", ""Behaviors, Health"", ""Health Care Utilization""]",2019-07-19,False,1,listed_not_verified,not_adjudicated,not_assigned
NCT04029194,INTERVENTIONAL,ACTIVE_NOT_RECRUITING,NA,"[""Aging""]",2025-07-11,False,1,listed_not_verified,not_adjudicated,not_assigned
NCT04030793,INTERVENTIONAL,TERMINATED,NA,"[""Healthy Adults"", ""Healthy Aging""]",2019-09-23,False,1,listed_not_verified,not_adjudicated,not_assigned
NCT04033146,INTERVENTIONAL,COMPLETED,NA,"[""Aging""]",2024-06-21,True,1,listed_not_verified,not_adjudicated,not_assigned
NCT04033198,OBSERVATIONAL,UNKNOWN,,"[""Acute Appendicitis in Elderly""]",2019-07-25,False,0,not_listed_not_absent,not_adjudicated,not_assigned
NCT04034888,INTERVENTIONAL,COMPLETED,NA,"[""Aging""]",2024-12-04,False,1,listed_not_verified,not_adjudicated,not_assigned
NCT04035616,INTERVENTIONAL,COMPLETED,NA,"[""Aging"", ""Constipation"", ""Multi-Core Disease""]",2019-07-29,False,1,listed_not_verified,not_adjudicated,not_assigned
NCT04036162,INTERVENTIONAL,COMPLETED,NA,"[""Healthy Volunteers""]",2022-05-09,False,1,listed_not_verified,not_adjudicated,not_assigned
NCT04039620,OBSERVATIONAL,TERMINATED,,"[""Sarcopenia"", ""Malnutrition""]",2023-04-05,False,1,listed_not_verified,not_adjudicated,not_assigned
NCT04039789,INTERVENTIONAL,COMPLETED,NA,"[""Varicose Ulcer""]",2024-03-20,False,1,listed_not_verified,not_adjudicated,not_assigned
NCT04043520,INTERVENTIONAL,RECRUITING,PHASE4,"[""Menopause"", ""Obesity, Abdominal"", ""Aging"", ""Weight Gain""]",2023-12-18,False,1,listed_not_verified,not_adjudicated,not_assigned
NCT04044495,INTERVENTIONAL,COMPLETED,NA,"[""Alzheimer Disease"", ""Sleep""]",2026-06-01,False,1,listed_not_verified,not_adjudicated,not_assigned
NCT04046029,INTERVENTIONAL,UNKNOWN,PHASE4,"[""Acute Coronary Syndrome"", ""Percutaneous Coronary Intervention"", ""Aging"", ""Anticoagulants and Bleeding Disorders""]",2019-08-06,False,1,listed_not_verified,not_adjudicated,not_assigned
NCT04048096,INTERVENTIONAL,COMPLETED,NA,"[""Aging"", ""Sarcopenia""]",2020-11-03,False,1,listed_not_verified,not_adjudicated,not_assigned
NCT04049162,INTERVENTIONAL,COMPLETED,NA,"[""Sedentary Lifestyle"", ""Blood Pressure"", ""Arterial Stiffness"", ""Overweight and Obesity""]",2023-01-20,False,1,listed_not_verified,not_adjudicated,not_assigned
NCT04050046,INTERVENTIONAL,COMPLETED,NA,"[""Normal Aging""]",2021-02-11,False,0,not_listed_not_absent,not_adjudicated,not_assigned
NCT04051918,INTERVENTIONAL,UNKNOWN,NA,"[""Cognitive Change"", ""Cognitive Impairment, Mild"", ""Aging""]",2022-11-02,False,1,listed_not_verified,not_adjudicated,not_assigned
NCT04053829,INTERVENTIONAL,UNKNOWN,NA,"[""Accidental Falls"", ""Aging"", ""Vestibular Disorder""]",2020-09-02,False,1,listed_not_verified,not_adjudicated,not_assigned
NCT04053920,INTERVENTIONAL,COMPLETED,NA,"[""Sarcopenia"", ""Frailty"", ""Aging""]",2020-03-25,False,1,listed_not_verified,not_adjudicated,not_assigned
NCT04061785,INTERVENTIONAL,COMPLETED,NA,"[""Aging Problems"", ""Frailty"", ""Fall Injury"", ""Accidental Fall"", ""Fear of Falling""]",2022-07-13,False,1,listed_not_verified,not_adjudicated,not_assigned
NCT04062682,INTERVENTIONAL,COMPLETED,NA,"[""Healthy Aging"", ""Metabolic Syndrome"", ""Diet, Healthy""]",2021-04-27,False,1,listed_not_verified,not_adjudicated,not_assigned
NCT04064333,INTERVENTIONAL,WITHDRAWN,NA,"[""Dysphagia, Oropharyngeal"", ""Dysphagia"", ""Dysphagia, Progressive"", ""Aging"", ""Aspiration Pneumonia"", ""Cough""]",2024-08-23,False,1,listed_not_verified,not_adjudicated,not_assigned
NCT04064528,INTERVENTIONAL,COMPLETED,NA,"[""Aging""]",2023-12-14,False,1,listed_not_verified,not_adjudicated,not_assigned
NCT04066283,OBSERVATIONAL,COMPLETED,,"[""Transgender"", ""Gender Identity"", ""Vascular Stiffness"", ""Vascular Inflammation"", ""Insulin Sensitivity"", ""Blood Pressure"", ""Lipid Disorder"", ""Appetitive Behavior""]",2024-09-19,False,1,listed_not_verified,not_adjudicated,not_assigned
NCT04067219,INTERVENTIONAL,TERMINATED,NA,"[""HIV-1-infection"", ""Marker; Structural""]",2026-06-24,False,0,not_listed_not_absent,not_adjudicated,not_assigned
NCT04068922,INTERVENTIONAL,COMPLETED,NA,"[""Aging"", ""Chronic Low-back Pain""]",2024-07-31,True,1,listed_not_verified,not_adjudicated,not_assigned
NCT04069585,INTERVENTIONAL,COMPLETED,NA,"[""Aging"", ""Pain""]",2022-01-24,True,3,listed_not_verified,not_adjudicated,not_assigned
NCT04074850,OBSERVATIONAL,COMPLETED,,"[""Traumatic Brain Injury"", ""Aging"", ""Cognitive Impairment"", ""Quality of Life""]",2023-01-27,False,1,listed_not_verified,not_adjudicated,not_assigned
NCT04074941,INTERVENTIONAL,COMPLETED,NA,"[""Hypertension"", ""Physical Disability"", ""Aging""]",2021-05-11,True,1,listed_not_verified,not_adjudicated,not_assigned
NCT04078178,INTERVENTIONAL,COMPLETED,NA,"[""Cognition Disorders in Old Age"", ""Mild Cognitive Impairment"", ""Cognitive Decline""]",2024-11-29,True,1,listed_not_verified,not_adjudicated,not_assigned
NCT04078334,INTERVENTIONAL,RECRUITING,NA,"[""Aging"", ""Hospitalization""]",2026-08-26,False,1,listed_not_verified,not_adjudicated,not_assigned
NCT04079218,INTERVENTIONAL,COMPLETED,PHASE4,"[""HIV Infection"", ""Vaginal Atrophy"", ""Menopause"", ""Menopause Related Conditions"", ""Aging"", ""Premature Aging"", ""Atrophic Vaginitis"", ""Dysbiosis"", ""Vaginitis""]",2025-03-14,True,1,listed_not_verified,not_adjudicated,not_assigned
NCT04080063,INTERVENTIONAL,COMPLETED,NA,"[""Fragility""]",2023-11-18,False,1,listed_not_verified,not_adjudicated,not_assigned
NCT04083885,INTERVENTIONAL,COMPLETED,NA,"[""Old Age; Debility"", ""Aging""]",2023-02-02,False,7,listed_not_verified,not_adjudicated,not_assigned
NCT04084457,INTERVENTIONAL,COMPLETED,NA,"[""Healthy Aging"", ""Healthy""]",2021-07-12,False,1,listed_not_verified,not_adjudicated,not_assigned
NCT04087083,INTERVENTIONAL,UNKNOWN,NA,"[""Stroke"", ""Aging Problems"", ""Innovative Rehabilitation Treatment Based on Robotics""]",2023-10-23,False,2,listed_not_verified,not_adjudicated,not_assigned
NCT04087395,INTERVENTIONAL,COMPLETED,NA,"[""Aging"", ""Pain""]",2022-01-24,True,3,listed_not_verified,not_adjudicated,not_assigned
NCT04087551,INTERVENTIONAL,COMPLETED,NA,"[""Accidental Fall"", ""Aging"", ""Self Efficacy""]",2020-09-16,False,1,listed_not_verified,not_adjudicated,not_assigned
NCT04088006,INTERVENTIONAL,COMPLETED,NA,"[""Aging""]",2020-08-04,False,1,listed_not_verified,not_adjudicated,not_assigned
NCT04088136,INTERVENTIONAL,COMPLETED,NA,"[""Aging""]",2024-05-01,True,1,listed_not_verified,not_adjudicated,not_assigned
NCT04088552,INTERVENTIONAL,COMPLETED,NA,"[""Healthy Aging""]",2021-10-20,False,1,listed_not_verified,not_adjudicated,not_assigned
NCT04091347,INTERVENTIONAL,COMPLETED,NA,"[""Pain"", ""Depressive Symptoms"", ""Frailty"", ""Aging""]",2025-11-19,True,1,listed_not_verified,not_adjudicated,not_assigned
NCT04095923,INTERVENTIONAL,COMPLETED,NA,"[""Aging""]",2026-10-08,True,1,listed_not_verified,not_adjudicated,not_assigned
NCT04099316,INTERVENTIONAL,UNKNOWN,NA,"[""Sarcopenia""]",2019-09-23,False,1,listed_not_verified,not_adjudicated,not_assigned
NCT04099394,INTERVENTIONAL,ACTIVE_NOT_RECRUITING,NA,"[""Osteo Arthritis Knee""]",2025-01-28,False,1,listed_not_verified,not_adjudicated,not_assigned
NCT04103593,INTERVENTIONAL,COMPLETED,NA,"[""HIV Infection""]",2026-10-08,True,3,listed_not_verified,not_adjudicated,not_assigned
NCT04105036,OBSERVATIONAL,UNKNOWN,,"[""Geriatrics"", ""Social Deprivation""]",2024-09-19,False,1,listed_not_verified,not_adjudicated,not_assigned
NCT04106882,INTERVENTIONAL,UNKNOWN,PHASE4,"[""Insulin Resistance"", ""Healthy"", ""Diet Modification"", ""Aging""]",2019-09-27,False,2,listed_not_verified,not_adjudicated,not_assigned
NCT04110028,INTERVENTIONAL,COMPLETED,PHASE1|PHASE2,"[""Inflammation"", ""Acute Illness""]",2024-05-20,False,1,listed_not_verified,not_adjudicated,not_assigned
NCT04111549,INTERVENTIONAL,COMPLETED,NA,"[""Brain Injuries, Traumatic"", ""Executive Dysfunction""]",2026-07-01,False,1,listed_not_verified,not_adjudicated,not_assigned
NCT04112667,OBSERVATIONAL,COMPLETED,,"[""Age-related Macular Degeneration"", ""Aging""]",2025-09-26,False,1,listed_not_verified,not_adjudicated,not_assigned
NCT04112732,INTERVENTIONAL,COMPLETED,NA,"[""Aging"", ""Stress""]",2025-07-29,False,1,listed_not_verified,not_adjudicated,not_assigned
NCT04112875,INTERVENTIONAL,COMPLETED,NA,"[""Aging"", ""Sarcopenia"", ""Type 2 Diabetes"", ""Microcirculation""]",2019-10-02,False,1,listed_not_verified,not_adjudicated,not_assigned
NCT04113122,INTERVENTIONAL,RECRUITING,NA,"[""Testicular Cancer""]",2024-12-13,False,1,listed_not_verified,not_adjudicated,not_assigned
NCT04114617,OBSERVATIONAL,COMPLETED,,"[""Deglutition"", ""Healthy Swallowing"", ""Aging""]",2022-12-21,True,1,listed_not_verified,not_adjudicated,not_assigned
NCT04115215,INTERVENTIONAL,UNKNOWN,NA,"[""Cognitive Impairment"", ""Motoric Cognitive Risk Syndrome""]",2021-07-02,False,5,listed_not_verified,not_adjudicated,not_assigned
NCT04119752,INTERVENTIONAL,COMPLETED,NA,"[""Cardiovascular Risk Factor""]",2020-06-26,False,1,listed_not_verified,not_adjudicated,not_assigned
NCT04120766,INTERVENTIONAL,ACTIVE_NOT_RECRUITING,PHASE2,"[""Dementia"", ""Mild Cognitive Impairment""]",2025-12-15,False,1,listed_not_verified,not_adjudicated,not_assigned
NCT04120792,INTERVENTIONAL,COMPLETED,NA,"[""Healthy Aging""]",2019-10-09,False,0,not_listed_not_absent,not_adjudicated,not_assigned
NCT04121858,INTERVENTIONAL,COMPLETED,NA,"[""Alzheimer Disease"", ""Dementia""]",2026-07-20,True,2,listed_not_verified,not_adjudicated,not_assigned
NCT04123743,INTERVENTIONAL,COMPLETED,PHASE1|PHASE2,"[""Skin Aging""]",2020-07-29,False,1,listed_not_verified,not_adjudicated,not_assigned
NCT04126785,INTERVENTIONAL,RECRUITING,NA,"[""Hypertension""]",2025-07-25,False,1,listed_not_verified,not_adjudicated,not_assigned
NCT04127240,INTERVENTIONAL,COMPLETED,NA,"[""Obesity"", ""Sarcopenia"", ""Aging""]",2019-10-15,False,1,listed_not_verified,not_adjudicated,not_assigned
NCT04128215,INTERVENTIONAL,COMPLETED,NA,"[""Aging""]",2024-11-14,True,1,listed_not_verified,not_adjudicated,not_assigned
NCT04129060,INTERVENTIONAL,COMPLETED,EARLY_PHASE1,"[""Postmenopausal Symptoms"", ""Aging"", ""Alzheimer Disease""]",2026-06-12,True,2,listed_not_verified,not_adjudicated,not_assigned
NCT04132492,OBSERVATIONAL,COMPLETED,,"[""Chronic Kidney Diseases"", ""Elderly"", ""Mortality"", ""Renal Replacement Therapy""]",2025-04-03,False,2,listed_not_verified,not_adjudicated,not_assigned
NCT04133649,INTERVENTIONAL,UNKNOWN,PHASE1,"[""Aging""]",2019-12-10,False,1,listed_not_verified,not_adjudicated,not_assigned
NCT04134195,INTERVENTIONAL,COMPLETED,NA,"[""Healthy Aging"", ""Cognitive Change"", ""Cognitive Decline""]",2021-02-24,False,1,listed_not_verified,not_adjudicated,not_assigned
NCT04134585,OBSERVATIONAL,COMPLETED,,"[""Sedentary Behavior"", ""Aging""]",2023-08-03,False,1,listed_not_verified,not_adjudicated,not_assigned
NCT04135066,INTERVENTIONAL,COMPLETED,NA,"[""Aging""]",2025-06-13,False,1,listed_not_verified,not_adjudicated,not_assigned
NCT04136847,INTERVENTIONAL,WITHDRAWN,NA,"[""Aging""]",2021-06-07,False,1,listed_not_verified,not_adjudicated,not_assigned
NCT04136938,OBSERVATIONAL,COMPLETED,,"[""Sedentary Behavior"", ""Aging""]",2024-07-10,False,1,listed_not_verified,not_adjudicated,not_assigned
NCT04137263,INTERVENTIONAL,COMPLETED,NA,"[""Melasma""]",2024-03-20,False,1,listed_not_verified,not_adjudicated,not_assigned
NCT04137913,INTERVENTIONAL,COMPLETED,NA,"[""Cognitive Impairment"", ""Creativity""]",2025-02-25,False,1,listed_not_verified,not_adjudicated,not_assigned
NCT04137952,INTERVENTIONAL,COMPLETED,NA,"[""Aging"", ""Balance""]",2024-09-19,False,1,listed_not_verified,not_adjudicated,not_assigned
NCT04141059,INTERVENTIONAL,COMPLETED,NA,"[""Skin Aging""]",2022-03-02,False,1,listed_not_verified,not_adjudicated,not_assigned
NCT04144283,INTERVENTIONAL,UNKNOWN,NA,"[""Parkinson Disease"", ""Aging""]",2022-03-09,False,1,listed_not_verified,not_adjudicated,not_assigned
NCT04144647,INTERVENTIONAL,UNKNOWN,NA,"[""Healthy"", ""Adults""]",2020-04-24,False,1,listed_not_verified,not_adjudicated,not_assigned
NCT04144777,INTERVENTIONAL,COMPLETED,NA,"[""Oxidative Stress"", ""Healthy Aging"", ""Skin Health""]",2021-02-15,False,1,listed_not_verified,not_adjudicated,not_assigned
NCT04146818,INTERVENTIONAL,UNKNOWN,NA,"[""Mild Cognitive Impairment""]",2024-03-05,False,1,listed_not_verified,not_adjudicated,not_assigned
NCT04147624,INTERVENTIONAL,COMPLETED,PHASE2,"[""Cognitive Decline""]",2023-01-25,False,1,listed_not_verified,not_adjudicated,not_assigned
NCT04149457,INTERVENTIONAL,COMPLETED,NA,"[""Healthy Aging""]",2026-07-13,True,1,listed_not_verified,not_adjudicated,not_assigned
NCT04151654,INTERVENTIONAL,COMPLETED,NA,"[""Aging Disorder"", ""Aging Problems"", ""Aging""]",2019-11-08,False,0,not_listed_not_absent,not_adjudicated,not_assigned
NCT04156048,OBSERVATIONAL,COMPLETED,,"[""HIV Infections"", ""Coronary Disease"", ""Myocardial Infarction"", ""HIV Encephalopathy"", ""Aging"", ""Heart Failure""]",2020-02-05,False,6,listed_not_verified,not_adjudicated,not_assigned
NCT04156074,INTERVENTIONAL,COMPLETED,NA,"[""Vitamin D Deficiency"", ""Aging Well""]",2023-03-06,False,1,listed_not_verified,not_adjudicated,not_assigned
NCT04160312,INTERVENTIONAL,COMPLETED,NA,"[""Healthy"", ""Healthy Aging""]",2020-04-10,False,1,listed_not_verified,not_adjudicated,not_assigned
NCT04162496,INTERVENTIONAL,COMPLETED,NA,"[""Aging"", ""Wrinkle"", ""Rhytides""]",2026-07-16,True,1,listed_not_verified,not_adjudicated,not_assigned
NCT04166292,INTERVENTIONAL,COMPLETED,NA,"[""Aging"", ""Healthy""]",2022-05-18,False,1,listed_not_verified,not_adjudicated,not_assigned
NCT04166747,INTERVENTIONAL,COMPLETED,NA,"[""Aging"", ""Happiness"", ""Quality of Life""]",2020-10-08,False,1,listed_not_verified,not_adjudicated,not_assigned
NCT04167020,OBSERVATIONAL,COMPLETED,,"[""Hip Fracture, Post Surgery Recovery, Muscle Resilience""]",2023-11-22,False,4,listed_not_verified,not_adjudicated,not_assigned
NCT04168463,INTERVENTIONAL,COMPLETED,NA,"[""Aging"", ""Dementia"", ""Neuropsychiatric Symptoms"", ""Wellbeing""]",2021-02-23,False,1,listed_not_verified,not_adjudicated,not_assigned
NCT04169633,OBSERVATIONAL,UNKNOWN,,"[""Occupational Therapy"", ""Nursing Caries"", ""Aging Disorder"", ""Cognitive Disorders""]",2019-11-20,False,1,listed_not_verified,not_adjudicated,not_assigned
NCT04173715,OBSERVATIONAL,RECRUITING,,"[""Aging"", ""Physical Function"", ""Frailty Syndrome"", ""Physical Disability"", ""Lifestyle, Sedentary""]",2024-05-08,False,1,listed_not_verified,not_adjudicated,not_assigned
NCT04174898,INTERVENTIONAL,UNKNOWN,PHASE1,"[""Aging Well"", ""Regenerative Medicine""]",2019-11-22,False,1,listed_not_verified,not_adjudicated,not_assigned
NCT04176601,INTERVENTIONAL,COMPLETED,NA,"[""Loneliness"", ""Social Isolation"", ""Caregiver Burnout""]",2025-02-25,True,1,listed_not_verified,not_adjudicated,not_assigned
NCT04178668,INTERVENTIONAL,TERMINATED,NA,"[""Oral Health""]",2023-05-25,False,1,listed_not_verified,not_adjudicated,not_assigned
NCT04181606,INTERVENTIONAL,COMPLETED,EARLY_PHASE1,"[""Aging""]",2025-05-13,True,1,listed_not_verified,not_adjudicated,not_assigned
NCT04181658,INTERVENTIONAL,COMPLETED,NA,"[""Fall"", ""Gait, Unsteady"", ""Aging"", ""Accidental Fall""]",2021-09-05,False,1,listed_not_verified,not_adjudicated,not_assigned
NCT04183465,INTERVENTIONAL,ACTIVE_NOT_RECRUITING,NA,"[""Myocardial Infarction"", ""Aging""]",2025-07-23,False,7,listed_not_verified,not_adjudicated,not_assigned
NCT04185623,OBSERVATIONAL,COMPLETED,,"[""Infertility, Female""]",2022-09-21,False,1,listed_not_verified,not_adjudicated,not_assigned
NCT04194983,INTERVENTIONAL,TERMINATED,NA,"[""Ageing"", ""Mitochondrial Function"", ""Physical Function"", ""Cognitive Function""]",2020-11-13,False,2,listed_not_verified,not_adjudicated,not_assigned
NCT04195230,INTERVENTIONAL,COMPLETED,NA,"[""Age-related Cognitive Decline""]",2022-02-28,False,1,listed_not_verified,not_adjudicated,not_assigned
NCT04199195,OBSERVATIONAL,ACTIVE_NOT_RECRUITING,,"[""Ageing""]",2025-03-20,False,1,listed_not_verified,not_adjudicated,not_assigned
NCT04200560,INTERVENTIONAL,COMPLETED,NA,"[""Vascular Diseases""]",2022-08-22,False,1,listed_not_verified,not_adjudicated,not_assigned
NCT04201600,OBSERVATIONAL,RECRUITING,,"[""Glucose Metabolism Disorders (Including Diabetes Mellitus)"", ""Cognitive Decline"", ""Functional Status"", ""PreDiabetes"", ""Aging"", ""Depression""]",2025-03-30,False,1,listed_not_verified,not_adjudicated,not_assigned
NCT04202120,INTERVENTIONAL,UNKNOWN,NA,"[""Aging Well"", ""Memory Loss""]",2019-12-17,False,1,listed_not_verified,not_adjudicated,not_assigned
NCT04203030,INTERVENTIONAL,COMPLETED,NA,"[""Aging"", ""Mobility Limitation""]",2021-03-10,False,1,listed_not_verified,not_adjudicated,not_assigned
NCT04205279,INTERVENTIONAL,RECRUITING,NA,"[""Healthy Young"", ""Healthy Aging"", ""Stroke""]",2026-07-06,False,1,listed_not_verified,not_adjudicated,not_assigned
NCT04207502,OBSERVATIONAL,UNKNOWN,,"[""Sleep Disturbance"", ""Cognitive Change"", ""Aging""]",2019-12-26,False,2,listed_not_verified,not_adjudicated,not_assigned
NCT04208880,INTERVENTIONAL,UNKNOWN,NA,"[""Aging Well""]",2019-12-23,False,1,listed_not_verified,not_adjudicated,not_assigned
NCT04209335,INTERVENTIONAL,COMPLETED,NA,"[""Physical Endurance""]",2020-03-23,True,1,listed_not_verified,not_adjudicated,not_assigned
NCT04210882,INTERVENTIONAL,COMPLETED,NA,"[""Aging"", ""Sleep Disorder""]",2022-04-01,False,1,listed_not_verified,not_adjudicated,not_assigned
NCT04210934,OBSERVATIONAL,COMPLETED,,"[""Aging"", ""Healthy Aging""]",2019-12-27,False,0,not_listed_not_absent,not_adjudicated,not_assigned
NCT04212442,INTERVENTIONAL,COMPLETED,NA,"[""Physical Disability"", ""Cognitive Impairment"", ""Physical Activity""]",2024-11-15,True,13,listed_not_verified,not_adjudicated,not_assigned
NCT04212884,OBSERVATIONAL,COMPLETED,,"[""Frailty"", ""Disability Physical"", ""HIV/AIDS""]",2025-02-12,False,2,listed_not_verified,not_adjudicated,not_assigned
NCT04218903,INTERVENTIONAL,COMPLETED,NA,"[""Hypertension"", ""Cardiovascular Risk Factor"", ""Cardiovascular Diseases""]",2025-04-24,False,1,listed_not_verified,not_adjudicated,not_assigned
NCT04219033,OBSERVATIONAL,UNKNOWN,,"[""Aging"", ""Postoperative Cognitive Dysfunction"", ""EEG With Periodic Abnormalities""]",2022-10-18,False,18,listed_not_verified,not_adjudicated,not_assigned
NCT04219293,INTERVENTIONAL,TERMINATED,NA,"[""Aging""]",2021-08-11,False,1,listed_not_verified,not_adjudicated,not_assigned
NCT04220658,OBSERVATIONAL,SUSPENDED,,"[""Epigenetics""]",2023-02-15,False,1,listed_not_verified,not_adjudicated,not_assigned
NCT04221282,OBSERVATIONAL,UNKNOWN,,"[""Epilepsy"", ""Aging Disorder"", ""Aging"", ""Epilepsy; Seizure""]",2020-01-09,False,1,listed_not_verified,not_adjudicated,not_assigned
NCT04221724,INTERVENTIONAL,COMPLETED,NA,"[""Activities of Daily Living"", ""Frailty"", ""Older Adults"", ""Long Term Care""]",2023-10-27,False,1,listed_not_verified,not_adjudicated,not_assigned
NCT04221750,INTERVENTIONAL,COMPLETED,PHASE3,"[""Frailty"", ""Sarcopenic Obesity"", ""Aging""]",2026-09-14,True,1,listed_not_verified,not_adjudicated,not_assigned
NCT04222777,INTERVENTIONAL,COMPLETED,NA,"[""Cervical Spine Degeneration"", ""Movement, Abnormal"", ""Aging""]",2020-11-06,False,1,listed_not_verified,not_adjudicated,not_assigned
NCT04224038,OBSERVATIONAL,RECRUITING,,"[""Biological Aging""]",2023-11-21,False,1,listed_not_verified,not_adjudicated,not_assigned
NCT04225442,INTERVENTIONAL,ACTIVE_NOT_RECRUITING,NA,"[""Healthy"", ""Healthy Aging""]",2026-02-24,False,1,listed_not_verified,not_adjudicated,not_assigned
NCT04228640,INTERVENTIONAL,COMPLETED,NA,"[""Aging""]",2021-04-01,False,2,listed_not_verified,not_adjudicated,not_assigned
NCT04235309,OBSERVATIONAL,COMPLETED,,"[""Resilience"", ""Aging""]",2025-12-08,False,3,listed_not_verified,not_adjudicated,not_assigned
NCT04237467,OBSERVATIONAL,COMPLETED,,"[""Transgender"", ""Gender Identity"", ""Vascular Stiffness"", ""Vascular Inflammation"", ""Blood Pressure"", ""Lipid Disorder"", ""Appetitive Behavior""]",2024-09-19,False,1,listed_not_verified,not_adjudicated,not_assigned
NCT04237818,INTERVENTIONAL,COMPLETED,NA,"[""Skin Condition""]",2020-11-30,False,1,listed_not_verified,not_adjudicated,not_assigned
NCT04239495,OBSERVATIONAL,UNKNOWN,,"[""Sarcopenia""]",2020-01-27,False,1,listed_not_verified,not_adjudicated,not_assigned
NCT04239898,INTERVENTIONAL,COMPLETED,NA,"[""Aging"", ""Menopause"", ""Healthy""]",2024-09-19,False,1,listed_not_verified,not_adjudicated,not_assigned
NCT04240405,OBSERVATIONAL,COMPLETED,,"[""Neurocognitive Disorders""]",2024-10-10,False,2,listed_not_verified,not_adjudicated,not_assigned
NCT04240535,INTERVENTIONAL,NOT_YET_RECRUITING,PHASE4,"[""Aging""]",2020-01-27,False,1,listed_not_verified,not_adjudicated,not_assigned
NCT04241159,INTERVENTIONAL,WITHDRAWN,EARLY_PHASE1,"[""Frailty Syndrome"", ""Heart Failure""]",2020-05-22,False,1,listed_not_verified,not_adjudicated,not_assigned
NCT04241900,INTERVENTIONAL,COMPLETED,NA,"[""Risk of Heat Stress""]",2020-01-27,False,2,listed_not_verified,not_adjudicated,not_assigned
NCT04242628,INTERVENTIONAL,COMPLETED,NA,"[""Loneliness"", ""Social Isolation""]",2022-04-29,False,1,listed_not_verified,not_adjudicated,not_assigned
NCT04245462,OBSERVATIONAL,COMPLETED,,"[""Aging""]",2020-01-29,False,1,listed_not_verified,not_adjudicated,not_assigned
NCT04249128,INTERVENTIONAL,COMPLETED,PHASE3,"[""Hair Loss"", ""Skin Laxity"", ""Cosmetic Acne"", ""Nails; Soft"", ""Skin Aging""]",2021-02-11,False,1,listed_not_verified,not_adjudicated,not_assigned
NCT04250870,INTERVENTIONAL,COMPLETED,NA,"[""Aging"", ""Healthy Aging"", ""Physical Fitness""]",2020-01-31,False,1,listed_not_verified,not_adjudicated,not_assigned
NCT04251104,INTERVENTIONAL,UNKNOWN,NA,"[""Emotion Regulation"", ""Mood Induction"", ""Autobiographical Memory"", ""Ageing""]",2020-01-31,False,0,not_listed_not_absent,not_adjudicated,not_assigned
NCT04253054,OBSERVATIONAL,UNKNOWN,,"[""Cardiovascular Diseases"", ""Cardiovascular Risk Factor"", ""Aging Problems"", ""Smell Disorder"", ""Sleep""]",2020-12-04,False,3,listed_not_verified,not_adjudicated,not_assigned
NCT04255745,INTERVENTIONAL,COMPLETED,NA,"[""Sarcopenia"", ""High Blood Pressure"", ""Hypertension""]",2026-06-02,True,1,listed_not_verified,not_adjudicated,not_assigned
NCT04262674,INTERVENTIONAL,UNKNOWN,NA,"[""Mild Cognitive Impairment"", ""Healthy Aging""]",2021-02-04,False,1,listed_not_verified,not_adjudicated,not_assigned
NCT04264013,INTERVENTIONAL,WITHDRAWN,NA,"[""Aging""]",2023-03-14,False,1,listed_not_verified,not_adjudicated,not_assigned
NCT04264897,INTERVENTIONAL,COMPLETED,PHASE3,"[""Aging"", ""Insulin Sensitivity"", ""Chronic Disease"", ""Mitochondria"", ""Insulin Resistance""]",2026-07-02,True,2,listed_not_verified,not_adjudicated,not_assigned
NCT04265482,OBSERVATIONAL,UNKNOWN,,"[""Subjective Cognitive Complaint"", ""Activities Daily Living"", ""Dementia"", ""Alzheimer Disease"", ""Neurodegenerative Diseases"", ""Functionality"", ""Gait Disorders, Neurologic"", ""Geroscience""]",2020-02-11,False,1,listed_not_verified,not_adjudicated,not_assigned
NCT04266782,INTERVENTIONAL,COMPLETED,NA,"[""Parkinson Disease"", ""Healthy Aging""]",2020-02-12,False,1,listed_not_verified,not_adjudicated,not_assigned
NCT04267328,OBSERVATIONAL,COMPLETED,,"[""Post Operative Cognitive Dysfunction""]",2024-04-19,True,1,listed_not_verified,not_adjudicated,not_assigned
NCT04267484,OBSERVATIONAL,UNKNOWN,,"[""Memory Problems"", ""Aging"", ""Mild Cognitive Impairment"", ""Shared Decision Making""]",2020-02-17,False,4,listed_not_verified,not_adjudicated,not_assigned
NCT04267731,INTERVENTIONAL,COMPLETED,NA,"[""Aging Well""]",2023-04-26,False,1,listed_not_verified,not_adjudicated,not_assigned
NCT04275817,OBSERVATIONAL,UNKNOWN,,"[""Frailty"", ""Motoric Cognitive Risk Syndrome"", ""Cognitive-prefrailty""]",2024-04-05,False,1,listed_not_verified,not_adjudicated,not_assigned
NCT04276753,INTERVENTIONAL,COMPLETED,NA,"[""Skin Aging""]",2021-06-25,False,1,listed_not_verified,not_adjudicated,not_assigned
NCT04276766,INTERVENTIONAL,COMPLETED,NA,"[""Aging""]",2020-02-19,False,0,not_listed_not_absent,not_adjudicated,not_assigned
NCT04276805,INTERVENTIONAL,COMPLETED,NA,"[""Aging""]",2026-07-27,True,2,listed_not_verified,not_adjudicated,not_assigned
NCT04276948,INTERVENTIONAL,COMPLETED,NA,"[""Aging""]",2022-11-14,False,1,listed_not_verified,not_adjudicated,not_assigned
NCT04278313,INTERVENTIONAL,ACTIVE_NOT_RECRUITING,NA,"[""Diminished Ovarian Reserve"", ""Diminished Ovarian Reserve Due to Advanced Maternal Age""]",2026-01-16,False,1,listed_not_verified,not_adjudicated,not_assigned
NCT04278560,INTERVENTIONAL,COMPLETED,NA,"[""Aging""]",2024-05-16,True,1,listed_not_verified,not_adjudicated,not_assigned
NCT04279366,OBSERVATIONAL,COMPLETED,,"[""Healthy Aging"", ""Lifestyle Risk Reduction""]",2024-02-15,False,2,listed_not_verified,not_adjudicated,not_assigned
NCT04280445,INTERVENTIONAL,COMPLETED,NA,"[""Psychological Distress"", ""Anxiety"", ""Depression""]",2025-01-01,True,1,listed_not_verified,not_adjudicated,not_assigned
NCT04281264,INTERVENTIONAL,COMPLETED,NA,"[""Aging Well""]",2021-07-07,False,1,listed_not_verified,not_adjudicated,not_assigned
NCT04282603,INTERVENTIONAL,TERMINATED,PHASE1|PHASE2,"[""Sarcopenic Obesity""]",2022-04-14,False,1,listed_not_verified,not_adjudicated,not_assigned
NCT04284137,INTERVENTIONAL,UNKNOWN,NA,"[""Disability Physical"", ""Cognitive Impairment""]",2020-02-25,False,1,listed_not_verified,not_adjudicated,not_assigned
NCT04284397,INTERVENTIONAL,RECRUITING,EARLY_PHASE1,"[""Aging""]",2026-01-27,False,1,listed_not_verified,not_adjudicated,not_assigned
NCT04284553,INTERVENTIONAL,COMPLETED,NA,"[""Aging"", ""Benzodiazepine Sedative Adverse Reaction"", ""Anticholinergic Adverse Reaction"", ""Adverse Drug Event""]",2024-11-07,True,1,listed_not_verified,not_adjudicated,not_assigned
NCT04287283,OBSERVATIONAL,ACTIVE_NOT_RECRUITING,,"[""TBI (Traumatic Brain Injury)"", ""Stroke"", ""Fibromyalgia"", ""Aging""]",2026-04-21,False,1,listed_not_verified,not_adjudicated,not_assigned
NCT04289129,INTERVENTIONAL,COMPLETED,NA,"[""Muscle Loss""]",2020-12-17,False,1,listed_not_verified,not_adjudicated,not_assigned
NCT04289402,INTERVENTIONAL,ACTIVE_NOT_RECRUITING,NA,"[""Alzheimer Dementia"", ""Presenile Alzheimer Dementia"", ""Aging""]",2026-04-27,False,1,listed_not_verified,not_adjudicated,not_assigned
NCT04294888,INTERVENTIONAL,TERMINATED,NA,"[""Alzheimer Disease"", ""Mild Cognitive Impairment"", ""Aging""]",2026-03-20,False,1,listed_not_verified,not_adjudicated,not_assigned
NCT04295798,INTERVENTIONAL,COMPLETED,NA,"[""Aging""]",2025-01-30,True,1,listed_not_verified,not_adjudicated,not_assigned
NCT04297137,INTERVENTIONAL,COMPLETED,NA,"[""Healthy Aging""]",2024-01-11,False,1,listed_not_verified,not_adjudicated,not_assigned
NCT04299308,INTERVENTIONAL,COMPLETED,NA,"[""Healthy Aging"", ""Alzheimer Disease""]",2025-07-23,True,1,listed_not_verified,not_adjudicated,not_assigned
NCT04301167,INTERVENTIONAL,UNKNOWN,NA,"[""Loneliness""]",2020-03-10,False,1,listed_not_verified,not_adjudicated,not_assigned
NCT04301713,OBSERVATIONAL,UNKNOWN,,"[""Nursing Caries"", ""Old Age; Debility"", ""Aging Disorder""]",2020-03-10,False,1,listed_not_verified,not_adjudicated,not_assigned
NCT04305093,OBSERVATIONAL,COMPLETED,,"[""Obesity; Endocrine"", ""Hormone Disturbance""]",2023-03-30,False,1,listed_not_verified,not_adjudicated,not_assigned
NCT04308239,INTERVENTIONAL,COMPLETED,NA,"[""Accidental Fall""]",2020-05-18,True,1,listed_not_verified,not_adjudicated,not_assigned
NCT04309500,INTERVENTIONAL,COMPLETED,NA,"[""Mild Cognitive Impairment"", ""Healthy Aging""]",2023-02-16,True,1,listed_not_verified,not_adjudicated,not_assigned
NCT04311554,OBSERVATIONAL,UNKNOWN,,"[""HIV""]",2020-03-17,False,1,listed_not_verified,not_adjudicated,not_assigned
NCT04313699,OBSERVATIONAL,UNKNOWN,,"[""HIV Infections"", ""Non Communicable Diseases"", ""Aging""]",2020-03-18,False,0,not_listed_not_absent,not_adjudicated,not_assigned
NCT04314011,INTERVENTIONAL,COMPLETED,PHASE1|PHASE2,"[""Aging Frailty""]",2022-03-17,False,1,listed_not_verified,not_adjudicated,not_assigned
NCT04314921,INTERVENTIONAL,COMPLETED,NA,"[""Aging"", ""Healthy Aging""]",2020-03-20,False,1,listed_not_verified,not_adjudicated,not_assigned
NCT04315038,OBSERVATIONAL,COMPLETED,,"[""Aging"", ""Metabolites"", ""Neurodegenerative Diseases""]",2022-01-31,False,1,listed_not_verified,not_adjudicated,not_assigned
NCT04315363,INTERVENTIONAL,COMPLETED,NA,"[""Aging""]",2024-02-29,True,1,listed_not_verified,not_adjudicated,not_assigned
NCT04321187,OBSERVATIONAL,COMPLETED,,"[""Prostate Cancer"", ""Aging Disorder"", ""Radiotherapy; Complications"", ""Inflammation""]",2023-05-03,False,1,listed_not_verified,not_adjudicated,not_assigned
NCT04323163,INTERVENTIONAL,COMPLETED,NA,"[""Aging"", ""Cognitive Decline""]",2024-07-31,False,1,listed_not_verified,not_adjudicated,not_assigned
NCT04323176,INTERVENTIONAL,COMPLETED,NA,"[""Aging"", ""Hiv"", ""Loneliness"", ""Social Isolation""]",2023-02-21,False,2,listed_not_verified,not_adjudicated,not_assigned
NCT04324541,OBSERVATIONAL,COMPLETED,,"[""Brain Aging in Mexican Americans""]",2024-05-17,True,1,listed_not_verified,not_adjudicated,not_assigned
NCT04325178,INTERVENTIONAL,COMPLETED,NA,"[""Aging"", ""Sarcopenia""]",2020-03-27,False,1,listed_not_verified,not_adjudicated,not_assigned
NCT04327141,INTERVENTIONAL,UNKNOWN,NA,"[""Weight Loss"", ""Gut Microbiome"", ""Anti-Aging""]",2024-04-08,False,1,listed_not_verified,not_adjudicated,not_assigned
NCT04327830,OBSERVATIONAL,UNKNOWN,,"[""Aging""]",2021-02-21,False,1,listed_not_verified,not_adjudicated,not_assigned
NCT04328311,INTERVENTIONAL,UNKNOWN,NA,"[""Healthy Aging""]",2024-11-22,False,1,listed_not_verified,not_adjudicated,not_assigned
NCT04330287,OBSERVATIONAL,UNKNOWN,,"[""HIV Infections"", ""Coronary Disease"", ""Myocardial Infarction"", ""HIV Encephalopathy"", ""Aging"", ""Heart Failure"", ""Weight Gain""]",2024-07-30,False,5,listed_not_verified,not_adjudicated,not_assigned
NCT04335968,INTERVENTIONAL,COMPLETED,PHASE3,"[""Orthopedic Surgery""]",2025-09-08,False,1,listed_not_verified,not_adjudicated,not_assigned
NCT04336670,INTERVENTIONAL,COMPLETED,NA,"[""Aging"", ""Fall"", ""Quality of Life""]",2022-11-10,False,1,listed_not_verified,not_adjudicated,not_assigned
NCT04339296,INTERVENTIONAL,COMPLETED,NA,"[""Medication Adherence"", ""Medication Compliance"", ""Medication Nonadherence"", ""Hypertension"", ""Diabetes"", ""Arthritis"", ""Chronic Pain"", ""Anxiety Depression"", ""Asthma""]",2020-10-20,True,1,listed_not_verified,not_adjudicated,not_assigned
NCT04339543,INTERVENTIONAL,TERMINATED,NA,"[""Parkinson Disease"", ""Healthy Aging""]",2024-09-05,False,1,listed_not_verified,not_adjudicated,not_assigned
NCT04341818,INTERVENTIONAL,UNKNOWN,NA,"[""Aging""]",2020-04-13,False,1,listed_not_verified,not_adjudicated,not_assigned
NCT04344873,INTERVENTIONAL,WITHDRAWN,EARLY_PHASE1,"[""Cardiovascular Diseases"", ""Inflammation"", ""Aging""]",2026-01-12,False,0,not_listed_not_absent,not_adjudicated,not_assigned
NCT04345211,INTERVENTIONAL,COMPLETED,NA,"[""Aging""]",2023-05-11,False,1,listed_not_verified,not_adjudicated,not_assigned
NCT04347447,INTERVENTIONAL,UNKNOWN,NA,"[""Sarcopenia"", ""Aging""]",2023-08-29,False,1,listed_not_verified,not_adjudicated,not_assigned
NCT04347629,INTERVENTIONAL,ACTIVE_NOT_RECRUITING,NA,"[""Renal Disease, End Stage"", ""Palliative Care"", ""Decision Aids""]",2026-03-17,False,9,listed_not_verified,not_adjudicated,not_assigned
NCT04348162,INTERVENTIONAL,COMPLETED,NA,"[""Healthy Aging""]",2021-09-16,False,1,listed_not_verified,not_adjudicated,not_assigned
NCT04348539,INTERVENTIONAL,UNKNOWN,NA,"[""Old Age; Debility""]",2021-04-02,False,1,listed_not_verified,not_adjudicated,not_assigned
NCT04348630,INTERVENTIONAL,COMPLETED,NA,"[""Aging"", ""Heat Stress"", ""Physiological Stress""]",2023-03-30,False,1,listed_not_verified,not_adjudicated,not_assigned
NCT04349137,INTERVENTIONAL,UNKNOWN,NA,"[""Healthy Aging"", ""Healthy""]",2021-08-30,False,1,listed_not_verified,not_adjudicated,not_assigned
NCT04351113,INTERVENTIONAL,COMPLETED,NA,"[""Aging"", ""Oxidative Stress"", ""Vascular Endothelium"", ""Skeletal Muscle"", ""Antioxidants""]",2026-09-08,False,1,listed_not_verified,not_adjudicated,not_assigned
NCT04352504,INTERVENTIONAL,COMPLETED,NA,"[""Skin Laxity""]",2020-04-20,False,1,listed_not_verified,not_adjudicated,not_assigned
NCT04352543,INTERVENTIONAL,COMPLETED,NA,"[""Aging""]",2020-11-03,False,1,listed_not_verified,not_adjudicated,not_assigned
NCT04353076,INTERVENTIONAL,COMPLETED,NA,"[""Aging"", ""Heat Stress"", ""Physiological Stress""]",2021-08-18,False,1,listed_not_verified,not_adjudicated,not_assigned
NCT04360200,OBSERVATIONAL,RECRUITING,,"[""MCI"", ""Alzheimer Disease"", ""VAD - Vascular Dementia"", ""Cognitive Impairment""]",2020-09-14,False,1,listed_not_verified,not_adjudicated,not_assigned
NCT04360512,INTERVENTIONAL,TERMINATED,NA,"[""Aging Problems""]",2020-09-16,False,1,listed_not_verified,not_adjudicated,not_assigned
NCT04361760,INTERVENTIONAL,COMPLETED,NA,"[""Healthy Aging""]",2021-10-05,False,1,listed_not_verified,not_adjudicated,not_assigned
NCT04362215,OBSERVATIONAL,COMPLETED,,"[""Aging""]",2020-04-24,False,1,listed_not_verified,not_adjudicated,not_assigned
NCT04367493,INTERVENTIONAL,COMPLETED,NA,"[""Nutrition Related Cancer"", ""Aging""]",2020-04-29,False,0,not_listed_not_absent,not_adjudicated,not_assigned
NCT04368416,OBSERVATIONAL,UNKNOWN,,"[""Anxiety State"", ""Sleep Disturbance"", ""Alcohol Abuse"", ""Aging"", ""Dementia""]",2024-02-13,False,1,listed_not_verified,not_adjudicated,not_assigned
NCT04368754,OBSERVATIONAL,COMPLETED,,"[""Healthy Aging""]",2020-04-30,False,1,listed_not_verified,not_adjudicated,not_assigned
NCT04370353,INTERVENTIONAL,COMPLETED,NA,"[""Aging"", ""Sedentary Behavior""]",2020-04-30,False,1,listed_not_verified,not_adjudicated,not_assigned
NCT04370756,INTERVENTIONAL,COMPLETED,NA,"[""Aging"", ""Postmenopause"", ""Obesity""]",2024-02-21,False,1,listed_not_verified,not_adjudicated,not_assigned
NCT04375657,INTERVENTIONAL,RECRUITING,PHASE2,"[""Epigenetic Aging"", ""Immunosenescence""]",2025-05-07,False,1,listed_not_verified,not_adjudicated,not_assigned
NCT04378803,INTERVENTIONAL,COMPLETED,NA,"[""Well Aging""]",2020-08-17,False,1,listed_not_verified,not_adjudicated,not_assigned
NCT04385537,INTERVENTIONAL,COMPLETED,NA,"[""Aging""]",2022-05-24,False,1,listed_not_verified,not_adjudicated,not_assigned
NCT04386577,INTERVENTIONAL,UNKNOWN,PHASE3,"[""Aging""]",2020-05-13,False,1,listed_not_verified,not_adjudicated,not_assigned
NCT04389424,OBSERVATIONAL,UNKNOWN,,"[""Breast Cancer"", ""Endocrine Therapy"", ""Endocrine Therapy Adverse Reaction"", ""Vitamin D Deficiency"", ""Nutrition Disorders"", ""Obesity""]",2020-05-15,False,1,listed_not_verified,not_adjudicated,not_assigned
NCT04390581,INTERVENTIONAL,COMPLETED,PHASE4,"[""Skin Depressions"", ""Skin Elasticity"", ""Skin Laxity""]",2022-12-12,False,1,listed_not_verified,not_adjudicated,not_assigned
NCT04395040,OBSERVATIONAL,COMPLETED,,"[""Cancer"", ""Aging""]",2021-06-21,False,3,listed_not_verified,not_adjudicated,not_assigned
NCT04396249,INTERVENTIONAL,UNKNOWN,NA,"[""Aging""]",2022-05-06,False,1,listed_not_verified,not_adjudicated,not_assigned
NCT04400617,OBSERVATIONAL,RECRUITING,,"[""Sleep Disturbance"", ""Aging""]",2026-05-01,False,1,listed_not_verified,not_adjudicated,not_assigned
NCT04401904,INTERVENTIONAL,COMPLETED,PHASE1|PHASE2,"[""Aging""]",2024-01-05,True,2,listed_not_verified,not_adjudicated,not_assigned
NCT04401930,OBSERVATIONAL,COMPLETED,,"[""Aging"", ""Healthy Aging"", ""Life Style"", ""Eating Habit"", ""Nutritional Deficiency"", ""Sarcopenia""]",2021-06-01,False,1,listed_not_verified,not_adjudicated,not_assigned
NCT04405180,INTERVENTIONAL,COMPLETED,PHASE2,"[""Aging"", ""Sedentary Lifestyle"", ""Frailty""]",2024-10-10,True,1,listed_not_verified,not_adjudicated,not_assigned
NCT04410055,INTERVENTIONAL,UNKNOWN,NA,"[""Diabete Mellitus"", ""Aging"", ""Cognitive Change""]",2020-06-01,False,1,listed_not_verified,not_adjudicated,not_assigned
NCT04413877,OBSERVATIONAL,WITHDRAWN,,"[""Frailty Syndrome"", ""COVID-19"", ""Healthy Aging"", ""Old Age; Debility""]",2023-12-08,False,0,not_listed_not_absent,not_adjudicated,not_assigned
NCT04413994,INTERVENTIONAL,RECRUITING,NA,"[""Prematurity"", ""Vascular Aging""]",2026-09-18,False,1,listed_not_verified,not_adjudicated,not_assigned
NCT04414787,INTERVENTIONAL,COMPLETED,NA,"[""Palliative Care"", ""Critical Illness"", ""Aging"", ""Care Delivery Model"", ""Informal Caregivers"", ""Psychological Distress""]",2025-07-18,True,1,listed_not_verified,not_adjudicated,not_assigned
NCT04415528,INTERVENTIONAL,COMPLETED,NA,"[""Anxiety""]",2022-02-21,False,1,listed_not_verified,not_adjudicated,not_assigned
NCT04416191,INTERVENTIONAL,RECRUITING,NA,"[""Muscle Disuse""]",2025-12-05,False,1,listed_not_verified,not_adjudicated,not_assigned
NCT04422704,INTERVENTIONAL,COMPLETED,NA,"[""Aging"", ""Retirement""]",2020-10-08,False,1,listed_not_verified,not_adjudicated,not_assigned
NCT04430803,INTERVENTIONAL,COMPLETED,NA,"[""Aging""]",2021-04-27,False,1,listed_not_verified,not_adjudicated,not_assigned
NCT04431960,INTERVENTIONAL,COMPLETED,PHASE1,"[""Postmenopausal Osteoporosis"", ""Gut Microbiota"", ""Cardiovascular Diseases""]",2025-08-12,True,1,listed_not_verified,not_adjudicated,not_assigned
NCT04431986,OBSERVATIONAL,UNKNOWN,,"[""Frailty"", ""Emergencies"", ""Aging""]",2020-06-16,False,0,not_listed_not_absent,not_adjudicated,not_assigned
NCT04433767,INTERVENTIONAL,COMPLETED,PHASE2,"[""Depressive Disorder""]",2023-12-06,True,1,listed_not_verified,not_adjudicated,not_assigned
NCT04442867,INTERVENTIONAL,COMPLETED,NA,"[""Healthy Aging""]",2022-08-03,False,1,listed_not_verified,not_adjudicated,not_assigned
NCT04446455,INTERVENTIONAL,COMPLETED,EARLY_PHASE1,"[""Mobility Limitation""]",2020-06-25,False,1,listed_not_verified,not_adjudicated,not_assigned
NCT04450589,INTERVENTIONAL,COMPLETED,NA,"[""Androgenetic Alopecia"", ""Androgenic Alopecia"", ""Telogen Effluvium"", ""Thinning Hair"", ""Hair Loss/Baldness"", ""Hair Thinning""]",2020-06-30,False,1,listed_not_verified,not_adjudicated,not_assigned
NCT04450602,INTERVENTIONAL,COMPLETED,NA,"[""Androgenetic Alopecia"", ""Androgenic Alopecia"", ""Telogen Effluvium"", ""Thinning Hair"", ""Hair Loss/Baldness"", ""Hair Thinning""]",2020-06-30,False,1,listed_not_verified,not_adjudicated,not_assigned
NCT04452825,INTERVENTIONAL,RECRUITING,NA,"[""Cancer""]",2026-04-17,False,1,listed_not_verified,not_adjudicated,not_assigned
NCT04457128,INTERVENTIONAL,UNKNOWN,NA,"[""Cancer"", ""Aging"", ""Comorbidities and Coexisting Conditions""]",2020-11-09,False,0,not_listed_not_absent,not_adjudicated,not_assigned
NCT04458896,INTERVENTIONAL,COMPLETED,NA,"[""Sedentary Behavior"", ""Aging""]",2020-07-08,False,1,listed_not_verified,not_adjudicated,not_assigned
NCT04459156,INTERVENTIONAL,COMPLETED,NA,"[""Chronic Obstructive Pulmonary Disease"", ""Aging""]",2025-09-30,False,1,listed_not_verified,not_adjudicated,not_assigned
NCT04461184,INTERVENTIONAL,COMPLETED,NA,"[""Internet Based Wellness Program"", ""Obesity"", ""Adult Population""]",2021-05-25,False,1,listed_not_verified,not_adjudicated,not_assigned
NCT04461470,OBSERVATIONAL,UNKNOWN,,"[""Pain"", ""Stress"", ""Ageing Signs"", ""Immunity Compromise""]",2020-07-16,False,1,listed_not_verified,not_adjudicated,not_assigned
NCT04461951,OBSERVATIONAL,UNKNOWN,,"[""Cognitive Dysfunction"", ""Dietary Habits""]",2020-07-08,False,1,listed_not_verified,not_adjudicated,not_assigned
NCT04470895,OBSERVATIONAL,WITHDRAWN,,"[""Fracture"", ""Fall""]",2022-02-01,False,0,not_listed_not_absent,not_adjudicated,not_assigned
NCT04483011,INTERVENTIONAL,UNKNOWN,NA,"[""Metabolic Syndrome"", ""Premature Aging""]",2020-11-25,True,1,listed_not_verified,not_adjudicated,not_assigned
NCT04484454,INTERVENTIONAL,COMPLETED,NA,"[""Cognitive Decline""]",2021-06-07,False,1,listed_not_verified,not_adjudicated,not_assigned
NCT04484766,OBSERVATIONAL,UNKNOWN,,"[""Pre-Eclampsia""]",2023-04-14,False,1,listed_not_verified,not_adjudicated,not_assigned
NCT04485091,INTERVENTIONAL,COMPLETED,PHASE2,"[""Skin Aging""]",2026-07-29,False,1,listed_not_verified,not_adjudicated,not_assigned
NCT04487041,INTERVENTIONAL,ACTIVE_NOT_RECRUITING,PHASE4,"[""Human Influenza""]",2026-07-17,False,1,listed_not_verified,not_adjudicated,not_assigned
NCT04488601,INTERVENTIONAL,COMPLETED,PHASE2,"[""Aging""]",2024-01-24,False,1,listed_not_verified,not_adjudicated,not_assigned
NCT04490070,INTERVENTIONAL,COMPLETED,NA,"[""Functional Ability"", ""Cognitive Decline"", ""Older Adults"", ""Healthy Aging""]",2020-07-28,False,10,listed_not_verified,not_adjudicated,not_assigned
NCT04492241,INTERVENTIONAL,UNKNOWN,NA,"[""Motoric Cognitive Risk Syndrome"", ""Mild Cognitive Impairment"", ""Aging"", ""Locomotive Syndrome""]",2021-12-09,False,1,listed_not_verified,not_adjudicated,not_assigned
NCT04492527,INTERVENTIONAL,COMPLETED,NA,"[""Chronic Disease"", ""Aging"", ""Aging Problems"", ""Health Behavior"", ""Multiple Chronic Conditions"", ""Chronic Illness"", ""Chronic Illnesses, Multiple"", ""Healthy Lifestyle"", ""Healthy Aging"", ""Aging Well"", ""Healthy Life Style"", ""Self-management"", ""Self Care""]",2021-08-30,False,1,listed_not_verified,not_adjudicated,not_assigned
NCT04494711,INTERVENTIONAL,COMPLETED,NA,"[""Chronic Conditions, Multiple"", ""Aging"", ""Mobility Limitation""]",2023-05-11,False,1,listed_not_verified,not_adjudicated,not_assigned
NCT04501562,OBSERVATIONAL,ACTIVE_NOT_RECRUITING,,"[""Cardiac Ageing""]",2025-06-05,False,1,listed_not_verified,not_adjudicated,not_assigned
NCT04504643,INTERVENTIONAL,COMPLETED,NA,"[""Cognitive Decline""]",2024-02-16,False,1,listed_not_verified,not_adjudicated,not_assigned
NCT04505735,OBSERVATIONAL,TERMINATED,,"[""Alzheimer Disease"", ""Healthy Aging""]",2023-04-07,False,1,listed_not_verified,not_adjudicated,not_assigned
NCT04510168,OBSERVATIONAL,COMPLETED,,"[""Alzheimer Disease"", ""Dementia""]",2024-07-16,False,1,listed_not_verified,not_adjudicated,not_assigned
NCT04512352,INTERVENTIONAL,COMPLETED,NA,"[""Early Childhood Development""]",2025-06-18,False,6,listed_not_verified,not_adjudicated,not_assigned
NCT04514536,INTERVENTIONAL,COMPLETED,NA,"[""Aging"", ""Frailty""]",2026-06-24,False,1,listed_not_verified,not_adjudicated,not_assigned
NCT04516538,INTERVENTIONAL,TERMINATED,NA,"[""Volunteers""]",2024-10-26,False,1,listed_not_verified,not_adjudicated,not_assigned
NCT04518423,OBSERVATIONAL,RECRUITING,,"[""Frailty"", ""Frailty Syndrome"", ""Frail Elderly Syndrome"", ""Fragility"", ""Aging"", ""Aging Problems"", ""Aging Disorder"", ""Aging Well""]",2020-08-19,False,1,listed_not_verified,not_adjudicated,not_assigned
NCT04520763,INTERVENTIONAL,COMPLETED,NA,"[""Healthy Aging"", ""Healthy Diet""]",2023-03-17,False,1,listed_not_verified,not_adjudicated,not_assigned
NCT04522401,OBSERVATIONAL,COMPLETED,,"[""Aging""]",2020-11-13,False,1,listed_not_verified,not_adjudicated,not_assigned
NCT04522791,INTERVENTIONAL,COMPLETED,NA,"[""Mild Cognitive Impairment"", ""Healthy Aging""]",2026-06-04,False,1,listed_not_verified,not_adjudicated,not_assigned
NCT04526236,INTERVENTIONAL,COMPLETED,PHASE4,"[""Pain, Postoperative"", ""Opioid Use"", ""Methadone Overdose of Undetermined Intent""]",2023-12-21,False,1,listed_not_verified,not_adjudicated,not_assigned
NCT04530916,INTERVENTIONAL,COMPLETED,PHASE1|PHASE2,"[""Hypertension"", ""Aging"", ""Endothelial Dysfunction"", ""Men""]",2026-09-02,False,1,listed_not_verified,not_adjudicated,not_assigned
NCT04532437,OBSERVATIONAL,COMPLETED,,"[""Skin Aging""]",2021-12-15,False,1,listed_not_verified,not_adjudicated,not_assigned
NCT04534374,INTERVENTIONAL,COMPLETED,NA,"[""Cognitive Decline"", ""Aging""]",2020-09-01,False,1,listed_not_verified,not_adjudicated,not_assigned
NCT04536870,INTERVENTIONAL,ACTIVE_NOT_RECRUITING,NA,"[""Heart Failure"", ""Atrial Fibrillation"", ""Healthy Ageing"", ""Hypercholesterolemia"", ""Myocardial Dysfunction""]",2025-04-02,False,2,listed_not_verified,not_adjudicated,not_assigned
NCT04537728,INTERVENTIONAL,COMPLETED,NA,"[""Aging"", ""Mild Cognitive Impairment"", ""Dementia"", ""Old Age; Dementia"", ""Cognitive Decline""]",2022-09-01,False,1,listed_not_verified,not_adjudicated,not_assigned
NCT04538144,INTERVENTIONAL,COMPLETED,NA,"[""Aging"", ""Hyperthermia""]",2025-10-23,True,1,listed_not_verified,not_adjudicated,not_assigned
NCT04539132,INTERVENTIONAL,UNKNOWN,NA,"[""Mild Cognitive Impairment""]",2020-09-04,False,0,not_listed_not_absent,not_adjudicated,not_assigned
NCT04540653,INTERVENTIONAL,UNKNOWN,PHASE4,"[""Vaccine Response Impaired"", ""Hepatitis B"", ""Aging""]",2020-09-09,False,1,listed_not_verified,not_adjudicated,not_assigned
NCT04542109,INTERVENTIONAL,COMPLETED,NA,"[""Dementia"", ""Alzheimer Disease"", ""Relationship, Marital"", ""Caregiver Stress Syndrome""]",2022-06-30,False,1,listed_not_verified,not_adjudicated,not_assigned
NCT04544358,INTERVENTIONAL,COMPLETED,NA,"[""Sedentary Behavior"", ""Cognitive Impairment""]",2023-05-16,True,0,not_listed_not_absent,not_adjudicated,not_assigned
NCT04545775,OBSERVATIONAL,UNKNOWN,,"[""Geriatric Syndromes""]",2021-02-09,False,1,listed_not_verified,not_adjudicated,not_assigned
NCT04545970,INTERVENTIONAL,COMPLETED,NA,"[""Fine Lines"", ""Wrinkles"", ""Photoaging""]",2020-09-16,False,1,listed_not_verified,not_adjudicated,not_assigned
NCT04548115,INTERVENTIONAL,UNKNOWN,NA,"[""Intergenerational Relations"", ""Loneliness"", ""Well Aging""]",2020-09-14,False,1,listed_not_verified,not_adjudicated,not_assigned
NCT04549974,INTERVENTIONAL,COMPLETED,NA,"[""Hot Weather; Adverse Effect"", ""Healthy"", ""Coronary Artery Disease"", ""Aging""]",2023-05-08,False,1,listed_not_verified,not_adjudicated,not_assigned
NCT04551339,INTERVENTIONAL,COMPLETED,NA,"[""Healthy"", ""Health Care Worker Patient Transmission"", ""Aging""]",2021-08-10,False,3,listed_not_verified,not_adjudicated,not_assigned
NCT04555655,INTERVENTIONAL,COMPLETED,EARLY_PHASE1,"[""Cognitive Decline"", ""Mild Cognitive Impairment"", ""Aging""]",2025-09-16,False,3,listed_not_verified,not_adjudicated,not_assigned
NCT04558450,INTERVENTIONAL,RECRUITING,NA,"[""Covid19"", ""Arterial Stiffness"", ""Endothelial Dysfunction"", ""Diastolic Dysfunction""]",2021-11-22,False,3,listed_not_verified,not_adjudicated,not_assigned
NCT04559373,INTERVENTIONAL,RECRUITING,NA,"[""Stroke""]",2026-10-07,False,2,listed_not_verified,not_adjudicated,not_assigned
NCT04559659,OBSERVATIONAL,UNKNOWN,,"[""Age Problem""]",2022-02-11,False,1,listed_not_verified,not_adjudicated,not_assigned
NCT04563663,INTERVENTIONAL,COMPLETED,NA,"[""Aging Problems""]",2021-04-28,False,1,listed_not_verified,not_adjudicated,not_assigned
NCT04563728,INTERVENTIONAL,TERMINATED,NA,"[""Elder Abuse"", ""Self Neglect"", ""Aging"", ""Domestic Abuse""]",2024-02-15,False,1,listed_not_verified,not_adjudicated,not_assigned
NCT04565067,OBSERVATIONAL,ACTIVE_NOT_RECRUITING,,"[""COVID-19""]",2026-01-14,False,1,listed_not_verified,not_adjudicated,not_assigned
NCT04568057,INTERVENTIONAL,COMPLETED,NA,"[""Age-related Cognitive Decline""]",2021-02-23,False,1,listed_not_verified,not_adjudicated,not_assigned
NCT04570813,INTERVENTIONAL,COMPLETED,NA,"[""Well Aging""]",2022-04-26,False,1,listed_not_verified,not_adjudicated,not_assigned
NCT04572139,OBSERVATIONAL,COMPLETED,,"[""Pituitary"", ""Aging""]",2025-07-16,False,1,listed_not_verified,not_adjudicated,not_assigned
NCT04576624,INTERVENTIONAL,UNKNOWN,NA,"[""Lifestyle"", ""Cognitive Decline"", ""Aging""]",2020-10-06,False,1,listed_not_verified,not_adjudicated,not_assigned
NCT04579120,OBSERVATIONAL,RECRUITING,,"[""Alzheimer Disease""]",2026-06-08,False,1,listed_not_verified,not_adjudicated,not_assigned
NCT04582370,INTERVENTIONAL,COMPLETED,NA,"[""Aging""]",2024-12-13,False,2,listed_not_verified,not_adjudicated,not_assigned
NCT04582617,INTERVENTIONAL,COMPLETED,NA,"[""Aging"", ""Cognitive Change""]",2023-04-07,False,2,listed_not_verified,not_adjudicated,not_assigned
NCT04584918,OBSERVATIONAL,UNKNOWN,,"[""Healthy Aging""]",2020-10-14,False,1,listed_not_verified,not_adjudicated,not_assigned
NCT04587466,OBSERVATIONAL,UNKNOWN,,"[""Geriatric Syndromes""]",2021-02-09,False,11,listed_not_verified,not_adjudicated,not_assigned
NCT04587895,INTERVENTIONAL,UNKNOWN,NA,"[""Urinary Incontinence"", ""Mobility Impairment"", ""Older Adults""]",2021-03-02,False,1,listed_not_verified,not_adjudicated,not_assigned
NCT04588649,INTERVENTIONAL,COMPLETED,PHASE2,"[""Post-stroke Dementia"", ""Vascular Mild Cognitive Impairment""]",2023-05-06,False,1,listed_not_verified,not_adjudicated,not_assigned
NCT04589637,OBSERVATIONAL,COMPLETED,,"[""Dementia""]",2020-10-19,False,1,listed_not_verified,not_adjudicated,not_assigned
NCT04589988,INTERVENTIONAL,COMPLETED,NA,"[""Physical Disability""]",2025-08-27,True,1,listed_not_verified,not_adjudicated,not_assigned
NCT04590911,INTERVENTIONAL,COMPLETED,NA,"[""TBI (Traumatic Brain Injury)"", ""Rehabilitation"", ""Aging""]",2024-08-28,False,1,listed_not_verified,not_adjudicated,not_assigned
NCT04592614,INTERVENTIONAL,COMPLETED,NA,"[""Aging"", ""Mobility Limitation"", ""Sedentary Behavior"", ""Loneliness"", ""Social Isolation""]",2025-03-27,False,1,listed_not_verified,not_adjudicated,not_assigned
NCT04592627,OBSERVATIONAL,COMPLETED,,"[""Stroke""]",2024-01-05,False,1,listed_not_verified,not_adjudicated,not_assigned
NCT04592796,OBSERVATIONAL,COMPLETED,,"[""Sleep"", ""Cognitive Impairment"", ""Quality of Life"", ""Age Problem"", ""Aging""]",2020-10-19,False,1,listed_not_verified,not_adjudicated,not_assigned
NCT04593433,INTERVENTIONAL,COMPLETED,NA,"[""Social Isolation"", ""Quality of Life"", ""Well Aging"", ""Frailty""]",2021-08-27,False,1,listed_not_verified,not_adjudicated,not_assigned
NCT04593628,INTERVENTIONAL,WITHDRAWN,NA,"[""Social Isolation"", ""Loneliness""]",2022-09-10,False,1,listed_not_verified,not_adjudicated,not_assigned
NCT04594148,INTERVENTIONAL,COMPLETED,NA,"[""Healthy Aging""]",2022-10-19,False,1,listed_not_verified,not_adjudicated,not_assigned
NCT04594967,OBSERVATIONAL,COMPLETED,,"[""Delivery of Health Care"", ""Health Services"", ""Costs and Cost Analysis"", ""Quality of Life""]",2023-09-21,False,1,listed_not_verified,not_adjudicated,not_assigned
NCT04595292,OBSERVATIONAL,COMPLETED,,"[""Aging"", ""Fall"", ""Balance; Distorted""]",2022-01-21,False,1,listed_not_verified,not_adjudicated,not_assigned
NCT04598412,OBSERVATIONAL,COMPLETED,,"[""Aging""]",2020-10-26,False,1,listed_not_verified,not_adjudicated,not_assigned
NCT04598685,OBSERVATIONAL,COMPLETED,,"[""Atherosclerosis"", ""Cardiovascular Risk Factor"", ""Cardiovascular Diseases"", ""Cardiovascular Pathology"", ""Life Style"", ""Vascular Diseases"", ""Vascular Stiffness"", ""Non-Alcoholic Fatty Liver Disease"", ""Hypertension"", ""Obesity"", ""Overweight"", ""Headache"", ""Sleep"", ""Sleep Disorder""]",2023-05-12,False,1,listed_not_verified,not_adjudicated,not_assigned
NCT04599088,INTERVENTIONAL,COMPLETED,NA,"[""Urgency Urinary Incontinence""]",2026-10-05,True,1,listed_not_verified,not_adjudicated,not_assigned
NCT04599335,INTERVENTIONAL,COMPLETED,NA,"[""Dermal Filler"", ""Hyaluronic Acid"", ""Lidocaine"", ""Aging Mid-Face""]",2023-10-19,False,1,listed_not_verified,not_adjudicated,not_assigned
NCT04603144,OBSERVATIONAL,NOT_YET_RECRUITING,,"[""Community Dwelling Individuals Aged 50 and Over""]",2020-10-26,False,1,listed_not_verified,not_adjudicated,not_assigned
NCT04606628,INTERVENTIONAL,COMPLETED,NA,"[""Healthy"", ""Inflammation"", ""Aging""]",2022-01-21,False,1,listed_not_verified,not_adjudicated,not_assigned
NCT04606667,INTERVENTIONAL,COMPLETED,NA,"[""Aging"", ""Cognition"", ""Balance"", ""Mobility Limitation""]",2020-10-28,False,1,listed_not_verified,not_adjudicated,not_assigned
NCT04606953,INTERVENTIONAL,COMPLETED,NA,"[""Mild Cognitive Impairment"", ""Alzheimer Disease""]",2021-09-29,False,1,listed_not_verified,not_adjudicated,not_assigned
NCT04608448,INTERVENTIONAL,COMPLETED,EARLY_PHASE1,"[""Aging"", ""Epigenetics"", ""Inflammatory Mediators""]",2023-07-19,True,1,listed_not_verified,not_adjudicated,not_assigned
NCT04612166,INTERVENTIONAL,COMPLETED,NA,"[""Aging"", ""Fall Injury""]",2026-05-13,False,1,listed_not_verified,not_adjudicated,not_assigned
NCT04615169,INTERVENTIONAL,COMPLETED,NA,"[""Cognitive Training"", ""Dementia"", ""Occupational Therapy"", ""Aging"", ""Long Term Care""]",2020-11-04,False,1,listed_not_verified,not_adjudicated,not_assigned
NCT04615897,INTERVENTIONAL,COMPLETED,NA,"[""Aging""]",2020-11-04,False,0,not_listed_not_absent,not_adjudicated,not_assigned
NCT04622085,INTERVENTIONAL,COMPLETED,NA,"[""Dermal Filler"", ""Hyaluronic Acid"", ""Lidocaine"", ""Aging Mid-Face""]",2023-10-19,False,1,listed_not_verified,not_adjudicated,not_assigned
NCT04625140,OBSERVATIONAL,UNKNOWN,,"[""Kidney Scarring""]",2023-02-06,False,1,listed_not_verified,not_adjudicated,not_assigned
NCT04627493,INTERVENTIONAL,COMPLETED,NA,"[""Aging""]",2023-09-13,False,1,listed_not_verified,not_adjudicated,not_assigned
NCT04630132,OBSERVATIONAL,UNKNOWN,,"[""Aging"", ""Frailty"", ""Hypertension"", ""CKD""]",2020-12-11,False,1,listed_not_verified,not_adjudicated,not_assigned
NCT04630418,INTERVENTIONAL,COMPLETED,NA,"[""Aging""]",2023-12-14,False,1,listed_not_verified,not_adjudicated,not_assigned
NCT04633499,INTERVENTIONAL,COMPLETED,NA,"[""Aging"", ""Social Cognition""]",2022-06-02,False,1,listed_not_verified,not_adjudicated,not_assigned
NCT04635124,INTERVENTIONAL,COMPLETED,NA,"[""Dementia"", ""Aging""]",2020-11-18,False,0,not_listed_not_absent,not_adjudicated,not_assigned
NCT04635462,INTERVENTIONAL,COMPLETED,NA,"[""Aging""]",2023-11-13,False,1,listed_not_verified,not_adjudicated,not_assigned
NCT04638322,INTERVENTIONAL,COMPLETED,NA,"[""Quality of Life"", ""Aging""]",2023-02-17,False,1,listed_not_verified,not_adjudicated,not_assigned
NCT04641013,OBSERVATIONAL,ACTIVE_NOT_RECRUITING,,"[""HIV Infections"", ""Aging""]",2020-11-23,False,11,listed_not_verified,not_adjudicated,not_assigned
NCT04641429,INTERVENTIONAL,UNKNOWN,NA,"[""Healthy Ageing""]",2020-11-23,False,1,listed_not_verified,not_adjudicated,not_assigned
NCT04641663,INTERVENTIONAL,UNKNOWN,NA,"[""Aging"", ""Age-related Cognitive Decline""]",2023-05-17,False,2,listed_not_verified,not_adjudicated,not_assigned
NCT04645134,OBSERVATIONAL,COMPLETED,,"[""Aging"", ""Cognitive Dysfunction""]",2022-11-16,False,1,listed_not_verified,not_adjudicated,not_assigned
NCT04645576,INTERVENTIONAL,COMPLETED,NA,"[""Aging""]",2022-03-08,False,1,listed_not_verified,not_adjudicated,not_assigned
NCT04648371,INTERVENTIONAL,ACTIVE_NOT_RECRUITING,NA,"[""Mental Health Disorder"", ""Aging""]",2026-07-14,False,1,listed_not_verified,not_adjudicated,not_assigned
NCT04648670,INTERVENTIONAL,COMPLETED,NA,"[""Randomized Controlled Trial"", ""Occupational Therapy"", ""Aging"", ""Cognitive Change""]",2020-12-03,False,0,not_listed_not_absent,not_adjudicated,not_assigned
NCT04651582,INTERVENTIONAL,COMPLETED,NA,"[""Cognitive Change"", ""Cognitive Impairment"", ""Healthy Aging"", ""Dementia""]",2023-10-02,False,1,listed_not_verified,not_adjudicated,not_assigned
NCT04651894,OBSERVATIONAL,COMPLETED,,"[""Arterial Disease"", ""Frail Elderly Syndrome"", ""Stiffness, Vascular"", ""Endothelial Degeneration""]",2020-12-04,False,1,listed_not_verified,not_adjudicated,not_assigned
NCT04655001,INTERVENTIONAL,ACTIVE_NOT_RECRUITING,NA,"[""Pain"", ""Obesity"", ""Sedentary Behavior""]",2025-07-16,False,1,listed_not_verified,not_adjudicated,not_assigned
NCT04658758,OBSERVATIONAL,COMPLETED,,"[""Vein Infusion Phlebitis""]",2025-03-18,False,1,listed_not_verified,not_adjudicated,not_assigned
NCT04659824,OBSERVATIONAL,RECRUITING,,"[""Healthy Aging""]",2025-05-29,False,1,listed_not_verified,not_adjudicated,not_assigned
NCT04669782,INTERVENTIONAL,TERMINATED,NA,"[""Bone Metabolism Disorder"", ""Aging Disorder"", ""Osteoporosis""]",2025-07-29,False,1,listed_not_verified,not_adjudicated,not_assigned
NCT04674267,INTERVENTIONAL,RECRUITING,NA,"[""Gastric Cancer"", ""Colon Cancer"", ""Esophageal Cancer"", ""Rectal Cancer"", ""Pancreatic Cancer"", ""Gastrointestinal Cancer""]",2026-09-10,False,1,listed_not_verified,not_adjudicated,not_assigned
NCT04676282,OBSERVATIONAL,COMPLETED,,"[""Polypharmacy"", ""Aging""]",2022-01-13,False,1,listed_not_verified,not_adjudicated,not_assigned
NCT04678609,INTERVENTIONAL,UNKNOWN,NA,"[""Osteoarthritis, Knee"", ""Aging Problems""]",2021-04-20,False,1,listed_not_verified,not_adjudicated,not_assigned
NCT04678778,INTERVENTIONAL,COMPLETED,NA,"[""Healthy Aging""]",2021-04-29,False,1,listed_not_verified,not_adjudicated,not_assigned
NCT04679441,INTERVENTIONAL,ACTIVE_NOT_RECRUITING,PHASE2,"[""Mild Cognitive Impairment"", ""Healthy Aging""]",2023-05-08,False,2,listed_not_verified,not_adjudicated,not_assigned
NCT04680364,INTERVENTIONAL,COMPLETED,NA,"[""Aging""]",2020-12-24,False,1,listed_not_verified,not_adjudicated,not_assigned
NCT04681794,INTERVENTIONAL,COMPLETED,NA,"[""Healthy Aging""]",2021-12-22,False,1,listed_not_verified,not_adjudicated,not_assigned
NCT04681976,INTERVENTIONAL,COMPLETED,NA,"[""Aging Well""]",2021-09-28,False,1,listed_not_verified,not_adjudicated,not_assigned
NCT04682977,INTERVENTIONAL,COMPLETED,NA,"[""Heart Disease (Coronary Artery Disease, Ischemic Heart Disease, Hypertensive Heart Disease)"", ""Uncontrolled Diabetes (HBA1c ≥ 10)""]",2025-08-19,True,1,listed_not_verified,not_adjudicated,not_assigned
NCT04683380,OBSERVATIONAL,COMPLETED,,"[""Aging"", ""Emergency Room"", ""Risk Factors""]",2022-01-06,False,1,listed_not_verified,not_adjudicated,not_assigned
NCT04683640,INTERVENTIONAL,COMPLETED,PHASE2,"[""Chronic Pain""]",2025-07-18,True,1,listed_not_verified,not_adjudicated,not_assigned
NCT04685096,OBSERVATIONAL,COMPLETED,,"[""Wrinkle"", ""Fatigue"", ""Puffiness Around the Eyes""]",2021-04-23,False,2,listed_not_verified,not_adjudicated,not_assigned
NCT04686838,INTERVENTIONAL,COMPLETED,NA,"[""Dementia"", ""Alzheimer Disease"", ""Relationship, Marital"", ""Caregiver Stress Syndrome""]",2023-01-18,False,1,listed_not_verified,not_adjudicated,not_assigned
NCT04689763,INTERVENTIONAL,UNKNOWN,NA,"[""Aging""]",2021-05-17,False,1,listed_not_verified,not_adjudicated,not_assigned
NCT04690244,INTERVENTIONAL,COMPLETED,NA,"[""Healthy Aging"", ""Motor Learning"", ""Cognitive Function""]",2020-12-30,False,1,listed_not_verified,not_adjudicated,not_assigned
NCT04690465,INTERVENTIONAL,COMPLETED,NA,"[""Age Problem"", ""Healthy Aging"", ""Activity, Motor""]",2022-03-31,False,1,listed_not_verified,not_adjudicated,not_assigned
NCT04691986,INTERVENTIONAL,ACTIVE_NOT_RECRUITING,NA,"[""Sarcopenia"", ""Nicotinamide Adenine Dinucleotide Concentration"", ""Muscle Quality and NAD+ Content""]",2026-07-21,False,1,listed_not_verified,not_adjudicated,not_assigned
NCT04692272,INTERVENTIONAL,COMPLETED,NA,"[""Sleep"", ""Anxiety"", ""Aging"", ""Exercise""]",2020-12-31,False,0,not_listed_not_absent,not_adjudicated,not_assigned
NCT04696887,INTERVENTIONAL,COMPLETED,NA,"[""Aging"", ""Disability Physical""]",2023-10-17,False,1,listed_not_verified,not_adjudicated,not_assigned
NCT04698356,INTERVENTIONAL,COMPLETED,NA,"[""Speech Intelligibility"", ""Aging""]",2023-05-30,False,1,listed_not_verified,not_adjudicated,not_assigned
NCT04704635,OBSERVATIONAL,COMPLETED,,"[""Stroke, Ischemic"", ""Transient Ischemic Attack"", ""Adaptation, Psychological"", ""Mental Health Impairment"", ""Adjustment"", ""Self-Rated Health"", ""Aging"", ""Sense of Coherence""]",2023-11-29,False,1,listed_not_verified,not_adjudicated,not_assigned
NCT04712955,INTERVENTIONAL,UNKNOWN,NA,"[""Aging""]",2021-01-19,False,1,listed_not_verified,not_adjudicated,not_assigned
NCT04720014,INTERVENTIONAL,UNKNOWN,NA,"[""Stress, Psychological"", ""Coping Skills""]",2021-09-09,False,1,listed_not_verified,not_adjudicated,not_assigned
NCT04726072,INTERVENTIONAL,COMPLETED,NA,"[""Neurological Aging""]",2021-01-27,False,1,listed_not_verified,not_adjudicated,not_assigned
NCT04727203,INTERVENTIONAL,UNKNOWN,NA,"[""Health Promotion""]",2022-07-21,False,5,listed_not_verified,not_adjudicated,not_assigned
NCT04731311,INTERVENTIONAL,COMPLETED,NA,"[""Alzheimer Disease"", ""Healthy Aging""]",2022-04-27,False,1,listed_not_verified,not_adjudicated,not_assigned
NCT04732182,INTERVENTIONAL,UNKNOWN,NA,"[""Alzheimer Disease"", ""Healthy Aging""]",2022-05-02,False,2,listed_not_verified,not_adjudicated,not_assigned
NCT04732533,INTERVENTIONAL,ACTIVE_NOT_RECRUITING,NA,"[""Aging"", ""Accidental Falls""]",2026-04-23,False,1,listed_not_verified,not_adjudicated,not_assigned
NCT04733287,INTERVENTIONAL,UNKNOWN,NA,"[""Exercise Intolerance"", ""Aging"", ""Heat Therapy"", ""High Intensity Interval Training""]",2021-02-02,False,1,listed_not_verified,not_adjudicated,not_assigned
NCT04733755,INTERVENTIONAL,COMPLETED,NA,"[""Skin Aging""]",2021-02-02,False,1,listed_not_verified,not_adjudicated,not_assigned
NCT04734951,INTERVENTIONAL,UNKNOWN,NA,"[""Aging Well""]",2023-03-20,False,0,not_listed_not_absent,not_adjudicated,not_assigned
NCT04741893,INTERVENTIONAL,COMPLETED,NA,"[""Faecal Incontinence"", ""Asymptomatic Condition""]",2021-02-05,False,1,listed_not_verified,not_adjudicated,not_assigned
NCT04742777,INTERVENTIONAL,ACTIVE_NOT_RECRUITING,PHASE2,"[""Aging""]",2026-09-23,False,2,listed_not_verified,not_adjudicated,not_assigned
NCT04747756,INTERVENTIONAL,UNKNOWN,NA,"[""Hiv"", ""Depression in Old Age"", ""Isolation, Social"", ""Aging""]",2021-09-29,False,1,listed_not_verified,not_adjudicated,not_assigned
NCT04753450,OBSERVATIONAL,COMPLETED,,"[""Assessment, Self"", ""Muscle Atrophy"", ""Ultrasound Therapy; Complications"", ""Aging""]",2022-11-14,False,1,listed_not_verified,not_adjudicated,not_assigned
NCT04753580,INTERVENTIONAL,COMPLETED,NA,"[""Healthy Volunteers"", ""Frail Volunteers""]",2022-10-06,False,1,listed_not_verified,not_adjudicated,not_assigned
NCT04754646,INTERVENTIONAL,COMPLETED,NA,"[""Wrinkle"", ""Nasolabial Fold"", ""Aging""]",2023-03-09,True,4,listed_not_verified,not_adjudicated,not_assigned
NCT04756232,INTERVENTIONAL,COMPLETED,EARLY_PHASE1,"[""Subjective Cognitive Decline""]",2025-09-05,False,1,listed_not_verified,not_adjudicated,not_assigned
NCT04759157,INTERVENTIONAL,COMPLETED,NA,"[""Obstructive Sleep Apnea""]",2024-12-10,True,1,listed_not_verified,not_adjudicated,not_assigned
NCT04759690,INTERVENTIONAL,COMPLETED,NA,"[""Fall Prevention"", ""Elderly""]",2022-05-02,False,1,listed_not_verified,not_adjudicated,not_assigned
NCT04760795,OBSERVATIONAL,COMPLETED,,"[""Psychiatric Disorder"", ""Aging""]",2023-07-28,False,2,listed_not_verified,not_adjudicated,not_assigned
NCT04762342,INTERVENTIONAL,UNKNOWN,NA,"[""Multiple Sclerosis"", ""Sclerosis"", ""Demyelinating Autoimmune Diseases, CNS"", ""Autoimmune Diseases of the Nervous System"", ""Demyelinating Diseases"", ""Healthy Aging"", ""Aging""]",2023-06-23,False,1,listed_not_verified,not_adjudicated,not_assigned
NCT04763291,INTERVENTIONAL,ACTIVE_NOT_RECRUITING,NA,"[""Aging"", ""Cardiovascular Diseases"", ""Overweight or Obesity""]",2025-07-01,False,2,listed_not_verified,not_adjudicated,not_assigned
NCT04763525,INTERVENTIONAL,COMPLETED,NA,"[""Type 2 Diabetes Mellitus"", ""Telomere Shortening""]",2021-02-21,False,1,listed_not_verified,not_adjudicated,not_assigned
NCT04763811,OBSERVATIONAL,COMPLETED,,"[""Aging""]",2021-02-21,False,1,listed_not_verified,not_adjudicated,not_assigned
NCT04765696,OBSERVATIONAL,ACTIVE_NOT_RECRUITING,,"[""Active Ageing""]",2026-08-31,False,1,listed_not_verified,not_adjudicated,not_assigned
NCT04770350,INTERVENTIONAL,UNKNOWN,EARLY_PHASE1,"[""Frailty"", ""Aging""]",2022-09-28,False,1,listed_not_verified,not_adjudicated,not_assigned
NCT04772040,INTERVENTIONAL,COMPLETED,NA,"[""Aging"", ""Sarcopenia"", ""Muscle Atrophy""]",2023-12-04,False,1,listed_not_verified,not_adjudicated,not_assigned
NCT04773496,OBSERVATIONAL,COMPLETED,,"[""Equilibrium; Disorder, Labyrinth"", ""Aging""]",2021-02-26,False,2,listed_not_verified,not_adjudicated,not_assigned
NCT04774120,OBSERVATIONAL,COMPLETED,,"[""Electroencephalography"", ""Aging"", ""Propofol"", ""Depth of Anesthesia""]",2022-03-16,False,1,listed_not_verified,not_adjudicated,not_assigned
NCT04783103,INTERVENTIONAL,UNKNOWN,NA,"[""Old Age"", ""Depressive Disorder, Treatment-Resistant""]",2022-11-03,False,1,listed_not_verified,not_adjudicated,not_assigned
NCT04785963,INTERVENTIONAL,COMPLETED,NA,"[""Low Back Pain"", ""Chronic Pain"", ""Sleep"", ""Aging""]",2023-08-01,False,1,listed_not_verified,not_adjudicated,not_assigned
NCT04786665,INTERVENTIONAL,COMPLETED,NA,"[""Aging"", ""Healthy Aging""]",2022-05-05,False,1,listed_not_verified,not_adjudicated,not_assigned
NCT04786925,INTERVENTIONAL,COMPLETED,NA,"[""Overweight or Obesity""]",2021-03-08,False,1,listed_not_verified,not_adjudicated,not_assigned
NCT04791397,INTERVENTIONAL,COMPLETED,NA,"[""Vascular Stiffness"", ""Liver Fibroses"", ""Metabolic Syndrome"", ""Trimethylamine N-oxyde"", ""Toll-like Receptors""]",2021-03-10,False,1,listed_not_verified,not_adjudicated,not_assigned
NCT04792554,OBSERVATIONAL,RECRUITING,,"[""Postoperative Delirium"", ""Aging"", ""Myocardial Injury""]",2022-10-06,False,2,listed_not_verified,not_adjudicated,not_assigned
NCT04793555,INTERVENTIONAL,COMPLETED,NA,"[""Neurodegenerative Diseases"", ""Activities of Daily Living"", ""Aging""]",2022-08-11,False,1,listed_not_verified,not_adjudicated,not_assigned
NCT04799171,INTERVENTIONAL,COMPLETED,NA,"[""Physical Activity""]",2025-08-22,False,1,listed_not_verified,not_adjudicated,not_assigned
NCT04800588,INTERVENTIONAL,RECRUITING,NA,"[""Alzheimer Disease"", ""Cognitive Decline"", ""Aging""]",2025-05-22,False,1,listed_not_verified,not_adjudicated,not_assigned
NCT04802044,OBSERVATIONAL,UNKNOWN,,"[""Covid19"", ""Obesity"", ""Diabetes Mellitus"", ""Aging"", ""Cardiometabolic Syndrome"", ""Immune System Disorder""]",2022-04-18,False,2,listed_not_verified,not_adjudicated,not_assigned
NCT04802434,INTERVENTIONAL,COMPLETED,NA,"[""Autism Spectrum Disorder""]",2023-11-22,False,1,listed_not_verified,not_adjudicated,not_assigned
NCT04803799,INTERVENTIONAL,COMPLETED,NA,"[""Ageing""]",2025-08-01,False,2,listed_not_verified,not_adjudicated,not_assigned
NCT04805697,INTERVENTIONAL,COMPLETED,NA,"[""Skin Condition""]",2021-03-22,False,1,listed_not_verified,not_adjudicated,not_assigned
NCT04806841,INTERVENTIONAL,COMPLETED,NA,"[""Aging""]",2025-02-07,False,1,listed_not_verified,not_adjudicated,not_assigned
NCT04809090,INTERVENTIONAL,COMPLETED,NA,"[""Work Related Stress"", ""Psychologic Adaptation""]",2022-07-21,False,1,listed_not_verified,not_adjudicated,not_assigned
NCT04809636,OBSERVATIONAL,UNKNOWN,,"[""Hiv"", ""Aging"", ""Incentives""]",2021-03-22,False,1,listed_not_verified,not_adjudicated,not_assigned
NCT04812392,INTERVENTIONAL,COMPLETED,NA,"[""Aging"", ""Cardiovascular Diseases"", ""Glucose Intolerance""]",2026-03-04,False,1,listed_not_verified,not_adjudicated,not_assigned
NCT04815603,INTERVENTIONAL,WITHDRAWN,PHASE2,"[""Anemia""]",2022-05-05,False,13,listed_not_verified,not_adjudicated,not_assigned
NCT04815824,INTERVENTIONAL,COMPLETED,NA,"[""Osteoporosis"", ""Aging""]",2025-07-20,True,1,listed_not_verified,not_adjudicated,not_assigned
NCT04817124,INTERVENTIONAL,COMPLETED,NA,"[""Aging""]",2024-05-09,False,1,listed_not_verified,not_adjudicated,not_assigned
NCT04821401,INTERVENTIONAL,COMPLETED,NA,"[""Aging Well""]",2022-09-15,False,1,listed_not_verified,not_adjudicated,not_assigned
NCT04823260,INTERVENTIONAL,COMPLETED,NA,"[""Aging""]",2021-10-01,False,2,listed_not_verified,not_adjudicated,not_assigned
NCT04826315,INTERVENTIONAL,WITHDRAWN,NA,"[""Cancer"", ""Cognitive Impairment""]",2022-01-19,False,1,listed_not_verified,not_adjudicated,not_assigned
NCT04828018,OBSERVATIONAL,COMPLETED,,"[""Quality of Life"", ""Aging Well""]",2024-04-03,False,1,listed_not_verified,not_adjudicated,not_assigned
NCT04828421,INTERVENTIONAL,COMPLETED,NA,"[""Healthy""]",2022-06-01,False,3,listed_not_verified,not_adjudicated,not_assigned
NCT04829656,OBSERVATIONAL,COMPLETED,,"[""Dementia With Lewy Bodies""]",2026-01-13,False,5,listed_not_verified,not_adjudicated,not_assigned
NCT04832412,INTERVENTIONAL,COMPLETED,NA,"[""Healthy Aging"", ""Dietary Supplement"", ""Fucoxanthin"", ""Cognitive Impairment"", ""Neuroprotection"", ""Mood"", ""Stress"", ""Sleep""]",2024-12-17,False,1,listed_not_verified,not_adjudicated,not_assigned
NCT04836793,OBSERVATIONAL,UNKNOWN,,"[""Cancer"", ""Elderly"", ""Healthy Aging""]",2021-06-08,False,1,listed_not_verified,not_adjudicated,not_assigned
NCT04839692,INTERVENTIONAL,COMPLETED,PHASE4,"[""Lip Aging"", ""Lip Augmentation"", ""Lip""]",2023-07-28,True,1,listed_not_verified,not_adjudicated,not_assigned
NCT04840095,INTERVENTIONAL,UNKNOWN,PHASE4,"[""Insulin Resistance"", ""Healthy"", ""Diet Modification"", ""Aging""]",2023-01-12,False,2,listed_not_verified,not_adjudicated,not_assigned
NCT04840368,INTERVENTIONAL,UNKNOWN,NA,"[""Aging"", ""Type2 Diabetes""]",2021-04-12,False,1,listed_not_verified,not_adjudicated,not_assigned
NCT04841135,INTERVENTIONAL,UNKNOWN,NA,"[""Alzheimer Disease"", ""Elderly With Normal Cognition""]",2023-04-20,False,1,listed_not_verified,not_adjudicated,not_assigned
NCT04842864,INTERVENTIONAL,WITHDRAWN,NA,"[""Fasting"", ""Autophagy"", ""Aging Well"", ""Ketosis, Metabolic""]",2022-08-26,False,1,listed_not_verified,not_adjudicated,not_assigned
NCT04844216,INTERVENTIONAL,COMPLETED,NA,"[""Aging""]",2022-08-04,False,2,listed_not_verified,not_adjudicated,not_assigned
NCT04846764,INTERVENTIONAL,COMPLETED,NA,"[""Neurological Diseases"", ""Central Nervous System""]",2026-06-17,False,1,listed_not_verified,not_adjudicated,not_assigned
NCT04848038,INTERVENTIONAL,COMPLETED,NA,"[""Healthy Aging""]",2026-06-03,False,1,listed_not_verified,not_adjudicated,not_assigned
NCT04848792,INTERVENTIONAL,COMPLETED,NA,"[""Aging Problems""]",2025-08-28,False,1,listed_not_verified,not_adjudicated,not_assigned
NCT04851028,INTERVENTIONAL,COMPLETED,NA,"[""Healthy Aging"", ""Cognitive Impairment""]",2025-09-03,False,1,listed_not_verified,not_adjudicated,not_assigned
NCT04851288,INTERVENTIONAL,COMPLETED,PHASE2,"[""Aging""]",2026-08-05,False,1,listed_not_verified,not_adjudicated,not_assigned
NCT04851587,INTERVENTIONAL,COMPLETED,NA,"[""Low Back Pain""]",2025-06-06,True,1,listed_not_verified,not_adjudicated,not_assigned
NCT04852224,OBSERVATIONAL,COMPLETED,,"[""Prostate Neoplasm"", ""Prostate Cancer""]",2024-09-19,False,1,listed_not_verified,not_adjudicated,not_assigned
NCT04860050,INTERVENTIONAL,COMPLETED,NA,"[""Cognitive Change"", ""Mood"", ""Stress""]",2024-01-18,False,1,listed_not_verified,not_adjudicated,not_assigned
NCT04861766,INTERVENTIONAL,COMPLETED,NA,"[""Aging"", ""Skin Wrinkling""]",2023-04-19,False,8,listed_not_verified,not_adjudicated,not_assigned
NCT04861831,INTERVENTIONAL,COMPLETED,NA,"[""Healthy Aging"", ""Mobility Limitation"", ""Walking, Difficulty""]",2022-02-01,False,1,listed_not_verified,not_adjudicated,not_assigned
NCT04861857,INTERVENTIONAL,UNKNOWN,NA,"[""Atrophy, Muscular"", ""Aging"", ""Inflammation"", ""Cholesterol Deposition""]",2021-05-05,False,1,listed_not_verified,not_adjudicated,not_assigned
NCT04862312,INTERVENTIONAL,COMPLETED,NA,"[""Malnutrition"", ""Loneliness""]",2022-09-26,False,1,listed_not_verified,not_adjudicated,not_assigned
NCT04862481,OBSERVATIONAL,COMPLETED,,"[""Aging"", ""Rehabilitation"", ""Frailty"", ""Sarcopenia"", ""Fractures, Bone"", ""Musculoskeletal Pain"", ""Musculoskeletal Diseases"", ""Musculoskeletal Injury"", ""Muscle Weakness"", ""Weakness, Muscle""]",2022-03-23,False,1,listed_not_verified,not_adjudicated,not_assigned
NCT04863300,INTERVENTIONAL,COMPLETED,NA,"[""Depressive Symptoms""]",2025-03-26,False,43,listed_not_verified,not_adjudicated,not_assigned
NCT04866264,INTERVENTIONAL,COMPLETED,NA,"[""Diabetes"", ""Hypertension"", ""Frailty"", ""Dementia"", ""Cardiovascular Diseases""]",2024-08-07,False,1,listed_not_verified,not_adjudicated,not_assigned
NCT04866550,OBSERVATIONAL,UNKNOWN,,"[""Chronic Obstructive Pulmonary Disease"", ""Heart Failure""]",2022-05-03,False,1,listed_not_verified,not_adjudicated,not_assigned
NCT04869644,INTERVENTIONAL,COMPLETED,PHASE1,"[""Sedentary Behavior"", ""Aging"", ""Activity, Motor"", ""Behavior, Health""]",2022-11-30,True,1,listed_not_verified,not_adjudicated,not_assigned
NCT04870593,INTERVENTIONAL,COMPLETED,NA,"[""Aging"", ""Covid19""]",2023-03-29,False,1,listed_not_verified,not_adjudicated,not_assigned
NCT04872998,INTERVENTIONAL,COMPLETED,NA,"[""Aging"", ""Vascular Endothelium"", ""Skeletal Muscle""]",2026-01-20,True,1,listed_not_verified,not_adjudicated,not_assigned
NCT04873791,OBSERVATIONAL,COMPLETED,,"[""Aging Problems"", ""Balance; Distorted"", ""Pain"", ""Quality of Life""]",2021-05-05,False,1,listed_not_verified,not_adjudicated,not_assigned
NCT04873843,INTERVENTIONAL,COMPLETED,NA,"[""Aging""]",2022-09-22,False,1,listed_not_verified,not_adjudicated,not_assigned
NCT04875065,INTERVENTIONAL,COMPLETED,NA,"[""Social Isolation"", ""Loneliness"", ""Caregiver Burnout""]",2025-10-27,True,1,listed_not_verified,not_adjudicated,not_assigned
NCT04877782,OBSERVATIONAL,COMPLETED,,"[""Healthy Aging""]",2023-10-23,False,1,listed_not_verified,not_adjudicated,not_assigned
NCT04882527,INTERVENTIONAL,COMPLETED,NA,"[""Healthy Aging""]",2023-12-12,False,1,listed_not_verified,not_adjudicated,not_assigned
NCT04882696,INTERVENTIONAL,TERMINATED,NA,"[""Aging"", ""Acute Care Unit"", ""Fall Injury""]",2025-11-17,False,1,listed_not_verified,not_adjudicated,not_assigned
NCT04884516,INTERVENTIONAL,COMPLETED,NA,"[""Acne, Adult""]",2021-05-13,False,1,listed_not_verified,not_adjudicated,not_assigned
NCT04884711,OBSERVATIONAL,UNKNOWN,,"[""Dignity"", ""Old Age; Debility"", ""Healthy Aging"", ""Digital Technology""]",2021-05-14,False,1,listed_not_verified,not_adjudicated,not_assigned
NCT04887675,INTERVENTIONAL,UNKNOWN,NA,"[""HIV I Infection"", ""HIV Associated Lipodystrophy"", ""Metabolic Syndrome"", ""Aging""]",2021-12-01,False,1,listed_not_verified,not_adjudicated,not_assigned
NCT04889131,INTERVENTIONAL,TERMINATED,NA,"[""Aging Well""]",2021-05-17,False,1,listed_not_verified,not_adjudicated,not_assigned
NCT04892823,OBSERVATIONAL,RECRUITING,,"[""Hematopoietic and Lymphoid Cell Neoplasm""]",2026-08-05,False,1,listed_not_verified,not_adjudicated,not_assigned
NCT04892836,INTERVENTIONAL,COMPLETED,NA,"[""Healthy Aging""]",2021-05-19,False,1,listed_not_verified,not_adjudicated,not_assigned
NCT04894929,INTERVENTIONAL,COMPLETED,NA,"[""Aging"", ""Vestibular Disorder"", ""Physiotherapy"", ""Physical Activity""]",2023-06-13,False,1,listed_not_verified,not_adjudicated,not_assigned
NCT04895670,OBSERVATIONAL,COMPLETED,,"[""Health Behavior""]",2023-08-29,False,1,listed_not_verified,not_adjudicated,not_assigned
NCT04897113,INTERVENTIONAL,UNKNOWN,NA,"[""Hypercholesterolemia"", ""Hyperbilirubinemia"", ""Hyper IgE Syndrome"", ""Hyper Beta Lipoproteinemia"", ""Hyper Eosinophilic Syndrome"", ""Hyper-LDL-cholesterolemia"", ""Gout"", ""Diabetes"", ""Nervous System Diseases"", ""Neuromuscular Diseases"", ""Cardiovascular Diseases"", ""Urologic Diseases""]",2021-05-21,False,2,listed_not_verified,not_adjudicated,not_assigned
NCT04897191,OBSERVATIONAL,UNKNOWN,,"[""Vascular Endothelium"", ""Microvascular Circulation"", ""Arterial Stiffness"", ""Healthy Ageing""]",2021-05-21,False,1,listed_not_verified,not_adjudicated,not_assigned
NCT04899531,OBSERVATIONAL,UNKNOWN,,"[""Aging"", ""Sarcopenia"", ""Cognitive Decline""]",2021-05-25,False,1,listed_not_verified,not_adjudicated,not_assigned
NCT04900272,INTERVENTIONAL,COMPLETED,NA,"[""Aging"", ""Physical Dependence""]",2024-06-20,True,1,listed_not_verified,not_adjudicated,not_assigned
NCT04900701,INTERVENTIONAL,COMPLETED,NA,"[""Muscle Atrophy"", ""Aging"", ""Energy Malnutrition Protein""]",2026-05-08,False,2,listed_not_verified,not_adjudicated,not_assigned
NCT04901182,INTERVENTIONAL,COMPLETED,NA,"[""Dysphagia""]",2021-05-25,False,1,listed_not_verified,not_adjudicated,not_assigned
NCT04901520,INTERVENTIONAL,COMPLETED,NA,"[""Healthy Aging""]",2021-06-01,False,1,listed_not_verified,not_adjudicated,not_assigned
NCT04904068,OBSERVATIONAL,COMPLETED,,"[""Parkinson Disease"", ""Healthy Aging""]",2026-05-06,False,1,listed_not_verified,not_adjudicated,not_assigned
NCT04904991,INTERVENTIONAL,COMPLETED,NA,"[""Cognitive Dysfunction"", ""Cognitive Aging"", ""Grip"", ""Exercise Training"", ""Physical Endurance"", ""Cognitive Decline""]",2021-05-27,False,0,not_listed_not_absent,not_adjudicated,not_assigned
NCT04905849,INTERVENTIONAL,TERMINATED,NA,"[""Aging"", ""Cognitive Change""]",2025-07-03,True,1,listed_not_verified,not_adjudicated,not_assigned
NCT04907110,INTERVENTIONAL,COMPLETED,NA,"[""Overweight and Obesity"", ""Aging"", ""Type 2 Diabetes""]",2023-02-10,False,1,listed_not_verified,not_adjudicated,not_assigned
NCT04908163,INTERVENTIONAL,COMPLETED,NA,"[""Obesity"", ""Healthy Aging"", ""Cognitive Impairment""]",2023-10-03,False,1,listed_not_verified,not_adjudicated,not_assigned
NCT04908358,INTERVENTIONAL,COMPLETED,NA,"[""Aging""]",2026-09-09,False,1,listed_not_verified,not_adjudicated,not_assigned
NCT04910399,INTERVENTIONAL,COMPLETED,NA,"[""Memory Impairment"", ""Age-related Cognitive Decline""]",2024-01-09,False,2,listed_not_verified,not_adjudicated,not_assigned
NCT04911374,INTERVENTIONAL,COMPLETED,NA,"[""Wrinkle"", ""Photoaging"", ""Fine Lines""]",2021-10-06,False,1,listed_not_verified,not_adjudicated,not_assigned
NCT04911491,INTERVENTIONAL,RECRUITING,NA,"[""Chronic Kidney Diseases"", ""Hypertension"", ""Aging"", ""Blood Pressure""]",2025-05-02,False,1,listed_not_verified,not_adjudicated,not_assigned
NCT04911556,INTERVENTIONAL,UNKNOWN,NA,"[""Debility""]",2021-06-03,False,0,not_listed_not_absent,not_adjudicated,not_assigned
NCT04913363,INTERVENTIONAL,COMPLETED,NA,"[""Loneliness"", ""Social Isolation"", ""Mood"", ""Well Aging"", ""Physical Activity"", ""Mobility Limitation""]",2024-10-10,True,1,listed_not_verified,not_adjudicated,not_assigned
NCT04914130,OBSERVATIONAL,UNKNOWN,,"[""HIV Infection""]",2021-06-04,False,1,listed_not_verified,not_adjudicated,not_assigned
NCT04915170,INTERVENTIONAL,COMPLETED,NA,"[""Respiratory Insufficiency""]",2024-02-12,False,1,listed_not_verified,not_adjudicated,not_assigned
NCT04919876,INTERVENTIONAL,UNKNOWN,NA,"[""Mitochondrial Functions""]",2021-07-23,False,1,listed_not_verified,not_adjudicated,not_assigned
NCT04920201,INTERVENTIONAL,COMPLETED,NA,"[""Aging""]",2023-03-01,False,1,listed_not_verified,not_adjudicated,not_assigned
NCT04920305,INTERVENTIONAL,UNKNOWN,NA,"[""Aging""]",2022-05-11,False,1,listed_not_verified,not_adjudicated,not_assigned
NCT04922710,INTERVENTIONAL,TERMINATED,EARLY_PHASE1,"[""Cognitive Aging"", ""Adverse Childhood Experiences""]",2024-06-06,True,2,listed_not_verified,not_adjudicated,not_assigned
NCT04924907,OBSERVATIONAL,COMPLETED,,"[""Arterial Stiffness"", ""Dysbiosis""]",2024-05-31,False,2,listed_not_verified,not_adjudicated,not_assigned
NCT04926987,OBSERVATIONAL,UNKNOWN,,"[""Aging"", ""Epilepsy"", ""Trauma, Brain""]",2021-06-15,False,1,listed_not_verified,not_adjudicated,not_assigned
NCT04932031,OBSERVATIONAL,TERMINATED,,"[""Breast Cancer"", ""Chemotherapy-induced Peripheral Neuropathy"", ""Aging""]",2023-11-03,False,2,listed_not_verified,not_adjudicated,not_assigned
NCT04940884,INTERVENTIONAL,COMPLETED,NA,"[""Aging""]",2022-07-25,False,1,listed_not_verified,not_adjudicated,not_assigned
NCT04945265,OBSERVATIONAL,UNKNOWN,,"[""Infertility, Female"", ""Infertility Unexplained"", ""Infertility of Tubal Origin"", ""Infertility""]",2021-07-07,False,0,not_listed_not_absent,not_adjudicated,not_assigned
NCT04946383,INTERVENTIONAL,UNKNOWN,PHASE2,"[""Aging""]",2021-08-03,False,1,listed_not_verified,not_adjudicated,not_assigned
NCT04950452,INTERVENTIONAL,COMPLETED,NA,"[""Aging"", ""Chronic Lymphocytic Leukemia""]",2021-07-06,False,1,listed_not_verified,not_adjudicated,not_assigned
NCT04951700,OBSERVATIONAL,ACTIVE_NOT_RECRUITING,,"[""Schizophrenia"", ""Aging"", ""Disease Course"", ""Biomarker"", ""Neuroimaging"", ""Cognitive Dysfunction""]",2025-08-21,False,1,listed_not_verified,not_adjudicated,not_assigned
NCT04951843,INTERVENTIONAL,COMPLETED,NA,"[""Sarcopenia""]",2021-07-07,False,1,listed_not_verified,not_adjudicated,not_assigned
NCT04956705,INTERVENTIONAL,COMPLETED,NA,"[""Frailty"", ""Physical Disability"", ""Aging"", ""Muscle Weakness""]",2022-05-18,False,2,listed_not_verified,not_adjudicated,not_assigned
NCT04957381,OBSERVATIONAL,UNKNOWN,,"[""Healthy Aging""]",2021-07-12,False,1,listed_not_verified,not_adjudicated,not_assigned
NCT04962061,INTERVENTIONAL,COMPLETED,NA,"[""Aging"", ""Cardiovascular Risk Factor""]",2026-08-27,False,1,listed_not_verified,not_adjudicated,not_assigned
NCT04962464,INTERVENTIONAL,UNKNOWN,PHASE2,"[""Aging""]",2021-08-03,False,1,listed_not_verified,not_adjudicated,not_assigned
NCT04964999,INTERVENTIONAL,UNKNOWN,NA,"[""Aging""]",2021-09-05,False,1,listed_not_verified,not_adjudicated,not_assigned
NCT04965948,INTERVENTIONAL,COMPLETED,NA,"[""Inflammation"", ""Malnutrition"", ""Hyperglycemia"", ""Dyslipidemias""]",2021-07-16,False,1,listed_not_verified,not_adjudicated,not_assigned
NCT04969705,INTERVENTIONAL,COMPLETED,NA,"[""Pain Management in Adult Females in Child Bearing Period Aging From 20 to 45 Years Who Are Scheduled for Elective Cesarean Section""]",2022-07-01,False,1,listed_not_verified,not_adjudicated,not_assigned
NCT04970888,INTERVENTIONAL,RECRUITING,NA,"[""Chronic Heart Failure"", ""Aging""]",2025-12-02,False,1,listed_not_verified,not_adjudicated,not_assigned
NCT04971954,INTERVENTIONAL,RECRUITING,NA,"[""Auditory Perceptual Impairment"", ""Aging""]",2026-08-10,False,1,listed_not_verified,not_adjudicated,not_assigned
NCT04973124,INTERVENTIONAL,COMPLETED,NA,"[""Anesthesia"", ""Dexmedetomidine"", ""Aging""]",2025-05-31,False,1,listed_not_verified,not_adjudicated,not_assigned
NCT04976010,OBSERVATIONAL,COMPLETED,,"[""Chronic Kidney Diseases"", ""Cardiovascular Diseases"", ""Microbial Colonization"", ""Aging""]",2022-02-08,False,1,listed_not_verified,not_adjudicated,not_assigned
NCT04981366,INTERVENTIONAL,COMPLETED,NA,"[""Sarcopenic Obesity"", ""Aging""]",2026-09-02,True,1,listed_not_verified,not_adjudicated,not_assigned
NCT04981652,INTERVENTIONAL,COMPLETED,NA,"[""Dairy Products"", ""Muscle Protein Synthesis"", ""Aging"", ""Physical Activity""]",2022-04-06,False,1,listed_not_verified,not_adjudicated,not_assigned
NCT04982497,INTERVENTIONAL,COMPLETED,NA,"[""Aging"", ""Aging Problems""]",2025-09-19,False,1,listed_not_verified,not_adjudicated,not_assigned
NCT04985630,INTERVENTIONAL,RECRUITING,NA,"[""Healthy Aging"", ""Healthy"", ""Healthy Diet""]",2025-09-08,False,1,listed_not_verified,not_adjudicated,not_assigned
NCT04985877,INTERVENTIONAL,COMPLETED,NA,"[""Sarcopenia"", ""Inflammation"", ""Aging""]",2026-02-17,True,3,listed_not_verified,not_adjudicated,not_assigned
NCT04986787,INTERVENTIONAL,UNKNOWN,NA,"[""Mild Cognitive Impairment"", ""Healthy Aging""]",2023-05-25,False,1,listed_not_verified,not_adjudicated,not_assigned
NCT04993573,OBSERVATIONAL,COMPLETED,,"[""Aging""]",2021-08-06,False,1,listed_not_verified,not_adjudicated,not_assigned
NCT04994561,INTERVENTIONAL,WITHDRAWN,PHASE1,"[""Aging""]",2022-06-07,False,0,not_listed_not_absent,not_adjudicated,not_assigned
NCT04997577,INTERVENTIONAL,RECRUITING,NA,"[""Speech Intelligibility"", ""Aging""]",2025-04-08,False,2,listed_not_verified,not_adjudicated,not_assigned
NCT04999748,OBSERVATIONAL,COMPLETED,,"[""Dermatology""]",2023-11-14,False,1,listed_not_verified,not_adjudicated,not_assigned
NCT05000099,OBSERVATIONAL,COMPLETED,,"[""Anxiety"", ""Depression"", ""Aging"", ""Social Isolation""]",2021-09-09,False,1,listed_not_verified,not_adjudicated,not_assigned
NCT05000515,INTERVENTIONAL,RECRUITING,NA,"[""Aging"", ""Blood Pressure"", ""Endothelial Dysfunction"", ""Hypertension""]",2026-01-14,False,1,listed_not_verified,not_adjudicated,not_assigned
NCT05001646,INTERVENTIONAL,UNKNOWN,PHASE2,"[""Aging"", ""Aging Well""]",2022-03-14,False,0,not_listed_not_absent,not_adjudicated,not_assigned
NCT05004220,OBSERVATIONAL,COMPLETED,,"[""Aging"", ""Plasmapheresis""]",2023-09-06,False,1,listed_not_verified,not_adjudicated,not_assigned
NCT05004558,INTERVENTIONAL,UNKNOWN,NA,"[""Dementia"", ""Alzheimer Disease"", ""Dementia, Vascular"", ""Lewy Body Disease"", ""Frontotemporal Dementia"", ""Mild Cognitive Impairment"", ""Aging"", ""Hypertension"", ""Obesity, Abdominal"", ""Obesity"", ""Body Weight"", ""Blood Pressure"", ""Blood Glucose, High"", ""Blood Glucose, Low"", ""Dyslipidemias"", ""Quality of Life"", ""Cognitive Impairment""]",2021-08-13,False,0,not_listed_not_absent,not_adjudicated,not_assigned
NCT05004909,INTERVENTIONAL,UNKNOWN,NA,"[""Photoaging""]",2021-08-13,False,1,listed_not_verified,not_adjudicated,not_assigned
NCT05005208,INTERVENTIONAL,UNKNOWN,NA,"[""Parkinson Disease"", ""Aging""]",2023-10-23,False,2,listed_not_verified,not_adjudicated,not_assigned
NCT05006261,INTERVENTIONAL,COMPLETED,NA,"[""Healthy Aging""]",2024-12-10,True,1,listed_not_verified,not_adjudicated,not_assigned
NCT05008159,INTERVENTIONAL,UNKNOWN,NA,"[""Mobility Limitation"", ""Health Related Quality of Life"", ""Healthy Aging"", ""Health Inequity""]",2024-05-03,False,2,listed_not_verified,not_adjudicated,not_assigned
NCT05008770,OBSERVATIONAL,UNKNOWN,,"[""Sarcopenia""]",2024-06-28,False,1,listed_not_verified,not_adjudicated,not_assigned
NCT05009641,INTERVENTIONAL,COMPLETED,NA,"[""Muscle Loss""]",2021-08-17,False,0,not_listed_not_absent,not_adjudicated,not_assigned
NCT05009654,INTERVENTIONAL,COMPLETED,NA,"[""Muscle Loss""]",2021-08-17,False,0,not_listed_not_absent,not_adjudicated,not_assigned
NCT05014893,INTERVENTIONAL,RECRUITING,NA,"[""Mild Cognitive Impairment (MCI)"", ""Subjective Cognitive Decline (SCD)"", ""Aging"", ""Healthy""]",2025-05-22,False,1,listed_not_verified,not_adjudicated,not_assigned
NCT05015777,INTERVENTIONAL,COMPLETED,NA,"[""Aging Problems"", ""Coordination Impairment""]",2021-08-20,False,1,listed_not_verified,not_adjudicated,not_assigned
NCT05016141,INTERVENTIONAL,COMPLETED,NA,"[""Aging""]",2024-10-01,False,1,listed_not_verified,not_adjudicated,not_assigned
NCT05016856,INTERVENTIONAL,COMPLETED,NA,"[""Adherence, Treatment""]",2025-02-24,False,1,listed_not_verified,not_adjudicated,not_assigned
NCT05017129,INTERVENTIONAL,COMPLETED,NA,"[""Aging""]",2026-07-31,True,2,listed_not_verified,not_adjudicated,not_assigned
NCT05018117,INTERVENTIONAL,COMPLETED,EARLY_PHASE1,"[""Aging""]",2026-07-24,False,1,listed_not_verified,not_adjudicated,not_assigned
NCT05018767,INTERVENTIONAL,RECRUITING,PHASE1,"[""Frailty""]",2025-04-04,False,3,listed_not_verified,not_adjudicated,not_assigned
NCT05021211,OBSERVATIONAL,COMPLETED,,"[""Alzheimer Disease""]",2024-08-14,False,1,listed_not_verified,not_adjudicated,not_assigned
NCT05021913,INTERVENTIONAL,COMPLETED,NA,"[""Aging, Premature""]",2023-07-05,False,1,listed_not_verified,not_adjudicated,not_assigned
NCT05021926,INTERVENTIONAL,COMPLETED,NA,"[""Aging Problems""]",2023-07-05,False,1,listed_not_verified,not_adjudicated,not_assigned
NCT05022966,OBSERVATIONAL,UNKNOWN,,"[""Healthy Aging""]",2021-09-16,False,1,listed_not_verified,not_adjudicated,not_assigned
NCT05023187,INTERVENTIONAL,COMPLETED,NA,"[""Aging"", ""Cognitive Decline""]",2026-07-13,False,1,listed_not_verified,not_adjudicated,not_assigned
NCT05024903,INTERVENTIONAL,TERMINATED,PHASE2|PHASE3,"[""Aging Well"", ""Decision Making"", ""Illness, Critical""]",2023-05-10,False,1,listed_not_verified,not_adjudicated,not_assigned
NCT05024916,INTERVENTIONAL,COMPLETED,NA,"[""Brain Aging""]",2025-05-21,False,1,listed_not_verified,not_adjudicated,not_assigned
NCT05027789,INTERVENTIONAL,ACTIVE_NOT_RECRUITING,NA,"[""Memory Disorders"", ""Cognitive Impairment""]",2025-10-08,False,1,listed_not_verified,not_adjudicated,not_assigned
NCT05028309,INTERVENTIONAL,RECRUITING,NA,"[""Obesity"", ""Aging""]",2026-09-02,False,1,listed_not_verified,not_adjudicated,not_assigned
NCT05029986,INTERVENTIONAL,COMPLETED,NA,"[""Dyspnea""]",2022-06-29,False,1,listed_not_verified,not_adjudicated,not_assigned
NCT05030051,INTERVENTIONAL,COMPLETED,NA,"[""Skin Aging""]",2023-12-18,False,1,listed_not_verified,not_adjudicated,not_assigned
NCT05030389,INTERVENTIONAL,UNKNOWN,NA,"[""Healthy Aging""]",2021-09-01,False,1,listed_not_verified,not_adjudicated,not_assigned
NCT05031247,INTERVENTIONAL,UNKNOWN,NA,"[""Social Isolation""]",2022-09-02,False,0,not_listed_not_absent,not_adjudicated,not_assigned
NCT05031273,INTERVENTIONAL,COMPLETED,NA,"[""Healthy Aging""]",2023-11-29,False,1,listed_not_verified,not_adjudicated,not_assigned
NCT05035004,INTERVENTIONAL,COMPLETED,NA,"[""Healthy Aging""]",2022-03-17,False,1,listed_not_verified,not_adjudicated,not_assigned
NCT05036304,INTERVENTIONAL,COMPLETED,NA,"[""Mild Cognitive Impairment"", ""Aging""]",2024-01-29,False,1,listed_not_verified,not_adjudicated,not_assigned
NCT05037591,INTERVENTIONAL,COMPLETED,EARLY_PHASE1,"[""Obesity"", ""Aging"", ""Diabetes""]",2021-09-16,False,1,listed_not_verified,not_adjudicated,not_assigned
NCT05039476,INTERVENTIONAL,COMPLETED,NA,"[""Wrinkle"", ""Aging""]",2023-02-08,False,1,listed_not_verified,not_adjudicated,not_assigned
NCT05041088,INTERVENTIONAL,UNKNOWN,PHASE1,"[""Aging Related Cognitive Decline""]",2022-07-22,False,0,not_listed_not_absent,not_adjudicated,not_assigned
NCT05042167,INTERVENTIONAL,COMPLETED,NA,"[""Aging"", ""Inflammatory Response""]",2023-01-13,False,1,listed_not_verified,not_adjudicated,not_assigned
NCT05044299,INTERVENTIONAL,WITHDRAWN,NA,"[""Sedentary Behavior"", ""Aging""]",2023-08-24,False,0,not_listed_not_absent,not_adjudicated,not_assigned
NCT05046275,OBSERVATIONAL,UNKNOWN,,"[""Motoric Cognitive Risk Syndrome"", ""Aging Disorder""]",2024-02-23,False,1,listed_not_verified,not_adjudicated,not_assigned
NCT05046288,INTERVENTIONAL,COMPLETED,NA,"[""Social Isolation"", ""Well Aging"", ""Quality of Life"", ""Healthy Aging""]",2023-02-08,False,1,listed_not_verified,not_adjudicated,not_assigned
NCT05048680,INTERVENTIONAL,RECRUITING,NA,"[""Hypoxia"", ""Cerebral Hypoxia"", ""Brain Diseases"", ""Exercise"", ""Aging"", ""Cognitive Decline"", ""Healthy Aging""]",2026-05-08,False,1,listed_not_verified,not_adjudicated,not_assigned
NCT05051501,INTERVENTIONAL,COMPLETED,PHASE2,"[""Memory Deficits"", ""Mood Change"", ""Gut Health"", ""Aging Problems"", ""Aging"", ""Cognitive Decline""]",2023-06-01,False,2,listed_not_verified,not_adjudicated,not_assigned
NCT05053282,OBSERVATIONAL,UNKNOWN,,"[""Aging""]",2021-09-22,False,1,listed_not_verified,not_adjudicated,not_assigned
NCT05057546,INTERVENTIONAL,ACTIVE_NOT_RECRUITING,PHASE4,"[""Menopause"", ""Estrogen Deficiency"", ""Women"", ""Aging""]",2025-03-27,False,1,listed_not_verified,not_adjudicated,not_assigned
NCT05058950,OBSERVATIONAL,TERMINATED,,"[""Mild Cognitive Impairment"", ""Normal Aging""]",2023-09-21,False,1,listed_not_verified,not_adjudicated,not_assigned
NCT05060380,INTERVENTIONAL,WITHDRAWN,NA,"[""Osteopenia"", ""Osteoporosis"", ""Postmenopausal Osteoporosis"", ""Sarcopenia""]",2026-07-01,False,0,not_listed_not_absent,not_adjudicated,not_assigned
NCT05062018,OBSERVATIONAL,UNKNOWN,,"[""Healthy Aging""]",2022-12-06,False,1,listed_not_verified,not_adjudicated,not_assigned
NCT05062512,OBSERVATIONAL,TERMINATED,,"[""Neuro-Degenerative Disease"", ""Dementia""]",2024-04-02,False,1,listed_not_verified,not_adjudicated,not_assigned
NCT05062590,INTERVENTIONAL,UNKNOWN,NA,"[""Social Isolation"", ""Aging""]",2024-02-23,False,1,listed_not_verified,not_adjudicated,not_assigned
NCT05062707,OBSERVATIONAL,RECRUITING,,"[""Cancer"", ""Leukemia"", ""Hodgkin Lymphoma"", ""Testicular Cancer"", ""Osteosarcoma"", ""Ewing Sarcoma"", ""Breast Cancer"", ""Cervical Cancer""]",2025-05-13,False,1,listed_not_verified,not_adjudicated,not_assigned
NCT05063929,INTERVENTIONAL,COMPLETED,NA,"[""Cardiometabolic Health"", ""Healthy Aging"", ""Cognition""]",2025-01-08,False,1,listed_not_verified,not_adjudicated,not_assigned
NCT05066750,INTERVENTIONAL,COMPLETED,NA,"[""Healthy Aging""]",2024-04-12,True,1,listed_not_verified,not_adjudicated,not_assigned
NCT05068271,INTERVENTIONAL,UNKNOWN,NA,"[""Exercise Training"", ""Executive Function"", ""Aging""]",2023-11-27,False,2,listed_not_verified,not_adjudicated,not_assigned
NCT05070429,INTERVENTIONAL,COMPLETED,NA,"[""Hearing Loss"", ""Aging""]",2026-06-11,True,4,listed_not_verified,not_adjudicated,not_assigned
NCT05070923,INTERVENTIONAL,COMPLETED,NA,"[""Aging Well""]",2024-09-19,False,1,listed_not_verified,not_adjudicated,not_assigned
NCT05071326,INTERVENTIONAL,COMPLETED,NA,"[""Aging Well""]",2024-10-15,False,1,listed_not_verified,not_adjudicated,not_assigned
NCT05074303,INTERVENTIONAL,COMPLETED,PHASE2,"[""Healthy Aging""]",2025-11-06,True,1,listed_not_verified,not_adjudicated,not_assigned
NCT05076045,INTERVENTIONAL,COMPLETED,NA,"[""Hearing Loss, Age-Related""]",2024-12-05,True,1,listed_not_verified,not_adjudicated,not_assigned
NCT05076331,OBSERVATIONAL,UNKNOWN,,"[""Alzheimer Disease""]",2021-10-13,False,1,listed_not_verified,not_adjudicated,not_assigned
NCT05083546,INTERVENTIONAL,WITHDRAWN,PHASE1|PHASE2,"[""Obesity"", ""Aging""]",2025-08-29,False,1,listed_not_verified,not_adjudicated,not_assigned
NCT05084105,OBSERVATIONAL,COMPLETED,,"[""Cannabis Use""]",2022-05-24,False,1,listed_not_verified,not_adjudicated,not_assigned
NCT05085535,INTERVENTIONAL,WITHDRAWN,NA,"[""Pain"", ""Disability Physical"", ""Aging Disorder""]",2025-06-29,False,0,not_listed_not_absent,not_adjudicated,not_assigned
NCT05085730,INTERVENTIONAL,COMPLETED,NA,"[""Aging""]",2023-10-31,True,1,listed_not_verified,not_adjudicated,not_assigned
NCT05087732,INTERVENTIONAL,COMPLETED,NA,"[""Aging""]",2022-12-02,False,1,listed_not_verified,not_adjudicated,not_assigned
NCT05089851,INTERVENTIONAL,COMPLETED,NA,"[""Wrinkles"", ""Photoaging"", ""Fine Lines""]",2021-10-28,False,3,listed_not_verified,not_adjudicated,not_assigned
NCT05091879,INTERVENTIONAL,COMPLETED,NA,"[""Polypharmacy"", ""Pharmacogenomic Testing""]",2026-06-15,False,1,listed_not_verified,not_adjudicated,not_assigned
NCT05092204,OBSERVATIONAL,COMPLETED,,"[""Dermatoporosis""]",2022-09-27,False,1,listed_not_verified,not_adjudicated,not_assigned
NCT05096650,INTERVENTIONAL,UNKNOWN,NA,"[""Platelet-Rich Plasma"", ""Aging""]",2021-10-27,False,1,listed_not_verified,not_adjudicated,not_assigned
NCT05098912,INTERVENTIONAL,COMPLETED,NA,"[""Aging Problems"", ""Wrinkle""]",2022-02-09,False,1,listed_not_verified,not_adjudicated,not_assigned
NCT05099042,INTERVENTIONAL,COMPLETED,NA,"[""Social Isolation"", ""Aging""]",2024-04-10,False,1,listed_not_verified,not_adjudicated,not_assigned
NCT05101174,INTERVENTIONAL,UNKNOWN,NA,"[""Exercise Training"", ""Neurocognitive Function"", ""Aging""]",2023-11-27,False,2,listed_not_verified,not_adjudicated,not_assigned
NCT05102604,INTERVENTIONAL,COMPLETED,NA,"[""Skin Inflammation""]",2021-11-01,False,1,listed_not_verified,not_adjudicated,not_assigned
NCT05102890,INTERVENTIONAL,COMPLETED,NA,"[""Aging""]",2022-11-14,False,1,listed_not_verified,not_adjudicated,not_assigned
NCT05107817,INTERVENTIONAL,NOT_YET_RECRUITING,NA,"[""Aging"", ""Aged"", ""Accidental Falls"", ""Postural Balance"", ""Exercise"", ""Exercise Therapy""]",2025-04-08,False,0,not_listed_not_absent,not_adjudicated,not_assigned
NCT05107973,INTERVENTIONAL,UNKNOWN,NA,"[""Disability, Intellectual""]",2021-12-03,False,1,listed_not_verified,not_adjudicated,not_assigned
NCT05110313,INTERVENTIONAL,COMPLETED,PHASE4,"[""Psoriasis"", ""Aging"", ""Epigenetic Disorder"", ""Inflammation; Skin""]",2024-07-18,False,1,listed_not_verified,not_adjudicated,not_assigned
NCT05116553,INTERVENTIONAL,COMPLETED,NA,"[""Motivation"", ""Self Efficacy""]",2022-01-21,False,1,listed_not_verified,not_adjudicated,not_assigned
NCT05117463,OBSERVATIONAL,UNKNOWN,,"[""Aging"", ""Postural Balance""]",2024-08-27,False,1,listed_not_verified,not_adjudicated,not_assigned
NCT05120713,OBSERVATIONAL,COMPLETED,,"[""Aging""]",2024-09-19,True,1,listed_not_verified,not_adjudicated,not_assigned
NCT05120765,INTERVENTIONAL,WITHDRAWN,NA,"[""Social Isolation"", ""Loneliness"", ""Depression"", ""Anxiety""]",2022-08-26,False,1,listed_not_verified,not_adjudicated,not_assigned
NCT05120791,INTERVENTIONAL,UNKNOWN,NA,"[""Aging"", ""Well Aging""]",2022-07-06,False,1,listed_not_verified,not_adjudicated,not_assigned
NCT05121272,INTERVENTIONAL,COMPLETED,NA,"[""Fatigue""]",2026-05-01,False,1,listed_not_verified,not_adjudicated,not_assigned
NCT05123859,OBSERVATIONAL,COMPLETED,,"[""Healthy Aging""]",2022-08-17,False,1,listed_not_verified,not_adjudicated,not_assigned
NCT05128396,INTERVENTIONAL,ACTIVE_NOT_RECRUITING,NA,"[""Cognitive Health"", ""Healthy Aging""]",2025-11-24,False,1,listed_not_verified,not_adjudicated,not_assigned
NCT05130203,INTERVENTIONAL,UNKNOWN,NA,"[""Physical Inactivity"", ""Cognitive Decline"", ""Aging"", ""Social Isolation""]",2024-06-13,False,2,listed_not_verified,not_adjudicated,not_assigned
NCT05131217,INTERVENTIONAL,COMPLETED,NA,"[""Aging Well""]",2023-11-29,False,1,listed_not_verified,not_adjudicated,not_assigned
NCT05132452,OBSERVATIONAL,COMPLETED,,"[""Healthy Aging"", ""Gender"", ""Swallowing Disorder""]",2021-11-24,False,0,not_listed_not_absent,not_adjudicated,not_assigned
NCT05135234,INTERVENTIONAL,UNKNOWN,NA,"[""Sedentary Lifestyle"", ""Hyperinsulinemia"", ""Glucose Tolerance Impaired"", ""Low-density-lipoprotein-type"", ""Aging Problems"", ""Lipid Metabolism Disorders"", ""Inactivity, Physical"", ""Metabolic Disorder, Glucose""]",2023-05-19,False,1,listed_not_verified,not_adjudicated,not_assigned
NCT05135819,INTERVENTIONAL,COMPLETED,NA,"[""Intergenerational Relations"", ""Aging Well""]",2023-09-13,False,1,listed_not_verified,not_adjudicated,not_assigned
NCT05138263,OBSERVATIONAL,ACTIVE_NOT_RECRUITING,,"[""Alzheimer Disease"", ""Mild Cognitive Impairment""]",2026-05-27,False,2,listed_not_verified,not_adjudicated,not_assigned
NCT05141578,INTERVENTIONAL,COMPLETED,NA,"[""Risk Behavior"", ""Cognitive Decline""]",2022-11-02,False,1,listed_not_verified,not_adjudicated,not_assigned
NCT05144516,INTERVENTIONAL,RECRUITING,NA,"[""Cancer"", ""Cognitive Impairment""]",2026-02-10,False,1,listed_not_verified,not_adjudicated,not_assigned
NCT05145985,OBSERVATIONAL,COMPLETED,,"[""Aging"", ""Physical Fitness""]",2021-12-22,False,1,listed_not_verified,not_adjudicated,not_assigned
NCT05148351,OBSERVATIONAL,COMPLETED,,"[""Sarcopenia"", ""Frailty Syndrome"", ""Aging"", ""Aged"", ""Diagnosis""]",2022-10-24,False,1,listed_not_verified,not_adjudicated,not_assigned
NCT05149716,INTERVENTIONAL,COMPLETED,NA,"[""Oxidative Stress""]",2021-12-08,False,1,listed_not_verified,not_adjudicated,not_assigned
NCT05150483,OBSERVATIONAL,RECRUITING,,"[""Acute Hypoxemic Respiratory Failure"", ""Acute Respiratory Distress Syndrome""]",2026-09-15,False,1,listed_not_verified,not_adjudicated,not_assigned
NCT05151575,INTERVENTIONAL,UNKNOWN,NA,"[""Physical Activity""]",2021-12-09,False,0,not_listed_not_absent,not_adjudicated,not_assigned
NCT05152407,INTERVENTIONAL,UNKNOWN,NA,"[""Actinic Keratosis"", ""Actinic Lentigo""]",2021-12-30,False,0,not_listed_not_absent,not_adjudicated,not_assigned
NCT05155397,OBSERVATIONAL,ACTIVE_NOT_RECRUITING,,"[""Age-related Cognitive Decline""]",2026-10-02,False,1,listed_not_verified,not_adjudicated,not_assigned
NCT05160103,INTERVENTIONAL,UNKNOWN,NA,"[""Aging Problems"", ""Pigmentation""]",2021-12-16,False,0,not_listed_not_absent,not_adjudicated,not_assigned
NCT05167877,OBSERVATIONAL,COMPLETED,,"[""Low Back Pain"", ""Chronic Pain""]",2026-06-04,False,1,listed_not_verified,not_adjudicated,not_assigned
NCT05169476,OBSERVATIONAL,COMPLETED,,"[""Fall"", ""Fall Injury"", ""Aging"", ""Aged"", ""Medication""]",2022-01-12,False,5,listed_not_verified,not_adjudicated,not_assigned
NCT05171036,INTERVENTIONAL,UNKNOWN,NA,"[""Fall"", ""Aging"", ""Gait, Unsteady"", ""Motor Activity""]",2021-12-28,False,0,not_listed_not_absent,not_adjudicated,not_assigned
NCT05174923,OBSERVATIONAL,COMPLETED,,"[""Obesity"", ""Aging""]",2022-01-03,False,2,listed_not_verified,not_adjudicated,not_assigned
NCT05176054,INTERVENTIONAL,COMPLETED,NA,"[""Trauma"", ""Aging""]",2026-05-22,False,1,listed_not_verified,not_adjudicated,not_assigned
NCT05178381,INTERVENTIONAL,COMPLETED,NA,"[""Healthy Aging""]",2025-05-20,False,1,listed_not_verified,not_adjudicated,not_assigned
NCT05182632,INTERVENTIONAL,ACTIVE_NOT_RECRUITING,NA,"[""Urinary Incontinence"", ""Urinary Stress Incontinence""]",2025-04-23,False,1,listed_not_verified,not_adjudicated,not_assigned
NCT05182918,OBSERVATIONAL,COMPLETED,,"[""Substance Use Disorders"", ""Opioid Use Disorder"", ""Tobacco Use"", ""Health, Subjective"", ""Mental Health Impairment""]",2023-06-08,False,1,listed_not_verified,not_adjudicated,not_assigned
NCT05186090,INTERVENTIONAL,COMPLETED,NA,"[""Healthy"", ""Cognitive Function 1, Social""]",2026-09-24,False,1,listed_not_verified,not_adjudicated,not_assigned
NCT05187910,INTERVENTIONAL,COMPLETED,NA,"[""Cognitive Impairment"", ""Voice Disorders"", ""Voicebox Disorders"", ""Cognitive Decline"", ""Swallowing Disorder""]",2023-09-26,False,4,listed_not_verified,not_adjudicated,not_assigned
NCT05188404,OBSERVATIONAL,COMPLETED,,"[""Cannabis Use""]",2025-06-18,False,1,listed_not_verified,not_adjudicated,not_assigned
NCT05190432,INTERVENTIONAL,ACTIVE_NOT_RECRUITING,NA,"[""Antioxidative Stress"", ""Cold"", ""Influenza"", ""Aging"", ""Inflammation""]",2026-05-13,False,1,listed_not_verified,not_adjudicated,not_assigned
NCT05191056,INTERVENTIONAL,COMPLETED,NA,"[""Aging"", ""Antioxidative Stress""]",2022-03-31,False,1,listed_not_verified,not_adjudicated,not_assigned
NCT05194917,INTERVENTIONAL,COMPLETED,NA,"[""Smoking Cessation""]",2025-03-07,True,1,listed_not_verified,not_adjudicated,not_assigned
NCT05195697,OBSERVATIONAL,RECRUITING,,"[""Risk Factors"", ""Complication of Surgical Procedure"", ""Complication of Treatment"", ""Complication of Anesthesia"", ""Long Term Effects After Emergency Surgery"", ""Long Term Effects After GI Bleeding""]",2026-06-17,False,1,listed_not_verified,not_adjudicated,not_assigned
NCT05199831,OBSERVATIONAL,COMPLETED,,"[""HIV Infections""]",2023-02-08,False,2,listed_not_verified,not_adjudicated,not_assigned
NCT05202522,INTERVENTIONAL,COMPLETED,NA,"[""Aging""]",2025-08-27,False,1,listed_not_verified,not_adjudicated,not_assigned
NCT05202652,INTERVENTIONAL,COMPLETED,NA,"[""Aging"", ""Well Aging"", ""Oxidative Stress""]",2022-01-21,False,1,listed_not_verified,not_adjudicated,not_assigned
NCT05203406,OBSERVATIONAL,ACTIVE_NOT_RECRUITING,,"[""Cardiac Ageing"", ""Physical Activity"", ""Older Adults"", ""Sarcopenia""]",2025-06-05,False,1,listed_not_verified,not_adjudicated,not_assigned
NCT05203848,INTERVENTIONAL,COMPLETED,NA,"[""Healthy Aging""]",2024-10-30,False,1,listed_not_verified,not_adjudicated,not_assigned
NCT05204459,OBSERVATIONAL,RECRUITING,,"[""Multiple Sclerosis"", ""Multiple Sclerosis, Relapsing-Remitting"", ""Multiple Sclerosis, Primary Progressive"", ""Multiple Sclerosis, Secondary Progressive"", ""Clinically Isolated Syndrome"", ""Radiologically Isolated Syndrome"", ""Neuromyelitis Optica Spectrum Disorders"", ""Myelin Oligodendrocyte Glycoprotein Antibody-associated Disease"", ""Neurologic Autoimmune Disease"", ""Neurologic Disorder"", ""Healthy Aging""]",2024-02-06,False,1,listed_not_verified,not_adjudicated,not_assigned
NCT05207397,OBSERVATIONAL,COMPLETED,,"[""Healthy Aging"", ""Alzheimer Disease""]",2025-05-14,False,1,listed_not_verified,not_adjudicated,not_assigned
NCT05207501,INTERVENTIONAL,COMPLETED,NA,"[""Healthy Aging""]",2023-04-27,False,1,listed_not_verified,not_adjudicated,not_assigned
NCT05209464,INTERVENTIONAL,COMPLETED,NA,"[""Aging"", ""Fall""]",2024-08-28,True,1,listed_not_verified,not_adjudicated,not_assigned
NCT05211726,INTERVENTIONAL,COMPLETED,NA,"[""Aging"", ""Healthy Diet""]",2025-06-12,True,1,listed_not_verified,not_adjudicated,not_assigned
NCT05211973,OBSERVATIONAL,COMPLETED,,"[""Healthy"", ""Frailty""]",2022-09-28,False,1,listed_not_verified,not_adjudicated,not_assigned
NCT05213091,INTERVENTIONAL,COMPLETED,NA,"[""Healthy Aging""]",2022-09-14,False,1,listed_not_verified,not_adjudicated,not_assigned
NCT05216315,INTERVENTIONAL,COMPLETED,NA,"[""Aging"", ""Mild Cognitive Impairment"", ""Alzheimer Disease""]",2024-12-19,True,1,listed_not_verified,not_adjudicated,not_assigned
NCT05216809,INTERVENTIONAL,UNKNOWN,NA,"[""Sedentary Behavior"", ""Aging"", ""Sarcopenia"", ""Amino Acids"", ""Dietary Protein""]",2023-11-09,False,1,listed_not_verified,not_adjudicated,not_assigned
NCT05218213,OBSERVATIONAL,COMPLETED,,"[""Parkinson Disease"", ""Gait Disorders, Neurologic"", ""Aging""]",2024-10-24,False,1,listed_not_verified,not_adjudicated,not_assigned
NCT05220202,INTERVENTIONAL,COMPLETED,NA,"[""Chronic Back Pain"", ""Depression"", ""Aging"", ""Musculoskeletal Pain""]",2026-09-08,False,2,listed_not_verified,not_adjudicated,not_assigned
NCT05220670,INTERVENTIONAL,COMPLETED,NA,"[""Sarcopenia""]",2022-04-27,False,1,listed_not_verified,not_adjudicated,not_assigned
NCT05225818,INTERVENTIONAL,WITHDRAWN,NA,"[""Dementia""]",2022-07-01,False,1,listed_not_verified,not_adjudicated,not_assigned
NCT05231681,INTERVENTIONAL,COMPLETED,NA,"[""Wrinkle""]",2022-05-06,False,1,listed_not_verified,not_adjudicated,not_assigned
NCT05231798,INTERVENTIONAL,RECRUITING,PHASE2,"[""Down Syndrome"", ""Down Syndrome, Partial Trisomy 21"", ""Alzheimer Disease""]",2026-06-22,False,1,listed_not_verified,not_adjudicated,not_assigned
NCT05232968,INTERVENTIONAL,UNKNOWN,NA,"[""Aging"", ""Exercise""]",2022-02-10,False,1,listed_not_verified,not_adjudicated,not_assigned
NCT05233813,INTERVENTIONAL,COMPLETED,NA,"[""Well Aging""]",2022-02-10,False,1,listed_not_verified,not_adjudicated,not_assigned
NCT05234203,INTERVENTIONAL,COMPLETED,NA,"[""Immunity Disorders"", ""Aging"", ""Inflammation""]",2022-12-06,False,1,listed_not_verified,not_adjudicated,not_assigned
NCT05235958,INTERVENTIONAL,COMPLETED,NA,"[""Endothelial Function"", ""Aerobic Exercise"", ""Middle-aged Adults Sedentary, Elevated CV-risk)""]",2023-12-04,False,1,listed_not_verified,not_adjudicated,not_assigned
NCT05237687,INTERVENTIONAL,RECRUITING,PHASE2,"[""Aging""]",2026-06-25,False,1,listed_not_verified,not_adjudicated,not_assigned
NCT05240885,OBSERVATIONAL,RECRUITING,,"[""Aging""]",2026-10-05,False,1,listed_not_verified,not_adjudicated,not_assigned
NCT05243108,INTERVENTIONAL,COMPLETED,NA,"[""Aging""]",2025-01-29,False,1,listed_not_verified,not_adjudicated,not_assigned
NCT05246722,OBSERVATIONAL,UNKNOWN,,"[""Elderly Patients"", ""Coronary Heart Disease"", ""Drug Therapy"", ""Clinical Outcomes""]",2022-02-18,False,0,not_listed_not_absent,not_adjudicated,not_assigned
NCT05246813,OBSERVATIONAL,RECRUITING,,"[""Osteoporosis"", ""Osteoarthritis, Hip"", ""Hip Fractures"", ""Clonal Hematopoiesis of Indeterminate Potential"", ""Aging""]",2026-03-25,False,1,listed_not_verified,not_adjudicated,not_assigned
NCT05247242,INTERVENTIONAL,COMPLETED,NA,"[""Disability Physical"", ""Chronic Conditions, Multiple"", ""Aging""]",2025-01-20,False,1,listed_not_verified,not_adjudicated,not_assigned
NCT05249062,INTERVENTIONAL,COMPLETED,NA,"[""Heart Failure"", ""Diabetes"", ""Diabetes Mellitus""]",2023-07-28,False,1,listed_not_verified,not_adjudicated,not_assigned
NCT05249764,INTERVENTIONAL,COMPLETED,NA,"[""Physical Inactivity"", ""Aging"", ""COVID-19 Pandemic""]",2022-04-05,False,1,listed_not_verified,not_adjudicated,not_assigned
NCT05249868,OBSERVATIONAL,COMPLETED,,"[""Aging"", ""SARS-CoV-2 Infection"", ""Caregivers"", ""Frailty"", ""Burden, Caregiver""]",2025-09-03,False,2,listed_not_verified,not_adjudicated,not_assigned
NCT05253703,INTERVENTIONAL,COMPLETED,NA,"[""Healthy""]",2022-08-18,False,1,listed_not_verified,not_adjudicated,not_assigned
NCT05256251,OBSERVATIONAL,RECRUITING,,"[""Aging""]",2026-09-29,False,1,listed_not_verified,not_adjudicated,not_assigned
NCT05262036,INTERVENTIONAL,UNKNOWN,NA,"[""Photoaging""]",2023-10-23,False,1,listed_not_verified,not_adjudicated,not_assigned
NCT05263310,INTERVENTIONAL,COMPLETED,NA,"[""Type 2 Diabetes Mellitus With Hypoglycemia"", ""Aging"", ""Patient Activation""]",2026-06-05,False,1,listed_not_verified,not_adjudicated,not_assigned
NCT05263596,INTERVENTIONAL,UNKNOWN,NA,"[""Sarcopenia"", ""Muscle Weakness"", ""Frailty""]",2024-07-18,False,1,listed_not_verified,not_adjudicated,not_assigned
NCT05266976,INTERVENTIONAL,RECRUITING,NA,"[""Aging"", ""Musculoskeletal Diseases"", ""Osteoporosis""]",2026-05-22,False,1,listed_not_verified,not_adjudicated,not_assigned
NCT05268991,OBSERVATIONAL,COMPLETED,,"[""Effects of Chemotherapy"", ""Aging"", ""Frailty""]",2025-08-01,False,1,listed_not_verified,not_adjudicated,not_assigned
NCT05271136,INTERVENTIONAL,COMPLETED,NA,"[""Fine Lines"", ""Wrinkle"", ""Photoaging""]",2022-03-08,False,1,listed_not_verified,not_adjudicated,not_assigned
NCT05274009,INTERVENTIONAL,UNKNOWN,NA,"[""Hyperthermia"", ""Heat; Weather"", ""Aging"", ""Type2 Diabetes"", ""Hypertension"", ""Heat Stress""]",2022-10-21,False,1,listed_not_verified,not_adjudicated,not_assigned
NCT05275140,INTERVENTIONAL,COMPLETED,NA,"[""Healthy People Programs""]",2024-03-08,False,1,listed_not_verified,not_adjudicated,not_assigned
NCT05283486,INTERVENTIONAL,COMPLETED,PHASE2,"[""Sarcopenia"", ""Frailty"", ""Aging""]",2023-10-30,False,3,listed_not_verified,not_adjudicated,not_assigned
NCT05284292,INTERVENTIONAL,COMPLETED,NA,"[""Aging Problems"", ""Caregiver""]",2023-10-23,False,3,listed_not_verified,not_adjudicated,not_assigned
NCT05284604,INTERVENTIONAL,WITHDRAWN,PHASE1|PHASE2,"[""Frailty""]",2023-02-06,False,1,listed_not_verified,not_adjudicated,not_assigned
NCT05287230,INTERVENTIONAL,COMPLETED,NA,"[""Trauma"", ""Hiv"", ""Aging""]",2025-07-31,True,1,listed_not_verified,not_adjudicated,not_assigned
NCT05287529,INTERVENTIONAL,COMPLETED,NA,"[""Aging Well""]",2022-11-09,False,1,listed_not_verified,not_adjudicated,not_assigned
NCT05288842,OBSERVATIONAL,RECRUITING,,"[""Alzheimer Disease"", ""Frontotemporal Dementia""]",2026-05-18,False,1,listed_not_verified,not_adjudicated,not_assigned
NCT05290571,INTERVENTIONAL,COMPLETED,NA,"[""Healthy Aging"", ""Fall""]",2022-03-22,False,1,listed_not_verified,not_adjudicated,not_assigned
NCT05291676,INTERVENTIONAL,RECRUITING,PHASE2,"[""Influenza""]",2025-06-12,False,1,listed_not_verified,not_adjudicated,not_assigned
NCT05293730,INTERVENTIONAL,COMPLETED,NA,"[""Aging""]",2024-07-03,False,1,listed_not_verified,not_adjudicated,not_assigned
NCT05294029,OBSERVATIONAL,RECRUITING,,"[""Disability or Chronic Disease Leading to Disablement""]",2022-12-23,False,1,listed_not_verified,not_adjudicated,not_assigned
NCT05294068,OBSERVATIONAL,RECRUITING,,"[""Disability or Chronic Disease Leading to Disablement""]",2023-04-19,False,1,listed_not_verified,not_adjudicated,not_assigned
NCT05294835,INTERVENTIONAL,UNKNOWN,PHASE2,"[""Depression"", ""Post Traumatic Stress Disorder""]",2022-09-08,False,1,listed_not_verified,not_adjudicated,not_assigned
NCT05295511,INTERVENTIONAL,COMPLETED,NA,"[""Healthy Aging""]",2022-04-06,False,1,listed_not_verified,not_adjudicated,not_assigned
NCT05296239,INTERVENTIONAL,COMPLETED,NA,"[""Engagement, Patient"", ""Mood"", ""Quality of Life"", ""Aging"", ""Mild Cognitive Impairment"", ""Cognitive Impairment"", ""Dementia""]",2026-03-05,True,2,listed_not_verified,not_adjudicated,not_assigned
NCT05296395,INTERVENTIONAL,ACTIVE_NOT_RECRUITING,NA,"[""Vascular Aging""]",2026-05-01,False,1,listed_not_verified,not_adjudicated,not_assigned
NCT05296551,INTERVENTIONAL,TERMINATED,NA,"[""Healthy Aging""]",2024-05-10,False,1,listed_not_verified,not_adjudicated,not_assigned
NCT05296980,INTERVENTIONAL,RECRUITING,NA,"[""Healthy Aging"", ""Risk Reduction"", ""Old Age; Dementia""]",2024-05-08,False,1,listed_not_verified,not_adjudicated,not_assigned
NCT05296993,INTERVENTIONAL,UNKNOWN,PHASE2,"[""Aging""]",2022-05-11,False,1,listed_not_verified,not_adjudicated,not_assigned
NCT05297019,INTERVENTIONAL,UNKNOWN,PHASE2|PHASE3,"[""Aging""]",2023-04-12,False,1,listed_not_verified,not_adjudicated,not_assigned
NCT05297032,INTERVENTIONAL,TERMINATED,NA,"[""Quercetin"", ""Lipid Metabolism"", ""Aging""]",2023-01-10,False,1,listed_not_verified,not_adjudicated,not_assigned
NCT05297058,OBSERVATIONAL,COMPLETED,,"[""Aging""]",2024-10-28,False,1,listed_not_verified,not_adjudicated,not_assigned
NCT05297097,INTERVENTIONAL,UNKNOWN,PHASE2,"[""Aging""]",2022-09-08,False,1,listed_not_verified,not_adjudicated,not_assigned
NCT05297461,INTERVENTIONAL,COMPLETED,NA,"[""Aging""]",2023-10-31,False,1,listed_not_verified,not_adjudicated,not_assigned
NCT05300971,INTERVENTIONAL,RECRUITING,NA,"[""Aging""]",2025-04-29,False,1,listed_not_verified,not_adjudicated,not_assigned
NCT05300984,INTERVENTIONAL,COMPLETED,NA,"[""Skin Aging""]",2023-04-06,False,1,listed_not_verified,not_adjudicated,not_assigned
NCT05301179,INTERVENTIONAL,ACTIVE_NOT_RECRUITING,NA,"[""Aging""]",2024-10-02,False,1,listed_not_verified,not_adjudicated,not_assigned
NCT05301192,INTERVENTIONAL,TERMINATED,EARLY_PHASE1,"[""Aging""]",2026-09-24,False,1,listed_not_verified,not_adjudicated,not_assigned
NCT05302492,INTERVENTIONAL,COMPLETED,NA,"[""Aging"", ""Sleep Disturbance""]",2024-02-07,False,1,listed_not_verified,not_adjudicated,not_assigned
NCT05302596,INTERVENTIONAL,COMPLETED,PHASE2,"[""Obesity"", ""Aging""]",2025-04-17,True,1,listed_not_verified,not_adjudicated,not_assigned
NCT05304975,INTERVENTIONAL,COMPLETED,NA,"[""Diabetes Mellitus, Type 2""]",2024-02-21,False,1,listed_not_verified,not_adjudicated,not_assigned
NCT05306834,INTERVENTIONAL,RECRUITING,NA,"[""Cerebral Small Vessel Diseases"", ""Stroke"", ""Dementia""]",2024-01-26,False,2,listed_not_verified,not_adjudicated,not_assigned
NCT05307627,OBSERVATIONAL,WITHDRAWN,,"[""Aging""]",2024-08-06,False,1,listed_not_verified,not_adjudicated,not_assigned
NCT05307666,INTERVENTIONAL,ENROLLING_BY_INVITATION,PHASE4,"[""Aging"", ""Adverse Drug Interaction"", ""Frailty""]",2026-01-09,False,1,listed_not_verified,not_adjudicated,not_assigned
NCT05308082,INTERVENTIONAL,COMPLETED,NA,"[""Depression in Old Age""]",2023-05-09,False,1,listed_not_verified,not_adjudicated,not_assigned
NCT05309161,INTERVENTIONAL,COMPLETED,NA,"[""Aging""]",2022-08-03,False,1,listed_not_verified,not_adjudicated,not_assigned
NCT05309278,INTERVENTIONAL,COMPLETED,NA,"[""Aging"", ""Functional Status""]",2025-08-08,False,1,listed_not_verified,not_adjudicated,not_assigned
NCT05309577,INTERVENTIONAL,COMPLETED,NA,"[""Aging"", ""Mental Disorder"", ""Eating, Healthy"", ""Physical Inactivity"", ""Prodromal Symptoms"", ""Sleep"", ""Alzheimer Disease"", ""Dementia"", ""Circadian Rhythm Disorders""]",2026-01-23,True,1,listed_not_verified,not_adjudicated,not_assigned
NCT05310123,INTERVENTIONAL,UNKNOWN,PHASE2,"[""Aging""]",2022-04-11,False,1,listed_not_verified,not_adjudicated,not_assigned
NCT05312983,INTERVENTIONAL,RECRUITING,NA,"[""Presbyacusis""]",2025-03-03,False,2,listed_not_verified,not_adjudicated,not_assigned
NCT05313490,INTERVENTIONAL,UNKNOWN,NA,"[""Aging""]",2022-08-24,False,1,listed_not_verified,not_adjudicated,not_assigned
NCT05314088,INTERVENTIONAL,COMPLETED,NA,"[""Resilience"", ""HIV-1-infection"", ""Stress, Psychological""]",2026-09-04,True,1,listed_not_verified,not_adjudicated,not_assigned
NCT05315895,OBSERVATIONAL,RECRUITING,,"[""Chronic Disease"", ""Cancer"", ""Dementia Alzheimers"", ""Metabolic Disease"", ""Aging"", ""Alzheimer Disease, Early Onset""]",2022-11-15,False,1,listed_not_verified,not_adjudicated,not_assigned
NCT05315986,INTERVENTIONAL,UNKNOWN,NA,"[""Insomnia"", ""Sleep Disturbance""]",2022-04-07,False,0,not_listed_not_absent,not_adjudicated,not_assigned
NCT05318989,OBSERVATIONAL,COMPLETED,,"[""Genitourinary Agents""]",2023-07-12,False,1,listed_not_verified,not_adjudicated,not_assigned
NCT05320471,OBSERVATIONAL,UNKNOWN,,"[""Healthy Aging""]",2022-10-06,False,1,listed_not_verified,not_adjudicated,not_assigned
NCT05322343,OBSERVATIONAL,RECRUITING,,"[""Brain"", ""Aging"", ""Cognitive Aging"", ""Immunosenescence"", ""Mental Processes"", ""Mental Disorders"", ""Neurocognitive Disorders"", ""Cognition"", ""Brain Diseases"", ""Dementia"", ""Alzheimer Disease"", ""Mental Health"", ""Behavioral Symptoms"", ""Depression"", ""Anxiety""]",2025-08-11,False,1,listed_not_verified,not_adjudicated,not_assigned
NCT05330780,INTERVENTIONAL,COMPLETED,NA,"[""Breathing"", ""Aging""]",2023-12-01,False,1,listed_not_verified,not_adjudicated,not_assigned
NCT05334407,INTERVENTIONAL,UNKNOWN,NA,"[""Edentulous Jaw"", ""Periodontitis""]",2023-11-22,False,1,listed_not_verified,not_adjudicated,not_assigned
NCT05335239,INTERVENTIONAL,COMPLETED,NA,"[""Dental Caries of Root Surface"", ""Aging""]",2025-12-03,False,1,listed_not_verified,not_adjudicated,not_assigned
NCT05341232,INTERVENTIONAL,COMPLETED,NA,"[""Cognitive Inferential Ability""]",2026-02-05,False,2,listed_not_verified,not_adjudicated,not_assigned
NCT05344001,OBSERVATIONAL,RECRUITING,,"[""Aging"", ""Athletic Injuries"", ""Physical Inactivity"", ""Knee Injuries and Disorders""]",2026-02-25,False,1,listed_not_verified,not_adjudicated,not_assigned
NCT05347862,INTERVENTIONAL,UNKNOWN,NA,"[""Type 2 Diabetes""]",2022-12-02,False,1,listed_not_verified,not_adjudicated,not_assigned
NCT05349799,INTERVENTIONAL,UNKNOWN,NA,"[""Skin Aging"", ""Fine Lines of the Face and Neck""]",2022-05-04,False,4,listed_not_verified,not_adjudicated,not_assigned
NCT05350046,INTERVENTIONAL,COMPLETED,NA,"[""Hearing Loss"", ""Well Aging""]",2023-12-04,False,1,listed_not_verified,not_adjudicated,not_assigned
NCT05350436,INTERVENTIONAL,UNKNOWN,NA,"[""Healthy Aging"", ""Balance; Distorted"", ""Singing""]",2022-09-19,False,1,listed_not_verified,not_adjudicated,not_assigned
NCT05352737,OBSERVATIONAL,COMPLETED,,"[""Breast Cancer""]",2022-07-22,False,1,listed_not_verified,not_adjudicated,not_assigned
NCT05353803,INTERVENTIONAL,COMPLETED,NA,"[""Heart Failure""]",2024-02-08,False,1,listed_not_verified,not_adjudicated,not_assigned
NCT05354310,INTERVENTIONAL,UNKNOWN,NA,"[""Aging""]",2022-04-29,False,3,listed_not_verified,not_adjudicated,not_assigned
NCT05355454,INTERVENTIONAL,COMPLETED,NA,"[""Volume Deficiency in the Mid-Face"", ""Aging"", ""Aesthetics""]",2025-09-10,False,1,listed_not_verified,not_adjudicated,not_assigned
NCT05358145,INTERVENTIONAL,COMPLETED,NA,"[""Cognitive Training""]",2026-09-21,False,2,listed_not_verified,not_adjudicated,not_assigned
NCT05359289,INTERVENTIONAL,UNKNOWN,NA,"[""Forest Therapy for Cognition""]",2022-05-03,False,2,listed_not_verified,not_adjudicated,not_assigned
NCT05361343,INTERVENTIONAL,RECRUITING,NA,"[""Healthy Aging"", ""Healthy Lifestyle"", ""Healthy Diet""]",2024-11-07,False,1,listed_not_verified,not_adjudicated,not_assigned
NCT05362214,OBSERVATIONAL,COMPLETED,,"[""Healthy Aging""]",2022-05-05,False,1,listed_not_verified,not_adjudicated,not_assigned
NCT05363228,INTERVENTIONAL,UNKNOWN,NA,"[""Memory Deficits"", ""Aging"", ""Cognitive Impairment"", ""Physical Activity"", ""Mood Change""]",2022-05-05,False,2,listed_not_verified,not_adjudicated,not_assigned
NCT05363527,INTERVENTIONAL,COMPLETED,PHASE1,"[""Anhedonia"", ""Inflammation"", ""Anxiety"", ""Aging"", ""Depression""]",2025-12-11,False,1,listed_not_verified,not_adjudicated,not_assigned
NCT05365607,INTERVENTIONAL,COMPLETED,NA,"[""Posttraumatic Stress Disorder"", ""Cardiovascular Diseases"", ""Autonomic Dysfunction"", ""Vascular Stiffness"", ""Nightmare"", ""Endothelial Dysfunction""]",2024-10-08,False,2,listed_not_verified,not_adjudicated,not_assigned
NCT05368480,INTERVENTIONAL,UNKNOWN,NA,"[""Aging"", ""Disabilities Multiple""]",2022-06-01,False,1,listed_not_verified,not_adjudicated,not_assigned
NCT05368896,OBSERVATIONAL,UNKNOWN,,"[""Aging"", ""Immunology"", ""Postoperative Complications"", ""Surgery""]",2023-02-28,False,1,listed_not_verified,not_adjudicated,not_assigned
NCT05370833,INTERVENTIONAL,UNKNOWN,NA,"[""Chronic Pain"", ""Aging""]",2023-07-12,False,2,listed_not_verified,not_adjudicated,not_assigned
NCT05372159,OBSERVATIONAL,ACTIVE_NOT_RECRUITING,,"[""Alzheimer Disease"", ""Aging"", ""Aged, 80 and Over"", ""Biomarkers"", ""Brain"", ""Case-Control Studies"", ""Cognitive Dysfunction"", ""Neuropsychological Tests""]",2026-08-14,False,1,listed_not_verified,not_adjudicated,not_assigned
NCT05372172,OBSERVATIONAL,RECRUITING,,"[""Aging"", ""Alzheimer Disease"", ""Biomarker"", ""Cognitive Dysfunction"", ""Mild Cognitive Impairment"", ""Dementia"", ""Cognition""]",2026-02-05,False,1,listed_not_verified,not_adjudicated,not_assigned
NCT05375552,INTERVENTIONAL,SUSPENDED,NA,"[""Sleep"", ""Aging"", ""Healthy Aging""]",2024-03-22,False,1,listed_not_verified,not_adjudicated,not_assigned
NCT05376501,INTERVENTIONAL,COMPLETED,NA,"[""Healthy""]",2022-12-01,False,1,listed_not_verified,not_adjudicated,not_assigned
NCT05377411,INTERVENTIONAL,COMPLETED,NA,"[""Aging""]",2025-06-26,True,1,listed_not_verified,not_adjudicated,not_assigned
NCT05380115,INTERVENTIONAL,WITHDRAWN,NA,"[""Generalized Anxiety Disorder""]",2024-05-08,False,0,not_listed_not_absent,not_adjudicated,not_assigned
NCT05380180,INTERVENTIONAL,COMPLETED,NA,"[""Aging"", ""Mild Cognitive Impairment"", ""Aging Well""]",2026-05-19,True,2,listed_not_verified,not_adjudicated,not_assigned
NCT05380284,INTERVENTIONAL,COMPLETED,NA,"[""MCI"", ""Subjective Cognitive Decline"", ""Healthy Aging""]",2023-06-01,False,1,listed_not_verified,not_adjudicated,not_assigned
NCT05381480,INTERVENTIONAL,TERMINATED,NA,"[""Healthy Aging""]",2025-02-14,False,1,listed_not_verified,not_adjudicated,not_assigned
NCT05383443,INTERVENTIONAL,UNKNOWN,NA,"[""Cognitive Dysfunction"", ""Cognition Disorder"", ""Memory Disorders"", ""Cognitive Impairment"", ""Neurocognitive Disorders""]",2022-05-20,False,1,listed_not_verified,not_adjudicated,not_assigned
NCT05384522,OBSERVATIONAL,UNKNOWN,,"[""Parkinson Disease""]",2024-03-05,False,0,not_listed_not_absent,not_adjudicated,not_assigned
NCT05385588,INTERVENTIONAL,COMPLETED,NA,"[""HIV Infections""]",2025-01-30,False,11,listed_not_verified,not_adjudicated,not_assigned
NCT05385874,OBSERVATIONAL,COMPLETED,,"[""Cognitive Impairment"", ""Predictive Model"", ""Aging"", ""Cohort""]",2024-04-04,False,1,listed_not_verified,not_adjudicated,not_assigned
NCT05388604,INTERVENTIONAL,COMPLETED,NA,"[""Wrinkle"", ""Photoaging"", ""Dyschromia""]",2023-10-18,False,3,listed_not_verified,not_adjudicated,not_assigned
NCT05390008,INTERVENTIONAL,COMPLETED,NA,"[""Stress Urinary Incontinence"", ""Pelvic Floor Disorders"", ""Aging""]",2022-05-25,False,1,listed_not_verified,not_adjudicated,not_assigned
NCT05390177,INTERVENTIONAL,WITHDRAWN,NA,"[""Healthy Aging""]",2024-01-03,False,1,listed_not_verified,not_adjudicated,not_assigned
NCT05392582,OBSERVATIONAL,RECRUITING,,"[""Chronic Inflammation""]",2025-12-05,False,1,listed_not_verified,not_adjudicated,not_assigned
NCT05393388,OBSERVATIONAL,ACTIVE_NOT_RECRUITING,,"[""Cognitive Decline"", ""Alzheimer Disease""]",2025-11-26,False,1,listed_not_verified,not_adjudicated,not_assigned
NCT05394363,OBSERVATIONAL,RECRUITING,,"[""Mental Health"", ""Child Wellbeing"", ""Infant Health"", ""Child Health"", ""Reproductive Health"", ""Healthy Aging"", ""Health Equity"", ""Quality of Life"", ""Social Determinants of Health"", ""Environmental Exposure"", ""Genetics"", ""Cognition"", ""Learning"", ""Child Development"", ""Congenital Abnormalities"", ""Disability"", ""Injuries"", ""Communicable Diseases"", ""Noncommunicable Diseases"", ""Physical Fitness"", ""Diet"", ""Obesity"", ""Allergy and Immunology"", ""Inflammation"", ""Intergenerational Relations""]",2026-09-17,False,1,listed_not_verified,not_adjudicated,not_assigned
NCT05394389,INTERVENTIONAL,UNKNOWN,NA,"[""Loneliness"", ""Aging""]",2022-05-27,False,1,listed_not_verified,not_adjudicated,not_assigned
NCT05396248,INTERVENTIONAL,RECRUITING,NA,"[""Mild Cognitive Impairment""]",2026-07-22,False,2,listed_not_verified,not_adjudicated,not_assigned
NCT05398354,INTERVENTIONAL,COMPLETED,NA,"[""Training"", ""Sensorimotor Disorder""]",2023-12-01,False,1,listed_not_verified,not_adjudicated,not_assigned
NCT05399966,INTERVENTIONAL,COMPLETED,NA,"[""Aging""]",2024-06-06,False,1,listed_not_verified,not_adjudicated,not_assigned
NCT05400512,INTERVENTIONAL,COMPLETED,NA,"[""Aging"", ""Depression"", ""Cognitive Symptom""]",2026-10-02,True,1,listed_not_verified,not_adjudicated,not_assigned
NCT05403814,OBSERVATIONAL,UNKNOWN,,"[""Aging"", ""Cognitive Change""]",2022-06-03,False,1,listed_not_verified,not_adjudicated,not_assigned
NCT05404698,INTERVENTIONAL,COMPLETED,NA,"[""Multimorbidity - End-stage Kidney Disease""]",2022-11-03,False,2,listed_not_verified,not_adjudicated,not_assigned
NCT05408338,INTERVENTIONAL,COMPLETED,NA,"[""Healthy Diet"", ""Healthy Aging""]",2023-05-10,False,1,listed_not_verified,not_adjudicated,not_assigned
NCT05409404,INTERVENTIONAL,COMPLETED,NA,"[""Physical Inactivity"", ""Aging""]",2023-10-24,False,1,listed_not_verified,not_adjudicated,not_assigned
NCT05413590,INTERVENTIONAL,TERMINATED,NA,"[""Aging"", ""Fatigue""]",2024-09-19,False,1,listed_not_verified,not_adjudicated,not_assigned
NCT05418270,OBSERVATIONAL,COMPLETED,,"[""Anorexia"", ""Personality"", ""Aging"", ""Chronic Disease""]",2022-08-16,False,1,listed_not_verified,not_adjudicated,not_assigned
NCT05418998,INTERVENTIONAL,COMPLETED,NA,"[""Aging"", ""Age Related Hearing Loss""]",2025-03-14,False,1,listed_not_verified,not_adjudicated,not_assigned
NCT05419609,INTERVENTIONAL,UNKNOWN,NA,"[""Skin Aging"", ""Facial Asymmetry"", ""Aging Problems""]",2022-07-19,False,1,listed_not_verified,not_adjudicated,not_assigned
NCT05420142,INTERVENTIONAL,COMPLETED,PHASE2,"[""Aging"", ""Undernutrition"", ""Appetite Loss"", ""Age-Related Sarcopenia""]",2022-09-26,False,2,listed_not_verified,not_adjudicated,not_assigned
NCT05422885,INTERVENTIONAL,COMPLETED,PHASE1|PHASE2,"[""Aging""]",2025-03-17,True,1,listed_not_verified,not_adjudicated,not_assigned
NCT05423873,INTERVENTIONAL,COMPLETED,NA,"[""Hyperpigmentation"", ""Photodamaged Skin"", ""Wrinkle"", ""Fine Lines""]",2022-06-21,False,3,listed_not_verified,not_adjudicated,not_assigned
NCT05424042,INTERVENTIONAL,COMPLETED,NA,"[""Aging""]",2025-10-27,True,1,listed_not_verified,not_adjudicated,not_assigned
NCT05424055,INTERVENTIONAL,COMPLETED,NA,"[""Cancer"", ""Hospital Acquired Condition"", ""Debility"", ""Aging""]",2025-01-13,False,1,listed_not_verified,not_adjudicated,not_assigned
NCT05424263,INTERVENTIONAL,COMPLETED,PHASE2,"[""Aging"", ""Vascular Stiffness"", ""Vascular Dilation""]",2026-08-31,False,1,listed_not_verified,not_adjudicated,not_assigned
NCT05425069,OBSERVATIONAL,UNKNOWN,,"[""Aging Problems""]",2022-06-21,False,1,listed_not_verified,not_adjudicated,not_assigned
NCT05431049,OBSERVATIONAL,COMPLETED,,"[""Kidney Stone"", ""Anesthesia""]",2022-06-24,False,1,listed_not_verified,not_adjudicated,not_assigned
NCT05432726,OBSERVATIONAL,UNKNOWN,,"[""Solid Tumors ,Adults""]",2022-07-19,False,0,not_listed_not_absent,not_adjudicated,not_assigned
NCT05433233,INTERVENTIONAL,COMPLETED,NA,"[""Hypertension"", ""Aging""]",2022-06-30,False,1,listed_not_verified,not_adjudicated,not_assigned
NCT05434741,INTERVENTIONAL,COMPLETED,NA,"[""Aging"", ""HIV""]",2025-12-08,False,1,listed_not_verified,not_adjudicated,not_assigned
NCT05434806,INTERVENTIONAL,COMPLETED,NA,"[""Healthy Aging""]",2024-05-22,False,1,listed_not_verified,not_adjudicated,not_assigned
NCT05436327,INTERVENTIONAL,ACTIVE_NOT_RECRUITING,NA,"[""Cancer"", ""Aging"", ""Communication""]",2026-10-07,False,1,listed_not_verified,not_adjudicated,not_assigned
NCT05436392,INTERVENTIONAL,COMPLETED,NA,"[""Surgery"", ""Aging""]",2024-01-18,False,1,listed_not_verified,not_adjudicated,not_assigned
NCT05437952,INTERVENTIONAL,UNKNOWN,NA,"[""Sarcopenic Obesity""]",2022-06-29,False,0,not_listed_not_absent,not_adjudicated,not_assigned
NCT05438134,INTERVENTIONAL,COMPLETED,NA,"[""Quality of Life"", ""Stress, Psychological""]",2023-11-07,False,1,listed_not_verified,not_adjudicated,not_assigned
NCT05440734,INTERVENTIONAL,TERMINATED,NA,"[""Insomnia""]",2025-02-05,False,1,listed_not_verified,not_adjudicated,not_assigned
NCT05443711,OBSERVATIONAL,UNKNOWN,,"[""Obesity"", ""Sarcopenic Obesity"", ""Aging""]",2024-02-29,False,1,listed_not_verified,not_adjudicated,not_assigned
NCT05444114,INTERVENTIONAL,COMPLETED,NA,"[""Healthy Aging""]",2024-08-22,True,1,listed_not_verified,not_adjudicated,not_assigned
NCT05444244,INTERVENTIONAL,COMPLETED,NA,"[""Dementia"", ""Cognitive Dysfunction"", ""Alzheimer Disease"", ""Lewy Body Disease"", ""Frontotemporal Dementia""]",2025-05-15,True,1,listed_not_verified,not_adjudicated,not_assigned
NCT05455229,OBSERVATIONAL,COMPLETED,,"[""Cognitive Aging""]",2025-02-13,False,1,listed_not_verified,not_adjudicated,not_assigned
NCT05456594,INTERVENTIONAL,COMPLETED,NA,"[""Breast Pain"", ""Mastalgia"", ""Back Pain"", ""Back Strain"", ""Back Pain, Low"", ""Neck Pain"", ""Chest Pain"", ""Activity, Motor"", ""Aging Well"", ""Weight, Body"", ""Body Image""]",2023-11-30,False,1,listed_not_verified,not_adjudicated,not_assigned
NCT05456971,INTERVENTIONAL,COMPLETED,NA,"[""Aging""]",2022-07-13,False,0,not_listed_not_absent,not_adjudicated,not_assigned
NCT05457127,INTERVENTIONAL,NOT_YET_RECRUITING,NA,"[""Schizoaffective Disorder"", ""Schizophrenia"", ""Bipolar Disorder"", ""Obstructive Sleep Apnea of Adult""]",2024-07-10,False,1,listed_not_verified,not_adjudicated,not_assigned
NCT05457491,INTERVENTIONAL,TERMINATED,PHASE1,"[""Skin Aging""]",2024-10-04,True,1,listed_not_verified,not_adjudicated,not_assigned
NCT05457725,INTERVENTIONAL,RECRUITING,NA,"[""Aging"", ""Cognitive Change"", ""Neurocognitive Disorders, Mild""]",2026-09-23,False,1,listed_not_verified,not_adjudicated,not_assigned
NCT05458323,INTERVENTIONAL,RECRUITING,NA,"[""Refractive Errors""]",2026-03-06,False,1,listed_not_verified,not_adjudicated,not_assigned
NCT05460468,INTERVENTIONAL,RECRUITING,NA,"[""Mild Cognitive Impairment"", ""MCI""]",2026-08-11,False,1,listed_not_verified,not_adjudicated,not_assigned
NCT05462626,INTERVENTIONAL,COMPLETED,NA,"[""Lifestyle, Healthy"", ""Quality of Life"", ""Aging""]",2024-10-10,False,1,listed_not_verified,not_adjudicated,not_assigned
NCT05462977,INTERVENTIONAL,COMPLETED,NA,"[""Exercise"", ""Gait"", ""Cognitive Decline"", ""Caregiver Burden"", ""Cognitive Impairment"", ""Dementia"", ""Alzheimer Disease"", ""Mild Cognitive Impairment"", ""Respite Care"", ""Mental Health"", ""Depression"", ""Music Therapy"", ""Psychosocial Intervention"", ""Cognition"", ""Geriatric Assessment"", ""Cognitive Dysfunction"", ""Cognitive Aging"", ""Outcome Assessment, Health Care"", ""Balance"", ""Fall"", ""Walking"", ""Affect"", ""Physical Exertion"", ""Memory Deficit"", ""Memory Disorders"", ""Memory Impairment"", ""Neuropsychological Tests"", ""Executive Function"", ""Middle Aged"", ""Healthy Aging"", ""Elderly""]",2023-11-02,False,1,listed_not_verified,not_adjudicated,not_assigned
NCT05463666,OBSERVATIONAL,ACTIVE_NOT_RECRUITING,,"[""Rheumatoid Arthritis""]",2025-10-01,False,1,listed_not_verified,not_adjudicated,not_assigned
NCT05463887,INTERVENTIONAL,COMPLETED,NA,"[""Primary Prevention"", ""Healthy Aging"", ""Quality of Life"", ""Decision Support Techniques""]",2026-03-02,False,1,listed_not_verified,not_adjudicated,not_assigned
NCT05467410,INTERVENTIONAL,ACTIVE_NOT_RECRUITING,NA,"[""Critical Illness"", ""Cognitive Impairment"", ""Circadian Dysrhythmia"", ""Intensive Care Unit Delirium"", ""Aging"", ""Older People""]",2026-02-04,False,2,listed_not_verified,not_adjudicated,not_assigned
NCT05468905,OBSERVATIONAL,RECRUITING,,"[""Aging"", ""Mild Cognitive Impairment"", ""Alzheimer Disease"", ""Neurodegeneration""]",2022-07-21,False,2,listed_not_verified,not_adjudicated,not_assigned
NCT05469243,OBSERVATIONAL,UNKNOWN,,"[""Well Aging""]",2023-08-30,False,1,listed_not_verified,not_adjudicated,not_assigned
NCT05469516,INTERVENTIONAL,UNKNOWN,NA,"[""Aging""]",2022-07-21,False,1,listed_not_verified,not_adjudicated,not_assigned
NCT05471557,INTERVENTIONAL,COMPLETED,NA,"[""Aging"", ""Pain, Acute"", ""Cognitive Decline"", ""Motor Activity""]",2025-12-10,False,1,listed_not_verified,not_adjudicated,not_assigned
NCT05473832,INTERVENTIONAL,COMPLETED,NA,"[""Anti-Aging"", ""Skin Aging""]",2023-04-06,False,1,listed_not_verified,not_adjudicated,not_assigned
NCT05475236,INTERVENTIONAL,COMPLETED,NA,"[""Aging""]",2025-06-11,True,1,listed_not_verified,not_adjudicated,not_assigned
NCT05481346,INTERVENTIONAL,UNKNOWN,NA,"[""Sarcopenia"", ""Memory Loss"", ""Muscular Atrophy"", ""Cardiovascular Diseases"", ""Frailty""]",2022-08-02,False,1,listed_not_verified,not_adjudicated,not_assigned
NCT05482373,INTERVENTIONAL,UNKNOWN,NA,"[""Periodontitis""]",2022-08-02,False,1,listed_not_verified,not_adjudicated,not_assigned
NCT05482711,INTERVENTIONAL,COMPLETED,NA,"[""Aging""]",2026-03-30,False,1,listed_not_verified,not_adjudicated,not_assigned
NCT05483465,INTERVENTIONAL,RECRUITING,PHASE4,"[""Aging""]",2026-04-01,False,1,listed_not_verified,not_adjudicated,not_assigned
NCT05484661,INTERVENTIONAL,COMPLETED,NA,"[""Fatigue"", ""Aging""]",2024-11-21,True,1,listed_not_verified,not_adjudicated,not_assigned
NCT05484739,INTERVENTIONAL,RECRUITING,NA,"[""Aging"", ""Hyperthermia""]",2026-09-08,False,1,listed_not_verified,not_adjudicated,not_assigned
NCT05487131,INTERVENTIONAL,RECRUITING,NA,"[""Healthy Aging"", ""Fatigue""]",2026-04-09,False,1,listed_not_verified,not_adjudicated,not_assigned
NCT05487482,INTERVENTIONAL,UNKNOWN,NA,"[""Safety Issues""]",2022-08-04,False,1,listed_not_verified,not_adjudicated,not_assigned
NCT05488652,INTERVENTIONAL,COMPLETED,NA,"[""Time Restricted Eating""]",2026-08-17,True,1,listed_not_verified,not_adjudicated,not_assigned
NCT05492006,INTERVENTIONAL,COMPLETED,NA,"[""Elderly""]",2026-08-24,False,1,listed_not_verified,not_adjudicated,not_assigned
NCT05492240,INTERVENTIONAL,COMPLETED,NA,"[""Aging"", ""Functional Recovery"", ""Skilled Nursing Facility"", ""Medically Complex"", ""Deconditioning""]",2026-01-07,False,2,listed_not_verified,not_adjudicated,not_assigned
NCT05497648,INTERVENTIONAL,COMPLETED,NA,"[""Aging"", ""Physical Inactivity"", ""Mobility Limitation"", ""Loneliness"", ""Social Isolation""]",2022-08-22,False,1,listed_not_verified,not_adjudicated,not_assigned
NCT05499806,OBSERVATIONAL,UNKNOWN,,"[""Acquired Brain Injury"", ""Subarachnoid Hemorrhage"", ""Traumatic Brain Injury"", ""Cerebrovascular Accident""]",2022-08-12,False,2,listed_not_verified,not_adjudicated,not_assigned
NCT05500183,INTERVENTIONAL,UNKNOWN,NA,"[""Healthy Aging"", ""Cognitive Decline"", ""Physical Inactivity""]",2023-10-24,False,2,listed_not_verified,not_adjudicated,not_assigned
NCT05500742,INTERVENTIONAL,UNKNOWN,NA,"[""Aging""]",2023-02-02,False,1,listed_not_verified,not_adjudicated,not_assigned
NCT05501249,INTERVENTIONAL,COMPLETED,NA,"[""Aging Well"", ""Aging Problems"", ""Cognitive Change"", ""Gait, Unsteady"", ""Mobility Limitation""]",2023-03-01,False,1,listed_not_verified,not_adjudicated,not_assigned
NCT05503147,INTERVENTIONAL,UNKNOWN,PHASE1,"[""Malnutrition"", ""Anorexia"", ""Cannabis"", ""Aging"", ""Emergency Service, Hospital"", ""Renal Function"", ""Pharmacokinetics""]",2022-09-21,False,1,listed_not_verified,not_adjudicated,not_assigned
NCT05503485,INTERVENTIONAL,RECRUITING,NA,"[""Psychological Distress""]",2025-02-28,False,7,listed_not_verified,not_adjudicated,not_assigned
NCT05506852,INTERVENTIONAL,COMPLETED,NA,"[""Healthy Aging""]",2026-03-19,True,1,listed_not_verified,not_adjudicated,not_assigned
NCT05507905,INTERVENTIONAL,ACTIVE_NOT_RECRUITING,NA,"[""Alzheimer Disease""]",2026-03-17,False,1,listed_not_verified,not_adjudicated,not_assigned
NCT05508191,INTERVENTIONAL,COMPLETED,NA,"[""Skin Aging"", ""Transepidermal Water Loss""]",2023-02-13,False,1,listed_not_verified,not_adjudicated,not_assigned
NCT05510375,INTERVENTIONAL,UNKNOWN,PHASE4,"[""Aging"", ""Inflammation"", ""Cardiovascular Diseases""]",2022-08-22,False,0,not_listed_not_absent,not_adjudicated,not_assigned
NCT05511259,INTERVENTIONAL,COMPLETED,NA,"[""Aging Well""]",2025-05-31,False,1,listed_not_verified,not_adjudicated,not_assigned
NCT05514106,INTERVENTIONAL,ENROLLING_BY_INVITATION,PHASE4,"[""Lewy Body Disease"", ""Dementia"", ""Parkinsonism"", ""Mild Cognitive Impairment"", ""REM Sleep Behavior Disorder""]",2026-07-30,False,1,listed_not_verified,not_adjudicated,not_assigned
NCT05514782,INTERVENTIONAL,COMPLETED,NA,"[""Photoaging"", ""Wrinkle""]",2022-10-27,False,1,listed_not_verified,not_adjudicated,not_assigned
NCT05514834,INTERVENTIONAL,COMPLETED,EARLY_PHASE1,"[""Rhytides"", ""Wrinkle""]",2024-04-29,False,1,listed_not_verified,not_adjudicated,not_assigned
NCT05518500,INTERVENTIONAL,ACTIVE_NOT_RECRUITING,PHASE4,"[""Aging"", ""Influenza Vaccine"", ""Dendritic Cell"", ""Vaccine Response""]",2026-08-03,False,1,listed_not_verified,not_adjudicated,not_assigned
NCT05522075,INTERVENTIONAL,RECRUITING,NA,"[""Alcohol Drinking"", ""Binge Drinking"", ""Blood Pressure"", ""Alcohol Abstinence"", ""Aging"", ""Lifestyle Factors"", ""Vasodilation"", ""Behavioral Problem""]",2026-06-01,False,1,listed_not_verified,not_adjudicated,not_assigned
NCT05527028,INTERVENTIONAL,UNKNOWN,NA,"[""Aging""]",2023-03-10,False,1,listed_not_verified,not_adjudicated,not_assigned
NCT05527132,OBSERVATIONAL,UNKNOWN,,"[""Aging of Breast Implants""]",2023-11-08,False,1,listed_not_verified,not_adjudicated,not_assigned
NCT05527249,INTERVENTIONAL,COMPLETED,NA,"[""Healthy Aging""]",2022-09-02,False,1,listed_not_verified,not_adjudicated,not_assigned
NCT05531513,INTERVENTIONAL,COMPLETED,NA,"[""Mental Health Wellness 1"", ""Healthy Aging""]",2024-02-15,False,2,listed_not_verified,not_adjudicated,not_assigned
NCT05532657,INTERVENTIONAL,ACTIVE_NOT_RECRUITING,PHASE3,"[""Aging"", ""Cognitive Decline"", ""Mild Cognitive Impairment"", ""Dementia"", ""Hearing Loss""]",2026-07-21,False,4,listed_not_verified,not_adjudicated,not_assigned
NCT05534464,INTERVENTIONAL,COMPLETED,NA,"[""Ageing""]",2023-12-20,False,1,listed_not_verified,not_adjudicated,not_assigned
NCT05535608,INTERVENTIONAL,UNKNOWN,PHASE2,"[""Aging""]",2022-09-10,False,1,listed_not_verified,not_adjudicated,not_assigned
NCT05537363,INTERVENTIONAL,COMPLETED,NA,"[""Elderly Adults"", ""Mild Cognitive Impairment"", ""Healthy""]",2026-08-31,False,1,listed_not_verified,not_adjudicated,not_assigned
NCT05538065,INTERVENTIONAL,COMPLETED,NA,"[""Aging"", ""Benzodiazepine Sedative Adverse Reaction"", ""Anticholinergic Adverse Reaction"", ""Adverse Drug Event""]",2025-05-21,True,1,listed_not_verified,not_adjudicated,not_assigned
NCT05539378,INTERVENTIONAL,ENROLLING_BY_INVITATION,NA,"[""Healthy Aging""]",2024-12-09,False,1,listed_not_verified,not_adjudicated,not_assigned
NCT05540535,OBSERVATIONAL,COMPLETED,,"[""Bilateral Hearing Loss"", ""Healthy Aging""]",2025-01-13,True,2,listed_not_verified,not_adjudicated,not_assigned
NCT05543980,INTERVENTIONAL,COMPLETED,PHASE1,"[""Aging"", ""Muscle Weakness""]",2024-07-10,False,1,listed_not_verified,not_adjudicated,not_assigned
NCT05544201,INTERVENTIONAL,COMPLETED,NA,"[""Brain Stimulation"", ""Alzheimer Disease"", ""tACS"", ""Sleep Disturbance"", ""Aging"", ""Cognitive Impairment, Mild""]",2024-03-18,False,1,listed_not_verified,not_adjudicated,not_assigned
NCT05544630,OBSERVATIONAL,UNKNOWN,,"[""Effect of Aging on Postural Stability""]",2022-09-16,False,1,listed_not_verified,not_adjudicated,not_assigned
NCT05544760,INTERVENTIONAL,COMPLETED,NA,"[""Fall Injury"", ""Age Problem"", ""Well Aging"", ""Sensory Disorders""]",2026-08-27,False,1,listed_not_verified,not_adjudicated,not_assigned
NCT05548322,INTERVENTIONAL,RECRUITING,NA,"[""Somatosensory Disorders"", ""Amputation"", ""Tactile Disorders"", ""Aging"", ""Prosthesis User""]",2026-03-04,False,2,listed_not_verified,not_adjudicated,not_assigned
NCT05548946,INTERVENTIONAL,RECRUITING,NA,"[""Psychiatric Disorders""]",2024-12-09,False,2,listed_not_verified,not_adjudicated,not_assigned
NCT05549362,INTERVENTIONAL,ACTIVE_NOT_RECRUITING,NA,"[""Aging"", ""Weight Loss"", ""Treatment Adherence""]",2025-03-12,False,2,listed_not_verified,not_adjudicated,not_assigned
NCT05549479,INTERVENTIONAL,COMPLETED,NA,"[""Cancer"", ""Aging""]",2025-02-21,False,1,listed_not_verified,not_adjudicated,not_assigned
NCT05550779,INTERVENTIONAL,COMPLETED,NA,"[""Healthy Aging""]",2024-09-19,True,1,listed_not_verified,not_adjudicated,not_assigned
NCT05552638,INTERVENTIONAL,WITHDRAWN,NA,"[""Health Care Utilization""]",2024-05-13,False,1,listed_not_verified,not_adjudicated,not_assigned
NCT05552677,INTERVENTIONAL,UNKNOWN,NA,"[""Aging Disorder"", ""Obesity"", ""Inflammation""]",2022-09-23,False,1,listed_not_verified,not_adjudicated,not_assigned
NCT05554692,INTERVENTIONAL,ENROLLING_BY_INVITATION,NA,"[""Hearing Loss"", ""Cochlear Hearing Loss"", ""Hearing Loss, Sensorineural"", ""Aging""]",2025-03-25,False,1,listed_not_verified,not_adjudicated,not_assigned
NCT05556928,OBSERVATIONAL,RECRUITING,,"[""Multiple Myeloma"", ""Amyloidosis"", ""Plasma Cell Leukemia""]",2025-12-08,False,1,listed_not_verified,not_adjudicated,not_assigned
NCT05559203,INTERVENTIONAL,COMPLETED,NA,"[""Aged"", ""Older Adults"", ""Healthy Aging"", ""Aging""]",2025-08-03,True,1,listed_not_verified,not_adjudicated,not_assigned
NCT05566938,INTERVENTIONAL,COMPLETED,NA,"[""Aging""]",2025-03-12,False,1,listed_not_verified,not_adjudicated,not_assigned
NCT05567237,INTERVENTIONAL,UNKNOWN,NA,"[""Sarcopenia"", ""Ageing Well""]",2024-07-24,False,1,listed_not_verified,not_adjudicated,not_assigned
NCT05568381,INTERVENTIONAL,COMPLETED,NA,"[""Cognitive Dysfunction"", ""Insomnia"", ""Mild Cognitive Impairment"", ""Cognitive Disorder"", ""Sleep Wake Disorders""]",2024-05-28,False,1,listed_not_verified,not_adjudicated,not_assigned
NCT05570721,INTERVENTIONAL,COMPLETED,NA,"[""Menopause"", ""Depression"", ""Heart Disease in Women"", ""Stress""]",2026-10-05,False,1,listed_not_verified,not_adjudicated,not_assigned
NCT05571514,INTERVENTIONAL,RECRUITING,NA,"[""Post Menopausal Osteoporosis""]",2026-10-02,False,7,listed_not_verified,not_adjudicated,not_assigned
NCT05571709,INTERVENTIONAL,UNKNOWN,NA,"[""Aging"", ""Exercise""]",2023-03-31,False,1,listed_not_verified,not_adjudicated,not_assigned
NCT05573646,INTERVENTIONAL,COMPLETED,NA,"[""Aging Well""]",2024-08-23,False,1,listed_not_verified,not_adjudicated,not_assigned
NCT05574634,INTERVENTIONAL,RECRUITING,NA,"[""Aging"", ""Alzheimer Disease""]",2026-09-14,False,1,listed_not_verified,not_adjudicated,not_assigned
NCT05581953,INTERVENTIONAL,COMPLETED,NA,"[""Healthy Aging""]",2026-09-21,False,1,listed_not_verified,not_adjudicated,not_assigned
NCT05582668,OBSERVATIONAL,COMPLETED,,"[""Overweight and Obesity"", ""Bariatric Surgery"", ""Aging"", ""Sarcopenic Obesity""]",2025-02-25,False,1,listed_not_verified,not_adjudicated,not_assigned
NCT05583578,INTERVENTIONAL,COMPLETED,NA,"[""Mobility Limitation"", ""Aging""]",2025-01-22,True,1,listed_not_verified,not_adjudicated,not_assigned
NCT05585762,INTERVENTIONAL,COMPLETED,NA,"[""Tolerance"", ""Safety Issues"", ""Aging""]",2024-06-11,False,1,listed_not_verified,not_adjudicated,not_assigned
NCT05586087,INTERVENTIONAL,COMPLETED,NA,"[""Old Age; Atrophy"", ""Aging""]",2024-07-01,False,1,listed_not_verified,not_adjudicated,not_assigned
NCT05586750,INTERVENTIONAL,ACTIVE_NOT_RECRUITING,PHASE4,"[""Dementia, Mixed"", ""Dementia, Vascular"", ""Dementia of Alzheimer Type"", ""Cognitive Decline"", ""White Matter Hyperintensity"", ""Aging"", ""Neuro-Degenerative Disease""]",2025-05-22,False,2,listed_not_verified,not_adjudicated,not_assigned
NCT05588479,INTERVENTIONAL,COMPLETED,NA,"[""Aging""]",2025-01-20,False,1,listed_not_verified,not_adjudicated,not_assigned
NCT05588778,INTERVENTIONAL,COMPLETED,NA,"[""Aging""]",2024-11-08,False,1,listed_not_verified,not_adjudicated,not_assigned
NCT05592093,INTERVENTIONAL,COMPLETED,PHASE2|PHASE3,"[""Healthy Ageing"", ""Antioxidative Stress""]",2026-01-21,False,4,listed_not_verified,not_adjudicated,not_assigned
NCT05593549,INTERVENTIONAL,RECRUITING,EARLY_PHASE1,"[""Type 2 Diabetes"", ""Healthy Aging""]",2025-10-30,False,1,listed_not_verified,not_adjudicated,not_assigned
NCT05593939,INTERVENTIONAL,COMPLETED,PHASE2,"[""Aging""]",2023-04-25,False,1,listed_not_verified,not_adjudicated,not_assigned
NCT05595915,INTERVENTIONAL,COMPLETED,PHASE1|PHASE2,"[""Aging"", ""Endothelial Dysfunction"", ""Senescence""]",2026-03-09,False,1,listed_not_verified,not_adjudicated,not_assigned
NCT05596474,INTERVENTIONAL,RECRUITING,NA,"[""Health Care Utilization"", ""Healthy Aging""]",2024-03-20,False,1,listed_not_verified,not_adjudicated,not_assigned
NCT05596760,INTERVENTIONAL,ACTIVE_NOT_RECRUITING,NA,"[""Dementia"", ""Dementia, Vascular"", ""Mixed Dementias"", ""Alzheimer Disease"", ""Huntington Disease"", ""Lewy Body Disease"", ""Creutzfeldt-Jakob Syndrome"", ""Frontotemporal Lobar Degeneration"", ""Cognitive Dysfunction"", ""Cognitive Aging"", ""Chronic Disease"", ""Palliative Care, Patient Care"", ""Health Care Quality, Access, and Evaluation"", ""Patient Care"", ""Health Communication"", ""Patient Care Planning"", ""Quality of Life""]",2026-09-21,False,3,listed_not_verified,not_adjudicated,not_assigned
NCT05597124,INTERVENTIONAL,RECRUITING,PHASE2,"[""Aging"", ""Alzheimer Disease"", ""Healthy Aging"", ""Cognitive Change""]",2026-02-20,False,1,listed_not_verified,not_adjudicated,not_assigned
NCT05598047,INTERVENTIONAL,COMPLETED,PHASE2,"[""Aging"", ""Cognitive Function Abnormal"", ""Cognitive Performance"", ""Cognitive Training"", ""Older Adults""]",2026-05-20,True,0,not_listed_not_absent,not_adjudicated,not_assigned
NCT05598112,INTERVENTIONAL,RECRUITING,EARLY_PHASE1,"[""Aging"", ""Frailty""]",2025-12-31,False,6,listed_not_verified,not_adjudicated,not_assigned
NCT05598359,INTERVENTIONAL,NOT_YET_RECRUITING,NA,"[""Telomere Shortening"", ""Aging"", ""Vascular Diseases""]",2026-05-01,False,0,not_listed_not_absent,not_adjudicated,not_assigned
NCT05599490,INTERVENTIONAL,COMPLETED,NA,"[""Age-related Cognitive Decline""]",2026-02-19,False,2,listed_not_verified,not_adjudicated,not_assigned
NCT05599503,INTERVENTIONAL,COMPLETED,NA,"[""Engagement, Patient"", ""Quality of Life"", ""Mood"", ""Aging Well"", ""Cognitive Change"", ""Mild Cognitive Impairment"", ""Cognitive Impairment"", ""Dementia""]",2024-03-19,False,2,listed_not_verified,not_adjudicated,not_assigned
NCT05601102,INTERVENTIONAL,COMPLETED,NA,"[""Older Adults"", ""Healthy Aging"", ""Aging"", ""Quality of Life"", ""Depression, Anxiety"", ""Stress, Physiological""]",2025-05-20,True,1,listed_not_verified,not_adjudicated,not_assigned
NCT05601713,INTERVENTIONAL,COMPLETED,NA,"[""Hyperthermia"", ""Weather; Heat"", ""Heat Stress"", ""Heat Syncope"", ""Aging""]",2023-05-10,False,1,listed_not_verified,not_adjudicated,not_assigned
NCT05602220,INTERVENTIONAL,COMPLETED,NA,"[""Aging"", ""Alzheimer Disease"", ""Age-related Cognitive Decline""]",2026-01-09,True,1,listed_not_verified,not_adjudicated,not_assigned
NCT05603455,INTERVENTIONAL,UNKNOWN,NA,"[""Healthy Adults (45-65 Years)""]",2023-02-09,False,1,listed_not_verified,not_adjudicated,not_assigned
NCT05608239,INTERVENTIONAL,UNKNOWN,NA,"[""Lipoatrophy"", ""Aging""]",2022-11-08,False,0,not_listed_not_absent,not_adjudicated,not_assigned
NCT05608707,INTERVENTIONAL,ACTIVE_NOT_RECRUITING,NA,"[""Appetite Loss"", ""Physical Inactivity"", ""Undernutrition"", ""Anorexia of Aging"", ""Aging"", ""Ageing Well""]",2024-12-09,False,3,listed_not_verified,not_adjudicated,not_assigned
NCT05609617,INTERVENTIONAL,COMPLETED,NA,"[""Aging""]",2022-11-08,False,1,listed_not_verified,not_adjudicated,not_assigned
NCT05610059,INTERVENTIONAL,COMPLETED,NA,"[""Aging"", ""Medication Adherence"", ""Hypertension""]",2026-07-31,True,2,listed_not_verified,not_adjudicated,not_assigned
NCT05610605,INTERVENTIONAL,COMPLETED,NA,"[""Frailty"", ""Frail Elderly Syndrome""]",2025-12-02,True,1,listed_not_verified,not_adjudicated,not_assigned
NCT05611723,OBSERVATIONAL,COMPLETED,,"[""Disability""]",2024-11-07,False,1,listed_not_verified,not_adjudicated,not_assigned
NCT05614479,INTERVENTIONAL,UNKNOWN,NA,"[""Healthy"", ""Chronic Disease""]",2022-11-14,False,1,listed_not_verified,not_adjudicated,not_assigned
NCT05615337,INTERVENTIONAL,COMPLETED,NA,"[""Mindfulness"", ""Healthy Aging""]",2024-01-22,False,1,listed_not_verified,not_adjudicated,not_assigned
NCT05615831,INTERVENTIONAL,COMPLETED,NA,"[""Physical Activity""]",2023-12-13,False,1,listed_not_verified,not_adjudicated,not_assigned
NCT05617222,INTERVENTIONAL,UNKNOWN,NA,"[""Disuse Atrophy (Muscle) of Lower Extremities"", ""Muscle Function"", ""Neuromuscular Electrical Stimulation"", ""Myofibrillar Protein Synthesis""]",2022-11-15,False,1,listed_not_verified,not_adjudicated,not_assigned
NCT05618197,INTERVENTIONAL,COMPLETED,NA,"[""Aging""]",2025-08-06,False,1,listed_not_verified,not_adjudicated,not_assigned
NCT05618678,INTERVENTIONAL,UNKNOWN,NA,"[""Dementia"", ""Staff Attitude"", ""Nurse's Role"", ""Nursing Homes""]",2024-02-20,False,1,listed_not_verified,not_adjudicated,not_assigned
NCT05619107,INTERVENTIONAL,COMPLETED,NA,"[""Aging"", ""Inflammation"", ""Cardiovascular Diseases""]",2023-08-02,False,1,listed_not_verified,not_adjudicated,not_assigned
NCT05619250,INTERVENTIONAL,UNKNOWN,NA,"[""Physical Inactivity"", ""Healthy"", ""Older Adult""]",2023-11-28,False,1,listed_not_verified,not_adjudicated,not_assigned
NCT05621720,INTERVENTIONAL,RECRUITING,NA,"[""Healthy Aging""]",2024-10-17,False,1,listed_not_verified,not_adjudicated,not_assigned
NCT05622747,INTERVENTIONAL,COMPLETED,NA,"[""Aging""]",2025-08-06,False,1,listed_not_verified,not_adjudicated,not_assigned
NCT05625204,INTERVENTIONAL,RECRUITING,NA,"[""Frailty""]",2025-12-12,False,2,listed_not_verified,not_adjudicated,not_assigned
NCT05625425,INTERVENTIONAL,RECRUITING,NA,"[""Long-Term Memory Decline"", ""Mild Cognitive Impairment""]",2026-05-07,False,1,listed_not_verified,not_adjudicated,not_assigned
NCT05625828,INTERVENTIONAL,ACTIVE_NOT_RECRUITING,NA,"[""Accidental Falls"", ""Aging"", ""Mild Cognitive Impairment""]",2025-07-29,False,1,listed_not_verified,not_adjudicated,not_assigned
NCT05626556,INTERVENTIONAL,COMPLETED,NA,"[""Older People"", ""Frailty""]",2023-10-23,False,3,listed_not_verified,not_adjudicated,not_assigned
NCT05627453,INTERVENTIONAL,RECRUITING,NA,"[""Healthy Aging""]",2024-02-29,False,1,listed_not_verified,not_adjudicated,not_assigned
NCT05631236,INTERVENTIONAL,ACTIVE_NOT_RECRUITING,NA,"[""Veteran Aged 65 and Older""]",2026-07-21,False,1,listed_not_verified,not_adjudicated,not_assigned
NCT05637177,INTERVENTIONAL,COMPLETED,NA,"[""Preventive Intervention""]",2025-02-25,False,1,listed_not_verified,not_adjudicated,not_assigned
NCT05640141,OBSERVATIONAL,UNKNOWN,,"[""Motoric Cognitive Risk Syndrome"", ""Mild Cognitive Impairment"", ""Alzheimer Disease"", ""Dementia""]",2022-12-07,False,1,listed_not_verified,not_adjudicated,not_assigned
NCT05644964,OBSERVATIONAL,COMPLETED,,"[""Anemia Pregnancy"", ""Placenta Diseases""]",2024-03-06,False,2,listed_not_verified,not_adjudicated,not_assigned
NCT05645991,INTERVENTIONAL,COMPLETED,NA,"[""Aging"", ""Blood Pressure"", ""Arterial Stiffness""]",2022-12-12,False,1,listed_not_verified,not_adjudicated,not_assigned
NCT05651620,OBSERVATIONAL,ACTIVE_NOT_RECRUITING,,"[""Calorie Restriction""]",2026-06-09,False,3,listed_not_verified,not_adjudicated,not_assigned
NCT05651854,INTERVENTIONAL,UNKNOWN,NA,"[""Hypertension"", ""Stress"", ""Aging Problems""]",2023-02-22,False,1,listed_not_verified,not_adjudicated,not_assigned
NCT05652140,OBSERVATIONAL,COMPLETED,,"[""Aging"", ""Cognitive Change""]",2024-11-15,True,1,listed_not_verified,not_adjudicated,not_assigned
NCT05663918,INTERVENTIONAL,UNKNOWN,NA,"[""Mild Cognitive Impairment""]",2023-03-16,False,6,listed_not_verified,not_adjudicated,not_assigned
NCT05667870,OBSERVATIONAL,UNKNOWN,,"[""Heart Defects, Congenital""]",2023-06-15,False,2,listed_not_verified,not_adjudicated,not_assigned
NCT05670639,INTERVENTIONAL,COMPLETED,NA,"[""Aging"", ""Caregiver Burden""]",2024-02-12,False,1,listed_not_verified,not_adjudicated,not_assigned
NCT05670977,INTERVENTIONAL,COMPLETED,NA,"[""Skin Laxity"", ""Skin Lines""]",2023-04-13,False,2,listed_not_verified,not_adjudicated,not_assigned
NCT05672004,INTERVENTIONAL,COMPLETED,NA,"[""Sarcopenia"", ""Frailty"", ""Aging Problems""]",2024-05-08,False,1,listed_not_verified,not_adjudicated,not_assigned
NCT05672771,INTERVENTIONAL,COMPLETED,NA,"[""Cognitive Aging""]",2024-03-28,True,1,listed_not_verified,not_adjudicated,not_assigned
NCT05672940,INTERVENTIONAL,UNKNOWN,NA,"[""Physical Activity""]",2023-01-05,False,1,listed_not_verified,not_adjudicated,not_assigned
NCT05675007,INTERVENTIONAL,COMPLETED,NA,"[""Cognitive Decline"", ""Aging""]",2024-06-21,False,2,listed_not_verified,not_adjudicated,not_assigned
NCT05675137,INTERVENTIONAL,COMPLETED,NA,"[""Cognitive Decline"", ""Cognitive Impairment, Mild"", ""Aging"", ""Dementia""]",2023-01-09,False,1,listed_not_verified,not_adjudicated,not_assigned
NCT05678426,INTERVENTIONAL,COMPLETED,NA,"[""Healthy"", ""Healthy Lifestyle"", ""Smoking Cessation"", ""Intermittent Fasting""]",2026-05-07,False,1,listed_not_verified,not_adjudicated,not_assigned
NCT05678660,OBSERVATIONAL,ACTIVE_NOT_RECRUITING,,"[""Aging, Premature""]",2026-05-29,False,3,listed_not_verified,not_adjudicated,not_assigned
NCT05678985,INTERVENTIONAL,COMPLETED,NA,"[""Aging"", ""Mobility Limitation"", ""Sedentary Behaviour"", ""Loneliness"", ""Social Isolation"", ""Social Connectedness""]",2025-03-27,False,1,listed_not_verified,not_adjudicated,not_assigned
NCT05680701,INTERVENTIONAL,UNKNOWN,NA,"[""Aging"", ""Mild Cognitive Impairment""]",2023-03-15,False,1,listed_not_verified,not_adjudicated,not_assigned
NCT05682092,INTERVENTIONAL,COMPLETED,NA,"[""Skin Laxity"", ""Skin Fold""]",2023-04-12,False,2,listed_not_verified,not_adjudicated,not_assigned
NCT05685667,INTERVENTIONAL,COMPLETED,NA,"[""Aging Problems""]",2023-01-17,False,1,listed_not_verified,not_adjudicated,not_assigned
NCT05686681,INTERVENTIONAL,COMPLETED,NA,"[""Social Connectedness""]",2025-04-03,False,1,listed_not_verified,not_adjudicated,not_assigned
NCT05686967,INTERVENTIONAL,ACTIVE_NOT_RECRUITING,EARLY_PHASE1,"[""Aging"", ""Menopause""]",2025-03-25,False,1,listed_not_verified,not_adjudicated,not_assigned
NCT05687578,OBSERVATIONAL,COMPLETED,,"[""Aging""]",2026-09-22,False,1,listed_not_verified,not_adjudicated,not_assigned
NCT05689554,INTERVENTIONAL,COMPLETED,NA,"[""Aging"", ""Accidental Fall""]",2024-12-09,True,1,listed_not_verified,not_adjudicated,not_assigned
NCT05691166,INTERVENTIONAL,ACTIVE_NOT_RECRUITING,NA,"[""Sarcopenia"", ""Aging""]",2026-10-02,False,1,listed_not_verified,not_adjudicated,not_assigned
NCT05695079,INTERVENTIONAL,COMPLETED,NA,"[""Hyperthermia"", ""Weather; Heat"", ""Heat Stress"", ""Aging""]",2023-06-18,False,1,listed_not_verified,not_adjudicated,not_assigned
NCT05698173,INTERVENTIONAL,RECRUITING,NA,"[""Systemic Lupus Erythematosus""]",2025-09-04,False,1,listed_not_verified,not_adjudicated,not_assigned
NCT05698654,INTERVENTIONAL,UNKNOWN,NA,"[""Overweight"", ""Risk Behavior"", ""Obesity""]",2023-06-13,False,1,listed_not_verified,not_adjudicated,not_assigned
NCT05699980,OBSERVATIONAL,COMPLETED,,"[""Dermatoporosis""]",2023-05-01,False,15,listed_not_verified,not_adjudicated,not_assigned
NCT05700006,OBSERVATIONAL,COMPLETED,,"[""Breast Neoplasm Female"", ""Arthralgia"", ""Aging""]",2026-03-05,False,1,listed_not_verified,not_adjudicated,not_assigned
NCT05701371,OBSERVATIONAL,TERMINATED,,"[""Healthy Aging""]",2024-03-19,False,1,listed_not_verified,not_adjudicated,not_assigned
NCT05702801,INTERVENTIONAL,RECRUITING,NA,"[""Fall"", ""Fall Injury""]",2026-07-08,False,1,listed_not_verified,not_adjudicated,not_assigned
NCT05703945,INTERVENTIONAL,TERMINATED,NA,"[""Healthy Ageing""]",2024-09-19,False,1,listed_not_verified,not_adjudicated,not_assigned
NCT05704660,INTERVENTIONAL,UNKNOWN,NA,"[""Aging""]",2023-01-30,False,0,not_listed_not_absent,not_adjudicated,not_assigned
NCT05705284,INTERVENTIONAL,UNKNOWN,NA,"[""Aging""]",2024-05-13,False,1,listed_not_verified,not_adjudicated,not_assigned
NCT05706181,INTERVENTIONAL,COMPLETED,PHASE1|PHASE2,"[""Aging Well"", ""Walking, Difficulty"", ""Hyperemia""]",2026-06-05,False,1,listed_not_verified,not_adjudicated,not_assigned
NCT05706389,INTERVENTIONAL,ACTIVE_NOT_RECRUITING,PHASE2,"[""Aging""]",2026-05-26,False,1,listed_not_verified,not_adjudicated,not_assigned
NCT05708170,INTERVENTIONAL,NOT_YET_RECRUITING,PHASE4,"[""Iron Deficiency Anemia""]",2023-02-01,False,0,not_listed_not_absent,not_adjudicated,not_assigned
NCT05710809,INTERVENTIONAL,RECRUITING,NA,"[""Colorectal Cancer"", ""Oncologic Complications"", ""Comprehensive Geriatric Assessment"", ""Vestibular Rehabilitation"", ""Geriatric Oncology"", ""Sarcopenia"", ""Vertigo"", ""Cancer"", ""Rehabilitation"", ""Exercise"", ""Geriatric"", ""Elderly"", ""Frail"", ""Older Adults"", ""Chemotherapy"", ""Chemotherapy-induced Peripheral Neuropathy"", ""Resistance Training"", ""Balance Training"", ""Postural Stability"", ""Pragmatic Trial"", ""Personal Medicine"", ""Individualised""]",2025-04-06,False,2,listed_not_verified,not_adjudicated,not_assigned
NCT05711108,OBSERVATIONAL,COMPLETED,,"[""Diabetes"", ""Hypoglycemia"", ""Aging""]",2025-10-22,False,1,listed_not_verified,not_adjudicated,not_assigned
NCT05714150,INTERVENTIONAL,COMPLETED,NA,"[""Traumatic Brain Injury""]",2026-07-29,False,1,listed_not_verified,not_adjudicated,not_assigned
NCT05715372,INTERVENTIONAL,TERMINATED,NA,"[""Menopause Syndrome"", ""Inflammation"", ""Inflammatory Response"", ""Aging"", ""Menopause"", ""Telomere Shortening"", ""Stress Oxidative""]",2023-02-13,False,1,listed_not_verified,not_adjudicated,not_assigned
NCT05717491,OBSERVATIONAL,COMPLETED,,"[""Diabetes"", ""PreDiabetes""]",2024-04-22,False,1,listed_not_verified,not_adjudicated,not_assigned
NCT05719870,INTERVENTIONAL,UNKNOWN,NA,"[""Medication Adherence"", ""Aging"", ""Multidisciplinary Communication"", ""Fall"", ""Hospital Discharge""]",2023-02-09,False,2,listed_not_verified,not_adjudicated,not_assigned
NCT05720507,INTERVENTIONAL,RECRUITING,NA,"[""Aging""]",2026-02-05,False,1,listed_not_verified,not_adjudicated,not_assigned
NCT05721508,INTERVENTIONAL,COMPLETED,NA,"[""Aging""]",2025-03-28,False,1,listed_not_verified,not_adjudicated,not_assigned
NCT05722860,INTERVENTIONAL,COMPLETED,PHASE1,"[""Aging""]",2026-03-12,False,1,listed_not_verified,not_adjudicated,not_assigned
NCT05724589,INTERVENTIONAL,COMPLETED,NA,"[""Aging""]",2025-07-31,True,1,listed_not_verified,not_adjudicated,not_assigned
NCT05725668,INTERVENTIONAL,RECRUITING,NA,"[""Mild Cognitive Impairment"", ""Accidental Falls"", ""Aging""]",2025-12-17,False,1,listed_not_verified,not_adjudicated,not_assigned
NCT05727254,INTERVENTIONAL,COMPLETED,NA,"[""Age-Related Loss of Skeletal Muscle Mass"", ""Aging"", ""Sarcopenia"", ""Cognitive Decline""]",2025-04-03,False,1,listed_not_verified,not_adjudicated,not_assigned
NCT05727748,INTERVENTIONAL,COMPLETED,NA,"[""Aging"", ""Older Adults""]",2023-02-14,False,1,listed_not_verified,not_adjudicated,not_assigned
NCT05728801,OBSERVATIONAL,UNKNOWN,,"[""Age-related Cognitive Decline"", ""Cognitive Deterioration"", ""Dementia, Mild""]",2023-12-12,False,1,listed_not_verified,not_adjudicated,not_assigned
NCT05731362,OBSERVATIONAL,WITHDRAWN,,"[""Aging"", ""Hospitalization"", ""Function""]",2023-11-13,False,1,listed_not_verified,not_adjudicated,not_assigned
NCT05732909,INTERVENTIONAL,COMPLETED,NA,"[""Aging"", ""Metabolism Disorder"", ""Ketonemia"", ""Muscle Disorder""]",2026-03-06,False,1,listed_not_verified,not_adjudicated,not_assigned
NCT05732935,INTERVENTIONAL,COMPLETED,NA,"[""Overweight and Obesity"", ""Time Restricted Feeding"", ""Alzheimer Disease""]",2026-06-30,False,1,listed_not_verified,not_adjudicated,not_assigned
NCT05734248,INTERVENTIONAL,COMPLETED,NA,"[""Aging"", ""Face; Atrophy""]",2024-05-08,False,2,listed_not_verified,not_adjudicated,not_assigned
NCT05735587,INTERVENTIONAL,COMPLETED,NA,"[""Depressive Symptoms""]",2025-07-30,True,1,listed_not_verified,not_adjudicated,not_assigned
NCT05735886,INTERVENTIONAL,COMPLETED,NA,"[""Aging""]",2024-09-26,False,1,listed_not_verified,not_adjudicated,not_assigned
NCT05740241,OBSERVATIONAL,COMPLETED,,"[""Ageing""]",2026-05-26,False,1,listed_not_verified,not_adjudicated,not_assigned
NCT05744167,INTERVENTIONAL,COMPLETED,NA,"[""Aging"", ""Cognitive Decline"", ""Sarcopenia"", ""Frailty"", ""Muscle Degeneration"", ""Physical Disability""]",2024-09-03,False,1,listed_not_verified,not_adjudicated,not_assigned
NCT05744453,INTERVENTIONAL,COMPLETED,NA,"[""Post-Menopausal Women""]",2024-07-05,False,1,listed_not_verified,not_adjudicated,not_assigned
NCT05744492,INTERVENTIONAL,UNKNOWN,NA,"[""Healthy Ageing""]",2023-02-28,False,0,not_listed_not_absent,not_adjudicated,not_assigned
NCT05745402,INTERVENTIONAL,UNKNOWN,NA,"[""Healthy Aging""]",2023-09-26,False,1,listed_not_verified,not_adjudicated,not_assigned
NCT05746273,INTERVENTIONAL,COMPLETED,PHASE2,"[""Depressive Disorder""]",2026-08-06,False,1,listed_not_verified,not_adjudicated,not_assigned
NCT05746546,INTERVENTIONAL,COMPLETED,PHASE2,"[""Depressive Disorder""]",2026-08-06,False,1,listed_not_verified,not_adjudicated,not_assigned
NCT05747456,INTERVENTIONAL,COMPLETED,NA,"[""Volume Deficiency in the Mid-Face"", ""Aging"", ""Aesthetics""]",2025-09-10,False,1,listed_not_verified,not_adjudicated,not_assigned
NCT05748470,INTERVENTIONAL,UNKNOWN,NA,"[""Skin Aging""]",2023-04-19,False,1,listed_not_verified,not_adjudicated,not_assigned
NCT05749913,OBSERVATIONAL,TERMINATED,,"[""Aging""]",2025-04-20,False,1,listed_not_verified,not_adjudicated,not_assigned
NCT05751083,INTERVENTIONAL,COMPLETED,NA,"[""Healthy Aging""]",2023-07-10,False,1,listed_not_verified,not_adjudicated,not_assigned
NCT05752500,INTERVENTIONAL,RECRUITING,NA,"[""Hiv"", ""Physical Inactivity"", ""Aging""]",2026-08-07,False,2,listed_not_verified,not_adjudicated,not_assigned
NCT05756140,OBSERVATIONAL,UNKNOWN,,"[""Pain"", ""Aging Problems""]",2024-01-23,False,1,listed_not_verified,not_adjudicated,not_assigned
NCT05760547,OBSERVATIONAL,NOT_YET_RECRUITING,,"[""Biological Aging""]",2023-03-08,False,0,not_listed_not_absent,not_adjudicated,not_assigned
NCT05768620,INTERVENTIONAL,COMPLETED,NA,"[""Mild Cognitive Impairment"", ""Spatial Navigation""]",2023-11-27,False,1,listed_not_verified,not_adjudicated,not_assigned
NCT05769335,INTERVENTIONAL,COMPLETED,NA,"[""Obesity""]",2025-05-09,False,1,listed_not_verified,not_adjudicated,not_assigned
NCT05771064,INTERVENTIONAL,COMPLETED,PHASE1,"[""MCI"", ""Mild Dementia""]",2025-05-29,False,1,listed_not_verified,not_adjudicated,not_assigned
NCT05771818,INTERVENTIONAL,UNKNOWN,NA,"[""Accidental Fall"", ""Neurologic Disorder"", ""Old Age; Debility"", ""Healthy Aging""]",2023-03-16,False,1,listed_not_verified,not_adjudicated,not_assigned
NCT05772884,INTERVENTIONAL,COMPLETED,NA,"[""Opioid Use Disorder""]",2025-10-14,False,1,listed_not_verified,not_adjudicated,not_assigned
NCT05772910,INTERVENTIONAL,UNKNOWN,NA,"[""Frailty"", ""Disability Physical"", ""Old Age; Atrophy""]",2023-12-07,False,0,not_listed_not_absent,not_adjudicated,not_assigned
NCT05773430,INTERVENTIONAL,WITHDRAWN,NA,"[""HIV"", ""Aging"", ""Cognitive Function Abnormal"", ""Cognitive Training"", ""Older Adults""]",2026-05-29,False,0,not_listed_not_absent,not_adjudicated,not_assigned
NCT05774834,OBSERVATIONAL,RECRUITING,,"[""Healthy Volunteers""]",2026-05-08,False,1,listed_not_verified,not_adjudicated,not_assigned
NCT05774860,OBSERVATIONAL,RECRUITING,,"[""Healthy Volunteers""]",2026-05-08,False,1,listed_not_verified,not_adjudicated,not_assigned
NCT05775484,OBSERVATIONAL,RECRUITING,,"[""Cardiac Ageing"", ""Exercise"", ""Cardiovascular""]",2025-06-05,False,1,listed_not_verified,not_adjudicated,not_assigned
NCT05777863,INTERVENTIONAL,COMPLETED,NA,"[""Life Style"", ""Risk Reduction"", ""Cognitive Decline"", ""Aging""]",2024-06-21,False,2,listed_not_verified,not_adjudicated,not_assigned
NCT05778760,INTERVENTIONAL,COMPLETED,NA,"[""Wrinkle""]",2024-06-18,False,1,listed_not_verified,not_adjudicated,not_assigned
NCT05778773,OBSERVATIONAL,RECRUITING,,"[""Aortic Valve Stenosis""]",2023-03-21,False,1,listed_not_verified,not_adjudicated,not_assigned
NCT05782309,INTERVENTIONAL,COMPLETED,NA,"[""Aging, Healthy""]",2023-09-25,False,1,listed_not_verified,not_adjudicated,not_assigned
NCT05784623,OBSERVATIONAL,COMPLETED,,"[""Aging""]",2023-03-27,False,1,listed_not_verified,not_adjudicated,not_assigned
NCT05786521,INTERVENTIONAL,COMPLETED,PHASE4,"[""Aging"", ""Diabetes Mellitus, Type 2"", ""PreDiabetes"", ""Overweight and Obesity""]",2025-05-04,True,1,listed_not_verified,not_adjudicated,not_assigned
NCT05787704,OBSERVATIONAL,COMPLETED,,"[""Multiple Sclerosis"", ""Gait Disorders, Neurologic"", ""Neuro-Degenerative Disease"", ""Aging""]",2024-10-24,False,1,listed_not_verified,not_adjudicated,not_assigned
NCT05789108,INTERVENTIONAL,RECRUITING,NA,"[""DVT of Legs""]",2026-02-23,False,1,listed_not_verified,not_adjudicated,not_assigned
NCT05790369,INTERVENTIONAL,COMPLETED,NA,"[""Aging""]",2023-05-11,False,1,listed_not_verified,not_adjudicated,not_assigned
NCT05794451,OBSERVATIONAL,COMPLETED,,"[""Alzheimer Disease"", ""Healthy Aging"", ""Mild Cognitive Impairment""]",2026-05-04,False,1,listed_not_verified,not_adjudicated,not_assigned
NCT05798637,OBSERVATIONAL,UNKNOWN,,"[""Coronary Artery Disease"", ""Diabetes Mellitus, Type 2"", ""Alzheimer Disease""]",2023-04-06,False,2,listed_not_verified,not_adjudicated,not_assigned
NCT05800431,INTERVENTIONAL,COMPLETED,NA,"[""Aging""]",2025-03-27,False,1,listed_not_verified,not_adjudicated,not_assigned
NCT05801042,INTERVENTIONAL,COMPLETED,NA,"[""Aging""]",2024-10-08,False,1,listed_not_verified,not_adjudicated,not_assigned
NCT05803681,INTERVENTIONAL,COMPLETED,NA,"[""Vertebral Fracture"", ""Osteoporotic Fractures""]",2023-04-07,False,0,not_listed_not_absent,not_adjudicated,not_assigned
NCT05805215,INTERVENTIONAL,UNKNOWN,NA,"[""Healthy Aging"", ""Memory Disorders in Old Age"", ""Mild Cognitive Impairment"", ""Alzheimer Disease""]",2023-10-19,False,1,listed_not_verified,not_adjudicated,not_assigned
NCT05805735,INTERVENTIONAL,COMPLETED,NA,"[""Aging"", ""Wrinkle""]",2023-09-06,False,1,listed_not_verified,not_adjudicated,not_assigned
NCT05808127,INTERVENTIONAL,COMPLETED,NA,"[""Pain"", ""Opioid Use""]",2026-04-13,True,1,listed_not_verified,not_adjudicated,not_assigned
NCT05808686,INTERVENTIONAL,RECRUITING,PHASE2,"[""Aging"", ""Fragility"", ""Endothelial Dysfunction""]",2025-09-23,False,1,listed_not_verified,not_adjudicated,not_assigned
NCT05809739,INTERVENTIONAL,COMPLETED,NA,"[""Aging""]",2024-02-16,False,2,listed_not_verified,not_adjudicated,not_assigned
NCT05810272,INTERVENTIONAL,UNKNOWN,NA,"[""Inactivity, Physical"", ""Aging"", ""Healthy Aging"", ""Sarcopenia"", ""Muscular Atrophy"", ""Neuromuscular Manifestations"", ""Neurologic Manifestations"", ""Nervous System Diseases"", ""Atrophy"", ""Pathological Conditions, Anatomical""]",2023-07-13,False,1,listed_not_verified,not_adjudicated,not_assigned
NCT05810753,INTERVENTIONAL,COMPLETED,NA,"[""Malnutrition"", ""Healthy Aging""]",2024-03-15,False,1,listed_not_verified,not_adjudicated,not_assigned
NCT05811338,INTERVENTIONAL,NOT_YET_RECRUITING,NA,"[""Mild Cognitive Impairment""]",2026-08-20,False,3,listed_not_verified,not_adjudicated,not_assigned
NCT05813054,INTERVENTIONAL,COMPLETED,NA,"[""Skin Aging""]",2024-08-27,False,1,listed_not_verified,not_adjudicated,not_assigned
NCT05813379,INTERVENTIONAL,UNKNOWN,PHASE1|PHASE2,"[""Anti Aging""]",2023-04-14,False,1,listed_not_verified,not_adjudicated,not_assigned
NCT05815732,INTERVENTIONAL,UNKNOWN,NA,"[""Aging""]",2023-04-18,False,1,listed_not_verified,not_adjudicated,not_assigned
NCT05816551,INTERVENTIONAL,COMPLETED,NA,"[""Aging"", ""Hyperthermia""]",2025-01-22,True,1,listed_not_verified,not_adjudicated,not_assigned
NCT05817305,OBSERVATIONAL,RECRUITING,,"[""Cardiovascular Diseases"", ""Physical Inactivity"", ""Aging"", ""Quality of Life"", ""Physician-Patient Relations""]",2025-04-10,False,1,listed_not_verified,not_adjudicated,not_assigned
NCT05817383,INTERVENTIONAL,COMPLETED,NA,"[""Depressive Symptoms""]",2025-08-22,True,1,listed_not_verified,not_adjudicated,not_assigned
NCT05818787,INTERVENTIONAL,RECRUITING,NA,"[""Healthy Aging""]",2025-09-11,False,1,listed_not_verified,not_adjudicated,not_assigned
NCT05819086,INTERVENTIONAL,COMPLETED,NA,"[""Smoking"", ""Smoking Cessation""]",2024-11-12,True,1,listed_not_verified,not_adjudicated,not_assigned
NCT05819840,OBSERVATIONAL,UNKNOWN,,"[""Persistent COVID-19"", ""Quality of Life"", ""Lifestyles"", ""Arterial Stiffness""]",2023-06-29,False,1,listed_not_verified,not_adjudicated,not_assigned
NCT05822154,OBSERVATIONAL,UNKNOWN,,"[""Ageing"", ""Frailty""]",2023-06-23,False,1,listed_not_verified,not_adjudicated,not_assigned
NCT05822297,INTERVENTIONAL,COMPLETED,NA,"[""Spinal Cord Injuries"", ""Cognitive Decline""]",2026-07-16,False,1,listed_not_verified,not_adjudicated,not_assigned
NCT05822362,INTERVENTIONAL,RECRUITING,PHASE2,"[""Mild Cognitive Impairment""]",2026-06-15,False,1,listed_not_verified,not_adjudicated,not_assigned
NCT05823740,INTERVENTIONAL,COMPLETED,NA,"[""Cancer"", ""Malignant Neoplasm""]",2026-05-01,False,1,listed_not_verified,not_adjudicated,not_assigned
NCT05825989,INTERVENTIONAL,RECRUITING,NA,"[""Aging""]",2025-02-06,False,2,listed_not_verified,not_adjudicated,not_assigned
NCT05827757,INTERVENTIONAL,UNKNOWN,PHASE1|PHASE2,"[""Aging Problems"", ""Aging"", ""Chronic Inflammation""]",2023-10-04,False,1,listed_not_verified,not_adjudicated,not_assigned
NCT05828043,INTERVENTIONAL,COMPLETED,NA,"[""Age-related Cognitive Decline"", ""Age-related Physiology Decline""]",2023-12-26,False,1,listed_not_verified,not_adjudicated,not_assigned
NCT05829382,INTERVENTIONAL,COMPLETED,NA,"[""Healthy Aging""]",2024-05-16,False,1,listed_not_verified,not_adjudicated,not_assigned
NCT05834491,INTERVENTIONAL,UNKNOWN,PHASE2,"[""Plantar Fasciitis, Chronic""]",2024-05-21,False,1,listed_not_verified,not_adjudicated,not_assigned
NCT05835297,INTERVENTIONAL,COMPLETED,NA,"[""Fall"", ""Exercise Intervention"", ""Elderly Population""]",2025-01-09,False,1,listed_not_verified,not_adjudicated,not_assigned
NCT05835388,OBSERVATIONAL,COMPLETED,,"[""Aging""]",2024-05-07,False,1,listed_not_verified,not_adjudicated,not_assigned
NCT05835856,INTERVENTIONAL,UNKNOWN,NA,"[""Older Adults"", ""Quality of Life""]",2023-10-27,False,4,listed_not_verified,not_adjudicated,not_assigned
NCT05835999,INTERVENTIONAL,COMPLETED,PHASE2,"[""Aging"", ""Insulin Resistance""]",2026-09-04,False,1,listed_not_verified,not_adjudicated,not_assigned
NCT05836025,INTERVENTIONAL,ACTIVE_NOT_RECRUITING,PHASE2,"[""Perimenopausal""]",2025-12-26,False,1,listed_not_verified,not_adjudicated,not_assigned
NCT05837728,OBSERVATIONAL,COMPLETED,,"[""Frailty"", ""Vision and Hearing Loss"", ""Cognitive Function, Social 1"", ""Mental Health Issue"", ""Social Functioning"", ""Alcohol Use, Unspecified"", ""Healthy Aging""]",2024-12-12,False,1,listed_not_verified,not_adjudicated,not_assigned
NCT05838014,INTERVENTIONAL,COMPLETED,NA,"[""Thermoregulation"", ""Sleep Disturbance"", ""Heat Exchange"", ""Aging"", ""Exercise""]",2024-07-15,False,1,listed_not_verified,not_adjudicated,not_assigned
NCT05838560,INTERVENTIONAL,ACTIVE_NOT_RECRUITING,PHASE2,"[""Schizophrenia"", ""Treatment Resistant Depression"", ""Aging, Premature""]",2026-04-21,False,1,listed_not_verified,not_adjudicated,not_assigned
NCT05838612,INTERVENTIONAL,COMPLETED,NA,"[""Hyperthermia"", ""Heat Exposure"", ""Heat Stress"", ""Thermoregulation"", ""Aging""]",2024-07-11,False,1,listed_not_verified,not_adjudicated,not_assigned
NCT05842447,INTERVENTIONAL,COMPLETED,NA,"[""Skin Ageing""]",2024-10-30,False,2,listed_not_verified,not_adjudicated,not_assigned
NCT05843656,INTERVENTIONAL,COMPLETED,NA,"[""Stroke"", ""Aging""]",2023-05-06,False,1,listed_not_verified,not_adjudicated,not_assigned
NCT05846776,INTERVENTIONAL,COMPLETED,NA,"[""Elderly Subjects"", ""Risk of Fall""]",2025-09-08,False,1,listed_not_verified,not_adjudicated,not_assigned
NCT05847712,INTERVENTIONAL,COMPLETED,NA,"[""Core Temperature"", ""Heat Stress, Exertional"", ""Heat Fatigue"", ""Exercise""]",2024-08-06,False,1,listed_not_verified,not_adjudicated,not_assigned
NCT05847985,INTERVENTIONAL,RECRUITING,NA,"[""Lewy Body Disease"", ""Healthy Aging""]",2026-02-04,False,1,listed_not_verified,not_adjudicated,not_assigned
NCT05853224,INTERVENTIONAL,UNKNOWN,NA,"[""Dermal Filler"", ""Volume Deficiency of the Midface""]",2023-05-10,False,1,listed_not_verified,not_adjudicated,not_assigned
NCT05853406,OBSERVATIONAL,COMPLETED,,"[""Aging""]",2026-09-18,False,1,listed_not_verified,not_adjudicated,not_assigned
NCT05853913,INTERVENTIONAL,COMPLETED,NA,"[""Aging"", ""Obesity"", ""Insulin Resistance"", ""Cognition"", ""Cardiovascular Disease Risk""]",2025-11-21,False,4,listed_not_verified,not_adjudicated,not_assigned
NCT05854628,INTERVENTIONAL,WITHDRAWN,NA,"[""Photoaging of Skin"", ""Skin Aging""]",2023-12-19,False,0,not_listed_not_absent,not_adjudicated,not_assigned
NCT05855876,OBSERVATIONAL,UNKNOWN,,"[""Post-Traumatic Stress Disorder"", ""Traumatic Brain Injury""]",2023-07-17,False,1,listed_not_verified,not_adjudicated,not_assigned
NCT05856604,INTERVENTIONAL,COMPLETED,NA,"[""Cognitive Impairment"", ""Cognitive Decline""]",2023-05-12,False,1,listed_not_verified,not_adjudicated,not_assigned
NCT05857241,INTERVENTIONAL,NOT_YET_RECRUITING,NA,"[""Fasting"", ""Diet, Healthy""]",2025-04-08,False,5,listed_not_verified,not_adjudicated,not_assigned
NCT05858034,INTERVENTIONAL,RECRUITING,NA,"[""HIV"", ""Aging""]",2026-08-27,False,1,listed_not_verified,not_adjudicated,not_assigned
NCT05859243,INTERVENTIONAL,COMPLETED,NA,"[""Aging""]",2025-04-01,False,1,listed_not_verified,not_adjudicated,not_assigned
NCT05860842,INTERVENTIONAL,UNKNOWN,NA,"[""Type 2 Diabetes"", ""Exercise"", ""Aging""]",2023-11-29,False,0,not_listed_not_absent,not_adjudicated,not_assigned
NCT05861323,INTERVENTIONAL,ACTIVE_NOT_RECRUITING,NA,"[""End of Life"", ""Respiratory Failure"", ""Ventilatory Failure"", ""Coma"", ""Aging""]",2026-06-18,False,1,listed_not_verified,not_adjudicated,not_assigned
NCT05862077,INTERVENTIONAL,COMPLETED,NA,"[""Aging""]",2024-02-29,False,1,listed_not_verified,not_adjudicated,not_assigned
NCT05865639,INTERVENTIONAL,COMPLETED,NA,"[""Sedentary; Aging""]",2023-05-19,False,1,listed_not_verified,not_adjudicated,not_assigned
NCT05866094,INTERVENTIONAL,COMPLETED,NA,"[""Dementia"", ""Undernutrition""]",2025-09-19,False,5,listed_not_verified,not_adjudicated,not_assigned
NCT05866133,OBSERVATIONAL,UNKNOWN,,"[""Drug Addiction"", ""Technology Addiction"", ""Young Adult""]",2023-05-19,False,1,listed_not_verified,not_adjudicated,not_assigned
NCT05866393,INTERVENTIONAL,COMPLETED,NA,"[""Pathogen Transmission"", ""Patient Participation"", ""Aging""]",2026-07-28,False,2,listed_not_verified,not_adjudicated,not_assigned
NCT05869526,INTERVENTIONAL,COMPLETED,NA,"[""Sarcopenia""]",2025-03-30,False,1,listed_not_verified,not_adjudicated,not_assigned
NCT05871008,INTERVENTIONAL,ACTIVE_NOT_RECRUITING,NA,"[""Breast Cancer"", ""Hodgkin Lymphoma"", ""Kidney Cancer"", ""Leukemia"", ""Lymphoid Leukemia"", ""Multiple Myeloma"", ""Myeloid Leukemia"", ""Monocytic Leukemia"", ""Prostate Cancer"", ""Bladder Cancer""]",2025-09-15,False,1,listed_not_verified,not_adjudicated,not_assigned
NCT05871060,INTERVENTIONAL,COMPLETED,NA,"[""Aging"", ""Appetite Loss""]",2023-11-27,False,1,listed_not_verified,not_adjudicated,not_assigned
NCT05872139,INTERVENTIONAL,COMPLETED,NA,"[""Aging"", ""Endothelial Dysfunction"", ""Cardiovascular Function"", ""Arterial Stiffness""]",2023-05-24,False,1,listed_not_verified,not_adjudicated,not_assigned
NCT05873075,INTERVENTIONAL,UNKNOWN,NA,"[""Unrecognized Condition""]",2024-08-02,False,1,listed_not_verified,not_adjudicated,not_assigned
NCT05873933,INTERVENTIONAL,WITHDRAWN,NA,"[""Acne"", ""Eczema"", ""Skin Aging""]",2024-10-09,False,1,listed_not_verified,not_adjudicated,not_assigned
NCT05874739,OBSERVATIONAL,UNKNOWN,,"[""Parkinson Disease"", ""Aging""]",2024-07-08,False,1,listed_not_verified,not_adjudicated,not_assigned
NCT05879289,INTERVENTIONAL,COMPLETED,NA,"[""Aging Well""]",2023-05-30,False,1,listed_not_verified,not_adjudicated,not_assigned
NCT05880095,INTERVENTIONAL,COMPLETED,NA,"[""Biological Aging""]",2026-03-27,False,1,listed_not_verified,not_adjudicated,not_assigned
NCT05881239,OBSERVATIONAL,RECRUITING,,"[""Subjective Cognitive Concerns"", ""Mild Cognitive Impairment"", ""Mild Behavioral Impairment"", ""Healthy Aging""]",2026-03-06,False,1,listed_not_verified,not_adjudicated,not_assigned
NCT05885165,INTERVENTIONAL,UNKNOWN,NA,"[""Healthy Aging""]",2023-07-07,False,1,listed_not_verified,not_adjudicated,not_assigned
NCT05888506,INTERVENTIONAL,COMPLETED,NA,"[""Cardiovascular Diseases in Old Age"", ""Aging"", ""Cardiovascular Diseases"", ""Sleep""]",2023-10-06,False,1,listed_not_verified,not_adjudicated,not_assigned
NCT05891912,INTERVENTIONAL,UNKNOWN,NA,"[""Older Adults Institutionalized in Residential Homes""]",2023-06-07,False,1,listed_not_verified,not_adjudicated,not_assigned
NCT05891925,INTERVENTIONAL,UNKNOWN,NA,"[""Psychological Well-Being"", ""Mental Health""]",2023-06-07,False,0,not_listed_not_absent,not_adjudicated,not_assigned
NCT05892575,INTERVENTIONAL,UNKNOWN,NA,"[""Obesity, Primary"", ""Incontinence, Urge"", ""Incontinence Stress"", ""Aging""]",2023-06-07,False,1,listed_not_verified,not_adjudicated,not_assigned
NCT05893849,OBSERVATIONAL,UNKNOWN,,"[""Aging""]",2023-06-08,False,1,listed_not_verified,not_adjudicated,not_assigned
NCT05895591,INTERVENTIONAL,COMPLETED,NA,"[""Anti-aging""]",2023-06-08,False,1,listed_not_verified,not_adjudicated,not_assigned
NCT05907707,INTERVENTIONAL,COMPLETED,NA,"[""Transcranial Alternating Current Stimulation"", ""Aging"", ""Cognitive Decline"", ""Memory"", ""Sleep""]",2025-04-02,True,1,listed_not_verified,not_adjudicated,not_assigned
NCT05908487,INTERVENTIONAL,RECRUITING,NA,"[""Healthy Aging"", ""Health Knowledge, Attitudes, Practice"", ""Social Responsibility"", ""Care Eliciting Behavior"", ""Racism, Systemic""]",2026-05-07,False,2,listed_not_verified,not_adjudicated,not_assigned
NCT05908539,INTERVENTIONAL,COMPLETED,NA,"[""Aging Well""]",2025-12-17,False,1,listed_not_verified,not_adjudicated,not_assigned
NCT05910619,INTERVENTIONAL,RECRUITING,NA,"[""Mild Dementia"", ""Aging Well""]",2026-10-06,False,1,listed_not_verified,not_adjudicated,not_assigned
NCT05911321,INTERVENTIONAL,ACTIVE_NOT_RECRUITING,PHASE2,"[""Multiple Myeloma"", ""Relapse"", ""Refractory"", ""Aging"", ""Co-morbidity""]",2026-06-09,True,2,listed_not_verified,not_adjudicated,not_assigned
NCT05918159,OBSERVATIONAL,COMPLETED,,"[""Sarcopenia"", ""Sarcopenic Obesity"", ""Frailty""]",2023-08-14,False,1,listed_not_verified,not_adjudicated,not_assigned
NCT05918289,INTERVENTIONAL,COMPLETED,NA,"[""Aging Well"", ""Well Aging"", ""Quality of Life"", ""Well-Being, Psychological""]",2023-06-26,False,1,listed_not_verified,not_adjudicated,not_assigned
NCT05919355,INTERVENTIONAL,UNKNOWN,NA,"[""Social Isolation"", ""Well-being"", ""Quality of Life"", ""Mental Health"", ""Dementia"", ""Older Adults"", ""Loneliness"", ""Safety"", ""Feeling Anxious"", ""Technology"", ""Home Care""]",2024-04-05,False,3,listed_not_verified,not_adjudicated,not_assigned
NCT05920148,OBSERVATIONAL,COMPLETED,,"[""Immunosenescence"", ""Aging""]",2025-03-04,False,1,listed_not_verified,not_adjudicated,not_assigned
NCT05920733,INTERVENTIONAL,RECRUITING,NA,"[""Aging Well""]",2025-10-15,False,1,listed_not_verified,not_adjudicated,not_assigned
NCT05922475,INTERVENTIONAL,COMPLETED,NA,"[""Aging""]",2023-06-28,False,1,listed_not_verified,not_adjudicated,not_assigned
NCT05924490,INTERVENTIONAL,COMPLETED,NA,"[""Age-related Cognitive Decline""]",2023-06-29,False,1,listed_not_verified,not_adjudicated,not_assigned
NCT05926219,INTERVENTIONAL,RECRUITING,NA,"[""Aging"", ""Muscle Atrophy or Weakness"", ""Sarcopenia in Elderly"", ""Sarcopenia""]",2026-09-09,False,1,listed_not_verified,not_adjudicated,not_assigned
NCT05927623,INTERVENTIONAL,COMPLETED,NA,"[""Osteoporosis"", ""Osteoporotic Fractures"", ""Osteoporosis, Age-Related"", ""Muscle Loss"", ""Men"", ""Aging""]",2026-04-20,False,5,listed_not_verified,not_adjudicated,not_assigned
NCT05928078,INTERVENTIONAL,UNKNOWN,NA,"[""Cognitive Decline""]",2024-05-08,False,0,not_listed_not_absent,not_adjudicated,not_assigned
NCT05929703,INTERVENTIONAL,RECRUITING,NA,"[""Delirium"", ""Neurocognitive Disorders"", ""Mild Cognitive Impairment"", ""Alzheimer Disease"", ""Aging"", ""Family Support"", ""Family Members"", ""Caregiver Burden"", ""Implementation Science"", ""Patient Satisfaction""]",2026-09-08,False,7,listed_not_verified,not_adjudicated,not_assigned
NCT05929872,INTERVENTIONAL,NOT_YET_RECRUITING,NA,"[""Cognitive Decline"", ""Healthy Aging""]",2023-07-03,False,0,not_listed_not_absent,not_adjudicated,not_assigned
NCT05930470,INTERVENTIONAL,UNKNOWN,NA,"[""Frailty""]",2023-07-05,False,1,listed_not_verified,not_adjudicated,not_assigned
NCT05930717,OBSERVATIONAL,WITHDRAWN,,"[""Metabolic Disease"", ""Cardiovascular Diseases"", ""Healthy Aging""]",2025-06-13,False,2,listed_not_verified,not_adjudicated,not_assigned
NCT05932342,INTERVENTIONAL,ACTIVE_NOT_RECRUITING,NA,"[""Aging"", ""Mental Disorder""]",2026-04-13,False,1,listed_not_verified,not_adjudicated,not_assigned
NCT05933798,INTERVENTIONAL,COMPLETED,NA,"[""Aging"", ""Healthy Aging"", ""Utilization, Health Care""]",2023-07-06,False,1,listed_not_verified,not_adjudicated,not_assigned
NCT05934188,OBSERVATIONAL,RECRUITING,,"[""Healthy"", ""Prodromal Alzheimer's Disease"", ""Parkinson Disease"", ""Multiple Sclerosis""]",2026-01-09,False,3,listed_not_verified,not_adjudicated,not_assigned
NCT05934760,INTERVENTIONAL,COMPLETED,NA,"[""Aging"", ""Sarcopenia""]",2026-08-17,False,1,listed_not_verified,not_adjudicated,not_assigned
NCT05935644,INTERVENTIONAL,SUSPENDED,NA,"[""HIV/AIDS"", ""HPV Infection""]",2026-05-22,False,1,listed_not_verified,not_adjudicated,not_assigned
NCT05936346,INTERVENTIONAL,RECRUITING,NA,"[""Aging""]",2025-01-23,False,1,listed_not_verified,not_adjudicated,not_assigned
NCT05937022,INTERVENTIONAL,UNKNOWN,NA,"[""Loneliness""]",2023-07-12,False,1,listed_not_verified,not_adjudicated,not_assigned
NCT05937165,INTERVENTIONAL,COMPLETED,NA,"[""Depressive Symptoms"", ""Aging""]",2025-12-15,True,1,listed_not_verified,not_adjudicated,not_assigned
NCT05940337,OBSERVATIONAL,COMPLETED,,"[""Aging""]",2024-01-22,False,1,listed_not_verified,not_adjudicated,not_assigned
NCT05941143,INTERVENTIONAL,COMPLETED,NA,"[""Healthy Aging""]",2023-07-12,False,1,listed_not_verified,not_adjudicated,not_assigned
NCT05943366,INTERVENTIONAL,UNKNOWN,NA,"[""Malnutrition"", ""Healthy Aging"", ""Dehydration""]",2024-05-09,False,1,listed_not_verified,not_adjudicated,not_assigned
NCT05949658,INTERVENTIONAL,RECRUITING,PHASE1,"[""Aging""]",2026-05-28,False,1,listed_not_verified,not_adjudicated,not_assigned
NCT05951439,INTERVENTIONAL,COMPLETED,NA,"[""Aging"", ""Sarcopenia"", ""Nutrition, Healthy""]",2025-08-29,False,1,listed_not_verified,not_adjudicated,not_assigned
NCT05952284,OBSERVATIONAL,ACTIVE_NOT_RECRUITING,,"[""Aging"", ""Memory Loss""]",2026-02-13,False,1,listed_not_verified,not_adjudicated,not_assigned
NCT05955131,INTERVENTIONAL,UNKNOWN,NA,"[""Aging""]",2023-07-21,False,1,listed_not_verified,not_adjudicated,not_assigned
NCT05955573,OBSERVATIONAL,UNKNOWN,,"[""Knee Osteoarthritis""]",2024-03-19,False,1,listed_not_verified,not_adjudicated,not_assigned
NCT05957133,INTERVENTIONAL,UNKNOWN,NA,"[""Aging"", ""Exercise""]",2023-07-24,False,0,not_listed_not_absent,not_adjudicated,not_assigned
NCT05961319,OBSERVATIONAL,COMPLETED,,"[""Frailty"", ""Frailty Syndrome"", ""Frail Elderly Syndrome"", ""Pre-Frailty"", ""Healthy"", ""Healthy Aging"", ""Aging Problems"", ""Aging Disorder""]",2024-08-23,False,2,listed_not_verified,not_adjudicated,not_assigned
NCT05963204,INTERVENTIONAL,COMPLETED,NA,"[""Photodamaged Skin"", ""Volume Deficiency of the Midface""]",2024-10-24,False,1,listed_not_verified,not_adjudicated,not_assigned
NCT05963360,OBSERVATIONAL,ACTIVE_NOT_RECRUITING,,"[""Frailty in Aging"", ""Older People""]",2025-05-04,False,1,listed_not_verified,not_adjudicated,not_assigned
NCT05963399,INTERVENTIONAL,UNKNOWN,NA,"[""Old Age""]",2024-03-05,False,3,listed_not_verified,not_adjudicated,not_assigned
NCT05964920,INTERVENTIONAL,COMPLETED,PHASE2|PHASE3,"[""Healthy Aging"", ""Age-Related Sarcopenia"", ""Testosterone Deficiency""]",2026-03-06,False,1,listed_not_verified,not_adjudicated,not_assigned
NCT05967390,OBSERVATIONAL,ENROLLING_BY_INVITATION,,"[""Aging"", ""Dementia Alzheimers"", ""Parkinson Disease"", ""Dementia Frontotemporal"", ""Depression in Old Age""]",2025-01-14,False,1,listed_not_verified,not_adjudicated,not_assigned
NCT05968144,INTERVENTIONAL,ACTIVE_NOT_RECRUITING,PHASE1|PHASE2,"[""Prostatic Neoplasm"", ""Survivorship"", ""Frailty"", ""Aging"", ""Metastatic Breast Cancer""]",2026-01-27,False,1,listed_not_verified,not_adjudicated,not_assigned
NCT05971420,INTERVENTIONAL,COMPLETED,NA,"[""Mild Cognitive Impairment"", ""Fall Prevention"", ""Virtual Reality"", ""Exercise Training""]",2023-08-02,False,1,listed_not_verified,not_adjudicated,not_assigned
NCT05972590,INTERVENTIONAL,COMPLETED,NA,"[""Elderly Volunteers""]",2024-03-19,False,1,listed_not_verified,not_adjudicated,not_assigned
NCT05973448,INTERVENTIONAL,ENROLLING_BY_INVITATION,NA,"[""Aging"", ""Alzheimer Disease"", ""Dementia Alzheimers"", ""Dementia of Alzheimer Type"", ""Fall Injury""]",2026-04-21,False,1,listed_not_verified,not_adjudicated,not_assigned
NCT05974605,INTERVENTIONAL,COMPLETED,NA,"[""Healthy Aging""]",2024-12-03,False,1,listed_not_verified,not_adjudicated,not_assigned
NCT05978921,INTERVENTIONAL,UNKNOWN,NA,"[""Schizophrenia"", ""Physical Activity"", ""Telomere Shortening"", ""Premature Aging""]",2024-01-22,False,1,listed_not_verified,not_adjudicated,not_assigned
NCT05980286,INTERVENTIONAL,COMPLETED,NA,"[""Aging"", ""Cognitive Aging"", ""Cognitive Impairment"", ""Cognitive Training"", ""Cognitively Normal Older Adults"", ""Mild Cognitive Impairment""]",2025-12-17,True,1,listed_not_verified,not_adjudicated,not_assigned
NCT05981053,OBSERVATIONAL,COMPLETED,,"[""Aging"", ""Healthy Aging"", ""Sarcopenia"", ""Obesity""]",2023-08-08,False,1,listed_not_verified,not_adjudicated,not_assigned
NCT05982145,OBSERVATIONAL,COMPLETED,,"[""Aging""]",2023-08-08,False,1,listed_not_verified,not_adjudicated,not_assigned
NCT05984355,OBSERVATIONAL,COMPLETED,,"[""Aging""]",2023-08-09,False,1,listed_not_verified,not_adjudicated,not_assigned
NCT05985369,INTERVENTIONAL,COMPLETED,NA,"[""Healthy Aging""]",2024-04-24,False,1,listed_not_verified,not_adjudicated,not_assigned
NCT05986630,INTERVENTIONAL,ACTIVE_NOT_RECRUITING,NA,"[""Aging"", ""Chin Retrusion""]",2025-09-03,False,1,listed_not_verified,not_adjudicated,not_assigned
NCT05986799,INTERVENTIONAL,UNKNOWN,NA,"[""Skin Laxity"", ""Skin Lines""]",2023-08-14,False,1,listed_not_verified,not_adjudicated,not_assigned
NCT05989035,INTERVENTIONAL,COMPLETED,NA,"[""Aging""]",2026-04-20,False,1,listed_not_verified,not_adjudicated,not_assigned
NCT05991505,INTERVENTIONAL,COMPLETED,NA,"[""Aging Well"", ""Training Group, Sensitivity""]",2023-08-14,False,1,listed_not_verified,not_adjudicated,not_assigned
NCT05993572,OBSERVATIONAL,UNKNOWN,,"[""Frailty"", ""Dementia"", ""Depression"", ""Malnutrition"", ""Old Age; Debility"", ""Drug Use""]",2023-12-06,False,1,listed_not_verified,not_adjudicated,not_assigned
NCT05994482,OBSERVATIONAL,ACTIVE_NOT_RECRUITING,,"[""Colorectal Cancer""]",2026-10-09,False,2,listed_not_verified,not_adjudicated,not_assigned
NCT05996250,INTERVENTIONAL,COMPLETED,NA,"[""Healthy Participants""]",2024-06-05,False,1,listed_not_verified,not_adjudicated,not_assigned
NCT05996575,OBSERVATIONAL,COMPLETED,,"[""Mild Cognitive Impairment""]",2024-07-03,False,6,listed_not_verified,not_adjudicated,not_assigned
NCT05997654,INTERVENTIONAL,COMPLETED,NA,"[""Skin Aging""]",2023-08-18,False,1,listed_not_verified,not_adjudicated,not_assigned
NCT05998031,INTERVENTIONAL,RECRUITING,NA,"[""Cognitive Impairment"", ""Cognitive Decline""]",2026-06-26,False,1,listed_not_verified,not_adjudicated,not_assigned
NCT05999110,INTERVENTIONAL,UNKNOWN,NA,"[""Osteoarthritis, Knee"", ""Myocardial Infarction, Acute"", ""Hypertension"", ""Dyslipidemias"", ""Type 2 Diabetes"", ""Smoking Habit""]",2024-02-08,False,1,listed_not_verified,not_adjudicated,not_assigned
NCT06000605,INTERVENTIONAL,UNKNOWN,NA,"[""Metabolic Diseases"", ""Aging Problems""]",2023-08-24,False,1,listed_not_verified,not_adjudicated,not_assigned
NCT06006962,INTERVENTIONAL,ACTIVE_NOT_RECRUITING,NA,"[""Cognitive Aging""]",2026-06-12,False,1,listed_not_verified,not_adjudicated,not_assigned
NCT06010745,INTERVENTIONAL,UNKNOWN,NA,"[""Hair Thinning"", ""Facial Skin Texture"", ""Skin Ageing""]",2023-08-25,False,1,listed_not_verified,not_adjudicated,not_assigned
NCT06014567,OBSERVATIONAL,ENROLLING_BY_INVITATION,,"[""Aging""]",2024-01-25,False,1,listed_not_verified,not_adjudicated,not_assigned
NCT06018974,INTERVENTIONAL,COMPLETED,NA,"[""Depressive Symptoms"", ""Aging"", ""Loneliness"", ""Sedentary Behavior"", ""Social Isolation"", ""Physical Inactivity""]",2024-06-18,False,1,listed_not_verified,not_adjudicated,not_assigned
NCT06019195,INTERVENTIONAL,COMPLETED,NA,"[""Intermittent Fasting"", ""Aging""]",2026-02-06,False,1,listed_not_verified,not_adjudicated,not_assigned
NCT06019286,OBSERVATIONAL,UNKNOWN,,"[""COPD""]",2023-08-31,False,0,not_listed_not_absent,not_adjudicated,not_assigned
NCT06021704,INTERVENTIONAL,NOT_YET_RECRUITING,NA,"[""Cognitive Impairment"", ""Dementia With Behavioral Disturbance"", ""Dementia"", ""Alzheimer Disease""]",2026-07-06,False,1,listed_not_verified,not_adjudicated,not_assigned
NCT06022094,INTERVENTIONAL,COMPLETED,NA,"[""Healthy Aging""]",2024-06-03,False,1,listed_not_verified,not_adjudicated,not_assigned
NCT06023407,INTERVENTIONAL,ENROLLING_BY_INVITATION,NA,"[""Healthy Aging"", ""Alzheimer Disease"", ""Metabolic Disease""]",2026-04-17,False,1,listed_not_verified,not_adjudicated,not_assigned
NCT06027554,INTERVENTIONAL,RECRUITING,PHASE2,"[""Frailty"", ""Mild Cognitive Impairment"", ""Aging""]",2026-08-12,False,1,listed_not_verified,not_adjudicated,not_assigned
NCT06029920,INTERVENTIONAL,COMPLETED,NA,"[""Cognitive Impairment"", ""Aging""]",2023-11-07,False,1,listed_not_verified,not_adjudicated,not_assigned
NCT06031675,OBSERVATIONAL,COMPLETED,,"[""Activity, Motor"", ""Health Behavior""]",2023-09-11,False,1,listed_not_verified,not_adjudicated,not_assigned
NCT06032065,INTERVENTIONAL,RECRUITING,PHASE3,"[""Peripheral Arterial Disease"", ""Aging"", ""Peripheral Vascular Diseases"", ""Walking, Difficulty""]",2026-04-15,False,3,listed_not_verified,not_adjudicated,not_assigned
NCT06032286,INTERVENTIONAL,COMPLETED,NA,"[""Subjects Displaying Facial Ageing""]",2024-08-07,False,2,listed_not_verified,not_adjudicated,not_assigned
NCT06032598,INTERVENTIONAL,COMPLETED,NA,"[""Healthy Volunteers""]",2024-04-24,False,1,listed_not_verified,not_adjudicated,not_assigned
NCT06038500,INTERVENTIONAL,COMPLETED,NA,"[""Sarcopenia"", ""Grip Strength"", ""Gait Speed"", ""Body Composition""]",2023-09-21,False,1,listed_not_verified,not_adjudicated,not_assigned
NCT06038643,INTERVENTIONAL,COMPLETED,NA,"[""Physical Inactivity""]",2025-07-09,True,1,listed_not_verified,not_adjudicated,not_assigned
NCT06039527,OBSERVATIONAL,TERMINATED,,"[""Respiratory Tract Infections"", ""Aging""]",2026-07-07,False,1,listed_not_verified,not_adjudicated,not_assigned
NCT06040554,INTERVENTIONAL,UNKNOWN,NA,"[""Aging Well"", ""Aging""]",2023-09-15,False,1,listed_not_verified,not_adjudicated,not_assigned
NCT06041100,INTERVENTIONAL,COMPLETED,NA,"[""Pre-frail Senior Adults""]",2024-02-01,False,1,listed_not_verified,not_adjudicated,not_assigned
NCT06047145,INTERVENTIONAL,COMPLETED,NA,"[""Skin Ageing""]",2025-04-10,False,1,listed_not_verified,not_adjudicated,not_assigned
NCT06048354,INTERVENTIONAL,COMPLETED,NA,"[""Healthy Volunteers""]",2023-09-21,False,1,listed_not_verified,not_adjudicated,not_assigned
NCT06052605,INTERVENTIONAL,RECRUITING,NA,"[""Epilepsy""]",2026-06-12,False,1,listed_not_verified,not_adjudicated,not_assigned
NCT06052644,INTERVENTIONAL,COMPLETED,NA,"[""Aging"", ""Exercise""]",2024-07-17,False,1,listed_not_verified,not_adjudicated,not_assigned
NCT06055322,INTERVENTIONAL,COMPLETED,NA,"[""Suicide"", ""Depression"", ""Caregiver Burden"", ""Physical Health"", ""Inflammation""]",2026-05-14,False,1,listed_not_verified,not_adjudicated,not_assigned
NCT06056180,INTERVENTIONAL,RECRUITING,NA,"[""Imagery (Psychotherapy)"", ""Postural Control"", ""Postural Balance"", ""Virtual Reality Therapy"", ""Surface Electromyography"", ""Geriatric Assessment"", ""Physical Therapy Techniques"", ""Physical Therapy"", ""Healthy Ageing"", ""Healthy Aging"", ""Falling""]",2025-05-08,False,1,listed_not_verified,not_adjudicated,not_assigned
NCT06058897,INTERVENTIONAL,ACTIVE_NOT_RECRUITING,NA,"[""Aging""]",2026-07-16,False,1,listed_not_verified,not_adjudicated,not_assigned
NCT06059274,INTERVENTIONAL,COMPLETED,NA,"[""Anti-aging""]",2023-10-02,False,1,listed_not_verified,not_adjudicated,not_assigned
NCT06059534,INTERVENTIONAL,COMPLETED,NA,"[""Healthy Volunteers""]",2024-01-18,False,1,listed_not_verified,not_adjudicated,not_assigned
NCT06062472,INTERVENTIONAL,COMPLETED,NA,"[""Elderly"", ""Muscle Loss"", ""Depression"", ""Anxiety""]",2024-10-16,False,1,listed_not_verified,not_adjudicated,not_assigned
NCT06062784,OBSERVATIONAL,COMPLETED,,"[""Aging""]",2025-09-03,False,1,listed_not_verified,not_adjudicated,not_assigned
NCT06063590,INTERVENTIONAL,COMPLETED,PHASE1|PHASE2,"[""Aging Frailty""]",2026-04-16,False,1,listed_not_verified,not_adjudicated,not_assigned
NCT06064292,INTERVENTIONAL,COMPLETED,NA,"[""Aging"", ""Cerebral Palsy"", ""Muscle Weakness"", ""Older People--Abuse of"", ""Physical Inactivity"", ""Respiratory Tract Problem""]",2023-10-03,False,1,listed_not_verified,not_adjudicated,not_assigned
NCT06065241,INTERVENTIONAL,COMPLETED,NA,"[""Aging"", ""Inflammation""]",2026-01-15,False,1,listed_not_verified,not_adjudicated,not_assigned
NCT06066775,OBSERVATIONAL,RECRUITING,,"[""Brain Aging Related Conditions""]",2023-10-06,False,1,listed_not_verified,not_adjudicated,not_assigned
NCT06068374,INTERVENTIONAL,COMPLETED,NA,"[""Aging""]",2024-12-04,False,1,listed_not_verified,not_adjudicated,not_assigned
NCT06068803,INTERVENTIONAL,COMPLETED,NA,"[""Aging""]",2026-07-21,False,1,listed_not_verified,not_adjudicated,not_assigned
NCT06070532,INTERVENTIONAL,NOT_YET_RECRUITING,PHASE1|PHASE2,"[""Frailty""]",2024-04-18,False,1,listed_not_verified,not_adjudicated,not_assigned
NCT06071130,INTERVENTIONAL,NOT_YET_RECRUITING,NA,"[""Motivation"", ""Aging"", ""Health Behavior"", ""Emotions"", ""Social Behavior""]",2026-08-28,False,1,listed_not_verified,not_adjudicated,not_assigned
NCT06071728,INTERVENTIONAL,COMPLETED,NA,"[""Aging"", ""Vascular Stiffness"", ""Endothelial Dysfunction""]",2024-02-28,False,1,listed_not_verified,not_adjudicated,not_assigned
NCT06073106,OBSERVATIONAL,RECRUITING,,"[""Stroke"", ""Traumatic Brain Injury"", ""Knee Osteoarthritis"", ""Breast Cancer""]",2026-10-02,False,1,listed_not_verified,not_adjudicated,not_assigned
NCT06074302,INTERVENTIONAL,COMPLETED,NA,"[""Aging""]",2025-10-29,False,1,listed_not_verified,not_adjudicated,not_assigned
NCT06076148,INTERVENTIONAL,COMPLETED,NA,"[""Aging Well""]",2025-07-29,True,1,listed_not_verified,not_adjudicated,not_assigned
NCT06076187,OBSERVATIONAL,COMPLETED,,"[""Overweight and Obesity"", ""Bariatric Surgery Candidate"", ""Aging"", ""Protein Malabsorption""]",2026-09-04,False,2,listed_not_verified,not_adjudicated,not_assigned
NCT06079424,OBSERVATIONAL,RECRUITING,,"[""Arterial Stiffness""]",2026-09-17,False,1,listed_not_verified,not_adjudicated,not_assigned
NCT06079762,INTERVENTIONAL,COMPLETED,NA,"[""Frailty"", ""Aging"", ""Frailty Syndrome"", ""Frail Elderly Syndrome""]",2024-08-06,False,1,listed_not_verified,not_adjudicated,not_assigned
NCT06081725,INTERVENTIONAL,COMPLETED,NA,"[""Aging"", ""Cognitive Function 1, Social"", ""Social Behavior"", ""Aging Well"", ""Executive Function""]",2024-02-20,False,4,listed_not_verified,not_adjudicated,not_assigned
NCT06082362,OBSERVATIONAL,UNKNOWN,,"[""Male Infertility""]",2023-10-13,False,1,listed_not_verified,not_adjudicated,not_assigned
NCT06083402,INTERVENTIONAL,COMPLETED,NA,"[""Skin Aging""]",2023-10-16,False,1,listed_not_verified,not_adjudicated,not_assigned
NCT06085196,INTERVENTIONAL,UNKNOWN,NA,"[""Cognitive Function"", ""Aging Well"", ""Behavior, Health""]",2023-10-16,False,1,listed_not_verified,not_adjudicated,not_assigned
NCT06086795,INTERVENTIONAL,COMPLETED,NA,"[""Lipoproteins"", ""Inflammatory Response""]",2026-05-05,False,1,listed_not_verified,not_adjudicated,not_assigned
NCT06088355,INTERVENTIONAL,RECRUITING,NA,"[""Parkinson Disease"", ""Movement Disorders"", ""Neurodegeneration""]",2026-07-29,False,1,listed_not_verified,not_adjudicated,not_assigned
NCT06089057,INTERVENTIONAL,ENROLLING_BY_INVITATION,NA,"[""Lower Extremity Muscle Strength""]",2026-07-31,False,1,listed_not_verified,not_adjudicated,not_assigned
NCT06090253,INTERVENTIONAL,RECRUITING,NA,"[""Ageing Well""]",2026-08-05,False,1,listed_not_verified,not_adjudicated,not_assigned
NCT06090942,INTERVENTIONAL,UNKNOWN,NA,"[""Cognitive Decline"", ""Healthy Aging""]",2023-10-19,False,0,not_listed_not_absent,not_adjudicated,not_assigned
NCT06091852,INTERVENTIONAL,COMPLETED,NA,"[""Protein Malabsorption""]",2024-04-30,False,1,listed_not_verified,not_adjudicated,not_assigned
NCT06091969,INTERVENTIONAL,NOT_YET_RECRUITING,PHASE2,"[""Male Infertility""]",2024-10-10,False,1,listed_not_verified,not_adjudicated,not_assigned
NCT06094582,OBSERVATIONAL,COMPLETED,,"[""Aging"", ""Frailty""]",2025-12-22,False,1,listed_not_verified,not_adjudicated,not_assigned
NCT06095193,INTERVENTIONAL,UNKNOWN,NA,"[""Menopause"", ""Aging"", ""Failure of Genital Response""]",2023-10-23,False,0,not_listed_not_absent,not_adjudicated,not_assigned
NCT06096532,INTERVENTIONAL,RECRUITING,NA,"[""Healthy"", ""Aging""]",2026-05-01,False,1,listed_not_verified,not_adjudicated,not_assigned
NCT06096766,OBSERVATIONAL,RECRUITING,,"[""Premature Ovarian Insufficiency"", ""Diminished Ovarian Reserve"", ""Biomarker"", ""Copper"", ""Ceruloplasmin"", ""Aging""]",2024-12-09,False,1,listed_not_verified,not_adjudicated,not_assigned
NCT06100198,INTERVENTIONAL,UNKNOWN,NA,"[""Healthy Aging"", ""Nutrition, Healthy"", ""Knowledge, Attitudes, Practice""]",2023-11-24,False,1,listed_not_verified,not_adjudicated,not_assigned
NCT06100224,OBSERVATIONAL,ACTIVE_NOT_RECRUITING,,"[""Healthy Aging""]",2026-06-25,False,1,listed_not_verified,not_adjudicated,not_assigned
NCT06102876,OBSERVATIONAL,ACTIVE_NOT_RECRUITING,,"[""Geriatric"", ""Haematologic Neoplasm""]",2025-04-10,False,1,listed_not_verified,not_adjudicated,not_assigned
NCT06105723,INTERVENTIONAL,ACTIVE_NOT_RECRUITING,NA,"[""Ageing Well""]",2026-06-16,False,1,listed_not_verified,not_adjudicated,not_assigned
NCT06107699,INTERVENTIONAL,COMPLETED,NA,"[""Fracture"", ""Frailty"", ""Aging""]",2024-10-15,False,1,listed_not_verified,not_adjudicated,not_assigned
NCT06107842,INTERVENTIONAL,RECRUITING,NA,"[""Aging"", ""Cognitive Impairment"", ""Physical Activity""]",2026-06-02,False,2,listed_not_verified,not_adjudicated,not_assigned
NCT06108713,INTERVENTIONAL,COMPLETED,NA,"[""Aging"", ""Cognitive Change""]",2023-10-31,False,1,listed_not_verified,not_adjudicated,not_assigned
NCT06110234,INTERVENTIONAL,COMPLETED,NA,"[""Healthy""]",2024-08-01,False,1,listed_not_verified,not_adjudicated,not_assigned
NCT06117319,INTERVENTIONAL,COMPLETED,NA,"[""Aging Well""]",2025-08-27,True,1,listed_not_verified,not_adjudicated,not_assigned
NCT06120647,OBSERVATIONAL,UNKNOWN,,"[""Sarcopenic Obesity"", ""Obesity"", ""Sarcopenia"", ""Aging""]",2023-12-11,False,1,listed_not_verified,not_adjudicated,not_assigned
NCT06121778,OBSERVATIONAL,NOT_YET_RECRUITING,,"[""Aging"", ""Functional Disturbance"", ""Home""]",2023-11-08,False,0,not_listed_not_absent,not_adjudicated,not_assigned
NCT06121986,INTERVENTIONAL,COMPLETED,NA,"[""Alzheimer Disease"", ""Mild Cognitive Impairment"", ""Adherence""]",2026-10-05,False,1,listed_not_verified,not_adjudicated,not_assigned
NCT06122441,INTERVENTIONAL,ACTIVE_NOT_RECRUITING,NA,"[""Lifestyle, Healthy"", ""Muscle Weakness"", ""Abdominal Obesity"", ""Cardiometabolic Syndrome"", ""Self Efficacy"", ""Diet, Healthy""]",2026-04-29,False,1,listed_not_verified,not_adjudicated,not_assigned
NCT06123182,INTERVENTIONAL,RECRUITING,NA,"[""Exercise Training"", ""Aging""]",2026-03-27,False,1,listed_not_verified,not_adjudicated,not_assigned
NCT06123572,INTERVENTIONAL,COMPLETED,NA,"[""Wrinkle"", ""Pigment Skin"", ""Aging""]",2023-12-12,False,1,listed_not_verified,not_adjudicated,not_assigned
NCT06124339,INTERVENTIONAL,ACTIVE_NOT_RECRUITING,NA,"[""Aging"", ""Aging Problems"", ""Memory Loss"", ""Memory Impairment"", ""Memory Disorders in Old Age"", ""Memory Disorder, Spatial"", ""Memory Disorders"", ""Mild Cognitive Impairment"", ""Cognitive Decline"", ""Cognitive Change"", ""Cognition Disorders in Old Age""]",2026-07-15,False,1,listed_not_verified,not_adjudicated,not_assigned
NCT06125912,INTERVENTIONAL,COMPLETED,NA,"[""Skin Aging""]",2024-02-22,False,1,listed_not_verified,not_adjudicated,not_assigned
NCT06128915,INTERVENTIONAL,RECRUITING,PHASE4,"[""Aging""]",2026-04-03,False,1,listed_not_verified,not_adjudicated,not_assigned
NCT06129630,INTERVENTIONAL,COMPLETED,NA,"[""Cognitive Impairment"", ""Elderly People"", ""Healthy Aging"", ""Occupational Therapy""]",2024-05-08,False,1,listed_not_verified,not_adjudicated,not_assigned
NCT06130358,INTERVENTIONAL,UNKNOWN,NA,"[""Atrial Fibrillation Recurrent"", ""Aging""]",2023-11-18,False,1,listed_not_verified,not_adjudicated,not_assigned
NCT06132386,OBSERVATIONAL,COMPLETED,,"[""HIV Infections"", ""Aging""]",2025-12-24,True,1,listed_not_verified,not_adjudicated,not_assigned
NCT06133634,INTERVENTIONAL,ACTIVE_NOT_RECRUITING,PHASE1|PHASE2,"[""Aging"", ""Endothelial Dysfunction"", ""Arterial Stiffness""]",2026-09-25,False,1,listed_not_verified,not_adjudicated,not_assigned
NCT06136013,INTERVENTIONAL,UNKNOWN,NA,"[""Diabetes Mellitus, Type 2""]",2023-11-18,False,1,listed_not_verified,not_adjudicated,not_assigned
NCT06137339,INTERVENTIONAL,UNKNOWN,NA,"[""Brain Aging""]",2024-08-22,False,1,listed_not_verified,not_adjudicated,not_assigned
NCT06139471,INTERVENTIONAL,COMPLETED,NA,"[""Acceptance Processes"", ""Rejection, Psychology""]",2023-11-18,False,2,listed_not_verified,not_adjudicated,not_assigned
NCT06139497,INTERVENTIONAL,ACTIVE_NOT_RECRUITING,NA,"[""HIV Infections"", ""Cardiovascular Diseases"", ""Insulin Resistance Syndrome X""]",2025-09-22,False,2,listed_not_verified,not_adjudicated,not_assigned
NCT06140628,INTERVENTIONAL,COMPLETED,NA,"[""Wrinkle"", ""Skin Laxity"", ""Skin Manifestations"", ""Skin""]",2024-08-16,False,1,listed_not_verified,not_adjudicated,not_assigned
NCT06141291,INTERVENTIONAL,COMPLETED,NA,"[""Healthy Aging"", ""Physical Inactivity""]",2023-11-21,False,1,listed_not_verified,not_adjudicated,not_assigned
NCT06141642,INTERVENTIONAL,COMPLETED,NA,"[""Older Adults"", ""Aging Well"", ""Aging""]",2024-10-10,False,1,listed_not_verified,not_adjudicated,not_assigned
NCT06142890,INTERVENTIONAL,COMPLETED,NA,"[""Hyperthermia"", ""Heat Stress"", ""Cooling"", ""Aging""]",2025-02-20,False,1,listed_not_verified,not_adjudicated,not_assigned
NCT06145087,INTERVENTIONAL,COMPLETED,NA,"[""Healthy Aging"", ""Vascular Dilation""]",2026-01-22,False,1,listed_not_verified,not_adjudicated,not_assigned
NCT06146140,INTERVENTIONAL,UNKNOWN,NA,"[""Photoaging""]",2023-11-24,False,0,not_listed_not_absent,not_adjudicated,not_assigned
NCT06148337,INTERVENTIONAL,COMPLETED,NA,"[""Skin Elasticity"", ""Skin Hydration"", ""Skin Barrier to Water Loss"", ""Fingernail Health"", ""Hair Health""]",2025-09-16,False,1,listed_not_verified,not_adjudicated,not_assigned
NCT06148558,INTERVENTIONAL,COMPLETED,NA,"[""Anti-aging"", ""Photoaging""]",2023-11-28,False,1,listed_not_verified,not_adjudicated,not_assigned
NCT06148753,INTERVENTIONAL,COMPLETED,NA,"[""Skin Health""]",2024-11-20,False,1,listed_not_verified,not_adjudicated,not_assigned
NCT06148766,INTERVENTIONAL,COMPLETED,NA,"[""Skin Health""]",2024-11-20,False,1,listed_not_verified,not_adjudicated,not_assigned
NCT06150261,INTERVENTIONAL,UNKNOWN,NA,"[""Healthy Aging"", ""Ageing Well""]",2025-01-14,False,1,listed_not_verified,not_adjudicated,not_assigned
NCT06152211,INTERVENTIONAL,UNKNOWN,NA,"[""Speech Perception"", ""Anxiety"", ""Social Behavior""]",2024-08-02,False,1,listed_not_verified,not_adjudicated,not_assigned
NCT06152718,INTERVENTIONAL,COMPLETED,NA,"[""Skin Manifestations""]",2026-01-12,False,2,listed_not_verified,not_adjudicated,not_assigned
NCT06160141,INTERVENTIONAL,COMPLETED,NA,"[""Aging"", ""Healthy""]",2023-12-07,False,1,listed_not_verified,not_adjudicated,not_assigned
NCT06162871,INTERVENTIONAL,ACTIVE_NOT_RECRUITING,NA,"[""Healthy Aging""]",2025-02-11,False,1,listed_not_verified,not_adjudicated,not_assigned
NCT06163287,INTERVENTIONAL,COMPLETED,NA,"[""Aging""]",2024-12-04,False,1,listed_not_verified,not_adjudicated,not_assigned
NCT06163794,INTERVENTIONAL,RECRUITING,NA,"[""Non Dependant 60 to 75 Year-old Men and Women""]",2026-03-27,False,3,listed_not_verified,not_adjudicated,not_assigned
NCT06164938,OBSERVATIONAL,COMPLETED,,"[""Neuro-Degenerative Disease""]",2023-12-11,False,0,not_listed_not_absent,not_adjudicated,not_assigned
NCT06165016,INTERVENTIONAL,ACTIVE_NOT_RECRUITING,NA,"[""Peripheral Artery Disease"", ""Peripheral Vascular Disease"", ""Aging"", ""Walking, Difficulty""]",2026-06-04,False,2,listed_not_verified,not_adjudicated,not_assigned
NCT06167798,OBSERVATIONAL,COMPLETED,,"[""Aging""]",2026-09-10,False,0,not_listed_not_absent,not_adjudicated,not_assigned
NCT06167889,OBSERVATIONAL,COMPLETED,,"[""Aging""]",2023-12-13,False,1,listed_not_verified,not_adjudicated,not_assigned
NCT06168591,OBSERVATIONAL,UNKNOWN,,"[""Aging"", ""Muscle Physiology"", ""Neurophysiology"", ""Exercise Training"", ""Sports Medicine""]",2023-12-13,False,1,listed_not_verified,not_adjudicated,not_assigned
NCT06169254,INTERVENTIONAL,COMPLETED,NA,"[""Sleep Disorders, Circadian Rhythm"", ""Cognitive Impairment"", ""Vascular Dementia""]",2025-01-14,False,1,listed_not_verified,not_adjudicated,not_assigned
NCT06170073,OBSERVATIONAL,COMPLETED,,"[""Sleep Disturbance"", ""Aging"", ""Cognitive Decline"", ""Brain Disease""]",2025-01-14,False,1,listed_not_verified,not_adjudicated,not_assigned
NCT06171724,INTERVENTIONAL,TERMINATED,EARLY_PHASE1,"[""Healthy"", ""Aging""]",2026-04-09,True,1,listed_not_verified,not_adjudicated,not_assigned
NCT06172517,INTERVENTIONAL,COMPLETED,NA,"[""Rehabilitation"", ""Aging Problems"", ""Foot Diseases"", ""Mobility Limitation""]",2025-04-23,False,1,listed_not_verified,not_adjudicated,not_assigned
NCT06172725,INTERVENTIONAL,COMPLETED,NA,"[""Protein Intake""]",2026-02-20,False,1,listed_not_verified,not_adjudicated,not_assigned
NCT06174740,INTERVENTIONAL,COMPLETED,NA,"[""Aging"", ""Music"", ""Motor Activity"", ""Magnetic Resonance Imaging"", ""Neuronal Plasticity""]",2024-12-05,False,1,listed_not_verified,not_adjudicated,not_assigned
NCT06175871,INTERVENTIONAL,COMPLETED,NA,"[""Musculoskeletal Diseases"", ""Chronic Disease"", ""Fall Patients"", ""Aging Problems"", ""Postural Low Back Pain"", ""Parkinson Disease""]",2026-05-12,False,1,listed_not_verified,not_adjudicated,not_assigned
NCT06178263,OBSERVATIONAL,COMPLETED,,"[""Coronary Heart Disease"", ""Risk Reduction Behavior"", ""Adherence, Treatment""]",2023-12-20,False,1,listed_not_verified,not_adjudicated,not_assigned
NCT06181214,INTERVENTIONAL,COMPLETED,NA,"[""Gastrointestinal Microbiome"", ""Nutrition, Healthy"", ""Healthy Aging""]",2024-03-22,False,1,listed_not_verified,not_adjudicated,not_assigned
NCT06182995,INTERVENTIONAL,ACTIVE_NOT_RECRUITING,NA,"[""Cognitive Impairment"", ""Dementia"", ""Post ICU Syndrome"", ""Critical Illness"", ""Cognitive Impairment, Mild""]",2026-08-05,False,1,listed_not_verified,not_adjudicated,not_assigned
NCT06183450,OBSERVATIONAL,NOT_YET_RECRUITING,,"[""Presbycusis""]",2023-12-27,False,1,listed_not_verified,not_adjudicated,not_assigned
NCT06183658,OBSERVATIONAL,RECRUITING,,"[""Alzheimer's Disease""]",2025-05-14,False,1,listed_not_verified,not_adjudicated,not_assigned
NCT06184919,OBSERVATIONAL,ACTIVE_NOT_RECRUITING,,"[""Surgery"", ""Aging"", ""Health Care Utilization"", ""Frailty""]",2026-02-12,False,1,listed_not_verified,not_adjudicated,not_assigned
NCT06188338,INTERVENTIONAL,COMPLETED,NA,"[""Skin Manifestations"", ""Wrinkle"", ""Photoaging""]",2024-08-16,False,1,listed_not_verified,not_adjudicated,not_assigned
NCT06188949,INTERVENTIONAL,COMPLETED,NA,"[""Aging""]",2025-01-31,False,2,listed_not_verified,not_adjudicated,not_assigned
NCT06191302,OBSERVATIONAL,RECRUITING,,"[""Non-communicable Disease"", ""COVID-19""]",2025-03-12,False,1,listed_not_verified,not_adjudicated,not_assigned
NCT06192407,INTERVENTIONAL,RECRUITING,NA,"[""Aging""]",2025-09-17,False,1,listed_not_verified,not_adjudicated,not_assigned
NCT06192732,INTERVENTIONAL,UNKNOWN,NA,"[""Obesity"", ""Aging""]",2024-01-05,False,0,not_listed_not_absent,not_adjudicated,not_assigned
NCT06203392,INTERVENTIONAL,COMPLETED,NA,"[""Aging"", ""Musculoskeletal Diseases""]",2026-01-28,False,1,listed_not_verified,not_adjudicated,not_assigned
NCT06204224,OBSERVATIONAL,COMPLETED,,"[""Aging"", ""Healthy Lifestyle"", ""Coping Skills""]",2024-01-22,False,1,listed_not_verified,not_adjudicated,not_assigned
NCT06204562,INTERVENTIONAL,ACTIVE_NOT_RECRUITING,NA,"[""Aging Well""]",2025-03-28,False,1,listed_not_verified,not_adjudicated,not_assigned
NCT06206057,OBSERVATIONAL,UNKNOWN,,"[""Aging"", ""Anxiety"", ""Premenopause"", ""Womans Health""]",2024-03-13,False,1,listed_not_verified,not_adjudicated,not_assigned
NCT06208527,INTERVENTIONAL,RECRUITING,PHASE2,"[""Frailty"", ""Frail Elderly Syndrome"", ""Frailty Syndrome"", ""Aging""]",2025-01-20,False,2,listed_not_verified,not_adjudicated,not_assigned
NCT06210555,OBSERVATIONAL,RECRUITING,,"[""Kidney Transplantation"", ""Multiparametric Magnetic Resonance Imaging"", ""Living Donors"", ""Renal Fibrosis"", ""Senescence""]",2026-08-27,False,2,listed_not_verified,not_adjudicated,not_assigned
NCT06213766,INTERVENTIONAL,UNKNOWN,NA,"[""Alzheimer Disease"", ""Aging""]",2024-01-26,False,3,listed_not_verified,not_adjudicated,not_assigned
NCT06217575,INTERVENTIONAL,ACTIVE_NOT_RECRUITING,NA,"[""Traumatic Brain Injury"", ""Mild Traumatic Brain Injury"", ""Aging"", ""Cognitive Decline""]",2026-08-07,False,1,listed_not_verified,not_adjudicated,not_assigned
NCT06217601,INTERVENTIONAL,ACTIVE_NOT_RECRUITING,NA,"[""Aging Well""]",2026-07-31,False,1,listed_not_verified,not_adjudicated,not_assigned
NCT06219148,INTERVENTIONAL,COMPLETED,NA,"[""Aging Well"", ""Dementia"", ""Telemedicine""]",2025-09-03,False,2,listed_not_verified,not_adjudicated,not_assigned
NCT06221631,OBSERVATIONAL,RECRUITING,,"[""Multiple Sclerosis""]",2026-02-13,False,1,listed_not_verified,not_adjudicated,not_assigned
NCT06224465,INTERVENTIONAL,COMPLETED,NA,"[""Aging Well""]",2024-10-09,False,1,listed_not_verified,not_adjudicated,not_assigned
NCT06224920,OBSERVATIONAL,COMPLETED,,"[""Alzheimer Disease"", ""Corticobasal Syndrome""]",2025-07-04,False,0,not_listed_not_absent,not_adjudicated,not_assigned
NCT06225492,INTERVENTIONAL,COMPLETED,PHASE4,"[""Aging""]",2025-03-19,False,1,listed_not_verified,not_adjudicated,not_assigned
NCT06225648,INTERVENTIONAL,RECRUITING,NA,"[""Healthy"", ""Aging""]",2025-05-30,False,1,listed_not_verified,not_adjudicated,not_assigned
NCT06227000,INTERVENTIONAL,ACTIVE_NOT_RECRUITING,NA,"[""Spinal Cord Injuries""]",2026-05-04,False,1,listed_not_verified,not_adjudicated,not_assigned
NCT06228833,INTERVENTIONAL,UNKNOWN,NA,"[""Skin Aging""]",2024-01-29,False,0,not_listed_not_absent,not_adjudicated,not_assigned
NCT06229093,INTERVENTIONAL,RECRUITING,NA,"[""Aging""]",2025-07-10,False,1,listed_not_verified,not_adjudicated,not_assigned
NCT06234930,INTERVENTIONAL,COMPLETED,NA,"[""Healthy Aging"", ""Alzheimer's Disease""]",2025-09-02,False,2,listed_not_verified,not_adjudicated,not_assigned
NCT06235294,INTERVENTIONAL,UNKNOWN,NA,"[""Aging"", ""Infertility""]",2024-01-31,False,0,not_listed_not_absent,not_adjudicated,not_assigned
NCT06235840,INTERVENTIONAL,COMPLETED,NA,"[""Old Age; Dementia"", ""Aging"", ""Cognitive Decline""]",2024-02-01,False,1,listed_not_verified,not_adjudicated,not_assigned
NCT06239688,INTERVENTIONAL,RECRUITING,NA,"[""Aging"", ""Knowledge, Attitudes, Practice"", ""Long-Term Care"", ""Dementia""]",2026-04-13,False,1,listed_not_verified,not_adjudicated,not_assigned
NCT06239896,INTERVENTIONAL,RECRUITING,NA,"[""Advance Care Planning""]",2025-11-20,False,6,listed_not_verified,not_adjudicated,not_assigned
NCT06239922,OBSERVATIONAL,NOT_YET_RECRUITING,,"[""Cognition Disorders in Old Age"", ""Cognitive Decline"", ""Cognitive Impairment"", ""Cognitive Dysfunction"", ""Cognitive Change"", ""Aging""]",2024-02-02,False,1,listed_not_verified,not_adjudicated,not_assigned
NCT06239961,INTERVENTIONAL,COMPLETED,NA,"[""HIV""]",2025-07-04,False,1,listed_not_verified,not_adjudicated,not_assigned
NCT06243016,INTERVENTIONAL,RECRUITING,NA,"[""Aging""]",2025-02-07,False,1,listed_not_verified,not_adjudicated,not_assigned
NCT06245499,INTERVENTIONAL,COMPLETED,NA,"[""Dementia"", ""Alzheimer Disease""]",2026-09-10,True,1,listed_not_verified,not_adjudicated,not_assigned
NCT06246929,INTERVENTIONAL,RECRUITING,NA,"[""Chronic Pain"", ""Physical Activity"", ""Older Adults"", ""Mild Cognitive Impairment""]",2026-07-07,False,1,listed_not_verified,not_adjudicated,not_assigned
NCT06248723,INTERVENTIONAL,RECRUITING,NA,"[""Age-related Cognitive Decline""]",2025-07-29,False,1,listed_not_verified,not_adjudicated,not_assigned
NCT06251128,INTERVENTIONAL,UNKNOWN,NA,"[""Stroke"", ""Blood Pressure""]",2024-03-12,False,1,listed_not_verified,not_adjudicated,not_assigned
NCT06251284,INTERVENTIONAL,COMPLETED,NA,"[""Expectation Effects on Emotional Processing in Late Life""]",2024-12-11,False,1,listed_not_verified,not_adjudicated,not_assigned
NCT06252259,INTERVENTIONAL,ENROLLING_BY_INVITATION,NA,"[""Aging"", ""Mobility Limitation"", ""Physical Inactivity"", ""Sedentary Behavior"", ""Loneliness"", ""Social Isolation""]",2025-03-27,False,1,listed_not_verified,not_adjudicated,not_assigned
NCT06255431,INTERVENTIONAL,COMPLETED,PHASE4,"[""Aging Disorder""]",2024-02-13,False,1,listed_not_verified,not_adjudicated,not_assigned
NCT06256783,INTERVENTIONAL,UNKNOWN,EARLY_PHASE1,"[""Ovarian Aging""]",2024-02-13,False,1,listed_not_verified,not_adjudicated,not_assigned
NCT06258122,OBSERVATIONAL,RECRUITING,,"[""HIV Infections""]",2025-01-10,False,1,listed_not_verified,not_adjudicated,not_assigned
NCT06264882,INTERVENTIONAL,RECRUITING,PHASE4,"[""Menopause"", ""Estrogen Deficiency"", ""Aging"", ""Adiposity""]",2024-06-20,False,1,listed_not_verified,not_adjudicated,not_assigned
NCT06267625,OBSERVATIONAL,COMPLETED,,"[""Aging Disorder""]",2025-09-15,False,1,listed_not_verified,not_adjudicated,not_assigned
NCT06268132,OBSERVATIONAL,UNKNOWN,,"[""LONGEVITY 1"", ""Frailty"", ""Aging"", ""Age-related Cognitive Decline"", ""Aging Disorder""]",2024-02-22,False,1,listed_not_verified,not_adjudicated,not_assigned
NCT06269939,INTERVENTIONAL,RECRUITING,NA,"[""Aging""]",2026-07-22,False,1,listed_not_verified,not_adjudicated,not_assigned
NCT06270121,INTERVENTIONAL,RECRUITING,NA,"[""Depression in Old Age"", ""Chronic Pain"", ""Sleep Disorder Insomnia Chronic""]",2024-02-21,False,1,listed_not_verified,not_adjudicated,not_assigned
NCT06270862,INTERVENTIONAL,UNKNOWN,NA,"[""Healthy Aging"", ""Cognitive Change"", ""Psychological Stress"", ""Loneliness"", ""Social Interaction""]",2024-05-01,False,1,listed_not_verified,not_adjudicated,not_assigned
NCT06270979,OBSERVATIONAL,UNKNOWN,,"[""Frailty""]",2024-02-21,False,0,not_listed_not_absent,not_adjudicated,not_assigned
NCT06271239,INTERVENTIONAL,UNKNOWN,NA,"[""Frailty"", ""Aging"", ""Physical Disability""]",2024-06-06,False,4,listed_not_verified,not_adjudicated,not_assigned
NCT06271928,INTERVENTIONAL,UNKNOWN,EARLY_PHASE1,"[""Ovarian Aging""]",2024-02-22,False,1,listed_not_verified,not_adjudicated,not_assigned
NCT06283706,INTERVENTIONAL,RECRUITING,NA,"[""Healthy Aging""]",2025-05-30,False,1,listed_not_verified,not_adjudicated,not_assigned
NCT06284720,INTERVENTIONAL,UNKNOWN,NA,"[""Healthy Older Adults""]",2024-03-12,False,1,listed_not_verified,not_adjudicated,not_assigned
NCT06286384,OBSERVATIONAL,COMPLETED,,"[""Facial Aging""]",2025-12-30,False,1,listed_not_verified,not_adjudicated,not_assigned
NCT06287801,INTERVENTIONAL,COMPLETED,NA,"[""Healthy Aging"", ""Health Care Utilization"", ""Health-Related Behavior""]",2026-01-27,False,1,listed_not_verified,not_adjudicated,not_assigned
NCT06295354,OBSERVATIONAL,TERMINATED,,"[""Aging"", ""Aging Well"", ""Immuno Aging""]",2025-05-01,False,1,listed_not_verified,not_adjudicated,not_assigned
NCT06295523,INTERVENTIONAL,TERMINATED,NA,"[""COPD"", ""Aging"", ""Hyperthermia""]",2025-10-24,False,1,listed_not_verified,not_adjudicated,not_assigned
NCT06296199,INTERVENTIONAL,COMPLETED,NA,"[""Aging"", ""Disorder, Neurologic""]",2025-02-11,False,1,listed_not_verified,not_adjudicated,not_assigned
NCT06296485,INTERVENTIONAL,RECRUITING,NA,"[""Diabetes Mellitus, Type 2"", ""Hypoglycemia""]",2026-08-04,False,6,listed_not_verified,not_adjudicated,not_assigned
NCT06296875,INTERVENTIONAL,RECRUITING,NA,"[""Sarcopenia""]",2026-05-01,False,1,listed_not_verified,not_adjudicated,not_assigned
NCT06299241,OBSERVATIONAL,COMPLETED,,"[""Obesity"", ""Sarcopenia""]",2025-04-30,False,1,listed_not_verified,not_adjudicated,not_assigned
NCT06301529,INTERVENTIONAL,COMPLETED,PHASE4,"[""Healthy Aging""]",2024-07-19,False,1,listed_not_verified,not_adjudicated,not_assigned
NCT06302686,INTERVENTIONAL,UNKNOWN,NA,"[""Mild Cognitive Impairment"", ""Older Adults""]",2024-03-12,False,3,listed_not_verified,not_adjudicated,not_assigned
NCT06304688,INTERVENTIONAL,COMPLETED,NA,"[""Aging""]",2024-10-22,False,1,listed_not_verified,not_adjudicated,not_assigned
NCT06305923,INTERVENTIONAL,COMPLETED,NA,"[""Skin Aging""]",2024-03-12,False,1,listed_not_verified,not_adjudicated,not_assigned
NCT06306105,INTERVENTIONAL,COMPLETED,NA,"[""Skin Condition"", ""Hair Fragility"", ""Nails, Ingrown""]",2024-09-19,False,1,listed_not_verified,not_adjudicated,not_assigned
NCT06307197,INTERVENTIONAL,UNKNOWN,NA,"[""Dementia"", ""Devices"", ""Artificial Intelligence"", ""Older People"", ""Caregiver Burden""]",2024-03-12,False,1,listed_not_verified,not_adjudicated,not_assigned
NCT06307574,INTERVENTIONAL,RECRUITING,NA,"[""Aging"", ""Mild Cognitive Impairment"", ""Hypertension""]",2025-10-15,False,2,listed_not_verified,not_adjudicated,not_assigned
NCT06308458,INTERVENTIONAL,COMPLETED,NA,"[""Aging Well""]",2024-03-13,False,1,listed_not_verified,not_adjudicated,not_assigned
NCT06310798,INTERVENTIONAL,UNKNOWN,NA,"[""Oral Health"", ""Oral Health Related Quality of Life"", ""Participation"", ""Participation, Patient"", ""Health Planning""]",2024-03-15,False,1,listed_not_verified,not_adjudicated,not_assigned
NCT06311825,INTERVENTIONAL,COMPLETED,NA,"[""Horticultural Therapy"", ""Loneliness"", ""Satisfaction, Personal"", ""Aging""]",2026-02-18,False,1,listed_not_verified,not_adjudicated,not_assigned
NCT06316700,INTERVENTIONAL,COMPLETED,NA,"[""Healthy Aging""]",2025-05-04,False,1,listed_not_verified,not_adjudicated,not_assigned
NCT06321770,INTERVENTIONAL,COMPLETED,NA,"[""Facial Wrinkles"", ""Skin Hydration""]",2024-07-11,False,1,listed_not_verified,not_adjudicated,not_assigned
NCT06325306,INTERVENTIONAL,UNKNOWN,NA,"[""Chronic Disease"", ""Chronic Disease Management"", ""Aging""]",2024-03-22,False,1,listed_not_verified,not_adjudicated,not_assigned
NCT06328374,OBSERVATIONAL,WITHDRAWN,,"[""Alzheimer Disease"", ""Caregiver Burden"", ""Healthy Aging"", ""Dysphonia"", ""Dysphagia""]",2024-11-07,False,0,not_listed_not_absent,not_adjudicated,not_assigned
NCT06329596,INTERVENTIONAL,ACTIVE_NOT_RECRUITING,PHASE1|PHASE2,"[""Dysbiosis"", ""Inflammation Gum"", ""Placenta-mediated Pregnancy Complications"", ""Microbioata"", ""Neurodevelopmental Changes (Childhood, Ageing)""]",2026-03-10,False,1,listed_not_verified,not_adjudicated,not_assigned
NCT06332651,INTERVENTIONAL,COMPLETED,NA,"[""Ageing""]",2026-05-07,False,1,listed_not_verified,not_adjudicated,not_assigned
NCT06332898,INTERVENTIONAL,COMPLETED,NA,"[""Nutrition, Healthy"", ""Gastrointestinal Microbiome"", ""Healthy Aging""]",2025-05-04,False,1,listed_not_verified,not_adjudicated,not_assigned
NCT06333301,OBSERVATIONAL,NOT_YET_RECRUITING,,"[""Biological Aging""]",2024-03-27,False,0,not_listed_not_absent,not_adjudicated,not_assigned
NCT06334354,OBSERVATIONAL,RECRUITING,,"[""Breast Cancer Survivors""]",2026-05-14,False,7,listed_not_verified,not_adjudicated,not_assigned
NCT06336070,INTERVENTIONAL,RECRUITING,NA,"[""Breast Cancer Female"", ""Cardiometabolic Syndrome"", ""Metabolism Disorder, Lipid"", ""Autonomic Dysfunction"", ""Cardiovascular Diseases in Old Age""]",2024-04-04,False,1,listed_not_verified,not_adjudicated,not_assigned
NCT06336135,OBSERVATIONAL,COMPLETED,,"[""Skin Aging""]",2025-12-12,False,1,listed_not_verified,not_adjudicated,not_assigned
NCT06337682,OBSERVATIONAL,UNKNOWN,,"[""Aging"", ""Hypertension""]",2024-03-29,False,1,listed_not_verified,not_adjudicated,not_assigned
NCT06337747,INTERVENTIONAL,COMPLETED,NA,"[""Aging""]",2024-08-05,False,1,listed_not_verified,not_adjudicated,not_assigned
NCT06339996,INTERVENTIONAL,UNKNOWN,NA,"[""Unrecognized Condition""]",2024-08-02,False,1,listed_not_verified,not_adjudicated,not_assigned
NCT06343558,OBSERVATIONAL,RECRUITING,,"[""Multiple Sclerosis"", ""Parkinson Disease"", ""Peripheral Neuropathy"", ""Rare Diseases"", ""Healthy"", ""Healthy Aging""]",2025-08-03,False,2,listed_not_verified,not_adjudicated,not_assigned
NCT06345443,INTERVENTIONAL,ENROLLING_BY_INVITATION,NA,"[""Vascular Stiffness""]",2026-03-18,False,1,listed_not_verified,not_adjudicated,not_assigned
NCT06348771,INTERVENTIONAL,COMPLETED,NA,"[""Healthy Aging"", ""Overweight and Obesity""]",2026-05-13,False,2,listed_not_verified,not_adjudicated,not_assigned
NCT06349213,OBSERVATIONAL,RECRUITING,,"[""Healthy Aging""]",2026-03-11,False,1,listed_not_verified,not_adjudicated,not_assigned
NCT06349304,INTERVENTIONAL,UNKNOWN,NA,"[""Macula; Degeneration"", ""Aging"", ""Advanced Glycation End Products""]",2024-11-14,False,1,listed_not_verified,not_adjudicated,not_assigned
NCT06349616,INTERVENTIONAL,COMPLETED,NA,"[""Aging""]",2025-07-24,False,1,listed_not_verified,not_adjudicated,not_assigned
NCT06351683,INTERVENTIONAL,TERMINATED,PHASE2,"[""Lower Urinary Tract Symptoms"", ""Overactive Bladder Syndrome""]",2026-05-01,False,1,listed_not_verified,not_adjudicated,not_assigned
NCT06353438,INTERVENTIONAL,UNKNOWN,NA,"[""Aging"", ""Fall"", ""Old Age; Debility"", ""Muscle Weakness""]",2024-04-09,False,1,listed_not_verified,not_adjudicated,not_assigned
NCT06354166,INTERVENTIONAL,UNKNOWN,NA,"[""Aging""]",2024-04-09,False,1,listed_not_verified,not_adjudicated,not_assigned
NCT06354881,OBSERVATIONAL,RECRUITING,,"[""Lacunar Stroke""]",2025-03-24,False,1,listed_not_verified,not_adjudicated,not_assigned
NCT06357195,OBSERVATIONAL,ACTIVE_NOT_RECRUITING,,"[""Emergency Psychiatric"", ""Cognition Disorder"", ""Movement Disorders"", ""Antipsychotics and Neuroleptics Toxicity"", ""Dementia With Lewy Bodies"", ""Alteration in Mental Status"", ""Behavior"", ""Aging""]",2025-08-11,False,1,listed_not_verified,not_adjudicated,not_assigned
NCT06357923,INTERVENTIONAL,UNKNOWN,NA,"[""Aging""]",2024-09-27,False,1,listed_not_verified,not_adjudicated,not_assigned
NCT06358118,INTERVENTIONAL,UNKNOWN,NA,"[""Diabete Mellitus"", ""Aging"", ""Metabolic Disorders"", ""Traditional Chinese Medicine"", ""Randomized Controlled Trial""]",2024-06-04,False,6,listed_not_verified,not_adjudicated,not_assigned
NCT06363942,INTERVENTIONAL,UNKNOWN,NA,"[""Fall Injury"", ""Frailty"", ""Old Age; Atrophy"", ""Age-Related Atrophy"", ""Age-Related Sarcopenia""]",2024-07-12,False,1,listed_not_verified,not_adjudicated,not_assigned
NCT06365996,OBSERVATIONAL,UNKNOWN,,"[""Aging""]",2024-04-15,False,1,listed_not_verified,not_adjudicated,not_assigned
NCT06366867,INTERVENTIONAL,COMPLETED,NA,"[""Mild Cognitive Impairment"", ""Dementia"", ""Alzheimer Disease"", ""Aging""]",2026-05-12,False,1,listed_not_verified,not_adjudicated,not_assigned
NCT06367231,OBSERVATIONAL,COMPLETED,,"[""Mild Cognitive Impairment"", ""Dementia"", ""Alzheimer Disease"", ""Healthy Aging"", ""Cognitive Decline""]",2025-08-08,False,8,listed_not_verified,not_adjudicated,not_assigned
NCT06367296,INTERVENTIONAL,RECRUITING,NA,"[""Aging"", ""Obesity""]",2025-01-27,False,2,listed_not_verified,not_adjudicated,not_assigned
NCT06367738,INTERVENTIONAL,RECRUITING,PHASE1,"[""Aging""]",2025-10-21,False,1,listed_not_verified,not_adjudicated,not_assigned
NCT06372782,INTERVENTIONAL,COMPLETED,NA,"[""Skin Aging of Dorsal Hands""]",2025-10-10,True,3,listed_not_verified,not_adjudicated,not_assigned
NCT06374069,OBSERVATIONAL,ACTIVE_NOT_RECRUITING,,"[""Longevity"", ""Familial Longevity"", ""Extreme Longevity"", ""Aging""]",2026-08-26,False,1,listed_not_verified,not_adjudicated,not_assigned
NCT06376656,INTERVENTIONAL,ACTIVE_NOT_RECRUITING,NA,"[""Aging"", ""Elderly"", ""Cognitive Decline"", ""Physical Decline"", ""Intervention Study""]",2026-05-12,False,1,listed_not_verified,not_adjudicated,not_assigned
NCT06377215,INTERVENTIONAL,RECRUITING,NA,"[""Hearing Impairment, Sensorineural"", ""Spatial Perception"", ""Aging"", ""Hearing Aids""]",2025-12-22,False,1,listed_not_verified,not_adjudicated,not_assigned
NCT06377904,OBSERVATIONAL,NOT_YET_RECRUITING,,"[""Patients Hospitalized in Geriatrics for Heart Failure"", ""Patients Aged 75 and Over""]",2024-04-22,False,0,not_listed_not_absent,not_adjudicated,not_assigned
NCT06378086,INTERVENTIONAL,ACTIVE_NOT_RECRUITING,NA,"[""Pain"", ""Aging""]",2025-04-11,False,3,listed_not_verified,not_adjudicated,not_assigned
NCT06378385,OBSERVATIONAL,UNKNOWN,,"[""Aging""]",2024-04-25,False,1,listed_not_verified,not_adjudicated,not_assigned
NCT06380413,INTERVENTIONAL,UNKNOWN,NA,"[""Aging""]",2024-04-23,False,1,listed_not_verified,not_adjudicated,not_assigned
NCT06381336,INTERVENTIONAL,COMPLETED,NA,"[""Frail Elderly Syndrome"", ""Older Adults""]",2024-12-04,False,1,listed_not_verified,not_adjudicated,not_assigned
NCT06381414,OBSERVATIONAL,RECRUITING,,"[""Aging""]",2024-11-18,False,1,listed_not_verified,not_adjudicated,not_assigned
NCT06382688,INTERVENTIONAL,UNKNOWN,NA,"[""Healthy Aging""]",2024-04-24,False,1,listed_not_verified,not_adjudicated,not_assigned
NCT06385951,INTERVENTIONAL,RECRUITING,NA,"[""Mild Cognitive Impairment"", ""Alzheimer Disease"", ""Healthy Aging""]",2024-04-26,False,1,listed_not_verified,not_adjudicated,not_assigned
NCT06386536,INTERVENTIONAL,UNKNOWN,NA,"[""Aging"", ""Mobility Limitation""]",2024-04-26,False,1,listed_not_verified,not_adjudicated,not_assigned
NCT06389539,INTERVENTIONAL,RECRUITING,NA,"[""Osteoporosis"", ""Inflammation"", ""Aging""]",2026-03-17,False,1,listed_not_verified,not_adjudicated,not_assigned
NCT06394817,OBSERVATIONAL,RECRUITING,,"[""Age Problem"", ""Disability"", ""Death""]",2024-06-20,False,1,listed_not_verified,not_adjudicated,not_assigned
NCT06395376,INTERVENTIONAL,COMPLETED,NA,"[""Inflammation"", ""Aging"", ""Depression, Anxiety""]",2024-05-02,False,1,listed_not_verified,not_adjudicated,not_assigned
NCT06397469,INTERVENTIONAL,RECRUITING,NA,"[""Aging"", ""MCI"", ""Cognitive Decline""]",2026-08-24,False,1,listed_not_verified,not_adjudicated,not_assigned
NCT06398821,INTERVENTIONAL,COMPLETED,PHASE2,"[""Galectin 3"", ""Healthy Aging""]",2024-08-09,False,1,listed_not_verified,not_adjudicated,not_assigned
NCT06399809,INTERVENTIONAL,RECRUITING,PHASE2,"[""Peripheral Arterial Disease"", ""Aging"", ""Peripheral Vascular Diseases"", ""Walking, Difficulty"", ""Claudication""]",2026-04-15,False,1,listed_not_verified,not_adjudicated,not_assigned
NCT06399900,INTERVENTIONAL,RECRUITING,NA,"[""Peripheral Artery Disease"", ""Peripheral Vascular Disease"", ""Aging"", ""Walking, Difficulty""]",2026-04-15,False,1,listed_not_verified,not_adjudicated,not_assigned
NCT06404203,INTERVENTIONAL,COMPLETED,NA,"[""Cognitive Change"", ""Cytokine Levels"", ""Neuroinflammation""]",2026-03-16,False,1,listed_not_verified,not_adjudicated,not_assigned
NCT06404216,INTERVENTIONAL,COMPLETED,NA,"[""Aging"", ""Mental Health Issue"", ""War-Related Trauma""]",2026-01-07,False,1,listed_not_verified,not_adjudicated,not_assigned
NCT06405594,INTERVENTIONAL,RECRUITING,NA,"[""Aphasia, Acquired"", ""Stroke"", ""Healthy Aging""]",2024-09-03,False,1,listed_not_verified,not_adjudicated,not_assigned
NCT06405893,INTERVENTIONAL,COMPLETED,NA,"[""Healthy Aging""]",2026-08-10,True,1,listed_not_verified,not_adjudicated,not_assigned
NCT06408090,INTERVENTIONAL,UNKNOWN,NA,"[""Hospice Care"", ""Decision Aid"", ""Decision-Making"", ""Aging"", ""Knowledge"", ""Attitude""]",2024-05-09,False,1,listed_not_verified,not_adjudicated,not_assigned
NCT06410807,OBSERVATIONAL,COMPLETED,,"[""Aging"", ""Focus Groups""]",2025-12-18,False,1,listed_not_verified,not_adjudicated,not_assigned
NCT06411366,INTERVENTIONAL,COMPLETED,PHASE1,"[""Frailty"", ""Aging""]",2024-05-13,False,1,listed_not_verified,not_adjudicated,not_assigned
NCT06411964,INTERVENTIONAL,UNKNOWN,NA,"[""Muscle Loss""]",2024-05-16,False,1,listed_not_verified,not_adjudicated,not_assigned
NCT06412887,INTERVENTIONAL,COMPLETED,NA,"[""Healthy Aging""]",2024-05-14,False,1,listed_not_verified,not_adjudicated,not_assigned
NCT06417177,INTERVENTIONAL,RECRUITING,EARLY_PHASE1,"[""Aging"", ""Menopause"", ""Hypoxia"", ""Vasodilation""]",2026-09-10,False,1,listed_not_verified,not_adjudicated,not_assigned
NCT06419959,INTERVENTIONAL,RECRUITING,NA,"[""Post-traumatic Stress Disorder (PTSD)"", ""Cardiovascular Diseases"", ""Autonomic Dysfunction"", ""Vascular Stiffness"", ""Nightmare"", ""Endothelial Dysfunction"", ""Veteran""]",2026-10-08,False,1,listed_not_verified,not_adjudicated,not_assigned
NCT06423040,INTERVENTIONAL,UNKNOWN,NA,"[""Exercise"", ""Self Efficacy"", ""Behavioral Regulation"", ""Healthy Aging""]",2025-03-11,False,1,listed_not_verified,not_adjudicated,not_assigned
NCT06423118,OBSERVATIONAL,RECRUITING,,"[""Sleep"", ""Cognition"", ""Aging""]",2024-05-21,False,1,listed_not_verified,not_adjudicated,not_assigned
NCT06425042,INTERVENTIONAL,RECRUITING,NA,"[""Healthy Aging"", ""Lifestyle-related Condition"", ""Metabolic Diseases""]",2025-07-11,False,1,listed_not_verified,not_adjudicated,not_assigned
NCT06425510,INTERVENTIONAL,NOT_YET_RECRUITING,NA,"[""Aging"", ""Disability Physical""]",2026-04-13,False,1,listed_not_verified,not_adjudicated,not_assigned
NCT06425679,INTERVENTIONAL,UNKNOWN,NA,"[""Physical Inactivity"", ""Healthy Aging"", ""Older Adult""]",2024-05-22,False,2,listed_not_verified,not_adjudicated,not_assigned
NCT06428110,OBSERVATIONAL,COMPLETED,,"[""Warfarin Sodium Causing Adverse Effects in Therapeutic Use""]",2024-05-29,False,1,listed_not_verified,not_adjudicated,not_assigned
NCT06428721,INTERVENTIONAL,RECRUITING,NA,"[""Actinic Keratoses"", ""Aging"", ""Non-Melanoma Skin Cancer""]",2026-07-16,False,1,listed_not_verified,not_adjudicated,not_assigned
NCT06430073,OBSERVATIONAL,UNKNOWN,,"[""Aging"", ""Frailty"", ""Telomere Shortening"", ""Inflammation"", ""Hospital Infection""]",2024-05-28,False,0,not_listed_not_absent,not_adjudicated,not_assigned
NCT06431282,INTERVENTIONAL,UNKNOWN,NA,"[""Aging Skin""]",2024-05-28,False,1,listed_not_verified,not_adjudicated,not_assigned
NCT06432491,INTERVENTIONAL,RECRUITING,NA,"[""Body Temperature Changes"", ""Body Composition"", ""Aging""]",2026-01-21,False,1,listed_not_verified,not_adjudicated,not_assigned
NCT06433323,OBSERVATIONAL,COMPLETED,,"[""Healthy""]",2024-12-10,False,1,listed_not_verified,not_adjudicated,not_assigned
NCT06433427,OBSERVATIONAL,UNKNOWN,,"[""Aging"", ""Frailty"", ""Mitochondrial Dysfunction"", ""Chronic Disease""]",2024-05-29,False,0,not_listed_not_absent,not_adjudicated,not_assigned
NCT06434298,INTERVENTIONAL,ENROLLING_BY_INVITATION,NA,"[""Aging"", ""Physical Inactivity"", ""Mobility Limitation"", ""Loneliness"", ""Social Isolation""]",2024-06-06,False,1,listed_not_verified,not_adjudicated,not_assigned
NCT06434857,INTERVENTIONAL,UNKNOWN,NA,"[""Cognitive Impairment"", ""Aging Problems""]",2024-05-30,False,1,listed_not_verified,not_adjudicated,not_assigned
NCT06437704,INTERVENTIONAL,UNKNOWN,NA,"[""Mild Cognitive Impairment""]",2024-05-31,False,1,listed_not_verified,not_adjudicated,not_assigned
NCT06440681,INTERVENTIONAL,UNKNOWN,NA,"[""PreDiabetes"", ""Marker; Structural""]",2024-06-11,False,0,not_listed_not_absent,not_adjudicated,not_assigned
NCT06441136,INTERVENTIONAL,RECRUITING,NA,"[""Presbyphonia""]",2025-07-17,False,1,listed_not_verified,not_adjudicated,not_assigned
NCT06442670,OBSERVATIONAL,UNKNOWN,,"[""Neurodevelopmental Changes (Childhood, Ageing)""]",2024-06-04,False,0,not_listed_not_absent,not_adjudicated,not_assigned
NCT06444061,OBSERVATIONAL,COMPLETED,,"[""Accidental Falls"", ""Balance; Distorted"", ""Aging"", ""Self Efficacy"", ""Adaptation, Psychological""]",2025-05-25,False,1,listed_not_verified,not_adjudicated,not_assigned
NCT06444594,INTERVENTIONAL,ENROLLING_BY_INVITATION,EARLY_PHASE1,"[""Aging""]",2026-07-27,False,1,listed_not_verified,not_adjudicated,not_assigned
NCT06445309,OBSERVATIONAL,UNKNOWN,,"[""Deglutition Disorders""]",2024-06-06,False,0,not_listed_not_absent,not_adjudicated,not_assigned
NCT06445569,INTERVENTIONAL,COMPLETED,NA,"[""PreDiabetes"", ""Aging""]",2024-06-06,False,1,listed_not_verified,not_adjudicated,not_assigned
NCT06446414,INTERVENTIONAL,ENROLLING_BY_INVITATION,NA,"[""Aging"", ""Mobility Limitation"", ""Physical Inactivity"", ""Loneliness"", ""Social Isolation""]",2025-03-27,False,1,listed_not_verified,not_adjudicated,not_assigned
NCT06447246,OBSERVATIONAL,ENROLLING_BY_INVITATION,,"[""Childhood Obesity""]",2026-09-03,False,1,listed_not_verified,not_adjudicated,not_assigned
NCT06447948,INTERVENTIONAL,RECRUITING,NA,"[""Fall Patients""]",2026-07-28,False,4,listed_not_verified,not_adjudicated,not_assigned
NCT06448052,INTERVENTIONAL,ACTIVE_NOT_RECRUITING,PHASE1|PHASE2,"[""Inflammatory Disease"", ""Aging Problems"", ""Obese"", ""Lipid Metabolism Disorders"", ""Diabetes""]",2024-06-07,False,1,listed_not_verified,not_adjudicated,not_assigned
NCT06451822,INTERVENTIONAL,COMPLETED,NA,"[""Skin Aging"", ""Skin Wrinkling""]",2024-06-11,False,1,listed_not_verified,not_adjudicated,not_assigned
NCT06452043,INTERVENTIONAL,COMPLETED,NA,"[""Chronic Disease"", ""Fall Patients"", ""Aging Problems"", ""Parkinson Disease""]",2024-12-06,False,1,listed_not_verified,not_adjudicated,not_assigned
NCT06454942,INTERVENTIONAL,UNKNOWN,NA,"[""Atopic Dermatitis Eczema"", ""Aging"", ""Diet Modification""]",2024-07-19,False,1,listed_not_verified,not_adjudicated,not_assigned
NCT06455982,INTERVENTIONAL,UNKNOWN,NA,"[""Healthy Aging""]",2024-06-13,False,1,listed_not_verified,not_adjudicated,not_assigned
NCT06459310,INTERVENTIONAL,RECRUITING,PHASE2,"[""Metformin"", ""Aging""]",2025-03-21,False,1,listed_not_verified,not_adjudicated,not_assigned
NCT06459674,INTERVENTIONAL,COMPLETED,NA,"[""Postmenopausal Symptoms"", ""Aging"", ""Obesity""]",2026-02-12,False,1,listed_not_verified,not_adjudicated,not_assigned
NCT06462534,INTERVENTIONAL,COMPLETED,NA,"[""Type 2 Diabetes"", ""Frailty""]",2024-06-21,False,1,listed_not_verified,not_adjudicated,not_assigned
NCT06463574,INTERVENTIONAL,UNKNOWN,NA,"[""Tooth Decay""]",2024-06-18,False,1,listed_not_verified,not_adjudicated,not_assigned
NCT06463743,INTERVENTIONAL,RECRUITING,PHASE2,"[""Multiple Sclerosis""]",2025-11-21,False,1,listed_not_verified,not_adjudicated,not_assigned
NCT06466655,INTERVENTIONAL,COMPLETED,NA,"[""Middle-aged Adults"", ""Major Depressive Disorder""]",2025-10-02,True,1,listed_not_verified,not_adjudicated,not_assigned
NCT06471569,INTERVENTIONAL,COMPLETED,NA,"[""Prediabetic State"", ""Cardiovascular Diseases"", ""Insulin Resistance"", ""Obesity""]",2026-07-13,False,1,listed_not_verified,not_adjudicated,not_assigned
NCT06472674,OBSERVATIONAL,RECRUITING,,"[""Age Problem"", ""Disability"", ""Dementia"", ""Death""]",2024-06-25,False,1,listed_not_verified,not_adjudicated,not_assigned
NCT06475482,INTERVENTIONAL,COMPLETED,NA,"[""Cheilitis""]",2024-06-26,False,1,listed_not_verified,not_adjudicated,not_assigned
NCT06476561,OBSERVATIONAL,COMPLETED,,"[""Cognitive Dysfunction"", ""Motor Skills Disorders"", ""Aging""]",2024-06-26,False,1,listed_not_verified,not_adjudicated,not_assigned
NCT06477432,INTERVENTIONAL,COMPLETED,NA,"[""Skin Aging"", ""Skin Wrinkling""]",2024-06-27,False,1,listed_not_verified,not_adjudicated,not_assigned
NCT06478147,INTERVENTIONAL,UNKNOWN,NA,"[""Aging"", ""Appetite Loss"", ""Undernutrition""]",2024-06-27,False,1,listed_not_verified,not_adjudicated,not_assigned
NCT06479707,INTERVENTIONAL,ACTIVE_NOT_RECRUITING,NA,"[""Quality of Life"", ""Aging"", ""Technology"", ""Literacy""]",2026-07-02,False,1,listed_not_verified,not_adjudicated,not_assigned
NCT06482723,INTERVENTIONAL,COMPLETED,NA,"[""Skin Aging"", ""Skin Wrinkling""]",2024-07-01,False,1,listed_not_verified,not_adjudicated,not_assigned
NCT06486740,INTERVENTIONAL,COMPLETED,NA,"[""Skin Aging"", ""Skin Wrinkling""]",2024-07-03,False,1,listed_not_verified,not_adjudicated,not_assigned
NCT06486935,OBSERVATIONAL,UNKNOWN,,"[""Baseline/Control Phase"", ""Intervention Phase""]",2024-07-05,False,2,listed_not_verified,not_adjudicated,not_assigned
NCT06487130,OBSERVATIONAL,RECRUITING,,"[""Menopause"", ""Perimenopausal Disorder"", ""Postmenopausal Symptoms"", ""Health Knowledge, Attitudes, Practice"", ""Healthy Aging"", ""Health Care Utilization"", ""Health Care Seeking Behavior"", ""Mental Health Impairment"", ""Mental Deterioration"", ""Mental Health Issue"", ""Osteoporosis, Postmenopausal"", ""Diabetes Mellitus Risk"", ""Diabetes Mellitus, Type 2"", ""Dementia"", ""Cardiovascular Diseases"", ""Menopause Related Conditions"", ""Hot Flashes"", ""Hot Flushes Aggravated"", ""Economic Burden"", ""Social Stigma""]",2024-07-05,False,1,listed_not_verified,not_adjudicated,not_assigned
NCT06488872,OBSERVATIONAL,UNKNOWN,,"[""Sarcopenia"", ""Muscle Loss"", ""Osteoporosis""]",2024-07-11,False,1,listed_not_verified,not_adjudicated,not_assigned
NCT06491264,INTERVENTIONAL,WITHDRAWN,NA,"[""Healthy Aging""]",2026-02-25,False,0,not_listed_not_absent,not_adjudicated,not_assigned
NCT06492109,INTERVENTIONAL,RECRUITING,NA,"[""Sleep Deprivation"", ""Aging"", ""Alzheimer Disease"", ""Healthy Lifestyle"", ""Cognitive Decline"", ""Shift-work Disorder""]",2025-07-31,False,1,listed_not_verified,not_adjudicated,not_assigned
NCT06495190,INTERVENTIONAL,RECRUITING,NA,"[""Cognitive Decline, Mild""]",2025-03-12,False,1,listed_not_verified,not_adjudicated,not_assigned
NCT06495268,INTERVENTIONAL,ACTIVE_NOT_RECRUITING,NA,"[""Sensorineural Hearing Loss"", ""Cognitive Decline""]",2026-03-04,False,1,listed_not_verified,not_adjudicated,not_assigned
NCT06495437,INTERVENTIONAL,NOT_YET_RECRUITING,NA,"[""Impaired Glucose Tolerance""]",2024-07-19,False,0,not_listed_not_absent,not_adjudicated,not_assigned
NCT06495710,INTERVENTIONAL,RECRUITING,NA,"[""Hypertension"", ""Vascular Stiffness"", ""Aging""]",2026-04-13,False,3,listed_not_verified,not_adjudicated,not_assigned
NCT06496204,OBSERVATIONAL,COMPLETED,,"[""Sarcopenia"", ""Physical Fitness"", ""Muscle Strength"", ""Dynapenia"", ""Aerobic Fitness""]",2026-08-13,False,1,listed_not_verified,not_adjudicated,not_assigned
NCT06501066,INTERVENTIONAL,ACTIVE_NOT_RECRUITING,PHASE1|PHASE2,"[""Pathologic Processes""]",2024-07-15,False,2,listed_not_verified,not_adjudicated,not_assigned
NCT06501495,INTERVENTIONAL,RECRUITING,NA,"[""Aging"", ""Alzheimer Disease""]",2026-04-13,False,1,listed_not_verified,not_adjudicated,not_assigned
NCT06501547,INTERVENTIONAL,UNKNOWN,NA,"[""Aging"", ""Skin Laxity""]",2024-07-15,False,1,listed_not_verified,not_adjudicated,not_assigned
NCT06501820,INTERVENTIONAL,RECRUITING,NA,"[""Aging""]",2026-07-31,False,1,listed_not_verified,not_adjudicated,not_assigned
NCT06506422,INTERVENTIONAL,RECRUITING,PHASE2|PHASE3,"[""Aging"", ""Arterial Stiffness""]",2026-02-06,False,1,listed_not_verified,not_adjudicated,not_assigned
NCT06507111,INTERVENTIONAL,COMPLETED,NA,"[""Female"", ""Healthy Aging""]",2025-03-21,False,1,listed_not_verified,not_adjudicated,not_assigned
NCT06507137,INTERVENTIONAL,ENROLLING_BY_INVITATION,NA,"[""Healthy Aging""]",2026-10-09,False,1,listed_not_verified,not_adjudicated,not_assigned
NCT06507189,INTERVENTIONAL,RECRUITING,NA,"[""Aging"", ""Aging Well""]",2026-08-10,False,2,listed_not_verified,not_adjudicated,not_assigned
NCT06510959,INTERVENTIONAL,COMPLETED,NA,"[""Well-Being, Psychological"", ""Digital Skills""]",2024-07-19,False,1,listed_not_verified,not_adjudicated,not_assigned
NCT06511297,OBSERVATIONAL,RECRUITING,,"[""Obesity"", ""Aging"", ""Aging Problems"", ""Metabolic Syndrome""]",2026-02-17,False,2,listed_not_verified,not_adjudicated,not_assigned
NCT06512922,INTERVENTIONAL,ENROLLING_BY_INVITATION,NA,"[""Hypertension"", ""Condition"", ""Aging""]",2025-12-12,False,1,listed_not_verified,not_adjudicated,not_assigned
NCT06514547,INTERVENTIONAL,RECRUITING,PHASE4,"[""HIV Infections"", ""Age""]",2025-06-12,False,1,listed_not_verified,not_adjudicated,not_assigned
NCT06516120,OBSERVATIONAL,COMPLETED,,"[""Stroke"", ""Healthy Aging""]",2026-05-07,False,1,listed_not_verified,not_adjudicated,not_assigned
NCT06516146,INTERVENTIONAL,RECRUITING,NA,"[""Healthy Aging""]",2026-03-23,False,1,listed_not_verified,not_adjudicated,not_assigned
NCT06517043,INTERVENTIONAL,RECRUITING,NA,"[""Aging""]",2026-06-04,False,1,listed_not_verified,not_adjudicated,not_assigned
NCT06519864,INTERVENTIONAL,COMPLETED,NA,"[""Fall"", ""Healthy Aging""]",2024-07-25,False,1,listed_not_verified,not_adjudicated,not_assigned
NCT06519877,INTERVENTIONAL,RECRUITING,PHASE2,"[""Aging""]",2026-02-17,False,1,listed_not_verified,not_adjudicated,not_assigned
NCT06520982,INTERVENTIONAL,RECRUITING,EARLY_PHASE1,"[""Women"", ""Sympathetic Nervous System"", ""Aging"", ""Blood Flow""]",2025-11-26,False,1,listed_not_verified,not_adjudicated,not_assigned
NCT06521177,INTERVENTIONAL,COMPLETED,NA,"[""Skin Health"", ""Dermatology"", ""Skin Care""]",2024-07-25,False,1,listed_not_verified,not_adjudicated,not_assigned
NCT06521723,INTERVENTIONAL,RECRUITING,NA,"[""Spinal Cord Injuries""]",2026-03-20,False,2,listed_not_verified,not_adjudicated,not_assigned
NCT06523218,INTERVENTIONAL,UNKNOWN,NA,"[""Cognitive Decline"", ""Cognitive Function""]",2024-07-26,False,1,listed_not_verified,not_adjudicated,not_assigned
NCT06524388,INTERVENTIONAL,ENROLLING_BY_INVITATION,NA,"[""Cognition"", ""Diabetes Mellitus, Type 2"", ""Aging""]",2025-12-04,False,1,listed_not_verified,not_adjudicated,not_assigned
NCT06527066,INTERVENTIONAL,UNKNOWN,NA,"[""Aging Well""]",2025-02-07,False,1,listed_not_verified,not_adjudicated,not_assigned
NCT06528340,OBSERVATIONAL,COMPLETED,,"[""Advanced Maternal Age Pregnancy"", ""Premature"", ""Labor Complication"", ""Delivery Complication"", ""Delivery Complications Affecting Fetus / Newborn"", ""Delivery;Complicated;Liveborn"", ""Cesarean Section Complications"", ""Complication of Labor and Delivery""]",2026-01-23,False,1,listed_not_verified,not_adjudicated,not_assigned
NCT06528951,INTERVENTIONAL,UNKNOWN,NA,"[""Cognitive Impairment""]",2024-07-30,False,1,listed_not_verified,not_adjudicated,not_assigned
NCT06528977,INTERVENTIONAL,RECRUITING,NA,"[""Aging"", ""Diet, Healthy""]",2024-07-30,False,1,listed_not_verified,not_adjudicated,not_assigned
NCT06529224,OBSERVATIONAL,UNKNOWN,,"[""Infertility,Female""]",2024-07-31,False,1,listed_not_verified,not_adjudicated,not_assigned
NCT06530277,INTERVENTIONAL,COMPLETED,NA,"[""Healthy""]",2025-02-06,False,1,listed_not_verified,not_adjudicated,not_assigned
NCT06533202,INTERVENTIONAL,UNKNOWN,NA,"[""Aging"", ""Adaptation"", ""Psychosocial Factors"", ""Psychology"", ""Older People"", ""Retirement""]",2024-08-01,False,1,listed_not_verified,not_adjudicated,not_assigned
NCT06534450,INTERVENTIONAL,UNKNOWN,PHASE3,"[""Aging""]",2024-08-02,False,1,listed_not_verified,not_adjudicated,not_assigned
NCT06537232,INTERVENTIONAL,ACTIVE_NOT_RECRUITING,NA,"[""Aging""]",2025-01-08,False,1,listed_not_verified,not_adjudicated,not_assigned
NCT06538766,INTERVENTIONAL,RECRUITING,NA,"[""Healthy Aging"", ""Healthy""]",2025-09-18,False,1,listed_not_verified,not_adjudicated,not_assigned
NCT06539078,OBSERVATIONAL,RECRUITING,,"[""Aging""]",2024-08-06,False,1,listed_not_verified,not_adjudicated,not_assigned
NCT06539403,OBSERVATIONAL,UNKNOWN,,"[""Mild Cognitive Impairment"", ""Subjective Cognitive Decline""]",2024-08-06,False,1,listed_not_verified,not_adjudicated,not_assigned
NCT06540287,OBSERVATIONAL,RECRUITING,,"[""Aging""]",2024-10-08,False,1,listed_not_verified,not_adjudicated,not_assigned
NCT06542341,INTERVENTIONAL,COMPLETED,NA,"[""Wrinkle""]",2024-08-07,False,1,listed_not_verified,not_adjudicated,not_assigned
NCT06543719,INTERVENTIONAL,COMPLETED,NA,"[""Core Temperature"", ""Heat Stress, Exertional"", ""Heat Fatigue"", ""Exercise""]",2025-06-18,False,1,listed_not_verified,not_adjudicated,not_assigned
NCT06543888,INTERVENTIONAL,RECRUITING,NA,"[""Multidomain Intervention""]",2024-08-09,False,1,listed_not_verified,not_adjudicated,not_assigned
NCT06544876,INTERVENTIONAL,RECRUITING,NA,"[""Diabetic Peripheral Neuropathy"", ""Diabetic Peripheral Neuropathy Type 2"", ""Diabetic Peripheral Neuropathy Type 2 - Uncontrolled"", ""Healthy Aging""]",2024-08-09,False,1,listed_not_verified,not_adjudicated,not_assigned
NCT06548880,INTERVENTIONAL,COMPLETED,NA,"[""Aging"", ""Falling"", ""Dependence"", ""Inactivity, Physical""]",2025-01-14,False,1,listed_not_verified,not_adjudicated,not_assigned
NCT06549517,INTERVENTIONAL,COMPLETED,NA,"[""Cognitive Dysfunction""]",2024-08-14,False,1,listed_not_verified,not_adjudicated,not_assigned
NCT06550271,OBSERVATIONAL,COMPLETED,,"[""Aging""]",2024-08-13,False,1,listed_not_verified,not_adjudicated,not_assigned
NCT06552702,OBSERVATIONAL,COMPLETED,,"[""Healthy Aging""]",2024-08-14,False,1,listed_not_verified,not_adjudicated,not_assigned
NCT06553794,INTERVENTIONAL,COMPLETED,NA,"[""Protein Malabsorption""]",2025-09-15,False,1,listed_not_verified,not_adjudicated,not_assigned
NCT06554210,OBSERVATIONAL,COMPLETED,,"[""Aging, Premature"", ""HIV Infections""]",2024-08-15,False,1,listed_not_verified,not_adjudicated,not_assigned
NCT06554717,INTERVENTIONAL,RECRUITING,PHASE2,"[""HIV-1-infection"", ""Frailty"", ""Impaired Physical Function"", ""Abdominal Obesity"", ""Aging""]",2026-05-19,False,2,listed_not_verified,not_adjudicated,not_assigned
NCT06555978,OBSERVATIONAL,ACTIVE_NOT_RECRUITING,,"[""Healthy Aging"", ""Biological Aging"", ""Lifestyle Factors""]",2026-06-01,False,1,listed_not_verified,not_adjudicated,not_assigned
NCT06556706,INTERVENTIONAL,COMPLETED,NA,"[""Frailty"", ""Sarcopenia"", ""Aging"", ""Muscle Atrophy""]",2025-05-28,False,1,listed_not_verified,not_adjudicated,not_assigned
NCT06563453,INTERVENTIONAL,UNKNOWN,NA,"[""Aging"", ""Mild Cognitive Impairment"", ""Dementia With Lewy Bodies""]",2024-08-28,False,1,listed_not_verified,not_adjudicated,not_assigned
NCT06565169,INTERVENTIONAL,ACTIVE_NOT_RECRUITING,NA,"[""Alzheimer Disease"", ""Dementia"", ""Alzheimer's Disease (Incl Subtypes)"", ""Aging""]",2026-09-25,False,1,listed_not_verified,not_adjudicated,not_assigned
NCT06567119,INTERVENTIONAL,NOT_YET_RECRUITING,PHASE1,"[""Skin Aging""]",2026-04-23,False,0,not_listed_not_absent,not_adjudicated,not_assigned
NCT06567665,INTERVENTIONAL,RECRUITING,NA,"[""Muscle Protein Synthesis""]",2026-05-04,False,1,listed_not_verified,not_adjudicated,not_assigned
NCT06569576,INTERVENTIONAL,UNKNOWN,NA,"[""Group Meetings"", ""Telehealth""]",2024-08-27,False,1,listed_not_verified,not_adjudicated,not_assigned
NCT06571409,INTERVENTIONAL,COMPLETED,NA,"[""Healthy Volunteers""]",2025-01-31,False,1,listed_not_verified,not_adjudicated,not_assigned
NCT06572332,OBSERVATIONAL,ENROLLING_BY_INVITATION,,"[""Neurodegenerative Diseases"", ""Aging"", ""Brain"", ""Cognitive Dysfunction""]",2025-01-14,False,1,listed_not_verified,not_adjudicated,not_assigned
NCT06573749,INTERVENTIONAL,RECRUITING,NA,"[""Ageing Well"", ""Neuromuscular Function""]",2025-04-02,False,1,listed_not_verified,not_adjudicated,not_assigned
NCT06574243,OBSERVATIONAL,COMPLETED,,"[""Ageism""]",2024-08-27,False,1,listed_not_verified,not_adjudicated,not_assigned
NCT06574750,INTERVENTIONAL,COMPLETED,NA,"[""Aging Problems""]",2024-08-28,False,1,listed_not_verified,not_adjudicated,not_assigned
NCT06576297,INTERVENTIONAL,COMPLETED,NA,"[""Aging"", ""Heart Failure With Preserved Ejection Fraction"", ""Heart Failure With Reduced Ejection Fraction"", ""Frailty"", ""Physical Function"", ""Quality of Life""]",2026-07-17,True,1,listed_not_verified,not_adjudicated,not_assigned
NCT06579742,INTERVENTIONAL,UNKNOWN,NA,"[""Hair Thinning"", ""Hair Loss""]",2024-08-30,False,1,listed_not_verified,not_adjudicated,not_assigned
NCT06580470,INTERVENTIONAL,NOT_YET_RECRUITING,NA,"[""Menopause""]",2026-09-10,False,2,listed_not_verified,not_adjudicated,not_assigned
NCT06580964,INTERVENTIONAL,RECRUITING,NA,"[""Prediabetic State""]",2026-06-23,False,1,listed_not_verified,not_adjudicated,not_assigned
NCT06582680,INTERVENTIONAL,RECRUITING,PHASE4,"[""Heat Stress"", ""Aging""]",2025-10-23,False,1,listed_not_verified,not_adjudicated,not_assigned
NCT06582992,OBSERVATIONAL,UNKNOWN,,"[""Heart Failure"", ""Aging""]",2024-09-03,False,1,listed_not_verified,not_adjudicated,not_assigned
NCT06583733,INTERVENTIONAL,RECRUITING,NA,"[""Urinary Incontinence in Old Age""]",2025-03-30,False,4,listed_not_verified,not_adjudicated,not_assigned
NCT06584136,OBSERVATIONAL,COMPLETED,,"[""Aging""]",2025-11-21,False,1,listed_not_verified,not_adjudicated,not_assigned
NCT06584656,INTERVENTIONAL,COMPLETED,NA,"[""Healthy Aging"", ""Cognitive Function 1, Social"", ""Cerebrovascular Circulation"", ""Blood Flow""]",2025-03-25,False,2,listed_not_verified,not_adjudicated,not_assigned
NCT06585865,INTERVENTIONAL,RECRUITING,NA,"[""Sarcopenia"", ""Anabolic Resistance""]",2026-07-07,False,1,listed_not_verified,not_adjudicated,not_assigned
NCT06588842,INTERVENTIONAL,COMPLETED,NA,"[""Healthy Aging""]",2025-03-03,False,1,listed_not_verified,not_adjudicated,not_assigned
NCT06591325,INTERVENTIONAL,COMPLETED,NA,"[""Depressive Symptoms"", ""Aging"", ""Resistance Training"", ""Cardiovascular Risk Factor""]",2024-09-19,False,1,listed_not_verified,not_adjudicated,not_assigned
NCT06591897,OBSERVATIONAL,RECRUITING,,"[""Healthy Population""]",2024-10-08,False,1,listed_not_verified,not_adjudicated,not_assigned
NCT06592859,INTERVENTIONAL,RECRUITING,NA,"[""Aging"", ""NMN""]",2026-05-08,False,1,listed_not_verified,not_adjudicated,not_assigned
NCT06596304,INTERVENTIONAL,RECRUITING,NA,"[""Ageing"", ""Blood Flow Restriction""]",2024-10-23,False,2,listed_not_verified,not_adjudicated,not_assigned
NCT06599021,INTERVENTIONAL,RECRUITING,NA,"[""Dysphagia"", ""Intervention"", ""Ageing""]",2026-04-27,False,1,listed_not_verified,not_adjudicated,not_assigned
NCT06601491,INTERVENTIONAL,ACTIVE_NOT_RECRUITING,NA,"[""Vascular Stiffness"", ""Obesity""]",2024-09-19,False,1,listed_not_verified,not_adjudicated,not_assigned
NCT06603857,INTERVENTIONAL,UNKNOWN,PHASE2|PHASE3,"[""Improve Photoaging Signs""]",2024-09-19,False,1,listed_not_verified,not_adjudicated,not_assigned
NCT06604104,OBSERVATIONAL,RECRUITING,,"[""Frailty"", ""Age-Related Macular Degeneration"", ""Functional Status"", ""Mental Health"", ""Depression"", ""Anxiety"", ""Cognitive Impairment"", ""Visual Impairment""]",2026-03-04,False,2,listed_not_verified,not_adjudicated,not_assigned
NCT06604832,INTERVENTIONAL,COMPLETED,PHASE1,"[""Skin Aging"", ""Skin Wrinkling""]",2025-10-21,False,1,listed_not_verified,not_adjudicated,not_assigned
NCT06606704,INTERVENTIONAL,UNKNOWN,NA,"[""Aging""]",2024-09-23,False,1,listed_not_verified,not_adjudicated,not_assigned
NCT06607068,OBSERVATIONAL,UNKNOWN,,"[""Obesity and Type 2 Diabetes""]",2024-09-23,False,1,listed_not_verified,not_adjudicated,not_assigned
NCT06609421,OBSERVATIONAL,SUSPENDED,,"[""Infertility (IVF Patients)"", ""Ovarian Aging"", ""IVF""]",2025-02-04,False,1,listed_not_verified,not_adjudicated,not_assigned
NCT06611228,INTERVENTIONAL,RECRUITING,NA,"[""Frailty Syndrome"", ""Aging""]",2026-05-28,False,1,listed_not_verified,not_adjudicated,not_assigned
NCT06613542,INTERVENTIONAL,COMPLETED,NA,"[""Taurine"", ""Aging, Biological"", ""Physical Activity"", ""Metabolic Health"", ""Anti-Aging"", ""Longevity"", ""Dietary Supplement"", ""DNA Methylation"", ""Sport""]",2025-11-21,False,1,listed_not_verified,not_adjudicated,not_assigned
NCT06614556,INTERVENTIONAL,COMPLETED,NA,"[""Nerve Degeneration"", ""Healthy Aging""]",2024-09-26,False,1,listed_not_verified,not_adjudicated,not_assigned
NCT06615219,INTERVENTIONAL,COMPLETED,NA,"[""Aging"", ""Ageism""]",2024-10-15,False,1,listed_not_verified,not_adjudicated,not_assigned
NCT06616246,INTERVENTIONAL,RECRUITING,NA,"[""Health Behaviors"", ""Functional Decline"", ""Chronic Disease"", ""Risk Factors""]",2026-06-22,False,2,listed_not_verified,not_adjudicated,not_assigned
NCT06616285,INTERVENTIONAL,UNKNOWN,NA,"[""Neurocognitive Aging"", ""Healthy Aging""]",2025-05-18,False,1,listed_not_verified,not_adjudicated,not_assigned
NCT06616428,INTERVENTIONAL,COMPLETED,NA,"[""Ageing"", ""Aerobic Exercise"", ""Resistance Exercise"", ""Combined Exercise""]",2024-09-27,False,1,listed_not_verified,not_adjudicated,not_assigned
NCT06617195,OBSERVATIONAL,RECRUITING,,"[""Aging""]",2026-01-21,False,1,listed_not_verified,not_adjudicated,not_assigned
NCT06617806,INTERVENTIONAL,RECRUITING,NA,"[""Fall Prevention"", ""Autonomy of Older People"", ""Frail Elderly"", ""Advanced Practice Nursing""]",2024-11-15,False,1,listed_not_verified,not_adjudicated,not_assigned
NCT06618430,OBSERVATIONAL,UNKNOWN,,"[""Sarcopenic Obesity"", ""Sarcopenia"", ""Obesity"", ""Epigenesis, Genetic"", ""Aging""]",2024-10-02,False,1,listed_not_verified,not_adjudicated,not_assigned
NCT06618469,INTERVENTIONAL,COMPLETED,NA,"[""Aging""]",2024-10-01,False,1,listed_not_verified,not_adjudicated,not_assigned
NCT06618846,OBSERVATIONAL,COMPLETED,,"[""Obesity and Obesity-related Medical Conditions""]",2024-10-01,False,1,listed_not_verified,not_adjudicated,not_assigned
NCT06619457,INTERVENTIONAL,COMPLETED,NA,"[""Skin Aging""]",2025-04-03,False,1,listed_not_verified,not_adjudicated,not_assigned
NCT06619496,INTERVENTIONAL,COMPLETED,NA,"[""Aging""]",2024-10-01,False,1,listed_not_verified,not_adjudicated,not_assigned
NCT06620666,INTERVENTIONAL,ACTIVE_NOT_RECRUITING,NA,"[""Aging"", ""Physical Activity"", ""Training""]",2026-05-28,False,1,listed_not_verified,not_adjudicated,not_assigned
NCT06621264,INTERVENTIONAL,RECRUITING,NA,"[""Chronic Kidney Disease Stage 3 and 4"", ""Peripheral Artery Disease (PAD)""]",2025-05-31,False,3,listed_not_verified,not_adjudicated,not_assigned
NCT06621290,OBSERVATIONAL,COMPLETED,,"[""Frailty in Aging"", ""Emergency Department Visit"", ""Patient Experience"", ""Qualitative Research""]",2024-11-12,False,1,listed_not_verified,not_adjudicated,not_assigned
NCT06621368,INTERVENTIONAL,RECRUITING,NA,"[""Aging""]",2024-10-01,False,1,listed_not_verified,not_adjudicated,not_assigned
NCT06622889,INTERVENTIONAL,ENROLLING_BY_INVITATION,NA,"[""Subjective Cognitive Decline (SCD)""]",2024-11-29,False,1,listed_not_verified,not_adjudicated,not_assigned
NCT06623669,INTERVENTIONAL,RECRUITING,PHASE2,"[""Chronic Pain"", ""Osteoarthritis"", ""Obesity and Overweight"", ""Inactivity""]",2026-02-20,False,1,listed_not_verified,not_adjudicated,not_assigned
NCT06624163,INTERVENTIONAL,COMPLETED,NA,"[""Obesity""]",2026-09-25,True,1,listed_not_verified,not_adjudicated,not_assigned
NCT06625762,INTERVENTIONAL,RECRUITING,NA,"[""Obesity""]",2026-04-03,False,1,listed_not_verified,not_adjudicated,not_assigned
NCT06628427,OBSERVATIONAL,UNKNOWN,,"[""Mild Cognitive Impairment (MCI)""]",2024-10-08,False,1,listed_not_verified,not_adjudicated,not_assigned
NCT06628999,INTERVENTIONAL,WITHDRAWN,NA,"[""Intellectual Disability"", ""Intellectual Impairment"", ""Activity, Motor"", ""Sports Physical Therapy""]",2026-05-06,False,0,not_listed_not_absent,not_adjudicated,not_assigned
NCT06629636,INTERVENTIONAL,RECRUITING,NA,"[""Repeated IVF Failure"", ""Female Infertility""]",2024-10-08,False,1,listed_not_verified,not_adjudicated,not_assigned
NCT06629792,INTERVENTIONAL,COMPLETED,NA,"[""Fine Lines"", ""Wrinkles"", ""Laxity; Skin""]",2024-10-08,False,1,listed_not_verified,not_adjudicated,not_assigned
NCT06630832,INTERVENTIONAL,COMPLETED,NA,"[""Body Temperature Changes"", ""Heat Stress"", ""Heat Exposure"", ""Heat Fatigue"", ""Work Related Stress"", ""Hyperthermia""]",2025-06-17,False,1,listed_not_verified,not_adjudicated,not_assigned
NCT06630949,OBSERVATIONAL,RECRUITING,,"[""Aging"", ""Muscle Loss""]",2024-10-08,False,1,listed_not_verified,not_adjudicated,not_assigned
NCT06632145,INTERVENTIONAL,COMPLETED,NA,"[""Subjective Cognitive Decline (SCD)""]",2026-09-21,False,1,listed_not_verified,not_adjudicated,not_assigned
NCT06632899,INTERVENTIONAL,RECRUITING,NA,"[""Community Centers""]",2024-10-09,False,1,listed_not_verified,not_adjudicated,not_assigned
NCT06633198,INTERVENTIONAL,ACTIVE_NOT_RECRUITING,EARLY_PHASE1,"[""Aging""]",2026-07-09,False,1,listed_not_verified,not_adjudicated,not_assigned
NCT06633731,INTERVENTIONAL,COMPLETED,NA,"[""Skin Smoothness"", ""Radiance"", ""Overall Appearance""]",2024-10-09,False,1,listed_not_verified,not_adjudicated,not_assigned
NCT06633952,INTERVENTIONAL,ACTIVE_NOT_RECRUITING,NA,"[""Aging"", ""MCI""]",2026-08-24,False,1,listed_not_verified,not_adjudicated,not_assigned
NCT06633978,INTERVENTIONAL,ACTIVE_NOT_RECRUITING,NA,"[""MCI"", ""Aging""]",2026-08-24,False,1,listed_not_verified,not_adjudicated,not_assigned
NCT06635369,INTERVENTIONAL,COMPLETED,NA,"[""Peridontal Disease"", ""Aging""]",2024-10-10,False,1,listed_not_verified,not_adjudicated,not_assigned
NCT06636201,OBSERVATIONAL,UNKNOWN,,"[""Aging""]",2024-10-10,False,1,listed_not_verified,not_adjudicated,not_assigned
NCT06636721,INTERVENTIONAL,NOT_YET_RECRUITING,NA,"[""Lung Cancer""]",2026-08-28,False,1,listed_not_verified,not_adjudicated,not_assigned
NCT06638060,OBSERVATIONAL,RECRUITING,,"[""Aging""]",2026-03-12,False,1,listed_not_verified,not_adjudicated,not_assigned
NCT06638697,INTERVENTIONAL,NOT_YET_RECRUITING,NA,"[""Aged"", ""Aged Subject""]",2024-10-16,False,0,not_listed_not_absent,not_adjudicated,not_assigned
NCT06638905,INTERVENTIONAL,NOT_YET_RECRUITING,PHASE2|PHASE3,"[""Facial Wrinkles"", ""Skin Aging""]",2024-10-15,False,0,not_listed_not_absent,not_adjudicated,not_assigned
NCT06645847,INTERVENTIONAL,RECRUITING,NA,"[""Frail Elderly"", ""Aging"", ""Immune Function"", ""Muscle Function""]",2026-09-09,False,3,listed_not_verified,not_adjudicated,not_assigned
NCT06647524,INTERVENTIONAL,RECRUITING,PHASE2,"[""THC""]",2025-10-09,False,1,listed_not_verified,not_adjudicated,not_assigned
NCT06649981,INTERVENTIONAL,ACTIVE_NOT_RECRUITING,PHASE1,"[""Resilience"", ""Cognitive Function and Well-Being"", ""Muscle Function, Handgrip Strength Test"", ""Insulin Sensitivity""]",2026-07-29,False,2,listed_not_verified,not_adjudicated,not_assigned
NCT06650345,INTERVENTIONAL,COMPLETED,NA,"[""Cognitive Function"", ""Exercise Training""]",2024-10-21,False,0,not_listed_not_absent,not_adjudicated,not_assigned
NCT06657365,INTERVENTIONAL,COMPLETED,NA,"[""Facial Wrinkles"", ""Anti-Aging"", ""Wrinkles and Rhytides"", ""Wrinkles Such as Nasolabial Folds"", ""Wrinkles""]",2026-05-04,False,1,listed_not_verified,not_adjudicated,not_assigned
NCT06657989,INTERVENTIONAL,RECRUITING,NA,"[""Accidental Falls""]",2026-09-29,False,1,listed_not_verified,not_adjudicated,not_assigned
NCT06658093,INTERVENTIONAL,RECRUITING,EARLY_PHASE1,"[""Aging""]",2026-06-01,False,1,listed_not_verified,not_adjudicated,not_assigned
NCT06658847,INTERVENTIONAL,COMPLETED,NA,"[""Retinoid"", ""Skin Aging"", ""Epigenomics""]",2025-06-17,False,1,listed_not_verified,not_adjudicated,not_assigned
NCT06660706,INTERVENTIONAL,RECRUITING,NA,"[""Age-related Functional Decline""]",2024-10-28,False,1,listed_not_verified,not_adjudicated,not_assigned
NCT06660979,INTERVENTIONAL,COMPLETED,NA,"[""Aging""]",2026-04-02,False,1,listed_not_verified,not_adjudicated,not_assigned
NCT06665022,INTERVENTIONAL,WITHDRAWN,NA,"[""Cognitive Impairment"", ""Cognitive Decline""]",2024-11-21,False,1,listed_not_verified,not_adjudicated,not_assigned
NCT06669923,INTERVENTIONAL,NOT_YET_RECRUITING,NA,"[""Colorectal Neoplasms""]",2024-11-01,False,0,not_listed_not_absent,not_adjudicated,not_assigned
NCT06670365,INTERVENTIONAL,COMPLETED,NA,"[""Hyperthermia"", ""Thermoregulation"", ""Aging"", ""Heat Acclimation and Thermotolerance""]",2026-06-11,False,1,listed_not_verified,not_adjudicated,not_assigned
NCT06673303,INTERVENTIONAL,COMPLETED,NA,"[""Noise Correlations"", ""Learning Quality""]",2026-05-26,False,1,listed_not_verified,not_adjudicated,not_assigned
NCT06674005,INTERVENTIONAL,COMPLETED,NA,"[""Skin Laxity"", ""Skin Aging"", ""Skin Wrinkling""]",2024-11-05,False,1,listed_not_verified,not_adjudicated,not_assigned
NCT06676839,INTERVENTIONAL,RECRUITING,NA,"[""Ageing""]",2026-03-23,False,6,listed_not_verified,not_adjudicated,not_assigned
NCT06678100,OBSERVATIONAL,RECRUITING,,"[""Alzheimer Disease"", ""Caregiver Burden"", ""Healthy Aging"", ""Dysphagia""]",2026-05-08,False,1,listed_not_verified,not_adjudicated,not_assigned
NCT06679296,OBSERVATIONAL,RECRUITING,,"[""Cognitive Dysfunction"", ""Aging""]",2024-11-07,False,1,listed_not_verified,not_adjudicated,not_assigned
NCT06679452,INTERVENTIONAL,NOT_YET_RECRUITING,NA,"[""Emotion-Focused Therapy"", ""Aging"", ""Forgiveness""]",2024-11-13,False,1,listed_not_verified,not_adjudicated,not_assigned
NCT06682221,INTERVENTIONAL,UNKNOWN,PHASE3,"[""Aging"", ""Cardiovascular Health Status"", ""Physical Training"", ""Nutritional Interventions"", ""Respiratory Health"", ""Immunology""]",2024-11-12,False,1,listed_not_verified,not_adjudicated,not_assigned
NCT06685731,INTERVENTIONAL,UNKNOWN,NA,"[""ELDERLY PEOPLE""]",2024-11-12,False,1,listed_not_verified,not_adjudicated,not_assigned
NCT06688578,INTERVENTIONAL,RECRUITING,NA,"[""Vestibular Disorder"", ""Aging""]",2026-06-23,False,2,listed_not_verified,not_adjudicated,not_assigned
NCT06689618,INTERVENTIONAL,RECRUITING,NA,"[""Aging"", ""Sarcopenia"", ""Sarcopenia in Elderly""]",2026-02-17,False,1,listed_not_verified,not_adjudicated,not_assigned
NCT06692543,INTERVENTIONAL,RECRUITING,NA,"[""Aging""]",2026-05-22,False,1,listed_not_verified,not_adjudicated,not_assigned
NCT06695182,OBSERVATIONAL,ACTIVE_NOT_RECRUITING,,"[""Premature Coronary Heart Disease""]",2024-11-19,False,0,not_listed_not_absent,not_adjudicated,not_assigned
NCT06697288,INTERVENTIONAL,RECRUITING,NA,"[""Aging""]",2024-11-20,False,1,listed_not_verified,not_adjudicated,not_assigned
NCT06699927,INTERVENTIONAL,COMPLETED,EARLY_PHASE1,"[""Cognitive Change""]",2026-04-20,False,1,listed_not_verified,not_adjudicated,not_assigned
NCT06700005,OBSERVATIONAL,RECRUITING,,"[""Aphasia"", ""Stroke"", ""Alexia""]",2024-11-21,False,1,listed_not_verified,not_adjudicated,not_assigned
NCT06700642,INTERVENTIONAL,COMPLETED,NA,"[""Medication Adherence"", ""Patient Compliance"", ""Drug Utilization Review""]",2024-11-22,False,1,listed_not_verified,not_adjudicated,not_assigned
NCT06703541,OBSERVATIONAL,RECRUITING,,"[""Alzheimer Disease"", ""Mild Cognitive Impairment"", ""Dementia""]",2026-09-03,False,1,listed_not_verified,not_adjudicated,not_assigned
NCT06705010,INTERVENTIONAL,NOT_YET_RECRUITING,NA,"[""Aging"", ""Brain Metabolic Disorder"", ""Carotid Stenosis"", ""Alzheimer Disease"", ""Diabetes Type 2"", ""Mild Cognitive Impairment"", ""Brain Disease""]",2025-03-25,False,1,listed_not_verified,not_adjudicated,not_assigned
NCT06712056,INTERVENTIONAL,COMPLETED,NA,"[""Aging Well"", ""Nursing Caries""]",2024-12-02,False,1,listed_not_verified,not_adjudicated,not_assigned
NCT06714162,INTERVENTIONAL,NOT_YET_RECRUITING,NA,"[""Ageing Signs""]",2024-12-03,False,0,not_listed_not_absent,not_adjudicated,not_assigned
NCT06714487,INTERVENTIONAL,COMPLETED,NA,"[""Multiple Sclerosis""]",2024-12-03,False,0,not_listed_not_absent,not_adjudicated,not_assigned
NCT06717178,OBSERVATIONAL,COMPLETED,,"[""Cancer"", ""Cancer-related Problem/Condition""]",2026-08-18,False,2,listed_not_verified,not_adjudicated,not_assigned
NCT06718140,INTERVENTIONAL,ENROLLING_BY_INVITATION,PHASE1,"[""Mild Neurocognitive Disorder"", ""Healthy Aging""]",2025-11-24,False,1,listed_not_verified,not_adjudicated,not_assigned
NCT06718699,OBSERVATIONAL,ENROLLING_BY_INVITATION,,"[""Healthy Aging""]",2026-01-29,False,1,listed_not_verified,not_adjudicated,not_assigned
NCT06718712,INTERVENTIONAL,COMPLETED,NA,"[""Aging"", ""Muscle Hypertrophy""]",2024-12-11,False,1,listed_not_verified,not_adjudicated,not_assigned
NCT06719154,OBSERVATIONAL,RECRUITING,,"[""Skin Aging""]",2024-12-05,False,3,listed_not_verified,not_adjudicated,not_assigned
NCT06719505,INTERVENTIONAL,NOT_YET_RECRUITING,NA,"[""Muscle Mass"", ""Muscle Strength"", ""Physical Performance""]",2024-12-13,False,1,listed_not_verified,not_adjudicated,not_assigned
NCT06721390,INTERVENTIONAL,ACTIVE_NOT_RECRUITING,NA,"[""Aging"", ""Cognitive Aging"", ""Cognitive Impairment"", ""Cognitive Training"", ""Mild Cognitive Impairment"", ""Cognitively Normal Older Adults""]",2026-06-12,False,1,listed_not_verified,not_adjudicated,not_assigned
NCT06726616,OBSERVATIONAL,RECRUITING,,"[""Older Adults (65 Years and Older)"", ""Hispanic Americans"", ""Cognitive Aging"", ""Aging, Healthy"", ""Exercise""]",2026-06-04,False,1,listed_not_verified,not_adjudicated,not_assigned
NCT06727292,INTERVENTIONAL,RECRUITING,NA,"[""Skin Aging"", ""Hair Condition"", ""Skin Condition""]",2024-12-10,False,1,listed_not_verified,not_adjudicated,not_assigned
NCT06727305,INTERVENTIONAL,RECRUITING,PHASE1|PHASE2,"[""Aging""]",2026-06-25,False,1,listed_not_verified,not_adjudicated,not_assigned
NCT06727942,INTERVENTIONAL,RECRUITING,NA,"[""Adult ALL""]",2026-05-29,False,1,listed_not_verified,not_adjudicated,not_assigned
NCT06731491,INTERVENTIONAL,NOT_YET_RECRUITING,NA,"[""HIV""]",2025-04-01,False,0,not_listed_not_absent,not_adjudicated,not_assigned
NCT06733181,INTERVENTIONAL,COMPLETED,NA,"[""Aging, Healthy"", ""Risk Reduction"", ""Old Age; Dementia""]",2025-04-23,False,1,listed_not_verified,not_adjudicated,not_assigned
NCT06733818,OBSERVATIONAL,COMPLETED,,"[""Aging"", ""Physical Functional Performance"", ""Physical Activity"", ""Active Ageing""]",2024-12-13,False,1,listed_not_verified,not_adjudicated,not_assigned
NCT06734468,INTERVENTIONAL,ACTIVE_NOT_RECRUITING,NA,"[""Aging"", ""Aging, Healthy""]",2026-04-28,False,1,listed_not_verified,not_adjudicated,not_assigned
NCT06738784,INTERVENTIONAL,RECRUITING,NA,"[""Mental Health"", ""Aging Disorder"", ""Psychiatric Disorder""]",2026-03-16,False,1,listed_not_verified,not_adjudicated,not_assigned
NCT06740162,INTERVENTIONAL,RECRUITING,NA,"[""Intellectual Disability"", ""Neurodevelopmental Disorders"", ""Autism Spectrum Disorder"", ""Down Syndrome"", ""Fragile X Syndrome"", ""Cri-du-Chat Syndrome"", ""De Lange Syndrome"", ""Mental Retardation, X-Linked"", ""Prader-Willi Syndrome"", ""Rubinstein-Taybi Syndrome"", ""Trisomy 13 Syndrome"", ""WAGR Syndrome"", ""Williams Syndrome""]",2026-02-23,False,2,listed_not_verified,not_adjudicated,not_assigned
NCT06740266,INTERVENTIONAL,RECRUITING,NA,"[""Parent Child Relationship"", ""Child Social-Emotional Development"", ""Telomere Length"", ""Epigenetic Aging""]",2026-02-06,False,1,listed_not_verified,not_adjudicated,not_assigned
NCT06742775,OBSERVATIONAL,NOT_YET_RECRUITING,,"[""Aging"", ""Diagnostic Techniques, Cardiovascular""]",2024-12-19,False,1,listed_not_verified,not_adjudicated,not_assigned
NCT06743841,INTERVENTIONAL,COMPLETED,NA,"[""Nutrition, Healthy"", ""Quality of Life""]",2024-12-20,False,1,listed_not_verified,not_adjudicated,not_assigned
NCT06744491,OBSERVATIONAL,NOT_YET_RECRUITING,,"[""Inactivity, Physical"", ""Aging"", ""Healthy Aging"", ""Growth &amp; Development"", ""Sex Differences"", ""Anabolic Sensitivity"", ""Protein Metabolism"", ""Physical Activity""]",2024-12-20,False,1,listed_not_verified,not_adjudicated,not_assigned
NCT06745466,INTERVENTIONAL,RECRUITING,PHASE4,"[""Estrogen"", ""Premenopause""]",2026-07-02,False,1,listed_not_verified,not_adjudicated,not_assigned
NCT06746649,INTERVENTIONAL,ACTIVE_NOT_RECRUITING,NA,"[""Osteopenia"", ""Osteoporosis"", ""Aging""]",2024-12-24,False,1,listed_not_verified,not_adjudicated,not_assigned
NCT06748625,INTERVENTIONAL,ACTIVE_NOT_RECRUITING,PHASE3,"[""Risk Behavior"", ""Cognitive Decline""]",2026-08-25,False,1,listed_not_verified,not_adjudicated,not_assigned
NCT06749080,INTERVENTIONAL,RECRUITING,NA,"[""Reablement"", ""Frailty""]",2025-03-07,False,2,listed_not_verified,not_adjudicated,not_assigned
NCT06749938,INTERVENTIONAL,COMPLETED,NA,"[""Cancer""]",2024-12-27,False,1,listed_not_verified,not_adjudicated,not_assigned
NCT06750653,INTERVENTIONAL,COMPLETED,PHASE4,"[""Inflammation"", ""Skin Inflammation"", ""Aging""]",2026-07-14,False,1,listed_not_verified,not_adjudicated,not_assigned
NCT06753643,OBSERVATIONAL,NOT_YET_RECRUITING,,"[""Healthy Ageing"", ""Frailty""]",2024-12-31,False,0,not_listed_not_absent,not_adjudicated,not_assigned
NCT06761274,INTERVENTIONAL,RECRUITING,NA,"[""Hodgkin Lymphoma in Remission""]",2025-01-07,False,1,listed_not_verified,not_adjudicated,not_assigned
NCT06765811,OBSERVATIONAL,COMPLETED,,"[""Kidney Function Decline"", ""Glomerular Filtration Rate"", ""Urine Albumin-creatinine Ratio"", ""Healthy Aging"", ""Comorbidity"", ""Chronic Kidney Disease""]",2025-01-09,False,1,listed_not_verified,not_adjudicated,not_assigned
NCT06767410,INTERVENTIONAL,RECRUITING,NA,"[""Healthy Volunteer Study""]",2025-01-09,False,4,listed_not_verified,not_adjudicated,not_assigned
NCT06768112,INTERVENTIONAL,ACTIVE_NOT_RECRUITING,NA,"[""Balanced"", ""Aging""]",2025-01-10,False,1,listed_not_verified,not_adjudicated,not_assigned
NCT06771024,INTERVENTIONAL,NOT_YET_RECRUITING,NA,"[""Osteoarthritis Pain"", ""Myocardial Infarction (MI)"", ""Hypertension"", ""Dyslipidemia"", ""Diabetes Mellitus"", ""Overweight , Obesity"", ""Stroke""]",2026-09-10,False,1,listed_not_verified,not_adjudicated,not_assigned
NCT06774742,INTERVENTIONAL,COMPLETED,NA,"[""Skin Quality"", ""Lips Quality"", ""Persistence of the Effect""]",2025-09-24,False,1,listed_not_verified,not_adjudicated,not_assigned
NCT06779032,OBSERVATIONAL,NOT_YET_RECRUITING,,"[""Aging Skin"", ""Body Mass Index"", ""Cellular Senescence"", ""Triglycerides"", ""Waist Circumference""]",2025-01-16,False,1,listed_not_verified,not_adjudicated,not_assigned
NCT06779188,INTERVENTIONAL,RECRUITING,EARLY_PHASE1,"[""Aging"", ""Balance Deficits""]",2026-08-28,False,1,listed_not_verified,not_adjudicated,not_assigned
NCT06780020,INTERVENTIONAL,COMPLETED,NA,"[""Older People"", ""Sports"", ""Martial Arts""]",2025-01-17,False,1,listed_not_verified,not_adjudicated,not_assigned
NCT06780995,INTERVENTIONAL,RECRUITING,NA,"[""Stroke""]",2025-12-23,False,2,listed_not_verified,not_adjudicated,not_assigned
NCT06782919,INTERVENTIONAL,WITHDRAWN,NA,"[""Chronic Low Back Pain (CLBP)"", ""Aging""]",2025-09-10,False,1,listed_not_verified,not_adjudicated,not_assigned
NCT06788379,OBSERVATIONAL,RECRUITING,,"[""Establish the Amount of CENPV Protein in Human Oocytes as a Diagnostic Tool Against Damage Caused by Ageing or by the Procedure of Vitrification of Oocytes"", ""Advance Maternal Age"", ""Vitrification and Thawing""]",2026-09-15,False,1,listed_not_verified,not_adjudicated,not_assigned
NCT06789653,OBSERVATIONAL,RECRUITING,,"[""Breast Cancer""]",2026-08-18,False,1,listed_not_verified,not_adjudicated,not_assigned
NCT06789900,INTERVENTIONAL,ACTIVE_NOT_RECRUITING,PHASE2,"[""Postmenopausal Women""]",2026-04-07,False,1,listed_not_verified,not_adjudicated,not_assigned
NCT06791486,OBSERVATIONAL,RECRUITING,,"[""Biological Age""]",2025-04-02,False,4,listed_not_verified,not_adjudicated,not_assigned
NCT06792877,INTERVENTIONAL,RECRUITING,NA,"[""Mild Cognitive Impairment (MCI)"", ""Mild Cognitive Impairment (MCI) Due to Alzheimer's Disease"", ""TBI (Traumatic Brain Injury)"", ""Aging"", ""Healthy Elderly"", ""Alzheimer&Amp;Amp;#39;s Dementia (AD)""]",2025-01-27,False,1,listed_not_verified,not_adjudicated,not_assigned
NCT06794060,INTERVENTIONAL,NOT_YET_RECRUITING,NA,"[""Premature Ovarian Insufficiency"", ""Ovarian Reserve Function""]",2025-06-26,False,0,not_listed_not_absent,not_adjudicated,not_assigned
NCT06794255,INTERVENTIONAL,RECRUITING,NA,"[""Ageing""]",2025-06-27,False,3,listed_not_verified,not_adjudicated,not_assigned
NCT06798571,INTERVENTIONAL,RECRUITING,PHASE4,"[""Menopause"", ""Aging""]",2026-10-02,False,1,listed_not_verified,not_adjudicated,not_assigned
NCT06802029,OBSERVATIONAL,WITHDRAWN,,"[""Aging""]",2026-09-23,False,1,listed_not_verified,not_adjudicated,not_assigned
NCT06804759,INTERVENTIONAL,ACTIVE_NOT_RECRUITING,NA,"[""Skin Aging""]",2025-02-03,False,1,listed_not_verified,not_adjudicated,not_assigned
NCT06804772,INTERVENTIONAL,ACTIVE_NOT_RECRUITING,NA,"[""Skin Aging""]",2025-02-03,False,1,listed_not_verified,not_adjudicated,not_assigned
NCT06805578,INTERVENTIONAL,COMPLETED,NA,"[""Mild Cognitive Impairment (MCI)"", ""Ageing"", ""Mild Dementia"", ""Well-being""]",2026-06-15,False,1,listed_not_verified,not_adjudicated,not_assigned
NCT06806501,OBSERVATIONAL,RECRUITING,,"[""Healthy""]",2025-02-04,False,1,listed_not_verified,not_adjudicated,not_assigned
NCT06809868,OBSERVATIONAL,RECRUITING,,"[""Sepsis"", ""Sepsis and Septic Shock"", ""Sepsis With Multiple Organ Dysfunction (MOD)"", ""Sepsis With Acute Organ Dysfunction"", ""Sepsis, Severe"", ""Sepsis at Intensive Care Unit"", ""Sepsis, Severe Sepsis and Septic Shock"", ""Sepsis, Septic Shock""]",2026-01-30,False,1,listed_not_verified,not_adjudicated,not_assigned
NCT06812143,INTERVENTIONAL,RECRUITING,NA,"[""Aging""]",2025-07-30,False,1,listed_not_verified,not_adjudicated,not_assigned
NCT06812286,INTERVENTIONAL,ACTIVE_NOT_RECRUITING,NA,"[""Frailty Syndrome""]",2025-08-29,False,6,listed_not_verified,not_adjudicated,not_assigned
NCT06813261,INTERVENTIONAL,RECRUITING,NA,"[""Postmenopause"", ""Metabolism"", ""Geroscience""]",2025-09-08,False,1,listed_not_verified,not_adjudicated,not_assigned
NCT06814678,INTERVENTIONAL,NOT_YET_RECRUITING,NA,"[""Physical Functional Performance"", ""Psychological Health"", ""Physical Fitness"", ""Mobility Limitation"", ""Aging""]",2025-02-07,False,1,listed_not_verified,not_adjudicated,not_assigned
NCT06816069,INTERVENTIONAL,ACTIVE_NOT_RECRUITING,NA,"[""Skin Aging""]",2025-02-18,False,1,listed_not_verified,not_adjudicated,not_assigned
NCT06816797,INTERVENTIONAL,COMPLETED,NA,"[""Subjective Cognitive Decline (SCD)"", ""Subjective Cognitive Impairment"", ""Subjective Memory Complaints""]",2026-09-03,False,3,listed_not_verified,not_adjudicated,not_assigned
NCT06819982,INTERVENTIONAL,RECRUITING,NA,"[""Frailty"", ""Aging"", ""Home Care Services""]",2025-02-11,False,1,listed_not_verified,not_adjudicated,not_assigned
NCT06820021,INTERVENTIONAL,RECRUITING,NA,"[""Frailty"", ""Geriatrics""]",2026-04-06,False,1,listed_not_verified,not_adjudicated,not_assigned
NCT06820710,INTERVENTIONAL,COMPLETED,NA,"[""Aging"", ""Age-Related Cognitive Decline"", ""Sarcopenia"", ""Long Term Care Facility"", ""Cognitive Training"", ""Physical Exercise"", ""Functional Food"", ""Nutritional Intervention"", ""Vaccinations""]",2026-04-08,False,2,listed_not_verified,not_adjudicated,not_assigned
NCT06821568,INTERVENTIONAL,RECRUITING,NA,"[""Alzheimer Disease and Related Dementias"", ""Cognition"", ""Mobility Disability""]",2026-07-16,False,2,listed_not_verified,not_adjudicated,not_assigned
NCT06822283,INTERVENTIONAL,COMPLETED,NA,"[""Traumatic Brain Injury""]",2025-02-12,False,2,listed_not_verified,not_adjudicated,not_assigned
NCT06824285,OBSERVATIONAL,RECRUITING,,"[""Aging""]",2026-04-03,False,1,listed_not_verified,not_adjudicated,not_assigned
NCT06826963,INTERVENTIONAL,RECRUITING,NA,"[""Heart Failure with Preserved Ejection Fraction (HFPEF)"", ""Heart Failure with Reduced Ejection Fraction"", ""Sarcopenia in Elderly"", ""Sarcopenic Obesity""]",2025-03-14,False,2,listed_not_verified,not_adjudicated,not_assigned
NCT06828783,INTERVENTIONAL,COMPLETED,NA,"[""Ageing Signs"", ""Cognitive Decline"", ""Musculoskeletal""]",2025-02-14,False,1,listed_not_verified,not_adjudicated,not_assigned
NCT06831019,OBSERVATIONAL,RECRUITING,,"[""Ovarian Aging"", ""IVF Outcome"", ""Oxidative Stress""]",2026-02-17,False,1,listed_not_verified,not_adjudicated,not_assigned
NCT06836167,INTERVENTIONAL,RECRUITING,NA,"[""Frailty"", ""Older Adults"", ""Healthy Aging""]",2025-02-20,False,3,listed_not_verified,not_adjudicated,not_assigned
NCT06840574,INTERVENTIONAL,SUSPENDED,NA,"[""Skin Health"", ""Skin Aging of Face and Hands"", ""Healthy"", ""Ecchymosis""]",2026-02-23,False,1,listed_not_verified,not_adjudicated,not_assigned
NCT06841133,INTERVENTIONAL,NOT_YET_RECRUITING,NA,"[""Aging""]",2025-07-03,False,3,listed_not_verified,not_adjudicated,not_assigned
NCT06842628,INTERVENTIONAL,COMPLETED,NA,"[""Aging Well"", ""Positive Affect""]",2025-08-22,False,1,listed_not_verified,not_adjudicated,not_assigned
NCT06842784,OBSERVATIONAL,ACTIVE_NOT_RECRUITING,,"[""Aging"", ""Heat Stress"", ""Hyperthermia"", ""Heat Strain""]",2026-07-30,False,1,listed_not_verified,not_adjudicated,not_assigned
NCT06843161,INTERVENTIONAL,RECRUITING,NA,"[""Physical Inactivity"", ""Aging"", ""Sedentary Behaviors"", ""Bias, Implicit"", ""Cognition""]",2025-03-04,False,1,listed_not_verified,not_adjudicated,not_assigned
NCT06843941,INTERVENTIONAL,COMPLETED,NA,"[""Complementary and Alternative Therapies"", ""Aging"", ""Geriatric"", ""Sleep Disorder in Elderly""]",2025-02-25,False,1,listed_not_verified,not_adjudicated,not_assigned
NCT06844760,INTERVENTIONAL,COMPLETED,NA,"[""Skin Aging""]",2025-03-05,False,1,listed_not_verified,not_adjudicated,not_assigned
NCT06845514,INTERVENTIONAL,RECRUITING,NA,"[""Blood Pressure Management"", ""Blood Pressure Monitoring, Ambulatory"", ""Blood Pressure, High"", ""Blood Pressure""]",2025-09-09,False,1,listed_not_verified,not_adjudicated,not_assigned
NCT06845748,INTERVENTIONAL,NOT_YET_RECRUITING,NA,"[""Preventing Age-Related Muscle Loss: the Role of Exercise in Improving Strength, Function, and Well-being""]",2025-02-25,False,1,listed_not_verified,not_adjudicated,not_assigned
NCT06847035,INTERVENTIONAL,COMPLETED,NA,"[""Skin Aging""]",2025-02-28,False,1,listed_not_verified,not_adjudicated,not_assigned
NCT06851988,INTERVENTIONAL,RECRUITING,NA,"[""Aging"", ""High-intensity Interval Training"", ""Head and Neck Cancers - Tonsils""]",2026-09-24,False,1,listed_not_verified,not_adjudicated,not_assigned
NCT06853405,INTERVENTIONAL,RECRUITING,NA,"[""Cognitive Dysfunction"", ""Cognition Disorder"", ""Memory Disorders"", ""Cognitive Impairment"", ""Neurocognitive Disorders""]",2025-12-05,False,2,listed_not_verified,not_adjudicated,not_assigned
NCT06853899,INTERVENTIONAL,COMPLETED,NA,"[""Skin Hydration"", ""Skin Aging""]",2025-03-03,False,1,listed_not_verified,not_adjudicated,not_assigned
NCT06854575,INTERVENTIONAL,TERMINATED,NA,"[""Hair Thinning""]",2025-12-04,False,3,listed_not_verified,not_adjudicated,not_assigned
NCT06856720,INTERVENTIONAL,ENROLLING_BY_INVITATION,NA,"[""Type 2 Diabetes Mellitus"", ""Hyperglycemia Due to Type 2 Diabetes Mellitus"", ""Aging""]",2026-08-10,False,1,listed_not_verified,not_adjudicated,not_assigned
NCT06857877,OBSERVATIONAL,RECRUITING,,"[""Aging""]",2026-04-23,False,1,listed_not_verified,not_adjudicated,not_assigned
NCT06859489,INTERVENTIONAL,ACTIVE_NOT_RECRUITING,NA,"[""Older People"", ""Digital Health Literacy""]",2025-03-13,False,1,listed_not_verified,not_adjudicated,not_assigned
NCT06862622,OBSERVATIONAL,NOT_YET_RECRUITING,,"[""Healthy Older Adults""]",2026-08-12,False,0,not_listed_not_absent,not_adjudicated,not_assigned
NCT06863727,OBSERVATIONAL,RECRUITING,,"[""Ageing"", ""Disability"", ""Cognitive Impairment"", ""Frailty"", ""Intrinsic Capacity""]",2025-03-07,False,1,listed_not_verified,not_adjudicated,not_assigned
NCT06865261,INTERVENTIONAL,UNKNOWN,NA,"[""Sarcopenia""]",2025-03-07,False,1,listed_not_verified,not_adjudicated,not_assigned
NCT06866002,OBSERVATIONAL,NOT_YET_RECRUITING,,"[""Diabetes"", ""Prediabetes""]",2025-03-10,False,1,listed_not_verified,not_adjudicated,not_assigned
NCT06866184,OBSERVATIONAL,SUSPENDED,,"[""Caesarean Delivery""]",2026-05-26,False,1,listed_not_verified,not_adjudicated,not_assigned
NCT06866743,OBSERVATIONAL,COMPLETED,,"[""Postmenopausal"", ""Female""]",2025-10-06,False,1,listed_not_verified,not_adjudicated,not_assigned
NCT06868719,INTERVENTIONAL,RECRUITING,NA,"[""Salt; Excess"", ""Hypertension"", ""Aging"", ""Inflammation"", ""Blood Pressure""]",2026-08-19,False,1,listed_not_verified,not_adjudicated,not_assigned
NCT06870149,INTERVENTIONAL,RECRUITING,NA,"[""Frailty"", ""Frail Older Adults"", ""Frailty in Aging"", ""Frailty Syndrome""]",2025-07-01,False,1,listed_not_verified,not_adjudicated,not_assigned
NCT06871384,INTERVENTIONAL,RECRUITING,NA,"[""Cognitive Disorders"", ""Muscular Disorders, Atrophic""]",2026-03-05,False,3,listed_not_verified,not_adjudicated,not_assigned
NCT06872359,INTERVENTIONAL,ACTIVE_NOT_RECRUITING,NA,"[""Dermal Fillers"", ""Cheek Augmentation"", ""Lip Augmentation"", ""Perioral Rhytids"", ""Mid-facial Volume Deficit Related to Aging"", ""Lip Enhancement"", ""Lip Augmentation and Correction of Perioral Rhytids"", ""Volume Deficiency in the Mid-Face"", ""Volume Loss of the Jawline"", ""Jawline Definition"", ""Contouring"", ""Midface Contour Deficiencies"", ""Nasolabial Fold Improvement"", ""Nasolabial Folds Correction"", ""Facial Wrinkles"", ""Facial Rhytides""]",2026-05-06,False,3,listed_not_verified,not_adjudicated,not_assigned
NCT06874387,INTERVENTIONAL,NOT_YET_RECRUITING,NA,"[""Cognitive Ability, General"", ""Brain Health"", ""Cerebral Oxygenation""]",2025-03-13,False,0,not_listed_not_absent,not_adjudicated,not_assigned
NCT06877377,INTERVENTIONAL,NOT_YET_RECRUITING,NA,"[""Aging""]",2025-07-20,False,0,not_listed_not_absent,not_adjudicated,not_assigned
NCT06878001,INTERVENTIONAL,COMPLETED,PHASE4,"[""Healthy Volunteer"", ""Skin Condition"", ""Ageing Signs""]",2026-03-06,False,1,listed_not_verified,not_adjudicated,not_assigned
NCT06879626,INTERVENTIONAL,ACTIVE_NOT_RECRUITING,NA,"[""Aging""]",2026-07-31,False,1,listed_not_verified,not_adjudicated,not_assigned
NCT06880510,INTERVENTIONAL,ACTIVE_NOT_RECRUITING,NA,"[""Alzheimer Disease""]",2026-05-06,False,1,listed_not_verified,not_adjudicated,not_assigned
NCT06882434,INTERVENTIONAL,NOT_YET_RECRUITING,NA,"[""Cognitive Decline"", ""Sarcopenia"", ""Depression Disorders"", ""Nutrition Disorder"", ""Swallowing Difficulties"", ""Hearing Disorder"", ""Visual Disorder"", ""Osteoporosis"", ""Urologic Disorders"", ""Polypharmacy""]",2025-03-25,False,0,not_listed_not_absent,not_adjudicated,not_assigned
NCT06887075,INTERVENTIONAL,NOT_YET_RECRUITING,NA,"[""Chronic Kidney Failure"", ""Frailty"", ""Aging"", ""Inflammation""]",2025-03-20,False,3,listed_not_verified,not_adjudicated,not_assigned
NCT06887426,OBSERVATIONAL,COMPLETED,,"[""Multiple Sclerosis"", ""Relapsing Remitting Multiple Sclerosis"", ""Secondary Progressive Multiple Sclerosis""]",2026-10-06,False,1,listed_not_verified,not_adjudicated,not_assigned
NCT06889740,INTERVENTIONAL,COMPLETED,NA,"[""Healthy Aging""]",2025-07-04,False,2,listed_not_verified,not_adjudicated,not_assigned
NCT06891014,INTERVENTIONAL,COMPLETED,NA,"[""Fall Risk"", ""Exercise"", ""Functional Outcomes"", ""Aging""]",2025-03-24,False,1,listed_not_verified,not_adjudicated,not_assigned
NCT06891573,INTERVENTIONAL,RECRUITING,NA,"[""Frailty""]",2025-11-20,False,3,listed_not_verified,not_adjudicated,not_assigned
NCT06891924,INTERVENTIONAL,NOT_YET_RECRUITING,NA,"[""Skin Aging"", ""Skin Condition"", ""Skin Manifestations""]",2025-04-01,False,0,not_listed_not_absent,not_adjudicated,not_assigned
NCT06900660,INTERVENTIONAL,ACTIVE_NOT_RECRUITING,NA,"[""Skin Aging""]",2025-03-28,False,1,listed_not_verified,not_adjudicated,not_assigned
NCT06906042,OBSERVATIONAL,RECRUITING,,"[""Healthy Volunteers"", ""Imaging Evaluation""]",2026-09-18,False,1,listed_not_verified,not_adjudicated,not_assigned
NCT06906276,OBSERVATIONAL,RECRUITING,,"[""Gait Disorders, Neurologic"", ""Atypical Parkinson Disease"", ""fNIRS"", ""Aging""]",2025-07-08,False,1,listed_not_verified,not_adjudicated,not_assigned
NCT06908395,INTERVENTIONAL,COMPLETED,NA,"[""Healthy Male and Female Subjects"", ""Healthy Elderly""]",2025-07-10,False,1,listed_not_verified,not_adjudicated,not_assigned
NCT06912984,INTERVENTIONAL,RECRUITING,NA,"[""Aging"", ""Physical Activity"", ""Vascular Health""]",2025-06-05,False,1,listed_not_verified,not_adjudicated,not_assigned
NCT06916221,INTERVENTIONAL,RECRUITING,NA,"[""Long-Term Memory"", ""Inhibitory Control"", ""Mild Cognitive Impairment""]",2026-04-02,False,1,listed_not_verified,not_adjudicated,not_assigned
NCT06918678,INTERVENTIONAL,COMPLETED,NA,"[""Aging""]",2025-04-09,False,1,listed_not_verified,not_adjudicated,not_assigned
NCT06918704,INTERVENTIONAL,RECRUITING,NA,"[""Working Memory"", ""Inhibitory Control"", ""Mild Cognitive Impairment (MCI)"", ""Aging""]",2026-04-01,False,1,listed_not_verified,not_adjudicated,not_assigned
NCT06919328,INTERVENTIONAL,RECRUITING,NA,"[""Healthy Aging""]",2025-04-09,False,1,listed_not_verified,not_adjudicated,not_assigned
NCT06921057,INTERVENTIONAL,COMPLETED,NA,"[""Aging""]",2025-04-10,False,1,listed_not_verified,not_adjudicated,not_assigned
NCT06922071,INTERVENTIONAL,RECRUITING,NA,"[""Dementia Risk Factors"", ""Prevention"", ""Cognitive Health""]",2026-05-01,False,1,listed_not_verified,not_adjudicated,not_assigned
NCT06923618,INTERVENTIONAL,RECRUITING,NA,"[""Non-Small Cell Lung Cancer""]",2025-12-15,False,1,listed_not_verified,not_adjudicated,not_assigned
NCT06925074,OBSERVATIONAL,NOT_YET_RECRUITING,,"[""Facial Aging"", ""Skin Laxity"", ""Cheek Wrinkles""]",2025-04-13,False,1,listed_not_verified,not_adjudicated,not_assigned
NCT06930300,INTERVENTIONAL,COMPLETED,NA,"[""Healthy Ageing""]",2026-01-13,False,1,listed_not_verified,not_adjudicated,not_assigned
NCT06932770,INTERVENTIONAL,COMPLETED,NA,"[""Aging"", ""Wrinkle""]",2025-07-25,False,1,listed_not_verified,not_adjudicated,not_assigned
NCT06933225,INTERVENTIONAL,COMPLETED,NA,"[""Skin Aging""]",2026-04-17,False,1,listed_not_verified,not_adjudicated,not_assigned
NCT06934265,INTERVENTIONAL,NOT_YET_RECRUITING,NA,"[""Atrophy of Vocal Cord"", ""Presbyphonia"", ""Dysphonia"", ""Glottic Insufficiency"", ""Voice Change"", ""Voice Disorder"", ""Adults"", ""Aging"", ""Speech Therapy"", ""Voice Alteration""]",2026-01-13,False,4,listed_not_verified,not_adjudicated,not_assigned
NCT06936865,INTERVENTIONAL,COMPLETED,NA,"[""Falls"", ""Frailty Syndrome"", ""Gait Disorders"", ""Mobility Limitation"", ""Aging"", ""Sedentary Behaviors""]",2025-04-20,False,1,listed_not_verified,not_adjudicated,not_assigned
NCT06938672,INTERVENTIONAL,COMPLETED,NA,"[""Sleep"", ""Cognition"", ""Healthy Aging""]",2026-05-07,False,1,listed_not_verified,not_adjudicated,not_assigned
NCT06939621,INTERVENTIONAL,COMPLETED,NA,"[""Healthy"", ""Older Adults (65 Years and Older)"", ""Virtual Reality"", ""Physical Activity""]",2025-04-23,False,1,listed_not_verified,not_adjudicated,not_assigned
NCT06940037,INTERVENTIONAL,RECRUITING,NA,"[""Aging"", ""Mobility Disability""]",2026-10-05,False,2,listed_not_verified,not_adjudicated,not_assigned
NCT06940076,INTERVENTIONAL,COMPLETED,PHASE2,"[""Skin Aging""]",2025-04-23,False,1,listed_not_verified,not_adjudicated,not_assigned
NCT06940245,OBSERVATIONAL,NOT_YET_RECRUITING,,"[""Aging"", ""Fall Risk Factors"", ""Sleep""]",2025-04-23,False,0,not_listed_not_absent,not_adjudicated,not_assigned
NCT06940843,INTERVENTIONAL,RECRUITING,NA,"[""Serious Mental Illness"", ""Older Adults""]",2026-07-20,False,2,listed_not_verified,not_adjudicated,not_assigned
NCT06942351,INTERVENTIONAL,ACTIVE_NOT_RECRUITING,NA,"[""Aging"", ""Inflammation Biomarkers""]",2026-08-07,False,1,listed_not_verified,not_adjudicated,not_assigned
NCT06942403,INTERVENTIONAL,COMPLETED,NA,"[""Healthy""]",2025-04-24,False,1,listed_not_verified,not_adjudicated,not_assigned
NCT06944600,OBSERVATIONAL,NOT_YET_RECRUITING,,"[""Sleep Disorders"", ""Frailty"", ""Cognitive Impairment"", ""Quality of Life"", ""Ageing"", ""Digital Health"", ""Multidisciplinary Approach""]",2025-04-25,False,0,not_listed_not_absent,not_adjudicated,not_assigned
NCT06948045,INTERVENTIONAL,NOT_YET_RECRUITING,NA,"[""Skin Laxity"", ""Facial Aging""]",2025-11-26,False,0,not_listed_not_absent,not_adjudicated,not_assigned
NCT06950060,INTERVENTIONAL,ACTIVE_NOT_RECRUITING,NA,"[""Stroke, Chronic"", ""Aging"", ""Cognitive Decline"", ""Motor Dysfunction"", ""Neuroplasticity""]",2026-07-17,False,1,listed_not_verified,not_adjudicated,not_assigned
NCT06952959,INTERVENTIONAL,RECRUITING,NA,"[""Aging"", ""Skin Health""]",2025-05-01,False,1,listed_not_verified,not_adjudicated,not_assigned
NCT06953167,OBSERVATIONAL,RECRUITING,,"[""Alzheimer&#39;s Disease (AD)""]",2026-01-21,False,1,listed_not_verified,not_adjudicated,not_assigned
NCT06953258,INTERVENTIONAL,ENROLLING_BY_INVITATION,NA,"[""Eccentric Exercise"", ""Home-based Training"", ""Elderly Adults""]",2025-05-01,False,1,listed_not_verified,not_adjudicated,not_assigned
NCT06953375,INTERVENTIONAL,RECRUITING,NA,"[""Total Knee Arthroplasty"", ""Functional Recovery"", ""Aging"", ""Physical Therapy""]",2025-09-29,False,3,listed_not_verified,not_adjudicated,not_assigned
NCT06953609,OBSERVATIONAL,COMPLETED,,"[""Type 2 Diabetes Mellitus (T2DM)"", ""Cognitive Function"", ""Dual Task"", ""Fatigue"", ""Prediabetes""]",2025-09-19,False,1,listed_not_verified,not_adjudicated,not_assigned
NCT06953700,INTERVENTIONAL,ENROLLING_BY_INVITATION,NA,"[""Aging"", ""Hearing Loss"", ""Hearing Asymmetry""]",2025-05-01,False,1,listed_not_verified,not_adjudicated,not_assigned
NCT06956131,INTERVENTIONAL,ACTIVE_NOT_RECRUITING,NA,"[""Aging"", ""Protein Metabolism""]",2026-02-17,False,1,listed_not_verified,not_adjudicated,not_assigned
NCT06956300,INTERVENTIONAL,RECRUITING,NA,"[""Prodromal Alzheimer&#39;s Disease"", ""Preclinical Alzheimer&#39;s Disease"", ""Healthy Aging"", ""Cognitive Decline""]",2026-02-20,False,1,listed_not_verified,not_adjudicated,not_assigned
NCT06956794,INTERVENTIONAL,ACTIVE_NOT_RECRUITING,NA,"[""Social Isolation in Older Adults"", ""Poverty""]",2026-05-05,False,2,listed_not_verified,not_adjudicated,not_assigned
NCT06958523,OBSERVATIONAL,RECRUITING,,"[""Mental Health"", ""Sleep"", ""Exercise"", ""Hormones"", ""Metabolic Health"", ""Hearing"", ""Aging"", ""Lifestyle Factors"", ""Functional Capacity"", ""Neurological Conditions"", ""General Health"", ""Wellbeing"", ""Women&#39;s Health""]",2025-07-29,False,2,listed_not_verified,not_adjudicated,not_assigned
NCT06961812,INTERVENTIONAL,NOT_YET_RECRUITING,NA,"[""Fall Prevention"", ""Falls (Accidents) in Old Age""]",2025-05-08,False,1,listed_not_verified,not_adjudicated,not_assigned
NCT06962345,INTERVENTIONAL,RECRUITING,NA,"[""Vulvar Atrophy"", ""Vulvovaginal Signs and Symptoms"", ""Genitourinary Syndrome of Menopause"", ""Quality of Life"", ""Menopause Related Conditions"", ""Dyspareunia"", ""Urinary Incontinence, Urgency-frequency"", ""Sexual Function"", ""Women´s Health"", ""Vaginal Dryness""]",2026-03-30,False,1,listed_not_verified,not_adjudicated,not_assigned
NCT06964399,INTERVENTIONAL,COMPLETED,NA,"[""Healthy Aging"", ""Aging""]",2026-09-18,False,1,listed_not_verified,not_adjudicated,not_assigned
NCT06965660,OBSERVATIONAL,ACTIVE_NOT_RECRUITING,,"[""Balance Disorders"", ""Accidental Falls"", ""Frailty"", ""Aging""]",2025-05-11,False,1,listed_not_verified,not_adjudicated,not_assigned
NCT06965959,INTERVENTIONAL,COMPLETED,NA,"[""Psychological Well-being"", ""Nursing Homes Residents"", ""Aging"", ""Exergaming"", ""Mind-Body Therapies"", ""Quality of Life"", ""Health Promotion""]",2026-07-08,False,1,listed_not_verified,not_adjudicated,not_assigned
NCT06968416,INTERVENTIONAL,COMPLETED,NA,"[""Anti-aging"", ""Female""]",2025-05-13,False,1,listed_not_verified,not_adjudicated,not_assigned
NCT06968702,OBSERVATIONAL,NOT_YET_RECRUITING,,"[""Intrinsic Capacity"", ""Frailty"", ""Aging"", ""Healthy Aging"", ""Functional Ability"", ""Mobility and Independence"", ""Cognitive Ability, General"", ""Cognitive Impairment"", ""Sensory Hearing Loss"", ""Sensory Deficits"", ""Visual Acuity"", ""Visual Impairment"", ""Mood Disorders"", ""Depressive Symptoms"", ""Vitality"", ""Nutritional Risk"", ""Nutrition Assessment""]",2025-05-13,False,0,not_listed_not_absent,not_adjudicated,not_assigned
NCT06969209,OBSERVATIONAL,RECRUITING,,"[""Phenylketonuria (PKU)""]",2025-05-13,False,1,listed_not_verified,not_adjudicated,not_assigned
NCT06973551,INTERVENTIONAL,COMPLETED,NA,"[""Mild Cognitive Impairment (MCI)"", ""Dementia"", ""Cognitive Decline"", ""Psychological Well-being""]",2026-04-21,False,1,listed_not_verified,not_adjudicated,not_assigned
NCT06973941,INTERVENTIONAL,COMPLETED,NA,"[""Mental Disorder""]",2025-05-15,False,1,listed_not_verified,not_adjudicated,not_assigned
NCT06975423,INTERVENTIONAL,RECRUITING,NA,"[""Aging"", ""Sensory Deficit""]",2026-10-06,False,1,listed_not_verified,not_adjudicated,not_assigned
NCT06975449,INTERVENTIONAL,COMPLETED,NA,"[""Frailty"", ""Physical Inactivity"", ""Aging""]",2026-03-24,False,1,listed_not_verified,not_adjudicated,not_assigned
NCT06977815,INTERVENTIONAL,COMPLETED,NA,"[""Mild Cognitive Impairment"", ""Cognitive Dysfunction"", ""Aging""]",2026-07-08,False,1,listed_not_verified,not_adjudicated,not_assigned
NCT06980896,OBSERVATIONAL,NOT_YET_RECRUITING,,"[""Inflammation"", ""Oxydative Stress"", ""Sarcopenia"", ""Older Patient"", ""Ageing""]",2025-05-20,False,1,listed_not_verified,not_adjudicated,not_assigned
NCT06984458,INTERVENTIONAL,COMPLETED,NA,"[""Mild Cognitive Impairment (MCI)"", ""Dementia"", ""Cognitive Decline"", ""Psychological Well-being"", ""Aging and Cognitive Health""]",2026-04-17,False,1,listed_not_verified,not_adjudicated,not_assigned
NCT06984510,OBSERVATIONAL,RECRUITING,,"[""Type 2 Diabetes Mellitus (T2DM)"", ""Metabolic Dysfunction-Associated Steatotic Liver Disease"", ""Biological Age""]",2025-06-04,False,1,listed_not_verified,not_adjudicated,not_assigned
NCT06984640,INTERVENTIONAL,COMPLETED,NA,"[""Over Age 60"", ""Prediabetes or Overweight""]",2025-05-22,False,1,listed_not_verified,not_adjudicated,not_assigned
NCT06986096,INTERVENTIONAL,RECRUITING,NA,"[""Aging"", ""Alzheimer Disease"", ""Life Style, Healthy"", ""Exercise"", ""Cognitive Impairment""]",2025-05-29,False,1,listed_not_verified,not_adjudicated,not_assigned
NCT06987383,INTERVENTIONAL,NOT_YET_RECRUITING,PHASE3,"[""Obesity""]",2026-09-29,False,1,listed_not_verified,not_adjudicated,not_assigned
NCT06989619,INTERVENTIONAL,RECRUITING,NA,"[""Aging"", ""Cognitive Impairment"", ""Sleep""]",2025-05-25,False,1,listed_not_verified,not_adjudicated,not_assigned
NCT06990256,INTERVENTIONAL,ACTIVE_NOT_RECRUITING,NA,"[""Sleep Disorder"", ""Aging""]",2026-08-10,False,1,listed_not_verified,not_adjudicated,not_assigned
NCT06990828,INTERVENTIONAL,COMPLETED,NA,"[""Healthy Aging""]",2026-04-13,False,1,listed_not_verified,not_adjudicated,not_assigned
NCT06991764,INTERVENTIONAL,NOT_YET_RECRUITING,NA,"[""Transcranial Direct Current Stimulation (tDCS)"", ""Ageing"", ""Executive Functioning"", ""Transcranial Electric Stimulation""]",2025-05-28,False,0,not_listed_not_absent,not_adjudicated,not_assigned
NCT06993207,OBSERVATIONAL,RECRUITING,,"[""Dementia"", ""Mild Cognitive Impairment"", ""Dementia Alzheimers"", ""Dementia, Mixed"", ""Subjective Cognitive Decline"", ""Dementia, Vascular""]",2025-05-28,False,1,listed_not_verified,not_adjudicated,not_assigned
NCT06995638,INTERVENTIONAL,RECRUITING,NA,"[""Healthy Aging"", ""Alzheimer&#39;s Disease (AD)""]",2025-12-15,False,1,listed_not_verified,not_adjudicated,not_assigned
NCT06997380,INTERVENTIONAL,COMPLETED,NA,"[""Skin Aging"", ""Skin Wrinkling"", ""Facial Skin Laxity"", ""Facial Wrinkles""]",2026-04-29,False,1,listed_not_verified,not_adjudicated,not_assigned
NCT06999343,INTERVENTIONAL,NOT_YET_RECRUITING,PHASE3,"[""COPD""]",2025-05-31,False,0,not_listed_not_absent,not_adjudicated,not_assigned
NCT07000370,OBSERVATIONAL,COMPLETED,,"[""Fall Prevention in Healthy Aging""]",2025-06-02,False,1,listed_not_verified,not_adjudicated,not_assigned
NCT07000500,INTERVENTIONAL,ENROLLING_BY_INVITATION,NA,"[""Cognitive Dysfunction, Cognitive Disorder"", ""Dietary Supplements""]",2025-06-03,False,1,listed_not_verified,not_adjudicated,not_assigned
NCT07000708,INTERVENTIONAL,RECRUITING,NA,"[""Vaccination"", ""Immunosenescence"", ""Metabolism""]",2025-09-18,False,1,listed_not_verified,not_adjudicated,not_assigned
NCT07000734,INTERVENTIONAL,COMPLETED,PHASE2,"[""Aging"", ""Cognitive Decline"", ""Older Adults"", ""Cardiovascular"", ""Sedentary Behaviors"", ""Immune Senescence"", ""Motor Function""]",2026-08-19,False,1,listed_not_verified,not_adjudicated,not_assigned
NCT07002853,INTERVENTIONAL,RECRUITING,NA,"[""Chronic Disease"", ""Chronic Pain (Back / Neck)"", ""Older Adults (65 Years and Older)""]",2025-06-04,False,1,listed_not_verified,not_adjudicated,not_assigned
NCT07002996,INTERVENTIONAL,RECRUITING,NA,"[""Mild Cognitive Impairment""]",2025-07-23,False,1,listed_not_verified,not_adjudicated,not_assigned
NCT07005037,OBSERVATIONAL,WITHDRAWN,,"[""Dysphagia"", ""Healthy Aging"", ""Post Intensive Care Syndrome"", ""Caregiver Burden""]",2026-06-02,False,1,listed_not_verified,not_adjudicated,not_assigned
NCT07005648,OBSERVATIONAL,RECRUITING,,"[""Menopause""]",2026-10-01,False,1,listed_not_verified,not_adjudicated,not_assigned
NCT07006584,INTERVENTIONAL,COMPLETED,NA,"[""Older Adults (65 Years and Older)"", ""Balance"", ""Gait Disorders"", ""Physical Performance"", ""Calf Muscle Weakness"", ""Abdominal"", ""Sarcopenia"", ""Handgrip Strength"", ""Functional Capacity""]",2025-07-24,False,1,listed_not_verified,not_adjudicated,not_assigned
NCT07007351,INTERVENTIONAL,COMPLETED,NA,"[""Skin Aging""]",2025-06-05,False,1,listed_not_verified,not_adjudicated,not_assigned
NCT07008300,INTERVENTIONAL,WITHDRAWN,EARLY_PHASE1,"[""Healthy"", ""Aging""]",2025-12-17,False,1,listed_not_verified,not_adjudicated,not_assigned
NCT07010549,INTERVENTIONAL,COMPLETED,NA,"[""Skin Ageing""]",2025-06-08,False,1,listed_not_verified,not_adjudicated,not_assigned
NCT07011160,INTERVENTIONAL,NOT_YET_RECRUITING,NA,"[""Aging Hands""]",2025-06-08,False,1,listed_not_verified,not_adjudicated,not_assigned
NCT07014306,OBSERVATIONAL,NOT_YET_RECRUITING,,"[""Osteoporosis""]",2025-06-10,False,1,listed_not_verified,not_adjudicated,not_assigned
NCT07015307,INTERVENTIONAL,ACTIVE_NOT_RECRUITING,NA,"[""Metabolic Syndrome"", ""Aging"", ""Sarcopenia"", ""Obesity"", ""Chronic Disease"", ""Frailty""]",2026-10-05,False,1,listed_not_verified,not_adjudicated,not_assigned
NCT07019402,INTERVENTIONAL,COMPLETED,NA,"[""Subjective Cognitive Decline""]",2026-07-27,False,1,listed_not_verified,not_adjudicated,not_assigned
NCT07022990,INTERVENTIONAL,RECRUITING,NA,"[""Polypharmacy""]",2025-06-15,False,1,listed_not_verified,not_adjudicated,not_assigned
NCT07023146,INTERVENTIONAL,ENROLLING_BY_INVITATION,NA,"[""Investigating the Effects of Power Training in the Elderly""]",2025-06-15,False,1,listed_not_verified,not_adjudicated,not_assigned
NCT07023809,OBSERVATIONAL,COMPLETED,,"[""Muskuloskeletal Diseases""]",2026-06-08,False,1,listed_not_verified,not_adjudicated,not_assigned
NCT07025655,INTERVENTIONAL,NOT_YET_RECRUITING,NA,"[""Mindfulness"", ""Healthy Aging""]",2025-06-17,False,0,not_listed_not_absent,not_adjudicated,not_assigned
NCT07025837,INTERVENTIONAL,COMPLETED,NA,"[""Skin Aging"", ""Sun Damaged Skin""]",2025-10-14,True,1,listed_not_verified,not_adjudicated,not_assigned
NCT07027397,INTERVENTIONAL,COMPLETED,NA,"[""Aging"", ""Muscle Mass and Strength"", ""Muscle Power"", ""Frailty Syndrome"", ""Cognitive Function""]",2026-04-30,False,1,listed_not_verified,not_adjudicated,not_assigned
NCT07030738,INTERVENTIONAL,NOT_YET_RECRUITING,NA,"[""Sarcopenic Obesity"", ""Obesity and Obesity-related Medical Conditions"", ""Obesity (Body Mass Index &gt;30 kg/m2)"", ""Sarcopenia"", ""Muscle Loss"", ""Aging""]",2025-06-22,False,1,listed_not_verified,not_adjudicated,not_assigned
NCT07032350,INTERVENTIONAL,RECRUITING,NA,"[""Care Giving Burden"", ""Dementia"", ""Chronic Pain"", ""Pain Management"", ""Palliative Care""]",2025-06-29,False,1,listed_not_verified,not_adjudicated,not_assigned
NCT07032493,INTERVENTIONAL,COMPLETED,NA,"[""Heat Stress"", ""Temperature Change, Body"", ""Aging"", ""Thermoregulation"", ""Heat Exposure""]",2026-06-11,False,2,listed_not_verified,not_adjudicated,not_assigned
NCT07033637,INTERVENTIONAL,NOT_YET_RECRUITING,NA,"[""Gut -Microbiota"", ""Older People"", ""Physical Activity"", ""Physical Fitness"", ""Mental Health"", ""Probiotic"", ""Healthy""]",2025-06-24,False,0,not_listed_not_absent,not_adjudicated,not_assigned
NCT07038252,INTERVENTIONAL,RECRUITING,NA,"[""Hypertension"", ""Obesity""]",2026-09-14,False,1,listed_not_verified,not_adjudicated,not_assigned
NCT07042087,INTERVENTIONAL,RECRUITING,NA,"[""Alzheimer Disease"", ""Aging"", ""Lifestyle Factors"", ""Cognitive Impairment"", ""Yoga"", ""Time Restricted Eating"", ""Diet Modification""]",2025-06-27,False,1,listed_not_verified,not_adjudicated,not_assigned
NCT07042464,INTERVENTIONAL,COMPLETED,NA,"[""Geriatrics Rehabilitation""]",2026-05-06,False,1,listed_not_verified,not_adjudicated,not_assigned
NCT07047963,OBSERVATIONAL,NOT_YET_RECRUITING,,"[""Down Syndrome (Trisomy 21)"", ""Neuropsychology"", ""Cognitive Aging"", ""Alzheimer Disease"", ""Alzheimer Disease, Early Onset""]",2025-07-02,False,1,listed_not_verified,not_adjudicated,not_assigned
NCT07048860,INTERVENTIONAL,RECRUITING,NA,"[""Ageing""]",2025-07-23,False,1,listed_not_verified,not_adjudicated,not_assigned
NCT07050589,INTERVENTIONAL,ACTIVE_NOT_RECRUITING,NA,"[""Physical Functioning"", ""Cognitive Functioning""]",2026-08-19,False,1,listed_not_verified,not_adjudicated,not_assigned
NCT07053852,INTERVENTIONAL,COMPLETED,PHASE1,"[""Actinic Keratoses"", ""Photodamage""]",2026-01-02,False,1,listed_not_verified,not_adjudicated,not_assigned
NCT07054645,INTERVENTIONAL,NOT_YET_RECRUITING,NA,"[""Mild Cognitive Impairment (MCI)"", ""Aging"", ""Oral Microbiome""]",2025-07-08,False,1,listed_not_verified,not_adjudicated,not_assigned
NCT07054840,INTERVENTIONAL,RECRUITING,NA,"[""Aging"", ""Older Adults"", ""Pain"", ""Motor Learning""]",2025-12-04,False,1,listed_not_verified,not_adjudicated,not_assigned
NCT07055425,OBSERVATIONAL,NOT_YET_RECRUITING,,"[""Lower Urinary Tract Symptom"", ""Voiding Dysfunction"", ""Male Urological Health"", ""Renal Function"", ""Benign Prostate Obstruction (BPO)""]",2025-09-05,False,0,not_listed_not_absent,not_adjudicated,not_assigned
NCT07057310,INTERVENTIONAL,ENROLLING_BY_INVITATION,PHASE4,"[""Obesity"", ""Menopause""]",2026-07-20,False,1,listed_not_verified,not_adjudicated,not_assigned
NCT07058974,INTERVENTIONAL,ACTIVE_NOT_RECRUITING,PHASE1,"[""Smokers"", ""Former Smokers""]",2026-08-27,False,1,listed_not_verified,not_adjudicated,not_assigned
NCT07060677,INTERVENTIONAL,NOT_YET_RECRUITING,NA,"[""Frailty Syndrome"", ""Older Adults, Balance"", ""Fall Prevention in Healthy Aging""]",2025-07-16,False,2,listed_not_verified,not_adjudicated,not_assigned
NCT07060898,INTERVENTIONAL,ACTIVE_NOT_RECRUITING,NA,"[""Aging"", ""Cognitive Decline"", ""Brain Fog"", ""Cognitive Function""]",2026-03-06,False,1,listed_not_verified,not_adjudicated,not_assigned
NCT07061158,INTERVENTIONAL,COMPLETED,NA,"[""Sleep Disorders"", ""Insomnia"", ""Aging"", ""Yoga""]",2025-07-11,False,1,listed_not_verified,not_adjudicated,not_assigned
NCT07061249,INTERVENTIONAL,NOT_YET_RECRUITING,NA,"[""Dyslipidemia"", ""Cardiopulmonary Fitness""]",2025-07-11,False,0,not_listed_not_absent,not_adjudicated,not_assigned
NCT07064395,INTERVENTIONAL,COMPLETED,NA,"[""Lung Cancers""]",2026-07-02,False,1,listed_not_verified,not_adjudicated,not_assigned
NCT07065643,INTERVENTIONAL,RECRUITING,NA,"[""Overweight and Obese Adults"", ""Healthy""]",2025-07-18,False,1,listed_not_verified,not_adjudicated,not_assigned
NCT07065955,OBSERVATIONAL,COMPLETED,,"[""Overweight"", ""Obesity"", ""Metabolic Syndrome"", ""Autoimmune Diseases"", ""Inflammatory Disease"", ""Health, Subjective""]",2025-07-15,False,1,listed_not_verified,not_adjudicated,not_assigned
NCT07068061,INTERVENTIONAL,NOT_YET_RECRUITING,NA,"[""Wrinkles"", ""Anti Aging"", ""Face-lift""]",2025-07-16,False,0,not_listed_not_absent,not_adjudicated,not_assigned
NCT07068620,INTERVENTIONAL,RECRUITING,NA,"[""Cerebral Small Vessel Disease"", ""Stroke"", ""Cognitive Complaint""]",2026-02-02,False,1,listed_not_verified,not_adjudicated,not_assigned
NCT07069777,OBSERVATIONAL,NOT_YET_RECRUITING,,"[""Ultrasound"", ""Sarcopenia"", ""Obesity""]",2025-07-17,False,1,listed_not_verified,not_adjudicated,not_assigned
NCT07070336,INTERVENTIONAL,RECRUITING,NA,"[""Healthy Aging""]",2026-08-10,False,1,listed_not_verified,not_adjudicated,not_assigned
NCT07072338,INTERVENTIONAL,NOT_YET_RECRUITING,NA,"[""Well-Being, Psychological"", ""Cognition"", ""Ageing""]",2025-07-18,False,1,listed_not_verified,not_adjudicated,not_assigned
NCT07073352,INTERVENTIONAL,RECRUITING,NA,"[""Adverse Childhood Experiences"", ""Endothelial Dysfunction""]",2026-08-19,False,2,listed_not_verified,not_adjudicated,not_assigned
NCT07074613,INTERVENTIONAL,COMPLETED,NA,"[""Aging"", ""Cognitive Decline"", ""Sarcopenia"", ""Mobility Limitation"", ""Balance Impairment""]",2025-07-20,False,1,listed_not_verified,not_adjudicated,not_assigned
NCT07074639,INTERVENTIONAL,RECRUITING,NA,"[""Aging"", ""Frailty""]",2025-07-20,False,1,listed_not_verified,not_adjudicated,not_assigned
NCT07079280,INTERVENTIONAL,NOT_YET_RECRUITING,NA,"[""Ageing"", ""Blood Flow Restriction (BFR) Training Effects""]",2025-07-23,False,1,listed_not_verified,not_adjudicated,not_assigned
NCT07079982,INTERVENTIONAL,RECRUITING,NA,"[""Healthy Aging"", ""Inflammation""]",2026-08-12,False,1,listed_not_verified,not_adjudicated,not_assigned
NCT07080086,OBSERVATIONAL,COMPLETED,,"[""Acute Kidney Injury"", ""Acute Kidney Disease"", ""Intraoperative Hypotension"", ""Post-induction Hypotension""]",2025-07-23,False,0,not_listed_not_absent,not_adjudicated,not_assigned
NCT07080320,INTERVENTIONAL,ACTIVE_NOT_RECRUITING,NA,"[""Facial Skin"", ""Motion Capture"", ""Aging"", ""Periorbital Region"", ""Skin Movement"", ""Vertical Jump""]",2026-02-05,False,1,listed_not_verified,not_adjudicated,not_assigned
NCT07080489,INTERVENTIONAL,RECRUITING,NA,"[""Depressive Disorder, Major Depressive Disorder"", ""Healthy Volunteer"", ""Aging""]",2026-08-31,False,1,listed_not_verified,not_adjudicated,not_assigned
NCT07081191,INTERVENTIONAL,RECRUITING,NA,"[""Dance"", ""Older Adults"", ""Frailty at Older Adults"", ""Active Ageing""]",2025-07-28,False,1,listed_not_verified,not_adjudicated,not_assigned
NCT07082504,INTERVENTIONAL,NOT_YET_RECRUITING,NA,"[""Aging"", ""Institutionalized Older Adults"", ""Cognitive Abilities"", ""Mobility and Independence"", ""Well-being/Quality of Life""]",2026-07-10,False,0,not_listed_not_absent,not_adjudicated,not_assigned
NCT07084454,INTERVENTIONAL,ENROLLING_BY_INVITATION,PHASE3,"[""Geriatric Assessment"", ""Geriatric Oncology"", ""Quality of Life"", ""Functional Decline"", ""Depression"", ""Aging"", ""Supportive Care in Cancer"", ""Activities of Daily Living""]",2025-07-24,False,1,listed_not_verified,not_adjudicated,not_assigned
NCT07084675,INTERVENTIONAL,RECRUITING,NA,"[""Aging""]",2025-09-17,False,1,listed_not_verified,not_adjudicated,not_assigned
NCT07085884,INTERVENTIONAL,COMPLETED,NA,"[""Elderly (People Aged 65 or More)"", ""Rural Health""]",2025-07-25,False,1,listed_not_verified,not_adjudicated,not_assigned
NCT07089381,INTERVENTIONAL,RECRUITING,NA,"[""Rheumatic Arthritis"", ""Rheumatoid Arthritis (RA) Prevention"", ""Inflamation"", ""Antioxidant"", ""Anti Oxidative Stress"", ""Anti Aging"", ""C Reactive Protein"", ""Methotrexate"", ""Quality of Life Outcomes""]",2025-07-28,False,1,listed_not_verified,not_adjudicated,not_assigned
NCT07090603,INTERVENTIONAL,NOT_YET_RECRUITING,NA,"[""Ageing"", ""Muscle Fatigue Caused by Repetitive Muscle Exercise""]",2025-07-29,False,1,listed_not_verified,not_adjudicated,not_assigned
NCT07090681,INTERVENTIONAL,COMPLETED,NA,"[""Mild Cognitive Impairment (MCI)"", ""Healthy Aging""]",2025-08-07,False,2,listed_not_verified,not_adjudicated,not_assigned
NCT07092618,INTERVENTIONAL,RECRUITING,PHASE2|PHASE3,"[""Longevity"", ""GLP-1"", ""Geroscience"", ""Aging""]",2025-07-30,False,1,listed_not_verified,not_adjudicated,not_assigned
NCT07092800,OBSERVATIONAL,ACTIVE_NOT_RECRUITING,,"[""Tumor"", ""Health Services Research"", ""Causality"", ""Geriatric Assessment"", ""Aged"", ""Cancer""]",2025-07-30,False,1,listed_not_verified,not_adjudicated,not_assigned
NCT07092839,INTERVENTIONAL,COMPLETED,NA,"[""Mild Cognitive Impairment (MCI)""]",2025-07-30,False,2,listed_not_verified,not_adjudicated,not_assigned
NCT07093216,INTERVENTIONAL,NOT_YET_RECRUITING,NA,"[""Aging""]",2026-07-14,False,0,not_listed_not_absent,not_adjudicated,not_assigned
NCT07093463,INTERVENTIONAL,RECRUITING,NA,"[""Microbiome Dysbiosis"", ""Gut Health""]",2026-03-19,False,1,listed_not_verified,not_adjudicated,not_assigned
NCT07094659,INTERVENTIONAL,RECRUITING,PHASE1|PHASE2,"[""Fall Prevention""]",2026-07-06,False,1,listed_not_verified,not_adjudicated,not_assigned
NCT07095348,OBSERVATIONAL,COMPLETED,,"[""Seborrheic Keratosis (SK)"", ""Oxidative Stress"", ""Skin Aging""]",2025-07-31,False,1,listed_not_verified,not_adjudicated,not_assigned
NCT07097155,INTERVENTIONAL,RECRUITING,NA,"[""Telomere Length"", ""Breast Cancer Females""]",2026-05-12,False,1,listed_not_verified,not_adjudicated,not_assigned
NCT07098533,INTERVENTIONAL,COMPLETED,NA,"[""Depressive Symptom"", ""Cognitive Functions"", ""Quality of Life"", ""Physical Fitness"", ""Blood Biomarkers"", ""Elderly (People Aged 65 or More)"", ""Postural Stability"", ""Fall Risk"", ""Postmenopausal Women"", ""Cardiopulmonary""]",2025-08-01,False,1,listed_not_verified,not_adjudicated,not_assigned
NCT07099053,OBSERVATIONAL,RECRUITING,,"[""Aging""]",2026-10-09,False,1,listed_not_verified,not_adjudicated,not_assigned
NCT07103837,INTERVENTIONAL,COMPLETED,NA,"[""Aging"", ""Cognitive Performance""]",2025-08-05,False,1,listed_not_verified,not_adjudicated,not_assigned
NCT07103876,OBSERVATIONAL,RECRUITING,,"[""Hyperparathyroidism"", ""Parathyroid"", ""Mobility""]",2026-09-15,False,1,listed_not_verified,not_adjudicated,not_assigned
NCT07104435,INTERVENTIONAL,ACTIVE_NOT_RECRUITING,NA,"[""Physical Functional Impairment"", ""Cognitive Impairment""]",2026-06-02,False,1,listed_not_verified,not_adjudicated,not_assigned
NCT07104929,INTERVENTIONAL,COMPLETED,PHASE2,"[""Aging""]",2026-02-19,False,1,listed_not_verified,not_adjudicated,not_assigned
NCT07109596,OBSERVATIONAL,RECRUITING,,"[""Aging Frailty""]",2025-08-07,False,1,listed_not_verified,not_adjudicated,not_assigned
NCT07110896,INTERVENTIONAL,RECRUITING,NA,"[""Healthy Aging""]",2026-03-11,False,3,listed_not_verified,not_adjudicated,not_assigned
NCT07111156,INTERVENTIONAL,COMPLETED,NA,"[""Fine Lines"", ""Wrinkles"", ""Facial Sign of Aging""]",2026-08-05,False,1,listed_not_verified,not_adjudicated,not_assigned
NCT07112352,INTERVENTIONAL,ACTIVE_NOT_RECRUITING,PHASE2,"[""Frailty"", ""Older Adults (65 Years and Older)"", ""Digital Health Intervention"", ""Feasibility Studies""]",2026-03-25,False,1,listed_not_verified,not_adjudicated,not_assigned
NCT07113860,INTERVENTIONAL,RECRUITING,NA,"[""Self-perceptions of Aging"", ""Physical Activity""]",2025-08-19,False,1,listed_not_verified,not_adjudicated,not_assigned
NCT07114536,INTERVENTIONAL,COMPLETED,NA,"[""Aging""]",2026-09-16,False,1,listed_not_verified,not_adjudicated,not_assigned
NCT07115888,OBSERVATIONAL,COMPLETED,,"[""Active Aging Individuals Aged 65 and Over""]",2025-08-14,False,1,listed_not_verified,not_adjudicated,not_assigned
NCT07118943,INTERVENTIONAL,COMPLETED,NA,"[""Aging"", ""Wrinkle""]",2025-11-17,False,1,listed_not_verified,not_adjudicated,not_assigned
NCT07119762,INTERVENTIONAL,ACTIVE_NOT_RECRUITING,NA,"[""Healthy People Programs""]",2025-09-08,False,1,listed_not_verified,not_adjudicated,not_assigned
NCT07120542,OBSERVATIONAL,NOT_YET_RECRUITING,,"[""Skin Aging""]",2025-08-13,False,0,not_listed_not_absent,not_adjudicated,not_assigned
NCT07122037,INTERVENTIONAL,ACTIVE_NOT_RECRUITING,NA,"[""Cognitive Aging"", ""Hyposmia"", ""Total Laryngectomy""]",2025-08-14,False,1,listed_not_verified,not_adjudicated,not_assigned
NCT07122310,INTERVENTIONAL,COMPLETED,NA,"[""Skin Aging"", ""Skin Rejuvenation"", ""Photoaging""]",2025-08-14,False,1,listed_not_verified,not_adjudicated,not_assigned
NCT07122427,OBSERVATIONAL,RECRUITING,,"[""Vascular Risk"", ""Aging Disorder""]",2025-08-20,False,1,listed_not_verified,not_adjudicated,not_assigned
NCT07123636,INTERVENTIONAL,COMPLETED,NA,"[""Hair Aging"", ""Hair Graying""]",2025-08-14,False,1,listed_not_verified,not_adjudicated,not_assigned
NCT07124208,INTERVENTIONAL,NOT_YET_RECRUITING,NA,"[""Type 2 Diabetes""]",2026-05-26,False,2,listed_not_verified,not_adjudicated,not_assigned
NCT07124949,OBSERVATIONAL,RECRUITING,,"[""Cardiovascular Diseases"", ""Metabolic Disorders"", ""Ageing and Geriatric Health"", ""Climate Adaptation""]",2025-08-20,False,1,listed_not_verified,not_adjudicated,not_assigned
NCT07127653,INTERVENTIONAL,COMPLETED,NA,"[""Lifting Efficacy"", ""Facial Aging""]",2025-08-17,False,1,listed_not_verified,not_adjudicated,not_assigned
NCT07130435,INTERVENTIONAL,RECRUITING,NA,"[""Sense of Coherence""]",2025-08-19,False,1,listed_not_verified,not_adjudicated,not_assigned
NCT07131748,INTERVENTIONAL,RECRUITING,NA,"[""Hypertension"", ""Aging"", ""Exercise""]",2025-08-20,False,1,listed_not_verified,not_adjudicated,not_assigned
NCT07131761,INTERVENTIONAL,NOT_YET_RECRUITING,NA,"[""Type 2 Diabetes Mellitus (T2DM)""]",2025-08-20,False,0,not_listed_not_absent,not_adjudicated,not_assigned
NCT07132346,OBSERVATIONAL,COMPLETED,,"[""Women (Between 18 to 50 Years Old)""]",2025-08-20,False,1,listed_not_verified,not_adjudicated,not_assigned
NCT07132632,INTERVENTIONAL,NOT_YET_RECRUITING,NA,"[""Frailty"", ""Sarcopenia"", ""Aging"", ""Exercises Therapy""]",2025-08-27,False,0,not_listed_not_absent,not_adjudicated,not_assigned
NCT07133503,OBSERVATIONAL,COMPLETED,,"[""Maxillary Retrusion""]",2025-08-21,False,2,listed_not_verified,not_adjudicated,not_assigned
NCT07133724,INTERVENTIONAL,RECRUITING,NA,"[""Degenerative Lumbar Spine Diseases""]",2025-08-21,False,1,listed_not_verified,not_adjudicated,not_assigned
NCT07134439,OBSERVATIONAL,NOT_YET_RECRUITING,,"[""Sarcopenia"", ""Prostate Cancer"", ""Muscle Atrophy"", ""Androgen Deprivation Therapy""]",2025-08-21,False,0,not_listed_not_absent,not_adjudicated,not_assigned
NCT07136168,INTERVENTIONAL,RECRUITING,NA,"[""Frailty"", ""Ageing Well"", ""Prevention Intervention"", ""Health Related Quality of Life""]",2025-10-07,False,1,listed_not_verified,not_adjudicated,not_assigned
NCT07144293,INTERVENTIONAL,COMPLETED,PHASE2,"[""HIV"", ""Frailty"", ""Prefrail"", ""Aging Problems""]",2026-09-15,False,24,listed_not_verified,not_adjudicated,not_assigned
NCT07144527,INTERVENTIONAL,RECRUITING,NA,"[""Aging"", ""Frailty"", ""Exercise Tolerance"", ""Healthy Male and Female Subjects""]",2026-10-07,False,1,listed_not_verified,not_adjudicated,not_assigned
NCT07145905,INTERVENTIONAL,ACTIVE_NOT_RECRUITING,NA,"[""Skin Aging"", ""Cheek Wrinkles""]",2025-09-08,False,1,listed_not_verified,not_adjudicated,not_assigned
NCT07149337,INTERVENTIONAL,NOT_YET_RECRUITING,NA,"[""Aging"", ""Kidney Disease"", ""Mineral Metabolism""]",2025-09-02,False,0,not_listed_not_absent,not_adjudicated,not_assigned
NCT07151365,OBSERVATIONAL,RECRUITING,,"[""Healthy Aging"", ""Sarcopenia"", ""Frailty"", ""Cognitive Decline""]",2026-04-08,False,1,listed_not_verified,not_adjudicated,not_assigned
NCT07153237,INTERVENTIONAL,ACTIVE_NOT_RECRUITING,NA,"[""Aging"", ""Aesthetic""]",2026-09-03,False,2,listed_not_verified,not_adjudicated,not_assigned
NCT07153393,INTERVENTIONAL,COMPLETED,NA,"[""Skin Aging of Face and Hands"", ""Cicatrix"", ""Scars"", ""Atrophic Scar""]",2025-09-04,False,1,listed_not_verified,not_adjudicated,not_assigned
NCT07156071,INTERVENTIONAL,COMPLETED,NA,"[""Facial Skin Aging and Dullness""]",2025-09-08,False,1,listed_not_verified,not_adjudicated,not_assigned
NCT07156708,INTERVENTIONAL,RECRUITING,NA,"[""Aging""]",2025-09-09,False,1,listed_not_verified,not_adjudicated,not_assigned
NCT07158866,INTERVENTIONAL,ACTIVE_NOT_RECRUITING,NA,"[""Physical Activity"", ""Physical Fitness"", ""Well Being""]",2025-09-08,False,1,listed_not_verified,not_adjudicated,not_assigned
NCT07160582,INTERVENTIONAL,NOT_YET_RECRUITING,NA,"[""MCI"", ""Aging""]",2026-08-18,False,1,listed_not_verified,not_adjudicated,not_assigned
NCT07160777,OBSERVATIONAL,ACTIVE_NOT_RECRUITING,,"[""Facial Aging"", ""Skin Rejuvenation"", ""Volume Defects in the Mid-face"", ""Lip Augmentation and Correction of Perioral Rhytids"", ""Marionette Lines"", ""Nasolabial Fold Correction"", ""Periorbital Wrinkles"", ""Facial Wrinkles and Rhytides Reduction""]",2025-09-08,False,1,listed_not_verified,not_adjudicated,not_assigned
NCT07160907,INTERVENTIONAL,RECRUITING,NA,"[""Careworker"", ""Education""]",2025-09-08,False,1,listed_not_verified,not_adjudicated,not_assigned
NCT07161674,INTERVENTIONAL,NOT_YET_RECRUITING,NA,"[""Cognition"", ""Aged"", ""Digital Health Literacy""]",2025-09-09,False,1,listed_not_verified,not_adjudicated,not_assigned
NCT07162168,OBSERVATIONAL,RECRUITING,,"[""Bone Aging"", ""Osteoporosis Diagnosis""]",2025-12-03,False,1,listed_not_verified,not_adjudicated,not_assigned
NCT07165977,INTERVENTIONAL,ACTIVE_NOT_RECRUITING,NA,"[""Memory Decline"", ""Cognitive Decline"", ""Cognitive Aging""]",2025-09-17,False,1,listed_not_verified,not_adjudicated,not_assigned
NCT07166861,INTERVENTIONAL,RECRUITING,NA,"[""Aging"", ""Preventive Care"", ""Multimorbidity"", ""Palliative Care""]",2026-10-06,False,4,listed_not_verified,not_adjudicated,not_assigned
NCT07168031,INTERVENTIONAL,RECRUITING,NA,"[""Healthy""]",2025-09-11,False,1,listed_not_verified,not_adjudicated,not_assigned
NCT07168525,INTERVENTIONAL,RECRUITING,NA,"[""Aging""]",2025-11-17,False,1,listed_not_verified,not_adjudicated,not_assigned
NCT07168733,INTERVENTIONAL,COMPLETED,NA,"[""Perceived Recovery""]",2025-09-18,False,1,listed_not_verified,not_adjudicated,not_assigned
NCT07170579,INTERVENTIONAL,COMPLETED,NA,"[""Aging""]",2025-09-12,False,1,listed_not_verified,not_adjudicated,not_assigned
NCT07170943,INTERVENTIONAL,WITHDRAWN,NA,"[""Cognitive Decline"", ""Cognition Disorders in Old Age"", ""Aging""]",2025-09-12,False,0,not_listed_not_absent,not_adjudicated,not_assigned
NCT07171450,INTERVENTIONAL,RECRUITING,NA,"[""Aging"", ""Inflammation"", ""Cognitive Remediation"", ""Cognitive Dysfunction"", ""Postviral Syndrome"", ""Digital Medicine""]",2026-02-24,False,1,listed_not_verified,not_adjudicated,not_assigned
NCT07173543,INTERVENTIONAL,RECRUITING,NA,"[""Type 2 Diabetes"", ""Aging""]",2026-03-13,False,1,listed_not_verified,not_adjudicated,not_assigned
NCT07174869,OBSERVATIONAL,COMPLETED,,"[""Mild Cognitive Impairment (MCI)"", ""Mild Alzheimer Disease""]",2026-08-11,False,1,listed_not_verified,not_adjudicated,not_assigned
NCT07176637,INTERVENTIONAL,NOT_YET_RECRUITING,NA,"[""Sedentary Older Adults"", ""Sedentariness and Well-being"", ""Sedentary; Aging""]",2025-09-16,False,0,not_listed_not_absent,not_adjudicated,not_assigned
NCT07178119,INTERVENTIONAL,RECRUITING,NA,"[""Nasolabial Fold Correction"", ""Facial Aging"", ""Skin Rejuvenation"", ""Wrinkles Such as Nasolabial Folds""]",2025-12-04,False,1,listed_not_verified,not_adjudicated,not_assigned
NCT07179172,INTERVENTIONAL,COMPLETED,NA,"[""Sleep Disturbances"", ""Depression""]",2026-08-28,False,1,listed_not_verified,not_adjudicated,not_assigned
NCT07180147,OBSERVATIONAL,ACTIVE_NOT_RECRUITING,,"[""Alzheimer Disease (AD)"", ""Cardio Vascular Disease"", ""Mild Cognitive Impairment (MCI)"", ""Frailty Syndrome"", ""Disability Physical"", ""Hypertension"", ""Metabolic Syndrome (MetS)"", ""Healthy Aging"", ""Obesity &Amp; Overweight""]",2026-03-09,False,1,listed_not_verified,not_adjudicated,not_assigned
NCT07191353,INTERVENTIONAL,RECRUITING,PHASE2,"[""Healthy"", ""Osteopenia"", ""Osteoporosis Risk""]",2026-04-06,False,2,listed_not_verified,not_adjudicated,not_assigned
NCT07192419,INTERVENTIONAL,ENROLLING_BY_INVITATION,NA,"[""HIV (Human Immunodeficiency Virus)"", ""Geriatric"", ""Geriatric Assessment"", ""HIV"", ""HIV - Human Immunodeficiency Virus""]",2025-12-19,False,2,listed_not_verified,not_adjudicated,not_assigned
NCT07193082,INTERVENTIONAL,COMPLETED,NA,"[""Aging"", ""Inspiratory Muscle Weakness"", ""Fatty Liver"", ""Reduced Functional Capacity""]",2025-10-07,False,1,listed_not_verified,not_adjudicated,not_assigned
NCT07193290,OBSERVATIONAL,COMPLETED,,"[""Skin Aging"", ""Hair Care"", ""Skin Microbiome""]",2026-08-05,False,1,listed_not_verified,not_adjudicated,not_assigned
NCT07195318,INTERVENTIONAL,RECRUITING,NA,"[""Healthy""]",2026-05-19,False,1,listed_not_verified,not_adjudicated,not_assigned
NCT07199114,INTERVENTIONAL,COMPLETED,NA,"[""Postural Balance"", ""Strength Training Adaptations"", ""Aging""]",2025-09-30,False,1,listed_not_verified,not_adjudicated,not_assigned
NCT07199790,INTERVENTIONAL,ACTIVE_NOT_RECRUITING,NA,"[""Balance Disorders"", ""Fall"", ""Elderly (People Aged 65 or More)"", ""Exercise"", ""Observation"", ""Physical Therapist""]",2026-05-07,False,1,listed_not_verified,not_adjudicated,not_assigned
NCT07202117,INTERVENTIONAL,RECRUITING,PHASE4,"[""Aesthetic""]",2025-10-01,False,1,listed_not_verified,not_adjudicated,not_assigned
NCT07202403,INTERVENTIONAL,ENROLLING_BY_INVITATION,NA,"[""Aging"", ""Longevity""]",2025-10-01,False,1,listed_not_verified,not_adjudicated,not_assigned
NCT07202494,OBSERVATIONAL,RECRUITING,,"[""Multiple Sclerosis"", ""Neuromyelitis Optica Spectrum Disorders"", ""Myelin Oligodendrocyte Glycoprotein Antibody-Associated Disease (MOGAD)"", ""Alzheimer Disease"", ""Parkinson Disease"", ""Amyotrophic Lateral Sclerosis (ALS)"", ""Temporal Lobe Epilepsy"", ""Epilepsy"", ""Mild Traumatic Brain Injury"", ""Healthy Aging""]",2025-10-01,False,1,listed_not_verified,not_adjudicated,not_assigned
NCT07203196,INTERVENTIONAL,ACTIVE_NOT_RECRUITING,NA,"[""Aging, Healthy"", ""Blood Sugar; High"", ""Blood Sugar (Glucose) Control"", ""Time Restricted Eating"", ""Circadian Dysregulation""]",2025-12-31,False,1,listed_not_verified,not_adjudicated,not_assigned
NCT07204444,INTERVENTIONAL,COMPLETED,NA,"[""Older Adults"", ""Mental Health"", ""Depression"", ""Loneliness"", ""Social Isolation"", ""Suicide Ideations"", ""Social Functioning"", ""Quality of Life"", ""Thwarted Belongingness"", ""Perceived Burdensomeness"", ""Help-Seeking Behavior"", ""Suicide Risk""]",2025-11-12,True,1,listed_not_verified,not_adjudicated,not_assigned
NCT07205133,INTERVENTIONAL,RECRUITING,NA,"[""Aging"", ""Frailty"", ""Sarcopenia"", ""Muscle Strength"", ""Muscle Function"", ""Muscle Mass""]",2026-04-15,False,1,listed_not_verified,not_adjudicated,not_assigned
NCT07205510,OBSERVATIONAL,RECRUITING,,"[""Sarcopenia"", ""Metabolic Diseases"", ""All-cause Mortality"", ""Aging"", ""Cardiometabolic Diseases""]",2025-10-03,False,1,listed_not_verified,not_adjudicated,not_assigned
NCT07206368,INTERVENTIONAL,RECRUITING,NA,"[""Falls"", ""Sarcopenia"", ""Obesity""]",2026-04-21,False,1,listed_not_verified,not_adjudicated,not_assigned
NCT07207044,INTERVENTIONAL,RECRUITING,NA,"[""Aging"", ""Healthy Aging"", ""Aging Frailty""]",2026-01-28,False,1,listed_not_verified,not_adjudicated,not_assigned
NCT07207538,INTERVENTIONAL,NOT_YET_RECRUITING,NA,"[""Telomere Length"", ""Exercise"", ""First Episode Psychosis (FEP)""]",2025-10-06,False,0,not_listed_not_absent,not_adjudicated,not_assigned
NCT07208279,INTERVENTIONAL,RECRUITING,NA,"[""Aging"", ""Healthy Aging"", ""Cognition"", ""Memory"", ""Brain""]",2025-10-28,False,1,listed_not_verified,not_adjudicated,not_assigned
NCT07208318,INTERVENTIONAL,RECRUITING,EARLY_PHASE1,"[""Aging"", ""Visual Perception"", ""Noninvasive Brain Stimulation""]",2026-07-16,False,1,listed_not_verified,not_adjudicated,not_assigned
NCT07209683,INTERVENTIONAL,RECRUITING,NA,"[""Cognition"", ""Neurovascular Coupling Mechanism and Cognitive Function"", ""Neurovascular Control"", ""Brain Aging"", ""Brain Activity""]",2026-02-06,False,1,listed_not_verified,not_adjudicated,not_assigned
NCT07209774,OBSERVATIONAL,NOT_YET_RECRUITING,,"[""Cancer"", ""Mental Health"", ""Ageing Well"", ""Resilience"", ""Cognitive Health"", ""Psychological Health"", ""Environmental Health Effects"", ""Cardiovascular Health"", ""Metabolic Health"", ""Neurological Health"", ""Musculoskeletal Health"", ""Respiratory Health"", ""Allergies"", ""Eye Health"", ""Other""]",2025-10-07,False,0,not_listed_not_absent,not_adjudicated,not_assigned
NCT07214194,INTERVENTIONAL,NOT_YET_RECRUITING,NA,"[""Alzheimer Disease"", ""Aging""]",2025-10-09,False,1,listed_not_verified,not_adjudicated,not_assigned
NCT07214246,OBSERVATIONAL,RECRUITING,,"[""Ovarian Aging"", ""In Vitro Fertilisation (IVF) Treatment"", ""InVitro Fertilization"", ""In Vitro Fertilization Outcome""]",2025-10-09,False,1,listed_not_verified,not_adjudicated,not_assigned
NCT07216352,INTERVENTIONAL,NOT_YET_RECRUITING,NA,"[""Laxity; Skin""]",2025-10-28,False,1,listed_not_verified,not_adjudicated,not_assigned
NCT07217951,OBSERVATIONAL,NOT_YET_RECRUITING,,"[""Chronic Stress"", ""Systemic Inflammation"", ""Mobility and Independence""]",2025-10-20,False,1,listed_not_verified,not_adjudicated,not_assigned
NCT07218081,INTERVENTIONAL,RECRUITING,PHASE1,"[""Alzheimer Dementia (AD)""]",2026-01-07,False,1,listed_not_verified,not_adjudicated,not_assigned
NCT07218445,INTERVENTIONAL,RECRUITING,PHASE4,"[""Obesity"", ""Menopause Hot Flashes""]",2026-10-06,False,1,listed_not_verified,not_adjudicated,not_assigned
NCT07219186,INTERVENTIONAL,NOT_YET_RECRUITING,EARLY_PHASE1,"[""Old Adults"", ""Sleep Quality"", ""Kava"", ""Mobility Impairment"", ""Physical Activity and Stress"", ""Physical Impairment"", ""Sedentary Lifestyle in Patients Over 70""]",2026-08-31,False,2,listed_not_verified,not_adjudicated,not_assigned
NCT07220473,INTERVENTIONAL,RECRUITING,PHASE2,"[""Aging"", ""LONGEVITY 1""]",2026-03-24,False,1,listed_not_verified,not_adjudicated,not_assigned
NCT07221643,OBSERVATIONAL,RECRUITING,,"[""No Condition"", ""Skin Carotenoids and Immune-aging""]",2025-12-15,False,1,listed_not_verified,not_adjudicated,not_assigned
NCT07222111,INTERVENTIONAL,RECRUITING,NA,"[""T Cell Response to Dried Plum"", ""Vitamin D Influence on Immune Response"", ""Dried Plum and Immune Function""]",2025-10-29,False,1,listed_not_verified,not_adjudicated,not_assigned
NCT07227883,INTERVENTIONAL,RECRUITING,EARLY_PHASE1,"[""Facial Aging"", ""Rejuvenation"", ""Stem Cell"", ""Stem Cell Banking""]",2026-07-06,False,1,listed_not_verified,not_adjudicated,not_assigned
NCT07228520,INTERVENTIONAL,RECRUITING,NA,"[""Pain"", ""Depressive Symptoms"", ""Aging""]",2026-07-22,False,1,listed_not_verified,not_adjudicated,not_assigned
NCT07231783,INTERVENTIONAL,RECRUITING,NA,"[""Healthy Aging"", ""Muscle Function""]",2026-03-31,False,1,listed_not_verified,not_adjudicated,not_assigned
NCT07232667,OBSERVATIONAL,RECRUITING,,"[""Healthy Aging"", ""Digital Health Literacy""]",2026-05-18,False,1,listed_not_verified,not_adjudicated,not_assigned
NCT07240870,OBSERVATIONAL,COMPLETED,,"[""EEG"", ""Aging"", ""Desflurane Anesthesia""]",2025-11-21,False,1,listed_not_verified,not_adjudicated,not_assigned
NCT07242833,OBSERVATIONAL,ACTIVE_NOT_RECRUITING,,"[""Aging"", ""Aging, Biological"", ""Aging, Healthy"", ""BIOLOGICAL CLOCKS"", ""Biological Clock Disturbance""]",2026-09-23,False,1,listed_not_verified,not_adjudicated,not_assigned
NCT07244562,INTERVENTIONAL,NOT_YET_RECRUITING,NA,"[""Elderly"", ""Older Adults, Aging Brain""]",2025-12-12,False,1,listed_not_verified,not_adjudicated,not_assigned
NCT07244848,INTERVENTIONAL,COMPLETED,NA,"[""Cognitive Decline"", ""Aging"", ""Alzheimer Disease""]",2025-11-24,False,1,listed_not_verified,not_adjudicated,not_assigned
NCT07251244,INTERVENTIONAL,RECRUITING,NA,"[""Aging"", ""Older Adults""]",2025-12-22,False,1,listed_not_verified,not_adjudicated,not_assigned
NCT07251296,INTERVENTIONAL,RECRUITING,NA,"[""Perimenopause"", ""Aging""]",2025-12-22,False,1,listed_not_verified,not_adjudicated,not_assigned
NCT07251322,OBSERVATIONAL,COMPLETED,,"[""Frailty"", ""Microbiota""]",2025-11-26,False,1,listed_not_verified,not_adjudicated,not_assigned
NCT07251855,INTERVENTIONAL,COMPLETED,NA,"[""Ageing and Geriatric Health""]",2025-11-26,False,1,listed_not_verified,not_adjudicated,not_assigned
NCT07254884,INTERVENTIONAL,ACTIVE_NOT_RECRUITING,NA,"[""Rhytids"", ""Skin Laxity""]",2026-09-01,False,1,listed_not_verified,not_adjudicated,not_assigned
NCT07255300,INTERVENTIONAL,RECRUITING,NA,"[""Fat Mass"", ""Risk Factors Cardiovascular Disease"", ""Epigenetic Aging"", ""Metabolism Changes"", ""Overweight (BMI &gt; 25)"", ""Risk Behavior"", ""Obesity (Disorder)""]",2025-12-01,False,1,listed_not_verified,not_adjudicated,not_assigned
NCT07255560,INTERVENTIONAL,COMPLETED,NA,"[""Skin Aging of Face and Hands"", ""Facial Wrinkles - Rough Texture - Hyperpigmentation"", ""Skin Laxity""]",2026-01-30,False,1,listed_not_verified,not_adjudicated,not_assigned
NCT07261748,OBSERVATIONAL,ENROLLING_BY_INVITATION,,"[""Aesthetic Procedures"", ""Cosmetic Techniques"", ""Skin Aging"", ""Rejuvenation""]",2025-12-03,False,1,listed_not_verified,not_adjudicated,not_assigned
NCT07265869,INTERVENTIONAL,COMPLETED,NA,"[""Healthy"", ""Ageing""]",2025-12-05,False,1,listed_not_verified,not_adjudicated,not_assigned
NCT07271524,INTERVENTIONAL,NOT_YET_RECRUITING,NA,"[""Traumatic Brain Injury""]",2025-12-09,False,2,listed_not_verified,not_adjudicated,not_assigned
NCT07272863,INTERVENTIONAL,NOT_YET_RECRUITING,NA,"[""Insomnia"", ""Cognition"", ""Aging"", ""HIV""]",2026-05-08,False,2,listed_not_verified,not_adjudicated,not_assigned
NCT07275177,INTERVENTIONAL,COMPLETED,NA,"[""Obesity (Disorder)"", ""Obesity"", ""Sarcopenia"", ""Sarcopenia in Elderly"", ""Sarcopenic Obesity"", ""Vitamin D Deficiency"", ""Vitamin D 25-Hydroxylase Deficiency"", ""Muscle Strengh"", ""Muscle Mass"", ""Aging"", ""Older Adults (65 Years and Older)"", ""Functional Decline"", ""Age-Related Loss of Skeletal Muscle Mass"", ""Muscle Weakness""]",2025-12-10,False,1,listed_not_verified,not_adjudicated,not_assigned
NCT07275424,INTERVENTIONAL,RECRUITING,PHASE2,"[""Aging, Healthy""]",2025-12-10,False,1,listed_not_verified,not_adjudicated,not_assigned
NCT07275996,INTERVENTIONAL,ACTIVE_NOT_RECRUITING,NA,"[""Frailty"", ""Sarcopenia"", ""Aging"", ""Malnutrition Elderly""]",2026-05-04,False,1,listed_not_verified,not_adjudicated,not_assigned
NCT07278141,INTERVENTIONAL,NOT_YET_RECRUITING,NA,"[""Physical Function"", ""Executive Function (Cognition)"", ""Saccadic Eye Movements""]",2025-12-11,False,2,listed_not_verified,not_adjudicated,not_assigned
NCT07280689,INTERVENTIONAL,COMPLETED,NA,"[""Aging"", ""Empathy Skills""]",2025-12-19,False,1,listed_not_verified,not_adjudicated,not_assigned
NCT07282951,INTERVENTIONAL,ACTIVE_NOT_RECRUITING,NA,"[""Fall Prevention"", ""Fall Prevention in Healthy Aging""]",2026-04-30,False,1,listed_not_verified,not_adjudicated,not_assigned
NCT07283510,INTERVENTIONAL,COMPLETED,NA,"[""Mobility Disability"", ""Older Adults""]",2025-12-22,False,1,listed_not_verified,not_adjudicated,not_assigned
NCT07285577,INTERVENTIONAL,COMPLETED,NA,"[""Facial Aging""]",2025-12-16,False,1,listed_not_verified,not_adjudicated,not_assigned
NCT07285811,INTERVENTIONAL,RECRUITING,NA,"[""Type 2 Diabetes""]",2026-08-18,False,2,listed_not_verified,not_adjudicated,not_assigned
NCT07287501,INTERVENTIONAL,RECRUITING,NA,"[""Chronic Pain""]",2026-01-07,False,1,listed_not_verified,not_adjudicated,not_assigned
NCT07289204,OBSERVATIONAL,ENROLLING_BY_INVITATION,,"[""Diabetes Mellitus Type 1"", ""Healthy Ageing""]",2025-12-24,False,1,listed_not_verified,not_adjudicated,not_assigned
NCT07289529,INTERVENTIONAL,NOT_YET_RECRUITING,NA,"[""Obesity & Overweight"", ""Aged 65 Years or Older""]",2026-04-29,False,1,listed_not_verified,not_adjudicated,not_assigned
NCT07290244,INTERVENTIONAL,RECRUITING,PHASE1,"[""Open Angle Glaucoma (OAG)"", ""NAION( Non-arteritic Anterior Ischemic Optic Neuropathy)""]",2026-05-19,False,4,listed_not_verified,not_adjudicated,not_assigned
NCT07292272,INTERVENTIONAL,RECRUITING,NA,"[""Hematological Malignancy"", ""Leukemia"", ""Lymphoid Leukemia"", ""Multiple Myeloma"", ""Myeloid Leukemia"", ""Monocytic Leukemia"", ""Non-hodgkin Lymphoma"", ""Other Hematologic Condition""]",2026-07-01,False,1,listed_not_verified,not_adjudicated,not_assigned
NCT07293325,INTERVENTIONAL,RECRUITING,NA,"[""Adults With Simple Obesity""]",2025-12-19,False,1,listed_not_verified,not_adjudicated,not_assigned
NCT07294209,INTERVENTIONAL,RECRUITING,PHASE4,"[""Acute Ischemic Stroke Patients""]",2026-06-23,False,51,listed_not_verified,not_adjudicated,not_assigned
NCT07295483,OBSERVATIONAL,RECRUITING,,"[""Persistent COVID Condition""]",2026-03-12,False,1,listed_not_verified,not_adjudicated,not_assigned
NCT07296601,OBSERVATIONAL,ENROLLING_BY_INVITATION,,"[""Aesthetic Procedures"", ""Cosmetic Techniques"", ""Skin Ageing""]",2025-12-22,False,1,listed_not_verified,not_adjudicated,not_assigned
NCT07297381,INTERVENTIONAL,ACTIVE_NOT_RECRUITING,NA,"[""Aging, Healthy""]",2025-12-22,False,1,listed_not_verified,not_adjudicated,not_assigned
NCT07298876,INTERVENTIONAL,ENROLLING_BY_INVITATION,NA,"[""Sleep Disturbances"", ""Aging"", ""Cognitive Impairment, Mild""]",2025-12-23,False,1,listed_not_verified,not_adjudicated,not_assigned
NCT07300813,INTERVENTIONAL,ACTIVE_NOT_RECRUITING,NA,"[""Hair Care"", ""Hair Loss"", ""Female Pattern Hair Loss""]",2025-12-24,False,1,listed_not_verified,not_adjudicated,not_assigned
NCT07302789,INTERVENTIONAL,COMPLETED,NA,"[""Skin Ageing"", ""Facial Wrinkles - Rough Texture - Hyperpigmentation"", ""Skin Hydration in Healthy Volunteers""]",2026-02-17,False,1,listed_not_verified,not_adjudicated,not_assigned
NCT07302932,INTERVENTIONAL,COMPLETED,NA,"[""Metformin, Prediabetes""]",2025-12-24,False,1,listed_not_verified,not_adjudicated,not_assigned
NCT07306611,INTERVENTIONAL,COMPLETED,PHASE1|PHASE2,"[""Vulvo Vaginal Atrophy""]",2025-12-31,False,1,listed_not_verified,not_adjudicated,not_assigned
NCT07308314,OBSERVATIONAL,RECRUITING,,"[""Chronic Disease"", ""Chronic Disease Management"", ""Hypertension"", ""Diabetes Mellitus"", ""Dyslipidemias"", ""Frailty"", ""Sarcopenia""]",2026-10-06,False,1,listed_not_verified,not_adjudicated,not_assigned
NCT07308353,INTERVENTIONAL,ACTIVE_NOT_RECRUITING,NA,"[""Exergaming"", ""Exercise Therapy"", ""Frail Elderly"", ""Healthy Aging"", ""Mobility Limitation"", ""Muscle Strength"", ""Postural Balance"", ""Proprioception""]",2025-12-29,False,1,listed_not_verified,not_adjudicated,not_assigned
NCT07310706,INTERVENTIONAL,COMPLETED,NA,"[""Oily Skin Aging""]",2025-12-30,False,1,listed_not_verified,not_adjudicated,not_assigned
NCT07311265,INTERVENTIONAL,COMPLETED,NA,"[""Healthy Aging"", ""Overweight and Obesity"", ""Physical Fitness"", ""Psychological Well-being""]",2025-12-30,False,1,listed_not_verified,not_adjudicated,not_assigned
NCT07312435,INTERVENTIONAL,RECRUITING,NA,"[""Dementia"", ""Cognitive Function""]",2025-12-31,False,1,listed_not_verified,not_adjudicated,not_assigned
NCT07313540,INTERVENTIONAL,NOT_YET_RECRUITING,NA,"[""Aging"", ""Dementia"", ""Cognitive Decline""]",2026-03-27,False,1,listed_not_verified,not_adjudicated,not_assigned
NCT07314827,INTERVENTIONAL,NOT_YET_RECRUITING,NA,"[""Meditation"", ""Health Education""]",2026-06-23,False,1,listed_not_verified,not_adjudicated,not_assigned
NCT07315724,INTERVENTIONAL,RECRUITING,NA,"[""Community-Dwelling Older Adults"", ""Aging"", ""Cognitive Decline"", ""Hand Dexterity"", ""Muscle Strength""]",2026-01-02,False,1,listed_not_verified,not_adjudicated,not_assigned
NCT07317089,INTERVENTIONAL,COMPLETED,NA,"[""Skin Aging"", ""Sagging Skin"", ""Laxity; Skin""]",2026-01-05,False,1,listed_not_verified,not_adjudicated,not_assigned
NCT07322224,INTERVENTIONAL,COMPLETED,NA,"[""Biological Aging"", ""Healthy Aging"", ""Longevity""]",2026-01-07,False,1,listed_not_verified,not_adjudicated,not_assigned
NCT07324759,INTERVENTIONAL,NOT_YET_RECRUITING,NA,"[""Wrinkles"", ""Fine Lines"", ""Hyperpigmentation"", ""Dark Spots""]",2026-01-07,False,0,not_listed_not_absent,not_adjudicated,not_assigned
NCT07328100,INTERVENTIONAL,NOT_YET_RECRUITING,NA,"[""Vascular Aging"", ""NAD""]",2026-01-08,False,1,listed_not_verified,not_adjudicated,not_assigned
NCT07330635,INTERVENTIONAL,RECRUITING,NA,"[""Aging"", ""Walking, Difficulty"", ""Chronic Limb-Threatening Ischemia"", ""Chronic Disease""]",2026-01-09,False,1,listed_not_verified,not_adjudicated,not_assigned
NCT07331181,INTERVENTIONAL,RECRUITING,NA,"[""Wrinkle"", ""Aging""]",2026-04-16,False,3,listed_not_verified,not_adjudicated,not_assigned
NCT07332299,INTERVENTIONAL,RECRUITING,NA,"[""Traumatic Brain Injury"", ""Aging Related Cognitive Decline""]",2026-01-12,False,1,listed_not_verified,not_adjudicated,not_assigned
NCT07334106,INTERVENTIONAL,RECRUITING,NA,"[""Aging"", ""Aging, Healthy"", ""Aging Well"", ""Aging, Biological""]",2026-01-12,False,1,listed_not_verified,not_adjudicated,not_assigned
NCT07341061,INTERVENTIONAL,NOT_YET_RECRUITING,NA,"[""Frailty"", ""Aging"", ""Geriatric Syndromes"", ""Mobility Limitation"", ""Functional Decline"", ""Sedentary Lifestyle""]",2026-01-14,False,0,not_listed_not_absent,not_adjudicated,not_assigned
NCT07341087,INTERVENTIONAL,RECRUITING,NA,"[""Skin Inflammation"", ""Immunosenescence"", ""Inflammation"", ""Skin Health"", ""Eczema"", ""Rosacea"", ""Acne"", ""Menopause""]",2026-05-08,False,1,listed_not_verified,not_adjudicated,not_assigned
NCT07341568,OBSERVATIONAL,COMPLETED,,"[""Cognitive Impairment"", ""Healthy Participants""]",2026-01-14,False,1,listed_not_verified,not_adjudicated,not_assigned
NCT07342452,INTERVENTIONAL,NOT_YET_RECRUITING,PHASE4,"[""Skin Aging""]",2026-10-06,False,1,listed_not_verified,not_adjudicated,not_assigned
NCT07343544,INTERVENTIONAL,NOT_YET_RECRUITING,NA,"[""Skin"", ""Skin Ageing"", ""Fine Lines"", ""Face Aging/Photo Aging of Moderate Grade"", ""Face Skin Photoaging""]",2026-01-15,False,0,not_listed_not_absent,not_adjudicated,not_assigned
NCT07344896,INTERVENTIONAL,NOT_YET_RECRUITING,NA,"[""Body Image"", ""Mindfulness Based Stress Reduction"", ""Middle Aged""]",2026-08-25,False,0,not_listed_not_absent,not_adjudicated,not_assigned
NCT07345832,INTERVENTIONAL,RECRUITING,NA,"[""Sarcopenia"", ""Sarcopenia in Elderly"", ""Fall Prevention in Healthy Aging"", ""Frailty Syndrome"", ""Malnutrition Elderly"", ""Frailty""]",2026-09-08,False,1,listed_not_verified,not_adjudicated,not_assigned
NCT07347912,INTERVENTIONAL,ACTIVE_NOT_RECRUITING,NA,"[""Down Syndrome"", ""Healthy Aging"", ""Resistance Training""]",2026-01-29,False,1,listed_not_verified,not_adjudicated,not_assigned
NCT07351877,INTERVENTIONAL,RECRUITING,NA,"[""Aging"", ""Stroke""]",2026-01-20,False,1,listed_not_verified,not_adjudicated,not_assigned
NCT07354620,INTERVENTIONAL,ACTIVE_NOT_RECRUITING,EARLY_PHASE1,"[""Aging""]",2026-01-21,False,1,listed_not_verified,not_adjudicated,not_assigned
NCT07356700,OBSERVATIONAL,RECRUITING,,"[""Aging""]",2026-07-08,False,1,listed_not_verified,not_adjudicated,not_assigned
NCT07357090,INTERVENTIONAL,RECRUITING,NA,"[""Traumatic Brain Injury"", ""Aging Disorder"", ""Magnetic Resonance Imaging (MRI)""]",2026-10-06,False,1,listed_not_verified,not_adjudicated,not_assigned
NCT07357662,INTERVENTIONAL,RECRUITING,NA,"[""Aging"", ""Foot Muscle Dysfunction"", ""Sarcopenia"", ""Age-Related Muscle Weakness""]",2026-08-11,False,1,listed_not_verified,not_adjudicated,not_assigned
NCT07358091,INTERVENTIONAL,COMPLETED,NA,"[""Aging""]",2026-03-31,False,1,listed_not_verified,not_adjudicated,not_assigned
NCT07359495,INTERVENTIONAL,NOT_YET_RECRUITING,NA,"[""Sarcopenia""]",2026-01-22,False,1,listed_not_verified,not_adjudicated,not_assigned
NCT07359924,INTERVENTIONAL,COMPLETED,PHASE2,"[""Skin Ageing""]",2026-01-22,False,1,listed_not_verified,not_adjudicated,not_assigned
NCT07361601,OBSERVATIONAL,WITHDRAWN,,"[""Alzheimer Disease"", ""Mild Cognitive Impairment""]",2026-09-14,False,1,listed_not_verified,not_adjudicated,not_assigned
NCT07361887,INTERVENTIONAL,RECRUITING,NA,"[""Atherosclerosis Cardiovascular Disease"", ""Obesity"", ""Metabolic Syndrome"", ""Metabolic Disorders"", ""Inflammation"", ""Neurodegeneration"", ""Neurodegenerative Disease"", ""Alzheimer s Disease""]",2026-01-23,False,1,listed_not_verified,not_adjudicated,not_assigned
NCT07363057,INTERVENTIONAL,RECRUITING,PHASE2,"[""Cancer Survivors"", ""Healthy Participant"", ""Elderly""]",2026-01-26,False,2,listed_not_verified,not_adjudicated,not_assigned
NCT07365514,INTERVENTIONAL,RECRUITING,PHASE1,"[""Postmenopausal Osteoporosis"", ""Gut Microbiome"", ""Menopause""]",2026-07-23,False,1,listed_not_verified,not_adjudicated,not_assigned
NCT07368907,INTERVENTIONAL,RECRUITING,NA,"[""Falls Prevention""]",2026-04-29,False,1,listed_not_verified,not_adjudicated,not_assigned
NCT07372001,INTERVENTIONAL,COMPLETED,PHASE4,"[""Skin Aging""]",2026-01-28,False,1,listed_not_verified,not_adjudicated,not_assigned
NCT07372417,OBSERVATIONAL,NOT_YET_RECRUITING,,"[""Aging"", ""Inflammation"", ""Blood-Brain Barrier Permeability"", ""Anesthesia Brain Monitor"", ""Anesthesia Depth Monitoring"", ""Inflammation Biomarkers"", ""Inflammaging"", ""Monocyte""]",2026-01-28,False,1,listed_not_verified,not_adjudicated,not_assigned
NCT07373444,OBSERVATIONAL,NOT_YET_RECRUITING,,"[""Aging"", ""Cognition Improvement"", ""Cognition Disorders"", ""Cognition""]",2026-01-28,False,2,listed_not_verified,not_adjudicated,not_assigned
NCT07378787,INTERVENTIONAL,RECRUITING,NA,"[""Late-perimenopause"", ""Menopause"", ""Perimenopause""]",2026-01-30,False,2,listed_not_verified,not_adjudicated,not_assigned
NCT07379385,INTERVENTIONAL,COMPLETED,NA,"[""Muscle Performance"", ""Resistance Training""]",2026-09-09,False,1,listed_not_verified,not_adjudicated,not_assigned
NCT07379437,INTERVENTIONAL,NOT_YET_RECRUITING,NA,"[""Brain Aging""]",2026-01-30,False,0,not_listed_not_absent,not_adjudicated,not_assigned
NCT07380204,INTERVENTIONAL,RECRUITING,NA,"[""Parkinson's Disease (PD)"", ""Alzheimer's Disease (AD)"", ""Amyotrophic Lateral Sclerosis (ALS)""]",2026-02-02,False,1,listed_not_verified,not_adjudicated,not_assigned
NCT07381218,INTERVENTIONAL,COMPLETED,NA,"[""Facial Skin Laxity"", ""Skin Aging""]",2026-04-21,False,1,listed_not_verified,not_adjudicated,not_assigned
NCT07383727,INTERVENTIONAL,NOT_YET_RECRUITING,NA,"[""Older Adults (60 - 85 Years Old)""]",2026-02-03,False,0,not_listed_not_absent,not_adjudicated,not_assigned
NCT07384754,INTERVENTIONAL,RECRUITING,NA,"[""Minimalist Footwear"", ""Traditional Foot Exercise Program"", ""Foot Strengthening Device (ToePro)"", ""Control Condition""]",2026-08-19,False,1,listed_not_verified,not_adjudicated,not_assigned
NCT07388394,INTERVENTIONAL,SUSPENDED,NA,"[""Virus-HIV""]",2026-09-02,False,1,listed_not_verified,not_adjudicated,not_assigned
NCT07389785,OBSERVATIONAL,ACTIVE_NOT_RECRUITING,,"[""Cardiac Surgery"", ""Organ Protection"", ""Ageing""]",2026-02-05,False,1,listed_not_verified,not_adjudicated,not_assigned
NCT07390305,OBSERVATIONAL,COMPLETED,,"[""Skin Aging"", ""Reproductive Aging"", ""Menopause"", ""Genetic Factors""]",2026-02-05,False,1,listed_not_verified,not_adjudicated,not_assigned
NCT07392723,INTERVENTIONAL,RECRUITING,PHASE2,"[""Cognitive Dysfunction"", ""Alzheimer Disease"", ""Blood-Brain Barrier"", ""Apolipoprotein E, Deficiency or Defect of"", ""Brain Aging"", ""Fatty Acids, Omega-3""]",2026-02-06,False,1,listed_not_verified,not_adjudicated,not_assigned
NCT07393841,OBSERVATIONAL,RECRUITING,,"[""Healthy Adult"", ""Fitness Testing"", ""Athlete"", ""Aging"", ""Exercise Physiology"", ""Human Performance""]",2026-02-06,False,1,listed_not_verified,not_adjudicated,not_assigned
NCT07394790,INTERVENTIONAL,RECRUITING,NA,"[""Sedentary Lifestyle""]",2026-04-27,False,1,listed_not_verified,not_adjudicated,not_assigned
NCT07398768,OBSERVATIONAL,RECRUITING,,"[""Perioral Wrinkles"", ""Crow's Feet"", ""Lip Volume Enhancement"", ""Lip Aging""]",2026-03-13,False,1,listed_not_verified,not_adjudicated,not_assigned
NCT07398989,INTERVENTIONAL,COMPLETED,PHASE4,"[""Crepey Skin"", ""Aging Skin"", ""Photo-aged Skin""]",2026-04-15,False,2,listed_not_verified,not_adjudicated,not_assigned
NCT07403942,INTERVENTIONAL,COMPLETED,NA,"[""Skin Aging of Face and Neck""]",2026-02-11,False,1,listed_not_verified,not_adjudicated,not_assigned
NCT07404085,INTERVENTIONAL,RECRUITING,NA,"[""Bipolar Disorder (BD)"", ""Depression - Major Depressive Disorder"", ""Cognitive Impairment"", ""Schizophrenia Disorders""]",2026-10-07,False,1,listed_not_verified,not_adjudicated,not_assigned
NCT07404449,INTERVENTIONAL,ACTIVE_NOT_RECRUITING,PHASE1,"[""Aging""]",2026-03-10,False,1,listed_not_verified,not_adjudicated,not_assigned
NCT07404969,INTERVENTIONAL,RECRUITING,NA,"[""Idiopathic Infertility"", ""Infertility Unexplained"", ""Infertility (IVF Patients)"", ""Infertility Assisted Reproductive Technology"", ""Infertility Female""]",2026-04-29,False,1,listed_not_verified,not_adjudicated,not_assigned
NCT07405060,OBSERVATIONAL,RECRUITING,,"[""Aging"", ""Muscle Fatigue""]",2026-02-12,False,2,listed_not_verified,not_adjudicated,not_assigned
NCT07406243,INTERVENTIONAL,NOT_YET_RECRUITING,NA,"[""Aging"", ""Postmenopause""]",2026-02-12,False,1,listed_not_verified,not_adjudicated,not_assigned
NCT07407894,INTERVENTIONAL,RECRUITING,NA,"[""Healthy Aging"", ""Anti Aging""]",2026-04-22,False,1,listed_not_verified,not_adjudicated,not_assigned
NCT07409480,INTERVENTIONAL,NOT_YET_RECRUITING,NA,"[""Inflammation"", ""Immune System""]",2026-02-18,False,1,listed_not_verified,not_adjudicated,not_assigned
NCT07409675,OBSERVATIONAL,COMPLETED,,"[""Healthy Subjects"", ""Healthy Adult""]",2026-02-13,False,1,listed_not_verified,not_adjudicated,not_assigned
NCT07410299,INTERVENTIONAL,COMPLETED,NA,"[""Muscle Fatigue Caused by Repetitive Muscle Exercise""]",2026-08-27,False,1,listed_not_verified,not_adjudicated,not_assigned
NCT07414680,OBSERVATIONAL,RECRUITING,,"[""Sleep Disturbance"", ""Cognitive Change"", ""Aging""]",2026-07-30,False,2,listed_not_verified,not_adjudicated,not_assigned
NCT07415408,INTERVENTIONAL,ENROLLING_BY_INVITATION,NA,"[""Dietary Protein Intake""]",2026-02-17,False,1,listed_not_verified,not_adjudicated,not_assigned
NCT07415707,INTERVENTIONAL,RECRUITING,NA,"[""Aging"", ""Alcohol Drinking""]",2026-03-04,False,1,listed_not_verified,not_adjudicated,not_assigned
NCT07416201,OBSERVATIONAL,RECRUITING,,"[""Down Syndrome""]",2026-07-16,False,1,listed_not_verified,not_adjudicated,not_assigned
NCT07416396,INTERVENTIONAL,ACTIVE_NOT_RECRUITING,PHASE1,"[""Aging""]",2026-03-11,False,1,listed_not_verified,not_adjudicated,not_assigned
NCT07418970,INTERVENTIONAL,COMPLETED,NA,"[""Cognitive Function"", ""Balance Impairment"", ""Fatigue"", ""Aging""]",2026-02-18,False,1,listed_not_verified,not_adjudicated,not_assigned
NCT07419321,OBSERVATIONAL,RECRUITING,,"[""Schizophrenia and Related Disorders""]",2026-02-19,False,4,listed_not_verified,not_adjudicated,not_assigned
NCT07419633,INTERVENTIONAL,RECRUITING,NA,"[""Muscle"", ""Cognitive Functioning"", ""Geriatric"", ""Ageing and Geriatric Health"", ""Ageing""]",2026-05-14,False,1,listed_not_verified,not_adjudicated,not_assigned
NCT07424274,INTERVENTIONAL,NOT_YET_RECRUITING,NA,"[""Ageing"", ""Frailty"", ""Sarcopenia"", ""Decline, Cognitive""]",2026-02-20,False,0,not_listed_not_absent,not_adjudicated,not_assigned
NCT07424352,INTERVENTIONAL,RECRUITING,NA,"[""Knee Arthritis, Osteoarthritis""]",2026-02-20,False,1,listed_not_verified,not_adjudicated,not_assigned
NCT07424443,INTERVENTIONAL,COMPLETED,NA,"[""Memory Loss (Excluding Dementia)"", ""Lifestyle (Sedentary Behavior and Physical Activity)"", ""Lifestyle Risk Reduction"", ""Healthy Lifestyle Behaviors"", ""Dementia Prevention""]",2026-10-09,False,1,listed_not_verified,not_adjudicated,not_assigned
NCT07427355,OBSERVATIONAL,ACTIVE_NOT_RECRUITING,,"[""Cardio Vascular Disease"", ""Cardiovascular"", ""Cancer"", ""Mortality""]",2026-02-23,False,1,listed_not_verified,not_adjudicated,not_assigned
NCT07427693,INTERVENTIONAL,ACTIVE_NOT_RECRUITING,NA,"[""Urinary Incontinence (UI)"", ""Urinary Stress Incontinence"", ""Telehealth""]",2026-02-23,False,1,listed_not_verified,not_adjudicated,not_assigned
NCT07428174,INTERVENTIONAL,NOT_YET_RECRUITING,NA,"[""Healthy Aging""]",2026-02-23,False,1,listed_not_verified,not_adjudicated,not_assigned
NCT07429136,INTERVENTIONAL,RECRUITING,NA,"[""Obesity""]",2026-02-24,False,1,listed_not_verified,not_adjudicated,not_assigned
NCT07429786,INTERVENTIONAL,NOT_YET_RECRUITING,NA,"[""Hyperpigmentation"", ""Melasma"", ""Solar Lentigo"", ""Peeling""]",2026-02-24,False,0,not_listed_not_absent,not_adjudicated,not_assigned
NCT07431203,OBSERVATIONAL,COMPLETED,,"[""Healthy Female Volunteer""]",2026-02-24,False,1,listed_not_verified,not_adjudicated,not_assigned
NCT07433608,INTERVENTIONAL,RECRUITING,NA,"[""Healhty"", ""Aging"", ""Balance"", ""Self Efficacy"", ""Visual Motor Integration""]",2026-03-06,False,1,listed_not_verified,not_adjudicated,not_assigned
NCT07433647,OBSERVATIONAL,RECRUITING,,"[""Cerebral Palsy"", ""Spastic Diplegia"", ""Spastic Quadriplegia"", ""Spastic Hemiplegia""]",2026-05-13,False,1,listed_not_verified,not_adjudicated,not_assigned
NCT07435246,INTERVENTIONAL,COMPLETED,NA,"[""Sleep Disturbance"", ""Hopelessness"", ""Aging""]",2026-02-27,False,1,listed_not_verified,not_adjudicated,not_assigned
NCT07435467,OBSERVATIONAL,RECRUITING,,"[""Alzheimer Disease"", ""Old Age; Dementia""]",2026-02-27,False,3,listed_not_verified,not_adjudicated,not_assigned
NCT07435506,INTERVENTIONAL,NOT_YET_RECRUITING,NA,"[""Healthy Older Adults"", ""Healthy Young Adults""]",2026-02-27,False,1,listed_not_verified,not_adjudicated,not_assigned
NCT07436936,OBSERVATIONAL,COMPLETED,,"[""Healthy Aging"", ""Nutritional Status"", ""Dietary Protein"", ""Muscle Weakness""]",2026-02-27,False,1,listed_not_verified,not_adjudicated,not_assigned
NCT07440017,INTERVENTIONAL,RECRUITING,NA,"[""Aging""]",2026-06-17,False,1,listed_not_verified,not_adjudicated,not_assigned
NCT07441343,INTERVENTIONAL,ACTIVE_NOT_RECRUITING,NA,"[""Sarcopenia"", ""Aging"", ""Frailty""]",2026-08-27,False,1,listed_not_verified,not_adjudicated,not_assigned
NCT07442097,INTERVENTIONAL,RECRUITING,NA,"[""Aging, Healthy""]",2026-03-02,False,1,listed_not_verified,not_adjudicated,not_assigned
NCT07442851,INTERVENTIONAL,RECRUITING,NA,"[""Sickle Cell Disease"", ""Aging""]",2026-05-07,False,1,listed_not_verified,not_adjudicated,not_assigned
NCT07443189,INTERVENTIONAL,COMPLETED,NA,"[""Healthy Ageing"", ""Cognitive Decline"", ""Cardiorespiratory Fitness""]",2026-03-02,False,2,listed_not_verified,not_adjudicated,not_assigned
NCT07443813,INTERVENTIONAL,ACTIVE_NOT_RECRUITING,NA,"[""Social Isolation in Older Adults"", ""Loneliness""]",2026-03-19,False,1,listed_not_verified,not_adjudicated,not_assigned
NCT07443826,INTERVENTIONAL,RECRUITING,PHASE1|PHASE2,"[""Age-related Muscle Decline""]",2026-07-13,False,1,listed_not_verified,not_adjudicated,not_assigned
NCT07444047,OBSERVATIONAL,RECRUITING,,"[""Multiple Sclerosis (MS)"", ""Cerebral Small Vessel Diseases""]",2026-06-01,False,1,listed_not_verified,not_adjudicated,not_assigned
NCT07444073,OBSERVATIONAL,NOT_YET_RECRUITING,,"[""Aging"", ""Obesity & Overweight""]",2026-07-01,False,2,listed_not_verified,not_adjudicated,not_assigned
NCT07444554,INTERVENTIONAL,NOT_YET_RECRUITING,NA,"[""At Risk for AD-dementia, With Subjective Cognitive Decline"", ""At Risk for Cognitive Decline""]",2026-05-05,False,0,not_listed_not_absent,not_adjudicated,not_assigned
NCT07446361,INTERVENTIONAL,NOT_YET_RECRUITING,NA,"[""Wrinkle Appearance"", ""Skin Quality""]",2026-03-03,False,0,not_listed_not_absent,not_adjudicated,not_assigned
NCT07447115,INTERVENTIONAL,NOT_YET_RECRUITING,NA,"[""Multiple Sclerosis""]",2026-03-03,False,1,listed_not_verified,not_adjudicated,not_assigned
NCT07447453,INTERVENTIONAL,ACTIVE_NOT_RECRUITING,NA,"[""Frailty at Older Adults""]",2026-09-16,False,2,listed_not_verified,not_adjudicated,not_assigned
NCT07447492,INTERVENTIONAL,COMPLETED,NA,"[""Healthy Ageing""]",2026-07-10,False,1,listed_not_verified,not_adjudicated,not_assigned
NCT07449767,INTERVENTIONAL,COMPLETED,NA,"[""Older Men"", ""Quality of Life"", ""Fatty Liver"", ""Resistance Training"", ""Aging""]",2026-09-30,False,1,listed_not_verified,not_adjudicated,not_assigned
NCT07451288,INTERVENTIONAL,COMPLETED,NA,"[""Aging"", ""Physical Activity in Adults""]",2026-03-05,False,1,listed_not_verified,not_adjudicated,not_assigned
NCT07451496,INTERVENTIONAL,RECRUITING,NA,"[""Ageing""]",2026-03-05,False,1,listed_not_verified,not_adjudicated,not_assigned
NCT07454525,INTERVENTIONAL,NOT_YET_RECRUITING,NA,"[""Skin"", ""Skin Microbiome"", ""Skin Microbiota"", ""Skin Ageing""]",2026-03-06,False,0,not_listed_not_absent,not_adjudicated,not_assigned
NCT07454616,INTERVENTIONAL,RECRUITING,NA,"[""Pre-Frailty"", ""Aging""]",2026-03-06,False,1,listed_not_verified,not_adjudicated,not_assigned
NCT07456319,INTERVENTIONAL,COMPLETED,NA,"[""Aging"", ""Nutrition"", ""Sustainable Diets"", ""Cardiometabolic Health""]",2026-03-09,False,1,listed_not_verified,not_adjudicated,not_assigned
NCT07456449,INTERVENTIONAL,RECRUITING,NA,"[""Longevity"", ""Healthy Aging"", ""Biological Ageing""]",2026-05-05,False,1,listed_not_verified,not_adjudicated,not_assigned
NCT07457996,INTERVENTIONAL,ACTIVE_NOT_RECRUITING,NA,"[""Aging"", ""Balance"", ""Functional Mobility"", ""Physical Function""]",2026-03-10,False,1,listed_not_verified,not_adjudicated,not_assigned
NCT07460609,INTERVENTIONAL,ACTIVE_NOT_RECRUITING,NA,"[""Healthy Ageing""]",2026-03-10,False,1,listed_not_verified,not_adjudicated,not_assigned
NCT07461584,INTERVENTIONAL,RECRUITING,NA,"[""Aging"", ""Noninvasive Brain Stimulation"", ""Memory""]",2026-07-22,False,1,listed_not_verified,not_adjudicated,not_assigned
NCT07462767,INTERVENTIONAL,NOT_YET_RECRUITING,PHASE1|PHASE2,"[""HIV Infections"", ""Alcohol Drinking"", ""Aging"", ""Immunosenescence""]",2026-10-01,False,1,listed_not_verified,not_adjudicated,not_assigned
NCT07466290,INTERVENTIONAL,RECRUITING,NA,"[""Brain Health"", ""Longevity"", ""Cognitive Performance"", ""Strength Training Effects"", ""Healthy Ageing"", ""Ageing"", ""Cognition"", ""Memory"", ""Muscle Strength""]",2026-03-12,False,1,listed_not_verified,not_adjudicated,not_assigned
NCT07466953,INTERVENTIONAL,NOT_YET_RECRUITING,PHASE3,"[""Skin Aging"", ""Facial Aging"", ""Skin Quality""]",2026-08-07,False,0,not_listed_not_absent,not_adjudicated,not_assigned
NCT07467512,INTERVENTIONAL,NOT_YET_RECRUITING,NA,"[""MASLD - Metabolic Dysfunction-Associated Steatotic Liver Disease"", ""MASH - Metabolic Dysfunction-Associated Steatohepatitis"", ""Liver Fibrosis/NASH""]",2026-03-12,False,1,listed_not_verified,not_adjudicated,not_assigned
NCT07469475,INTERVENTIONAL,ACTIVE_NOT_RECRUITING,PHASE1|PHASE2,"[""Aging"", ""Endothelial Dysfunction"", ""Senescence""]",2026-06-25,False,2,listed_not_verified,not_adjudicated,not_assigned
NCT07470060,INTERVENTIONAL,COMPLETED,NA,"[""Healthy Aging"", ""Physical Fitness"", ""Core Stability"", ""Respiratory Function""]",2026-03-13,False,1,listed_not_verified,not_adjudicated,not_assigned
NCT07471659,INTERVENTIONAL,RECRUITING,NA,"[""Stress""]",2026-09-02,False,1,listed_not_verified,not_adjudicated,not_assigned
NCT07472101,INTERVENTIONAL,RECRUITING,NA,"[""Aging"", ""Balance Control in Elderly"", ""Sleep Disorder (Disorder)""]",2026-03-16,False,1,listed_not_verified,not_adjudicated,not_assigned
NCT07473037,INTERVENTIONAL,NOT_YET_RECRUITING,NA,"[""Visible Skin Aging Signs"", ""Wrinkles and Folds in Lower Face"", ""Skin Ageing"", ""Skin Elasticity"", ""Skin Firmness"", ""Skin Evenness"", ""Skin Radiance"", ""Skin Smoothness"", ""Skin Density""]",2026-03-16,False,0,not_listed_not_absent,not_adjudicated,not_assigned
NCT07473297,INTERVENTIONAL,COMPLETED,NA,"[""Ageing Well""]",2026-03-16,False,1,listed_not_verified,not_adjudicated,not_assigned
NCT07474571,OBSERVATIONAL,RECRUITING,,"[""Osteoarthitis"", ""Osteoporosis""]",2026-03-19,False,1,listed_not_verified,not_adjudicated,not_assigned
NCT07475546,INTERVENTIONAL,ACTIVE_NOT_RECRUITING,PHASE3,"[""Healthspan Improvement"", ""Aging"", ""Longevity""]",2026-03-16,False,1,listed_not_verified,not_adjudicated,not_assigned
NCT07476859,INTERVENTIONAL,RECRUITING,PHASE4,"[""Acute Coronary Syndromes (ACS)"", ""Iron Deficiencies"", ""Elderly (People Aged 65 or More)""]",2026-03-24,False,9,listed_not_verified,not_adjudicated,not_assigned
NCT07476911,INTERVENTIONAL,NOT_YET_RECRUITING,NA,"[""Immunosenescence"", ""Aging""]",2026-03-17,False,0,not_listed_not_absent,not_adjudicated,not_assigned
NCT07477262,INTERVENTIONAL,COMPLETED,NA,"[""Overweight , Obesity""]",2026-03-17,False,1,listed_not_verified,not_adjudicated,not_assigned
NCT07477288,INTERVENTIONAL,COMPLETED,PHASE2,"[""Skin Aging""]",2026-03-24,False,1,listed_not_verified,not_adjudicated,not_assigned
NCT07477561,INTERVENTIONAL,RECRUITING,NA,"[""Frailty in Older Adults"", ""Intrinsic Capacity"", ""Age-related Functional Decline"", ""Healthy Ageing""]",2026-04-17,False,1,listed_not_verified,not_adjudicated,not_assigned
NCT07477574,INTERVENTIONAL,NOT_YET_RECRUITING,NA,"[""Sarcopenia""]",2026-03-17,False,0,not_listed_not_absent,not_adjudicated,not_assigned
NCT07477821,OBSERVATIONAL,RECRUITING,,"[""Neurological Disorders"", ""Health Adult Subjects""]",2026-03-17,False,4,listed_not_verified,not_adjudicated,not_assigned
NCT07479940,INTERVENTIONAL,ACTIVE_NOT_RECRUITING,NA,"[""Aging"", ""Obesity"", ""Nutrition"", ""Exercise"", ""Telomere Shortening"", ""Inflammation"", ""Oxidative Stress"", ""Oxidative DNA Damage""]",2026-03-20,False,1,listed_not_verified,not_adjudicated,not_assigned
NCT07481409,INTERVENTIONAL,COMPLETED,NA,"[""Fall Prevention"", ""Functional Independence"", ""Balance Impairment""]",2026-03-18,False,1,listed_not_verified,not_adjudicated,not_assigned
NCT07485062,INTERVENTIONAL,NOT_YET_RECRUITING,PHASE4,"[""Type 2 Diabetes"", ""Cognitive Decline in Older Adults""]",2026-08-20,False,1,listed_not_verified,not_adjudicated,not_assigned
NCT07485218,OBSERVATIONAL,ACTIVE_NOT_RECRUITING,,"[""PARKINSON DISEASE (Disorder)"", ""Aged 65 Years or Older""]",2026-03-27,False,5,listed_not_verified,not_adjudicated,not_assigned
NCT07485387,OBSERVATIONAL,RECRUITING,,"[""Mild Cognitive Impairment (MCI)"", ""Dementia Alzheimer Type"", ""Chronic Pain"", ""Depression - Major Depressive Disorder""]",2026-03-20,False,1,listed_not_verified,not_adjudicated,not_assigned
NCT07485712,INTERVENTIONAL,NOT_YET_RECRUITING,NA,"[""Mild Cognitive Impairment""]",2026-08-17,False,3,listed_not_verified,not_adjudicated,not_assigned
NCT07485725,INTERVENTIONAL,RECRUITING,NA,"[""Mild Cognitive Impairment""]",2026-07-08,False,3,listed_not_verified,not_adjudicated,not_assigned
NCT07486414,INTERVENTIONAL,COMPLETED,NA,"[""Skin Aging, Dry Skin""]",2026-03-20,False,1,listed_not_verified,not_adjudicated,not_assigned
NCT07486661,OBSERVATIONAL,RECRUITING,,"[""Age Group: 65-74"", ""HIV""]",2026-03-20,False,1,listed_not_verified,not_adjudicated,not_assigned
NCT07489170,INTERVENTIONAL,NOT_YET_RECRUITING,NA,"[""Intervention Group"", ""Control Group""]",2026-03-23,False,1,listed_not_verified,not_adjudicated,not_assigned
NCT07494071,INTERVENTIONAL,ACTIVE_NOT_RECRUITING,NA,"[""Intergenerational Relations""]",2026-09-09,False,1,listed_not_verified,not_adjudicated,not_assigned
NCT07494110,INTERVENTIONAL,RECRUITING,NA,"[""Institutionalization"", ""Elderly"", ""Mental Health"", ""Wellbeing"", ""Aging""]",2026-03-27,False,2,listed_not_verified,not_adjudicated,not_assigned
NCT07494604,INTERVENTIONAL,NOT_YET_RECRUITING,NA,"[""Loneliness"", ""Social Connectedness"", ""Music Listening Intervention""]",2026-03-27,False,1,listed_not_verified,not_adjudicated,not_assigned
NCT07494916,INTERVENTIONAL,ACTIVE_NOT_RECRUITING,NA,"[""Sarcopenia"", ""Aging"", ""Physical Functional Performance"", ""Muscle Weakness | Patient""]",2026-03-27,False,1,listed_not_verified,not_adjudicated,not_assigned
NCT07497347,INTERVENTIONAL,RECRUITING,NA,"[""Late-Life Depression""]",2026-03-27,False,1,listed_not_verified,not_adjudicated,not_assigned
NCT07500649,INTERVENTIONAL,RECRUITING,NA,"[""Aging""]",2026-03-30,False,2,listed_not_verified,not_adjudicated,not_assigned
NCT07500727,INTERVENTIONAL,RECRUITING,NA,"[""Multiple Sclerosis"", ""Aging""]",2026-03-30,False,1,listed_not_verified,not_adjudicated,not_assigned
NCT07501000,INTERVENTIONAL,COMPLETED,NA,"[""Hyperpigmentation"", ""Skin Ageing"", ""Post Inflammatory Hyperpigmentation"", ""Skin Roughness""]",2026-06-05,False,1,listed_not_verified,not_adjudicated,not_assigned
NCT07501195,OBSERVATIONAL,RECRUITING,,"[""Malnutrition Elderly"", ""Kidney Diseases"", ""Dehydration""]",2026-03-30,False,1,listed_not_verified,not_adjudicated,not_assigned
NCT07501377,INTERVENTIONAL,RECRUITING,NA,"[""Overweight and/or Obesity"", ""Perimenopausal Women""]",2026-03-30,False,1,listed_not_verified,not_adjudicated,not_assigned
NCT07502352,INTERVENTIONAL,RECRUITING,NA,"[""Breast Cancer""]",2026-09-23,False,1,listed_not_verified,not_adjudicated,not_assigned
NCT07502742,INTERVENTIONAL,RECRUITING,NA,"[""Pain"", ""Pain Management"", ""Athlete"", ""Exercise Training"", ""Sports Medicine"", ""Strength Training Effects"", ""Aerobic Exercise"", ""Strength Training"", ""Aging"", ""Quality of Life"", ""Sports""]",2026-03-31,False,1,listed_not_verified,not_adjudicated,not_assigned
NCT07503899,INTERVENTIONAL,NOT_YET_RECRUITING,NA,"[""Aging"", ""Fall Injury Prevention"", ""At Fall Risk""]",2026-03-31,False,1,listed_not_verified,not_adjudicated,not_assigned
NCT07504068,INTERVENTIONAL,RECRUITING,NA,"[""Aging"", ""Adults With Overweight and Obesity"", ""Supplementation"", ""Exercise""]",2026-05-04,False,1,listed_not_verified,not_adjudicated,not_assigned
NCT07504237,INTERVENTIONAL,ACTIVE_NOT_RECRUITING,NA,"[""Accidental Falls"", ""Falls"", ""Falls Injury"", ""Mobility Difficulty"", ""Mobility and Independence"", ""Aged 60 Years or Older""]",2026-06-09,False,1,listed_not_verified,not_adjudicated,not_assigned
NCT07505914,INTERVENTIONAL,RECRUITING,NA,"[""Older Adults (65 Years and Older)"", ""Cognition"", ""Balance Control in Elderly"", ""Fall Prevention in Healthy Aging""]",2026-04-01,False,1,listed_not_verified,not_adjudicated,not_assigned
NCT07506538,INTERVENTIONAL,ACTIVE_NOT_RECRUITING,NA,"[""Primary Osteoporosis""]",2026-04-07,False,1,listed_not_verified,not_adjudicated,not_assigned
NCT07506681,INTERVENTIONAL,NOT_YET_RECRUITING,NA,"[""Aging""]",2026-08-18,False,1,listed_not_verified,not_adjudicated,not_assigned
NCT07506941,OBSERVATIONAL,NOT_YET_RECRUITING,,"[""Ageing and Geriatric Health""]",2026-04-02,False,6,listed_not_verified,not_adjudicated,not_assigned
NCT07509125,INTERVENTIONAL,RECRUITING,NA,"[""Alzheimer Dementia (AD)"", ""ALS - Amyotrophic Lateral Sclerosis"", ""Parkinson s Disease"", ""REM Sleep Behavior Disorder (iRBD)"", ""PSP - Progressive Supranuclear Palsy"", ""MSA - Multiple System Atrophy"", ""Dementia With Lewy Bodies (DLB)"", ""ALS With Frontotemporal Dementia (ALS/FTD)"", ""Adult Onset Psychotic Disorder"", ""Very Late Onset Psychotic Disorder""]",2026-04-03,False,1,listed_not_verified,not_adjudicated,not_assigned
NCT07510165,INTERVENTIONAL,COMPLETED,NA,"[""Skin Aging"", ""Photoaging""]",2026-04-03,False,1,listed_not_verified,not_adjudicated,not_assigned
NCT07511621,INTERVENTIONAL,RECRUITING,NA,"[""Mammography"", ""Medical Overuse"", ""Evidence-based Practice"", ""Older Adults""]",2026-09-25,False,1,listed_not_verified,not_adjudicated,not_assigned
NCT07513584,INTERVENTIONAL,NOT_YET_RECRUITING,NA,"[""Chronic Insomnia Characterized"", ""Difficulty Falling Asleep"", ""Difficulty Maintaining Sleep"", ""Healthy Aging and Independent Living""]",2026-04-07,False,0,not_listed_not_absent,not_adjudicated,not_assigned
NCT07513805,INTERVENTIONAL,NOT_YET_RECRUITING,NA,"[""Aging"", ""Fall Risk"", ""Mobility Limitation""]",2026-04-07,False,1,listed_not_verified,not_adjudicated,not_assigned
NCT07515495,INTERVENTIONAL,RECRUITING,NA,"[""Digital Health Literacy"", ""Healthy Aging""]",2026-04-13,False,2,listed_not_verified,not_adjudicated,not_assigned
NCT07516756,INTERVENTIONAL,COMPLETED,NA,"[""Age-related Changes in Skin Appearance and Physiology""]",2026-04-08,False,1,listed_not_verified,not_adjudicated,not_assigned
NCT07517887,INTERVENTIONAL,COMPLETED,NA,"[""Aging"", ""Wrinkle Appearance""]",2026-07-09,False,1,listed_not_verified,not_adjudicated,not_assigned
NCT07519720,OBSERVATIONAL,ACTIVE_NOT_RECRUITING,,"[""Osteosarcopenia""]",2026-04-13,False,1,listed_not_verified,not_adjudicated,not_assigned
NCT07520487,INTERVENTIONAL,RECRUITING,NA,"[""IV Ketamine With Spinal Block""]",2026-04-30,False,1,listed_not_verified,not_adjudicated,not_assigned
NCT07521423,INTERVENTIONAL,COMPLETED,NA,"[""Healthy Ageing"", ""Skin Ageing"", ""Oxidative Stress""]",2026-04-09,False,1,listed_not_verified,not_adjudicated,not_assigned
NCT07522398,INTERVENTIONAL,RECRUITING,NA,"[""Muscle Power"", ""Functional Performance"", ""Older Adults (65 Years and Older)"", ""Neuromuscular Function"", ""Physiological Responses"", ""Healthy Older Adults""]",2026-09-17,False,1,listed_not_verified,not_adjudicated,not_assigned
NCT07523061,INTERVENTIONAL,ACTIVE_NOT_RECRUITING,NA,"[""Aging""]",2026-06-30,False,1,listed_not_verified,not_adjudicated,not_assigned
NCT07525453,INTERVENTIONAL,RECRUITING,NA,"[""Balance Disorders"", ""Aging"", ""Risk of Falling in the Elderly""]",2026-04-15,False,1,listed_not_verified,not_adjudicated,not_assigned
NCT07525583,OBSERVATIONAL,RECRUITING,,"[""Frailty"", ""Intrinsic Capacity"", ""Lifestyle""]",2026-04-13,False,1,listed_not_verified,not_adjudicated,not_assigned
NCT07526740,INTERVENTIONAL,RECRUITING,NA,"[""Mild Cognitive Impairment (MCI)"", ""Mild Neurocognitive Disorder"", ""Neurocognitive Disorders"", ""Cognitive Dysfunction"", ""Cognition Disorders""]",2026-05-22,False,1,listed_not_verified,not_adjudicated,not_assigned
NCT07526870,INTERVENTIONAL,COMPLETED,NA,"[""Facial Aging"", ""Facial Wrinkles and Rhytides Reduction""]",2026-05-26,False,1,listed_not_verified,not_adjudicated,not_assigned
NCT07526948,INTERVENTIONAL,NOT_YET_RECRUITING,PHASE4,"[""Menopausal Complaints"", ""Vaginal Atrophy"", ""Genitourinary Symptoms"", ""HIV (Human Immunodeficiency Virus)"", ""Menopause Related Conditions"", ""Vaginitis"", ""Perimenopause""]",2026-07-28,False,1,listed_not_verified,not_adjudicated,not_assigned
NCT07527273,INTERVENTIONAL,NOT_YET_RECRUITING,NA,"[""Aging"", ""Depression"", ""Cognitive Symptoms""]",2026-05-15,False,1,listed_not_verified,not_adjudicated,not_assigned
NCT07528469,INTERVENTIONAL,ACTIVE_NOT_RECRUITING,NA,"[""Healthy Ageing"", ""Protein Supplementation"", ""Muscle Health"", ""Muscle Function"", ""Hand Grip Strength"", ""Longevity"", ""Peptides""]",2026-09-28,False,1,listed_not_verified,not_adjudicated,not_assigned
NCT07529743,INTERVENTIONAL,NOT_YET_RECRUITING,NA,"[""Frailty"", ""Aging"", ""Functional Impairment""]",2026-04-14,False,1,listed_not_verified,not_adjudicated,not_assigned
NCT07530315,INTERVENTIONAL,RECRUITING,NA,"[""Dementia""]",2026-04-15,False,1,listed_not_verified,not_adjudicated,not_assigned
NCT07531498,OBSERVATIONAL,RECRUITING,,"[""Muscle Weakness"", ""Low Muscle Mass"", ""Sarcopenia""]",2026-09-16,False,1,listed_not_verified,not_adjudicated,not_assigned
NCT07531836,INTERVENTIONAL,RECRUITING,NA,"[""Breast Cancer"", ""Frailty"", ""Sarcopenia"", ""Aging"", ""Functional Decline""]",2026-09-29,False,1,listed_not_verified,not_adjudicated,not_assigned
NCT07531888,INTERVENTIONAL,ENROLLING_BY_INVITATION,NA,"[""Cognitive Dysfunction ( MMSE < 24 )""]",2026-04-15,False,1,listed_not_verified,not_adjudicated,not_assigned
NCT07533084,OBSERVATIONAL,NOT_YET_RECRUITING,,"[""Active Aging Individuals Aged 65 and Over"", ""Aging"", ""Mild Cognitive Impairment (MCI)"", ""Dementia"", ""Dementia Alzheimer Type"", ""Subjective Memory Complaints"", ""Probable Alzheimer's Disease""]",2026-06-11,False,8,listed_not_verified,not_adjudicated,not_assigned
NCT07533461,INTERVENTIONAL,COMPLETED,NA,"[""Skin Aging, Dry Skin""]",2026-04-21,False,1,listed_not_verified,not_adjudicated,not_assigned
NCT07533474,INTERVENTIONAL,COMPLETED,NA,"[""Skin Aging, Dry Skin""]",2026-04-16,False,1,listed_not_verified,not_adjudicated,not_assigned
NCT07535996,OBSERVATIONAL,NOT_YET_RECRUITING,,"[""Inclusion Body Myositis""]",2026-04-17,False,1,listed_not_verified,not_adjudicated,not_assigned
NCT07538427,INTERVENTIONAL,RECRUITING,NA,"[""Stress"", ""Generalized Anxiety"", ""Chronic Pain"", ""Depression Disorder""]",2026-04-20,False,2,listed_not_verified,not_adjudicated,not_assigned
NCT07540117,INTERVENTIONAL,RECRUITING,NA,"[""Aging"", ""Health Promotion"", ""Mental Health""]",2026-04-23,False,1,listed_not_verified,not_adjudicated,not_assigned
NCT07544420,INTERVENTIONAL,NOT_YET_RECRUITING,PHASE1,"[""Aging""]",2026-04-22,False,1,listed_not_verified,not_adjudicated,not_assigned
NCT07545915,INTERVENTIONAL,RECRUITING,NA,"[""Healthy Older Adults""]",2026-04-22,False,1,listed_not_verified,not_adjudicated,not_assigned
NCT07546409,INTERVENTIONAL,RECRUITING,NA,"[""Prediabetes"", ""Healthy (Controls)""]",2026-07-02,False,2,listed_not_verified,not_adjudicated,not_assigned
NCT07546734,INTERVENTIONAL,COMPLETED,NA,"[""Frail Elderly"", ""Elderly"", ""Aging"", ""Aging Frailty"", ""Sarcopenia in Elderly""]",2026-06-05,False,1,listed_not_verified,not_adjudicated,not_assigned
NCT07547358,INTERVENTIONAL,NOT_YET_RECRUITING,NA,"[""Aging"", ""Frail Elderly"", ""Geriatric Syndromes""]",2026-04-23,False,0,not_listed_not_absent,not_adjudicated,not_assigned
NCT07547475,INTERVENTIONAL,NOT_YET_RECRUITING,NA,"[""Ethics"", ""Aging"", ""Compassion""]",2026-04-23,False,1,listed_not_verified,not_adjudicated,not_assigned
NCT07563725,OBSERVATIONAL,NOT_YET_RECRUITING,,"[""Aging Problems""]",2026-05-04,False,1,listed_not_verified,not_adjudicated,not_assigned
NCT07563777,OBSERVATIONAL,RECRUITING,,"[""Aging"", ""Aging Well"", ""All-Cause Mortality"", ""Mortality"", ""Metabolic Syndrome"", ""Cardiovascular Diseases"", ""Cognitive Dysfunction"", ""Musculoskeletal Diseases"", ""Neoplasms"", ""Frailty"", ""Activities of Daily Living"", ""Health-Related Quality of Life"", ""Disability Physical"", ""Neuro-Degenerative Disease"", ""Dementia""]",2026-09-08,False,1,listed_not_verified,not_adjudicated,not_assigned
NCT07564869,OBSERVATIONAL,COMPLETED,,"[""Skin Aging"", ""Skin Hydration"", ""Facial Aging"", ""Transepidermal Water Loss""]",2026-06-01,False,1,listed_not_verified,not_adjudicated,not_assigned
NCT07565298,INTERVENTIONAL,COMPLETED,NA,"[""Knee Osteoarthritis"", ""Older Women"", ""Pain"", ""Disability""]",2026-05-04,False,1,listed_not_verified,not_adjudicated,not_assigned
NCT07565519,INTERVENTIONAL,RECRUITING,NA,"[""Cancer"", ""Aging""]",2026-05-04,False,2,listed_not_verified,not_adjudicated,not_assigned
NCT07565922,INTERVENTIONAL,COMPLETED,NA,"[""Anti-Aging"", ""Hydration""]",2026-05-04,False,1,listed_not_verified,not_adjudicated,not_assigned
NCT07566143,INTERVENTIONAL,COMPLETED,NA,"[""Health Behavior"", ""Health Literacy"", ""Self Efficacy"", ""Aging""]",2026-07-14,False,1,listed_not_verified,not_adjudicated,not_assigned
NCT07566533,INTERVENTIONAL,COMPLETED,NA,"[""Malocclusion"", ""Orthodontic Treatment"", ""Clear Aligner Therapy""]",2026-05-05,False,1,listed_not_verified,not_adjudicated,not_assigned
NCT07566832,INTERVENTIONAL,RECRUITING,NA,"[""Aging"", ""Inflammatory Response""]",2026-05-08,False,1,listed_not_verified,not_adjudicated,not_assigned
NCT07567378,OBSERVATIONAL,NOT_YET_RECRUITING,,"[""Psoriatic Arthritis"", ""Osteoarthitis"", ""Knee"", ""Diabetes (DM)"", ""Type 2 Diabetes Mellitus (T2DM)"", ""Obesity (Disorder)"", ""Insulin Resistance Syndrome"", ""Metabolic Syndrome"", ""Heart Failure"", ""Preserved Ejection Fraction"", ""Coronary Artery Disease"", ""Atrial Fibrillation (AF)"", ""Non Alcholic Fatty Liver Disease"", ""Sarcopenia"", ""Pericardium""]",2026-05-12,False,1,listed_not_verified,not_adjudicated,not_assigned
NCT07567482,INTERVENTIONAL,RECRUITING,NA,"[""Parkinson's Disease (PD)"", ""Healthy Aging""]",2026-05-13,False,1,listed_not_verified,not_adjudicated,not_assigned
NCT07567963,INTERVENTIONAL,NOT_YET_RECRUITING,NA,"[""Sarcopenia""]",2026-05-08,False,1,listed_not_verified,not_adjudicated,not_assigned
NCT07567976,INTERVENTIONAL,NOT_YET_RECRUITING,NA,"[""Aging"", ""Postural Balance"", ""Accidental Falls""]",2026-07-02,False,0,not_listed_not_absent,not_adjudicated,not_assigned
NCT07568951,OBSERVATIONAL,RECRUITING,,"[""Aging"", ""Parkinson's Disease (PD)""]",2026-05-08,False,2,listed_not_verified,not_adjudicated,not_assigned
NCT07569120,INTERVENTIONAL,RECRUITING,NA,"[""Healthy Aging and Parkinson's Disease""]",2026-07-09,False,1,listed_not_verified,not_adjudicated,not_assigned
NCT07571629,INTERVENTIONAL,COMPLETED,NA,"[""Skin Aging""]",2026-09-17,False,1,listed_not_verified,not_adjudicated,not_assigned
NCT07572266,INTERVENTIONAL,NOT_YET_RECRUITING,NA,"[""Aging"", ""Aging Well"", ""Healthy Aging""]",2026-08-10,False,1,listed_not_verified,not_adjudicated,not_assigned
NCT07572331,INTERVENTIONAL,COMPLETED,NA,"[""Skin Ageing"", ""Facial Wrinkles"", ""Acne"", ""Skin Elasticity"", ""Infraorbital Dark Circle Severity"", ""Skin Firmness"", ""UV Spots"", ""Skin Texture"", ""Skin Pores"", ""Brown Spots"", ""Porphyrins"", ""Red Spots""]",2026-05-07,False,1,listed_not_verified,not_adjudicated,not_assigned
NCT07574359,OBSERVATIONAL,RECRUITING,,"[""Healthy Aging"", ""Biomarkers""]",2026-05-07,False,1,listed_not_verified,not_adjudicated,not_assigned
NCT07575529,INTERVENTIONAL,RECRUITING,NA,"[""Healthy Adult Participants"", ""Gut Microbiomes"", ""AI""]",2026-08-03,False,1,listed_not_verified,not_adjudicated,not_assigned
NCT07579182,INTERVENTIONAL,RECRUITING,PHASE1,"[""Breast Pain"", ""Mastalgia"", ""Back Pain"", ""Back Pain, Low"", ""Neck Pain"", ""Chest Pain"", ""Activity, Motor"", ""Healthy Aging"", ""Weight, Body"", ""Inflammation"", ""Gonadal Steroid Hormones"", ""Neuronal Plasticity"", ""Neuromuscular Manifestations""]",2026-06-02,False,1,listed_not_verified,not_adjudicated,not_assigned
NCT07579845,INTERVENTIONAL,RECRUITING,NA,"[""Detoxification"", ""Inflammation"", ""Biological Aging""]",2026-05-29,False,1,listed_not_verified,not_adjudicated,not_assigned
NCT07580352,INTERVENTIONAL,COMPLETED,NA,"[""Virtual Reality"", ""Bucket List"", ""Serious Illness"", ""Aging""]",2026-05-15,False,1,listed_not_verified,not_adjudicated,not_assigned
NCT07582406,INTERVENTIONAL,NOT_YET_RECRUITING,NA,"[""Aging""]",2026-05-12,False,1,listed_not_verified,not_adjudicated,not_assigned
NCT07584785,INTERVENTIONAL,COMPLETED,NA,"[""Bone Health"", ""Osteoporosis""]",2026-05-28,False,1,listed_not_verified,not_adjudicated,not_assigned
NCT07585591,INTERVENTIONAL,COMPLETED,NA,"[""Facial Aging"", ""Facial Skin Laxity"", ""Submental and Neck Skin Laxity""]",2026-05-14,False,4,listed_not_verified,not_adjudicated,not_assigned
NCT07591337,OBSERVATIONAL,RECRUITING,,"[""Vascular Aging""]",2026-05-15,False,1,listed_not_verified,not_adjudicated,not_assigned
NCT07592975,INTERVENTIONAL,RECRUITING,NA,"[""Biomarkers of B-vitamin Status and Gut Microbiome Composition""]",2026-05-18,False,1,listed_not_verified,not_adjudicated,not_assigned
NCT07593677,INTERVENTIONAL,RECRUITING,NA,"[""Physical Inactivity"", ""Aging"", ""Cognitive Ability"", ""Behavior Change""]",2026-07-31,False,1,listed_not_verified,not_adjudicated,not_assigned
NCT07594665,OBSERVATIONAL,ENROLLING_BY_INVITATION,,"[""Mild Cognitive Impairment (MCI)"", ""Alzheimer's Dementia (AD)"", ""Subjective Cognitive Decline (SCD)"", ""Cognitive Aging""]",2026-05-19,False,1,listed_not_verified,not_adjudicated,not_assigned
NCT07595094,OBSERVATIONAL,RECRUITING,,"[""Phenotypic Age Acceleration"", ""Biological Aging Marker"", ""Mortality Risk Prediction"", ""Disease Risk Prediction"", ""Life Expectancy"", ""Disease-Free Healthspan"", ""Chinese Population"", ""Observational Cohort Study""]",2026-05-19,False,1,listed_not_verified,not_adjudicated,not_assigned
NCT07595250,OBSERVATIONAL,NOT_YET_RECRUITING,,"[""Cognitive Wellness"", ""Healthy Aging"", ""Age-Related Cognitive Change"", ""Aging"", ""Cognitive Change"", ""Health Behavior"", ""Primary Care""]",2026-05-20,False,0,not_listed_not_absent,not_adjudicated,not_assigned
NCT07596056,INTERVENTIONAL,NOT_YET_RECRUITING,NA,"[""Aging, Healthy"", ""Aging""]",2026-05-19,False,1,listed_not_verified,not_adjudicated,not_assigned
NCT07596576,INTERVENTIONAL,RECRUITING,NA,"[""Healthy Aging"", ""Healthspan"", ""Biological Age"", ""Intrinsic Capacity"", ""Immunaging""]",2026-05-19,False,1,listed_not_verified,not_adjudicated,not_assigned
NCT07596602,INTERVENTIONAL,COMPLETED,NA,"[""Low Back Pain"", ""Aging"", ""Quality of Life""]",2026-05-22,False,1,listed_not_verified,not_adjudicated,not_assigned
NCT07596615,INTERVENTIONAL,NOT_YET_RECRUITING,NA,"[""Aging"", ""Inflammation"", ""Healthy Ageing""]",2026-05-19,False,2,listed_not_verified,not_adjudicated,not_assigned
NCT07597850,INTERVENTIONAL,RECRUITING,PHASE2,"[""Pre-Frailty"", ""Sarcopenia"", ""Muscle Atrophy or Weakness"", ""Osteoporosis"", ""Aging""]",2026-05-19,False,1,listed_not_verified,not_adjudicated,not_assigned
NCT07598123,INTERVENTIONAL,COMPLETED,NA,"[""Aging"", ""Sleep Quality"", ""Physical Performance""]",2026-08-10,True,1,listed_not_verified,not_adjudicated,not_assigned
NCT07598409,INTERVENTIONAL,RECRUITING,NA,"[""Mild Cognitive Impairment (MCI)"", ""Healthy Aging""]",2026-05-20,False,2,listed_not_verified,not_adjudicated,not_assigned
NCT07600034,INTERVENTIONAL,NOT_YET_RECRUITING,NA,"[""Mild Cognitive Impairment (MCI)""]",2026-05-20,False,1,listed_not_verified,not_adjudicated,not_assigned
NCT07610109,OBSERVATIONAL,RECRUITING,,"[""Cognitive Decline"", ""Aging"", ""Quality of Life""]",2026-05-27,False,1,listed_not_verified,not_adjudicated,not_assigned
NCT07614464,OBSERVATIONAL,RECRUITING,,"[""Obesity"", ""Sarcopenic Obesity""]",2026-05-29,False,1,listed_not_verified,not_adjudicated,not_assigned
NCT07614542,OBSERVATIONAL,RECRUITING,,"[""Menopause"", ""Gut Microbiome"", ""Hormonal Changes"", ""Chronic Low-Grade Inflammation"", ""Inflammaging""]",2026-05-29,False,1,listed_not_verified,not_adjudicated,not_assigned
NCT07617350,INTERVENTIONAL,COMPLETED,NA,"[""Skin Aging"", ""Facial Wrinkles"", ""Senile Skin Atrophy"", ""Lipodystrophy"", ""Facial Lipoatrophy"", ""Nasolabial Folds""]",2026-06-01,False,1,listed_not_verified,not_adjudicated,not_assigned
NCT07618468,INTERVENTIONAL,COMPLETED,NA,"[""Skin Aging"", ""Facial Wrinkles"", ""Soft Tissue Volume Loss"", ""Lipoatrophy""]",2026-06-01,False,1,listed_not_verified,not_adjudicated,not_assigned
NCT07621523,INTERVENTIONAL,RECRUITING,NA,"[""Energy Metabolism"", ""Exercise"", ""Aging""]",2026-06-02,False,1,listed_not_verified,not_adjudicated,not_assigned
NCT07621965,OBSERVATIONAL,NOT_YET_RECRUITING,,"[""Ovarian Aging"", ""Adverse Pregnancy Outcomes""]",2026-06-02,False,0,not_listed_not_absent,not_adjudicated,not_assigned
NCT07622160,INTERVENTIONAL,ACTIVE_NOT_RECRUITING,NA,"[""Skin Condition"", ""Skin Hydration"", ""Anti Skin Aging""]",2026-06-03,False,1,listed_not_verified,not_adjudicated,not_assigned
NCT07623122,INTERVENTIONAL,COMPLETED,NA,"[""Healthy Aging"", ""Frailty"", ""Cognitive Decline"", ""Olfactory Dysfunction"", ""Physical Performance Decline in Older Adults""]",2026-06-03,False,1,listed_not_verified,not_adjudicated,not_assigned
NCT07623785,INTERVENTIONAL,RECRUITING,NA,"[""Healthy Aging"", ""Brain Health"", ""Cardiometabolic Health"", ""Normal Aging"", ""Cognitive Decline Prevention in Robust Older Adults""]",2026-06-03,False,1,listed_not_verified,not_adjudicated,not_assigned
NCT07624630,OBSERVATIONAL,RECRUITING,,"[""Stroke"", ""Aging"", ""Neuro-Degenerative Disease"", ""Gait Impairment in Stroke Patients""]",2026-06-03,False,1,listed_not_verified,not_adjudicated,not_assigned
NCT07628686,INTERVENTIONAL,NOT_YET_RECRUITING,NA,"[""Age-Related Cognitive Decline""]",2026-06-05,False,1,listed_not_verified,not_adjudicated,not_assigned
NCT07629622,INTERVENTIONAL,COMPLETED,NA,"[""Aging Problems""]",2026-06-24,False,1,listed_not_verified,not_adjudicated,not_assigned
NCT07629765,INTERVENTIONAL,NOT_YET_RECRUITING,NA,"[""Osteopathic Manipulative Treatment (OMT) Effects on Cerebrospinal Fluid (CSF) Dynamics""]",2026-06-05,False,1,listed_not_verified,not_adjudicated,not_assigned
NCT07630272,INTERVENTIONAL,COMPLETED,NA,"[""Healthy""]",2026-06-05,False,1,listed_not_verified,not_adjudicated,not_assigned
NCT07632417,INTERVENTIONAL,COMPLETED,NA,"[""Sarcopenia"", ""Healthy Aging""]",2026-09-15,False,1,listed_not_verified,not_adjudicated,not_assigned
NCT07633093,INTERVENTIONAL,COMPLETED,NA,"[""Aging"", ""Walking"", ""Physical Function"", ""Mobility Limitation""]",2026-08-18,False,1,listed_not_verified,not_adjudicated,not_assigned
NCT07636369,INTERVENTIONAL,NOT_YET_RECRUITING,NA,"[""Anorexia of Aging"", ""Malnutrition or Risk of Malnutrition""]",2026-06-09,False,1,listed_not_verified,not_adjudicated,not_assigned
NCT07636512,INTERVENTIONAL,RECRUITING,NA,"[""Skin Aging""]",2026-06-09,False,1,listed_not_verified,not_adjudicated,not_assigned
NCT07639203,INTERVENTIONAL,RECRUITING,NA,"[""Aging and Cognitive Health"", ""Healty""]",2026-07-10,False,1,listed_not_verified,not_adjudicated,not_assigned
NCT07642869,INTERVENTIONAL,RECRUITING,NA,"[""Healthy Aging"", ""Multivitamin and Mineral Supplementation""]",2026-06-15,False,1,listed_not_verified,not_adjudicated,not_assigned
NCT07643675,INTERVENTIONAL,COMPLETED,NA,"[""Older Adults With Cognitive Decline"", ""Insulin Resistance Syndrome"", ""Aging""]",2026-06-15,False,1,listed_not_verified,not_adjudicated,not_assigned
NCT07644962,OBSERVATIONAL,NOT_YET_RECRUITING,,"[""Infectious Diseases"", ""Immunosenescence"", ""Aging""]",2026-06-12,False,0,not_listed_not_absent,not_adjudicated,not_assigned
NCT07646782,OBSERVATIONAL,RECRUITING,,"[""Aging"", ""Mortality"", ""All-cause Mortality"", ""Life Expectancy"", ""Cardiovascular Diseases"", ""Neoplasms"", ""Cognitive Dysfunction"", ""Metabolic Syndrome"", ""Frailty"", ""Musculoskeletal Disease"", ""Neurodegenerative Disease"", ""Dementia"", ""Activities of Daily Living"", ""Health Related Quality of Life"", ""Environmental Exposure"", ""Occupational Diseases"", ""Health Equity"", ""Social Determinants of Health"", ""Physical Disability""]",2026-09-08,False,1,listed_not_verified,not_adjudicated,not_assigned
NCT07646886,INTERVENTIONAL,NOT_YET_RECRUITING,PHASE4,"[""Facial Aging"", ""Melomental Folds"", ""Oral Commissure Ptosis""]",2026-07-07,False,0,not_listed_not_absent,not_adjudicated,not_assigned
NCT07648498,INTERVENTIONAL,RECRUITING,NA,"[""Hypertension"", ""Elevated Blood Pressure""]",2026-10-07,False,2,listed_not_verified,not_adjudicated,not_assigned
NCT07650188,INTERVENTIONAL,RECRUITING,NA,"[""Primary Progressive Aphasia""]",2026-06-16,False,1,listed_not_verified,not_adjudicated,not_assigned
NCT07650292,INTERVENTIONAL,COMPLETED,NA,"[""Conditions or Focus of Study: Cognitive Function Loneliness Aging Physical Activity""]",2026-06-16,False,1,listed_not_verified,not_adjudicated,not_assigned
NCT07651527,INTERVENTIONAL,NOT_YET_RECRUITING,NA,"[""Aging"", ""Aging Disorder"", ""Aging, Healthy""]",2026-06-16,False,1,listed_not_verified,not_adjudicated,not_assigned
NCT07651787,INTERVENTIONAL,RECRUITING,NA,"[""Mild Cognitive Impairment (MCI)"", ""Amyloid Pathology""]",2026-06-16,False,1,listed_not_verified,not_adjudicated,not_assigned
NCT07653269,OBSERVATIONAL,RECRUITING,,"[""Age Related Macular Degeneration""]",2026-06-18,False,2,listed_not_verified,not_adjudicated,not_assigned
NCT07654088,INTERVENTIONAL,NOT_YET_RECRUITING,NA,"[""Deglutition Disorders"", ""Dysphagia""]",2026-09-23,False,1,listed_not_verified,not_adjudicated,not_assigned
NCT07654335,INTERVENTIONAL,NOT_YET_RECRUITING,NA,"[""Stroke"", ""Aging""]",2026-06-24,False,1,listed_not_verified,not_adjudicated,not_assigned
NCT07656519,INTERVENTIONAL,RECRUITING,NA,"[""Body Temperature Changes"", ""Heat Stress"", ""Heat Exposure"", ""Heat Fatigue"", ""Work Related Stress"", ""Physiological Stress""]",2026-10-05,False,1,listed_not_verified,not_adjudicated,not_assigned
NCT07656675,INTERVENTIONAL,NOT_YET_RECRUITING,NA,"[""Stroke""]",2026-09-23,False,0,not_listed_not_absent,not_adjudicated,not_assigned
NCT07657936,INTERVENTIONAL,COMPLETED,NA,"[""Eye Fatigue""]",2026-06-18,False,1,listed_not_verified,not_adjudicated,not_assigned
NCT07659834,INTERVENTIONAL,ACTIVE_NOT_RECRUITING,NA,"[""Healthy Adult"", ""Longevity""]",2026-06-22,False,1,listed_not_verified,not_adjudicated,not_assigned
NCT07660601,INTERVENTIONAL,RECRUITING,EARLY_PHASE1,"[""Aging""]",2026-06-22,False,1,listed_not_verified,not_adjudicated,not_assigned
NCT07660887,OBSERVATIONAL,NOT_YET_RECRUITING,,"[""Olfactory Dysfunction""]",2026-06-22,False,1,listed_not_verified,not_adjudicated,not_assigned
NCT07661004,INTERVENTIONAL,NOT_YET_RECRUITING,NA,"[""Photodamage of the Face"", ""Anti Aging""]",2026-06-22,False,1,listed_not_verified,not_adjudicated,not_assigned
NCT07661355,INTERVENTIONAL,RECRUITING,NA,"[""Care Transition""]",2026-09-21,False,4,listed_not_verified,not_adjudicated,not_assigned
NCT07664280,INTERVENTIONAL,RECRUITING,NA,"[""Facial Aging"", ""Wrinkles"", ""Skin Aging""]",2026-06-24,False,1,listed_not_verified,not_adjudicated,not_assigned
NCT07664462,INTERVENTIONAL,RECRUITING,NA,"[""Body Temperature Changes"", ""Heat Stress"", ""Heat Exposure"", ""Heat Fatigue"", ""Hypoxia, Altitude"", ""Work Related Stress"", ""Physiological Stress""]",2026-07-14,False,1,listed_not_verified,not_adjudicated,not_assigned
NCT07667985,OBSERVATIONAL,COMPLETED,,"[""Cognitive Reserve"", ""Aging"", ""Mental Fatigue"", ""Fatigue"", ""Recovery of Function""]",2026-09-15,False,1,listed_not_verified,not_adjudicated,not_assigned
NCT07669168,INTERVENTIONAL,RECRUITING,NA,"[""Health Services Accessibility"", ""Rural Health"", ""Medically Underserved Area"", ""Preventive Health Services"", ""Patient Participation"", ""Health Behavior"", ""Aging"", ""Cardiovascular Diseases"", ""Metabolic Syndrome"", ""Cognitive Dysfunction"", ""Frailty"", ""Activities of Daily Living"", ""Health Related Quality of Life"", ""Health Equity"", ""Telemedicine""]",2026-09-08,False,1,listed_not_verified,not_adjudicated,not_assigned
NCT07670208,INTERVENTIONAL,COMPLETED,NA,"[""Active Aging Individuals Aged 60 and Over""]",2026-06-26,False,1,listed_not_verified,not_adjudicated,not_assigned
NCT07671027,INTERVENTIONAL,NOT_YET_RECRUITING,EARLY_PHASE1,"[""Skin Aging"", ""Wrinkles in Decolletage"", ""Wrinkles in Left Knee"", ""Left Knee Skin Laxity"", ""Décolleté Wrinkles""]",2026-06-26,False,0,not_listed_not_absent,not_adjudicated,not_assigned
NCT07672834,INTERVENTIONAL,RECRUITING,NA,"[""Ageing""]",2026-07-01,False,1,listed_not_verified,not_adjudicated,not_assigned
NCT07674680,INTERVENTIONAL,RECRUITING,EARLY_PHASE1,"[""Women"", ""Aging"", ""Menopause""]",2026-09-10,False,1,listed_not_verified,not_adjudicated,not_assigned
NCT07675200,INTERVENTIONAL,RECRUITING,NA,"[""Autophagy"", ""Healthy Aging""]",2026-06-30,False,1,listed_not_verified,not_adjudicated,not_assigned
NCT07676435,INTERVENTIONAL,RECRUITING,PHASE2,"[""Age-Related Lung Function Decline""]",2026-07-01,False,1,listed_not_verified,not_adjudicated,not_assigned
NCT07678346,INTERVENTIONAL,NOT_YET_RECRUITING,NA,"[""Systemic Inflammation (hsCRP)"", ""Healthy Aging"", ""Vitality"", ""Healthy Adult Participants""]",2026-07-01,False,1,listed_not_verified,not_adjudicated,not_assigned
NCT07678528,INTERVENTIONAL,NOT_YET_RECRUITING,NA,"[""Aging Disorder""]",2026-07-01,False,1,listed_not_verified,not_adjudicated,not_assigned
NCT07681986,INTERVENTIONAL,NOT_YET_RECRUITING,NA,"[""Aging""]",2026-07-02,False,1,listed_not_verified,not_adjudicated,not_assigned
NCT07683286,INTERVENTIONAL,NOT_YET_RECRUITING,NA,"[""Obesity""]",2026-07-06,False,1,listed_not_verified,not_adjudicated,not_assigned
NCT07687316,INTERVENTIONAL,RECRUITING,NA,"[""Seniors"", ""Old Age"", ""Sarcopenia""]",2026-07-08,False,1,listed_not_verified,not_adjudicated,not_assigned
NCT07687511,INTERVENTIONAL,NOT_YET_RECRUITING,NA,"[""Non-hospitalised Men and Women Over 70 Years of Age""]",2026-07-07,False,1,listed_not_verified,not_adjudicated,not_assigned
NCT07687563,OBSERVATIONAL,ENROLLING_BY_INVITATION,,"[""Healthy Ageing"", ""Community-dwelling Older Adults""]",2026-09-11,False,1,listed_not_verified,not_adjudicated,not_assigned
NCT07689344,INTERVENTIONAL,NOT_YET_RECRUITING,NA,"[""Skin Aging"", ""Wrinkles""]",2026-07-08,False,1,listed_not_verified,not_adjudicated,not_assigned
NCT07689487,INTERVENTIONAL,COMPLETED,NA,"[""Sarcopenia in Elderly"", ""Muscle Atrophy"", ""Aging""]",2026-07-08,False,1,listed_not_verified,not_adjudicated,not_assigned
NCT07690098,INTERVENTIONAL,COMPLETED,NA,"[""Mental Disorder""]",2026-08-28,False,1,listed_not_verified,not_adjudicated,not_assigned
NCT07693582,INTERVENTIONAL,COMPLETED,NA,"[""Aging"", ""Literacy-language Intervention"", ""Literacy"", ""Older Adults (60 - 85 Years Old)""]",2026-07-09,False,1,listed_not_verified,not_adjudicated,not_assigned
NCT07693712,OBSERVATIONAL,TERMINATED,,"[""Cardiovascular Diseases"", ""Coronary Artery Disease"", ""Aging"", ""Atherosclerosis"", ""Myocardial Infarction"", ""Inflammation"", ""Heart Failure""]",2026-07-09,False,1,listed_not_verified,not_adjudicated,not_assigned
NCT07695246,INTERVENTIONAL,RECRUITING,NA,"[""Insomnia"", ""Aging"", ""Sleep Disorders""]",2026-08-21,False,1,listed_not_verified,not_adjudicated,not_assigned
NCT07695675,INTERVENTIONAL,RECRUITING,NA,"[""Prediabetes""]",2026-07-20,False,1,listed_not_verified,not_adjudicated,not_assigned
NCT07695961,INTERVENTIONAL,NOT_YET_RECRUITING,NA,"[""Nutrition"", ""Health and Wellbeing"", ""Aging"", ""Time Restricted Eating"", ""Bone Health""]",2026-07-13,False,1,listed_not_verified,not_adjudicated,not_assigned
NCT07699445,INTERVENTIONAL,RECRUITING,PHASE4,"[""Bipolar Depression Depressed Phase"", ""Obesity & Overweight""]",2026-09-11,False,1,listed_not_verified,not_adjudicated,not_assigned
NCT07700654,INTERVENTIONAL,NOT_YET_RECRUITING,NA,"[""Aging""]",2026-07-28,False,1,listed_not_verified,not_adjudicated,not_assigned
NCT07701317,INTERVENTIONAL,COMPLETED,NA,"[""Active Aging Individuals Aged 60 and Over""]",2026-07-14,False,1,listed_not_verified,not_adjudicated,not_assigned
NCT07702227,INTERVENTIONAL,ACTIVE_NOT_RECRUITING,NA,"[""Older Adults (60 - 85 Years Old)"", ""Aging"", ""Functional Capacity"", ""Heart Rate Variability (HRV)"", ""Exercise Response""]",2026-08-04,False,1,listed_not_verified,not_adjudicated,not_assigned
NCT07702695,INTERVENTIONAL,NOT_YET_RECRUITING,NA,"[""Metabolic Syndrome""]",2026-07-14,False,1,listed_not_verified,not_adjudicated,not_assigned
NCT07704385,INTERVENTIONAL,NOT_YET_RECRUITING,PHASE1|PHASE2,"[""Adults""]",2026-07-15,False,0,not_listed_not_absent,not_adjudicated,not_assigned
NCT07705997,OBSERVATIONAL,NOT_YET_RECRUITING,,"[""Acute Myocardial Infarction (AMI)""]",2026-07-15,False,1,listed_not_verified,not_adjudicated,not_assigned
NCT07707297,OBSERVATIONAL,RECRUITING,,"[""Aging"", ""Cellular Senescence"", ""Biomarkers / Blood"", ""Age-Related Diseases"", ""Frailty""]",2026-07-16,False,1,listed_not_verified,not_adjudicated,not_assigned
NCT07707778,INTERVENTIONAL,ENROLLING_BY_INVITATION,PHASE4,"[""Human Immunodeficiency Virus (HIV)"", ""Metabolic Dysfunction Associated Steatotic Liver Disease"", ""Dyslipidaemia"", ""Diabetes Mellitus"", ""Obesity & Overweight"", ""Metabolic Syndrome""]",2026-07-20,False,1,listed_not_verified,not_adjudicated,not_assigned
NCT07708844,INTERVENTIONAL,RECRUITING,NA,"[""Loneliness""]",2026-07-17,False,1,listed_not_verified,not_adjudicated,not_assigned
NCT07710339,INTERVENTIONAL,NOT_YET_RECRUITING,NA,"[""Physical Activity"", ""Cognition"", ""Aging""]",2026-07-17,False,1,listed_not_verified,not_adjudicated,not_assigned
NCT07711899,INTERVENTIONAL,NOT_YET_RECRUITING,NA,"[""Obesity (BMI>30)"", ""Metabolically Healthy Obesity"", ""Metabolically Unhealty Obese""]",2026-07-20,False,0,not_listed_not_absent,not_adjudicated,not_assigned
NCT07714148,INTERVENTIONAL,COMPLETED,NA,"[""Aging"", ""Cognitive Performance"", ""Psychomotor Performance"", ""Exercise"", ""Functional Performance""]",2026-07-21,False,1,listed_not_verified,not_adjudicated,not_assigned
NCT07716839,INTERVENTIONAL,COMPLETED,NA,"[""Aging"", ""Sarcopenia"", ""Malnutrition Elderly""]",2026-09-02,False,1,listed_not_verified,not_adjudicated,not_assigned
NCT07718347,INTERVENTIONAL,RECRUITING,NA,"[""Immediate Post-Treatment Care"", ""Aging Mid-Face"", ""Aging""]",2026-07-21,False,2,listed_not_verified,not_adjudicated,not_assigned
NCT07719049,OBSERVATIONAL,RECRUITING,,"[""Aging"", ""Facial Aging""]",2026-08-17,False,1,listed_not_verified,not_adjudicated,not_assigned
NCT07719088,INTERVENTIONAL,NOT_YET_RECRUITING,PHASE1,"[""Aging"", ""Longevity"", ""Biomarkers of Aging""]",2026-08-17,False,1,listed_not_verified,not_adjudicated,not_assigned
NCT07721467,INTERVENTIONAL,RECRUITING,PHASE2,"[""Alzheimer's Disease""]",2026-10-09,False,1,listed_not_verified,not_adjudicated,not_assigned
NCT07722351,INTERVENTIONAL,COMPLETED,NA,"[""Skin Aging"", ""Hyperpigmentation""]",2026-07-23,False,1,listed_not_verified,not_adjudicated,not_assigned
NCT07722403,INTERVENTIONAL,NOT_YET_RECRUITING,NA,"[""Blood Flow Restriction Exercise"", ""Aging""]",2026-07-23,False,1,listed_not_verified,not_adjudicated,not_assigned
NCT07722598,INTERVENTIONAL,NOT_YET_RECRUITING,NA,"[""Aging"", ""Noninvasive Brain Stimulation"", ""Memory""]",2026-07-23,False,0,not_listed_not_absent,not_adjudicated,not_assigned
NCT07723339,INTERVENTIONAL,ENROLLING_BY_INVITATION,NA,"[""Aging"", ""Cellular Senescence"", ""Biomarkers / Blood"", ""Exercise"", ""Frailty""]",2026-09-01,False,1,listed_not_verified,not_adjudicated,not_assigned
NCT07726498,OBSERVATIONAL,NOT_YET_RECRUITING,,"[""Sarcopenia"", ""Aging"", ""Muscle Weakness or Atrophy"", ""Frailty""]",2026-07-24,False,1,listed_not_verified,not_adjudicated,not_assigned
NCT07726758,INTERVENTIONAL,RECRUITING,NA,"[""Sarcopenia""]",2026-07-24,False,1,listed_not_verified,not_adjudicated,not_assigned
NCT07727369,INTERVENTIONAL,NOT_YET_RECRUITING,NA,"[""Aging"", ""Visual Perception"", ""Cognition""]",2026-07-27,False,1,listed_not_verified,not_adjudicated,not_assigned
NCT07727577,INTERVENTIONAL,NOT_YET_RECRUITING,NA,"[""Healthy Aging"", ""Cognitive Benefits"", ""Cardio Respiratory Fitness"", ""Brain Activity""]",2026-08-12,False,1,listed_not_verified,not_adjudicated,not_assigned
NCT07727772,OBSERVATIONAL,NOT_YET_RECRUITING,,"[""Acute Kidney Injury Cardiac Surgery"", ""Postoperative Complications"", ""Vascular Aging""]",2026-07-27,False,1,listed_not_verified,not_adjudicated,not_assigned
NCT07728786,OBSERVATIONAL,NOT_YET_RECRUITING,,"[""Exercise Environment and Cognitive Performance in Older Adults""]",2026-07-27,False,0,not_listed_not_absent,not_adjudicated,not_assigned
NCT07731451,INTERVENTIONAL,NOT_YET_RECRUITING,EARLY_PHASE1,"[""Aging Well"", ""Aging""]",2026-07-28,False,1,listed_not_verified,not_adjudicated,not_assigned
NCT07731529,INTERVENTIONAL,ENROLLING_BY_INVITATION,NA,"[""Frailty"", ""Aging"", ""Cognitive Decline""]",2026-09-03,False,2,listed_not_verified,not_adjudicated,not_assigned
NCT07732530,INTERVENTIONAL,RECRUITING,NA,"[""Frailty"", ""Sleep Quality"", ""Aging""]",2026-08-07,False,1,listed_not_verified,not_adjudicated,not_assigned
NCT07734246,INTERVENTIONAL,NOT_YET_RECRUITING,NA,"[""Aging Disorder""]",2026-07-29,False,0,not_listed_not_absent,not_adjudicated,not_assigned
NCT07735013,OBSERVATIONAL,NOT_YET_RECRUITING,,"[""Mild Cognitive Impairment (MCI)"", ""Healthy Aging"", ""Nutrition""]",2026-07-29,False,0,not_listed_not_absent,not_adjudicated,not_assigned
NCT07735351,INTERVENTIONAL,NOT_YET_RECRUITING,NA,"[""Healthy Aging"", ""Elderly (People Aged 65 or More)""]",2026-08-19,False,1,listed_not_verified,not_adjudicated,not_assigned
NCT07736040,INTERVENTIONAL,NOT_YET_RECRUITING,NA,"[""Type 2 Diabetes""]",2026-07-30,False,0,not_listed_not_absent,not_adjudicated,not_assigned
NCT07736222,INTERVENTIONAL,RECRUITING,NA,"[""Arterial Stiffness"", ""Oral Health"", ""Mastication"", ""Deglutition"", ""Vascular Aging"", ""Cardiovascular Risk""]",2026-07-30,False,1,listed_not_verified,not_adjudicated,not_assigned
NCT07737639,OBSERVATIONAL,COMPLETED,,"[""Facial Aging""]",2026-07-30,False,1,listed_not_verified,not_adjudicated,not_assigned
NCT07737782,OBSERVATIONAL,NOT_YET_RECRUITING,,"[""Vulvar Atrophy"", ""Vulvovaginal Signs and Symptoms"", ""Genitourinary Syndrome of Menopause (GSM)"", ""Quality of Life"", ""Menopause Related Conditions"", ""Dyspareunia"", ""Urinary Incontinence, Urgency-frequency"", ""Sexual Function"", ""Women´s Health"", ""Vaginal Dryness""]",2026-07-30,False,1,listed_not_verified,not_adjudicated,not_assigned
NCT07738393,INTERVENTIONAL,NOT_YET_RECRUITING,NA,"[""Frailty"", ""Pre-Frailty""]",2026-07-31,False,1,listed_not_verified,not_adjudicated,not_assigned
NCT07739212,OBSERVATIONAL,COMPLETED,,"[""Wrinkles and Rhytides""]",2026-07-31,False,1,listed_not_verified,not_adjudicated,not_assigned
NCT07740005,INTERVENTIONAL,COMPLETED,NA,"[""Active Aging Individuals Aged 60 and Over"", ""Existential Distress""]",2026-07-31,False,1,listed_not_verified,not_adjudicated,not_assigned
NCT07740824,INTERVENTIONAL,RECRUITING,NA,"[""Skin Aging""]",2026-09-22,False,1,listed_not_verified,not_adjudicated,not_assigned
NCT07741994,INTERVENTIONAL,NOT_YET_RECRUITING,NA,"[""Aging"", ""Fall"", ""Fall Accident""]",2026-08-05,False,0,not_listed_not_absent,not_adjudicated,not_assigned
NCT07742137,INTERVENTIONAL,COMPLETED,NA,"[""Psychological Well Being"", ""Healthy Volunteers"", ""Aging"", ""Long-Term Care""]",2026-08-03,False,1,listed_not_verified,not_adjudicated,not_assigned
NCT07742397,OBSERVATIONAL,RECRUITING,,"[""Aging"", ""Asymmetry"", ""Fall Risk Factors"", ""Fall Prevention""]",2026-08-03,False,1,listed_not_verified,not_adjudicated,not_assigned
NCT07744464,INTERVENTIONAL,ACTIVE_NOT_RECRUITING,NA,"[""Facial Aging"", ""Skin Aging"", ""Facial Volume Loss"", ""Facial Rhytides"", ""Nasolabial Fold"", ""Lip Deformity"", ""Jawline Contour Deformity"", ""Chin Deformity""]",2026-08-04,False,1,listed_not_verified,not_adjudicated,not_assigned
NCT07746076,INTERVENTIONAL,NOT_YET_RECRUITING,NA,"[""Skin Aging"", ""Skin Hydration"", ""Skin Elasticity"", ""Fine Lines and Wrinkles"", ""Hair Health"", ""Nail Health""]",2026-08-04,False,0,not_listed_not_absent,not_adjudicated,not_assigned
NCT07747610,INTERVENTIONAL,COMPLETED,NA,"[""Dementia Risk Cognitive Decline Cognitive Impairment Healthy Cognitive Aging""]",2026-08-05,False,1,listed_not_verified,not_adjudicated,not_assigned
NCT07750002,INTERVENTIONAL,RECRUITING,NA,"[""Healthy Aging"", ""Skin Aging"", ""Oxidative Stress""]",2026-08-06,False,1,listed_not_verified,not_adjudicated,not_assigned
NCT07753421,OBSERVATIONAL,ENROLLING_BY_INVITATION,,"[""Geriatrics"", ""Older Adults (60 - 85 Years Old)"", ""Aging""]",2026-08-07,False,1,listed_not_verified,not_adjudicated,not_assigned
NCT07757347,INTERVENTIONAL,RECRUITING,NA,"[""Intestinal Permeability"", ""Immune Response""]",2026-08-11,False,1,listed_not_verified,not_adjudicated,not_assigned
NCT07757620,OBSERVATIONAL,NOT_YET_RECRUITING,,"[""Long COVID-19 Syndrome"", ""Long COVID Symptoms""]",2026-08-11,False,3,listed_not_verified,not_adjudicated,not_assigned
NCT07760506,INTERVENTIONAL,RECRUITING,NA,"[""Healthy Aging"", ""Inflammaging"", ""Metabolic Health"", ""Quercetin"", ""Coenzyme Q10""]",2026-09-17,False,1,listed_not_verified,not_adjudicated,not_assigned
NCT07760532,OBSERVATIONAL,NOT_YET_RECRUITING,,"[""Facial Skin Aging"", ""Facial Volume Loss"", ""Wrinkle Appearance""]",2026-08-12,False,1,listed_not_verified,not_adjudicated,not_assigned
NCT07760753,OBSERVATIONAL,COMPLETED,,"[""Body Water"", ""Aging""]",2026-09-17,False,1,listed_not_verified,not_adjudicated,not_assigned
NCT07761819,INTERVENTIONAL,NOT_YET_RECRUITING,NA,"[""HIV - Human Immunodeficiency Virus""]",2026-08-12,False,1,listed_not_verified,not_adjudicated,not_assigned
NCT07765303,OBSERVATIONAL,RECRUITING,,"[""Skin Ageing"", ""Skin""]",2026-08-14,False,11,listed_not_verified,not_adjudicated,not_assigned
NCT07766954,INTERVENTIONAL,ENROLLING_BY_INVITATION,PHASE1,"[""Older Adults (60 - 85 Years Old)""]",2026-08-17,False,1,listed_not_verified,not_adjudicated,not_assigned
NCT07767136,INTERVENTIONAL,COMPLETED,NA,"[""Physical Activity"", ""Physical Function"", ""Healthy Aging""]",2026-08-17,False,1,listed_not_verified,not_adjudicated,not_assigned
NCT07772336,INTERVENTIONAL,NOT_YET_RECRUITING,NA,"[""Frailty"", ""Aging"", ""Mitochondria Health"", ""Skin Aging"", ""Mitochondrial Dysfunction""]",2026-08-19,False,0,not_listed_not_absent,not_adjudicated,not_assigned
NCT07772765,INTERVENTIONAL,RECRUITING,NA,"[""Music Listening"", ""Auditory Processing"", ""Attention""]",2026-10-07,False,1,listed_not_verified,not_adjudicated,not_assigned
NCT07774000,INTERVENTIONAL,RECRUITING,NA,"[""Skin Aging on Face"", ""Skin Care Dermocosmetics"", ""Skin Care"", ""Fine Lines and Wrinkles""]",2026-08-21,False,1,listed_not_verified,not_adjudicated,not_assigned
NCT07774117,INTERVENTIONAL,COMPLETED,NA,"[""Skin Aging"", ""Hair and Scalp Health"", ""Hair Loss""]",2026-10-08,False,1,listed_not_verified,not_adjudicated,not_assigned
NCT07774260,INTERVENTIONAL,NOT_YET_RECRUITING,NA,"[""Efficacy Validation of Deep Microspicule Cream for Anti-aging and Whitening on Mature Skin""]",2026-08-19,False,1,listed_not_verified,not_adjudicated,not_assigned
NCT07774546,INTERVENTIONAL,NOT_YET_RECRUITING,NA,"[""Healthy Aging"", ""Middle-aged and Older Adults""]",2026-08-19,False,1,listed_not_verified,not_adjudicated,not_assigned
NCT07775196,INTERVENTIONAL,NOT_YET_RECRUITING,NA,"[""Aging and Exercise Impacts on Glymphatic Function""]",2026-10-05,False,0,not_listed_not_absent,not_adjudicated,not_assigned
NCT07776184,INTERVENTIONAL,ACTIVE_NOT_RECRUITING,NA,"[""Delirium in Old Age"", ""Delirium in the Intensive Care Unit"", ""Delirium Confusional State"", ""Delirium"", ""Cardiac Intensive Care Unit"", ""Frailty in Older Adults"", ""Acute Coronary Syndromes (ACS)""]",2026-08-21,False,1,listed_not_verified,not_adjudicated,not_assigned
NCT07776951,INTERVENTIONAL,RECRUITING,NA,"[""Breast Cancer""]",2026-08-20,False,2,listed_not_verified,not_adjudicated,not_assigned
NCT07777471,INTERVENTIONAL,NOT_YET_RECRUITING,NA,"[""Acute Myeloid Leukemia (AML)""]",2026-08-21,False,1,listed_not_verified,not_adjudicated,not_assigned
NCT07780552,OBSERVATIONAL,NOT_YET_RECRUITING,,"[""Clonal Hematopoiesis"", ""Clonal Hematopoiesis of Indeterminate Potential"", ""Clonal Cytopenia of Undetermined Significance (CCUS)"", ""Myelodysplastic Syndrome"", ""Cardiovascular Disease"", ""Myocardial Infarction (MI)"", ""ST-elevation Myocardial Infarction (STEMI)""]",2026-09-21,False,1,listed_not_verified,not_adjudicated,not_assigned
NCT07780799,INTERVENTIONAL,ACTIVE_NOT_RECRUITING,NA,"[""Aging"", ""Dry Skin""]",2026-08-24,False,1,listed_not_verified,not_adjudicated,not_assigned
NCT07784205,INTERVENTIONAL,COMPLETED,NA,"[""Healthy Aging"", ""Exercise Therapy"", ""Resistance Training"", ""Hydrotherapy"", ""Swimming"", ""Muscle Strength"", ""Aged"", ""Accidental Falls"", ""Risk Reduction Behavior""]",2026-08-27,False,1,listed_not_verified,not_adjudicated,not_assigned
NCT07784400,OBSERVATIONAL,NOT_YET_RECRUITING,,"[""Autoimmune Diseases"", ""Menopause""]",2026-08-25,False,1,listed_not_verified,not_adjudicated,not_assigned
NCT07786467,INTERVENTIONAL,RECRUITING,NA,"[""No Disease or Condition is Being Directly Studied"", ""The Focus of the Study in Healthy Volunteers""]",2026-09-23,False,1,listed_not_verified,not_adjudicated,not_assigned
NCT07789080,INTERVENTIONAL,RECRUITING,NA,"[""Loneliness"", ""Social Isolation in Older Adults"", ""Physical Inactivity"", ""Healthy Ageing""]",2026-08-27,False,1,listed_not_verified,not_adjudicated,not_assigned
NCT07790237,INTERVENTIONAL,RECRUITING,NA,"[""Healthy Adult Females""]",2026-09-18,False,1,listed_not_verified,not_adjudicated,not_assigned
NCT07790263,INTERVENTIONAL,COMPLETED,NA,"[""Aging"", ""Autonomic Nervous System"", ""Hemodynamics""]",2026-08-27,False,1,listed_not_verified,not_adjudicated,not_assigned
NCT07792356,INTERVENTIONAL,NOT_YET_RECRUITING,NA,"[""Aging"", ""Loneliness""]",2026-08-28,False,1,listed_not_verified,not_adjudicated,not_assigned
NCT07792447,INTERVENTIONAL,NOT_YET_RECRUITING,NA,"[""Facial Skin Aging and Wrinkle Severity""]",2026-08-28,False,0,not_listed_not_absent,not_adjudicated,not_assigned
NCT07792460,INTERVENTIONAL,NOT_YET_RECRUITING,NA,"[""Facail Skin Aging""]",2026-08-28,False,1,listed_not_verified,not_adjudicated,not_assigned
NCT07794956,INTERVENTIONAL,RECRUITING,EARLY_PHASE1,"[""Mild Cognitive Impairment (MCI)"", ""Cognition"", ""Brain Aging"", ""Microbiome Dysbiosis"", ""Leaky Gut Syndrome"", ""Gut Inflammation"", ""Inflammaging""]",2026-08-31,False,1,listed_not_verified,not_adjudicated,not_assigned
NCT07799103,INTERVENTIONAL,COMPLETED,NA,"[""Age Over 50 Years""]",2026-09-02,False,1,listed_not_verified,not_adjudicated,not_assigned
NCT07799402,OBSERVATIONAL,RECRUITING,,"[""Mild Cognitive Impairment"", ""Alzheimer Disease (AD)"", ""Dementia""]",2026-09-21,False,1,listed_not_verified,not_adjudicated,not_assigned
NCT07808619,OBSERVATIONAL,RECRUITING,,"[""Aging"", ""Mortality"", ""Cardiovascular Disease Prevention"", ""Metabolic Syndrome"", ""Cognitive Dysfunction"", ""Frailty"", ""Musculoskeletal Diseases"", ""Activities of Daily Living"", ""Physical Disability"", ""Preventive Health Services"", ""Health Services Accessibility"", ""Diagnostic Techniques and Procedures""]",2026-09-09,False,1,listed_not_verified,not_adjudicated,not_assigned
NCT07812792,INTERVENTIONAL,NOT_YET_RECRUITING,PHASE2,"[""Red Blood Cell Health"", ""Biological Aging"", ""Healthy Aging""]",2026-10-05,False,1,listed_not_verified,not_adjudicated,not_assigned
NCT07814118,OBSERVATIONAL,ENROLLING_BY_INVITATION,,"[""Heart Failure"", ""Cardiomyopathies"", ""Pulmonary Hypertension"", ""Myocarditis; Acute or Subacute"", ""Myocarditis Due to Drug"", ""Myocarditis Viral"", ""Pericardial Diseases"", ""Valvular Heart Diseases"", ""Hypertension"", ""Sepsis"", ""Acute Kidney Injury"", ""Pulmonary Edema - Acute"", ""Pulmonary Edema With Heart Failure"", ""Pulmonary Edemas"", ""Acute Respiratory Distress Syndrome"", ""Pulmonary Embolism Acute"", ""Pulmonary Embolism (Diagnosis)"", ""Pulmonary Embolism Acute Massive"", ""Pulmonary Embolism Subacute Massive"", ""Venous Thrombosis Pulmonary"", ""Venous Thrombosis (Disorder)"", ""Venous Thrombosis, Deep"", ""Peripheral Arterial Disease"", ""Peripheral Arterial Disease (PAD)"", ""Aortic Diseases"", ""Muskuloskeletal Diseases"", ""Brain Aging"", ""Brain Aneurysm"", ""Brain Aging Related Conditions"", ""Ultrasound"", ""Ultrasound Exams"", ""Ultrasound Guidance""]",2026-09-10,False,1,listed_not_verified,not_adjudicated,not_assigned
NCT07814235,OBSERVATIONAL,RECRUITING,,"[""Aging"", ""Epigenetic Aging"", ""Infertility"", ""Assisted Reproduction Technologies"", ""Male Fertility""]",2026-09-10,False,1,listed_not_verified,not_adjudicated,not_assigned
NCT07814313,OBSERVATIONAL,RECRUITING,,"[""Healthy Control"", ""Spinal Cord Injury""]",2026-09-10,False,1,listed_not_verified,not_adjudicated,not_assigned
NCT07817290,INTERVENTIONAL,RECRUITING,NA,"[""Prediabetes""]",2026-09-14,False,1,listed_not_verified,not_adjudicated,not_assigned
NCT07817550,OBSERVATIONAL,ENROLLING_BY_INVITATION,,"[""Acute Disease"", ""Disease Progression"", ""Critical Illness"", ""Biomarkers"", ""Aging"", ""Digital Health"", ""Wearable Electronic Devices"", ""Remote Patient Monitoring""]",2026-09-14,False,1,listed_not_verified,not_adjudicated,not_assigned
NCT07817836,OBSERVATIONAL,COMPLETED,,"[""Healthy Adult Participants""]",2026-09-14,False,1,listed_not_verified,not_adjudicated,not_assigned
NCT07820774,INTERVENTIONAL,NOT_YET_RECRUITING,NA,"[""Obesity & Overweight""]",2026-09-15,False,1,listed_not_verified,not_adjudicated,not_assigned
NCT07822932,INTERVENTIONAL,RECRUITING,NA,"[""HIV Associated Polyneuropathy""]",2026-10-06,False,1,listed_not_verified,not_adjudicated,not_assigned
NCT07825987,INTERVENTIONAL,COMPLETED,NA,"[""Healthy Ageing""]",2026-09-17,False,1,listed_not_verified,not_adjudicated,not_assigned
NCT07826793,INTERVENTIONAL,NOT_YET_RECRUITING,PHASE2,"[""Aging""]",2026-09-17,False,1,listed_not_verified,not_adjudicated,not_assigned
NCT07827651,INTERVENTIONAL,ACTIVE_NOT_RECRUITING,NA,"[""Skin Ageing"", ""Healthy Ageing"", ""Effect of Oral Nutritional Supplementation on Skin, Hair, Sleep, Energy, Cognition and Sexual Wellbeing in Healthy Adults"", ""Longevity"", ""Healthspan Improvement"", ""Cognitive Processing Speed"", ""Hair Aging"", ""Recovery"", ""Sleep"", ""Biological Ageing"", ""BIOLOGICAL CLOCKS"", ""Biological Aging Marker""]",2026-09-18,False,1,listed_not_verified,not_adjudicated,not_assigned
NCT07828886,OBSERVATIONAL,NOT_YET_RECRUITING,,"[""Inflammatory Bowel Disease (Crohn&#39;s Disease and Ulcerative Colitis)"", ""Frailty"", ""Immunosenescence""]",2026-09-22,False,0,not_listed_not_absent,not_adjudicated,not_assigned
NCT07829120,INTERVENTIONAL,RECRUITING,NA,"[""Intrinsic Capacity""]",2026-09-18,False,1,listed_not_verified,not_adjudicated,not_assigned
NCT07829172,INTERVENTIONAL,COMPLETED,NA,"[""Postural Balance"", ""Aging"", ""Frailty""]",2026-09-18,False,1,listed_not_verified,not_adjudicated,not_assigned
NCT07831174,INTERVENTIONAL,COMPLETED,NA,"[""Community-dwelling Older Adults"", ""Neurocognitive Function of Elderly Patients"", ""Functional Mobility"", ""Fall Prevention in Healthy Aging""]",2026-09-21,False,1,listed_not_verified,not_adjudicated,not_assigned
NCT07831733,INTERVENTIONAL,NOT_YET_RECRUITING,NA,"[""Appetite Loss in Aging"", ""Anorexia of Aging""]",2026-09-21,False,1,listed_not_verified,not_adjudicated,not_assigned
NCT07831759,INTERVENTIONAL,NOT_YET_RECRUITING,NA,"[""Aging"", ""Veterans"", ""Social Determinants of Health"", ""Health Disparate Minority and Vulnerable Populations""]",2026-09-21,False,4,listed_not_verified,not_adjudicated,not_assigned
NCT07832097,INTERVENTIONAL,NOT_YET_RECRUITING,NA,"[""Exercise Adherence"", ""Healthy Aging""]",2026-09-25,False,0,not_listed_not_absent,not_adjudicated,not_assigned
NCT07837219,OBSERVATIONAL,NOT_YET_RECRUITING,,"[""Acute Kidney Injury""]",2026-09-28,False,0,not_listed_not_absent,not_adjudicated,not_assigned
NCT07839052,INTERVENTIONAL,NOT_YET_RECRUITING,NA,"[""Chronic Non-Specific Low Back Pain""]",2026-09-29,False,1,listed_not_verified,not_adjudicated,not_assigned
NCT07839572,INTERVENTIONAL,RECRUITING,NA,"[""Diastasis Recti Abdominis (DRA)"", ""Aging""]",2026-09-24,False,1,listed_not_verified,not_adjudicated,not_assigned
NCT07841938,INTERVENTIONAL,NOT_YET_RECRUITING,NA,"[""Sleep Fragmentation"", ""Poor Sleep Quality""]",2026-09-25,False,2,listed_not_verified,not_adjudicated,not_assigned
NCT07842094,INTERVENTIONAL,RECRUITING,NA,"[""Fall Prevention in Healthy Aging"", ""Fall"", ""Fall Prevention Training"", ""Postural Control"", ""Postural Instability"", ""Balance Control in Elderly""]",2026-10-01,False,1,listed_not_verified,not_adjudicated,not_assigned
NCT07845851,INTERVENTIONAL,NOT_YET_RECRUITING,PHASE1,"[""Spinal Cord Injuries"", ""Aging""]",2026-09-29,False,0,not_listed_not_absent,not_adjudicated,not_assigned
NCT07848438,INTERVENTIONAL,RECRUITING,NA,"[""Menopause"", ""Menopausal Hormone Therapy"", ""Aging""]",2026-09-30,False,1,listed_not_verified,not_adjudicated,not_assigned
NCT07849205,INTERVENTIONAL,COMPLETED,NA,"[""Skin Aging"", ""Skin Quality""]",2026-09-30,False,1,listed_not_verified,not_adjudicated,not_assigned
NCT07849556,INTERVENTIONAL,COMPLETED,NA,"[""Skin Aging"", ""Facial Rhytides"", ""Skin Tone""]",2026-09-30,False,1,listed_not_verified,not_adjudicated,not_assigned
NCT07850479,INTERVENTIONAL,COMPLETED,NA,"[""Social Cognition"", ""Healthy Aging"", ""Loneliness"", ""Social Isolation"", ""Quality of Life"", ""Sex Differences""]",2026-10-06,False,1,listed_not_verified,not_adjudicated,not_assigned
NCT07850817,INTERVENTIONAL,COMPLETED,NA,"[""Facial Wrinkles"", ""Skin Aging""]",2026-09-30,False,1,listed_not_verified,not_adjudicated,not_assigned
NCT07851467,INTERVENTIONAL,COMPLETED,NA,"[""Quality of Life (QOL)"", ""Mental Wellbeing"", ""Anxiety"", ""Depression"", ""Aging""]",2026-10-01,False,1,listed_not_verified,not_adjudicated,not_assigned
NCT07852572,INTERVENTIONAL,NOT_YET_RECRUITING,NA,"[""Physical Activity and Wellbeing"", ""Whole Health""]",2026-10-08,False,1,listed_not_verified,not_adjudicated,not_assigned
NCT07852650,INTERVENTIONAL,RECRUITING,PHASE1|PHASE2,"[""Fall"", ""Mild Cognitive Impairment (MCI)"", ""Aging""]",2026-10-01,False,1,listed_not_verified,not_adjudicated,not_assigned
NCT07853027,INTERVENTIONAL,NOT_YET_RECRUITING,NA,"[""Skin Ageing""]",2026-10-01,False,0,not_listed_not_absent,not_adjudicated,not_assigned
NCT07855874,INTERVENTIONAL,RECRUITING,NA,"[""Aging"", ""Behavior""]",2026-10-02,False,1,listed_not_verified,not_adjudicated,not_assigned
NCT07856602,INTERVENTIONAL,NOT_YET_RECRUITING,PHASE1,"[""Frailty Syndrome"", ""Aging""]",2026-10-02,False,0,not_listed_not_absent,not_adjudicated,not_assigned
NCT07858292,INTERVENTIONAL,ENROLLING_BY_INVITATION,NA,"[""Healthy Aging""]",2026-10-07,False,1,listed_not_verified,not_adjudicated,not_assigned
NCT07858955,INTERVENTIONAL,ACTIVE_NOT_RECRUITING,NA,"[""Wellbeing"", ""Social Isolation in Older Adults"", ""Social Prescribing"", ""Anxiety Depression"", ""Quality of Life (QOL)""]",2026-10-05,False,1,listed_not_verified,not_adjudicated,not_assigned
NCT07859072,INTERVENTIONAL,NOT_YET_RECRUITING,NA,"[""Overweight (BMI &gt; 25)"", ""Obesity & Overweight"", ""Aging""]",2026-10-05,False,1,listed_not_verified,not_adjudicated,not_assigned
NCT07860424,INTERVENTIONAL,NOT_YET_RECRUITING,NA,"[""Sarcopenia"", ""Physical Inactivity"", ""Menopause"", ""Healthy Aging""]",2026-10-06,False,2,listed_not_verified,not_adjudicated,not_assigned
NCT07861867,INTERVENTIONAL,NOT_YET_RECRUITING,PHASE2,"[""Brain Aging"", ""Cerebrovascular Function""]",2026-10-06,False,0,not_listed_not_absent,not_adjudicated,not_assigned
NCT07861997,INTERVENTIONAL,NOT_YET_RECRUITING,NA,"[""Frailty"", ""Frailty in Older Adults"", ""Frailty in Aging""]",2026-10-06,False,1,listed_not_verified,not_adjudicated,not_assigned
NCT07862803,INTERVENTIONAL,COMPLETED,NA,"[""Suicidal Ideation"", ""Mental Health"", ""Depression"", ""Geriatric Psychiatry"", ""Aging""]",2026-10-07,False,1,listed_not_verified,not_adjudicated,not_assigned
NCT07864831,INTERVENTIONAL,COMPLETED,NA,"[""Frailty"", ""Aging"", ""Physical Functional Performance"", ""Postural Balance""]",2026-10-08,False,1,listed_not_verified,not_adjudicated,not_assigned
NCT07866781,INTERVENTIONAL,COMPLETED,NA,"[""Frailty at Older Adults"", ""Mastication"", ""Physical Functional Performance"", ""Aging"", ""Deglutition""]",2026-10-08,False,1,listed_not_verified,not_adjudicated,not_assigned
NCT07868575,INTERVENTIONAL,NOT_YET_RECRUITING,NA,"[""Healthy Aging"", ""Health Promotion""]",2026-10-09,False,0,not_listed_not_absent,not_adjudicated,not_assigned
NCT07868744,INTERVENTIONAL,ACTIVE_NOT_RECRUITING,NA,"[""Evaluating the Clinical Efficacy of Applying Ultraviolet Photofunctionalization (UV phF) to Standard Titanium Implants Immediately Before Surgery"", ""Monitoring Early Implant Stability and Osseointegration During the Critical Initial Healing Phase"", ""Determining the Feasibility and Success Rate of an Accelerated \""Early Loading\"" Protocol"", ""Assessing the Survival Rate of the Implants, Along With the Peri-implant Soft Tissue Response and Marginal Bone Preservation""]",2026-10-09,False,1,listed_not_verified,not_adjudicated,not_assigned
